ds4: qwen35moe routed experts per token: 20 (model default 8; extra experts at full influence, decay disabled)
ds4: qwen35moe expert threshold: keep experts while p >= 0.80 x p(rank 10) (experts 5-20 per token)
ds4: Metal device Apple M4 Pro, 48.00 GiB RAM
ds4: Metal 4 tensor API disabled for pre-M5/pre-A19 devices
ds4: drift-patch flags hc_stable=on norm_unify=on kv_raw_f32=off rope_exp2_log2=off math_safe=off tensor_matmul=off
ds4: Metal model views created in 0.937 ms, residency requested in 262.459 ms, warmup 2.641 ms (mapped 30358.12 MiB from offset 10.48 MiB)
ds4: Metal mapped mmaped model as 2 overlapping shared buffers
ds4: metal backend initialized for graph diagnostics
ds4: memory: KV 0.17 GiB (raw 0.17 + compressed 0.00) + buffers 0.00 GiB + resident model 29.65 GiB = 29.81 GiB planned
ds4: memory detail: ctx=32768 prefill_cap=4096 raw_kv_rows=4352 compressed_kv_rows=3 backend=metal
0824 03:53:47 ds4-server: context buffers 170.10 MiB (ctx=32768, backend=metal, prefill_chunk=4096, raw_kv_rows=4352, compressed_kv_rows=3)
0824 03:53:47 ds4-server: listening on http://127.0.0.1:8000
0824 03:53:55 ds4-server: chat ctx=0..292:292 prompt start
0824 03:53:56 ds4-server: chat ctx=0..292:292 prefill chunk 1/292 (0.3%) chunk=0.00 t/s avg=2.89 t/s 0.346s
0824 03:53:56 ds4-server: chat ctx=0..292:292 prefill chunk 2/292 (0.7%) chunk=19.14 t/s avg=5.02 t/s 0.398s
0824 03:53:56 ds4-server: chat ctx=0..292:292 prefill chunk 3/292 (1.0%) chunk=19.43 t/s avg=6.67 t/s 0.450s
0824 03:53:56 ds4-server: chat ctx=0..292:292 prefill chunk 4/292 (1.4%) chunk=19.36 t/s avg=7.97 t/s 0.502s
0824 03:53:56 ds4-server: chat ctx=0..292:292 prefill chunk 5/292 (1.7%) chunk=19.02 t/s avg=9.02 t/s 0.554s
0824 03:53:56 ds4-server: chat ctx=0..292:292 prefill chunk 6/292 (2.1%) chunk=19.74 t/s avg=9.92 t/s 0.605s
0824 03:53:56 ds4-server: chat ctx=0..292:292 prefill chunk 7/292 (2.4%) chunk=18.77 t/s avg=10.64 t/s 0.658s
0824 03:53:56 ds4-server: chat ctx=0..292:292 prefill chunk 8/292 (2.7%) chunk=19.17 t/s avg=11.26 t/s 0.710s
0824 03:53:56 ds4-server: chat ctx=0..292:292 prefill chunk 9/292 (3.1%) chunk=19.37 t/s avg=11.81 t/s 0.762s
0824 03:53:56 ds4-server: chat ctx=0..292:292 prefill chunk 10/292 (3.4%) chunk=19.73 t/s avg=12.31 t/s 0.813s
0824 03:53:56 ds4-server: chat ctx=0..292:292 prefill chunk 11/292 (3.8%) chunk=18.93 t/s avg=12.71 t/s 0.865s
0824 03:53:56 ds4-server: chat ctx=0..292:292 prefill chunk 12/292 (4.1%) chunk=18.65 t/s avg=13.06 t/s 0.919s
0824 03:53:56 ds4-server: chat ctx=0..292:292 prefill chunk 13/292 (4.5%) chunk=19.28 t/s avg=13.39 t/s 0.971s
0824 03:53:56 ds4-server: chat ctx=0..292:292 prefill chunk 14/292 (4.8%) chunk=18.21 t/s avg=13.65 t/s 1.026s
0824 03:53:56 ds4-server: chat ctx=0..292:292 prefill chunk 15/292 (5.1%) chunk=19.08 t/s avg=13.91 t/s 1.078s
0824 03:53:56 ds4-server: chat ctx=0..292:292 prefill chunk 16/292 (5.5%) chunk=18.72 t/s avg=14.14 t/s 1.132s
0824 03:53:56 ds4-server: chat ctx=0..292:292 prefill chunk 17/292 (5.8%) chunk=18.94 t/s avg=14.35 t/s 1.184s
0824 03:53:56 ds4-server: chat ctx=0..292:292 prefill chunk 18/292 (6.2%) chunk=19.11 t/s avg=14.55 t/s 1.237s
0824 03:53:57 ds4-server: chat ctx=0..292:292 prefill chunk 19/292 (6.5%) chunk=18.13 t/s avg=14.71 t/s 1.292s
0824 03:53:57 ds4-server: chat ctx=0..292:292 prefill chunk 20/292 (6.8%) chunk=18.56 t/s avg=14.86 t/s 1.346s
0824 03:53:57 ds4-server: chat ctx=0..292:292 prefill chunk 21/292 (7.2%) chunk=18.65 t/s avg=15.01 t/s 1.399s
0824 03:53:57 ds4-server: chat ctx=0..292:292 prefill chunk 22/292 (7.5%) chunk=18.94 t/s avg=15.15 t/s 1.452s
0824 03:53:57 ds4-server: chat ctx=0..292:292 prefill chunk 23/292 (7.9%) chunk=19.70 t/s avg=15.30 t/s 1.503s
0824 03:53:57 ds4-server: chat ctx=0..292:292 prefill chunk 24/292 (8.2%) chunk=19.07 t/s avg=15.43 t/s 1.555s
0824 03:53:57 ds4-server: chat ctx=0..292:292 prefill chunk 25/292 (8.6%) chunk=19.69 t/s avg=15.56 t/s 1.606s
0824 03:53:57 ds4-server: chat ctx=0..292:292 prefill chunk 26/292 (8.9%) chunk=18.59 t/s avg=15.66 t/s 1.660s
0824 03:53:57 ds4-server: chat ctx=0..292:292 prefill chunk 27/292 (9.2%) chunk=19.37 t/s avg=15.77 t/s 1.712s
0824 03:53:57 ds4-server: chat ctx=0..292:292 prefill chunk 28/292 (9.6%) chunk=18.98 t/s avg=15.87 t/s 1.764s
0824 03:53:57 ds4-server: chat ctx=0..292:292 prefill chunk 29/292 (9.9%) chunk=18.17 t/s avg=15.94 t/s 1.819s
0824 03:53:57 ds4-server: chat ctx=0..292:292 prefill chunk 30/292 (10.3%) chunk=19.29 t/s avg=16.03 t/s 1.871s
0824 03:53:57 ds4-server: chat ctx=0..292:292 prefill chunk 31/292 (10.6%) chunk=18.18 t/s avg=16.09 t/s 1.926s
0824 03:53:57 ds4-server: chat ctx=0..292:292 prefill chunk 32/292 (11.0%) chunk=18.74 t/s avg=16.17 t/s 1.980s
0824 03:53:57 ds4-server: chat ctx=0..292:292 prefill chunk 33/292 (11.3%) chunk=18.79 t/s avg=16.23 t/s 2.033s
0824 03:53:57 ds4-server: chat ctx=0..292:292 prefill chunk 34/292 (11.6%) chunk=18.44 t/s avg=16.29 t/s 2.087s
0824 03:53:57 ds4-server: chat ctx=0..292:292 prefill chunk 35/292 (12.0%) chunk=18.73 t/s avg=16.35 t/s 2.140s
0824 03:53:57 ds4-server: chat ctx=0..292:292 prefill chunk 36/292 (12.3%) chunk=18.31 t/s avg=16.40 t/s 2.195s
0824 03:53:58 ds4-server: chat ctx=0..292:292 prefill chunk 37/292 (12.7%) chunk=17.89 t/s avg=16.44 t/s 2.251s
0824 03:53:58 ds4-server: chat ctx=0..292:292 prefill chunk 38/292 (13.0%) chunk=17.97 t/s avg=16.47 t/s 2.307s
0824 03:53:58 ds4-server: chat ctx=0..292:292 prefill chunk 39/292 (13.4%) chunk=18.10 t/s avg=16.51 t/s 2.362s
0824 03:53:58 ds4-server: chat ctx=0..292:292 prefill chunk 40/292 (13.7%) chunk=18.80 t/s avg=16.56 t/s 2.415s
0824 03:53:58 ds4-server: chat ctx=0..292:292 prefill chunk 41/292 (14.0%) chunk=18.15 t/s avg=16.60 t/s 2.470s
0824 03:53:58 ds4-server: chat ctx=0..292:292 prefill chunk 42/292 (14.4%) chunk=17.87 t/s avg=16.63 t/s 2.526s
0824 03:53:58 ds4-server: chat ctx=0..292:292 prefill chunk 43/292 (14.7%) chunk=19.25 t/s avg=16.68 t/s 2.578s
0824 03:53:58 ds4-server: chat ctx=0..292:292 prefill chunk 44/292 (15.1%) chunk=18.65 t/s avg=16.72 t/s 2.632s
0824 03:53:58 ds4-server: chat ctx=0..292:292 prefill chunk 45/292 (15.4%) chunk=18.36 t/s avg=16.75 t/s 2.686s
0824 03:53:58 ds4-server: chat ctx=0..292:292 prefill chunk 46/292 (15.8%) chunk=18.70 t/s avg=16.79 t/s 2.740s
0824 03:53:58 ds4-server: chat ctx=0..292:292 prefill chunk 47/292 (16.1%) chunk=18.06 t/s avg=16.82 t/s 2.795s
0824 03:53:58 ds4-server: chat ctx=0..292:292 prefill chunk 48/292 (16.4%) chunk=18.88 t/s avg=16.85 t/s 2.848s
0824 03:53:58 ds4-server: chat ctx=0..292:292 prefill chunk 49/292 (16.8%) chunk=18.48 t/s avg=16.89 t/s 2.902s
0824 03:53:58 ds4-server: chat ctx=0..292:292 prefill chunk 50/292 (17.1%) chunk=17.93 t/s avg=16.90 t/s 2.958s
0824 03:53:58 ds4-server: chat ctx=0..292:292 prefill chunk 51/292 (17.5%) chunk=18.60 t/s avg=16.93 t/s 3.012s
0824 03:53:58 ds4-server: chat ctx=0..292:292 prefill chunk 52/292 (17.8%) chunk=18.59 t/s avg=16.96 t/s 3.065s
0824 03:53:58 ds4-server: chat ctx=0..292:292 prefill chunk 53/292 (18.2%) chunk=19.24 t/s avg=17.00 t/s 3.117s
0824 03:53:58 ds4-server: chat ctx=0..292:292 prefill chunk 54/292 (18.5%) chunk=18.95 t/s avg=17.03 t/s 3.170s
0824 03:53:58 ds4-server: chat ctx=0..292:292 prefill chunk 55/292 (18.8%) chunk=18.37 t/s avg=17.06 t/s 3.224s
0824 03:53:59 ds4-server: chat ctx=0..292:292 prefill chunk 56/292 (19.2%) chunk=18.56 t/s avg=17.08 t/s 3.278s
0824 03:53:59 ds4-server: chat ctx=0..292:292 prefill chunk 57/292 (19.5%) chunk=18.87 t/s avg=17.11 t/s 3.331s
0824 03:53:59 ds4-server: chat ctx=0..292:292 prefill chunk 58/292 (19.9%) chunk=18.30 t/s avg=17.13 t/s 3.386s
0824 03:53:59 ds4-server: chat ctx=0..292:292 prefill chunk 59/292 (20.2%) chunk=19.83 t/s avg=17.17 t/s 3.436s
0824 03:53:59 ds4-server: chat ctx=0..292:292 prefill chunk 60/292 (20.5%) chunk=19.39 t/s avg=17.20 t/s 3.488s
0824 03:53:59 ds4-server: chat ctx=0..292:292 prefill chunk 61/292 (20.9%) chunk=19.57 t/s avg=17.24 t/s 3.539s
0824 03:53:59 ds4-server: chat ctx=0..292:292 prefill chunk 62/292 (21.2%) chunk=19.16 t/s avg=17.26 t/s 3.591s
0824 03:53:59 ds4-server: chat ctx=0..292:292 prefill chunk 63/292 (21.6%) chunk=20.13 t/s avg=17.30 t/s 3.641s
0824 03:53:59 ds4-server: chat ctx=0..292:292 prefill chunk 64/292 (21.9%) chunk=18.47 t/s avg=17.32 t/s 3.695s
0824 03:53:59 ds4-server: chat ctx=0..292:292 prefill chunk 65/292 (22.3%) chunk=19.01 t/s avg=17.34 t/s 3.748s
0824 03:53:59 ds4-server: chat ctx=0..292:292 prefill chunk 66/292 (22.6%) chunk=18.48 t/s avg=17.36 t/s 3.802s
0824 03:53:59 ds4-server: chat ctx=0..292:292 prefill chunk 67/292 (22.9%) chunk=18.22 t/s avg=17.37 t/s 3.857s
0824 03:53:59 ds4-server: chat ctx=0..292:292 prefill chunk 68/292 (23.3%) chunk=18.39 t/s avg=17.39 t/s 3.911s
0824 03:53:59 ds4-server: chat ctx=0..292:292 prefill chunk 69/292 (23.6%) chunk=18.29 t/s avg=17.40 t/s 3.966s
0824 03:53:59 ds4-server: chat ctx=0..292:292 prefill chunk 70/292 (24.0%) chunk=18.22 t/s avg=17.41 t/s 4.021s
0824 03:53:59 ds4-server: chat ctx=0..292:292 prefill chunk 71/292 (24.3%) chunk=19.02 t/s avg=17.43 t/s 4.073s
0824 03:53:59 ds4-server: chat ctx=0..292:292 prefill chunk 72/292 (24.7%) chunk=17.62 t/s avg=17.43 t/s 4.130s
0824 03:53:59 ds4-server: chat ctx=0..292:292 prefill chunk 73/292 (25.0%) chunk=19.28 t/s avg=17.46 t/s 4.182s
0824 03:53:59 ds4-server: chat ctx=0..292:292 prefill chunk 74/292 (25.3%) chunk=18.93 t/s avg=17.47 t/s 4.235s
0824 03:54:00 ds4-server: chat ctx=0..292:292 prefill chunk 75/292 (25.7%) chunk=18.30 t/s avg=17.49 t/s 4.289s
0824 03:54:00 ds4-server: chat ctx=0..292:292 prefill chunk 76/292 (26.0%) chunk=19.11 t/s avg=17.50 t/s 4.342s
0824 03:54:00 ds4-server: chat ctx=0..292:292 prefill chunk 77/292 (26.4%) chunk=18.39 t/s avg=17.52 t/s 4.396s
0824 03:54:00 ds4-server: chat ctx=0..292:292 prefill chunk 78/292 (26.7%) chunk=18.63 t/s avg=17.53 t/s 4.450s
0824 03:54:00 ds4-server: chat ctx=0..292:292 prefill chunk 79/292 (27.1%) chunk=18.69 t/s avg=17.54 t/s 4.503s
0824 03:54:00 ds4-server: chat ctx=0..292:292 prefill chunk 80/292 (27.4%) chunk=18.73 t/s avg=17.56 t/s 4.557s
0824 03:54:00 ds4-server: chat ctx=0..292:292 prefill chunk 81/292 (27.7%) chunk=19.01 t/s avg=17.57 t/s 4.609s
0824 03:54:00 ds4-server: chat ctx=0..292:292 prefill chunk 82/292 (28.1%) chunk=18.51 t/s avg=17.58 t/s 4.663s
0824 03:54:00 ds4-server: chat ctx=0..292:292 prefill chunk 83/292 (28.4%) chunk=18.93 t/s avg=17.60 t/s 4.716s
0824 03:54:00 ds4-server: chat ctx=0..292:292 prefill chunk 84/292 (28.8%) chunk=19.02 t/s avg=17.61 t/s 4.769s
0824 03:54:00 ds4-server: chat ctx=0..292:292 prefill chunk 85/292 (29.1%) chunk=18.24 t/s avg=17.62 t/s 4.824s
0824 03:54:00 ds4-server: chat ctx=0..292:292 prefill chunk 86/292 (29.5%) chunk=18.65 t/s avg=17.63 t/s 4.877s
0824 03:54:00 ds4-server: chat ctx=0..292:292 prefill chunk 87/292 (29.8%) chunk=18.34 t/s avg=17.64 t/s 4.932s
0824 03:54:00 ds4-server: chat ctx=0..292:292 prefill chunk 88/292 (30.1%) chunk=18.28 t/s avg=17.65 t/s 4.986s
0824 03:54:00 ds4-server: chat ctx=0..292:292 prefill chunk 89/292 (30.5%) chunk=18.79 t/s avg=17.66 t/s 5.040s
0824 03:54:00 ds4-server: chat ctx=0..292:292 prefill chunk 90/292 (30.8%) chunk=18.67 t/s avg=17.67 t/s 5.093s
0824 03:54:00 ds4-server: chat ctx=0..292:292 prefill chunk 91/292 (31.2%) chunk=19.60 t/s avg=17.69 t/s 5.144s
0824 03:54:00 ds4-server: chat ctx=0..292:292 prefill chunk 92/292 (31.5%) chunk=18.19 t/s avg=17.70 t/s 5.199s
0824 03:54:01 ds4-server: chat ctx=0..292:292 prefill chunk 93/292 (31.8%) chunk=18.27 t/s avg=17.70 t/s 5.254s
0824 03:54:01 ds4-server: chat ctx=0..292:292 prefill chunk 94/292 (32.2%) chunk=19.02 t/s avg=17.71 t/s 5.306s
0824 03:54:01 ds4-server: chat ctx=0..292:292 prefill chunk 95/292 (32.5%) chunk=18.61 t/s avg=17.72 t/s 5.360s
0824 03:54:01 ds4-server: chat ctx=0..292:292 prefill chunk 96/292 (32.9%) chunk=18.91 t/s avg=17.73 t/s 5.413s
0824 03:54:01 ds4-server: chat ctx=0..292:292 prefill chunk 97/292 (33.2%) chunk=17.89 t/s avg=17.74 t/s 5.469s
0824 03:54:01 ds4-server: chat ctx=0..292:292 prefill chunk 98/292 (33.6%) chunk=18.07 t/s avg=17.74 t/s 5.524s
0824 03:54:01 ds4-server: chat ctx=0..292:292 prefill chunk 99/292 (33.9%) chunk=18.88 t/s avg=17.75 t/s 5.577s
0824 03:54:01 ds4-server: chat ctx=0..292:292 prefill chunk 100/292 (34.2%) chunk=17.51 t/s avg=17.75 t/s 5.634s
0824 03:54:01 ds4-server: chat ctx=0..292:292 prefill chunk 101/292 (34.6%) chunk=18.33 t/s avg=17.75 t/s 5.689s
0824 03:54:01 ds4-server: chat ctx=0..292:292 prefill chunk 102/292 (34.9%) chunk=18.62 t/s avg=17.76 t/s 5.743s
0824 03:54:01 ds4-server: chat ctx=0..292:292 prefill chunk 103/292 (35.3%) chunk=17.89 t/s avg=17.76 t/s 5.799s
0824 03:54:01 ds4-server: chat ctx=0..292:292 prefill chunk 104/292 (35.6%) chunk=18.25 t/s avg=17.77 t/s 5.853s
0824 03:54:01 ds4-server: chat ctx=0..292:292 prefill chunk 105/292 (36.0%) chunk=18.37 t/s avg=17.77 t/s 5.908s
0824 03:54:01 ds4-server: chat ctx=0..292:292 prefill chunk 106/292 (36.3%) chunk=18.29 t/s avg=17.78 t/s 5.962s
0824 03:54:01 ds4-server: chat ctx=0..292:292 prefill chunk 107/292 (36.6%) chunk=17.51 t/s avg=17.78 t/s 6.020s
0824 03:54:01 ds4-server: chat ctx=0..292:292 prefill chunk 108/292 (37.0%) chunk=19.30 t/s avg=17.79 t/s 6.071s
0824 03:54:01 ds4-server: chat ctx=0..292:292 prefill chunk 109/292 (37.3%) chunk=17.86 t/s avg=17.79 t/s 6.127s
0824 03:54:01 ds4-server: chat ctx=0..292:292 prefill chunk 110/292 (37.7%) chunk=17.84 t/s avg=17.79 t/s 6.183s
0824 03:54:01 ds4-server: chat ctx=0..292:292 prefill chunk 111/292 (38.0%) chunk=18.79 t/s avg=17.80 t/s 6.237s
0824 03:54:02 ds4-server: chat ctx=0..292:292 prefill chunk 112/292 (38.4%) chunk=17.85 t/s avg=17.80 t/s 6.293s
0824 03:54:02 ds4-server: chat ctx=0..292:292 prefill chunk 113/292 (38.7%) chunk=18.52 t/s avg=17.80 t/s 6.347s
0824 03:54:02 ds4-server: chat ctx=0..292:292 prefill chunk 114/292 (39.0%) chunk=18.02 t/s avg=17.81 t/s 6.402s
0824 03:54:02 ds4-server: chat ctx=0..292:292 prefill chunk 115/292 (39.4%) chunk=18.01 t/s avg=17.81 t/s 6.458s
0824 03:54:02 ds4-server: chat ctx=0..292:292 prefill chunk 116/292 (39.7%) chunk=18.64 t/s avg=17.82 t/s 6.511s
0824 03:54:02 ds4-server: chat ctx=0..292:292 prefill chunk 117/292 (40.1%) chunk=18.23 t/s avg=17.82 t/s 6.566s
0824 03:54:02 ds4-server: chat ctx=0..292:292 prefill chunk 118/292 (40.4%) chunk=18.69 t/s avg=17.83 t/s 6.620s
0824 03:54:02 ds4-server: chat ctx=0..292:292 prefill chunk 119/292 (40.8%) chunk=19.21 t/s avg=17.84 t/s 6.672s
0824 03:54:02 ds4-server: chat ctx=0..292:292 prefill chunk 120/292 (41.1%) chunk=18.00 t/s avg=17.84 t/s 6.727s
0824 03:54:02 ds4-server: chat ctx=0..292:292 prefill chunk 121/292 (41.4%) chunk=19.62 t/s avg=17.85 t/s 6.778s
0824 03:54:02 ds4-server: chat ctx=0..292:292 prefill chunk 122/292 (41.8%) chunk=18.52 t/s avg=17.86 t/s 6.832s
0824 03:54:02 ds4-server: chat ctx=0..292:292 prefill chunk 123/292 (42.1%) chunk=18.52 t/s avg=17.86 t/s 6.886s
0824 03:54:02 ds4-server: chat ctx=0..292:292 prefill chunk 124/292 (42.5%) chunk=17.95 t/s avg=17.86 t/s 6.942s
0824 03:54:02 ds4-server: chat ctx=0..292:292 prefill chunk 125/292 (42.8%) chunk=18.46 t/s avg=17.87 t/s 6.996s
0824 03:54:02 ds4-server: chat ctx=0..292:292 prefill chunk 126/292 (43.2%) chunk=18.68 t/s avg=17.87 t/s 7.050s
0824 03:54:02 ds4-server: chat ctx=0..292:292 prefill chunk 127/292 (43.5%) chunk=18.53 t/s avg=17.88 t/s 7.104s
ds4: qwen35moe experts/token avg over 128 tokens: 0:13.8 1:14.2 2:13.9 3:14.9 4:14.8 5:14.1 6:14.2 7:15.1 8:15.5 9:15.5 10:14.0 11:13.6 12:15.2 13:14.4 14:14.4 15:14.6 16:14.7 17:14.1 18:14.4 19:14.5 20:15.9 21:15.5 22:14.6 23:14.8 24:15.6 25:14.8 26:15.0 27:14.9 28:15.0 29:16.1 30:15.3 31:16.6 32:15.9 33:16.1 34:15.4 35:18.4 36:18.7 37:18.9 38:19.1 39:18.6 | mean 15.4
0824 03:54:02 ds4-server: chat ctx=0..292:292 prefill chunk 128/292 (43.8%) chunk=17.64 t/s avg=17.88 t/s 7.160s
0824 03:54:02 ds4-server: chat ctx=0..292:292 prefill chunk 129/292 (44.2%) chunk=19.03 t/s avg=17.88 t/s 7.213s
0824 03:54:03 ds4-server: chat ctx=0..292:292 prefill chunk 130/292 (44.5%) chunk=18.06 t/s avg=17.89 t/s 7.268s
0824 03:54:03 ds4-server: chat ctx=0..292:292 prefill chunk 131/292 (44.9%) chunk=17.57 t/s avg=17.88 t/s 7.325s
0824 03:54:03 ds4-server: chat ctx=0..292:292 prefill chunk 132/292 (45.2%) chunk=18.42 t/s avg=17.89 t/s 7.379s
0824 03:54:03 ds4-server: chat ctx=0..292:292 prefill chunk 133/292 (45.5%) chunk=18.33 t/s avg=17.89 t/s 7.434s
0824 03:54:03 ds4-server: chat ctx=0..292:292 prefill chunk 134/292 (45.9%) chunk=17.79 t/s avg=17.89 t/s 7.490s
0824 03:54:03 ds4-server: chat ctx=0..292:292 prefill chunk 135/292 (46.2%) chunk=18.24 t/s avg=17.89 t/s 7.545s
0824 03:54:03 ds4-server: chat ctx=0..292:292 prefill chunk 136/292 (46.6%) chunk=17.90 t/s avg=17.89 t/s 7.601s
0824 03:54:03 ds4-server: chat ctx=0..292:292 prefill chunk 137/292 (46.9%) chunk=17.76 t/s avg=17.89 t/s 7.657s
0824 03:54:03 ds4-server: chat ctx=0..292:292 prefill chunk 138/292 (47.3%) chunk=18.35 t/s avg=17.89 t/s 7.712s
0824 03:54:03 ds4-server: chat ctx=0..292:292 prefill chunk 139/292 (47.6%) chunk=18.34 t/s avg=17.90 t/s 7.766s
0824 03:54:03 ds4-server: chat ctx=0..292:292 prefill chunk 140/292 (47.9%) chunk=18.17 t/s avg=17.90 t/s 7.821s
0824 03:54:03 ds4-server: chat ctx=0..292:292 prefill chunk 141/292 (48.3%) chunk=18.60 t/s avg=17.90 t/s 7.875s
0824 03:54:03 ds4-server: chat ctx=0..292:292 prefill chunk 142/292 (48.6%) chunk=17.72 t/s avg=17.90 t/s 7.931s
0824 03:54:03 ds4-server: chat ctx=0..292:292 prefill chunk 143/292 (49.0%) chunk=18.55 t/s avg=17.91 t/s 7.985s
0824 03:54:03 ds4-server: chat ctx=0..292:292 prefill chunk 144/292 (49.3%) chunk=18.50 t/s avg=17.91 t/s 8.039s
0824 03:54:03 ds4-server: chat ctx=0..292:292 prefill chunk 145/292 (49.7%) chunk=18.22 t/s avg=17.91 t/s 8.094s
0824 03:54:03 ds4-server: chat ctx=0..292:292 prefill chunk 146/292 (50.0%) chunk=18.95 t/s avg=17.92 t/s 8.147s
0824 03:54:03 ds4-server: chat ctx=0..292:292 prefill chunk 147/292 (50.3%) chunk=17.90 t/s avg=17.92 t/s 8.203s
0824 03:54:04 ds4-server: chat ctx=0..292:292 prefill chunk 148/292 (50.7%) chunk=17.78 t/s avg=17.92 t/s 8.259s
0824 03:54:04 ds4-server: chat ctx=0..292:292 prefill chunk 149/292 (51.0%) chunk=18.78 t/s avg=17.93 t/s 8.312s
0824 03:54:04 ds4-server: chat ctx=0..292:292 prefill chunk 150/292 (51.4%) chunk=17.65 t/s avg=17.92 t/s 8.369s
0824 03:54:04 ds4-server: chat ctx=0..292:292 prefill chunk 151/292 (51.7%) chunk=17.98 t/s avg=17.92 t/s 8.425s
0824 03:54:04 ds4-server: chat ctx=0..292:292 prefill chunk 152/292 (52.1%) chunk=18.31 t/s avg=17.93 t/s 8.479s
0824 03:54:04 ds4-server: chat ctx=0..292:292 prefill chunk 153/292 (52.4%) chunk=17.75 t/s avg=17.92 t/s 8.536s
0824 03:54:04 ds4-server: chat ctx=0..292:292 prefill chunk 154/292 (52.7%) chunk=17.03 t/s avg=17.92 t/s 8.594s
0824 03:54:04 ds4-server: chat ctx=0..292:292 prefill chunk 155/292 (53.1%) chunk=17.80 t/s avg=17.92 t/s 8.651s
0824 03:54:04 ds4-server: chat ctx=0..292:292 prefill chunk 156/292 (53.4%) chunk=17.60 t/s avg=17.92 t/s 8.707s
0824 03:54:04 ds4-server: chat ctx=0..292:292 prefill chunk 157/292 (53.8%) chunk=17.30 t/s avg=17.91 t/s 8.765s
0824 03:54:04 ds4-server: chat ctx=0..292:292 prefill chunk 158/292 (54.1%) chunk=17.42 t/s avg=17.91 t/s 8.823s
0824 03:54:04 ds4-server: chat ctx=0..292:292 prefill chunk 159/292 (54.5%) chunk=18.75 t/s avg=17.91 t/s 8.876s
0824 03:54:04 ds4-server: chat ctx=0..292:292 prefill chunk 160/292 (54.8%) chunk=17.93 t/s avg=17.91 t/s 8.932s
0824 03:54:04 ds4-server: chat ctx=0..292:292 prefill chunk 161/292 (55.1%) chunk=17.59 t/s avg=17.91 t/s 8.989s
0824 03:54:04 ds4-server: chat ctx=0..292:292 prefill chunk 162/292 (55.5%) chunk=17.76 t/s avg=17.91 t/s 9.045s
0824 03:54:04 ds4-server: chat ctx=0..292:292 prefill chunk 163/292 (55.8%) chunk=17.86 t/s avg=17.91 t/s 9.101s
0824 03:54:04 ds4-server: chat ctx=0..292:292 prefill chunk 164/292 (56.2%) chunk=17.87 t/s avg=17.91 t/s 9.157s
0824 03:54:04 ds4-server: chat ctx=0..292:292 prefill chunk 165/292 (56.5%) chunk=18.65 t/s avg=17.91 t/s 9.210s
0824 03:54:05 ds4-server: chat ctx=0..292:292 prefill chunk 166/292 (56.8%) chunk=17.93 t/s avg=17.91 t/s 9.266s
0824 03:54:05 ds4-server: chat ctx=0..292:292 prefill chunk 167/292 (57.2%) chunk=17.24 t/s avg=17.91 t/s 9.324s
0824 03:54:05 ds4-server: chat ctx=0..292:292 prefill chunk 168/292 (57.5%) chunk=18.13 t/s avg=17.91 t/s 9.379s
0824 03:54:05 ds4-server: chat ctx=0..292:292 prefill chunk 169/292 (57.9%) chunk=17.34 t/s avg=17.91 t/s 9.437s
0824 03:54:05 ds4-server: chat ctx=0..292:292 prefill chunk 170/292 (58.2%) chunk=17.46 t/s avg=17.91 t/s 9.494s
0824 03:54:05 ds4-server: chat ctx=0..292:292 prefill chunk 171/292 (58.6%) chunk=18.13 t/s avg=17.91 t/s 9.549s
0824 03:54:05 ds4-server: chat ctx=0..292:292 prefill chunk 172/292 (58.9%) chunk=17.91 t/s avg=17.91 t/s 9.605s
0824 03:54:05 ds4-server: chat ctx=0..292:292 prefill chunk 173/292 (59.2%) chunk=17.91 t/s avg=17.91 t/s 9.661s
0824 03:54:05 ds4-server: chat ctx=0..292:292 prefill chunk 174/292 (59.6%) chunk=18.25 t/s avg=17.91 t/s 9.716s
0824 03:54:05 ds4-server: chat ctx=0..292:292 prefill chunk 175/292 (59.9%) chunk=18.66 t/s avg=17.91 t/s 9.769s
0824 03:54:05 ds4-server: chat ctx=0..292:292 prefill chunk 176/292 (60.3%) chunk=17.71 t/s avg=17.91 t/s 9.826s
0824 03:54:05 ds4-server: chat ctx=0..292:292 prefill chunk 177/292 (60.6%) chunk=17.38 t/s avg=17.91 t/s 9.883s
0824 03:54:05 ds4-server: chat ctx=0..292:292 prefill chunk 178/292 (61.0%) chunk=17.79 t/s avg=17.91 t/s 9.940s
0824 03:54:05 ds4-server: chat ctx=0..292:292 prefill chunk 179/292 (61.3%) chunk=17.48 t/s avg=17.91 t/s 9.997s
0824 03:54:05 ds4-server: chat ctx=0..292:292 prefill chunk 180/292 (61.6%) chunk=17.24 t/s avg=17.90 t/s 10.055s
0824 03:54:05 ds4-server: chat ctx=0..292:292 prefill chunk 181/292 (62.0%) chunk=17.64 t/s avg=17.90 t/s 10.112s
0824 03:54:05 ds4-server: chat ctx=0..292:292 prefill chunk 182/292 (62.3%) chunk=17.91 t/s avg=17.90 t/s 10.167s
0824 03:54:05 ds4-server: chat ctx=0..292:292 prefill chunk 183/292 (62.7%) chunk=17.41 t/s avg=17.90 t/s 10.225s
0824 03:54:06 ds4-server: chat ctx=0..292:292 prefill chunk 184/292 (63.0%) chunk=18.51 t/s avg=17.90 t/s 10.279s
0824 03:54:06 ds4-server: chat ctx=0..292:292 prefill chunk 185/292 (63.4%) chunk=17.97 t/s avg=17.90 t/s 10.335s
0824 03:54:06 ds4-server: chat ctx=0..292:292 prefill chunk 186/292 (63.7%) chunk=17.74 t/s avg=17.90 t/s 10.391s
0824 03:54:06 ds4-server: chat ctx=0..292:292 prefill chunk 187/292 (64.0%) chunk=18.64 t/s avg=17.90 t/s 10.445s
0824 03:54:06 ds4-server: chat ctx=0..292:292 prefill chunk 188/292 (64.4%) chunk=17.51 t/s avg=17.90 t/s 10.502s
0824 03:54:06 ds4-server: chat ctx=0..292:292 prefill chunk 189/292 (64.7%) chunk=17.23 t/s avg=17.90 t/s 10.560s
0824 03:54:06 ds4-server: chat ctx=0..292:292 prefill chunk 190/292 (65.1%) chunk=17.50 t/s avg=17.90 t/s 10.617s
0824 03:54:06 ds4-server: chat ctx=0..292:292 prefill chunk 191/292 (65.4%) chunk=17.86 t/s avg=17.90 t/s 10.673s
0824 03:54:06 ds4-server: chat ctx=0..292:292 prefill chunk 192/292 (65.8%) chunk=17.40 t/s avg=17.89 t/s 10.730s
0824 03:54:06 ds4-server: chat ctx=0..292:292 prefill chunk 193/292 (66.1%) chunk=17.55 t/s avg=17.89 t/s 10.787s
0824 03:54:06 ds4-server: chat ctx=0..292:292 prefill chunk 194/292 (66.4%) chunk=18.01 t/s avg=17.89 t/s 10.843s
0824 03:54:06 ds4-server: chat ctx=0..292:292 prefill chunk 195/292 (66.8%) chunk=18.06 t/s avg=17.89 t/s 10.898s
0824 03:54:06 ds4-server: chat ctx=0..292:292 prefill chunk 196/292 (67.1%) chunk=17.69 t/s avg=17.89 t/s 10.955s
0824 03:54:06 ds4-server: chat ctx=0..292:292 prefill chunk 197/292 (67.5%) chunk=18.01 t/s avg=17.89 t/s 11.010s
0824 03:54:06 ds4-server: chat ctx=0..292:292 prefill chunk 198/292 (67.8%) chunk=17.56 t/s avg=17.89 t/s 11.067s
0824 03:54:06 ds4-server: chat ctx=0..292:292 prefill chunk 199/292 (68.2%) chunk=17.42 t/s avg=17.89 t/s 11.125s
0824 03:54:06 ds4-server: chat ctx=0..292:292 prefill chunk 200/292 (68.5%) chunk=18.40 t/s avg=17.89 t/s 11.179s
0824 03:54:06 ds4-server: chat ctx=0..292:292 prefill chunk 201/292 (68.8%) chunk=17.71 t/s avg=17.89 t/s 11.235s
0824 03:54:07 ds4-server: chat ctx=0..292:292 prefill chunk 202/292 (69.2%) chunk=17.32 t/s avg=17.89 t/s 11.293s
0824 03:54:07 ds4-server: chat ctx=0..292:292 prefill chunk 203/292 (69.5%) chunk=18.08 t/s avg=17.89 t/s 11.348s
0824 03:54:07 ds4-server: chat ctx=0..292:292 prefill chunk 204/292 (69.9%) chunk=17.64 t/s avg=17.89 t/s 11.405s
0824 03:54:07 ds4-server: chat ctx=0..292:292 prefill chunk 205/292 (70.2%) chunk=17.76 t/s avg=17.89 t/s 11.461s
0824 03:54:07 ds4-server: chat ctx=0..292:292 prefill chunk 206/292 (70.5%) chunk=18.18 t/s avg=17.89 t/s 11.516s
0824 03:54:07 ds4-server: chat ctx=0..292:292 prefill chunk 207/292 (70.9%) chunk=18.30 t/s avg=17.89 t/s 11.571s
0824 03:54:07 ds4-server: chat ctx=0..292:292 prefill chunk 208/292 (71.2%) chunk=18.25 t/s avg=17.89 t/s 11.626s
0824 03:54:07 ds4-server: chat ctx=0..292:292 prefill chunk 209/292 (71.6%) chunk=18.38 t/s avg=17.89 t/s 11.680s
0824 03:54:07 ds4-server: chat ctx=0..292:292 prefill chunk 210/292 (71.9%) chunk=17.72 t/s avg=17.89 t/s 11.737s
0824 03:54:07 ds4-server: chat ctx=0..292:292 prefill chunk 211/292 (72.3%) chunk=17.12 t/s avg=17.89 t/s 11.795s
0824 03:54:07 ds4-server: chat ctx=0..292:292 prefill chunk 212/292 (72.6%) chunk=17.23 t/s avg=17.89 t/s 11.853s
0824 03:54:07 ds4-server: chat ctx=0..292:292 prefill chunk 213/292 (72.9%) chunk=18.10 t/s avg=17.89 t/s 11.908s
0824 03:54:07 ds4-server: chat ctx=0..292:292 prefill chunk 214/292 (73.3%) chunk=17.33 t/s avg=17.88 t/s 11.966s
0824 03:54:07 ds4-server: chat ctx=0..292:292 prefill chunk 215/292 (73.6%) chunk=16.99 t/s avg=17.88 t/s 12.025s
0824 03:54:07 ds4-server: chat ctx=0..292:292 prefill chunk 216/292 (74.0%) chunk=17.81 t/s avg=17.88 t/s 12.081s
0824 03:54:07 ds4-server: chat ctx=0..292:292 prefill chunk 217/292 (74.3%) chunk=17.26 t/s avg=17.88 t/s 12.139s
0824 03:54:07 ds4-server: chat ctx=0..292:292 prefill chunk 218/292 (74.7%) chunk=18.31 t/s avg=17.88 t/s 12.194s
0824 03:54:08 ds4-server: chat ctx=0..292:292 prefill chunk 219/292 (75.0%) chunk=18.09 t/s avg=17.88 t/s 12.249s
0824 03:54:08 ds4-server: chat ctx=0..292:292 prefill chunk 220/292 (75.3%) chunk=17.41 t/s avg=17.88 t/s 12.306s
0824 03:54:08 ds4-server: chat ctx=0..292:292 prefill chunk 221/292 (75.7%) chunk=17.88 t/s avg=17.88 t/s 12.362s
0824 03:54:08 ds4-server: chat ctx=0..292:292 prefill chunk 222/292 (76.0%) chunk=17.34 t/s avg=17.87 t/s 12.420s
0824 03:54:08 ds4-server: chat ctx=0..292:292 prefill chunk 223/292 (76.4%) chunk=17.78 t/s avg=17.87 t/s 12.476s
0824 03:54:08 ds4-server: chat ctx=0..292:292 prefill chunk 224/292 (76.7%) chunk=17.60 t/s avg=17.87 t/s 12.533s
0824 03:54:08 ds4-server: chat ctx=0..292:292 prefill chunk 225/292 (77.1%) chunk=18.06 t/s avg=17.87 t/s 12.588s
0824 03:54:08 ds4-server: chat ctx=0..292:292 prefill chunk 226/292 (77.4%) chunk=18.64 t/s avg=17.88 t/s 12.642s
0824 03:54:08 ds4-server: chat ctx=0..292:292 prefill chunk 227/292 (77.7%) chunk=17.99 t/s avg=17.88 t/s 12.698s
0824 03:54:08 ds4-server: chat ctx=0..292:292 prefill chunk 228/292 (78.1%) chunk=17.61 t/s avg=17.88 t/s 12.754s
0824 03:54:08 ds4-server: chat ctx=0..292:292 prefill chunk 229/292 (78.4%) chunk=17.52 t/s avg=17.87 t/s 12.812s
0824 03:54:08 ds4-server: chat ctx=0..292:292 prefill chunk 230/292 (78.8%) chunk=16.98 t/s avg=17.87 t/s 12.870s
0824 03:54:08 ds4-server: chat ctx=0..292:292 prefill chunk 231/292 (79.1%) chunk=16.86 t/s avg=17.87 t/s 12.930s
0824 03:54:08 ds4-server: chat ctx=0..292:292 prefill chunk 232/292 (79.5%) chunk=17.66 t/s avg=17.86 t/s 12.986s
0824 03:54:08 ds4-server: chat ctx=0..292:292 prefill chunk 233/292 (79.8%) chunk=18.22 t/s avg=17.87 t/s 13.041s
0824 03:54:08 ds4-server: chat ctx=0..292:292 prefill chunk 234/292 (80.1%) chunk=17.44 t/s avg=17.86 t/s 13.099s
0824 03:54:08 ds4-server: chat ctx=0..292:292 prefill chunk 235/292 (80.5%) chunk=17.17 t/s avg=17.86 t/s 13.157s
0824 03:54:08 ds4-server: chat ctx=0..292:292 prefill chunk 236/292 (80.8%) chunk=18.20 t/s avg=17.86 t/s 13.212s
0824 03:54:09 ds4-server: chat ctx=0..292:292 prefill chunk 237/292 (81.2%) chunk=17.42 t/s avg=17.86 t/s 13.269s
0824 03:54:09 ds4-server: chat ctx=0..292:292 prefill chunk 238/292 (81.5%) chunk=17.25 t/s avg=17.86 t/s 13.327s
0824 03:54:09 ds4-server: chat ctx=0..292:292 prefill chunk 239/292 (81.8%) chunk=18.02 t/s avg=17.86 t/s 13.383s
0824 03:54:09 ds4-server: chat ctx=0..292:292 prefill chunk 240/292 (82.2%) chunk=17.74 t/s avg=17.86 t/s 13.439s
0824 03:54:09 ds4-server: chat ctx=0..292:292 prefill chunk 241/292 (82.5%) chunk=17.74 t/s avg=17.86 t/s 13.495s
0824 03:54:09 ds4-server: chat ctx=0..292:292 prefill chunk 242/292 (82.9%) chunk=18.20 t/s avg=17.86 t/s 13.550s
0824 03:54:09 ds4-server: chat ctx=0..292:292 prefill chunk 243/292 (83.2%) chunk=17.93 t/s avg=17.86 t/s 13.606s
0824 03:54:09 ds4-server: chat ctx=0..292:292 prefill chunk 244/292 (83.6%) chunk=17.04 t/s avg=17.86 t/s 13.665s
0824 03:54:09 ds4-server: chat ctx=0..292:292 prefill chunk 245/292 (83.9%) chunk=16.85 t/s avg=17.85 t/s 13.724s
0824 03:54:09 ds4-server: chat ctx=0..292:292 prefill chunk 246/292 (84.2%) chunk=18.30 t/s avg=17.85 t/s 13.779s
0824 03:54:09 ds4-server: chat ctx=0..292:292 prefill chunk 247/292 (84.6%) chunk=17.28 t/s avg=17.85 t/s 13.837s
0824 03:54:09 ds4-server: chat ctx=0..292:292 prefill chunk 248/292 (84.9%) chunk=16.96 t/s avg=17.85 t/s 13.896s
0824 03:54:09 ds4-server: chat ctx=0..292:292 prefill chunk 249/292 (85.3%) chunk=17.23 t/s avg=17.84 t/s 13.954s
0824 03:54:09 ds4-server: chat ctx=0..292:292 prefill chunk 250/292 (85.6%) chunk=17.26 t/s avg=17.84 t/s 14.012s
0824 03:54:09 ds4-server: chat ctx=0..292:292 prefill chunk 251/292 (86.0%) chunk=17.96 t/s avg=17.84 t/s 14.067s
0824 03:54:09 ds4-server: chat ctx=0..292:292 prefill chunk 252/292 (86.3%) chunk=18.10 t/s avg=17.84 t/s 14.122s
0824 03:54:09 ds4-server: chat ctx=0..292:292 prefill chunk 253/292 (86.6%) chunk=18.66 t/s avg=17.85 t/s 14.176s
0824 03:54:09 ds4-server: chat ctx=0..292:292 prefill chunk 254/292 (87.0%) chunk=17.56 t/s avg=17.85 t/s 14.233s
0824 03:54:10 ds4-server: chat ctx=0..292:292 prefill chunk 255/292 (87.3%) chunk=17.41 t/s avg=17.84 t/s 14.290s
ds4: qwen35moe experts/token avg over 128 tokens: 0:14.5 1:14.5 2:15.5 3:17.1 4:16.1 5:15.9 6:15.8 7:16.6 8:17.2 9:18.3 10:15.6 11:14.9 12:16.4 13:16.0 14:16.3 15:16.5 16:15.6 17:15.7 18:15.1 19:16.0 20:17.1 21:17.3 22:16.4 23:15.3 24:16.5 25:16.0 26:16.9 27:17.3 28:16.3 29:18.0 30:18.4 31:18.9 32:17.7 33:18.7 34:17.9 35:19.4 36:19.9 37:19.8 38:19.9 39:19.5 | mean 16.9
0824 03:54:10 ds4-server: chat ctx=0..292:292 prefill chunk 256/292 (87.7%) chunk=17.84 t/s avg=17.84 t/s 14.346s
0824 03:54:10 ds4-server: chat ctx=0..292:292 prefill chunk 257/292 (88.0%) chunk=17.95 t/s avg=17.84 t/s 14.402s
0824 03:54:10 ds4-server: chat ctx=0..292:292 prefill chunk 258/292 (88.4%) chunk=17.66 t/s avg=17.84 t/s 14.459s
0824 03:54:10 ds4-server: chat ctx=0..292:292 prefill chunk 259/292 (88.7%) chunk=18.26 t/s avg=17.85 t/s 14.514s
0824 03:54:10 ds4-server: chat ctx=0..292:292 prefill chunk 260/292 (89.0%) chunk=17.83 t/s avg=17.85 t/s 14.570s
0824 03:54:10 ds4-server: chat ctx=0..292:292 prefill chunk 261/292 (89.4%) chunk=17.20 t/s avg=17.84 t/s 14.628s
0824 03:54:10 ds4-server: chat ctx=0..292:292 prefill chunk 262/292 (89.7%) chunk=16.95 t/s avg=17.84 t/s 14.687s
0824 03:54:10 ds4-server: chat ctx=0..292:292 prefill chunk 263/292 (90.1%) chunk=18.55 t/s avg=17.84 t/s 14.741s
0824 03:54:10 ds4-server: chat ctx=0..292:292 prefill chunk 264/292 (90.4%) chunk=16.80 t/s avg=17.84 t/s 14.800s
0824 03:54:10 ds4-server: chat ctx=0..292:292 prefill chunk 265/292 (90.8%) chunk=17.46 t/s avg=17.84 t/s 14.858s
0824 03:54:10 ds4-server: chat ctx=0..292:292 prefill chunk 266/292 (91.1%) chunk=18.11 t/s avg=17.84 t/s 14.913s
0824 03:54:10 ds4-server: chat ctx=0..292:292 prefill chunk 267/292 (91.4%) chunk=17.66 t/s avg=17.84 t/s 14.969s
0824 03:54:10 ds4-server: chat ctx=0..292:292 prefill chunk 268/292 (91.8%) chunk=17.70 t/s avg=17.84 t/s 15.026s
0824 03:54:10 ds4-server: chat ctx=0..292:292 prefill chunk 269/292 (92.1%) chunk=17.37 t/s avg=17.83 t/s 15.083s
0824 03:54:10 ds4-server: chat ctx=0..292:292 prefill chunk 270/292 (92.5%) chunk=17.70 t/s avg=17.83 t/s 15.140s
0824 03:54:10 ds4-server: chat ctx=0..292:292 prefill chunk 271/292 (92.8%) chunk=17.18 t/s avg=17.83 t/s 15.198s
0824 03:54:11 ds4-server: chat ctx=0..292:292 prefill chunk 272/292 (93.2%) chunk=17.80 t/s avg=17.83 t/s 15.254s
0824 03:54:11 ds4-server: chat ctx=0..292:292 prefill chunk 273/292 (93.5%) chunk=17.76 t/s avg=17.83 t/s 15.311s
0824 03:54:11 ds4-server: chat ctx=0..292:292 prefill chunk 274/292 (93.8%) chunk=17.57 t/s avg=17.83 t/s 15.368s
0824 03:54:11 ds4-server: chat ctx=0..292:292 prefill chunk 275/292 (94.2%) chunk=17.46 t/s avg=17.83 t/s 15.425s
0824 03:54:11 ds4-server: chat ctx=0..292:292 prefill chunk 276/292 (94.5%) chunk=17.87 t/s avg=17.83 t/s 15.481s
0824 03:54:11 ds4-server: chat ctx=0..292:292 prefill chunk 277/292 (94.9%) chunk=17.40 t/s avg=17.83 t/s 15.538s
0824 03:54:11 ds4-server: chat ctx=0..292:292 prefill chunk 278/292 (95.2%) chunk=17.44 t/s avg=17.83 t/s 15.596s
0824 03:54:11 ds4-server: chat ctx=0..292:292 prefill chunk 279/292 (95.5%) chunk=17.26 t/s avg=17.82 t/s 15.654s
0824 03:54:11 ds4-server: chat ctx=0..292:292 prefill chunk 280/292 (95.9%) chunk=17.52 t/s avg=17.82 t/s 15.711s
0824 03:54:11 ds4-server: chat ctx=0..292:292 prefill chunk 281/292 (96.2%) chunk=17.09 t/s avg=17.82 t/s 15.769s
0824 03:54:11 ds4-server: chat ctx=0..292:292 prefill chunk 282/292 (96.6%) chunk=17.39 t/s avg=17.82 t/s 15.827s
0824 03:54:11 ds4-server: chat ctx=0..292:292 prefill chunk 283/292 (96.9%) chunk=18.14 t/s avg=17.82 t/s 15.882s
0824 03:54:11 ds4-server: chat ctx=0..292:292 prefill chunk 284/292 (97.3%) chunk=17.79 t/s avg=17.82 t/s 15.938s
0824 03:54:11 ds4-server: chat ctx=0..292:292 prefill chunk 285/292 (97.6%) chunk=17.78 t/s avg=17.82 t/s 15.994s
0824 03:54:11 ds4-server: chat ctx=0..292:292 prefill chunk 286/292 (97.9%) chunk=19.11 t/s avg=17.82 t/s 16.047s
0824 03:54:11 ds4-server: chat ctx=0..292:292 prefill chunk 287/292 (98.3%) chunk=17.91 t/s avg=17.82 t/s 16.102s
0824 03:54:11 ds4-server: chat ctx=0..292:292 prefill chunk 288/292 (98.6%) chunk=17.79 t/s avg=17.82 t/s 16.159s
0824 03:54:11 ds4-server: chat ctx=0..292:292 prefill chunk 289/292 (99.0%) chunk=19.08 t/s avg=17.83 t/s 16.211s
0824 03:54:12 ds4-server: chat ctx=0..292:292 prefill chunk 290/292 (99.3%) chunk=17.62 t/s avg=17.83 t/s 16.268s
0824 03:54:12 ds4-server: chat ctx=0..292:292 prefill chunk 291/292 (99.7%) chunk=19.02 t/s avg=17.83 t/s 16.320s
0824 03:54:12 ds4-server: chat ctx=0..292:292 prefill chunk 292/292 (100.0%) chunk=19.81 t/s avg=17.84 t/s 16.371s
0824 03:54:12 ds4-server: chat ctx=0..292:292 prompt done 16.371s
0824 03:54:14 ds4-server: chat ctx=292..342:50 gen=50 THINKING decoding chunk=17.88 t/s avg=17.88 t/s 2.796s
ds4: qwen35moe experts/token avg over 128 tokens: 0:14.4 1:14.2 2:14.4 3:16.3 4:15.4 5:15.1 6:15.0 7:16.0 8:16.6 9:17.1 10:15.1 11:14.2 12:15.6 13:15.3 14:16.2 15:15.9 16:15.8 17:15.4 18:14.8 19:15.7 20:16.7 21:17.6 22:15.4 23:15.5 24:16.8 25:16.2 26:16.4 27:17.4 28:16.5 29:16.9 30:17.1 31:18.2 32:17.7 33:17.5 34:17.4 35:18.8 36:18.8 37:19.3 38:19.5 39:19.2 | mean 16.4
0824 03:54:17 ds4-server: chat ctx=342..392:50 gen=100 THINKING decoding chunk=17.47 t/s avg=17.67 t/s 5.658s
0824 03:54:20 ds4-server: chat ctx=392..442:50 gen=150 THINKING decoding chunk=17.28 t/s avg=17.54 t/s 8.551s
0824 03:54:23 ds4-server: chat ctx=442..492:50 gen=200 THINKING decoding chunk=17.11 t/s avg=17.43 t/s 11.474s
ds4: qwen35moe experts/token avg over 128 tokens: 0:15.2 1:15.7 2:16.2 3:17.9 4:17.0 5:17.1 6:16.7 7:17.2 8:18.1 9:17.7 10:16.0 11:15.2 12:17.0 13:16.1 14:17.0 15:16.7 16:16.0 17:15.9 18:15.6 19:16.5 20:17.3 21:17.9 22:16.2 23:16.5 24:16.7 25:16.7 26:16.7 27:17.7 28:16.9 29:18.2 30:18.4 31:19.2 32:18.8 33:19.1 34:19.6 35:19.8 36:19.9 37:19.9 38:20.0 39:20.0 | mean 17.4
0824 03:54:26 ds4-server: chat ctx=492..542:50 gen=250 THINKING decoding chunk=17.21 t/s avg=17.39 t/s 14.380s
0824 03:54:29 ds4-server: chat ctx=542..592:50 gen=300 THINKING decoding chunk=17.68 t/s avg=17.43 t/s 17.208s
ds4: qwen35moe experts/token avg over 128 tokens: 0:14.3 1:15.3 2:15.0 3:17.2 4:16.2 5:15.5 6:15.2 7:16.5 8:17.5 9:17.6 10:15.1 11:14.4 12:16.5 13:14.9 14:16.1 15:16.2 16:15.1 17:15.7 18:14.8 19:16.1 20:16.5 21:17.1 22:15.3 23:15.1 24:15.7 25:15.5 26:15.7 27:16.1 28:15.0 29:15.8 30:15.1 31:16.0 32:15.5 33:15.0 34:15.2 35:16.0 36:16.0 37:16.8 38:17.8 39:16.5 | mean 15.8
0824 03:54:32 ds4-server: chat ctx=592..642:50 gen=350 THINKING decoding chunk=17.48 t/s avg=17.44 t/s 20.069s
0824 03:54:35 ds4-server: chat ctx=642..692:50 gen=400 THINKING decoding chunk=17.22 t/s avg=17.41 t/s 22.973s
0824 03:54:37 ds4-server: chat ctx=692..742:50 gen=450 THINKING decoding chunk=17.47 t/s avg=17.42 t/s 25.835s
ds4: qwen35moe experts/token avg over 128 tokens: 0:14.3 1:14.9 2:14.9 3:16.8 4:16.1 5:15.3 6:14.9 7:16.3 8:17.6 9:17.1 10:14.9 11:15.0 12:16.3 13:16.2 14:16.2 15:16.3 16:15.6 17:16.2 18:15.3 19:16.5 20:16.3 21:16.6 22:14.9 23:15.0 24:15.6 25:15.8 26:15.7 27:15.8 28:15.2 29:15.5 30:15.3 31:16.5 32:15.3 33:15.0 34:14.9 35:16.3 36:16.0 37:17.2 38:17.9 39:17.0 | mean 15.9
0824 03:54:40 ds4-server: chat ctx=742..792:50 gen=500 THINKING decoding chunk=16.95 t/s avg=17.37 t/s 28.784s
0824 03:54:43 ds4-server: chat ctx=792..842:50 gen=550 THINKING decoding chunk=17.08 t/s avg=17.34 t/s 31.711s
0824 03:54:46 ds4-server: chat ctx=842..892:50 gen=600 THINKING decoding chunk=16.99 t/s avg=17.31 t/s 34.654s
ds4: qwen35moe experts/token avg over 128 tokens: 0:14.7 1:15.6 2:15.1 3:17.0 4:16.3 5:15.7 6:15.4 7:16.7 8:17.9 9:17.6 10:15.8 11:14.9 12:16.5 13:16.1 14:17.0 15:16.4 16:16.2 17:16.6 18:15.3 19:16.0 20:17.0 21:17.5 22:15.8 23:14.6 24:15.6 25:15.4 26:16.1 27:15.6 28:15.2 29:15.2 30:15.0 31:15.6 32:15.4 33:14.4 34:14.4 35:15.7 36:16.2 37:16.2 38:17.8 39:16.3 | mean 15.9
0824 03:54:49 ds4-server: chat ctx=892..942:50 gen=650 THINKING decoding chunk=16.91 t/s avg=17.28 t/s 37.610s
0824 03:54:52 ds4-server: chat ctx=942..992:50 gen=700 THINKING decoding chunk=16.66 t/s avg=17.24 t/s 40.611s
ds4: qwen35moe experts/token avg over 128 tokens: 0:14.6 1:15.6 2:15.2 3:17.0 4:16.0 5:16.1 6:16.1 7:17.5 8:18.1 9:18.3 10:16.2 11:14.8 12:16.5 13:16.6 14:16.8 15:17.0 16:15.4 17:16.5 18:15.6 19:16.4 20:17.6 21:17.6 22:15.6 23:14.4 24:15.5 25:15.4 26:15.9 27:16.2 28:15.1 29:15.8 30:15.0 31:16.1 32:15.3 33:14.6 34:14.9 35:15.8 36:15.8 37:16.6 38:17.7 39:16.1 | mean 16.1
0824 03:54:55 ds4-server: chat ctx=992..1042:50 gen=750 THINKING decoding chunk=16.65 t/s avg=17.20 t/s 43.614s
0824 03:54:58 ds4-server: chat ctx=1042..1092:50 gen=800 THINKING decoding chunk=16.18 t/s avg=17.13 t/s 46.705s
0824 03:55:01 ds4-server: chat ctx=1092..1142:50 gen=850 THINKING decoding chunk=16.96 t/s avg=17.12 t/s 49.652s
ds4: qwen35moe experts/token avg over 128 tokens: 0:14.5 1:14.8 2:15.1 3:17.1 4:16.3 5:15.7 6:15.3 7:16.4 8:17.1 9:16.5 10:15.1 11:14.7 12:16.1 13:16.1 14:16.2 15:16.2 16:15.7 17:15.5 18:15.1 19:16.5 20:16.6 21:16.9 22:15.1 23:14.5 24:15.8 25:15.3 26:16.0 27:15.8 28:15.4 29:15.6 30:15.2 31:16.6 32:15.9 33:14.7 34:14.9 35:16.8 36:16.7 37:17.5 38:17.9 39:17.0 | mean 15.9
0824 03:55:04 ds4-server: chat ctx=1142..1192:50 gen=900 THINKING decoding chunk=16.53 t/s avg=17.09 t/s 52.676s
0824 03:55:07 ds4-server: chat ctx=1192..1242:50 gen=950 THINKING decoding chunk=16.39 t/s avg=17.05 t/s 55.727s
ds4: qwen35moe experts/token avg over 128 tokens: 0:14.5 1:15.8 2:15.2 3:16.9 4:16.0 5:15.9 6:16.1 7:17.3 8:18.1 9:17.7 10:15.5 11:15.7 12:16.3 13:15.9 14:16.0 15:16.7 16:16.2 17:16.4 18:15.9 19:15.8 20:17.3 21:17.1 22:16.0 23:15.6 24:16.1 25:15.7 26:15.6 27:15.7 28:15.5 29:15.6 30:15.2 31:15.9 32:15.1 33:14.8 34:14.6 35:16.9 36:16.2 37:17.5 38:18.7 39:17.3 | mean 16.2
0824 03:55:10 ds4-server: chat ctx=1242..1292:50 gen=1000 THINKING decoding chunk=16.03 t/s avg=16.99 t/s 58.846s
0824 03:55:14 ds4-server: chat ctx=1292..1342:50 gen=1050 THINKING decoding chunk=16.06 t/s avg=16.95 t/s 61.959s
0824 03:55:17 ds4-server: chat ctx=1342..1392:50 gen=1100 THINKING decoding chunk=15.93 t/s avg=16.90 t/s 65.097s
ds4: qwen35moe experts/token avg over 128 tokens: 0:14.6 1:16.0 2:15.2 3:17.4 4:17.0 5:16.5 6:16.3 7:17.6 8:18.7 9:17.7 10:15.9 11:15.1 12:16.4 13:16.6 14:17.1 15:16.6 16:16.7 17:16.6 18:15.4 19:16.6 20:17.8 21:17.2 22:16.0 23:15.1 24:16.1 25:15.6 26:16.4 27:16.3 28:15.4 29:16.0 30:15.4 31:16.4 32:15.9 33:14.8 34:14.8 35:16.9 36:17.1 37:16.8 38:18.2 39:16.9 | mean 16.4
0824 03:55:20 ds4-server: chat ctx=1392..1442:50 gen=1150 decoding chunk=16.29 t/s avg=16.87 t/s 68.167s
0824 03:55:23 ds4-server: chat ctx=1442..1492:50 gen=1200 decoding chunk=15.71 t/s avg=16.82 t/s 71.350s
ds4: qwen35moe experts/token avg over 128 tokens: 0:14.8 1:15.5 2:15.3 3:17.8 4:17.1 5:16.7 6:16.2 7:17.1 8:18.2 9:18.7 10:16.4 11:15.5 12:17.5 13:16.8 14:17.6 15:17.8 16:16.6 17:17.0 18:16.5 19:16.4 20:18.5 21:18.3 22:16.9 23:15.4 24:16.2 25:16.2 26:16.6 27:16.2 28:15.3 29:16.3 30:15.0 31:16.4 32:14.6 33:14.2 34:14.9 35:16.6 36:16.4 37:17.3 38:18.0 39:16.4 | mean 16.5
0824 03:55:26 ds4-server: chat ctx=1492..1542:50 gen=1250 decoding chunk=15.59 t/s avg=16.77 t/s 74.556s
0824 03:55:29 ds4-server: chat ctx=1542..1592:50 gen=1300 decoding chunk=15.70 t/s avg=16.72 t/s 77.740s
0824 03:55:33 ds4-server: chat ctx=1592..1642:50 gen=1350 decoding chunk=15.42 t/s avg=16.67 t/s 80.983s
0824 03:55:33 ds4-server: chat ctx=1642..1647:5 gen=1355 decoding chunk=15.47 t/s avg=16.67 t/s 81.306s
0824 03:55:33 ds4-server: thinking live checkpoint remembered ctx=0..292:292 live=1647 visible=2511
0824 03:55:33 ds4-server: chat ctx=0..292:292 gen=1355 finish=stop 97.677s
0824 03:55:33 ds4-server: live kv cache miss live=1647 prompt=190 common=51 reason=token-mismatch
0824 03:55:33 ds4-server: chat ctx=0..190:190 prompt start
0824 03:55:33 ds4-server: chat ctx=0..190:190 prefill chunk 1/190 (0.5%) chunk=0.00 t/s avg=20.08 t/s 0.050s
0824 03:55:33 ds4-server: chat ctx=0..190:190 prefill chunk 2/190 (1.1%) chunk=19.08 t/s avg=19.57 t/s 0.102s
0824 03:55:33 ds4-server: chat ctx=0..190:190 prefill chunk 3/190 (1.6%) chunk=20.02 t/s avg=19.71 t/s 0.152s
0824 03:55:33 ds4-server: chat ctx=0..190:190 prefill chunk 4/190 (2.1%) chunk=19.30 t/s avg=19.61 t/s 0.204s
0824 03:55:33 ds4-server: chat ctx=0..190:190 prefill chunk 5/190 (2.6%) chunk=19.73 t/s avg=19.63 t/s 0.255s
0824 03:55:33 ds4-server: chat ctx=0..190:190 prefill chunk 6/190 (3.2%) chunk=18.79 t/s avg=19.49 t/s 0.308s
0824 03:55:33 ds4-server: chat ctx=0..190:190 prefill chunk 7/190 (3.7%) chunk=19.53 t/s avg=19.49 t/s 0.359s
0824 03:55:33 ds4-server: chat ctx=0..190:190 prefill chunk 8/190 (4.2%) chunk=18.87 t/s avg=19.41 t/s 0.412s
0824 03:55:33 ds4-server: chat ctx=0..190:190 prefill chunk 9/190 (4.7%) chunk=19.80 t/s avg=19.45 t/s 0.463s
0824 03:55:33 ds4-server: chat ctx=0..190:190 prefill chunk 10/190 (5.3%) chunk=19.38 t/s avg=19.45 t/s 0.514s
0824 03:55:34 ds4-server: chat ctx=0..190:190 prefill chunk 11/190 (5.8%) chunk=19.18 t/s avg=19.42 t/s 0.566s
0824 03:55:34 ds4-server: chat ctx=0..190:190 prefill chunk 12/190 (6.3%) chunk=19.19 t/s avg=19.40 t/s 0.618s
0824 03:55:34 ds4-server: chat ctx=0..190:190 prefill chunk 13/190 (6.8%) chunk=18.43 t/s avg=19.32 t/s 0.673s
0824 03:55:34 ds4-server: chat ctx=0..190:190 prefill chunk 14/190 (7.4%) chunk=18.96 t/s avg=19.30 t/s 0.725s
0824 03:55:34 ds4-server: chat ctx=0..190:190 prefill chunk 15/190 (7.9%) chunk=18.48 t/s avg=19.24 t/s 0.780s
0824 03:55:34 ds4-server: chat ctx=0..190:190 prefill chunk 16/190 (8.4%) chunk=19.13 t/s avg=19.23 t/s 0.832s
ds4: qwen35moe experts/token avg over 128 tokens: 0:14.9 1:15.9 2:15.9 3:17.6 4:17.2 5:16.6 6:16.0 7:17.5 8:18.4 9:17.9 10:16.5 11:16.0 12:17.2 13:17.3 14:17.3 15:17.3 16:16.6 17:16.9 18:15.4 19:16.8 20:17.7 21:16.9 22:16.4 23:15.4 24:16.0 25:15.4 26:16.7 27:16.5 28:15.0 29:15.4 30:15.1 31:16.4 32:16.1 33:14.8 34:14.9 35:16.8 36:17.2 37:17.2 38:18.3 39:17.0 | mean 16.5
0824 03:55:34 ds4-server: chat ctx=0..190:190 prefill chunk 17/190 (8.9%) chunk=18.67 t/s avg=19.20 t/s 0.885s
0824 03:55:34 ds4-server: chat ctx=0..190:190 prefill chunk 18/190 (9.5%) chunk=18.73 t/s avg=19.17 t/s 0.939s
0824 03:55:34 ds4-server: chat ctx=0..190:190 prefill chunk 19/190 (10.0%) chunk=19.06 t/s avg=19.17 t/s 0.991s
0824 03:55:34 ds4-server: chat ctx=0..190:190 prefill chunk 20/190 (10.5%) chunk=17.92 t/s avg=19.10 t/s 1.047s
0824 03:55:34 ds4-server: chat ctx=0..190:190 prefill chunk 21/190 (11.1%) chunk=18.66 t/s avg=19.08 t/s 1.101s
0824 03:55:34 ds4-server: chat ctx=0..190:190 prefill chunk 22/190 (11.6%) chunk=19.60 t/s avg=19.10 t/s 1.152s
0824 03:55:34 ds4-server: chat ctx=0..190:190 prefill chunk 23/190 (12.1%) chunk=18.91 t/s avg=19.09 t/s 1.205s
0824 03:55:34 ds4-server: chat ctx=0..190:190 prefill chunk 24/190 (12.6%) chunk=19.54 t/s avg=19.11 t/s 1.256s
0824 03:55:34 ds4-server: chat ctx=0..190:190 prefill chunk 25/190 (13.2%) chunk=18.80 t/s avg=19.10 t/s 1.309s
0824 03:55:34 ds4-server: chat ctx=0..190:190 prefill chunk 26/190 (13.7%) chunk=19.61 t/s avg=19.12 t/s 1.360s
0824 03:55:34 ds4-server: chat ctx=0..190:190 prefill chunk 27/190 (14.2%) chunk=18.64 t/s avg=19.10 t/s 1.414s
0824 03:55:34 ds4-server: chat ctx=0..190:190 prefill chunk 28/190 (14.7%) chunk=18.52 t/s avg=19.08 t/s 1.468s
0824 03:55:34 ds4-server: chat ctx=0..190:190 prefill chunk 29/190 (15.3%) chunk=18.90 t/s avg=19.07 t/s 1.521s
0824 03:55:35 ds4-server: chat ctx=0..190:190 prefill chunk 30/190 (15.8%) chunk=18.30 t/s avg=19.05 t/s 1.575s
0824 03:55:35 ds4-server: chat ctx=0..190:190 prefill chunk 31/190 (16.3%) chunk=18.90 t/s avg=19.04 t/s 1.628s
0824 03:55:35 ds4-server: chat ctx=0..190:190 prefill chunk 32/190 (16.8%) chunk=18.26 t/s avg=19.01 t/s 1.683s
0824 03:55:35 ds4-server: chat ctx=0..190:190 prefill chunk 33/190 (17.4%) chunk=18.82 t/s avg=19.01 t/s 1.736s
0824 03:55:35 ds4-server: chat ctx=0..190:190 prefill chunk 34/190 (17.9%) chunk=19.16 t/s avg=19.01 t/s 1.788s
0824 03:55:35 ds4-server: chat ctx=0..190:190 prefill chunk 35/190 (18.4%) chunk=17.86 t/s avg=18.98 t/s 1.844s
0824 03:55:35 ds4-server: chat ctx=0..190:190 prefill chunk 36/190 (18.9%) chunk=18.86 t/s avg=18.97 t/s 1.897s
0824 03:55:35 ds4-server: chat ctx=0..190:190 prefill chunk 37/190 (19.5%) chunk=17.75 t/s avg=18.94 t/s 1.954s
0824 03:55:35 ds4-server: chat ctx=0..190:190 prefill chunk 38/190 (20.0%) chunk=17.64 t/s avg=18.90 t/s 2.010s
0824 03:55:35 ds4-server: chat ctx=0..190:190 prefill chunk 39/190 (20.5%) chunk=18.68 t/s avg=18.90 t/s 2.064s
0824 03:55:35 ds4-server: chat ctx=0..190:190 prefill chunk 40/190 (21.1%) chunk=18.51 t/s avg=18.89 t/s 2.118s
0824 03:55:35 ds4-server: chat ctx=0..190:190 prefill chunk 41/190 (21.6%) chunk=18.15 t/s avg=18.87 t/s 2.173s
0824 03:55:35 ds4-server: chat ctx=0..190:190 prefill chunk 42/190 (22.1%) chunk=18.81 t/s avg=18.87 t/s 2.226s
0824 03:55:35 ds4-server: chat ctx=0..190:190 prefill chunk 43/190 (22.6%) chunk=18.79 t/s avg=18.87 t/s 2.279s
0824 03:55:35 ds4-server: chat ctx=0..190:190 prefill chunk 44/190 (23.2%) chunk=18.99 t/s avg=18.87 t/s 2.332s
0824 03:55:35 ds4-server: chat ctx=0..190:190 prefill chunk 45/190 (23.7%) chunk=18.77 t/s avg=18.87 t/s 2.385s
0824 03:55:35 ds4-server: chat ctx=0..190:190 prefill chunk 46/190 (24.2%) chunk=18.02 t/s avg=18.85 t/s 2.441s
0824 03:55:35 ds4-server: chat ctx=0..190:190 prefill chunk 47/190 (24.7%) chunk=18.70 t/s avg=18.84 t/s 2.494s
0824 03:55:35 ds4-server: chat ctx=0..190:190 prefill chunk 48/190 (25.3%) chunk=18.33 t/s avg=18.83 t/s 2.549s
0824 03:55:36 ds4-server: chat ctx=0..190:190 prefill chunk 49/190 (25.8%) chunk=17.98 t/s avg=18.81 t/s 2.604s
0824 03:55:36 ds4-server: chat ctx=0..190:190 prefill chunk 50/190 (26.3%) chunk=18.45 t/s avg=18.81 t/s 2.659s
0824 03:55:36 ds4-server: chat ctx=0..190:190 prefill chunk 51/190 (26.8%) chunk=17.95 t/s avg=18.79 t/s 2.714s
0824 03:55:36 ds4-server: chat ctx=0..190:190 prefill chunk 52/190 (27.4%) chunk=17.95 t/s avg=18.77 t/s 2.770s
0824 03:55:36 ds4-server: chat ctx=0..190:190 prefill chunk 53/190 (27.9%) chunk=18.49 t/s avg=18.77 t/s 2.824s
0824 03:55:36 ds4-server: chat ctx=0..190:190 prefill chunk 54/190 (28.4%) chunk=18.72 t/s avg=18.77 t/s 2.878s
0824 03:55:36 ds4-server: chat ctx=0..190:190 prefill chunk 55/190 (28.9%) chunk=19.44 t/s avg=18.78 t/s 2.929s
0824 03:55:36 ds4-server: chat ctx=0..190:190 prefill chunk 56/190 (29.5%) chunk=18.69 t/s avg=18.78 t/s 2.983s
0824 03:55:36 ds4-server: chat ctx=0..190:190 prefill chunk 57/190 (30.0%) chunk=18.52 t/s avg=18.77 t/s 3.037s
0824 03:55:36 ds4-server: chat ctx=0..190:190 prefill chunk 58/190 (30.5%) chunk=18.36 t/s avg=18.76 t/s 3.091s
0824 03:55:36 ds4-server: chat ctx=0..190:190 prefill chunk 59/190 (31.1%) chunk=18.84 t/s avg=18.77 t/s 3.144s
0824 03:55:36 ds4-server: chat ctx=0..190:190 prefill chunk 60/190 (31.6%) chunk=19.76 t/s avg=18.78 t/s 3.195s
0824 03:55:36 ds4-server: chat ctx=0..190:190 prefill chunk 61/190 (32.1%) chunk=19.23 t/s avg=18.79 t/s 3.247s
0824 03:55:36 ds4-server: chat ctx=0..190:190 prefill chunk 62/190 (32.6%) chunk=20.07 t/s avg=18.81 t/s 3.296s
0824 03:55:36 ds4-server: chat ctx=0..190:190 prefill chunk 63/190 (33.2%) chunk=19.23 t/s avg=18.81 t/s 3.348s
0824 03:55:36 ds4-server: chat ctx=0..190:190 prefill chunk 64/190 (33.7%) chunk=19.40 t/s avg=18.82 t/s 3.400s
0824 03:55:36 ds4-server: chat ctx=0..190:190 prefill chunk 65/190 (34.2%) chunk=19.88 t/s avg=18.84 t/s 3.450s
0824 03:55:36 ds4-server: chat ctx=0..190:190 prefill chunk 66/190 (34.7%) chunk=18.54 t/s avg=18.83 t/s 3.504s
0824 03:55:37 ds4-server: chat ctx=0..190:190 prefill chunk 67/190 (35.3%) chunk=18.42 t/s avg=18.83 t/s 3.559s
0824 03:55:37 ds4-server: chat ctx=0..190:190 prefill chunk 68/190 (35.8%) chunk=18.63 t/s avg=18.83 t/s 3.612s
0824 03:55:37 ds4-server: chat ctx=0..190:190 prefill chunk 69/190 (36.3%) chunk=18.35 t/s avg=18.82 t/s 3.667s
0824 03:55:37 ds4-server: chat ctx=0..190:190 prefill chunk 70/190 (36.8%) chunk=18.37 t/s avg=18.81 t/s 3.721s
0824 03:55:37 ds4-server: chat ctx=0..190:190 prefill chunk 71/190 (37.4%) chunk=18.46 t/s avg=18.81 t/s 3.775s
0824 03:55:37 ds4-server: chat ctx=0..190:190 prefill chunk 72/190 (37.9%) chunk=18.73 t/s avg=18.81 t/s 3.829s
0824 03:55:37 ds4-server: chat ctx=0..190:190 prefill chunk 73/190 (38.4%) chunk=18.94 t/s avg=18.81 t/s 3.881s
0824 03:55:37 ds4-server: chat ctx=0..190:190 prefill chunk 74/190 (38.9%) chunk=18.44 t/s avg=18.80 t/s 3.936s
0824 03:55:37 ds4-server: chat ctx=0..190:190 prefill chunk 75/190 (39.5%) chunk=18.79 t/s avg=18.80 t/s 3.989s
0824 03:55:37 ds4-server: chat ctx=0..190:190 prefill chunk 76/190 (40.0%) chunk=18.56 t/s avg=18.80 t/s 4.043s
0824 03:55:37 ds4-server: chat ctx=0..190:190 prefill chunk 77/190 (40.5%) chunk=18.64 t/s avg=18.80 t/s 4.096s
0824 03:55:37 ds4-server: chat ctx=0..190:190 prefill chunk 78/190 (41.1%) chunk=18.72 t/s avg=18.80 t/s 4.150s
0824 03:55:37 ds4-server: chat ctx=0..190:190 prefill chunk 79/190 (41.6%) chunk=17.82 t/s avg=18.78 t/s 4.206s
0824 03:55:37 ds4-server: chat ctx=0..190:190 prefill chunk 80/190 (42.1%) chunk=19.51 t/s avg=18.79 t/s 4.257s
0824 03:55:37 ds4-server: chat ctx=0..190:190 prefill chunk 81/190 (42.6%) chunk=18.59 t/s avg=18.79 t/s 4.311s
0824 03:55:37 ds4-server: chat ctx=0..190:190 prefill chunk 82/190 (43.2%) chunk=18.18 t/s avg=18.78 t/s 4.366s
0824 03:55:37 ds4-server: chat ctx=0..190:190 prefill chunk 83/190 (43.7%) chunk=18.56 t/s avg=18.78 t/s 4.420s
0824 03:55:37 ds4-server: chat ctx=0..190:190 prefill chunk 84/190 (44.2%) chunk=17.59 t/s avg=18.76 t/s 4.477s
0824 03:55:37 ds4-server: chat ctx=0..190:190 prefill chunk 85/190 (44.7%) chunk=18.15 t/s avg=18.76 t/s 4.532s
0824 03:55:38 ds4-server: chat ctx=0..190:190 prefill chunk 86/190 (45.3%) chunk=18.11 t/s avg=18.75 t/s 4.587s
0824 03:55:38 ds4-server: chat ctx=0..190:190 prefill chunk 87/190 (45.8%) chunk=17.25 t/s avg=18.73 t/s 4.645s
0824 03:55:38 ds4-server: chat ctx=0..190:190 prefill chunk 88/190 (46.3%) chunk=17.80 t/s avg=18.72 t/s 4.701s
0824 03:55:38 ds4-server: chat ctx=0..190:190 prefill chunk 89/190 (46.8%) chunk=18.93 t/s avg=18.72 t/s 4.754s
0824 03:55:38 ds4-server: chat ctx=0..190:190 prefill chunk 90/190 (47.4%) chunk=18.58 t/s avg=18.72 t/s 4.808s
0824 03:55:38 ds4-server: chat ctx=0..190:190 prefill chunk 91/190 (47.9%) chunk=19.24 t/s avg=18.72 t/s 4.860s
0824 03:55:38 ds4-server: chat ctx=0..190:190 prefill chunk 92/190 (48.4%) chunk=18.69 t/s avg=18.72 t/s 4.913s
0824 03:55:38 ds4-server: chat ctx=0..190:190 prefill chunk 93/190 (48.9%) chunk=17.81 t/s avg=18.71 t/s 4.970s
0824 03:55:38 ds4-server: chat ctx=0..190:190 prefill chunk 94/190 (49.5%) chunk=18.68 t/s avg=18.71 t/s 5.023s
0824 03:55:38 ds4-server: chat ctx=0..190:190 prefill chunk 95/190 (50.0%) chunk=18.56 t/s avg=18.71 t/s 5.077s
0824 03:55:38 ds4-server: chat ctx=0..190:190 prefill chunk 96/190 (50.5%) chunk=19.20 t/s avg=18.72 t/s 5.129s
0824 03:55:38 ds4-server: chat ctx=0..190:190 prefill chunk 97/190 (51.1%) chunk=18.66 t/s avg=18.72 t/s 5.183s
0824 03:55:38 ds4-server: chat ctx=0..190:190 prefill chunk 98/190 (51.6%) chunk=18.26 t/s avg=18.71 t/s 5.237s
0824 03:55:38 ds4-server: chat ctx=0..190:190 prefill chunk 99/190 (52.1%) chunk=18.90 t/s avg=18.71 t/s 5.290s
0824 03:55:38 ds4-server: chat ctx=0..190:190 prefill chunk 100/190 (52.6%) chunk=18.33 t/s avg=18.71 t/s 5.345s
0824 03:55:38 ds4-server: chat ctx=0..190:190 prefill chunk 101/190 (53.2%) chunk=18.51 t/s avg=18.71 t/s 5.399s
0824 03:55:38 ds4-server: chat ctx=0..190:190 prefill chunk 102/190 (53.7%) chunk=18.90 t/s avg=18.71 t/s 5.452s
0824 03:55:38 ds4-server: chat ctx=0..190:190 prefill chunk 103/190 (54.2%) chunk=17.87 t/s avg=18.70 t/s 5.508s
0824 03:55:39 ds4-server: chat ctx=0..190:190 prefill chunk 104/190 (54.7%) chunk=18.93 t/s avg=18.70 t/s 5.561s
0824 03:55:39 ds4-server: chat ctx=0..190:190 prefill chunk 105/190 (55.3%) chunk=18.29 t/s avg=18.70 t/s 5.615s
0824 03:55:39 ds4-server: chat ctx=0..190:190 prefill chunk 106/190 (55.8%) chunk=17.89 t/s avg=18.69 t/s 5.671s
0824 03:55:39 ds4-server: chat ctx=0..190:190 prefill chunk 107/190 (56.3%) chunk=18.88 t/s avg=18.69 t/s 5.724s
0824 03:55:39 ds4-server: chat ctx=0..190:190 prefill chunk 108/190 (56.8%) chunk=17.98 t/s avg=18.69 t/s 5.780s
0824 03:55:39 ds4-server: chat ctx=0..190:190 prefill chunk 109/190 (57.4%) chunk=17.78 t/s avg=18.68 t/s 5.836s
0824 03:55:39 ds4-server: chat ctx=0..190:190 prefill chunk 110/190 (57.9%) chunk=18.45 t/s avg=18.68 t/s 5.890s
0824 03:55:39 ds4-server: chat ctx=0..190:190 prefill chunk 111/190 (58.4%) chunk=17.28 t/s avg=18.66 t/s 5.948s
0824 03:55:39 ds4-server: chat ctx=0..190:190 prefill chunk 112/190 (58.9%) chunk=17.91 t/s avg=18.65 t/s 6.004s
0824 03:55:39 ds4-server: chat ctx=0..190:190 prefill chunk 113/190 (59.5%) chunk=18.62 t/s avg=18.65 t/s 6.058s
0824 03:55:39 ds4-server: chat ctx=0..190:190 prefill chunk 114/190 (60.0%) chunk=17.83 t/s avg=18.65 t/s 6.114s
0824 03:55:39 ds4-server: chat ctx=0..190:190 prefill chunk 115/190 (60.5%) chunk=17.71 t/s avg=18.64 t/s 6.170s
0824 03:55:39 ds4-server: chat ctx=0..190:190 prefill chunk 116/190 (61.1%) chunk=18.11 t/s avg=18.63 t/s 6.225s
0824 03:55:39 ds4-server: chat ctx=0..190:190 prefill chunk 117/190 (61.6%) chunk=18.14 t/s avg=18.63 t/s 6.280s
0824 03:55:39 ds4-server: chat ctx=0..190:190 prefill chunk 118/190 (62.1%) chunk=17.94 t/s avg=18.62 t/s 6.336s
0824 03:55:39 ds4-server: chat ctx=0..190:190 prefill chunk 119/190 (62.6%) chunk=18.66 t/s avg=18.62 t/s 6.390s
0824 03:55:39 ds4-server: chat ctx=0..190:190 prefill chunk 120/190 (63.2%) chunk=18.46 t/s avg=18.62 t/s 6.444s
0824 03:55:39 ds4-server: chat ctx=0..190:190 prefill chunk 121/190 (63.7%) chunk=18.76 t/s avg=18.62 t/s 6.497s
0824 03:55:39 ds4-server: chat ctx=0..190:190 prefill chunk 122/190 (64.2%) chunk=18.71 t/s avg=18.62 t/s 6.551s
0824 03:55:40 ds4-server: chat ctx=0..190:190 prefill chunk 123/190 (64.7%) chunk=18.60 t/s avg=18.62 t/s 6.604s
0824 03:55:40 ds4-server: chat ctx=0..190:190 prefill chunk 124/190 (65.3%) chunk=18.61 t/s avg=18.62 t/s 6.658s
0824 03:55:40 ds4-server: chat ctx=0..190:190 prefill chunk 125/190 (65.8%) chunk=17.67 t/s avg=18.62 t/s 6.715s
0824 03:55:40 ds4-server: chat ctx=0..190:190 prefill chunk 126/190 (66.3%) chunk=17.97 t/s avg=18.61 t/s 6.770s
0824 03:55:40 ds4-server: chat ctx=0..190:190 prefill chunk 127/190 (66.8%) chunk=18.87 t/s avg=18.61 t/s 6.823s
0824 03:55:40 ds4-server: chat ctx=0..190:190 prefill chunk 128/190 (67.4%) chunk=18.02 t/s avg=18.61 t/s 6.879s
0824 03:55:40 ds4-server: chat ctx=0..190:190 prefill chunk 129/190 (67.9%) chunk=17.83 t/s avg=18.60 t/s 6.935s
0824 03:55:40 ds4-server: chat ctx=0..190:190 prefill chunk 130/190 (68.4%) chunk=18.31 t/s avg=18.60 t/s 6.990s
0824 03:55:40 ds4-server: chat ctx=0..190:190 prefill chunk 131/190 (68.9%) chunk=17.73 t/s avg=18.59 t/s 7.046s
0824 03:55:40 ds4-server: chat ctx=0..190:190 prefill chunk 132/190 (69.5%) chunk=17.85 t/s avg=18.59 t/s 7.102s
0824 03:55:40 ds4-server: chat ctx=0..190:190 prefill chunk 133/190 (70.0%) chunk=18.58 t/s avg=18.59 t/s 7.156s
0824 03:55:40 ds4-server: chat ctx=0..190:190 prefill chunk 134/190 (70.5%) chunk=17.53 t/s avg=18.58 t/s 7.213s
0824 03:55:40 ds4-server: chat ctx=0..190:190 prefill chunk 135/190 (71.1%) chunk=17.65 t/s avg=18.57 t/s 7.270s
0824 03:55:40 ds4-server: chat ctx=0..190:190 prefill chunk 136/190 (71.6%) chunk=18.14 t/s avg=18.57 t/s 7.325s
0824 03:55:40 ds4-server: chat ctx=0..190:190 prefill chunk 137/190 (72.1%) chunk=17.50 t/s avg=18.56 t/s 7.382s
0824 03:55:40 ds4-server: chat ctx=0..190:190 prefill chunk 138/190 (72.6%) chunk=18.20 t/s avg=18.56 t/s 7.437s
0824 03:55:40 ds4-server: chat ctx=0..190:190 prefill chunk 139/190 (73.2%) chunk=18.78 t/s avg=18.56 t/s 7.490s
0824 03:55:40 ds4-server: chat ctx=0..190:190 prefill chunk 140/190 (73.7%) chunk=17.35 t/s avg=18.55 t/s 7.548s
0824 03:55:41 ds4-server: chat ctx=0..190:190 prefill chunk 141/190 (74.2%) chunk=17.94 t/s avg=18.54 t/s 7.603s
0824 03:55:41 ds4-server: chat ctx=0..190:190 prefill chunk 142/190 (74.7%) chunk=17.63 t/s avg=18.54 t/s 7.660s
0824 03:55:41 ds4-server: chat ctx=0..190:190 prefill chunk 143/190 (75.3%) chunk=17.98 t/s avg=18.53 t/s 7.716s
0824 03:55:41 ds4-server: chat ctx=0..190:190 prefill chunk 144/190 (75.8%) chunk=18.01 t/s avg=18.53 t/s 7.771s
ds4: qwen35moe experts/token avg over 128 tokens: 0:14.7 1:15.0 2:14.6 3:15.9 4:15.2 5:14.8 6:15.0 7:15.8 8:16.1 9:15.7 10:14.1 11:13.7 12:15.4 13:14.6 14:14.0 15:15.1 16:14.9 17:14.8 18:14.9 19:14.8 20:15.8 21:15.2 22:14.7 23:15.2 24:15.6 25:15.2 26:15.2 27:16.0 28:16.0 29:16.2 30:16.5 31:17.1 32:16.2 33:17.2 34:16.4 35:18.7 36:19.1 37:19.1 38:19.6 39:19.1 | mean 15.8
0824 03:55:41 ds4-server: chat ctx=0..190:190 prefill chunk 145/190 (76.3%) chunk=18.93 t/s avg=18.53 t/s 7.824s
0824 03:55:41 ds4-server: chat ctx=0..190:190 prefill chunk 146/190 (76.8%) chunk=17.71 t/s avg=18.53 t/s 7.881s
0824 03:55:41 ds4-server: chat ctx=0..190:190 prefill chunk 147/190 (77.4%) chunk=17.85 t/s avg=18.52 t/s 7.937s
0824 03:55:41 ds4-server: chat ctx=0..190:190 prefill chunk 148/190 (77.9%) chunk=18.26 t/s avg=18.52 t/s 7.991s
0824 03:55:41 ds4-server: chat ctx=0..190:190 prefill chunk 149/190 (78.4%) chunk=17.58 t/s avg=18.51 t/s 8.048s
0824 03:55:41 ds4-server: chat ctx=0..190:190 prefill chunk 150/190 (78.9%) chunk=17.89 t/s avg=18.51 t/s 8.104s
0824 03:55:41 ds4-server: chat ctx=0..190:190 prefill chunk 151/190 (79.5%) chunk=18.53 t/s avg=18.51 t/s 8.158s
0824 03:55:41 ds4-server: chat ctx=0..190:190 prefill chunk 152/190 (80.0%) chunk=17.93 t/s avg=18.51 t/s 8.214s
0824 03:55:41 ds4-server: chat ctx=0..190:190 prefill chunk 153/190 (80.5%) chunk=17.74 t/s avg=18.50 t/s 8.270s
0824 03:55:41 ds4-server: chat ctx=0..190:190 prefill chunk 154/190 (81.1%) chunk=18.54 t/s avg=18.50 t/s 8.324s
0824 03:55:41 ds4-server: chat ctx=0..190:190 prefill chunk 155/190 (81.6%) chunk=17.38 t/s avg=18.49 t/s 8.382s
0824 03:55:41 ds4-server: chat ctx=0..190:190 prefill chunk 156/190 (82.1%) chunk=17.10 t/s avg=18.48 t/s 8.440s
0824 03:55:41 ds4-server: chat ctx=0..190:190 prefill chunk 157/190 (82.6%) chunk=18.48 t/s avg=18.48 t/s 8.494s
0824 03:55:41 ds4-server: chat ctx=0..190:190 prefill chunk 158/190 (83.2%) chunk=17.78 t/s avg=18.48 t/s 8.551s
0824 03:55:42 ds4-server: chat ctx=0..190:190 prefill chunk 159/190 (83.7%) chunk=17.24 t/s avg=18.47 t/s 8.609s
0824 03:55:42 ds4-server: chat ctx=0..190:190 prefill chunk 160/190 (84.2%) chunk=18.27 t/s avg=18.47 t/s 8.663s
0824 03:55:42 ds4-server: chat ctx=0..190:190 prefill chunk 161/190 (84.7%) chunk=17.47 t/s avg=18.46 t/s 8.721s
0824 03:55:42 ds4-server: chat ctx=0..190:190 prefill chunk 162/190 (85.3%) chunk=17.21 t/s avg=18.45 t/s 8.779s
0824 03:55:42 ds4-server: chat ctx=0..190:190 prefill chunk 163/190 (85.8%) chunk=17.82 t/s avg=18.45 t/s 8.835s
0824 03:55:42 ds4-server: chat ctx=0..190:190 prefill chunk 164/190 (86.3%) chunk=18.36 t/s avg=18.45 t/s 8.889s
0824 03:55:42 ds4-server: chat ctx=0..190:190 prefill chunk 165/190 (86.8%) chunk=17.26 t/s avg=18.44 t/s 8.947s
0824 03:55:42 ds4-server: chat ctx=0..190:190 prefill chunk 166/190 (87.4%) chunk=17.87 t/s avg=18.44 t/s 9.003s
0824 03:55:42 ds4-server: chat ctx=0..190:190 prefill chunk 167/190 (87.9%) chunk=17.51 t/s avg=18.43 t/s 9.060s
0824 03:55:42 ds4-server: chat ctx=0..190:190 prefill chunk 168/190 (88.4%) chunk=17.29 t/s avg=18.42 t/s 9.118s
0824 03:55:42 ds4-server: chat ctx=0..190:190 prefill chunk 169/190 (88.9%) chunk=17.33 t/s avg=18.42 t/s 9.176s
0824 03:55:42 ds4-server: chat ctx=0..190:190 prefill chunk 170/190 (89.5%) chunk=18.41 t/s avg=18.42 t/s 9.230s
0824 03:55:42 ds4-server: chat ctx=0..190:190 prefill chunk 171/190 (90.0%) chunk=17.06 t/s avg=18.41 t/s 9.289s
0824 03:55:42 ds4-server: chat ctx=0..190:190 prefill chunk 172/190 (90.5%) chunk=17.99 t/s avg=18.41 t/s 9.344s
0824 03:55:42 ds4-server: chat ctx=0..190:190 prefill chunk 173/190 (91.1%) chunk=17.30 t/s avg=18.40 t/s 9.402s
0824 03:55:42 ds4-server: chat ctx=0..190:190 prefill chunk 174/190 (91.6%) chunk=17.48 t/s avg=18.39 t/s 9.459s
0824 03:55:42 ds4-server: chat ctx=0..190:190 prefill chunk 175/190 (92.1%) chunk=17.34 t/s avg=18.39 t/s 9.517s
0824 03:55:43 ds4-server: chat ctx=0..190:190 prefill chunk 176/190 (92.6%) chunk=17.71 t/s avg=18.38 t/s 9.574s
0824 03:55:43 ds4-server: chat ctx=0..190:190 prefill chunk 177/190 (93.2%) chunk=17.89 t/s avg=18.38 t/s 9.629s
0824 03:55:43 ds4-server: chat ctx=0..190:190 prefill chunk 178/190 (93.7%) chunk=17.78 t/s avg=18.38 t/s 9.686s
0824 03:55:43 ds4-server: chat ctx=0..190:190 prefill chunk 179/190 (94.2%) chunk=17.00 t/s avg=18.37 t/s 9.744s
0824 03:55:43 ds4-server: chat ctx=0..190:190 prefill chunk 180/190 (94.7%) chunk=17.60 t/s avg=18.36 t/s 9.801s
0824 03:55:43 ds4-server: chat ctx=0..190:190 prefill chunk 181/190 (95.3%) chunk=18.98 t/s avg=18.37 t/s 9.854s
0824 03:55:43 ds4-server: chat ctx=0..190:190 prefill chunk 182/190 (95.8%) chunk=17.59 t/s avg=18.36 t/s 9.911s
0824 03:55:43 ds4-server: chat ctx=0..190:190 prefill chunk 183/190 (96.3%) chunk=17.95 t/s avg=18.36 t/s 9.967s
0824 03:55:43 ds4-server: chat ctx=0..190:190 prefill chunk 184/190 (96.8%) chunk=18.59 t/s avg=18.36 t/s 10.020s
0824 03:55:43 ds4-server: chat ctx=0..190:190 prefill chunk 185/190 (97.4%) chunk=17.15 t/s avg=18.36 t/s 10.079s
0824 03:55:43 ds4-server: chat ctx=0..190:190 prefill chunk 186/190 (97.9%) chunk=18.42 t/s avg=18.36 t/s 10.133s
0824 03:55:43 ds4-server: chat ctx=0..190:190 prefill chunk 187/190 (98.4%) chunk=19.26 t/s avg=18.36 t/s 10.185s
0824 03:55:43 ds4-server: chat ctx=0..190:190 prefill chunk 188/190 (98.9%) chunk=18.06 t/s avg=18.36 t/s 10.240s
0824 03:55:43 ds4-server: chat ctx=0..190:190 prefill chunk 189/190 (99.5%) chunk=19.90 t/s avg=18.37 t/s 10.290s
0824 03:55:43 ds4-server: chat ctx=0..190:190 prefill chunk 190/190 (100.0%) chunk=19.06 t/s avg=18.37 t/s 10.343s
0824 03:55:43 ds4-server: chat ctx=0..190:190 prompt done 10.343s
0824 03:55:46 ds4-server: chat ctx=190..240:50 gen=50 THINKING decoding chunk=18.21 t/s avg=18.21 t/s 2.746s
ds4: qwen35moe experts/token avg over 128 tokens: 0:15.1 1:14.7 2:15.3 3:16.0 4:16.2 5:15.5 6:15.4 7:16.0 8:16.7 9:16.4 10:14.6 11:14.3 12:15.9 13:14.8 14:15.1 15:15.5 16:16.2 17:15.7 18:15.9 19:15.7 20:16.4 21:16.7 22:15.4 23:15.4 24:16.9 25:15.8 26:16.8 27:16.9 28:16.2 29:16.4 30:16.9 31:17.0 32:16.4 33:17.4 34:16.6 35:18.3 36:18.3 37:19.0 38:19.3 39:18.4 | mean 16.3
0824 03:55:49 ds4-server: chat ctx=240..290:50 gen=100 THINKING decoding chunk=17.87 t/s avg=18.04 t/s 5.544s
0824 03:55:52 ds4-server: chat ctx=290..340:50 gen=150 THINKING decoding chunk=17.81 t/s avg=17.96 t/s 8.351s
0824 03:55:54 ds4-server: chat ctx=340..390:50 gen=200 THINKING decoding chunk=17.50 t/s avg=17.84 t/s 11.209s
ds4: qwen35moe experts/token avg over 128 tokens: 0:14.6 1:15.3 2:15.8 3:17.1 4:16.5 5:16.4 6:16.5 7:17.6 8:18.5 9:17.0 10:14.8 11:15.1 12:16.4 13:16.3 14:16.6 15:16.6 16:16.6 17:15.9 18:16.6 19:16.5 20:17.8 21:17.2 22:15.5 23:15.7 24:17.0 25:16.8 26:17.0 27:17.0 28:16.3 29:15.5 30:15.7 31:16.5 32:15.8 33:16.5 34:16.1 35:17.9 36:18.6 37:18.7 38:19.3 39:18.5 | mean 16.7
0824 03:55:57 ds4-server: chat ctx=390..440:50 gen=250 THINKING decoding chunk=17.02 t/s avg=17.67 t/s 14.146s
0824 03:56:00 ds4-server: chat ctx=440..490:50 gen=300 THINKING decoding chunk=17.06 t/s avg=17.57 t/s 17.077s
ds4: qwen35moe experts/token avg over 128 tokens: 0:16.1 1:16.7 2:16.7 3:17.7 4:17.5 5:17.3 6:17.2 7:18.2 8:18.1 9:17.9 10:16.3 11:15.8 12:17.0 13:16.6 14:16.8 15:17.6 16:17.1 17:16.8 18:17.3 19:17.4 20:17.8 21:17.8 22:16.5 23:16.6 24:17.9 25:17.0 26:17.8 27:17.7 28:17.5 29:17.5 30:18.1 31:18.4 32:18.1 33:18.4 34:18.2 35:18.8 36:19.2 37:19.4 38:19.7 39:19.3 | mean 17.6
0824 03:56:03 ds4-server: chat ctx=490..540:50 gen=350 THINKING decoding chunk=17.07 t/s avg=17.49 t/s 20.006s
0824 03:56:06 ds4-server: chat ctx=540..590:50 gen=400 THINKING decoding chunk=17.24 t/s avg=17.46 t/s 22.906s
0824 03:56:09 ds4-server: chat ctx=590..640:50 gen=450 THINKING decoding chunk=17.30 t/s avg=17.44 t/s 25.797s
ds4: qwen35moe experts/token avg over 128 tokens: 0:14.5 1:15.7 2:16.2 3:17.1 4:16.5 5:16.3 6:16.5 7:17.4 8:18.2 9:17.1 10:15.4 11:15.3 12:16.3 13:16.6 14:16.8 15:17.1 16:16.8 17:16.3 18:16.3 19:16.3 20:16.8 21:16.8 22:15.2 23:15.8 24:16.2 25:15.6 26:16.5 27:16.7 28:15.9 29:15.5 30:15.5 31:16.3 32:15.2 33:16.1 34:15.5 35:17.3 36:17.5 37:18.1 38:18.5 39:17.0 | mean 16.4
0824 03:56:12 ds4-server: chat ctx=640..690:50 gen=500 THINKING decoding chunk=16.92 t/s avg=17.39 t/s 28.752s
0824 03:56:15 ds4-server: chat ctx=690..740:50 gen=550 THINKING decoding chunk=16.54 t/s avg=17.31 t/s 31.775s
ds4: qwen35moe experts/token avg over 128 tokens: 0:14.6 1:16.2 2:16.5 3:17.2 4:17.3 5:17.1 6:16.8 7:18.8 8:18.4 9:18.0 10:16.3 11:16.3 12:17.2 13:17.2 14:17.9 15:18.0 16:17.4 17:16.9 18:17.1 19:17.1 20:18.1 21:17.5 22:15.9 23:15.8 24:16.9 25:16.9 26:17.4 27:16.7 28:17.1 29:16.2 30:16.3 31:17.5 32:16.7 33:16.6 34:16.2 35:18.2 36:19.0 37:18.9 38:19.3 39:18.7 | mean 17.2
0824 03:56:18 ds4-server: chat ctx=740..790:50 gen=600 THINKING decoding chunk=16.87 t/s avg=17.27 t/s 34.740s
0824 03:56:21 ds4-server: chat ctx=790..840:50 gen=650 THINKING decoding chunk=16.82 t/s avg=17.24 t/s 37.712s
0824 03:56:24 ds4-server: chat ctx=840..890:50 gen=700 THINKING decoding chunk=16.48 t/s avg=17.18 t/s 40.746s
ds4: qwen35moe experts/token avg over 128 tokens: 0:14.6 1:15.8 2:15.5 3:16.8 4:16.9 5:16.5 6:16.5 7:17.8 8:18.5 9:18.1 10:16.1 11:15.5 12:17.3 13:16.9 14:17.4 15:17.3 16:16.7 17:16.9 18:16.5 19:16.4 20:18.2 21:17.6 22:15.9 23:16.0 24:17.2 25:16.5 26:16.7 27:17.3 28:16.3 29:16.4 30:16.4 31:17.0 32:16.6 33:16.9 34:16.1 35:18.0 36:18.2 37:18.5 38:19.0 39:18.4 | mean 16.9
0824 03:56:27 ds4-server: chat ctx=890..940:50 gen=750 THINKING decoding chunk=16.43 t/s avg=17.13 t/s 43.789s
0824 03:56:30 ds4-server: chat ctx=940..990:50 gen=800 THINKING decoding chunk=16.32 t/s avg=17.07 t/s 46.853s
0824 03:56:33 ds4-server: chat ctx=990..1040:50 gen=850 THINKING decoding chunk=16.76 t/s avg=17.06 t/s 49.837s
ds4: qwen35moe experts/token avg over 128 tokens: 0:14.6 1:15.6 2:15.7 3:17.0 4:16.8 5:16.9 6:17.6 7:17.8 8:17.9 9:17.7 10:16.3 11:15.9 12:16.9 13:16.5 14:17.0 15:17.2 16:16.7 17:16.8 18:16.3 19:17.1 20:17.4 21:17.2 22:15.2 23:15.7 24:16.5 25:16.7 26:16.5 27:16.4 28:16.7 29:15.7 30:16.2 31:17.3 32:15.5 33:16.0 34:15.8 35:17.6 36:18.3 37:18.3 38:18.9 39:17.9 | mean 16.8
0824 03:56:36 ds4-server: chat ctx=1040..1090:50 gen=900 THINKING decoding chunk=16.52 t/s avg=17.03 t/s 52.863s
0824 03:56:39 ds4-server: chat ctx=1090..1140:50 gen=950 THINKING decoding chunk=16.01 t/s avg=16.97 t/s 55.987s
ds4: qwen35moe experts/token avg over 128 tokens: 0:14.8 1:16.2 2:16.6 3:17.8 4:17.4 5:17.4 6:17.6 7:18.2 8:18.3 9:18.1 10:16.6 11:16.3 12:18.0 13:18.1 14:18.1 15:18.2 16:17.4 17:17.2 18:17.1 19:16.7 20:18.2 21:17.8 22:15.8 23:15.9 24:17.3 25:17.1 26:17.1 27:17.1 28:16.0 29:15.7 30:16.0 31:16.9 32:16.0 33:15.8 34:15.5 35:17.6 36:18.2 37:18.5 38:19.0 39:17.8 | mean 17.1
0824 03:56:42 ds4-server: chat ctx=1140..1190:50 gen=1000 THINKING decoding chunk=15.76 t/s avg=16.90 t/s 59.159s
0824 03:56:46 ds4-server: chat ctx=1190..1240:50 gen=1050 THINKING decoding chunk=16.22 t/s avg=16.87 t/s 62.241s
0824 03:56:49 ds4-server: chat ctx=1240..1290:50 gen=1100 THINKING decoding chunk=15.66 t/s avg=16.81 t/s 65.435s
ds4: qwen35moe experts/token avg over 128 tokens: 0:14.6 1:16.2 2:16.2 3:17.7 4:17.1 5:16.7 6:17.2 7:18.0 8:18.4 9:18.0 10:16.7 11:16.2 12:17.7 13:17.5 14:17.8 15:18.3 16:17.4 17:17.4 18:17.5 19:17.4 20:17.9 21:17.6 22:16.6 23:16.5 24:17.6 25:17.1 26:17.3 27:17.1 28:16.7 29:16.6 30:17.0 31:17.4 32:16.3 33:16.9 34:16.4 35:18.0 36:18.6 37:18.8 38:19.4 39:18.1 | mean 17.3
0824 03:56:52 ds4-server: chat ctx=1290..1340:50 gen=1150 THINKING decoding chunk=15.91 t/s avg=16.77 t/s 68.578s
0824 03:56:55 ds4-server: chat ctx=1340..1390:50 gen=1200 THINKING decoding chunk=15.53 t/s avg=16.71 t/s 71.798s
ds4: qwen35moe experts/token avg over 128 tokens: 0:15.2 1:16.2 2:16.1 3:17.3 4:17.8 5:17.5 6:17.5 7:18.2 8:18.6 9:18.3 10:16.6 11:16.7 12:18.0 13:18.0 14:18.5 15:18.5 16:17.8 17:17.7 18:17.4 19:17.0 20:18.9 21:18.2 22:16.6 23:16.2 24:18.0 25:17.6 26:17.6 27:17.6 28:16.9 29:16.5 30:16.1 31:17.5 32:16.1 33:16.7 34:16.3 35:17.9 36:18.6 37:18.8 38:19.0 39:18.5 | mean 17.5
0824 03:56:58 ds4-server: chat ctx=1390..1440:50 gen=1250 THINKING decoding chunk=15.51 t/s avg=16.66 t/s 75.021s
0824 03:57:01 ds4-server: chat ctx=1440..1490:50 gen=1300 THINKING decoding chunk=15.71 t/s avg=16.62 t/s 78.204s
0824 03:57:05 ds4-server: chat ctx=1490..1540:50 gen=1350 THINKING decoding chunk=15.90 t/s avg=16.60 t/s 81.349s
ds4: qwen35moe experts/token avg over 128 tokens: 0:14.5 1:15.5 2:15.3 3:16.5 4:17.1 5:16.4 6:16.6 7:17.6 8:18.3 9:17.4 10:16.1 11:16.4 12:17.4 13:17.0 14:17.3 15:17.5 16:17.0 17:17.0 18:16.7 19:16.8 20:17.7 21:17.6 22:16.0 23:15.8 24:16.5 25:16.6 26:16.7 27:16.2 28:16.6 29:15.9 30:15.8 31:16.8 32:15.6 33:16.0 34:15.5 35:17.2 36:17.7 37:18.2 38:18.4 39:17.3 | mean 16.7
0824 03:57:08 ds4-server: chat ctx=1540..1590:50 gen=1400 THINKING decoding chunk=15.29 t/s avg=16.54 t/s 84.619s
0824 03:57:11 ds4-server: chat ctx=1590..1640:50 gen=1450 THINKING decoding chunk=15.25 t/s avg=16.50 t/s 87.898s
ds4: qwen35moe experts/token avg over 128 tokens: 0:15.0 1:16.2 2:16.5 3:17.5 4:17.9 5:17.9 6:18.3 7:18.8 8:19.1 9:19.0 10:17.2 11:16.9 12:18.3 13:18.0 14:18.8 15:18.8 16:18.3 17:18.1 18:17.5 19:17.7 20:18.8 21:18.3 22:16.4 23:16.7 24:18.2 25:17.7 26:17.8 27:17.8 28:17.0 29:16.4 30:16.4 31:17.7 32:15.9 33:17.1 34:16.2 35:18.3 36:19.0 37:18.9 38:18.9 39:18.5 | mean 17.7
0824 03:57:14 ds4-server: chat ctx=1640..1690:50 gen=1500 decoding chunk=15.36 t/s avg=16.46 t/s 91.152s
0824 03:57:18 ds4-server: chat ctx=1690..1740:50 gen=1550 decoding chunk=14.97 t/s avg=16.40 t/s 94.492s
0824 03:57:21 ds4-server: chat ctx=1740..1790:50 gen=1600 decoding chunk=14.92 t/s avg=16.35 t/s 97.842s
ds4: qwen35moe experts/token avg over 128 tokens: 0:15.2 1:16.3 2:17.0 3:18.1 4:18.0 5:18.4 6:19.0 7:18.9 8:19.1 9:18.9 10:17.2 11:17.2 12:18.9 13:18.7 14:19.3 15:19.1 16:18.9 17:18.8 18:18.4 19:18.0 20:19.5 21:19.0 22:17.8 23:17.6 24:18.9 25:18.6 26:18.8 27:18.5 28:17.8 29:17.1 30:17.0 31:18.2 32:16.8 33:17.6 34:17.0 35:18.8 36:19.3 37:19.3 38:19.5 39:18.9 | mean 18.2
0824 03:57:24 ds4-server: chat ctx=1790..1831:41 gen=1641 decoding chunk=14.85 t/s avg=16.31 t/s 100.604s
0824 03:57:24 ds4-server: thinking live checkpoint remembered ctx=0..190:190 live=1831 visible=1066
0824 03:57:24 ds4-server: chat ctx=0..190:190 gen=1641 finish=stop 110.947s
0824 03:57:24 ds4-server: live kv cache miss live=1831 prompt=169 common=52 reason=token-mismatch
0824 03:57:24 ds4-server: chat ctx=0..169:169 prompt start
0824 03:57:24 ds4-server: chat ctx=0..169:169 prefill chunk 1/169 (0.6%) chunk=0.00 t/s avg=18.95 t/s 0.053s
0824 03:57:24 ds4-server: chat ctx=0..169:169 prefill chunk 2/169 (1.2%) chunk=19.91 t/s avg=19.42 t/s 0.103s
0824 03:57:24 ds4-server: chat ctx=0..169:169 prefill chunk 3/169 (1.8%) chunk=19.20 t/s avg=19.35 t/s 0.155s
0824 03:57:24 ds4-server: chat ctx=0..169:169 prefill chunk 4/169 (2.4%) chunk=20.07 t/s avg=19.52 t/s 0.205s
0824 03:57:24 ds4-server: chat ctx=0..169:169 prefill chunk 5/169 (3.0%) chunk=18.79 t/s avg=19.37 t/s 0.258s
0824 03:57:24 ds4-server: chat ctx=0..169:169 prefill chunk 6/169 (3.6%) chunk=19.52 t/s avg=19.40 t/s 0.309s
0824 03:57:24 ds4-server: chat ctx=0..169:169 prefill chunk 7/169 (4.1%) chunk=19.09 t/s avg=19.35 t/s 0.362s
0824 03:57:24 ds4-server: chat ctx=0..169:169 prefill chunk 8/169 (4.7%) chunk=19.34 t/s avg=19.35 t/s 0.413s
0824 03:57:24 ds4-server: chat ctx=0..169:169 prefill chunk 9/169 (5.3%) chunk=19.20 t/s avg=19.33 t/s 0.466s
0824 03:57:24 ds4-server: chat ctx=0..169:169 prefill chunk 10/169 (5.9%) chunk=19.42 t/s avg=19.34 t/s 0.517s
0824 03:57:24 ds4-server: chat ctx=0..169:169 prefill chunk 11/169 (6.5%) chunk=19.27 t/s avg=19.34 t/s 0.569s
0824 03:57:25 ds4-server: chat ctx=0..169:169 prefill chunk 12/169 (7.1%) chunk=18.60 t/s avg=19.27 t/s 0.623s
0824 03:57:25 ds4-server: chat ctx=0..169:169 prefill chunk 13/169 (7.7%) chunk=19.54 t/s avg=19.29 t/s 0.674s
0824 03:57:25 ds4-server: chat ctx=0..169:169 prefill chunk 14/169 (8.3%) chunk=18.25 t/s avg=19.21 t/s 0.729s
0824 03:57:25 ds4-server: chat ctx=0..169:169 prefill chunk 15/169 (8.9%) chunk=19.09 t/s avg=19.21 t/s 0.781s
0824 03:57:25 ds4-server: chat ctx=0..169:169 prefill chunk 16/169 (9.5%) chunk=18.67 t/s avg=19.17 t/s 0.835s
0824 03:57:25 ds4-server: chat ctx=0..169:169 prefill chunk 17/169 (10.1%) chunk=18.58 t/s avg=19.14 t/s 0.888s
0824 03:57:25 ds4-server: chat ctx=0..169:169 prefill chunk 18/169 (10.7%) chunk=19.74 t/s avg=19.17 t/s 0.939s
0824 03:57:25 ds4-server: chat ctx=0..169:169 prefill chunk 19/169 (11.2%) chunk=18.22 t/s avg=19.12 t/s 0.994s
0824 03:57:25 ds4-server: chat ctx=0..169:169 prefill chunk 20/169 (11.8%) chunk=18.16 t/s avg=19.07 t/s 1.049s
0824 03:57:25 ds4-server: chat ctx=0..169:169 prefill chunk 21/169 (12.4%) chunk=19.04 t/s avg=19.06 t/s 1.102s
0824 03:57:25 ds4-server: chat ctx=0..169:169 prefill chunk 22/169 (13.0%) chunk=18.89 t/s avg=19.06 t/s 1.155s
0824 03:57:25 ds4-server: chat ctx=0..169:169 prefill chunk 23/169 (13.6%) chunk=19.74 t/s avg=19.08 t/s 1.205s
0824 03:57:25 ds4-server: chat ctx=0..169:169 prefill chunk 24/169 (14.2%) chunk=18.83 t/s avg=19.07 t/s 1.258s
0824 03:57:25 ds4-server: chat ctx=0..169:169 prefill chunk 25/169 (14.8%) chunk=19.39 t/s avg=19.09 t/s 1.310s
0824 03:57:25 ds4-server: chat ctx=0..169:169 prefill chunk 26/169 (15.4%) chunk=18.89 t/s avg=19.08 t/s 1.363s
0824 03:57:25 ds4-server: chat ctx=0..169:169 prefill chunk 27/169 (16.0%) chunk=18.93 t/s avg=19.07 t/s 1.416s
0824 03:57:25 ds4-server: chat ctx=0..169:169 prefill chunk 28/169 (16.6%) chunk=19.35 t/s avg=19.08 t/s 1.467s
0824 03:57:25 ds4-server: chat ctx=0..169:169 prefill chunk 29/169 (17.2%) chunk=18.37 t/s avg=19.06 t/s 1.522s
0824 03:57:25 ds4-server: chat ctx=0..169:169 prefill chunk 30/169 (17.8%) chunk=18.95 t/s avg=19.05 t/s 1.575s
0824 03:57:26 ds4-server: chat ctx=0..169:169 prefill chunk 31/169 (18.3%) chunk=18.37 t/s avg=19.03 t/s 1.629s
0824 03:57:26 ds4-server: chat ctx=0..169:169 prefill chunk 32/169 (18.9%) chunk=18.25 t/s avg=19.01 t/s 1.684s
0824 03:57:26 ds4-server: chat ctx=0..169:169 prefill chunk 33/169 (19.5%) chunk=19.45 t/s avg=19.02 t/s 1.735s
0824 03:57:26 ds4-server: chat ctx=0..169:169 prefill chunk 34/169 (20.1%) chunk=18.48 t/s avg=19.00 t/s 1.789s
0824 03:57:26 ds4-server: chat ctx=0..169:169 prefill chunk 35/169 (20.7%) chunk=18.57 t/s avg=18.99 t/s 1.843s
0824 03:57:26 ds4-server: chat ctx=0..169:169 prefill chunk 36/169 (21.3%) chunk=18.45 t/s avg=18.97 t/s 1.897s
0824 03:57:26 ds4-server: chat ctx=0..169:169 prefill chunk 37/169 (21.9%) chunk=17.65 t/s avg=18.94 t/s 1.954s
0824 03:57:26 ds4-server: chat ctx=0..169:169 prefill chunk 38/169 (22.5%) chunk=18.12 t/s avg=18.91 t/s 2.009s
0824 03:57:26 ds4-server: chat ctx=0..169:169 prefill chunk 39/169 (23.1%) chunk=18.21 t/s avg=18.89 t/s 2.064s
0824 03:57:26 ds4-server: chat ctx=0..169:169 prefill chunk 40/169 (23.7%) chunk=18.43 t/s avg=18.88 t/s 2.118s
0824 03:57:26 ds4-server: chat ctx=0..169:169 prefill chunk 41/169 (24.3%) chunk=18.74 t/s avg=18.88 t/s 2.172s
0824 03:57:26 ds4-server: chat ctx=0..169:169 prefill chunk 42/169 (24.9%) chunk=17.89 t/s avg=18.85 t/s 2.228s
0824 03:57:26 ds4-server: chat ctx=0..169:169 prefill chunk 43/169 (25.4%) chunk=19.38 t/s avg=18.87 t/s 2.279s
0824 03:57:26 ds4-server: chat ctx=0..169:169 prefill chunk 44/169 (26.0%) chunk=18.62 t/s avg=18.86 t/s 2.333s
0824 03:57:26 ds4-server: chat ctx=0..169:169 prefill chunk 45/169 (26.6%) chunk=18.30 t/s avg=18.85 t/s 2.388s
0824 03:57:26 ds4-server: chat ctx=0..169:169 prefill chunk 46/169 (27.2%) chunk=18.67 t/s avg=18.84 t/s 2.441s
0824 03:57:26 ds4-server: chat ctx=0..169:169 prefill chunk 47/169 (27.8%) chunk=18.01 t/s avg=18.83 t/s 2.497s
0824 03:57:26 ds4-server: chat ctx=0..169:169 prefill chunk 48/169 (28.4%) chunk=18.23 t/s avg=18.81 t/s 2.552s
0824 03:57:26 ds4-server: chat ctx=0..169:169 prefill chunk 49/169 (29.0%) chunk=18.87 t/s avg=18.81 t/s 2.605s
0824 03:57:27 ds4-server: chat ctx=0..169:169 prefill chunk 50/169 (29.6%) chunk=18.01 t/s avg=18.80 t/s 2.660s
0824 03:57:27 ds4-server: chat ctx=0..169:169 prefill chunk 51/169 (30.2%) chunk=18.46 t/s avg=18.79 t/s 2.714s
0824 03:57:27 ds4-server: chat ctx=0..169:169 prefill chunk 52/169 (30.8%) chunk=18.20 t/s avg=18.78 t/s 2.769s
0824 03:57:27 ds4-server: chat ctx=0..169:169 prefill chunk 53/169 (31.4%) chunk=18.45 t/s avg=18.77 t/s 2.823s
0824 03:57:27 ds4-server: chat ctx=0..169:169 prefill chunk 54/169 (32.0%) chunk=19.51 t/s avg=18.79 t/s 2.875s
0824 03:57:27 ds4-server: chat ctx=0..169:169 prefill chunk 55/169 (32.5%) chunk=18.67 t/s avg=18.78 t/s 2.928s
0824 03:57:27 ds4-server: chat ctx=0..169:169 prefill chunk 56/169 (33.1%) chunk=19.34 t/s avg=18.79 t/s 2.980s
0824 03:57:27 ds4-server: chat ctx=0..169:169 prefill chunk 57/169 (33.7%) chunk=18.07 t/s avg=18.78 t/s 3.035s
0824 03:57:27 ds4-server: chat ctx=0..169:169 prefill chunk 58/169 (34.3%) chunk=18.93 t/s avg=18.78 t/s 3.088s
0824 03:57:27 ds4-server: chat ctx=0..169:169 prefill chunk 59/169 (34.9%) chunk=19.73 t/s avg=18.80 t/s 3.139s
0824 03:57:27 ds4-server: chat ctx=0..169:169 prefill chunk 60/169 (35.5%) chunk=19.01 t/s avg=18.80 t/s 3.191s
0824 03:57:27 ds4-server: chat ctx=0..169:169 prefill chunk 61/169 (36.1%) chunk=20.22 t/s avg=18.82 t/s 3.241s
0824 03:57:27 ds4-server: chat ctx=0..169:169 prefill chunk 62/169 (36.7%) chunk=18.93 t/s avg=18.82 t/s 3.294s
0824 03:57:27 ds4-server: chat ctx=0..169:169 prefill chunk 63/169 (37.3%) chunk=20.02 t/s avg=18.84 t/s 3.344s
0824 03:57:27 ds4-server: chat ctx=0..169:169 prefill chunk 64/169 (37.9%) chunk=19.18 t/s avg=18.85 t/s 3.396s
0824 03:57:27 ds4-server: chat ctx=0..169:169 prefill chunk 65/169 (38.5%) chunk=19.38 t/s avg=18.86 t/s 3.447s
0824 03:57:27 ds4-server: chat ctx=0..169:169 prefill chunk 66/169 (39.1%) chunk=18.51 t/s avg=18.85 t/s 3.501s
0824 03:57:27 ds4-server: chat ctx=0..169:169 prefill chunk 67/169 (39.6%) chunk=19.00 t/s avg=18.85 t/s 3.554s
0824 03:57:28 ds4-server: chat ctx=0..169:169 prefill chunk 68/169 (40.2%) chunk=18.90 t/s avg=18.85 t/s 3.607s
0824 03:57:28 ds4-server: chat ctx=0..169:169 prefill chunk 69/169 (40.8%) chunk=18.15 t/s avg=18.84 t/s 3.662s
0824 03:57:28 ds4-server: chat ctx=0..169:169 prefill chunk 70/169 (41.4%) chunk=17.73 t/s avg=18.83 t/s 3.718s
0824 03:57:28 ds4-server: chat ctx=0..169:169 prefill chunk 71/169 (42.0%) chunk=19.63 t/s avg=18.84 t/s 3.769s
0824 03:57:28 ds4-server: chat ctx=0..169:169 prefill chunk 72/169 (42.6%) chunk=18.57 t/s avg=18.83 t/s 3.823s
0824 03:57:28 ds4-server: chat ctx=0..169:169 prefill chunk 73/169 (43.2%) chunk=19.65 t/s avg=18.84 t/s 3.874s
0824 03:57:28 ds4-server: chat ctx=0..169:169 prefill chunk 74/169 (43.8%) chunk=18.50 t/s avg=18.84 t/s 3.928s
0824 03:57:28 ds4-server: chat ctx=0..169:169 prefill chunk 75/169 (44.4%) chunk=18.42 t/s avg=18.83 t/s 3.982s
0824 03:57:28 ds4-server: chat ctx=0..169:169 prefill chunk 76/169 (45.0%) chunk=18.69 t/s avg=18.83 t/s 4.036s
0824 03:57:28 ds4-server: chat ctx=0..169:169 prefill chunk 77/169 (45.6%) chunk=18.46 t/s avg=18.83 t/s 4.090s
0824 03:57:28 ds4-server: chat ctx=0..169:169 prefill chunk 78/169 (46.2%) chunk=18.80 t/s avg=18.83 t/s 4.143s
0824 03:57:28 ds4-server: chat ctx=0..169:169 prefill chunk 79/169 (46.7%) chunk=18.42 t/s avg=18.82 t/s 4.198s
0824 03:57:28 ds4-server: chat ctx=0..169:169 prefill chunk 80/169 (47.3%) chunk=18.10 t/s avg=18.81 t/s 4.253s
0824 03:57:28 ds4-server: chat ctx=0..169:169 prefill chunk 81/169 (47.9%) chunk=19.19 t/s avg=18.82 t/s 4.305s
0824 03:57:28 ds4-server: chat ctx=0..169:169 prefill chunk 82/169 (48.5%) chunk=18.23 t/s avg=18.81 t/s 4.360s
0824 03:57:28 ds4-server: chat ctx=0..169:169 prefill chunk 83/169 (49.1%) chunk=19.23 t/s avg=18.81 t/s 4.412s
0824 03:57:28 ds4-server: chat ctx=0..169:169 prefill chunk 84/169 (49.7%) chunk=18.22 t/s avg=18.81 t/s 4.467s
0824 03:57:28 ds4-server: chat ctx=0..169:169 prefill chunk 85/169 (50.3%) chunk=18.40 t/s avg=18.80 t/s 4.521s
0824 03:57:28 ds4-server: chat ctx=0..169:169 prefill chunk 86/169 (50.9%) chunk=18.54 t/s avg=18.80 t/s 4.575s
0824 03:57:29 ds4-server: chat ctx=0..169:169 prefill chunk 87/169 (51.5%) chunk=18.69 t/s avg=18.80 t/s 4.628s
0824 03:57:29 ds4-server: chat ctx=0..169:169 prefill chunk 88/169 (52.1%) chunk=19.27 t/s avg=18.80 t/s 4.680s
0824 03:57:29 ds4-server: chat ctx=0..169:169 prefill chunk 89/169 (52.7%) chunk=18.15 t/s avg=18.79 t/s 4.735s
0824 03:57:29 ds4-server: chat ctx=0..169:169 prefill chunk 90/169 (53.3%) chunk=18.18 t/s avg=18.79 t/s 4.790s
0824 03:57:29 ds4-server: chat ctx=0..169:169 prefill chunk 91/169 (53.8%) chunk=18.56 t/s avg=18.78 t/s 4.844s
0824 03:57:29 ds4-server: chat ctx=0..169:169 prefill chunk 92/169 (54.4%) chunk=18.49 t/s avg=18.78 t/s 4.898s
0824 03:57:29 ds4-server: chat ctx=0..169:169 prefill chunk 93/169 (55.0%) chunk=18.74 t/s avg=18.78 t/s 4.952s
0824 03:57:29 ds4-server: chat ctx=0..169:169 prefill chunk 94/169 (55.6%) chunk=18.64 t/s avg=18.78 t/s 5.005s
0824 03:57:29 ds4-server: chat ctx=0..169:169 prefill chunk 95/169 (56.2%) chunk=18.75 t/s avg=18.78 t/s 5.059s
0824 03:57:29 ds4-server: chat ctx=0..169:169 prefill chunk 96/169 (56.8%) chunk=19.08 t/s avg=18.78 t/s 5.111s
0824 03:57:29 ds4-server: chat ctx=0..169:169 prefill chunk 97/169 (57.4%) chunk=18.78 t/s avg=18.78 t/s 5.164s
0824 03:57:29 ds4-server: chat ctx=0..169:169 prefill chunk 98/169 (58.0%) chunk=19.17 t/s avg=18.79 t/s 5.217s
0824 03:57:29 ds4-server: chat ctx=0..169:169 prefill chunk 99/169 (58.6%) chunk=19.27 t/s avg=18.79 t/s 5.268s
0824 03:57:29 ds4-server: chat ctx=0..169:169 prefill chunk 100/169 (59.2%) chunk=18.39 t/s avg=18.79 t/s 5.323s
0824 03:57:29 ds4-server: chat ctx=0..169:169 prefill chunk 101/169 (59.8%) chunk=18.58 t/s avg=18.78 t/s 5.377s
0824 03:57:29 ds4-server: chat ctx=0..169:169 prefill chunk 102/169 (60.4%) chunk=19.11 t/s avg=18.79 t/s 5.429s
0824 03:57:29 ds4-server: chat ctx=0..169:169 prefill chunk 103/169 (60.9%) chunk=19.18 t/s avg=18.79 t/s 5.481s
0824 03:57:29 ds4-server: chat ctx=0..169:169 prefill chunk 104/169 (61.5%) chunk=18.58 t/s avg=18.79 t/s 5.535s
0824 03:57:29 ds4-server: chat ctx=0..169:169 prefill chunk 105/169 (62.1%) chunk=17.64 t/s avg=18.78 t/s 5.592s
ds4: qwen35moe experts/token avg over 128 tokens: 0:14.4 1:14.6 2:14.3 3:15.4 4:15.1 5:15.4 6:15.0 7:15.8 8:16.8 9:15.6 10:14.4 11:14.4 12:15.2 13:15.1 14:15.1 15:15.6 16:15.0 17:14.9 18:15.2 19:14.7 20:16.3 21:15.3 22:14.7 23:15.0 24:15.3 25:14.9 26:14.9 27:15.3 28:14.8 29:15.5 30:15.3 31:16.0 32:16.2 33:17.1 34:16.1 35:18.1 36:18.5 37:19.0 38:19.2 39:18.7 | mean 15.7
0824 03:57:30 ds4-server: chat ctx=0..169:169 prefill chunk 106/169 (62.7%) chunk=18.34 t/s avg=18.77 t/s 5.646s
0824 03:57:30 ds4-server: chat ctx=0..169:169 prefill chunk 107/169 (63.3%) chunk=17.94 t/s avg=18.77 t/s 5.702s
0824 03:57:30 ds4-server: chat ctx=0..169:169 prefill chunk 108/169 (63.9%) chunk=17.67 t/s avg=18.75 t/s 5.758s
0824 03:57:30 ds4-server: chat ctx=0..169:169 prefill chunk 109/169 (64.5%) chunk=18.64 t/s avg=18.75 t/s 5.812s
0824 03:57:30 ds4-server: chat ctx=0..169:169 prefill chunk 110/169 (65.1%) chunk=17.95 t/s avg=18.75 t/s 5.868s
0824 03:57:30 ds4-server: chat ctx=0..169:169 prefill chunk 111/169 (65.7%) chunk=17.98 t/s avg=18.74 t/s 5.923s
0824 03:57:30 ds4-server: chat ctx=0..169:169 prefill chunk 112/169 (66.3%) chunk=18.96 t/s avg=18.74 t/s 5.976s
0824 03:57:30 ds4-server: chat ctx=0..169:169 prefill chunk 113/169 (66.9%) chunk=18.01 t/s avg=18.73 t/s 6.032s
0824 03:57:30 ds4-server: chat ctx=0..169:169 prefill chunk 114/169 (67.5%) chunk=17.97 t/s avg=18.73 t/s 6.087s
0824 03:57:30 ds4-server: chat ctx=0..169:169 prefill chunk 115/169 (68.0%) chunk=18.75 t/s avg=18.73 t/s 6.141s
0824 03:57:30 ds4-server: chat ctx=0..169:169 prefill chunk 116/169 (68.6%) chunk=17.84 t/s avg=18.72 t/s 6.197s
0824 03:57:30 ds4-server: chat ctx=0..169:169 prefill chunk 117/169 (69.2%) chunk=17.83 t/s avg=18.71 t/s 6.253s
0824 03:57:30 ds4-server: chat ctx=0..169:169 prefill chunk 118/169 (69.8%) chunk=18.31 t/s avg=18.71 t/s 6.307s
0824 03:57:30 ds4-server: chat ctx=0..169:169 prefill chunk 119/169 (70.4%) chunk=17.50 t/s avg=18.70 t/s 6.365s
0824 03:57:30 ds4-server: chat ctx=0..169:169 prefill chunk 120/169 (71.0%) chunk=17.47 t/s avg=18.69 t/s 6.422s
0824 03:57:30 ds4-server: chat ctx=0..169:169 prefill chunk 121/169 (71.6%) chunk=18.29 t/s avg=18.68 t/s 6.476s
0824 03:57:30 ds4-server: chat ctx=0..169:169 prefill chunk 122/169 (72.2%) chunk=17.60 t/s avg=18.67 t/s 6.533s
0824 03:57:30 ds4-server: chat ctx=0..169:169 prefill chunk 123/169 (72.8%) chunk=17.89 t/s avg=18.67 t/s 6.589s
0824 03:57:31 ds4-server: chat ctx=0..169:169 prefill chunk 124/169 (73.4%) chunk=17.99 t/s avg=18.66 t/s 6.645s
0824 03:57:31 ds4-server: chat ctx=0..169:169 prefill chunk 125/169 (74.0%) chunk=17.31 t/s avg=18.65 t/s 6.703s
0824 03:57:31 ds4-server: chat ctx=0..169:169 prefill chunk 126/169 (74.6%) chunk=17.76 t/s avg=18.64 t/s 6.759s
0824 03:57:31 ds4-server: chat ctx=0..169:169 prefill chunk 127/169 (75.1%) chunk=17.88 t/s avg=18.64 t/s 6.815s
0824 03:57:31 ds4-server: chat ctx=0..169:169 prefill chunk 128/169 (75.7%) chunk=17.74 t/s avg=18.63 t/s 6.871s
0824 03:57:31 ds4-server: chat ctx=0..169:169 prefill chunk 129/169 (76.3%) chunk=17.66 t/s avg=18.62 t/s 6.928s
0824 03:57:31 ds4-server: chat ctx=0..169:169 prefill chunk 130/169 (76.9%) chunk=18.25 t/s avg=18.62 t/s 6.983s
0824 03:57:31 ds4-server: chat ctx=0..169:169 prefill chunk 131/169 (77.5%) chunk=17.47 t/s avg=18.61 t/s 7.040s
0824 03:57:31 ds4-server: chat ctx=0..169:169 prefill chunk 132/169 (78.1%) chunk=17.29 t/s avg=18.60 t/s 7.098s
0824 03:57:31 ds4-server: chat ctx=0..169:169 prefill chunk 133/169 (78.7%) chunk=17.52 t/s avg=18.59 t/s 7.155s
0824 03:57:31 ds4-server: chat ctx=0..169:169 prefill chunk 134/169 (79.3%) chunk=17.97 t/s avg=18.58 t/s 7.210s
0824 03:57:31 ds4-server: chat ctx=0..169:169 prefill chunk 135/169 (79.9%) chunk=17.58 t/s avg=18.58 t/s 7.267s
0824 03:57:31 ds4-server: chat ctx=0..169:169 prefill chunk 136/169 (80.5%) chunk=17.69 t/s avg=18.57 t/s 7.324s
0824 03:57:31 ds4-server: chat ctx=0..169:169 prefill chunk 137/169 (81.1%) chunk=18.68 t/s avg=18.57 t/s 7.377s
0824 03:57:31 ds4-server: chat ctx=0..169:169 prefill chunk 138/169 (81.7%) chunk=17.21 t/s avg=18.56 t/s 7.435s
0824 03:57:31 ds4-server: chat ctx=0..169:169 prefill chunk 139/169 (82.2%) chunk=16.95 t/s avg=18.55 t/s 7.494s
0824 03:57:31 ds4-server: chat ctx=0..169:169 prefill chunk 140/169 (82.8%) chunk=17.48 t/s avg=18.54 t/s 7.552s
0824 03:57:32 ds4-server: chat ctx=0..169:169 prefill chunk 141/169 (83.4%) chunk=17.89 t/s avg=18.53 t/s 7.607s
0824 03:57:32 ds4-server: chat ctx=0..169:169 prefill chunk 142/169 (84.0%) chunk=17.31 t/s avg=18.53 t/s 7.665s
0824 03:57:32 ds4-server: chat ctx=0..169:169 prefill chunk 143/169 (84.6%) chunk=17.48 t/s avg=18.52 t/s 7.722s
0824 03:57:32 ds4-server: chat ctx=0..169:169 prefill chunk 144/169 (85.2%) chunk=18.43 t/s avg=18.52 t/s 7.777s
0824 03:57:32 ds4-server: chat ctx=0..169:169 prefill chunk 145/169 (85.8%) chunk=17.68 t/s avg=18.51 t/s 7.833s
0824 03:57:32 ds4-server: chat ctx=0..169:169 prefill chunk 146/169 (86.4%) chunk=17.20 t/s avg=18.50 t/s 7.891s
0824 03:57:32 ds4-server: chat ctx=0..169:169 prefill chunk 147/169 (87.0%) chunk=17.76 t/s avg=18.50 t/s 7.948s
0824 03:57:32 ds4-server: chat ctx=0..169:169 prefill chunk 148/169 (87.6%) chunk=17.24 t/s avg=18.49 t/s 8.006s
0824 03:57:32 ds4-server: chat ctx=0..169:169 prefill chunk 149/169 (88.2%) chunk=17.36 t/s avg=18.48 t/s 8.063s
0824 03:57:32 ds4-server: chat ctx=0..169:169 prefill chunk 150/169 (88.8%) chunk=17.88 t/s avg=18.47 t/s 8.119s
0824 03:57:32 ds4-server: chat ctx=0..169:169 prefill chunk 151/169 (89.3%) chunk=17.95 t/s avg=18.47 t/s 8.175s
0824 03:57:32 ds4-server: chat ctx=0..169:169 prefill chunk 152/169 (89.9%) chunk=16.99 t/s avg=18.46 t/s 8.234s
0824 03:57:32 ds4-server: chat ctx=0..169:169 prefill chunk 153/169 (90.5%) chunk=17.33 t/s avg=18.45 t/s 8.292s
0824 03:57:32 ds4-server: chat ctx=0..169:169 prefill chunk 154/169 (91.1%) chunk=17.89 t/s avg=18.45 t/s 8.347s
0824 03:57:32 ds4-server: chat ctx=0..169:169 prefill chunk 155/169 (91.7%) chunk=17.58 t/s avg=18.44 t/s 8.404s
0824 03:57:32 ds4-server: chat ctx=0..169:169 prefill chunk 156/169 (92.3%) chunk=17.98 t/s avg=18.44 t/s 8.460s
0824 03:57:32 ds4-server: chat ctx=0..169:169 prefill chunk 157/169 (92.9%) chunk=18.36 t/s avg=18.44 t/s 8.514s
0824 03:57:32 ds4-server: chat ctx=0..169:169 prefill chunk 158/169 (93.5%) chunk=17.09 t/s avg=18.43 t/s 8.573s
0824 03:57:33 ds4-server: chat ctx=0..169:169 prefill chunk 159/169 (94.1%) chunk=17.39 t/s avg=18.42 t/s 8.630s
0824 03:57:33 ds4-server: chat ctx=0..169:169 prefill chunk 160/169 (94.7%) chunk=17.63 t/s avg=18.42 t/s 8.687s
0824 03:57:33 ds4-server: chat ctx=0..169:169 prefill chunk 161/169 (95.3%) chunk=18.09 t/s avg=18.42 t/s 8.742s
0824 03:57:33 ds4-server: chat ctx=0..169:169 prefill chunk 162/169 (95.9%) chunk=17.70 t/s avg=18.41 t/s 8.799s
0824 03:57:33 ds4-server: chat ctx=0..169:169 prefill chunk 163/169 (96.4%) chunk=18.73 t/s avg=18.41 t/s 8.852s
0824 03:57:33 ds4-server: chat ctx=0..169:169 prefill chunk 164/169 (97.0%) chunk=18.19 t/s avg=18.41 t/s 8.907s
0824 03:57:33 ds4-server: chat ctx=0..169:169 prefill chunk 165/169 (97.6%) chunk=17.93 t/s avg=18.41 t/s 8.963s
0824 03:57:33 ds4-server: chat ctx=0..169:169 prefill chunk 166/169 (98.2%) chunk=19.71 t/s avg=18.42 t/s 9.014s
0824 03:57:33 ds4-server: chat ctx=0..169:169 prefill chunk 167/169 (98.8%) chunk=17.79 t/s avg=18.41 t/s 9.070s
0824 03:57:33 ds4-server: chat ctx=0..169:169 prefill chunk 168/169 (99.4%) chunk=18.81 t/s avg=18.41 t/s 9.123s
0824 03:57:33 ds4-server: chat ctx=0..169:169 prefill chunk 169/169 (100.0%) chunk=19.90 t/s avg=18.42 t/s 9.173s
0824 03:57:33 ds4-server: chat ctx=0..169:169 prompt done 9.173s
0824 03:57:36 ds4-server: chat ctx=169..219:50 gen=50 THINKING decoding chunk=18.32 t/s avg=18.32 t/s 2.729s
ds4: qwen35moe experts/token avg over 128 tokens: 0:13.8 1:14.2 2:15.0 3:16.0 4:16.1 5:15.7 6:16.3 7:16.5 8:17.4 9:16.9 10:15.0 11:14.8 12:15.3 13:15.6 14:15.2 15:15.7 16:15.9 17:15.7 18:16.4 19:15.9 20:17.3 21:16.2 22:15.6 23:15.5 24:15.8 25:15.9 26:15.7 27:16.6 28:16.7 29:17.0 30:16.8 31:17.2 32:17.2 33:17.8 34:17.4 35:18.3 36:18.5 37:19.1 38:19.6 39:18.9 | mean 16.4
0824 03:57:39 ds4-server: chat ctx=219..269:50 gen=100 THINKING decoding chunk=17.70 t/s avg=18.00 t/s 5.554s
0824 03:57:41 ds4-server: chat ctx=269..319:50 gen=150 THINKING decoding chunk=17.76 t/s avg=17.92 t/s 8.370s
ds4: qwen35moe experts/token avg over 128 tokens: 0:14.2 1:15.7 2:15.6 3:17.0 4:16.2 5:16.2 6:16.4 7:17.3 8:18.1 9:17.7 10:15.8 11:15.3 12:16.6 13:16.8 14:15.9 15:16.5 16:16.2 17:16.2 18:15.5 19:15.5 20:17.8 21:15.8 22:15.8 23:16.3 24:16.8 25:16.7 26:16.2 27:16.3 28:16.5 29:16.9 30:17.1 31:17.4 32:16.8 33:17.2 34:16.0 35:17.6 36:18.0 37:18.7 38:19.3 39:18.3 | mean 16.7
0824 03:57:44 ds4-server: chat ctx=319..369:50 gen=200 THINKING decoding chunk=17.65 t/s avg=17.85 t/s 11.203s
0824 03:57:47 ds4-server: chat ctx=369..419:50 gen=250 THINKING decoding chunk=17.39 t/s avg=17.76 t/s 14.078s
0824 03:57:50 ds4-server: chat ctx=419..469:50 gen=300 THINKING decoding chunk=17.52 t/s avg=17.72 t/s 16.932s
ds4: qwen35moe experts/token avg over 128 tokens: 0:13.7 1:15.6 2:15.3 3:16.4 4:16.4 5:16.4 6:16.0 7:17.6 8:17.0 9:17.4 10:15.3 11:15.4 12:16.9 13:16.5 14:16.4 15:16.4 16:16.6 17:16.0 18:15.8 19:16.3 20:17.3 21:16.3 22:15.8 23:16.1 24:16.8 25:16.5 26:16.3 27:16.9 28:16.4 29:16.8 30:17.1 31:17.6 32:16.8 33:17.1 34:16.6 35:18.0 36:18.2 37:19.1 38:19.6 39:18.8 | mean 16.7
0824 03:57:53 ds4-server: chat ctx=469..519:50 gen=350 THINKING decoding chunk=17.32 t/s avg=17.66 t/s 19.819s
0824 03:57:56 ds4-server: chat ctx=519..569:50 gen=400 THINKING decoding chunk=17.28 t/s avg=17.61 t/s 22.713s
ds4: qwen35moe experts/token avg over 128 tokens: 0:14.1 1:16.2 2:16.1 3:17.0 4:16.7 5:16.3 6:17.0 7:17.7 8:17.8 9:17.9 10:16.2 11:15.6 12:17.2 13:15.9 14:16.3 15:17.2 16:16.1 17:16.4 18:15.6 19:16.0 20:17.6 21:16.9 22:15.8 23:15.9 24:17.2 25:16.3 26:16.1 27:17.2 28:16.4 29:17.2 30:16.3 31:17.4 32:16.9 33:17.3 34:16.9 35:18.3 36:18.9 37:19.3 38:19.8 39:19.2 | mean 16.9
0824 03:57:59 ds4-server: chat ctx=569..619:50 gen=450 THINKING decoding chunk=16.97 t/s avg=17.54 t/s 25.659s
0824 03:58:02 ds4-server: chat ctx=619..669:50 gen=500 THINKING decoding chunk=16.78 t/s avg=17.46 t/s 28.639s
0824 03:58:05 ds4-server: chat ctx=669..719:50 gen=550 THINKING decoding chunk=16.89 t/s avg=17.41 t/s 31.599s
ds4: qwen35moe experts/token avg over 128 tokens: 0:13.7 1:16.0 2:16.2 3:17.4 4:16.6 5:16.7 6:16.6 7:18.0 8:17.9 9:17.6 10:16.5 11:16.5 12:17.0 13:17.0 14:17.6 15:17.1 16:17.8 17:17.2 18:16.2 19:17.3 20:17.8 21:18.1 22:17.3 23:16.8 24:17.5 25:16.9 26:18.1 27:16.7 28:17.5 29:17.6 30:17.4 31:18.5 32:16.8 33:17.6 34:17.5 35:18.6 36:18.8 37:19.6 38:19.8 39:19.1 | mean 17.4
0824 03:58:08 ds4-server: chat ctx=719..769:50 gen=600 THINKING decoding chunk=16.38 t/s avg=17.32 t/s 34.651s
0824 03:58:11 ds4-server: chat ctx=769..819:50 gen=650 THINKING decoding chunk=16.60 t/s avg=17.26 t/s 37.664s
0824 03:58:14 ds4-server: chat ctx=819..869:50 gen=700 THINKING decoding chunk=16.94 t/s avg=17.23 t/s 40.616s
ds4: qwen35moe experts/token avg over 128 tokens: 0:14.1 1:16.2 2:15.8 3:17.4 4:16.9 5:17.3 6:17.2 7:18.2 8:18.1 9:17.4 10:16.1 11:16.1 12:16.9 13:16.6 14:17.0 15:17.1 16:17.1 17:16.6 18:16.7 19:17.0 20:17.9 21:17.3 22:16.4 23:16.6 24:17.4 25:17.0 26:16.1 27:16.7 28:16.9 29:16.9 30:16.6 31:17.5 32:17.1 33:16.8 34:16.5 35:17.6 36:18.0 37:18.3 38:19.2 39:18.3 | mean 17.0
0824 03:58:17 ds4-server: chat ctx=869..919:50 gen=750 THINKING decoding chunk=16.27 t/s avg=17.17 t/s 43.688s
0824 03:58:20 ds4-server: chat ctx=919..969:50 gen=800 THINKING decoding chunk=16.48 t/s avg=17.12 t/s 46.722s
ds4: qwen35moe experts/token avg over 128 tokens: 0:14.1 1:16.4 2:16.4 3:17.5 4:17.7 5:17.2 6:17.3 7:18.1 8:18.6 9:18.1 10:16.7 11:16.3 12:18.1 13:17.4 14:17.7 15:18.0 16:17.9 17:17.4 18:16.9 19:17.1 20:18.5 21:18.0 22:17.4 23:16.7 24:18.2 25:17.2 26:17.6 27:17.7 28:17.7 29:17.2 30:17.5 31:17.6 32:17.1 33:17.3 34:16.8 35:17.9 36:18.3 37:19.1 38:19.6 39:19.0 | mean 17.5
0824 03:58:23 ds4-server: chat ctx=969..1019:50 gen=850 THINKING decoding chunk=16.05 t/s avg=17.06 t/s 49.837s
0824 03:58:26 ds4-server: chat ctx=1019..1069:50 gen=900 THINKING decoding chunk=16.25 t/s avg=17.01 t/s 52.915s
0824 03:58:29 ds4-server: chat ctx=1069..1119:50 gen=950 THINKING decoding chunk=16.46 t/s avg=16.98 t/s 55.953s
ds4: qwen35moe experts/token avg over 128 tokens: 0:14.1 1:15.9 2:15.4 3:17.0 4:16.6 5:16.6 6:16.9 7:17.9 8:17.7 9:17.5 10:16.2 11:15.1 12:16.9 13:16.2 14:17.1 15:16.8 16:16.8 17:16.8 18:16.5 19:16.5 20:17.7 21:17.6 22:16.3 23:15.9 24:16.9 25:16.6 26:16.3 27:16.4 28:17.3 29:16.7 30:16.8 31:17.3 32:16.9 33:16.8 34:16.2 35:17.9 36:18.1 37:18.5 38:19.0 39:17.8 | mean 16.8
0824 03:58:32 ds4-server: chat ctx=1119..1169:50 gen=1000 THINKING decoding chunk=16.47 t/s avg=16.95 t/s 58.989s
0824 03:58:35 ds4-server: chat ctx=1169..1219:50 gen=1050 THINKING decoding chunk=16.14 t/s avg=16.91 t/s 62.087s
ds4: qwen35moe experts/token avg over 128 tokens: 0:13.9 1:15.5 2:15.2 3:15.8 4:16.4 5:15.6 6:15.5 7:16.8 8:17.0 9:16.6 10:15.3 11:15.1 12:15.9 13:15.9 14:15.5 15:15.8 16:16.5 17:16.4 18:15.7 19:16.2 20:17.1 21:16.7 22:15.8 23:15.7 24:15.9 25:16.0 26:16.0 27:15.4 28:15.3 29:15.6 30:15.2 31:16.3 32:15.1 33:15.0 34:14.5 35:16.6 36:16.9 37:17.4 38:18.8 39:16.9 | mean 16.0
0824 03:58:38 ds4-server: chat ctx=1219..1269:50 gen=1100 THINKING decoding chunk=16.48 t/s avg=16.89 t/s 65.121s
0824 03:58:41 ds4-server: chat ctx=1269..1319:50 gen=1150 THINKING decoding chunk=15.52 t/s avg=16.83 t/s 68.343s
0824 03:58:45 ds4-server: chat ctx=1319..1369:50 gen=1200 THINKING decoding chunk=15.98 t/s avg=16.79 t/s 71.472s
ds4: qwen35moe experts/token avg over 128 tokens: 0:14.4 1:16.3 2:16.4 3:17.0 4:17.6 5:17.7 6:17.6 7:18.6 8:18.2 9:17.3 10:16.5 11:16.6 12:17.0 13:17.3 14:18.4 15:18.3 16:17.6 17:17.3 18:17.2 19:17.3 20:18.1 21:18.2 22:16.8 23:17.5 24:17.4 25:17.4 26:17.5 27:16.7 28:17.7 29:17.5 30:17.4 31:18.1 32:17.5 33:17.3 34:17.2 35:18.5 36:18.2 37:18.6 38:19.4 39:18.5 | mean 17.5
0824 03:58:48 ds4-server: chat ctx=1369..1419:50 gen=1250 THINKING decoding chunk=15.66 t/s avg=16.74 t/s 74.665s
0824 03:58:51 ds4-server: chat ctx=1419..1469:50 gen=1300 decoding chunk=15.98 t/s avg=16.71 t/s 77.794s
ds4: qwen35moe experts/token avg over 128 tokens: 0:14.5 1:16.1 2:15.9 3:17.5 4:16.7 5:17.0 6:16.7 7:17.8 8:18.3 9:18.1 10:16.5 11:16.2 12:17.2 13:17.2 14:17.2 15:17.4 16:17.5 17:17.4 18:16.3 19:16.9 20:18.4 21:16.7 22:16.4 23:16.4 24:17.1 25:17.0 26:17.1 27:16.8 28:16.9 29:16.7 30:16.8 31:17.6 32:16.9 33:16.8 34:16.0 35:17.8 36:17.9 37:19.0 38:19.5 39:18.4 | mean 17.1
0824 03:58:54 ds4-server: chat ctx=1469..1519:50 gen=1350 decoding chunk=15.32 t/s avg=16.65 t/s 81.057s
0824 03:58:57 ds4-server: chat ctx=1519..1569:50 gen=1400 decoding chunk=15.44 t/s avg=16.61 t/s 84.295s
0824 03:59:01 ds4-server: chat ctx=1569..1619:50 gen=1450 decoding chunk=15.31 t/s avg=16.56 t/s 87.562s
ds4: qwen35moe experts/token avg over 128 tokens: 0:13.5 1:16.1 2:16.1 3:17.5 4:17.3 5:17.6 6:17.2 7:17.8 8:18.5 9:18.0 10:16.4 11:16.7 12:17.9 13:17.9 14:18.2 15:18.1 16:17.9 17:17.9 18:17.6 19:17.4 20:18.8 21:18.6 22:16.8 23:17.1 24:18.4 25:17.5 26:17.6 27:17.9 28:17.4 29:17.9 30:17.3 31:18.1 32:17.0 33:17.6 34:17.0 35:18.3 36:18.8 37:19.3 38:19.7 39:19.2 | mean 17.6
0824 03:59:04 ds4-server: chat ctx=1619..1669:50 gen=1500 decoding chunk=15.12 t/s avg=16.51 t/s 90.870s
0824 03:59:07 ds4-server: chat ctx=1669..1719:50 gen=1550 decoding chunk=15.18 t/s avg=16.46 t/s 94.163s
0824 03:59:11 ds4-server: chat ctx=1719..1769:50 gen=1600 decoding chunk=15.07 t/s avg=16.41 t/s 97.481s
ds4: qwen35moe experts/token avg over 128 tokens: 0:14.1 1:16.9 2:16.5 3:17.5 4:17.8 5:17.7 6:17.4 7:18.2 8:19.0 9:18.3 10:17.3 11:16.9 12:18.1 13:17.5 14:18.2 15:17.9 16:18.3 17:18.3 18:17.5 19:17.9 20:18.7 21:18.5 22:17.6 23:17.4 24:18.3 25:17.6 26:18.4 27:17.9 28:17.8 29:18.0 30:17.3 31:18.1 32:17.6 33:17.8 34:17.6 35:18.7 36:19.1 37:19.8 38:19.8 39:19.3 | mean 17.9
0824 03:59:12 ds4-server: chat ctx=1769..1792:23 gen=1623 decoding chunk=14.99 t/s avg=16.39 t/s 99.015s
0824 03:59:12 ds4-server: thinking live checkpoint remembered ctx=0..169:169 live=1792 visible=1704
0824 03:59:12 ds4-server: chat ctx=0..169:169 gen=1623 finish=stop 108.189s
0824 03:59:12 ds4-server: live kv cache miss live=1792 prompt=207 common=52 reason=token-mismatch
0824 03:59:12 ds4-server: chat ctx=0..207:207 prompt start
0824 03:59:12 ds4-server: chat ctx=0..207:207 prefill chunk 1/207 (0.5%) chunk=0.00 t/s avg=19.71 t/s 0.051s
0824 03:59:12 ds4-server: chat ctx=0..207:207 prefill chunk 2/207 (1.0%) chunk=19.24 t/s avg=19.47 t/s 0.103s
0824 03:59:12 ds4-server: chat ctx=0..207:207 prefill chunk 3/207 (1.4%) chunk=19.86 t/s avg=19.60 t/s 0.153s
0824 03:59:12 ds4-server: chat ctx=0..207:207 prefill chunk 4/207 (1.9%) chunk=19.26 t/s avg=19.51 t/s 0.205s
0824 03:59:12 ds4-server: chat ctx=0..207:207 prefill chunk 5/207 (2.4%) chunk=19.34 t/s avg=19.48 t/s 0.257s
0824 03:59:12 ds4-server: chat ctx=0..207:207 prefill chunk 6/207 (2.9%) chunk=19.41 t/s avg=19.47 t/s 0.308s
0824 03:59:12 ds4-server: chat ctx=0..207:207 prefill chunk 7/207 (3.4%) chunk=19.03 t/s avg=19.40 t/s 0.361s
0824 03:59:12 ds4-server: chat ctx=0..207:207 prefill chunk 8/207 (3.9%) chunk=19.43 t/s avg=19.41 t/s 0.412s
0824 03:59:13 ds4-server: chat ctx=0..207:207 prefill chunk 9/207 (4.3%) chunk=18.99 t/s avg=19.36 t/s 0.465s
0824 03:59:13 ds4-server: chat ctx=0..207:207 prefill chunk 10/207 (4.8%) chunk=19.87 t/s avg=19.41 t/s 0.515s
0824 03:59:13 ds4-server: chat ctx=0..207:207 prefill chunk 11/207 (5.3%) chunk=18.97 t/s avg=19.37 t/s 0.568s
0824 03:59:13 ds4-server: chat ctx=0..207:207 prefill chunk 12/207 (5.8%) chunk=19.24 t/s avg=19.36 t/s 0.620s
0824 03:59:13 ds4-server: chat ctx=0..207:207 prefill chunk 13/207 (6.3%) chunk=18.82 t/s avg=19.32 t/s 0.673s
0824 03:59:13 ds4-server: chat ctx=0..207:207 prefill chunk 14/207 (6.8%) chunk=18.28 t/s avg=19.24 t/s 0.728s
0824 03:59:13 ds4-server: chat ctx=0..207:207 prefill chunk 15/207 (7.2%) chunk=18.88 t/s avg=19.21 t/s 0.781s
0824 03:59:13 ds4-server: chat ctx=0..207:207 prefill chunk 16/207 (7.7%) chunk=18.49 t/s avg=19.17 t/s 0.835s
0824 03:59:13 ds4-server: chat ctx=0..207:207 prefill chunk 17/207 (8.2%) chunk=19.15 t/s avg=19.17 t/s 0.887s
0824 03:59:13 ds4-server: chat ctx=0..207:207 prefill chunk 18/207 (8.7%) chunk=18.87 t/s avg=19.15 t/s 0.940s
0824 03:59:13 ds4-server: chat ctx=0..207:207 prefill chunk 19/207 (9.2%) chunk=18.23 t/s avg=19.10 t/s 0.995s
0824 03:59:13 ds4-server: chat ctx=0..207:207 prefill chunk 20/207 (9.7%) chunk=18.49 t/s avg=19.07 t/s 1.049s
0824 03:59:13 ds4-server: chat ctx=0..207:207 prefill chunk 21/207 (10.1%) chunk=18.49 t/s avg=19.04 t/s 1.103s
0824 03:59:13 ds4-server: chat ctx=0..207:207 prefill chunk 22/207 (10.6%) chunk=19.38 t/s avg=19.05 t/s 1.155s
0824 03:59:13 ds4-server: chat ctx=0..207:207 prefill chunk 23/207 (11.1%) chunk=18.97 t/s avg=19.05 t/s 1.207s
0824 03:59:13 ds4-server: chat ctx=0..207:207 prefill chunk 24/207 (11.6%) chunk=19.07 t/s avg=19.05 t/s 1.260s
0824 03:59:13 ds4-server: chat ctx=0..207:207 prefill chunk 25/207 (12.1%) chunk=19.59 t/s avg=19.07 t/s 1.311s
0824 03:59:13 ds4-server: chat ctx=0..207:207 prefill chunk 26/207 (12.6%) chunk=18.62 t/s avg=19.05 t/s 1.365s
0824 03:59:14 ds4-server: chat ctx=0..207:207 prefill chunk 27/207 (13.0%) chunk=19.54 t/s avg=19.07 t/s 1.416s
0824 03:59:14 ds4-server: chat ctx=0..207:207 prefill chunk 28/207 (13.5%) chunk=18.82 t/s avg=19.06 t/s 1.469s
0824 03:59:14 ds4-server: chat ctx=0..207:207 prefill chunk 29/207 (14.0%) chunk=18.85 t/s avg=19.05 t/s 1.522s
0824 03:59:14 ds4-server: chat ctx=0..207:207 prefill chunk 30/207 (14.5%) chunk=18.62 t/s avg=19.04 t/s 1.576s
0824 03:59:14 ds4-server: chat ctx=0..207:207 prefill chunk 31/207 (15.0%) chunk=18.19 t/s avg=19.01 t/s 1.631s
0824 03:59:14 ds4-server: chat ctx=0..207:207 prefill chunk 32/207 (15.5%) chunk=18.63 t/s avg=19.00 t/s 1.684s
0824 03:59:14 ds4-server: chat ctx=0..207:207 prefill chunk 33/207 (15.9%) chunk=19.00 t/s avg=19.00 t/s 1.737s
0824 03:59:14 ds4-server: chat ctx=0..207:207 prefill chunk 34/207 (16.4%) chunk=18.65 t/s avg=18.99 t/s 1.791s
0824 03:59:14 ds4-server: chat ctx=0..207:207 prefill chunk 35/207 (16.9%) chunk=18.47 t/s avg=18.97 t/s 1.845s
0824 03:59:14 ds4-server: chat ctx=0..207:207 prefill chunk 36/207 (17.4%) chunk=18.20 t/s avg=18.95 t/s 1.900s
0824 03:59:14 ds4-server: chat ctx=0..207:207 prefill chunk 37/207 (17.9%) chunk=18.16 t/s avg=18.93 t/s 1.955s
0824 03:59:14 ds4-server: chat ctx=0..207:207 prefill chunk 38/207 (18.4%) chunk=17.79 t/s avg=18.90 t/s 2.011s
0824 03:59:14 ds4-server: chat ctx=0..207:207 prefill chunk 39/207 (18.8%) chunk=18.03 t/s avg=18.87 t/s 2.066s
0824 03:59:14 ds4-server: chat ctx=0..207:207 prefill chunk 40/207 (19.3%) chunk=18.74 t/s avg=18.87 t/s 2.120s
0824 03:59:14 ds4-server: chat ctx=0..207:207 prefill chunk 41/207 (19.8%) chunk=18.06 t/s avg=18.85 t/s 2.175s
0824 03:59:14 ds4-server: chat ctx=0..207:207 prefill chunk 42/207 (20.3%) chunk=18.11 t/s avg=18.83 t/s 2.230s
0824 03:59:14 ds4-server: chat ctx=0..207:207 prefill chunk 43/207 (20.8%) chunk=19.56 t/s avg=18.85 t/s 2.281s
0824 03:59:14 ds4-server: chat ctx=0..207:207 prefill chunk 44/207 (21.3%) chunk=19.03 t/s avg=18.85 t/s 2.334s
0824 03:59:14 ds4-server: chat ctx=0..207:207 prefill chunk 45/207 (21.7%) chunk=18.88 t/s avg=18.85 t/s 2.387s
0824 03:59:15 ds4-server: chat ctx=0..207:207 prefill chunk 46/207 (22.2%) chunk=18.16 t/s avg=18.84 t/s 2.442s
0824 03:59:15 ds4-server: chat ctx=0..207:207 prefill chunk 47/207 (22.7%) chunk=18.03 t/s avg=18.82 t/s 2.497s
0824 03:59:15 ds4-server: chat ctx=0..207:207 prefill chunk 48/207 (23.2%) chunk=18.90 t/s avg=18.82 t/s 2.550s
0824 03:59:15 ds4-server: chat ctx=0..207:207 prefill chunk 49/207 (23.7%) chunk=18.14 t/s avg=18.81 t/s 2.606s
0824 03:59:15 ds4-server: chat ctx=0..207:207 prefill chunk 50/207 (24.2%) chunk=18.06 t/s avg=18.79 t/s 2.661s
0824 03:59:15 ds4-server: chat ctx=0..207:207 prefill chunk 51/207 (24.6%) chunk=18.26 t/s avg=18.78 t/s 2.716s
0824 03:59:15 ds4-server: chat ctx=0..207:207 prefill chunk 52/207 (25.1%) chunk=18.07 t/s avg=18.77 t/s 2.771s
0824 03:59:15 ds4-server: chat ctx=0..207:207 prefill chunk 53/207 (25.6%) chunk=17.95 t/s avg=18.75 t/s 2.827s
0824 03:59:15 ds4-server: chat ctx=0..207:207 prefill chunk 54/207 (26.1%) chunk=19.23 t/s avg=18.76 t/s 2.879s
0824 03:59:15 ds4-server: chat ctx=0..207:207 prefill chunk 55/207 (26.6%) chunk=18.70 t/s avg=18.76 t/s 2.932s
0824 03:59:15 ds4-server: chat ctx=0..207:207 prefill chunk 56/207 (27.1%) chunk=19.15 t/s avg=18.76 t/s 2.984s
0824 03:59:15 ds4-server: chat ctx=0..207:207 prefill chunk 57/207 (27.5%) chunk=18.78 t/s avg=18.76 t/s 3.038s
0824 03:59:15 ds4-server: chat ctx=0..207:207 prefill chunk 58/207 (28.0%) chunk=17.91 t/s avg=18.75 t/s 3.094s
0824 03:59:15 ds4-server: chat ctx=0..207:207 prefill chunk 59/207 (28.5%) chunk=19.51 t/s avg=18.76 t/s 3.145s
0824 03:59:15 ds4-server: chat ctx=0..207:207 prefill chunk 60/207 (29.0%) chunk=18.97 t/s avg=18.76 t/s 3.197s
0824 03:59:15 ds4-server: chat ctx=0..207:207 prefill chunk 61/207 (29.5%) chunk=20.05 t/s avg=18.78 t/s 3.247s
0824 03:59:15 ds4-server: chat ctx=0..207:207 prefill chunk 62/207 (30.0%) chunk=19.51 t/s avg=18.80 t/s 3.299s
0824 03:59:15 ds4-server: chat ctx=0..207:207 prefill chunk 63/207 (30.4%) chunk=19.85 t/s avg=18.81 t/s 3.349s
0824 03:59:15 ds4-server: chat ctx=0..207:207 prefill chunk 64/207 (30.9%) chunk=19.03 t/s avg=18.82 t/s 3.402s
0824 03:59:16 ds4-server: chat ctx=0..207:207 prefill chunk 65/207 (31.4%) chunk=20.20 t/s avg=18.83 t/s 3.451s
0824 03:59:16 ds4-server: chat ctx=0..207:207 prefill chunk 66/207 (31.9%) chunk=18.73 t/s avg=18.83 t/s 3.504s
0824 03:59:16 ds4-server: chat ctx=0..207:207 prefill chunk 67/207 (32.4%) chunk=18.39 t/s avg=18.83 t/s 3.559s
0824 03:59:16 ds4-server: chat ctx=0..207:207 prefill chunk 68/207 (32.9%) chunk=19.47 t/s avg=18.84 t/s 3.610s
0824 03:59:16 ds4-server: chat ctx=0..207:207 prefill chunk 69/207 (33.3%) chunk=18.21 t/s avg=18.83 t/s 3.665s
0824 03:59:16 ds4-server: chat ctx=0..207:207 prefill chunk 70/207 (33.8%) chunk=18.82 t/s avg=18.83 t/s 3.718s
0824 03:59:16 ds4-server: chat ctx=0..207:207 prefill chunk 71/207 (34.3%) chunk=17.95 t/s avg=18.81 t/s 3.774s
0824 03:59:16 ds4-server: chat ctx=0..207:207 prefill chunk 72/207 (34.8%) chunk=18.25 t/s avg=18.81 t/s 3.829s
0824 03:59:16 ds4-server: chat ctx=0..207:207 prefill chunk 73/207 (35.3%) chunk=18.97 t/s avg=18.81 t/s 3.881s
0824 03:59:16 ds4-server: chat ctx=0..207:207 prefill chunk 74/207 (35.7%) chunk=18.64 t/s avg=18.81 t/s 3.935s
0824 03:59:16 ds4-server: chat ctx=0..207:207 prefill chunk 75/207 (36.2%) chunk=19.26 t/s avg=18.81 t/s 3.987s
0824 03:59:16 ds4-server: chat ctx=0..207:207 prefill chunk 76/207 (36.7%) chunk=18.80 t/s avg=18.81 t/s 4.040s
0824 03:59:16 ds4-server: chat ctx=0..207:207 prefill chunk 77/207 (37.2%) chunk=18.56 t/s avg=18.81 t/s 4.094s
0824 03:59:16 ds4-server: chat ctx=0..207:207 prefill chunk 78/207 (37.7%) chunk=19.10 t/s avg=18.81 t/s 4.146s
0824 03:59:16 ds4-server: chat ctx=0..207:207 prefill chunk 79/207 (38.2%) chunk=18.11 t/s avg=18.80 t/s 4.202s
0824 03:59:16 ds4-server: chat ctx=0..207:207 prefill chunk 80/207 (38.6%) chunk=19.14 t/s avg=18.81 t/s 4.254s
0824 03:59:16 ds4-server: chat ctx=0..207:207 prefill chunk 81/207 (39.1%) chunk=18.55 t/s avg=18.80 t/s 4.308s
0824 03:59:16 ds4-server: chat ctx=0..207:207 prefill chunk 82/207 (39.6%) chunk=18.68 t/s avg=18.80 t/s 4.361s
0824 03:59:17 ds4-server: chat ctx=0..207:207 prefill chunk 83/207 (40.1%) chunk=18.78 t/s avg=18.80 t/s 4.415s
0824 03:59:17 ds4-server: chat ctx=0..207:207 prefill chunk 84/207 (40.6%) chunk=18.18 t/s avg=18.79 t/s 4.470s
0824 03:59:17 ds4-server: chat ctx=0..207:207 prefill chunk 85/207 (41.1%) chunk=17.87 t/s avg=18.78 t/s 4.526s
0824 03:59:17 ds4-server: chat ctx=0..207:207 prefill chunk 86/207 (41.5%) chunk=18.87 t/s avg=18.78 t/s 4.579s
0824 03:59:17 ds4-server: chat ctx=0..207:207 prefill chunk 87/207 (42.0%) chunk=17.84 t/s avg=18.77 t/s 4.635s
0824 03:59:17 ds4-server: chat ctx=0..207:207 prefill chunk 88/207 (42.5%) chunk=19.30 t/s avg=18.78 t/s 4.686s
0824 03:59:17 ds4-server: chat ctx=0..207:207 prefill chunk 89/207 (43.0%) chunk=19.13 t/s avg=18.78 t/s 4.739s
0824 03:59:17 ds4-server: chat ctx=0..207:207 prefill chunk 90/207 (43.5%) chunk=18.53 t/s avg=18.78 t/s 4.793s
0824 03:59:17 ds4-server: chat ctx=0..207:207 prefill chunk 91/207 (44.0%) chunk=18.78 t/s avg=18.78 t/s 4.846s
0824 03:59:17 ds4-server: chat ctx=0..207:207 prefill chunk 92/207 (44.4%) chunk=18.42 t/s avg=18.77 t/s 4.900s
0824 03:59:17 ds4-server: chat ctx=0..207:207 prefill chunk 93/207 (44.9%) chunk=18.98 t/s avg=18.78 t/s 4.953s
0824 03:59:17 ds4-server: chat ctx=0..207:207 prefill chunk 94/207 (45.4%) chunk=18.77 t/s avg=18.78 t/s 5.006s
0824 03:59:17 ds4-server: chat ctx=0..207:207 prefill chunk 95/207 (45.9%) chunk=18.69 t/s avg=18.78 t/s 5.060s
0824 03:59:17 ds4-server: chat ctx=0..207:207 prefill chunk 96/207 (46.4%) chunk=18.76 t/s avg=18.78 t/s 5.113s
0824 03:59:17 ds4-server: chat ctx=0..207:207 prefill chunk 97/207 (46.9%) chunk=17.72 t/s avg=18.76 t/s 5.169s
0824 03:59:17 ds4-server: chat ctx=0..207:207 prefill chunk 98/207 (47.3%) chunk=19.92 t/s avg=18.78 t/s 5.220s
0824 03:59:17 ds4-server: chat ctx=0..207:207 prefill chunk 99/207 (47.8%) chunk=18.34 t/s avg=18.77 t/s 5.274s
0824 03:59:17 ds4-server: chat ctx=0..207:207 prefill chunk 100/207 (48.3%) chunk=18.18 t/s avg=18.76 t/s 5.329s
0824 03:59:17 ds4-server: chat ctx=0..207:207 prefill chunk 101/207 (48.8%) chunk=18.60 t/s avg=18.76 t/s 5.383s
0824 03:59:18 ds4-server: chat ctx=0..207:207 prefill chunk 102/207 (49.3%) chunk=18.15 t/s avg=18.76 t/s 5.438s
0824 03:59:18 ds4-server: chat ctx=0..207:207 prefill chunk 103/207 (49.8%) chunk=17.86 t/s avg=18.75 t/s 5.494s
0824 03:59:18 ds4-server: chat ctx=0..207:207 prefill chunk 104/207 (50.2%) chunk=18.55 t/s avg=18.75 t/s 5.548s
0824 03:59:18 ds4-server: chat ctx=0..207:207 prefill chunk 105/207 (50.7%) chunk=18.09 t/s avg=18.74 t/s 5.603s
ds4: qwen35moe experts/token avg over 128 tokens: 0:14.0 1:14.8 2:14.2 3:15.7 4:15.2 5:15.2 6:14.6 7:15.9 8:16.2 9:15.5 10:14.4 11:14.3 12:15.5 13:15.4 14:15.3 15:15.5 16:15.0 17:14.8 18:14.6 19:14.5 20:16.1 21:15.7 22:14.6 23:15.3 24:15.5 25:15.1 26:14.9 27:15.2 28:15.2 29:15.4 30:15.2 31:16.3 32:16.1 33:16.7 34:16.3 35:18.2 36:18.5 37:19.0 38:19.3 39:18.8 | mean 15.7
0824 03:59:18 ds4-server: chat ctx=0..207:207 prefill chunk 106/207 (51.2%) chunk=17.60 t/s avg=18.73 t/s 5.660s
0824 03:59:18 ds4-server: chat ctx=0..207:207 prefill chunk 107/207 (51.7%) chunk=18.45 t/s avg=18.73 t/s 5.714s
0824 03:59:18 ds4-server: chat ctx=0..207:207 prefill chunk 108/207 (52.2%) chunk=18.40 t/s avg=18.72 t/s 5.769s
0824 03:59:18 ds4-server: chat ctx=0..207:207 prefill chunk 109/207 (52.7%) chunk=17.53 t/s avg=18.71 t/s 5.826s
0824 03:59:18 ds4-server: chat ctx=0..207:207 prefill chunk 110/207 (53.1%) chunk=18.26 t/s avg=18.71 t/s 5.880s
0824 03:59:18 ds4-server: chat ctx=0..207:207 prefill chunk 111/207 (53.6%) chunk=17.74 t/s avg=18.70 t/s 5.937s
0824 03:59:18 ds4-server: chat ctx=0..207:207 prefill chunk 112/207 (54.1%) chunk=18.75 t/s avg=18.70 t/s 5.990s
0824 03:59:18 ds4-server: chat ctx=0..207:207 prefill chunk 113/207 (54.6%) chunk=18.53 t/s avg=18.70 t/s 6.044s
0824 03:59:18 ds4-server: chat ctx=0..207:207 prefill chunk 114/207 (55.1%) chunk=17.98 t/s avg=18.69 t/s 6.100s
0824 03:59:18 ds4-server: chat ctx=0..207:207 prefill chunk 115/207 (55.6%) chunk=18.20 t/s avg=18.69 t/s 6.155s
0824 03:59:18 ds4-server: chat ctx=0..207:207 prefill chunk 116/207 (56.0%) chunk=17.39 t/s avg=18.67 t/s 6.212s
0824 03:59:18 ds4-server: chat ctx=0..207:207 prefill chunk 117/207 (56.5%) chunk=17.66 t/s avg=18.66 t/s 6.269s
0824 03:59:18 ds4-server: chat ctx=0..207:207 prefill chunk 118/207 (57.0%) chunk=17.56 t/s avg=18.65 t/s 6.326s
0824 03:59:18 ds4-server: chat ctx=0..207:207 prefill chunk 119/207 (57.5%) chunk=18.07 t/s avg=18.65 t/s 6.381s
0824 03:59:19 ds4-server: chat ctx=0..207:207 prefill chunk 120/207 (58.0%) chunk=17.43 t/s avg=18.64 t/s 6.438s
0824 03:59:19 ds4-server: chat ctx=0..207:207 prefill chunk 121/207 (58.5%) chunk=18.39 t/s avg=18.64 t/s 6.493s
0824 03:59:19 ds4-server: chat ctx=0..207:207 prefill chunk 122/207 (58.9%) chunk=18.23 t/s avg=18.63 t/s 6.548s
0824 03:59:19 ds4-server: chat ctx=0..207:207 prefill chunk 123/207 (59.4%) chunk=17.32 t/s avg=18.62 t/s 6.605s
0824 03:59:19 ds4-server: chat ctx=0..207:207 prefill chunk 124/207 (59.9%) chunk=18.55 t/s avg=18.62 t/s 6.659s
0824 03:59:19 ds4-server: chat ctx=0..207:207 prefill chunk 125/207 (60.4%) chunk=17.62 t/s avg=18.61 t/s 6.716s
0824 03:59:19 ds4-server: chat ctx=0..207:207 prefill chunk 126/207 (60.9%) chunk=17.43 t/s avg=18.60 t/s 6.773s
0824 03:59:19 ds4-server: chat ctx=0..207:207 prefill chunk 127/207 (61.4%) chunk=17.60 t/s avg=18.59 t/s 6.830s
0824 03:59:19 ds4-server: chat ctx=0..207:207 prefill chunk 128/207 (61.8%) chunk=18.72 t/s avg=18.59 t/s 6.884s
0824 03:59:19 ds4-server: chat ctx=0..207:207 prefill chunk 129/207 (62.3%) chunk=17.69 t/s avg=18.59 t/s 6.940s
0824 03:59:19 ds4-server: chat ctx=0..207:207 prefill chunk 130/207 (62.8%) chunk=17.43 t/s avg=18.58 t/s 6.998s
0824 03:59:19 ds4-server: chat ctx=0..207:207 prefill chunk 131/207 (63.3%) chunk=18.50 t/s avg=18.58 t/s 7.052s
0824 03:59:19 ds4-server: chat ctx=0..207:207 prefill chunk 132/207 (63.8%) chunk=17.76 t/s avg=18.57 t/s 7.108s
0824 03:59:19 ds4-server: chat ctx=0..207:207 prefill chunk 133/207 (64.3%) chunk=17.47 t/s avg=18.56 t/s 7.165s
0824 03:59:19 ds4-server: chat ctx=0..207:207 prefill chunk 134/207 (64.7%) chunk=18.59 t/s avg=18.56 t/s 7.219s
0824 03:59:19 ds4-server: chat ctx=0..207:207 prefill chunk 135/207 (65.2%) chunk=18.21 t/s avg=18.56 t/s 7.274s
0824 03:59:19 ds4-server: chat ctx=0..207:207 prefill chunk 136/207 (65.7%) chunk=17.14 t/s avg=18.55 t/s 7.332s
0824 03:59:19 ds4-server: chat ctx=0..207:207 prefill chunk 137/207 (66.2%) chunk=18.46 t/s avg=18.55 t/s 7.386s
0824 03:59:20 ds4-server: chat ctx=0..207:207 prefill chunk 138/207 (66.7%) chunk=18.00 t/s avg=18.54 t/s 7.442s
0824 03:59:20 ds4-server: chat ctx=0..207:207 prefill chunk 139/207 (67.1%) chunk=17.54 t/s avg=18.54 t/s 7.499s
0824 03:59:20 ds4-server: chat ctx=0..207:207 prefill chunk 140/207 (67.6%) chunk=18.00 t/s avg=18.53 t/s 7.555s
0824 03:59:20 ds4-server: chat ctx=0..207:207 prefill chunk 141/207 (68.1%) chunk=17.85 t/s avg=18.53 t/s 7.611s
0824 03:59:20 ds4-server: chat ctx=0..207:207 prefill chunk 142/207 (68.6%) chunk=17.42 t/s avg=18.52 t/s 7.668s
0824 03:59:20 ds4-server: chat ctx=0..207:207 prefill chunk 143/207 (69.1%) chunk=18.10 t/s avg=18.52 t/s 7.723s
0824 03:59:20 ds4-server: chat ctx=0..207:207 prefill chunk 144/207 (69.6%) chunk=17.94 t/s avg=18.51 t/s 7.779s
0824 03:59:20 ds4-server: chat ctx=0..207:207 prefill chunk 145/207 (70.0%) chunk=17.94 t/s avg=18.51 t/s 7.835s
0824 03:59:20 ds4-server: chat ctx=0..207:207 prefill chunk 146/207 (70.5%) chunk=17.35 t/s avg=18.50 t/s 7.892s
0824 03:59:20 ds4-server: chat ctx=0..207:207 prefill chunk 147/207 (71.0%) chunk=17.85 t/s avg=18.49 t/s 7.948s
0824 03:59:20 ds4-server: chat ctx=0..207:207 prefill chunk 148/207 (71.5%) chunk=17.34 t/s avg=18.49 t/s 8.006s
0824 03:59:20 ds4-server: chat ctx=0..207:207 prefill chunk 149/207 (72.0%) chunk=17.72 t/s avg=18.48 t/s 8.062s
0824 03:59:20 ds4-server: chat ctx=0..207:207 prefill chunk 150/207 (72.5%) chunk=17.96 t/s avg=18.48 t/s 8.118s
0824 03:59:20 ds4-server: chat ctx=0..207:207 prefill chunk 151/207 (72.9%) chunk=18.34 t/s avg=18.48 t/s 8.173s
0824 03:59:20 ds4-server: chat ctx=0..207:207 prefill chunk 152/207 (73.4%) chunk=17.08 t/s avg=18.47 t/s 8.231s
0824 03:59:20 ds4-server: chat ctx=0..207:207 prefill chunk 153/207 (73.9%) chunk=17.97 t/s avg=18.46 t/s 8.287s
0824 03:59:20 ds4-server: chat ctx=0..207:207 prefill chunk 154/207 (74.4%) chunk=17.59 t/s avg=18.46 t/s 8.344s
0824 03:59:20 ds4-server: chat ctx=0..207:207 prefill chunk 155/207 (74.9%) chunk=17.32 t/s avg=18.45 t/s 8.401s
0824 03:59:21 ds4-server: chat ctx=0..207:207 prefill chunk 156/207 (75.4%) chunk=17.53 t/s avg=18.44 t/s 8.458s
0824 03:59:21 ds4-server: chat ctx=0..207:207 prefill chunk 157/207 (75.8%) chunk=17.52 t/s avg=18.44 t/s 8.516s
0824 03:59:21 ds4-server: chat ctx=0..207:207 prefill chunk 158/207 (76.3%) chunk=17.82 t/s avg=18.43 t/s 8.572s
0824 03:59:21 ds4-server: chat ctx=0..207:207 prefill chunk 159/207 (76.8%) chunk=17.78 t/s avg=18.43 t/s 8.628s
0824 03:59:21 ds4-server: chat ctx=0..207:207 prefill chunk 160/207 (77.3%) chunk=17.84 t/s avg=18.42 t/s 8.684s
0824 03:59:21 ds4-server: chat ctx=0..207:207 prefill chunk 161/207 (77.8%) chunk=18.50 t/s avg=18.43 t/s 8.738s
0824 03:59:21 ds4-server: chat ctx=0..207:207 prefill chunk 162/207 (78.3%) chunk=17.20 t/s avg=18.42 t/s 8.796s
0824 03:59:21 ds4-server: chat ctx=0..207:207 prefill chunk 163/207 (78.7%) chunk=18.34 t/s avg=18.42 t/s 8.851s
0824 03:59:21 ds4-server: chat ctx=0..207:207 prefill chunk 164/207 (79.2%) chunk=17.29 t/s avg=18.41 t/s 8.908s
0824 03:59:21 ds4-server: chat ctx=0..207:207 prefill chunk 165/207 (79.7%) chunk=17.66 t/s avg=18.40 t/s 8.965s
0824 03:59:21 ds4-server: chat ctx=0..207:207 prefill chunk 166/207 (80.2%) chunk=18.75 t/s avg=18.41 t/s 9.018s
0824 03:59:21 ds4-server: chat ctx=0..207:207 prefill chunk 167/207 (80.7%) chunk=17.20 t/s avg=18.40 t/s 9.077s
0824 03:59:21 ds4-server: chat ctx=0..207:207 prefill chunk 168/207 (81.2%) chunk=17.50 t/s avg=18.39 t/s 9.134s
0824 03:59:21 ds4-server: chat ctx=0..207:207 prefill chunk 169/207 (81.6%) chunk=17.92 t/s avg=18.39 t/s 9.190s
0824 03:59:21 ds4-server: chat ctx=0..207:207 prefill chunk 170/207 (82.1%) chunk=17.44 t/s avg=18.38 t/s 9.247s
0824 03:59:21 ds4-server: chat ctx=0..207:207 prefill chunk 171/207 (82.6%) chunk=17.24 t/s avg=18.38 t/s 9.305s
0824 03:59:21 ds4-server: chat ctx=0..207:207 prefill chunk 172/207 (83.1%) chunk=17.78 t/s avg=18.37 t/s 9.361s
0824 03:59:22 ds4-server: chat ctx=0..207:207 prefill chunk 173/207 (83.6%) chunk=18.30 t/s avg=18.37 t/s 9.416s
0824 03:59:22 ds4-server: chat ctx=0..207:207 prefill chunk 174/207 (84.1%) chunk=16.90 t/s avg=18.36 t/s 9.475s
0824 03:59:22 ds4-server: chat ctx=0..207:207 prefill chunk 175/207 (84.5%) chunk=16.99 t/s avg=18.36 t/s 9.534s
0824 03:59:22 ds4-server: chat ctx=0..207:207 prefill chunk 176/207 (85.0%) chunk=17.63 t/s avg=18.35 t/s 9.591s
0824 03:59:22 ds4-server: chat ctx=0..207:207 prefill chunk 177/207 (85.5%) chunk=17.49 t/s avg=18.35 t/s 9.648s
0824 03:59:22 ds4-server: chat ctx=0..207:207 prefill chunk 178/207 (86.0%) chunk=17.64 t/s avg=18.34 t/s 9.704s
0824 03:59:22 ds4-server: chat ctx=0..207:207 prefill chunk 179/207 (86.5%) chunk=16.90 t/s avg=18.33 t/s 9.764s
0824 03:59:22 ds4-server: chat ctx=0..207:207 prefill chunk 180/207 (87.0%) chunk=17.68 t/s avg=18.33 t/s 9.820s
0824 03:59:22 ds4-server: chat ctx=0..207:207 prefill chunk 181/207 (87.4%) chunk=17.61 t/s avg=18.33 t/s 9.877s
0824 03:59:22 ds4-server: chat ctx=0..207:207 prefill chunk 182/207 (87.9%) chunk=16.89 t/s avg=18.32 t/s 9.936s
0824 03:59:22 ds4-server: chat ctx=0..207:207 prefill chunk 183/207 (88.4%) chunk=17.21 t/s avg=18.31 t/s 9.994s
0824 03:59:22 ds4-server: chat ctx=0..207:207 prefill chunk 184/207 (88.9%) chunk=17.69 t/s avg=18.31 t/s 10.051s
0824 03:59:22 ds4-server: chat ctx=0..207:207 prefill chunk 185/207 (89.4%) chunk=17.03 t/s avg=18.30 t/s 10.109s
0824 03:59:22 ds4-server: chat ctx=0..207:207 prefill chunk 186/207 (89.9%) chunk=17.37 t/s avg=18.29 t/s 10.167s
0824 03:59:22 ds4-server: chat ctx=0..207:207 prefill chunk 187/207 (90.3%) chunk=18.76 t/s avg=18.30 t/s 10.220s
0824 03:59:22 ds4-server: chat ctx=0..207:207 prefill chunk 188/207 (90.8%) chunk=17.10 t/s avg=18.29 t/s 10.279s
0824 03:59:22 ds4-server: chat ctx=0..207:207 prefill chunk 189/207 (91.3%) chunk=17.03 t/s avg=18.28 t/s 10.338s
0824 03:59:22 ds4-server: chat ctx=0..207:207 prefill chunk 190/207 (91.8%) chunk=17.20 t/s avg=18.28 t/s 10.396s
0824 03:59:23 ds4-server: chat ctx=0..207:207 prefill chunk 191/207 (92.3%) chunk=18.08 t/s avg=18.28 t/s 10.451s
0824 03:59:23 ds4-server: chat ctx=0..207:207 prefill chunk 192/207 (92.8%) chunk=17.45 t/s avg=18.27 t/s 10.508s
0824 03:59:23 ds4-server: chat ctx=0..207:207 prefill chunk 193/207 (93.2%) chunk=17.82 t/s avg=18.27 t/s 10.564s
0824 03:59:23 ds4-server: chat ctx=0..207:207 prefill chunk 194/207 (93.7%) chunk=17.55 t/s avg=18.26 t/s 10.621s
0824 03:59:23 ds4-server: chat ctx=0..207:207 prefill chunk 195/207 (94.2%) chunk=17.68 t/s avg=18.26 t/s 10.678s
0824 03:59:23 ds4-server: chat ctx=0..207:207 prefill chunk 196/207 (94.7%) chunk=17.66 t/s avg=18.26 t/s 10.735s
0824 03:59:23 ds4-server: chat ctx=0..207:207 prefill chunk 197/207 (95.2%) chunk=17.08 t/s avg=18.25 t/s 10.793s
0824 03:59:23 ds4-server: chat ctx=0..207:207 prefill chunk 198/207 (95.7%) chunk=17.86 t/s avg=18.25 t/s 10.849s
0824 03:59:23 ds4-server: chat ctx=0..207:207 prefill chunk 199/207 (96.1%) chunk=17.92 t/s avg=18.25 t/s 10.905s
0824 03:59:23 ds4-server: chat ctx=0..207:207 prefill chunk 200/207 (96.6%) chunk=17.76 t/s avg=18.25 t/s 10.961s
0824 03:59:23 ds4-server: chat ctx=0..207:207 prefill chunk 201/207 (97.1%) chunk=19.05 t/s avg=18.25 t/s 11.014s
0824 03:59:23 ds4-server: chat ctx=0..207:207 prefill chunk 202/207 (97.6%) chunk=17.56 t/s avg=18.25 t/s 11.071s
0824 03:59:23 ds4-server: chat ctx=0..207:207 prefill chunk 203/207 (98.1%) chunk=18.21 t/s avg=18.25 t/s 11.126s
0824 03:59:23 ds4-server: chat ctx=0..207:207 prefill chunk 204/207 (98.6%) chunk=19.71 t/s avg=18.25 t/s 11.176s
0824 03:59:23 ds4-server: chat ctx=0..207:207 prefill chunk 205/207 (99.0%) chunk=17.73 t/s avg=18.25 t/s 11.233s
0824 03:59:23 ds4-server: chat ctx=0..207:207 prefill chunk 206/207 (99.5%) chunk=20.02 t/s avg=18.26 t/s 11.283s
0824 03:59:23 ds4-server: chat ctx=0..207:207 prefill chunk 207/207 (100.0%) chunk=19.29 t/s avg=18.26 t/s 11.335s
0824 03:59:23 ds4-server: chat ctx=0..207:207 prompt done 11.335s
ds4: qwen35moe experts/token avg over 128 tokens: 0:13.6 1:13.8 2:15.0 3:16.0 4:16.5 5:16.0 6:16.1 7:17.0 8:16.4 9:17.6 10:15.7 11:15.6 12:16.1 13:16.0 14:16.0 15:16.7 16:16.8 17:16.3 18:16.2 19:15.8 20:17.0 21:16.8 22:15.8 23:16.3 24:15.9 25:15.5 26:16.3 27:16.5 28:17.3 29:17.4 30:17.2 31:18.0 32:17.6 33:18.5 34:17.9 35:19.1 36:19.3 37:19.6 38:19.8 39:19.4 | mean 16.8
0824 03:59:26 ds4-server: chat ctx=207..257:50 gen=50 THINKING decoding chunk=18.36 t/s avg=18.36 t/s 2.723s
0824 03:59:29 ds4-server: chat ctx=257..307:50 gen=100 THINKING decoding chunk=17.95 t/s avg=18.16 t/s 5.508s
0824 03:59:32 ds4-server: chat ctx=307..357:50 gen=150 THINKING decoding chunk=17.90 t/s avg=18.07 t/s 8.301s
ds4: qwen35moe experts/token avg over 128 tokens: 0:13.7 1:14.6 2:15.4 3:15.7 4:15.2 5:15.8 6:15.1 7:16.1 8:16.2 9:16.4 10:14.6 11:14.8 12:15.1 13:15.3 14:15.5 15:16.3 16:15.9 17:16.0 18:15.5 19:14.1 20:16.5 21:15.5 22:14.9 23:14.9 24:15.8 25:15.3 26:16.6 27:16.1 28:15.9 29:16.1 30:16.8 31:16.7 32:16.0 33:15.6 34:15.4 35:16.9 36:17.7 37:18.9 38:19.4 39:18.3 | mean 15.9
0824 03:59:35 ds4-server: chat ctx=357..407:50 gen=200 THINKING decoding chunk=17.63 t/s avg=17.96 t/s 11.137s
0824 03:59:37 ds4-server: chat ctx=407..457:50 gen=250 THINKING decoding chunk=17.60 t/s avg=17.89 t/s 13.978s
ds4: qwen35moe experts/token avg over 128 tokens: 0:13.6 1:15.5 2:15.9 3:16.7 4:16.3 5:16.2 6:15.5 7:16.9 8:16.9 9:17.3 10:15.3 11:15.2 12:16.1 13:16.2 14:15.7 15:16.7 16:15.9 17:16.9 18:15.7 19:15.7 20:16.9 21:16.9 22:15.8 23:15.8 24:16.4 25:16.1 26:16.5 27:17.0 28:16.2 29:17.0 30:16.3 31:17.7 32:16.2 33:16.6 34:16.7 35:17.4 36:18.4 37:18.6 38:19.5 39:18.5 | mean 16.5
0824 03:59:40 ds4-server: chat ctx=457..507:50 gen=300 THINKING decoding chunk=17.21 t/s avg=17.77 t/s 16.883s
0824 03:59:43 ds4-server: chat ctx=507..557:50 gen=350 THINKING decoding chunk=17.21 t/s avg=17.69 t/s 19.788s
0824 03:59:46 ds4-server: chat ctx=557..607:50 gen=400 THINKING decoding chunk=16.77 t/s avg=17.57 t/s 22.769s
ds4: qwen35moe experts/token avg over 128 tokens: 0:14.2 1:15.3 2:16.3 3:17.4 4:16.8 5:16.7 6:17.0 7:18.1 8:18.2 9:17.5 10:16.4 11:16.2 12:16.9 13:17.6 14:17.0 15:17.1 16:17.6 17:17.3 18:16.2 19:17.1 20:17.9 21:17.9 22:16.2 23:16.7 24:17.3 25:16.9 26:18.0 27:17.2 28:17.8 29:17.4 30:17.5 31:18.2 32:17.3 33:17.4 34:17.2 35:18.9 36:18.8 37:19.4 38:19.6 39:19.3 | mean 17.3
0824 03:59:49 ds4-server: chat ctx=607..657:50 gen=450 THINKING decoding chunk=16.49 t/s avg=17.44 t/s 25.800s
0824 03:59:52 ds4-server: chat ctx=657..707:50 gen=500 THINKING decoding chunk=16.68 t/s avg=17.36 t/s 28.798s
ds4: qwen35moe experts/token avg over 128 tokens: 0:14.1 1:15.6 2:16.3 3:17.6 4:17.1 5:17.7 6:17.5 7:18.3 8:18.7 9:18.0 10:16.6 11:16.7 12:17.4 13:17.5 14:17.7 15:17.8 16:18.3 17:17.3 18:17.4 19:17.7 20:18.4 21:18.6 22:17.0 23:16.8 24:17.1 25:17.4 26:16.9 27:17.6 28:18.0 29:17.7 30:18.0 31:18.4 32:17.9 33:18.0 34:18.1 35:18.4 36:18.9 37:19.4 38:19.6 39:19.2 | mean 17.7
0824 03:59:55 ds4-server: chat ctx=707..757:50 gen=550 THINKING decoding chunk=16.77 t/s avg=17.31 t/s 31.779s
0824 03:59:58 ds4-server: chat ctx=757..807:50 gen=600 THINKING decoding chunk=17.05 t/s avg=17.29 t/s 34.712s
0824 04:00:01 ds4-server: chat ctx=807..857:50 gen=650 THINKING decoding chunk=16.74 t/s avg=17.24 t/s 37.699s
ds4: qwen35moe experts/token avg over 128 tokens: 0:14.3 1:16.3 2:16.0 3:16.9 4:16.7 5:16.8 6:16.6 7:16.7 8:17.4 9:16.9 10:15.6 11:15.6 12:16.9 13:15.8 14:15.7 15:17.0 16:16.0 17:16.4 18:15.7 19:15.5 20:17.0 21:15.9 22:15.4 23:15.4 24:16.2 25:15.6 26:16.7 27:16.6 28:16.6 29:16.5 30:16.7 31:16.9 32:16.2 33:16.6 34:15.8 35:17.2 36:17.6 37:18.2 38:19.4 39:17.9 | mean 16.5
0824 04:00:04 ds4-server: chat ctx=857..907:50 gen=700 THINKING decoding chunk=16.61 t/s avg=17.20 t/s 40.708s
0824 04:00:07 ds4-server: chat ctx=907..957:50 gen=750 THINKING decoding chunk=16.98 t/s avg=17.18 t/s 43.653s
ds4: qwen35moe experts/token avg over 128 tokens: 0:13.8 1:15.0 2:14.8 3:16.2 4:15.0 5:15.3 6:15.5 7:16.7 8:17.2 9:16.7 10:14.9 11:14.8 12:15.8 13:16.1 14:15.7 15:15.6 16:16.5 17:16.3 18:15.4 19:16.1 20:16.4 21:16.9 22:15.1 23:14.8 24:15.6 25:15.7 26:15.7 27:15.8 28:16.0 29:16.0 30:15.4 31:16.1 32:15.0 33:15.2 34:14.9 35:16.4 36:16.1 37:17.2 38:18.5 39:16.9 | mean 15.8
0824 04:00:10 ds4-server: chat ctx=957..1007:50 gen=800 THINKING decoding chunk=16.93 t/s avg=17.16 t/s 46.607s
0824 04:00:13 ds4-server: chat ctx=1007..1057:50 gen=850 THINKING decoding chunk=16.67 t/s avg=17.13 t/s 49.607s
0824 04:00:16 ds4-server: chat ctx=1057..1107:50 gen=900 THINKING decoding chunk=16.49 t/s avg=17.10 t/s 52.639s
ds4: qwen35moe experts/token avg over 128 tokens: 0:14.0 1:15.3 2:15.7 3:16.1 4:16.1 5:16.6 6:15.9 7:17.4 8:17.6 9:17.7 10:15.6 11:15.2 12:16.1 13:16.6 14:16.1 15:16.4 16:16.3 17:16.1 18:15.5 19:16.8 20:16.8 21:17.0 22:15.1 23:15.9 24:15.6 25:15.5 26:15.9 27:16.0 28:16.3 29:15.9 30:16.3 31:16.5 32:15.7 33:15.8 34:15.0 35:17.6 36:17.0 37:17.8 38:19.0 39:17.2 | mean 16.3
0824 04:00:19 ds4-server: chat ctx=1107..1157:50 gen=950 THINKING decoding chunk=16.00 t/s avg=17.04 t/s 55.764s
0824 04:00:22 ds4-server: chat ctx=1157..1207:50 gen=1000 THINKING decoding chunk=15.96 t/s avg=16.98 t/s 58.896s
0824 04:00:25 ds4-server: chat ctx=1207..1257:50 gen=1050 THINKING decoding chunk=16.20 t/s avg=16.94 t/s 61.983s
ds4: qwen35moe experts/token avg over 128 tokens: 0:14.5 1:16.6 2:15.9 3:17.0 4:16.8 5:17.5 6:17.6 7:18.0 8:18.6 9:18.0 10:16.8 11:16.1 12:16.8 13:17.3 14:17.8 15:17.3 16:17.2 17:16.8 18:16.9 19:16.8 20:18.0 21:17.9 22:15.7 23:16.4 24:17.1 25:17.1 26:16.5 27:16.8 28:16.9 29:16.7 30:16.8 31:17.6 32:16.7 33:16.8 34:16.9 35:18.5 36:17.9 37:18.7 38:19.2 39:17.9 | mean 17.2
0824 04:00:29 ds4-server: chat ctx=1257..1307:50 gen=1100 THINKING decoding chunk=15.88 t/s avg=16.89 t/s 65.132s
0824 04:00:32 ds4-server: chat ctx=1307..1357:50 gen=1150 THINKING decoding chunk=15.75 t/s avg=16.84 t/s 68.307s
ds4: qwen35moe experts/token avg over 128 tokens: 0:15.0 1:16.0 2:16.1 3:17.9 4:17.4 5:17.7 6:17.4 7:18.2 8:18.0 9:18.9 10:16.7 11:15.9 12:17.9 13:18.1 14:17.9 15:18.0 16:18.0 17:17.8 18:17.1 19:17.3 20:18.5 21:18.0 22:16.8 23:15.9 24:17.6 25:17.5 26:17.5 27:17.9 28:16.8 29:17.3 30:16.8 31:17.8 32:16.8 33:16.4 34:16.4 35:17.5 36:18.7 37:19.3 38:19.3 39:18.5 | mean 17.5
0824 04:00:35 ds4-server: chat ctx=1357..1407:50 gen=1200 THINKING decoding chunk=15.56 t/s avg=16.78 t/s 71.520s
0824 04:00:38 ds4-server: chat ctx=1407..1457:50 gen=1250 THINKING decoding chunk=15.81 t/s avg=16.74 t/s 74.682s
0824 04:00:41 ds4-server: chat ctx=1457..1507:50 gen=1300 THINKING decoding chunk=16.04 t/s avg=16.71 t/s 77.799s
ds4: qwen35moe experts/token avg over 128 tokens: 0:14.2 1:15.8 2:15.6 3:16.7 4:16.8 5:16.4 6:16.6 7:17.4 8:18.0 9:17.4 10:15.7 11:15.1 12:16.9 13:16.5 14:17.1 15:16.5 16:16.8 17:16.5 18:15.6 19:17.0 20:17.5 21:17.4 22:15.7 23:15.3 24:16.0 25:16.3 26:16.4 27:16.0 28:16.5 29:16.4 30:15.7 31:17.2 32:15.9 33:15.7 34:14.6 35:17.2 36:16.9 37:17.7 38:19.1 39:17.1 | mean 16.5
0824 04:00:44 ds4-server: chat ctx=1507..1557:50 gen=1350 THINKING decoding chunk=16.05 t/s avg=16.68 t/s 80.914s
0824 04:00:47 ds4-server: chat ctx=1557..1607:50 gen=1400 THINKING decoding chunk=15.97 t/s avg=16.66 t/s 84.045s
ds4: qwen35moe experts/token avg over 128 tokens: 0:14.0 1:15.2 2:14.8 3:16.3 4:16.0 5:15.7 6:15.9 7:16.4 8:17.3 9:17.1 10:15.2 11:14.7 12:15.6 13:15.4 14:15.6 15:15.7 16:16.2 17:15.3 18:15.3 19:15.5 20:16.0 21:16.3 22:15.4 23:14.9 24:15.2 25:15.2 26:15.3 27:15.3 28:15.8 29:15.5 30:15.4 31:15.8 32:15.0 33:13.9 34:14.3 35:16.7 36:15.9 37:17.2 38:18.6 39:16.6 | mean 15.7
0824 04:00:51 ds4-server: chat ctx=1607..1657:50 gen=1450 THINKING decoding chunk=15.72 t/s avg=16.62 t/s 87.226s
0824 04:00:54 ds4-server: chat ctx=1657..1707:50 gen=1500 THINKING decoding chunk=15.49 t/s avg=16.58 t/s 90.453s
0824 04:00:57 ds4-server: chat ctx=1707..1757:50 gen=1550 THINKING decoding chunk=15.14 t/s avg=16.53 t/s 93.756s
ds4: qwen35moe experts/token avg over 128 tokens: 0:14.2 1:16.3 2:15.9 3:17.2 4:16.9 5:17.0 6:16.9 7:18.1 8:18.4 9:18.1 10:16.4 11:15.7 12:17.2 13:17.5 14:17.2 15:17.4 16:17.5 17:17.0 18:16.1 19:17.4 20:17.4 21:17.9 22:16.4 23:16.2 24:17.0 25:16.6 26:16.3 27:16.3 28:16.8 29:16.8 30:16.0 31:17.4 32:16.0 33:16.1 34:15.2 35:17.7 36:17.2 37:18.4 38:18.8 39:17.3 | mean 16.9
0824 04:01:00 ds4-server: chat ctx=1757..1807:50 gen=1600 THINKING decoding chunk=15.58 t/s avg=16.50 t/s 96.966s
0824 04:01:04 ds4-server: chat ctx=1807..1857:50 gen=1650 THINKING decoding chunk=15.60 t/s avg=16.47 t/s 100.171s
ds4: qwen35moe experts/token avg over 128 tokens: 0:13.9 1:15.4 2:14.5 3:16.0 4:16.0 5:15.5 6:15.8 7:16.8 8:17.5 9:17.2 10:15.1 11:15.0 12:15.7 13:15.3 14:16.2 15:16.0 16:15.8 17:16.0 18:15.3 19:16.0 20:16.2 21:16.4 22:15.1 23:14.1 24:15.5 25:14.9 26:15.0 27:15.2 28:15.3 29:15.5 30:14.8 31:16.4 32:14.3 33:14.0 34:14.0 35:16.9 36:16.1 37:16.8 38:18.3 39:16.3 | mean 15.7
0824 04:01:07 ds4-server: chat ctx=1857..1907:50 gen=1700 THINKING decoding chunk=15.35 t/s avg=16.44 t/s 103.428s
0824 04:01:10 ds4-server: chat ctx=1907..1957:50 gen=1750 THINKING decoding chunk=15.16 t/s avg=16.40 t/s 106.725s
0824 04:01:14 ds4-server: chat ctx=1957..2007:50 gen=1800 THINKING decoding chunk=14.87 t/s avg=16.35 t/s 110.087s
ds4: qwen35moe experts/token avg over 128 tokens: 0:14.4 1:15.8 2:15.4 3:17.3 4:17.2 5:16.8 6:17.0 7:18.1 8:18.1 9:18.5 10:16.3 11:15.7 12:17.5 13:17.8 14:17.2 15:18.0 16:17.4 17:17.8 18:16.9 19:17.0 20:18.5 21:17.5 22:16.4 23:16.4 24:17.6 25:17.4 26:17.2 27:17.2 28:17.0 29:16.9 30:16.8 31:17.4 32:16.2 33:15.8 34:15.6 35:17.6 36:17.8 37:18.7 38:19.0 39:17.9 | mean 17.1
0824 04:01:17 ds4-server: chat ctx=2007..2057:50 gen=1850 THINKING decoding chunk=14.66 t/s avg=16.30 t/s 113.499s
0824 04:01:20 ds4-server: chat ctx=2057..2107:50 gen=1900 THINKING decoding chunk=14.67 t/s avg=16.25 t/s 116.907s
ds4: qwen35moe experts/token avg over 128 tokens: 0:14.7 1:15.9 2:15.5 3:17.1 4:17.5 5:17.0 6:17.0 7:18.1 8:18.3 9:18.0 10:16.7 11:15.4 12:17.2 13:17.2 14:17.5 15:16.8 16:17.2 17:17.2 18:16.5 19:17.4 20:18.0 21:18.0 22:16.6 23:16.0 24:16.9 25:16.9 26:17.3 27:16.6 28:17.1 29:16.9 30:16.2 31:17.7 32:16.1 33:15.8 34:15.6 35:17.5 36:17.7 37:18.3 38:19.5 39:18.0 | mean 17.0
0824 04:01:24 ds4-server: chat ctx=2107..2157:50 gen=1950 decoding chunk=15.06 t/s avg=16.22 t/s 120.226s
0824 04:01:27 ds4-server: chat ctx=2157..2207:50 gen=2000 decoding chunk=14.54 t/s avg=16.17 t/s 123.666s
0824 04:01:31 ds4-server: chat ctx=2207..2257:50 gen=2050 decoding chunk=14.58 t/s avg=16.13 t/s 127.095s
ds4: qwen35moe experts/token avg over 128 tokens: 0:14.0 1:16.0 2:16.0 3:17.5 4:17.2 5:17.3 6:17.2 7:18.0 8:18.1 9:18.3 10:16.3 11:15.8 12:17.6 13:17.4 14:18.0 15:18.4 16:18.0 17:17.9 18:17.5 19:16.9 20:18.5 21:17.8 22:17.2 23:17.1 24:18.1 25:18.0 26:17.9 27:18.0 28:17.4 29:17.8 30:17.6 31:17.7 32:17.3 33:16.5 34:16.2 35:18.1 36:18.6 37:19.4 38:19.7 39:18.9 | mean 17.5
0824 04:01:34 ds4-server: chat ctx=2257..2307:50 gen=2100 decoding chunk=14.39 t/s avg=16.08 t/s 130.570s
0824 04:01:37 ds4-server: chat ctx=2307..2357:50 gen=2150 decoding chunk=14.46 t/s avg=16.04 t/s 134.026s
0824 04:01:41 ds4-server: chat ctx=2357..2407:50 gen=2200 decoding chunk=14.23 t/s avg=16.00 t/s 137.539s
ds4: qwen35moe experts/token avg over 128 tokens: 0:14.4 1:16.0 2:16.5 3:17.5 4:17.3 5:18.1 6:17.9 7:18.5 8:18.6 9:18.3 10:16.9 11:16.5 12:17.5 13:18.1 14:18.2 15:18.4 16:18.1 17:18.2 18:17.9 19:17.8 20:18.5 21:18.2 22:17.5 23:16.8 24:17.8 25:18.0 26:18.0 27:18.0 28:17.6 29:17.7 30:16.9 31:17.9 32:17.0 33:17.4 34:17.0 35:18.1 36:18.7 37:19.3 38:19.2 39:19.0 | mean 17.7
0824 04:01:44 ds4-server: chat ctx=2407..2457:50 gen=2250 decoding chunk=14.24 t/s avg=15.95 t/s 141.049s
0824 04:01:46 ds4-server: chat ctx=2457..2482:25 gen=2275 decoding chunk=14.22 t/s avg=15.93 t/s 142.808s
0824 04:01:46 ds4-server: thinking live checkpoint remembered ctx=0..207:207 live=2482 visible=2082
0824 04:01:46 ds4-server: chat ctx=0..207:207 gen=2275 finish=stop 154.142s
0824 04:01:46 ds4-server: live kv cache miss live=2482 prompt=231 common=52 reason=token-mismatch
0824 04:01:46 ds4-server: chat ctx=0..231:231 prompt start
0824 04:01:46 ds4-server: chat ctx=0..231:231 prefill chunk 1/231 (0.4%) chunk=0.00 t/s avg=19.00 t/s 0.053s
0824 04:01:46 ds4-server: chat ctx=0..231:231 prefill chunk 2/231 (0.9%) chunk=19.95 t/s avg=19.47 t/s 0.103s
0824 04:01:46 ds4-server: chat ctx=0..231:231 prefill chunk 3/231 (1.3%) chunk=19.10 t/s avg=19.34 t/s 0.155s
0824 04:01:46 ds4-server: chat ctx=0..231:231 prefill chunk 4/231 (1.7%) chunk=19.83 t/s avg=19.46 t/s 0.206s
0824 04:01:46 ds4-server: chat ctx=0..231:231 prefill chunk 5/231 (2.2%) chunk=19.05 t/s avg=19.38 t/s 0.258s
0824 04:01:47 ds4-server: chat ctx=0..231:231 prefill chunk 6/231 (2.6%) chunk=19.56 t/s avg=19.41 t/s 0.309s
0824 04:01:47 ds4-server: chat ctx=0..231:231 prefill chunk 7/231 (3.0%) chunk=19.08 t/s avg=19.36 t/s 0.362s
0824 04:01:47 ds4-server: chat ctx=0..231:231 prefill chunk 8/231 (3.5%) chunk=18.81 t/s avg=19.29 t/s 0.415s
0824 04:01:47 ds4-server: chat ctx=0..231:231 prefill chunk 9/231 (3.9%) chunk=20.04 t/s avg=19.37 t/s 0.465s
0824 04:01:47 ds4-server: chat ctx=0..231:231 prefill chunk 10/231 (4.3%) chunk=19.21 t/s avg=19.35 t/s 0.517s
0824 04:01:47 ds4-server: chat ctx=0..231:231 prefill chunk 11/231 (4.8%) chunk=19.55 t/s avg=19.37 t/s 0.568s
0824 04:01:47 ds4-server: chat ctx=0..231:231 prefill chunk 12/231 (5.2%) chunk=18.80 t/s avg=19.32 t/s 0.621s
0824 04:01:47 ds4-server: chat ctx=0..231:231 prefill chunk 13/231 (5.6%) chunk=19.25 t/s avg=19.32 t/s 0.673s
0824 04:01:47 ds4-server: chat ctx=0..231:231 prefill chunk 14/231 (6.1%) chunk=18.43 t/s avg=19.25 t/s 0.727s
0824 04:01:47 ds4-server: chat ctx=0..231:231 prefill chunk 15/231 (6.5%) chunk=18.77 t/s avg=19.22 t/s 0.781s
0824 04:01:47 ds4-server: chat ctx=0..231:231 prefill chunk 16/231 (6.9%) chunk=19.31 t/s avg=19.22 t/s 0.832s
0824 04:01:47 ds4-server: chat ctx=0..231:231 prefill chunk 17/231 (7.4%) chunk=18.50 t/s avg=19.18 t/s 0.886s
0824 04:01:47 ds4-server: chat ctx=0..231:231 prefill chunk 18/231 (7.8%) chunk=19.42 t/s avg=19.19 t/s 0.938s
0824 04:01:47 ds4-server: chat ctx=0..231:231 prefill chunk 19/231 (8.2%) chunk=18.32 t/s avg=19.14 t/s 0.992s
0824 04:01:47 ds4-server: chat ctx=0..231:231 prefill chunk 20/231 (8.7%) chunk=18.08 t/s avg=19.09 t/s 1.048s
0824 04:01:47 ds4-server: chat ctx=0..231:231 prefill chunk 21/231 (9.1%) chunk=19.06 t/s avg=19.09 t/s 1.100s
0824 04:01:47 ds4-server: chat ctx=0..231:231 prefill chunk 22/231 (9.5%) chunk=19.04 t/s avg=19.08 t/s 1.153s
0824 04:01:47 ds4-server: chat ctx=0..231:231 prefill chunk 23/231 (10.0%) chunk=19.76 t/s avg=19.11 t/s 1.203s
0824 04:01:47 ds4-server: chat ctx=0..231:231 prefill chunk 24/231 (10.4%) chunk=18.96 t/s avg=19.11 t/s 1.256s
0824 04:01:48 ds4-server: chat ctx=0..231:231 prefill chunk 25/231 (10.8%) chunk=19.49 t/s avg=19.12 t/s 1.307s
0824 04:01:48 ds4-server: chat ctx=0..231:231 prefill chunk 26/231 (11.3%) chunk=18.88 t/s avg=19.11 t/s 1.360s
0824 04:01:48 ds4-server: chat ctx=0..231:231 prefill chunk 27/231 (11.7%) chunk=18.68 t/s avg=19.10 t/s 1.414s
0824 04:01:48 ds4-server: chat ctx=0..231:231 prefill chunk 28/231 (12.1%) chunk=19.47 t/s avg=19.11 t/s 1.465s
0824 04:01:48 ds4-server: chat ctx=0..231:231 prefill chunk 29/231 (12.6%) chunk=18.17 t/s avg=19.07 t/s 1.520s
0824 04:01:48 ds4-server: chat ctx=0..231:231 prefill chunk 30/231 (13.0%) chunk=19.31 t/s avg=19.08 t/s 1.572s
0824 04:01:48 ds4-server: chat ctx=0..231:231 prefill chunk 31/231 (13.4%) chunk=18.32 t/s avg=19.06 t/s 1.627s
0824 04:01:48 ds4-server: chat ctx=0..231:231 prefill chunk 32/231 (13.9%) chunk=18.22 t/s avg=19.03 t/s 1.682s
0824 04:01:48 ds4-server: chat ctx=0..231:231 prefill chunk 33/231 (14.3%) chunk=19.35 t/s avg=19.04 t/s 1.733s
0824 04:01:48 ds4-server: chat ctx=0..231:231 prefill chunk 34/231 (14.7%) chunk=18.50 t/s avg=19.02 t/s 1.787s
0824 04:01:48 ds4-server: chat ctx=0..231:231 prefill chunk 35/231 (15.2%) chunk=18.64 t/s avg=19.01 t/s 1.841s
0824 04:01:48 ds4-server: chat ctx=0..231:231 prefill chunk 36/231 (15.6%) chunk=18.44 t/s avg=19.00 t/s 1.895s
0824 04:01:48 ds4-server: chat ctx=0..231:231 prefill chunk 37/231 (16.0%) chunk=17.53 t/s avg=18.95 t/s 1.952s
0824 04:01:48 ds4-server: chat ctx=0..231:231 prefill chunk 38/231 (16.5%) chunk=18.22 t/s avg=18.93 t/s 2.007s
0824 04:01:48 ds4-server: chat ctx=0..231:231 prefill chunk 39/231 (16.9%) chunk=18.07 t/s avg=18.91 t/s 2.062s
0824 04:01:48 ds4-server: chat ctx=0..231:231 prefill chunk 40/231 (17.3%) chunk=18.08 t/s avg=18.89 t/s 2.118s
0824 04:01:48 ds4-server: chat ctx=0..231:231 prefill chunk 41/231 (17.7%) chunk=18.58 t/s avg=18.88 t/s 2.172s
0824 04:01:48 ds4-server: chat ctx=0..231:231 prefill chunk 42/231 (18.2%) chunk=18.21 t/s avg=18.86 t/s 2.227s
0824 04:01:49 ds4-server: chat ctx=0..231:231 prefill chunk 43/231 (18.6%) chunk=18.68 t/s avg=18.86 t/s 2.280s
0824 04:01:49 ds4-server: chat ctx=0..231:231 prefill chunk 44/231 (19.0%) chunk=19.40 t/s avg=18.87 t/s 2.332s
0824 04:01:49 ds4-server: chat ctx=0..231:231 prefill chunk 45/231 (19.5%) chunk=18.27 t/s avg=18.86 t/s 2.386s
0824 04:01:49 ds4-server: chat ctx=0..231:231 prefill chunk 46/231 (19.9%) chunk=18.77 t/s avg=18.86 t/s 2.440s
0824 04:01:49 ds4-server: chat ctx=0..231:231 prefill chunk 47/231 (20.3%) chunk=18.24 t/s avg=18.84 t/s 2.494s
0824 04:01:49 ds4-server: chat ctx=0..231:231 prefill chunk 48/231 (20.8%) chunk=18.33 t/s avg=18.83 t/s 2.549s
0824 04:01:49 ds4-server: chat ctx=0..231:231 prefill chunk 49/231 (21.2%) chunk=18.67 t/s avg=18.83 t/s 2.603s
0824 04:01:49 ds4-server: chat ctx=0..231:231 prefill chunk 50/231 (21.6%) chunk=18.21 t/s avg=18.82 t/s 2.657s
0824 04:01:49 ds4-server: chat ctx=0..231:231 prefill chunk 51/231 (22.1%) chunk=17.97 t/s avg=18.80 t/s 2.713s
0824 04:01:49 ds4-server: chat ctx=0..231:231 prefill chunk 52/231 (22.5%) chunk=18.51 t/s avg=18.79 t/s 2.767s
0824 04:01:49 ds4-server: chat ctx=0..231:231 prefill chunk 53/231 (22.9%) chunk=18.45 t/s avg=18.79 t/s 2.821s
0824 04:01:49 ds4-server: chat ctx=0..231:231 prefill chunk 54/231 (23.4%) chunk=19.42 t/s avg=18.80 t/s 2.873s
0824 04:01:49 ds4-server: chat ctx=0..231:231 prefill chunk 55/231 (23.8%) chunk=18.80 t/s avg=18.80 t/s 2.926s
ds4: qwen35moe experts/token avg over 128 tokens: 0:14.3 1:15.6 2:14.8 3:16.4 4:16.3 5:16.0 6:15.9 7:17.5 8:17.6 9:17.1 10:15.6 11:15.3 12:16.7 13:16.9 14:17.0 15:16.8 16:16.9 17:16.5 18:16.4 19:16.1 20:17.2 21:17.1 22:16.0 23:15.3 24:16.1 25:16.2 26:16.3 27:16.1 28:16.0 29:16.0 30:15.3 31:17.0 32:15.9 33:16.7 34:15.7 35:18.2 36:17.9 37:19.1 38:19.3 39:18.6 | mean 16.6
0824 04:01:49 ds4-server: chat ctx=0..231:231 prefill chunk 56/231 (24.2%) chunk=18.63 t/s avg=18.79 t/s 2.980s
0824 04:01:49 ds4-server: chat ctx=0..231:231 prefill chunk 57/231 (24.7%) chunk=18.63 t/s avg=18.79 t/s 3.033s
0824 04:01:49 ds4-server: chat ctx=0..231:231 prefill chunk 58/231 (25.1%) chunk=18.71 t/s avg=18.79 t/s 3.087s
0824 04:01:49 ds4-server: chat ctx=0..231:231 prefill chunk 59/231 (25.5%) chunk=19.73 t/s avg=18.80 t/s 3.137s
0824 04:01:49 ds4-server: chat ctx=0..231:231 prefill chunk 60/231 (26.0%) chunk=19.26 t/s avg=18.81 t/s 3.189s
0824 04:01:49 ds4-server: chat ctx=0..231:231 prefill chunk 61/231 (26.4%) chunk=20.11 t/s avg=18.83 t/s 3.239s
0824 04:01:50 ds4-server: chat ctx=0..231:231 prefill chunk 62/231 (26.8%) chunk=18.94 t/s avg=18.83 t/s 3.292s
0824 04:01:50 ds4-server: chat ctx=0..231:231 prefill chunk 63/231 (27.3%) chunk=19.96 t/s avg=18.85 t/s 3.342s
0824 04:01:50 ds4-server: chat ctx=0..231:231 prefill chunk 64/231 (27.7%) chunk=19.62 t/s avg=18.86 t/s 3.393s
0824 04:01:50 ds4-server: chat ctx=0..231:231 prefill chunk 65/231 (28.1%) chunk=18.75 t/s avg=18.86 t/s 3.446s
0824 04:01:50 ds4-server: chat ctx=0..231:231 prefill chunk 66/231 (28.6%) chunk=18.45 t/s avg=18.85 t/s 3.501s
0824 04:01:50 ds4-server: chat ctx=0..231:231 prefill chunk 67/231 (29.0%) chunk=18.07 t/s avg=18.84 t/s 3.556s
0824 04:01:50 ds4-server: chat ctx=0..231:231 prefill chunk 68/231 (29.4%) chunk=19.01 t/s avg=18.84 t/s 3.608s
0824 04:01:50 ds4-server: chat ctx=0..231:231 prefill chunk 69/231 (29.9%) chunk=18.31 t/s avg=18.84 t/s 3.663s
0824 04:01:50 ds4-server: chat ctx=0..231:231 prefill chunk 70/231 (30.3%) chunk=17.70 t/s avg=18.82 t/s 3.720s
0824 04:01:50 ds4-server: chat ctx=0..231:231 prefill chunk 71/231 (30.7%) chunk=18.75 t/s avg=18.82 t/s 3.773s
0824 04:01:50 ds4-server: chat ctx=0..231:231 prefill chunk 72/231 (31.2%) chunk=18.23 t/s avg=18.81 t/s 3.828s
0824 04:01:50 ds4-server: chat ctx=0..231:231 prefill chunk 73/231 (31.6%) chunk=17.47 t/s avg=18.79 t/s 3.885s
0824 04:01:50 ds4-server: chat ctx=0..231:231 prefill chunk 74/231 (32.0%) chunk=18.24 t/s avg=18.78 t/s 3.940s
0824 04:01:50 ds4-server: chat ctx=0..231:231 prefill chunk 75/231 (32.5%) chunk=17.94 t/s avg=18.77 t/s 3.996s
0824 04:01:50 ds4-server: chat ctx=0..231:231 prefill chunk 76/231 (32.9%) chunk=17.37 t/s avg=18.75 t/s 4.053s
0824 04:01:50 ds4-server: chat ctx=0..231:231 prefill chunk 77/231 (33.3%) chunk=18.94 t/s avg=18.75 t/s 4.106s
0824 04:01:50 ds4-server: chat ctx=0..231:231 prefill chunk 78/231 (33.8%) chunk=18.56 t/s avg=18.75 t/s 4.160s
0824 04:01:50 ds4-server: chat ctx=0..231:231 prefill chunk 79/231 (34.2%) chunk=18.32 t/s avg=18.74 t/s 4.214s
0824 04:01:51 ds4-server: chat ctx=0..231:231 prefill chunk 80/231 (34.6%) chunk=18.65 t/s avg=18.74 t/s 4.268s
0824 04:01:51 ds4-server: chat ctx=0..231:231 prefill chunk 81/231 (35.1%) chunk=18.35 t/s avg=18.74 t/s 4.323s
0824 04:01:51 ds4-server: chat ctx=0..231:231 prefill chunk 82/231 (35.5%) chunk=18.94 t/s avg=18.74 t/s 4.375s
0824 04:01:51 ds4-server: chat ctx=0..231:231 prefill chunk 83/231 (35.9%) chunk=17.79 t/s avg=18.73 t/s 4.432s
0824 04:01:51 ds4-server: chat ctx=0..231:231 prefill chunk 84/231 (36.4%) chunk=18.36 t/s avg=18.72 t/s 4.486s
0824 04:01:51 ds4-server: chat ctx=0..231:231 prefill chunk 85/231 (36.8%) chunk=19.62 t/s avg=18.73 t/s 4.537s
0824 04:01:51 ds4-server: chat ctx=0..231:231 prefill chunk 86/231 (37.2%) chunk=18.73 t/s avg=18.73 t/s 4.590s
0824 04:01:51 ds4-server: chat ctx=0..231:231 prefill chunk 87/231 (37.7%) chunk=18.73 t/s avg=18.73 t/s 4.644s
0824 04:01:51 ds4-server: chat ctx=0..231:231 prefill chunk 88/231 (38.1%) chunk=19.49 t/s avg=18.74 t/s 4.695s
0824 04:01:51 ds4-server: chat ctx=0..231:231 prefill chunk 89/231 (38.5%) chunk=18.50 t/s avg=18.74 t/s 4.749s
0824 04:01:51 ds4-server: chat ctx=0..231:231 prefill chunk 90/231 (39.0%) chunk=19.04 t/s avg=18.74 t/s 4.802s
0824 04:01:51 ds4-server: chat ctx=0..231:231 prefill chunk 91/231 (39.4%) chunk=17.59 t/s avg=18.73 t/s 4.859s
0824 04:01:51 ds4-server: chat ctx=0..231:231 prefill chunk 92/231 (39.8%) chunk=18.30 t/s avg=18.72 t/s 4.913s
0824 04:01:51 ds4-server: chat ctx=0..231:231 prefill chunk 93/231 (40.3%) chunk=19.00 t/s avg=18.73 t/s 4.966s
0824 04:01:51 ds4-server: chat ctx=0..231:231 prefill chunk 94/231 (40.7%) chunk=18.00 t/s avg=18.72 t/s 5.021s
0824 04:01:51 ds4-server: chat ctx=0..231:231 prefill chunk 95/231 (41.1%) chunk=19.14 t/s avg=18.72 t/s 5.074s
0824 04:01:51 ds4-server: chat ctx=0..231:231 prefill chunk 96/231 (41.6%) chunk=17.79 t/s avg=18.71 t/s 5.130s
0824 04:01:51 ds4-server: chat ctx=0..231:231 prefill chunk 97/231 (42.0%) chunk=18.10 t/s avg=18.71 t/s 5.185s
0824 04:01:51 ds4-server: chat ctx=0..231:231 prefill chunk 98/231 (42.4%) chunk=18.75 t/s avg=18.71 t/s 5.238s
0824 04:01:52 ds4-server: chat ctx=0..231:231 prefill chunk 99/231 (42.9%) chunk=17.82 t/s avg=18.70 t/s 5.295s
0824 04:01:52 ds4-server: chat ctx=0..231:231 prefill chunk 100/231 (43.3%) chunk=18.11 t/s avg=18.69 t/s 5.350s
0824 04:01:52 ds4-server: chat ctx=0..231:231 prefill chunk 101/231 (43.7%) chunk=18.80 t/s avg=18.69 t/s 5.403s
0824 04:01:52 ds4-server: chat ctx=0..231:231 prefill chunk 102/231 (44.2%) chunk=17.96 t/s avg=18.69 t/s 5.459s
0824 04:01:52 ds4-server: chat ctx=0..231:231 prefill chunk 103/231 (44.6%) chunk=17.93 t/s avg=18.68 t/s 5.514s
0824 04:01:52 ds4-server: chat ctx=0..231:231 prefill chunk 104/231 (45.0%) chunk=19.04 t/s avg=18.68 t/s 5.567s
0824 04:01:52 ds4-server: chat ctx=0..231:231 prefill chunk 105/231 (45.5%) chunk=17.86 t/s avg=18.67 t/s 5.623s
0824 04:01:52 ds4-server: chat ctx=0..231:231 prefill chunk 106/231 (45.9%) chunk=18.32 t/s avg=18.67 t/s 5.678s
0824 04:01:52 ds4-server: chat ctx=0..231:231 prefill chunk 107/231 (46.3%) chunk=18.03 t/s avg=18.66 t/s 5.733s
0824 04:01:52 ds4-server: chat ctx=0..231:231 prefill chunk 108/231 (46.8%) chunk=17.43 t/s avg=18.65 t/s 5.790s
0824 04:01:52 ds4-server: chat ctx=0..231:231 prefill chunk 109/231 (47.2%) chunk=18.69 t/s avg=18.65 t/s 5.844s
0824 04:01:52 ds4-server: chat ctx=0..231:231 prefill chunk 110/231 (47.6%) chunk=17.73 t/s avg=18.64 t/s 5.900s
0824 04:01:52 ds4-server: chat ctx=0..231:231 prefill chunk 111/231 (48.1%) chunk=18.08 t/s avg=18.64 t/s 5.956s
0824 04:01:52 ds4-server: chat ctx=0..231:231 prefill chunk 112/231 (48.5%) chunk=18.24 t/s avg=18.63 t/s 6.010s
0824 04:01:52 ds4-server: chat ctx=0..231:231 prefill chunk 113/231 (48.9%) chunk=18.38 t/s avg=18.63 t/s 6.065s
0824 04:01:52 ds4-server: chat ctx=0..231:231 prefill chunk 114/231 (49.4%) chunk=18.01 t/s avg=18.63 t/s 6.120s
0824 04:01:52 ds4-server: chat ctx=0..231:231 prefill chunk 115/231 (49.8%) chunk=18.64 t/s avg=18.63 t/s 6.174s
0824 04:01:52 ds4-server: chat ctx=0..231:231 prefill chunk 116/231 (50.2%) chunk=17.71 t/s avg=18.62 t/s 6.230s
0824 04:01:53 ds4-server: chat ctx=0..231:231 prefill chunk 117/231 (50.6%) chunk=17.99 t/s avg=18.61 t/s 6.286s
0824 04:01:53 ds4-server: chat ctx=0..231:231 prefill chunk 118/231 (51.1%) chunk=18.51 t/s avg=18.61 t/s 6.340s
0824 04:01:53 ds4-server: chat ctx=0..231:231 prefill chunk 119/231 (51.5%) chunk=17.91 t/s avg=18.61 t/s 6.396s
0824 04:01:53 ds4-server: chat ctx=0..231:231 prefill chunk 120/231 (51.9%) chunk=17.91 t/s avg=18.60 t/s 6.452s
0824 04:01:53 ds4-server: chat ctx=0..231:231 prefill chunk 121/231 (52.4%) chunk=18.75 t/s avg=18.60 t/s 6.505s
0824 04:01:53 ds4-server: chat ctx=0..231:231 prefill chunk 122/231 (52.8%) chunk=17.88 t/s avg=18.59 t/s 6.561s
0824 04:01:53 ds4-server: chat ctx=0..231:231 prefill chunk 123/231 (53.2%) chunk=17.07 t/s avg=18.58 t/s 6.620s
0824 04:01:53 ds4-server: chat ctx=0..231:231 prefill chunk 124/231 (53.7%) chunk=18.15 t/s avg=18.58 t/s 6.675s
0824 04:01:53 ds4-server: chat ctx=0..231:231 prefill chunk 125/231 (54.1%) chunk=18.40 t/s avg=18.58 t/s 6.729s
0824 04:01:53 ds4-server: chat ctx=0..231:231 prefill chunk 126/231 (54.5%) chunk=18.27 t/s avg=18.57 t/s 6.784s
0824 04:01:53 ds4-server: chat ctx=0..231:231 prefill chunk 127/231 (55.0%) chunk=18.42 t/s avg=18.57 t/s 6.838s
0824 04:01:53 ds4-server: chat ctx=0..231:231 prefill chunk 128/231 (55.4%) chunk=17.68 t/s avg=18.57 t/s 6.895s
0824 04:01:53 ds4-server: chat ctx=0..231:231 prefill chunk 129/231 (55.8%) chunk=18.49 t/s avg=18.56 t/s 6.949s
0824 04:01:53 ds4-server: chat ctx=0..231:231 prefill chunk 130/231 (56.3%) chunk=18.59 t/s avg=18.56 t/s 7.003s
0824 04:01:53 ds4-server: chat ctx=0..231:231 prefill chunk 131/231 (56.7%) chunk=18.03 t/s avg=18.56 t/s 7.058s
0824 04:01:53 ds4-server: chat ctx=0..231:231 prefill chunk 132/231 (57.1%) chunk=18.67 t/s avg=18.56 t/s 7.112s
0824 04:01:53 ds4-server: chat ctx=0..231:231 prefill chunk 133/231 (57.6%) chunk=18.51 t/s avg=18.56 t/s 7.166s
0824 04:01:53 ds4-server: chat ctx=0..231:231 prefill chunk 134/231 (58.0%) chunk=18.09 t/s avg=18.56 t/s 7.221s
0824 04:01:54 ds4-server: chat ctx=0..231:231 prefill chunk 135/231 (58.4%) chunk=18.36 t/s avg=18.56 t/s 7.275s
0824 04:01:54 ds4-server: chat ctx=0..231:231 prefill chunk 136/231 (58.9%) chunk=17.88 t/s avg=18.55 t/s 7.331s
0824 04:01:54 ds4-server: chat ctx=0..231:231 prefill chunk 137/231 (59.3%) chunk=18.47 t/s avg=18.55 t/s 7.385s
0824 04:01:54 ds4-server: chat ctx=0..231:231 prefill chunk 138/231 (59.7%) chunk=18.40 t/s avg=18.55 t/s 7.440s
0824 04:01:54 ds4-server: chat ctx=0..231:231 prefill chunk 139/231 (60.2%) chunk=17.37 t/s avg=18.54 t/s 7.497s
0824 04:01:54 ds4-server: chat ctx=0..231:231 prefill chunk 140/231 (60.6%) chunk=17.53 t/s avg=18.53 t/s 7.554s
0824 04:01:54 ds4-server: chat ctx=0..231:231 prefill chunk 141/231 (61.0%) chunk=18.96 t/s avg=18.54 t/s 7.607s
0824 04:01:54 ds4-server: chat ctx=0..231:231 prefill chunk 142/231 (61.5%) chunk=17.59 t/s avg=18.53 t/s 7.664s
0824 04:01:54 ds4-server: chat ctx=0..231:231 prefill chunk 143/231 (61.9%) chunk=17.67 t/s avg=18.52 t/s 7.721s
0824 04:01:54 ds4-server: chat ctx=0..231:231 prefill chunk 144/231 (62.3%) chunk=18.81 t/s avg=18.52 t/s 7.774s
0824 04:01:54 ds4-server: chat ctx=0..231:231 prefill chunk 145/231 (62.8%) chunk=17.53 t/s avg=18.52 t/s 7.831s
0824 04:01:54 ds4-server: chat ctx=0..231:231 prefill chunk 146/231 (63.2%) chunk=17.86 t/s avg=18.51 t/s 7.887s
0824 04:01:54 ds4-server: chat ctx=0..231:231 prefill chunk 147/231 (63.6%) chunk=18.82 t/s avg=18.51 t/s 7.940s
0824 04:01:54 ds4-server: chat ctx=0..231:231 prefill chunk 148/231 (64.1%) chunk=17.82 t/s avg=18.51 t/s 7.996s
0824 04:01:54 ds4-server: chat ctx=0..231:231 prefill chunk 149/231 (64.5%) chunk=17.59 t/s avg=18.50 t/s 8.053s
0824 04:01:54 ds4-server: chat ctx=0..231:231 prefill chunk 150/231 (64.9%) chunk=18.18 t/s avg=18.50 t/s 8.108s
0824 04:01:54 ds4-server: chat ctx=0..231:231 prefill chunk 151/231 (65.4%) chunk=18.14 t/s avg=18.50 t/s 8.163s
0824 04:01:54 ds4-server: chat ctx=0..231:231 prefill chunk 152/231 (65.8%) chunk=18.12 t/s avg=18.50 t/s 8.218s
0824 04:01:55 ds4-server: chat ctx=0..231:231 prefill chunk 153/231 (66.2%) chunk=18.30 t/s avg=18.49 t/s 8.273s
0824 04:01:55 ds4-server: chat ctx=0..231:231 prefill chunk 154/231 (66.7%) chunk=17.20 t/s avg=18.49 t/s 8.331s
0824 04:01:55 ds4-server: chat ctx=0..231:231 prefill chunk 155/231 (67.1%) chunk=17.77 t/s avg=18.48 t/s 8.387s
0824 04:01:55 ds4-server: chat ctx=0..231:231 prefill chunk 156/231 (67.5%) chunk=18.98 t/s avg=18.48 t/s 8.440s
0824 04:01:55 ds4-server: chat ctx=0..231:231 prefill chunk 157/231 (68.0%) chunk=17.91 t/s avg=18.48 t/s 8.496s
0824 04:01:55 ds4-server: chat ctx=0..231:231 prefill chunk 158/231 (68.4%) chunk=18.17 t/s avg=18.48 t/s 8.551s
0824 04:01:55 ds4-server: chat ctx=0..231:231 prefill chunk 159/231 (68.8%) chunk=19.05 t/s avg=18.48 t/s 8.603s
0824 04:01:55 ds4-server: chat ctx=0..231:231 prefill chunk 160/231 (69.3%) chunk=18.33 t/s avg=18.48 t/s 8.658s
0824 04:01:55 ds4-server: chat ctx=0..231:231 prefill chunk 161/231 (69.7%) chunk=18.66 t/s avg=18.48 t/s 8.711s
0824 04:01:55 ds4-server: chat ctx=0..231:231 prefill chunk 162/231 (70.1%) chunk=18.11 t/s avg=18.48 t/s 8.767s
0824 04:01:55 ds4-server: chat ctx=0..231:231 prefill chunk 163/231 (70.6%) chunk=18.11 t/s avg=18.48 t/s 8.822s
0824 04:01:55 ds4-server: chat ctx=0..231:231 prefill chunk 164/231 (71.0%) chunk=18.09 t/s avg=18.47 t/s 8.877s
0824 04:01:55 ds4-server: chat ctx=0..231:231 prefill chunk 165/231 (71.4%) chunk=18.34 t/s avg=18.47 t/s 8.932s
0824 04:01:55 ds4-server: chat ctx=0..231:231 prefill chunk 166/231 (71.9%) chunk=18.17 t/s avg=18.47 t/s 8.987s
0824 04:01:55 ds4-server: chat ctx=0..231:231 prefill chunk 167/231 (72.3%) chunk=18.45 t/s avg=18.47 t/s 9.041s
0824 04:01:55 ds4-server: chat ctx=0..231:231 prefill chunk 168/231 (72.7%) chunk=17.32 t/s avg=18.46 t/s 9.099s
0824 04:01:55 ds4-server: chat ctx=0..231:231 prefill chunk 169/231 (73.2%) chunk=17.08 t/s avg=18.46 t/s 9.157s
0824 04:01:55 ds4-server: chat ctx=0..231:231 prefill chunk 170/231 (73.6%) chunk=18.37 t/s avg=18.45 t/s 9.212s
0824 04:01:55 ds4-server: chat ctx=0..231:231 prefill chunk 171/231 (74.0%) chunk=18.46 t/s avg=18.45 t/s 9.266s
0824 04:01:56 ds4-server: chat ctx=0..231:231 prefill chunk 172/231 (74.5%) chunk=17.84 t/s avg=18.45 t/s 9.322s
0824 04:01:56 ds4-server: chat ctx=0..231:231 prefill chunk 173/231 (74.9%) chunk=18.06 t/s avg=18.45 t/s 9.377s
0824 04:01:56 ds4-server: chat ctx=0..231:231 prefill chunk 174/231 (75.3%) chunk=18.30 t/s avg=18.45 t/s 9.432s
0824 04:01:56 ds4-server: chat ctx=0..231:231 prefill chunk 175/231 (75.8%) chunk=17.62 t/s avg=18.44 t/s 9.489s
0824 04:01:56 ds4-server: chat ctx=0..231:231 prefill chunk 176/231 (76.2%) chunk=18.12 t/s avg=18.44 t/s 9.544s
0824 04:01:56 ds4-server: chat ctx=0..231:231 prefill chunk 177/231 (76.6%) chunk=17.93 t/s avg=18.44 t/s 9.600s
0824 04:01:56 ds4-server: chat ctx=0..231:231 prefill chunk 178/231 (77.1%) chunk=17.80 t/s avg=18.43 t/s 9.656s
0824 04:01:56 ds4-server: chat ctx=0..231:231 prefill chunk 179/231 (77.5%) chunk=17.62 t/s avg=18.43 t/s 9.713s
0824 04:01:56 ds4-server: chat ctx=0..231:231 prefill chunk 180/231 (77.9%) chunk=18.36 t/s avg=18.43 t/s 9.767s
0824 04:01:56 ds4-server: chat ctx=0..231:231 prefill chunk 181/231 (78.4%) chunk=17.55 t/s avg=18.42 t/s 9.824s
0824 04:01:56 ds4-server: chat ctx=0..231:231 prefill chunk 182/231 (78.8%) chunk=17.63 t/s avg=18.42 t/s 9.881s
0824 04:01:56 ds4-server: chat ctx=0..231:231 prefill chunk 183/231 (79.2%) chunk=18.65 t/s avg=18.42 t/s 9.934s
ds4: qwen35moe experts/token avg over 128 tokens: 0:14.1 1:14.1 2:14.5 3:16.0 4:14.6 5:14.6 6:15.0 7:16.8 8:17.0 9:16.2 10:15.2 11:14.3 12:15.4 13:14.6 14:15.8 15:15.4 16:14.6 17:15.3 18:15.6 19:15.9 20:16.2 21:15.8 22:15.2 23:14.8 24:16.2 25:15.5 26:16.3 27:16.5 28:16.0 29:17.1 30:17.2 31:17.9 32:16.7 33:17.6 34:17.3 35:19.1 36:19.1 37:19.1 38:19.6 39:19.2 | mean 16.2
0824 04:01:56 ds4-server: chat ctx=0..231:231 prefill chunk 184/231 (79.7%) chunk=17.28 t/s avg=18.41 t/s 9.992s
0824 04:01:56 ds4-server: chat ctx=0..231:231 prefill chunk 185/231 (80.1%) chunk=16.96 t/s avg=18.41 t/s 10.051s
0824 04:01:56 ds4-server: chat ctx=0..231:231 prefill chunk 186/231 (80.5%) chunk=17.75 t/s avg=18.40 t/s 10.108s
0824 04:01:56 ds4-server: chat ctx=0..231:231 prefill chunk 187/231 (81.0%) chunk=17.65 t/s avg=18.40 t/s 10.164s
0824 04:01:56 ds4-server: chat ctx=0..231:231 prefill chunk 188/231 (81.4%) chunk=17.17 t/s avg=18.39 t/s 10.222s
0824 04:01:57 ds4-server: chat ctx=0..231:231 prefill chunk 189/231 (81.8%) chunk=18.09 t/s avg=18.39 t/s 10.278s
0824 04:01:57 ds4-server: chat ctx=0..231:231 prefill chunk 190/231 (82.3%) chunk=18.34 t/s avg=18.39 t/s 10.332s
0824 04:01:57 ds4-server: chat ctx=0..231:231 prefill chunk 191/231 (82.7%) chunk=17.88 t/s avg=18.39 t/s 10.388s
0824 04:01:57 ds4-server: chat ctx=0..231:231 prefill chunk 192/231 (83.1%) chunk=18.45 t/s avg=18.39 t/s 10.442s
0824 04:01:57 ds4-server: chat ctx=0..231:231 prefill chunk 193/231 (83.5%) chunk=17.86 t/s avg=18.38 t/s 10.498s
0824 04:01:57 ds4-server: chat ctx=0..231:231 prefill chunk 194/231 (84.0%) chunk=17.61 t/s avg=18.38 t/s 10.555s
0824 04:01:57 ds4-server: chat ctx=0..231:231 prefill chunk 195/231 (84.4%) chunk=18.12 t/s avg=18.38 t/s 10.610s
0824 04:01:57 ds4-server: chat ctx=0..231:231 prefill chunk 196/231 (84.8%) chunk=17.81 t/s avg=18.38 t/s 10.666s
0824 04:01:57 ds4-server: chat ctx=0..231:231 prefill chunk 197/231 (85.3%) chunk=17.90 t/s avg=18.37 t/s 10.722s
0824 04:01:57 ds4-server: chat ctx=0..231:231 prefill chunk 198/231 (85.7%) chunk=18.53 t/s avg=18.37 t/s 10.776s
0824 04:01:57 ds4-server: chat ctx=0..231:231 prefill chunk 199/231 (86.1%) chunk=17.40 t/s avg=18.37 t/s 10.834s
0824 04:01:57 ds4-server: chat ctx=0..231:231 prefill chunk 200/231 (86.6%) chunk=17.28 t/s avg=18.36 t/s 10.892s
0824 04:01:57 ds4-server: chat ctx=0..231:231 prefill chunk 201/231 (87.0%) chunk=17.88 t/s avg=18.36 t/s 10.948s
0824 04:01:57 ds4-server: chat ctx=0..231:231 prefill chunk 202/231 (87.4%) chunk=18.12 t/s avg=18.36 t/s 11.003s
0824 04:01:57 ds4-server: chat ctx=0..231:231 prefill chunk 203/231 (87.9%) chunk=18.27 t/s avg=18.36 t/s 11.057s
0824 04:01:57 ds4-server: chat ctx=0..231:231 prefill chunk 204/231 (88.3%) chunk=17.40 t/s avg=18.35 t/s 11.115s
0824 04:01:57 ds4-server: chat ctx=0..231:231 prefill chunk 205/231 (88.7%) chunk=18.44 t/s avg=18.35 t/s 11.169s
0824 04:01:57 ds4-server: chat ctx=0..231:231 prefill chunk 206/231 (89.2%) chunk=17.84 t/s avg=18.35 t/s 11.225s
0824 04:01:58 ds4-server: chat ctx=0..231:231 prefill chunk 207/231 (89.6%) chunk=17.93 t/s avg=18.35 t/s 11.281s
0824 04:01:58 ds4-server: chat ctx=0..231:231 prefill chunk 208/231 (90.0%) chunk=18.46 t/s avg=18.35 t/s 11.335s
0824 04:01:58 ds4-server: chat ctx=0..231:231 prefill chunk 209/231 (90.5%) chunk=17.84 t/s avg=18.35 t/s 11.391s
0824 04:01:58 ds4-server: chat ctx=0..231:231 prefill chunk 210/231 (90.9%) chunk=17.96 t/s avg=18.35 t/s 11.447s
0824 04:01:58 ds4-server: chat ctx=0..231:231 prefill chunk 211/231 (91.3%) chunk=18.25 t/s avg=18.35 t/s 11.502s
0824 04:01:58 ds4-server: chat ctx=0..231:231 prefill chunk 212/231 (91.8%) chunk=17.93 t/s avg=18.34 t/s 11.557s
0824 04:01:58 ds4-server: chat ctx=0..231:231 prefill chunk 213/231 (92.2%) chunk=17.31 t/s avg=18.34 t/s 11.615s
0824 04:01:58 ds4-server: chat ctx=0..231:231 prefill chunk 214/231 (92.6%) chunk=17.29 t/s avg=18.33 t/s 11.673s
0824 04:01:58 ds4-server: chat ctx=0..231:231 prefill chunk 215/231 (93.1%) chunk=17.56 t/s avg=18.33 t/s 11.730s
0824 04:01:58 ds4-server: chat ctx=0..231:231 prefill chunk 216/231 (93.5%) chunk=17.70 t/s avg=18.33 t/s 11.787s
0824 04:01:58 ds4-server: chat ctx=0..231:231 prefill chunk 217/231 (93.9%) chunk=18.40 t/s avg=18.33 t/s 11.841s
0824 04:01:58 ds4-server: chat ctx=0..231:231 prefill chunk 218/231 (94.4%) chunk=17.21 t/s avg=18.32 t/s 11.899s
0824 04:01:58 ds4-server: chat ctx=0..231:231 prefill chunk 219/231 (94.8%) chunk=17.75 t/s avg=18.32 t/s 11.955s
0824 04:01:58 ds4-server: chat ctx=0..231:231 prefill chunk 220/231 (95.2%) chunk=17.87 t/s avg=18.32 t/s 12.011s
0824 04:01:58 ds4-server: chat ctx=0..231:231 prefill chunk 221/231 (95.7%) chunk=18.52 t/s avg=18.32 t/s 12.065s
0824 04:01:58 ds4-server: chat ctx=0..231:231 prefill chunk 222/231 (96.1%) chunk=18.11 t/s avg=18.32 t/s 12.121s
0824 04:01:58 ds4-server: chat ctx=0..231:231 prefill chunk 223/231 (96.5%) chunk=18.19 t/s avg=18.32 t/s 12.175s
0824 04:01:58 ds4-server: chat ctx=0..231:231 prefill chunk 224/231 (97.0%) chunk=18.60 t/s avg=18.32 t/s 12.229s
0824 04:01:59 ds4-server: chat ctx=0..231:231 prefill chunk 225/231 (97.4%) chunk=18.79 t/s avg=18.32 t/s 12.282s
0824 04:01:59 ds4-server: chat ctx=0..231:231 prefill chunk 226/231 (97.8%) chunk=17.83 t/s avg=18.32 t/s 12.339s
0824 04:01:59 ds4-server: chat ctx=0..231:231 prefill chunk 227/231 (98.3%) chunk=18.29 t/s avg=18.32 t/s 12.393s
0824 04:01:59 ds4-server: chat ctx=0..231:231 prefill chunk 228/231 (98.7%) chunk=19.45 t/s avg=18.32 t/s 12.445s
0824 04:01:59 ds4-server: chat ctx=0..231:231 prefill chunk 229/231 (99.1%) chunk=17.82 t/s avg=18.32 t/s 12.501s
0824 04:01:59 ds4-server: chat ctx=0..231:231 prefill chunk 230/231 (99.6%) chunk=19.11 t/s avg=18.32 t/s 12.553s
0824 04:01:59 ds4-server: chat ctx=0..231:231 prefill chunk 231/231 (100.0%) chunk=20.02 t/s avg=18.33 t/s 12.603s
0824 04:01:59 ds4-server: chat ctx=0..231:231 prompt done 12.603s
0824 04:02:02 ds4-server: chat ctx=231..281:50 gen=50 THINKING decoding chunk=17.99 t/s avg=17.99 t/s 2.780s
ds4: qwen35moe experts/token avg over 128 tokens: 0:14.1 1:14.7 2:14.9 3:16.7 4:15.4 5:15.4 6:15.1 7:16.7 8:16.5 9:16.7 10:14.9 11:14.3 12:15.9 13:15.1 14:15.7 15:16.0 16:15.4 17:15.6 18:15.4 19:16.0 20:16.8 21:16.7 22:15.5 23:15.1 24:16.5 25:15.3 26:16.8 27:16.8 28:16.6 29:16.4 30:16.7 31:17.8 32:16.6 33:16.6 34:16.0 35:18.3 36:18.6 37:18.7 38:19.3 39:18.8 | mean 16.3
0824 04:02:04 ds4-server: chat ctx=281..331:50 gen=100 THINKING decoding chunk=17.90 t/s avg=17.94 t/s 5.573s
0824 04:02:07 ds4-server: chat ctx=331..381:50 gen=150 THINKING decoding chunk=17.66 t/s avg=17.85 t/s 8.404s
0824 04:02:10 ds4-server: chat ctx=381..431:50 gen=200 THINKING decoding chunk=17.52 t/s avg=17.77 t/s 11.257s
ds4: qwen35moe experts/token avg over 128 tokens: 0:15.0 1:16.3 2:15.4 3:17.4 4:16.6 5:17.0 6:16.6 7:17.3 8:17.4 9:17.3 10:15.7 11:14.7 12:16.4 13:15.1 14:16.7 15:16.8 16:16.1 17:14.9 18:15.4 19:16.1 20:17.3 21:17.0 22:15.9 23:14.9 24:15.9 25:16.3 26:16.8 27:17.0 28:16.8 29:16.1 30:17.2 31:16.9 32:15.6 33:16.1 34:16.4 35:17.9 36:18.3 37:17.9 38:19.2 39:18.3 | mean 16.5
0824 04:02:13 ds4-server: chat ctx=431..481:50 gen=250 THINKING decoding chunk=17.81 t/s avg=17.77 t/s 14.065s
0824 04:02:16 ds4-server: chat ctx=481..531:50 gen=300 THINKING decoding chunk=17.59 t/s avg=17.74 t/s 16.908s
ds4: qwen35moe experts/token avg over 128 tokens: 0:14.6 1:15.7 2:15.0 3:16.4 4:15.9 5:15.4 6:15.6 7:16.6 8:17.4 9:16.6 10:14.9 11:14.3 12:15.6 13:14.8 14:15.0 15:16.2 16:15.4 17:15.8 18:15.6 19:15.7 20:16.2 21:16.2 22:14.9 23:14.6 24:15.6 25:15.2 26:15.5 27:16.6 28:15.5 29:16.7 30:16.6 31:17.4 32:15.6 33:15.6 34:15.8 35:18.1 36:16.3 37:16.9 38:18.8 39:18.3 | mean 16.0
0824 04:02:19 ds4-server: chat ctx=531..581:50 gen=350 THINKING decoding chunk=17.13 t/s avg=17.65 t/s 19.827s
0824 04:02:22 ds4-server: chat ctx=581..631:50 gen=400 THINKING decoding chunk=17.06 t/s avg=17.58 t/s 22.758s
0824 04:02:25 ds4-server: chat ctx=631..681:50 gen=450 THINKING decoding chunk=16.88 t/s avg=17.50 t/s 25.720s
ds4: qwen35moe experts/token avg over 128 tokens: 0:15.0 1:15.9 2:15.6 3:17.2 4:16.8 5:16.7 6:16.5 7:17.7 8:18.2 9:17.4 10:15.5 11:15.1 12:16.9 13:15.2 14:16.2 15:16.7 16:15.0 17:16.2 18:16.0 19:16.8 20:16.5 21:17.1 22:15.8 23:16.4 24:16.4 25:15.2 26:16.2 27:17.3 28:17.0 29:17.6 30:18.0 31:19.2 32:18.0 33:18.7 34:18.9 35:19.4 36:19.2 37:19.1 38:19.7 39:19.5 | mean 17.0
0824 04:02:28 ds4-server: chat ctx=681..731:50 gen=500 THINKING decoding chunk=16.77 t/s avg=17.42 t/s 28.701s
0824 04:02:30 ds4-server: chat ctx=731..781:50 gen=550 THINKING decoding chunk=17.05 t/s avg=17.39 t/s 31.633s
ds4: qwen35moe experts/token avg over 128 tokens: 0:14.9 1:16.3 2:15.8 3:17.2 4:16.8 5:16.4 6:16.8 7:17.2 8:17.7 9:16.9 10:15.9 11:15.0 12:15.7 13:15.4 14:15.5 15:16.4 16:15.5 17:16.2 18:15.8 19:16.3 20:16.7 21:17.1 22:15.1 23:14.8 24:16.2 25:15.6 26:15.8 27:16.9 28:15.7 29:16.3 30:15.8 31:16.9 32:15.3 33:15.4 34:15.2 35:17.6 36:16.2 37:17.1 38:18.6 39:18.0 | mean 16.3
0824 04:02:33 ds4-server: chat ctx=781..831:50 gen=600 THINKING decoding chunk=16.98 t/s avg=17.35 t/s 34.578s
0824 04:02:36 ds4-server: chat ctx=831..881:50 gen=650 THINKING decoding chunk=16.82 t/s avg=17.31 t/s 37.550s
0824 04:02:39 ds4-server: chat ctx=881..931:50 gen=700 THINKING decoding chunk=16.97 t/s avg=17.29 t/s 40.496s
ds4: qwen35moe experts/token avg over 128 tokens: 0:14.6 1:15.6 2:15.3 3:16.7 4:16.6 5:15.9 6:16.2 7:17.1 8:17.4 9:16.8 10:15.4 11:15.3 12:16.0 13:15.4 14:16.2 15:16.4 16:15.5 17:15.6 18:15.5 19:16.1 20:17.3 21:17.2 22:15.0 23:15.2 24:15.8 25:15.7 26:16.2 27:16.2 28:15.4 29:15.4 30:15.4 31:16.4 32:15.6 33:15.1 34:15.0 35:17.7 36:16.8 37:16.9 38:18.5 39:17.4 | mean 16.1
0824 04:02:42 ds4-server: chat ctx=931..981:50 gen=750 THINKING decoding chunk=16.70 t/s avg=17.25 t/s 43.490s
0824 04:02:45 ds4-server: chat ctx=981..1031:50 gen=800 THINKING decoding chunk=16.72 t/s avg=17.21 t/s 46.480s
ds4: qwen35moe experts/token avg over 128 tokens: 0:15.1 1:15.3 2:15.3 3:16.8 4:16.6 5:15.7 6:15.8 7:16.7 8:16.9 9:16.9 10:15.6 11:15.3 12:16.6 13:15.6 14:16.9 15:16.1 16:15.4 17:15.5 18:16.0 19:16.0 20:17.2 21:17.0 22:15.8 23:15.2 24:15.9 25:15.8 26:16.3 27:16.5 28:15.5 29:15.9 30:15.7 31:16.7 32:15.0 33:15.3 34:14.8 35:17.5 36:16.7 37:17.3 38:18.6 39:17.5 | mean 16.2
0824 04:02:48 ds4-server: chat ctx=1031..1081:50 gen=850 THINKING decoding chunk=16.49 t/s avg=17.17 t/s 49.512s
0824 04:02:51 ds4-server: chat ctx=1081..1131:50 gen=900 THINKING decoding chunk=16.26 t/s avg=17.11 t/s 52.586s
0824 04:02:55 ds4-server: chat ctx=1131..1181:50 gen=950 THINKING decoding chunk=16.16 t/s avg=17.06 t/s 55.681s
ds4: qwen35moe experts/token avg over 128 tokens: 0:15.2 1:16.1 2:15.8 3:16.8 4:16.6 5:16.9 6:16.5 7:17.6 8:18.2 9:17.4 10:15.9 11:15.6 12:16.9 13:16.2 14:16.9 15:16.9 16:16.5 17:16.3 18:15.8 19:16.4 20:17.2 21:17.2 22:15.7 23:15.4 24:16.5 25:15.9 26:16.1 27:16.2 28:15.6 29:16.1 30:15.8 31:17.2 32:15.1 33:15.3 34:15.3 35:17.9 36:17.2 37:17.4 38:18.8 39:17.4 | mean 16.5
0824 04:02:58 ds4-server: chat ctx=1181..1231:50 gen=1000 THINKING decoding chunk=16.56 t/s avg=17.04 t/s 58.700s
0824 04:03:01 ds4-server: chat ctx=1231..1281:50 gen=1050 THINKING decoding chunk=16.49 t/s avg=17.01 t/s 61.733s
0824 04:03:04 ds4-server: chat ctx=1281..1331:50 gen=1100 THINKING decoding chunk=15.95 t/s avg=16.96 t/s 64.867s
ds4: qwen35moe experts/token avg over 128 tokens: 0:15.1 1:15.6 2:15.5 3:17.0 4:16.5 5:16.4 6:16.0 7:16.8 8:17.5 9:17.3 10:15.4 11:15.3 12:16.3 13:15.8 14:16.3 15:16.0 16:16.1 17:15.9 18:15.3 19:16.5 20:16.5 21:16.8 22:15.6 23:15.3 24:15.8 25:15.4 26:16.3 27:16.2 28:15.3 29:16.2 30:15.6 31:16.8 32:15.5 33:15.4 34:15.0 35:17.4 36:16.9 37:17.1 38:18.9 39:17.8 | mean 16.2
0824 04:03:07 ds4-server: chat ctx=1331..1381:50 gen=1150 decoding chunk=16.05 t/s avg=16.92 t/s 67.982s
0824 04:03:10 ds4-server: chat ctx=1381..1431:50 gen=1200 decoding chunk=15.73 t/s avg=16.86 t/s 71.161s
ds4: qwen35moe experts/token avg over 128 tokens: 0:14.9 1:16.0 2:15.8 3:17.7 4:17.2 5:16.6 6:17.1 7:17.7 8:17.9 9:17.2 10:16.1 11:15.1 12:17.0 13:16.1 14:16.6 15:16.9 16:16.2 17:16.4 18:16.2 19:16.1 20:17.2 21:17.1 22:16.0 23:15.6 24:16.0 25:15.6 26:16.4 27:16.9 28:16.1 29:16.4 30:16.3 31:16.6 32:15.1 33:15.3 34:15.2 35:17.6 36:17.9 37:17.9 38:19.1 39:18.3 | mean 16.6
0824 04:03:13 ds4-server: chat ctx=1431..1481:50 gen=1250 decoding chunk=15.86 t/s avg=16.82 t/s 74.313s
0824 04:03:16 ds4-server: chat ctx=1481..1531:50 gen=1300 decoding chunk=15.76 t/s avg=16.78 t/s 77.485s
0824 04:03:19 ds4-server: chat ctx=1531..1578:47 gen=1347 decoding chunk=15.51 t/s avg=16.73 t/s 80.516s
0824 04:03:19 ds4-server: thinking live checkpoint remembered ctx=0..231:231 live=1578 visible=1912
0824 04:03:19 ds4-server: chat ctx=0..231:231 gen=1347 finish=stop 93.119s
0824 04:03:19 ds4-server: live kv cache miss live=1578 prompt=222 common=52 reason=token-mismatch
0824 04:03:19 ds4-server: chat ctx=0..222:222 prompt start
0824 04:03:19 ds4-server: chat ctx=0..222:222 prefill chunk 1/222 (0.5%) chunk=0.00 t/s avg=19.65 t/s 0.051s
0824 04:03:19 ds4-server: chat ctx=0..222:222 prefill chunk 2/222 (0.9%) chunk=19.05 t/s avg=19.34 t/s 0.103s
0824 04:03:20 ds4-server: chat ctx=0..222:222 prefill chunk 3/222 (1.4%) chunk=19.51 t/s avg=19.40 t/s 0.155s
0824 04:03:20 ds4-server: chat ctx=0..222:222 prefill chunk 4/222 (1.8%) chunk=19.47 t/s avg=19.42 t/s 0.206s
0824 04:03:20 ds4-server: chat ctx=0..222:222 prefill chunk 5/222 (2.3%) chunk=19.14 t/s avg=19.36 t/s 0.258s
0824 04:03:20 ds4-server: chat ctx=0..222:222 prefill chunk 6/222 (2.7%) chunk=19.53 t/s avg=19.39 t/s 0.309s
0824 04:03:20 ds4-server: chat ctx=0..222:222 prefill chunk 7/222 (3.2%) chunk=18.67 t/s avg=19.28 t/s 0.363s
0824 04:03:20 ds4-server: chat ctx=0..222:222 prefill chunk 8/222 (3.6%) chunk=19.31 t/s avg=19.29 t/s 0.415s
0824 04:03:20 ds4-server: chat ctx=0..222:222 prefill chunk 9/222 (4.1%) chunk=19.50 t/s avg=19.31 t/s 0.466s
0824 04:03:20 ds4-server: chat ctx=0..222:222 prefill chunk 10/222 (4.5%) chunk=19.66 t/s avg=19.34 t/s 0.517s
0824 04:03:20 ds4-server: chat ctx=0..222:222 prefill chunk 11/222 (5.0%) chunk=18.98 t/s avg=19.31 t/s 0.570s
0824 04:03:20 ds4-server: chat ctx=0..222:222 prefill chunk 12/222 (5.4%) chunk=18.75 t/s avg=19.26 t/s 0.623s
0824 04:03:20 ds4-server: chat ctx=0..222:222 prefill chunk 13/222 (5.9%) chunk=19.32 t/s avg=19.27 t/s 0.675s
ds4: qwen35moe experts/token avg over 128 tokens: 0:15.2 1:16.1 2:15.5 3:17.3 4:17.0 5:16.6 6:16.3 7:18.0 8:18.3 9:17.5 10:16.0 11:15.5 12:16.6 13:16.6 14:16.5 15:16.5 16:15.4 17:16.2 18:16.5 19:16.2 20:17.2 21:17.2 22:15.7 23:15.9 24:15.8 25:15.1 26:15.7 27:17.0 28:14.6 29:16.0 30:15.5 31:16.5 32:15.3 33:15.5 34:15.3 35:17.6 36:16.8 37:17.5 38:18.8 39:17.9 | mean 16.4
0824 04:03:20 ds4-server: chat ctx=0..222:222 prefill chunk 14/222 (6.3%) chunk=18.21 t/s avg=19.19 t/s 0.730s
0824 04:03:20 ds4-server: chat ctx=0..222:222 prefill chunk 15/222 (6.8%) chunk=19.00 t/s avg=19.17 t/s 0.782s
0824 04:03:20 ds4-server: chat ctx=0..222:222 prefill chunk 16/222 (7.2%) chunk=18.68 t/s avg=19.14 t/s 0.836s
0824 04:03:20 ds4-server: chat ctx=0..222:222 prefill chunk 17/222 (7.7%) chunk=18.49 t/s avg=19.10 t/s 0.890s
0824 04:03:20 ds4-server: chat ctx=0..222:222 prefill chunk 18/222 (8.1%) chunk=19.75 t/s avg=19.14 t/s 0.941s
0824 04:03:20 ds4-server: chat ctx=0..222:222 prefill chunk 19/222 (8.6%) chunk=18.28 t/s avg=19.09 t/s 0.995s
0824 04:03:20 ds4-server: chat ctx=0..222:222 prefill chunk 20/222 (9.0%) chunk=18.36 t/s avg=19.05 t/s 1.050s
0824 04:03:20 ds4-server: chat ctx=0..222:222 prefill chunk 21/222 (9.5%) chunk=18.46 t/s avg=19.02 t/s 1.104s
0824 04:03:21 ds4-server: chat ctx=0..222:222 prefill chunk 22/222 (9.9%) chunk=19.05 t/s avg=19.03 t/s 1.156s
0824 04:03:21 ds4-server: chat ctx=0..222:222 prefill chunk 23/222 (10.4%) chunk=19.74 t/s avg=19.05 t/s 1.207s
0824 04:03:21 ds4-server: chat ctx=0..222:222 prefill chunk 24/222 (10.8%) chunk=19.04 t/s avg=19.05 t/s 1.260s
0824 04:03:21 ds4-server: chat ctx=0..222:222 prefill chunk 25/222 (11.3%) chunk=19.52 t/s avg=19.07 t/s 1.311s
0824 04:03:21 ds4-server: chat ctx=0..222:222 prefill chunk 26/222 (11.7%) chunk=18.86 t/s avg=19.06 t/s 1.364s
0824 04:03:21 ds4-server: chat ctx=0..222:222 prefill chunk 27/222 (12.2%) chunk=19.28 t/s avg=19.07 t/s 1.416s
0824 04:03:21 ds4-server: chat ctx=0..222:222 prefill chunk 28/222 (12.6%) chunk=18.82 t/s avg=19.06 t/s 1.469s
0824 04:03:21 ds4-server: chat ctx=0..222:222 prefill chunk 29/222 (13.1%) chunk=18.34 t/s avg=19.04 t/s 1.523s
0824 04:03:21 ds4-server: chat ctx=0..222:222 prefill chunk 30/222 (13.5%) chunk=19.16 t/s avg=19.04 t/s 1.576s
0824 04:03:21 ds4-server: chat ctx=0..222:222 prefill chunk 31/222 (14.0%) chunk=18.36 t/s avg=19.02 t/s 1.630s
0824 04:03:21 ds4-server: chat ctx=0..222:222 prefill chunk 32/222 (14.4%) chunk=18.69 t/s avg=19.01 t/s 1.683s
0824 04:03:21 ds4-server: chat ctx=0..222:222 prefill chunk 33/222 (14.9%) chunk=19.15 t/s avg=19.01 t/s 1.736s
0824 04:03:21 ds4-server: chat ctx=0..222:222 prefill chunk 34/222 (15.3%) chunk=18.26 t/s avg=18.99 t/s 1.790s
0824 04:03:21 ds4-server: chat ctx=0..222:222 prefill chunk 35/222 (15.8%) chunk=18.72 t/s avg=18.98 t/s 1.844s
0824 04:03:21 ds4-server: chat ctx=0..222:222 prefill chunk 36/222 (16.2%) chunk=18.34 t/s avg=18.96 t/s 1.898s
0824 04:03:21 ds4-server: chat ctx=0..222:222 prefill chunk 37/222 (16.7%) chunk=18.02 t/s avg=18.94 t/s 1.954s
0824 04:03:21 ds4-server: chat ctx=0..222:222 prefill chunk 38/222 (17.1%) chunk=18.02 t/s avg=18.91 t/s 2.009s
0824 04:03:21 ds4-server: chat ctx=0..222:222 prefill chunk 39/222 (17.6%) chunk=18.03 t/s avg=18.89 t/s 2.065s
0824 04:03:21 ds4-server: chat ctx=0..222:222 prefill chunk 40/222 (18.0%) chunk=18.94 t/s avg=18.89 t/s 2.118s
0824 04:03:22 ds4-server: chat ctx=0..222:222 prefill chunk 41/222 (18.5%) chunk=18.36 t/s avg=18.88 t/s 2.172s
0824 04:03:22 ds4-server: chat ctx=0..222:222 prefill chunk 42/222 (18.9%) chunk=18.04 t/s avg=18.85 t/s 2.228s
0824 04:03:22 ds4-server: chat ctx=0..222:222 prefill chunk 43/222 (19.4%) chunk=19.66 t/s avg=18.87 t/s 2.278s
0824 04:03:22 ds4-server: chat ctx=0..222:222 prefill chunk 44/222 (19.8%) chunk=18.51 t/s avg=18.86 t/s 2.332s
0824 04:03:22 ds4-server: chat ctx=0..222:222 prefill chunk 45/222 (20.3%) chunk=19.00 t/s avg=18.87 t/s 2.385s
0824 04:03:22 ds4-server: chat ctx=0..222:222 prefill chunk 46/222 (20.7%) chunk=18.19 t/s avg=18.85 t/s 2.440s
0824 04:03:22 ds4-server: chat ctx=0..222:222 prefill chunk 47/222 (21.2%) chunk=18.05 t/s avg=18.83 t/s 2.495s
0824 04:03:22 ds4-server: chat ctx=0..222:222 prefill chunk 48/222 (21.6%) chunk=18.83 t/s avg=18.83 t/s 2.549s
0824 04:03:22 ds4-server: chat ctx=0..222:222 prefill chunk 49/222 (22.1%) chunk=18.29 t/s avg=18.82 t/s 2.603s
0824 04:03:22 ds4-server: chat ctx=0..222:222 prefill chunk 50/222 (22.5%) chunk=18.10 t/s avg=18.81 t/s 2.658s
0824 04:03:22 ds4-server: chat ctx=0..222:222 prefill chunk 51/222 (23.0%) chunk=18.31 t/s avg=18.80 t/s 2.713s
0824 04:03:22 ds4-server: chat ctx=0..222:222 prefill chunk 52/222 (23.4%) chunk=18.02 t/s avg=18.78 t/s 2.769s
0824 04:03:22 ds4-server: chat ctx=0..222:222 prefill chunk 53/222 (23.9%) chunk=18.00 t/s avg=18.77 t/s 2.824s
0824 04:03:22 ds4-server: chat ctx=0..222:222 prefill chunk 54/222 (24.3%) chunk=19.39 t/s avg=18.78 t/s 2.876s
0824 04:03:22 ds4-server: chat ctx=0..222:222 prefill chunk 55/222 (24.8%) chunk=18.75 t/s avg=18.78 t/s 2.929s
0824 04:03:22 ds4-server: chat ctx=0..222:222 prefill chunk 56/222 (25.2%) chunk=19.09 t/s avg=18.78 t/s 2.981s
0824 04:03:22 ds4-server: chat ctx=0..222:222 prefill chunk 57/222 (25.7%) chunk=18.91 t/s avg=18.78 t/s 3.034s
0824 04:03:22 ds4-server: chat ctx=0..222:222 prefill chunk 58/222 (26.1%) chunk=18.41 t/s avg=18.78 t/s 3.089s
0824 04:03:22 ds4-server: chat ctx=0..222:222 prefill chunk 59/222 (26.6%) chunk=19.23 t/s avg=18.79 t/s 3.141s
0824 04:03:23 ds4-server: chat ctx=0..222:222 prefill chunk 60/222 (27.0%) chunk=19.00 t/s avg=18.79 t/s 3.193s
0824 04:03:23 ds4-server: chat ctx=0..222:222 prefill chunk 61/222 (27.5%) chunk=19.88 t/s avg=18.81 t/s 3.244s
0824 04:03:23 ds4-server: chat ctx=0..222:222 prefill chunk 62/222 (27.9%) chunk=19.36 t/s avg=18.81 t/s 3.295s
0824 04:03:23 ds4-server: chat ctx=0..222:222 prefill chunk 63/222 (28.4%) chunk=19.80 t/s avg=18.83 t/s 3.346s
0824 04:03:23 ds4-server: chat ctx=0..222:222 prefill chunk 64/222 (28.8%) chunk=19.19 t/s avg=18.84 t/s 3.398s
0824 04:03:23 ds4-server: chat ctx=0..222:222 prefill chunk 65/222 (29.3%) chunk=20.21 t/s avg=18.85 t/s 3.447s
0824 04:03:23 ds4-server: chat ctx=0..222:222 prefill chunk 66/222 (29.7%) chunk=18.14 t/s avg=18.84 t/s 3.503s
0824 04:03:23 ds4-server: chat ctx=0..222:222 prefill chunk 67/222 (30.2%) chunk=18.89 t/s avg=18.84 t/s 3.555s
0824 04:03:23 ds4-server: chat ctx=0..222:222 prefill chunk 68/222 (30.6%) chunk=18.29 t/s avg=18.84 t/s 3.610s
0824 04:03:23 ds4-server: chat ctx=0..222:222 prefill chunk 69/222 (31.1%) chunk=18.33 t/s avg=18.83 t/s 3.665s
0824 04:03:23 ds4-server: chat ctx=0..222:222 prefill chunk 70/222 (31.5%) chunk=18.56 t/s avg=18.82 t/s 3.719s
0824 04:03:23 ds4-server: chat ctx=0..222:222 prefill chunk 71/222 (32.0%) chunk=18.12 t/s avg=18.81 t/s 3.774s
0824 04:03:23 ds4-server: chat ctx=0..222:222 prefill chunk 72/222 (32.4%) chunk=18.31 t/s avg=18.81 t/s 3.828s
0824 04:03:23 ds4-server: chat ctx=0..222:222 prefill chunk 73/222 (32.9%) chunk=19.05 t/s avg=18.81 t/s 3.881s
0824 04:03:23 ds4-server: chat ctx=0..222:222 prefill chunk 74/222 (33.3%) chunk=18.26 t/s avg=18.80 t/s 3.936s
0824 04:03:23 ds4-server: chat ctx=0..222:222 prefill chunk 75/222 (33.8%) chunk=18.30 t/s avg=18.80 t/s 3.990s
0824 04:03:23 ds4-server: chat ctx=0..222:222 prefill chunk 76/222 (34.2%) chunk=18.74 t/s avg=18.79 t/s 4.044s
0824 04:03:23 ds4-server: chat ctx=0..222:222 prefill chunk 77/222 (34.7%) chunk=18.30 t/s avg=18.79 t/s 4.098s
0824 04:03:24 ds4-server: chat ctx=0..222:222 prefill chunk 78/222 (35.1%) chunk=18.89 t/s avg=18.79 t/s 4.151s
0824 04:03:24 ds4-server: chat ctx=0..222:222 prefill chunk 79/222 (35.6%) chunk=18.93 t/s avg=18.79 t/s 4.204s
0824 04:03:24 ds4-server: chat ctx=0..222:222 prefill chunk 80/222 (36.0%) chunk=18.57 t/s avg=18.79 t/s 4.258s
0824 04:03:24 ds4-server: chat ctx=0..222:222 prefill chunk 81/222 (36.5%) chunk=18.93 t/s avg=18.79 t/s 4.311s
0824 04:03:24 ds4-server: chat ctx=0..222:222 prefill chunk 82/222 (36.9%) chunk=18.96 t/s avg=18.79 t/s 4.364s
0824 04:03:24 ds4-server: chat ctx=0..222:222 prefill chunk 83/222 (37.4%) chunk=19.83 t/s avg=18.80 t/s 4.414s
0824 04:03:24 ds4-server: chat ctx=0..222:222 prefill chunk 84/222 (37.8%) chunk=18.98 t/s avg=18.81 t/s 4.467s
0824 04:03:24 ds4-server: chat ctx=0..222:222 prefill chunk 85/222 (38.3%) chunk=19.16 t/s avg=18.81 t/s 4.519s
0824 04:03:24 ds4-server: chat ctx=0..222:222 prefill chunk 86/222 (38.7%) chunk=18.16 t/s avg=18.80 t/s 4.574s
0824 04:03:24 ds4-server: chat ctx=0..222:222 prefill chunk 87/222 (39.2%) chunk=18.45 t/s avg=18.80 t/s 4.628s
0824 04:03:24 ds4-server: chat ctx=0..222:222 prefill chunk 88/222 (39.6%) chunk=18.79 t/s avg=18.80 t/s 4.681s
0824 04:03:24 ds4-server: chat ctx=0..222:222 prefill chunk 89/222 (40.1%) chunk=18.43 t/s avg=18.79 t/s 4.736s
0824 04:03:24 ds4-server: chat ctx=0..222:222 prefill chunk 90/222 (40.5%) chunk=18.87 t/s avg=18.79 t/s 4.789s
0824 04:03:24 ds4-server: chat ctx=0..222:222 prefill chunk 91/222 (41.0%) chunk=18.82 t/s avg=18.79 t/s 4.842s
0824 04:03:24 ds4-server: chat ctx=0..222:222 prefill chunk 92/222 (41.4%) chunk=18.27 t/s avg=18.79 t/s 4.896s
0824 04:03:24 ds4-server: chat ctx=0..222:222 prefill chunk 93/222 (41.9%) chunk=19.26 t/s avg=18.79 t/s 4.948s
0824 04:03:24 ds4-server: chat ctx=0..222:222 prefill chunk 94/222 (42.3%) chunk=18.17 t/s avg=18.79 t/s 5.003s
0824 04:03:24 ds4-server: chat ctx=0..222:222 prefill chunk 95/222 (42.8%) chunk=18.13 t/s avg=18.78 t/s 5.059s
0824 04:03:24 ds4-server: chat ctx=0..222:222 prefill chunk 96/222 (43.2%) chunk=18.73 t/s avg=18.78 t/s 5.112s
0824 04:03:25 ds4-server: chat ctx=0..222:222 prefill chunk 97/222 (43.7%) chunk=18.35 t/s avg=18.77 t/s 5.166s
0824 04:03:25 ds4-server: chat ctx=0..222:222 prefill chunk 98/222 (44.1%) chunk=19.34 t/s avg=18.78 t/s 5.218s
0824 04:03:25 ds4-server: chat ctx=0..222:222 prefill chunk 99/222 (44.6%) chunk=18.40 t/s avg=18.78 t/s 5.273s
0824 04:03:25 ds4-server: chat ctx=0..222:222 prefill chunk 100/222 (45.0%) chunk=18.76 t/s avg=18.78 t/s 5.326s
0824 04:03:25 ds4-server: chat ctx=0..222:222 prefill chunk 101/222 (45.5%) chunk=18.53 t/s avg=18.77 t/s 5.380s
0824 04:03:25 ds4-server: chat ctx=0..222:222 prefill chunk 102/222 (45.9%) chunk=17.98 t/s avg=18.77 t/s 5.435s
0824 04:03:25 ds4-server: chat ctx=0..222:222 prefill chunk 103/222 (46.4%) chunk=17.79 t/s avg=18.76 t/s 5.492s
0824 04:03:25 ds4-server: chat ctx=0..222:222 prefill chunk 104/222 (46.8%) chunk=18.61 t/s avg=18.75 t/s 5.545s
0824 04:03:25 ds4-server: chat ctx=0..222:222 prefill chunk 105/222 (47.3%) chunk=18.39 t/s avg=18.75 t/s 5.600s
0824 04:03:25 ds4-server: chat ctx=0..222:222 prefill chunk 106/222 (47.7%) chunk=18.29 t/s avg=18.75 t/s 5.654s
0824 04:03:25 ds4-server: chat ctx=0..222:222 prefill chunk 107/222 (48.2%) chunk=18.27 t/s avg=18.74 t/s 5.709s
0824 04:03:25 ds4-server: chat ctx=0..222:222 prefill chunk 108/222 (48.6%) chunk=17.99 t/s avg=18.73 t/s 5.765s
0824 04:03:25 ds4-server: chat ctx=0..222:222 prefill chunk 109/222 (49.1%) chunk=18.50 t/s avg=18.73 t/s 5.819s
0824 04:03:25 ds4-server: chat ctx=0..222:222 prefill chunk 110/222 (49.5%) chunk=17.92 t/s avg=18.72 t/s 5.875s
0824 04:03:25 ds4-server: chat ctx=0..222:222 prefill chunk 111/222 (50.0%) chunk=17.37 t/s avg=18.71 t/s 5.932s
0824 04:03:25 ds4-server: chat ctx=0..222:222 prefill chunk 112/222 (50.5%) chunk=18.92 t/s avg=18.71 t/s 5.985s
0824 04:03:25 ds4-server: chat ctx=0..222:222 prefill chunk 113/222 (50.9%) chunk=18.11 t/s avg=18.71 t/s 6.040s
0824 04:03:25 ds4-server: chat ctx=0..222:222 prefill chunk 114/222 (51.4%) chunk=18.02 t/s avg=18.70 t/s 6.096s
0824 04:03:26 ds4-server: chat ctx=0..222:222 prefill chunk 115/222 (51.8%) chunk=18.34 t/s avg=18.70 t/s 6.150s
0824 04:03:26 ds4-server: chat ctx=0..222:222 prefill chunk 116/222 (52.3%) chunk=18.38 t/s avg=18.70 t/s 6.205s
0824 04:03:26 ds4-server: chat ctx=0..222:222 prefill chunk 117/222 (52.7%) chunk=17.62 t/s avg=18.69 t/s 6.261s
0824 04:03:26 ds4-server: chat ctx=0..222:222 prefill chunk 118/222 (53.2%) chunk=19.25 t/s avg=18.69 t/s 6.313s
0824 04:03:26 ds4-server: chat ctx=0..222:222 prefill chunk 119/222 (53.6%) chunk=18.20 t/s avg=18.69 t/s 6.368s
0824 04:03:26 ds4-server: chat ctx=0..222:222 prefill chunk 120/222 (54.1%) chunk=19.16 t/s avg=18.69 t/s 6.420s
0824 04:03:26 ds4-server: chat ctx=0..222:222 prefill chunk 121/222 (54.5%) chunk=18.72 t/s avg=18.69 t/s 6.474s
0824 04:03:26 ds4-server: chat ctx=0..222:222 prefill chunk 122/222 (55.0%) chunk=18.26 t/s avg=18.69 t/s 6.529s
0824 04:03:26 ds4-server: chat ctx=0..222:222 prefill chunk 123/222 (55.4%) chunk=18.70 t/s avg=18.69 t/s 6.582s
0824 04:03:26 ds4-server: chat ctx=0..222:222 prefill chunk 124/222 (55.9%) chunk=18.56 t/s avg=18.69 t/s 6.636s
0824 04:03:26 ds4-server: chat ctx=0..222:222 prefill chunk 125/222 (56.3%) chunk=17.93 t/s avg=18.68 t/s 6.692s
0824 04:03:26 ds4-server: chat ctx=0..222:222 prefill chunk 126/222 (56.8%) chunk=18.81 t/s avg=18.68 t/s 6.745s
0824 04:03:26 ds4-server: chat ctx=0..222:222 prefill chunk 127/222 (57.2%) chunk=17.54 t/s avg=18.67 t/s 6.802s
0824 04:03:26 ds4-server: chat ctx=0..222:222 prefill chunk 128/222 (57.7%) chunk=18.02 t/s avg=18.67 t/s 6.857s
0824 04:03:26 ds4-server: chat ctx=0..222:222 prefill chunk 129/222 (58.1%) chunk=18.67 t/s avg=18.67 t/s 6.911s
0824 04:03:26 ds4-server: chat ctx=0..222:222 prefill chunk 130/222 (58.6%) chunk=17.33 t/s avg=18.65 t/s 6.969s
0824 04:03:26 ds4-server: chat ctx=0..222:222 prefill chunk 131/222 (59.0%) chunk=18.41 t/s avg=18.65 t/s 7.023s
0824 04:03:26 ds4-server: chat ctx=0..222:222 prefill chunk 132/222 (59.5%) chunk=18.58 t/s avg=18.65 t/s 7.077s
0824 04:03:26 ds4-server: chat ctx=0..222:222 prefill chunk 133/222 (59.9%) chunk=18.29 t/s avg=18.65 t/s 7.132s
0824 04:03:27 ds4-server: chat ctx=0..222:222 prefill chunk 134/222 (60.4%) chunk=18.63 t/s avg=18.65 t/s 7.185s
0824 04:03:27 ds4-server: chat ctx=0..222:222 prefill chunk 135/222 (60.8%) chunk=18.07 t/s avg=18.65 t/s 7.241s
0824 04:03:27 ds4-server: chat ctx=0..222:222 prefill chunk 136/222 (61.3%) chunk=18.02 t/s avg=18.64 t/s 7.296s
0824 04:03:27 ds4-server: chat ctx=0..222:222 prefill chunk 137/222 (61.7%) chunk=18.50 t/s avg=18.64 t/s 7.350s
0824 04:03:27 ds4-server: chat ctx=0..222:222 prefill chunk 138/222 (62.2%) chunk=18.75 t/s avg=18.64 t/s 7.403s
0824 04:03:27 ds4-server: chat ctx=0..222:222 prefill chunk 139/222 (62.6%) chunk=18.39 t/s avg=18.64 t/s 7.458s
0824 04:03:27 ds4-server: chat ctx=0..222:222 prefill chunk 140/222 (63.1%) chunk=18.99 t/s avg=18.64 t/s 7.510s
0824 04:03:27 ds4-server: chat ctx=0..222:222 prefill chunk 141/222 (63.5%) chunk=18.31 t/s avg=18.64 t/s 7.565s
ds4: qwen35moe experts/token avg over 128 tokens: 0:14.4 1:14.2 2:14.8 3:15.8 4:15.5 5:15.1 6:14.8 7:16.0 8:15.6 9:15.9 10:13.9 11:13.4 12:15.3 13:14.7 14:14.7 15:14.6 16:14.4 17:14.7 18:14.7 19:14.8 20:15.8 21:14.8 22:14.6 23:14.4 24:15.1 25:14.5 26:15.0 27:15.3 28:14.7 29:15.9 30:16.1 31:16.6 32:16.4 33:17.3 34:16.3 35:18.5 36:18.7 37:19.1 38:19.6 39:19.2 | mean 15.6
0824 04:03:27 ds4-server: chat ctx=0..222:222 prefill chunk 142/222 (64.0%) chunk=17.96 t/s avg=18.63 t/s 7.621s
0824 04:03:27 ds4-server: chat ctx=0..222:222 prefill chunk 143/222 (64.4%) chunk=17.92 t/s avg=18.63 t/s 7.677s
0824 04:03:27 ds4-server: chat ctx=0..222:222 prefill chunk 144/222 (64.9%) chunk=18.15 t/s avg=18.62 t/s 7.732s
0824 04:03:27 ds4-server: chat ctx=0..222:222 prefill chunk 145/222 (65.3%) chunk=18.99 t/s avg=18.63 t/s 7.784s
0824 04:03:27 ds4-server: chat ctx=0..222:222 prefill chunk 146/222 (65.8%) chunk=17.90 t/s avg=18.62 t/s 7.840s
0824 04:03:27 ds4-server: chat ctx=0..222:222 prefill chunk 147/222 (66.2%) chunk=17.77 t/s avg=18.62 t/s 7.896s
0824 04:03:27 ds4-server: chat ctx=0..222:222 prefill chunk 148/222 (66.7%) chunk=18.20 t/s avg=18.61 t/s 7.951s
0824 04:03:27 ds4-server: chat ctx=0..222:222 prefill chunk 149/222 (67.1%) chunk=17.93 t/s avg=18.61 t/s 8.007s
0824 04:03:27 ds4-server: chat ctx=0..222:222 prefill chunk 150/222 (67.6%) chunk=17.61 t/s avg=18.60 t/s 8.064s
0824 04:03:27 ds4-server: chat ctx=0..222:222 prefill chunk 151/222 (68.0%) chunk=18.33 t/s avg=18.60 t/s 8.118s
0824 04:03:28 ds4-server: chat ctx=0..222:222 prefill chunk 152/222 (68.5%) chunk=18.25 t/s avg=18.60 t/s 8.173s
0824 04:03:28 ds4-server: chat ctx=0..222:222 prefill chunk 153/222 (68.9%) chunk=17.47 t/s avg=18.59 t/s 8.231s
0824 04:03:28 ds4-server: chat ctx=0..222:222 prefill chunk 154/222 (69.4%) chunk=18.83 t/s avg=18.59 t/s 8.284s
0824 04:03:28 ds4-server: chat ctx=0..222:222 prefill chunk 155/222 (69.8%) chunk=18.09 t/s avg=18.59 t/s 8.339s
0824 04:03:28 ds4-server: chat ctx=0..222:222 prefill chunk 156/222 (70.3%) chunk=17.31 t/s avg=18.58 t/s 8.397s
0824 04:03:28 ds4-server: chat ctx=0..222:222 prefill chunk 157/222 (70.7%) chunk=18.64 t/s avg=18.58 t/s 8.450s
0824 04:03:28 ds4-server: chat ctx=0..222:222 prefill chunk 158/222 (71.2%) chunk=18.41 t/s avg=18.58 t/s 8.505s
0824 04:03:28 ds4-server: chat ctx=0..222:222 prefill chunk 159/222 (71.6%) chunk=18.28 t/s avg=18.58 t/s 8.559s
0824 04:03:28 ds4-server: chat ctx=0..222:222 prefill chunk 160/222 (72.1%) chunk=19.01 t/s avg=18.58 t/s 8.612s
0824 04:03:28 ds4-server: chat ctx=0..222:222 prefill chunk 161/222 (72.5%) chunk=18.19 t/s avg=18.58 t/s 8.667s
0824 04:03:28 ds4-server: chat ctx=0..222:222 prefill chunk 162/222 (73.0%) chunk=17.93 t/s avg=18.57 t/s 8.723s
0824 04:03:28 ds4-server: chat ctx=0..222:222 prefill chunk 163/222 (73.4%) chunk=18.22 t/s avg=18.57 t/s 8.778s
0824 04:03:28 ds4-server: chat ctx=0..222:222 prefill chunk 164/222 (73.9%) chunk=18.04 t/s avg=18.57 t/s 8.833s
0824 04:03:28 ds4-server: chat ctx=0..222:222 prefill chunk 165/222 (74.3%) chunk=18.12 t/s avg=18.56 t/s 8.888s
0824 04:03:28 ds4-server: chat ctx=0..222:222 prefill chunk 166/222 (74.8%) chunk=17.42 t/s avg=18.56 t/s 8.946s
0824 04:03:28 ds4-server: chat ctx=0..222:222 prefill chunk 167/222 (75.2%) chunk=17.82 t/s avg=18.55 t/s 9.002s
0824 04:03:28 ds4-server: chat ctx=0..222:222 prefill chunk 168/222 (75.7%) chunk=17.45 t/s avg=18.54 t/s 9.059s
0824 04:03:28 ds4-server: chat ctx=0..222:222 prefill chunk 169/222 (76.1%) chunk=18.72 t/s avg=18.55 t/s 9.112s
0824 04:03:29 ds4-server: chat ctx=0..222:222 prefill chunk 170/222 (76.6%) chunk=17.87 t/s avg=18.54 t/s 9.168s
0824 04:03:29 ds4-server: chat ctx=0..222:222 prefill chunk 171/222 (77.0%) chunk=18.47 t/s avg=18.54 t/s 9.223s
0824 04:03:29 ds4-server: chat ctx=0..222:222 prefill chunk 172/222 (77.5%) chunk=18.88 t/s avg=18.54 t/s 9.276s
0824 04:03:29 ds4-server: chat ctx=0..222:222 prefill chunk 173/222 (77.9%) chunk=17.80 t/s avg=18.54 t/s 9.332s
0824 04:03:29 ds4-server: chat ctx=0..222:222 prefill chunk 174/222 (78.4%) chunk=18.16 t/s avg=18.54 t/s 9.387s
0824 04:03:29 ds4-server: chat ctx=0..222:222 prefill chunk 175/222 (78.8%) chunk=17.66 t/s avg=18.53 t/s 9.443s
0824 04:03:29 ds4-server: chat ctx=0..222:222 prefill chunk 176/222 (79.3%) chunk=17.78 t/s avg=18.53 t/s 9.500s
0824 04:03:29 ds4-server: chat ctx=0..222:222 prefill chunk 177/222 (79.7%) chunk=17.12 t/s avg=18.52 t/s 9.558s
0824 04:03:29 ds4-server: chat ctx=0..222:222 prefill chunk 178/222 (80.2%) chunk=18.80 t/s avg=18.52 t/s 9.611s
0824 04:03:29 ds4-server: chat ctx=0..222:222 prefill chunk 179/222 (80.6%) chunk=18.52 t/s avg=18.52 t/s 9.665s
0824 04:03:29 ds4-server: chat ctx=0..222:222 prefill chunk 180/222 (81.1%) chunk=18.86 t/s avg=18.52 t/s 9.718s
0824 04:03:29 ds4-server: chat ctx=0..222:222 prefill chunk 181/222 (81.5%) chunk=18.24 t/s avg=18.52 t/s 9.773s
0824 04:03:29 ds4-server: chat ctx=0..222:222 prefill chunk 182/222 (82.0%) chunk=18.08 t/s avg=18.52 t/s 9.828s
0824 04:03:29 ds4-server: chat ctx=0..222:222 prefill chunk 183/222 (82.4%) chunk=18.43 t/s avg=18.52 t/s 9.883s
0824 04:03:29 ds4-server: chat ctx=0..222:222 prefill chunk 184/222 (82.9%) chunk=18.46 t/s avg=18.52 t/s 9.937s
0824 04:03:29 ds4-server: chat ctx=0..222:222 prefill chunk 185/222 (83.3%) chunk=18.18 t/s avg=18.52 t/s 9.992s
0824 04:03:29 ds4-server: chat ctx=0..222:222 prefill chunk 186/222 (83.8%) chunk=18.95 t/s avg=18.52 t/s 10.045s
0824 04:03:29 ds4-server: chat ctx=0..222:222 prefill chunk 187/222 (84.2%) chunk=17.78 t/s avg=18.51 t/s 10.101s
0824 04:03:30 ds4-server: chat ctx=0..222:222 prefill chunk 188/222 (84.7%) chunk=17.62 t/s avg=18.51 t/s 10.158s
0824 04:03:30 ds4-server: chat ctx=0..222:222 prefill chunk 189/222 (85.1%) chunk=18.72 t/s avg=18.51 t/s 10.211s
0824 04:03:30 ds4-server: chat ctx=0..222:222 prefill chunk 190/222 (85.6%) chunk=17.44 t/s avg=18.50 t/s 10.268s
0824 04:03:30 ds4-server: chat ctx=0..222:222 prefill chunk 191/222 (86.0%) chunk=17.28 t/s avg=18.50 t/s 10.326s
0824 04:03:30 ds4-server: chat ctx=0..222:222 prefill chunk 192/222 (86.5%) chunk=19.26 t/s avg=18.50 t/s 10.378s
0824 04:03:30 ds4-server: chat ctx=0..222:222 prefill chunk 193/222 (86.9%) chunk=18.18 t/s avg=18.50 t/s 10.433s
0824 04:03:30 ds4-server: chat ctx=0..222:222 prefill chunk 194/222 (87.4%) chunk=18.31 t/s avg=18.50 t/s 10.488s
0824 04:03:30 ds4-server: chat ctx=0..222:222 prefill chunk 195/222 (87.8%) chunk=18.29 t/s avg=18.50 t/s 10.542s
0824 04:03:30 ds4-server: chat ctx=0..222:222 prefill chunk 196/222 (88.3%) chunk=18.26 t/s avg=18.50 t/s 10.597s
0824 04:03:30 ds4-server: chat ctx=0..222:222 prefill chunk 197/222 (88.7%) chunk=18.31 t/s avg=18.49 t/s 10.652s
0824 04:03:30 ds4-server: chat ctx=0..222:222 prefill chunk 198/222 (89.2%) chunk=17.96 t/s avg=18.49 t/s 10.708s
0824 04:03:30 ds4-server: chat ctx=0..222:222 prefill chunk 199/222 (89.6%) chunk=17.59 t/s avg=18.49 t/s 10.764s
0824 04:03:30 ds4-server: chat ctx=0..222:222 prefill chunk 200/222 (90.1%) chunk=18.52 t/s avg=18.49 t/s 10.818s
0824 04:03:30 ds4-server: chat ctx=0..222:222 prefill chunk 201/222 (90.5%) chunk=18.02 t/s avg=18.48 t/s 10.874s
0824 04:03:30 ds4-server: chat ctx=0..222:222 prefill chunk 202/222 (91.0%) chunk=18.16 t/s avg=18.48 t/s 10.929s
0824 04:03:30 ds4-server: chat ctx=0..222:222 prefill chunk 203/222 (91.4%) chunk=18.38 t/s avg=18.48 t/s 10.983s
0824 04:03:30 ds4-server: chat ctx=0..222:222 prefill chunk 204/222 (91.9%) chunk=17.60 t/s avg=18.48 t/s 11.040s
0824 04:03:30 ds4-server: chat ctx=0..222:222 prefill chunk 205/222 (92.3%) chunk=17.91 t/s avg=18.48 t/s 11.096s
0824 04:03:31 ds4-server: chat ctx=0..222:222 prefill chunk 206/222 (92.8%) chunk=18.65 t/s avg=18.48 t/s 11.150s
0824 04:03:31 ds4-server: chat ctx=0..222:222 prefill chunk 207/222 (93.2%) chunk=17.29 t/s avg=18.47 t/s 11.207s
0824 04:03:31 ds4-server: chat ctx=0..222:222 prefill chunk 208/222 (93.7%) chunk=17.66 t/s avg=18.47 t/s 11.264s
0824 04:03:31 ds4-server: chat ctx=0..222:222 prefill chunk 209/222 (94.1%) chunk=18.38 t/s avg=18.47 t/s 11.318s
0824 04:03:31 ds4-server: chat ctx=0..222:222 prefill chunk 210/222 (94.6%) chunk=18.12 t/s avg=18.46 t/s 11.374s
0824 04:03:31 ds4-server: chat ctx=0..222:222 prefill chunk 211/222 (95.0%) chunk=18.04 t/s avg=18.46 t/s 11.429s
0824 04:03:31 ds4-server: chat ctx=0..222:222 prefill chunk 212/222 (95.5%) chunk=18.46 t/s avg=18.46 t/s 11.483s
0824 04:03:31 ds4-server: chat ctx=0..222:222 prefill chunk 213/222 (95.9%) chunk=18.02 t/s avg=18.46 t/s 11.539s
0824 04:03:31 ds4-server: chat ctx=0..222:222 prefill chunk 214/222 (96.4%) chunk=17.58 t/s avg=18.46 t/s 11.596s
0824 04:03:31 ds4-server: chat ctx=0..222:222 prefill chunk 215/222 (96.8%) chunk=18.36 t/s avg=18.45 t/s 11.650s
0824 04:03:31 ds4-server: chat ctx=0..222:222 prefill chunk 216/222 (97.3%) chunk=18.72 t/s avg=18.46 t/s 11.703s
0824 04:03:31 ds4-server: chat ctx=0..222:222 prefill chunk 217/222 (97.7%) chunk=17.53 t/s avg=18.45 t/s 11.761s
0824 04:03:31 ds4-server: chat ctx=0..222:222 prefill chunk 218/222 (98.2%) chunk=19.09 t/s avg=18.45 t/s 11.813s
0824 04:03:31 ds4-server: chat ctx=0..222:222 prefill chunk 219/222 (98.6%) chunk=19.02 t/s avg=18.46 t/s 11.866s
0824 04:03:31 ds4-server: chat ctx=0..222:222 prefill chunk 220/222 (99.1%) chunk=18.07 t/s avg=18.46 t/s 11.921s
0824 04:03:31 ds4-server: chat ctx=0..222:222 prefill chunk 221/222 (99.5%) chunk=19.69 t/s avg=18.46 t/s 11.972s
0824 04:03:31 ds4-server: chat ctx=0..222:222 prefill chunk 222/222 (100.0%) chunk=19.32 t/s avg=18.46 t/s 12.023s
0824 04:03:31 ds4-server: chat ctx=0..222:222 prompt done 12.023s
ds4: qwen35moe experts/token avg over 128 tokens: 0:13.6 1:13.9 2:14.5 3:16.1 4:15.5 5:15.5 6:15.1 7:16.0 8:16.0 9:16.6 10:14.4 11:14.1 12:15.6 13:14.9 14:14.8 15:15.2 16:15.3 17:15.0 18:15.1 19:15.2 20:16.2 21:15.3 22:15.2 23:14.7 24:15.6 25:14.3 26:15.9 27:16.1 28:15.2 29:16.2 30:16.2 31:17.2 32:15.9 33:16.8 34:15.7 35:17.8 36:17.8 37:17.7 38:18.9 39:18.8 | mean 15.7
0824 04:03:34 ds4-server: chat ctx=222..272:50 gen=50 THINKING decoding chunk=18.36 t/s avg=18.36 t/s 2.723s
0824 04:03:37 ds4-server: chat ctx=272..322:50 gen=100 THINKING decoding chunk=18.20 t/s avg=18.28 t/s 5.470s
0824 04:03:40 ds4-server: chat ctx=322..372:50 gen=150 THINKING decoding chunk=17.96 t/s avg=18.18 t/s 8.253s
ds4: qwen35moe experts/token avg over 128 tokens: 0:14.4 1:15.2 2:15.2 3:16.9 4:16.0 5:15.9 6:15.3 7:16.3 8:16.8 9:17.2 10:14.6 11:14.1 12:15.7 13:14.6 14:15.6 15:15.2 16:15.3 17:15.3 18:14.6 19:16.0 20:16.2 21:15.5 22:14.0 23:14.5 24:15.0 25:14.3 26:15.6 27:16.2 28:15.2 29:15.6 30:15.9 31:16.9 32:16.3 33:15.9 34:15.0 35:17.7 36:16.8 37:16.6 38:18.6 39:18.6 | mean 15.8
0824 04:03:42 ds4-server: chat ctx=372..422:50 gen=200 THINKING decoding chunk=17.52 t/s avg=18.01 t/s 11.106s
0824 04:03:45 ds4-server: chat ctx=422..472:50 gen=250 THINKING decoding chunk=17.55 t/s avg=17.91 t/s 13.955s
0824 04:03:48 ds4-server: chat ctx=472..522:50 gen=300 THINKING decoding chunk=17.58 t/s avg=17.86 t/s 16.799s
ds4: qwen35moe experts/token avg over 128 tokens: 0:15.1 1:15.8 2:15.9 3:17.6 4:16.7 5:17.1 6:16.0 7:17.6 8:18.1 9:18.2 10:15.6 11:14.6 12:16.8 13:14.8 14:16.4 15:15.5 16:15.2 17:15.4 18:15.0 19:16.9 20:17.1 21:16.5 22:15.0 23:15.2 24:15.7 25:14.3 26:16.2 27:15.7 28:15.5 29:16.1 30:15.9 31:17.1 32:16.1 33:15.3 34:15.3 35:17.8 36:16.9 37:16.6 38:18.6 39:17.9 | mean 16.2
0824 04:03:51 ds4-server: chat ctx=522..572:50 gen=350 THINKING decoding chunk=17.26 t/s avg=17.77 t/s 19.696s
0824 04:03:54 ds4-server: chat ctx=572..622:50 gen=400 THINKING decoding chunk=17.46 t/s avg=17.73 t/s 22.560s
ds4: qwen35moe experts/token avg over 128 tokens: 0:14.5 1:15.7 2:16.1 3:17.1 4:16.6 5:16.4 6:16.3 7:17.0 8:17.4 9:17.3 10:15.5 11:15.1 12:16.1 13:14.9 14:16.2 15:15.5 16:15.5 17:15.8 18:15.9 19:16.2 20:16.5 21:16.6 22:15.0 23:15.1 24:15.4 25:14.7 26:15.5 27:15.6 28:15.0 29:16.6 30:15.8 31:17.3 32:16.1 33:16.1 34:15.3 35:17.3 36:16.8 37:16.5 38:18.3 39:17.5 | mean 16.1
0824 04:03:57 ds4-server: chat ctx=622..672:50 gen=450 THINKING decoding chunk=17.20 t/s avg=17.67 t/s 25.468s
0824 04:04:00 ds4-server: chat ctx=672..722:50 gen=500 THINKING decoding chunk=17.17 t/s avg=17.62 t/s 28.379s
0824 04:04:03 ds4-server: chat ctx=722..772:50 gen=550 THINKING decoding chunk=17.03 t/s avg=17.56 t/s 31.315s
ds4: qwen35moe experts/token avg over 128 tokens: 0:14.4 1:15.4 2:15.5 3:17.5 4:16.3 5:16.7 6:16.3 7:16.7 8:17.5 9:16.9 10:15.5 11:14.8 12:15.6 13:14.9 14:16.1 15:15.8 16:15.1 17:16.1 18:14.7 19:15.9 20:17.1 21:15.8 22:14.5 23:15.1 24:15.1 25:14.4 26:16.9 27:16.2 28:15.5 29:15.8 30:16.4 31:17.1 32:16.6 33:16.6 34:16.2 35:17.8 36:17.7 37:17.4 38:19.1 39:18.6 | mean 16.2
0824 04:04:06 ds4-server: chat ctx=772..822:50 gen=600 THINKING decoding chunk=16.89 t/s avg=17.51 t/s 34.275s
0824 04:04:09 ds4-server: chat ctx=822..872:50 gen=650 THINKING decoding chunk=17.07 t/s avg=17.47 t/s 37.204s
ds4: qwen35moe experts/token avg over 128 tokens: 0:14.5 1:15.8 2:15.8 3:17.1 4:17.1 5:16.4 6:15.7 7:16.8 8:17.5 9:16.9 10:15.4 11:14.6 12:16.5 13:15.3 14:16.3 15:15.5 16:15.6 17:15.6 18:15.2 19:15.5 20:16.7 21:15.9 22:14.6 23:14.6 24:15.5 25:14.6 26:15.9 27:15.8 28:15.5 29:15.9 30:15.4 31:16.2 32:15.2 33:15.5 34:14.8 35:17.5 36:17.0 37:16.9 38:18.8 39:18.1 | mean 16.0
0824 04:04:12 ds4-server: chat ctx=872..922:50 gen=700 THINKING decoding chunk=17.06 t/s avg=17.44 t/s 40.136s
0824 04:04:15 ds4-server: chat ctx=922..972:50 gen=750 THINKING decoding chunk=16.75 t/s avg=17.39 t/s 43.121s
0824 04:04:17 ds4-server: chat ctx=972..1022:50 gen=800 THINKING decoding chunk=16.73 t/s avg=17.35 t/s 46.109s
ds4: qwen35moe experts/token avg over 128 tokens: 0:14.9 1:15.8 2:15.8 3:17.2 4:16.1 5:16.4 6:16.0 7:16.8 8:17.6 9:17.8 10:15.3 11:14.5 12:16.1 13:15.4 14:16.0 15:15.8 16:15.4 17:16.1 18:15.1 19:15.8 20:16.7 21:16.3 22:14.6 23:14.8 24:15.3 25:14.7 26:15.7 27:15.5 28:15.0 29:15.4 30:15.7 31:16.4 32:15.3 33:14.9 34:14.5 35:17.1 36:16.9 37:16.9 38:18.7 39:17.7 | mean 16.0
0824 04:04:21 ds4-server: chat ctx=1022..1072:50 gen=850 THINKING decoding chunk=16.53 t/s avg=17.30 t/s 49.133s
0824 04:04:24 ds4-server: chat ctx=1072..1122:50 gen=900 THINKING decoding chunk=16.42 t/s avg=17.25 t/s 52.178s
ds4: qwen35moe experts/token avg over 128 tokens: 0:14.8 1:16.0 2:15.7 3:17.1 4:17.2 5:16.3 6:16.3 7:18.0 8:18.7 9:17.6 10:15.7 11:15.0 12:16.6 13:16.1 14:16.5 15:16.2 16:16.1 17:16.1 18:15.8 19:15.9 20:17.1 21:16.5 22:15.7 23:15.0 24:16.2 25:15.2 26:15.5 27:15.7 28:15.1 29:16.0 30:15.7 31:16.1 32:15.0 33:15.5 34:14.8 35:17.2 36:16.9 37:16.9 38:18.7 39:17.9 | mean 16.2
0824 04:04:27 ds4-server: chat ctx=1122..1172:50 gen=950 THINKING decoding chunk=16.47 t/s avg=17.21 t/s 55.214s
0824 04:04:30 ds4-server: chat ctx=1172..1222:50 gen=1000 THINKING decoding chunk=16.50 t/s avg=17.17 t/s 58.244s
0824 04:04:33 ds4-server: chat ctx=1222..1272:50 gen=1050 THINKING decoding chunk=16.41 t/s avg=17.13 t/s 61.291s
ds4: qwen35moe experts/token avg over 128 tokens: 0:15.1 1:15.7 2:15.1 3:17.1 4:16.2 5:15.9 6:16.1 7:16.6 8:17.7 9:16.9 10:15.4 11:15.2 12:16.2 13:15.4 14:15.9 15:15.1 16:15.4 17:16.0 18:14.9 19:16.0 20:16.8 21:16.5 22:14.8 23:14.9 24:15.3 25:14.9 26:15.5 27:15.2 28:14.7 29:16.0 30:15.1 31:15.9 32:15.1 33:14.9 34:14.4 35:16.6 36:16.4 37:16.6 38:18.5 39:17.0 | mean 15.8
0824 04:04:36 ds4-server: chat ctx=1272..1322:50 gen=1100 THINKING decoding chunk=16.19 t/s avg=17.09 t/s 64.378s
0824 04:04:39 ds4-server: chat ctx=1322..1372:50 gen=1150 THINKING decoding chunk=15.94 t/s avg=17.03 t/s 67.516s
ds4: qwen35moe experts/token avg over 128 tokens: 0:14.4 1:15.9 2:15.3 3:17.2 4:16.5 5:15.5 6:15.9 7:17.0 8:17.5 9:17.5 10:15.6 11:14.9 12:16.7 13:16.4 14:16.1 15:16.3 16:16.3 17:16.5 18:15.4 19:15.9 20:16.4 21:16.4 22:15.4 23:14.9 24:16.1 25:15.7 26:15.6 27:15.7 28:15.3 29:15.6 30:15.7 31:16.9 32:15.3 33:15.6 34:14.7 35:17.5 36:16.7 37:17.8 38:18.9 39:17.5 | mean 16.2
0824 04:04:42 ds4-server: chat ctx=1372..1422:50 gen=1200 THINKING decoding chunk=16.10 t/s avg=16.99 t/s 70.621s
0824 04:04:45 ds4-server: chat ctx=1422..1472:50 gen=1250 THINKING decoding chunk=15.80 t/s avg=16.94 t/s 73.785s
0824 04:04:48 ds4-server: chat ctx=1472..1522:50 gen=1300 THINKING decoding chunk=15.77 t/s avg=16.89 t/s 76.956s
ds4: qwen35moe experts/token avg over 128 tokens: 0:15.0 1:15.7 2:15.2 3:17.2 4:16.8 5:15.8 6:16.0 7:17.6 8:18.4 9:18.0 10:15.9 11:15.2 12:16.6 13:16.2 14:16.9 15:16.1 16:16.0 17:16.4 18:16.1 19:16.7 20:18.0 21:17.7 22:15.3 23:15.5 24:16.0 25:15.7 26:16.4 27:16.6 28:16.1 29:16.8 30:16.2 31:16.9 32:15.2 33:15.8 34:15.2 35:17.9 36:16.9 37:17.0 38:18.4 39:18.0 | mean 16.5
0824 04:04:52 ds4-server: chat ctx=1522..1572:50 gen=1350 THINKING decoding chunk=15.78 t/s avg=16.85 t/s 80.125s
0824 04:04:55 ds4-server: chat ctx=1572..1622:50 gen=1400 THINKING decoding chunk=15.75 t/s avg=16.81 t/s 83.300s
0824 04:04:58 ds4-server: chat ctx=1622..1672:50 gen=1450 decoding chunk=15.91 t/s avg=16.77 t/s 86.441s
ds4: qwen35moe experts/token avg over 128 tokens: 0:14.5 1:15.6 2:14.7 3:16.3 4:16.6 5:15.6 6:15.5 7:16.9 8:17.5 9:16.5 10:15.4 11:15.2 12:16.3 13:15.4 14:15.8 15:16.1 16:15.6 17:15.6 18:15.6 19:15.6 20:15.9 21:15.8 22:15.4 23:14.8 24:15.5 25:15.1 26:15.4 27:15.4 28:15.2 29:15.2 30:15.1 31:16.5 32:15.2 33:14.5 34:15.1 35:16.9 36:17.3 37:16.9 38:18.4 39:16.7 | mean 15.8
0824 04:05:01 ds4-server: chat ctx=1672..1722:50 gen=1500 decoding chunk=15.69 t/s avg=16.74 t/s 89.628s
0824 04:05:04 ds4-server: chat ctx=1722..1772:50 gen=1550 decoding chunk=15.54 t/s avg=16.69 t/s 92.844s
ds4: qwen35moe experts/token avg over 128 tokens: 0:14.9 1:16.0 2:15.7 3:17.6 4:16.9 5:16.4 6:16.3 7:17.0 8:17.7 9:18.0 10:15.3 11:14.5 12:17.0 13:15.4 14:17.1 15:15.8 16:15.5 17:15.6 18:15.2 19:16.2 20:17.3 21:16.5 22:14.8 23:14.2 24:15.8 25:14.8 26:16.7 27:16.2 28:15.4 29:15.7 30:15.5 31:16.7 32:15.1 33:15.3 34:14.8 35:17.5 36:17.0 37:16.9 38:19.1 39:18.4 | mean 16.2
0824 04:05:07 ds4-server: chat ctx=1772..1822:50 gen=1600 decoding chunk=15.41 t/s avg=16.65 t/s 96.090s
0824 04:05:11 ds4-server: chat ctx=1822..1872:50 gen=1650 decoding chunk=15.33 t/s avg=16.61 t/s 99.351s
0824 04:05:14 ds4-server: chat ctx=1872..1922:50 gen=1700 decoding chunk=15.15 t/s avg=16.56 t/s 102.651s
ds4: qwen35moe experts/token avg over 128 tokens: 0:15.1 1:16.2 2:16.1 3:18.1 4:17.3 5:16.6 6:16.5 7:18.3 8:18.8 9:18.0 10:15.9 11:15.5 12:17.2 13:15.8 14:16.7 15:16.5 16:16.1 17:16.6 18:16.2 19:15.9 20:17.7 21:17.1 22:15.1 23:15.0 24:16.1 25:15.3 26:16.6 27:16.3 28:15.7 29:15.9 30:15.9 31:16.2 32:15.3 33:16.2 34:15.1 35:17.4 36:16.8 37:17.5 38:18.6 39:18.3 | mean 16.5
0824 04:05:17 ds4-server: chat ctx=1922..1972:50 gen=1750 decoding chunk=15.09 t/s avg=16.52 t/s 105.964s
0824 04:05:19 ds4-server: chat ctx=1972..2004:32 gen=1782 decoding chunk=14.98 t/s avg=16.48 t/s 108.100s
0824 04:05:19 ds4-server: thinking live checkpoint remembered ctx=0..222:222 live=2004 visible=2345
0824 04:05:19 ds4-server: chat ctx=0..222:222 gen=1782 finish=stop 120.124s
0824 04:05:19 ds4-server: live kv cache miss live=2004 prompt=183 common=65 reason=token-mismatch
0824 04:05:19 ds4-server: chat ctx=0..183:183 prompt start
0824 04:05:20 ds4-server: chat ctx=0..183:183 prefill chunk 1/183 (0.5%) chunk=0.00 t/s avg=19.65 t/s 0.051s
0824 04:05:20 ds4-server: chat ctx=0..183:183 prefill chunk 2/183 (1.1%) chunk=19.10 t/s avg=19.37 t/s 0.103s
0824 04:05:20 ds4-server: chat ctx=0..183:183 prefill chunk 3/183 (1.6%) chunk=20.15 t/s avg=19.62 t/s 0.153s
0824 04:05:20 ds4-server: chat ctx=0..183:183 prefill chunk 4/183 (2.2%) chunk=19.18 t/s avg=19.51 t/s 0.205s
0824 04:05:20 ds4-server: chat ctx=0..183:183 prefill chunk 5/183 (2.7%) chunk=19.56 t/s avg=19.52 t/s 0.256s
0824 04:05:20 ds4-server: chat ctx=0..183:183 prefill chunk 6/183 (3.3%) chunk=19.16 t/s avg=19.46 t/s 0.308s
0824 04:05:20 ds4-server: chat ctx=0..183:183 prefill chunk 7/183 (3.8%) chunk=19.77 t/s avg=19.50 t/s 0.359s
0824 04:05:20 ds4-server: chat ctx=0..183:183 prefill chunk 8/183 (4.4%) chunk=18.77 t/s avg=19.41 t/s 0.412s
0824 04:05:20 ds4-server: chat ctx=0..183:183 prefill chunk 9/183 (4.9%) chunk=19.10 t/s avg=19.37 t/s 0.465s
0824 04:05:20 ds4-server: chat ctx=0..183:183 prefill chunk 10/183 (5.5%) chunk=19.81 t/s avg=19.42 t/s 0.515s
0824 04:05:20 ds4-server: chat ctx=0..183:183 prefill chunk 11/183 (6.0%) chunk=18.76 t/s avg=19.36 t/s 0.568s
0824 04:05:20 ds4-server: chat ctx=0..183:183 prefill chunk 12/183 (6.6%) chunk=19.38 t/s avg=19.36 t/s 0.620s
0824 04:05:20 ds4-server: chat ctx=0..183:183 prefill chunk 13/183 (7.1%) chunk=18.57 t/s avg=19.29 t/s 0.674s
0824 04:05:20 ds4-server: chat ctx=0..183:183 prefill chunk 14/183 (7.7%) chunk=18.62 t/s avg=19.24 t/s 0.727s
0824 04:05:20 ds4-server: chat ctx=0..183:183 prefill chunk 15/183 (8.2%) chunk=18.83 t/s avg=19.22 t/s 0.781s
0824 04:05:20 ds4-server: chat ctx=0..183:183 prefill chunk 16/183 (8.7%) chunk=18.35 t/s avg=19.16 t/s 0.835s
0824 04:05:20 ds4-server: chat ctx=0..183:183 prefill chunk 17/183 (9.3%) chunk=19.16 t/s avg=19.16 t/s 0.887s
0824 04:05:20 ds4-server: chat ctx=0..183:183 prefill chunk 18/183 (9.8%) chunk=18.64 t/s avg=19.13 t/s 0.941s
0824 04:05:20 ds4-server: chat ctx=0..183:183 prefill chunk 19/183 (10.4%) chunk=18.51 t/s avg=19.10 t/s 0.995s
0824 04:05:21 ds4-server: chat ctx=0..183:183 prefill chunk 20/183 (10.9%) chunk=18.21 t/s avg=19.05 t/s 1.050s
0824 04:05:21 ds4-server: chat ctx=0..183:183 prefill chunk 21/183 (11.5%) chunk=18.44 t/s avg=19.02 t/s 1.104s
0824 04:05:21 ds4-server: chat ctx=0..183:183 prefill chunk 22/183 (12.0%) chunk=19.62 t/s avg=19.05 t/s 1.155s
0824 04:05:21 ds4-server: chat ctx=0..183:183 prefill chunk 23/183 (12.6%) chunk=19.04 t/s avg=19.05 t/s 1.208s
0824 04:05:21 ds4-server: chat ctx=0..183:183 prefill chunk 24/183 (13.1%) chunk=19.45 t/s avg=19.06 t/s 1.259s
0824 04:05:21 ds4-server: chat ctx=0..183:183 prefill chunk 25/183 (13.7%) chunk=18.82 t/s avg=19.05 t/s 1.312s
0824 04:05:21 ds4-server: chat ctx=0..183:183 prefill chunk 26/183 (14.2%) chunk=18.69 t/s avg=19.04 t/s 1.366s
0824 04:05:21 ds4-server: chat ctx=0..183:183 prefill chunk 27/183 (14.8%) chunk=19.18 t/s avg=19.04 t/s 1.418s
0824 04:05:21 ds4-server: chat ctx=0..183:183 prefill chunk 28/183 (15.3%) chunk=18.60 t/s avg=19.03 t/s 1.472s
0824 04:05:21 ds4-server: chat ctx=0..183:183 prefill chunk 29/183 (15.8%) chunk=18.63 t/s avg=19.01 t/s 1.525s
0824 04:05:21 ds4-server: chat ctx=0..183:183 prefill chunk 30/183 (16.4%) chunk=18.36 t/s avg=18.99 t/s 1.580s
0824 04:05:21 ds4-server: chat ctx=0..183:183 prefill chunk 31/183 (16.9%) chunk=17.88 t/s avg=18.95 t/s 1.636s
0824 04:05:21 ds4-server: chat ctx=0..183:183 prefill chunk 32/183 (17.5%) chunk=18.70 t/s avg=18.94 t/s 1.689s
0824 04:05:21 ds4-server: chat ctx=0..183:183 prefill chunk 33/183 (18.0%) chunk=18.96 t/s avg=18.95 t/s 1.742s
0824 04:05:21 ds4-server: chat ctx=0..183:183 prefill chunk 34/183 (18.6%) chunk=18.32 t/s avg=18.93 t/s 1.796s
0824 04:05:21 ds4-server: chat ctx=0..183:183 prefill chunk 35/183 (19.1%) chunk=18.79 t/s avg=18.92 t/s 1.850s
0824 04:05:21 ds4-server: chat ctx=0..183:183 prefill chunk 36/183 (19.7%) chunk=17.98 t/s avg=18.89 t/s 1.905s
0824 04:05:21 ds4-server: chat ctx=0..183:183 prefill chunk 37/183 (20.2%) chunk=17.90 t/s avg=18.87 t/s 1.961s
0824 04:05:21 ds4-server: chat ctx=0..183:183 prefill chunk 38/183 (20.8%) chunk=18.08 t/s avg=18.85 t/s 2.016s
0824 04:05:22 ds4-server: chat ctx=0..183:183 prefill chunk 39/183 (21.3%) chunk=18.01 t/s avg=18.82 t/s 2.072s
0824 04:05:22 ds4-server: chat ctx=0..183:183 prefill chunk 40/183 (21.9%) chunk=18.71 t/s avg=18.82 t/s 2.125s
0824 04:05:22 ds4-server: chat ctx=0..183:183 prefill chunk 41/183 (22.4%) chunk=18.10 t/s avg=18.80 t/s 2.181s
0824 04:05:22 ds4-server: chat ctx=0..183:183 prefill chunk 42/183 (23.0%) chunk=18.02 t/s avg=18.78 t/s 2.236s
0824 04:05:22 ds4-server: chat ctx=0..183:183 prefill chunk 43/183 (23.5%) chunk=19.35 t/s avg=18.79 t/s 2.288s
0824 04:05:22 ds4-server: chat ctx=0..183:183 prefill chunk 44/183 (24.0%) chunk=18.74 t/s avg=18.79 t/s 2.341s
0824 04:05:22 ds4-server: chat ctx=0..183:183 prefill chunk 45/183 (24.6%) chunk=18.54 t/s avg=18.79 t/s 2.395s
0824 04:05:22 ds4-server: chat ctx=0..183:183 prefill chunk 46/183 (25.1%) chunk=18.66 t/s avg=18.79 t/s 2.449s
0824 04:05:22 ds4-server: chat ctx=0..183:183 prefill chunk 47/183 (25.7%) chunk=17.73 t/s avg=18.76 t/s 2.505s
0824 04:05:22 ds4-server: chat ctx=0..183:183 prefill chunk 48/183 (26.2%) chunk=18.66 t/s avg=18.76 t/s 2.559s
0824 04:05:22 ds4-server: chat ctx=0..183:183 prefill chunk 49/183 (26.8%) chunk=18.27 t/s avg=18.75 t/s 2.613s
0824 04:05:22 ds4-server: chat ctx=0..183:183 prefill chunk 50/183 (27.3%) chunk=18.06 t/s avg=18.73 t/s 2.669s
0824 04:05:22 ds4-server: chat ctx=0..183:183 prefill chunk 51/183 (27.9%) chunk=18.55 t/s avg=18.73 t/s 2.723s
0824 04:05:22 ds4-server: chat ctx=0..183:183 prefill chunk 52/183 (28.4%) chunk=18.08 t/s avg=18.72 t/s 2.778s
0824 04:05:22 ds4-server: chat ctx=0..183:183 prefill chunk 53/183 (29.0%) chunk=17.82 t/s avg=18.70 t/s 2.834s
0824 04:05:22 ds4-server: chat ctx=0..183:183 prefill chunk 54/183 (29.5%) chunk=19.61 t/s avg=18.72 t/s 2.885s
0824 04:05:22 ds4-server: chat ctx=0..183:183 prefill chunk 55/183 (30.1%) chunk=18.85 t/s avg=18.72 t/s 2.938s
0824 04:05:22 ds4-server: chat ctx=0..183:183 prefill chunk 56/183 (30.6%) chunk=19.22 t/s avg=18.73 t/s 2.990s
0824 04:05:23 ds4-server: chat ctx=0..183:183 prefill chunk 57/183 (31.1%) chunk=18.55 t/s avg=18.72 t/s 3.044s
ds4: qwen35moe experts/token avg over 128 tokens: 0:14.5 1:15.9 2:15.2 3:16.6 4:16.3 5:15.8 6:15.7 7:17.0 8:17.5 9:17.0 10:15.2 11:15.1 12:16.3 13:15.7 14:16.5 15:15.9 16:15.0 17:16.2 18:15.7 19:15.7 20:17.3 21:16.8 22:15.0 23:14.8 24:15.5 25:14.2 26:15.2 27:15.4 28:15.1 29:15.6 30:15.1 31:16.8 32:15.8 33:16.4 34:15.4 35:17.8 36:17.8 37:18.1 38:19.1 39:18.4 | mean 16.1
0824 04:05:23 ds4-server: chat ctx=0..183:183 prefill chunk 58/183 (31.7%) chunk=18.00 t/s avg=18.71 t/s 3.100s
0824 04:05:23 ds4-server: chat ctx=0..183:183 prefill chunk 59/183 (32.2%) chunk=19.33 t/s avg=18.72 t/s 3.151s
0824 04:05:23 ds4-server: chat ctx=0..183:183 prefill chunk 60/183 (32.8%) chunk=19.03 t/s avg=18.73 t/s 3.204s
0824 04:05:23 ds4-server: chat ctx=0..183:183 prefill chunk 61/183 (33.3%) chunk=19.96 t/s avg=18.75 t/s 3.254s
0824 04:05:23 ds4-server: chat ctx=0..183:183 prefill chunk 62/183 (33.9%) chunk=19.35 t/s avg=18.75 t/s 3.306s
0824 04:05:23 ds4-server: chat ctx=0..183:183 prefill chunk 63/183 (34.4%) chunk=19.64 t/s avg=18.77 t/s 3.357s
0824 04:05:23 ds4-server: chat ctx=0..183:183 prefill chunk 64/183 (35.0%) chunk=19.21 t/s avg=18.77 t/s 3.409s
0824 04:05:23 ds4-server: chat ctx=0..183:183 prefill chunk 65/183 (35.5%) chunk=20.10 t/s avg=18.79 t/s 3.459s
0824 04:05:23 ds4-server: chat ctx=0..183:183 prefill chunk 66/183 (36.1%) chunk=18.48 t/s avg=18.79 t/s 3.513s
0824 04:05:23 ds4-server: chat ctx=0..183:183 prefill chunk 67/183 (36.6%) chunk=17.96 t/s avg=18.78 t/s 3.568s
0824 04:05:23 ds4-server: chat ctx=0..183:183 prefill chunk 68/183 (37.2%) chunk=19.02 t/s avg=18.78 t/s 3.621s
0824 04:05:23 ds4-server: chat ctx=0..183:183 prefill chunk 69/183 (37.7%) chunk=18.39 t/s avg=18.77 t/s 3.675s
0824 04:05:23 ds4-server: chat ctx=0..183:183 prefill chunk 70/183 (38.3%) chunk=18.26 t/s avg=18.77 t/s 3.730s
0824 04:05:23 ds4-server: chat ctx=0..183:183 prefill chunk 71/183 (38.8%) chunk=18.37 t/s avg=18.76 t/s 3.785s
0824 04:05:23 ds4-server: chat ctx=0..183:183 prefill chunk 72/183 (39.3%) chunk=18.33 t/s avg=18.75 t/s 3.839s
0824 04:05:23 ds4-server: chat ctx=0..183:183 prefill chunk 73/183 (39.9%) chunk=18.27 t/s avg=18.75 t/s 3.894s
0824 04:05:23 ds4-server: chat ctx=0..183:183 prefill chunk 74/183 (40.4%) chunk=18.94 t/s avg=18.75 t/s 3.947s
0824 04:05:23 ds4-server: chat ctx=0..183:183 prefill chunk 75/183 (41.0%) chunk=18.69 t/s avg=18.75 t/s 4.000s
0824 04:05:24 ds4-server: chat ctx=0..183:183 prefill chunk 76/183 (41.5%) chunk=19.12 t/s avg=18.75 t/s 4.052s
0824 04:05:24 ds4-server: chat ctx=0..183:183 prefill chunk 77/183 (42.1%) chunk=18.26 t/s avg=18.75 t/s 4.107s
0824 04:05:24 ds4-server: chat ctx=0..183:183 prefill chunk 78/183 (42.6%) chunk=18.42 t/s avg=18.74 t/s 4.161s
0824 04:05:24 ds4-server: chat ctx=0..183:183 prefill chunk 79/183 (43.2%) chunk=18.19 t/s avg=18.74 t/s 4.216s
0824 04:05:24 ds4-server: chat ctx=0..183:183 prefill chunk 80/183 (43.7%) chunk=18.60 t/s avg=18.73 t/s 4.270s
0824 04:05:24 ds4-server: chat ctx=0..183:183 prefill chunk 81/183 (44.3%) chunk=18.73 t/s avg=18.73 t/s 4.324s
0824 04:05:24 ds4-server: chat ctx=0..183:183 prefill chunk 82/183 (44.8%) chunk=17.95 t/s avg=18.72 t/s 4.379s
0824 04:05:24 ds4-server: chat ctx=0..183:183 prefill chunk 83/183 (45.4%) chunk=18.49 t/s avg=18.72 t/s 4.433s
0824 04:05:24 ds4-server: chat ctx=0..183:183 prefill chunk 84/183 (45.9%) chunk=19.06 t/s avg=18.73 t/s 4.486s
0824 04:05:24 ds4-server: chat ctx=0..183:183 prefill chunk 85/183 (46.4%) chunk=18.06 t/s avg=18.72 t/s 4.541s
0824 04:05:24 ds4-server: chat ctx=0..183:183 prefill chunk 86/183 (47.0%) chunk=18.01 t/s avg=18.71 t/s 4.597s
0824 04:05:24 ds4-server: chat ctx=0..183:183 prefill chunk 87/183 (47.5%) chunk=19.12 t/s avg=18.71 t/s 4.649s
0824 04:05:24 ds4-server: chat ctx=0..183:183 prefill chunk 88/183 (48.1%) chunk=18.41 t/s avg=18.71 t/s 4.703s
0824 04:05:24 ds4-server: chat ctx=0..183:183 prefill chunk 89/183 (48.6%) chunk=18.69 t/s avg=18.71 t/s 4.757s
0824 04:05:24 ds4-server: chat ctx=0..183:183 prefill chunk 90/183 (49.2%) chunk=18.21 t/s avg=18.70 t/s 4.812s
0824 04:05:24 ds4-server: chat ctx=0..183:183 prefill chunk 91/183 (49.7%) chunk=18.56 t/s avg=18.70 t/s 4.866s
0824 04:05:24 ds4-server: chat ctx=0..183:183 prefill chunk 92/183 (50.3%) chunk=19.48 t/s avg=18.71 t/s 4.917s
0824 04:05:24 ds4-server: chat ctx=0..183:183 prefill chunk 93/183 (50.8%) chunk=18.26 t/s avg=18.71 t/s 4.972s
0824 04:05:25 ds4-server: chat ctx=0..183:183 prefill chunk 94/183 (51.4%) chunk=19.29 t/s avg=18.71 t/s 5.024s
0824 04:05:25 ds4-server: chat ctx=0..183:183 prefill chunk 95/183 (51.9%) chunk=17.67 t/s avg=18.70 t/s 5.080s
0824 04:05:25 ds4-server: chat ctx=0..183:183 prefill chunk 96/183 (52.5%) chunk=18.00 t/s avg=18.69 t/s 5.136s
0824 04:05:25 ds4-server: chat ctx=0..183:183 prefill chunk 97/183 (53.0%) chunk=18.44 t/s avg=18.69 t/s 5.190s
0824 04:05:25 ds4-server: chat ctx=0..183:183 prefill chunk 98/183 (53.6%) chunk=18.22 t/s avg=18.68 t/s 5.245s
0824 04:05:25 ds4-server: chat ctx=0..183:183 prefill chunk 99/183 (54.1%) chunk=18.61 t/s avg=18.68 t/s 5.299s
0824 04:05:25 ds4-server: chat ctx=0..183:183 prefill chunk 100/183 (54.6%) chunk=19.00 t/s avg=18.69 t/s 5.351s
0824 04:05:25 ds4-server: chat ctx=0..183:183 prefill chunk 101/183 (55.2%) chunk=18.74 t/s avg=18.69 t/s 5.405s
0824 04:05:25 ds4-server: chat ctx=0..183:183 prefill chunk 102/183 (55.7%) chunk=18.50 t/s avg=18.69 t/s 5.459s
0824 04:05:25 ds4-server: chat ctx=0..183:183 prefill chunk 103/183 (56.3%) chunk=18.93 t/s avg=18.69 t/s 5.512s
0824 04:05:25 ds4-server: chat ctx=0..183:183 prefill chunk 104/183 (56.8%) chunk=18.73 t/s avg=18.69 t/s 5.565s
0824 04:05:25 ds4-server: chat ctx=0..183:183 prefill chunk 105/183 (57.4%) chunk=18.44 t/s avg=18.69 t/s 5.619s
0824 04:05:25 ds4-server: chat ctx=0..183:183 prefill chunk 106/183 (57.9%) chunk=18.00 t/s avg=18.68 t/s 5.675s
0824 04:05:25 ds4-server: chat ctx=0..183:183 prefill chunk 107/183 (58.5%) chunk=18.82 t/s avg=18.68 t/s 5.728s
0824 04:05:25 ds4-server: chat ctx=0..183:183 prefill chunk 108/183 (59.0%) chunk=18.00 t/s avg=18.67 t/s 5.783s
0824 04:05:25 ds4-server: chat ctx=0..183:183 prefill chunk 109/183 (59.6%) chunk=18.15 t/s avg=18.67 t/s 5.839s
0824 04:05:25 ds4-server: chat ctx=0..183:183 prefill chunk 110/183 (60.1%) chunk=18.09 t/s avg=18.66 t/s 5.894s
0824 04:05:25 ds4-server: chat ctx=0..183:183 prefill chunk 111/183 (60.7%) chunk=18.38 t/s avg=18.66 t/s 5.948s
0824 04:05:25 ds4-server: chat ctx=0..183:183 prefill chunk 112/183 (61.2%) chunk=17.52 t/s avg=18.65 t/s 6.005s
0824 04:05:26 ds4-server: chat ctx=0..183:183 prefill chunk 113/183 (61.7%) chunk=18.64 t/s avg=18.65 t/s 6.059s
0824 04:05:26 ds4-server: chat ctx=0..183:183 prefill chunk 114/183 (62.3%) chunk=18.47 t/s avg=18.65 t/s 6.113s
0824 04:05:26 ds4-server: chat ctx=0..183:183 prefill chunk 115/183 (62.8%) chunk=17.54 t/s avg=18.64 t/s 6.170s
0824 04:05:26 ds4-server: chat ctx=0..183:183 prefill chunk 116/183 (63.4%) chunk=18.79 t/s avg=18.64 t/s 6.223s
0824 04:05:26 ds4-server: chat ctx=0..183:183 prefill chunk 117/183 (63.9%) chunk=18.00 t/s avg=18.63 t/s 6.279s
0824 04:05:26 ds4-server: chat ctx=0..183:183 prefill chunk 118/183 (64.5%) chunk=17.40 t/s avg=18.62 t/s 6.336s
0824 04:05:26 ds4-server: chat ctx=0..183:183 prefill chunk 119/183 (65.0%) chunk=18.16 t/s avg=18.62 t/s 6.391s
0824 04:05:26 ds4-server: chat ctx=0..183:183 prefill chunk 120/183 (65.6%) chunk=17.53 t/s avg=18.61 t/s 6.448s
0824 04:05:26 ds4-server: chat ctx=0..183:183 prefill chunk 121/183 (66.1%) chunk=17.46 t/s avg=18.60 t/s 6.506s
0824 04:05:26 ds4-server: chat ctx=0..183:183 prefill chunk 122/183 (66.7%) chunk=18.86 t/s avg=18.60 t/s 6.559s
0824 04:05:26 ds4-server: chat ctx=0..183:183 prefill chunk 123/183 (67.2%) chunk=18.11 t/s avg=18.60 t/s 6.614s
0824 04:05:26 ds4-server: chat ctx=0..183:183 prefill chunk 124/183 (67.8%) chunk=18.62 t/s avg=18.60 t/s 6.668s
0824 04:05:26 ds4-server: chat ctx=0..183:183 prefill chunk 125/183 (68.3%) chunk=18.01 t/s avg=18.59 t/s 6.723s
0824 04:05:26 ds4-server: chat ctx=0..183:183 prefill chunk 126/183 (68.9%) chunk=17.46 t/s avg=18.58 t/s 6.781s
0824 04:05:26 ds4-server: chat ctx=0..183:183 prefill chunk 127/183 (69.4%) chunk=17.81 t/s avg=18.58 t/s 6.837s
0824 04:05:26 ds4-server: chat ctx=0..183:183 prefill chunk 128/183 (69.9%) chunk=18.37 t/s avg=18.57 t/s 6.891s
0824 04:05:26 ds4-server: chat ctx=0..183:183 prefill chunk 129/183 (70.5%) chunk=18.20 t/s avg=18.57 t/s 6.946s
0824 04:05:26 ds4-server: chat ctx=0..183:183 prefill chunk 130/183 (71.0%) chunk=17.57 t/s avg=18.56 t/s 7.003s
0824 04:05:27 ds4-server: chat ctx=0..183:183 prefill chunk 131/183 (71.6%) chunk=19.19 t/s avg=18.57 t/s 7.055s
0824 04:05:27 ds4-server: chat ctx=0..183:183 prefill chunk 132/183 (72.1%) chunk=17.78 t/s avg=18.56 t/s 7.111s
0824 04:05:27 ds4-server: chat ctx=0..183:183 prefill chunk 133/183 (72.7%) chunk=18.50 t/s avg=18.56 t/s 7.165s
0824 04:05:27 ds4-server: chat ctx=0..183:183 prefill chunk 134/183 (73.2%) chunk=18.26 t/s avg=18.56 t/s 7.220s
0824 04:05:27 ds4-server: chat ctx=0..183:183 prefill chunk 135/183 (73.8%) chunk=17.39 t/s avg=18.55 t/s 7.278s
0824 04:05:27 ds4-server: chat ctx=0..183:183 prefill chunk 136/183 (74.3%) chunk=17.44 t/s avg=18.54 t/s 7.335s
0824 04:05:27 ds4-server: chat ctx=0..183:183 prefill chunk 137/183 (74.9%) chunk=18.90 t/s avg=18.54 t/s 7.388s
0824 04:05:27 ds4-server: chat ctx=0..183:183 prefill chunk 138/183 (75.4%) chunk=17.32 t/s avg=18.53 t/s 7.446s
0824 04:05:27 ds4-server: chat ctx=0..183:183 prefill chunk 139/183 (76.0%) chunk=18.38 t/s avg=18.53 t/s 7.500s
0824 04:05:27 ds4-server: chat ctx=0..183:183 prefill chunk 140/183 (76.5%) chunk=18.45 t/s avg=18.53 t/s 7.554s
0824 04:05:27 ds4-server: chat ctx=0..183:183 prefill chunk 141/183 (77.0%) chunk=17.66 t/s avg=18.53 t/s 7.611s
0824 04:05:27 ds4-server: chat ctx=0..183:183 prefill chunk 142/183 (77.6%) chunk=17.61 t/s avg=18.52 t/s 7.668s
0824 04:05:27 ds4-server: chat ctx=0..183:183 prefill chunk 143/183 (78.1%) chunk=17.84 t/s avg=18.51 t/s 7.724s
0824 04:05:27 ds4-server: chat ctx=0..183:183 prefill chunk 144/183 (78.7%) chunk=17.58 t/s avg=18.51 t/s 7.781s
0824 04:05:27 ds4-server: chat ctx=0..183:183 prefill chunk 145/183 (79.2%) chunk=17.98 t/s avg=18.50 t/s 7.836s
0824 04:05:27 ds4-server: chat ctx=0..183:183 prefill chunk 146/183 (79.8%) chunk=18.09 t/s avg=18.50 t/s 7.891s
0824 04:05:27 ds4-server: chat ctx=0..183:183 prefill chunk 147/183 (80.3%) chunk=18.38 t/s avg=18.50 t/s 7.946s
0824 04:05:27 ds4-server: chat ctx=0..183:183 prefill chunk 148/183 (80.9%) chunk=17.96 t/s avg=18.50 t/s 8.002s
0824 04:05:28 ds4-server: chat ctx=0..183:183 prefill chunk 149/183 (81.4%) chunk=18.25 t/s avg=18.49 t/s 8.056s
0824 04:05:28 ds4-server: chat ctx=0..183:183 prefill chunk 150/183 (82.0%) chunk=17.53 t/s avg=18.49 t/s 8.113s
0824 04:05:28 ds4-server: chat ctx=0..183:183 prefill chunk 151/183 (82.5%) chunk=17.62 t/s avg=18.48 t/s 8.170s
0824 04:05:28 ds4-server: chat ctx=0..183:183 prefill chunk 152/183 (83.1%) chunk=18.54 t/s avg=18.48 t/s 8.224s
0824 04:05:28 ds4-server: chat ctx=0..183:183 prefill chunk 153/183 (83.6%) chunk=18.05 t/s avg=18.48 t/s 8.279s
0824 04:05:28 ds4-server: chat ctx=0..183:183 prefill chunk 154/183 (84.2%) chunk=17.88 t/s avg=18.48 t/s 8.335s
0824 04:05:28 ds4-server: chat ctx=0..183:183 prefill chunk 155/183 (84.7%) chunk=18.92 t/s avg=18.48 t/s 8.388s
0824 04:05:28 ds4-server: chat ctx=0..183:183 prefill chunk 156/183 (85.2%) chunk=17.85 t/s avg=18.47 t/s 8.444s
0824 04:05:28 ds4-server: chat ctx=0..183:183 prefill chunk 157/183 (85.8%) chunk=17.41 t/s avg=18.47 t/s 8.502s
0824 04:05:28 ds4-server: chat ctx=0..183:183 prefill chunk 158/183 (86.3%) chunk=18.01 t/s avg=18.46 t/s 8.557s
0824 04:05:28 ds4-server: chat ctx=0..183:183 prefill chunk 159/183 (86.9%) chunk=17.84 t/s avg=18.46 t/s 8.613s
0824 04:05:28 ds4-server: chat ctx=0..183:183 prefill chunk 160/183 (87.4%) chunk=17.39 t/s avg=18.45 t/s 8.671s
0824 04:05:28 ds4-server: chat ctx=0..183:183 prefill chunk 161/183 (88.0%) chunk=18.89 t/s avg=18.46 t/s 8.724s
0824 04:05:28 ds4-server: chat ctx=0..183:183 prefill chunk 162/183 (88.5%) chunk=17.49 t/s avg=18.45 t/s 8.781s
0824 04:05:28 ds4-server: chat ctx=0..183:183 prefill chunk 163/183 (89.1%) chunk=17.43 t/s avg=18.44 t/s 8.838s
0824 04:05:28 ds4-server: chat ctx=0..183:183 prefill chunk 164/183 (89.6%) chunk=18.42 t/s avg=18.44 t/s 8.893s
0824 04:05:28 ds4-server: chat ctx=0..183:183 prefill chunk 165/183 (90.2%) chunk=17.17 t/s avg=18.43 t/s 8.951s
0824 04:05:28 ds4-server: chat ctx=0..183:183 prefill chunk 166/183 (90.7%) chunk=17.89 t/s avg=18.43 t/s 9.007s
0824 04:05:29 ds4-server: chat ctx=0..183:183 prefill chunk 167/183 (91.3%) chunk=17.99 t/s avg=18.43 t/s 9.062s
0824 04:05:29 ds4-server: chat ctx=0..183:183 prefill chunk 168/183 (91.8%) chunk=17.65 t/s avg=18.42 t/s 9.119s
0824 04:05:29 ds4-server: chat ctx=0..183:183 prefill chunk 169/183 (92.3%) chunk=17.82 t/s avg=18.42 t/s 9.175s
0824 04:05:29 ds4-server: chat ctx=0..183:183 prefill chunk 170/183 (92.9%) chunk=17.17 t/s avg=18.41 t/s 9.233s
0824 04:05:29 ds4-server: chat ctx=0..183:183 prefill chunk 171/183 (93.4%) chunk=18.87 t/s avg=18.41 t/s 9.286s
0824 04:05:29 ds4-server: chat ctx=0..183:183 prefill chunk 172/183 (94.0%) chunk=17.37 t/s avg=18.41 t/s 9.344s
0824 04:05:29 ds4-server: chat ctx=0..183:183 prefill chunk 173/183 (94.5%) chunk=17.96 t/s avg=18.41 t/s 9.400s
0824 04:05:29 ds4-server: chat ctx=0..183:183 prefill chunk 174/183 (95.1%) chunk=17.77 t/s avg=18.40 t/s 9.456s
0824 04:05:29 ds4-server: chat ctx=0..183:183 prefill chunk 175/183 (95.6%) chunk=17.15 t/s avg=18.39 t/s 9.514s
0824 04:05:29 ds4-server: chat ctx=0..183:183 prefill chunk 176/183 (96.2%) chunk=17.74 t/s avg=18.39 t/s 9.571s
0824 04:05:29 ds4-server: chat ctx=0..183:183 prefill chunk 177/183 (96.7%) chunk=19.08 t/s avg=18.39 t/s 9.623s
0824 04:05:29 ds4-server: chat ctx=0..183:183 prefill chunk 178/183 (97.3%) chunk=17.86 t/s avg=18.39 t/s 9.679s
0824 04:05:29 ds4-server: chat ctx=0..183:183 prefill chunk 179/183 (97.8%) chunk=17.78 t/s avg=18.39 t/s 9.735s
0824 04:05:29 ds4-server: chat ctx=0..183:183 prefill chunk 180/183 (98.4%) chunk=19.54 t/s avg=18.39 t/s 9.786s
0824 04:05:29 ds4-server: chat ctx=0..183:183 prefill chunk 181/183 (98.9%) chunk=17.55 t/s avg=18.39 t/s 9.843s
0824 04:05:29 ds4-server: chat ctx=0..183:183 prefill chunk 182/183 (99.5%) chunk=19.87 t/s avg=18.40 t/s 9.894s
0824 04:05:29 ds4-server: chat ctx=0..183:183 prefill chunk 183/183 (100.0%) chunk=19.27 t/s avg=18.40 t/s 9.946s
0824 04:05:29 ds4-server: chat ctx=0..183:183 prompt done 9.946s
ds4: qwen35moe experts/token avg over 128 tokens: 0:14.4 1:13.2 2:14.5 3:16.2 4:15.4 5:15.1 6:15.8 7:15.2 8:16.0 9:16.4 10:14.9 11:14.4 12:15.7 13:14.7 14:15.1 15:16.1 16:15.1 17:15.0 18:15.9 19:15.3 20:16.6 21:16.0 22:15.5 23:15.1 24:16.5 25:14.8 26:15.7 27:16.3 28:16.1 29:16.8 30:17.0 31:17.0 32:16.4 33:17.1 34:16.8 35:18.2 36:18.8 37:19.1 38:19.3 39:19.0 | mean 16.1
0824 04:05:32 ds4-server: chat ctx=183..233:50 gen=50 THINKING decoding chunk=18.21 t/s avg=18.21 t/s 2.746s
0824 04:05:35 ds4-server: chat ctx=233..283:50 gen=100 THINKING decoding chunk=18.15 t/s avg=18.18 t/s 5.501s
ds4: qwen35moe experts/token avg over 128 tokens: 0:14.3 1:14.0 2:14.7 3:16.2 4:15.2 5:15.1 6:15.2 7:16.1 8:16.5 9:17.1 10:15.1 11:13.7 12:15.6 13:15.2 14:15.5 15:15.9 16:15.7 17:16.3 18:15.7 19:15.6 20:16.5 21:16.2 22:15.2 23:14.6 24:16.0 25:15.6 26:16.3 27:16.1 28:15.6 29:15.9 30:16.7 31:17.0 32:16.1 33:15.5 34:16.1 35:17.1 36:16.8 37:17.9 38:18.7 39:17.8 | mean 15.9
0824 04:05:38 ds4-server: chat ctx=283..333:50 gen=150 THINKING decoding chunk=17.86 t/s avg=18.07 t/s 8.300s
0824 04:05:41 ds4-server: chat ctx=333..383:50 gen=200 THINKING decoding chunk=17.80 t/s avg=18.00 t/s 11.109s
0824 04:05:43 ds4-server: chat ctx=383..433:50 gen=250 THINKING decoding chunk=17.78 t/s avg=17.96 t/s 13.921s
ds4: qwen35moe experts/token avg over 128 tokens: 0:15.0 1:15.5 2:15.2 3:17.0 4:16.3 5:16.5 6:15.6 7:16.4 8:17.6 9:17.0 10:15.6 11:14.3 12:15.8 13:15.0 14:16.2 15:16.5 16:15.0 17:16.3 18:14.8 19:16.1 20:17.3 21:16.2 22:14.8 23:14.4 24:15.0 25:14.9 26:15.9 27:16.2 28:15.0 29:15.7 30:16.5 31:17.4 32:16.5 33:15.3 34:16.5 35:16.5 36:16.7 37:17.4 38:18.8 39:17.0 | mean 16.0
0824 04:05:46 ds4-server: chat ctx=433..483:50 gen=300 THINKING decoding chunk=17.46 t/s avg=17.87 t/s 16.786s
0824 04:05:49 ds4-server: chat ctx=483..533:50 gen=350 THINKING decoding chunk=17.49 t/s avg=17.82 t/s 19.645s
ds4: qwen35moe experts/token avg over 128 tokens: 0:14.9 1:14.9 2:15.2 3:16.9 4:16.5 5:16.6 6:15.6 7:16.9 8:17.2 9:17.4 10:15.9 11:14.6 12:15.6 13:16.0 14:16.7 15:16.2 16:15.8 17:16.7 18:16.2 19:16.2 20:17.6 21:17.1 22:15.6 23:15.1 24:15.8 25:15.4 26:16.5 27:16.1 28:15.5 29:16.6 30:16.8 31:16.8 32:16.4 33:16.0 34:16.0 35:17.6 36:16.6 37:18.2 38:18.6 39:17.1 | mean 16.3
0824 04:05:52 ds4-server: chat ctx=533..583:50 gen=400 THINKING decoding chunk=17.18 t/s avg=17.73 t/s 22.556s
0824 04:05:55 ds4-server: chat ctx=583..633:50 gen=450 THINKING decoding chunk=17.35 t/s avg=17.69 t/s 25.438s
0824 04:05:58 ds4-server: chat ctx=633..683:50 gen=500 THINKING decoding chunk=17.20 t/s avg=17.64 t/s 28.345s
ds4: qwen35moe experts/token avg over 128 tokens: 0:15.4 1:15.3 2:15.8 3:17.3 4:16.9 5:16.7 6:16.8 7:17.2 8:17.5 9:17.5 10:15.8 11:14.9 12:16.4 13:15.5 14:16.5 15:15.6 16:15.6 17:16.4 18:16.2 19:16.6 20:17.1 21:16.3 22:15.2 23:15.2 24:15.9 25:15.4 26:16.2 27:15.7 28:16.0 29:16.1 30:16.9 31:17.7 32:16.8 33:16.2 34:16.6 35:16.8 36:17.3 37:18.4 38:18.0 39:16.7 | mean 16.4
0824 04:06:01 ds4-server: chat ctx=683..733:50 gen=550 THINKING decoding chunk=16.97 t/s avg=17.58 t/s 31.292s
0824 04:06:04 ds4-server: chat ctx=733..783:50 gen=600 THINKING decoding chunk=16.93 t/s avg=17.52 t/s 34.245s
ds4: qwen35moe experts/token avg over 128 tokens: 0:15.0 1:15.0 2:15.4 3:16.8 4:16.8 5:17.1 6:16.2 7:17.1 8:17.9 9:17.5 10:15.7 11:14.6 12:16.5 13:16.3 14:16.7 15:16.7 16:15.8 17:16.8 18:15.3 19:16.7 20:16.9 21:16.9 22:15.4 23:15.7 24:15.6 25:16.1 26:15.9 27:16.1 28:15.4 29:15.9 30:16.4 31:17.0 32:16.1 33:16.4 34:16.6 35:17.0 36:16.7 37:18.0 38:18.6 39:17.1 | mean 16.4
0824 04:06:07 ds4-server: chat ctx=783..833:50 gen=650 THINKING decoding chunk=16.94 t/s avg=17.47 t/s 37.196s
0824 04:06:10 ds4-server: chat ctx=833..883:50 gen=700 THINKING decoding chunk=17.01 t/s avg=17.44 t/s 40.136s
0824 04:06:13 ds4-server: chat ctx=883..933:50 gen=750 THINKING decoding chunk=16.12 t/s avg=17.35 t/s 43.237s
ds4: qwen35moe experts/token avg over 128 tokens: 0:15.2 1:14.9 2:15.8 3:17.2 4:17.3 5:17.1 6:17.0 7:17.3 8:17.6 9:17.2 10:16.8 11:15.8 12:16.3 13:16.9 14:17.2 15:17.0 16:16.6 17:17.2 18:16.6 19:16.6 20:17.5 21:17.4 22:16.3 23:16.4 24:16.8 25:16.1 26:16.3 27:16.8 28:16.6 29:16.3 30:16.8 31:17.4 32:17.0 33:16.9 34:17.2 35:17.8 36:18.2 37:18.3 38:18.8 39:18.1 | mean 16.9
0824 04:06:16 ds4-server: chat ctx=933..983:50 gen=800 THINKING decoding chunk=16.57 t/s avg=17.30 t/s 46.254s
0824 04:06:19 ds4-server: chat ctx=983..1033:50 gen=850 THINKING decoding chunk=16.47 t/s avg=17.24 t/s 49.291s
ds4: qwen35moe experts/token avg over 128 tokens: 0:15.5 1:15.2 2:15.6 3:17.5 4:17.2 5:17.1 6:16.3 7:17.7 8:18.1 9:18.2 10:16.4 11:15.3 12:16.5 13:15.6 14:17.1 15:16.8 16:15.9 17:17.5 18:16.2 19:17.0 20:17.5 21:17.6 22:15.7 23:15.4 24:15.7 25:15.3 26:16.7 27:16.3 28:15.8 29:16.9 30:16.7 31:17.0 32:16.1 33:16.3 34:16.0 35:16.7 36:16.8 37:17.7 38:18.6 39:17.0 | mean 16.6
0824 04:06:22 ds4-server: chat ctx=1033..1083:50 gen=900 THINKING decoding chunk=16.38 t/s avg=17.19 t/s 52.343s
0824 04:06:25 ds4-server: chat ctx=1083..1133:50 gen=950 THINKING decoding chunk=16.55 t/s avg=17.16 t/s 55.364s
0824 04:06:28 ds4-server: chat ctx=1133..1183:50 gen=1000 THINKING decoding chunk=16.10 t/s avg=17.10 t/s 58.470s
ds4: qwen35moe experts/token avg over 128 tokens: 0:15.6 1:15.1 2:15.7 3:17.1 4:17.0 5:16.4 6:16.0 7:17.5 8:18.2 9:17.1 10:15.9 11:15.2 12:16.6 13:15.6 14:16.9 15:17.1 16:15.8 17:16.3 18:15.8 19:16.1 20:17.2 21:16.6 22:15.8 23:14.6 24:16.0 25:15.5 26:16.3 27:16.5 28:15.5 29:15.7 30:15.9 31:16.4 32:16.4 33:15.4 34:15.3 35:15.9 36:16.7 37:17.5 38:18.7 39:16.8 | mean 16.3
0824 04:06:31 ds4-server: chat ctx=1183..1233:50 gen=1050 THINKING decoding chunk=16.25 t/s avg=17.06 t/s 61.547s
0824 04:06:34 ds4-server: chat ctx=1233..1283:50 gen=1100 THINKING decoding chunk=16.29 t/s avg=17.02 t/s 64.616s
0824 04:06:37 ds4-server: chat ctx=1283..1333:50 gen=1150 THINKING decoding chunk=15.98 t/s avg=16.98 t/s 67.744s
ds4: qwen35moe experts/token avg over 128 tokens: 0:15.2 1:15.3 2:15.6 3:17.5 4:16.5 5:17.0 6:16.5 7:17.4 8:18.3 9:17.6 10:16.2 11:15.1 12:16.5 13:16.4 14:16.9 15:16.9 16:16.1 17:16.6 18:15.9 19:16.9 20:17.8 21:16.9 22:15.6 23:15.4 24:15.9 25:15.8 26:16.4 27:16.9 28:15.8 29:16.7 30:16.0 31:17.4 32:16.6 33:16.2 34:15.9 35:16.7 36:17.0 37:17.9 38:19.1 39:17.1 | mean 16.6
0824 04:06:40 ds4-server: chat ctx=1333..1383:50 gen=1200 THINKING decoding chunk=15.91 t/s avg=16.93 t/s 70.887s
0824 04:06:43 ds4-server: chat ctx=1383..1433:50 gen=1250 THINKING decoding chunk=15.97 t/s avg=16.89 t/s 74.018s
ds4: qwen35moe experts/token avg over 128 tokens: 0:15.3 1:15.2 2:15.7 3:17.4 4:16.9 5:16.7 6:16.7 7:18.2 8:18.4 9:17.8 10:16.3 11:16.0 12:17.0 13:16.8 14:17.1 15:17.0 16:16.5 17:16.6 18:15.9 19:17.2 20:17.7 21:17.2 22:16.1 23:15.3 24:16.4 25:16.1 26:16.3 27:16.5 28:16.0 29:16.6 30:16.1 31:17.0 32:16.1 33:16.1 34:16.0 35:17.2 36:16.7 37:18.0 38:18.4 39:16.6 | mean 16.7
0824 04:06:47 ds4-server: chat ctx=1433..1483:50 gen=1300 THINKING decoding chunk=15.76 t/s avg=16.84 t/s 77.192s
0824 04:06:50 ds4-server: chat ctx=1483..1533:50 gen=1350 decoding chunk=15.84 t/s avg=16.80 t/s 80.349s
0824 04:06:53 ds4-server: chat ctx=1533..1583:50 gen=1400 decoding chunk=15.47 t/s avg=16.75 t/s 83.582s
ds4: qwen35moe experts/token avg over 128 tokens: 0:15.2 1:15.6 2:15.2 3:17.2 4:16.7 5:16.4 6:16.6 7:17.6 8:18.1 9:18.0 10:16.2 11:15.2 12:17.1 13:16.3 14:17.4 15:17.3 16:16.2 17:16.6 18:16.1 19:16.5 20:17.8 21:17.5 22:16.1 23:15.8 24:16.7 25:16.0 26:17.0 27:16.2 28:16.1 29:17.0 30:16.0 31:16.5 32:15.9 33:15.1 34:15.9 35:17.1 36:17.8 37:18.4 38:18.9 39:17.5 | mean 16.7
0824 04:06:56 ds4-server: chat ctx=1583..1633:50 gen=1450 decoding chunk=15.37 t/s avg=16.70 t/s 86.835s
0824 04:06:59 ds4-server: chat ctx=1633..1683:50 gen=1500 decoding chunk=15.49 t/s avg=16.65 t/s 90.063s
ds4: qwen35moe experts/token avg over 128 tokens: 0:15.7 1:16.1 2:15.6 3:17.9 4:17.1 5:17.6 6:17.1 7:17.9 8:18.5 9:18.4 10:16.6 11:15.8 12:17.1 13:16.5 14:17.5 15:17.7 16:15.6 17:16.9 18:16.8 19:17.1 20:17.4 21:17.4 22:16.1 23:15.1 24:16.5 25:15.8 26:16.4 27:16.8 28:15.9 29:16.6 30:16.1 31:17.0 32:16.5 33:16.0 34:16.6 35:16.9 36:17.6 37:17.6 38:19.0 39:17.8 | mean 16.9
0824 04:07:03 ds4-server: chat ctx=1683..1733:50 gen=1550 decoding chunk=15.49 t/s avg=16.61 t/s 93.290s
0824 04:07:06 ds4-server: chat ctx=1733..1783:50 gen=1600 decoding chunk=15.43 t/s avg=16.57 t/s 96.531s
0824 04:07:09 ds4-server: chat ctx=1783..1833:50 gen=1650 decoding chunk=15.14 t/s avg=16.53 t/s 99.833s
ds4: qwen35moe experts/token avg over 128 tokens: 0:16.1 1:16.1 2:16.3 3:18.0 4:18.1 5:17.1 6:17.5 7:18.1 8:18.5 9:17.9 10:16.9 11:16.0 12:17.3 13:16.5 14:17.3 15:17.6 16:16.7 17:16.5 18:16.5 19:17.2 20:18.0 21:16.5 22:16.4 23:14.7 24:16.4 25:15.7 26:16.3 27:16.6 28:16.3 29:16.1 30:16.8 31:16.7 32:16.3 33:15.3 34:15.6 35:16.1 36:16.9 37:17.7 38:18.6 39:17.7 | mean 16.8
0824 04:07:13 ds4-server: chat ctx=1833..1883:50 gen=1700 decoding chunk=15.15 t/s avg=16.48 t/s 103.134s
0824 04:07:13 ds4-server: thinking live checkpoint remembered ctx=0..183:183 live=1883 visible=2654
0824 04:07:13 ds4-server: chat ctx=0..183:183 gen=1700 finish=stop 113.079s
0824 04:07:13 ds4-server: live kv cache miss live=1883 prompt=113 common=48 reason=token-mismatch
0824 04:07:13 ds4-server: chat ctx=0..113:113 prompt start
0824 04:07:13 ds4-server: chat ctx=0..113:113 prefill chunk 1/113 (0.9%) chunk=0.00 t/s avg=18.95 t/s 0.053s
0824 04:07:13 ds4-server: chat ctx=0..113:113 prefill chunk 2/113 (1.8%) chunk=19.96 t/s avg=19.45 t/s 0.103s
0824 04:07:13 ds4-server: chat ctx=0..113:113 prefill chunk 3/113 (2.7%) chunk=19.15 t/s avg=19.35 t/s 0.155s
0824 04:07:13 ds4-server: chat ctx=0..113:113 prefill chunk 4/113 (3.5%) chunk=19.70 t/s avg=19.43 t/s 0.206s
0824 04:07:13 ds4-server: chat ctx=0..113:113 prefill chunk 5/113 (4.4%) chunk=19.18 t/s avg=19.38 t/s 0.258s
0824 04:07:13 ds4-server: chat ctx=0..113:113 prefill chunk 6/113 (5.3%) chunk=19.63 t/s avg=19.42 t/s 0.309s
0824 04:07:13 ds4-server: chat ctx=0..113:113 prefill chunk 7/113 (6.2%) chunk=19.18 t/s avg=19.39 t/s 0.361s
0824 04:07:13 ds4-server: chat ctx=0..113:113 prefill chunk 8/113 (7.1%) chunk=18.84 t/s avg=19.32 t/s 0.414s
0824 04:07:13 ds4-server: chat ctx=0..113:113 prefill chunk 9/113 (8.0%) chunk=20.05 t/s avg=19.40 t/s 0.464s
0824 04:07:13 ds4-server: chat ctx=0..113:113 prefill chunk 10/113 (8.8%) chunk=19.14 t/s avg=19.37 t/s 0.516s
0824 04:07:13 ds4-server: chat ctx=0..113:113 prefill chunk 11/113 (9.7%) chunk=19.63 t/s avg=19.39 t/s 0.567s
0824 04:07:13 ds4-server: chat ctx=0..113:113 prefill chunk 12/113 (10.6%) chunk=18.58 t/s avg=19.32 t/s 0.621s
0824 04:07:13 ds4-server: chat ctx=0..113:113 prefill chunk 13/113 (11.5%) chunk=19.37 t/s avg=19.33 t/s 0.673s
0824 04:07:13 ds4-server: chat ctx=0..113:113 prefill chunk 14/113 (12.4%) chunk=18.71 t/s avg=19.28 t/s 0.726s
0824 04:07:13 ds4-server: chat ctx=0..113:113 prefill chunk 15/113 (13.3%) chunk=18.34 t/s avg=19.22 t/s 0.781s
0824 04:07:13 ds4-server: chat ctx=0..113:113 prefill chunk 16/113 (14.2%) chunk=19.16 t/s avg=19.21 t/s 0.833s
0824 04:07:13 ds4-server: chat ctx=0..113:113 prefill chunk 17/113 (15.0%) chunk=18.50 t/s avg=19.17 t/s 0.887s
0824 04:07:14 ds4-server: chat ctx=0..113:113 prefill chunk 18/113 (15.9%) chunk=19.35 t/s avg=19.18 t/s 0.939s
0824 04:07:14 ds4-server: chat ctx=0..113:113 prefill chunk 19/113 (16.8%) chunk=18.43 t/s avg=19.14 t/s 0.993s
0824 04:07:14 ds4-server: chat ctx=0..113:113 prefill chunk 20/113 (17.7%) chunk=17.82 t/s avg=19.07 t/s 1.049s
0824 04:07:14 ds4-server: chat ctx=0..113:113 prefill chunk 21/113 (18.6%) chunk=19.00 t/s avg=19.06 t/s 1.102s
0824 04:07:14 ds4-server: chat ctx=0..113:113 prefill chunk 22/113 (19.5%) chunk=18.75 t/s avg=19.05 t/s 1.155s
0824 04:07:14 ds4-server: chat ctx=0..113:113 prefill chunk 23/113 (20.4%) chunk=19.69 t/s avg=19.08 t/s 1.206s
0824 04:07:14 ds4-server: chat ctx=0..113:113 prefill chunk 24/113 (21.2%) chunk=19.08 t/s avg=19.08 t/s 1.258s
0824 04:07:14 ds4-server: chat ctx=0..113:113 prefill chunk 25/113 (22.1%) chunk=19.49 t/s avg=19.09 t/s 1.309s
0824 04:07:14 ds4-server: chat ctx=0..113:113 prefill chunk 26/113 (23.0%) chunk=18.81 t/s avg=19.08 t/s 1.362s
0824 04:07:14 ds4-server: chat ctx=0..113:113 prefill chunk 27/113 (23.9%) chunk=18.75 t/s avg=19.07 t/s 1.416s
0824 04:07:14 ds4-server: chat ctx=0..113:113 prefill chunk 28/113 (24.8%) chunk=19.34 t/s avg=19.08 t/s 1.468s
0824 04:07:14 ds4-server: chat ctx=0..113:113 prefill chunk 29/113 (25.7%) chunk=18.15 t/s avg=19.05 t/s 1.523s
0824 04:07:14 ds4-server: chat ctx=0..113:113 prefill chunk 30/113 (26.5%) chunk=19.23 t/s avg=19.05 t/s 1.575s
0824 04:07:14 ds4-server: chat ctx=0..113:113 prefill chunk 31/113 (27.4%) chunk=18.37 t/s avg=19.03 t/s 1.629s
0824 04:07:14 ds4-server: chat ctx=0..113:113 prefill chunk 32/113 (28.3%) chunk=18.14 t/s avg=19.00 t/s 1.684s
0824 04:07:14 ds4-server: chat ctx=0..113:113 prefill chunk 33/113 (29.2%) chunk=19.38 t/s avg=19.01 t/s 1.736s
0824 04:07:14 ds4-server: chat ctx=0..113:113 prefill chunk 34/113 (30.1%) chunk=18.43 t/s avg=18.99 t/s 1.790s
0824 04:07:14 ds4-server: chat ctx=0..113:113 prefill chunk 35/113 (31.0%) chunk=18.40 t/s avg=18.98 t/s 1.844s
0824 04:07:14 ds4-server: chat ctx=0..113:113 prefill chunk 36/113 (31.9%) chunk=18.45 t/s avg=18.96 t/s 1.899s
0824 04:07:15 ds4-server: chat ctx=0..113:113 prefill chunk 37/113 (32.7%) chunk=17.58 t/s avg=18.92 t/s 1.955s
0824 04:07:15 ds4-server: chat ctx=0..113:113 prefill chunk 38/113 (33.6%) chunk=17.98 t/s avg=18.90 t/s 2.011s
0824 04:07:15 ds4-server: chat ctx=0..113:113 prefill chunk 39/113 (34.5%) chunk=18.45 t/s avg=18.88 t/s 2.065s
0824 04:07:15 ds4-server: chat ctx=0..113:113 prefill chunk 40/113 (35.4%) chunk=18.03 t/s avg=18.86 t/s 2.121s
0824 04:07:15 ds4-server: chat ctx=0..113:113 prefill chunk 41/113 (36.3%) chunk=18.57 t/s avg=18.85 t/s 2.175s
0824 04:07:15 ds4-server: chat ctx=0..113:113 prefill chunk 42/113 (37.2%) chunk=18.34 t/s avg=18.84 t/s 2.229s
0824 04:07:15 ds4-server: chat ctx=0..113:113 prefill chunk 43/113 (38.1%) chunk=18.60 t/s avg=18.84 t/s 2.283s
0824 04:07:15 ds4-server: chat ctx=0..113:113 prefill chunk 44/113 (38.9%) chunk=19.35 t/s avg=18.85 t/s 2.335s
0824 04:07:15 ds4-server: chat ctx=0..113:113 prefill chunk 45/113 (39.8%) chunk=18.19 t/s avg=18.83 t/s 2.390s
0824 04:07:15 ds4-server: chat ctx=0..113:113 prefill chunk 46/113 (40.7%) chunk=18.88 t/s avg=18.83 t/s 2.443s
0824 04:07:15 ds4-server: chat ctx=0..113:113 prefill chunk 47/113 (41.6%) chunk=18.34 t/s avg=18.82 t/s 2.497s
0824 04:07:15 ds4-server: chat ctx=0..113:113 prefill chunk 48/113 (42.5%) chunk=18.06 t/s avg=18.81 t/s 2.552s
0824 04:07:15 ds4-server: chat ctx=0..113:113 prefill chunk 49/113 (43.4%) chunk=19.62 t/s avg=18.82 t/s 2.603s
0824 04:07:15 ds4-server: chat ctx=0..113:113 prefill chunk 50/113 (44.2%) chunk=18.75 t/s avg=18.82 t/s 2.657s
0824 04:07:15 ds4-server: chat ctx=0..113:113 prefill chunk 51/113 (45.1%) chunk=19.15 t/s avg=18.83 t/s 2.709s
0824 04:07:15 ds4-server: chat ctx=0..113:113 prefill chunk 52/113 (46.0%) chunk=18.91 t/s avg=18.83 t/s 2.762s
0824 04:07:15 ds4-server: chat ctx=0..113:113 prefill chunk 53/113 (46.9%) chunk=18.21 t/s avg=18.82 t/s 2.817s
0824 04:07:15 ds4-server: chat ctx=0..113:113 prefill chunk 54/113 (47.8%) chunk=19.36 t/s avg=18.83 t/s 2.868s
0824 04:07:15 ds4-server: chat ctx=0..113:113 prefill chunk 55/113 (48.7%) chunk=18.86 t/s avg=18.83 t/s 2.921s
0824 04:07:16 ds4-server: chat ctx=0..113:113 prefill chunk 56/113 (49.6%) chunk=20.03 t/s avg=18.85 t/s 2.971s
0824 04:07:16 ds4-server: chat ctx=0..113:113 prefill chunk 57/113 (50.4%) chunk=19.78 t/s avg=18.86 t/s 3.022s
0824 04:07:16 ds4-server: chat ctx=0..113:113 prefill chunk 58/113 (51.3%) chunk=19.91 t/s avg=18.88 t/s 3.072s
0824 04:07:16 ds4-server: chat ctx=0..113:113 prefill chunk 59/113 (52.2%) chunk=19.24 t/s avg=18.89 t/s 3.124s
0824 04:07:16 ds4-server: chat ctx=0..113:113 prefill chunk 60/113 (53.1%) chunk=20.05 t/s avg=18.90 t/s 3.174s
0824 04:07:16 ds4-server: chat ctx=0..113:113 prefill chunk 61/113 (54.0%) chunk=18.38 t/s avg=18.90 t/s 3.228s
0824 04:07:16 ds4-server: chat ctx=0..113:113 prefill chunk 62/113 (54.9%) chunk=18.18 t/s avg=18.88 t/s 3.283s
0824 04:07:16 ds4-server: chat ctx=0..113:113 prefill chunk 63/113 (55.8%) chunk=18.05 t/s avg=18.87 t/s 3.339s
0824 04:07:16 ds4-server: chat ctx=0..113:113 prefill chunk 64/113 (56.6%) chunk=17.87 t/s avg=18.85 t/s 3.395s
0824 04:07:16 ds4-server: chat ctx=0..113:113 prefill chunk 65/113 (57.5%) chunk=18.12 t/s avg=18.84 t/s 3.450s
0824 04:07:16 ds4-server: chat ctx=0..113:113 prefill chunk 66/113 (58.4%) chunk=18.77 t/s avg=18.84 t/s 3.503s
0824 04:07:16 ds4-server: chat ctx=0..113:113 prefill chunk 67/113 (59.3%) chunk=18.23 t/s avg=18.83 t/s 3.558s
0824 04:07:16 ds4-server: chat ctx=0..113:113 prefill chunk 68/113 (60.2%) chunk=18.87 t/s avg=18.83 t/s 3.611s
0824 04:07:16 ds4-server: chat ctx=0..113:113 prefill chunk 69/113 (61.1%) chunk=18.43 t/s avg=18.83 t/s 3.665s
0824 04:07:16 ds4-server: chat ctx=0..113:113 prefill chunk 70/113 (61.9%) chunk=18.60 t/s avg=18.82 t/s 3.719s
0824 04:07:16 ds4-server: chat ctx=0..113:113 prefill chunk 71/113 (62.8%) chunk=19.16 t/s avg=18.83 t/s 3.771s
0824 04:07:16 ds4-server: chat ctx=0..113:113 prefill chunk 72/113 (63.7%) chunk=18.21 t/s avg=18.82 t/s 3.826s
0824 04:07:16 ds4-server: chat ctx=0..113:113 prefill chunk 73/113 (64.6%) chunk=18.45 t/s avg=18.81 t/s 3.880s
0824 04:07:16 ds4-server: chat ctx=0..113:113 prefill chunk 74/113 (65.5%) chunk=18.96 t/s avg=18.81 t/s 3.933s
0824 04:07:17 ds4-server: chat ctx=0..113:113 prefill chunk 75/113 (66.4%) chunk=18.35 t/s avg=18.81 t/s 3.988s
0824 04:07:17 ds4-server: chat ctx=0..113:113 prefill chunk 76/113 (67.3%) chunk=19.35 t/s avg=18.82 t/s 4.039s
0824 04:07:17 ds4-server: chat ctx=0..113:113 prefill chunk 77/113 (68.1%) chunk=18.77 t/s avg=18.81 t/s 4.093s
0824 04:07:17 ds4-server: chat ctx=0..113:113 prefill chunk 78/113 (69.0%) chunk=18.28 t/s avg=18.81 t/s 4.147s
0824 04:07:17 ds4-server: chat ctx=0..113:113 prefill chunk 79/113 (69.9%) chunk=19.79 t/s avg=18.82 t/s 4.198s
0824 04:07:17 ds4-server: chat ctx=0..113:113 prefill chunk 80/113 (70.8%) chunk=18.37 t/s avg=18.81 t/s 4.252s
0824 04:07:17 ds4-server: chat ctx=0..113:113 prefill chunk 81/113 (71.7%) chunk=19.41 t/s avg=18.82 t/s 4.304s
0824 04:07:17 ds4-server: chat ctx=0..113:113 prefill chunk 82/113 (72.6%) chunk=18.38 t/s avg=18.82 t/s 4.358s
0824 04:07:17 ds4-server: chat ctx=0..113:113 prefill chunk 83/113 (73.5%) chunk=18.38 t/s avg=18.81 t/s 4.413s
0824 04:07:17 ds4-server: chat ctx=0..113:113 prefill chunk 84/113 (74.3%) chunk=17.76 t/s avg=18.80 t/s 4.469s
0824 04:07:17 ds4-server: chat ctx=0..113:113 prefill chunk 85/113 (75.2%) chunk=17.98 t/s avg=18.79 t/s 4.524s
0824 04:07:17 ds4-server: chat ctx=0..113:113 prefill chunk 86/113 (76.1%) chunk=17.65 t/s avg=18.77 t/s 4.581s
0824 04:07:17 ds4-server: chat ctx=0..113:113 prefill chunk 87/113 (77.0%) chunk=18.68 t/s avg=18.77 t/s 4.635s
0824 04:07:17 ds4-server: chat ctx=0..113:113 prefill chunk 88/113 (77.9%) chunk=18.51 t/s avg=18.77 t/s 4.689s
0824 04:07:17 ds4-server: chat ctx=0..113:113 prefill chunk 89/113 (78.8%) chunk=18.78 t/s avg=18.77 t/s 4.742s
0824 04:07:17 ds4-server: chat ctx=0..113:113 prefill chunk 90/113 (79.6%) chunk=17.69 t/s avg=18.76 t/s 4.798s
0824 04:07:17 ds4-server: chat ctx=0..113:113 prefill chunk 91/113 (80.5%) chunk=17.57 t/s avg=18.74 t/s 4.855s
0824 04:07:17 ds4-server: chat ctx=0..113:113 prefill chunk 92/113 (81.4%) chunk=17.90 t/s avg=18.73 t/s 4.911s
0824 04:07:18 ds4-server: chat ctx=0..113:113 prefill chunk 93/113 (82.3%) chunk=18.38 t/s avg=18.73 t/s 4.966s
0824 04:07:18 ds4-server: chat ctx=0..113:113 prefill chunk 94/113 (83.2%) chunk=18.57 t/s avg=18.73 t/s 5.019s
ds4: qwen35moe experts/token avg over 128 tokens: 0:14.4 1:14.7 2:14.6 3:15.8 4:16.0 5:15.5 6:15.4 7:16.0 8:16.3 9:15.9 10:14.5 11:14.6 12:15.6 13:15.3 14:15.5 15:15.4 16:15.3 17:15.3 18:15.3 19:15.1 20:16.2 21:15.4 22:15.1 23:15.0 24:15.4 25:15.1 26:14.8 27:15.8 28:15.3 29:15.3 30:15.2 31:16.3 32:16.0 33:16.5 34:16.1 35:17.9 36:18.0 37:18.6 38:19.3 39:18.7 | mean 15.8
0824 04:07:18 ds4-server: chat ctx=0..113:113 prefill chunk 95/113 (84.1%) chunk=18.06 t/s avg=18.72 t/s 5.075s
0824 04:07:18 ds4-server: chat ctx=0..113:113 prefill chunk 96/113 (85.0%) chunk=18.02 t/s avg=18.71 t/s 5.130s
0824 04:07:18 ds4-server: chat ctx=0..113:113 prefill chunk 97/113 (85.8%) chunk=17.48 t/s avg=18.70 t/s 5.188s
0824 04:07:18 ds4-server: chat ctx=0..113:113 prefill chunk 98/113 (86.7%) chunk=18.56 t/s avg=18.70 t/s 5.241s
0824 04:07:18 ds4-server: chat ctx=0..113:113 prefill chunk 99/113 (87.6%) chunk=17.90 t/s avg=18.69 t/s 5.297s
0824 04:07:18 ds4-server: chat ctx=0..113:113 prefill chunk 100/113 (88.5%) chunk=17.76 t/s avg=18.68 t/s 5.354s
0824 04:07:18 ds4-server: chat ctx=0..113:113 prefill chunk 101/113 (89.4%) chunk=18.18 t/s avg=18.67 t/s 5.409s
0824 04:07:18 ds4-server: chat ctx=0..113:113 prefill chunk 102/113 (90.3%) chunk=18.00 t/s avg=18.67 t/s 5.464s
0824 04:07:18 ds4-server: chat ctx=0..113:113 prefill chunk 103/113 (91.2%) chunk=17.68 t/s avg=18.66 t/s 5.521s
0824 04:07:18 ds4-server: chat ctx=0..113:113 prefill chunk 104/113 (92.0%) chunk=18.66 t/s avg=18.66 t/s 5.574s
0824 04:07:18 ds4-server: chat ctx=0..113:113 prefill chunk 105/113 (92.9%) chunk=17.95 t/s avg=18.65 t/s 5.630s
0824 04:07:18 ds4-server: chat ctx=0..113:113 prefill chunk 106/113 (93.8%) chunk=18.08 t/s avg=18.64 t/s 5.685s
0824 04:07:18 ds4-server: chat ctx=0..113:113 prefill chunk 107/113 (94.7%) chunk=19.33 t/s avg=18.65 t/s 5.737s
0824 04:07:18 ds4-server: chat ctx=0..113:113 prefill chunk 108/113 (95.6%) chunk=17.93 t/s avg=18.64 t/s 5.793s
0824 04:07:18 ds4-server: chat ctx=0..113:113 prefill chunk 109/113 (96.5%) chunk=17.36 t/s avg=18.63 t/s 5.850s
0824 04:07:18 ds4-server: chat ctx=0..113:113 prefill chunk 110/113 (97.3%) chunk=19.68 t/s avg=18.64 t/s 5.901s
0824 04:07:19 ds4-server: chat ctx=0..113:113 prefill chunk 111/113 (98.2%) chunk=17.13 t/s avg=18.63 t/s 5.960s
0824 04:07:19 ds4-server: chat ctx=0..113:113 prefill chunk 112/113 (99.1%) chunk=19.98 t/s avg=18.64 t/s 6.010s
0824 04:07:19 ds4-server: chat ctx=0..113:113 prefill chunk 113/113 (100.0%) chunk=19.52 t/s avg=18.64 t/s 6.061s
0824 04:07:19 ds4-server: chat ctx=0..113:113 prompt done 6.061s
0824 04:07:21 ds4-server: chat ctx=113..163:50 gen=50 THINKING decoding chunk=18.32 t/s avg=18.32 t/s 2.729s
0824 04:07:24 ds4-server: chat ctx=163..213:50 gen=100 THINKING decoding chunk=17.94 t/s avg=18.13 t/s 5.516s
ds4: qwen35moe experts/token avg over 128 tokens: 0:14.6 1:14.5 2:15.0 3:16.4 4:16.2 5:16.2 6:16.2 7:16.6 8:16.8 9:16.6 10:14.7 11:14.9 12:16.2 13:15.9 14:16.1 15:16.8 16:16.1 17:16.4 18:15.9 19:16.1 20:17.0 21:16.4 22:15.4 23:15.1 24:15.7 25:16.4 26:16.2 27:17.0 28:15.5 29:16.0 30:16.2 31:17.3 32:15.9 33:15.2 34:15.6 35:17.3 36:17.5 37:18.1 38:19.4 39:18.0 | mean 16.2
0824 04:07:27 ds4-server: chat ctx=213..263:50 gen=150 THINKING decoding chunk=17.44 t/s avg=17.89 t/s 8.383s
0824 04:07:30 ds4-server: chat ctx=263..313:50 gen=200 THINKING decoding chunk=17.36 t/s avg=17.76 t/s 11.263s
ds4: qwen35moe experts/token avg over 128 tokens: 0:15.1 1:15.8 2:15.6 3:17.9 4:17.2 5:17.4 6:17.5 7:18.3 8:18.2 9:18.1 10:16.1 11:16.5 12:17.4 13:17.8 14:16.9 15:17.7 16:17.8 17:17.2 18:17.8 19:17.6 20:18.5 21:17.9 22:16.9 23:16.3 24:17.4 25:18.2 26:18.7 27:18.7 28:18.1 29:17.3 30:18.4 31:18.7 32:17.7 33:17.7 34:17.9 35:18.6 36:18.8 37:19.0 38:19.7 39:19.5 | mean 17.7
0824 04:07:33 ds4-server: chat ctx=313..363:50 gen=250 THINKING decoding chunk=17.26 t/s avg=17.66 t/s 14.160s
0824 04:07:36 ds4-server: chat ctx=363..413:50 gen=300 THINKING decoding chunk=17.35 t/s avg=17.60 t/s 17.042s
0824 04:07:39 ds4-server: chat ctx=413..463:50 gen=350 THINKING decoding chunk=17.33 t/s avg=17.56 t/s 19.926s
ds4: qwen35moe experts/token avg over 128 tokens: 0:15.1 1:15.8 2:15.6 3:17.3 4:17.5 5:17.7 6:17.1 7:18.5 8:18.2 9:18.2 10:15.7 11:15.8 12:16.6 13:17.2 14:16.8 15:17.9 16:16.5 17:16.8 18:16.4 19:16.9 20:18.4 21:16.8 22:16.9 23:15.6 24:16.2 25:17.2 26:17.4 27:17.5 28:17.2 29:16.8 30:17.5 31:18.2 32:16.7 33:15.9 34:15.9 35:17.6 36:17.6 37:17.9 38:19.1 39:17.9 | mean 17.1
0824 04:07:42 ds4-server: chat ctx=463..513:50 gen=400 THINKING decoding chunk=16.81 t/s avg=17.47 t/s 22.901s
0824 04:07:44 ds4-server: chat ctx=513..563:50 gen=450 THINKING decoding chunk=17.06 t/s avg=17.42 t/s 25.832s
ds4: qwen35moe experts/token avg over 128 tokens: 0:14.9 1:16.2 2:16.2 3:17.8 4:17.0 5:17.9 6:18.1 7:18.5 8:18.3 9:18.3 10:16.8 11:16.7 12:17.5 13:18.0 14:17.7 15:17.9 16:17.6 17:17.3 18:17.4 19:17.6 20:18.6 21:18.2 22:17.2 23:16.9 24:17.8 25:18.0 26:18.2 27:18.0 28:17.7 29:18.0 30:18.2 31:18.8 32:18.1 33:17.9 34:17.6 35:18.8 36:19.1 37:19.1 38:19.7 39:19.0 | mean 17.8
0824 04:07:47 ds4-server: chat ctx=563..613:50 gen=500 THINKING decoding chunk=16.81 t/s avg=17.36 t/s 28.806s
0824 04:07:50 ds4-server: chat ctx=613..663:50 gen=550 decoding chunk=17.14 t/s avg=17.34 t/s 31.723s
0824 04:07:53 ds4-server: chat ctx=663..713:50 gen=600 decoding chunk=16.75 t/s avg=17.29 t/s 34.707s
ds4: qwen35moe experts/token avg over 128 tokens: 0:14.7 1:15.5 2:15.6 3:17.4 4:17.2 5:17.5 6:16.6 7:18.3 8:18.2 9:18.1 10:15.8 11:15.9 12:17.4 13:17.0 14:17.4 15:17.6 16:17.3 17:17.1 18:16.9 19:16.7 20:18.2 21:17.8 22:16.5 23:15.8 24:16.7 25:17.2 26:17.4 27:17.2 28:17.3 29:16.7 30:16.9 31:18.0 32:16.6 33:16.5 34:16.1 35:17.9 36:18.2 37:18.3 38:19.3 39:18.5 | mean 17.1
0824 04:07:56 ds4-server: chat ctx=713..763:50 gen=650 decoding chunk=16.19 t/s avg=17.20 t/s 37.795s
0824 04:08:00 ds4-server: chat ctx=763..813:50 gen=700 decoding chunk=16.04 t/s avg=17.11 t/s 40.911s
ds4: qwen35moe experts/token avg over 128 tokens: 0:15.4 1:16.5 2:16.8 3:18.3 4:18.1 5:18.5 6:18.8 7:19.1 8:19.0 9:18.6 10:17.5 11:17.7 12:18.1 13:18.9 14:18.8 15:18.8 16:18.9 17:18.6 18:18.9 19:18.5 20:19.1 21:19.0 22:18.0 23:17.6 24:18.4 25:19.3 26:19.0 27:19.2 28:18.7 29:18.3 30:19.2 31:19.4 32:18.5 33:18.5 34:18.6 35:19.2 36:19.4 37:19.6 38:19.8 39:19.7 | mean 18.6
0824 04:08:03 ds4-server: chat ctx=813..863:50 gen=750 decoding chunk=16.23 t/s avg=17.05 t/s 43.992s
0824 04:08:06 ds4-server: chat ctx=863..913:50 gen=800 decoding chunk=16.45 t/s avg=17.01 t/s 47.032s
0824 04:08:09 ds4-server: chat ctx=913..963:50 gen=850 decoding chunk=15.89 t/s avg=16.94 t/s 50.179s
0824 04:08:10 ds4-server: chat ctx=963..988:25 gen=875 decoding chunk=16.23 t/s avg=16.92 t/s 51.719s
0824 04:08:10 ds4-server: thinking live checkpoint remembered ctx=0..113:113 live=988 visible=1636
0824 04:08:10 ds4-server: chat ctx=0..113:113 gen=875 finish=stop 57.780s
0824 04:08:10 ds4-server: live kv cache miss live=988 prompt=350 common=48 reason=token-mismatch
0824 04:08:10 ds4-server: chat ctx=0..350:350 prompt start
0824 04:08:10 ds4-server: chat ctx=0..350:350 prefill chunk 1/350 (0.3%) chunk=0.00 t/s avg=19.73 t/s 0.051s
0824 04:08:10 ds4-server: chat ctx=0..350:350 prefill chunk 2/350 (0.6%) chunk=19.11 t/s avg=19.41 t/s 0.103s
ds4: qwen35moe experts/token avg over 128 tokens: 0:15.0 1:16.0 2:16.1 3:17.7 4:17.8 5:17.9 6:18.0 7:18.8 8:18.8 9:18.8 10:17.2 11:16.9 12:18.3 13:18.5 14:18.2 15:18.2 16:18.0 17:18.1 18:17.7 19:18.0 20:18.4 21:18.1 22:17.6 23:16.5 24:17.7 25:17.9 26:18.1 27:18.3 28:18.1 29:17.7 30:18.1 31:18.6 32:17.6 33:17.2 34:17.7 35:18.8 36:18.7 37:19.0 38:19.6 39:18.6 | mean 17.9
0824 04:08:11 ds4-server: chat ctx=0..350:350 prefill chunk 3/350 (0.9%) chunk=19.87 t/s avg=19.56 t/s 0.153s
0824 04:08:11 ds4-server: chat ctx=0..350:350 prefill chunk 4/350 (1.1%) chunk=18.90 t/s avg=19.39 t/s 0.206s
0824 04:08:11 ds4-server: chat ctx=0..350:350 prefill chunk 5/350 (1.4%) chunk=19.69 t/s avg=19.45 t/s 0.257s
0824 04:08:11 ds4-server: chat ctx=0..350:350 prefill chunk 6/350 (1.7%) chunk=19.08 t/s avg=19.39 t/s 0.309s
0824 04:08:11 ds4-server: chat ctx=0..350:350 prefill chunk 7/350 (2.0%) chunk=19.26 t/s avg=19.37 t/s 0.361s
0824 04:08:11 ds4-server: chat ctx=0..350:350 prefill chunk 8/350 (2.3%) chunk=18.95 t/s avg=19.32 t/s 0.414s
0824 04:08:11 ds4-server: chat ctx=0..350:350 prefill chunk 9/350 (2.6%) chunk=19.36 t/s avg=19.32 t/s 0.466s
0824 04:08:11 ds4-server: chat ctx=0..350:350 prefill chunk 10/350 (2.9%) chunk=19.86 t/s avg=19.37 t/s 0.516s
0824 04:08:11 ds4-server: chat ctx=0..350:350 prefill chunk 11/350 (3.1%) chunk=18.70 t/s avg=19.31 t/s 0.570s
0824 04:08:11 ds4-server: chat ctx=0..350:350 prefill chunk 12/350 (3.4%) chunk=19.16 t/s avg=19.30 t/s 0.622s
0824 04:08:11 ds4-server: chat ctx=0..350:350 prefill chunk 13/350 (3.7%) chunk=18.65 t/s avg=19.25 t/s 0.675s
0824 04:08:11 ds4-server: chat ctx=0..350:350 prefill chunk 14/350 (4.0%) chunk=18.23 t/s avg=19.17 t/s 0.730s
0824 04:08:11 ds4-server: chat ctx=0..350:350 prefill chunk 15/350 (4.3%) chunk=19.38 t/s avg=19.18 t/s 0.782s
0824 04:08:11 ds4-server: chat ctx=0..350:350 prefill chunk 16/350 (4.6%) chunk=18.66 t/s avg=19.15 t/s 0.835s
0824 04:08:11 ds4-server: chat ctx=0..350:350 prefill chunk 17/350 (4.9%) chunk=19.35 t/s avg=19.16 t/s 0.887s
0824 04:08:11 ds4-server: chat ctx=0..350:350 prefill chunk 18/350 (5.1%) chunk=18.86 t/s avg=19.14 t/s 0.940s
0824 04:08:11 ds4-server: chat ctx=0..350:350 prefill chunk 19/350 (5.4%) chunk=19.06 t/s avg=19.14 t/s 0.993s
0824 04:08:11 ds4-server: chat ctx=0..350:350 prefill chunk 20/350 (5.7%) chunk=17.85 t/s avg=19.07 t/s 1.049s
0824 04:08:11 ds4-server: chat ctx=0..350:350 prefill chunk 21/350 (6.0%) chunk=18.31 t/s avg=19.03 t/s 1.103s
0824 04:08:12 ds4-server: chat ctx=0..350:350 prefill chunk 22/350 (6.3%) chunk=19.71 t/s avg=19.06 t/s 1.154s
0824 04:08:12 ds4-server: chat ctx=0..350:350 prefill chunk 23/350 (6.6%) chunk=18.80 t/s avg=19.05 t/s 1.207s
0824 04:08:12 ds4-server: chat ctx=0..350:350 prefill chunk 24/350 (6.9%) chunk=19.65 t/s avg=19.08 t/s 1.258s
0824 04:08:12 ds4-server: chat ctx=0..350:350 prefill chunk 25/350 (7.1%) chunk=19.00 t/s avg=19.07 t/s 1.311s
0824 04:08:12 ds4-server: chat ctx=0..350:350 prefill chunk 26/350 (7.4%) chunk=18.84 t/s avg=19.06 t/s 1.364s
0824 04:08:12 ds4-server: chat ctx=0..350:350 prefill chunk 27/350 (7.7%) chunk=19.33 t/s avg=19.07 t/s 1.416s
0824 04:08:12 ds4-server: chat ctx=0..350:350 prefill chunk 28/350 (8.0%) chunk=18.65 t/s avg=19.06 t/s 1.469s
0824 04:08:12 ds4-server: chat ctx=0..350:350 prefill chunk 29/350 (8.3%) chunk=18.82 t/s avg=19.05 t/s 1.522s
0824 04:08:12 ds4-server: chat ctx=0..350:350 prefill chunk 30/350 (8.6%) chunk=18.76 t/s avg=19.04 t/s 1.576s
0824 04:08:12 ds4-server: chat ctx=0..350:350 prefill chunk 31/350 (8.9%) chunk=18.64 t/s avg=19.03 t/s 1.629s
0824 04:08:12 ds4-server: chat ctx=0..350:350 prefill chunk 32/350 (9.1%) chunk=18.57 t/s avg=19.01 t/s 1.683s
0824 04:08:12 ds4-server: chat ctx=0..350:350 prefill chunk 33/350 (9.4%) chunk=18.52 t/s avg=19.00 t/s 1.737s
0824 04:08:12 ds4-server: chat ctx=0..350:350 prefill chunk 34/350 (9.7%) chunk=18.99 t/s avg=19.00 t/s 1.790s
0824 04:08:12 ds4-server: chat ctx=0..350:350 prefill chunk 35/350 (10.0%) chunk=18.11 t/s avg=18.97 t/s 1.845s
0824 04:08:12 ds4-server: chat ctx=0..350:350 prefill chunk 36/350 (10.3%) chunk=18.39 t/s avg=18.95 t/s 1.899s
0824 04:08:12 ds4-server: chat ctx=0..350:350 prefill chunk 37/350 (10.6%) chunk=17.87 t/s avg=18.92 t/s 1.955s
0824 04:08:12 ds4-server: chat ctx=0..350:350 prefill chunk 38/350 (10.9%) chunk=17.77 t/s avg=18.89 t/s 2.012s
0824 04:08:12 ds4-server: chat ctx=0..350:350 prefill chunk 39/350 (11.1%) chunk=18.41 t/s avg=18.88 t/s 2.066s
0824 04:08:12 ds4-server: chat ctx=0..350:350 prefill chunk 40/350 (11.4%) chunk=19.05 t/s avg=18.88 t/s 2.118s
0824 04:08:13 ds4-server: chat ctx=0..350:350 prefill chunk 41/350 (11.7%) chunk=18.40 t/s avg=18.87 t/s 2.173s
0824 04:08:13 ds4-server: chat ctx=0..350:350 prefill chunk 42/350 (12.0%) chunk=18.87 t/s avg=18.87 t/s 2.226s
0824 04:08:13 ds4-server: chat ctx=0..350:350 prefill chunk 43/350 (12.3%) chunk=18.98 t/s avg=18.87 t/s 2.278s
0824 04:08:13 ds4-server: chat ctx=0..350:350 prefill chunk 44/350 (12.6%) chunk=18.48 t/s avg=18.86 t/s 2.333s
0824 04:08:13 ds4-server: chat ctx=0..350:350 prefill chunk 45/350 (12.9%) chunk=18.86 t/s avg=18.86 t/s 2.386s
0824 04:08:13 ds4-server: chat ctx=0..350:350 prefill chunk 46/350 (13.1%) chunk=17.91 t/s avg=18.84 t/s 2.441s
0824 04:08:13 ds4-server: chat ctx=0..350:350 prefill chunk 47/350 (13.4%) chunk=17.97 t/s avg=18.82 t/s 2.497s
0824 04:08:13 ds4-server: chat ctx=0..350:350 prefill chunk 48/350 (13.7%) chunk=18.74 t/s avg=18.82 t/s 2.550s
0824 04:08:13 ds4-server: chat ctx=0..350:350 prefill chunk 49/350 (14.0%) chunk=18.13 t/s avg=18.81 t/s 2.606s
0824 04:08:13 ds4-server: chat ctx=0..350:350 prefill chunk 50/350 (14.3%) chunk=18.65 t/s avg=18.80 t/s 2.659s
0824 04:08:13 ds4-server: chat ctx=0..350:350 prefill chunk 51/350 (14.6%) chunk=18.07 t/s avg=18.79 t/s 2.715s
0824 04:08:13 ds4-server: chat ctx=0..350:350 prefill chunk 52/350 (14.9%) chunk=17.94 t/s avg=18.77 t/s 2.770s
0824 04:08:13 ds4-server: chat ctx=0..350:350 prefill chunk 53/350 (15.1%) chunk=18.51 t/s avg=18.77 t/s 2.824s
0824 04:08:13 ds4-server: chat ctx=0..350:350 prefill chunk 54/350 (15.4%) chunk=18.85 t/s avg=18.77 t/s 2.877s
0824 04:08:13 ds4-server: chat ctx=0..350:350 prefill chunk 55/350 (15.7%) chunk=18.81 t/s avg=18.77 t/s 2.931s
0824 04:08:13 ds4-server: chat ctx=0..350:350 prefill chunk 56/350 (16.0%) chunk=19.19 t/s avg=18.78 t/s 2.983s
0824 04:08:13 ds4-server: chat ctx=0..350:350 prefill chunk 57/350 (16.3%) chunk=18.73 t/s avg=18.77 t/s 3.036s
0824 04:08:13 ds4-server: chat ctx=0..350:350 prefill chunk 58/350 (16.6%) chunk=18.52 t/s avg=18.77 t/s 3.090s
0824 04:08:13 ds4-server: chat ctx=0..350:350 prefill chunk 59/350 (16.9%) chunk=18.70 t/s avg=18.77 t/s 3.144s
0824 04:08:14 ds4-server: chat ctx=0..350:350 prefill chunk 60/350 (17.1%) chunk=19.48 t/s avg=18.78 t/s 3.195s
0824 04:08:14 ds4-server: chat ctx=0..350:350 prefill chunk 61/350 (17.4%) chunk=19.72 t/s avg=18.80 t/s 3.246s
0824 04:08:14 ds4-server: chat ctx=0..350:350 prefill chunk 62/350 (17.7%) chunk=19.52 t/s avg=18.81 t/s 3.297s
0824 04:08:14 ds4-server: chat ctx=0..350:350 prefill chunk 63/350 (18.0%) chunk=19.75 t/s avg=18.82 t/s 3.347s
0824 04:08:14 ds4-server: chat ctx=0..350:350 prefill chunk 64/350 (18.3%) chunk=19.36 t/s avg=18.83 t/s 3.399s
0824 04:08:14 ds4-server: chat ctx=0..350:350 prefill chunk 65/350 (18.6%) chunk=19.99 t/s avg=18.85 t/s 3.449s
0824 04:08:14 ds4-server: chat ctx=0..350:350 prefill chunk 66/350 (18.9%) chunk=18.40 t/s avg=18.84 t/s 3.503s
0824 04:08:14 ds4-server: chat ctx=0..350:350 prefill chunk 67/350 (19.1%) chunk=18.97 t/s avg=18.84 t/s 3.556s
0824 04:08:14 ds4-server: chat ctx=0..350:350 prefill chunk 68/350 (19.4%) chunk=18.83 t/s avg=18.84 t/s 3.609s
0824 04:08:14 ds4-server: chat ctx=0..350:350 prefill chunk 69/350 (19.7%) chunk=18.39 t/s avg=18.83 t/s 3.664s
0824 04:08:14 ds4-server: chat ctx=0..350:350 prefill chunk 70/350 (20.0%) chunk=18.45 t/s avg=18.83 t/s 3.718s
0824 04:08:14 ds4-server: chat ctx=0..350:350 prefill chunk 71/350 (20.3%) chunk=18.16 t/s avg=18.82 t/s 3.773s
0824 04:08:14 ds4-server: chat ctx=0..350:350 prefill chunk 72/350 (20.6%) chunk=19.10 t/s avg=18.82 t/s 3.825s
0824 04:08:14 ds4-server: chat ctx=0..350:350 prefill chunk 73/350 (20.9%) chunk=18.53 t/s avg=18.82 t/s 3.879s
0824 04:08:14 ds4-server: chat ctx=0..350:350 prefill chunk 74/350 (21.1%) chunk=18.48 t/s avg=18.81 t/s 3.933s
0824 04:08:14 ds4-server: chat ctx=0..350:350 prefill chunk 75/350 (21.4%) chunk=18.87 t/s avg=18.81 t/s 3.986s
0824 04:08:14 ds4-server: chat ctx=0..350:350 prefill chunk 76/350 (21.7%) chunk=18.62 t/s avg=18.81 t/s 4.040s
0824 04:08:14 ds4-server: chat ctx=0..350:350 prefill chunk 77/350 (22.0%) chunk=19.30 t/s avg=18.82 t/s 4.092s
0824 04:08:14 ds4-server: chat ctx=0..350:350 prefill chunk 78/350 (22.3%) chunk=18.37 t/s avg=18.81 t/s 4.146s
0824 04:08:15 ds4-server: chat ctx=0..350:350 prefill chunk 79/350 (22.6%) chunk=18.73 t/s avg=18.81 t/s 4.200s
0824 04:08:15 ds4-server: chat ctx=0..350:350 prefill chunk 80/350 (22.9%) chunk=19.25 t/s avg=18.82 t/s 4.252s
0824 04:08:15 ds4-server: chat ctx=0..350:350 prefill chunk 81/350 (23.1%) chunk=18.89 t/s avg=18.82 t/s 4.305s
0824 04:08:15 ds4-server: chat ctx=0..350:350 prefill chunk 82/350 (23.4%) chunk=19.34 t/s avg=18.82 t/s 4.356s
0824 04:08:15 ds4-server: chat ctx=0..350:350 prefill chunk 83/350 (23.7%) chunk=18.82 t/s avg=18.82 t/s 4.409s
0824 04:08:15 ds4-server: chat ctx=0..350:350 prefill chunk 84/350 (24.0%) chunk=18.36 t/s avg=18.82 t/s 4.464s
0824 04:08:15 ds4-server: chat ctx=0..350:350 prefill chunk 85/350 (24.3%) chunk=19.30 t/s avg=18.82 t/s 4.516s
0824 04:08:15 ds4-server: chat ctx=0..350:350 prefill chunk 86/350 (24.6%) chunk=18.03 t/s avg=18.81 t/s 4.571s
0824 04:08:15 ds4-server: chat ctx=0..350:350 prefill chunk 87/350 (24.9%) chunk=19.32 t/s avg=18.82 t/s 4.623s
0824 04:08:15 ds4-server: chat ctx=0..350:350 prefill chunk 88/350 (25.1%) chunk=18.43 t/s avg=18.81 t/s 4.677s
0824 04:08:15 ds4-server: chat ctx=0..350:350 prefill chunk 89/350 (25.4%) chunk=19.65 t/s avg=18.82 t/s 4.728s
0824 04:08:15 ds4-server: chat ctx=0..350:350 prefill chunk 90/350 (25.7%) chunk=18.79 t/s avg=18.82 t/s 4.781s
0824 04:08:15 ds4-server: chat ctx=0..350:350 prefill chunk 91/350 (26.0%) chunk=18.10 t/s avg=18.82 t/s 4.836s
0824 04:08:15 ds4-server: chat ctx=0..350:350 prefill chunk 92/350 (26.3%) chunk=19.08 t/s avg=18.82 t/s 4.889s
0824 04:08:15 ds4-server: chat ctx=0..350:350 prefill chunk 93/350 (26.6%) chunk=18.24 t/s avg=18.81 t/s 4.944s
0824 04:08:15 ds4-server: chat ctx=0..350:350 prefill chunk 94/350 (26.9%) chunk=18.14 t/s avg=18.80 t/s 4.999s
0824 04:08:15 ds4-server: chat ctx=0..350:350 prefill chunk 95/350 (27.1%) chunk=19.58 t/s avg=18.81 t/s 5.050s
0824 04:08:15 ds4-server: chat ctx=0..350:350 prefill chunk 96/350 (27.4%) chunk=18.33 t/s avg=18.81 t/s 5.104s
0824 04:08:16 ds4-server: chat ctx=0..350:350 prefill chunk 97/350 (27.7%) chunk=18.89 t/s avg=18.81 t/s 5.157s
0824 04:08:16 ds4-server: chat ctx=0..350:350 prefill chunk 98/350 (28.0%) chunk=18.43 t/s avg=18.80 t/s 5.212s
0824 04:08:16 ds4-server: chat ctx=0..350:350 prefill chunk 99/350 (28.3%) chunk=18.46 t/s avg=18.80 t/s 5.266s
0824 04:08:16 ds4-server: chat ctx=0..350:350 prefill chunk 100/350 (28.6%) chunk=18.97 t/s avg=18.80 t/s 5.319s
0824 04:08:16 ds4-server: chat ctx=0..350:350 prefill chunk 101/350 (28.9%) chunk=18.24 t/s avg=18.80 t/s 5.373s
0824 04:08:16 ds4-server: chat ctx=0..350:350 prefill chunk 102/350 (29.1%) chunk=19.57 t/s avg=18.80 t/s 5.424s
0824 04:08:16 ds4-server: chat ctx=0..350:350 prefill chunk 103/350 (29.4%) chunk=18.45 t/s avg=18.80 t/s 5.479s
0824 04:08:16 ds4-server: chat ctx=0..350:350 prefill chunk 104/350 (29.7%) chunk=18.48 t/s avg=18.80 t/s 5.533s
0824 04:08:16 ds4-server: chat ctx=0..350:350 prefill chunk 105/350 (30.0%) chunk=19.28 t/s avg=18.80 t/s 5.585s
0824 04:08:16 ds4-server: chat ctx=0..350:350 prefill chunk 106/350 (30.3%) chunk=18.56 t/s avg=18.80 t/s 5.639s
0824 04:08:16 ds4-server: chat ctx=0..350:350 prefill chunk 107/350 (30.6%) chunk=19.15 t/s avg=18.80 t/s 5.691s
0824 04:08:16 ds4-server: chat ctx=0..350:350 prefill chunk 108/350 (30.9%) chunk=18.80 t/s avg=18.80 t/s 5.744s
0824 04:08:16 ds4-server: chat ctx=0..350:350 prefill chunk 109/350 (31.1%) chunk=18.40 t/s avg=18.80 t/s 5.798s
0824 04:08:16 ds4-server: chat ctx=0..350:350 prefill chunk 110/350 (31.4%) chunk=18.88 t/s avg=18.80 t/s 5.851s
0824 04:08:16 ds4-server: chat ctx=0..350:350 prefill chunk 111/350 (31.7%) chunk=18.12 t/s avg=18.79 t/s 5.907s
0824 04:08:16 ds4-server: chat ctx=0..350:350 prefill chunk 112/350 (32.0%) chunk=19.36 t/s avg=18.80 t/s 5.958s
0824 04:08:16 ds4-server: chat ctx=0..350:350 prefill chunk 113/350 (32.3%) chunk=18.61 t/s avg=18.80 t/s 6.012s
0824 04:08:16 ds4-server: chat ctx=0..350:350 prefill chunk 114/350 (32.6%) chunk=18.44 t/s avg=18.79 t/s 6.066s
0824 04:08:16 ds4-server: chat ctx=0..350:350 prefill chunk 115/350 (32.9%) chunk=18.60 t/s avg=18.79 t/s 6.120s
0824 04:08:17 ds4-server: chat ctx=0..350:350 prefill chunk 116/350 (33.1%) chunk=18.01 t/s avg=18.78 t/s 6.175s
0824 04:08:17 ds4-server: chat ctx=0..350:350 prefill chunk 117/350 (33.4%) chunk=18.31 t/s avg=18.78 t/s 6.230s
0824 04:08:17 ds4-server: chat ctx=0..350:350 prefill chunk 118/350 (33.7%) chunk=18.62 t/s avg=18.78 t/s 6.284s
0824 04:08:17 ds4-server: chat ctx=0..350:350 prefill chunk 119/350 (34.0%) chunk=18.07 t/s avg=18.77 t/s 6.339s
0824 04:08:17 ds4-server: chat ctx=0..350:350 prefill chunk 120/350 (34.3%) chunk=18.80 t/s avg=18.77 t/s 6.392s
0824 04:08:17 ds4-server: chat ctx=0..350:350 prefill chunk 121/350 (34.6%) chunk=17.98 t/s avg=18.77 t/s 6.448s
0824 04:08:17 ds4-server: chat ctx=0..350:350 prefill chunk 122/350 (34.9%) chunk=17.97 t/s avg=18.76 t/s 6.504s
0824 04:08:17 ds4-server: chat ctx=0..350:350 prefill chunk 123/350 (35.1%) chunk=19.23 t/s avg=18.76 t/s 6.556s
0824 04:08:17 ds4-server: chat ctx=0..350:350 prefill chunk 124/350 (35.4%) chunk=18.35 t/s avg=18.76 t/s 6.610s
0824 04:08:17 ds4-server: chat ctx=0..350:350 prefill chunk 125/350 (35.7%) chunk=18.27 t/s avg=18.76 t/s 6.665s
0824 04:08:17 ds4-server: chat ctx=0..350:350 prefill chunk 126/350 (36.0%) chunk=18.84 t/s avg=18.76 t/s 6.718s
0824 04:08:17 ds4-server: chat ctx=0..350:350 prefill chunk 127/350 (36.3%) chunk=18.44 t/s avg=18.75 t/s 6.772s
0824 04:08:17 ds4-server: chat ctx=0..350:350 prefill chunk 128/350 (36.6%) chunk=19.25 t/s avg=18.76 t/s 6.824s
0824 04:08:17 ds4-server: chat ctx=0..350:350 prefill chunk 129/350 (36.9%) chunk=18.81 t/s avg=18.76 t/s 6.877s
0824 04:08:17 ds4-server: chat ctx=0..350:350 prefill chunk 130/350 (37.1%) chunk=18.42 t/s avg=18.76 t/s 6.931s
ds4: qwen35moe experts/token avg over 128 tokens: 0:14.2 1:14.3 2:14.4 3:15.4 4:14.7 5:13.9 6:14.4 7:15.3 8:15.9 9:14.6 10:13.4 11:13.6 12:14.4 13:14.4 14:14.7 15:14.6 16:14.5 17:14.0 18:14.4 19:14.1 20:15.9 21:14.3 22:13.8 23:14.3 24:15.0 25:14.4 26:15.0 27:14.6 28:14.9 29:15.7 30:15.2 31:15.8 32:15.8 33:15.7 34:16.0 35:18.2 36:18.4 37:19.0 38:19.2 39:18.5 | mean 15.2
0824 04:08:17 ds4-server: chat ctx=0..350:350 prefill chunk 131/350 (37.4%) chunk=19.21 t/s avg=18.76 t/s 6.984s
0824 04:08:17 ds4-server: chat ctx=0..350:350 prefill chunk 132/350 (37.7%) chunk=18.44 t/s avg=18.76 t/s 7.038s
0824 04:08:17 ds4-server: chat ctx=0..350:350 prefill chunk 133/350 (38.0%) chunk=18.79 t/s avg=18.76 t/s 7.091s
0824 04:08:17 ds4-server: chat ctx=0..350:350 prefill chunk 134/350 (38.3%) chunk=18.37 t/s avg=18.75 t/s 7.145s
0824 04:08:18 ds4-server: chat ctx=0..350:350 prefill chunk 135/350 (38.6%) chunk=17.87 t/s avg=18.75 t/s 7.201s
0824 04:08:18 ds4-server: chat ctx=0..350:350 prefill chunk 136/350 (38.9%) chunk=18.83 t/s avg=18.75 t/s 7.254s
0824 04:08:18 ds4-server: chat ctx=0..350:350 prefill chunk 137/350 (39.1%) chunk=18.10 t/s avg=18.74 t/s 7.310s
0824 04:08:18 ds4-server: chat ctx=0..350:350 prefill chunk 138/350 (39.4%) chunk=17.78 t/s avg=18.73 t/s 7.366s
0824 04:08:18 ds4-server: chat ctx=0..350:350 prefill chunk 139/350 (39.7%) chunk=19.04 t/s avg=18.74 t/s 7.418s
0824 04:08:18 ds4-server: chat ctx=0..350:350 prefill chunk 140/350 (40.0%) chunk=18.17 t/s avg=18.73 t/s 7.473s
0824 04:08:18 ds4-server: chat ctx=0..350:350 prefill chunk 141/350 (40.3%) chunk=19.08 t/s avg=18.74 t/s 7.526s
0824 04:08:18 ds4-server: chat ctx=0..350:350 prefill chunk 142/350 (40.6%) chunk=18.51 t/s avg=18.73 t/s 7.580s
0824 04:08:18 ds4-server: chat ctx=0..350:350 prefill chunk 143/350 (40.9%) chunk=18.18 t/s avg=18.73 t/s 7.635s
0824 04:08:18 ds4-server: chat ctx=0..350:350 prefill chunk 144/350 (41.1%) chunk=19.02 t/s avg=18.73 t/s 7.687s
0824 04:08:18 ds4-server: chat ctx=0..350:350 prefill chunk 145/350 (41.4%) chunk=18.39 t/s avg=18.73 t/s 7.742s
0824 04:08:18 ds4-server: chat ctx=0..350:350 prefill chunk 146/350 (41.7%) chunk=18.10 t/s avg=18.72 t/s 7.797s
0824 04:08:18 ds4-server: chat ctx=0..350:350 prefill chunk 147/350 (42.0%) chunk=18.97 t/s avg=18.73 t/s 7.850s
0824 04:08:18 ds4-server: chat ctx=0..350:350 prefill chunk 148/350 (42.3%) chunk=17.88 t/s avg=18.72 t/s 7.906s
0824 04:08:18 ds4-server: chat ctx=0..350:350 prefill chunk 149/350 (42.6%) chunk=18.55 t/s avg=18.72 t/s 7.960s
0824 04:08:18 ds4-server: chat ctx=0..350:350 prefill chunk 150/350 (42.9%) chunk=18.44 t/s avg=18.72 t/s 8.014s
0824 04:08:18 ds4-server: chat ctx=0..350:350 prefill chunk 151/350 (43.1%) chunk=18.07 t/s avg=18.71 t/s 8.069s
0824 04:08:18 ds4-server: chat ctx=0..350:350 prefill chunk 152/350 (43.4%) chunk=18.91 t/s avg=18.71 t/s 8.122s
0824 04:08:19 ds4-server: chat ctx=0..350:350 prefill chunk 153/350 (43.7%) chunk=18.07 t/s avg=18.71 t/s 8.177s
0824 04:08:19 ds4-server: chat ctx=0..350:350 prefill chunk 154/350 (44.0%) chunk=18.61 t/s avg=18.71 t/s 8.231s
0824 04:08:19 ds4-server: chat ctx=0..350:350 prefill chunk 155/350 (44.3%) chunk=19.37 t/s avg=18.71 t/s 8.283s
0824 04:08:19 ds4-server: chat ctx=0..350:350 prefill chunk 156/350 (44.6%) chunk=18.29 t/s avg=18.71 t/s 8.338s
0824 04:08:19 ds4-server: chat ctx=0..350:350 prefill chunk 157/350 (44.9%) chunk=19.32 t/s avg=18.71 t/s 8.389s
0824 04:08:19 ds4-server: chat ctx=0..350:350 prefill chunk 158/350 (45.1%) chunk=18.40 t/s avg=18.71 t/s 8.444s
0824 04:08:19 ds4-server: chat ctx=0..350:350 prefill chunk 159/350 (45.4%) chunk=18.39 t/s avg=18.71 t/s 8.498s
0824 04:08:19 ds4-server: chat ctx=0..350:350 prefill chunk 160/350 (45.7%) chunk=19.34 t/s avg=18.71 t/s 8.550s
0824 04:08:19 ds4-server: chat ctx=0..350:350 prefill chunk 161/350 (46.0%) chunk=18.17 t/s avg=18.71 t/s 8.605s
0824 04:08:19 ds4-server: chat ctx=0..350:350 prefill chunk 162/350 (46.3%) chunk=18.92 t/s avg=18.71 t/s 8.658s
0824 04:08:19 ds4-server: chat ctx=0..350:350 prefill chunk 163/350 (46.6%) chunk=18.11 t/s avg=18.71 t/s 8.713s
0824 04:08:19 ds4-server: chat ctx=0..350:350 prefill chunk 164/350 (46.9%) chunk=18.88 t/s avg=18.71 t/s 8.766s
0824 04:08:19 ds4-server: chat ctx=0..350:350 prefill chunk 165/350 (47.1%) chunk=19.24 t/s avg=18.71 t/s 8.818s
0824 04:08:19 ds4-server: chat ctx=0..350:350 prefill chunk 166/350 (47.4%) chunk=18.00 t/s avg=18.71 t/s 8.873s
0824 04:08:19 ds4-server: chat ctx=0..350:350 prefill chunk 167/350 (47.7%) chunk=19.43 t/s avg=18.71 t/s 8.925s
0824 04:08:19 ds4-server: chat ctx=0..350:350 prefill chunk 168/350 (48.0%) chunk=18.21 t/s avg=18.71 t/s 8.980s
0824 04:08:19 ds4-server: chat ctx=0..350:350 prefill chunk 169/350 (48.3%) chunk=18.15 t/s avg=18.71 t/s 9.035s
0824 04:08:19 ds4-server: chat ctx=0..350:350 prefill chunk 170/350 (48.6%) chunk=19.38 t/s avg=18.71 t/s 9.086s
0824 04:08:19 ds4-server: chat ctx=0..350:350 prefill chunk 171/350 (48.9%) chunk=17.91 t/s avg=18.70 t/s 9.142s
0824 04:08:20 ds4-server: chat ctx=0..350:350 prefill chunk 172/350 (49.1%) chunk=17.98 t/s avg=18.70 t/s 9.198s
0824 04:08:20 ds4-server: chat ctx=0..350:350 prefill chunk 173/350 (49.4%) chunk=18.48 t/s avg=18.70 t/s 9.252s
0824 04:08:20 ds4-server: chat ctx=0..350:350 prefill chunk 174/350 (49.7%) chunk=17.69 t/s avg=18.69 t/s 9.308s
0824 04:08:20 ds4-server: chat ctx=0..350:350 prefill chunk 175/350 (50.0%) chunk=18.64 t/s avg=18.69 t/s 9.362s
0824 04:08:20 ds4-server: chat ctx=0..350:350 prefill chunk 176/350 (50.3%) chunk=18.40 t/s avg=18.69 t/s 9.416s
0824 04:08:20 ds4-server: chat ctx=0..350:350 prefill chunk 177/350 (50.6%) chunk=18.12 t/s avg=18.69 t/s 9.472s
0824 04:08:20 ds4-server: chat ctx=0..350:350 prefill chunk 178/350 (50.9%) chunk=18.96 t/s avg=18.69 t/s 9.524s
0824 04:08:20 ds4-server: chat ctx=0..350:350 prefill chunk 179/350 (51.1%) chunk=17.96 t/s avg=18.68 t/s 9.580s
0824 04:08:20 ds4-server: chat ctx=0..350:350 prefill chunk 180/350 (51.4%) chunk=18.01 t/s avg=18.68 t/s 9.636s
0824 04:08:20 ds4-server: chat ctx=0..350:350 prefill chunk 181/350 (51.7%) chunk=18.23 t/s avg=18.68 t/s 9.690s
0824 04:08:20 ds4-server: chat ctx=0..350:350 prefill chunk 182/350 (52.0%) chunk=17.79 t/s avg=18.67 t/s 9.747s
0824 04:08:20 ds4-server: chat ctx=0..350:350 prefill chunk 183/350 (52.3%) chunk=18.05 t/s avg=18.67 t/s 9.802s
0824 04:08:20 ds4-server: chat ctx=0..350:350 prefill chunk 184/350 (52.6%) chunk=18.32 t/s avg=18.67 t/s 9.857s
0824 04:08:20 ds4-server: chat ctx=0..350:350 prefill chunk 185/350 (52.9%) chunk=18.07 t/s avg=18.66 t/s 9.912s
0824 04:08:20 ds4-server: chat ctx=0..350:350 prefill chunk 186/350 (53.1%) chunk=18.04 t/s avg=18.66 t/s 9.967s
0824 04:08:20 ds4-server: chat ctx=0..350:350 prefill chunk 187/350 (53.4%) chunk=19.11 t/s avg=18.66 t/s 10.020s
0824 04:08:20 ds4-server: chat ctx=0..350:350 prefill chunk 188/350 (53.7%) chunk=17.65 t/s avg=18.66 t/s 10.076s
0824 04:08:20 ds4-server: chat ctx=0..350:350 prefill chunk 189/350 (54.0%) chunk=17.33 t/s avg=18.65 t/s 10.134s
0824 04:08:21 ds4-server: chat ctx=0..350:350 prefill chunk 190/350 (54.3%) chunk=17.94 t/s avg=18.65 t/s 10.190s
0824 04:08:21 ds4-server: chat ctx=0..350:350 prefill chunk 191/350 (54.6%) chunk=17.69 t/s avg=18.64 t/s 10.246s
0824 04:08:21 ds4-server: chat ctx=0..350:350 prefill chunk 192/350 (54.9%) chunk=17.83 t/s avg=18.64 t/s 10.302s
0824 04:08:21 ds4-server: chat ctx=0..350:350 prefill chunk 193/350 (55.1%) chunk=18.85 t/s avg=18.64 t/s 10.355s
0824 04:08:21 ds4-server: chat ctx=0..350:350 prefill chunk 194/350 (55.4%) chunk=17.52 t/s avg=18.63 t/s 10.413s
0824 04:08:21 ds4-server: chat ctx=0..350:350 prefill chunk 195/350 (55.7%) chunk=17.97 t/s avg=18.63 t/s 10.468s
0824 04:08:21 ds4-server: chat ctx=0..350:350 prefill chunk 196/350 (56.0%) chunk=18.25 t/s avg=18.63 t/s 10.523s
0824 04:08:21 ds4-server: chat ctx=0..350:350 prefill chunk 197/350 (56.3%) chunk=18.05 t/s avg=18.62 t/s 10.578s
0824 04:08:21 ds4-server: chat ctx=0..350:350 prefill chunk 198/350 (56.6%) chunk=18.10 t/s avg=18.62 t/s 10.634s
0824 04:08:21 ds4-server: chat ctx=0..350:350 prefill chunk 199/350 (56.9%) chunk=17.86 t/s avg=18.62 t/s 10.690s
0824 04:08:21 ds4-server: chat ctx=0..350:350 prefill chunk 200/350 (57.1%) chunk=17.54 t/s avg=18.61 t/s 10.747s
0824 04:08:21 ds4-server: chat ctx=0..350:350 prefill chunk 201/350 (57.4%) chunk=18.26 t/s avg=18.61 t/s 10.801s
0824 04:08:21 ds4-server: chat ctx=0..350:350 prefill chunk 202/350 (57.7%) chunk=18.43 t/s avg=18.61 t/s 10.856s
0824 04:08:21 ds4-server: chat ctx=0..350:350 prefill chunk 203/350 (58.0%) chunk=18.32 t/s avg=18.61 t/s 10.910s
0824 04:08:21 ds4-server: chat ctx=0..350:350 prefill chunk 204/350 (58.3%) chunk=17.84 t/s avg=18.60 t/s 10.966s
0824 04:08:21 ds4-server: chat ctx=0..350:350 prefill chunk 205/350 (58.6%) chunk=19.69 t/s avg=18.61 t/s 11.017s
0824 04:08:21 ds4-server: chat ctx=0..350:350 prefill chunk 206/350 (58.9%) chunk=17.95 t/s avg=18.60 t/s 11.073s
0824 04:08:21 ds4-server: chat ctx=0..350:350 prefill chunk 207/350 (59.1%) chunk=17.82 t/s avg=18.60 t/s 11.129s
0824 04:08:22 ds4-server: chat ctx=0..350:350 prefill chunk 208/350 (59.4%) chunk=17.71 t/s avg=18.60 t/s 11.185s
0824 04:08:22 ds4-server: chat ctx=0..350:350 prefill chunk 209/350 (59.7%) chunk=17.50 t/s avg=18.59 t/s 11.243s
0824 04:08:22 ds4-server: chat ctx=0..350:350 prefill chunk 210/350 (60.0%) chunk=18.72 t/s avg=18.59 t/s 11.296s
0824 04:08:22 ds4-server: chat ctx=0..350:350 prefill chunk 211/350 (60.3%) chunk=18.24 t/s avg=18.59 t/s 11.351s
0824 04:08:22 ds4-server: chat ctx=0..350:350 prefill chunk 212/350 (60.6%) chunk=18.26 t/s avg=18.59 t/s 11.406s
0824 04:08:22 ds4-server: chat ctx=0..350:350 prefill chunk 213/350 (60.9%) chunk=18.66 t/s avg=18.59 t/s 11.459s
0824 04:08:22 ds4-server: chat ctx=0..350:350 prefill chunk 214/350 (61.1%) chunk=18.11 t/s avg=18.59 t/s 11.514s
0824 04:08:22 ds4-server: chat ctx=0..350:350 prefill chunk 215/350 (61.4%) chunk=17.43 t/s avg=18.58 t/s 11.572s
0824 04:08:22 ds4-server: chat ctx=0..350:350 prefill chunk 216/350 (61.7%) chunk=18.22 t/s avg=18.58 t/s 11.627s
0824 04:08:22 ds4-server: chat ctx=0..350:350 prefill chunk 217/350 (62.0%) chunk=18.08 t/s avg=18.58 t/s 11.682s
0824 04:08:22 ds4-server: chat ctx=0..350:350 prefill chunk 218/350 (62.3%) chunk=17.97 t/s avg=18.57 t/s 11.738s
0824 04:08:22 ds4-server: chat ctx=0..350:350 prefill chunk 219/350 (62.6%) chunk=18.24 t/s avg=18.57 t/s 11.792s
0824 04:08:22 ds4-server: chat ctx=0..350:350 prefill chunk 220/350 (62.9%) chunk=17.87 t/s avg=18.57 t/s 11.848s
0824 04:08:22 ds4-server: chat ctx=0..350:350 prefill chunk 221/350 (63.1%) chunk=17.27 t/s avg=18.56 t/s 11.906s
0824 04:08:22 ds4-server: chat ctx=0..350:350 prefill chunk 222/350 (63.4%) chunk=18.80 t/s avg=18.56 t/s 11.960s
0824 04:08:22 ds4-server: chat ctx=0..350:350 prefill chunk 223/350 (63.7%) chunk=18.07 t/s avg=18.56 t/s 12.015s
0824 04:08:22 ds4-server: chat ctx=0..350:350 prefill chunk 224/350 (64.0%) chunk=17.55 t/s avg=18.56 t/s 12.072s
0824 04:08:22 ds4-server: chat ctx=0..350:350 prefill chunk 225/350 (64.3%) chunk=18.79 t/s avg=18.56 t/s 12.125s
0824 04:08:23 ds4-server: chat ctx=0..350:350 prefill chunk 226/350 (64.6%) chunk=18.52 t/s avg=18.56 t/s 12.179s
0824 04:08:23 ds4-server: chat ctx=0..350:350 prefill chunk 227/350 (64.9%) chunk=17.19 t/s avg=18.55 t/s 12.237s
0824 04:08:23 ds4-server: chat ctx=0..350:350 prefill chunk 228/350 (65.1%) chunk=17.59 t/s avg=18.55 t/s 12.294s
0824 04:08:23 ds4-server: chat ctx=0..350:350 prefill chunk 229/350 (65.4%) chunk=17.75 t/s avg=18.54 t/s 12.350s
0824 04:08:23 ds4-server: chat ctx=0..350:350 prefill chunk 230/350 (65.7%) chunk=17.70 t/s avg=18.54 t/s 12.407s
0824 04:08:23 ds4-server: chat ctx=0..350:350 prefill chunk 231/350 (66.0%) chunk=18.48 t/s avg=18.54 t/s 12.461s
0824 04:08:23 ds4-server: chat ctx=0..350:350 prefill chunk 232/350 (66.3%) chunk=17.38 t/s avg=18.53 t/s 12.519s
0824 04:08:23 ds4-server: chat ctx=0..350:350 prefill chunk 233/350 (66.6%) chunk=18.10 t/s avg=18.53 t/s 12.574s
0824 04:08:23 ds4-server: chat ctx=0..350:350 prefill chunk 234/350 (66.9%) chunk=18.12 t/s avg=18.53 t/s 12.629s
0824 04:08:23 ds4-server: chat ctx=0..350:350 prefill chunk 235/350 (67.1%) chunk=18.38 t/s avg=18.53 t/s 12.683s
0824 04:08:23 ds4-server: chat ctx=0..350:350 prefill chunk 236/350 (67.4%) chunk=17.45 t/s avg=18.52 t/s 12.741s
0824 04:08:23 ds4-server: chat ctx=0..350:350 prefill chunk 237/350 (67.7%) chunk=17.92 t/s avg=18.52 t/s 12.797s
0824 04:08:23 ds4-server: chat ctx=0..350:350 prefill chunk 238/350 (68.0%) chunk=18.45 t/s avg=18.52 t/s 12.851s
0824 04:08:23 ds4-server: chat ctx=0..350:350 prefill chunk 239/350 (68.3%) chunk=18.12 t/s avg=18.52 t/s 12.906s
0824 04:08:23 ds4-server: chat ctx=0..350:350 prefill chunk 240/350 (68.6%) chunk=17.07 t/s avg=18.51 t/s 12.964s
0824 04:08:23 ds4-server: chat ctx=0..350:350 prefill chunk 241/350 (68.9%) chunk=17.63 t/s avg=18.51 t/s 13.021s
0824 04:08:23 ds4-server: chat ctx=0..350:350 prefill chunk 242/350 (69.1%) chunk=18.07 t/s avg=18.51 t/s 13.077s
0824 04:08:23 ds4-server: chat ctx=0..350:350 prefill chunk 243/350 (69.4%) chunk=16.90 t/s avg=18.50 t/s 13.136s
0824 04:08:24 ds4-server: chat ctx=0..350:350 prefill chunk 244/350 (69.7%) chunk=18.06 t/s avg=18.50 t/s 13.191s
0824 04:08:24 ds4-server: chat ctx=0..350:350 prefill chunk 245/350 (70.0%) chunk=17.02 t/s avg=18.49 t/s 13.250s
0824 04:08:24 ds4-server: chat ctx=0..350:350 prefill chunk 246/350 (70.3%) chunk=17.26 t/s avg=18.49 t/s 13.308s
0824 04:08:24 ds4-server: chat ctx=0..350:350 prefill chunk 247/350 (70.6%) chunk=17.74 t/s avg=18.48 t/s 13.364s
0824 04:08:24 ds4-server: chat ctx=0..350:350 prefill chunk 248/350 (70.9%) chunk=18.74 t/s avg=18.48 t/s 13.418s
0824 04:08:24 ds4-server: chat ctx=0..350:350 prefill chunk 249/350 (71.1%) chunk=17.91 t/s avg=18.48 t/s 13.473s
0824 04:08:24 ds4-server: chat ctx=0..350:350 prefill chunk 250/350 (71.4%) chunk=18.22 t/s avg=18.48 t/s 13.528s
0824 04:08:24 ds4-server: chat ctx=0..350:350 prefill chunk 251/350 (71.7%) chunk=17.91 t/s avg=18.48 t/s 13.584s
0824 04:08:24 ds4-server: chat ctx=0..350:350 prefill chunk 252/350 (72.0%) chunk=17.80 t/s avg=18.47 t/s 13.640s
0824 04:08:24 ds4-server: chat ctx=0..350:350 prefill chunk 253/350 (72.3%) chunk=17.19 t/s avg=18.47 t/s 13.698s
0824 04:08:24 ds4-server: chat ctx=0..350:350 prefill chunk 254/350 (72.6%) chunk=18.33 t/s avg=18.47 t/s 13.753s
0824 04:08:24 ds4-server: chat ctx=0..350:350 prefill chunk 255/350 (72.9%) chunk=17.97 t/s avg=18.47 t/s 13.809s
0824 04:08:24 ds4-server: chat ctx=0..350:350 prefill chunk 256/350 (73.1%) chunk=18.03 t/s avg=18.46 t/s 13.864s
0824 04:08:24 ds4-server: chat ctx=0..350:350 prefill chunk 257/350 (73.4%) chunk=17.16 t/s avg=18.46 t/s 13.922s
0824 04:08:24 ds4-server: chat ctx=0..350:350 prefill chunk 258/350 (73.7%) chunk=16.87 t/s avg=18.45 t/s 13.982s
ds4: qwen35moe experts/token avg over 128 tokens: 0:14.8 1:14.9 2:15.6 3:17.2 4:14.6 5:15.1 6:14.9 7:15.9 8:16.7 9:15.2 10:14.5 11:15.1 12:15.8 13:15.7 14:15.2 15:15.2 16:15.1 17:14.4 18:15.7 19:15.3 20:15.7 21:15.2 22:15.2 23:15.5 24:15.7 25:15.3 26:16.3 27:16.3 28:17.4 29:16.4 30:17.2 31:17.6 32:17.0 33:16.3 34:16.8 35:18.7 36:18.7 37:19.3 38:19.3 39:19.2 | mean 16.1
0824 04:08:24 ds4-server: chat ctx=0..350:350 prefill chunk 259/350 (74.0%) chunk=17.11 t/s avg=18.45 t/s 14.040s
0824 04:08:24 ds4-server: chat ctx=0..350:350 prefill chunk 260/350 (74.3%) chunk=17.18 t/s avg=18.44 t/s 14.098s
0824 04:08:25 ds4-server: chat ctx=0..350:350 prefill chunk 261/350 (74.6%) chunk=17.43 t/s avg=18.44 t/s 14.156s
0824 04:08:25 ds4-server: chat ctx=0..350:350 prefill chunk 262/350 (74.9%) chunk=17.27 t/s avg=18.43 t/s 14.214s
0824 04:08:25 ds4-server: chat ctx=0..350:350 prefill chunk 263/350 (75.1%) chunk=17.03 t/s avg=18.43 t/s 14.272s
0824 04:08:25 ds4-server: chat ctx=0..350:350 prefill chunk 264/350 (75.4%) chunk=17.21 t/s avg=18.42 t/s 14.330s
0824 04:08:25 ds4-server: chat ctx=0..350:350 prefill chunk 265/350 (75.7%) chunk=17.97 t/s avg=18.42 t/s 14.386s
0824 04:08:25 ds4-server: chat ctx=0..350:350 prefill chunk 266/350 (76.0%) chunk=18.15 t/s avg=18.42 t/s 14.441s
0824 04:08:25 ds4-server: chat ctx=0..350:350 prefill chunk 267/350 (76.3%) chunk=17.53 t/s avg=18.42 t/s 14.498s
0824 04:08:25 ds4-server: chat ctx=0..350:350 prefill chunk 268/350 (76.6%) chunk=18.22 t/s avg=18.42 t/s 14.553s
0824 04:08:25 ds4-server: chat ctx=0..350:350 prefill chunk 269/350 (76.9%) chunk=17.63 t/s avg=18.41 t/s 14.610s
0824 04:08:25 ds4-server: chat ctx=0..350:350 prefill chunk 270/350 (77.1%) chunk=17.85 t/s avg=18.41 t/s 14.666s
0824 04:08:25 ds4-server: chat ctx=0..350:350 prefill chunk 271/350 (77.4%) chunk=18.41 t/s avg=18.41 t/s 14.720s
0824 04:08:25 ds4-server: chat ctx=0..350:350 prefill chunk 272/350 (77.7%) chunk=17.39 t/s avg=18.41 t/s 14.778s
0824 04:08:25 ds4-server: chat ctx=0..350:350 prefill chunk 273/350 (78.0%) chunk=17.54 t/s avg=18.40 t/s 14.835s
0824 04:08:25 ds4-server: chat ctx=0..350:350 prefill chunk 274/350 (78.3%) chunk=17.86 t/s avg=18.40 t/s 14.891s
0824 04:08:25 ds4-server: chat ctx=0..350:350 prefill chunk 275/350 (78.6%) chunk=17.79 t/s avg=18.40 t/s 14.947s
0824 04:08:25 ds4-server: chat ctx=0..350:350 prefill chunk 276/350 (78.9%) chunk=18.22 t/s avg=18.40 t/s 15.002s
0824 04:08:25 ds4-server: chat ctx=0..350:350 prefill chunk 277/350 (79.1%) chunk=17.90 t/s avg=18.40 t/s 15.058s
0824 04:08:25 ds4-server: chat ctx=0..350:350 prefill chunk 278/350 (79.4%) chunk=17.39 t/s avg=18.39 t/s 15.115s
0824 04:08:26 ds4-server: chat ctx=0..350:350 prefill chunk 279/350 (79.7%) chunk=18.00 t/s avg=18.39 t/s 15.171s
0824 04:08:26 ds4-server: chat ctx=0..350:350 prefill chunk 280/350 (80.0%) chunk=18.01 t/s avg=18.39 t/s 15.226s
0824 04:08:26 ds4-server: chat ctx=0..350:350 prefill chunk 281/350 (80.3%) chunk=17.05 t/s avg=18.38 t/s 15.285s
0824 04:08:26 ds4-server: chat ctx=0..350:350 prefill chunk 282/350 (80.6%) chunk=17.00 t/s avg=18.38 t/s 15.344s
0824 04:08:26 ds4-server: chat ctx=0..350:350 prefill chunk 283/350 (80.9%) chunk=17.91 t/s avg=18.38 t/s 15.399s
0824 04:08:26 ds4-server: chat ctx=0..350:350 prefill chunk 284/350 (81.1%) chunk=17.69 t/s avg=18.37 t/s 15.456s
0824 04:08:26 ds4-server: chat ctx=0..350:350 prefill chunk 285/350 (81.4%) chunk=17.40 t/s avg=18.37 t/s 15.513s
0824 04:08:26 ds4-server: chat ctx=0..350:350 prefill chunk 286/350 (81.7%) chunk=17.71 t/s avg=18.37 t/s 15.570s
0824 04:08:26 ds4-server: chat ctx=0..350:350 prefill chunk 287/350 (82.0%) chunk=18.53 t/s avg=18.37 t/s 15.624s
0824 04:08:26 ds4-server: chat ctx=0..350:350 prefill chunk 288/350 (82.3%) chunk=17.65 t/s avg=18.37 t/s 15.681s
0824 04:08:26 ds4-server: chat ctx=0..350:350 prefill chunk 289/350 (82.6%) chunk=17.45 t/s avg=18.36 t/s 15.738s
0824 04:08:26 ds4-server: chat ctx=0..350:350 prefill chunk 290/350 (82.9%) chunk=18.63 t/s avg=18.36 t/s 15.792s
0824 04:08:26 ds4-server: chat ctx=0..350:350 prefill chunk 291/350 (83.1%) chunk=17.40 t/s avg=18.36 t/s 15.849s
0824 04:08:26 ds4-server: chat ctx=0..350:350 prefill chunk 292/350 (83.4%) chunk=17.27 t/s avg=18.36 t/s 15.907s
0824 04:08:26 ds4-server: chat ctx=0..350:350 prefill chunk 293/350 (83.7%) chunk=17.64 t/s avg=18.35 t/s 15.964s
0824 04:08:26 ds4-server: chat ctx=0..350:350 prefill chunk 294/350 (84.0%) chunk=18.51 t/s avg=18.35 t/s 16.018s
0824 04:08:26 ds4-server: chat ctx=0..350:350 prefill chunk 295/350 (84.3%) chunk=17.96 t/s avg=18.35 t/s 16.073s
0824 04:08:26 ds4-server: chat ctx=0..350:350 prefill chunk 296/350 (84.6%) chunk=17.16 t/s avg=18.35 t/s 16.132s
0824 04:08:27 ds4-server: chat ctx=0..350:350 prefill chunk 297/350 (84.9%) chunk=18.41 t/s avg=18.35 t/s 16.186s
0824 04:08:27 ds4-server: chat ctx=0..350:350 prefill chunk 298/350 (85.1%) chunk=17.20 t/s avg=18.35 t/s 16.244s
0824 04:08:27 ds4-server: chat ctx=0..350:350 prefill chunk 299/350 (85.4%) chunk=17.30 t/s avg=18.34 t/s 16.302s
0824 04:08:27 ds4-server: chat ctx=0..350:350 prefill chunk 300/350 (85.7%) chunk=17.97 t/s avg=18.34 t/s 16.358s
0824 04:08:27 ds4-server: chat ctx=0..350:350 prefill chunk 301/350 (86.0%) chunk=18.33 t/s avg=18.34 t/s 16.412s
0824 04:08:27 ds4-server: chat ctx=0..350:350 prefill chunk 302/350 (86.3%) chunk=17.54 t/s avg=18.34 t/s 16.469s
0824 04:08:27 ds4-server: chat ctx=0..350:350 prefill chunk 303/350 (86.6%) chunk=17.85 t/s avg=18.34 t/s 16.525s
0824 04:08:27 ds4-server: chat ctx=0..350:350 prefill chunk 304/350 (86.9%) chunk=17.64 t/s avg=18.33 t/s 16.582s
0824 04:08:27 ds4-server: chat ctx=0..350:350 prefill chunk 305/350 (87.1%) chunk=17.55 t/s avg=18.33 t/s 16.639s
0824 04:08:27 ds4-server: chat ctx=0..350:350 prefill chunk 306/350 (87.4%) chunk=17.86 t/s avg=18.33 t/s 16.695s
0824 04:08:27 ds4-server: chat ctx=0..350:350 prefill chunk 307/350 (87.7%) chunk=17.63 t/s avg=18.33 t/s 16.752s
0824 04:08:27 ds4-server: chat ctx=0..350:350 prefill chunk 308/350 (88.0%) chunk=17.30 t/s avg=18.32 t/s 16.809s
0824 04:08:27 ds4-server: chat ctx=0..350:350 prefill chunk 309/350 (88.3%) chunk=17.74 t/s avg=18.32 t/s 16.866s
0824 04:08:27 ds4-server: chat ctx=0..350:350 prefill chunk 310/350 (88.6%) chunk=18.14 t/s avg=18.32 t/s 16.921s
0824 04:08:27 ds4-server: chat ctx=0..350:350 prefill chunk 311/350 (88.9%) chunk=16.80 t/s avg=18.32 t/s 16.980s
0824 04:08:27 ds4-server: chat ctx=0..350:350 prefill chunk 312/350 (89.1%) chunk=16.90 t/s avg=18.31 t/s 17.039s
0824 04:08:27 ds4-server: chat ctx=0..350:350 prefill chunk 313/350 (89.4%) chunk=17.93 t/s avg=18.31 t/s 17.095s
0824 04:08:28 ds4-server: chat ctx=0..350:350 prefill chunk 314/350 (89.7%) chunk=17.38 t/s avg=18.31 t/s 17.153s
0824 04:08:28 ds4-server: chat ctx=0..350:350 prefill chunk 315/350 (90.0%) chunk=16.55 t/s avg=18.30 t/s 17.213s
0824 04:08:28 ds4-server: chat ctx=0..350:350 prefill chunk 316/350 (90.3%) chunk=17.06 t/s avg=18.30 t/s 17.272s
0824 04:08:28 ds4-server: chat ctx=0..350:350 prefill chunk 317/350 (90.6%) chunk=16.77 t/s avg=18.29 t/s 17.331s
0824 04:08:28 ds4-server: chat ctx=0..350:350 prefill chunk 318/350 (90.9%) chunk=18.43 t/s avg=18.29 t/s 17.386s
0824 04:08:28 ds4-server: chat ctx=0..350:350 prefill chunk 319/350 (91.1%) chunk=17.62 t/s avg=18.29 t/s 17.443s
0824 04:08:28 ds4-server: chat ctx=0..350:350 prefill chunk 320/350 (91.4%) chunk=17.94 t/s avg=18.29 t/s 17.498s
0824 04:08:28 ds4-server: chat ctx=0..350:350 prefill chunk 321/350 (91.7%) chunk=18.40 t/s avg=18.29 t/s 17.553s
0824 04:08:28 ds4-server: chat ctx=0..350:350 prefill chunk 322/350 (92.0%) chunk=17.48 t/s avg=18.29 t/s 17.610s
0824 04:08:28 ds4-server: chat ctx=0..350:350 prefill chunk 323/350 (92.3%) chunk=17.17 t/s avg=18.28 t/s 17.668s
0824 04:08:28 ds4-server: chat ctx=0..350:350 prefill chunk 324/350 (92.6%) chunk=18.16 t/s avg=18.28 t/s 17.723s
0824 04:08:28 ds4-server: chat ctx=0..350:350 prefill chunk 325/350 (92.9%) chunk=17.88 t/s avg=18.28 t/s 17.779s
0824 04:08:28 ds4-server: chat ctx=0..350:350 prefill chunk 326/350 (93.1%) chunk=18.20 t/s avg=18.28 t/s 17.834s
0824 04:08:28 ds4-server: chat ctx=0..350:350 prefill chunk 327/350 (93.4%) chunk=17.22 t/s avg=18.28 t/s 17.892s
0824 04:08:28 ds4-server: chat ctx=0..350:350 prefill chunk 328/350 (93.7%) chunk=16.85 t/s avg=18.27 t/s 17.951s
0824 04:08:28 ds4-server: chat ctx=0..350:350 prefill chunk 329/350 (94.0%) chunk=17.38 t/s avg=18.27 t/s 18.009s
0824 04:08:28 ds4-server: chat ctx=0..350:350 prefill chunk 330/350 (94.3%) chunk=16.74 t/s avg=18.26 t/s 18.069s
0824 04:08:28 ds4-server: chat ctx=0..350:350 prefill chunk 331/350 (94.6%) chunk=17.45 t/s avg=18.26 t/s 18.126s
0824 04:08:29 ds4-server: chat ctx=0..350:350 prefill chunk 332/350 (94.9%) chunk=17.24 t/s avg=18.26 t/s 18.184s
0824 04:08:29 ds4-server: chat ctx=0..350:350 prefill chunk 333/350 (95.1%) chunk=17.29 t/s avg=18.25 t/s 18.242s
0824 04:08:29 ds4-server: chat ctx=0..350:350 prefill chunk 334/350 (95.4%) chunk=17.31 t/s avg=18.25 t/s 18.300s
0824 04:08:29 ds4-server: chat ctx=0..350:350 prefill chunk 335/350 (95.7%) chunk=18.05 t/s avg=18.25 t/s 18.355s
0824 04:08:29 ds4-server: chat ctx=0..350:350 prefill chunk 336/350 (96.0%) chunk=17.43 t/s avg=18.25 t/s 18.412s
0824 04:08:29 ds4-server: chat ctx=0..350:350 prefill chunk 337/350 (96.3%) chunk=17.96 t/s avg=18.25 t/s 18.468s
0824 04:08:29 ds4-server: chat ctx=0..350:350 prefill chunk 338/350 (96.6%) chunk=17.36 t/s avg=18.24 t/s 18.526s
0824 04:08:29 ds4-server: chat ctx=0..350:350 prefill chunk 339/350 (96.9%) chunk=17.41 t/s avg=18.24 t/s 18.583s
0824 04:08:29 ds4-server: chat ctx=0..350:350 prefill chunk 340/350 (97.1%) chunk=17.59 t/s avg=18.24 t/s 18.640s
0824 04:08:29 ds4-server: chat ctx=0..350:350 prefill chunk 341/350 (97.4%) chunk=17.48 t/s avg=18.24 t/s 18.697s
0824 04:08:29 ds4-server: chat ctx=0..350:350 prefill chunk 342/350 (97.7%) chunk=18.10 t/s avg=18.24 t/s 18.752s
0824 04:08:29 ds4-server: chat ctx=0..350:350 prefill chunk 343/350 (98.0%) chunk=18.12 t/s avg=18.24 t/s 18.808s
0824 04:08:29 ds4-server: chat ctx=0..350:350 prefill chunk 344/350 (98.3%) chunk=19.50 t/s avg=18.24 t/s 18.859s
0824 04:08:29 ds4-server: chat ctx=0..350:350 prefill chunk 345/350 (98.6%) chunk=17.20 t/s avg=18.24 t/s 18.917s
0824 04:08:29 ds4-server: chat ctx=0..350:350 prefill chunk 346/350 (98.9%) chunk=17.73 t/s avg=18.24 t/s 18.973s
0824 04:08:29 ds4-server: chat ctx=0..350:350 prefill chunk 347/350 (99.1%) chunk=19.33 t/s avg=18.24 t/s 19.025s
0824 04:08:29 ds4-server: chat ctx=0..350:350 prefill chunk 348/350 (99.4%) chunk=17.51 t/s avg=18.24 t/s 19.082s
0824 04:08:29 ds4-server: chat ctx=0..350:350 prefill chunk 349/350 (99.7%) chunk=18.97 t/s avg=18.24 t/s 19.135s
0824 04:08:30 ds4-server: chat ctx=0..350:350 prefill chunk 350/350 (100.0%) chunk=19.96 t/s avg=18.24 t/s 19.185s
0824 04:08:30 ds4-server: chat ctx=0..350:350 prompt done 19.185s
ds4: qwen35moe experts/token avg over 128 tokens: 0:14.6 1:15.0 2:14.8 3:16.9 4:15.4 5:14.9 6:15.6 7:15.7 8:16.4 9:15.9 10:14.6 11:15.4 12:15.6 13:15.0 14:15.5 15:15.0 16:15.3 17:14.7 18:16.0 19:15.9 20:16.6 21:15.5 22:15.2 23:15.4 24:16.3 25:15.7 26:16.0 27:15.7 28:16.8 29:16.3 30:17.3 31:17.1 32:16.9 33:16.6 34:17.3 35:18.1 36:18.3 37:19.0 38:19.2 39:19.1 | mean 16.2
0824 04:08:32 ds4-server: chat ctx=350..400:50 gen=50 THINKING decoding chunk=18.13 t/s avg=18.13 t/s 2.758s
0824 04:08:35 ds4-server: chat ctx=400..450:50 gen=100 THINKING decoding chunk=17.68 t/s avg=17.90 t/s 5.585s
0824 04:08:38 ds4-server: chat ctx=450..500:50 gen=150 THINKING decoding chunk=17.65 t/s avg=17.82 t/s 8.418s
ds4: qwen35moe experts/token avg over 128 tokens: 0:14.6 1:15.6 2:15.5 3:16.1 4:14.8 5:15.3 6:15.3 7:15.4 8:17.0 9:16.3 10:14.5 11:14.5 12:15.4 13:15.0 14:16.1 15:15.4 16:16.1 17:15.2 18:16.3 19:16.1 20:16.9 21:16.7 22:15.2 23:15.9 24:15.9 25:16.0 26:16.8 27:16.0 28:16.9 29:16.2 30:16.4 31:16.2 32:16.3 33:15.0 34:15.4 35:17.5 36:16.9 37:18.2 38:18.3 39:18.0 | mean 16.0
0824 04:08:41 ds4-server: chat ctx=500..550:50 gen=200 THINKING decoding chunk=17.61 t/s avg=17.77 t/s 11.256s
0824 04:08:44 ds4-server: chat ctx=550..600:50 gen=250 THINKING decoding chunk=17.50 t/s avg=17.71 t/s 14.114s
ds4: qwen35moe experts/token avg over 128 tokens: 0:15.0 1:15.6 2:16.0 3:15.9 4:14.9 5:15.9 6:15.5 7:16.4 8:16.0 9:16.4 10:15.3 11:15.5 12:15.5 13:15.4 14:15.8 15:15.2 16:16.0 17:15.3 18:15.7 19:15.6 20:15.4 21:15.8 22:15.3 23:15.7 24:14.4 25:15.2 26:15.2 27:15.6 28:15.9 29:15.3 30:16.3 31:16.5 32:16.3 33:14.9 34:15.4 35:17.8 36:16.8 37:17.5 38:18.4 39:17.9 | mean 15.9
0824 04:08:47 ds4-server: chat ctx=600..650:50 gen=300 THINKING decoding chunk=17.33 t/s avg=17.65 t/s 16.998s
0824 04:08:49 ds4-server: chat ctx=650..700:50 gen=350 THINKING decoding chunk=17.20 t/s avg=17.58 t/s 19.906s
0824 04:08:52 ds4-server: chat ctx=700..750:50 gen=400 THINKING decoding chunk=17.11 t/s avg=17.52 t/s 22.827s
ds4: qwen35moe experts/token avg over 128 tokens: 0:15.0 1:16.6 2:17.1 3:17.2 4:16.4 5:16.4 6:15.9 7:16.9 8:17.4 9:17.7 10:15.3 11:15.1 12:16.2 13:16.0 14:17.3 15:15.7 16:16.0 17:16.2 18:16.2 19:16.6 20:16.8 21:16.9 22:15.1 23:15.8 24:15.5 25:16.1 26:16.5 27:15.6 28:16.0 29:14.8 30:15.9 31:17.0 32:15.9 33:14.4 34:14.3 35:16.6 36:16.4 37:17.9 38:18.6 39:17.5 | mean 16.3
0824 04:08:55 ds4-server: chat ctx=750..800:50 gen=450 THINKING decoding chunk=16.80 t/s avg=17.44 t/s 25.804s
0824 04:08:58 ds4-server: chat ctx=800..850:50 gen=500 THINKING decoding chunk=16.78 t/s avg=17.37 t/s 28.783s
ds4: qwen35moe experts/token avg over 128 tokens: 0:15.5 1:16.5 2:17.0 3:17.0 4:16.2 5:16.6 6:16.8 7:17.0 8:17.4 9:17.5 10:16.5 11:16.0 12:16.6 13:16.1 14:17.6 15:16.5 16:16.3 17:16.9 18:15.9 19:17.3 20:17.4 21:16.9 22:16.1 23:16.7 24:17.1 25:16.4 26:17.0 27:16.9 28:16.6 29:17.2 30:16.8 31:17.4 32:16.7 33:16.8 34:16.6 35:18.0 36:17.7 37:19.0 38:19.2 39:18.1 | mean 17.0
0824 04:09:01 ds4-server: chat ctx=850..900:50 gen=550 THINKING decoding chunk=16.40 t/s avg=17.28 t/s 31.831s
0824 04:09:04 ds4-server: chat ctx=900..950:50 gen=600 THINKING decoding chunk=16.55 t/s avg=17.22 t/s 34.853s
0824 04:09:07 ds4-server: chat ctx=950..1000:50 gen=650 THINKING decoding chunk=16.46 t/s avg=17.15 t/s 37.892s
ds4: qwen35moe experts/token avg over 128 tokens: 0:15.5 1:15.8 2:16.4 3:17.0 4:16.2 5:16.6 6:16.9 7:17.2 8:17.7 9:18.0 10:15.6 11:16.0 12:17.0 13:16.3 14:17.7 15:16.6 16:16.3 17:16.9 18:16.3 19:17.3 20:16.8 21:17.0 22:15.9 23:16.2 24:16.0 25:16.3 26:17.0 27:16.7 28:16.1 29:16.6 30:16.7 31:17.6 32:17.1 33:17.1 34:16.6 35:18.2 36:17.3 37:18.3 38:19.1 39:18.1 | mean 16.8
0824 04:09:10 ds4-server: chat ctx=1000..1050:50 gen=700 THINKING decoding chunk=16.50 t/s avg=17.11 t/s 40.922s
0824 04:09:13 ds4-server: chat ctx=1050..1100:50 gen=750 THINKING decoding chunk=16.50 t/s avg=17.06 t/s 43.952s
0824 04:09:17 ds4-server: chat ctx=1100..1150:50 gen=800 THINKING decoding chunk=16.51 t/s avg=17.03 t/s 46.981s
ds4: qwen35moe experts/token avg over 128 tokens: 0:14.9 1:15.7 2:16.0 3:17.0 4:16.4 5:16.8 6:15.8 7:17.1 8:17.3 9:16.9 10:15.5 11:15.3 12:16.2 13:15.9 14:16.6 15:16.2 16:16.4 17:16.2 18:15.1 19:15.8 20:15.8 21:16.1 22:15.4 23:15.3 24:15.7 25:15.7 26:16.4 27:15.9 28:15.5 29:15.4 30:15.9 31:16.9 32:15.2 33:15.0 34:14.2 35:16.9 36:15.4 37:17.0 38:18.0 39:16.7 | mean 16.0
0824 04:09:20 ds4-server: chat ctx=1150..1200:50 gen=850 THINKING decoding chunk=16.21 t/s avg=16.98 t/s 50.065s
0824 04:09:23 ds4-server: chat ctx=1200..1250:50 gen=900 THINKING decoding chunk=16.12 t/s avg=16.93 t/s 53.166s
ds4: qwen35moe experts/token avg over 128 tokens: 0:15.6 1:16.3 2:16.8 3:17.2 4:16.4 5:17.0 6:16.8 7:17.2 8:17.4 9:17.4 10:16.4 11:16.6 12:16.8 13:17.1 14:18.0 15:16.8 16:17.8 17:17.3 18:16.5 19:17.6 20:17.9 21:17.6 22:16.1 23:16.7 24:16.2 25:17.1 26:17.1 27:16.0 28:16.6 29:15.5 30:16.1 31:17.0 32:15.8 33:14.8 34:15.0 35:17.7 36:16.7 37:18.1 38:18.8 39:17.8 | mean 16.8
0824 04:09:26 ds4-server: chat ctx=1250..1300:50 gen=950 THINKING decoding chunk=15.99 t/s avg=16.88 t/s 56.294s
0824 04:09:29 ds4-server: chat ctx=1300..1350:50 gen=1000 THINKING decoding chunk=15.92 t/s avg=16.83 t/s 59.435s
0824 04:09:32 ds4-server: chat ctx=1350..1400:50 gen=1050 THINKING decoding chunk=15.99 t/s avg=16.78 t/s 62.562s
ds4: qwen35moe experts/token avg over 128 tokens: 0:15.2 1:16.2 2:16.5 3:16.9 4:17.0 5:17.1 6:16.2 7:17.8 8:17.6 9:18.0 10:16.7 11:15.9 12:17.2 13:16.9 14:17.3 15:16.7 16:17.2 17:16.8 18:16.2 19:16.6 20:17.6 21:17.5 22:16.3 23:16.2 24:16.9 25:16.4 26:17.0 27:16.9 28:15.9 29:16.2 30:15.6 31:17.1 32:15.7 33:15.2 34:15.4 35:17.5 36:16.3 37:18.0 38:18.7 39:17.2 | mean 16.7
0824 04:09:35 ds4-server: chat ctx=1400..1450:50 gen=1100 THINKING decoding chunk=16.01 t/s avg=16.75 t/s 65.685s
0824 04:09:38 ds4-server: chat ctx=1450..1500:50 gen=1150 THINKING decoding chunk=15.95 t/s avg=16.71 t/s 68.819s
ds4: qwen35moe experts/token avg over 128 tokens: 0:15.3 1:15.9 2:16.1 3:17.1 4:16.1 5:16.5 6:16.4 7:16.8 8:17.8 9:16.7 10:15.4 11:15.7 12:16.3 13:16.0 14:16.8 15:16.4 16:16.5 17:16.2 18:16.3 19:16.3 20:17.1 21:16.9 22:15.3 23:15.6 24:16.1 25:16.1 26:16.4 27:16.1 28:15.6 29:16.0 30:15.9 31:16.8 32:16.1 33:14.8 34:14.6 35:16.9 36:16.5 37:17.3 38:18.7 39:17.2 | mean 16.3
0824 04:09:42 ds4-server: chat ctx=1500..1550:50 gen=1200 THINKING decoding chunk=15.74 t/s avg=16.67 t/s 71.995s
0824 04:09:45 ds4-server: chat ctx=1550..1600:50 gen=1250 THINKING decoding chunk=15.74 t/s avg=16.63 t/s 75.172s
0824 04:09:48 ds4-server: chat ctx=1600..1650:50 gen=1300 THINKING decoding chunk=15.66 t/s avg=16.59 t/s 78.364s
ds4: qwen35moe experts/token avg over 128 tokens: 0:14.8 1:16.1 2:16.3 3:16.8 4:16.8 5:16.5 6:16.4 7:17.7 8:17.9 9:16.8 10:15.8 11:15.4 12:16.5 13:16.5 14:16.6 15:16.5 16:16.8 17:16.0 18:16.4 19:16.3 20:17.2 21:16.6 22:15.8 23:15.8 24:16.5 25:16.2 26:16.5 27:16.1 28:16.0 29:16.2 30:15.8 31:16.7 32:15.4 33:15.4 34:15.0 35:17.4 36:16.8 37:17.7 38:18.8 39:17.0 | mean 16.4
0824 04:09:51 ds4-server: chat ctx=1650..1700:50 gen=1350 THINKING decoding chunk=15.44 t/s avg=16.54 t/s 81.601s
0824 04:09:54 ds4-server: chat ctx=1700..1750:50 gen=1400 decoding chunk=15.64 t/s avg=16.51 t/s 84.798s
ds4: qwen35moe experts/token avg over 128 tokens: 0:15.0 1:16.0 2:16.1 3:16.8 4:16.2 5:16.0 6:15.9 7:17.4 8:17.2 9:16.7 10:15.4 11:15.3 12:16.1 13:16.4 14:16.4 15:16.5 16:16.2 17:16.0 18:15.7 19:15.8 20:17.4 21:16.2 22:15.5 23:15.1 24:15.6 25:15.9 26:16.0 27:15.7 28:16.2 29:15.6 30:15.6 31:16.6 32:15.0 33:14.3 34:14.2 35:16.9 36:16.1 37:17.3 38:18.6 39:17.5 | mean 16.1
0824 04:09:58 ds4-server: chat ctx=1750..1800:50 gen=1450 decoding chunk=15.44 t/s avg=16.47 t/s 88.036s
0824 04:10:01 ds4-server: chat ctx=1800..1850:50 gen=1500 decoding chunk=15.17 t/s avg=16.42 t/s 91.333s
0824 04:10:04 ds4-server: chat ctx=1850..1900:50 gen=1550 decoding chunk=15.20 t/s avg=16.38 t/s 94.622s
ds4: qwen35moe experts/token avg over 128 tokens: 0:15.9 1:16.7 2:17.2 3:17.9 4:17.1 5:17.3 6:16.6 7:17.8 8:17.8 9:17.6 10:16.8 11:16.3 12:17.0 13:16.9 14:17.9 15:16.8 16:17.3 17:16.5 18:16.9 19:17.3 20:16.5 21:17.3 22:16.1 23:15.9 24:16.5 25:15.9 26:16.7 27:16.8 28:16.5 29:15.5 30:16.3 31:17.0 32:16.5 33:15.0 34:15.4 35:17.7 36:17.0 37:18.4 38:19.1 39:18.3 | mean 16.9
0824 04:10:07 ds4-server: chat ctx=1900..1950:50 gen=1600 decoding chunk=15.02 t/s avg=16.33 t/s 97.951s
0824 04:10:11 ds4-server: chat ctx=1950..2000:50 gen=1650 decoding chunk=14.97 t/s avg=16.29 t/s 101.290s
0824 04:10:14 ds4-server: chat ctx=2000..2050:50 gen=1700 decoding chunk=14.97 t/s avg=16.25 t/s 104.629s
ds4: qwen35moe experts/token avg over 128 tokens: 0:15.5 1:17.0 2:17.3 3:18.0 4:17.3 5:17.3 6:17.3 7:18.5 8:18.2 9:18.5 10:17.1 11:16.2 12:17.3 13:17.7 14:18.1 15:17.1 16:17.1 17:17.4 18:17.2 19:17.7 20:18.0 21:18.1 22:16.9 23:16.4 24:16.9 25:16.3 26:17.2 27:16.2 28:15.9 29:16.1 30:15.7 31:17.4 32:15.5 33:15.0 34:14.6 35:17.3 36:16.4 37:18.0 38:19.1 39:17.8 | mean 17.1
0824 04:10:18 ds4-server: chat ctx=2050..2100:50 gen=1750 decoding chunk=14.78 t/s avg=16.20 t/s 108.013s
0824 04:10:21 ds4-server: chat ctx=2100..2150:50 gen=1800 decoding chunk=14.74 t/s avg=16.16 t/s 111.406s
0824 04:10:23 ds4-server: chat ctx=2150..2174:24 gen=1824 decoding chunk=14.58 t/s avg=16.13 t/s 113.052s
0824 04:10:23 ds4-server: thinking live checkpoint remembered ctx=0..350:350 live=2174 visible=3479
0824 04:10:23 ds4-server: chat ctx=0..350:350 gen=1824 finish=stop 132.237s
0824 04:10:23 ds4-server: live kv cache miss live=2174 prompt=311 common=66 reason=token-mismatch
0824 04:10:23 ds4-server: chat ctx=0..311:311 prompt start
0824 04:10:23 ds4-server: chat ctx=0..311:311 prefill chunk 1/311 (0.3%) chunk=0.00 t/s avg=19.94 t/s 0.050s
0824 04:10:23 ds4-server: chat ctx=0..311:311 prefill chunk 2/311 (0.6%) chunk=19.20 t/s avg=19.56 t/s 0.102s
0824 04:10:23 ds4-server: chat ctx=0..311:311 prefill chunk 3/311 (1.0%) chunk=19.80 t/s avg=19.64 t/s 0.153s
0824 04:10:23 ds4-server: chat ctx=0..311:311 prefill chunk 4/311 (1.3%) chunk=19.19 t/s avg=19.53 t/s 0.205s
ds4: qwen35moe experts/token avg over 128 tokens: 0:15.6 1:16.5 2:17.0 3:18.0 4:17.0 5:17.7 6:17.3 7:18.1 8:18.5 9:18.5 10:17.0 11:16.8 12:17.9 13:17.8 14:18.2 15:17.3 16:17.2 17:17.7 18:17.1 19:17.1 20:18.2 21:18.0 22:16.6 23:16.6 24:16.6 25:16.9 26:16.9 27:17.1 28:16.4 29:16.6 30:16.1 31:16.6 32:15.8 33:15.7 34:15.1 35:17.4 36:16.8 37:17.7 38:18.6 39:17.6 | mean 17.1
0824 04:10:23 ds4-server: chat ctx=0..311:311 prefill chunk 5/311 (1.6%) chunk=18.85 t/s avg=19.39 t/s 0.258s
0824 04:10:23 ds4-server: chat ctx=0..311:311 prefill chunk 6/311 (1.9%) chunk=19.88 t/s avg=19.47 t/s 0.308s
0824 04:10:23 ds4-server: chat ctx=0..311:311 prefill chunk 7/311 (2.3%) chunk=18.81 t/s avg=19.37 t/s 0.361s
0824 04:10:23 ds4-server: chat ctx=0..311:311 prefill chunk 8/311 (2.6%) chunk=19.39 t/s avg=19.37 t/s 0.413s
0824 04:10:23 ds4-server: chat ctx=0..311:311 prefill chunk 9/311 (2.9%) chunk=19.16 t/s avg=19.35 t/s 0.465s
0824 04:10:23 ds4-server: chat ctx=0..311:311 prefill chunk 10/311 (3.2%) chunk=19.76 t/s avg=19.39 t/s 0.516s
0824 04:10:23 ds4-server: chat ctx=0..311:311 prefill chunk 11/311 (3.5%) chunk=19.18 t/s avg=19.37 t/s 0.568s
0824 04:10:23 ds4-server: chat ctx=0..311:311 prefill chunk 12/311 (3.9%) chunk=19.02 t/s avg=19.34 t/s 0.621s
0824 04:10:23 ds4-server: chat ctx=0..311:311 prefill chunk 13/311 (4.2%) chunk=19.06 t/s avg=19.32 t/s 0.673s
0824 04:10:23 ds4-server: chat ctx=0..311:311 prefill chunk 14/311 (4.5%) chunk=18.27 t/s avg=19.24 t/s 0.728s
0824 04:10:23 ds4-server: chat ctx=0..311:311 prefill chunk 15/311 (4.8%) chunk=19.32 t/s avg=19.24 t/s 0.779s
0824 04:10:23 ds4-server: chat ctx=0..311:311 prefill chunk 16/311 (5.1%) chunk=18.37 t/s avg=19.19 t/s 0.834s
0824 04:10:23 ds4-server: chat ctx=0..311:311 prefill chunk 17/311 (5.5%) chunk=18.76 t/s avg=19.16 t/s 0.887s
0824 04:10:24 ds4-server: chat ctx=0..311:311 prefill chunk 18/311 (5.8%) chunk=19.02 t/s avg=19.15 t/s 0.940s
0824 04:10:24 ds4-server: chat ctx=0..311:311 prefill chunk 19/311 (6.1%) chunk=18.04 t/s avg=19.09 t/s 0.995s
0824 04:10:24 ds4-server: chat ctx=0..311:311 prefill chunk 20/311 (6.4%) chunk=18.59 t/s avg=19.06 t/s 1.049s
0824 04:10:24 ds4-server: chat ctx=0..311:311 prefill chunk 21/311 (6.8%) chunk=18.71 t/s avg=19.05 t/s 1.103s
0824 04:10:24 ds4-server: chat ctx=0..311:311 prefill chunk 22/311 (7.1%) chunk=19.23 t/s avg=19.06 t/s 1.154s
0824 04:10:24 ds4-server: chat ctx=0..311:311 prefill chunk 23/311 (7.4%) chunk=19.46 t/s avg=19.07 t/s 1.206s
0824 04:10:24 ds4-server: chat ctx=0..311:311 prefill chunk 24/311 (7.7%) chunk=19.02 t/s avg=19.07 t/s 1.258s
0824 04:10:24 ds4-server: chat ctx=0..311:311 prefill chunk 25/311 (8.0%) chunk=19.56 t/s avg=19.09 t/s 1.310s
0824 04:10:24 ds4-server: chat ctx=0..311:311 prefill chunk 26/311 (8.4%) chunk=18.69 t/s avg=19.07 t/s 1.363s
0824 04:10:24 ds4-server: chat ctx=0..311:311 prefill chunk 27/311 (8.7%) chunk=19.19 t/s avg=19.08 t/s 1.415s
0824 04:10:24 ds4-server: chat ctx=0..311:311 prefill chunk 28/311 (9.0%) chunk=18.88 t/s avg=19.07 t/s 1.468s
0824 04:10:24 ds4-server: chat ctx=0..311:311 prefill chunk 29/311 (9.3%) chunk=18.13 t/s avg=19.04 t/s 1.523s
0824 04:10:24 ds4-server: chat ctx=0..311:311 prefill chunk 30/311 (9.6%) chunk=19.26 t/s avg=19.04 t/s 1.575s
0824 04:10:24 ds4-server: chat ctx=0..311:311 prefill chunk 31/311 (10.0%) chunk=18.10 t/s avg=19.01 t/s 1.630s
0824 04:10:24 ds4-server: chat ctx=0..311:311 prefill chunk 32/311 (10.3%) chunk=18.83 t/s avg=19.01 t/s 1.684s
0824 04:10:24 ds4-server: chat ctx=0..311:311 prefill chunk 33/311 (10.6%) chunk=18.87 t/s avg=19.00 t/s 1.737s
0824 04:10:24 ds4-server: chat ctx=0..311:311 prefill chunk 34/311 (10.9%) chunk=18.45 t/s avg=18.99 t/s 1.791s
0824 04:10:24 ds4-server: chat ctx=0..311:311 prefill chunk 35/311 (11.3%) chunk=18.58 t/s avg=18.97 t/s 1.845s
0824 04:10:24 ds4-server: chat ctx=0..311:311 prefill chunk 36/311 (11.6%) chunk=18.22 t/s avg=18.95 t/s 1.900s
0824 04:10:25 ds4-server: chat ctx=0..311:311 prefill chunk 37/311 (11.9%) chunk=17.60 t/s avg=18.91 t/s 1.956s
0824 04:10:25 ds4-server: chat ctx=0..311:311 prefill chunk 38/311 (12.2%) chunk=18.27 t/s avg=18.90 t/s 2.011s
0824 04:10:25 ds4-server: chat ctx=0..311:311 prefill chunk 39/311 (12.5%) chunk=18.09 t/s avg=18.87 t/s 2.066s
0824 04:10:25 ds4-server: chat ctx=0..311:311 prefill chunk 40/311 (12.9%) chunk=18.54 t/s avg=18.87 t/s 2.120s
0824 04:10:25 ds4-server: chat ctx=0..311:311 prefill chunk 41/311 (13.2%) chunk=18.65 t/s avg=18.86 t/s 2.174s
0824 04:10:25 ds4-server: chat ctx=0..311:311 prefill chunk 42/311 (13.5%) chunk=18.03 t/s avg=18.84 t/s 2.229s
0824 04:10:25 ds4-server: chat ctx=0..311:311 prefill chunk 43/311 (13.8%) chunk=19.42 t/s avg=18.85 t/s 2.281s
0824 04:10:25 ds4-server: chat ctx=0..311:311 prefill chunk 44/311 (14.1%) chunk=18.70 t/s avg=18.85 t/s 2.334s
0824 04:10:25 ds4-server: chat ctx=0..311:311 prefill chunk 45/311 (14.5%) chunk=18.28 t/s avg=18.84 t/s 2.389s
0824 04:10:25 ds4-server: chat ctx=0..311:311 prefill chunk 46/311 (14.8%) chunk=18.74 t/s avg=18.83 t/s 2.442s
0824 04:10:25 ds4-server: chat ctx=0..311:311 prefill chunk 47/311 (15.1%) chunk=18.24 t/s avg=18.82 t/s 2.497s
0824 04:10:25 ds4-server: chat ctx=0..311:311 prefill chunk 48/311 (15.4%) chunk=18.87 t/s avg=18.82 t/s 2.550s
0824 04:10:25 ds4-server: chat ctx=0..311:311 prefill chunk 49/311 (15.8%) chunk=18.38 t/s avg=18.81 t/s 2.605s
0824 04:10:25 ds4-server: chat ctx=0..311:311 prefill chunk 50/311 (16.1%) chunk=17.93 t/s avg=18.79 t/s 2.660s
0824 04:10:25 ds4-server: chat ctx=0..311:311 prefill chunk 51/311 (16.4%) chunk=18.33 t/s avg=18.78 t/s 2.715s
0824 04:10:25 ds4-server: chat ctx=0..311:311 prefill chunk 52/311 (16.7%) chunk=18.00 t/s avg=18.77 t/s 2.771s
0824 04:10:25 ds4-server: chat ctx=0..311:311 prefill chunk 53/311 (17.0%) chunk=18.32 t/s avg=18.76 t/s 2.825s
0824 04:10:25 ds4-server: chat ctx=0..311:311 prefill chunk 54/311 (17.4%) chunk=19.26 t/s avg=18.77 t/s 2.877s
0824 04:10:26 ds4-server: chat ctx=0..311:311 prefill chunk 55/311 (17.7%) chunk=18.68 t/s avg=18.77 t/s 2.931s
0824 04:10:26 ds4-server: chat ctx=0..311:311 prefill chunk 56/311 (18.0%) chunk=19.06 t/s avg=18.77 t/s 2.983s
0824 04:10:26 ds4-server: chat ctx=0..311:311 prefill chunk 57/311 (18.3%) chunk=18.68 t/s avg=18.77 t/s 3.037s
0824 04:10:26 ds4-server: chat ctx=0..311:311 prefill chunk 58/311 (18.6%) chunk=18.12 t/s avg=18.76 t/s 3.092s
0824 04:10:26 ds4-server: chat ctx=0..311:311 prefill chunk 59/311 (19.0%) chunk=19.21 t/s avg=18.77 t/s 3.144s
0824 04:10:26 ds4-server: chat ctx=0..311:311 prefill chunk 60/311 (19.3%) chunk=19.06 t/s avg=18.77 t/s 3.196s
0824 04:10:26 ds4-server: chat ctx=0..311:311 prefill chunk 61/311 (19.6%) chunk=20.18 t/s avg=18.79 t/s 3.246s
0824 04:10:26 ds4-server: chat ctx=0..311:311 prefill chunk 62/311 (19.9%) chunk=19.49 t/s avg=18.80 t/s 3.297s
0824 04:10:26 ds4-server: chat ctx=0..311:311 prefill chunk 63/311 (20.3%) chunk=19.72 t/s avg=18.82 t/s 3.348s
0824 04:10:26 ds4-server: chat ctx=0..311:311 prefill chunk 64/311 (20.6%) chunk=19.22 t/s avg=18.82 t/s 3.400s
0824 04:10:26 ds4-server: chat ctx=0..311:311 prefill chunk 65/311 (20.9%) chunk=19.98 t/s avg=18.84 t/s 3.450s
0824 04:10:26 ds4-server: chat ctx=0..311:311 prefill chunk 66/311 (21.2%) chunk=18.53 t/s avg=18.84 t/s 3.504s
0824 04:10:26 ds4-server: chat ctx=0..311:311 prefill chunk 67/311 (21.5%) chunk=18.79 t/s avg=18.84 t/s 3.557s
0824 04:10:26 ds4-server: chat ctx=0..311:311 prefill chunk 68/311 (21.9%) chunk=19.46 t/s avg=18.84 t/s 3.609s
0824 04:10:26 ds4-server: chat ctx=0..311:311 prefill chunk 69/311 (22.2%) chunk=18.70 t/s avg=18.84 t/s 3.662s
0824 04:10:26 ds4-server: chat ctx=0..311:311 prefill chunk 70/311 (22.5%) chunk=19.62 t/s avg=18.85 t/s 3.713s
0824 04:10:26 ds4-server: chat ctx=0..311:311 prefill chunk 71/311 (22.8%) chunk=18.41 t/s avg=18.85 t/s 3.767s
0824 04:10:26 ds4-server: chat ctx=0..311:311 prefill chunk 72/311 (23.2%) chunk=19.18 t/s avg=18.85 t/s 3.819s
0824 04:10:26 ds4-server: chat ctx=0..311:311 prefill chunk 73/311 (23.5%) chunk=18.78 t/s avg=18.85 t/s 3.873s
0824 04:10:27 ds4-server: chat ctx=0..311:311 prefill chunk 74/311 (23.8%) chunk=19.06 t/s avg=18.85 t/s 3.925s
0824 04:10:27 ds4-server: chat ctx=0..311:311 prefill chunk 75/311 (24.1%) chunk=19.13 t/s avg=18.86 t/s 3.977s
0824 04:10:27 ds4-server: chat ctx=0..311:311 prefill chunk 76/311 (24.4%) chunk=18.31 t/s avg=18.85 t/s 4.032s
0824 04:10:27 ds4-server: chat ctx=0..311:311 prefill chunk 77/311 (24.8%) chunk=19.29 t/s avg=18.85 t/s 4.084s
0824 04:10:27 ds4-server: chat ctx=0..311:311 prefill chunk 78/311 (25.1%) chunk=18.72 t/s avg=18.85 t/s 4.137s
0824 04:10:27 ds4-server: chat ctx=0..311:311 prefill chunk 79/311 (25.4%) chunk=18.29 t/s avg=18.85 t/s 4.192s
0824 04:10:27 ds4-server: chat ctx=0..311:311 prefill chunk 80/311 (25.7%) chunk=19.37 t/s avg=18.85 t/s 4.244s
0824 04:10:27 ds4-server: chat ctx=0..311:311 prefill chunk 81/311 (26.0%) chunk=18.78 t/s avg=18.85 t/s 4.297s
0824 04:10:27 ds4-server: chat ctx=0..311:311 prefill chunk 82/311 (26.4%) chunk=18.79 t/s avg=18.85 t/s 4.350s
0824 04:10:27 ds4-server: chat ctx=0..311:311 prefill chunk 83/311 (26.7%) chunk=18.48 t/s avg=18.85 t/s 4.404s
0824 04:10:27 ds4-server: chat ctx=0..311:311 prefill chunk 84/311 (27.0%) chunk=18.44 t/s avg=18.84 t/s 4.458s
0824 04:10:27 ds4-server: chat ctx=0..311:311 prefill chunk 85/311 (27.3%) chunk=19.02 t/s avg=18.84 t/s 4.511s
0824 04:10:27 ds4-server: chat ctx=0..311:311 prefill chunk 86/311 (27.7%) chunk=18.34 t/s avg=18.84 t/s 4.566s
0824 04:10:27 ds4-server: chat ctx=0..311:311 prefill chunk 87/311 (28.0%) chunk=19.47 t/s avg=18.84 t/s 4.617s
0824 04:10:27 ds4-server: chat ctx=0..311:311 prefill chunk 88/311 (28.3%) chunk=18.86 t/s avg=18.84 t/s 4.670s
0824 04:10:27 ds4-server: chat ctx=0..311:311 prefill chunk 89/311 (28.6%) chunk=18.60 t/s avg=18.84 t/s 4.724s
0824 04:10:27 ds4-server: chat ctx=0..311:311 prefill chunk 90/311 (28.9%) chunk=19.06 t/s avg=18.84 t/s 4.776s
0824 04:10:27 ds4-server: chat ctx=0..311:311 prefill chunk 91/311 (29.3%) chunk=18.15 t/s avg=18.84 t/s 4.831s
0824 04:10:27 ds4-server: chat ctx=0..311:311 prefill chunk 92/311 (29.6%) chunk=19.17 t/s avg=18.84 t/s 4.883s
0824 04:10:28 ds4-server: chat ctx=0..311:311 prefill chunk 93/311 (29.9%) chunk=18.54 t/s avg=18.84 t/s 4.937s
0824 04:10:28 ds4-server: chat ctx=0..311:311 prefill chunk 94/311 (30.2%) chunk=18.30 t/s avg=18.83 t/s 4.992s
0824 04:10:28 ds4-server: chat ctx=0..311:311 prefill chunk 95/311 (30.5%) chunk=18.81 t/s avg=18.83 t/s 5.045s
0824 04:10:28 ds4-server: chat ctx=0..311:311 prefill chunk 96/311 (30.9%) chunk=18.53 t/s avg=18.83 t/s 5.099s
0824 04:10:28 ds4-server: chat ctx=0..311:311 prefill chunk 97/311 (31.2%) chunk=18.76 t/s avg=18.83 t/s 5.152s
0824 04:10:28 ds4-server: chat ctx=0..311:311 prefill chunk 98/311 (31.5%) chunk=18.74 t/s avg=18.83 t/s 5.206s
0824 04:10:28 ds4-server: chat ctx=0..311:311 prefill chunk 99/311 (31.8%) chunk=18.59 t/s avg=18.82 t/s 5.260s
0824 04:10:28 ds4-server: chat ctx=0..311:311 prefill chunk 100/311 (32.2%) chunk=19.40 t/s avg=18.83 t/s 5.311s
0824 04:10:28 ds4-server: chat ctx=0..311:311 prefill chunk 101/311 (32.5%) chunk=18.12 t/s avg=18.82 t/s 5.366s
0824 04:10:28 ds4-server: chat ctx=0..311:311 prefill chunk 102/311 (32.8%) chunk=18.34 t/s avg=18.82 t/s 5.421s
0824 04:10:28 ds4-server: chat ctx=0..311:311 prefill chunk 103/311 (33.1%) chunk=18.58 t/s avg=18.81 t/s 5.475s
0824 04:10:28 ds4-server: chat ctx=0..311:311 prefill chunk 104/311 (33.4%) chunk=18.05 t/s avg=18.81 t/s 5.530s
0824 04:10:28 ds4-server: chat ctx=0..311:311 prefill chunk 105/311 (33.8%) chunk=18.97 t/s avg=18.81 t/s 5.583s
0824 04:10:28 ds4-server: chat ctx=0..311:311 prefill chunk 106/311 (34.1%) chunk=18.31 t/s avg=18.80 t/s 5.637s
0824 04:10:28 ds4-server: chat ctx=0..311:311 prefill chunk 107/311 (34.4%) chunk=18.41 t/s avg=18.80 t/s 5.692s
0824 04:10:28 ds4-server: chat ctx=0..311:311 prefill chunk 108/311 (34.7%) chunk=18.93 t/s avg=18.80 t/s 5.745s
0824 04:10:28 ds4-server: chat ctx=0..311:311 prefill chunk 109/311 (35.0%) chunk=17.93 t/s avg=18.79 t/s 5.800s
0824 04:10:28 ds4-server: chat ctx=0..311:311 prefill chunk 110/311 (35.4%) chunk=17.96 t/s avg=18.78 t/s 5.856s
0824 04:10:28 ds4-server: chat ctx=0..311:311 prefill chunk 111/311 (35.7%) chunk=18.70 t/s avg=18.78 t/s 5.909s
0824 04:10:29 ds4-server: chat ctx=0..311:311 prefill chunk 112/311 (36.0%) chunk=18.15 t/s avg=18.78 t/s 5.965s
0824 04:10:29 ds4-server: chat ctx=0..311:311 prefill chunk 113/311 (36.3%) chunk=18.50 t/s avg=18.78 t/s 6.019s
0824 04:10:29 ds4-server: chat ctx=0..311:311 prefill chunk 114/311 (36.7%) chunk=19.09 t/s avg=18.78 t/s 6.071s
0824 04:10:29 ds4-server: chat ctx=0..311:311 prefill chunk 115/311 (37.0%) chunk=18.62 t/s avg=18.78 t/s 6.125s
0824 04:10:29 ds4-server: chat ctx=0..311:311 prefill chunk 116/311 (37.3%) chunk=19.29 t/s avg=18.78 t/s 6.177s
0824 04:10:29 ds4-server: chat ctx=0..311:311 prefill chunk 117/311 (37.6%) chunk=18.52 t/s avg=18.78 t/s 6.231s
0824 04:10:29 ds4-server: chat ctx=0..311:311 prefill chunk 118/311 (37.9%) chunk=19.13 t/s avg=18.78 t/s 6.283s
0824 04:10:29 ds4-server: chat ctx=0..311:311 prefill chunk 119/311 (38.3%) chunk=18.73 t/s avg=18.78 t/s 6.336s
0824 04:10:29 ds4-server: chat ctx=0..311:311 prefill chunk 120/311 (38.6%) chunk=19.19 t/s avg=18.78 t/s 6.388s
0824 04:10:29 ds4-server: chat ctx=0..311:311 prefill chunk 121/311 (38.9%) chunk=18.91 t/s avg=18.79 t/s 6.441s
0824 04:10:29 ds4-server: chat ctx=0..311:311 prefill chunk 122/311 (39.2%) chunk=18.53 t/s avg=18.78 t/s 6.495s
0824 04:10:29 ds4-server: chat ctx=0..311:311 prefill chunk 123/311 (39.5%) chunk=18.93 t/s avg=18.78 t/s 6.548s
0824 04:10:29 ds4-server: chat ctx=0..311:311 prefill chunk 124/311 (39.9%) chunk=18.19 t/s avg=18.78 t/s 6.603s
0824 04:10:29 ds4-server: chat ctx=0..311:311 prefill chunk 125/311 (40.2%) chunk=17.97 t/s avg=18.77 t/s 6.659s
0824 04:10:29 ds4-server: chat ctx=0..311:311 prefill chunk 126/311 (40.5%) chunk=18.66 t/s avg=18.77 t/s 6.712s
0824 04:10:29 ds4-server: chat ctx=0..311:311 prefill chunk 127/311 (40.8%) chunk=17.89 t/s avg=18.76 t/s 6.768s
0824 04:10:29 ds4-server: chat ctx=0..311:311 prefill chunk 128/311 (41.2%) chunk=18.05 t/s avg=18.76 t/s 6.823s
0824 04:10:29 ds4-server: chat ctx=0..311:311 prefill chunk 129/311 (41.5%) chunk=18.65 t/s avg=18.76 t/s 6.877s
0824 04:10:30 ds4-server: chat ctx=0..311:311 prefill chunk 130/311 (41.8%) chunk=18.82 t/s avg=18.76 t/s 6.930s
0824 04:10:30 ds4-server: chat ctx=0..311:311 prefill chunk 131/311 (42.1%) chunk=19.13 t/s avg=18.76 t/s 6.983s
0824 04:10:30 ds4-server: chat ctx=0..311:311 prefill chunk 132/311 (42.4%) chunk=18.43 t/s avg=18.76 t/s 7.037s
ds4: qwen35moe experts/token avg over 128 tokens: 0:14.3 1:14.6 2:14.4 3:15.1 4:14.4 5:14.7 6:14.2 7:15.1 8:15.4 9:14.6 10:13.2 11:13.4 12:14.4 13:14.0 14:14.8 15:14.9 16:14.9 17:14.1 18:14.7 19:14.5 20:15.4 21:14.5 22:14.0 23:14.7 24:14.9 25:14.2 26:15.3 27:15.1 28:14.5 29:15.6 30:15.2 31:15.6 32:15.8 33:16.5 34:15.5 35:18.1 36:18.3 37:18.9 38:18.5 39:18.8 | mean 15.2
0824 04:10:30 ds4-server: chat ctx=0..311:311 prefill chunk 133/311 (42.8%) chunk=17.85 t/s avg=18.75 t/s 7.093s
0824 04:10:30 ds4-server: chat ctx=0..311:311 prefill chunk 134/311 (43.1%) chunk=18.68 t/s avg=18.75 t/s 7.146s
0824 04:10:30 ds4-server: chat ctx=0..311:311 prefill chunk 135/311 (43.4%) chunk=18.29 t/s avg=18.75 t/s 7.201s
0824 04:10:30 ds4-server: chat ctx=0..311:311 prefill chunk 136/311 (43.7%) chunk=19.36 t/s avg=18.75 t/s 7.253s
0824 04:10:30 ds4-server: chat ctx=0..311:311 prefill chunk 137/311 (44.1%) chunk=18.92 t/s avg=18.75 t/s 7.306s
0824 04:10:30 ds4-server: chat ctx=0..311:311 prefill chunk 138/311 (44.4%) chunk=18.47 t/s avg=18.75 t/s 7.360s
0824 04:10:30 ds4-server: chat ctx=0..311:311 prefill chunk 139/311 (44.7%) chunk=19.13 t/s avg=18.75 t/s 7.412s
0824 04:10:30 ds4-server: chat ctx=0..311:311 prefill chunk 140/311 (45.0%) chunk=18.66 t/s avg=18.75 t/s 7.466s
0824 04:10:30 ds4-server: chat ctx=0..311:311 prefill chunk 141/311 (45.3%) chunk=19.38 t/s avg=18.76 t/s 7.517s
0824 04:10:30 ds4-server: chat ctx=0..311:311 prefill chunk 142/311 (45.7%) chunk=18.01 t/s avg=18.75 t/s 7.573s
0824 04:10:30 ds4-server: chat ctx=0..311:311 prefill chunk 143/311 (46.0%) chunk=17.55 t/s avg=18.74 t/s 7.630s
0824 04:10:30 ds4-server: chat ctx=0..311:311 prefill chunk 144/311 (46.3%) chunk=18.55 t/s avg=18.74 t/s 7.684s
0824 04:10:30 ds4-server: chat ctx=0..311:311 prefill chunk 145/311 (46.6%) chunk=17.76 t/s avg=18.73 t/s 7.740s
0824 04:10:30 ds4-server: chat ctx=0..311:311 prefill chunk 146/311 (46.9%) chunk=18.11 t/s avg=18.73 t/s 7.795s
0824 04:10:30 ds4-server: chat ctx=0..311:311 prefill chunk 147/311 (47.3%) chunk=18.48 t/s avg=18.73 t/s 7.849s
0824 04:10:30 ds4-server: chat ctx=0..311:311 prefill chunk 148/311 (47.6%) chunk=17.72 t/s avg=18.72 t/s 7.906s
0824 04:10:31 ds4-server: chat ctx=0..311:311 prefill chunk 149/311 (47.9%) chunk=17.83 t/s avg=18.71 t/s 7.962s
0824 04:10:31 ds4-server: chat ctx=0..311:311 prefill chunk 150/311 (48.2%) chunk=18.39 t/s avg=18.71 t/s 8.016s
0824 04:10:31 ds4-server: chat ctx=0..311:311 prefill chunk 151/311 (48.6%) chunk=17.63 t/s avg=18.70 t/s 8.073s
0824 04:10:31 ds4-server: chat ctx=0..311:311 prefill chunk 152/311 (48.9%) chunk=18.15 t/s avg=18.70 t/s 8.128s
0824 04:10:31 ds4-server: chat ctx=0..311:311 prefill chunk 153/311 (49.2%) chunk=19.17 t/s avg=18.70 t/s 8.180s
0824 04:10:31 ds4-server: chat ctx=0..311:311 prefill chunk 154/311 (49.5%) chunk=18.08 t/s avg=18.70 t/s 8.235s
0824 04:10:31 ds4-server: chat ctx=0..311:311 prefill chunk 155/311 (49.8%) chunk=18.05 t/s avg=18.70 t/s 8.291s
0824 04:10:31 ds4-server: chat ctx=0..311:311 prefill chunk 156/311 (50.2%) chunk=18.37 t/s avg=18.69 t/s 8.345s
0824 04:10:31 ds4-server: chat ctx=0..311:311 prefill chunk 157/311 (50.5%) chunk=18.38 t/s avg=18.69 t/s 8.400s
0824 04:10:31 ds4-server: chat ctx=0..311:311 prefill chunk 158/311 (50.8%) chunk=18.74 t/s avg=18.69 t/s 8.453s
0824 04:10:31 ds4-server: chat ctx=0..311:311 prefill chunk 159/311 (51.1%) chunk=18.29 t/s avg=18.69 t/s 8.508s
0824 04:10:31 ds4-server: chat ctx=0..311:311 prefill chunk 160/311 (51.4%) chunk=17.46 t/s avg=18.68 t/s 8.565s
0824 04:10:31 ds4-server: chat ctx=0..311:311 prefill chunk 161/311 (51.8%) chunk=18.68 t/s avg=18.68 t/s 8.618s
0824 04:10:31 ds4-server: chat ctx=0..311:311 prefill chunk 162/311 (52.1%) chunk=17.61 t/s avg=18.67 t/s 8.675s
0824 04:10:31 ds4-server: chat ctx=0..311:311 prefill chunk 163/311 (52.4%) chunk=18.33 t/s avg=18.67 t/s 8.730s
0824 04:10:31 ds4-server: chat ctx=0..311:311 prefill chunk 164/311 (52.7%) chunk=18.76 t/s avg=18.67 t/s 8.783s
0824 04:10:31 ds4-server: chat ctx=0..311:311 prefill chunk 165/311 (53.1%) chunk=17.95 t/s avg=18.67 t/s 8.839s
0824 04:10:31 ds4-server: chat ctx=0..311:311 prefill chunk 166/311 (53.4%) chunk=18.37 t/s avg=18.67 t/s 8.893s
0824 04:10:32 ds4-server: chat ctx=0..311:311 prefill chunk 167/311 (53.7%) chunk=19.11 t/s avg=18.67 t/s 8.946s
0824 04:10:32 ds4-server: chat ctx=0..311:311 prefill chunk 168/311 (54.0%) chunk=17.31 t/s avg=18.66 t/s 9.003s
0824 04:10:32 ds4-server: chat ctx=0..311:311 prefill chunk 169/311 (54.3%) chunk=17.90 t/s avg=18.65 t/s 9.059s
0824 04:10:32 ds4-server: chat ctx=0..311:311 prefill chunk 170/311 (54.7%) chunk=18.67 t/s avg=18.66 t/s 9.113s
0824 04:10:32 ds4-server: chat ctx=0..311:311 prefill chunk 171/311 (55.0%) chunk=18.06 t/s avg=18.65 t/s 9.168s
0824 04:10:32 ds4-server: chat ctx=0..311:311 prefill chunk 172/311 (55.3%) chunk=17.92 t/s avg=18.65 t/s 9.224s
0824 04:10:32 ds4-server: chat ctx=0..311:311 prefill chunk 173/311 (55.6%) chunk=18.52 t/s avg=18.65 t/s 9.278s
0824 04:10:32 ds4-server: chat ctx=0..311:311 prefill chunk 174/311 (55.9%) chunk=17.37 t/s avg=18.64 t/s 9.336s
0824 04:10:32 ds4-server: chat ctx=0..311:311 prefill chunk 175/311 (56.3%) chunk=17.67 t/s avg=18.63 t/s 9.392s
0824 04:10:32 ds4-server: chat ctx=0..311:311 prefill chunk 176/311 (56.6%) chunk=18.59 t/s avg=18.63 t/s 9.446s
0824 04:10:32 ds4-server: chat ctx=0..311:311 prefill chunk 177/311 (56.9%) chunk=17.19 t/s avg=18.62 t/s 9.504s
0824 04:10:32 ds4-server: chat ctx=0..311:311 prefill chunk 178/311 (57.2%) chunk=17.37 t/s avg=18.62 t/s 9.562s
0824 04:10:32 ds4-server: chat ctx=0..311:311 prefill chunk 179/311 (57.6%) chunk=18.43 t/s avg=18.61 t/s 9.616s
0824 04:10:32 ds4-server: chat ctx=0..311:311 prefill chunk 180/311 (57.9%) chunk=18.17 t/s avg=18.61 t/s 9.671s
0824 04:10:32 ds4-server: chat ctx=0..311:311 prefill chunk 181/311 (58.2%) chunk=18.22 t/s avg=18.61 t/s 9.726s
0824 04:10:32 ds4-server: chat ctx=0..311:311 prefill chunk 182/311 (58.5%) chunk=18.69 t/s avg=18.61 t/s 9.779s
0824 04:10:32 ds4-server: chat ctx=0..311:311 prefill chunk 183/311 (58.8%) chunk=18.03 t/s avg=18.61 t/s 9.835s
0824 04:10:32 ds4-server: chat ctx=0..311:311 prefill chunk 184/311 (59.2%) chunk=17.90 t/s avg=18.60 t/s 9.891s
0824 04:10:33 ds4-server: chat ctx=0..311:311 prefill chunk 185/311 (59.5%) chunk=18.77 t/s avg=18.60 t/s 9.944s
0824 04:10:33 ds4-server: chat ctx=0..311:311 prefill chunk 186/311 (59.8%) chunk=18.55 t/s avg=18.60 t/s 9.998s
0824 04:10:33 ds4-server: chat ctx=0..311:311 prefill chunk 187/311 (60.1%) chunk=19.00 t/s avg=18.61 t/s 10.051s
0824 04:10:33 ds4-server: chat ctx=0..311:311 prefill chunk 188/311 (60.5%) chunk=18.03 t/s avg=18.60 t/s 10.106s
0824 04:10:33 ds4-server: chat ctx=0..311:311 prefill chunk 189/311 (60.8%) chunk=17.51 t/s avg=18.60 t/s 10.163s
0824 04:10:33 ds4-server: chat ctx=0..311:311 prefill chunk 190/311 (61.1%) chunk=18.64 t/s avg=18.60 t/s 10.217s
0824 04:10:33 ds4-server: chat ctx=0..311:311 prefill chunk 191/311 (61.4%) chunk=18.06 t/s avg=18.59 t/s 10.272s
0824 04:10:33 ds4-server: chat ctx=0..311:311 prefill chunk 192/311 (61.7%) chunk=18.01 t/s avg=18.59 t/s 10.328s
0824 04:10:33 ds4-server: chat ctx=0..311:311 prefill chunk 193/311 (62.1%) chunk=17.94 t/s avg=18.59 t/s 10.383s
0824 04:10:33 ds4-server: chat ctx=0..311:311 prefill chunk 194/311 (62.4%) chunk=17.87 t/s avg=18.58 t/s 10.439s
0824 04:10:33 ds4-server: chat ctx=0..311:311 prefill chunk 195/311 (62.7%) chunk=17.43 t/s avg=18.58 t/s 10.497s
0824 04:10:33 ds4-server: chat ctx=0..311:311 prefill chunk 196/311 (63.0%) chunk=18.24 t/s avg=18.58 t/s 10.552s
0824 04:10:33 ds4-server: chat ctx=0..311:311 prefill chunk 197/311 (63.3%) chunk=17.78 t/s avg=18.57 t/s 10.608s
0824 04:10:33 ds4-server: chat ctx=0..311:311 prefill chunk 198/311 (63.7%) chunk=17.25 t/s avg=18.56 t/s 10.666s
0824 04:10:33 ds4-server: chat ctx=0..311:311 prefill chunk 199/311 (64.0%) chunk=17.85 t/s avg=18.56 t/s 10.722s
0824 04:10:33 ds4-server: chat ctx=0..311:311 prefill chunk 200/311 (64.3%) chunk=18.01 t/s avg=18.56 t/s 10.777s
0824 04:10:33 ds4-server: chat ctx=0..311:311 prefill chunk 201/311 (64.6%) chunk=17.90 t/s avg=18.55 t/s 10.833s
0824 04:10:33 ds4-server: chat ctx=0..311:311 prefill chunk 202/311 (65.0%) chunk=18.49 t/s avg=18.55 t/s 10.887s
0824 04:10:34 ds4-server: chat ctx=0..311:311 prefill chunk 203/311 (65.3%) chunk=18.21 t/s avg=18.55 t/s 10.942s
0824 04:10:34 ds4-server: chat ctx=0..311:311 prefill chunk 204/311 (65.6%) chunk=17.43 t/s avg=18.55 t/s 11.000s
0824 04:10:34 ds4-server: chat ctx=0..311:311 prefill chunk 205/311 (65.9%) chunk=18.33 t/s avg=18.55 t/s 11.054s
0824 04:10:34 ds4-server: chat ctx=0..311:311 prefill chunk 206/311 (66.2%) chunk=18.53 t/s avg=18.55 t/s 11.108s
0824 04:10:34 ds4-server: chat ctx=0..311:311 prefill chunk 207/311 (66.6%) chunk=17.33 t/s avg=18.54 t/s 11.166s
0824 04:10:34 ds4-server: chat ctx=0..311:311 prefill chunk 208/311 (66.9%) chunk=17.11 t/s avg=18.53 t/s 11.224s
0824 04:10:34 ds4-server: chat ctx=0..311:311 prefill chunk 209/311 (67.2%) chunk=18.35 t/s avg=18.53 t/s 11.279s
0824 04:10:34 ds4-server: chat ctx=0..311:311 prefill chunk 210/311 (67.5%) chunk=17.43 t/s avg=18.52 t/s 11.336s
0824 04:10:34 ds4-server: chat ctx=0..311:311 prefill chunk 211/311 (67.8%) chunk=17.66 t/s avg=18.52 t/s 11.393s
0824 04:10:34 ds4-server: chat ctx=0..311:311 prefill chunk 212/311 (68.2%) chunk=17.48 t/s avg=18.52 t/s 11.450s
0824 04:10:34 ds4-server: chat ctx=0..311:311 prefill chunk 213/311 (68.5%) chunk=18.15 t/s avg=18.51 t/s 11.505s
0824 04:10:34 ds4-server: chat ctx=0..311:311 prefill chunk 214/311 (68.8%) chunk=17.67 t/s avg=18.51 t/s 11.562s
0824 04:10:34 ds4-server: chat ctx=0..311:311 prefill chunk 215/311 (69.1%) chunk=17.65 t/s avg=18.51 t/s 11.618s
0824 04:10:34 ds4-server: chat ctx=0..311:311 prefill chunk 216/311 (69.5%) chunk=18.21 t/s avg=18.50 t/s 11.673s
0824 04:10:34 ds4-server: chat ctx=0..311:311 prefill chunk 217/311 (69.8%) chunk=17.47 t/s avg=18.50 t/s 11.730s
0824 04:10:34 ds4-server: chat ctx=0..311:311 prefill chunk 218/311 (70.1%) chunk=18.88 t/s avg=18.50 t/s 11.783s
0824 04:10:34 ds4-server: chat ctx=0..311:311 prefill chunk 219/311 (70.4%) chunk=17.79 t/s avg=18.50 t/s 11.840s
0824 04:10:34 ds4-server: chat ctx=0..311:311 prefill chunk 220/311 (70.7%) chunk=17.66 t/s avg=18.49 t/s 11.896s
0824 04:10:35 ds4-server: chat ctx=0..311:311 prefill chunk 221/311 (71.1%) chunk=18.72 t/s avg=18.49 t/s 11.950s
0824 04:10:35 ds4-server: chat ctx=0..311:311 prefill chunk 222/311 (71.4%) chunk=17.69 t/s avg=18.49 t/s 12.006s
0824 04:10:35 ds4-server: chat ctx=0..311:311 prefill chunk 223/311 (71.7%) chunk=18.06 t/s avg=18.49 t/s 12.062s
0824 04:10:35 ds4-server: chat ctx=0..311:311 prefill chunk 224/311 (72.0%) chunk=18.36 t/s avg=18.49 t/s 12.116s
0824 04:10:35 ds4-server: chat ctx=0..311:311 prefill chunk 225/311 (72.3%) chunk=18.04 t/s avg=18.49 t/s 12.171s
0824 04:10:35 ds4-server: chat ctx=0..311:311 prefill chunk 226/311 (72.7%) chunk=17.86 t/s avg=18.48 t/s 12.227s
0824 04:10:35 ds4-server: chat ctx=0..311:311 prefill chunk 227/311 (73.0%) chunk=18.14 t/s avg=18.48 t/s 12.283s
0824 04:10:35 ds4-server: chat ctx=0..311:311 prefill chunk 228/311 (73.3%) chunk=17.43 t/s avg=18.48 t/s 12.340s
0824 04:10:35 ds4-server: chat ctx=0..311:311 prefill chunk 229/311 (73.6%) chunk=17.95 t/s avg=18.47 t/s 12.396s
0824 04:10:35 ds4-server: chat ctx=0..311:311 prefill chunk 230/311 (74.0%) chunk=17.99 t/s avg=18.47 t/s 12.451s
0824 04:10:35 ds4-server: chat ctx=0..311:311 prefill chunk 231/311 (74.3%) chunk=17.37 t/s avg=18.47 t/s 12.509s
0824 04:10:35 ds4-server: chat ctx=0..311:311 prefill chunk 232/311 (74.6%) chunk=17.81 t/s avg=18.46 t/s 12.565s
0824 04:10:35 ds4-server: chat ctx=0..311:311 prefill chunk 233/311 (74.9%) chunk=18.16 t/s avg=18.46 t/s 12.620s
0824 04:10:35 ds4-server: chat ctx=0..311:311 prefill chunk 234/311 (75.2%) chunk=17.84 t/s avg=18.46 t/s 12.676s
0824 04:10:35 ds4-server: chat ctx=0..311:311 prefill chunk 235/311 (75.6%) chunk=17.89 t/s avg=18.46 t/s 12.732s
0824 04:10:35 ds4-server: chat ctx=0..311:311 prefill chunk 236/311 (75.9%) chunk=18.70 t/s avg=18.46 t/s 12.785s
0824 04:10:35 ds4-server: chat ctx=0..311:311 prefill chunk 237/311 (76.2%) chunk=17.96 t/s avg=18.46 t/s 12.841s
0824 04:10:35 ds4-server: chat ctx=0..311:311 prefill chunk 238/311 (76.5%) chunk=17.42 t/s avg=18.45 t/s 12.899s
0824 04:10:36 ds4-server: chat ctx=0..311:311 prefill chunk 239/311 (76.8%) chunk=18.15 t/s avg=18.45 t/s 12.954s
0824 04:10:36 ds4-server: chat ctx=0..311:311 prefill chunk 240/311 (77.2%) chunk=18.17 t/s avg=18.45 t/s 13.009s
0824 04:10:36 ds4-server: chat ctx=0..311:311 prefill chunk 241/311 (77.5%) chunk=17.95 t/s avg=18.45 t/s 13.064s
0824 04:10:36 ds4-server: chat ctx=0..311:311 prefill chunk 242/311 (77.8%) chunk=18.39 t/s avg=18.45 t/s 13.119s
0824 04:10:36 ds4-server: chat ctx=0..311:311 prefill chunk 243/311 (78.1%) chunk=17.14 t/s avg=18.44 t/s 13.177s
0824 04:10:36 ds4-server: chat ctx=0..311:311 prefill chunk 244/311 (78.5%) chunk=17.62 t/s avg=18.44 t/s 13.234s
0824 04:10:36 ds4-server: chat ctx=0..311:311 prefill chunk 245/311 (78.8%) chunk=17.22 t/s avg=18.43 t/s 13.292s
0824 04:10:36 ds4-server: chat ctx=0..311:311 prefill chunk 246/311 (79.1%) chunk=17.30 t/s avg=18.43 t/s 13.350s
0824 04:10:36 ds4-server: chat ctx=0..311:311 prefill chunk 247/311 (79.4%) chunk=17.82 t/s avg=18.42 t/s 13.406s
0824 04:10:36 ds4-server: chat ctx=0..311:311 prefill chunk 248/311 (79.7%) chunk=16.82 t/s avg=18.42 t/s 13.465s
0824 04:10:36 ds4-server: chat ctx=0..311:311 prefill chunk 249/311 (80.1%) chunk=17.93 t/s avg=18.42 t/s 13.521s
0824 04:10:36 ds4-server: chat ctx=0..311:311 prefill chunk 250/311 (80.4%) chunk=18.16 t/s avg=18.41 t/s 13.576s
0824 04:10:36 ds4-server: chat ctx=0..311:311 prefill chunk 251/311 (80.7%) chunk=17.59 t/s avg=18.41 t/s 13.633s
0824 04:10:36 ds4-server: chat ctx=0..311:311 prefill chunk 252/311 (81.0%) chunk=17.15 t/s avg=18.41 t/s 13.691s
0824 04:10:36 ds4-server: chat ctx=0..311:311 prefill chunk 253/311 (81.4%) chunk=18.19 t/s avg=18.40 t/s 13.746s
0824 04:10:36 ds4-server: chat ctx=0..311:311 prefill chunk 254/311 (81.7%) chunk=17.84 t/s avg=18.40 t/s 13.802s
0824 04:10:36 ds4-server: chat ctx=0..311:311 prefill chunk 255/311 (82.0%) chunk=18.11 t/s avg=18.40 t/s 13.858s
0824 04:10:37 ds4-server: chat ctx=0..311:311 prefill chunk 256/311 (82.3%) chunk=18.20 t/s avg=18.40 t/s 13.913s
0824 04:10:37 ds4-server: chat ctx=0..311:311 prefill chunk 257/311 (82.6%) chunk=17.69 t/s avg=18.40 t/s 13.969s
0824 04:10:37 ds4-server: chat ctx=0..311:311 prefill chunk 258/311 (83.0%) chunk=17.62 t/s avg=18.39 t/s 14.026s
0824 04:10:37 ds4-server: chat ctx=0..311:311 prefill chunk 259/311 (83.3%) chunk=17.86 t/s avg=18.39 t/s 14.082s
0824 04:10:37 ds4-server: chat ctx=0..311:311 prefill chunk 260/311 (83.6%) chunk=17.33 t/s avg=18.39 t/s 14.139s
ds4: qwen35moe experts/token avg over 128 tokens: 0:14.8 1:15.3 2:16.1 3:16.5 4:15.5 5:15.2 6:15.5 7:15.6 8:17.2 9:16.7 10:15.0 11:14.5 12:14.6 13:15.2 14:14.8 15:16.0 16:15.3 17:15.3 18:16.1 19:15.3 20:15.6 21:15.3 22:15.4 23:15.3 24:15.8 25:15.4 26:15.6 27:16.8 28:17.2 29:16.7 30:17.3 31:18.0 32:17.5 33:17.8 34:17.0 35:18.8 36:18.9 37:19.2 38:18.9 39:19.0 | mean 16.3
0824 04:10:37 ds4-server: chat ctx=0..311:311 prefill chunk 261/311 (83.9%) chunk=17.02 t/s avg=18.38 t/s 14.198s
0824 04:10:37 ds4-server: chat ctx=0..311:311 prefill chunk 262/311 (84.2%) chunk=18.97 t/s avg=18.38 t/s 14.251s
0824 04:10:37 ds4-server: chat ctx=0..311:311 prefill chunk 263/311 (84.6%) chunk=17.27 t/s avg=18.38 t/s 14.309s
0824 04:10:37 ds4-server: chat ctx=0..311:311 prefill chunk 264/311 (84.9%) chunk=17.05 t/s avg=18.37 t/s 14.367s
0824 04:10:37 ds4-server: chat ctx=0..311:311 prefill chunk 265/311 (85.2%) chunk=17.62 t/s avg=18.37 t/s 14.424s
0824 04:10:37 ds4-server: chat ctx=0..311:311 prefill chunk 266/311 (85.5%) chunk=18.10 t/s avg=18.37 t/s 14.479s
0824 04:10:37 ds4-server: chat ctx=0..311:311 prefill chunk 267/311 (85.9%) chunk=17.47 t/s avg=18.37 t/s 14.537s
0824 04:10:37 ds4-server: chat ctx=0..311:311 prefill chunk 268/311 (86.2%) chunk=17.49 t/s avg=18.36 t/s 14.594s
0824 04:10:37 ds4-server: chat ctx=0..311:311 prefill chunk 269/311 (86.5%) chunk=17.96 t/s avg=18.36 t/s 14.650s
0824 04:10:37 ds4-server: chat ctx=0..311:311 prefill chunk 270/311 (86.8%) chunk=17.68 t/s avg=18.36 t/s 14.706s
0824 04:10:37 ds4-server: chat ctx=0..311:311 prefill chunk 271/311 (87.1%) chunk=17.29 t/s avg=18.36 t/s 14.764s
0824 04:10:37 ds4-server: chat ctx=0..311:311 prefill chunk 272/311 (87.5%) chunk=17.56 t/s avg=18.35 t/s 14.821s
0824 04:10:37 ds4-server: chat ctx=0..311:311 prefill chunk 273/311 (87.8%) chunk=17.84 t/s avg=18.35 t/s 14.877s
0824 04:10:38 ds4-server: chat ctx=0..311:311 prefill chunk 274/311 (88.1%) chunk=17.38 t/s avg=18.35 t/s 14.935s
0824 04:10:38 ds4-server: chat ctx=0..311:311 prefill chunk 275/311 (88.4%) chunk=17.81 t/s avg=18.34 t/s 14.991s
0824 04:10:38 ds4-server: chat ctx=0..311:311 prefill chunk 276/311 (88.7%) chunk=17.94 t/s avg=18.34 t/s 15.046s
0824 04:10:38 ds4-server: chat ctx=0..311:311 prefill chunk 277/311 (89.1%) chunk=17.06 t/s avg=18.34 t/s 15.105s
0824 04:10:38 ds4-server: chat ctx=0..311:311 prefill chunk 278/311 (89.4%) chunk=17.50 t/s avg=18.34 t/s 15.162s
0824 04:10:38 ds4-server: chat ctx=0..311:311 prefill chunk 279/311 (89.7%) chunk=17.70 t/s avg=18.33 t/s 15.219s
0824 04:10:38 ds4-server: chat ctx=0..311:311 prefill chunk 280/311 (90.0%) chunk=16.83 t/s avg=18.33 t/s 15.278s
0824 04:10:38 ds4-server: chat ctx=0..311:311 prefill chunk 281/311 (90.4%) chunk=17.84 t/s avg=18.33 t/s 15.334s
0824 04:10:38 ds4-server: chat ctx=0..311:311 prefill chunk 282/311 (90.7%) chunk=17.31 t/s avg=18.32 t/s 15.392s
0824 04:10:38 ds4-server: chat ctx=0..311:311 prefill chunk 283/311 (91.0%) chunk=17.94 t/s avg=18.32 t/s 15.448s
0824 04:10:38 ds4-server: chat ctx=0..311:311 prefill chunk 284/311 (91.3%) chunk=17.67 t/s avg=18.32 t/s 15.504s
0824 04:10:38 ds4-server: chat ctx=0..311:311 prefill chunk 285/311 (91.6%) chunk=17.30 t/s avg=18.31 t/s 15.562s
0824 04:10:38 ds4-server: chat ctx=0..311:311 prefill chunk 286/311 (92.0%) chunk=18.58 t/s avg=18.31 t/s 15.616s
0824 04:10:38 ds4-server: chat ctx=0..311:311 prefill chunk 287/311 (92.3%) chunk=17.31 t/s avg=18.31 t/s 15.674s
0824 04:10:38 ds4-server: chat ctx=0..311:311 prefill chunk 288/311 (92.6%) chunk=18.03 t/s avg=18.31 t/s 15.729s
0824 04:10:38 ds4-server: chat ctx=0..311:311 prefill chunk 289/311 (92.9%) chunk=18.36 t/s avg=18.31 t/s 15.784s
0824 04:10:38 ds4-server: chat ctx=0..311:311 prefill chunk 290/311 (93.2%) chunk=18.01 t/s avg=18.31 t/s 15.839s
0824 04:10:38 ds4-server: chat ctx=0..311:311 prefill chunk 291/311 (93.6%) chunk=17.96 t/s avg=18.31 t/s 15.895s
0824 04:10:39 ds4-server: chat ctx=0..311:311 prefill chunk 292/311 (93.9%) chunk=17.48 t/s avg=18.30 t/s 15.952s
0824 04:10:39 ds4-server: chat ctx=0..311:311 prefill chunk 293/311 (94.2%) chunk=17.91 t/s avg=18.30 t/s 16.008s
0824 04:10:39 ds4-server: chat ctx=0..311:311 prefill chunk 294/311 (94.5%) chunk=17.44 t/s avg=18.30 t/s 16.065s
0824 04:10:39 ds4-server: chat ctx=0..311:311 prefill chunk 295/311 (94.9%) chunk=17.28 t/s avg=18.30 t/s 16.123s
0824 04:10:39 ds4-server: chat ctx=0..311:311 prefill chunk 296/311 (95.2%) chunk=17.52 t/s avg=18.29 t/s 16.180s
0824 04:10:39 ds4-server: chat ctx=0..311:311 prefill chunk 297/311 (95.5%) chunk=16.66 t/s avg=18.29 t/s 16.240s
0824 04:10:39 ds4-server: chat ctx=0..311:311 prefill chunk 298/311 (95.8%) chunk=17.21 t/s avg=18.28 t/s 16.298s
0824 04:10:39 ds4-server: chat ctx=0..311:311 prefill chunk 299/311 (96.1%) chunk=18.07 t/s avg=18.28 t/s 16.354s
0824 04:10:39 ds4-server: chat ctx=0..311:311 prefill chunk 300/311 (96.5%) chunk=17.66 t/s avg=18.28 t/s 16.410s
0824 04:10:39 ds4-server: chat ctx=0..311:311 prefill chunk 301/311 (96.8%) chunk=17.38 t/s avg=18.28 t/s 16.468s
0824 04:10:39 ds4-server: chat ctx=0..311:311 prefill chunk 302/311 (97.1%) chunk=17.76 t/s avg=18.28 t/s 16.524s
0824 04:10:39 ds4-server: chat ctx=0..311:311 prefill chunk 303/311 (97.4%) chunk=17.60 t/s avg=18.27 t/s 16.581s
0824 04:10:39 ds4-server: chat ctx=0..311:311 prefill chunk 304/311 (97.7%) chunk=17.90 t/s avg=18.27 t/s 16.637s
0824 04:10:39 ds4-server: chat ctx=0..311:311 prefill chunk 305/311 (98.1%) chunk=18.67 t/s avg=18.27 t/s 16.690s
0824 04:10:39 ds4-server: chat ctx=0..311:311 prefill chunk 306/311 (98.4%) chunk=18.01 t/s avg=18.27 t/s 16.746s
0824 04:10:39 ds4-server: chat ctx=0..311:311 prefill chunk 307/311 (98.7%) chunk=17.96 t/s avg=18.27 t/s 16.801s
0824 04:10:39 ds4-server: chat ctx=0..311:311 prefill chunk 308/311 (99.0%) chunk=19.65 t/s avg=18.28 t/s 16.852s
0824 04:10:39 ds4-server: chat ctx=0..311:311 prefill chunk 309/311 (99.4%) chunk=17.71 t/s avg=18.27 t/s 16.909s
0824 04:10:40 ds4-server: chat ctx=0..311:311 prefill chunk 310/311 (99.7%) chunk=18.72 t/s avg=18.28 t/s 16.962s
0824 04:10:40 ds4-server: chat ctx=0..311:311 prefill chunk 311/311 (100.0%) chunk=20.15 t/s avg=18.28 t/s 17.012s
0824 04:10:40 ds4-server: chat ctx=0..311:311 prompt done 17.012s
0824 04:10:42 ds4-server: chat ctx=311..361:50 gen=50 THINKING decoding chunk=18.10 t/s avg=18.10 t/s 2.762s
ds4: qwen35moe experts/token avg over 128 tokens: 0:14.7 1:15.2 2:15.5 3:15.6 4:15.4 5:14.8 6:15.4 7:16.3 8:16.7 9:16.4 10:14.5 11:15.0 12:15.2 13:15.7 14:15.8 15:16.3 16:16.0 17:15.2 18:16.2 19:15.6 20:16.4 21:16.0 22:15.4 23:15.7 24:16.2 25:16.0 26:16.2 27:17.1 28:16.9 29:16.1 30:16.1 31:16.3 32:16.7 33:16.6 34:15.8 35:18.0 36:17.0 37:18.3 38:18.8 39:18.5 | mean 16.1
0824 04:10:45 ds4-server: chat ctx=361..411:50 gen=100 THINKING decoding chunk=17.48 t/s avg=17.78 t/s 5.623s
0824 04:10:48 ds4-server: chat ctx=411..461:50 gen=150 THINKING decoding chunk=17.82 t/s avg=17.79 t/s 8.430s
0824 04:10:51 ds4-server: chat ctx=461..511:50 gen=200 THINKING decoding chunk=17.72 t/s avg=17.77 t/s 11.252s
ds4: qwen35moe experts/token avg over 128 tokens: 0:14.9 1:15.3 2:15.1 3:16.0 4:15.2 5:15.6 6:15.8 7:16.8 8:17.3 9:16.6 10:14.8 11:14.4 12:15.1 13:15.4 14:16.4 15:16.1 16:15.3 17:15.6 18:15.3 19:15.9 20:16.0 21:15.7 22:15.8 23:15.0 24:15.5 25:15.7 26:16.1 27:16.2 28:15.8 29:15.3 30:15.6 31:16.3 32:15.3 33:15.1 34:15.1 35:17.0 36:16.5 37:18.0 38:18.2 39:18.0 | mean 15.9
0824 04:10:54 ds4-server: chat ctx=511..561:50 gen=250 THINKING decoding chunk=17.62 t/s avg=17.74 t/s 14.089s
0824 04:10:57 ds4-server: chat ctx=561..611:50 gen=300 THINKING decoding chunk=17.20 t/s avg=17.65 t/s 16.995s
ds4: qwen35moe experts/token avg over 128 tokens: 0:14.8 1:15.8 2:15.5 3:17.5 4:15.7 5:16.1 6:15.6 7:17.0 8:17.6 9:16.8 10:15.3 11:15.0 12:15.3 13:15.5 14:16.4 15:16.8 16:15.6 17:15.7 18:15.7 19:16.5 20:16.7 21:16.2 22:15.4 23:15.4 24:15.7 25:15.4 26:16.1 27:16.0 28:15.4 29:16.0 30:16.0 31:16.1 32:15.6 33:16.3 34:15.2 35:17.5 36:16.3 37:18.0 38:18.4 39:17.9 | mean 16.1
0824 04:10:59 ds4-server: chat ctx=611..661:50 gen=350 THINKING decoding chunk=17.29 t/s avg=17.60 t/s 19.887s
0824 04:11:02 ds4-server: chat ctx=661..711:50 gen=400 THINKING decoding chunk=17.07 t/s avg=17.53 t/s 22.816s
0824 04:11:05 ds4-server: chat ctx=711..761:50 gen=450 THINKING decoding chunk=16.94 t/s avg=17.46 t/s 25.768s
ds4: qwen35moe experts/token avg over 128 tokens: 0:15.1 1:16.5 2:16.4 3:17.3 4:16.0 5:16.8 6:16.1 7:16.8 8:18.1 9:17.4 10:16.3 11:15.4 12:15.6 13:15.7 14:16.1 15:16.8 16:15.5 17:16.3 18:15.9 19:16.3 20:16.9 21:15.9 22:15.4 23:15.5 24:15.6 25:15.4 26:15.9 27:16.8 28:16.1 29:16.3 30:16.4 31:16.8 32:16.2 33:16.4 34:16.2 35:17.5 36:16.6 37:17.6 38:18.4 39:17.9 | mean 16.4
0824 04:11:08 ds4-server: chat ctx=761..811:50 gen=500 THINKING decoding chunk=16.59 t/s avg=17.37 t/s 28.782s
0824 04:11:11 ds4-server: chat ctx=811..861:50 gen=550 THINKING decoding chunk=16.78 t/s avg=17.32 t/s 31.761s
ds4: qwen35moe experts/token avg over 128 tokens: 0:15.5 1:16.6 2:16.5 3:17.5 4:16.9 5:16.8 6:16.5 7:17.0 8:18.0 9:17.6 10:16.5 11:15.7 12:15.9 13:15.8 14:17.1 15:17.2 16:15.7 17:16.3 18:16.0 19:16.5 20:17.3 21:17.2 22:16.3 23:15.8 24:16.0 25:15.4 26:16.4 27:17.0 28:16.3 29:17.2 30:16.9 31:17.6 32:17.1 33:17.6 34:16.8 35:18.7 36:17.8 37:18.9 38:19.1 39:17.8 | mean 16.9
0824 04:11:14 ds4-server: chat ctx=861..911:50 gen=600 THINKING decoding chunk=16.61 t/s avg=17.26 t/s 34.771s
0824 04:11:17 ds4-server: chat ctx=911..961:50 gen=650 THINKING decoding chunk=16.57 t/s avg=17.20 t/s 37.788s
0824 04:11:20 ds4-server: chat ctx=961..1011:50 gen=700 THINKING decoding chunk=16.43 t/s avg=17.14 t/s 40.831s
ds4: qwen35moe experts/token avg over 128 tokens: 0:14.9 1:16.6 2:16.5 3:17.5 4:17.2 5:16.8 6:17.2 7:17.0 8:18.3 9:17.5 10:16.3 11:16.2 12:15.8 13:15.9 14:16.4 15:17.4 16:16.2 17:16.4 18:16.3 19:16.3 20:17.0 21:16.9 22:16.0 23:16.5 24:16.6 25:16.0 26:16.5 27:17.4 28:17.2 29:17.2 30:17.4 31:17.6 32:17.3 33:17.5 34:17.0 35:18.9 36:17.4 37:19.0 38:19.0 39:18.4 | mean 17.0
0824 04:11:23 ds4-server: chat ctx=1011..1061:50 gen=750 THINKING decoding chunk=16.36 t/s avg=17.09 t/s 43.887s
0824 04:11:27 ds4-server: chat ctx=1061..1111:50 gen=800 THINKING decoding chunk=16.46 t/s avg=17.05 t/s 46.925s
ds4: qwen35moe experts/token avg over 128 tokens: 0:15.0 1:15.4 2:15.6 3:16.7 4:15.9 5:16.3 6:15.7 7:16.7 8:17.7 9:17.1 10:15.6 11:15.4 12:16.2 13:16.1 14:17.6 15:16.5 16:16.4 17:16.6 18:16.1 19:16.6 20:16.8 21:16.4 22:16.0 23:15.6 24:16.1 25:15.7 26:16.4 27:16.7 28:15.9 29:16.1 30:16.1 31:16.8 32:15.4 33:15.9 34:15.5 35:17.2 36:16.2 37:17.5 38:18.3 39:17.9 | mean 16.3
0824 04:11:30 ds4-server: chat ctx=1111..1161:50 gen=850 THINKING decoding chunk=16.39 t/s avg=17.01 t/s 49.976s
0824 04:11:33 ds4-server: chat ctx=1161..1211:50 gen=900 THINKING decoding chunk=16.22 t/s avg=16.96 t/s 53.059s
0824 04:11:36 ds4-server: chat ctx=1211..1261:50 gen=950 THINKING decoding chunk=16.33 t/s avg=16.93 t/s 56.121s
ds4: qwen35moe experts/token avg over 128 tokens: 0:15.0 1:16.1 2:15.8 3:17.0 4:16.2 5:16.2 6:16.5 7:17.3 8:17.9 9:17.0 10:16.0 11:15.7 12:16.1 13:16.5 14:16.8 15:16.5 16:16.2 17:16.3 18:16.2 19:16.1 20:16.8 21:16.2 22:16.0 23:15.4 24:15.5 25:16.0 26:15.9 27:16.1 28:15.8 29:15.9 30:15.7 31:15.9 32:15.5 33:15.8 34:15.4 35:17.3 36:16.7 37:18.5 38:18.5 39:17.9 | mean 16.4
0824 04:11:39 ds4-server: chat ctx=1261..1311:50 gen=1000 THINKING decoding chunk=16.10 t/s avg=16.88 t/s 59.226s
0824 04:11:42 ds4-server: chat ctx=1311..1361:50 gen=1050 THINKING decoding chunk=16.10 t/s avg=16.85 t/s 62.332s
0824 04:11:45 ds4-server: chat ctx=1361..1411:50 gen=1100 THINKING decoding chunk=15.97 t/s avg=16.80 t/s 65.463s
ds4: qwen35moe experts/token avg over 128 tokens: 0:15.4 1:16.4 2:16.2 3:16.6 4:16.6 5:16.9 6:16.2 7:17.4 8:18.1 9:17.7 10:15.9 11:15.4 12:16.0 13:16.6 14:16.8 15:17.2 16:15.9 17:15.9 18:15.8 19:16.6 20:16.9 21:16.9 22:15.8 23:15.6 24:16.2 25:15.8 26:16.3 27:15.9 28:16.0 29:15.7 30:16.1 31:16.8 32:15.6 33:16.1 34:15.0 35:17.4 36:16.4 37:17.9 38:18.6 39:17.8 | mean 16.5
0824 04:11:48 ds4-server: chat ctx=1411..1461:50 gen=1150 THINKING decoding chunk=16.14 t/s avg=16.77 t/s 68.561s
0824 04:11:51 ds4-server: chat ctx=1461..1511:50 gen=1200 THINKING decoding chunk=16.12 t/s avg=16.75 t/s 71.662s
ds4: qwen35moe experts/token avg over 128 tokens: 0:15.2 1:15.7 2:15.5 3:16.0 4:16.0 5:15.7 6:16.0 7:16.5 8:17.2 9:16.9 10:15.5 11:14.6 12:15.0 13:15.5 14:15.4 15:16.0 16:15.7 17:15.5 18:15.1 19:15.0 20:16.3 21:16.0 22:15.1 23:14.5 24:15.2 25:15.0 26:14.8 27:15.6 28:15.1 29:16.0 30:15.0 31:15.4 32:15.1 33:14.3 34:14.1 35:16.4 36:16.0 37:17.5 38:18.1 39:16.3 | mean 15.6
0824 04:11:54 ds4-server: chat ctx=1511..1561:50 gen=1250 THINKING decoding chunk=15.93 t/s avg=16.71 t/s 74.801s
0824 04:11:58 ds4-server: chat ctx=1561..1611:50 gen=1300 THINKING decoding chunk=15.78 t/s avg=16.67 t/s 77.969s
0824 04:12:01 ds4-server: chat ctx=1611..1661:50 gen=1350 THINKING decoding chunk=15.52 t/s avg=16.63 t/s 81.190s
ds4: qwen35moe experts/token avg over 128 tokens: 0:15.5 1:16.3 2:15.9 3:17.1 4:16.4 5:16.4 6:16.5 7:17.0 8:18.0 9:17.5 10:15.8 11:15.3 12:16.2 13:16.8 14:16.9 15:17.0 16:16.6 17:16.5 18:16.1 19:15.8 20:16.5 21:16.3 22:15.8 23:15.2 24:15.6 25:15.7 26:16.0 27:16.4 28:16.4 29:15.4 30:14.9 31:16.3 32:15.3 33:15.1 34:15.0 35:17.5 36:15.9 37:18.1 38:18.8 39:17.6 | mean 16.3
0824 04:12:04 ds4-server: chat ctx=1661..1711:50 gen=1400 THINKING decoding chunk=15.37 t/s avg=16.58 t/s 84.443s
0824 04:12:07 ds4-server: chat ctx=1711..1761:50 gen=1450 THINKING decoding chunk=15.30 t/s avg=16.53 t/s 87.710s
ds4: qwen35moe experts/token avg over 128 tokens: 0:15.8 1:16.4 2:16.4 3:17.3 4:17.2 5:17.5 6:17.5 7:18.8 8:18.7 9:18.3 10:16.9 11:16.2 12:17.4 13:17.6 14:17.4 15:17.5 16:17.0 17:17.1 18:16.7 19:17.7 20:18.2 21:18.1 22:16.3 23:16.3 24:16.9 25:16.6 26:17.0 27:16.7 28:15.7 29:16.1 30:16.1 31:16.8 32:16.1 33:15.4 34:15.7 35:17.7 36:16.7 37:18.3 38:18.7 39:18.3 | mean 17.1
0824 04:12:11 ds4-server: chat ctx=1761..1811:50 gen=1500 THINKING decoding chunk=15.19 t/s avg=16.48 t/s 91.002s
0824 04:12:14 ds4-server: chat ctx=1811..1861:50 gen=1550 decoding chunk=15.49 t/s avg=16.45 t/s 94.230s
0824 04:12:17 ds4-server: chat ctx=1861..1911:50 gen=1600 decoding chunk=15.12 t/s avg=16.40 t/s 97.536s
ds4: qwen35moe experts/token avg over 128 tokens: 0:15.4 1:16.3 2:16.1 3:17.7 4:17.0 5:16.8 6:17.1 7:17.4 8:18.1 9:17.4 10:16.3 11:15.6 12:16.2 13:16.6 14:17.0 15:17.7 16:16.5 17:16.5 18:16.5 19:16.0 20:16.6 21:16.4 22:16.0 23:15.2 24:15.7 25:15.5 26:16.2 27:16.0 28:15.9 29:15.3 30:15.4 31:16.2 32:15.2 33:15.0 34:15.2 35:17.8 36:16.2 37:18.4 38:19.0 39:18.1 | mean 16.5
0824 04:12:19 ds4-server: chat ctx=1911..1941:30 gen=1630 decoding chunk=15.04 t/s avg=16.38 t/s 99.530s
0824 04:12:19 ds4-server: thinking live checkpoint remembered ctx=0..311:311 live=1941 visible=2139
0824 04:12:19 ds4-server: chat ctx=0..311:311 gen=1630 finish=stop 116.542s
0824 04:12:19 ds4-server: live kv cache miss live=1941 prompt=159 common=65 reason=token-mismatch
0824 04:12:19 ds4-server: chat ctx=0..159:159 prompt start
0824 04:12:19 ds4-server: chat ctx=0..159:159 prefill chunk 1/159 (0.6%) chunk=0.00 t/s avg=19.25 t/s 0.052s
0824 04:12:19 ds4-server: chat ctx=0..159:159 prefill chunk 2/159 (1.3%) chunk=19.75 t/s avg=19.49 t/s 0.103s
0824 04:12:19 ds4-server: chat ctx=0..159:159 prefill chunk 3/159 (1.9%) chunk=19.17 t/s avg=19.38 t/s 0.155s
0824 04:12:19 ds4-server: chat ctx=0..159:159 prefill chunk 4/159 (2.5%) chunk=19.45 t/s avg=19.40 t/s 0.206s
0824 04:12:19 ds4-server: chat ctx=0..159:159 prefill chunk 5/159 (3.1%) chunk=19.24 t/s avg=19.37 t/s 0.258s
0824 04:12:19 ds4-server: chat ctx=0..159:159 prefill chunk 6/159 (3.8%) chunk=18.95 t/s avg=19.30 t/s 0.311s
0824 04:12:19 ds4-server: chat ctx=0..159:159 prefill chunk 7/159 (4.4%) chunk=19.66 t/s avg=19.35 t/s 0.362s
0824 04:12:20 ds4-server: chat ctx=0..159:159 prefill chunk 8/159 (5.0%) chunk=18.48 t/s avg=19.24 t/s 0.416s
0824 04:12:20 ds4-server: chat ctx=0..159:159 prefill chunk 9/159 (5.7%) chunk=20.17 t/s avg=19.34 t/s 0.465s
0824 04:12:20 ds4-server: chat ctx=0..159:159 prefill chunk 10/159 (6.3%) chunk=18.94 t/s avg=19.30 t/s 0.518s
0824 04:12:20 ds4-server: chat ctx=0..159:159 prefill chunk 11/159 (6.9%) chunk=19.67 t/s avg=19.33 t/s 0.569s
0824 04:12:20 ds4-server: chat ctx=0..159:159 prefill chunk 12/159 (7.5%) chunk=19.02 t/s avg=19.30 t/s 0.622s
0824 04:12:20 ds4-server: chat ctx=0..159:159 prefill chunk 13/159 (8.2%) chunk=19.09 t/s avg=19.29 t/s 0.674s
0824 04:12:20 ds4-server: chat ctx=0..159:159 prefill chunk 14/159 (8.8%) chunk=18.62 t/s avg=19.24 t/s 0.728s
0824 04:12:20 ds4-server: chat ctx=0..159:159 prefill chunk 15/159 (9.4%) chunk=18.50 t/s avg=19.19 t/s 0.782s
0824 04:12:20 ds4-server: chat ctx=0..159:159 prefill chunk 16/159 (10.1%) chunk=19.08 t/s avg=19.18 t/s 0.834s
0824 04:12:20 ds4-server: chat ctx=0..159:159 prefill chunk 17/159 (10.7%) chunk=18.74 t/s avg=19.15 t/s 0.888s
0824 04:12:20 ds4-server: chat ctx=0..159:159 prefill chunk 18/159 (11.3%) chunk=19.02 t/s avg=19.15 t/s 0.940s
0824 04:12:20 ds4-server: chat ctx=0..159:159 prefill chunk 19/159 (11.9%) chunk=18.55 t/s avg=19.11 t/s 0.994s
0824 04:12:20 ds4-server: chat ctx=0..159:159 prefill chunk 20/159 (12.6%) chunk=17.90 t/s avg=19.05 t/s 1.050s
0824 04:12:20 ds4-server: chat ctx=0..159:159 prefill chunk 21/159 (13.2%) chunk=19.00 t/s avg=19.05 t/s 1.103s
0824 04:12:20 ds4-server: chat ctx=0..159:159 prefill chunk 22/159 (13.8%) chunk=18.92 t/s avg=19.04 t/s 1.155s
0824 04:12:20 ds4-server: chat ctx=0..159:159 prefill chunk 23/159 (14.5%) chunk=19.33 t/s avg=19.05 t/s 1.207s
0824 04:12:20 ds4-server: chat ctx=0..159:159 prefill chunk 24/159 (15.1%) chunk=19.25 t/s avg=19.06 t/s 1.259s
0824 04:12:20 ds4-server: chat ctx=0..159:159 prefill chunk 25/159 (15.7%) chunk=19.11 t/s avg=19.06 t/s 1.311s
0824 04:12:20 ds4-server: chat ctx=0..159:159 prefill chunk 26/159 (16.4%) chunk=19.57 t/s avg=19.08 t/s 1.363s
0824 04:12:21 ds4-server: chat ctx=0..159:159 prefill chunk 27/159 (17.0%) chunk=18.77 t/s avg=19.07 t/s 1.416s
0824 04:12:21 ds4-server: chat ctx=0..159:159 prefill chunk 28/159 (17.6%) chunk=19.33 t/s avg=19.08 t/s 1.468s
0824 04:12:21 ds4-server: chat ctx=0..159:159 prefill chunk 29/159 (18.2%) chunk=18.39 t/s avg=19.05 t/s 1.522s
0824 04:12:21 ds4-server: chat ctx=0..159:159 prefill chunk 30/159 (18.9%) chunk=19.05 t/s avg=19.05 t/s 1.574s
0824 04:12:21 ds4-server: chat ctx=0..159:159 prefill chunk 31/159 (19.5%) chunk=18.48 t/s avg=19.04 t/s 1.629s
0824 04:12:21 ds4-server: chat ctx=0..159:159 prefill chunk 32/159 (20.1%) chunk=17.98 t/s avg=19.00 t/s 1.684s
0824 04:12:21 ds4-server: chat ctx=0..159:159 prefill chunk 33/159 (20.8%) chunk=19.50 t/s avg=19.02 t/s 1.735s
0824 04:12:21 ds4-server: chat ctx=0..159:159 prefill chunk 34/159 (21.4%) chunk=18.57 t/s avg=19.00 t/s 1.789s
0824 04:12:21 ds4-server: chat ctx=0..159:159 prefill chunk 35/159 (22.0%) chunk=18.05 t/s avg=18.97 t/s 1.845s
0824 04:12:21 ds4-server: chat ctx=0..159:159 prefill chunk 36/159 (22.6%) chunk=18.77 t/s avg=18.97 t/s 1.898s
0824 04:12:21 ds4-server: chat ctx=0..159:159 prefill chunk 37/159 (23.3%) chunk=17.50 t/s avg=18.92 t/s 1.955s
0824 04:12:21 ds4-server: chat ctx=0..159:159 prefill chunk 38/159 (23.9%) chunk=17.64 t/s avg=18.89 t/s 2.012s
0824 04:12:21 ds4-server: chat ctx=0..159:159 prefill chunk 39/159 (24.5%) chunk=18.68 t/s avg=18.88 t/s 2.065s
0824 04:12:21 ds4-server: chat ctx=0..159:159 prefill chunk 40/159 (25.2%) chunk=18.19 t/s avg=18.86 t/s 2.120s
0824 04:12:21 ds4-server: chat ctx=0..159:159 prefill chunk 41/159 (25.8%) chunk=18.12 t/s avg=18.85 t/s 2.176s
0824 04:12:21 ds4-server: chat ctx=0..159:159 prefill chunk 42/159 (26.4%) chunk=18.84 t/s avg=18.85 t/s 2.229s
0824 04:12:21 ds4-server: chat ctx=0..159:159 prefill chunk 43/159 (27.0%) chunk=18.70 t/s avg=18.84 t/s 2.282s
0824 04:12:21 ds4-server: chat ctx=0..159:159 prefill chunk 44/159 (27.7%) chunk=19.20 t/s avg=18.85 t/s 2.334s
0824 04:12:22 ds4-server: chat ctx=0..159:159 prefill chunk 45/159 (28.3%) chunk=18.12 t/s avg=18.83 t/s 2.389s
0824 04:12:22 ds4-server: chat ctx=0..159:159 prefill chunk 46/159 (28.9%) chunk=18.33 t/s avg=18.82 t/s 2.444s
0824 04:12:22 ds4-server: chat ctx=0..159:159 prefill chunk 47/159 (29.6%) chunk=18.63 t/s avg=18.82 t/s 2.498s
0824 04:12:22 ds4-server: chat ctx=0..159:159 prefill chunk 48/159 (30.2%) chunk=18.10 t/s avg=18.80 t/s 2.553s
0824 04:12:22 ds4-server: chat ctx=0..159:159 prefill chunk 49/159 (30.8%) chunk=18.16 t/s avg=18.79 t/s 2.608s
0824 04:12:22 ds4-server: chat ctx=0..159:159 prefill chunk 50/159 (31.4%) chunk=18.75 t/s avg=18.79 t/s 2.661s
0824 04:12:22 ds4-server: chat ctx=0..159:159 prefill chunk 51/159 (32.1%) chunk=17.72 t/s avg=18.77 t/s 2.718s
0824 04:12:22 ds4-server: chat ctx=0..159:159 prefill chunk 52/159 (32.7%) chunk=18.22 t/s avg=18.76 t/s 2.773s
0824 04:12:22 ds4-server: chat ctx=0..159:159 prefill chunk 53/159 (33.3%) chunk=18.49 t/s avg=18.75 t/s 2.827s
0824 04:12:22 ds4-server: chat ctx=0..159:159 prefill chunk 54/159 (34.0%) chunk=18.50 t/s avg=18.75 t/s 2.881s
0824 04:12:22 ds4-server: chat ctx=0..159:159 prefill chunk 55/159 (34.6%) chunk=19.56 t/s avg=18.76 t/s 2.932s
0824 04:12:22 ds4-server: chat ctx=0..159:159 prefill chunk 56/159 (35.2%) chunk=18.48 t/s avg=18.75 t/s 2.986s
0824 04:12:22 ds4-server: chat ctx=0..159:159 prefill chunk 57/159 (35.8%) chunk=19.36 t/s avg=18.76 t/s 3.038s
0824 04:12:22 ds4-server: chat ctx=0..159:159 prefill chunk 58/159 (36.5%) chunk=18.15 t/s avg=18.75 t/s 3.093s
0824 04:12:22 ds4-server: chat ctx=0..159:159 prefill chunk 59/159 (37.1%) chunk=18.77 t/s avg=18.75 t/s 3.146s
0824 04:12:22 ds4-server: chat ctx=0..159:159 prefill chunk 60/159 (37.7%) chunk=19.81 t/s avg=18.77 t/s 3.196s
0824 04:12:22 ds4-server: chat ctx=0..159:159 prefill chunk 61/159 (38.4%) chunk=19.26 t/s avg=18.78 t/s 3.248s
0824 04:12:22 ds4-server: chat ctx=0..159:159 prefill chunk 62/159 (39.0%) chunk=20.42 t/s avg=18.80 t/s 3.297s
0824 04:12:22 ds4-server: chat ctx=0..159:159 prefill chunk 63/159 (39.6%) chunk=18.99 t/s avg=18.81 t/s 3.350s
0824 04:12:23 ds4-server: chat ctx=0..159:159 prefill chunk 64/159 (40.3%) chunk=20.22 t/s avg=18.83 t/s 3.399s
0824 04:12:23 ds4-server: chat ctx=0..159:159 prefill chunk 65/159 (40.9%) chunk=19.41 t/s avg=18.84 t/s 3.451s
0824 04:12:23 ds4-server: chat ctx=0..159:159 prefill chunk 66/159 (41.5%) chunk=19.21 t/s avg=18.84 t/s 3.503s
0824 04:12:23 ds4-server: chat ctx=0..159:159 prefill chunk 67/159 (42.1%) chunk=18.78 t/s avg=18.84 t/s 3.556s
0824 04:12:23 ds4-server: chat ctx=0..159:159 prefill chunk 68/159 (42.8%) chunk=18.56 t/s avg=18.84 t/s 3.610s
0824 04:12:23 ds4-server: chat ctx=0..159:159 prefill chunk 69/159 (43.4%) chunk=19.67 t/s avg=18.85 t/s 3.661s
0824 04:12:23 ds4-server: chat ctx=0..159:159 prefill chunk 70/159 (44.0%) chunk=18.94 t/s avg=18.85 t/s 3.714s
0824 04:12:23 ds4-server: chat ctx=0..159:159 prefill chunk 71/159 (44.7%) chunk=19.45 t/s avg=18.86 t/s 3.765s
0824 04:12:23 ds4-server: chat ctx=0..159:159 prefill chunk 72/159 (45.3%) chunk=18.75 t/s avg=18.86 t/s 3.819s
0824 04:12:23 ds4-server: chat ctx=0..159:159 prefill chunk 73/159 (45.9%) chunk=19.29 t/s avg=18.86 t/s 3.870s
0824 04:12:23 ds4-server: chat ctx=0..159:159 prefill chunk 74/159 (46.5%) chunk=18.69 t/s avg=18.86 t/s 3.924s
0824 04:12:23 ds4-server: chat ctx=0..159:159 prefill chunk 75/159 (47.2%) chunk=18.29 t/s avg=18.85 t/s 3.979s
0824 04:12:23 ds4-server: chat ctx=0..159:159 prefill chunk 76/159 (47.8%) chunk=18.96 t/s avg=18.85 t/s 4.031s
0824 04:12:23 ds4-server: chat ctx=0..159:159 prefill chunk 77/159 (48.4%) chunk=18.21 t/s avg=18.84 t/s 4.086s
0824 04:12:23 ds4-server: chat ctx=0..159:159 prefill chunk 78/159 (49.1%) chunk=19.14 t/s avg=18.85 t/s 4.138s
0824 04:12:23 ds4-server: chat ctx=0..159:159 prefill chunk 79/159 (49.7%) chunk=18.79 t/s avg=18.85 t/s 4.192s
0824 04:12:23 ds4-server: chat ctx=0..159:159 prefill chunk 80/159 (50.3%) chunk=18.22 t/s avg=18.84 t/s 4.247s
0824 04:12:23 ds4-server: chat ctx=0..159:159 prefill chunk 81/159 (50.9%) chunk=18.85 t/s avg=18.84 t/s 4.300s
0824 04:12:23 ds4-server: chat ctx=0..159:159 prefill chunk 82/159 (51.6%) chunk=18.45 t/s avg=18.83 t/s 4.354s
0824 04:12:24 ds4-server: chat ctx=0..159:159 prefill chunk 83/159 (52.2%) chunk=18.80 t/s avg=18.83 t/s 4.407s
0824 04:12:24 ds4-server: chat ctx=0..159:159 prefill chunk 84/159 (52.8%) chunk=17.86 t/s avg=18.82 t/s 4.463s
0824 04:12:24 ds4-server: chat ctx=0..159:159 prefill chunk 85/159 (53.5%) chunk=18.04 t/s avg=18.81 t/s 4.518s
0824 04:12:24 ds4-server: chat ctx=0..159:159 prefill chunk 86/159 (54.1%) chunk=18.76 t/s avg=18.81 t/s 4.572s
0824 04:12:24 ds4-server: chat ctx=0..159:159 prefill chunk 87/159 (54.7%) chunk=18.35 t/s avg=18.81 t/s 4.626s
0824 04:12:24 ds4-server: chat ctx=0..159:159 prefill chunk 88/159 (55.3%) chunk=18.09 t/s avg=18.80 t/s 4.681s
0824 04:12:24 ds4-server: chat ctx=0..159:159 prefill chunk 89/159 (56.0%) chunk=18.60 t/s avg=18.80 t/s 4.735s
0824 04:12:24 ds4-server: chat ctx=0..159:159 prefill chunk 90/159 (56.6%) chunk=17.54 t/s avg=18.78 t/s 4.792s
0824 04:12:24 ds4-server: chat ctx=0..159:159 prefill chunk 91/159 (57.2%) chunk=18.25 t/s avg=18.77 t/s 4.847s
0824 04:12:24 ds4-server: chat ctx=0..159:159 prefill chunk 92/159 (57.9%) chunk=18.00 t/s avg=18.77 t/s 4.903s
0824 04:12:24 ds4-server: chat ctx=0..159:159 prefill chunk 93/159 (58.5%) chunk=18.14 t/s avg=18.76 t/s 4.958s
0824 04:12:24 ds4-server: chat ctx=0..159:159 prefill chunk 94/159 (59.1%) chunk=18.61 t/s avg=18.76 t/s 5.011s
0824 04:12:24 ds4-server: chat ctx=0..159:159 prefill chunk 95/159 (59.7%) chunk=19.18 t/s avg=18.76 t/s 5.064s
0824 04:12:24 ds4-server: chat ctx=0..159:159 prefill chunk 96/159 (60.4%) chunk=18.11 t/s avg=18.75 t/s 5.119s
0824 04:12:24 ds4-server: chat ctx=0..159:159 prefill chunk 97/159 (61.0%) chunk=19.68 t/s avg=18.76 t/s 5.170s
0824 04:12:24 ds4-server: chat ctx=0..159:159 prefill chunk 98/159 (61.6%) chunk=18.39 t/s avg=18.76 t/s 5.224s
0824 04:12:24 ds4-server: chat ctx=0..159:159 prefill chunk 99/159 (62.3%) chunk=18.69 t/s avg=18.76 t/s 5.278s
0824 04:12:24 ds4-server: chat ctx=0..159:159 prefill chunk 100/159 (62.9%) chunk=18.96 t/s avg=18.76 t/s 5.330s
0824 04:12:25 ds4-server: chat ctx=0..159:159 prefill chunk 101/159 (63.5%) chunk=18.31 t/s avg=18.76 t/s 5.385s
0824 04:12:25 ds4-server: chat ctx=0..159:159 prefill chunk 102/159 (64.2%) chunk=18.64 t/s avg=18.76 t/s 5.439s
0824 04:12:25 ds4-server: chat ctx=0..159:159 prefill chunk 103/159 (64.8%) chunk=17.99 t/s avg=18.75 t/s 5.494s
0824 04:12:25 ds4-server: chat ctx=0..159:159 prefill chunk 104/159 (65.4%) chunk=17.92 t/s avg=18.74 t/s 5.550s
0824 04:12:25 ds4-server: chat ctx=0..159:159 prefill chunk 105/159 (66.0%) chunk=18.80 t/s avg=18.74 t/s 5.603s
0824 04:12:25 ds4-server: chat ctx=0..159:159 prefill chunk 106/159 (66.7%) chunk=18.16 t/s avg=18.73 t/s 5.658s
0824 04:12:25 ds4-server: chat ctx=0..159:159 prefill chunk 107/159 (67.3%) chunk=17.64 t/s avg=18.72 t/s 5.715s
0824 04:12:25 ds4-server: chat ctx=0..159:159 prefill chunk 108/159 (67.9%) chunk=18.44 t/s avg=18.72 t/s 5.769s
0824 04:12:25 ds4-server: chat ctx=0..159:159 prefill chunk 109/159 (68.6%) chunk=18.03 t/s avg=18.71 t/s 5.825s
0824 04:12:25 ds4-server: chat ctx=0..159:159 prefill chunk 110/159 (69.2%) chunk=18.39 t/s avg=18.71 t/s 5.879s
0824 04:12:25 ds4-server: chat ctx=0..159:159 prefill chunk 111/159 (69.8%) chunk=19.00 t/s avg=18.71 t/s 5.932s
ds4: qwen35moe experts/token avg over 128 tokens: 0:14.7 1:15.0 2:14.3 3:16.0 4:15.1 5:15.3 6:14.9 7:16.2 8:16.1 9:15.8 10:13.9 11:13.9 12:15.2 13:15.2 14:15.1 15:15.5 16:15.0 17:14.7 18:15.5 19:14.3 20:15.8 21:15.4 22:14.5 23:14.6 24:15.0 25:14.7 26:14.5 27:15.3 28:15.0 29:15.2 30:15.4 31:15.7 32:15.9 33:16.5 34:15.9 35:18.3 36:18.2 37:18.8 38:19.2 39:18.9 | mean 15.6
0824 04:12:25 ds4-server: chat ctx=0..159:159 prefill chunk 112/159 (70.4%) chunk=17.72 t/s avg=18.70 t/s 5.988s
0824 04:12:25 ds4-server: chat ctx=0..159:159 prefill chunk 113/159 (71.1%) chunk=17.87 t/s avg=18.70 t/s 6.044s
0824 04:12:25 ds4-server: chat ctx=0..159:159 prefill chunk 114/159 (71.7%) chunk=17.54 t/s avg=18.69 t/s 6.101s
0824 04:12:25 ds4-server: chat ctx=0..159:159 prefill chunk 115/159 (72.3%) chunk=18.36 t/s avg=18.68 t/s 6.155s
0824 04:12:25 ds4-server: chat ctx=0..159:159 prefill chunk 116/159 (73.0%) chunk=18.23 t/s avg=18.68 t/s 6.210s
0824 04:12:25 ds4-server: chat ctx=0..159:159 prefill chunk 117/159 (73.6%) chunk=18.30 t/s avg=18.68 t/s 6.265s
0824 04:12:25 ds4-server: chat ctx=0..159:159 prefill chunk 118/159 (74.2%) chunk=17.59 t/s avg=18.67 t/s 6.322s
0824 04:12:26 ds4-server: chat ctx=0..159:159 prefill chunk 119/159 (74.8%) chunk=18.86 t/s avg=18.67 t/s 6.375s
0824 04:12:26 ds4-server: chat ctx=0..159:159 prefill chunk 120/159 (75.5%) chunk=17.77 t/s avg=18.66 t/s 6.431s
0824 04:12:26 ds4-server: chat ctx=0..159:159 prefill chunk 121/159 (76.1%) chunk=17.87 t/s avg=18.65 t/s 6.487s
0824 04:12:26 ds4-server: chat ctx=0..159:159 prefill chunk 122/159 (76.7%) chunk=18.02 t/s avg=18.65 t/s 6.542s
0824 04:12:26 ds4-server: chat ctx=0..159:159 prefill chunk 123/159 (77.4%) chunk=18.51 t/s avg=18.65 t/s 6.597s
0824 04:12:26 ds4-server: chat ctx=0..159:159 prefill chunk 124/159 (78.0%) chunk=17.71 t/s avg=18.64 t/s 6.653s
0824 04:12:26 ds4-server: chat ctx=0..159:159 prefill chunk 125/159 (78.6%) chunk=18.48 t/s avg=18.64 t/s 6.707s
0824 04:12:26 ds4-server: chat ctx=0..159:159 prefill chunk 126/159 (79.2%) chunk=18.29 t/s avg=18.63 t/s 6.762s
0824 04:12:26 ds4-server: chat ctx=0..159:159 prefill chunk 127/159 (79.9%) chunk=17.72 t/s avg=18.63 t/s 6.818s
0824 04:12:26 ds4-server: chat ctx=0..159:159 prefill chunk 128/159 (80.5%) chunk=18.58 t/s avg=18.63 t/s 6.872s
0824 04:12:26 ds4-server: chat ctx=0..159:159 prefill chunk 129/159 (81.1%) chunk=17.97 t/s avg=18.62 t/s 6.928s
0824 04:12:26 ds4-server: chat ctx=0..159:159 prefill chunk 130/159 (81.8%) chunk=17.41 t/s avg=18.61 t/s 6.985s
0824 04:12:26 ds4-server: chat ctx=0..159:159 prefill chunk 131/159 (82.4%) chunk=18.22 t/s avg=18.61 t/s 7.040s
0824 04:12:26 ds4-server: chat ctx=0..159:159 prefill chunk 132/159 (83.0%) chunk=17.68 t/s avg=18.60 t/s 7.097s
0824 04:12:26 ds4-server: chat ctx=0..159:159 prefill chunk 133/159 (83.6%) chunk=17.98 t/s avg=18.60 t/s 7.152s
0824 04:12:26 ds4-server: chat ctx=0..159:159 prefill chunk 134/159 (84.3%) chunk=18.17 t/s avg=18.59 t/s 7.207s
0824 04:12:26 ds4-server: chat ctx=0..159:159 prefill chunk 135/159 (84.9%) chunk=17.80 t/s avg=18.59 t/s 7.263s
0824 04:12:26 ds4-server: chat ctx=0..159:159 prefill chunk 136/159 (85.5%) chunk=17.79 t/s avg=18.58 t/s 7.320s
0824 04:12:27 ds4-server: chat ctx=0..159:159 prefill chunk 137/159 (86.2%) chunk=17.17 t/s avg=18.57 t/s 7.378s
0824 04:12:27 ds4-server: chat ctx=0..159:159 prefill chunk 138/159 (86.8%) chunk=17.68 t/s avg=18.56 t/s 7.434s
0824 04:12:27 ds4-server: chat ctx=0..159:159 prefill chunk 139/159 (87.4%) chunk=17.84 t/s avg=18.56 t/s 7.490s
0824 04:12:27 ds4-server: chat ctx=0..159:159 prefill chunk 140/159 (88.1%) chunk=17.29 t/s avg=18.55 t/s 7.548s
0824 04:12:27 ds4-server: chat ctx=0..159:159 prefill chunk 141/159 (88.7%) chunk=18.35 t/s avg=18.55 t/s 7.603s
0824 04:12:27 ds4-server: chat ctx=0..159:159 prefill chunk 142/159 (89.3%) chunk=17.20 t/s avg=18.54 t/s 7.661s
0824 04:12:27 ds4-server: chat ctx=0..159:159 prefill chunk 143/159 (89.9%) chunk=17.91 t/s avg=18.53 t/s 7.717s
0824 04:12:27 ds4-server: chat ctx=0..159:159 prefill chunk 144/159 (90.6%) chunk=18.68 t/s avg=18.53 t/s 7.770s
0824 04:12:27 ds4-server: chat ctx=0..159:159 prefill chunk 145/159 (91.2%) chunk=17.91 t/s avg=18.53 t/s 7.826s
0824 04:12:27 ds4-server: chat ctx=0..159:159 prefill chunk 146/159 (91.8%) chunk=17.57 t/s avg=18.52 t/s 7.883s
0824 04:12:27 ds4-server: chat ctx=0..159:159 prefill chunk 147/159 (92.5%) chunk=18.38 t/s avg=18.52 t/s 7.937s
0824 04:12:27 ds4-server: chat ctx=0..159:159 prefill chunk 148/159 (93.1%) chunk=16.95 t/s avg=18.51 t/s 7.996s
0824 04:12:27 ds4-server: chat ctx=0..159:159 prefill chunk 149/159 (93.7%) chunk=17.54 t/s avg=18.50 t/s 8.053s
0824 04:12:27 ds4-server: chat ctx=0..159:159 prefill chunk 150/159 (94.3%) chunk=17.66 t/s avg=18.50 t/s 8.110s
0824 04:12:27 ds4-server: chat ctx=0..159:159 prefill chunk 151/159 (95.0%) chunk=18.23 t/s avg=18.49 t/s 8.165s
0824 04:12:27 ds4-server: chat ctx=0..159:159 prefill chunk 152/159 (95.6%) chunk=17.87 t/s avg=18.49 t/s 8.221s
0824 04:12:27 ds4-server: chat ctx=0..159:159 prefill chunk 153/159 (96.2%) chunk=19.01 t/s avg=18.49 t/s 8.274s
0824 04:12:27 ds4-server: chat ctx=0..159:159 prefill chunk 154/159 (96.9%) chunk=18.18 t/s avg=18.49 t/s 8.329s
0824 04:12:28 ds4-server: chat ctx=0..159:159 prefill chunk 155/159 (97.5%) chunk=18.14 t/s avg=18.49 t/s 8.384s
0824 04:12:28 ds4-server: chat ctx=0..159:159 prefill chunk 156/159 (98.1%) chunk=19.65 t/s avg=18.50 t/s 8.435s
0824 04:12:28 ds4-server: chat ctx=0..159:159 prefill chunk 157/159 (98.7%) chunk=17.96 t/s avg=18.49 t/s 8.490s
0824 04:12:28 ds4-server: chat ctx=0..159:159 prefill chunk 158/159 (99.4%) chunk=19.78 t/s avg=18.50 t/s 8.541s
0824 04:12:28 ds4-server: chat ctx=0..159:159 prefill chunk 159/159 (100.0%) chunk=19.75 t/s avg=18.51 t/s 8.591s
0824 04:12:28 ds4-server: chat ctx=0..159:159 prompt done 8.591s
0824 04:12:30 ds4-server: chat ctx=159..209:50 gen=50 THINKING decoding chunk=18.28 t/s avg=18.28 t/s 2.735s
ds4: qwen35moe experts/token avg over 128 tokens: 0:15.4 1:14.5 2:15.0 3:16.8 4:15.4 5:16.4 6:15.6 7:16.8 8:16.3 9:16.9 10:15.5 11:14.5 12:15.5 13:15.4 14:15.3 15:16.2 16:16.2 17:15.9 18:16.0 19:15.1 20:15.8 21:16.6 22:15.6 23:14.9 24:15.5 25:15.5 26:15.9 27:17.0 28:16.4 29:16.3 30:17.1 31:17.2 32:16.0 33:16.6 34:16.3 35:18.0 36:18.4 37:19.2 38:19.2 39:18.5 | mean 16.3
0824 04:12:33 ds4-server: chat ctx=209..259:50 gen=100 THINKING decoding chunk=17.89 t/s avg=18.08 t/s 5.530s
0824 04:12:36 ds4-server: chat ctx=259..309:50 gen=150 THINKING decoding chunk=17.78 t/s avg=17.98 t/s 8.343s
0824 04:12:39 ds4-server: chat ctx=309..359:50 gen=200 THINKING decoding chunk=17.43 t/s avg=17.84 t/s 11.211s
ds4: qwen35moe experts/token avg over 128 tokens: 0:15.8 1:15.9 2:15.3 3:17.2 4:16.8 5:17.1 6:16.8 7:17.4 8:16.8 9:17.6 10:16.2 11:15.1 12:16.0 13:15.6 14:16.2 15:16.3 16:16.1 17:15.6 18:15.9 19:15.7 20:16.3 21:17.1 22:15.7 23:15.1 24:15.7 25:15.3 26:15.9 27:16.4 28:16.0 29:16.9 30:16.8 31:17.2 32:16.7 33:16.2 34:16.3 35:17.7 36:17.6 37:19.0 38:19.3 39:18.4 | mean 16.5
0824 04:12:42 ds4-server: chat ctx=359..409:50 gen=250 THINKING decoding chunk=17.60 t/s avg=17.79 t/s 14.052s
0824 04:12:45 ds4-server: chat ctx=409..459:50 gen=300 THINKING decoding chunk=17.20 t/s avg=17.69 t/s 16.960s
ds4: qwen35moe experts/token avg over 128 tokens: 0:14.5 1:15.2 2:15.3 3:17.1 4:16.3 5:17.2 6:16.2 7:18.1 8:17.6 9:17.8 10:15.8 11:15.3 12:16.9 13:16.8 14:17.1 15:17.0 16:17.2 17:17.4 18:16.5 19:15.9 20:16.5 21:17.6 22:15.6 23:15.2 24:16.4 25:16.5 26:16.7 27:16.8 28:16.4 29:16.7 30:16.7 31:17.5 32:16.5 33:15.7 34:15.5 35:17.5 36:17.9 37:18.8 38:19.1 39:17.6 | mean 16.7
0824 04:12:48 ds4-server: chat ctx=459..509:50 gen=350 THINKING decoding chunk=17.61 t/s avg=17.68 t/s 19.799s
0824 04:12:50 ds4-server: chat ctx=509..559:50 gen=400 THINKING decoding chunk=17.70 t/s avg=17.68 t/s 22.624s
0824 04:12:53 ds4-server: chat ctx=559..609:50 gen=450 THINKING decoding chunk=17.01 t/s avg=17.60 t/s 25.563s
ds4: qwen35moe experts/token avg over 128 tokens: 0:14.6 1:16.1 2:16.2 3:16.6 4:16.6 5:16.8 6:16.5 7:17.1 8:17.2 9:17.7 10:16.0 11:15.2 12:16.6 13:16.7 14:16.5 15:16.4 16:16.5 17:16.5 18:16.3 19:16.2 20:16.7 21:17.2 22:15.1 23:15.4 24:15.5 25:16.1 26:16.2 27:16.3 28:16.1 29:16.5 30:16.1 31:16.7 32:16.0 33:15.6 34:15.5 35:16.9 36:17.2 37:18.3 38:18.9 39:17.6 | mean 16.5
0824 04:12:56 ds4-server: chat ctx=609..659:50 gen=500 THINKING decoding chunk=16.73 t/s avg=17.51 t/s 28.552s
0824 04:12:59 ds4-server: chat ctx=659..709:50 gen=550 THINKING decoding chunk=17.15 t/s avg=17.48 t/s 31.467s
ds4: qwen35moe experts/token avg over 128 tokens: 0:14.9 1:16.0 2:15.3 3:17.0 4:16.4 5:17.2 6:17.0 7:17.6 8:18.0 9:17.8 10:16.5 11:15.1 12:17.4 13:17.0 14:16.7 15:17.2 16:17.2 17:16.6 18:16.2 19:16.5 20:16.7 21:17.5 22:16.3 23:15.6 24:16.5 25:16.3 26:16.4 27:16.8 28:16.9 29:16.4 30:16.5 31:17.0 32:16.1 33:16.0 34:15.5 35:17.4 36:17.6 37:18.6 38:19.0 39:17.9 | mean 16.8
0824 04:13:02 ds4-server: chat ctx=709..759:50 gen=600 THINKING decoding chunk=16.96 t/s avg=17.43 t/s 34.415s
0824 04:13:05 ds4-server: chat ctx=759..809:50 gen=650 THINKING decoding chunk=16.83 t/s avg=17.39 t/s 37.386s
0824 04:13:08 ds4-server: chat ctx=809..859:50 gen=700 THINKING decoding chunk=16.49 t/s avg=17.32 t/s 40.418s
ds4: qwen35moe experts/token avg over 128 tokens: 0:14.8 1:16.0 2:15.4 3:17.2 4:16.7 5:17.2 6:17.0 7:17.8 8:17.8 9:17.7 10:16.4 11:15.6 12:17.4 13:17.2 14:17.5 15:17.1 16:17.5 17:17.5 18:16.8 19:16.8 20:17.2 21:17.8 22:15.9 23:15.7 24:16.9 25:16.6 26:17.3 27:17.0 28:16.4 29:17.2 30:15.9 31:17.6 32:16.3 33:16.0 34:16.3 35:17.1 36:17.6 37:18.7 38:18.8 39:18.1 | mean 16.9
0824 04:13:11 ds4-server: chat ctx=859..909:50 gen=750 THINKING decoding chunk=16.34 t/s avg=17.25 t/s 43.477s
0824 04:13:14 ds4-server: chat ctx=909..959:50 gen=800 decoding chunk=16.47 t/s avg=17.20 t/s 46.514s
ds4: qwen35moe experts/token avg over 128 tokens: 0:14.6 1:16.5 2:16.5 3:17.7 4:17.3 5:17.5 6:16.9 7:18.3 8:18.0 9:17.9 10:16.7 11:15.8 12:17.7 13:17.8 14:18.1 15:17.3 16:17.5 17:17.8 18:17.5 19:17.2 20:17.7 21:18.1 22:16.4 23:16.3 24:17.0 25:17.0 26:17.8 27:17.3 28:17.1 29:17.5 30:16.9 31:18.1 32:16.2 33:16.4 34:16.1 35:17.7 36:18.5 37:19.3 38:19.2 39:18.5 | mean 17.3
0824 04:13:17 ds4-server: chat ctx=959..1009:50 gen=850 decoding chunk=16.27 t/s avg=17.14 t/s 49.587s
0824 04:13:20 ds4-server: chat ctx=1009..1059:50 gen=900 decoding chunk=16.04 t/s avg=17.08 t/s 52.703s
0824 04:13:24 ds4-server: chat ctx=1059..1109:50 gen=950 decoding chunk=15.95 t/s avg=17.01 t/s 55.838s
ds4: qwen35moe experts/token avg over 128 tokens: 0:15.2 1:16.5 2:16.9 3:18.4 4:17.2 5:18.1 6:18.1 7:18.9 8:18.5 9:18.4 10:16.7 11:16.8 12:18.1 13:18.4 14:18.8 15:18.6 16:18.4 17:18.3 18:17.7 19:17.8 20:18.1 21:18.6 22:16.8 23:16.6 24:17.9 25:17.8 26:18.5 27:18.0 28:17.3 29:17.7 30:17.4 31:18.1 32:16.9 33:16.4 34:16.8 35:17.9 36:18.3 37:18.8 38:19.3 39:18.5 | mean 17.8
0824 04:13:27 ds4-server: chat ctx=1109..1158:49 gen=999 decoding chunk=15.98 t/s avg=16.96 t/s 58.905s
0824 04:13:27 ds4-server: thinking live checkpoint remembered ctx=0..159:159 live=1158 visible=1306
0824 04:13:27 ds4-server: chat ctx=0..159:159 gen=999 finish=stop 67.497s
0824 04:13:27 ds4-server: live kv cache miss live=1158 prompt=239 common=65 reason=token-mismatch
0824 04:13:27 ds4-server: chat ctx=0..239:239 prompt start
0824 04:13:27 ds4-server: chat ctx=0..239:239 prefill chunk 1/239 (0.4%) chunk=0.00 t/s avg=19.36 t/s 0.052s
0824 04:13:27 ds4-server: chat ctx=0..239:239 prefill chunk 2/239 (0.8%) chunk=19.81 t/s avg=19.58 t/s 0.102s
0824 04:13:27 ds4-server: chat ctx=0..239:239 prefill chunk 3/239 (1.3%) chunk=19.21 t/s avg=19.46 t/s 0.154s
0824 04:13:27 ds4-server: chat ctx=0..239:239 prefill chunk 4/239 (1.7%) chunk=19.94 t/s avg=19.58 t/s 0.204s
0824 04:13:27 ds4-server: chat ctx=0..239:239 prefill chunk 5/239 (2.1%) chunk=19.01 t/s avg=19.46 t/s 0.257s
0824 04:13:27 ds4-server: chat ctx=0..239:239 prefill chunk 6/239 (2.5%) chunk=19.03 t/s avg=19.39 t/s 0.309s
0824 04:13:27 ds4-server: chat ctx=0..239:239 prefill chunk 7/239 (2.9%) chunk=19.54 t/s avg=19.41 t/s 0.361s
0824 04:13:27 ds4-server: chat ctx=0..239:239 prefill chunk 8/239 (3.3%) chunk=18.63 t/s avg=19.31 t/s 0.414s
0824 04:13:27 ds4-server: chat ctx=0..239:239 prefill chunk 9/239 (3.8%) chunk=19.99 t/s avg=19.38 t/s 0.464s
0824 04:13:27 ds4-server: chat ctx=0..239:239 prefill chunk 10/239 (4.2%) chunk=18.84 t/s avg=19.33 t/s 0.517s
0824 04:13:27 ds4-server: chat ctx=0..239:239 prefill chunk 11/239 (4.6%) chunk=19.49 t/s avg=19.34 t/s 0.569s
0824 04:13:27 ds4-server: chat ctx=0..239:239 prefill chunk 12/239 (5.0%) chunk=18.81 t/s avg=19.30 t/s 0.622s
0824 04:13:27 ds4-server: chat ctx=0..239:239 prefill chunk 13/239 (5.4%) chunk=18.65 t/s avg=19.25 t/s 0.675s
0824 04:13:27 ds4-server: chat ctx=0..239:239 prefill chunk 14/239 (5.9%) chunk=19.00 t/s avg=19.23 t/s 0.728s
0824 04:13:27 ds4-server: chat ctx=0..239:239 prefill chunk 15/239 (6.3%) chunk=18.38 t/s avg=19.17 t/s 0.783s
0824 04:13:27 ds4-server: chat ctx=0..239:239 prefill chunk 16/239 (6.7%) chunk=19.08 t/s avg=19.16 t/s 0.835s
0824 04:13:28 ds4-server: chat ctx=0..239:239 prefill chunk 17/239 (7.1%) chunk=18.43 t/s avg=19.12 t/s 0.889s
0824 04:13:28 ds4-server: chat ctx=0..239:239 prefill chunk 18/239 (7.5%) chunk=18.78 t/s avg=19.10 t/s 0.942s
0824 04:13:28 ds4-server: chat ctx=0..239:239 prefill chunk 19/239 (7.9%) chunk=18.86 t/s avg=19.09 t/s 0.995s
0824 04:13:28 ds4-server: chat ctx=0..239:239 prefill chunk 20/239 (8.4%) chunk=17.94 t/s avg=19.03 t/s 1.051s
0824 04:13:28 ds4-server: chat ctx=0..239:239 prefill chunk 21/239 (8.8%) chunk=18.98 t/s avg=19.02 t/s 1.104s
0824 04:13:28 ds4-server: chat ctx=0..239:239 prefill chunk 22/239 (9.2%) chunk=19.00 t/s avg=19.02 t/s 1.157s
0824 04:13:28 ds4-server: chat ctx=0..239:239 prefill chunk 23/239 (9.6%) chunk=18.93 t/s avg=19.02 t/s 1.209s
0824 04:13:28 ds4-server: chat ctx=0..239:239 prefill chunk 24/239 (10.0%) chunk=19.70 t/s avg=19.05 t/s 1.260s
0824 04:13:28 ds4-server: chat ctx=0..239:239 prefill chunk 25/239 (10.5%) chunk=19.01 t/s avg=19.04 t/s 1.313s
0824 04:13:28 ds4-server: chat ctx=0..239:239 prefill chunk 26/239 (10.9%) chunk=19.59 t/s avg=19.06 t/s 1.364s
0824 04:13:28 ds4-server: chat ctx=0..239:239 prefill chunk 27/239 (11.3%) chunk=18.58 t/s avg=19.05 t/s 1.418s
0824 04:13:28 ds4-server: chat ctx=0..239:239 prefill chunk 28/239 (11.7%) chunk=19.29 t/s avg=19.05 t/s 1.469s
0824 04:13:28 ds4-server: chat ctx=0..239:239 prefill chunk 29/239 (12.1%) chunk=18.35 t/s avg=19.03 t/s 1.524s
0824 04:13:28 ds4-server: chat ctx=0..239:239 prefill chunk 30/239 (12.6%) chunk=18.37 t/s avg=19.01 t/s 1.578s
0824 04:13:28 ds4-server: chat ctx=0..239:239 prefill chunk 31/239 (13.0%) chunk=18.97 t/s avg=19.01 t/s 1.631s
0824 04:13:28 ds4-server: chat ctx=0..239:239 prefill chunk 32/239 (13.4%) chunk=18.15 t/s avg=18.98 t/s 1.686s
0824 04:13:28 ds4-server: chat ctx=0..239:239 prefill chunk 33/239 (13.8%) chunk=19.38 t/s avg=18.99 t/s 1.738s
0824 04:13:28 ds4-server: chat ctx=0..239:239 prefill chunk 34/239 (14.2%) chunk=18.66 t/s avg=18.98 t/s 1.791s
0824 04:13:28 ds4-server: chat ctx=0..239:239 prefill chunk 35/239 (14.6%) chunk=17.91 t/s avg=18.95 t/s 1.847s
0824 04:13:29 ds4-server: chat ctx=0..239:239 prefill chunk 36/239 (15.1%) chunk=18.93 t/s avg=18.95 t/s 1.900s
0824 04:13:29 ds4-server: chat ctx=0..239:239 prefill chunk 37/239 (15.5%) chunk=17.72 t/s avg=18.91 t/s 1.956s
0824 04:13:29 ds4-server: chat ctx=0..239:239 prefill chunk 38/239 (15.9%) chunk=17.53 t/s avg=18.87 t/s 2.014s
0824 04:13:29 ds4-server: chat ctx=0..239:239 prefill chunk 39/239 (16.3%) chunk=18.58 t/s avg=18.86 t/s 2.067s
0824 04:13:29 ds4-server: chat ctx=0..239:239 prefill chunk 40/239 (16.7%) chunk=18.35 t/s avg=18.85 t/s 2.122s
0824 04:13:29 ds4-server: chat ctx=0..239:239 prefill chunk 41/239 (17.2%) chunk=18.15 t/s avg=18.83 t/s 2.177s
0824 04:13:29 ds4-server: chat ctx=0..239:239 prefill chunk 42/239 (17.6%) chunk=18.73 t/s avg=18.83 t/s 2.230s
0824 04:13:29 ds4-server: chat ctx=0..239:239 prefill chunk 43/239 (18.0%) chunk=18.75 t/s avg=18.83 t/s 2.284s
0824 04:13:29 ds4-server: chat ctx=0..239:239 prefill chunk 44/239 (18.4%) chunk=19.30 t/s avg=18.84 t/s 2.335s
0824 04:13:29 ds4-server: chat ctx=0..239:239 prefill chunk 45/239 (18.8%) chunk=18.45 t/s avg=18.83 t/s 2.390s
0824 04:13:29 ds4-server: chat ctx=0..239:239 prefill chunk 46/239 (19.2%) chunk=17.97 t/s avg=18.81 t/s 2.445s
0824 04:13:29 ds4-server: chat ctx=0..239:239 prefill chunk 47/239 (19.7%) chunk=18.70 t/s avg=18.81 t/s 2.499s
0824 04:13:29 ds4-server: chat ctx=0..239:239 prefill chunk 48/239 (20.1%) chunk=18.26 t/s avg=18.80 t/s 2.554s
0824 04:13:29 ds4-server: chat ctx=0..239:239 prefill chunk 49/239 (20.5%) chunk=18.27 t/s avg=18.79 t/s 2.608s
0824 04:13:29 ds4-server: chat ctx=0..239:239 prefill chunk 50/239 (20.9%) chunk=18.83 t/s avg=18.79 t/s 2.661s
0824 04:13:29 ds4-server: chat ctx=0..239:239 prefill chunk 51/239 (21.3%) chunk=17.73 t/s avg=18.77 t/s 2.718s
0824 04:13:29 ds4-server: chat ctx=0..239:239 prefill chunk 52/239 (21.8%) chunk=18.19 t/s avg=18.75 t/s 2.773s
0824 04:13:29 ds4-server: chat ctx=0..239:239 prefill chunk 53/239 (22.2%) chunk=18.31 t/s avg=18.75 t/s 2.827s
0824 04:13:30 ds4-server: chat ctx=0..239:239 prefill chunk 54/239 (22.6%) chunk=18.52 t/s avg=18.74 t/s 2.881s
0824 04:13:30 ds4-server: chat ctx=0..239:239 prefill chunk 55/239 (23.0%) chunk=19.60 t/s avg=18.76 t/s 2.932s
0824 04:13:30 ds4-server: chat ctx=0..239:239 prefill chunk 56/239 (23.4%) chunk=18.66 t/s avg=18.75 t/s 2.986s
0824 04:13:30 ds4-server: chat ctx=0..239:239 prefill chunk 57/239 (23.8%) chunk=19.48 t/s avg=18.77 t/s 3.037s
0824 04:13:30 ds4-server: chat ctx=0..239:239 prefill chunk 58/239 (24.3%) chunk=18.01 t/s avg=18.75 t/s 3.093s
0824 04:13:30 ds4-server: chat ctx=0..239:239 prefill chunk 59/239 (24.7%) chunk=18.65 t/s avg=18.75 t/s 3.146s
0824 04:13:30 ds4-server: chat ctx=0..239:239 prefill chunk 60/239 (25.1%) chunk=19.91 t/s avg=18.77 t/s 3.197s
0824 04:13:30 ds4-server: chat ctx=0..239:239 prefill chunk 61/239 (25.5%) chunk=19.04 t/s avg=18.77 t/s 3.249s
0824 04:13:30 ds4-server: chat ctx=0..239:239 prefill chunk 62/239 (25.9%) chunk=20.31 t/s avg=18.80 t/s 3.298s
0824 04:13:30 ds4-server: chat ctx=0..239:239 prefill chunk 63/239 (26.4%) chunk=18.94 t/s avg=18.80 t/s 3.351s
0824 04:13:30 ds4-server: chat ctx=0..239:239 prefill chunk 64/239 (26.8%) chunk=20.02 t/s avg=18.82 t/s 3.401s
0824 04:13:30 ds4-server: chat ctx=0..239:239 prefill chunk 65/239 (27.2%) chunk=19.47 t/s avg=18.83 t/s 3.453s
0824 04:13:30 ds4-server: chat ctx=0..239:239 prefill chunk 66/239 (27.6%) chunk=18.56 t/s avg=18.82 t/s 3.506s
0824 04:13:30 ds4-server: chat ctx=0..239:239 prefill chunk 67/239 (28.0%) chunk=18.80 t/s avg=18.82 t/s 3.560s
0824 04:13:30 ds4-server: chat ctx=0..239:239 prefill chunk 68/239 (28.5%) chunk=18.16 t/s avg=18.81 t/s 3.615s
0824 04:13:30 ds4-server: chat ctx=0..239:239 prefill chunk 69/239 (28.9%) chunk=19.02 t/s avg=18.81 t/s 3.667s
0824 04:13:30 ds4-server: chat ctx=0..239:239 prefill chunk 70/239 (29.3%) chunk=18.91 t/s avg=18.82 t/s 3.720s
0824 04:13:30 ds4-server: chat ctx=0..239:239 prefill chunk 71/239 (29.7%) chunk=18.55 t/s avg=18.81 t/s 3.774s
0824 04:13:30 ds4-server: chat ctx=0..239:239 prefill chunk 72/239 (30.1%) chunk=18.54 t/s avg=18.81 t/s 3.828s
0824 04:13:31 ds4-server: chat ctx=0..239:239 prefill chunk 73/239 (30.5%) chunk=18.15 t/s avg=18.80 t/s 3.883s
0824 04:13:31 ds4-server: chat ctx=0..239:239 prefill chunk 74/239 (31.0%) chunk=18.96 t/s avg=18.80 t/s 3.936s
0824 04:13:31 ds4-server: chat ctx=0..239:239 prefill chunk 75/239 (31.4%) chunk=18.54 t/s avg=18.80 t/s 3.990s
0824 04:13:31 ds4-server: chat ctx=0..239:239 prefill chunk 76/239 (31.8%) chunk=18.75 t/s avg=18.80 t/s 4.043s
0824 04:13:31 ds4-server: chat ctx=0..239:239 prefill chunk 77/239 (32.2%) chunk=19.20 t/s avg=18.80 t/s 4.095s
0824 04:13:31 ds4-server: chat ctx=0..239:239 prefill chunk 78/239 (32.6%) chunk=18.24 t/s avg=18.80 t/s 4.150s
0824 04:13:31 ds4-server: chat ctx=0..239:239 prefill chunk 79/239 (33.1%) chunk=18.74 t/s avg=18.79 t/s 4.203s
0824 04:13:31 ds4-server: chat ctx=0..239:239 prefill chunk 80/239 (33.5%) chunk=18.36 t/s avg=18.79 t/s 4.258s
0824 04:13:31 ds4-server: chat ctx=0..239:239 prefill chunk 81/239 (33.9%) chunk=17.94 t/s avg=18.78 t/s 4.314s
0824 04:13:31 ds4-server: chat ctx=0..239:239 prefill chunk 82/239 (34.3%) chunk=18.41 t/s avg=18.77 t/s 4.368s
0824 04:13:31 ds4-server: chat ctx=0..239:239 prefill chunk 83/239 (34.7%) chunk=18.26 t/s avg=18.77 t/s 4.423s
0824 04:13:31 ds4-server: chat ctx=0..239:239 prefill chunk 84/239 (35.1%) chunk=18.22 t/s avg=18.76 t/s 4.478s
0824 04:13:31 ds4-server: chat ctx=0..239:239 prefill chunk 85/239 (35.6%) chunk=18.73 t/s avg=18.76 t/s 4.531s
0824 04:13:31 ds4-server: chat ctx=0..239:239 prefill chunk 86/239 (36.0%) chunk=18.34 t/s avg=18.75 t/s 4.585s
0824 04:13:31 ds4-server: chat ctx=0..239:239 prefill chunk 87/239 (36.4%) chunk=18.62 t/s avg=18.75 t/s 4.639s
0824 04:13:31 ds4-server: chat ctx=0..239:239 prefill chunk 88/239 (36.8%) chunk=18.80 t/s avg=18.75 t/s 4.692s
0824 04:13:31 ds4-server: chat ctx=0..239:239 prefill chunk 89/239 (37.2%) chunk=18.04 t/s avg=18.75 t/s 4.748s
0824 04:13:31 ds4-server: chat ctx=0..239:239 prefill chunk 90/239 (37.7%) chunk=19.14 t/s avg=18.75 t/s 4.800s
0824 04:13:31 ds4-server: chat ctx=0..239:239 prefill chunk 91/239 (38.1%) chunk=18.47 t/s avg=18.75 t/s 4.854s
0824 04:13:32 ds4-server: chat ctx=0..239:239 prefill chunk 92/239 (38.5%) chunk=18.49 t/s avg=18.74 t/s 4.908s
0824 04:13:32 ds4-server: chat ctx=0..239:239 prefill chunk 93/239 (38.9%) chunk=19.05 t/s avg=18.75 t/s 4.961s
0824 04:13:32 ds4-server: chat ctx=0..239:239 prefill chunk 94/239 (39.3%) chunk=18.33 t/s avg=18.74 t/s 5.015s
0824 04:13:32 ds4-server: chat ctx=0..239:239 prefill chunk 95/239 (39.7%) chunk=18.71 t/s avg=18.74 t/s 5.069s
0824 04:13:32 ds4-server: chat ctx=0..239:239 prefill chunk 96/239 (40.2%) chunk=18.26 t/s avg=18.74 t/s 5.124s
0824 04:13:32 ds4-server: chat ctx=0..239:239 prefill chunk 97/239 (40.6%) chunk=18.27 t/s avg=18.73 t/s 5.178s
0824 04:13:32 ds4-server: chat ctx=0..239:239 prefill chunk 98/239 (41.0%) chunk=18.38 t/s avg=18.73 t/s 5.233s
0824 04:13:32 ds4-server: chat ctx=0..239:239 prefill chunk 99/239 (41.4%) chunk=18.14 t/s avg=18.72 t/s 5.288s
0824 04:13:32 ds4-server: chat ctx=0..239:239 prefill chunk 100/239 (41.8%) chunk=18.06 t/s avg=18.72 t/s 5.343s
0824 04:13:32 ds4-server: chat ctx=0..239:239 prefill chunk 101/239 (42.3%) chunk=18.61 t/s avg=18.71 t/s 5.397s
0824 04:13:32 ds4-server: chat ctx=0..239:239 prefill chunk 102/239 (42.7%) chunk=18.26 t/s avg=18.71 t/s 5.452s
0824 04:13:32 ds4-server: chat ctx=0..239:239 prefill chunk 103/239 (43.1%) chunk=18.97 t/s avg=18.71 t/s 5.504s
0824 04:13:32 ds4-server: chat ctx=0..239:239 prefill chunk 104/239 (43.5%) chunk=18.62 t/s avg=18.71 t/s 5.558s
0824 04:13:32 ds4-server: chat ctx=0..239:239 prefill chunk 105/239 (43.9%) chunk=18.52 t/s avg=18.71 t/s 5.612s
ds4: qwen35moe experts/token avg over 128 tokens: 0:14.0 1:14.6 2:14.2 3:15.1 4:15.2 5:14.9 6:14.4 7:16.4 8:16.3 9:15.5 10:14.1 11:14.2 12:15.3 13:15.3 14:15.2 15:15.6 16:14.9 17:14.9 18:14.9 19:14.8 20:15.9 21:15.5 22:15.1 23:14.8 24:15.1 25:15.1 26:14.9 27:15.7 28:15.5 29:15.7 30:15.5 31:16.8 32:16.4 33:16.5 34:15.9 35:18.0 36:18.5 37:19.1 38:19.4 39:18.4 | mean 15.7
0824 04:13:32 ds4-server: chat ctx=0..239:239 prefill chunk 106/239 (44.4%) chunk=18.67 t/s avg=18.71 t/s 5.666s
0824 04:13:32 ds4-server: chat ctx=0..239:239 prefill chunk 107/239 (44.8%) chunk=18.49 t/s avg=18.71 t/s 5.720s
0824 04:13:32 ds4-server: chat ctx=0..239:239 prefill chunk 108/239 (45.2%) chunk=18.01 t/s avg=18.70 t/s 5.775s
0824 04:13:32 ds4-server: chat ctx=0..239:239 prefill chunk 109/239 (45.6%) chunk=18.77 t/s avg=18.70 t/s 5.829s
0824 04:13:33 ds4-server: chat ctx=0..239:239 prefill chunk 110/239 (46.0%) chunk=18.12 t/s avg=18.70 t/s 5.884s
0824 04:13:33 ds4-server: chat ctx=0..239:239 prefill chunk 111/239 (46.4%) chunk=19.43 t/s avg=18.70 t/s 5.935s
0824 04:13:33 ds4-server: chat ctx=0..239:239 prefill chunk 112/239 (46.9%) chunk=18.34 t/s avg=18.70 t/s 5.990s
0824 04:13:33 ds4-server: chat ctx=0..239:239 prefill chunk 113/239 (47.3%) chunk=18.03 t/s avg=18.69 t/s 6.045s
0824 04:13:33 ds4-server: chat ctx=0..239:239 prefill chunk 114/239 (47.7%) chunk=19.00 t/s avg=18.70 t/s 6.098s
0824 04:13:33 ds4-server: chat ctx=0..239:239 prefill chunk 115/239 (48.1%) chunk=18.60 t/s avg=18.69 t/s 6.152s
0824 04:13:33 ds4-server: chat ctx=0..239:239 prefill chunk 116/239 (48.5%) chunk=18.64 t/s avg=18.69 t/s 6.205s
0824 04:13:33 ds4-server: chat ctx=0..239:239 prefill chunk 117/239 (49.0%) chunk=18.71 t/s avg=18.69 t/s 6.259s
0824 04:13:33 ds4-server: chat ctx=0..239:239 prefill chunk 118/239 (49.4%) chunk=17.53 t/s avg=18.68 t/s 6.316s
0824 04:13:33 ds4-server: chat ctx=0..239:239 prefill chunk 119/239 (49.8%) chunk=18.76 t/s avg=18.68 t/s 6.369s
0824 04:13:33 ds4-server: chat ctx=0..239:239 prefill chunk 120/239 (50.2%) chunk=18.28 t/s avg=18.68 t/s 6.424s
0824 04:13:33 ds4-server: chat ctx=0..239:239 prefill chunk 121/239 (50.6%) chunk=17.42 t/s avg=18.67 t/s 6.481s
0824 04:13:33 ds4-server: chat ctx=0..239:239 prefill chunk 122/239 (51.0%) chunk=19.24 t/s avg=18.67 t/s 6.533s
0824 04:13:33 ds4-server: chat ctx=0..239:239 prefill chunk 123/239 (51.5%) chunk=18.33 t/s avg=18.67 t/s 6.588s
0824 04:13:33 ds4-server: chat ctx=0..239:239 prefill chunk 124/239 (51.9%) chunk=18.41 t/s avg=18.67 t/s 6.642s
0824 04:13:33 ds4-server: chat ctx=0..239:239 prefill chunk 125/239 (52.3%) chunk=18.63 t/s avg=18.67 t/s 6.696s
0824 04:13:33 ds4-server: chat ctx=0..239:239 prefill chunk 126/239 (52.7%) chunk=18.12 t/s avg=18.66 t/s 6.751s
0824 04:13:33 ds4-server: chat ctx=0..239:239 prefill chunk 127/239 (53.1%) chunk=18.93 t/s avg=18.67 t/s 6.804s
0824 04:13:33 ds4-server: chat ctx=0..239:239 prefill chunk 128/239 (53.6%) chunk=17.96 t/s avg=18.66 t/s 6.859s
0824 04:13:34 ds4-server: chat ctx=0..239:239 prefill chunk 129/239 (54.0%) chunk=17.67 t/s avg=18.65 t/s 6.916s
0824 04:13:34 ds4-server: chat ctx=0..239:239 prefill chunk 130/239 (54.4%) chunk=18.92 t/s avg=18.65 t/s 6.969s
0824 04:13:34 ds4-server: chat ctx=0..239:239 prefill chunk 131/239 (54.8%) chunk=18.32 t/s avg=18.65 t/s 7.023s
0824 04:13:34 ds4-server: chat ctx=0..239:239 prefill chunk 132/239 (55.2%) chunk=17.63 t/s avg=18.64 t/s 7.080s
0824 04:13:34 ds4-server: chat ctx=0..239:239 prefill chunk 133/239 (55.6%) chunk=18.43 t/s avg=18.64 t/s 7.134s
0824 04:13:34 ds4-server: chat ctx=0..239:239 prefill chunk 134/239 (56.1%) chunk=17.82 t/s avg=18.64 t/s 7.190s
0824 04:13:34 ds4-server: chat ctx=0..239:239 prefill chunk 135/239 (56.5%) chunk=17.77 t/s avg=18.63 t/s 7.247s
0824 04:13:34 ds4-server: chat ctx=0..239:239 prefill chunk 136/239 (56.9%) chunk=18.36 t/s avg=18.63 t/s 7.301s
0824 04:13:34 ds4-server: chat ctx=0..239:239 prefill chunk 137/239 (57.3%) chunk=17.34 t/s avg=18.62 t/s 7.359s
0824 04:13:34 ds4-server: chat ctx=0..239:239 prefill chunk 138/239 (57.7%) chunk=17.88 t/s avg=18.61 t/s 7.415s
0824 04:13:34 ds4-server: chat ctx=0..239:239 prefill chunk 139/239 (58.2%) chunk=18.38 t/s avg=18.61 t/s 7.469s
0824 04:13:34 ds4-server: chat ctx=0..239:239 prefill chunk 140/239 (58.6%) chunk=17.79 t/s avg=18.60 t/s 7.525s
0824 04:13:34 ds4-server: chat ctx=0..239:239 prefill chunk 141/239 (59.0%) chunk=17.58 t/s avg=18.60 t/s 7.582s
0824 04:13:34 ds4-server: chat ctx=0..239:239 prefill chunk 142/239 (59.4%) chunk=18.44 t/s avg=18.59 t/s 7.637s
0824 04:13:34 ds4-server: chat ctx=0..239:239 prefill chunk 143/239 (59.8%) chunk=17.52 t/s avg=18.59 t/s 7.694s
0824 04:13:34 ds4-server: chat ctx=0..239:239 prefill chunk 144/239 (60.3%) chunk=17.89 t/s avg=18.58 t/s 7.750s
0824 04:13:34 ds4-server: chat ctx=0..239:239 prefill chunk 145/239 (60.7%) chunk=18.95 t/s avg=18.58 t/s 7.802s
0824 04:13:34 ds4-server: chat ctx=0..239:239 prefill chunk 146/239 (61.1%) chunk=17.89 t/s avg=18.58 t/s 7.858s
0824 04:13:35 ds4-server: chat ctx=0..239:239 prefill chunk 147/239 (61.5%) chunk=17.90 t/s avg=18.57 t/s 7.914s
0824 04:13:35 ds4-server: chat ctx=0..239:239 prefill chunk 148/239 (61.9%) chunk=18.19 t/s avg=18.57 t/s 7.969s
0824 04:13:35 ds4-server: chat ctx=0..239:239 prefill chunk 149/239 (62.3%) chunk=18.47 t/s avg=18.57 t/s 8.023s
0824 04:13:35 ds4-server: chat ctx=0..239:239 prefill chunk 150/239 (62.8%) chunk=18.38 t/s avg=18.57 t/s 8.078s
0824 04:13:35 ds4-server: chat ctx=0..239:239 prefill chunk 151/239 (63.2%) chunk=18.10 t/s avg=18.57 t/s 8.133s
0824 04:13:35 ds4-server: chat ctx=0..239:239 prefill chunk 152/239 (63.6%) chunk=19.12 t/s avg=18.57 t/s 8.185s
0824 04:13:35 ds4-server: chat ctx=0..239:239 prefill chunk 153/239 (64.0%) chunk=19.09 t/s avg=18.57 t/s 8.237s
0824 04:13:35 ds4-server: chat ctx=0..239:239 prefill chunk 154/239 (64.4%) chunk=18.20 t/s avg=18.57 t/s 8.292s
0824 04:13:35 ds4-server: chat ctx=0..239:239 prefill chunk 155/239 (64.9%) chunk=17.73 t/s avg=18.57 t/s 8.349s
0824 04:13:35 ds4-server: chat ctx=0..239:239 prefill chunk 156/239 (65.3%) chunk=18.15 t/s avg=18.56 t/s 8.404s
0824 04:13:35 ds4-server: chat ctx=0..239:239 prefill chunk 157/239 (65.7%) chunk=17.94 t/s avg=18.56 t/s 8.460s
0824 04:13:35 ds4-server: chat ctx=0..239:239 prefill chunk 158/239 (66.1%) chunk=17.49 t/s avg=18.55 t/s 8.517s
0824 04:13:35 ds4-server: chat ctx=0..239:239 prefill chunk 159/239 (66.5%) chunk=18.94 t/s avg=18.55 t/s 8.570s
0824 04:13:35 ds4-server: chat ctx=0..239:239 prefill chunk 160/239 (66.9%) chunk=17.78 t/s avg=18.55 t/s 8.626s
0824 04:13:35 ds4-server: chat ctx=0..239:239 prefill chunk 161/239 (67.4%) chunk=18.01 t/s avg=18.55 t/s 8.681s
0824 04:13:35 ds4-server: chat ctx=0..239:239 prefill chunk 162/239 (67.8%) chunk=18.49 t/s avg=18.54 t/s 8.736s
0824 04:13:35 ds4-server: chat ctx=0..239:239 prefill chunk 163/239 (68.2%) chunk=17.71 t/s avg=18.54 t/s 8.792s
0824 04:13:35 ds4-server: chat ctx=0..239:239 prefill chunk 164/239 (68.6%) chunk=17.73 t/s avg=18.53 t/s 8.848s
0824 04:13:36 ds4-server: chat ctx=0..239:239 prefill chunk 165/239 (69.0%) chunk=18.01 t/s avg=18.53 t/s 8.904s
0824 04:13:36 ds4-server: chat ctx=0..239:239 prefill chunk 166/239 (69.5%) chunk=17.93 t/s avg=18.53 t/s 8.960s
0824 04:13:36 ds4-server: chat ctx=0..239:239 prefill chunk 167/239 (69.9%) chunk=17.71 t/s avg=18.52 t/s 9.016s
0824 04:13:36 ds4-server: chat ctx=0..239:239 prefill chunk 168/239 (70.3%) chunk=18.22 t/s avg=18.52 t/s 9.071s
0824 04:13:36 ds4-server: chat ctx=0..239:239 prefill chunk 169/239 (70.7%) chunk=18.00 t/s avg=18.52 t/s 9.127s
0824 04:13:36 ds4-server: chat ctx=0..239:239 prefill chunk 170/239 (71.1%) chunk=17.21 t/s avg=18.51 t/s 9.185s
0824 04:13:36 ds4-server: chat ctx=0..239:239 prefill chunk 171/239 (71.5%) chunk=18.12 t/s avg=18.51 t/s 9.240s
0824 04:13:36 ds4-server: chat ctx=0..239:239 prefill chunk 172/239 (72.0%) chunk=17.71 t/s avg=18.50 t/s 9.296s
0824 04:13:36 ds4-server: chat ctx=0..239:239 prefill chunk 173/239 (72.4%) chunk=17.15 t/s avg=18.49 t/s 9.355s
0824 04:13:36 ds4-server: chat ctx=0..239:239 prefill chunk 174/239 (72.8%) chunk=17.44 t/s avg=18.49 t/s 9.412s
0824 04:13:36 ds4-server: chat ctx=0..239:239 prefill chunk 175/239 (73.2%) chunk=18.07 t/s avg=18.48 t/s 9.467s
0824 04:13:36 ds4-server: chat ctx=0..239:239 prefill chunk 176/239 (73.6%) chunk=17.72 t/s avg=18.48 t/s 9.524s
0824 04:13:36 ds4-server: chat ctx=0..239:239 prefill chunk 177/239 (74.1%) chunk=17.24 t/s avg=18.47 t/s 9.582s
0824 04:13:36 ds4-server: chat ctx=0..239:239 prefill chunk 178/239 (74.5%) chunk=18.00 t/s avg=18.47 t/s 9.637s
0824 04:13:36 ds4-server: chat ctx=0..239:239 prefill chunk 179/239 (74.9%) chunk=18.38 t/s avg=18.47 t/s 9.692s
0824 04:13:36 ds4-server: chat ctx=0..239:239 prefill chunk 180/239 (75.3%) chunk=17.61 t/s avg=18.46 t/s 9.749s
0824 04:13:36 ds4-server: chat ctx=0..239:239 prefill chunk 181/239 (75.7%) chunk=18.44 t/s avg=18.46 t/s 9.803s
0824 04:13:36 ds4-server: chat ctx=0..239:239 prefill chunk 182/239 (76.2%) chunk=18.33 t/s avg=18.46 t/s 9.857s
0824 04:13:37 ds4-server: chat ctx=0..239:239 prefill chunk 183/239 (76.6%) chunk=17.06 t/s avg=18.46 t/s 9.916s
0824 04:13:37 ds4-server: chat ctx=0..239:239 prefill chunk 184/239 (77.0%) chunk=18.35 t/s avg=18.45 t/s 9.970s
0824 04:13:37 ds4-server: chat ctx=0..239:239 prefill chunk 185/239 (77.4%) chunk=17.54 t/s avg=18.45 t/s 10.027s
0824 04:13:37 ds4-server: chat ctx=0..239:239 prefill chunk 186/239 (77.8%) chunk=17.50 t/s avg=18.44 t/s 10.085s
0824 04:13:37 ds4-server: chat ctx=0..239:239 prefill chunk 187/239 (78.2%) chunk=17.73 t/s avg=18.44 t/s 10.141s
0824 04:13:37 ds4-server: chat ctx=0..239:239 prefill chunk 188/239 (78.7%) chunk=17.63 t/s avg=18.44 t/s 10.198s
0824 04:13:37 ds4-server: chat ctx=0..239:239 prefill chunk 189/239 (79.1%) chunk=17.57 t/s avg=18.43 t/s 10.255s
0824 04:13:37 ds4-server: chat ctx=0..239:239 prefill chunk 190/239 (79.5%) chunk=17.87 t/s avg=18.43 t/s 10.311s
0824 04:13:37 ds4-server: chat ctx=0..239:239 prefill chunk 191/239 (79.9%) chunk=18.46 t/s avg=18.43 t/s 10.365s
0824 04:13:37 ds4-server: chat ctx=0..239:239 prefill chunk 192/239 (80.3%) chunk=17.78 t/s avg=18.42 t/s 10.421s
0824 04:13:37 ds4-server: chat ctx=0..239:239 prefill chunk 193/239 (80.8%) chunk=18.09 t/s avg=18.42 t/s 10.476s
0824 04:13:37 ds4-server: chat ctx=0..239:239 prefill chunk 194/239 (81.2%) chunk=17.34 t/s avg=18.42 t/s 10.534s
0824 04:13:37 ds4-server: chat ctx=0..239:239 prefill chunk 195/239 (81.6%) chunk=17.41 t/s avg=18.41 t/s 10.591s
0824 04:13:37 ds4-server: chat ctx=0..239:239 prefill chunk 196/239 (82.0%) chunk=17.59 t/s avg=18.41 t/s 10.648s
0824 04:13:37 ds4-server: chat ctx=0..239:239 prefill chunk 197/239 (82.4%) chunk=18.06 t/s avg=18.41 t/s 10.704s
0824 04:13:37 ds4-server: chat ctx=0..239:239 prefill chunk 198/239 (82.8%) chunk=18.22 t/s avg=18.40 t/s 10.758s
0824 04:13:37 ds4-server: chat ctx=0..239:239 prefill chunk 199/239 (83.3%) chunk=17.81 t/s avg=18.40 t/s 10.815s
0824 04:13:38 ds4-server: chat ctx=0..239:239 prefill chunk 200/239 (83.7%) chunk=17.74 t/s avg=18.40 t/s 10.871s
0824 04:13:38 ds4-server: chat ctx=0..239:239 prefill chunk 201/239 (84.1%) chunk=17.17 t/s avg=18.39 t/s 10.929s
0824 04:13:38 ds4-server: chat ctx=0..239:239 prefill chunk 202/239 (84.5%) chunk=17.69 t/s avg=18.39 t/s 10.986s
0824 04:13:38 ds4-server: chat ctx=0..239:239 prefill chunk 203/239 (84.9%) chunk=17.42 t/s avg=18.38 t/s 11.043s
0824 04:13:38 ds4-server: chat ctx=0..239:239 prefill chunk 204/239 (85.4%) chunk=18.18 t/s avg=18.38 t/s 11.098s
0824 04:13:38 ds4-server: chat ctx=0..239:239 prefill chunk 205/239 (85.8%) chunk=17.38 t/s avg=18.38 t/s 11.156s
0824 04:13:38 ds4-server: chat ctx=0..239:239 prefill chunk 206/239 (86.2%) chunk=17.93 t/s avg=18.37 t/s 11.211s
0824 04:13:38 ds4-server: chat ctx=0..239:239 prefill chunk 207/239 (86.6%) chunk=18.30 t/s avg=18.37 t/s 11.266s
0824 04:13:38 ds4-server: chat ctx=0..239:239 prefill chunk 208/239 (87.0%) chunk=17.27 t/s avg=18.37 t/s 11.324s
0824 04:13:38 ds4-server: chat ctx=0..239:239 prefill chunk 209/239 (87.4%) chunk=17.58 t/s avg=18.36 t/s 11.381s
0824 04:13:38 ds4-server: chat ctx=0..239:239 prefill chunk 210/239 (87.9%) chunk=18.23 t/s avg=18.36 t/s 11.436s
0824 04:13:38 ds4-server: chat ctx=0..239:239 prefill chunk 211/239 (88.3%) chunk=18.04 t/s avg=18.36 t/s 11.491s
0824 04:13:38 ds4-server: chat ctx=0..239:239 prefill chunk 212/239 (88.7%) chunk=16.95 t/s avg=18.35 t/s 11.550s
0824 04:13:38 ds4-server: chat ctx=0..239:239 prefill chunk 213/239 (89.1%) chunk=17.26 t/s avg=18.35 t/s 11.608s
0824 04:13:38 ds4-server: chat ctx=0..239:239 prefill chunk 214/239 (89.5%) chunk=18.18 t/s avg=18.35 t/s 11.663s
0824 04:13:38 ds4-server: chat ctx=0..239:239 prefill chunk 215/239 (90.0%) chunk=17.20 t/s avg=18.34 t/s 11.721s
0824 04:13:38 ds4-server: chat ctx=0..239:239 prefill chunk 216/239 (90.4%) chunk=17.10 t/s avg=18.34 t/s 11.780s
0824 04:13:38 ds4-server: chat ctx=0..239:239 prefill chunk 217/239 (90.8%) chunk=17.68 t/s avg=18.33 t/s 11.836s
0824 04:13:39 ds4-server: chat ctx=0..239:239 prefill chunk 218/239 (91.2%) chunk=17.30 t/s avg=18.33 t/s 11.894s
0824 04:13:39 ds4-server: chat ctx=0..239:239 prefill chunk 219/239 (91.6%) chunk=17.47 t/s avg=18.32 t/s 11.951s
0824 04:13:39 ds4-server: chat ctx=0..239:239 prefill chunk 220/239 (92.1%) chunk=17.49 t/s avg=18.32 t/s 12.008s
0824 04:13:39 ds4-server: chat ctx=0..239:239 prefill chunk 221/239 (92.5%) chunk=18.08 t/s avg=18.32 t/s 12.064s
0824 04:13:39 ds4-server: chat ctx=0..239:239 prefill chunk 222/239 (92.9%) chunk=17.95 t/s avg=18.32 t/s 12.119s
0824 04:13:39 ds4-server: chat ctx=0..239:239 prefill chunk 223/239 (93.3%) chunk=16.97 t/s avg=18.31 t/s 12.178s
0824 04:13:39 ds4-server: chat ctx=0..239:239 prefill chunk 224/239 (93.7%) chunk=17.46 t/s avg=18.31 t/s 12.236s
0824 04:13:39 ds4-server: chat ctx=0..239:239 prefill chunk 225/239 (94.1%) chunk=17.62 t/s avg=18.30 t/s 12.292s
0824 04:13:39 ds4-server: chat ctx=0..239:239 prefill chunk 226/239 (94.6%) chunk=17.06 t/s avg=18.30 t/s 12.351s
0824 04:13:39 ds4-server: chat ctx=0..239:239 prefill chunk 227/239 (95.0%) chunk=17.26 t/s avg=18.29 t/s 12.409s
0824 04:13:39 ds4-server: chat ctx=0..239:239 prefill chunk 228/239 (95.4%) chunk=17.86 t/s avg=18.29 t/s 12.465s
0824 04:13:39 ds4-server: chat ctx=0..239:239 prefill chunk 229/239 (95.8%) chunk=17.30 t/s avg=18.29 t/s 12.523s
0824 04:13:39 ds4-server: chat ctx=0..239:239 prefill chunk 230/239 (96.2%) chunk=17.27 t/s avg=18.28 t/s 12.581s
0824 04:13:39 ds4-server: chat ctx=0..239:239 prefill chunk 231/239 (96.7%) chunk=17.64 t/s avg=18.28 t/s 12.637s
0824 04:13:39 ds4-server: chat ctx=0..239:239 prefill chunk 232/239 (97.1%) chunk=17.80 t/s avg=18.28 t/s 12.694s
0824 04:13:39 ds4-server: chat ctx=0..239:239 prefill chunk 233/239 (97.5%) chunk=18.27 t/s avg=18.28 t/s 12.748s
ds4: qwen35moe experts/token avg over 128 tokens: 0:14.6 1:15.4 2:15.0 3:16.2 4:15.4 5:15.9 6:15.5 7:16.5 8:16.5 9:17.0 10:15.1 11:14.6 12:15.6 13:15.5 14:15.7 15:16.8 16:15.8 17:15.6 18:16.0 19:16.6 20:16.5 21:16.6 22:16.0 23:16.0 24:15.9 25:15.9 26:16.7 27:17.0 28:17.2 29:16.9 30:17.8 31:18.4 32:17.7 33:17.8 34:17.6 35:19.3 36:19.4 37:19.7 38:19.8 39:19.4 | mean 16.7
0824 04:13:39 ds4-server: chat ctx=0..239:239 prefill chunk 234/239 (97.9%) chunk=18.06 t/s avg=18.28 t/s 12.804s
0824 04:13:39 ds4-server: chat ctx=0..239:239 prefill chunk 235/239 (98.3%) chunk=17.99 t/s avg=18.27 t/s 12.859s
0824 04:13:40 ds4-server: chat ctx=0..239:239 prefill chunk 236/239 (98.7%) chunk=18.65 t/s avg=18.28 t/s 12.913s
0824 04:13:40 ds4-server: chat ctx=0..239:239 prefill chunk 237/239 (99.2%) chunk=18.26 t/s avg=18.28 t/s 12.968s
0824 04:13:40 ds4-server: chat ctx=0..239:239 prefill chunk 238/239 (99.6%) chunk=19.29 t/s avg=18.28 t/s 13.019s
0824 04:13:40 ds4-server: chat ctx=0..239:239 prefill chunk 239/239 (100.0%) chunk=20.15 t/s avg=18.29 t/s 13.069s
0824 04:13:40 ds4-server: chat ctx=0..239:239 prompt done 13.069s
0824 04:13:42 ds4-server: chat ctx=239..289:50 gen=50 THINKING decoding chunk=18.00 t/s avg=18.00 t/s 2.779s
0824 04:13:45 ds4-server: chat ctx=289..339:50 gen=100 THINKING decoding chunk=17.64 t/s avg=17.81 t/s 5.613s
ds4: qwen35moe experts/token avg over 128 tokens: 0:14.6 1:14.9 2:14.4 3:15.7 4:14.9 5:15.9 6:15.3 7:16.0 8:15.8 9:16.0 10:14.5 11:13.9 12:15.4 13:14.9 14:16.2 15:15.6 16:15.5 17:15.4 18:15.7 19:16.3 20:15.7 21:16.1 22:15.2 23:15.2 24:16.6 25:16.6 26:17.0 27:16.9 28:16.6 29:16.6 30:17.1 31:18.0 32:16.5 33:16.8 34:16.1 35:17.7 36:18.7 37:18.5 38:19.2 39:18.4 | mean 16.2
0824 04:13:48 ds4-server: chat ctx=339..389:50 gen=150 THINKING decoding chunk=17.60 t/s avg=17.74 t/s 8.454s
0824 04:13:51 ds4-server: chat ctx=389..439:50 gen=200 THINKING decoding chunk=17.02 t/s avg=17.56 t/s 11.392s
0824 04:13:54 ds4-server: chat ctx=439..489:50 gen=250 THINKING decoding chunk=17.26 t/s avg=17.50 t/s 14.289s
ds4: qwen35moe experts/token avg over 128 tokens: 0:14.8 1:17.2 2:16.2 3:17.9 4:17.0 5:17.9 6:17.2 7:17.9 8:16.9 9:16.9 10:16.3 11:15.4 12:16.7 13:16.3 14:17.1 15:17.3 16:16.9 17:17.0 18:17.1 19:16.6 20:16.7 21:17.2 22:16.8 23:17.2 24:16.8 25:17.5 26:17.5 27:18.0 28:17.9 29:18.0 30:18.8 31:17.9 32:17.5 33:18.7 34:17.5 35:19.0 36:19.3 37:19.3 38:19.7 39:19.2 | mean 17.4
0824 04:13:57 ds4-server: chat ctx=489..539:50 gen=300 THINKING decoding chunk=17.31 t/s avg=17.46 t/s 17.178s
0824 04:14:00 ds4-server: chat ctx=539..589:50 gen=350 THINKING decoding chunk=17.18 t/s avg=17.42 t/s 20.089s
ds4: qwen35moe experts/token avg over 128 tokens: 0:14.8 1:16.8 2:15.6 3:16.9 4:16.5 5:17.3 6:16.5 7:18.2 8:17.0 9:17.0 10:16.0 11:15.1 12:15.8 13:16.2 14:17.0 15:17.0 16:16.4 17:16.5 18:15.9 19:16.6 20:14.9 21:16.4 22:16.1 23:16.1 24:16.2 25:16.7 26:17.1 27:17.1 28:16.4 29:16.6 30:17.3 31:17.4 32:16.7 33:17.2 34:16.3 35:18.3 36:18.7 37:18.4 38:19.4 39:18.5 | mean 16.8
0824 04:14:03 ds4-server: chat ctx=589..639:50 gen=400 THINKING decoding chunk=16.99 t/s avg=17.37 t/s 23.033s
0824 04:14:06 ds4-server: chat ctx=639..689:50 gen=450 THINKING decoding chunk=16.93 t/s avg=17.32 t/s 25.986s
0824 04:14:09 ds4-server: chat ctx=689..739:50 gen=500 THINKING decoding chunk=16.81 t/s avg=17.27 t/s 28.960s
ds4: qwen35moe experts/token avg over 128 tokens: 0:14.6 1:17.1 2:15.7 3:17.1 4:16.8 5:17.2 6:16.6 7:18.5 8:17.2 9:17.1 10:16.1 11:15.2 12:16.3 13:17.1 14:17.3 15:16.9 16:16.8 17:16.2 18:15.8 19:17.5 20:15.6 21:17.5 22:16.3 23:16.6 24:16.2 25:17.0 26:17.8 27:16.6 28:16.8 29:16.6 30:17.0 31:17.2 32:16.6 33:17.1 34:17.0 35:18.1 36:18.6 37:18.8 38:19.3 39:19.2 | mean 17.0
0824 04:14:12 ds4-server: chat ctx=739..789:50 gen=550 THINKING decoding chunk=16.57 t/s avg=17.20 t/s 31.977s
0824 04:14:15 ds4-server: chat ctx=789..839:50 gen=600 THINKING decoding chunk=16.69 t/s avg=17.16 t/s 34.973s
ds4: qwen35moe experts/token avg over 128 tokens: 0:14.4 1:17.2 2:16.4 3:17.6 4:17.0 5:17.4 6:17.0 7:18.3 8:17.3 9:17.2 10:16.6 11:15.7 12:16.8 13:16.8 14:17.3 15:17.6 16:17.0 17:16.5 18:16.2 19:17.6 20:16.4 21:17.9 22:16.6 23:16.5 24:16.6 25:16.9 26:17.5 27:16.9 28:17.0 29:17.0 30:17.5 31:18.3 32:17.3 33:17.9 34:17.2 35:18.5 36:19.0 37:18.8 38:19.5 39:19.1 | mean 17.3
0824 04:14:18 ds4-server: chat ctx=839..889:50 gen=650 THINKING decoding chunk=16.47 t/s avg=17.10 t/s 38.009s
0824 04:14:21 ds4-server: chat ctx=889..939:50 gen=700 THINKING decoding chunk=16.47 t/s avg=17.05 t/s 41.045s
0824 04:14:24 ds4-server: chat ctx=939..989:50 gen=750 THINKING decoding chunk=16.08 t/s avg=16.99 t/s 44.155s
ds4: qwen35moe experts/token avg over 128 tokens: 0:15.0 1:17.2 2:16.3 3:17.6 4:17.2 5:18.3 6:17.4 7:18.4 8:17.7 9:17.7 10:16.7 11:16.2 12:16.8 13:17.6 14:17.7 15:18.0 16:17.1 17:17.6 18:16.5 19:17.6 20:16.2 21:17.8 22:17.1 23:16.1 24:16.9 25:17.4 26:18.0 27:18.0 28:17.3 29:17.2 30:17.6 31:18.6 32:18.0 33:18.1 34:17.4 35:18.6 36:19.2 37:19.1 38:19.3 39:19.2 | mean 17.5
0824 04:14:27 ds4-server: chat ctx=989..1039:50 gen=800 THINKING decoding chunk=16.18 t/s avg=16.93 t/s 47.245s
0824 04:14:30 ds4-server: chat ctx=1039..1089:50 gen=850 THINKING decoding chunk=16.36 t/s avg=16.90 t/s 50.302s
ds4: qwen35moe experts/token avg over 128 tokens: 0:14.9 1:16.9 2:15.1 3:17.2 4:17.1 5:17.4 6:17.4 7:18.2 8:17.6 9:17.7 10:17.5 11:16.4 12:16.6 13:17.5 14:17.6 15:18.0 16:17.0 17:16.8 18:16.9 19:17.5 20:17.3 21:18.0 22:17.1 23:15.7 24:16.4 25:17.0 26:17.6 27:17.5 28:16.4 29:17.1 30:17.4 31:18.0 32:17.8 33:17.1 34:17.4 35:18.5 36:18.4 37:19.2 38:19.1 39:18.8 | mean 17.3
0824 04:14:33 ds4-server: chat ctx=1089..1139:50 gen=900 THINKING decoding chunk=15.98 t/s avg=16.84 t/s 53.431s
0824 04:14:36 ds4-server: chat ctx=1139..1189:50 gen=950 THINKING decoding chunk=16.16 t/s avg=16.81 t/s 56.526s
0824 04:14:39 ds4-server: chat ctx=1189..1239:50 gen=1000 THINKING decoding chunk=15.99 t/s avg=16.76 t/s 59.652s
ds4: qwen35moe experts/token avg over 128 tokens: 0:14.7 1:16.4 2:15.7 3:16.8 4:16.9 5:16.9 6:16.9 7:17.5 8:16.9 9:17.2 10:16.5 11:14.9 12:16.1 13:16.5 14:17.0 15:17.5 16:16.5 17:16.0 18:16.3 19:17.0 20:16.3 21:17.8 22:15.8 23:16.0 24:16.1 25:16.3 26:16.9 27:16.8 28:16.3 29:16.6 30:16.9 31:17.5 32:17.1 33:16.9 34:17.6 35:18.2 36:18.4 37:18.7 38:19.5 39:18.8 | mean 16.9
0824 04:14:42 ds4-server: chat ctx=1239..1289:50 gen=1050 THINKING decoding chunk=16.30 t/s avg=16.74 t/s 62.720s
0824 04:14:46 ds4-server: chat ctx=1289..1339:50 gen=1100 THINKING decoding chunk=15.49 t/s avg=16.68 t/s 65.948s
ds4: qwen35moe experts/token avg over 128 tokens: 0:15.4 1:17.4 2:16.3 3:17.6 4:17.2 5:17.2 6:17.6 7:18.0 8:17.7 9:17.2 10:17.3 11:15.9 12:15.9 13:17.2 14:17.3 15:17.2 16:17.0 17:17.3 18:17.1 19:17.1 20:17.9 21:18.2 22:16.6 23:17.1 24:17.0 25:17.9 26:17.2 27:17.7 28:17.2 29:17.5 30:18.2 31:18.4 32:18.1 33:18.0 34:18.0 35:18.9 36:19.0 37:19.1 38:19.5 39:19.0 | mean 17.5
0824 04:14:49 ds4-server: chat ctx=1339..1389:50 gen=1150 THINKING decoding chunk=15.52 t/s avg=16.63 t/s 69.170s
0824 04:14:52 ds4-server: chat ctx=1389..1439:50 gen=1200 THINKING decoding chunk=15.34 t/s avg=16.57 t/s 72.430s
0824 04:14:55 ds4-server: chat ctx=1439..1489:50 gen=1250 THINKING decoding chunk=15.21 t/s avg=16.51 t/s 75.717s
ds4: qwen35moe experts/token avg over 128 tokens: 0:16.2 1:18.2 2:16.6 3:18.8 4:18.6 5:19.0 6:18.9 7:19.1 8:18.3 9:18.7 10:18.4 11:17.6 12:18.1 13:18.7 14:18.3 15:18.7 16:18.4 17:18.6 18:17.9 19:18.6 20:17.9 21:18.9 22:17.7 23:17.4 24:18.1 25:18.0 26:18.7 27:18.8 28:18.7 29:18.8 30:18.9 31:19.2 32:18.3 33:19.2 34:18.8 35:19.5 36:19.5 37:19.7 38:19.7 39:19.4 | mean 18.5
0824 04:14:59 ds4-server: chat ctx=1489..1539:50 gen=1300 THINKING decoding chunk=15.12 t/s avg=16.45 t/s 79.024s
0824 04:15:02 ds4-server: chat ctx=1539..1589:50 gen=1350 THINKING decoding chunk=15.06 t/s avg=16.39 t/s 82.344s
0824 04:15:05 ds4-server: chat ctx=1589..1639:50 gen=1400 THINKING decoding chunk=14.94 t/s avg=16.34 t/s 85.691s
ds4: qwen35moe experts/token avg over 128 tokens: 0:16.4 1:18.2 2:17.7 3:19.1 4:18.6 5:19.0 6:19.0 7:19.1 8:18.9 9:18.4 10:18.6 11:17.9 12:18.0 13:18.8 14:18.4 15:18.7 16:18.4 17:18.6 18:18.2 19:19.0 20:19.1 21:19.0 22:18.0 23:17.7 24:18.1 25:18.5 26:18.8 27:18.9 28:19.0 29:19.2 30:19.4 31:19.6 32:19.3 33:19.4 34:19.6 35:19.7 36:19.8 37:19.8 38:19.9 39:19.9 | mean 18.8
0824 04:15:09 ds4-server: chat ctx=1639..1689:50 gen=1450 THINKING decoding chunk=14.87 t/s avg=16.28 t/s 89.053s
0824 04:15:12 ds4-server: chat ctx=1689..1739:50 gen=1500 THINKING decoding chunk=14.83 t/s avg=16.23 t/s 92.425s
ds4: qwen35moe experts/token avg over 128 tokens: 0:16.3 1:18.4 2:17.4 3:18.9 4:18.5 5:19.1 6:19.4 7:19.3 8:18.8 9:18.7 10:18.8 11:18.2 12:17.9 13:19.0 14:19.0 15:18.7 16:18.8 17:19.0 18:18.7 19:19.0 20:19.1 21:19.2 22:18.1 23:17.9 24:18.5 25:18.4 26:19.0 27:18.9 28:19.3 29:19.2 30:19.4 31:19.8 32:19.3 33:19.7 34:19.7 35:19.9 36:20.0 37:20.0 38:20.0 39:19.9 | mean 18.9
0824 04:15:16 ds4-server: chat ctx=1739..1789:50 gen=1550 THINKING decoding chunk=14.76 t/s avg=16.18 t/s 95.812s
0824 04:15:19 ds4-server: chat ctx=1789..1839:50 gen=1600 THINKING decoding chunk=15.03 t/s avg=16.14 t/s 99.138s
0824 04:15:22 ds4-server: chat ctx=1839..1889:50 gen=1650 THINKING decoding chunk=14.71 t/s avg=16.09 t/s 102.536s
ds4: qwen35moe experts/token avg over 128 tokens: 0:15.5 1:17.8 2:16.9 3:18.5 4:18.0 5:18.7 6:18.1 7:18.8 8:18.4 9:18.4 10:17.4 11:16.9 12:17.9 13:17.8 14:18.0 15:18.6 16:17.9 17:17.7 18:18.2 19:18.3 20:17.9 21:18.9 22:17.6 23:17.5 24:17.9 25:17.8 26:18.5 27:18.3 28:18.1 29:18.2 30:18.0 31:18.7 32:18.5 33:18.3 34:18.8 35:19.3 36:19.2 37:19.5 38:19.7 39:19.6 | mean 18.2
0824 04:15:26 ds4-server: chat ctx=1889..1939:50 gen=1700 THINKING decoding chunk=14.58 t/s avg=16.04 t/s 105.966s
0824 04:15:29 ds4-server: chat ctx=1939..1989:50 gen=1750 THINKING decoding chunk=14.46 t/s avg=15.99 t/s 109.423s
ds4: qwen35moe experts/token avg over 128 tokens: 0:16.5 1:18.4 2:17.6 3:18.9 4:18.8 5:19.1 6:19.2 7:19.3 8:19.1 9:18.5 10:18.6 11:17.9 12:17.6 13:18.6 14:18.8 15:19.0 16:18.8 17:19.3 18:18.9 19:19.0 20:18.8 21:19.4 22:18.5 23:18.5 24:18.5 25:18.6 26:19.1 27:19.1 28:19.3 29:19.1 30:19.1 31:19.7 32:19.4 33:19.6 34:19.6 35:19.7 36:19.9 37:19.9 38:20.0 39:19.9 | mean 18.9
0824 04:15:33 ds4-server: chat ctx=1989..2039:50 gen=1800 THINKING decoding chunk=14.43 t/s avg=15.94 t/s 112.889s
0824 04:15:36 ds4-server: chat ctx=2039..2089:50 gen=1850 THINKING decoding chunk=14.46 t/s avg=15.90 t/s 116.347s
0824 04:15:40 ds4-server: chat ctx=2089..2139:50 gen=1900 THINKING decoding chunk=14.27 t/s avg=15.85 t/s 119.850s
ds4: qwen35moe experts/token avg over 128 tokens: 0:16.5 1:18.2 2:17.5 3:19.1 4:19.0 5:19.5 6:19.0 7:19.4 8:18.7 9:18.9 10:18.7 11:18.2 12:18.7 13:19.2 14:18.8 15:18.9 16:18.7 17:19.3 18:18.7 19:18.8 20:18.0 21:19.3 22:18.2 23:17.5 24:18.2 25:18.0 26:19.3 27:18.9 28:19.0 29:18.9 30:19.3 31:19.4 32:18.9 33:19.4 34:19.3 35:19.6 36:19.7 37:19.9 38:19.7 39:19.8 | mean 18.8
0824 04:15:43 ds4-server: chat ctx=2139..2189:50 gen=1950 THINKING decoding chunk=14.27 t/s avg=15.81 t/s 123.353s
0824 04:15:47 ds4-server: chat ctx=2189..2239:50 gen=2000 THINKING decoding chunk=14.16 t/s avg=15.76 t/s 126.883s
ds4: qwen35moe experts/token avg over 128 tokens: 0:15.8 1:17.9 2:17.2 3:18.7 4:18.4 5:18.5 6:18.7 7:19.3 8:18.6 9:18.4 10:18.0 11:17.6 12:17.6 13:18.0 14:18.4 15:18.6 16:18.2 17:18.3 18:18.1 19:18.6 20:18.7 21:19.2 22:17.9 23:18.1 24:18.1 25:18.3 26:18.6 27:18.8 28:18.9 29:18.7 30:18.9 31:19.2 32:19.0 33:19.1 34:19.3 35:19.5 36:19.8 37:19.9 38:19.9 39:19.8 | mean 18.6
0824 04:15:50 ds4-server: chat ctx=2239..2289:50 gen=2050 THINKING decoding chunk=14.47 t/s avg=15.73 t/s 130.339s
0824 04:15:54 ds4-server: chat ctx=2289..2339:50 gen=2100 THINKING decoding chunk=14.47 t/s avg=15.70 t/s 133.794s
0824 04:15:57 ds4-server: chat ctx=2339..2389:50 gen=2150 THINKING decoding chunk=14.45 t/s avg=15.66 t/s 137.254s
ds4: qwen35moe experts/token avg over 128 tokens: 0:14.5 1:15.4 2:15.7 3:17.0 4:16.8 5:17.4 6:16.9 7:18.0 8:18.2 9:18.1 10:16.5 11:16.1 12:16.8 13:17.3 14:17.4 15:17.9 16:17.2 17:16.7 18:16.9 19:17.3 20:17.3 21:17.9 22:16.3 23:16.8 24:17.0 25:16.8 26:17.1 27:17.2 28:17.6 29:17.0 30:17.8 31:18.3 32:17.3 33:17.5 34:17.7 35:18.3 36:19.1 37:19.2 38:19.6 39:19.2 | mean 17.3
0824 04:16:00 ds4-server: chat ctx=2389..2439:50 gen=2200 THINKING decoding chunk=14.19 t/s avg=15.63 t/s 140.778s
0824 04:16:04 ds4-server: chat ctx=2439..2489:50 gen=2250 THINKING decoding chunk=14.69 t/s avg=15.61 t/s 144.180s
ds4: qwen35moe experts/token avg over 128 tokens: 0:13.7 1:15.1 2:14.9 3:16.3 4:16.2 5:16.4 6:15.4 7:17.0 8:17.1 9:18.0 10:15.5 11:15.0 12:16.1 13:15.7 14:16.6 15:16.8 16:16.1 17:15.8 18:15.8 19:16.9 20:16.8 21:17.0 22:15.4 23:15.6 24:16.1 25:16.4 26:16.4 27:16.5 28:16.4 29:16.2 30:15.9 31:17.0 32:16.2 33:16.1 34:15.9 35:17.8 36:17.5 37:18.0 38:19.2 39:17.4 | mean 16.4
0824 04:16:07 ds4-server: chat ctx=2489..2539:50 gen=2300 THINKING decoding chunk=14.57 t/s avg=15.58 t/s 147.613s
0824 04:16:11 ds4-server: chat ctx=2539..2589:50 gen=2350 THINKING decoding chunk=14.30 t/s avg=15.55 t/s 151.109s
0824 04:16:14 ds4-server: chat ctx=2589..2639:50 gen=2400 THINKING decoding chunk=13.95 t/s avg=15.51 t/s 154.693s
ds4: qwen35moe experts/token avg over 128 tokens: 0:14.6 1:17.5 2:16.0 3:17.6 4:17.3 5:18.2 6:17.1 7:18.1 8:17.7 9:18.1 10:16.8 11:15.9 12:17.2 13:17.5 14:17.9 15:18.0 16:17.2 17:17.3 18:16.6 19:17.8 20:17.3 21:18.2 22:17.0 23:16.7 24:17.1 25:17.7 26:18.3 27:18.1 28:17.5 29:17.4 30:17.9 31:18.1 32:17.3 33:17.3 34:17.5 35:18.8 36:19.1 37:18.9 38:19.7 39:19.1 | mean 17.6
0824 04:16:18 ds4-server: chat ctx=2639..2689:50 gen=2450 THINKING decoding chunk=13.87 t/s avg=15.48 t/s 158.297s
0824 04:16:22 ds4-server: chat ctx=2689..2739:50 gen=2500 THINKING decoding chunk=13.77 t/s avg=15.44 t/s 161.928s
0824 04:16:25 ds4-server: chat ctx=2739..2789:50 gen=2550 THINKING decoding chunk=13.68 t/s avg=15.40 t/s 165.582s
ds4: qwen35moe experts/token avg over 128 tokens: 0:15.7 1:18.0 2:16.5 3:18.2 4:18.3 5:18.7 6:18.1 7:19.1 8:18.5 9:18.5 10:17.6 11:17.5 12:18.1 13:18.5 14:18.9 15:18.6 16:18.1 17:18.1 18:17.4 19:18.9 20:17.9 21:18.7 22:17.9 23:17.1 24:18.2 25:18.4 26:18.9 27:18.9 28:17.7 29:18.1 30:18.5 31:19.0 32:18.8 33:18.5 34:18.5 35:19.3 36:19.3 37:19.3 38:19.6 39:19.2 | mean 18.3
0824 04:16:29 ds4-server: chat ctx=2789..2839:50 gen=2600 THINKING decoding chunk=13.85 t/s avg=15.37 t/s 169.193s
0824 04:16:33 ds4-server: chat ctx=2839..2889:50 gen=2650 THINKING decoding chunk=13.67 t/s avg=15.33 t/s 172.851s
ds4: qwen35moe experts/token avg over 128 tokens: 0:15.1 1:18.0 2:16.3 3:17.5 4:18.4 5:18.5 6:18.1 7:19.0 8:18.3 9:18.0 10:17.6 11:17.1 12:18.0 13:18.3 14:18.6 15:18.4 16:17.9 17:18.3 18:17.5 19:18.4 20:17.5 21:18.3 22:17.5 23:16.7 24:17.6 25:18.4 26:18.9 27:18.0 28:17.9 29:17.6 30:17.6 31:18.5 32:17.8 33:17.9 34:17.9 35:18.8 36:19.0 37:19.5 38:19.6 39:19.1 | mean 18.0
0824 04:16:36 ds4-server: chat ctx=2889..2939:50 gen=2700 THINKING decoding chunk=13.52 t/s avg=15.29 t/s 176.550s
0824 04:16:40 ds4-server: chat ctx=2939..2989:50 gen=2750 THINKING decoding chunk=13.89 t/s avg=15.27 t/s 180.150s
0824 04:16:43 ds4-server: chat ctx=2989..3039:50 gen=2800 THINKING decoding chunk=13.87 t/s avg=15.24 t/s 183.755s
ds4: qwen35moe experts/token avg over 128 tokens: 0:14.2 1:16.1 2:15.2 3:16.9 4:16.8 5:17.0 6:16.9 7:17.6 8:17.5 9:18.1 10:16.4 11:15.5 12:16.1 13:16.4 14:17.3 15:17.1 16:17.1 17:17.0 18:16.0 19:17.2 20:17.7 21:17.3 22:16.7 23:16.2 24:16.7 25:16.5 26:17.2 27:17.1 28:16.9 29:16.9 30:16.9 31:18.0 32:17.4 33:16.6 34:17.0 35:18.6 36:17.8 37:18.5 38:19.1 39:18.1 | mean 17.0
0824 04:16:47 ds4-server: chat ctx=3039..3089:50 gen=2850 THINKING decoding chunk=13.71 t/s avg=15.21 t/s 187.401s
0824 04:16:51 ds4-server: chat ctx=3089..3139:50 gen=2900 THINKING decoding chunk=13.37 t/s avg=15.17 t/s 191.142s
ds4: qwen35moe experts/token avg over 128 tokens: 0:14.5 1:15.4 2:15.6 3:16.9 4:17.4 5:17.5 6:17.0 7:17.9 8:18.2 9:18.0 10:16.7 11:16.1 12:16.6 13:17.4 14:17.8 15:17.3 16:17.4 17:17.1 18:17.2 19:17.5 20:18.4 21:18.5 22:16.0 23:16.9 24:16.9 25:17.0 26:17.4 27:17.3 28:17.4 29:17.5 30:17.7 31:18.1 32:18.0 33:17.9 34:17.6 35:18.9 36:18.8 37:18.9 38:19.7 39:19.0 | mean 17.4
0824 04:16:55 ds4-server: chat ctx=3139..3189:50 gen=2950 THINKING decoding chunk=13.61 t/s avg=15.14 t/s 194.817s
0824 04:16:58 ds4-server: chat ctx=3189..3239:50 gen=3000 THINKING decoding chunk=13.83 t/s avg=15.12 t/s 198.431s
0824 04:17:02 ds4-server: chat ctx=3239..3289:50 gen=3050 THINKING decoding chunk=13.30 t/s avg=15.08 t/s 202.191s
ds4: qwen35moe experts/token avg over 128 tokens: 0:15.1 1:16.6 2:15.4 3:17.8 4:17.2 5:17.6 6:17.4 7:18.4 8:17.7 9:17.5 10:16.8 11:15.8 12:16.8 13:16.9 14:17.4 15:17.4 16:16.5 17:17.2 18:16.6 19:17.4 20:17.0 21:17.3 22:15.9 23:16.2 24:16.4 25:16.8 26:17.2 27:16.9 28:16.8 29:17.1 30:17.6 31:17.9 32:17.4 33:17.0 34:17.4 35:18.7 36:18.2 37:18.5 38:19.2 39:18.3 | mean 17.2
0824 04:17:06 ds4-server: chat ctx=3289..3339:50 gen=3100 THINKING decoding chunk=13.27 t/s avg=15.05 t/s 205.957s
0824 04:17:09 ds4-server: chat ctx=3339..3389:50 gen=3150 THINKING decoding chunk=13.21 t/s avg=15.02 t/s 209.741s
ds4: qwen35moe experts/token avg over 128 tokens: 0:15.6 1:18.4 2:16.5 3:18.3 4:18.1 5:18.5 6:18.2 7:19.2 8:18.4 9:18.4 10:18.1 11:16.9 12:17.9 13:18.5 14:18.8 15:18.5 16:18.2 17:18.5 18:17.7 19:18.0 20:17.8 21:18.4 22:17.5 23:17.0 24:17.4 25:17.7 26:18.3 27:18.5 28:17.2 29:17.6 30:18.4 31:18.9 32:18.4 33:18.4 34:18.4 35:19.2 36:19.3 37:19.3 38:19.4 39:18.9 | mean 18.2
0824 04:17:13 ds4-server: chat ctx=3389..3439:50 gen=3200 THINKING decoding chunk=13.02 t/s avg=14.98 t/s 213.581s
0824 04:17:17 ds4-server: chat ctx=3439..3489:50 gen=3250 THINKING decoding chunk=13.06 t/s avg=14.95 t/s 217.409s
0824 04:17:21 ds4-server: chat ctx=3489..3539:50 gen=3300 THINKING decoding chunk=12.96 t/s avg=14.91 t/s 221.267s
ds4: qwen35moe experts/token avg over 128 tokens: 0:15.1 1:17.7 2:16.6 3:18.0 4:17.9 5:18.4 6:17.6 7:18.8 8:18.4 9:18.6 10:17.8 11:16.7 12:17.7 13:18.5 14:18.7 15:18.1 16:18.2 17:17.7 18:17.5 19:18.5 20:17.4 21:18.5 22:17.5 23:16.5 24:17.4 25:17.9 26:18.6 27:18.4 28:17.6 29:17.5 30:18.0 31:18.9 32:17.9 33:18.2 34:18.3 35:19.2 36:18.8 37:19.2 38:19.4 39:19.0 | mean 18.0
0824 04:17:25 ds4-server: chat ctx=3539..3589:50 gen=3350 THINKING decoding chunk=13.11 t/s avg=14.88 t/s 225.080s
0824 04:17:29 ds4-server: chat ctx=3589..3639:50 gen=3400 THINKING decoding chunk=12.89 t/s avg=14.85 t/s 228.960s
0824 04:17:33 ds4-server: chat ctx=3639..3689:50 gen=3450 THINKING decoding chunk=12.84 t/s avg=14.82 t/s 232.853s
ds4: qwen35moe experts/token avg over 128 tokens: 0:15.3 1:17.4 2:16.5 3:18.2 4:18.1 5:18.5 6:18.1 7:19.1 8:18.3 9:18.7 10:18.0 11:17.1 12:17.8 13:18.4 14:19.0 15:18.6 16:17.9 17:17.6 18:17.6 19:18.4 20:18.6 21:18.6 22:18.0 23:16.9 24:17.7 25:17.7 26:18.5 27:18.5 28:17.7 29:17.6 30:17.7 31:18.6 32:18.0 33:17.7 34:18.2 35:19.2 36:19.0 37:19.2 38:19.3 39:19.1 | mean 18.1
0824 04:17:36 ds4-server: chat ctx=3689..3739:50 gen=3500 THINKING decoding chunk=13.24 t/s avg=14.79 t/s 236.629s
0824 04:17:40 ds4-server: chat ctx=3739..3789:50 gen=3550 THINKING decoding chunk=13.10 t/s avg=14.76 t/s 240.446s
ds4: qwen35moe experts/token avg over 128 tokens: 0:13.8 1:15.6 2:14.6 3:16.6 4:16.2 5:16.3 6:15.8 7:17.1 8:17.4 9:17.9 10:15.6 11:15.2 12:16.5 13:16.5 14:17.1 15:16.5 16:16.6 17:16.6 18:15.9 19:16.9 20:17.7 21:17.8 22:15.3 23:16.3 24:16.7 25:16.0 26:17.1 27:16.8 28:17.1 29:17.1 30:16.6 31:18.0 32:17.5 33:16.3 34:16.9 35:18.2 36:17.6 37:18.6 38:19.2 39:17.7 | mean 16.7
0824 04:17:44 ds4-server: chat ctx=3789..3839:50 gen=3600 THINKING decoding chunk=12.98 t/s avg=14.74 t/s 244.300s
0824 04:17:48 ds4-server: chat ctx=3839..3889:50 gen=3650 THINKING decoding chunk=12.97 t/s avg=14.71 t/s 248.155s
0824 04:17:52 ds4-server: chat ctx=3889..3939:50 gen=3700 THINKING decoding chunk=12.83 t/s avg=14.68 t/s 252.052s
ds4: qwen35moe experts/token avg over 128 tokens: 0:15.0 1:15.6 2:15.2 3:16.2 4:16.6 5:16.7 6:16.4 7:17.7 8:17.4 9:17.4 10:16.3 11:15.8 12:16.6 13:17.4 14:17.2 15:16.5 16:16.9 17:16.5 18:15.9 19:17.1 20:17.7 21:17.8 22:15.7 23:16.3 24:16.7 25:16.7 26:16.3 27:16.4 28:16.3 29:16.3 30:16.6 31:17.4 32:16.5 33:16.3 34:16.4 35:18.0 36:17.8 37:18.4 38:19.0 39:17.7 | mean 16.8
0824 04:17:56 ds4-server: chat ctx=3939..3989:50 gen=3750 THINKING decoding chunk=12.44 t/s avg=14.64 t/s 256.071s
0824 04:18:00 ds4-server: chat ctx=3989..4039:50 gen=3800 THINKING decoding chunk=12.35 t/s avg=14.61 t/s 260.119s
ds4: qwen35moe experts/token avg over 128 tokens: 0:17.3 1:18.2 2:16.8 3:18.8 4:18.3 5:18.4 6:18.4 7:18.4 8:18.1 9:18.1 10:18.0 11:17.7 12:17.4 13:18.8 14:18.9 15:18.8 16:19.0 17:19.0 18:18.6 19:18.9 20:19.0 21:19.1 22:18.6 23:18.3 24:18.5 25:18.8 26:18.6 27:18.8 28:18.9 29:19.3 30:19.2 31:19.4 32:19.2 33:19.4 34:19.4 35:19.7 36:19.7 37:19.8 38:20.0 39:19.9 | mean 18.7
0824 04:18:04 ds4-server: chat ctx=4039..4089:50 gen=3850 THINKING decoding chunk=12.56 t/s avg=14.58 t/s 264.101s
0824 04:18:08 ds4-server: chat ctx=4089..4139:50 gen=3900 decoding chunk=12.78 t/s avg=14.55 t/s 268.013s
0824 04:18:12 ds4-server: chat ctx=4139..4189:50 gen=3950 decoding chunk=12.34 t/s avg=14.52 t/s 272.066s
ds4: qwen35moe experts/token avg over 128 tokens: 0:14.3 1:15.9 2:15.3 3:16.8 4:16.8 5:16.8 6:16.4 7:17.8 8:17.4 9:17.0 10:15.8 11:15.9 12:17.2 13:17.6 14:18.0 15:17.9 16:17.5 17:17.0 18:16.9 19:17.5 20:17.6 21:17.9 22:16.6 23:16.5 24:17.4 25:17.5 26:17.2 27:17.4 28:16.9 29:17.1 30:16.9 31:17.8 32:17.0 33:17.2 34:16.9 35:18.1 36:18.8 37:18.7 38:19.2 39:18.2 | mean 17.2
0824 04:18:16 ds4-server: chat ctx=4189..4239:50 gen=4000 decoding chunk=12.42 t/s avg=14.49 t/s 276.091s
0824 04:18:20 ds4-server: chat ctx=4239..4289:50 gen=4050 decoding chunk=12.34 t/s avg=14.46 t/s 280.144s
ds4: qwen35moe experts/token avg over 128 tokens: 0:15.6 1:16.9 2:17.3 3:18.4 4:17.4 5:17.8 6:17.5 7:17.7 8:19.2 9:18.2 10:16.3 11:17.2 12:16.7 13:17.1 14:17.9 15:18.0 16:17.7 17:17.6 18:18.5 19:17.9 20:18.6 21:18.1 22:17.5 23:17.6 24:18.2 25:17.5 26:17.4 27:17.6 28:17.0 29:17.7 30:18.5 31:18.2 32:17.9 33:17.7 34:17.3 35:18.2 36:18.9 37:19.3 38:19.5 39:19.7 | mean 17.8
0824 04:18:24 ds4-server: chat ctx=4289..4335:46 gen=4096 decoding chunk=12.48 t/s avg=14.43 t/s 283.829s
0824 04:18:24 ds4-server: chat ctx=0..239:239 gen=4096 finish=length 296.898s
0824 04:18:24 ds4-server: live kv cache miss live=4335 prompt=184 common=51 reason=token-mismatch
0824 04:18:24 ds4-server: chat ctx=0..184:184 prompt start
0824 04:18:24 ds4-server: chat ctx=0..184:184 prefill chunk 1/184 (0.5%) chunk=0.00 t/s avg=19.23 t/s 0.052s
0824 04:18:24 ds4-server: chat ctx=0..184:184 prefill chunk 2/184 (1.1%) chunk=19.91 t/s avg=19.56 t/s 0.102s
0824 04:18:24 ds4-server: chat ctx=0..184:184 prefill chunk 3/184 (1.6%) chunk=19.42 t/s avg=19.51 t/s 0.154s
0824 04:18:24 ds4-server: chat ctx=0..184:184 prefill chunk 4/184 (2.2%) chunk=20.09 t/s avg=19.65 t/s 0.204s
0824 04:18:24 ds4-server: chat ctx=0..184:184 prefill chunk 5/184 (2.7%) chunk=19.07 t/s avg=19.54 t/s 0.256s
0824 04:18:24 ds4-server: chat ctx=0..184:184 prefill chunk 6/184 (3.3%) chunk=18.93 t/s avg=19.43 t/s 0.309s
0824 04:18:24 ds4-server: chat ctx=0..184:184 prefill chunk 7/184 (3.8%) chunk=19.70 t/s avg=19.47 t/s 0.360s
0824 04:18:24 ds4-server: chat ctx=0..184:184 prefill chunk 8/184 (4.3%) chunk=18.59 t/s avg=19.36 t/s 0.413s
0824 04:18:24 ds4-server: chat ctx=0..184:184 prefill chunk 9/184 (4.9%) chunk=20.31 t/s avg=19.46 t/s 0.463s
0824 04:18:24 ds4-server: chat ctx=0..184:184 prefill chunk 10/184 (5.4%) chunk=19.02 t/s avg=19.41 t/s 0.515s
0824 04:18:24 ds4-server: chat ctx=0..184:184 prefill chunk 11/184 (6.0%) chunk=19.57 t/s avg=19.43 t/s 0.566s
0824 04:18:24 ds4-server: chat ctx=0..184:184 prefill chunk 12/184 (6.5%) chunk=18.83 t/s avg=19.37 t/s 0.619s
0824 04:18:24 ds4-server: chat ctx=0..184:184 prefill chunk 13/184 (7.1%) chunk=19.01 t/s avg=19.35 t/s 0.672s
0824 04:18:24 ds4-server: chat ctx=0..184:184 prefill chunk 14/184 (7.6%) chunk=18.76 t/s avg=19.30 t/s 0.725s
0824 04:18:24 ds4-server: chat ctx=0..184:184 prefill chunk 15/184 (8.2%) chunk=18.29 t/s avg=19.23 t/s 0.780s
0824 04:18:24 ds4-server: chat ctx=0..184:184 prefill chunk 16/184 (8.7%) chunk=19.08 t/s avg=19.22 t/s 0.832s
0824 04:18:24 ds4-server: chat ctx=0..184:184 prefill chunk 17/184 (9.2%) chunk=18.68 t/s avg=19.19 t/s 0.886s
0824 04:18:24 ds4-server: chat ctx=0..184:184 prefill chunk 18/184 (9.8%) chunk=19.55 t/s avg=19.21 t/s 0.937s
0824 04:18:25 ds4-server: chat ctx=0..184:184 prefill chunk 19/184 (10.3%) chunk=18.28 t/s avg=19.16 t/s 0.992s
0824 04:18:25 ds4-server: chat ctx=0..184:184 prefill chunk 20/184 (10.9%) chunk=17.87 t/s avg=19.09 t/s 1.048s
0824 04:18:25 ds4-server: chat ctx=0..184:184 prefill chunk 21/184 (11.4%) chunk=19.05 t/s avg=19.09 t/s 1.100s
0824 04:18:25 ds4-server: chat ctx=0..184:184 prefill chunk 22/184 (12.0%) chunk=19.13 t/s avg=19.09 t/s 1.152s
0824 04:18:25 ds4-server: chat ctx=0..184:184 prefill chunk 23/184 (12.5%) chunk=19.56 t/s avg=19.11 t/s 1.204s
0824 04:18:25 ds4-server: chat ctx=0..184:184 prefill chunk 24/184 (13.0%) chunk=18.82 t/s avg=19.10 t/s 1.257s
0824 04:18:25 ds4-server: chat ctx=0..184:184 prefill chunk 25/184 (13.6%) chunk=18.87 t/s avg=19.09 t/s 1.310s
0824 04:18:25 ds4-server: chat ctx=0..184:184 prefill chunk 26/184 (14.1%) chunk=19.50 t/s avg=19.10 t/s 1.361s
0824 04:18:25 ds4-server: chat ctx=0..184:184 prefill chunk 27/184 (14.7%) chunk=18.38 t/s avg=19.08 t/s 1.415s
0824 04:18:25 ds4-server: chat ctx=0..184:184 prefill chunk 28/184 (15.2%) chunk=19.44 t/s avg=19.09 t/s 1.467s
0824 04:18:25 ds4-server: chat ctx=0..184:184 prefill chunk 29/184 (15.8%) chunk=18.26 t/s avg=19.06 t/s 1.522s
0824 04:18:25 ds4-server: chat ctx=0..184:184 prefill chunk 30/184 (16.3%) chunk=18.53 t/s avg=19.04 t/s 1.576s
0824 04:18:25 ds4-server: chat ctx=0..184:184 prefill chunk 31/184 (16.8%) chunk=18.87 t/s avg=19.03 t/s 1.629s
0824 04:18:25 ds4-server: chat ctx=0..184:184 prefill chunk 32/184 (17.4%) chunk=18.06 t/s avg=19.00 t/s 1.684s
0824 04:18:25 ds4-server: chat ctx=0..184:184 prefill chunk 33/184 (17.9%) chunk=19.37 t/s avg=19.01 t/s 1.736s
0824 04:18:25 ds4-server: chat ctx=0..184:184 prefill chunk 34/184 (18.5%) chunk=18.55 t/s avg=19.00 t/s 1.789s
0824 04:18:25 ds4-server: chat ctx=0..184:184 prefill chunk 35/184 (19.0%) chunk=18.18 t/s avg=18.98 t/s 1.844s
0824 04:18:25 ds4-server: chat ctx=0..184:184 prefill chunk 36/184 (19.6%) chunk=18.93 t/s avg=18.97 t/s 1.897s
0824 04:18:25 ds4-server: chat ctx=0..184:184 prefill chunk 37/184 (20.1%) chunk=17.58 t/s avg=18.93 t/s 1.954s
0824 04:18:26 ds4-server: chat ctx=0..184:184 prefill chunk 38/184 (20.7%) chunk=17.91 t/s avg=18.91 t/s 2.010s
0824 04:18:26 ds4-server: chat ctx=0..184:184 prefill chunk 39/184 (21.2%) chunk=18.78 t/s avg=18.90 t/s 2.063s
0824 04:18:26 ds4-server: chat ctx=0..184:184 prefill chunk 40/184 (21.7%) chunk=18.30 t/s avg=18.89 t/s 2.118s
0824 04:18:26 ds4-server: chat ctx=0..184:184 prefill chunk 41/184 (22.3%) chunk=18.48 t/s avg=18.88 t/s 2.172s
0824 04:18:26 ds4-server: chat ctx=0..184:184 prefill chunk 42/184 (22.8%) chunk=18.55 t/s avg=18.87 t/s 2.226s
0824 04:18:26 ds4-server: chat ctx=0..184:184 prefill chunk 43/184 (23.4%) chunk=18.59 t/s avg=18.86 t/s 2.280s
0824 04:18:26 ds4-server: chat ctx=0..184:184 prefill chunk 44/184 (23.9%) chunk=19.40 t/s avg=18.87 t/s 2.331s
0824 04:18:26 ds4-server: chat ctx=0..184:184 prefill chunk 45/184 (24.5%) chunk=18.31 t/s avg=18.86 t/s 2.386s
0824 04:18:26 ds4-server: chat ctx=0..184:184 prefill chunk 46/184 (25.0%) chunk=18.10 t/s avg=18.84 t/s 2.441s
0824 04:18:26 ds4-server: chat ctx=0..184:184 prefill chunk 47/184 (25.5%) chunk=18.76 t/s avg=18.84 t/s 2.494s
0824 04:18:26 ds4-server: chat ctx=0..184:184 prefill chunk 48/184 (26.1%) chunk=18.14 t/s avg=18.83 t/s 2.550s
0824 04:18:26 ds4-server: chat ctx=0..184:184 prefill chunk 49/184 (26.6%) chunk=18.61 t/s avg=18.82 t/s 2.603s
0824 04:18:26 ds4-server: chat ctx=0..184:184 prefill chunk 50/184 (27.2%) chunk=18.23 t/s avg=18.81 t/s 2.658s
0824 04:18:26 ds4-server: chat ctx=0..184:184 prefill chunk 51/184 (27.7%) chunk=17.74 t/s avg=18.79 t/s 2.715s
0824 04:18:26 ds4-server: chat ctx=0..184:184 prefill chunk 52/184 (28.3%) chunk=19.09 t/s avg=18.79 t/s 2.767s
0824 04:18:26 ds4-server: chat ctx=0..184:184 prefill chunk 53/184 (28.8%) chunk=18.98 t/s avg=18.80 t/s 2.820s
0824 04:18:26 ds4-server: chat ctx=0..184:184 prefill chunk 54/184 (29.3%) chunk=19.01 t/s avg=18.80 t/s 2.872s
0824 04:18:26 ds4-server: chat ctx=0..184:184 prefill chunk 55/184 (29.9%) chunk=18.89 t/s avg=18.80 t/s 2.925s
0824 04:18:27 ds4-server: chat ctx=0..184:184 prefill chunk 56/184 (30.4%) chunk=18.14 t/s avg=18.79 t/s 2.980s
0824 04:18:27 ds4-server: chat ctx=0..184:184 prefill chunk 57/184 (31.0%) chunk=19.50 t/s avg=18.80 t/s 3.032s
0824 04:18:27 ds4-server: chat ctx=0..184:184 prefill chunk 58/184 (31.5%) chunk=18.99 t/s avg=18.81 t/s 3.084s
0824 04:18:27 ds4-server: chat ctx=0..184:184 prefill chunk 59/184 (32.1%) chunk=19.75 t/s avg=18.82 t/s 3.135s
0824 04:18:27 ds4-server: chat ctx=0..184:184 prefill chunk 60/184 (32.6%) chunk=19.53 t/s avg=18.83 t/s 3.186s
0824 04:18:27 ds4-server: chat ctx=0..184:184 prefill chunk 61/184 (33.2%) chunk=19.84 t/s avg=18.85 t/s 3.236s
0824 04:18:27 ds4-server: chat ctx=0..184:184 prefill chunk 62/184 (33.7%) chunk=19.50 t/s avg=18.86 t/s 3.288s
0824 04:18:27 ds4-server: chat ctx=0..184:184 prefill chunk 63/184 (34.2%) chunk=19.78 t/s avg=18.87 t/s 3.338s
0824 04:18:27 ds4-server: chat ctx=0..184:184 prefill chunk 64/184 (34.8%) chunk=18.63 t/s avg=18.87 t/s 3.392s
0824 04:18:27 ds4-server: chat ctx=0..184:184 prefill chunk 65/184 (35.3%) chunk=18.29 t/s avg=18.86 t/s 3.447s
0824 04:18:27 ds4-server: chat ctx=0..184:184 prefill chunk 66/184 (35.9%) chunk=18.68 t/s avg=18.86 t/s 3.500s
0824 04:18:27 ds4-server: chat ctx=0..184:184 prefill chunk 67/184 (36.4%) chunk=18.02 t/s avg=18.84 t/s 3.556s
0824 04:18:27 ds4-server: chat ctx=0..184:184 prefill chunk 68/184 (37.0%) chunk=18.15 t/s avg=18.83 t/s 3.611s
0824 04:18:27 ds4-server: chat ctx=0..184:184 prefill chunk 69/184 (37.5%) chunk=18.65 t/s avg=18.83 t/s 3.664s
0824 04:18:27 ds4-server: chat ctx=0..184:184 prefill chunk 70/184 (38.0%) chunk=17.94 t/s avg=18.82 t/s 3.720s
0824 04:18:27 ds4-server: chat ctx=0..184:184 prefill chunk 71/184 (38.6%) chunk=18.18 t/s avg=18.81 t/s 3.775s
0824 04:18:27 ds4-server: chat ctx=0..184:184 prefill chunk 72/184 (39.1%) chunk=18.88 t/s avg=18.81 t/s 3.828s
0824 04:18:27 ds4-server: chat ctx=0..184:184 prefill chunk 73/184 (39.7%) chunk=18.02 t/s avg=18.80 t/s 3.884s
0824 04:18:27 ds4-server: chat ctx=0..184:184 prefill chunk 74/184 (40.2%) chunk=18.86 t/s avg=18.80 t/s 3.937s
0824 04:18:28 ds4-server: chat ctx=0..184:184 prefill chunk 75/184 (40.8%) chunk=18.45 t/s avg=18.79 t/s 3.991s
0824 04:18:28 ds4-server: chat ctx=0..184:184 prefill chunk 76/184 (41.3%) chunk=18.74 t/s avg=18.79 t/s 4.044s
0824 04:18:28 ds4-server: chat ctx=0..184:184 prefill chunk 77/184 (41.8%) chunk=18.88 t/s avg=18.79 t/s 4.097s
0824 04:18:28 ds4-server: chat ctx=0..184:184 prefill chunk 78/184 (42.4%) chunk=18.66 t/s avg=18.79 t/s 4.151s
0824 04:18:28 ds4-server: chat ctx=0..184:184 prefill chunk 79/184 (42.9%) chunk=18.77 t/s avg=18.79 t/s 4.204s
0824 04:18:28 ds4-server: chat ctx=0..184:184 prefill chunk 80/184 (43.5%) chunk=19.07 t/s avg=18.80 t/s 4.256s
0824 04:18:28 ds4-server: chat ctx=0..184:184 prefill chunk 81/184 (44.0%) chunk=18.54 t/s avg=18.79 t/s 4.310s
0824 04:18:28 ds4-server: chat ctx=0..184:184 prefill chunk 82/184 (44.6%) chunk=19.08 t/s avg=18.80 t/s 4.363s
0824 04:18:28 ds4-server: chat ctx=0..184:184 prefill chunk 83/184 (45.1%) chunk=17.97 t/s avg=18.78 t/s 4.418s
0824 04:18:28 ds4-server: chat ctx=0..184:184 prefill chunk 84/184 (45.7%) chunk=18.66 t/s avg=18.78 t/s 4.472s
0824 04:18:28 ds4-server: chat ctx=0..184:184 prefill chunk 85/184 (46.2%) chunk=19.00 t/s avg=18.79 t/s 4.525s
0824 04:18:28 ds4-server: chat ctx=0..184:184 prefill chunk 86/184 (46.7%) chunk=18.76 t/s avg=18.79 t/s 4.578s
0824 04:18:28 ds4-server: chat ctx=0..184:184 prefill chunk 87/184 (47.3%) chunk=19.43 t/s avg=18.79 t/s 4.629s
0824 04:18:28 ds4-server: chat ctx=0..184:184 prefill chunk 88/184 (47.8%) chunk=18.37 t/s avg=18.79 t/s 4.684s
0824 04:18:28 ds4-server: chat ctx=0..184:184 prefill chunk 89/184 (48.4%) chunk=19.73 t/s avg=18.80 t/s 4.735s
0824 04:18:28 ds4-server: chat ctx=0..184:184 prefill chunk 90/184 (48.9%) chunk=18.34 t/s avg=18.79 t/s 4.789s
0824 04:18:28 ds4-server: chat ctx=0..184:184 prefill chunk 91/184 (49.5%) chunk=18.72 t/s avg=18.79 t/s 4.843s
0824 04:18:28 ds4-server: chat ctx=0..184:184 prefill chunk 92/184 (50.0%) chunk=19.60 t/s avg=18.80 t/s 4.894s
0824 04:18:28 ds4-server: chat ctx=0..184:184 prefill chunk 93/184 (50.5%) chunk=18.56 t/s avg=18.80 t/s 4.947s
0824 04:18:29 ds4-server: chat ctx=0..184:184 prefill chunk 94/184 (51.1%) chunk=18.64 t/s avg=18.80 t/s 5.001s
0824 04:18:29 ds4-server: chat ctx=0..184:184 prefill chunk 95/184 (51.6%) chunk=18.02 t/s avg=18.79 t/s 5.057s
0824 04:18:29 ds4-server: chat ctx=0..184:184 prefill chunk 96/184 (52.2%) chunk=18.59 t/s avg=18.79 t/s 5.110s
0824 04:18:29 ds4-server: chat ctx=0..184:184 prefill chunk 97/184 (52.7%) chunk=18.39 t/s avg=18.78 t/s 5.165s
0824 04:18:29 ds4-server: chat ctx=0..184:184 prefill chunk 98/184 (53.3%) chunk=18.33 t/s avg=18.78 t/s 5.219s
0824 04:18:29 ds4-server: chat ctx=0..184:184 prefill chunk 99/184 (53.8%) chunk=18.83 t/s avg=18.78 t/s 5.272s
0824 04:18:29 ds4-server: chat ctx=0..184:184 prefill chunk 100/184 (54.3%) chunk=18.03 t/s avg=18.77 t/s 5.328s
0824 04:18:29 ds4-server: chat ctx=0..184:184 prefill chunk 101/184 (54.9%) chunk=18.41 t/s avg=18.77 t/s 5.382s
0824 04:18:29 ds4-server: chat ctx=0..184:184 prefill chunk 102/184 (55.4%) chunk=19.30 t/s avg=18.77 t/s 5.434s
0824 04:18:29 ds4-server: chat ctx=0..184:184 prefill chunk 103/184 (56.0%) chunk=18.44 t/s avg=18.77 t/s 5.488s
0824 04:18:29 ds4-server: chat ctx=0..184:184 prefill chunk 104/184 (56.5%) chunk=18.58 t/s avg=18.77 t/s 5.542s
0824 04:18:29 ds4-server: chat ctx=0..184:184 prefill chunk 105/184 (57.1%) chunk=18.98 t/s avg=18.77 t/s 5.595s
0824 04:18:29 ds4-server: chat ctx=0..184:184 prefill chunk 106/184 (57.6%) chunk=18.29 t/s avg=18.76 t/s 5.649s
0824 04:18:29 ds4-server: chat ctx=0..184:184 prefill chunk 107/184 (58.2%) chunk=18.82 t/s avg=18.76 t/s 5.703s
0824 04:18:29 ds4-server: chat ctx=0..184:184 prefill chunk 108/184 (58.7%) chunk=18.26 t/s avg=18.76 t/s 5.757s
0824 04:18:29 ds4-server: chat ctx=0..184:184 prefill chunk 109/184 (59.2%) chunk=17.89 t/s avg=18.75 t/s 5.813s
0824 04:18:29 ds4-server: chat ctx=0..184:184 prefill chunk 110/184 (59.8%) chunk=18.98 t/s avg=18.75 t/s 5.866s
0824 04:18:29 ds4-server: chat ctx=0..184:184 prefill chunk 111/184 (60.3%) chunk=18.18 t/s avg=18.75 t/s 5.921s
0824 04:18:30 ds4-server: chat ctx=0..184:184 prefill chunk 112/184 (60.9%) chunk=18.48 t/s avg=18.74 t/s 5.975s
0824 04:18:30 ds4-server: chat ctx=0..184:184 prefill chunk 113/184 (61.4%) chunk=19.63 t/s avg=18.75 t/s 6.026s
0824 04:18:30 ds4-server: chat ctx=0..184:184 prefill chunk 114/184 (62.0%) chunk=18.33 t/s avg=18.75 t/s 6.080s
0824 04:18:30 ds4-server: chat ctx=0..184:184 prefill chunk 115/184 (62.5%) chunk=19.88 t/s avg=18.76 t/s 6.131s
0824 04:18:30 ds4-server: chat ctx=0..184:184 prefill chunk 116/184 (63.0%) chunk=18.48 t/s avg=18.76 t/s 6.185s
0824 04:18:30 ds4-server: chat ctx=0..184:184 prefill chunk 117/184 (63.6%) chunk=19.51 t/s avg=18.76 t/s 6.236s
0824 04:18:30 ds4-server: chat ctx=0..184:184 prefill chunk 118/184 (64.1%) chunk=17.83 t/s avg=18.75 t/s 6.292s
0824 04:18:30 ds4-server: chat ctx=0..184:184 prefill chunk 119/184 (64.7%) chunk=18.26 t/s avg=18.75 t/s 6.347s
0824 04:18:30 ds4-server: chat ctx=0..184:184 prefill chunk 120/184 (65.2%) chunk=18.12 t/s avg=18.74 t/s 6.402s
0824 04:18:30 ds4-server: chat ctx=0..184:184 prefill chunk 121/184 (65.8%) chunk=17.74 t/s avg=18.73 t/s 6.459s
0824 04:18:30 ds4-server: chat ctx=0..184:184 prefill chunk 122/184 (66.3%) chunk=18.95 t/s avg=18.74 t/s 6.511s
ds4: qwen35moe experts/token avg over 128 tokens: 0:14.2 1:14.1 2:14.3 3:15.6 4:15.4 5:14.9 6:14.7 7:15.6 8:16.2 9:14.9 10:13.5 11:14.1 12:14.7 13:14.9 14:14.6 15:14.7 16:14.5 17:13.9 18:14.5 19:14.2 20:15.8 21:14.7 22:14.6 23:14.8 24:15.3 25:14.7 26:14.6 27:14.8 28:14.7 29:15.2 30:14.8 31:15.8 32:15.8 33:16.1 34:16.1 35:17.5 36:18.2 37:18.5 38:18.8 39:18.4 | mean 15.3
0824 04:18:30 ds4-server: chat ctx=0..184:184 prefill chunk 123/184 (66.8%) chunk=18.94 t/s avg=18.74 t/s 6.564s
0824 04:18:30 ds4-server: chat ctx=0..184:184 prefill chunk 124/184 (67.4%) chunk=18.34 t/s avg=18.73 t/s 6.619s
0824 04:18:30 ds4-server: chat ctx=0..184:184 prefill chunk 125/184 (67.9%) chunk=18.68 t/s avg=18.73 t/s 6.672s
0824 04:18:30 ds4-server: chat ctx=0..184:184 prefill chunk 126/184 (68.5%) chunk=18.87 t/s avg=18.74 t/s 6.725s
0824 04:18:30 ds4-server: chat ctx=0..184:184 prefill chunk 127/184 (69.0%) chunk=18.30 t/s avg=18.73 t/s 6.780s
0824 04:18:30 ds4-server: chat ctx=0..184:184 prefill chunk 128/184 (69.6%) chunk=18.66 t/s avg=18.73 t/s 6.833s
0824 04:18:30 ds4-server: chat ctx=0..184:184 prefill chunk 129/184 (70.1%) chunk=18.63 t/s avg=18.73 t/s 6.887s
0824 04:18:30 ds4-server: chat ctx=0..184:184 prefill chunk 130/184 (70.7%) chunk=18.22 t/s avg=18.73 t/s 6.942s
0824 04:18:31 ds4-server: chat ctx=0..184:184 prefill chunk 131/184 (71.2%) chunk=19.05 t/s avg=18.73 t/s 6.994s
0824 04:18:31 ds4-server: chat ctx=0..184:184 prefill chunk 132/184 (71.7%) chunk=18.04 t/s avg=18.72 t/s 7.050s
0824 04:18:31 ds4-server: chat ctx=0..184:184 prefill chunk 133/184 (72.3%) chunk=19.35 t/s avg=18.73 t/s 7.102s
0824 04:18:31 ds4-server: chat ctx=0..184:184 prefill chunk 134/184 (72.8%) chunk=18.75 t/s avg=18.73 t/s 7.155s
0824 04:18:31 ds4-server: chat ctx=0..184:184 prefill chunk 135/184 (73.4%) chunk=18.66 t/s avg=18.73 t/s 7.208s
0824 04:18:31 ds4-server: chat ctx=0..184:184 prefill chunk 136/184 (73.9%) chunk=19.24 t/s avg=18.73 t/s 7.260s
0824 04:18:31 ds4-server: chat ctx=0..184:184 prefill chunk 137/184 (74.5%) chunk=18.49 t/s avg=18.73 t/s 7.315s
0824 04:18:31 ds4-server: chat ctx=0..184:184 prefill chunk 138/184 (75.0%) chunk=18.60 t/s avg=18.73 t/s 7.368s
0824 04:18:31 ds4-server: chat ctx=0..184:184 prefill chunk 139/184 (75.5%) chunk=17.95 t/s avg=18.72 t/s 7.424s
0824 04:18:31 ds4-server: chat ctx=0..184:184 prefill chunk 140/184 (76.1%) chunk=17.86 t/s avg=18.72 t/s 7.480s
0824 04:18:31 ds4-server: chat ctx=0..184:184 prefill chunk 141/184 (76.6%) chunk=18.37 t/s avg=18.71 t/s 7.534s
0824 04:18:31 ds4-server: chat ctx=0..184:184 prefill chunk 142/184 (77.2%) chunk=17.55 t/s avg=18.71 t/s 7.591s
0824 04:18:31 ds4-server: chat ctx=0..184:184 prefill chunk 143/184 (77.7%) chunk=17.37 t/s avg=18.70 t/s 7.649s
0824 04:18:31 ds4-server: chat ctx=0..184:184 prefill chunk 144/184 (78.3%) chunk=18.28 t/s avg=18.69 t/s 7.704s
0824 04:18:31 ds4-server: chat ctx=0..184:184 prefill chunk 145/184 (78.8%) chunk=18.51 t/s avg=18.69 t/s 7.758s
0824 04:18:31 ds4-server: chat ctx=0..184:184 prefill chunk 146/184 (79.3%) chunk=18.21 t/s avg=18.69 t/s 7.813s
0824 04:18:31 ds4-server: chat ctx=0..184:184 prefill chunk 147/184 (79.9%) chunk=18.91 t/s avg=18.69 t/s 7.865s
0824 04:18:31 ds4-server: chat ctx=0..184:184 prefill chunk 148/184 (80.4%) chunk=18.62 t/s avg=18.69 t/s 7.919s
0824 04:18:32 ds4-server: chat ctx=0..184:184 prefill chunk 149/184 (81.0%) chunk=18.81 t/s avg=18.69 t/s 7.972s
0824 04:18:32 ds4-server: chat ctx=0..184:184 prefill chunk 150/184 (81.5%) chunk=18.70 t/s avg=18.69 t/s 8.026s
0824 04:18:32 ds4-server: chat ctx=0..184:184 prefill chunk 151/184 (82.1%) chunk=18.57 t/s avg=18.69 t/s 8.080s
0824 04:18:32 ds4-server: chat ctx=0..184:184 prefill chunk 152/184 (82.6%) chunk=18.76 t/s avg=18.69 t/s 8.133s
0824 04:18:32 ds4-server: chat ctx=0..184:184 prefill chunk 153/184 (83.2%) chunk=17.92 t/s avg=18.68 t/s 8.189s
0824 04:18:32 ds4-server: chat ctx=0..184:184 prefill chunk 154/184 (83.7%) chunk=18.25 t/s avg=18.68 t/s 8.244s
0824 04:18:32 ds4-server: chat ctx=0..184:184 prefill chunk 155/184 (84.2%) chunk=18.11 t/s avg=18.68 t/s 8.299s
0824 04:18:32 ds4-server: chat ctx=0..184:184 prefill chunk 156/184 (84.8%) chunk=18.12 t/s avg=18.67 t/s 8.354s
0824 04:18:32 ds4-server: chat ctx=0..184:184 prefill chunk 157/184 (85.3%) chunk=17.83 t/s avg=18.67 t/s 8.410s
0824 04:18:32 ds4-server: chat ctx=0..184:184 prefill chunk 158/184 (85.9%) chunk=18.99 t/s avg=18.67 t/s 8.463s
0824 04:18:32 ds4-server: chat ctx=0..184:184 prefill chunk 159/184 (86.4%) chunk=17.55 t/s avg=18.66 t/s 8.520s
0824 04:18:32 ds4-server: chat ctx=0..184:184 prefill chunk 160/184 (87.0%) chunk=17.87 t/s avg=18.66 t/s 8.576s
0824 04:18:32 ds4-server: chat ctx=0..184:184 prefill chunk 161/184 (87.5%) chunk=18.63 t/s avg=18.66 t/s 8.629s
0824 04:18:32 ds4-server: chat ctx=0..184:184 prefill chunk 162/184 (88.0%) chunk=18.41 t/s avg=18.66 t/s 8.684s
0824 04:18:32 ds4-server: chat ctx=0..184:184 prefill chunk 163/184 (88.6%) chunk=19.12 t/s avg=18.66 t/s 8.736s
0824 04:18:32 ds4-server: chat ctx=0..184:184 prefill chunk 164/184 (89.1%) chunk=18.68 t/s avg=18.66 t/s 8.790s
0824 04:18:32 ds4-server: chat ctx=0..184:184 prefill chunk 165/184 (89.7%) chunk=18.85 t/s avg=18.66 t/s 8.843s
0824 04:18:32 ds4-server: chat ctx=0..184:184 prefill chunk 166/184 (90.2%) chunk=19.20 t/s avg=18.66 t/s 8.895s
0824 04:18:32 ds4-server: chat ctx=0..184:184 prefill chunk 167/184 (90.8%) chunk=18.47 t/s avg=18.66 t/s 8.949s
0824 04:18:33 ds4-server: chat ctx=0..184:184 prefill chunk 168/184 (91.3%) chunk=18.66 t/s avg=18.66 t/s 9.002s
0824 04:18:33 ds4-server: chat ctx=0..184:184 prefill chunk 169/184 (91.8%) chunk=17.79 t/s avg=18.66 t/s 9.059s
0824 04:18:33 ds4-server: chat ctx=0..184:184 prefill chunk 170/184 (92.4%) chunk=17.11 t/s avg=18.65 t/s 9.117s
0824 04:18:33 ds4-server: chat ctx=0..184:184 prefill chunk 171/184 (92.9%) chunk=18.22 t/s avg=18.64 t/s 9.172s
0824 04:18:33 ds4-server: chat ctx=0..184:184 prefill chunk 172/184 (93.5%) chunk=18.87 t/s avg=18.65 t/s 9.225s
0824 04:18:33 ds4-server: chat ctx=0..184:184 prefill chunk 173/184 (94.0%) chunk=17.76 t/s avg=18.64 t/s 9.281s
0824 04:18:33 ds4-server: chat ctx=0..184:184 prefill chunk 174/184 (94.6%) chunk=18.72 t/s avg=18.64 t/s 9.335s
0824 04:18:33 ds4-server: chat ctx=0..184:184 prefill chunk 175/184 (95.1%) chunk=18.13 t/s avg=18.64 t/s 9.390s
0824 04:18:33 ds4-server: chat ctx=0..184:184 prefill chunk 176/184 (95.7%) chunk=17.67 t/s avg=18.63 t/s 9.446s
0824 04:18:33 ds4-server: chat ctx=0..184:184 prefill chunk 177/184 (96.2%) chunk=18.74 t/s avg=18.63 t/s 9.500s
0824 04:18:33 ds4-server: chat ctx=0..184:184 prefill chunk 178/184 (96.7%) chunk=19.03 t/s avg=18.63 t/s 9.552s
0824 04:18:33 ds4-server: chat ctx=0..184:184 prefill chunk 179/184 (97.3%) chunk=18.27 t/s avg=18.63 t/s 9.607s
0824 04:18:33 ds4-server: chat ctx=0..184:184 prefill chunk 180/184 (97.8%) chunk=18.71 t/s avg=18.63 t/s 9.661s
0824 04:18:33 ds4-server: chat ctx=0..184:184 prefill chunk 181/184 (98.4%) chunk=19.42 t/s avg=18.64 t/s 9.712s
0824 04:18:33 ds4-server: chat ctx=0..184:184 prefill chunk 182/184 (98.9%) chunk=18.46 t/s avg=18.64 t/s 9.766s
0824 04:18:33 ds4-server: chat ctx=0..184:184 prefill chunk 183/184 (99.5%) chunk=19.14 t/s avg=18.64 t/s 9.818s
0824 04:18:33 ds4-server: chat ctx=0..184:184 prefill chunk 184/184 (100.0%) chunk=20.02 t/s avg=18.65 t/s 9.868s
0824 04:18:33 ds4-server: chat ctx=0..184:184 prompt done 9.868s
0824 04:18:36 ds4-server: chat ctx=184..234:50 gen=50 THINKING decoding chunk=18.33 t/s avg=18.33 t/s 2.728s
ds4: qwen35moe experts/token avg over 128 tokens: 0:14.8 1:13.6 2:14.3 3:15.8 4:14.9 5:15.2 6:15.1 7:15.0 8:16.7 9:14.6 10:14.0 11:13.5 12:14.8 13:14.8 14:14.7 15:14.7 16:15.4 17:14.4 18:15.1 19:14.7 20:16.1 21:15.4 22:14.2 23:14.5 24:16.4 25:14.9 26:16.0 27:15.5 28:15.6 29:16.0 30:16.2 31:16.7 32:15.8 33:15.6 34:15.7 35:17.0 36:17.6 37:18.2 38:19.2 39:18.4 | mean 15.5
0824 04:18:39 ds4-server: chat ctx=234..284:50 gen=100 THINKING decoding chunk=17.83 t/s avg=18.08 t/s 5.531s
0824 04:18:42 ds4-server: chat ctx=284..334:50 gen=150 THINKING decoding chunk=17.93 t/s avg=18.03 t/s 8.320s
ds4: qwen35moe experts/token avg over 128 tokens: 0:15.9 1:15.0 2:16.0 3:16.7 4:16.8 5:16.1 6:16.2 7:16.2 8:17.6 9:15.1 10:15.6 11:14.9 12:15.3 13:15.1 14:15.5 15:14.6 16:15.5 17:15.5 18:15.1 19:15.7 20:16.3 21:15.6 22:15.8 23:15.4 24:15.9 25:16.1 26:16.3 27:16.0 28:16.8 29:17.3 30:16.9 31:17.6 32:17.1 33:17.4 34:17.3 35:18.0 36:18.5 37:19.1 38:19.4 39:18.7 | mean 16.4
0824 04:18:45 ds4-server: chat ctx=334..384:50 gen=200 THINKING decoding chunk=17.64 t/s avg=17.93 t/s 11.155s
0824 04:18:47 ds4-server: chat ctx=384..434:50 gen=250 THINKING decoding chunk=17.60 t/s avg=17.86 t/s 13.996s
0824 04:18:50 ds4-server: chat ctx=434..484:50 gen=300 THINKING decoding chunk=17.79 t/s avg=17.85 t/s 16.806s
ds4: qwen35moe experts/token avg over 128 tokens: 0:14.8 1:15.2 2:14.9 3:16.1 4:16.0 5:16.0 6:15.9 7:16.6 8:17.9 9:17.2 10:16.0 11:15.0 12:15.6 13:15.4 14:16.2 15:16.1 16:16.4 17:15.8 18:15.4 19:15.3 20:16.6 21:16.2 22:15.5 23:14.8 24:16.5 25:15.7 26:16.1 27:15.5 28:15.6 29:15.9 30:16.1 31:16.6 32:15.4 33:15.1 34:14.9 35:17.3 36:17.6 37:18.0 38:18.9 39:17.1 | mean 16.1
0824 04:18:53 ds4-server: chat ctx=484..534:50 gen=350 THINKING decoding chunk=17.43 t/s avg=17.79 t/s 19.675s
0824 04:18:56 ds4-server: chat ctx=534..584:50 gen=400 THINKING decoding chunk=16.83 t/s avg=17.66 t/s 22.646s
0824 04:18:59 ds4-server: chat ctx=584..634:50 gen=450 THINKING decoding chunk=17.20 t/s avg=17.61 t/s 25.553s
ds4: qwen35moe experts/token avg over 128 tokens: 0:15.0 1:16.3 2:16.3 3:16.9 4:17.1 5:17.0 6:16.6 7:17.8 8:18.4 9:18.1 10:16.5 11:16.0 12:16.8 13:16.9 14:17.4 15:17.2 16:16.7 17:17.2 18:16.9 19:16.8 20:17.6 21:17.6 22:16.3 23:15.8 24:17.4 25:16.6 26:17.0 27:16.1 28:16.5 29:16.8 30:17.1 31:17.4 32:16.7 33:16.0 34:15.9 35:17.6 36:18.0 37:18.4 38:19.1 39:17.8 | mean 17.0
0824 04:19:02 ds4-server: chat ctx=634..684:50 gen=500 THINKING decoding chunk=17.50 t/s avg=17.60 t/s 28.410s
0824 04:19:05 ds4-server: chat ctx=684..734:50 gen=550 THINKING decoding chunk=17.22 t/s avg=17.56 t/s 31.314s
ds4: qwen35moe experts/token avg over 128 tokens: 0:14.0 1:14.6 2:14.5 3:16.1 4:15.5 5:15.8 6:16.4 7:16.2 8:17.1 9:16.3 10:15.1 11:14.8 12:15.8 13:15.5 14:15.8 15:16.0 16:15.9 17:15.9 18:15.2 19:15.9 20:16.6 21:16.8 22:15.2 23:15.1 24:16.0 25:15.4 26:15.4 27:15.6 28:15.7 29:15.9 30:15.9 31:16.5 32:15.5 33:14.8 34:15.2 35:17.1 36:17.0 37:17.3 38:18.5 39:16.7 | mean 15.9
0824 04:19:08 ds4-server: chat ctx=734..784:50 gen=600 THINKING decoding chunk=16.81 t/s avg=17.50 t/s 34.288s
0824 04:19:11 ds4-server: chat ctx=784..834:50 gen=650 decoding chunk=17.07 t/s avg=17.47 t/s 37.217s
0824 04:19:14 ds4-server: chat ctx=834..884:50 gen=700 decoding chunk=16.86 t/s avg=17.42 t/s 40.183s
ds4: qwen35moe experts/token avg over 128 tokens: 0:14.1 1:15.4 2:15.3 3:16.6 4:15.6 5:16.0 6:15.7 7:17.2 8:17.6 9:16.7 10:15.3 11:15.0 12:16.8 13:16.8 14:16.7 15:16.5 16:16.3 17:15.9 18:16.2 19:15.6 20:16.7 21:16.4 22:15.9 23:15.3 24:16.2 25:16.1 26:16.4 27:15.4 28:16.2 29:15.8 30:16.0 31:16.4 32:15.2 33:15.2 34:14.6 35:17.4 36:17.4 37:17.9 38:19.0 39:17.8 | mean 16.2
0824 04:19:17 ds4-server: chat ctx=884..934:50 gen=750 decoding chunk=16.80 t/s avg=17.38 t/s 43.159s
0824 04:19:20 ds4-server: chat ctx=934..984:50 gen=800 decoding chunk=16.26 t/s avg=17.30 t/s 46.233s
ds4: qwen35moe experts/token avg over 128 tokens: 0:15.4 1:15.7 2:15.7 3:17.4 4:16.8 5:16.9 6:16.8 7:17.4 8:17.9 9:16.6 10:16.1 11:15.6 12:16.6 13:16.7 14:16.8 15:16.0 16:17.2 17:16.3 18:16.8 19:16.8 20:17.0 21:16.8 22:15.8 23:16.0 24:17.6 25:16.6 26:17.4 27:16.3 28:16.6 29:16.8 30:16.6 31:17.3 32:16.7 33:16.1 34:16.8 35:17.6 36:18.2 37:18.7 38:19.2 39:18.2 | mean 16.8
0824 04:19:23 ds4-server: chat ctx=984..1034:50 gen=850 decoding chunk=16.40 t/s avg=17.25 t/s 49.282s
0824 04:19:26 ds4-server: chat ctx=1034..1084:50 gen=900 decoding chunk=16.34 t/s avg=17.19 t/s 52.343s
0824 04:19:29 ds4-server: chat ctx=1084..1134:50 gen=950 decoding chunk=16.17 t/s avg=17.14 t/s 55.434s
ds4: qwen35moe experts/token avg over 128 tokens: 0:15.5 1:16.1 2:16.2 3:17.6 4:17.4 5:17.1 6:17.0 7:17.4 8:18.2 9:16.6 10:16.9 11:16.1 12:16.2 13:16.6 14:16.9 15:16.2 16:17.1 17:17.1 18:16.7 19:16.3 20:17.8 21:17.1 22:16.1 23:15.9 24:17.4 25:16.7 26:16.9 27:16.3 28:16.8 29:16.9 30:17.0 31:17.3 32:16.7 33:16.4 34:17.0 35:18.0 36:18.4 37:19.2 38:19.1 39:18.3 | mean 17.0
0824 04:19:31 ds4-server: chat ctx=1134..1172:38 gen=988 decoding chunk=16.05 t/s avg=17.09 t/s 57.801s
0824 04:19:31 ds4-server: thinking live checkpoint remembered ctx=0..184:184 live=1172 visible=2365
0824 04:19:31 ds4-server: chat ctx=0..184:184 gen=988 finish=stop 67.670s
0824 04:19:31 ds4-server: live kv cache miss live=1172 prompt=195 common=51 reason=token-mismatch
0824 04:19:31 ds4-server: chat ctx=0..195:195 prompt start
0824 04:19:31 ds4-server: chat ctx=0..195:195 prefill chunk 1/195 (0.5%) chunk=0.00 t/s avg=19.69 t/s 0.051s
0824 04:19:31 ds4-server: chat ctx=0..195:195 prefill chunk 2/195 (1.0%) chunk=19.21 t/s avg=19.45 t/s 0.103s
0824 04:19:31 ds4-server: chat ctx=0..195:195 prefill chunk 3/195 (1.5%) chunk=19.83 t/s avg=19.57 t/s 0.153s
0824 04:19:31 ds4-server: chat ctx=0..195:195 prefill chunk 4/195 (2.1%) chunk=19.09 t/s avg=19.45 t/s 0.206s
0824 04:19:31 ds4-server: chat ctx=0..195:195 prefill chunk 5/195 (2.6%) chunk=19.75 t/s avg=19.51 t/s 0.256s
0824 04:19:32 ds4-server: chat ctx=0..195:195 prefill chunk 6/195 (3.1%) chunk=18.81 t/s avg=19.39 t/s 0.309s
0824 04:19:32 ds4-server: chat ctx=0..195:195 prefill chunk 7/195 (3.6%) chunk=19.76 t/s avg=19.44 t/s 0.360s
0824 04:19:32 ds4-server: chat ctx=0..195:195 prefill chunk 8/195 (4.1%) chunk=18.83 t/s avg=19.36 t/s 0.413s
0824 04:19:32 ds4-server: chat ctx=0..195:195 prefill chunk 9/195 (4.6%) chunk=19.86 t/s avg=19.42 t/s 0.464s
0824 04:19:32 ds4-server: chat ctx=0..195:195 prefill chunk 10/195 (5.1%) chunk=19.22 t/s avg=19.40 t/s 0.516s
0824 04:19:32 ds4-server: chat ctx=0..195:195 prefill chunk 11/195 (5.6%) chunk=18.83 t/s avg=19.34 t/s 0.569s
0824 04:19:32 ds4-server: chat ctx=0..195:195 prefill chunk 12/195 (6.2%) chunk=19.33 t/s avg=19.34 t/s 0.620s
0824 04:19:32 ds4-server: chat ctx=0..195:195 prefill chunk 13/195 (6.7%) chunk=18.59 t/s avg=19.28 t/s 0.674s
0824 04:19:32 ds4-server: chat ctx=0..195:195 prefill chunk 14/195 (7.2%) chunk=18.86 t/s avg=19.25 t/s 0.727s
0824 04:19:32 ds4-server: chat ctx=0..195:195 prefill chunk 15/195 (7.7%) chunk=18.47 t/s avg=19.20 t/s 0.781s
0824 04:19:32 ds4-server: chat ctx=0..195:195 prefill chunk 16/195 (8.2%) chunk=18.42 t/s avg=19.15 t/s 0.836s
0824 04:19:32 ds4-server: chat ctx=0..195:195 prefill chunk 17/195 (8.7%) chunk=18.98 t/s avg=19.14 t/s 0.888s
0824 04:19:32 ds4-server: chat ctx=0..195:195 prefill chunk 18/195 (9.2%) chunk=18.82 t/s avg=19.12 t/s 0.941s
0824 04:19:32 ds4-server: chat ctx=0..195:195 prefill chunk 19/195 (9.7%) chunk=18.66 t/s avg=19.09 t/s 0.995s
0824 04:19:32 ds4-server: chat ctx=0..195:195 prefill chunk 20/195 (10.3%) chunk=18.01 t/s avg=19.04 t/s 1.051s
0824 04:19:32 ds4-server: chat ctx=0..195:195 prefill chunk 21/195 (10.8%) chunk=18.37 t/s avg=19.00 t/s 1.105s
0824 04:19:32 ds4-server: chat ctx=0..195:195 prefill chunk 22/195 (11.3%) chunk=19.73 t/s avg=19.04 t/s 1.156s
0824 04:19:32 ds4-server: chat ctx=0..195:195 prefill chunk 23/195 (11.8%) chunk=18.84 t/s avg=19.03 t/s 1.209s
0824 04:19:32 ds4-server: chat ctx=0..195:195 prefill chunk 24/195 (12.3%) chunk=19.38 t/s avg=19.04 t/s 1.260s
0824 04:19:33 ds4-server: chat ctx=0..195:195 prefill chunk 25/195 (12.8%) chunk=18.96 t/s avg=19.04 t/s 1.313s
0824 04:19:33 ds4-server: chat ctx=0..195:195 prefill chunk 26/195 (13.3%) chunk=19.10 t/s avg=19.04 t/s 1.365s
0824 04:19:33 ds4-server: chat ctx=0..195:195 prefill chunk 27/195 (13.8%) chunk=19.11 t/s avg=19.04 t/s 1.418s
0824 04:19:33 ds4-server: chat ctx=0..195:195 prefill chunk 28/195 (14.4%) chunk=18.77 t/s avg=19.03 t/s 1.471s
0824 04:19:33 ds4-server: chat ctx=0..195:195 prefill chunk 29/195 (14.9%) chunk=19.11 t/s avg=19.04 t/s 1.523s
0824 04:19:33 ds4-server: chat ctx=0..195:195 prefill chunk 30/195 (15.4%) chunk=18.49 t/s avg=19.02 t/s 1.577s
0824 04:19:33 ds4-server: chat ctx=0..195:195 prefill chunk 31/195 (15.9%) chunk=18.84 t/s avg=19.01 t/s 1.631s
0824 04:19:33 ds4-server: chat ctx=0..195:195 prefill chunk 32/195 (16.4%) chunk=18.41 t/s avg=18.99 t/s 1.685s
0824 04:19:33 ds4-server: chat ctx=0..195:195 prefill chunk 33/195 (16.9%) chunk=18.62 t/s avg=18.98 t/s 1.739s
0824 04:19:33 ds4-server: chat ctx=0..195:195 prefill chunk 34/195 (17.4%) chunk=19.27 t/s avg=18.99 t/s 1.790s
0824 04:19:33 ds4-server: chat ctx=0..195:195 prefill chunk 35/195 (17.9%) chunk=17.99 t/s avg=18.96 t/s 1.846s
0824 04:19:33 ds4-server: chat ctx=0..195:195 prefill chunk 36/195 (18.5%) chunk=18.30 t/s avg=18.94 t/s 1.901s
0824 04:19:33 ds4-server: chat ctx=0..195:195 prefill chunk 37/195 (19.0%) chunk=18.14 t/s avg=18.92 t/s 1.956s
0824 04:19:33 ds4-server: chat ctx=0..195:195 prefill chunk 38/195 (19.5%) chunk=17.80 t/s avg=18.89 t/s 2.012s
0824 04:19:33 ds4-server: chat ctx=0..195:195 prefill chunk 39/195 (20.0%) chunk=18.07 t/s avg=18.86 t/s 2.067s
0824 04:19:33 ds4-server: chat ctx=0..195:195 prefill chunk 40/195 (20.5%) chunk=18.89 t/s avg=18.87 t/s 2.120s
0824 04:19:33 ds4-server: chat ctx=0..195:195 prefill chunk 41/195 (21.0%) chunk=18.27 t/s avg=18.85 t/s 2.175s
0824 04:19:33 ds4-server: chat ctx=0..195:195 prefill chunk 42/195 (21.5%) chunk=18.70 t/s avg=18.85 t/s 2.228s
0824 04:19:33 ds4-server: chat ctx=0..195:195 prefill chunk 43/195 (22.1%) chunk=18.83 t/s avg=18.85 t/s 2.282s
0824 04:19:34 ds4-server: chat ctx=0..195:195 prefill chunk 44/195 (22.6%) chunk=18.61 t/s avg=18.84 t/s 2.335s
0824 04:19:34 ds4-server: chat ctx=0..195:195 prefill chunk 45/195 (23.1%) chunk=18.96 t/s avg=18.84 t/s 2.388s
0824 04:19:34 ds4-server: chat ctx=0..195:195 prefill chunk 46/195 (23.6%) chunk=17.94 t/s avg=18.82 t/s 2.444s
0824 04:19:34 ds4-server: chat ctx=0..195:195 prefill chunk 47/195 (24.1%) chunk=18.28 t/s avg=18.81 t/s 2.498s
0824 04:19:34 ds4-server: chat ctx=0..195:195 prefill chunk 48/195 (24.6%) chunk=18.69 t/s avg=18.81 t/s 2.552s
0824 04:19:34 ds4-server: chat ctx=0..195:195 prefill chunk 49/195 (25.1%) chunk=18.14 t/s avg=18.79 t/s 2.607s
0824 04:19:34 ds4-server: chat ctx=0..195:195 prefill chunk 50/195 (25.6%) chunk=18.63 t/s avg=18.79 t/s 2.661s
0824 04:19:34 ds4-server: chat ctx=0..195:195 prefill chunk 51/195 (26.2%) chunk=17.79 t/s avg=18.77 t/s 2.717s
0824 04:19:34 ds4-server: chat ctx=0..195:195 prefill chunk 52/195 (26.7%) chunk=17.83 t/s avg=18.75 t/s 2.773s
0824 04:19:34 ds4-server: chat ctx=0..195:195 prefill chunk 53/195 (27.2%) chunk=18.43 t/s avg=18.75 t/s 2.827s
0824 04:19:34 ds4-server: chat ctx=0..195:195 prefill chunk 54/195 (27.7%) chunk=18.81 t/s avg=18.75 t/s 2.880s
0824 04:19:34 ds4-server: chat ctx=0..195:195 prefill chunk 55/195 (28.2%) chunk=18.68 t/s avg=18.75 t/s 2.934s
0824 04:19:34 ds4-server: chat ctx=0..195:195 prefill chunk 56/195 (28.7%) chunk=19.18 t/s avg=18.75 t/s 2.986s
0824 04:19:34 ds4-server: chat ctx=0..195:195 prefill chunk 57/195 (29.2%) chunk=18.56 t/s avg=18.75 t/s 3.040s
0824 04:19:34 ds4-server: chat ctx=0..195:195 prefill chunk 58/195 (29.7%) chunk=18.78 t/s avg=18.75 t/s 3.093s
0824 04:19:34 ds4-server: chat ctx=0..195:195 prefill chunk 59/195 (30.3%) chunk=18.92 t/s avg=18.75 t/s 3.146s
0824 04:19:34 ds4-server: chat ctx=0..195:195 prefill chunk 60/195 (30.8%) chunk=19.85 t/s avg=18.77 t/s 3.197s
0824 04:19:34 ds4-server: chat ctx=0..195:195 prefill chunk 61/195 (31.3%) chunk=19.28 t/s avg=18.78 t/s 3.248s
0824 04:19:35 ds4-server: chat ctx=0..195:195 prefill chunk 62/195 (31.8%) chunk=19.91 t/s avg=18.80 t/s 3.299s
0824 04:19:35 ds4-server: chat ctx=0..195:195 prefill chunk 63/195 (32.3%) chunk=19.36 t/s avg=18.80 t/s 3.350s
0824 04:19:35 ds4-server: chat ctx=0..195:195 prefill chunk 64/195 (32.8%) chunk=19.29 t/s avg=18.81 t/s 3.402s
0824 04:19:35 ds4-server: chat ctx=0..195:195 prefill chunk 65/195 (33.3%) chunk=20.13 t/s avg=18.83 t/s 3.452s
0824 04:19:35 ds4-server: chat ctx=0..195:195 prefill chunk 66/195 (33.8%) chunk=18.14 t/s avg=18.82 t/s 3.507s
0824 04:19:35 ds4-server: chat ctx=0..195:195 prefill chunk 67/195 (34.4%) chunk=18.48 t/s avg=18.81 t/s 3.561s
0824 04:19:35 ds4-server: chat ctx=0..195:195 prefill chunk 68/195 (34.9%) chunk=18.44 t/s avg=18.81 t/s 3.615s
0824 04:19:35 ds4-server: chat ctx=0..195:195 prefill chunk 69/195 (35.4%) chunk=18.71 t/s avg=18.81 t/s 3.669s
0824 04:19:35 ds4-server: chat ctx=0..195:195 prefill chunk 70/195 (35.9%) chunk=18.64 t/s avg=18.81 t/s 3.722s
0824 04:19:35 ds4-server: chat ctx=0..195:195 prefill chunk 71/195 (36.4%) chunk=18.67 t/s avg=18.80 t/s 3.776s
0824 04:19:35 ds4-server: chat ctx=0..195:195 prefill chunk 72/195 (36.9%) chunk=19.13 t/s avg=18.81 t/s 3.828s
0824 04:19:35 ds4-server: chat ctx=0..195:195 prefill chunk 73/195 (37.4%) chunk=17.99 t/s avg=18.80 t/s 3.884s
0824 04:19:35 ds4-server: chat ctx=0..195:195 prefill chunk 74/195 (37.9%) chunk=19.38 t/s avg=18.80 t/s 3.935s
0824 04:19:35 ds4-server: chat ctx=0..195:195 prefill chunk 75/195 (38.5%) chunk=19.14 t/s avg=18.81 t/s 3.988s
0824 04:19:35 ds4-server: chat ctx=0..195:195 prefill chunk 76/195 (39.0%) chunk=18.24 t/s avg=18.80 t/s 4.042s
0824 04:19:35 ds4-server: chat ctx=0..195:195 prefill chunk 77/195 (39.5%) chunk=18.96 t/s avg=18.80 t/s 4.095s
0824 04:19:35 ds4-server: chat ctx=0..195:195 prefill chunk 78/195 (40.0%) chunk=18.37 t/s avg=18.80 t/s 4.150s
0824 04:19:35 ds4-server: chat ctx=0..195:195 prefill chunk 79/195 (40.5%) chunk=18.78 t/s avg=18.80 t/s 4.203s
0824 04:19:35 ds4-server: chat ctx=0..195:195 prefill chunk 80/195 (41.0%) chunk=19.19 t/s avg=18.80 t/s 4.255s
0824 04:19:36 ds4-server: chat ctx=0..195:195 prefill chunk 81/195 (41.5%) chunk=18.13 t/s avg=18.79 t/s 4.310s
0824 04:19:36 ds4-server: chat ctx=0..195:195 prefill chunk 82/195 (42.1%) chunk=18.98 t/s avg=18.80 t/s 4.363s
0824 04:19:36 ds4-server: chat ctx=0..195:195 prefill chunk 83/195 (42.6%) chunk=18.45 t/s avg=18.79 t/s 4.417s
0824 04:19:36 ds4-server: chat ctx=0..195:195 prefill chunk 84/195 (43.1%) chunk=18.51 t/s avg=18.79 t/s 4.471s
0824 04:19:36 ds4-server: chat ctx=0..195:195 prefill chunk 85/195 (43.6%) chunk=18.52 t/s avg=18.78 t/s 4.525s
0824 04:19:36 ds4-server: chat ctx=0..195:195 prefill chunk 86/195 (44.1%) chunk=18.36 t/s avg=18.78 t/s 4.579s
0824 04:19:36 ds4-server: chat ctx=0..195:195 prefill chunk 87/195 (44.6%) chunk=18.98 t/s avg=18.78 t/s 4.632s
0824 04:19:36 ds4-server: chat ctx=0..195:195 prefill chunk 88/195 (45.1%) chunk=18.51 t/s avg=18.78 t/s 4.686s
0824 04:19:36 ds4-server: chat ctx=0..195:195 prefill chunk 89/195 (45.6%) chunk=18.01 t/s avg=18.77 t/s 4.742s
0824 04:19:36 ds4-server: chat ctx=0..195:195 prefill chunk 90/195 (46.2%) chunk=18.54 t/s avg=18.77 t/s 4.796s
0824 04:19:36 ds4-server: chat ctx=0..195:195 prefill chunk 91/195 (46.7%) chunk=18.35 t/s avg=18.76 t/s 4.850s
0824 04:19:36 ds4-server: chat ctx=0..195:195 prefill chunk 92/195 (47.2%) chunk=18.20 t/s avg=18.76 t/s 4.905s
0824 04:19:36 ds4-server: chat ctx=0..195:195 prefill chunk 93/195 (47.7%) chunk=18.96 t/s avg=18.76 t/s 4.958s
0824 04:19:36 ds4-server: chat ctx=0..195:195 prefill chunk 94/195 (48.2%) chunk=18.75 t/s avg=18.76 t/s 5.011s
0824 04:19:36 ds4-server: chat ctx=0..195:195 prefill chunk 95/195 (48.7%) chunk=18.70 t/s avg=18.76 t/s 5.065s
0824 04:19:36 ds4-server: chat ctx=0..195:195 prefill chunk 96/195 (49.2%) chunk=18.38 t/s avg=18.75 t/s 5.119s
0824 04:19:36 ds4-server: chat ctx=0..195:195 prefill chunk 97/195 (49.7%) chunk=17.53 t/s avg=18.74 t/s 5.176s
0824 04:19:36 ds4-server: chat ctx=0..195:195 prefill chunk 98/195 (50.3%) chunk=18.67 t/s avg=18.74 t/s 5.230s
0824 04:19:36 ds4-server: chat ctx=0..195:195 prefill chunk 99/195 (50.8%) chunk=17.91 t/s avg=18.73 t/s 5.285s
0824 04:19:37 ds4-server: chat ctx=0..195:195 prefill chunk 100/195 (51.3%) chunk=17.90 t/s avg=18.72 t/s 5.341s
0824 04:19:37 ds4-server: chat ctx=0..195:195 prefill chunk 101/195 (51.8%) chunk=18.35 t/s avg=18.72 t/s 5.396s
0824 04:19:37 ds4-server: chat ctx=0..195:195 prefill chunk 102/195 (52.3%) chunk=18.59 t/s avg=18.72 t/s 5.450s
ds4: qwen35moe experts/token avg over 128 tokens: 0:14.4 1:14.3 2:14.5 3:15.6 4:15.4 5:15.1 6:14.9 7:15.9 8:16.7 9:15.8 10:14.3 11:14.3 12:15.5 13:15.4 14:15.9 15:15.5 16:15.2 17:15.3 18:15.3 19:14.5 20:16.5 21:15.6 22:14.9 23:14.5 24:15.3 25:14.7 26:15.2 27:15.2 28:15.0 29:15.8 30:15.6 31:16.0 32:15.7 33:16.2 34:15.5 35:17.8 36:17.7 37:18.7 38:19.2 39:18.3 | mean 15.7
0824 04:19:37 ds4-server: chat ctx=0..195:195 prefill chunk 103/195 (52.8%) chunk=18.12 t/s avg=18.71 t/s 5.505s
0824 04:19:37 ds4-server: chat ctx=0..195:195 prefill chunk 104/195 (53.3%) chunk=18.57 t/s avg=18.71 t/s 5.559s
0824 04:19:37 ds4-server: chat ctx=0..195:195 prefill chunk 105/195 (53.8%) chunk=18.00 t/s avg=18.70 t/s 5.614s
0824 04:19:37 ds4-server: chat ctx=0..195:195 prefill chunk 106/195 (54.4%) chunk=17.21 t/s avg=18.69 t/s 5.672s
0824 04:19:37 ds4-server: chat ctx=0..195:195 prefill chunk 107/195 (54.9%) chunk=18.25 t/s avg=18.68 t/s 5.727s
0824 04:19:37 ds4-server: chat ctx=0..195:195 prefill chunk 108/195 (55.4%) chunk=18.44 t/s avg=18.68 t/s 5.781s
0824 04:19:37 ds4-server: chat ctx=0..195:195 prefill chunk 109/195 (55.9%) chunk=17.41 t/s avg=18.67 t/s 5.839s
0824 04:19:37 ds4-server: chat ctx=0..195:195 prefill chunk 110/195 (56.4%) chunk=18.67 t/s avg=18.67 t/s 5.892s
0824 04:19:37 ds4-server: chat ctx=0..195:195 prefill chunk 111/195 (56.9%) chunk=18.13 t/s avg=18.66 t/s 5.947s
0824 04:19:37 ds4-server: chat ctx=0..195:195 prefill chunk 112/195 (57.4%) chunk=18.37 t/s avg=18.66 t/s 6.002s
0824 04:19:37 ds4-server: chat ctx=0..195:195 prefill chunk 113/195 (57.9%) chunk=18.31 t/s avg=18.66 t/s 6.057s
0824 04:19:37 ds4-server: chat ctx=0..195:195 prefill chunk 114/195 (58.5%) chunk=17.35 t/s avg=18.65 t/s 6.114s
0824 04:19:37 ds4-server: chat ctx=0..195:195 prefill chunk 115/195 (59.0%) chunk=18.35 t/s avg=18.64 t/s 6.169s
0824 04:19:37 ds4-server: chat ctx=0..195:195 prefill chunk 116/195 (59.5%) chunk=18.28 t/s avg=18.64 t/s 6.223s
0824 04:19:37 ds4-server: chat ctx=0..195:195 prefill chunk 117/195 (60.0%) chunk=17.58 t/s avg=18.63 t/s 6.280s
0824 04:19:38 ds4-server: chat ctx=0..195:195 prefill chunk 118/195 (60.5%) chunk=18.32 t/s avg=18.63 t/s 6.335s
0824 04:19:38 ds4-server: chat ctx=0..195:195 prefill chunk 119/195 (61.0%) chunk=18.67 t/s avg=18.63 t/s 6.388s
0824 04:19:38 ds4-server: chat ctx=0..195:195 prefill chunk 120/195 (61.5%) chunk=17.23 t/s avg=18.62 t/s 6.446s
0824 04:19:38 ds4-server: chat ctx=0..195:195 prefill chunk 121/195 (62.1%) chunk=17.78 t/s avg=18.61 t/s 6.503s
0824 04:19:38 ds4-server: chat ctx=0..195:195 prefill chunk 122/195 (62.6%) chunk=18.82 t/s avg=18.61 t/s 6.556s
0824 04:19:38 ds4-server: chat ctx=0..195:195 prefill chunk 123/195 (63.1%) chunk=18.04 t/s avg=18.60 t/s 6.611s
0824 04:19:38 ds4-server: chat ctx=0..195:195 prefill chunk 124/195 (63.6%) chunk=17.43 t/s avg=18.59 t/s 6.669s
0824 04:19:38 ds4-server: chat ctx=0..195:195 prefill chunk 125/195 (64.1%) chunk=18.42 t/s avg=18.59 t/s 6.723s
0824 04:19:38 ds4-server: chat ctx=0..195:195 prefill chunk 126/195 (64.6%) chunk=17.87 t/s avg=18.59 t/s 6.779s
0824 04:19:38 ds4-server: chat ctx=0..195:195 prefill chunk 127/195 (65.1%) chunk=17.66 t/s avg=18.58 t/s 6.835s
0824 04:19:38 ds4-server: chat ctx=0..195:195 prefill chunk 128/195 (65.6%) chunk=18.39 t/s avg=18.58 t/s 6.890s
0824 04:19:38 ds4-server: chat ctx=0..195:195 prefill chunk 129/195 (66.2%) chunk=17.93 t/s avg=18.57 t/s 6.946s
0824 04:19:38 ds4-server: chat ctx=0..195:195 prefill chunk 130/195 (66.7%) chunk=18.08 t/s avg=18.57 t/s 7.001s
0824 04:19:38 ds4-server: chat ctx=0..195:195 prefill chunk 131/195 (67.2%) chunk=18.63 t/s avg=18.57 t/s 7.055s
0824 04:19:38 ds4-server: chat ctx=0..195:195 prefill chunk 132/195 (67.7%) chunk=18.26 t/s avg=18.57 t/s 7.109s
0824 04:19:38 ds4-server: chat ctx=0..195:195 prefill chunk 133/195 (68.2%) chunk=18.61 t/s avg=18.57 t/s 7.163s
0824 04:19:38 ds4-server: chat ctx=0..195:195 prefill chunk 134/195 (68.7%) chunk=18.28 t/s avg=18.57 t/s 7.218s
0824 04:19:38 ds4-server: chat ctx=0..195:195 prefill chunk 135/195 (69.2%) chunk=17.19 t/s avg=18.55 t/s 7.276s
0824 04:19:39 ds4-server: chat ctx=0..195:195 prefill chunk 136/195 (69.7%) chunk=18.47 t/s avg=18.55 t/s 7.330s
0824 04:19:39 ds4-server: chat ctx=0..195:195 prefill chunk 137/195 (70.3%) chunk=18.31 t/s avg=18.55 t/s 7.385s
0824 04:19:39 ds4-server: chat ctx=0..195:195 prefill chunk 138/195 (70.8%) chunk=17.57 t/s avg=18.54 t/s 7.442s
0824 04:19:39 ds4-server: chat ctx=0..195:195 prefill chunk 139/195 (71.3%) chunk=17.60 t/s avg=18.54 t/s 7.498s
0824 04:19:39 ds4-server: chat ctx=0..195:195 prefill chunk 140/195 (71.8%) chunk=18.05 t/s avg=18.53 t/s 7.554s
0824 04:19:39 ds4-server: chat ctx=0..195:195 prefill chunk 141/195 (72.3%) chunk=18.04 t/s avg=18.53 t/s 7.609s
0824 04:19:39 ds4-server: chat ctx=0..195:195 prefill chunk 142/195 (72.8%) chunk=17.63 t/s avg=18.52 t/s 7.666s
0824 04:19:39 ds4-server: chat ctx=0..195:195 prefill chunk 143/195 (73.3%) chunk=18.11 t/s avg=18.52 t/s 7.721s
0824 04:19:39 ds4-server: chat ctx=0..195:195 prefill chunk 144/195 (73.8%) chunk=17.76 t/s avg=18.51 t/s 7.778s
0824 04:19:39 ds4-server: chat ctx=0..195:195 prefill chunk 145/195 (74.4%) chunk=18.01 t/s avg=18.51 t/s 7.833s
0824 04:19:39 ds4-server: chat ctx=0..195:195 prefill chunk 146/195 (74.9%) chunk=17.34 t/s avg=18.50 t/s 7.891s
0824 04:19:39 ds4-server: chat ctx=0..195:195 prefill chunk 147/195 (75.4%) chunk=17.52 t/s avg=18.50 t/s 7.948s
0824 04:19:39 ds4-server: chat ctx=0..195:195 prefill chunk 148/195 (75.9%) chunk=17.56 t/s avg=18.49 t/s 8.005s
0824 04:19:39 ds4-server: chat ctx=0..195:195 prefill chunk 149/195 (76.4%) chunk=18.36 t/s avg=18.49 t/s 8.059s
0824 04:19:39 ds4-server: chat ctx=0..195:195 prefill chunk 150/195 (76.9%) chunk=17.61 t/s avg=18.48 t/s 8.116s
0824 04:19:39 ds4-server: chat ctx=0..195:195 prefill chunk 151/195 (77.4%) chunk=17.23 t/s avg=18.47 t/s 8.174s
0824 04:19:39 ds4-server: chat ctx=0..195:195 prefill chunk 152/195 (77.9%) chunk=17.32 t/s avg=18.46 t/s 8.232s
0824 04:19:40 ds4-server: chat ctx=0..195:195 prefill chunk 153/195 (78.5%) chunk=17.86 t/s avg=18.46 t/s 8.288s
0824 04:19:40 ds4-server: chat ctx=0..195:195 prefill chunk 154/195 (79.0%) chunk=17.07 t/s avg=18.45 t/s 8.346s
0824 04:19:40 ds4-server: chat ctx=0..195:195 prefill chunk 155/195 (79.5%) chunk=17.66 t/s avg=18.45 t/s 8.403s
0824 04:19:40 ds4-server: chat ctx=0..195:195 prefill chunk 156/195 (80.0%) chunk=18.10 t/s avg=18.44 t/s 8.458s
0824 04:19:40 ds4-server: chat ctx=0..195:195 prefill chunk 157/195 (80.5%) chunk=17.92 t/s avg=18.44 t/s 8.514s
0824 04:19:40 ds4-server: chat ctx=0..195:195 prefill chunk 158/195 (81.0%) chunk=17.61 t/s avg=18.43 t/s 8.571s
0824 04:19:40 ds4-server: chat ctx=0..195:195 prefill chunk 159/195 (81.5%) chunk=18.66 t/s avg=18.44 t/s 8.624s
0824 04:19:40 ds4-server: chat ctx=0..195:195 prefill chunk 160/195 (82.1%) chunk=17.94 t/s avg=18.43 t/s 8.680s
0824 04:19:40 ds4-server: chat ctx=0..195:195 prefill chunk 161/195 (82.6%) chunk=17.48 t/s avg=18.43 t/s 8.737s
0824 04:19:40 ds4-server: chat ctx=0..195:195 prefill chunk 162/195 (83.1%) chunk=18.52 t/s avg=18.43 t/s 8.791s
0824 04:19:40 ds4-server: chat ctx=0..195:195 prefill chunk 163/195 (83.6%) chunk=17.55 t/s avg=18.42 t/s 8.848s
0824 04:19:40 ds4-server: chat ctx=0..195:195 prefill chunk 164/195 (84.1%) chunk=17.18 t/s avg=18.41 t/s 8.906s
0824 04:19:40 ds4-server: chat ctx=0..195:195 prefill chunk 165/195 (84.6%) chunk=17.76 t/s avg=18.41 t/s 8.963s
0824 04:19:40 ds4-server: chat ctx=0..195:195 prefill chunk 166/195 (85.1%) chunk=18.00 t/s avg=18.41 t/s 9.018s
0824 04:19:40 ds4-server: chat ctx=0..195:195 prefill chunk 167/195 (85.6%) chunk=17.67 t/s avg=18.40 t/s 9.075s
0824 04:19:40 ds4-server: chat ctx=0..195:195 prefill chunk 168/195 (86.2%) chunk=17.36 t/s avg=18.40 t/s 9.133s
0824 04:19:40 ds4-server: chat ctx=0..195:195 prefill chunk 169/195 (86.7%) chunk=17.34 t/s avg=18.39 t/s 9.190s
0824 04:19:40 ds4-server: chat ctx=0..195:195 prefill chunk 170/195 (87.2%) chunk=17.23 t/s avg=18.38 t/s 9.248s
0824 04:19:41 ds4-server: chat ctx=0..195:195 prefill chunk 171/195 (87.7%) chunk=17.55 t/s avg=18.38 t/s 9.305s
0824 04:19:41 ds4-server: chat ctx=0..195:195 prefill chunk 172/195 (88.2%) chunk=17.76 t/s avg=18.37 t/s 9.362s
0824 04:19:41 ds4-server: chat ctx=0..195:195 prefill chunk 173/195 (88.7%) chunk=18.02 t/s avg=18.37 t/s 9.417s
0824 04:19:41 ds4-server: chat ctx=0..195:195 prefill chunk 174/195 (89.2%) chunk=17.82 t/s avg=18.37 t/s 9.473s
0824 04:19:41 ds4-server: chat ctx=0..195:195 prefill chunk 175/195 (89.7%) chunk=18.44 t/s avg=18.37 t/s 9.527s
0824 04:19:41 ds4-server: chat ctx=0..195:195 prefill chunk 176/195 (90.3%) chunk=17.28 t/s avg=18.36 t/s 9.585s
0824 04:19:41 ds4-server: chat ctx=0..195:195 prefill chunk 177/195 (90.8%) chunk=17.73 t/s avg=18.36 t/s 9.642s
0824 04:19:41 ds4-server: chat ctx=0..195:195 prefill chunk 178/195 (91.3%) chunk=18.41 t/s avg=18.36 t/s 9.696s
0824 04:19:41 ds4-server: chat ctx=0..195:195 prefill chunk 179/195 (91.8%) chunk=16.91 t/s avg=18.35 t/s 9.755s
0824 04:19:41 ds4-server: chat ctx=0..195:195 prefill chunk 180/195 (92.3%) chunk=17.11 t/s avg=18.34 t/s 9.814s
0824 04:19:41 ds4-server: chat ctx=0..195:195 prefill chunk 181/195 (92.8%) chunk=17.90 t/s avg=18.34 t/s 9.869s
0824 04:19:41 ds4-server: chat ctx=0..195:195 prefill chunk 182/195 (93.3%) chunk=17.55 t/s avg=18.33 t/s 9.926s
0824 04:19:41 ds4-server: chat ctx=0..195:195 prefill chunk 183/195 (93.8%) chunk=17.33 t/s avg=18.33 t/s 9.984s
0824 04:19:41 ds4-server: chat ctx=0..195:195 prefill chunk 184/195 (94.4%) chunk=17.79 t/s avg=18.33 t/s 10.040s
0824 04:19:41 ds4-server: chat ctx=0..195:195 prefill chunk 185/195 (94.9%) chunk=17.78 t/s avg=18.32 t/s 10.097s
0824 04:19:41 ds4-server: chat ctx=0..195:195 prefill chunk 186/195 (95.4%) chunk=18.01 t/s avg=18.32 t/s 10.152s
0824 04:19:41 ds4-server: chat ctx=0..195:195 prefill chunk 187/195 (95.9%) chunk=17.14 t/s avg=18.31 t/s 10.210s
0824 04:19:41 ds4-server: chat ctx=0..195:195 prefill chunk 188/195 (96.4%) chunk=18.22 t/s avg=18.31 t/s 10.265s
0824 04:19:42 ds4-server: chat ctx=0..195:195 prefill chunk 189/195 (96.9%) chunk=18.89 t/s avg=18.32 t/s 10.318s
0824 04:19:42 ds4-server: chat ctx=0..195:195 prefill chunk 190/195 (97.4%) chunk=17.36 t/s avg=18.31 t/s 10.376s
0824 04:19:42 ds4-server: chat ctx=0..195:195 prefill chunk 191/195 (97.9%) chunk=18.64 t/s avg=18.31 t/s 10.430s
0824 04:19:42 ds4-server: chat ctx=0..195:195 prefill chunk 192/195 (98.5%) chunk=19.19 t/s avg=18.32 t/s 10.482s
0824 04:19:42 ds4-server: chat ctx=0..195:195 prefill chunk 193/195 (99.0%) chunk=17.57 t/s avg=18.31 t/s 10.539s
0824 04:19:42 ds4-server: chat ctx=0..195:195 prefill chunk 194/195 (99.5%) chunk=19.94 t/s avg=18.32 t/s 10.589s
0824 04:19:42 ds4-server: chat ctx=0..195:195 prefill chunk 195/195 (100.0%) chunk=19.37 t/s avg=18.33 t/s 10.640s
0824 04:19:42 ds4-server: chat ctx=0..195:195 prompt done 10.640s
ds4: qwen35moe experts/token avg over 128 tokens: 0:13.5 1:14.2 2:15.3 3:16.0 4:16.5 5:15.6 6:15.2 7:16.9 8:17.4 9:17.0 10:15.6 11:14.5 12:16.2 13:15.4 14:16.2 15:15.9 16:15.5 17:15.7 18:16.4 19:15.6 20:17.6 21:16.3 22:15.6 23:15.4 24:15.6 25:15.3 26:16.2 27:17.1 28:16.8 29:17.2 30:17.7 31:17.5 32:17.0 33:17.5 34:16.8 35:18.9 36:19.2 37:19.4 38:19.5 39:18.8 | mean 16.5
0824 04:19:45 ds4-server: chat ctx=195..245:50 gen=50 THINKING decoding chunk=18.09 t/s avg=18.09 t/s 2.765s
0824 04:19:47 ds4-server: chat ctx=245..295:50 gen=100 THINKING decoding chunk=17.36 t/s avg=17.72 t/s 5.645s
0824 04:19:50 ds4-server: chat ctx=295..345:50 gen=150 THINKING decoding chunk=17.45 t/s avg=17.63 t/s 8.509s
ds4: qwen35moe experts/token avg over 128 tokens: 0:14.2 1:15.2 2:16.3 3:17.4 4:18.0 5:16.8 6:16.5 7:17.4 8:18.1 9:17.3 10:16.1 11:15.5 12:16.7 13:16.2 14:16.3 15:17.0 16:16.7 17:16.6 18:17.0 19:16.8 20:17.7 21:17.2 22:15.8 23:15.9 24:16.8 25:16.8 26:16.3 27:17.4 28:17.4 29:17.7 30:18.2 31:18.4 32:18.2 33:17.7 34:18.3 35:18.8 36:19.3 37:19.4 38:19.8 39:19.4 | mean 17.2
0824 04:19:53 ds4-server: chat ctx=345..395:50 gen=200 THINKING decoding chunk=17.97 t/s avg=17.71 t/s 11.292s
0824 04:19:56 ds4-server: chat ctx=395..445:50 gen=250 THINKING decoding chunk=17.90 t/s avg=17.75 t/s 14.085s
ds4: qwen35moe experts/token avg over 128 tokens: 0:13.9 1:14.6 2:15.0 3:15.8 4:15.3 5:15.0 6:14.8 7:16.4 8:17.9 9:16.0 10:14.7 11:14.5 12:15.8 13:15.3 14:15.4 15:15.3 16:15.1 17:15.2 18:15.3 19:14.7 20:16.6 21:15.7 22:14.6 23:15.0 24:15.2 25:15.5 26:15.6 27:15.5 28:14.8 29:15.1 30:14.6 31:15.9 32:14.8 33:13.9 34:14.4 35:16.4 36:16.9 37:17.3 38:18.4 39:17.3 | mean 15.5
0824 04:19:59 ds4-server: chat ctx=445..495:50 gen=300 THINKING decoding chunk=17.79 t/s avg=17.76 t/s 16.895s
0824 04:20:02 ds4-server: chat ctx=495..545:50 gen=350 THINKING decoding chunk=17.58 t/s avg=17.73 t/s 19.740s
0824 04:20:05 ds4-server: chat ctx=545..595:50 gen=400 THINKING decoding chunk=17.19 t/s avg=17.66 t/s 22.648s
ds4: qwen35moe experts/token avg over 128 tokens: 0:14.4 1:14.7 2:15.0 3:16.1 4:16.3 5:16.4 6:15.8 7:17.6 8:18.1 9:17.4 10:15.6 11:15.1 12:16.4 13:16.2 14:16.5 15:16.6 16:16.0 17:16.3 18:15.8 19:15.9 20:17.0 21:16.3 22:15.2 23:15.5 24:15.6 25:15.9 26:16.6 27:16.5 28:15.7 29:15.9 30:15.5 31:16.4 32:15.5 33:14.6 34:15.3 35:18.0 36:17.4 37:18.2 38:18.8 39:17.6 | mean 16.2
0824 04:20:07 ds4-server: chat ctx=595..645:50 gen=450 THINKING decoding chunk=17.44 t/s avg=17.64 t/s 25.515s
0824 04:20:10 ds4-server: chat ctx=645..695:50 gen=500 THINKING decoding chunk=17.01 t/s avg=17.57 t/s 28.454s
ds4: qwen35moe experts/token avg over 128 tokens: 0:14.5 1:15.0 2:15.9 3:16.7 4:17.3 5:16.7 6:16.6 7:17.1 8:17.8 9:17.3 10:16.1 11:15.5 12:16.7 13:16.6 14:17.0 15:17.1 16:16.1 17:16.8 18:16.6 19:16.8 20:17.5 21:17.0 22:15.8 23:16.1 24:16.6 25:15.9 26:16.8 27:17.0 28:17.0 29:17.3 30:16.7 31:17.8 32:17.2 33:16.6 34:16.8 35:18.5 36:18.1 37:18.8 38:19.3 39:18.6 | mean 16.9
0824 04:20:13 ds4-server: chat ctx=695..745:50 gen=550 THINKING decoding chunk=16.48 t/s avg=17.47 t/s 31.488s
0824 04:20:16 ds4-server: chat ctx=745..795:50 gen=600 THINKING decoding chunk=16.58 t/s avg=17.39 t/s 34.503s
0824 04:20:19 ds4-server: chat ctx=795..845:50 gen=650 THINKING decoding chunk=16.85 t/s avg=17.35 t/s 37.471s
ds4: qwen35moe experts/token avg over 128 tokens: 0:14.3 1:14.9 2:15.5 3:16.3 4:16.9 5:16.7 6:17.0 7:16.8 8:17.7 9:17.4 10:15.5 11:15.6 12:17.0 13:16.1 14:16.8 15:16.9 16:16.5 17:16.6 18:16.5 19:16.9 20:17.1 21:17.3 22:15.6 23:16.1 24:16.5 25:16.4 26:16.3 27:16.3 28:16.1 29:16.7 30:16.5 31:17.5 32:16.6 33:16.0 34:16.1 35:17.9 36:17.7 37:18.2 38:19.0 39:17.7 | mean 16.6
0824 04:20:22 ds4-server: chat ctx=845..895:50 gen=700 THINKING decoding chunk=17.02 t/s avg=17.32 t/s 40.409s
0824 04:20:25 ds4-server: chat ctx=895..945:50 gen=750 THINKING decoding chunk=16.82 t/s avg=17.29 t/s 43.381s
0824 04:20:28 ds4-server: chat ctx=945..995:50 gen=800 THINKING decoding chunk=16.91 t/s avg=17.26 t/s 46.339s
ds4: qwen35moe experts/token avg over 128 tokens: 0:14.5 1:15.0 2:15.5 3:16.3 4:16.2 5:15.5 6:15.5 7:16.2 8:17.7 9:16.9 10:15.6 11:14.9 12:16.1 13:15.9 14:16.3 15:15.7 16:15.6 17:15.5 18:15.6 19:15.9 20:16.2 21:16.9 22:15.3 23:15.0 24:15.5 25:15.6 26:16.3 27:15.6 28:15.5 29:15.6 30:15.5 31:15.8 32:15.4 33:14.8 34:14.4 35:17.4 36:15.9 37:17.7 38:18.3 39:16.3 | mean 15.9
0824 04:20:31 ds4-server: chat ctx=995..1045:50 gen=850 THINKING decoding chunk=16.71 t/s avg=17.23 t/s 49.331s
0824 04:20:34 ds4-server: chat ctx=1045..1095:50 gen=900 THINKING decoding chunk=15.90 t/s avg=17.15 t/s 52.475s
ds4: qwen35moe experts/token avg over 128 tokens: 0:14.8 1:15.6 2:16.1 3:17.3 4:17.8 5:17.3 6:17.2 7:17.5 8:17.5 9:17.2 10:16.4 11:16.3 12:17.3 13:16.9 14:17.1 15:17.2 16:16.8 17:16.7 18:16.6 19:17.2 20:17.3 21:17.3 22:16.6 23:16.9 24:17.1 25:16.7 26:16.8 27:17.8 28:17.1 29:17.0 30:17.6 31:18.1 32:17.8 33:17.8 34:17.4 35:18.8 36:18.6 37:19.1 38:19.7 39:19.1 | mean 17.3
0824 04:20:37 ds4-server: chat ctx=1095..1145:50 gen=950 THINKING decoding chunk=15.97 t/s avg=17.08 t/s 55.605s
0824 04:20:41 ds4-server: chat ctx=1145..1195:50 gen=1000 THINKING decoding chunk=16.32 t/s avg=17.04 t/s 58.668s
0824 04:20:44 ds4-server: chat ctx=1195..1245:50 gen=1050 THINKING decoding chunk=16.45 t/s avg=17.02 t/s 61.707s
ds4: qwen35moe experts/token avg over 128 tokens: 0:14.9 1:15.4 2:15.2 3:16.5 4:16.5 5:16.0 6:15.8 7:16.7 8:17.5 9:16.9 10:15.3 11:15.3 12:16.6 13:16.2 14:16.7 15:16.3 16:16.4 17:15.7 18:16.0 19:15.9 20:17.1 21:16.4 22:15.6 23:15.6 24:16.0 25:15.6 26:16.6 27:16.1 28:15.6 29:16.1 30:15.5 31:16.5 32:15.8 33:15.2 34:15.0 35:17.4 36:16.7 37:18.1 38:18.9 39:17.1 | mean 16.2
0824 04:20:47 ds4-server: chat ctx=1245..1295:50 gen=1100 THINKING decoding chunk=16.65 t/s avg=17.00 t/s 64.711s
0824 04:20:50 ds4-server: chat ctx=1295..1345:50 gen=1150 THINKING decoding chunk=16.24 t/s avg=16.96 t/s 67.789s
ds4: qwen35moe experts/token avg over 128 tokens: 0:14.9 1:15.3 2:15.1 3:16.4 4:16.5 5:15.0 6:15.3 7:16.5 8:17.5 9:16.6 10:15.0 11:14.3 12:16.2 13:15.3 14:15.8 15:15.9 16:14.8 17:14.8 18:15.5 19:15.3 20:16.3 21:16.1 22:14.9 23:14.2 24:14.5 25:14.9 26:15.6 27:15.2 28:14.8 29:14.7 30:14.9 31:15.2 32:14.3 33:14.1 34:13.9 35:16.0 36:15.8 37:17.0 38:18.4 39:16.5 | mean 15.5
0824 04:20:53 ds4-server: chat ctx=1345..1395:50 gen=1200 THINKING decoding chunk=16.25 t/s avg=16.93 t/s 70.865s
0824 04:20:56 ds4-server: chat ctx=1395..1445:50 gen=1250 THINKING decoding chunk=16.17 t/s avg=16.90 t/s 73.957s
0824 04:20:59 ds4-server: chat ctx=1445..1495:50 gen=1300 THINKING decoding chunk=16.15 t/s avg=16.87 t/s 77.052s
ds4: qwen35moe experts/token avg over 128 tokens: 0:14.7 1:15.1 2:14.9 3:16.1 4:16.0 5:15.4 6:14.8 7:16.2 8:16.5 9:16.2 10:15.0 11:14.8 12:15.6 13:14.9 14:15.8 15:15.5 16:15.4 17:15.7 18:15.1 19:15.5 20:15.9 21:15.9 22:15.1 23:14.5 24:14.9 25:15.3 26:15.8 27:15.4 28:14.9 29:15.1 30:14.8 31:15.6 32:14.7 33:14.3 34:13.9 35:16.4 36:16.4 37:17.2 38:18.4 39:16.7 | mean 15.5
0824 04:21:02 ds4-server: chat ctx=1495..1545:50 gen=1350 THINKING decoding chunk=15.84 t/s avg=16.83 t/s 80.208s
0824 04:21:05 ds4-server: chat ctx=1545..1595:50 gen=1400 THINKING decoding chunk=15.88 t/s avg=16.80 t/s 83.356s
ds4: qwen35moe experts/token avg over 128 tokens: 0:15.3 1:15.3 2:15.1 3:16.7 4:15.9 5:15.8 6:15.5 7:17.4 8:17.7 9:16.8 10:15.3 11:15.0 12:16.9 13:16.1 14:16.3 15:16.7 16:15.9 17:15.7 18:15.9 19:16.3 20:17.0 21:16.9 22:15.3 23:15.4 24:15.5 25:16.0 26:16.6 27:16.2 28:15.5 29:15.7 30:15.7 31:15.7 32:15.6 33:14.6 34:14.4 35:16.9 36:17.2 37:18.0 38:18.6 39:16.9 | mean 16.1
0824 04:21:08 ds4-server: chat ctx=1595..1645:50 gen=1450 THINKING decoding chunk=15.64 t/s avg=16.75 t/s 86.553s
0824 04:21:12 ds4-server: chat ctx=1645..1695:50 gen=1500 THINKING decoding chunk=15.70 t/s avg=16.72 t/s 89.736s
0824 04:21:15 ds4-server: chat ctx=1695..1745:50 gen=1550 THINKING decoding chunk=15.51 t/s avg=16.67 t/s 92.960s
ds4: qwen35moe experts/token avg over 128 tokens: 0:14.7 1:15.1 2:15.2 3:16.3 4:16.1 5:15.6 6:15.6 7:17.2 8:17.8 9:17.0 10:15.5 11:15.1 12:16.6 13:16.6 14:16.9 15:16.5 16:15.9 17:16.5 18:16.2 19:15.9 20:17.8 21:17.0 22:15.3 23:15.1 24:16.4 25:16.1 26:16.7 27:15.9 28:15.7 29:15.8 30:15.6 31:16.1 32:15.3 33:15.0 34:14.9 35:17.2 36:16.9 37:18.2 38:18.9 39:17.8 | mean 16.2
0824 04:21:18 ds4-server: chat ctx=1745..1795:50 gen=1600 THINKING decoding chunk=15.42 t/s avg=16.63 t/s 96.203s
0824 04:21:21 ds4-server: chat ctx=1795..1845:50 gen=1650 THINKING decoding chunk=15.40 t/s avg=16.59 t/s 99.451s
ds4: qwen35moe experts/token avg over 128 tokens: 0:15.2 1:15.6 2:16.1 3:17.2 4:16.8 5:16.4 6:16.0 7:17.6 8:18.3 9:17.6 10:16.2 11:15.2 12:17.4 13:16.9 14:16.9 15:17.1 16:16.0 17:16.0 18:16.6 19:16.7 20:17.6 21:17.4 22:15.6 23:15.2 24:15.8 25:16.2 26:16.7 27:16.2 28:15.5 29:15.8 30:15.9 31:16.3 32:15.3 33:15.4 34:15.1 35:16.8 36:16.9 37:18.1 38:19.1 39:17.5 | mean 16.5
0824 04:21:25 ds4-server: chat ctx=1845..1895:50 gen=1700 THINKING decoding chunk=15.22 t/s avg=16.55 t/s 102.736s
0824 04:21:28 ds4-server: chat ctx=1895..1945:50 gen=1750 THINKING decoding chunk=15.37 t/s avg=16.51 t/s 105.988s
0824 04:21:31 ds4-server: chat ctx=1945..1995:50 gen=1800 THINKING decoding chunk=15.42 t/s avg=16.48 t/s 109.230s
ds4: qwen35moe experts/token avg over 128 tokens: 0:14.7 1:14.7 2:14.8 3:16.1 4:16.3 5:15.9 6:15.3 7:16.8 8:17.5 9:17.2 10:15.4 11:15.0 12:16.0 13:15.8 14:16.0 15:16.0 16:15.4 17:15.9 18:15.5 19:15.6 20:17.0 21:16.7 22:15.2 23:15.0 24:15.4 25:15.6 26:15.3 27:15.8 28:14.9 29:15.5 30:15.7 31:16.1 32:14.7 33:14.3 34:14.2 35:16.3 36:16.6 37:17.2 38:18.3 39:16.2 | mean 15.8
0824 04:21:34 ds4-server: chat ctx=1995..2045:50 gen=1850 THINKING decoding chunk=15.14 t/s avg=16.44 t/s 112.532s
0824 04:21:38 ds4-server: chat ctx=2045..2095:50 gen=1900 THINKING decoding chunk=15.32 t/s avg=16.41 t/s 115.795s
0824 04:21:41 ds4-server: chat ctx=2095..2145:50 gen=1950 THINKING decoding chunk=15.02 t/s avg=16.37 t/s 119.124s
ds4: qwen35moe experts/token avg over 128 tokens: 0:15.0 1:15.5 2:15.7 3:17.4 4:16.5 5:15.9 6:16.1 7:17.2 8:17.3 9:17.2 10:15.6 11:14.9 12:16.5 13:15.4 14:16.3 15:16.3 16:15.8 17:15.5 18:15.3 19:16.0 20:16.8 21:16.6 22:15.6 23:14.9 24:16.1 25:15.4 26:15.7 27:15.9 28:15.1 29:15.7 30:15.1 31:15.8 32:15.0 33:14.5 34:14.6 35:16.6 36:16.7 37:17.4 38:18.4 39:16.9 | mean 16.0
0824 04:21:44 ds4-server: chat ctx=2145..2195:50 gen=2000 THINKING decoding chunk=15.08 t/s avg=16.33 t/s 122.439s
0824 04:21:48 ds4-server: chat ctx=2195..2245:50 gen=2050 decoding chunk=15.02 t/s avg=16.30 t/s 125.769s
ds4: qwen35moe experts/token avg over 128 tokens: 0:14.7 1:15.4 2:15.1 3:16.3 4:16.0 5:15.2 6:15.8 7:17.0 8:17.6 9:17.1 10:15.1 11:15.4 12:16.3 13:16.0 14:16.1 15:16.4 16:15.7 17:16.5 18:15.8 19:15.7 20:17.0 21:16.6 22:15.3 23:15.2 24:15.8 25:15.5 26:15.9 27:16.1 28:16.2 29:15.7 30:15.4 31:16.7 32:15.4 33:14.5 34:14.6 35:17.4 36:17.6 37:18.2 38:18.8 39:17.4 | mean 16.1
0824 04:21:51 ds4-server: chat ctx=2245..2295:50 gen=2100 decoding chunk=14.57 t/s avg=16.25 t/s 129.201s
0824 04:21:54 ds4-server: chat ctx=2295..2345:50 gen=2150 decoding chunk=14.64 t/s avg=16.21 t/s 132.617s
0824 04:21:58 ds4-server: chat ctx=2345..2395:50 gen=2200 decoding chunk=14.55 t/s avg=16.17 t/s 136.053s
ds4: qwen35moe experts/token avg over 128 tokens: 0:15.9 1:15.9 2:16.3 3:17.6 4:17.2 5:16.2 6:16.2 7:18.1 8:18.9 9:17.7 10:15.9 11:15.7 12:17.6 13:16.8 14:17.6 15:16.8 16:16.1 17:16.5 18:16.8 19:16.0 20:18.2 21:17.3 22:16.0 23:16.0 24:16.3 25:16.1 26:17.2 27:16.6 28:15.8 29:16.4 30:15.8 31:16.9 32:15.2 33:14.9 34:15.0 35:17.1 36:17.8 37:18.2 38:18.9 39:17.4 | mean 16.7
0824 04:22:01 ds4-server: chat ctx=2395..2445:50 gen=2250 decoding chunk=14.58 t/s avg=16.13 t/s 139.482s
0824 04:22:05 ds4-server: chat ctx=2445..2495:50 gen=2300 decoding chunk=14.27 t/s avg=16.09 t/s 142.986s
0824 04:22:06 ds4-server: chat ctx=2495..2516:21 gen=2321 decoding chunk=14.51 t/s avg=16.07 t/s 144.433s
0824 04:22:06 ds4-server: thinking live checkpoint remembered ctx=0..195:195 live=2516 visible=2519
0824 04:22:06 ds4-server: chat ctx=0..195:195 gen=2321 finish=stop 155.073s
0824 04:22:06 ds4-server: live kv cache miss live=2516 prompt=283 common=51 reason=token-mismatch
0824 04:22:06 ds4-server: chat ctx=0..283:283 prompt start
0824 04:22:06 ds4-server: chat ctx=0..283:283 prefill chunk 1/283 (0.4%) chunk=0.00 t/s avg=19.42 t/s 0.051s
0824 04:22:06 ds4-server: chat ctx=0..283:283 prefill chunk 2/283 (0.7%) chunk=19.45 t/s avg=19.44 t/s 0.103s
0824 04:22:06 ds4-server: chat ctx=0..283:283 prefill chunk 3/283 (1.1%) chunk=19.75 t/s avg=19.54 t/s 0.154s
0824 04:22:06 ds4-server: chat ctx=0..283:283 prefill chunk 4/283 (1.4%) chunk=19.59 t/s avg=19.55 t/s 0.205s
0824 04:22:07 ds4-server: chat ctx=0..283:283 prefill chunk 5/283 (1.8%) chunk=18.95 t/s avg=19.43 t/s 0.257s
0824 04:22:07 ds4-server: chat ctx=0..283:283 prefill chunk 6/283 (2.1%) chunk=19.67 t/s avg=19.47 t/s 0.308s
0824 04:22:07 ds4-server: chat ctx=0..283:283 prefill chunk 7/283 (2.5%) chunk=18.90 t/s avg=19.39 t/s 0.361s
0824 04:22:07 ds4-server: chat ctx=0..283:283 prefill chunk 8/283 (2.8%) chunk=19.29 t/s avg=19.37 t/s 0.413s
0824 04:22:07 ds4-server: chat ctx=0..283:283 prefill chunk 9/283 (3.2%) chunk=19.04 t/s avg=19.34 t/s 0.465s
0824 04:22:07 ds4-server: chat ctx=0..283:283 prefill chunk 10/283 (3.5%) chunk=19.67 t/s avg=19.37 t/s 0.516s
0824 04:22:07 ds4-server: chat ctx=0..283:283 prefill chunk 11/283 (3.9%) chunk=19.23 t/s avg=19.36 t/s 0.568s
0824 04:22:07 ds4-server: chat ctx=0..283:283 prefill chunk 12/283 (4.2%) chunk=19.14 t/s avg=19.34 t/s 0.621s
0824 04:22:07 ds4-server: chat ctx=0..283:283 prefill chunk 13/283 (4.6%) chunk=19.26 t/s avg=19.33 t/s 0.672s
0824 04:22:07 ds4-server: chat ctx=0..283:283 prefill chunk 14/283 (4.9%) chunk=18.13 t/s avg=19.24 t/s 0.728s
0824 04:22:07 ds4-server: chat ctx=0..283:283 prefill chunk 15/283 (5.3%) chunk=19.23 t/s avg=19.24 t/s 0.780s
0824 04:22:07 ds4-server: chat ctx=0..283:283 prefill chunk 16/283 (5.7%) chunk=18.64 t/s avg=19.20 t/s 0.833s
0824 04:22:07 ds4-server: chat ctx=0..283:283 prefill chunk 17/283 (6.0%) chunk=19.15 t/s avg=19.20 t/s 0.886s
0824 04:22:07 ds4-server: chat ctx=0..283:283 prefill chunk 18/283 (6.4%) chunk=18.99 t/s avg=19.19 t/s 0.938s
ds4: qwen35moe experts/token avg over 128 tokens: 0:15.6 1:16.0 2:15.7 3:17.3 4:17.0 5:16.5 6:15.7 7:17.4 8:18.0 9:17.6 10:15.8 11:15.5 12:17.3 13:16.4 14:17.3 15:17.1 16:16.7 17:16.5 18:16.8 19:16.0 20:17.6 21:17.3 22:16.2 23:15.4 24:15.4 25:15.7 26:16.3 27:16.6 28:15.4 29:15.9 30:15.3 31:16.1 32:15.3 33:15.2 34:15.1 35:17.5 36:16.8 37:18.0 38:18.9 39:17.6 | mean 16.5
0824 04:22:07 ds4-server: chat ctx=0..283:283 prefill chunk 19/283 (6.7%) chunk=18.23 t/s avg=19.13 t/s 0.993s
0824 04:22:07 ds4-server: chat ctx=0..283:283 prefill chunk 20/283 (7.1%) chunk=18.55 t/s avg=19.10 t/s 1.047s
0824 04:22:07 ds4-server: chat ctx=0..283:283 prefill chunk 21/283 (7.4%) chunk=18.36 t/s avg=19.07 t/s 1.101s
0824 04:22:07 ds4-server: chat ctx=0..283:283 prefill chunk 22/283 (7.8%) chunk=19.16 t/s avg=19.07 t/s 1.154s
0824 04:22:07 ds4-server: chat ctx=0..283:283 prefill chunk 23/283 (8.1%) chunk=19.31 t/s avg=19.08 t/s 1.205s
0824 04:22:08 ds4-server: chat ctx=0..283:283 prefill chunk 24/283 (8.5%) chunk=18.98 t/s avg=19.08 t/s 1.258s
0824 04:22:08 ds4-server: chat ctx=0..283:283 prefill chunk 25/283 (8.8%) chunk=19.32 t/s avg=19.09 t/s 1.310s
0824 04:22:08 ds4-server: chat ctx=0..283:283 prefill chunk 26/283 (9.2%) chunk=18.89 t/s avg=19.08 t/s 1.363s
0824 04:22:08 ds4-server: chat ctx=0..283:283 prefill chunk 27/283 (9.5%) chunk=19.34 t/s avg=19.09 t/s 1.415s
0824 04:22:08 ds4-server: chat ctx=0..283:283 prefill chunk 28/283 (9.9%) chunk=18.76 t/s avg=19.08 t/s 1.468s
0824 04:22:08 ds4-server: chat ctx=0..283:283 prefill chunk 29/283 (10.2%) chunk=18.35 t/s avg=19.05 t/s 1.522s
0824 04:22:08 ds4-server: chat ctx=0..283:283 prefill chunk 30/283 (10.6%) chunk=19.08 t/s avg=19.05 t/s 1.575s
0824 04:22:08 ds4-server: chat ctx=0..283:283 prefill chunk 31/283 (11.0%) chunk=18.27 t/s avg=19.02 t/s 1.629s
0824 04:22:08 ds4-server: chat ctx=0..283:283 prefill chunk 32/283 (11.3%) chunk=18.64 t/s avg=19.01 t/s 1.683s
0824 04:22:08 ds4-server: chat ctx=0..283:283 prefill chunk 33/283 (11.7%) chunk=18.73 t/s avg=19.00 t/s 1.736s
0824 04:22:08 ds4-server: chat ctx=0..283:283 prefill chunk 34/283 (12.0%) chunk=18.51 t/s avg=18.99 t/s 1.791s
0824 04:22:08 ds4-server: chat ctx=0..283:283 prefill chunk 35/283 (12.4%) chunk=18.51 t/s avg=18.97 t/s 1.845s
0824 04:22:08 ds4-server: chat ctx=0..283:283 prefill chunk 36/283 (12.7%) chunk=18.41 t/s avg=18.96 t/s 1.899s
0824 04:22:08 ds4-server: chat ctx=0..283:283 prefill chunk 37/283 (13.1%) chunk=17.92 t/s avg=18.93 t/s 1.955s
0824 04:22:08 ds4-server: chat ctx=0..283:283 prefill chunk 38/283 (13.4%) chunk=17.91 t/s avg=18.90 t/s 2.011s
0824 04:22:08 ds4-server: chat ctx=0..283:283 prefill chunk 39/283 (13.8%) chunk=17.91 t/s avg=18.87 t/s 2.066s
0824 04:22:08 ds4-server: chat ctx=0..283:283 prefill chunk 40/283 (14.1%) chunk=18.57 t/s avg=18.87 t/s 2.120s
0824 04:22:08 ds4-server: chat ctx=0..283:283 prefill chunk 41/283 (14.5%) chunk=18.47 t/s avg=18.86 t/s 2.174s
0824 04:22:09 ds4-server: chat ctx=0..283:283 prefill chunk 42/283 (14.8%) chunk=18.21 t/s avg=18.84 t/s 2.229s
0824 04:22:09 ds4-server: chat ctx=0..283:283 prefill chunk 43/283 (15.2%) chunk=19.24 t/s avg=18.85 t/s 2.281s
0824 04:22:09 ds4-server: chat ctx=0..283:283 prefill chunk 44/283 (15.5%) chunk=18.60 t/s avg=18.84 t/s 2.335s
0824 04:22:09 ds4-server: chat ctx=0..283:283 prefill chunk 45/283 (15.9%) chunk=18.44 t/s avg=18.83 t/s 2.389s
0824 04:22:09 ds4-server: chat ctx=0..283:283 prefill chunk 46/283 (16.3%) chunk=18.71 t/s avg=18.83 t/s 2.443s
0824 04:22:09 ds4-server: chat ctx=0..283:283 prefill chunk 47/283 (16.6%) chunk=18.06 t/s avg=18.81 t/s 2.498s
0824 04:22:09 ds4-server: chat ctx=0..283:283 prefill chunk 48/283 (17.0%) chunk=18.79 t/s avg=18.81 t/s 2.551s
0824 04:22:09 ds4-server: chat ctx=0..283:283 prefill chunk 49/283 (17.3%) chunk=18.22 t/s avg=18.80 t/s 2.606s
0824 04:22:09 ds4-server: chat ctx=0..283:283 prefill chunk 50/283 (17.7%) chunk=18.03 t/s avg=18.79 t/s 2.662s
0824 04:22:09 ds4-server: chat ctx=0..283:283 prefill chunk 51/283 (18.0%) chunk=18.43 t/s avg=18.78 t/s 2.716s
0824 04:22:09 ds4-server: chat ctx=0..283:283 prefill chunk 52/283 (18.4%) chunk=18.84 t/s avg=18.78 t/s 2.769s
0824 04:22:09 ds4-server: chat ctx=0..283:283 prefill chunk 53/283 (18.7%) chunk=18.77 t/s avg=18.78 t/s 2.822s
0824 04:22:09 ds4-server: chat ctx=0..283:283 prefill chunk 54/283 (19.1%) chunk=19.14 t/s avg=18.79 t/s 2.874s
0824 04:22:09 ds4-server: chat ctx=0..283:283 prefill chunk 55/283 (19.4%) chunk=18.60 t/s avg=18.78 t/s 2.928s
0824 04:22:09 ds4-server: chat ctx=0..283:283 prefill chunk 56/283 (19.8%) chunk=18.54 t/s avg=18.78 t/s 2.982s
0824 04:22:09 ds4-server: chat ctx=0..283:283 prefill chunk 57/283 (20.1%) chunk=19.01 t/s avg=18.78 t/s 3.035s
0824 04:22:09 ds4-server: chat ctx=0..283:283 prefill chunk 58/283 (20.5%) chunk=19.59 t/s avg=18.80 t/s 3.086s
0824 04:22:09 ds4-server: chat ctx=0..283:283 prefill chunk 59/283 (20.8%) chunk=19.44 t/s avg=18.81 t/s 3.137s
0824 04:22:09 ds4-server: chat ctx=0..283:283 prefill chunk 60/283 (21.2%) chunk=19.83 t/s avg=18.82 t/s 3.188s
0824 04:22:10 ds4-server: chat ctx=0..283:283 prefill chunk 61/283 (21.6%) chunk=19.47 t/s avg=18.83 t/s 3.239s
0824 04:22:10 ds4-server: chat ctx=0..283:283 prefill chunk 62/283 (21.9%) chunk=19.31 t/s avg=18.84 t/s 3.291s
0824 04:22:10 ds4-server: chat ctx=0..283:283 prefill chunk 63/283 (22.3%) chunk=20.03 t/s avg=18.86 t/s 3.341s
0824 04:22:10 ds4-server: chat ctx=0..283:283 prefill chunk 64/283 (22.6%) chunk=18.47 t/s avg=18.85 t/s 3.395s
0824 04:22:10 ds4-server: chat ctx=0..283:283 prefill chunk 65/283 (23.0%) chunk=18.58 t/s avg=18.85 t/s 3.449s
0824 04:22:10 ds4-server: chat ctx=0..283:283 prefill chunk 66/283 (23.3%) chunk=18.65 t/s avg=18.84 t/s 3.502s
0824 04:22:10 ds4-server: chat ctx=0..283:283 prefill chunk 67/283 (23.7%) chunk=18.26 t/s avg=18.84 t/s 3.557s
0824 04:22:10 ds4-server: chat ctx=0..283:283 prefill chunk 68/283 (24.0%) chunk=18.63 t/s avg=18.83 t/s 3.611s
0824 04:22:10 ds4-server: chat ctx=0..283:283 prefill chunk 69/283 (24.4%) chunk=18.18 t/s avg=18.82 t/s 3.666s
0824 04:22:10 ds4-server: chat ctx=0..283:283 prefill chunk 70/283 (24.7%) chunk=18.96 t/s avg=18.82 t/s 3.719s
0824 04:22:10 ds4-server: chat ctx=0..283:283 prefill chunk 71/283 (25.1%) chunk=18.21 t/s avg=18.82 t/s 3.773s
0824 04:22:10 ds4-server: chat ctx=0..283:283 prefill chunk 72/283 (25.4%) chunk=18.13 t/s avg=18.81 t/s 3.829s
0824 04:22:10 ds4-server: chat ctx=0..283:283 prefill chunk 73/283 (25.8%) chunk=18.56 t/s avg=18.80 t/s 3.882s
0824 04:22:10 ds4-server: chat ctx=0..283:283 prefill chunk 74/283 (26.1%) chunk=18.52 t/s avg=18.80 t/s 3.936s
0824 04:22:10 ds4-server: chat ctx=0..283:283 prefill chunk 75/283 (26.5%) chunk=18.36 t/s avg=18.79 t/s 3.991s
0824 04:22:10 ds4-server: chat ctx=0..283:283 prefill chunk 76/283 (26.9%) chunk=19.53 t/s avg=18.80 t/s 4.042s
0824 04:22:10 ds4-server: chat ctx=0..283:283 prefill chunk 77/283 (27.2%) chunk=18.68 t/s avg=18.80 t/s 4.096s
0824 04:22:10 ds4-server: chat ctx=0..283:283 prefill chunk 78/283 (27.6%) chunk=19.45 t/s avg=18.81 t/s 4.147s
0824 04:22:10 ds4-server: chat ctx=0..283:283 prefill chunk 79/283 (27.9%) chunk=18.78 t/s avg=18.81 t/s 4.200s
0824 04:22:11 ds4-server: chat ctx=0..283:283 prefill chunk 80/283 (28.3%) chunk=19.28 t/s avg=18.81 t/s 4.252s
0824 04:22:11 ds4-server: chat ctx=0..283:283 prefill chunk 81/283 (28.6%) chunk=18.72 t/s avg=18.81 t/s 4.306s
0824 04:22:11 ds4-server: chat ctx=0..283:283 prefill chunk 82/283 (29.0%) chunk=18.79 t/s avg=18.81 t/s 4.359s
0824 04:22:11 ds4-server: chat ctx=0..283:283 prefill chunk 83/283 (29.3%) chunk=19.09 t/s avg=18.82 t/s 4.411s
0824 04:22:11 ds4-server: chat ctx=0..283:283 prefill chunk 84/283 (29.7%) chunk=18.46 t/s avg=18.81 t/s 4.465s
0824 04:22:11 ds4-server: chat ctx=0..283:283 prefill chunk 85/283 (30.0%) chunk=18.44 t/s avg=18.81 t/s 4.520s
0824 04:22:11 ds4-server: chat ctx=0..283:283 prefill chunk 86/283 (30.4%) chunk=18.78 t/s avg=18.81 t/s 4.573s
0824 04:22:11 ds4-server: chat ctx=0..283:283 prefill chunk 87/283 (30.7%) chunk=18.96 t/s avg=18.81 t/s 4.626s
0824 04:22:11 ds4-server: chat ctx=0..283:283 prefill chunk 88/283 (31.1%) chunk=19.40 t/s avg=18.81 t/s 4.677s
0824 04:22:11 ds4-server: chat ctx=0..283:283 prefill chunk 89/283 (31.4%) chunk=18.98 t/s avg=18.82 t/s 4.730s
0824 04:22:11 ds4-server: chat ctx=0..283:283 prefill chunk 90/283 (31.8%) chunk=18.80 t/s avg=18.82 t/s 4.783s
0824 04:22:11 ds4-server: chat ctx=0..283:283 prefill chunk 91/283 (32.2%) chunk=17.80 t/s avg=18.80 t/s 4.839s
0824 04:22:11 ds4-server: chat ctx=0..283:283 prefill chunk 92/283 (32.5%) chunk=18.08 t/s avg=18.80 t/s 4.895s
0824 04:22:11 ds4-server: chat ctx=0..283:283 prefill chunk 93/283 (32.9%) chunk=18.73 t/s avg=18.80 t/s 4.948s
0824 04:22:11 ds4-server: chat ctx=0..283:283 prefill chunk 94/283 (33.2%) chunk=18.61 t/s avg=18.79 t/s 5.002s
0824 04:22:11 ds4-server: chat ctx=0..283:283 prefill chunk 95/283 (33.6%) chunk=19.17 t/s avg=18.80 t/s 5.054s
0824 04:22:11 ds4-server: chat ctx=0..283:283 prefill chunk 96/283 (33.9%) chunk=18.91 t/s avg=18.80 t/s 5.107s
0824 04:22:11 ds4-server: chat ctx=0..283:283 prefill chunk 97/283 (34.3%) chunk=18.22 t/s avg=18.79 t/s 5.162s
0824 04:22:12 ds4-server: chat ctx=0..283:283 prefill chunk 98/283 (34.6%) chunk=19.50 t/s avg=18.80 t/s 5.213s
0824 04:22:12 ds4-server: chat ctx=0..283:283 prefill chunk 99/283 (35.0%) chunk=18.99 t/s avg=18.80 t/s 5.265s
0824 04:22:12 ds4-server: chat ctx=0..283:283 prefill chunk 100/283 (35.3%) chunk=18.78 t/s avg=18.80 t/s 5.319s
0824 04:22:12 ds4-server: chat ctx=0..283:283 prefill chunk 101/283 (35.7%) chunk=19.04 t/s avg=18.80 t/s 5.371s
0824 04:22:12 ds4-server: chat ctx=0..283:283 prefill chunk 102/283 (36.0%) chunk=19.05 t/s avg=18.81 t/s 5.424s
0824 04:22:12 ds4-server: chat ctx=0..283:283 prefill chunk 103/283 (36.4%) chunk=19.35 t/s avg=18.81 t/s 5.475s
0824 04:22:12 ds4-server: chat ctx=0..283:283 prefill chunk 104/283 (36.7%) chunk=17.96 t/s avg=18.80 t/s 5.531s
0824 04:22:12 ds4-server: chat ctx=0..283:283 prefill chunk 105/283 (37.1%) chunk=18.48 t/s avg=18.80 t/s 5.585s
0824 04:22:12 ds4-server: chat ctx=0..283:283 prefill chunk 106/283 (37.5%) chunk=18.37 t/s avg=18.80 t/s 5.640s
0824 04:22:12 ds4-server: chat ctx=0..283:283 prefill chunk 107/283 (37.8%) chunk=18.18 t/s avg=18.79 t/s 5.695s
0824 04:22:12 ds4-server: chat ctx=0..283:283 prefill chunk 108/283 (38.2%) chunk=19.15 t/s avg=18.79 t/s 5.747s
0824 04:22:12 ds4-server: chat ctx=0..283:283 prefill chunk 109/283 (38.5%) chunk=17.63 t/s avg=18.78 t/s 5.804s
0824 04:22:12 ds4-server: chat ctx=0..283:283 prefill chunk 110/283 (38.9%) chunk=17.65 t/s avg=18.77 t/s 5.860s
0824 04:22:12 ds4-server: chat ctx=0..283:283 prefill chunk 111/283 (39.2%) chunk=18.99 t/s avg=18.77 t/s 5.913s
0824 04:22:12 ds4-server: chat ctx=0..283:283 prefill chunk 112/283 (39.6%) chunk=18.19 t/s avg=18.77 t/s 5.968s
0824 04:22:12 ds4-server: chat ctx=0..283:283 prefill chunk 113/283 (39.9%) chunk=18.86 t/s avg=18.77 t/s 6.021s
0824 04:22:12 ds4-server: chat ctx=0..283:283 prefill chunk 114/283 (40.3%) chunk=18.14 t/s avg=18.76 t/s 6.076s
0824 04:22:12 ds4-server: chat ctx=0..283:283 prefill chunk 115/283 (40.6%) chunk=18.23 t/s avg=18.76 t/s 6.131s
0824 04:22:12 ds4-server: chat ctx=0..283:283 prefill chunk 116/283 (41.0%) chunk=19.17 t/s avg=18.76 t/s 6.183s
0824 04:22:13 ds4-server: chat ctx=0..283:283 prefill chunk 117/283 (41.3%) chunk=18.08 t/s avg=18.75 t/s 6.238s
0824 04:22:13 ds4-server: chat ctx=0..283:283 prefill chunk 118/283 (41.7%) chunk=17.88 t/s avg=18.75 t/s 6.294s
0824 04:22:13 ds4-server: chat ctx=0..283:283 prefill chunk 119/283 (42.0%) chunk=18.37 t/s avg=18.74 t/s 6.349s
0824 04:22:13 ds4-server: chat ctx=0..283:283 prefill chunk 120/283 (42.4%) chunk=18.25 t/s avg=18.74 t/s 6.403s
0824 04:22:13 ds4-server: chat ctx=0..283:283 prefill chunk 121/283 (42.8%) chunk=18.39 t/s avg=18.74 t/s 6.458s
0824 04:22:13 ds4-server: chat ctx=0..283:283 prefill chunk 122/283 (43.1%) chunk=18.97 t/s avg=18.74 t/s 6.511s
0824 04:22:13 ds4-server: chat ctx=0..283:283 prefill chunk 123/283 (43.5%) chunk=18.03 t/s avg=18.73 t/s 6.566s
0824 04:22:13 ds4-server: chat ctx=0..283:283 prefill chunk 124/283 (43.8%) chunk=19.02 t/s avg=18.74 t/s 6.619s
0824 04:22:13 ds4-server: chat ctx=0..283:283 prefill chunk 125/283 (44.2%) chunk=18.25 t/s avg=18.73 t/s 6.673s
0824 04:22:13 ds4-server: chat ctx=0..283:283 prefill chunk 126/283 (44.5%) chunk=17.60 t/s avg=18.72 t/s 6.730s
0824 04:22:13 ds4-server: chat ctx=0..283:283 prefill chunk 127/283 (44.9%) chunk=18.76 t/s avg=18.72 t/s 6.784s
0824 04:22:13 ds4-server: chat ctx=0..283:283 prefill chunk 128/283 (45.2%) chunk=17.94 t/s avg=18.72 t/s 6.839s
0824 04:22:13 ds4-server: chat ctx=0..283:283 prefill chunk 129/283 (45.6%) chunk=17.87 t/s avg=18.71 t/s 6.895s
0824 04:22:13 ds4-server: chat ctx=0..283:283 prefill chunk 130/283 (45.9%) chunk=18.44 t/s avg=18.71 t/s 6.949s
0824 04:22:13 ds4-server: chat ctx=0..283:283 prefill chunk 131/283 (46.3%) chunk=18.15 t/s avg=18.70 t/s 7.005s
0824 04:22:13 ds4-server: chat ctx=0..283:283 prefill chunk 132/283 (46.6%) chunk=18.35 t/s avg=18.70 t/s 7.059s
0824 04:22:13 ds4-server: chat ctx=0..283:283 prefill chunk 133/283 (47.0%) chunk=18.18 t/s avg=18.70 t/s 7.114s
0824 04:22:13 ds4-server: chat ctx=0..283:283 prefill chunk 134/283 (47.3%) chunk=18.26 t/s avg=18.69 t/s 7.169s
0824 04:22:14 ds4-server: chat ctx=0..283:283 prefill chunk 135/283 (47.7%) chunk=18.20 t/s avg=18.69 t/s 7.224s
0824 04:22:14 ds4-server: chat ctx=0..283:283 prefill chunk 136/283 (48.1%) chunk=19.06 t/s avg=18.69 t/s 7.276s
0824 04:22:14 ds4-server: chat ctx=0..283:283 prefill chunk 137/283 (48.4%) chunk=18.31 t/s avg=18.69 t/s 7.331s
0824 04:22:14 ds4-server: chat ctx=0..283:283 prefill chunk 138/283 (48.8%) chunk=18.76 t/s avg=18.69 t/s 7.384s
0824 04:22:14 ds4-server: chat ctx=0..283:283 prefill chunk 139/283 (49.1%) chunk=17.81 t/s avg=18.68 t/s 7.440s
0824 04:22:14 ds4-server: chat ctx=0..283:283 prefill chunk 140/283 (49.5%) chunk=18.39 t/s avg=18.68 t/s 7.495s
0824 04:22:14 ds4-server: chat ctx=0..283:283 prefill chunk 141/283 (49.8%) chunk=18.73 t/s avg=18.68 t/s 7.548s
0824 04:22:14 ds4-server: chat ctx=0..283:283 prefill chunk 142/283 (50.2%) chunk=18.64 t/s avg=18.68 t/s 7.602s
0824 04:22:14 ds4-server: chat ctx=0..283:283 prefill chunk 143/283 (50.5%) chunk=18.01 t/s avg=18.68 t/s 7.657s
0824 04:22:14 ds4-server: chat ctx=0..283:283 prefill chunk 144/283 (50.9%) chunk=18.09 t/s avg=18.67 t/s 7.712s
0824 04:22:14 ds4-server: chat ctx=0..283:283 prefill chunk 145/283 (51.2%) chunk=18.03 t/s avg=18.67 t/s 7.768s
0824 04:22:14 ds4-server: chat ctx=0..283:283 prefill chunk 146/283 (51.6%) chunk=17.96 t/s avg=18.66 t/s 7.824s
ds4: qwen35moe experts/token avg over 128 tokens: 0:14.2 1:14.3 2:14.2 3:15.5 4:14.7 5:14.6 6:14.6 7:15.2 8:15.3 9:14.3 10:14.4 11:13.7 12:15.1 13:14.5 14:15.1 15:15.3 16:15.0 17:14.5 18:14.9 19:14.8 20:15.7 21:14.4 22:15.0 23:14.6 24:15.2 25:14.5 26:15.3 27:15.3 28:15.5 29:16.1 30:15.6 31:15.9 32:16.4 33:16.8 34:16.8 35:18.0 36:18.7 37:18.7 38:18.8 39:18.5 | mean 15.5
0824 04:22:14 ds4-server: chat ctx=0..283:283 prefill chunk 147/283 (51.9%) chunk=18.88 t/s avg=18.66 t/s 7.877s
0824 04:22:14 ds4-server: chat ctx=0..283:283 prefill chunk 148/283 (52.3%) chunk=18.35 t/s avg=18.66 t/s 7.931s
0824 04:22:14 ds4-server: chat ctx=0..283:283 prefill chunk 149/283 (52.7%) chunk=17.89 t/s avg=18.66 t/s 7.987s
0824 04:22:14 ds4-server: chat ctx=0..283:283 prefill chunk 150/283 (53.0%) chunk=18.44 t/s avg=18.65 t/s 8.041s
0824 04:22:14 ds4-server: chat ctx=0..283:283 prefill chunk 151/283 (53.4%) chunk=17.31 t/s avg=18.64 t/s 8.099s
0824 04:22:14 ds4-server: chat ctx=0..283:283 prefill chunk 152/283 (53.7%) chunk=18.22 t/s avg=18.64 t/s 8.154s
0824 04:22:14 ds4-server: chat ctx=0..283:283 prefill chunk 153/283 (54.1%) chunk=18.39 t/s avg=18.64 t/s 8.208s
0824 04:22:15 ds4-server: chat ctx=0..283:283 prefill chunk 154/283 (54.4%) chunk=18.12 t/s avg=18.64 t/s 8.263s
0824 04:22:15 ds4-server: chat ctx=0..283:283 prefill chunk 155/283 (54.8%) chunk=18.41 t/s avg=18.63 t/s 8.318s
0824 04:22:15 ds4-server: chat ctx=0..283:283 prefill chunk 156/283 (55.1%) chunk=17.38 t/s avg=18.63 t/s 8.375s
0824 04:22:15 ds4-server: chat ctx=0..283:283 prefill chunk 157/283 (55.5%) chunk=18.47 t/s avg=18.63 t/s 8.429s
0824 04:22:15 ds4-server: chat ctx=0..283:283 prefill chunk 158/283 (55.8%) chunk=19.24 t/s avg=18.63 t/s 8.481s
0824 04:22:15 ds4-server: chat ctx=0..283:283 prefill chunk 159/283 (56.2%) chunk=17.77 t/s avg=18.62 t/s 8.538s
0824 04:22:15 ds4-server: chat ctx=0..283:283 prefill chunk 160/283 (56.5%) chunk=17.65 t/s avg=18.62 t/s 8.594s
0824 04:22:15 ds4-server: chat ctx=0..283:283 prefill chunk 161/283 (56.9%) chunk=18.60 t/s avg=18.62 t/s 8.648s
0824 04:22:15 ds4-server: chat ctx=0..283:283 prefill chunk 162/283 (57.2%) chunk=18.49 t/s avg=18.62 t/s 8.702s
0824 04:22:15 ds4-server: chat ctx=0..283:283 prefill chunk 163/283 (57.6%) chunk=17.68 t/s avg=18.61 t/s 8.759s
0824 04:22:15 ds4-server: chat ctx=0..283:283 prefill chunk 164/283 (58.0%) chunk=18.45 t/s avg=18.61 t/s 8.813s
0824 04:22:15 ds4-server: chat ctx=0..283:283 prefill chunk 165/283 (58.3%) chunk=17.72 t/s avg=18.60 t/s 8.869s
0824 04:22:15 ds4-server: chat ctx=0..283:283 prefill chunk 166/283 (58.7%) chunk=18.76 t/s avg=18.60 t/s 8.923s
0824 04:22:15 ds4-server: chat ctx=0..283:283 prefill chunk 167/283 (59.0%) chunk=17.83 t/s avg=18.60 t/s 8.979s
0824 04:22:15 ds4-server: chat ctx=0..283:283 prefill chunk 168/283 (59.4%) chunk=17.36 t/s avg=18.59 t/s 9.036s
0824 04:22:15 ds4-server: chat ctx=0..283:283 prefill chunk 169/283 (59.7%) chunk=17.49 t/s avg=18.58 t/s 9.094s
0824 04:22:15 ds4-server: chat ctx=0..283:283 prefill chunk 170/283 (60.1%) chunk=18.15 t/s avg=18.58 t/s 9.149s
0824 04:22:15 ds4-server: chat ctx=0..283:283 prefill chunk 171/283 (60.4%) chunk=18.76 t/s avg=18.58 t/s 9.202s
0824 04:22:16 ds4-server: chat ctx=0..283:283 prefill chunk 172/283 (60.8%) chunk=18.45 t/s avg=18.58 t/s 9.256s
0824 04:22:16 ds4-server: chat ctx=0..283:283 prefill chunk 173/283 (61.1%) chunk=18.68 t/s avg=18.58 t/s 9.310s
0824 04:22:16 ds4-server: chat ctx=0..283:283 prefill chunk 174/283 (61.5%) chunk=17.56 t/s avg=18.58 t/s 9.367s
0824 04:22:16 ds4-server: chat ctx=0..283:283 prefill chunk 175/283 (61.8%) chunk=18.28 t/s avg=18.57 t/s 9.421s
0824 04:22:16 ds4-server: chat ctx=0..283:283 prefill chunk 176/283 (62.2%) chunk=18.93 t/s avg=18.58 t/s 9.474s
0824 04:22:16 ds4-server: chat ctx=0..283:283 prefill chunk 177/283 (62.5%) chunk=17.45 t/s avg=18.57 t/s 9.531s
0824 04:22:16 ds4-server: chat ctx=0..283:283 prefill chunk 178/283 (62.9%) chunk=17.19 t/s avg=18.56 t/s 9.590s
0824 04:22:16 ds4-server: chat ctx=0..283:283 prefill chunk 179/283 (63.3%) chunk=18.84 t/s avg=18.56 t/s 9.643s
0824 04:22:16 ds4-server: chat ctx=0..283:283 prefill chunk 180/283 (63.6%) chunk=17.57 t/s avg=18.56 t/s 9.700s
0824 04:22:16 ds4-server: chat ctx=0..283:283 prefill chunk 181/283 (64.0%) chunk=18.60 t/s avg=18.56 t/s 9.753s
0824 04:22:16 ds4-server: chat ctx=0..283:283 prefill chunk 182/283 (64.3%) chunk=18.34 t/s avg=18.56 t/s 9.808s
0824 04:22:16 ds4-server: chat ctx=0..283:283 prefill chunk 183/283 (64.7%) chunk=17.99 t/s avg=18.55 t/s 9.864s
0824 04:22:16 ds4-server: chat ctx=0..283:283 prefill chunk 184/283 (65.0%) chunk=18.09 t/s avg=18.55 t/s 9.919s
0824 04:22:16 ds4-server: chat ctx=0..283:283 prefill chunk 185/283 (65.4%) chunk=18.33 t/s avg=18.55 t/s 9.973s
0824 04:22:16 ds4-server: chat ctx=0..283:283 prefill chunk 186/283 (65.7%) chunk=18.17 t/s avg=18.55 t/s 10.028s
0824 04:22:16 ds4-server: chat ctx=0..283:283 prefill chunk 187/283 (66.1%) chunk=18.79 t/s avg=18.55 t/s 10.082s
0824 04:22:16 ds4-server: chat ctx=0..283:283 prefill chunk 188/283 (66.4%) chunk=17.64 t/s avg=18.54 t/s 10.138s
0824 04:22:16 ds4-server: chat ctx=0..283:283 prefill chunk 189/283 (66.8%) chunk=18.04 t/s avg=18.54 t/s 10.194s
0824 04:22:17 ds4-server: chat ctx=0..283:283 prefill chunk 190/283 (67.1%) chunk=17.71 t/s avg=18.54 t/s 10.250s
0824 04:22:17 ds4-server: chat ctx=0..283:283 prefill chunk 191/283 (67.5%) chunk=18.01 t/s avg=18.53 t/s 10.306s
0824 04:22:17 ds4-server: chat ctx=0..283:283 prefill chunk 192/283 (67.8%) chunk=17.79 t/s avg=18.53 t/s 10.362s
0824 04:22:17 ds4-server: chat ctx=0..283:283 prefill chunk 193/283 (68.2%) chunk=18.81 t/s avg=18.53 t/s 10.415s
0824 04:22:17 ds4-server: chat ctx=0..283:283 prefill chunk 194/283 (68.6%) chunk=18.30 t/s avg=18.53 t/s 10.470s
0824 04:22:17 ds4-server: chat ctx=0..283:283 prefill chunk 195/283 (68.9%) chunk=18.49 t/s avg=18.53 t/s 10.524s
0824 04:22:17 ds4-server: chat ctx=0..283:283 prefill chunk 196/283 (69.3%) chunk=17.90 t/s avg=18.53 t/s 10.580s
0824 04:22:17 ds4-server: chat ctx=0..283:283 prefill chunk 197/283 (69.6%) chunk=17.27 t/s avg=18.52 t/s 10.638s
0824 04:22:17 ds4-server: chat ctx=0..283:283 prefill chunk 198/283 (70.0%) chunk=17.64 t/s avg=18.51 t/s 10.694s
0824 04:22:17 ds4-server: chat ctx=0..283:283 prefill chunk 199/283 (70.3%) chunk=18.57 t/s avg=18.51 t/s 10.748s
0824 04:22:17 ds4-server: chat ctx=0..283:283 prefill chunk 200/283 (70.7%) chunk=17.72 t/s avg=18.51 t/s 10.805s
0824 04:22:17 ds4-server: chat ctx=0..283:283 prefill chunk 201/283 (71.0%) chunk=18.58 t/s avg=18.51 t/s 10.858s
0824 04:22:17 ds4-server: chat ctx=0..283:283 prefill chunk 202/283 (71.4%) chunk=18.68 t/s avg=18.51 t/s 10.912s
0824 04:22:17 ds4-server: chat ctx=0..283:283 prefill chunk 203/283 (71.7%) chunk=17.23 t/s avg=18.51 t/s 10.970s
0824 04:22:17 ds4-server: chat ctx=0..283:283 prefill chunk 204/283 (72.1%) chunk=17.28 t/s avg=18.50 t/s 11.028s
0824 04:22:17 ds4-server: chat ctx=0..283:283 prefill chunk 205/283 (72.4%) chunk=18.11 t/s avg=18.50 t/s 11.083s
0824 04:22:17 ds4-server: chat ctx=0..283:283 prefill chunk 206/283 (72.8%) chunk=17.73 t/s avg=18.49 t/s 11.139s
0824 04:22:17 ds4-server: chat ctx=0..283:283 prefill chunk 207/283 (73.1%) chunk=17.64 t/s avg=18.49 t/s 11.196s
0824 04:22:18 ds4-server: chat ctx=0..283:283 prefill chunk 208/283 (73.5%) chunk=18.35 t/s avg=18.49 t/s 11.251s
0824 04:22:18 ds4-server: chat ctx=0..283:283 prefill chunk 209/283 (73.9%) chunk=17.37 t/s avg=18.48 t/s 11.308s
0824 04:22:18 ds4-server: chat ctx=0..283:283 prefill chunk 210/283 (74.2%) chunk=16.95 t/s avg=18.47 t/s 11.367s
0824 04:22:18 ds4-server: chat ctx=0..283:283 prefill chunk 211/283 (74.6%) chunk=17.82 t/s avg=18.47 t/s 11.423s
0824 04:22:18 ds4-server: chat ctx=0..283:283 prefill chunk 212/283 (74.9%) chunk=18.48 t/s avg=18.47 t/s 11.477s
0824 04:22:18 ds4-server: chat ctx=0..283:283 prefill chunk 213/283 (75.3%) chunk=17.61 t/s avg=18.47 t/s 11.534s
0824 04:22:18 ds4-server: chat ctx=0..283:283 prefill chunk 214/283 (75.6%) chunk=16.82 t/s avg=18.46 t/s 11.594s
0824 04:22:18 ds4-server: chat ctx=0..283:283 prefill chunk 215/283 (76.0%) chunk=18.17 t/s avg=18.46 t/s 11.649s
0824 04:22:18 ds4-server: chat ctx=0..283:283 prefill chunk 216/283 (76.3%) chunk=17.46 t/s avg=18.45 t/s 11.706s
0824 04:22:18 ds4-server: chat ctx=0..283:283 prefill chunk 217/283 (76.7%) chunk=17.37 t/s avg=18.45 t/s 11.764s
0824 04:22:18 ds4-server: chat ctx=0..283:283 prefill chunk 218/283 (77.0%) chunk=18.07 t/s avg=18.45 t/s 11.819s
0824 04:22:18 ds4-server: chat ctx=0..283:283 prefill chunk 219/283 (77.4%) chunk=17.71 t/s avg=18.44 t/s 11.875s
0824 04:22:18 ds4-server: chat ctx=0..283:283 prefill chunk 220/283 (77.7%) chunk=16.81 t/s avg=18.43 t/s 11.935s
0824 04:22:18 ds4-server: chat ctx=0..283:283 prefill chunk 221/283 (78.1%) chunk=17.03 t/s avg=18.43 t/s 11.994s
0824 04:22:18 ds4-server: chat ctx=0..283:283 prefill chunk 222/283 (78.4%) chunk=17.89 t/s avg=18.42 t/s 12.049s
0824 04:22:18 ds4-server: chat ctx=0..283:283 prefill chunk 223/283 (78.8%) chunk=17.74 t/s avg=18.42 t/s 12.106s
0824 04:22:18 ds4-server: chat ctx=0..283:283 prefill chunk 224/283 (79.2%) chunk=17.93 t/s avg=18.42 t/s 12.162s
0824 04:22:19 ds4-server: chat ctx=0..283:283 prefill chunk 225/283 (79.5%) chunk=18.56 t/s avg=18.42 t/s 12.215s
0824 04:22:19 ds4-server: chat ctx=0..283:283 prefill chunk 226/283 (79.9%) chunk=17.19 t/s avg=18.41 t/s 12.274s
0824 04:22:19 ds4-server: chat ctx=0..283:283 prefill chunk 227/283 (80.2%) chunk=16.89 t/s avg=18.41 t/s 12.333s
0824 04:22:19 ds4-server: chat ctx=0..283:283 prefill chunk 228/283 (80.6%) chunk=17.82 t/s avg=18.40 t/s 12.389s
0824 04:22:19 ds4-server: chat ctx=0..283:283 prefill chunk 229/283 (80.9%) chunk=18.74 t/s avg=18.40 t/s 12.442s
0824 04:22:19 ds4-server: chat ctx=0..283:283 prefill chunk 230/283 (81.3%) chunk=17.62 t/s avg=18.40 t/s 12.499s
0824 04:22:19 ds4-server: chat ctx=0..283:283 prefill chunk 231/283 (81.6%) chunk=18.35 t/s avg=18.40 t/s 12.554s
0824 04:22:19 ds4-server: chat ctx=0..283:283 prefill chunk 232/283 (82.0%) chunk=17.73 t/s avg=18.40 t/s 12.610s
0824 04:22:19 ds4-server: chat ctx=0..283:283 prefill chunk 233/283 (82.3%) chunk=18.17 t/s avg=18.40 t/s 12.665s
0824 04:22:19 ds4-server: chat ctx=0..283:283 prefill chunk 234/283 (82.7%) chunk=18.71 t/s avg=18.40 t/s 12.718s
0824 04:22:19 ds4-server: chat ctx=0..283:283 prefill chunk 235/283 (83.0%) chunk=18.11 t/s avg=18.40 t/s 12.774s
0824 04:22:19 ds4-server: chat ctx=0..283:283 prefill chunk 236/283 (83.4%) chunk=17.81 t/s avg=18.39 t/s 12.830s
0824 04:22:19 ds4-server: chat ctx=0..283:283 prefill chunk 237/283 (83.7%) chunk=18.79 t/s avg=18.40 t/s 12.883s
0824 04:22:19 ds4-server: chat ctx=0..283:283 prefill chunk 238/283 (84.1%) chunk=17.64 t/s avg=18.39 t/s 12.940s
0824 04:22:19 ds4-server: chat ctx=0..283:283 prefill chunk 239/283 (84.5%) chunk=17.58 t/s avg=18.39 t/s 12.997s
0824 04:22:19 ds4-server: chat ctx=0..283:283 prefill chunk 240/283 (84.8%) chunk=18.55 t/s avg=18.39 t/s 13.051s
0824 04:22:19 ds4-server: chat ctx=0..283:283 prefill chunk 241/283 (85.2%) chunk=17.22 t/s avg=18.38 t/s 13.109s
0824 04:22:19 ds4-server: chat ctx=0..283:283 prefill chunk 242/283 (85.5%) chunk=18.37 t/s avg=18.38 t/s 13.163s
0824 04:22:20 ds4-server: chat ctx=0..283:283 prefill chunk 243/283 (85.9%) chunk=18.58 t/s avg=18.39 t/s 13.217s
0824 04:22:20 ds4-server: chat ctx=0..283:283 prefill chunk 244/283 (86.2%) chunk=18.02 t/s avg=18.38 t/s 13.272s
0824 04:22:20 ds4-server: chat ctx=0..283:283 prefill chunk 245/283 (86.6%) chunk=17.47 t/s avg=18.38 t/s 13.330s
0824 04:22:20 ds4-server: chat ctx=0..283:283 prefill chunk 246/283 (86.9%) chunk=18.59 t/s avg=18.38 t/s 13.383s
0824 04:22:20 ds4-server: chat ctx=0..283:283 prefill chunk 247/283 (87.3%) chunk=17.90 t/s avg=18.38 t/s 13.439s
0824 04:22:20 ds4-server: chat ctx=0..283:283 prefill chunk 248/283 (87.6%) chunk=17.21 t/s avg=18.37 t/s 13.497s
0824 04:22:20 ds4-server: chat ctx=0..283:283 prefill chunk 249/283 (88.0%) chunk=17.66 t/s avg=18.37 t/s 13.554s
0824 04:22:20 ds4-server: chat ctx=0..283:283 prefill chunk 250/283 (88.3%) chunk=18.34 t/s avg=18.37 t/s 13.609s
0824 04:22:20 ds4-server: chat ctx=0..283:283 prefill chunk 251/283 (88.7%) chunk=17.15 t/s avg=18.37 t/s 13.667s
0824 04:22:20 ds4-server: chat ctx=0..283:283 prefill chunk 252/283 (89.0%) chunk=17.96 t/s avg=18.36 t/s 13.723s
0824 04:22:20 ds4-server: chat ctx=0..283:283 prefill chunk 253/283 (89.4%) chunk=18.06 t/s avg=18.36 t/s 13.778s
0824 04:22:20 ds4-server: chat ctx=0..283:283 prefill chunk 254/283 (89.8%) chunk=17.69 t/s avg=18.36 t/s 13.834s
0824 04:22:20 ds4-server: chat ctx=0..283:283 prefill chunk 255/283 (90.1%) chunk=18.12 t/s avg=18.36 t/s 13.890s
0824 04:22:20 ds4-server: chat ctx=0..283:283 prefill chunk 256/283 (90.5%) chunk=17.39 t/s avg=18.36 t/s 13.947s
0824 04:22:20 ds4-server: chat ctx=0..283:283 prefill chunk 257/283 (90.8%) chunk=18.43 t/s avg=18.36 t/s 14.001s
0824 04:22:20 ds4-server: chat ctx=0..283:283 prefill chunk 258/283 (91.2%) chunk=17.98 t/s avg=18.35 t/s 14.057s
0824 04:22:20 ds4-server: chat ctx=0..283:283 prefill chunk 259/283 (91.5%) chunk=17.84 t/s avg=18.35 t/s 14.113s
0824 04:22:20 ds4-server: chat ctx=0..283:283 prefill chunk 260/283 (91.9%) chunk=17.70 t/s avg=18.35 t/s 14.170s
0824 04:22:21 ds4-server: chat ctx=0..283:283 prefill chunk 261/283 (92.2%) chunk=17.36 t/s avg=18.35 t/s 14.227s
0824 04:22:21 ds4-server: chat ctx=0..283:283 prefill chunk 262/283 (92.6%) chunk=18.10 t/s avg=18.34 t/s 14.282s
0824 04:22:21 ds4-server: chat ctx=0..283:283 prefill chunk 263/283 (92.9%) chunk=17.87 t/s avg=18.34 t/s 14.338s
0824 04:22:21 ds4-server: chat ctx=0..283:283 prefill chunk 264/283 (93.3%) chunk=18.04 t/s avg=18.34 t/s 14.394s
0824 04:22:21 ds4-server: chat ctx=0..283:283 prefill chunk 265/283 (93.6%) chunk=18.10 t/s avg=18.34 t/s 14.449s
0824 04:22:21 ds4-server: chat ctx=0..283:283 prefill chunk 266/283 (94.0%) chunk=18.13 t/s avg=18.34 t/s 14.504s
0824 04:22:21 ds4-server: chat ctx=0..283:283 prefill chunk 267/283 (94.3%) chunk=18.26 t/s avg=18.34 t/s 14.559s
0824 04:22:21 ds4-server: chat ctx=0..283:283 prefill chunk 268/283 (94.7%) chunk=18.69 t/s avg=18.34 t/s 14.612s
0824 04:22:21 ds4-server: chat ctx=0..283:283 prefill chunk 269/283 (95.1%) chunk=17.35 t/s avg=18.34 t/s 14.670s
0824 04:22:21 ds4-server: chat ctx=0..283:283 prefill chunk 270/283 (95.4%) chunk=17.81 t/s avg=18.33 t/s 14.726s
0824 04:22:21 ds4-server: chat ctx=0..283:283 prefill chunk 271/283 (95.8%) chunk=18.75 t/s avg=18.34 t/s 14.780s
0824 04:22:21 ds4-server: chat ctx=0..283:283 prefill chunk 272/283 (96.1%) chunk=17.20 t/s avg=18.33 t/s 14.838s
0824 04:22:21 ds4-server: chat ctx=0..283:283 prefill chunk 273/283 (96.5%) chunk=18.16 t/s avg=18.33 t/s 14.893s
0824 04:22:21 ds4-server: chat ctx=0..283:283 prefill chunk 274/283 (96.8%) chunk=17.90 t/s avg=18.33 t/s 14.949s
ds4: qwen35moe experts/token avg over 128 tokens: 0:14.5 1:15.0 2:15.3 3:16.4 4:15.6 5:15.3 6:15.7 7:15.8 8:16.2 9:15.8 10:16.0 11:15.6 12:15.7 13:15.3 14:16.0 15:16.4 16:16.5 17:15.1 18:16.4 19:16.2 20:16.5 21:14.9 22:15.9 23:16.0 24:16.2 25:15.5 26:16.3 27:16.7 28:16.5 29:16.5 30:16.9 31:17.5 32:17.2 33:18.2 34:17.8 35:18.9 36:19.1 37:19.0 38:18.9 39:18.9 | mean 16.5
0824 04:22:21 ds4-server: chat ctx=0..283:283 prefill chunk 275/283 (97.2%) chunk=17.34 t/s avg=18.33 t/s 15.006s
0824 04:22:21 ds4-server: chat ctx=0..283:283 prefill chunk 276/283 (97.5%) chunk=18.00 t/s avg=18.32 t/s 15.062s
0824 04:22:21 ds4-server: chat ctx=0..283:283 prefill chunk 277/283 (97.9%) chunk=19.52 t/s avg=18.33 t/s 15.113s
0824 04:22:21 ds4-server: chat ctx=0..283:283 prefill chunk 278/283 (98.2%) chunk=17.44 t/s avg=18.33 t/s 15.170s
0824 04:22:22 ds4-server: chat ctx=0..283:283 prefill chunk 279/283 (98.6%) chunk=18.07 t/s avg=18.32 t/s 15.226s
0824 04:22:22 ds4-server: chat ctx=0..283:283 prefill chunk 280/283 (98.9%) chunk=19.53 t/s avg=18.33 t/s 15.277s
0824 04:22:22 ds4-server: chat ctx=0..283:283 prefill chunk 281/283 (99.3%) chunk=17.49 t/s avg=18.33 t/s 15.334s
0824 04:22:22 ds4-server: chat ctx=0..283:283 prefill chunk 282/283 (99.6%) chunk=19.67 t/s avg=18.33 t/s 15.385s
0824 04:22:22 ds4-server: chat ctx=0..283:283 prefill chunk 283/283 (100.0%) chunk=18.93 t/s avg=18.33 t/s 15.438s
0824 04:22:22 ds4-server: chat ctx=0..283:283 prompt done 15.438s
0824 04:22:24 ds4-server: chat ctx=283..333:50 gen=50 THINKING decoding chunk=18.20 t/s avg=18.20 t/s 2.747s
0824 04:22:27 ds4-server: chat ctx=333..383:50 gen=100 THINKING decoding chunk=17.78 t/s avg=17.99 t/s 5.559s
ds4: qwen35moe experts/token avg over 128 tokens: 0:14.2 1:14.5 2:14.9 3:14.9 4:15.8 5:15.3 6:15.5 7:15.5 8:15.7 9:15.8 10:15.1 11:14.8 12:15.7 13:14.4 14:15.6 15:15.9 16:16.2 17:14.8 18:15.2 19:15.0 20:16.2 21:14.9 22:15.1 23:14.2 24:15.3 25:14.2 26:15.2 27:15.7 28:15.4 29:15.6 30:16.0 31:16.4 32:16.5 33:16.6 34:16.5 35:17.8 36:18.3 37:18.0 38:18.7 39:18.9 | mean 15.8
0824 04:22:30 ds4-server: chat ctx=383..433:50 gen=150 THINKING decoding chunk=17.68 t/s avg=17.89 t/s 8.386s
0824 04:22:33 ds4-server: chat ctx=433..483:50 gen=200 THINKING decoding chunk=17.69 t/s avg=17.84 t/s 11.213s
ds4: qwen35moe experts/token avg over 128 tokens: 0:14.9 1:15.8 2:15.7 3:16.3 4:16.2 5:15.8 6:16.2 7:16.8 8:16.4 9:16.1 10:15.9 11:15.9 12:15.9 13:15.0 14:16.1 15:16.1 16:16.6 17:15.2 18:15.2 19:15.3 20:15.8 21:14.3 22:14.7 23:15.1 24:14.7 25:14.9 26:14.7 27:15.3 28:15.1 29:14.8 30:15.7 31:16.3 32:16.1 33:15.9 34:16.4 35:16.7 36:17.0 37:17.0 38:17.5 39:16.6 | mean 15.8
0824 04:22:36 ds4-server: chat ctx=483..533:50 gen=250 THINKING decoding chunk=17.66 t/s avg=17.80 t/s 14.045s
0824 04:22:39 ds4-server: chat ctx=533..583:50 gen=300 THINKING decoding chunk=17.31 t/s avg=17.72 t/s 16.933s
0824 04:22:42 ds4-server: chat ctx=583..633:50 gen=350 THINKING decoding chunk=17.05 t/s avg=17.62 t/s 19.866s
ds4: qwen35moe experts/token avg over 128 tokens: 0:14.8 1:15.8 2:15.4 3:17.0 4:16.5 5:16.3 6:16.6 7:16.9 8:16.7 9:16.9 10:16.2 11:15.5 12:16.5 13:15.9 14:17.2 15:16.8 16:17.0 17:15.8 18:16.2 19:16.6 20:17.0 21:16.7 22:15.8 23:15.9 24:15.8 25:16.3 26:16.1 27:16.2 28:16.4 29:16.4 30:16.7 31:17.1 32:16.8 33:17.1 34:16.8 35:18.2 36:18.1 37:18.3 38:18.9 39:18.4 | mean 16.6
0824 04:22:45 ds4-server: chat ctx=633..683:50 gen=400 THINKING decoding chunk=16.96 t/s avg=17.53 t/s 22.814s
0824 04:22:48 ds4-server: chat ctx=683..733:50 gen=450 THINKING decoding chunk=16.74 t/s avg=17.44 t/s 25.801s
0824 04:22:50 ds4-server: chat ctx=733..783:50 gen=500 THINKING decoding chunk=16.94 t/s avg=17.39 t/s 28.752s
ds4: qwen35moe experts/token avg over 128 tokens: 0:15.4 1:15.4 2:15.3 3:17.1 4:16.7 5:16.8 6:16.3 7:17.4 8:17.0 9:17.3 10:15.8 11:15.7 12:16.1 13:16.1 14:16.8 15:17.3 16:16.8 17:16.7 18:16.3 19:17.2 20:17.5 21:17.7 22:15.5 23:16.0 24:15.9 25:16.2 26:17.2 27:17.2 28:16.8 29:17.5 30:17.2 31:18.1 32:17.2 33:17.0 34:17.2 35:18.3 36:17.9 37:18.2 38:19.0 39:18.1 | mean 16.9
0824 04:22:53 ds4-server: chat ctx=783..833:50 gen=550 THINKING decoding chunk=16.78 t/s avg=17.33 t/s 31.732s
0824 04:22:56 ds4-server: chat ctx=833..883:50 gen=600 THINKING decoding chunk=16.63 t/s avg=17.27 t/s 34.740s
ds4: qwen35moe experts/token avg over 128 tokens: 0:15.3 1:16.0 2:15.9 3:17.1 4:17.0 5:16.5 6:17.4 7:17.2 8:17.0 9:16.6 10:16.3 11:16.7 12:16.4 13:16.0 14:17.1 15:17.1 16:17.1 17:16.3 18:16.9 19:17.1 20:17.7 21:16.6 22:15.9 23:16.5 24:16.2 25:16.3 26:16.6 27:16.7 28:16.2 29:17.1 30:16.8 31:17.4 32:17.7 33:17.2 34:17.5 35:18.6 36:18.8 37:19.0 38:19.2 39:18.7 | mean 17.0
0824 04:23:00 ds4-server: chat ctx=883..933:50 gen=650 THINKING decoding chunk=16.32 t/s avg=17.19 t/s 37.803s
0824 04:23:03 ds4-server: chat ctx=933..983:50 gen=700 THINKING decoding chunk=16.42 t/s avg=17.14 t/s 40.847s
0824 04:23:06 ds4-server: chat ctx=983..1033:50 gen=750 THINKING decoding chunk=16.51 t/s avg=17.09 t/s 43.876s
ds4: qwen35moe experts/token avg over 128 tokens: 0:15.6 1:16.0 2:15.3 3:17.9 4:17.0 5:16.7 6:16.9 7:16.8 8:17.0 9:17.1 10:16.1 11:16.4 12:16.3 13:16.6 14:17.1 15:17.4 16:17.1 17:16.7 18:16.7 19:16.7 20:17.4 21:17.2 22:16.3 23:16.4 24:16.3 25:16.2 26:16.5 27:17.1 28:16.8 29:17.3 30:17.2 31:17.6 32:17.2 33:17.5 34:17.8 35:18.4 36:18.8 37:18.7 38:19.3 39:18.9 | mean 17.1
0824 04:23:09 ds4-server: chat ctx=1033..1083:50 gen=800 THINKING decoding chunk=16.24 t/s avg=17.04 t/s 46.955s
0824 04:23:12 ds4-server: chat ctx=1083..1133:50 gen=850 THINKING decoding chunk=16.35 t/s avg=17.00 t/s 50.014s
ds4: qwen35moe experts/token avg over 128 tokens: 0:15.1 1:16.2 2:15.8 3:16.9 4:16.9 5:16.9 6:17.4 7:17.6 8:17.6 9:17.0 10:16.6 11:16.1 12:16.8 13:16.9 14:17.5 15:17.5 16:17.4 17:17.0 18:16.9 19:17.1 20:18.1 21:17.2 22:16.3 23:16.1 24:16.4 25:16.5 26:17.2 27:17.3 28:16.5 29:17.2 30:17.0 31:17.2 32:17.4 33:16.9 34:17.0 35:17.9 36:18.2 37:18.3 38:18.9 39:17.9 | mean 17.1
0824 04:23:15 ds4-server: chat ctx=1133..1183:50 gen=900 THINKING decoding chunk=16.06 t/s avg=16.94 t/s 53.128s
0824 04:23:18 ds4-server: chat ctx=1183..1233:50 gen=950 THINKING decoding chunk=15.85 t/s avg=16.88 t/s 56.283s
0824 04:23:21 ds4-server: chat ctx=1233..1283:50 gen=1000 THINKING decoding chunk=15.94 t/s avg=16.83 t/s 59.419s
ds4: qwen35moe experts/token avg over 128 tokens: 0:15.4 1:16.1 2:15.5 3:17.3 4:17.1 5:17.0 6:17.0 7:17.4 8:17.9 9:17.5 10:16.3 11:15.8 12:16.8 13:16.5 14:17.4 15:17.2 16:17.1 17:17.1 18:16.8 19:17.2 20:17.4 21:17.8 22:16.3 23:16.0 24:16.6 25:16.4 26:17.5 27:17.3 28:16.9 29:17.1 30:16.9 31:17.7 32:17.3 33:17.0 34:16.8 35:18.1 36:17.8 37:18.0 38:19.0 39:18.4 | mean 17.1
0824 04:23:24 ds4-server: chat ctx=1283..1333:50 gen=1050 THINKING decoding chunk=15.98 t/s avg=16.79 t/s 62.548s
0824 04:23:27 ds4-server: chat ctx=1333..1383:50 gen=1100 THINKING decoding chunk=15.59 t/s avg=16.73 t/s 65.755s
ds4: qwen35moe experts/token avg over 128 tokens: 0:16.0 1:16.8 2:16.1 3:18.0 4:17.5 5:17.6 6:17.6 7:17.5 8:17.4 9:16.7 10:16.2 11:16.3 12:17.1 13:17.1 14:17.2 15:18.0 16:17.6 17:17.1 18:17.4 19:17.2 20:18.6 21:17.7 22:17.2 23:16.9 24:17.5 25:17.4 26:17.7 27:18.4 28:17.4 29:17.8 30:17.5 31:18.0 32:17.6 33:17.4 34:18.3 35:18.9 36:19.0 37:19.0 38:19.3 39:18.7 | mean 17.6
0824 04:23:31 ds4-server: chat ctx=1383..1433:50 gen=1150 THINKING decoding chunk=15.58 t/s avg=16.68 t/s 68.964s
0824 04:23:34 ds4-server: chat ctx=1433..1483:50 gen=1200 THINKING decoding chunk=15.41 t/s avg=16.62 t/s 72.209s
0824 04:23:37 ds4-server: chat ctx=1483..1533:50 gen=1250 THINKING decoding chunk=15.85 t/s avg=16.59 t/s 75.365s
ds4: qwen35moe experts/token avg over 128 tokens: 0:15.3 1:15.7 2:15.0 3:17.5 4:16.9 5:16.9 6:17.0 7:17.4 8:17.7 9:17.4 10:16.4 11:15.9 12:16.7 13:17.0 14:17.6 15:17.2 16:17.1 17:17.1 18:17.0 19:17.3 20:17.3 21:18.0 22:16.0 23:16.6 24:16.2 25:16.0 26:17.1 27:17.0 28:16.7 29:17.2 30:17.1 31:18.2 32:17.5 33:17.3 34:17.0 35:18.5 36:18.1 37:18.1 38:19.1 39:18.3 | mean 17.1
0824 04:23:40 ds4-server: chat ctx=1533..1583:50 gen=1300 THINKING decoding chunk=15.59 t/s avg=16.55 t/s 78.572s
0824 04:23:44 ds4-server: chat ctx=1583..1633:50 gen=1350 THINKING decoding chunk=15.54 t/s avg=16.51 t/s 81.789s
ds4: qwen35moe experts/token avg over 128 tokens: 0:14.9 1:15.8 2:16.1 3:17.3 4:17.0 5:17.1 6:17.5 7:17.8 8:17.2 9:17.1 10:16.5 11:16.4 12:16.4 13:16.6 14:17.1 15:17.5 16:17.0 17:16.9 18:16.8 19:16.4 20:17.4 21:16.8 22:16.6 23:16.3 24:16.2 25:16.0 26:16.6 27:16.9 28:16.5 29:17.2 30:16.9 31:17.4 32:17.4 33:18.0 34:17.5 35:18.5 36:18.9 37:18.5 38:19.0 39:18.7 | mean 17.1
0824 04:23:47 ds4-server: chat ctx=1633..1683:50 gen=1400 THINKING decoding chunk=15.25 t/s avg=16.46 t/s 85.067s
0824 04:23:50 ds4-server: chat ctx=1683..1733:50 gen=1450 THINKING decoding chunk=15.11 t/s avg=16.41 t/s 88.376s
0824 04:23:53 ds4-server: chat ctx=1733..1783:50 gen=1500 THINKING decoding chunk=15.06 t/s avg=16.36 t/s 91.696s
ds4: qwen35moe experts/token avg over 128 tokens: 0:15.4 1:16.2 2:15.7 3:17.5 4:17.7 5:17.5 6:17.7 7:17.6 8:18.2 9:17.4 10:16.5 11:16.3 12:17.0 13:17.4 14:17.7 15:17.9 16:17.5 17:17.2 18:17.2 19:17.9 20:18.2 21:18.1 22:17.3 23:16.6 24:16.9 25:17.2 26:17.7 27:17.3 28:17.2 29:17.5 30:17.4 31:17.9 32:17.3 33:17.4 34:17.1 35:18.4 36:18.7 37:18.5 38:19.2 39:18.5 | mean 17.5
0824 04:23:57 ds4-server: chat ctx=1783..1833:50 gen=1550 THINKING decoding chunk=15.28 t/s avg=16.32 t/s 94.969s
0824 04:24:00 ds4-server: chat ctx=1833..1883:50 gen=1600 THINKING decoding chunk=14.92 t/s avg=16.27 t/s 98.321s
0824 04:24:03 ds4-server: chat ctx=1883..1933:50 gen=1650 THINKING decoding chunk=14.96 t/s avg=16.23 t/s 101.663s
ds4: qwen35moe experts/token avg over 128 tokens: 0:15.3 1:15.7 2:16.0 3:17.6 4:17.4 5:17.3 6:17.5 7:18.0 8:17.8 9:17.7 10:16.9 11:16.5 12:17.2 13:17.4 14:17.8 15:18.0 16:17.8 17:17.2 18:17.6 19:17.7 20:18.2 21:17.9 22:16.9 23:16.9 24:17.1 25:17.1 26:17.4 27:17.6 28:17.8 29:17.8 30:18.0 31:18.2 32:18.4 33:18.5 34:18.8 35:19.1 36:19.2 37:19.3 38:19.6 39:19.1 | mean 17.7
0824 04:24:07 ds4-server: chat ctx=1933..1983:50 gen=1700 THINKING decoding chunk=15.14 t/s avg=16.20 t/s 104.965s
0824 04:24:10 ds4-server: chat ctx=1983..2033:50 gen=1750 THINKING decoding chunk=14.77 t/s avg=16.15 t/s 108.349s
ds4: qwen35moe experts/token avg over 128 tokens: 0:15.2 1:16.1 2:15.3 3:17.0 4:16.5 5:16.7 6:16.9 7:17.6 8:17.8 9:17.3 10:16.4 11:16.4 12:17.2 13:17.0 14:17.7 15:17.5 16:17.3 17:17.1 18:17.1 19:17.5 20:17.8 21:17.6 22:16.6 23:16.6 24:17.4 25:16.9 26:17.9 27:17.8 28:17.3 29:17.6 30:18.0 31:18.1 32:17.9 33:18.0 34:17.8 35:18.9 36:18.9 37:19.0 38:19.5 39:19.0 | mean 17.4
0824 04:24:14 ds4-server: chat ctx=2033..2083:50 gen=1800 THINKING decoding chunk=14.52 t/s avg=16.10 t/s 111.794s
0824 04:24:17 ds4-server: chat ctx=2083..2133:50 gen=1850 THINKING decoding chunk=14.58 t/s avg=16.06 t/s 115.224s
0824 04:24:20 ds4-server: chat ctx=2133..2183:50 gen=1900 THINKING decoding chunk=14.46 t/s avg=16.01 t/s 118.683s
ds4: qwen35moe experts/token avg over 128 tokens: 0:15.2 1:16.6 2:15.9 3:17.4 4:17.4 5:17.8 6:18.0 7:18.1 8:18.6 9:18.0 10:16.8 11:17.2 12:17.8 13:17.8 14:18.6 15:18.3 16:18.3 17:17.8 18:18.0 19:18.3 20:18.9 21:18.8 22:17.5 23:17.7 24:17.3 25:17.1 26:18.2 27:18.2 28:18.2 29:18.2 30:18.7 31:18.8 32:18.6 33:18.1 34:18.4 35:19.1 36:19.3 37:19.2 38:19.7 39:19.3 | mean 18.0
0824 04:24:24 ds4-server: chat ctx=2183..2233:50 gen=1950 THINKING decoding chunk=14.68 t/s avg=15.97 t/s 122.089s
0824 04:24:27 ds4-server: chat ctx=2233..2283:50 gen=2000 THINKING decoding chunk=14.54 t/s avg=15.93 t/s 125.528s
ds4: qwen35moe experts/token avg over 128 tokens: 0:15.2 1:16.0 2:15.2 3:17.8 4:17.3 5:17.4 6:17.1 7:17.7 8:18.2 9:18.0 10:16.6 11:16.3 12:17.4 13:17.3 14:17.8 15:17.5 16:17.3 17:17.3 18:16.9 19:17.5 20:17.8 21:17.9 22:16.7 23:16.2 24:16.2 25:16.3 26:17.2 27:17.3 28:16.6 29:17.0 30:16.5 31:17.6 32:17.3 33:16.8 34:16.9 35:18.2 36:17.6 37:18.1 38:19.4 39:18.2 | mean 17.2
0824 04:24:31 ds4-server: chat ctx=2283..2333:50 gen=2050 THINKING decoding chunk=14.57 t/s avg=15.90 t/s 128.960s
0824 04:24:34 ds4-server: chat ctx=2333..2383:50 gen=2100 THINKING decoding chunk=14.30 t/s avg=15.85 t/s 132.457s
0824 04:24:38 ds4-server: chat ctx=2383..2433:50 gen=2150 THINKING decoding chunk=14.22 t/s avg=15.81 t/s 135.973s
ds4: qwen35moe experts/token avg over 128 tokens: 0:15.0 1:16.1 2:16.3 3:17.1 4:17.7 5:17.5 6:17.4 7:17.8 8:18.0 9:17.5 10:16.2 11:16.4 12:17.3 13:17.1 14:18.0 15:17.6 16:17.8 17:17.3 18:17.0 19:18.0 20:18.7 21:17.8 22:16.7 23:16.5 24:17.0 25:17.1 26:17.7 27:17.4 28:17.4 29:17.6 30:17.6 31:18.0 32:17.5 33:17.7 34:18.1 35:18.5 36:18.5 37:18.6 38:19.2 39:18.5 | mean 17.5
0824 04:24:41 ds4-server: chat ctx=2433..2483:50 gen=2200 THINKING decoding chunk=14.21 t/s avg=15.77 t/s 139.493s
0824 04:24:45 ds4-server: chat ctx=2483..2533:50 gen=2250 THINKING decoding chunk=14.11 t/s avg=15.73 t/s 143.036s
ds4: qwen35moe experts/token avg over 128 tokens: 0:15.7 1:16.6 2:15.4 3:17.7 4:17.3 5:17.6 6:17.6 7:18.1 8:18.1 9:17.5 10:16.5 11:16.4 12:17.3 13:17.0 14:17.4 15:17.6 16:17.5 17:17.3 18:17.2 19:18.0 20:17.9 21:18.2 22:16.4 23:16.5 24:16.9 25:17.0 26:17.5 27:17.3 28:17.1 29:17.7 30:17.2 31:18.1 32:17.7 33:17.1 34:17.4 35:18.9 36:18.0 37:18.4 38:19.5 39:18.3 | mean 17.4
0824 04:24:48 ds4-server: chat ctx=2533..2583:50 gen=2300 THINKING decoding chunk=14.52 t/s avg=15.70 t/s 146.480s
0824 04:24:52 ds4-server: chat ctx=2583..2633:50 gen=2350 THINKING decoding chunk=14.26 t/s avg=15.67 t/s 149.986s
0824 04:24:55 ds4-server: chat ctx=2633..2683:50 gen=2400 THINKING decoding chunk=13.86 t/s avg=15.63 t/s 153.593s
ds4: qwen35moe experts/token avg over 128 tokens: 0:15.0 1:16.0 2:15.9 3:17.4 4:17.3 5:17.6 6:17.6 7:17.9 8:17.7 9:17.1 10:16.1 11:16.2 12:16.9 13:17.0 14:17.4 15:17.7 16:17.6 17:17.0 18:17.2 19:17.5 20:18.1 21:17.7 22:17.0 23:17.1 24:17.3 25:17.0 26:17.4 27:17.4 28:17.2 29:17.4 30:17.3 31:17.9 32:17.4 33:17.5 34:17.5 35:18.7 36:18.4 37:18.7 38:19.5 39:18.6 | mean 17.4
0824 04:24:59 ds4-server: chat ctx=2683..2733:50 gen=2450 THINKING decoding chunk=14.18 t/s avg=15.59 t/s 157.120s
0824 04:25:02 ds4-server: chat ctx=2733..2783:50 gen=2500 THINKING decoding chunk=13.94 t/s avg=15.56 t/s 160.707s
0824 04:25:06 ds4-server: chat ctx=2783..2833:50 gen=2550 THINKING decoding chunk=13.81 t/s avg=15.52 t/s 164.326s
ds4: qwen35moe experts/token avg over 128 tokens: 0:15.3 1:16.3 2:15.3 3:17.4 4:17.8 5:17.4 6:17.2 7:17.9 8:18.5 9:17.7 10:16.2 11:16.0 12:17.1 13:17.3 14:17.5 15:17.7 16:17.0 17:17.3 18:17.3 19:17.6 20:18.2 21:18.3 22:16.5 23:16.7 24:17.2 25:16.7 26:17.6 27:17.6 28:17.5 29:17.3 30:17.1 31:18.0 32:17.3 33:17.5 34:17.2 35:18.4 36:18.2 37:18.4 38:19.4 39:18.5 | mean 17.4
0824 04:25:10 ds4-server: chat ctx=2833..2883:50 gen=2600 THINKING decoding chunk=13.83 t/s avg=15.48 t/s 167.941s
0824 04:25:13 ds4-server: chat ctx=2883..2933:50 gen=2650 THINKING decoding chunk=13.74 t/s avg=15.44 t/s 171.579s
ds4: qwen35moe experts/token avg over 128 tokens: 0:15.5 1:16.6 2:15.7 3:18.1 4:17.6 5:18.0 6:17.9 7:18.6 8:18.5 9:17.8 10:16.5 11:16.5 12:17.7 13:17.3 14:17.9 15:17.9 16:17.5 17:17.4 18:17.3 19:18.2 20:18.3 21:18.4 22:17.1 23:17.0 24:17.2 25:17.6 26:18.1 27:17.7 28:17.2 29:17.8 30:17.2 31:18.3 32:17.8 33:17.1 34:17.7 35:18.6 36:18.6 37:18.7 38:19.3 39:18.6 | mean 17.7
0824 04:25:17 ds4-server: chat ctx=2933..2983:50 gen=2700 THINKING decoding chunk=13.68 t/s avg=15.41 t/s 175.234s
0824 04:25:21 ds4-server: chat ctx=2983..3033:50 gen=2750 THINKING decoding chunk=13.45 t/s avg=15.37 t/s 178.952s
0824 04:25:24 ds4-server: chat ctx=3033..3083:50 gen=2800 THINKING decoding chunk=13.75 t/s avg=15.34 t/s 182.587s
ds4: qwen35moe experts/token avg over 128 tokens: 0:15.8 1:16.5 2:15.7 3:17.8 4:17.9 5:17.6 6:17.2 7:17.4 8:17.6 9:17.3 10:16.3 11:15.8 12:17.1 13:17.3 14:17.5 15:17.8 16:18.0 17:17.4 18:16.9 19:17.3 20:18.1 21:18.4 22:17.1 23:16.7 24:17.4 25:17.0 26:17.6 27:17.5 28:17.4 29:17.6 30:17.4 31:17.6 32:17.1 33:17.2 34:17.6 35:18.6 36:18.3 37:18.9 38:19.3 39:18.4 | mean 17.4
0824 04:25:28 ds4-server: chat ctx=3083..3133:50 gen=2850 THINKING decoding chunk=13.56 t/s avg=15.30 t/s 186.275s
0824 04:25:32 ds4-server: chat ctx=3133..3183:50 gen=2900 THINKING decoding chunk=13.68 t/s avg=15.27 t/s 189.931s
ds4: qwen35moe experts/token avg over 128 tokens: 0:15.2 1:16.5 2:16.1 3:17.4 4:17.0 5:17.5 6:17.3 7:17.7 8:18.1 9:17.4 10:16.6 11:16.3 12:16.8 13:16.3 14:17.3 15:17.6 16:17.0 17:16.8 18:15.7 19:16.8 20:17.4 21:16.5 22:16.0 23:16.0 24:15.8 25:15.7 26:16.9 27:17.0 28:15.9 29:16.7 30:17.0 31:17.6 32:16.9 33:17.0 34:17.1 35:18.6 36:18.4 37:18.4 38:18.8 39:17.9 | mean 17.0
0824 04:25:35 ds4-server: chat ctx=3183..3233:50 gen=2950 THINKING decoding chunk=13.66 t/s avg=15.24 t/s 193.590s
0824 04:25:39 ds4-server: chat ctx=3233..3283:50 gen=3000 THINKING decoding chunk=13.34 t/s avg=15.20 t/s 197.338s
0824 04:25:43 ds4-server: chat ctx=3283..3333:50 gen=3050 THINKING decoding chunk=13.27 t/s avg=15.17 t/s 201.107s
ds4: qwen35moe experts/token avg over 128 tokens: 0:15.8 1:16.6 2:16.3 3:17.1 4:17.4 5:17.4 6:17.1 7:17.8 8:17.9 9:17.5 10:17.1 11:16.5 12:17.8 13:17.5 14:17.9 15:17.8 16:17.6 17:17.6 18:17.5 19:17.5 20:18.5 21:17.7 22:16.6 23:16.4 24:17.2 25:17.1 26:18.0 27:17.4 28:17.2 29:17.4 30:17.2 31:17.7 32:16.9 33:17.1 34:17.2 35:18.2 36:18.5 37:18.5 38:18.9 39:18.7 | mean 17.5
0824 04:25:47 ds4-server: chat ctx=3333..3383:50 gen=3100 THINKING decoding chunk=13.25 t/s avg=15.13 t/s 204.880s
0824 04:25:50 ds4-server: chat ctx=3383..3433:50 gen=3150 THINKING decoding chunk=13.40 t/s avg=15.10 t/s 208.612s
ds4: qwen35moe experts/token avg over 128 tokens: 0:15.4 1:15.9 2:15.4 3:17.0 4:17.0 5:17.2 6:17.1 7:17.6 8:18.0 9:17.2 10:16.0 11:15.8 12:16.9 13:16.5 14:17.3 15:17.1 16:16.9 17:16.9 18:16.6 19:17.0 20:17.4 21:17.9 22:16.2 23:15.9 24:16.4 25:16.0 26:16.7 27:16.9 28:16.4 29:16.7 30:16.5 31:17.6 32:16.3 33:16.1 34:16.1 35:17.8 36:17.5 37:17.9 38:18.9 39:18.2 | mean 16.9
0824 04:25:54 ds4-server: chat ctx=3433..3483:50 gen=3200 THINKING decoding chunk=13.46 t/s avg=15.07 t/s 212.326s
0824 04:25:58 ds4-server: chat ctx=3483..3533:50 gen=3250 THINKING decoding chunk=13.41 t/s avg=15.04 t/s 216.053s
0824 04:26:02 ds4-server: chat ctx=3533..3583:50 gen=3300 THINKING decoding chunk=13.29 t/s avg=15.01 t/s 219.815s
ds4: qwen35moe experts/token avg over 128 tokens: 0:15.6 1:16.1 2:15.3 3:17.1 4:17.2 5:16.6 6:17.0 7:17.5 8:17.9 9:17.6 10:15.2 11:15.4 12:16.8 13:16.2 14:17.1 15:16.8 16:16.5 17:16.5 18:16.3 19:16.3 20:17.2 21:17.1 22:15.7 23:15.5 24:15.9 25:15.7 26:16.3 27:16.0 28:15.9 29:15.8 30:16.6 31:17.2 32:16.4 33:16.5 34:15.9 35:17.5 36:18.0 37:17.7 38:19.2 39:17.9 | mean 16.6
0824 04:26:05 ds4-server: chat ctx=3583..3633:50 gen=3350 decoding chunk=13.33 t/s avg=14.98 t/s 223.567s
0824 04:26:09 ds4-server: chat ctx=3633..3683:50 gen=3400 decoding chunk=13.22 t/s avg=14.95 t/s 227.350s
ds4: qwen35moe experts/token avg over 128 tokens: 0:15.3 1:15.8 2:16.2 3:17.4 4:16.6 5:17.0 6:17.0 7:17.3 8:16.5 9:16.1 10:16.2 11:16.3 12:16.5 13:15.9 14:16.9 15:16.6 16:16.7 17:15.8 18:16.3 19:15.4 20:17.1 21:15.2 22:15.7 23:15.3 24:15.2 25:15.4 26:16.2 27:16.0 28:15.9 29:16.2 30:16.4 31:16.8 32:16.5 33:16.6 34:16.2 35:17.7 36:18.2 37:18.1 38:18.7 39:18.8 | mean 16.5
0824 04:26:13 ds4-server: chat ctx=3683..3733:50 gen=3450 decoding chunk=13.00 t/s avg=14.92 t/s 231.196s
0824 04:26:17 ds4-server: chat ctx=3733..3783:50 gen=3500 decoding chunk=12.92 t/s avg=14.89 t/s 235.066s
0824 04:26:21 ds4-server: chat ctx=3783..3833:50 gen=3550 decoding chunk=12.98 t/s avg=14.86 t/s 238.918s
ds4: qwen35moe experts/token avg over 128 tokens: 0:15.8 1:16.9 2:17.1 3:18.3 4:18.3 5:17.9 6:17.7 7:18.1 8:18.3 9:17.3 10:17.1 11:17.0 12:17.3 13:16.6 14:17.1 15:17.0 16:17.3 17:16.5 18:16.4 19:16.3 20:17.1 21:16.1 22:16.5 23:16.4 24:16.5 25:16.4 26:16.8 27:16.8 28:16.1 29:16.8 30:16.5 31:16.7 32:17.1 33:17.0 34:17.3 35:18.3 36:18.5 37:18.2 38:18.4 39:18.2 | mean 17.1
0824 04:26:25 ds4-server: chat ctx=3833..3883:50 gen=3600 decoding chunk=12.91 t/s avg=14.83 t/s 242.791s
0824 04:26:28 ds4-server: chat ctx=3883..3933:50 gen=3650 decoding chunk=13.03 t/s avg=14.80 t/s 246.628s
0824 04:26:31 ds4-server: chat ctx=3933..3963:30 gen=3680 decoding chunk=12.82 t/s avg=14.78 t/s 248.968s
0824 04:26:31 ds4-server: thinking live checkpoint remembered ctx=0..283:283 live=3963 visible=3007
0824 04:26:31 ds4-server: chat ctx=0..283:283 gen=3680 finish=stop 264.406s
0824 04:26:31 ds4-server: live kv cache miss live=3963 prompt=313 common=51 reason=token-mismatch
0824 04:26:31 ds4-server: chat ctx=0..313:313 prompt start
0824 04:26:31 ds4-server: chat ctx=0..313:313 prefill chunk 1/313 (0.3%) chunk=0.00 t/s avg=19.08 t/s 0.052s
0824 04:26:31 ds4-server: chat ctx=0..313:313 prefill chunk 2/313 (0.6%) chunk=20.39 t/s avg=19.71 t/s 0.101s
0824 04:26:31 ds4-server: chat ctx=0..313:313 prefill chunk 3/313 (1.0%) chunk=19.33 t/s avg=19.58 t/s 0.153s
0824 04:26:31 ds4-server: chat ctx=0..313:313 prefill chunk 4/313 (1.3%) chunk=20.23 t/s avg=19.74 t/s 0.203s
0824 04:26:31 ds4-server: chat ctx=0..313:313 prefill chunk 5/313 (1.6%) chunk=19.05 t/s avg=19.60 t/s 0.255s
0824 04:26:31 ds4-server: chat ctx=0..313:313 prefill chunk 6/313 (1.9%) chunk=19.78 t/s avg=19.63 t/s 0.306s
0824 04:26:31 ds4-server: chat ctx=0..313:313 prefill chunk 7/313 (2.2%) chunk=19.32 t/s avg=19.58 t/s 0.357s
0824 04:26:31 ds4-server: chat ctx=0..313:313 prefill chunk 8/313 (2.6%) chunk=19.49 t/s avg=19.57 t/s 0.409s
0824 04:26:31 ds4-server: chat ctx=0..313:313 prefill chunk 9/313 (2.9%) chunk=19.87 t/s avg=19.60 t/s 0.459s
0824 04:26:31 ds4-server: chat ctx=0..313:313 prefill chunk 10/313 (3.2%) chunk=20.16 t/s avg=19.66 t/s 0.509s
0824 04:26:31 ds4-server: chat ctx=0..313:313 prefill chunk 11/313 (3.5%) chunk=19.14 t/s avg=19.61 t/s 0.561s
0824 04:26:31 ds4-server: chat ctx=0..313:313 prefill chunk 12/313 (3.8%) chunk=19.22 t/s avg=19.58 t/s 0.613s
0824 04:26:31 ds4-server: chat ctx=0..313:313 prefill chunk 13/313 (4.2%) chunk=19.24 t/s avg=19.55 t/s 0.665s
0824 04:26:31 ds4-server: chat ctx=0..313:313 prefill chunk 14/313 (4.5%) chunk=18.48 t/s avg=19.47 t/s 0.719s
0824 04:26:31 ds4-server: chat ctx=0..313:313 prefill chunk 15/313 (4.8%) chunk=19.46 t/s avg=19.47 t/s 0.770s
0824 04:26:32 ds4-server: chat ctx=0..313:313 prefill chunk 16/313 (5.1%) chunk=18.83 t/s avg=19.43 t/s 0.824s
0824 04:26:32 ds4-server: chat ctx=0..313:313 prefill chunk 17/313 (5.4%) chunk=19.19 t/s avg=19.41 t/s 0.876s
0824 04:26:32 ds4-server: chat ctx=0..313:313 prefill chunk 18/313 (5.8%) chunk=19.09 t/s avg=19.40 t/s 0.928s
0824 04:26:32 ds4-server: chat ctx=0..313:313 prefill chunk 19/313 (6.1%) chunk=18.55 t/s avg=19.35 t/s 0.982s
0824 04:26:32 ds4-server: chat ctx=0..313:313 prefill chunk 20/313 (6.4%) chunk=18.79 t/s avg=19.32 t/s 1.035s
0824 04:26:32 ds4-server: chat ctx=0..313:313 prefill chunk 21/313 (6.7%) chunk=18.60 t/s avg=19.28 t/s 1.089s
0824 04:26:32 ds4-server: chat ctx=0..313:313 prefill chunk 22/313 (7.0%) chunk=19.80 t/s avg=19.31 t/s 1.139s
0824 04:26:32 ds4-server: chat ctx=0..313:313 prefill chunk 23/313 (7.3%) chunk=19.23 t/s avg=19.30 t/s 1.191s
ds4: qwen35moe experts/token avg over 128 tokens: 0:15.4 1:16.4 2:16.1 3:17.3 4:17.2 5:17.2 6:16.7 7:17.4 8:17.5 9:16.7 10:16.5 11:16.5 12:16.6 13:16.7 14:16.6 15:16.9 16:16.9 17:16.5 18:16.7 19:15.8 20:17.3 21:16.2 22:16.2 23:15.8 24:15.7 25:15.3 26:16.1 27:16.9 28:15.9 29:16.1 30:16.0 31:16.2 32:16.0 33:16.2 34:16.1 35:17.5 36:17.4 37:17.8 38:18.3 39:18.3 | mean 16.6
0824 04:26:32 ds4-server: chat ctx=0..313:313 prefill chunk 24/313 (7.7%) chunk=19.66 t/s avg=19.32 t/s 1.242s
0824 04:26:32 ds4-server: chat ctx=0..313:313 prefill chunk 25/313 (8.0%) chunk=18.91 t/s avg=19.30 t/s 1.295s
0824 04:26:32 ds4-server: chat ctx=0..313:313 prefill chunk 26/313 (8.3%) chunk=19.30 t/s avg=19.30 t/s 1.347s
0824 04:26:32 ds4-server: chat ctx=0..313:313 prefill chunk 27/313 (8.6%) chunk=19.35 t/s avg=19.30 t/s 1.399s
0824 04:26:32 ds4-server: chat ctx=0..313:313 prefill chunk 28/313 (8.9%) chunk=18.83 t/s avg=19.29 t/s 1.452s
0824 04:26:32 ds4-server: chat ctx=0..313:313 prefill chunk 29/313 (9.3%) chunk=19.33 t/s avg=19.29 t/s 1.504s
0824 04:26:32 ds4-server: chat ctx=0..313:313 prefill chunk 30/313 (9.6%) chunk=18.63 t/s avg=19.26 t/s 1.557s
0824 04:26:32 ds4-server: chat ctx=0..313:313 prefill chunk 31/313 (9.9%) chunk=18.92 t/s avg=19.25 t/s 1.610s
0824 04:26:32 ds4-server: chat ctx=0..313:313 prefill chunk 32/313 (10.2%) chunk=18.52 t/s avg=19.23 t/s 1.664s
0824 04:26:32 ds4-server: chat ctx=0..313:313 prefill chunk 33/313 (10.5%) chunk=18.97 t/s avg=19.22 t/s 1.717s
0824 04:26:32 ds4-server: chat ctx=0..313:313 prefill chunk 34/313 (10.9%) chunk=19.61 t/s avg=19.23 t/s 1.768s
0824 04:26:33 ds4-server: chat ctx=0..313:313 prefill chunk 35/313 (11.2%) chunk=17.95 t/s avg=19.19 t/s 1.823s
0824 04:26:33 ds4-server: chat ctx=0..313:313 prefill chunk 36/313 (11.5%) chunk=19.20 t/s avg=19.19 t/s 1.876s
0824 04:26:33 ds4-server: chat ctx=0..313:313 prefill chunk 37/313 (11.8%) chunk=17.97 t/s avg=19.16 t/s 1.931s
0824 04:26:33 ds4-server: chat ctx=0..313:313 prefill chunk 38/313 (12.1%) chunk=17.65 t/s avg=19.12 t/s 1.988s
0824 04:26:33 ds4-server: chat ctx=0..313:313 prefill chunk 39/313 (12.5%) chunk=18.74 t/s avg=19.11 t/s 2.041s
0824 04:26:33 ds4-server: chat ctx=0..313:313 prefill chunk 40/313 (12.8%) chunk=18.58 t/s avg=19.09 t/s 2.095s
0824 04:26:33 ds4-server: chat ctx=0..313:313 prefill chunk 41/313 (13.1%) chunk=18.39 t/s avg=19.07 t/s 2.149s
0824 04:26:33 ds4-server: chat ctx=0..313:313 prefill chunk 42/313 (13.4%) chunk=19.14 t/s avg=19.08 t/s 2.202s
0824 04:26:33 ds4-server: chat ctx=0..313:313 prefill chunk 43/313 (13.7%) chunk=18.62 t/s avg=19.07 t/s 2.255s
0824 04:26:33 ds4-server: chat ctx=0..313:313 prefill chunk 44/313 (14.1%) chunk=19.26 t/s avg=19.07 t/s 2.307s
0824 04:26:33 ds4-server: chat ctx=0..313:313 prefill chunk 45/313 (14.4%) chunk=18.56 t/s avg=19.06 t/s 2.361s
0824 04:26:33 ds4-server: chat ctx=0..313:313 prefill chunk 46/313 (14.7%) chunk=18.45 t/s avg=19.04 t/s 2.415s
0824 04:26:33 ds4-server: chat ctx=0..313:313 prefill chunk 47/313 (15.0%) chunk=19.00 t/s avg=19.04 t/s 2.468s
0824 04:26:33 ds4-server: chat ctx=0..313:313 prefill chunk 48/313 (15.3%) chunk=18.34 t/s avg=19.03 t/s 2.523s
0824 04:26:33 ds4-server: chat ctx=0..313:313 prefill chunk 49/313 (15.7%) chunk=18.95 t/s avg=19.03 t/s 2.575s
0824 04:26:33 ds4-server: chat ctx=0..313:313 prefill chunk 50/313 (16.0%) chunk=18.20 t/s avg=19.01 t/s 2.630s
0824 04:26:33 ds4-server: chat ctx=0..313:313 prefill chunk 51/313 (16.3%) chunk=17.83 t/s avg=18.98 t/s 2.686s
0824 04:26:33 ds4-server: chat ctx=0..313:313 prefill chunk 52/313 (16.6%) chunk=18.56 t/s avg=18.98 t/s 2.740s
0824 04:26:33 ds4-server: chat ctx=0..313:313 prefill chunk 53/313 (16.9%) chunk=18.68 t/s avg=18.97 t/s 2.794s
0824 04:26:34 ds4-server: chat ctx=0..313:313 prefill chunk 54/313 (17.3%) chunk=19.33 t/s avg=18.98 t/s 2.845s
0824 04:26:34 ds4-server: chat ctx=0..313:313 prefill chunk 55/313 (17.6%) chunk=19.05 t/s avg=18.98 t/s 2.898s
0824 04:26:34 ds4-server: chat ctx=0..313:313 prefill chunk 56/313 (17.9%) chunk=18.52 t/s avg=18.97 t/s 2.952s
0824 04:26:34 ds4-server: chat ctx=0..313:313 prefill chunk 57/313 (18.2%) chunk=18.80 t/s avg=18.97 t/s 3.005s
0824 04:26:34 ds4-server: chat ctx=0..313:313 prefill chunk 58/313 (18.5%) chunk=19.18 t/s avg=18.97 t/s 3.057s
0824 04:26:34 ds4-server: chat ctx=0..313:313 prefill chunk 59/313 (18.8%) chunk=19.94 t/s avg=18.99 t/s 3.107s
0824 04:26:34 ds4-server: chat ctx=0..313:313 prefill chunk 60/313 (19.2%) chunk=19.27 t/s avg=18.99 t/s 3.159s
0824 04:26:34 ds4-server: chat ctx=0..313:313 prefill chunk 61/313 (19.5%) chunk=20.21 t/s avg=19.01 t/s 3.209s
0824 04:26:34 ds4-server: chat ctx=0..313:313 prefill chunk 62/313 (19.8%) chunk=19.14 t/s avg=19.01 t/s 3.261s
0824 04:26:34 ds4-server: chat ctx=0..313:313 prefill chunk 63/313 (20.1%) chunk=20.22 t/s avg=19.03 t/s 3.311s
0824 04:26:34 ds4-server: chat ctx=0..313:313 prefill chunk 64/313 (20.4%) chunk=19.89 t/s avg=19.04 t/s 3.361s
0824 04:26:34 ds4-server: chat ctx=0..313:313 prefill chunk 65/313 (20.8%) chunk=19.21 t/s avg=19.05 t/s 3.413s
0824 04:26:34 ds4-server: chat ctx=0..313:313 prefill chunk 66/313 (21.1%) chunk=18.78 t/s avg=19.04 t/s 3.466s
0824 04:26:34 ds4-server: chat ctx=0..313:313 prefill chunk 67/313 (21.4%) chunk=18.22 t/s avg=19.03 t/s 3.521s
0824 04:26:34 ds4-server: chat ctx=0..313:313 prefill chunk 68/313 (21.7%) chunk=18.93 t/s avg=19.03 t/s 3.574s
0824 04:26:34 ds4-server: chat ctx=0..313:313 prefill chunk 69/313 (22.0%) chunk=18.84 t/s avg=19.02 t/s 3.627s
0824 04:26:34 ds4-server: chat ctx=0..313:313 prefill chunk 70/313 (22.4%) chunk=18.95 t/s avg=19.02 t/s 3.680s
0824 04:26:34 ds4-server: chat ctx=0..313:313 prefill chunk 71/313 (22.7%) chunk=19.33 t/s avg=19.03 t/s 3.731s
0824 04:26:34 ds4-server: chat ctx=0..313:313 prefill chunk 72/313 (23.0%) chunk=19.27 t/s avg=19.03 t/s 3.783s
0824 04:26:35 ds4-server: chat ctx=0..313:313 prefill chunk 73/313 (23.3%) chunk=19.34 t/s avg=19.04 t/s 3.835s
0824 04:26:35 ds4-server: chat ctx=0..313:313 prefill chunk 74/313 (23.6%) chunk=17.99 t/s avg=19.02 t/s 3.891s
0824 04:26:35 ds4-server: chat ctx=0..313:313 prefill chunk 75/313 (24.0%) chunk=19.39 t/s avg=19.03 t/s 3.942s
0824 04:26:35 ds4-server: chat ctx=0..313:313 prefill chunk 76/313 (24.3%) chunk=18.35 t/s avg=19.02 t/s 3.997s
0824 04:26:35 ds4-server: chat ctx=0..313:313 prefill chunk 77/313 (24.6%) chunk=18.75 t/s avg=19.01 t/s 4.050s
0824 04:26:35 ds4-server: chat ctx=0..313:313 prefill chunk 78/313 (24.9%) chunk=19.27 t/s avg=19.02 t/s 4.102s
0824 04:26:35 ds4-server: chat ctx=0..313:313 prefill chunk 79/313 (25.2%) chunk=18.76 t/s avg=19.01 t/s 4.155s
0824 04:26:35 ds4-server: chat ctx=0..313:313 prefill chunk 80/313 (25.6%) chunk=19.14 t/s avg=19.01 t/s 4.207s
0824 04:26:35 ds4-server: chat ctx=0..313:313 prefill chunk 81/313 (25.9%) chunk=19.06 t/s avg=19.01 t/s 4.260s
0824 04:26:35 ds4-server: chat ctx=0..313:313 prefill chunk 82/313 (26.2%) chunk=19.33 t/s avg=19.02 t/s 4.312s
0824 04:26:35 ds4-server: chat ctx=0..313:313 prefill chunk 83/313 (26.5%) chunk=18.89 t/s avg=19.02 t/s 4.365s
0824 04:26:35 ds4-server: chat ctx=0..313:313 prefill chunk 84/313 (26.8%) chunk=18.11 t/s avg=19.01 t/s 4.420s
0824 04:26:35 ds4-server: chat ctx=0..313:313 prefill chunk 85/313 (27.2%) chunk=18.96 t/s avg=19.00 t/s 4.473s
0824 04:26:35 ds4-server: chat ctx=0..313:313 prefill chunk 86/313 (27.5%) chunk=18.29 t/s avg=19.00 t/s 4.527s
0824 04:26:35 ds4-server: chat ctx=0..313:313 prefill chunk 87/313 (27.8%) chunk=18.51 t/s avg=18.99 t/s 4.581s
0824 04:26:35 ds4-server: chat ctx=0..313:313 prefill chunk 88/313 (28.1%) chunk=19.13 t/s avg=18.99 t/s 4.634s
0824 04:26:35 ds4-server: chat ctx=0..313:313 prefill chunk 89/313 (28.4%) chunk=18.51 t/s avg=18.99 t/s 4.688s
0824 04:26:35 ds4-server: chat ctx=0..313:313 prefill chunk 90/313 (28.8%) chunk=19.05 t/s avg=18.99 t/s 4.740s
0824 04:26:35 ds4-server: chat ctx=0..313:313 prefill chunk 91/313 (29.1%) chunk=18.62 t/s avg=18.98 t/s 4.794s
0824 04:26:36 ds4-server: chat ctx=0..313:313 prefill chunk 92/313 (29.4%) chunk=18.35 t/s avg=18.98 t/s 4.848s
0824 04:26:36 ds4-server: chat ctx=0..313:313 prefill chunk 93/313 (29.7%) chunk=19.45 t/s avg=18.98 t/s 4.900s
0824 04:26:36 ds4-server: chat ctx=0..313:313 prefill chunk 94/313 (30.0%) chunk=18.16 t/s avg=18.97 t/s 4.955s
0824 04:26:36 ds4-server: chat ctx=0..313:313 prefill chunk 95/313 (30.4%) chunk=18.81 t/s avg=18.97 t/s 5.008s
0824 04:26:36 ds4-server: chat ctx=0..313:313 prefill chunk 96/313 (30.7%) chunk=18.67 t/s avg=18.97 t/s 5.061s
0824 04:26:36 ds4-server: chat ctx=0..313:313 prefill chunk 97/313 (31.0%) chunk=18.34 t/s avg=18.96 t/s 5.116s
0824 04:26:36 ds4-server: chat ctx=0..313:313 prefill chunk 98/313 (31.3%) chunk=19.21 t/s avg=18.96 t/s 5.168s
0824 04:26:36 ds4-server: chat ctx=0..313:313 prefill chunk 99/313 (31.6%) chunk=18.28 t/s avg=18.96 t/s 5.223s
0824 04:26:36 ds4-server: chat ctx=0..313:313 prefill chunk 100/313 (31.9%) chunk=19.39 t/s avg=18.96 t/s 5.274s
0824 04:26:36 ds4-server: chat ctx=0..313:313 prefill chunk 101/313 (32.3%) chunk=18.82 t/s avg=18.96 t/s 5.327s
0824 04:26:36 ds4-server: chat ctx=0..313:313 prefill chunk 102/313 (32.6%) chunk=18.83 t/s avg=18.96 t/s 5.381s
0824 04:26:36 ds4-server: chat ctx=0..313:313 prefill chunk 103/313 (32.9%) chunk=19.24 t/s avg=18.96 t/s 5.433s
0824 04:26:36 ds4-server: chat ctx=0..313:313 prefill chunk 104/313 (33.2%) chunk=18.57 t/s avg=18.96 t/s 5.486s
0824 04:26:36 ds4-server: chat ctx=0..313:313 prefill chunk 105/313 (33.5%) chunk=18.64 t/s avg=18.95 t/s 5.540s
0824 04:26:36 ds4-server: chat ctx=0..313:313 prefill chunk 106/313 (33.9%) chunk=18.60 t/s avg=18.95 t/s 5.594s
0824 04:26:36 ds4-server: chat ctx=0..313:313 prefill chunk 107/313 (34.2%) chunk=18.33 t/s avg=18.94 t/s 5.648s
0824 04:26:36 ds4-server: chat ctx=0..313:313 prefill chunk 108/313 (34.5%) chunk=19.36 t/s avg=18.95 t/s 5.700s
0824 04:26:36 ds4-server: chat ctx=0..313:313 prefill chunk 109/313 (34.8%) chunk=18.62 t/s avg=18.94 t/s 5.754s
0824 04:26:37 ds4-server: chat ctx=0..313:313 prefill chunk 110/313 (35.1%) chunk=19.12 t/s avg=18.95 t/s 5.806s
0824 04:26:37 ds4-server: chat ctx=0..313:313 prefill chunk 111/313 (35.5%) chunk=18.33 t/s avg=18.94 t/s 5.861s
0824 04:26:37 ds4-server: chat ctx=0..313:313 prefill chunk 112/313 (35.8%) chunk=18.60 t/s avg=18.94 t/s 5.914s
0824 04:26:37 ds4-server: chat ctx=0..313:313 prefill chunk 113/313 (36.1%) chunk=19.03 t/s avg=18.94 t/s 5.967s
0824 04:26:37 ds4-server: chat ctx=0..313:313 prefill chunk 114/313 (36.4%) chunk=18.69 t/s avg=18.94 t/s 6.020s
0824 04:26:37 ds4-server: chat ctx=0..313:313 prefill chunk 115/313 (36.7%) chunk=18.78 t/s avg=18.93 t/s 6.074s
0824 04:26:37 ds4-server: chat ctx=0..313:313 prefill chunk 116/313 (37.1%) chunk=18.40 t/s avg=18.93 t/s 6.128s
0824 04:26:37 ds4-server: chat ctx=0..313:313 prefill chunk 117/313 (37.4%) chunk=18.81 t/s avg=18.93 t/s 6.181s
0824 04:26:37 ds4-server: chat ctx=0..313:313 prefill chunk 118/313 (37.7%) chunk=18.39 t/s avg=18.92 t/s 6.236s
0824 04:26:37 ds4-server: chat ctx=0..313:313 prefill chunk 119/313 (38.0%) chunk=18.42 t/s avg=18.92 t/s 6.290s
0824 04:26:37 ds4-server: chat ctx=0..313:313 prefill chunk 120/313 (38.3%) chunk=19.16 t/s avg=18.92 t/s 6.342s
0824 04:26:37 ds4-server: chat ctx=0..313:313 prefill chunk 121/313 (38.7%) chunk=18.24 t/s avg=18.92 t/s 6.397s
0824 04:26:37 ds4-server: chat ctx=0..313:313 prefill chunk 122/313 (39.0%) chunk=18.05 t/s avg=18.91 t/s 6.452s
0824 04:26:37 ds4-server: chat ctx=0..313:313 prefill chunk 123/313 (39.3%) chunk=18.41 t/s avg=18.90 t/s 6.507s
0824 04:26:37 ds4-server: chat ctx=0..313:313 prefill chunk 124/313 (39.6%) chunk=18.04 t/s avg=18.90 t/s 6.562s
0824 04:26:37 ds4-server: chat ctx=0..313:313 prefill chunk 125/313 (39.9%) chunk=18.53 t/s avg=18.89 t/s 6.616s
0824 04:26:37 ds4-server: chat ctx=0..313:313 prefill chunk 126/313 (40.3%) chunk=18.89 t/s avg=18.89 t/s 6.669s
0824 04:26:37 ds4-server: chat ctx=0..313:313 prefill chunk 127/313 (40.6%) chunk=18.08 t/s avg=18.89 t/s 6.724s
0824 04:26:37 ds4-server: chat ctx=0..313:313 prefill chunk 128/313 (40.9%) chunk=18.77 t/s avg=18.89 t/s 6.777s
0824 04:26:38 ds4-server: chat ctx=0..313:313 prefill chunk 129/313 (41.2%) chunk=18.43 t/s avg=18.88 t/s 6.832s
0824 04:26:38 ds4-server: chat ctx=0..313:313 prefill chunk 130/313 (41.5%) chunk=18.54 t/s avg=18.88 t/s 6.886s
0824 04:26:38 ds4-server: chat ctx=0..313:313 prefill chunk 131/313 (41.9%) chunk=18.63 t/s avg=18.88 t/s 6.939s
0824 04:26:38 ds4-server: chat ctx=0..313:313 prefill chunk 132/313 (42.2%) chunk=18.42 t/s avg=18.87 t/s 6.994s
0824 04:26:38 ds4-server: chat ctx=0..313:313 prefill chunk 133/313 (42.5%) chunk=18.18 t/s avg=18.87 t/s 7.049s
0824 04:26:38 ds4-server: chat ctx=0..313:313 prefill chunk 134/313 (42.8%) chunk=19.15 t/s avg=18.87 t/s 7.101s
0824 04:26:38 ds4-server: chat ctx=0..313:313 prefill chunk 135/313 (43.1%) chunk=18.26 t/s avg=18.87 t/s 7.156s
0824 04:26:38 ds4-server: chat ctx=0..313:313 prefill chunk 136/313 (43.5%) chunk=19.22 t/s avg=18.87 t/s 7.208s
0824 04:26:38 ds4-server: chat ctx=0..313:313 prefill chunk 137/313 (43.8%) chunk=18.17 t/s avg=18.86 t/s 7.263s
0824 04:26:38 ds4-server: chat ctx=0..313:313 prefill chunk 138/313 (44.1%) chunk=18.02 t/s avg=18.86 t/s 7.318s
0824 04:26:38 ds4-server: chat ctx=0..313:313 prefill chunk 139/313 (44.4%) chunk=18.51 t/s avg=18.85 t/s 7.372s
0824 04:26:38 ds4-server: chat ctx=0..313:313 prefill chunk 140/313 (44.7%) chunk=18.51 t/s avg=18.85 t/s 7.426s
0824 04:26:38 ds4-server: chat ctx=0..313:313 prefill chunk 141/313 (45.0%) chunk=18.10 t/s avg=18.85 t/s 7.482s
0824 04:26:38 ds4-server: chat ctx=0..313:313 prefill chunk 142/313 (45.4%) chunk=18.94 t/s avg=18.85 t/s 7.534s
0824 04:26:38 ds4-server: chat ctx=0..313:313 prefill chunk 143/313 (45.7%) chunk=18.59 t/s avg=18.85 t/s 7.588s
0824 04:26:38 ds4-server: chat ctx=0..313:313 prefill chunk 144/313 (46.0%) chunk=19.07 t/s avg=18.85 t/s 7.641s
0824 04:26:38 ds4-server: chat ctx=0..313:313 prefill chunk 145/313 (46.3%) chunk=17.91 t/s avg=18.84 t/s 7.696s
0824 04:26:38 ds4-server: chat ctx=0..313:313 prefill chunk 146/313 (46.6%) chunk=18.65 t/s avg=18.84 t/s 7.750s
0824 04:26:39 ds4-server: chat ctx=0..313:313 prefill chunk 147/313 (47.0%) chunk=18.86 t/s avg=18.84 t/s 7.803s
0824 04:26:39 ds4-server: chat ctx=0..313:313 prefill chunk 148/313 (47.3%) chunk=18.14 t/s avg=18.83 t/s 7.858s
0824 04:26:39 ds4-server: chat ctx=0..313:313 prefill chunk 149/313 (47.6%) chunk=19.28 t/s avg=18.84 t/s 7.910s
0824 04:26:39 ds4-server: chat ctx=0..313:313 prefill chunk 150/313 (47.9%) chunk=18.93 t/s avg=18.84 t/s 7.963s
0824 04:26:39 ds4-server: chat ctx=0..313:313 prefill chunk 151/313 (48.2%) chunk=18.60 t/s avg=18.84 t/s 8.017s
ds4: qwen35moe experts/token avg over 128 tokens: 0:13.8 1:14.2 2:14.1 3:15.3 4:14.1 5:14.4 6:14.4 7:15.3 8:15.7 9:14.6 10:13.5 11:13.4 12:14.7 13:14.5 14:15.0 15:15.2 16:14.7 17:14.6 18:14.5 19:14.5 20:16.0 21:14.4 22:13.9 23:14.4 24:15.5 25:14.8 26:15.8 27:15.0 28:15.0 29:16.2 30:15.7 31:16.4 32:16.4 33:17.0 34:17.1 35:18.7 36:18.8 37:18.6 38:19.1 39:18.6 | mean 15.4
0824 04:26:39 ds4-server: chat ctx=0..313:313 prefill chunk 152/313 (48.6%) chunk=19.47 t/s avg=18.84 t/s 8.068s
0824 04:26:39 ds4-server: chat ctx=0..313:313 prefill chunk 153/313 (48.9%) chunk=18.36 t/s avg=18.84 t/s 8.122s
0824 04:26:39 ds4-server: chat ctx=0..313:313 prefill chunk 154/313 (49.2%) chunk=19.07 t/s avg=18.84 t/s 8.175s
0824 04:26:39 ds4-server: chat ctx=0..313:313 prefill chunk 155/313 (49.5%) chunk=18.57 t/s avg=18.84 t/s 8.229s
0824 04:26:39 ds4-server: chat ctx=0..313:313 prefill chunk 156/313 (49.8%) chunk=18.37 t/s avg=18.83 t/s 8.283s
0824 04:26:39 ds4-server: chat ctx=0..313:313 prefill chunk 157/313 (50.2%) chunk=18.81 t/s avg=18.83 t/s 8.336s
0824 04:26:39 ds4-server: chat ctx=0..313:313 prefill chunk 158/313 (50.5%) chunk=18.30 t/s avg=18.83 t/s 8.391s
0824 04:26:39 ds4-server: chat ctx=0..313:313 prefill chunk 159/313 (50.8%) chunk=18.57 t/s avg=18.83 t/s 8.445s
0824 04:26:39 ds4-server: chat ctx=0..313:313 prefill chunk 160/313 (51.1%) chunk=18.00 t/s avg=18.82 t/s 8.500s
0824 04:26:39 ds4-server: chat ctx=0..313:313 prefill chunk 161/313 (51.4%) chunk=17.95 t/s avg=18.82 t/s 8.556s
0824 04:26:39 ds4-server: chat ctx=0..313:313 prefill chunk 162/313 (51.8%) chunk=18.33 t/s avg=18.81 t/s 8.611s
0824 04:26:39 ds4-server: chat ctx=0..313:313 prefill chunk 163/313 (52.1%) chunk=18.55 t/s avg=18.81 t/s 8.665s
0824 04:26:39 ds4-server: chat ctx=0..313:313 prefill chunk 164/313 (52.4%) chunk=18.28 t/s avg=18.81 t/s 8.719s
0824 04:26:39 ds4-server: chat ctx=0..313:313 prefill chunk 165/313 (52.7%) chunk=18.31 t/s avg=18.81 t/s 8.774s
0824 04:26:40 ds4-server: chat ctx=0..313:313 prefill chunk 166/313 (53.0%) chunk=18.10 t/s avg=18.80 t/s 8.829s
0824 04:26:40 ds4-server: chat ctx=0..313:313 prefill chunk 167/313 (53.4%) chunk=18.43 t/s avg=18.80 t/s 8.883s
0824 04:26:40 ds4-server: chat ctx=0..313:313 prefill chunk 168/313 (53.7%) chunk=18.98 t/s avg=18.80 t/s 8.936s
0824 04:26:40 ds4-server: chat ctx=0..313:313 prefill chunk 169/313 (54.0%) chunk=17.94 t/s avg=18.79 t/s 8.992s
0824 04:26:40 ds4-server: chat ctx=0..313:313 prefill chunk 170/313 (54.3%) chunk=18.80 t/s avg=18.79 t/s 9.045s
0824 04:26:40 ds4-server: chat ctx=0..313:313 prefill chunk 171/313 (54.6%) chunk=18.13 t/s avg=18.79 t/s 9.100s
0824 04:26:40 ds4-server: chat ctx=0..313:313 prefill chunk 172/313 (55.0%) chunk=17.89 t/s avg=18.79 t/s 9.156s
0824 04:26:40 ds4-server: chat ctx=0..313:313 prefill chunk 173/313 (55.3%) chunk=18.97 t/s avg=18.79 t/s 9.209s
0824 04:26:40 ds4-server: chat ctx=0..313:313 prefill chunk 174/313 (55.6%) chunk=18.17 t/s avg=18.78 t/s 9.264s
0824 04:26:40 ds4-server: chat ctx=0..313:313 prefill chunk 175/313 (55.9%) chunk=17.81 t/s avg=18.78 t/s 9.320s
0824 04:26:40 ds4-server: chat ctx=0..313:313 prefill chunk 176/313 (56.2%) chunk=18.43 t/s avg=18.77 t/s 9.374s
0824 04:26:40 ds4-server: chat ctx=0..313:313 prefill chunk 177/313 (56.5%) chunk=18.11 t/s avg=18.77 t/s 9.429s
0824 04:26:40 ds4-server: chat ctx=0..313:313 prefill chunk 178/313 (56.9%) chunk=17.94 t/s avg=18.77 t/s 9.485s
0824 04:26:40 ds4-server: chat ctx=0..313:313 prefill chunk 179/313 (57.2%) chunk=18.68 t/s avg=18.77 t/s 9.539s
0824 04:26:40 ds4-server: chat ctx=0..313:313 prefill chunk 180/313 (57.5%) chunk=18.03 t/s avg=18.76 t/s 9.594s
0824 04:26:40 ds4-server: chat ctx=0..313:313 prefill chunk 181/313 (57.8%) chunk=18.27 t/s avg=18.76 t/s 9.649s
0824 04:26:40 ds4-server: chat ctx=0..313:313 prefill chunk 182/313 (58.1%) chunk=18.81 t/s avg=18.76 t/s 9.702s
0824 04:26:40 ds4-server: chat ctx=0..313:313 prefill chunk 183/313 (58.5%) chunk=17.69 t/s avg=18.75 t/s 9.759s
0824 04:26:41 ds4-server: chat ctx=0..313:313 prefill chunk 184/313 (58.8%) chunk=18.01 t/s avg=18.75 t/s 9.814s
0824 04:26:41 ds4-server: chat ctx=0..313:313 prefill chunk 185/313 (59.1%) chunk=18.43 t/s avg=18.75 t/s 9.868s
0824 04:26:41 ds4-server: chat ctx=0..313:313 prefill chunk 186/313 (59.4%) chunk=18.03 t/s avg=18.74 t/s 9.924s
0824 04:26:41 ds4-server: chat ctx=0..313:313 prefill chunk 187/313 (59.7%) chunk=18.37 t/s avg=18.74 t/s 9.978s
0824 04:26:41 ds4-server: chat ctx=0..313:313 prefill chunk 188/313 (60.1%) chunk=18.81 t/s avg=18.74 t/s 10.031s
0824 04:26:41 ds4-server: chat ctx=0..313:313 prefill chunk 189/313 (60.4%) chunk=17.75 t/s avg=18.74 t/s 10.088s
0824 04:26:41 ds4-server: chat ctx=0..313:313 prefill chunk 190/313 (60.7%) chunk=18.96 t/s avg=18.74 t/s 10.140s
0824 04:26:41 ds4-server: chat ctx=0..313:313 prefill chunk 191/313 (61.0%) chunk=17.64 t/s avg=18.73 t/s 10.197s
0824 04:26:41 ds4-server: chat ctx=0..313:313 prefill chunk 192/313 (61.3%) chunk=18.13 t/s avg=18.73 t/s 10.252s
0824 04:26:41 ds4-server: chat ctx=0..313:313 prefill chunk 193/313 (61.7%) chunk=18.57 t/s avg=18.73 t/s 10.306s
0824 04:26:41 ds4-server: chat ctx=0..313:313 prefill chunk 194/313 (62.0%) chunk=17.94 t/s avg=18.72 t/s 10.362s
0824 04:26:41 ds4-server: chat ctx=0..313:313 prefill chunk 195/313 (62.3%) chunk=17.94 t/s avg=18.72 t/s 10.418s
0824 04:26:41 ds4-server: chat ctx=0..313:313 prefill chunk 196/313 (62.6%) chunk=18.59 t/s avg=18.72 t/s 10.471s
0824 04:26:41 ds4-server: chat ctx=0..313:313 prefill chunk 197/313 (62.9%) chunk=17.65 t/s avg=18.71 t/s 10.528s
0824 04:26:41 ds4-server: chat ctx=0..313:313 prefill chunk 198/313 (63.3%) chunk=18.50 t/s avg=18.71 t/s 10.582s
0824 04:26:41 ds4-server: chat ctx=0..313:313 prefill chunk 199/313 (63.6%) chunk=18.49 t/s avg=18.71 t/s 10.636s
0824 04:26:41 ds4-server: chat ctx=0..313:313 prefill chunk 200/313 (63.9%) chunk=18.31 t/s avg=18.71 t/s 10.691s
0824 04:26:41 ds4-server: chat ctx=0..313:313 prefill chunk 201/313 (64.2%) chunk=17.94 t/s avg=18.70 t/s 10.747s
0824 04:26:42 ds4-server: chat ctx=0..313:313 prefill chunk 202/313 (64.5%) chunk=18.56 t/s avg=18.70 t/s 10.801s
0824 04:26:42 ds4-server: chat ctx=0..313:313 prefill chunk 203/313 (64.9%) chunk=18.40 t/s avg=18.70 t/s 10.855s
0824 04:26:42 ds4-server: chat ctx=0..313:313 prefill chunk 204/313 (65.2%) chunk=18.56 t/s avg=18.70 t/s 10.909s
0824 04:26:42 ds4-server: chat ctx=0..313:313 prefill chunk 205/313 (65.5%) chunk=17.73 t/s avg=18.70 t/s 10.965s
0824 04:26:42 ds4-server: chat ctx=0..313:313 prefill chunk 206/313 (65.8%) chunk=17.74 t/s avg=18.69 t/s 11.022s
0824 04:26:42 ds4-server: chat ctx=0..313:313 prefill chunk 207/313 (66.1%) chunk=18.56 t/s avg=18.69 t/s 11.075s
0824 04:26:42 ds4-server: chat ctx=0..313:313 prefill chunk 208/313 (66.5%) chunk=18.28 t/s avg=18.69 t/s 11.130s
0824 04:26:42 ds4-server: chat ctx=0..313:313 prefill chunk 209/313 (66.8%) chunk=18.03 t/s avg=18.68 t/s 11.186s
0824 04:26:42 ds4-server: chat ctx=0..313:313 prefill chunk 210/313 (67.1%) chunk=18.26 t/s avg=18.68 t/s 11.240s
0824 04:26:42 ds4-server: chat ctx=0..313:313 prefill chunk 211/313 (67.4%) chunk=17.85 t/s avg=18.68 t/s 11.296s
0824 04:26:42 ds4-server: chat ctx=0..313:313 prefill chunk 212/313 (67.7%) chunk=18.08 t/s avg=18.68 t/s 11.352s
0824 04:26:42 ds4-server: chat ctx=0..313:313 prefill chunk 213/313 (68.1%) chunk=18.59 t/s avg=18.68 t/s 11.405s
0824 04:26:42 ds4-server: chat ctx=0..313:313 prefill chunk 214/313 (68.4%) chunk=18.18 t/s avg=18.67 t/s 11.460s
0824 04:26:42 ds4-server: chat ctx=0..313:313 prefill chunk 215/313 (68.7%) chunk=18.15 t/s avg=18.67 t/s 11.516s
0824 04:26:42 ds4-server: chat ctx=0..313:313 prefill chunk 216/313 (69.0%) chunk=18.66 t/s avg=18.67 t/s 11.569s
0824 04:26:42 ds4-server: chat ctx=0..313:313 prefill chunk 217/313 (69.3%) chunk=18.11 t/s avg=18.67 t/s 11.624s
0824 04:26:42 ds4-server: chat ctx=0..313:313 prefill chunk 218/313 (69.6%) chunk=18.07 t/s avg=18.66 t/s 11.680s
0824 04:26:42 ds4-server: chat ctx=0..313:313 prefill chunk 219/313 (70.0%) chunk=18.52 t/s avg=18.66 t/s 11.734s
0824 04:26:42 ds4-server: chat ctx=0..313:313 prefill chunk 220/313 (70.3%) chunk=17.78 t/s avg=18.66 t/s 11.790s
0824 04:26:43 ds4-server: chat ctx=0..313:313 prefill chunk 221/313 (70.6%) chunk=18.48 t/s avg=18.66 t/s 11.844s
0824 04:26:43 ds4-server: chat ctx=0..313:313 prefill chunk 222/313 (70.9%) chunk=17.87 t/s avg=18.66 t/s 11.900s
0824 04:26:43 ds4-server: chat ctx=0..313:313 prefill chunk 223/313 (71.2%) chunk=18.05 t/s avg=18.65 t/s 11.955s
0824 04:26:43 ds4-server: chat ctx=0..313:313 prefill chunk 224/313 (71.6%) chunk=18.23 t/s avg=18.65 t/s 12.010s
0824 04:26:43 ds4-server: chat ctx=0..313:313 prefill chunk 225/313 (71.9%) chunk=18.56 t/s avg=18.65 t/s 12.064s
0824 04:26:43 ds4-server: chat ctx=0..313:313 prefill chunk 226/313 (72.2%) chunk=17.83 t/s avg=18.65 t/s 12.120s
0824 04:26:43 ds4-server: chat ctx=0..313:313 prefill chunk 227/313 (72.5%) chunk=17.90 t/s avg=18.64 t/s 12.176s
0824 04:26:43 ds4-server: chat ctx=0..313:313 prefill chunk 228/313 (72.8%) chunk=18.72 t/s avg=18.64 t/s 12.229s
0824 04:26:43 ds4-server: chat ctx=0..313:313 prefill chunk 229/313 (73.2%) chunk=17.63 t/s avg=18.64 t/s 12.286s
0824 04:26:43 ds4-server: chat ctx=0..313:313 prefill chunk 230/313 (73.5%) chunk=18.41 t/s avg=18.64 t/s 12.341s
0824 04:26:43 ds4-server: chat ctx=0..313:313 prefill chunk 231/313 (73.8%) chunk=18.12 t/s avg=18.64 t/s 12.396s
0824 04:26:43 ds4-server: chat ctx=0..313:313 prefill chunk 232/313 (74.1%) chunk=17.68 t/s avg=18.63 t/s 12.452s
0824 04:26:43 ds4-server: chat ctx=0..313:313 prefill chunk 233/313 (74.4%) chunk=18.46 t/s avg=18.63 t/s 12.506s
0824 04:26:43 ds4-server: chat ctx=0..313:313 prefill chunk 234/313 (74.8%) chunk=17.64 t/s avg=18.63 t/s 12.563s
0824 04:26:43 ds4-server: chat ctx=0..313:313 prefill chunk 235/313 (75.1%) chunk=17.68 t/s avg=18.62 t/s 12.620s
0824 04:26:43 ds4-server: chat ctx=0..313:313 prefill chunk 236/313 (75.4%) chunk=18.84 t/s avg=18.62 t/s 12.673s
0824 04:26:43 ds4-server: chat ctx=0..313:313 prefill chunk 237/313 (75.7%) chunk=17.18 t/s avg=18.62 t/s 12.731s
0824 04:26:43 ds4-server: chat ctx=0..313:313 prefill chunk 238/313 (76.0%) chunk=17.85 t/s avg=18.61 t/s 12.787s
0824 04:26:44 ds4-server: chat ctx=0..313:313 prefill chunk 239/313 (76.4%) chunk=18.05 t/s avg=18.61 t/s 12.842s
0824 04:26:44 ds4-server: chat ctx=0..313:313 prefill chunk 240/313 (76.7%) chunk=17.63 t/s avg=18.61 t/s 12.899s
0824 04:26:44 ds4-server: chat ctx=0..313:313 prefill chunk 241/313 (77.0%) chunk=18.02 t/s avg=18.60 t/s 12.955s
0824 04:26:44 ds4-server: chat ctx=0..313:313 prefill chunk 242/313 (77.3%) chunk=18.55 t/s avg=18.60 t/s 13.009s
0824 04:26:44 ds4-server: chat ctx=0..313:313 prefill chunk 243/313 (77.6%) chunk=18.03 t/s avg=18.60 t/s 13.064s
0824 04:26:44 ds4-server: chat ctx=0..313:313 prefill chunk 244/313 (78.0%) chunk=17.17 t/s avg=18.59 t/s 13.122s
0824 04:26:44 ds4-server: chat ctx=0..313:313 prefill chunk 245/313 (78.3%) chunk=18.08 t/s avg=18.59 t/s 13.178s
0824 04:26:44 ds4-server: chat ctx=0..313:313 prefill chunk 246/313 (78.6%) chunk=18.48 t/s avg=18.59 t/s 13.232s
0824 04:26:44 ds4-server: chat ctx=0..313:313 prefill chunk 247/313 (78.9%) chunk=18.04 t/s avg=18.59 t/s 13.287s
0824 04:26:44 ds4-server: chat ctx=0..313:313 prefill chunk 248/313 (79.2%) chunk=18.16 t/s avg=18.59 t/s 13.342s
0824 04:26:44 ds4-server: chat ctx=0..313:313 prefill chunk 249/313 (79.6%) chunk=17.78 t/s avg=18.58 t/s 13.398s
0824 04:26:44 ds4-server: chat ctx=0..313:313 prefill chunk 250/313 (79.9%) chunk=17.95 t/s avg=18.58 t/s 13.454s
0824 04:26:44 ds4-server: chat ctx=0..313:313 prefill chunk 251/313 (80.2%) chunk=18.30 t/s avg=18.58 t/s 13.509s
0824 04:26:44 ds4-server: chat ctx=0..313:313 prefill chunk 252/313 (80.5%) chunk=17.77 t/s avg=18.58 t/s 13.565s
0824 04:26:44 ds4-server: chat ctx=0..313:313 prefill chunk 253/313 (80.8%) chunk=17.89 t/s avg=18.57 t/s 13.621s
0824 04:26:44 ds4-server: chat ctx=0..313:313 prefill chunk 254/313 (81.2%) chunk=18.43 t/s avg=18.57 t/s 13.675s
0824 04:26:44 ds4-server: chat ctx=0..313:313 prefill chunk 255/313 (81.5%) chunk=18.01 t/s avg=18.57 t/s 13.731s
0824 04:26:44 ds4-server: chat ctx=0..313:313 prefill chunk 256/313 (81.8%) chunk=18.12 t/s avg=18.57 t/s 13.786s
0824 04:26:45 ds4-server: chat ctx=0..313:313 prefill chunk 257/313 (82.1%) chunk=18.53 t/s avg=18.57 t/s 13.840s
0824 04:26:45 ds4-server: chat ctx=0..313:313 prefill chunk 258/313 (82.4%) chunk=18.23 t/s avg=18.57 t/s 13.895s
0824 04:26:45 ds4-server: chat ctx=0..313:313 prefill chunk 259/313 (82.7%) chunk=18.01 t/s avg=18.57 t/s 13.950s
0824 04:26:45 ds4-server: chat ctx=0..313:313 prefill chunk 260/313 (83.1%) chunk=18.05 t/s avg=18.56 t/s 14.006s
0824 04:26:45 ds4-server: chat ctx=0..313:313 prefill chunk 261/313 (83.4%) chunk=17.58 t/s avg=18.56 t/s 14.063s
0824 04:26:45 ds4-server: chat ctx=0..313:313 prefill chunk 262/313 (83.7%) chunk=17.71 t/s avg=18.56 t/s 14.119s
0824 04:26:45 ds4-server: chat ctx=0..313:313 prefill chunk 263/313 (84.0%) chunk=18.58 t/s avg=18.56 t/s 14.173s
0824 04:26:45 ds4-server: chat ctx=0..313:313 prefill chunk 264/313 (84.3%) chunk=17.91 t/s avg=18.55 t/s 14.229s
0824 04:26:45 ds4-server: chat ctx=0..313:313 prefill chunk 265/313 (84.7%) chunk=17.58 t/s avg=18.55 t/s 14.286s
0824 04:26:45 ds4-server: chat ctx=0..313:313 prefill chunk 266/313 (85.0%) chunk=18.25 t/s avg=18.55 t/s 14.340s
0824 04:26:45 ds4-server: chat ctx=0..313:313 prefill chunk 267/313 (85.3%) chunk=17.77 t/s avg=18.55 t/s 14.397s
0824 04:26:45 ds4-server: chat ctx=0..313:313 prefill chunk 268/313 (85.6%) chunk=17.57 t/s avg=18.54 t/s 14.454s
0824 04:26:45 ds4-server: chat ctx=0..313:313 prefill chunk 269/313 (85.9%) chunk=18.73 t/s avg=18.54 t/s 14.507s
0824 04:26:45 ds4-server: chat ctx=0..313:313 prefill chunk 270/313 (86.3%) chunk=17.47 t/s avg=18.54 t/s 14.564s
0824 04:26:45 ds4-server: chat ctx=0..313:313 prefill chunk 271/313 (86.6%) chunk=17.82 t/s avg=18.54 t/s 14.620s
0824 04:26:45 ds4-server: chat ctx=0..313:313 prefill chunk 272/313 (86.9%) chunk=18.26 t/s avg=18.53 t/s 14.675s
0824 04:26:45 ds4-server: chat ctx=0..313:313 prefill chunk 273/313 (87.2%) chunk=17.56 t/s avg=18.53 t/s 14.732s
0824 04:26:45 ds4-server: chat ctx=0..313:313 prefill chunk 274/313 (87.5%) chunk=17.54 t/s avg=18.53 t/s 14.789s
0824 04:26:46 ds4-server: chat ctx=0..313:313 prefill chunk 275/313 (87.9%) chunk=18.08 t/s avg=18.53 t/s 14.844s
0824 04:26:46 ds4-server: chat ctx=0..313:313 prefill chunk 276/313 (88.2%) chunk=18.17 t/s avg=18.52 t/s 14.899s
0824 04:26:46 ds4-server: chat ctx=0..313:313 prefill chunk 277/313 (88.5%) chunk=17.95 t/s avg=18.52 t/s 14.955s
0824 04:26:46 ds4-server: chat ctx=0..313:313 prefill chunk 278/313 (88.8%) chunk=17.88 t/s avg=18.52 t/s 15.011s
0824 04:26:46 ds4-server: chat ctx=0..313:313 prefill chunk 279/313 (89.1%) chunk=17.98 t/s avg=18.52 t/s 15.067s
ds4: qwen35moe experts/token avg over 128 tokens: 0:14.8 1:14.4 2:15.2 3:16.9 4:15.3 5:14.7 6:14.3 7:15.9 8:16.9 9:15.1 10:14.0 11:13.9 12:14.4 13:14.5 14:14.6 15:14.7 16:14.6 17:14.7 18:14.5 19:15.1 20:16.5 21:14.8 22:14.4 23:14.2 24:15.7 25:15.2 26:16.2 27:15.8 28:16.1 29:16.6 30:17.6 31:17.6 32:17.3 33:17.9 34:17.7 35:19.1 36:19.4 37:19.3 38:19.5 39:19.1 | mean 16.0
0824 04:26:46 ds4-server: chat ctx=0..313:313 prefill chunk 280/313 (89.5%) chunk=17.49 t/s avg=18.51 t/s 15.124s
0824 04:26:46 ds4-server: chat ctx=0..313:313 prefill chunk 281/313 (89.8%) chunk=17.54 t/s avg=18.51 t/s 15.181s
0824 04:26:46 ds4-server: chat ctx=0..313:313 prefill chunk 282/313 (90.1%) chunk=18.19 t/s avg=18.51 t/s 15.236s
0824 04:26:46 ds4-server: chat ctx=0..313:313 prefill chunk 283/313 (90.4%) chunk=17.92 t/s avg=18.51 t/s 15.292s
0824 04:26:46 ds4-server: chat ctx=0..313:313 prefill chunk 284/313 (90.7%) chunk=17.37 t/s avg=18.50 t/s 15.349s
0824 04:26:46 ds4-server: chat ctx=0..313:313 prefill chunk 285/313 (91.1%) chunk=18.44 t/s avg=18.50 t/s 15.403s
0824 04:26:46 ds4-server: chat ctx=0..313:313 prefill chunk 286/313 (91.4%) chunk=18.44 t/s avg=18.50 t/s 15.458s
0824 04:26:46 ds4-server: chat ctx=0..313:313 prefill chunk 287/313 (91.7%) chunk=18.67 t/s avg=18.50 t/s 15.511s
0824 04:26:46 ds4-server: chat ctx=0..313:313 prefill chunk 288/313 (92.0%) chunk=17.87 t/s avg=18.50 t/s 15.567s
0824 04:26:46 ds4-server: chat ctx=0..313:313 prefill chunk 289/313 (92.3%) chunk=17.32 t/s avg=18.50 t/s 15.625s
0824 04:26:46 ds4-server: chat ctx=0..313:313 prefill chunk 290/313 (92.7%) chunk=17.77 t/s avg=18.49 t/s 15.681s
0824 04:26:46 ds4-server: chat ctx=0..313:313 prefill chunk 291/313 (93.0%) chunk=18.68 t/s avg=18.49 t/s 15.735s
0824 04:26:46 ds4-server: chat ctx=0..313:313 prefill chunk 292/313 (93.3%) chunk=17.37 t/s avg=18.49 t/s 15.792s
0824 04:26:47 ds4-server: chat ctx=0..313:313 prefill chunk 293/313 (93.6%) chunk=17.54 t/s avg=18.49 t/s 15.849s
0824 04:26:47 ds4-server: chat ctx=0..313:313 prefill chunk 294/313 (93.9%) chunk=18.00 t/s avg=18.48 t/s 15.905s
0824 04:26:47 ds4-server: chat ctx=0..313:313 prefill chunk 295/313 (94.2%) chunk=17.55 t/s avg=18.48 t/s 15.962s
0824 04:26:47 ds4-server: chat ctx=0..313:313 prefill chunk 296/313 (94.6%) chunk=17.52 t/s avg=18.48 t/s 16.019s
0824 04:26:47 ds4-server: chat ctx=0..313:313 prefill chunk 297/313 (94.9%) chunk=18.06 t/s avg=18.48 t/s 16.074s
0824 04:26:47 ds4-server: chat ctx=0..313:313 prefill chunk 298/313 (95.2%) chunk=18.02 t/s avg=18.48 t/s 16.130s
0824 04:26:47 ds4-server: chat ctx=0..313:313 prefill chunk 299/313 (95.5%) chunk=17.35 t/s avg=18.47 t/s 16.187s
0824 04:26:47 ds4-server: chat ctx=0..313:313 prefill chunk 300/313 (95.8%) chunk=18.28 t/s avg=18.47 t/s 16.242s
0824 04:26:47 ds4-server: chat ctx=0..313:313 prefill chunk 301/313 (96.2%) chunk=17.11 t/s avg=18.47 t/s 16.301s
0824 04:26:47 ds4-server: chat ctx=0..313:313 prefill chunk 302/313 (96.5%) chunk=17.90 t/s avg=18.46 t/s 16.356s
0824 04:26:47 ds4-server: chat ctx=0..313:313 prefill chunk 303/313 (96.8%) chunk=18.59 t/s avg=18.46 t/s 16.410s
0824 04:26:47 ds4-server: chat ctx=0..313:313 prefill chunk 304/313 (97.1%) chunk=18.38 t/s avg=18.46 t/s 16.465s
0824 04:26:47 ds4-server: chat ctx=0..313:313 prefill chunk 305/313 (97.4%) chunk=17.62 t/s avg=18.46 t/s 16.521s
0824 04:26:47 ds4-server: chat ctx=0..313:313 prefill chunk 306/313 (97.8%) chunk=18.59 t/s avg=18.46 t/s 16.575s
0824 04:26:47 ds4-server: chat ctx=0..313:313 prefill chunk 307/313 (98.1%) chunk=18.50 t/s avg=18.46 t/s 16.629s
0824 04:26:47 ds4-server: chat ctx=0..313:313 prefill chunk 308/313 (98.4%) chunk=17.92 t/s avg=18.46 t/s 16.685s
0824 04:26:47 ds4-server: chat ctx=0..313:313 prefill chunk 309/313 (98.7%) chunk=19.06 t/s avg=18.46 t/s 16.738s
0824 04:26:47 ds4-server: chat ctx=0..313:313 prefill chunk 310/313 (99.0%) chunk=18.96 t/s avg=18.46 t/s 16.790s
0824 04:26:48 ds4-server: chat ctx=0..313:313 prefill chunk 311/313 (99.4%) chunk=18.29 t/s avg=18.46 t/s 16.845s
0824 04:26:48 ds4-server: chat ctx=0..313:313 prefill chunk 312/313 (99.7%) chunk=19.25 t/s avg=18.46 t/s 16.897s
0824 04:26:48 ds4-server: chat ctx=0..313:313 prefill chunk 313/313 (100.0%) chunk=18.94 t/s avg=18.47 t/s 16.950s
0824 04:26:48 ds4-server: chat ctx=0..313:313 prompt done 16.950s
0824 04:26:50 ds4-server: chat ctx=313..363:50 gen=50 THINKING decoding chunk=17.98 t/s avg=17.98 t/s 2.781s
ds4: qwen35moe experts/token avg over 128 tokens: 0:14.4 1:14.3 2:14.8 3:16.3 4:14.6 5:14.7 6:14.4 7:15.4 8:16.5 9:15.2 10:13.7 11:13.6 12:14.8 13:14.6 14:14.8 15:15.4 16:15.5 17:14.9 18:15.0 19:15.4 20:16.6 21:15.5 22:14.5 23:14.6 24:16.1 25:15.1 26:16.5 27:16.2 28:16.1 29:16.1 30:16.0 31:16.6 32:16.2 33:15.8 34:15.7 35:17.4 36:17.6 37:17.8 38:19.2 39:18.1 | mean 15.7
0824 04:26:53 ds4-server: chat ctx=363..413:50 gen=100 THINKING decoding chunk=17.86 t/s avg=17.92 t/s 5.581s
0824 04:26:56 ds4-server: chat ctx=413..463:50 gen=150 THINKING decoding chunk=18.06 t/s avg=17.97 t/s 8.349s
0824 04:26:59 ds4-server: chat ctx=463..513:50 gen=200 THINKING decoding chunk=17.63 t/s avg=17.88 t/s 11.185s
ds4: qwen35moe experts/token avg over 128 tokens: 0:15.0 1:15.0 2:15.2 3:16.6 4:15.4 5:15.2 6:14.8 7:16.1 8:17.2 9:14.9 10:14.1 11:13.6 12:14.8 13:14.9 14:15.3 15:15.3 16:15.1 17:14.8 18:14.3 19:15.3 20:15.8 21:14.8 22:14.5 23:14.5 24:15.4 25:14.5 26:15.6 27:15.2 28:15.4 29:15.1 30:14.9 31:15.7 32:15.3 33:14.2 34:14.7 35:16.5 36:15.7 37:16.0 38:17.8 39:16.8 | mean 15.3
0824 04:27:02 ds4-server: chat ctx=513..563:50 gen=250 THINKING decoding chunk=17.88 t/s avg=17.88 t/s 13.983s
0824 04:27:05 ds4-server: chat ctx=563..613:50 gen=300 THINKING decoding chunk=17.12 t/s avg=17.75 t/s 16.903s
0824 04:27:07 ds4-server: chat ctx=613..663:50 gen=350 THINKING decoding chunk=17.00 t/s avg=17.64 t/s 19.843s
ds4: qwen35moe experts/token avg over 128 tokens: 0:14.8 1:14.9 2:15.4 3:16.8 4:16.5 5:16.2 6:15.9 7:16.7 8:17.8 9:17.2 10:15.5 11:14.4 12:16.2 13:15.8 14:16.3 15:16.6 16:16.1 17:15.8 18:15.9 19:16.4 20:16.9 21:16.6 22:15.8 23:15.9 24:16.2 25:15.4 26:17.1 27:16.6 28:16.7 29:16.9 30:17.4 31:17.8 32:16.8 33:15.8 34:16.6 35:18.9 36:18.2 37:18.1 38:19.4 39:17.8 | mean 16.6
0824 04:27:10 ds4-server: chat ctx=663..713:50 gen=400 THINKING decoding chunk=17.49 t/s avg=17.62 t/s 22.702s
0824 04:27:13 ds4-server: chat ctx=713..763:50 gen=450 THINKING decoding chunk=17.60 t/s avg=17.62 t/s 25.544s
ds4: qwen35moe experts/token avg over 128 tokens: 0:15.0 1:15.8 2:15.6 3:16.6 4:15.6 5:14.7 6:14.7 7:15.7 8:15.9 9:15.3 10:14.6 11:14.2 12:15.5 13:15.0 14:15.2 15:15.4 16:15.1 17:15.0 18:14.1 19:14.8 20:15.3 21:14.9 22:14.6 23:13.8 24:14.7 25:14.2 26:14.7 27:15.4 28:14.5 29:14.3 30:14.4 31:15.1 32:15.0 33:14.2 34:14.2 35:16.2 36:15.8 37:15.5 38:18.0 39:16.5 | mean 15.1
0824 04:27:16 ds4-server: chat ctx=763..813:50 gen=500 THINKING decoding chunk=17.38 t/s avg=17.59 t/s 28.421s
0824 04:27:19 ds4-server: chat ctx=813..863:50 gen=550 THINKING decoding chunk=16.88 t/s avg=17.53 t/s 31.384s
0824 04:27:22 ds4-server: chat ctx=863..913:50 gen=600 THINKING decoding chunk=16.85 t/s avg=17.47 t/s 34.350s
ds4: qwen35moe experts/token avg over 128 tokens: 0:14.5 1:15.4 2:15.1 3:17.0 4:16.6 5:16.1 6:15.6 7:16.9 8:17.6 9:16.5 10:15.0 11:14.9 12:16.2 13:16.2 14:16.3 15:16.2 16:16.1 17:16.0 18:15.5 19:15.9 20:16.3 21:16.4 22:15.6 23:15.8 24:16.4 25:15.5 26:16.8 27:16.4 28:16.4 29:15.6 30:16.0 31:16.8 32:16.0 33:15.2 34:15.7 35:17.8 36:16.6 37:17.2 38:18.9 39:17.5 | mean 16.2
0824 04:27:25 ds4-server: chat ctx=913..963:50 gen=650 THINKING decoding chunk=16.51 t/s avg=17.39 t/s 37.378s
0824 04:27:28 ds4-server: chat ctx=963..1013:50 gen=700 THINKING decoding chunk=16.75 t/s avg=17.34 t/s 40.363s
ds4: qwen35moe experts/token avg over 128 tokens: 0:14.9 1:15.4 2:15.6 3:16.9 4:16.4 5:16.2 6:16.0 7:17.0 8:17.5 9:16.2 10:14.9 11:14.4 12:16.1 13:16.1 14:17.0 15:16.6 16:16.5 17:16.1 18:16.1 19:16.6 20:17.1 21:17.0 22:15.8 23:15.9 24:16.4 25:15.9 26:16.9 27:16.7 28:16.5 29:16.5 30:16.3 31:17.3 32:16.3 33:16.2 34:16.0 35:18.2 36:17.4 37:18.2 38:19.0 39:18.2 | mean 16.5
0824 04:27:31 ds4-server: chat ctx=1013..1063:50 gen=750 THINKING decoding chunk=16.22 t/s avg=17.26 t/s 43.445s
0824 04:27:34 ds4-server: chat ctx=1063..1113:50 gen=800 THINKING decoding chunk=16.20 t/s avg=17.19 t/s 46.532s
0824 04:27:37 ds4-server: chat ctx=1113..1163:50 gen=850 THINKING decoding chunk=15.92 t/s avg=17.11 t/s 49.673s
ds4: qwen35moe experts/token avg over 128 tokens: 0:14.9 1:15.6 2:15.7 3:17.8 4:17.1 5:17.2 6:17.1 7:17.9 8:18.2 9:17.5 10:16.0 11:15.7 12:16.7 13:16.5 14:17.5 15:17.3 16:16.8 17:16.9 18:17.1 19:17.4 20:17.8 21:17.6 22:16.1 23:17.4 24:18.1 25:17.1 26:17.8 27:17.9 28:17.7 29:17.6 30:18.6 31:18.0 32:18.5 33:18.4 34:18.4 35:19.5 36:19.6 37:19.5 38:19.8 39:19.1 | mean 17.5
0824 04:27:40 ds4-server: chat ctx=1163..1213:50 gen=900 THINKING decoding chunk=16.06 t/s avg=17.05 t/s 52.786s
0824 04:27:43 ds4-server: chat ctx=1213..1263:50 gen=950 THINKING decoding chunk=16.33 t/s avg=17.01 t/s 55.849s
ds4: qwen35moe experts/token avg over 128 tokens: 0:14.6 1:15.6 2:15.2 3:17.1 4:17.0 5:16.8 6:16.7 7:17.3 8:17.9 9:17.1 10:15.2 11:15.3 12:16.8 13:16.3 14:17.2 15:16.9 16:16.8 17:16.2 18:16.1 19:16.3 20:16.5 21:16.7 22:15.6 23:15.3 24:15.9 25:15.7 26:16.5 27:15.9 28:15.8 29:15.6 30:15.8 31:16.6 32:15.9 33:15.8 34:15.2 35:17.5 36:16.4 37:16.9 38:18.4 39:17.3 | mean 16.3
0824 04:27:47 ds4-server: chat ctx=1263..1313:50 gen=1000 THINKING decoding chunk=16.30 t/s avg=16.97 t/s 58.916s
0824 04:27:50 ds4-server: chat ctx=1313..1363:50 gen=1050 THINKING decoding chunk=15.97 t/s avg=16.92 t/s 62.047s
0824 04:27:53 ds4-server: chat ctx=1363..1413:50 gen=1100 THINKING decoding chunk=16.01 t/s avg=16.88 t/s 65.171s
ds4: qwen35moe experts/token avg over 128 tokens: 0:14.8 1:16.0 2:15.8 3:17.0 4:16.8 5:16.2 6:16.1 7:16.7 8:17.7 9:17.0 10:15.3 11:14.8 12:16.8 13:15.9 14:17.1 15:16.5 16:16.7 17:16.2 18:16.1 19:16.6 20:16.9 21:17.1 22:15.5 23:15.8 24:16.0 25:15.5 26:16.1 27:16.0 28:16.2 29:15.6 30:16.3 31:16.3 32:15.8 33:15.6 34:15.3 35:17.4 36:16.6 37:17.2 38:18.9 39:17.1 | mean 16.3
0824 04:27:56 ds4-server: chat ctx=1413..1463:50 gen=1150 THINKING decoding chunk=16.07 t/s avg=16.84 t/s 68.282s
0824 04:27:59 ds4-server: chat ctx=1463..1513:50 gen=1200 THINKING decoding chunk=15.88 t/s avg=16.80 t/s 71.430s
ds4: qwen35moe experts/token avg over 128 tokens: 0:14.8 1:15.8 2:15.0 3:16.9 4:17.0 5:16.0 6:16.1 7:17.0 8:17.7 9:16.5 10:14.7 11:14.8 12:16.3 13:16.2 14:16.5 15:15.9 16:15.6 17:15.8 18:15.3 19:16.3 20:16.2 21:16.2 22:15.3 23:14.8 24:16.0 25:16.0 26:16.1 27:15.7 28:15.8 29:14.9 30:15.1 31:16.0 32:15.2 33:15.1 34:14.2 35:17.0 36:15.6 37:16.8 38:18.0 39:16.6 | mean 15.9
0824 04:28:02 ds4-server: chat ctx=1513..1563:50 gen=1250 THINKING decoding chunk=15.90 t/s avg=16.76 t/s 74.574s
0824 04:28:05 ds4-server: chat ctx=1563..1613:50 gen=1300 THINKING decoding chunk=15.38 t/s avg=16.70 t/s 77.824s
0824 04:28:09 ds4-server: chat ctx=1613..1663:50 gen=1350 THINKING decoding chunk=15.89 t/s avg=16.67 t/s 80.971s
ds4: qwen35moe experts/token avg over 128 tokens: 0:15.0 1:15.9 2:15.5 3:17.5 4:16.9 5:16.5 6:16.5 7:17.2 8:17.9 9:16.7 10:15.4 11:15.0 12:16.5 13:16.2 14:17.0 15:16.6 16:16.2 17:17.2 18:15.6 19:16.4 20:16.6 21:16.5 22:15.8 23:16.1 24:16.2 25:15.4 26:16.1 27:16.0 28:16.0 29:15.7 30:15.3 31:16.5 32:15.7 33:16.0 34:15.4 35:17.5 36:16.8 37:17.0 38:18.7 39:17.1 | mean 16.3
0824 04:28:12 ds4-server: chat ctx=1663..1713:50 gen=1400 THINKING decoding chunk=15.71 t/s avg=16.64 t/s 84.155s
0824 04:28:15 ds4-server: chat ctx=1713..1763:50 gen=1450 THINKING decoding chunk=15.39 t/s avg=16.59 t/s 87.405s
0824 04:28:18 ds4-server: chat ctx=1763..1813:50 gen=1500 THINKING decoding chunk=15.31 t/s avg=16.54 t/s 90.670s
ds4: qwen35moe experts/token avg over 128 tokens: 0:14.5 1:15.6 2:15.3 3:17.0 4:17.4 5:16.7 6:16.8 7:17.5 8:18.0 9:16.9 10:15.3 11:15.8 12:17.1 13:17.0 14:17.7 15:16.8 16:16.9 17:16.8 18:16.6 19:16.9 20:17.0 21:17.6 22:16.3 23:16.5 24:16.8 25:16.5 26:16.9 27:16.4 28:16.8 29:15.9 30:16.3 31:17.1 32:16.0 33:15.9 34:15.7 35:17.6 36:17.0 37:17.8 38:19.0 39:17.6 | mean 16.7
0824 04:28:22 ds4-server: chat ctx=1813..1863:50 gen=1550 THINKING decoding chunk=15.26 t/s avg=16.50 t/s 93.947s
0824 04:28:25 ds4-server: chat ctx=1863..1913:50 gen=1600 THINKING decoding chunk=15.43 t/s avg=16.46 t/s 97.188s
ds4: qwen35moe experts/token avg over 128 tokens: 0:14.6 1:16.4 2:15.3 3:17.0 4:16.6 5:16.2 6:16.5 7:17.5 8:18.3 9:17.0 10:15.6 11:15.2 12:16.6 13:16.9 14:17.2 15:16.6 16:16.8 17:16.5 18:15.7 19:16.1 20:16.7 21:16.9 22:15.3 23:15.7 24:16.6 25:15.7 26:16.3 27:15.9 28:15.7 29:15.4 30:15.6 31:15.8 32:15.5 33:15.1 34:14.8 35:17.0 36:16.6 37:17.1 38:18.4 39:17.1 | mean 16.3
0824 04:28:28 ds4-server: chat ctx=1913..1963:50 gen=1650 THINKING decoding chunk=14.99 t/s avg=16.41 t/s 100.522s
0824 04:28:31 ds4-server: chat ctx=1963..2013:50 gen=1700 THINKING decoding chunk=15.09 t/s avg=16.37 t/s 103.836s
0824 04:28:35 ds4-server: chat ctx=2013..2063:50 gen=1750 THINKING decoding chunk=15.15 t/s avg=16.33 t/s 107.136s
ds4: qwen35moe experts/token avg over 128 tokens: 0:15.2 1:16.2 2:15.4 3:16.9 4:17.1 5:16.6 6:16.9 7:17.6 8:17.8 9:17.3 10:15.8 11:15.5 12:17.1 13:16.5 14:17.5 15:17.1 16:16.4 17:16.7 18:16.8 19:17.1 20:16.9 21:17.2 22:16.3 23:16.3 24:16.8 25:16.5 26:16.8 27:16.4 28:16.2 29:16.3 30:16.0 31:16.9 32:16.0 33:15.9 34:15.0 35:17.7 36:17.2 37:17.3 38:18.8 39:17.4 | mean 16.7
0824 04:28:38 ds4-server: chat ctx=2063..2113:50 gen=1800 THINKING decoding chunk=15.23 t/s avg=16.30 t/s 110.420s
0824 04:28:41 ds4-server: chat ctx=2113..2163:50 gen=1850 THINKING decoding chunk=14.96 t/s avg=16.26 t/s 113.762s
ds4: qwen35moe experts/token avg over 128 tokens: 0:16.0 1:16.4 2:15.6 3:17.5 4:17.0 5:16.6 6:15.7 7:16.8 8:17.9 9:16.7 10:15.1 11:15.1 12:16.2 13:16.1 14:16.6 15:16.1 16:16.5 17:16.3 18:14.9 19:16.4 20:17.2 21:15.5 22:15.2 23:14.9 24:16.0 25:15.2 26:16.2 27:16.0 28:15.8 29:15.7 30:15.1 31:15.8 32:15.2 33:14.2 34:14.2 35:16.1 36:16.0 37:16.3 38:18.4 39:17.1 | mean 16.0
0824 04:28:45 ds4-server: chat ctx=2163..2213:50 gen=1900 THINKING decoding chunk=14.84 t/s avg=16.22 t/s 117.132s
0824 04:28:48 ds4-server: chat ctx=2213..2263:50 gen=1950 THINKING decoding chunk=14.86 t/s avg=16.18 t/s 120.497s
0824 04:28:52 ds4-server: chat ctx=2263..2313:50 gen=2000 THINKING decoding chunk=14.62 t/s avg=16.14 t/s 123.918s
ds4: qwen35moe experts/token avg over 128 tokens: 0:15.0 1:16.0 2:15.3 3:16.8 4:16.8 5:16.7 6:16.8 7:17.7 8:17.8 9:17.3 10:15.7 11:15.8 12:17.0 13:16.6 14:16.6 15:16.9 16:16.7 17:16.8 18:16.1 19:16.7 20:16.9 21:17.2 22:15.9 23:15.5 24:16.1 25:15.8 26:16.0 27:15.7 28:16.1 29:15.7 30:15.9 31:16.6 32:15.6 33:15.9 34:15.3 35:17.5 36:17.2 37:17.8 38:18.7 39:17.4 | mean 16.5
0824 04:28:55 ds4-server: chat ctx=2313..2363:50 gen=2050 THINKING decoding chunk=14.76 t/s avg=16.10 t/s 127.306s
0824 04:28:58 ds4-server: chat ctx=2363..2413:50 gen=2100 THINKING decoding chunk=14.66 t/s avg=16.07 t/s 130.718s
ds4: qwen35moe experts/token avg over 128 tokens: 0:15.2 1:16.3 2:15.7 3:18.0 4:17.0 5:17.1 6:16.7 7:17.9 8:18.6 9:17.4 10:16.0 11:15.4 12:16.8 13:16.1 14:17.4 15:16.7 16:16.2 17:16.8 18:15.4 19:16.2 20:17.9 21:16.4 22:15.3 23:15.0 24:15.7 25:15.2 26:16.2 27:15.8 28:15.8 29:15.4 30:15.1 31:15.6 32:16.0 33:14.7 34:14.7 35:16.6 36:16.3 37:17.5 38:18.8 39:17.5 | mean 16.4
0824 04:29:02 ds4-server: chat ctx=2413..2463:50 gen=2150 THINKING decoding chunk=14.54 t/s avg=16.03 t/s 134.157s
0824 04:29:05 ds4-server: chat ctx=2463..2513:50 gen=2200 THINKING decoding chunk=14.57 t/s avg=15.99 t/s 137.588s
0824 04:29:09 ds4-server: chat ctx=2513..2563:50 gen=2250 THINKING decoding chunk=14.56 t/s avg=15.95 t/s 141.023s
ds4: qwen35moe experts/token avg over 128 tokens: 0:14.7 1:16.3 2:15.1 3:16.7 4:16.8 5:16.3 6:16.3 7:17.5 8:17.1 9:17.0 10:15.3 11:14.9 12:16.3 13:16.5 14:16.6 15:16.5 16:16.4 17:16.5 18:15.6 19:16.4 20:17.3 21:16.5 22:15.9 23:14.9 24:15.9 25:15.8 26:15.5 27:16.1 28:15.7 29:16.1 30:15.5 31:16.1 32:15.7 33:15.0 34:14.6 35:16.4 36:16.7 37:17.0 38:18.4 39:17.2 | mean 16.2
0824 04:29:12 ds4-server: chat ctx=2563..2613:50 gen=2300 THINKING decoding chunk=14.48 t/s avg=15.92 t/s 144.477s
0824 04:29:16 ds4-server: chat ctx=2613..2663:50 gen=2350 THINKING decoding chunk=14.32 t/s avg=15.88 t/s 147.969s
ds4: qwen35moe experts/token avg over 128 tokens: 0:14.9 1:15.7 2:15.0 3:17.0 4:16.6 5:15.7 6:16.7 7:17.2 8:17.6 9:17.0 10:15.1 11:15.2 12:16.2 13:16.5 14:16.8 15:16.7 16:16.6 17:15.6 18:15.9 19:15.9 20:16.5 21:17.1 22:15.7 23:15.3 24:16.1 25:16.1 26:15.7 27:15.9 28:15.7 29:15.4 30:15.4 31:16.5 32:15.4 33:14.8 34:14.5 35:17.2 36:17.1 37:17.3 38:18.9 39:17.0 | mean 16.2
0824 04:29:19 ds4-server: chat ctx=2663..2713:50 gen=2400 THINKING decoding chunk=14.36 t/s avg=15.85 t/s 151.451s
0824 04:29:23 ds4-server: chat ctx=2713..2763:50 gen=2450 THINKING decoding chunk=14.01 t/s avg=15.80 t/s 155.020s
0824 04:29:26 ds4-server: chat ctx=2763..2813:50 gen=2500 THINKING decoding chunk=14.36 t/s avg=15.77 t/s 158.503s
ds4: qwen35moe experts/token avg over 128 tokens: 0:15.4 1:16.0 2:15.5 3:17.4 4:17.1 5:16.4 6:16.4 7:17.7 8:18.0 9:17.1 10:15.3 11:15.1 12:17.1 13:16.5 14:16.6 15:16.4 16:16.6 17:16.4 18:16.1 19:16.3 20:17.2 21:16.4 22:15.5 23:15.6 24:16.1 25:16.0 26:15.8 27:16.2 28:16.2 29:16.0 30:15.6 31:16.5 32:15.9 33:15.5 34:15.1 35:16.6 36:17.0 37:17.1 38:18.4 39:17.2 | mean 16.4
0824 04:29:30 ds4-server: chat ctx=2813..2863:50 gen=2550 THINKING decoding chunk=14.24 t/s avg=15.74 t/s 162.014s
0824 04:29:33 ds4-server: chat ctx=2863..2913:50 gen=2600 THINKING decoding chunk=14.05 t/s avg=15.70 t/s 165.572s
0824 04:29:37 ds4-server: chat ctx=2913..2963:50 gen=2650 THINKING decoding chunk=14.04 t/s avg=15.67 t/s 169.132s
ds4: qwen35moe experts/token avg over 128 tokens: 0:15.5 1:16.2 2:15.6 3:17.9 4:17.9 5:16.3 6:16.5 7:17.3 8:18.3 9:17.0 10:16.1 11:15.7 12:16.5 13:15.7 14:17.3 15:16.2 16:16.6 17:16.5 18:15.0 19:16.1 20:17.8 21:15.8 22:15.5 23:14.7 24:15.5 25:14.6 26:16.4 27:16.1 28:15.6 29:15.8 30:14.8 31:15.6 32:15.7 33:14.7 34:14.6 35:16.0 36:16.7 37:16.5 38:18.2 39:17.2 | mean 16.2
0824 04:29:40 ds4-server: chat ctx=2963..3013:50 gen=2700 THINKING decoding chunk=13.83 t/s avg=15.63 t/s 172.746s
0824 04:29:44 ds4-server: chat ctx=3013..3063:50 gen=2750 THINKING decoding chunk=13.98 t/s avg=15.60 t/s 176.323s
ds4: qwen35moe experts/token avg over 128 tokens: 0:14.8 1:16.3 2:15.3 3:17.5 4:17.3 5:16.0 6:15.8 7:17.2 8:18.1 9:16.7 10:16.0 11:15.3 12:17.2 13:15.7 14:17.4 15:16.9 16:16.2 17:16.5 18:15.4 19:16.3 20:16.9 21:16.4 22:15.7 23:15.0 24:15.8 25:15.2 26:15.6 27:15.8 28:15.6 29:16.1 30:14.8 31:15.7 32:15.0 33:14.6 34:14.5 35:16.2 36:16.2 37:16.6 38:18.2 39:17.1 | mean 16.1
0824 04:29:48 ds4-server: chat ctx=3063..3113:50 gen=2800 decoding chunk=14.02 t/s avg=15.56 t/s 179.891s
0824 04:29:51 ds4-server: chat ctx=3113..3163:50 gen=2850 decoding chunk=13.77 t/s avg=15.53 t/s 183.522s
0824 04:29:55 ds4-server: chat ctx=3163..3213:50 gen=2900 decoding chunk=13.63 t/s avg=15.49 t/s 187.190s
ds4: qwen35moe experts/token avg over 128 tokens: 0:15.4 1:16.1 2:16.2 3:17.8 4:17.4 5:16.7 6:16.1 7:17.5 8:17.8 9:16.8 10:15.9 11:15.3 12:17.1 13:16.6 14:17.6 15:16.8 16:16.9 17:16.7 18:15.3 19:16.3 20:17.9 21:16.3 22:16.1 23:15.2 24:16.7 25:15.5 26:16.6 27:16.4 28:16.0 29:16.5 30:14.9 31:15.8 32:15.3 33:14.6 34:14.8 35:16.7 36:16.8 37:16.4 38:18.8 39:17.7 | mean 16.4
0824 04:29:59 ds4-server: chat ctx=3213..3263:50 gen=2950 decoding chunk=13.58 t/s avg=15.46 t/s 190.870s
0824 04:30:02 ds4-server: chat ctx=3263..3313:50 gen=3000 decoding chunk=13.49 t/s avg=15.42 t/s 194.578s
ds4: qwen35moe experts/token avg over 128 tokens: 0:15.6 1:17.0 2:16.3 3:18.2 4:17.7 5:17.1 6:17.8 7:18.5 8:18.7 9:17.9 10:16.8 11:16.5 12:17.6 13:16.4 14:18.0 15:17.0 16:17.3 17:17.0 18:16.0 19:16.6 20:17.9 21:16.7 22:16.5 23:15.5 24:16.5 25:15.2 26:17.0 27:16.7 28:15.8 29:16.9 30:16.1 31:16.6 32:16.2 33:15.3 34:15.4 35:16.7 36:16.4 37:16.9 38:18.4 39:18.1 | mean 16.9
0824 04:30:06 ds4-server: chat ctx=3313..3363:50 gen=3050 decoding chunk=13.47 t/s avg=15.38 t/s 198.290s
0824 04:30:10 ds4-server: chat ctx=3363..3413:50 gen=3100 decoding chunk=13.36 t/s avg=15.34 t/s 202.033s
0824 04:30:10 ds4-server: chat ctx=3413..3415:2 gen=3102 decoding chunk=13.15 t/s avg=15.34 t/s 202.185s
0824 04:30:10 ds4-server: thinking live checkpoint remembered ctx=0..313:313 live=3415 visible=3166
0824 04:30:10 ds4-server: chat ctx=0..313:313 gen=3102 finish=stop 219.134s
