ds4: qwen35moe routed experts per token: 20 (model default 8; extra experts at full influence, decay disabled)
ds4: qwen35moe expert threshold: keep experts while p >= 0.80 x p(rank 10) (experts 5-20 per token)
ds4: Metal device Apple M4 Pro, 48.00 GiB RAM
ds4: Metal 4 tensor API disabled for pre-M5/pre-A19 devices
ds4: drift-patch flags hc_stable=on norm_unify=on kv_raw_f32=off rope_exp2_log2=off math_safe=off tensor_matmul=off
ds4: Metal model views created in 2.002 ms, residency requested in 275.093 ms, warmup 3.674 ms (mapped 30358.12 MiB from offset 10.48 MiB)
ds4: Metal mapped mmaped model as 2 overlapping shared buffers
ds4: metal backend initialized for graph diagnostics
ds4: memory: KV 0.17 GiB (raw 0.17 + compressed 0.00) + buffers 0.00 GiB + resident model 29.65 GiB = 29.81 GiB planned
ds4: memory detail: ctx=32768 prefill_cap=4096 raw_kv_rows=4352 compressed_kv_rows=3 backend=metal
0824 01:44:27 ds4-server: context buffers 170.10 MiB (ctx=32768, backend=metal, prefill_chunk=4096, raw_kv_rows=4352, compressed_kv_rows=3)
0824 01:44:27 ds4-server: listening on http://127.0.0.1:8000
0824 01:44:45 ds4-server: chat ctx=0..161:161 prompt start
0824 01:44:46 ds4-server: chat ctx=0..161:161 prefill chunk 1/161 (0.6%) chunk=0.00 t/s avg=2.68 t/s 0.373s
0824 01:44:46 ds4-server: chat ctx=0..161:161 prefill chunk 2/161 (1.2%) chunk=19.88 t/s avg=4.72 t/s 0.424s
0824 01:44:46 ds4-server: chat ctx=0..161:161 prefill chunk 3/161 (1.9%) chunk=19.01 t/s avg=6.30 t/s 0.476s
0824 01:44:46 ds4-server: chat ctx=0..161:161 prefill chunk 4/161 (2.5%) chunk=19.99 t/s avg=7.60 t/s 0.526s
0824 01:44:46 ds4-server: chat ctx=0..161:161 prefill chunk 5/161 (3.1%) chunk=18.47 t/s avg=8.62 t/s 0.580s
0824 01:44:46 ds4-server: chat ctx=0..161:161 prefill chunk 6/161 (3.7%) chunk=19.79 t/s avg=9.51 t/s 0.631s
0824 01:44:46 ds4-server: chat ctx=0..161:161 prefill chunk 7/161 (4.3%) chunk=18.85 t/s avg=10.23 t/s 0.684s
0824 01:44:46 ds4-server: chat ctx=0..161:161 prefill chunk 8/161 (5.0%) chunk=18.79 t/s avg=10.85 t/s 0.737s
0824 01:44:46 ds4-server: chat ctx=0..161:161 prefill chunk 9/161 (5.6%) chunk=19.33 t/s avg=11.41 t/s 0.789s
0824 01:44:46 ds4-server: chat ctx=0..161:161 prefill chunk 10/161 (6.2%) chunk=18.51 t/s avg=11.86 t/s 0.843s
0824 01:44:46 ds4-server: chat ctx=0..161:161 prefill chunk 11/161 (6.8%) chunk=19.44 t/s avg=12.30 t/s 0.894s
0824 01:44:46 ds4-server: chat ctx=0..161:161 prefill chunk 12/161 (7.5%) chunk=18.91 t/s avg=12.67 t/s 0.947s
0824 01:44:46 ds4-server: chat ctx=0..161:161 prefill chunk 13/161 (8.1%) chunk=19.52 t/s avg=13.02 t/s 0.998s
0824 01:44:46 ds4-server: chat ctx=0..161:161 prefill chunk 14/161 (8.7%) chunk=18.90 t/s avg=13.32 t/s 1.051s
0824 01:44:47 ds4-server: chat ctx=0..161:161 prefill chunk 15/161 (9.3%) chunk=18.88 t/s avg=13.58 t/s 1.104s
0824 01:44:47 ds4-server: chat ctx=0..161:161 prefill chunk 16/161 (9.9%) chunk=19.28 t/s avg=13.84 t/s 1.156s
0824 01:44:47 ds4-server: chat ctx=0..161:161 prefill chunk 17/161 (10.6%) chunk=18.41 t/s avg=14.04 t/s 1.211s
0824 01:44:47 ds4-server: chat ctx=0..161:161 prefill chunk 18/161 (11.2%) chunk=18.99 t/s avg=14.25 t/s 1.263s
0824 01:44:47 ds4-server: chat ctx=0..161:161 prefill chunk 19/161 (11.8%) chunk=18.72 t/s avg=14.43 t/s 1.317s
0824 01:44:47 ds4-server: chat ctx=0..161:161 prefill chunk 20/161 (12.4%) chunk=18.64 t/s avg=14.60 t/s 1.370s
0824 01:44:47 ds4-server: chat ctx=0..161:161 prefill chunk 21/161 (13.0%) chunk=19.25 t/s avg=14.77 t/s 1.422s
0824 01:44:47 ds4-server: chat ctx=0..161:161 prefill chunk 22/161 (13.7%) chunk=18.17 t/s avg=14.89 t/s 1.477s
0824 01:44:47 ds4-server: chat ctx=0..161:161 prefill chunk 23/161 (14.3%) chunk=19.52 t/s avg=15.05 t/s 1.528s
0824 01:44:47 ds4-server: chat ctx=0..161:161 prefill chunk 24/161 (14.9%) chunk=19.00 t/s avg=15.18 t/s 1.581s
0824 01:44:47 ds4-server: chat ctx=0..161:161 prefill chunk 25/161 (15.5%) chunk=18.76 t/s avg=15.30 t/s 1.634s
0824 01:44:47 ds4-server: chat ctx=0..161:161 prefill chunk 26/161 (16.1%) chunk=19.31 t/s avg=15.42 t/s 1.686s
0824 01:44:47 ds4-server: chat ctx=0..161:161 prefill chunk 27/161 (16.8%) chunk=17.88 t/s avg=15.50 t/s 1.742s
0824 01:44:47 ds4-server: chat ctx=0..161:161 prefill chunk 28/161 (17.4%) chunk=18.41 t/s avg=15.59 t/s 1.796s
0824 01:44:47 ds4-server: chat ctx=0..161:161 prefill chunk 29/161 (18.0%) chunk=18.43 t/s avg=15.67 t/s 1.851s
0824 01:44:47 ds4-server: chat ctx=0..161:161 prefill chunk 30/161 (18.6%) chunk=18.67 t/s avg=15.75 t/s 1.904s
0824 01:44:47 ds4-server: chat ctx=0..161:161 prefill chunk 31/161 (19.3%) chunk=19.99 t/s avg=15.86 t/s 1.954s
0824 01:44:47 ds4-server: chat ctx=0..161:161 prefill chunk 32/161 (19.9%) chunk=18.93 t/s avg=15.94 t/s 2.007s
0824 01:44:47 ds4-server: chat ctx=0..161:161 prefill chunk 33/161 (20.5%) chunk=19.53 t/s avg=16.03 t/s 2.058s
0824 01:44:48 ds4-server: chat ctx=0..161:161 prefill chunk 34/161 (21.1%) chunk=18.36 t/s avg=16.09 t/s 2.113s
0824 01:44:48 ds4-server: chat ctx=0..161:161 prefill chunk 35/161 (21.7%) chunk=18.94 t/s avg=16.16 t/s 2.166s
0824 01:44:48 ds4-server: chat ctx=0..161:161 prefill chunk 36/161 (22.4%) chunk=18.65 t/s avg=16.22 t/s 2.219s
0824 01:44:48 ds4-server: chat ctx=0..161:161 prefill chunk 37/161 (23.0%) chunk=18.87 t/s avg=16.28 t/s 2.272s
0824 01:44:48 ds4-server: chat ctx=0..161:161 prefill chunk 38/161 (23.6%) chunk=19.01 t/s avg=16.35 t/s 2.325s
0824 01:44:48 ds4-server: chat ctx=0..161:161 prefill chunk 39/161 (24.2%) chunk=18.85 t/s avg=16.40 t/s 2.378s
0824 01:44:48 ds4-server: chat ctx=0..161:161 prefill chunk 40/161 (24.8%) chunk=19.56 t/s avg=16.47 t/s 2.429s
0824 01:44:48 ds4-server: chat ctx=0..161:161 prefill chunk 41/161 (25.5%) chunk=18.94 t/s avg=16.52 t/s 2.482s
0824 01:44:48 ds4-server: chat ctx=0..161:161 prefill chunk 42/161 (26.1%) chunk=18.17 t/s avg=16.56 t/s 2.537s
0824 01:44:48 ds4-server: chat ctx=0..161:161 prefill chunk 43/161 (26.7%) chunk=18.44 t/s avg=16.60 t/s 2.591s
0824 01:44:48 ds4-server: chat ctx=0..161:161 prefill chunk 44/161 (27.3%) chunk=17.61 t/s avg=16.62 t/s 2.648s
0824 01:44:48 ds4-server: chat ctx=0..161:161 prefill chunk 45/161 (28.0%) chunk=19.26 t/s avg=16.67 t/s 2.700s
0824 01:44:48 ds4-server: chat ctx=0..161:161 prefill chunk 46/161 (28.6%) chunk=18.48 t/s avg=16.70 t/s 2.754s
0824 01:44:48 ds4-server: chat ctx=0..161:161 prefill chunk 47/161 (29.2%) chunk=17.41 t/s avg=16.72 t/s 2.811s
0824 01:44:48 ds4-server: chat ctx=0..161:161 prefill chunk 48/161 (29.8%) chunk=17.80 t/s avg=16.74 t/s 2.867s
0824 01:44:48 ds4-server: chat ctx=0..161:161 prefill chunk 49/161 (30.4%) chunk=18.40 t/s avg=16.77 t/s 2.922s
0824 01:44:48 ds4-server: chat ctx=0..161:161 prefill chunk 50/161 (31.1%) chunk=17.12 t/s avg=16.78 t/s 2.980s
0824 01:44:48 ds4-server: chat ctx=0..161:161 prefill chunk 51/161 (31.7%) chunk=17.71 t/s avg=16.79 t/s 3.037s
0824 01:44:49 ds4-server: chat ctx=0..161:161 prefill chunk 52/161 (32.3%) chunk=18.87 t/s avg=16.83 t/s 3.090s
0824 01:44:49 ds4-server: chat ctx=0..161:161 prefill chunk 53/161 (32.9%) chunk=18.63 t/s avg=16.86 t/s 3.143s
0824 01:44:49 ds4-server: chat ctx=0..161:161 prefill chunk 54/161 (33.5%) chunk=18.80 t/s avg=16.89 t/s 3.197s
0824 01:44:49 ds4-server: chat ctx=0..161:161 prefill chunk 55/161 (34.2%) chunk=19.13 t/s avg=16.93 t/s 3.249s
0824 01:44:49 ds4-server: chat ctx=0..161:161 prefill chunk 56/161 (34.8%) chunk=19.12 t/s avg=16.96 t/s 3.301s
0824 01:44:49 ds4-server: chat ctx=0..161:161 prefill chunk 57/161 (35.4%) chunk=18.59 t/s avg=16.99 t/s 3.355s
0824 01:44:49 ds4-server: chat ctx=0..161:161 prefill chunk 58/161 (36.0%) chunk=18.72 t/s avg=17.02 t/s 3.408s
0824 01:44:49 ds4-server: chat ctx=0..161:161 prefill chunk 59/161 (36.6%) chunk=19.48 t/s avg=17.05 t/s 3.460s
0824 01:44:49 ds4-server: chat ctx=0..161:161 prefill chunk 60/161 (37.3%) chunk=18.53 t/s avg=17.08 t/s 3.514s
0824 01:44:49 ds4-server: chat ctx=0..161:161 prefill chunk 61/161 (37.9%) chunk=17.96 t/s avg=17.09 t/s 3.569s
0824 01:44:49 ds4-server: chat ctx=0..161:161 prefill chunk 62/161 (38.5%) chunk=19.36 t/s avg=17.12 t/s 3.621s
0824 01:44:49 ds4-server: chat ctx=0..161:161 prefill chunk 63/161 (39.1%) chunk=18.19 t/s avg=17.14 t/s 3.676s
0824 01:44:49 ds4-server: chat ctx=0..161:161 prefill chunk 64/161 (39.8%) chunk=19.53 t/s avg=17.17 t/s 3.727s
0824 01:44:49 ds4-server: chat ctx=0..161:161 prefill chunk 65/161 (40.4%) chunk=18.83 t/s avg=17.19 t/s 3.780s
0824 01:44:49 ds4-server: chat ctx=0..161:161 prefill chunk 66/161 (41.0%) chunk=19.29 t/s avg=17.22 t/s 3.832s
0824 01:44:49 ds4-server: chat ctx=0..161:161 prefill chunk 67/161 (41.6%) chunk=18.79 t/s avg=17.24 t/s 3.885s
0824 01:44:49 ds4-server: chat ctx=0..161:161 prefill chunk 68/161 (42.2%) chunk=18.99 t/s avg=17.27 t/s 3.938s
0824 01:44:49 ds4-server: chat ctx=0..161:161 prefill chunk 69/161 (42.9%) chunk=18.74 t/s avg=17.29 t/s 3.991s
0824 01:44:49 ds4-server: chat ctx=0..161:161 prefill chunk 70/161 (43.5%) chunk=18.01 t/s avg=17.30 t/s 4.047s
0824 01:44:50 ds4-server: chat ctx=0..161:161 prefill chunk 71/161 (44.1%) chunk=19.34 t/s avg=17.32 t/s 4.098s
0824 01:44:50 ds4-server: chat ctx=0..161:161 prefill chunk 72/161 (44.7%) chunk=18.42 t/s avg=17.34 t/s 4.153s
0824 01:44:50 ds4-server: chat ctx=0..161:161 prefill chunk 73/161 (45.3%) chunk=18.93 t/s avg=17.36 t/s 4.206s
0824 01:44:50 ds4-server: chat ctx=0..161:161 prefill chunk 74/161 (46.0%) chunk=18.58 t/s avg=17.37 t/s 4.259s
0824 01:44:50 ds4-server: chat ctx=0..161:161 prefill chunk 75/161 (46.6%) chunk=17.92 t/s avg=17.38 t/s 4.315s
0824 01:44:50 ds4-server: chat ctx=0..161:161 prefill chunk 76/161 (47.2%) chunk=18.35 t/s avg=17.39 t/s 4.370s
0824 01:44:50 ds4-server: chat ctx=0..161:161 prefill chunk 77/161 (47.8%) chunk=18.82 t/s avg=17.41 t/s 4.423s
0824 01:44:50 ds4-server: chat ctx=0..161:161 prefill chunk 78/161 (48.4%) chunk=18.42 t/s avg=17.42 t/s 4.477s
0824 01:44:50 ds4-server: chat ctx=0..161:161 prefill chunk 79/161 (49.1%) chunk=18.79 t/s avg=17.44 t/s 4.530s
0824 01:44:50 ds4-server: chat ctx=0..161:161 prefill chunk 80/161 (49.7%) chunk=18.70 t/s avg=17.45 t/s 4.584s
0824 01:44:50 ds4-server: chat ctx=0..161:161 prefill chunk 81/161 (50.3%) chunk=17.77 t/s avg=17.46 t/s 4.640s
0824 01:44:50 ds4-server: chat ctx=0..161:161 prefill chunk 82/161 (50.9%) chunk=18.37 t/s avg=17.47 t/s 4.695s
0824 01:44:50 ds4-server: chat ctx=0..161:161 prefill chunk 83/161 (51.6%) chunk=18.07 t/s avg=17.47 t/s 4.750s
0824 01:44:50 ds4-server: chat ctx=0..161:161 prefill chunk 84/161 (52.2%) chunk=18.06 t/s avg=17.48 t/s 4.805s
0824 01:44:50 ds4-server: chat ctx=0..161:161 prefill chunk 85/161 (52.8%) chunk=18.86 t/s avg=17.50 t/s 4.858s
0824 01:44:50 ds4-server: chat ctx=0..161:161 prefill chunk 86/161 (53.4%) chunk=17.97 t/s avg=17.50 t/s 4.914s
0824 01:44:50 ds4-server: chat ctx=0..161:161 prefill chunk 87/161 (54.0%) chunk=18.87 t/s avg=17.52 t/s 4.967s
0824 01:44:50 ds4-server: chat ctx=0..161:161 prefill chunk 88/161 (54.7%) chunk=17.65 t/s avg=17.52 t/s 5.024s
0824 01:44:51 ds4-server: chat ctx=0..161:161 prefill chunk 89/161 (55.3%) chunk=17.86 t/s avg=17.52 t/s 5.080s
0824 01:44:51 ds4-server: chat ctx=0..161:161 prefill chunk 90/161 (55.9%) chunk=18.96 t/s avg=17.54 t/s 5.132s
0824 01:44:51 ds4-server: chat ctx=0..161:161 prefill chunk 91/161 (56.5%) chunk=18.79 t/s avg=17.55 t/s 5.186s
0824 01:44:51 ds4-server: chat ctx=0..161:161 prefill chunk 92/161 (57.1%) chunk=18.11 t/s avg=17.55 t/s 5.241s
0824 01:44:51 ds4-server: chat ctx=0..161:161 prefill chunk 93/161 (57.8%) chunk=17.99 t/s avg=17.56 t/s 5.296s
0824 01:44:51 ds4-server: chat ctx=0..161:161 prefill chunk 94/161 (58.4%) chunk=18.19 t/s avg=17.57 t/s 5.351s
0824 01:44:51 ds4-server: chat ctx=0..161:161 prefill chunk 95/161 (59.0%) chunk=18.24 t/s avg=17.57 t/s 5.406s
0824 01:44:51 ds4-server: chat ctx=0..161:161 prefill chunk 96/161 (59.6%) chunk=18.55 t/s avg=17.58 t/s 5.460s
0824 01:44:51 ds4-server: chat ctx=0..161:161 prefill chunk 97/161 (60.2%) chunk=18.10 t/s avg=17.59 t/s 5.515s
0824 01:44:51 ds4-server: chat ctx=0..161:161 prefill chunk 98/161 (60.9%) chunk=17.42 t/s avg=17.59 t/s 5.573s
0824 01:44:51 ds4-server: chat ctx=0..161:161 prefill chunk 99/161 (61.5%) chunk=17.83 t/s avg=17.59 t/s 5.629s
0824 01:44:51 ds4-server: chat ctx=0..161:161 prefill chunk 100/161 (62.1%) chunk=18.34 t/s avg=17.60 t/s 5.683s
0824 01:44:51 ds4-server: chat ctx=0..161:161 prefill chunk 101/161 (62.7%) chunk=17.72 t/s avg=17.60 t/s 5.740s
0824 01:44:51 ds4-server: chat ctx=0..161:161 prefill chunk 102/161 (63.4%) chunk=18.89 t/s avg=17.61 t/s 5.793s
0824 01:44:51 ds4-server: chat ctx=0..161:161 prefill chunk 103/161 (64.0%) chunk=17.19 t/s avg=17.60 t/s 5.851s
0824 01:44:51 ds4-server: chat ctx=0..161:161 prefill chunk 104/161 (64.6%) chunk=18.41 t/s avg=17.61 t/s 5.905s
0824 01:44:51 ds4-server: chat ctx=0..161:161 prefill chunk 105/161 (65.2%) chunk=17.49 t/s avg=17.61 t/s 5.962s
0824 01:44:51 ds4-server: chat ctx=0..161:161 prefill chunk 106/161 (65.8%) chunk=17.55 t/s avg=17.61 t/s 6.019s
0824 01:44:52 ds4-server: chat ctx=0..161:161 prefill chunk 107/161 (66.5%) chunk=17.72 t/s avg=17.61 t/s 6.076s
0824 01:44:52 ds4-server: chat ctx=0..161:161 prefill chunk 108/161 (67.1%) chunk=18.20 t/s avg=17.62 t/s 6.131s
0824 01:44:52 ds4-server: chat ctx=0..161:161 prefill chunk 109/161 (67.7%) chunk=17.82 t/s avg=17.62 t/s 6.187s
0824 01:44:52 ds4-server: chat ctx=0..161:161 prefill chunk 110/161 (68.3%) chunk=17.00 t/s avg=17.61 t/s 6.246s
0824 01:44:52 ds4-server: chat ctx=0..161:161 prefill chunk 111/161 (68.9%) chunk=18.59 t/s avg=17.62 t/s 6.300s
0824 01:44:52 ds4-server: chat ctx=0..161:161 prefill chunk 112/161 (69.6%) chunk=17.83 t/s avg=17.62 t/s 6.356s
0824 01:44:52 ds4-server: chat ctx=0..161:161 prefill chunk 113/161 (70.2%) chunk=17.58 t/s avg=17.62 t/s 6.412s
0824 01:44:52 ds4-server: chat ctx=0..161:161 prefill chunk 114/161 (70.8%) chunk=18.23 t/s avg=17.63 t/s 6.467s
0824 01:44:52 ds4-server: chat ctx=0..161:161 prefill chunk 115/161 (71.4%) chunk=18.05 t/s avg=17.63 t/s 6.523s
0824 01:44:52 ds4-server: chat ctx=0..161:161 prefill chunk 116/161 (72.0%) chunk=17.66 t/s avg=17.63 t/s 6.579s
0824 01:44:52 ds4-server: chat ctx=0..161:161 prefill chunk 117/161 (72.7%) chunk=17.25 t/s avg=17.63 t/s 6.637s
0824 01:44:52 ds4-server: chat ctx=0..161:161 prefill chunk 118/161 (73.3%) chunk=18.83 t/s avg=17.64 t/s 6.690s
0824 01:44:52 ds4-server: chat ctx=0..161:161 prefill chunk 119/161 (73.9%) chunk=17.90 t/s avg=17.64 t/s 6.746s
0824 01:44:52 ds4-server: chat ctx=0..161:161 prefill chunk 120/161 (74.5%) chunk=18.47 t/s avg=17.65 t/s 6.800s
0824 01:44:52 ds4-server: chat ctx=0..161:161 prefill chunk 121/161 (75.2%) chunk=18.71 t/s avg=17.65 t/s 6.854s
0824 01:44:52 ds4-server: chat ctx=0..161:161 prefill chunk 122/161 (75.8%) chunk=17.46 t/s avg=17.65 t/s 6.911s
0824 01:44:52 ds4-server: chat ctx=0..161:161 prefill chunk 123/161 (76.4%) chunk=18.61 t/s avg=17.66 t/s 6.965s
0824 01:44:52 ds4-server: chat ctx=0..161:161 prefill chunk 124/161 (77.0%) chunk=17.97 t/s avg=17.66 t/s 7.021s
0824 01:44:53 ds4-server: chat ctx=0..161:161 prefill chunk 125/161 (77.6%) chunk=17.86 t/s avg=17.66 t/s 7.077s
0824 01:44:53 ds4-server: chat ctx=0..161:161 prefill chunk 126/161 (78.3%) chunk=18.51 t/s avg=17.67 t/s 7.131s
0824 01:44:53 ds4-server: chat ctx=0..161:161 prefill chunk 127/161 (78.9%) chunk=17.82 t/s avg=17.67 t/s 7.187s
ds4: qwen35moe experts/token avg over 128 tokens: 0:14.3 1:15.0 2:15.0 3:15.1 4:15.2 5:14.8 6:15.2 7:15.3 8:16.0 9:15.5 10:14.2 11:14.5 12:15.5 13:14.4 14:14.9 15:15.2 16:15.2 17:15.2 18:14.8 19:15.1 20:15.6 21:15.3 22:15.4 23:15.4 24:15.8 25:15.1 26:15.3 27:15.2 28:15.6 29:16.0 30:16.0 31:16.3 32:16.7 33:16.3 34:17.0 35:18.4 36:18.8 37:18.6 38:19.3 39:18.6 | mean 15.8
0824 01:44:53 ds4-server: chat ctx=0..161:161 prefill chunk 128/161 (79.5%) chunk=18.02 t/s avg=17.67 t/s 7.242s
0824 01:44:53 ds4-server: chat ctx=0..161:161 prefill chunk 129/161 (80.1%) chunk=18.44 t/s avg=17.68 t/s 7.296s
0824 01:44:53 ds4-server: chat ctx=0..161:161 prefill chunk 130/161 (80.7%) chunk=17.82 t/s avg=17.68 t/s 7.353s
0824 01:44:53 ds4-server: chat ctx=0..161:161 prefill chunk 131/161 (81.4%) chunk=17.97 t/s avg=17.68 t/s 7.408s
0824 01:44:53 ds4-server: chat ctx=0..161:161 prefill chunk 132/161 (82.0%) chunk=18.03 t/s avg=17.69 t/s 7.464s
0824 01:44:53 ds4-server: chat ctx=0..161:161 prefill chunk 133/161 (82.6%) chunk=18.13 t/s avg=17.69 t/s 7.519s
0824 01:44:53 ds4-server: chat ctx=0..161:161 prefill chunk 134/161 (83.2%) chunk=17.67 t/s avg=17.69 t/s 7.575s
0824 01:44:53 ds4-server: chat ctx=0..161:161 prefill chunk 135/161 (83.9%) chunk=18.13 t/s avg=17.69 t/s 7.631s
0824 01:44:53 ds4-server: chat ctx=0..161:161 prefill chunk 136/161 (84.5%) chunk=17.98 t/s avg=17.69 t/s 7.686s
0824 01:44:53 ds4-server: chat ctx=0..161:161 prefill chunk 137/161 (85.1%) chunk=17.30 t/s avg=17.69 t/s 7.744s
0824 01:44:53 ds4-server: chat ctx=0..161:161 prefill chunk 138/161 (85.7%) chunk=18.31 t/s avg=17.70 t/s 7.799s
0824 01:44:53 ds4-server: chat ctx=0..161:161 prefill chunk 139/161 (86.3%) chunk=18.34 t/s avg=17.70 t/s 7.853s
0824 01:44:53 ds4-server: chat ctx=0..161:161 prefill chunk 140/161 (87.0%) chunk=17.95 t/s avg=17.70 t/s 7.909s
0824 01:44:53 ds4-server: chat ctx=0..161:161 prefill chunk 141/161 (87.6%) chunk=18.40 t/s avg=17.71 t/s 7.963s
0824 01:44:53 ds4-server: chat ctx=0..161:161 prefill chunk 142/161 (88.2%) chunk=17.28 t/s avg=17.70 t/s 8.021s
0824 01:44:54 ds4-server: chat ctx=0..161:161 prefill chunk 143/161 (88.8%) chunk=17.01 t/s avg=17.70 t/s 8.080s
0824 01:44:54 ds4-server: chat ctx=0..161:161 prefill chunk 144/161 (89.4%) chunk=17.58 t/s avg=17.70 t/s 8.137s
0824 01:44:54 ds4-server: chat ctx=0..161:161 prefill chunk 145/161 (90.1%) chunk=18.35 t/s avg=17.70 t/s 8.191s
0824 01:44:54 ds4-server: chat ctx=0..161:161 prefill chunk 146/161 (90.7%) chunk=17.70 t/s avg=17.70 t/s 8.248s
0824 01:44:54 ds4-server: chat ctx=0..161:161 prefill chunk 147/161 (91.3%) chunk=17.33 t/s avg=17.70 t/s 8.305s
0824 01:44:54 ds4-server: chat ctx=0..161:161 prefill chunk 148/161 (91.9%) chunk=17.60 t/s avg=17.70 t/s 8.362s
0824 01:44:54 ds4-server: chat ctx=0..161:161 prefill chunk 149/161 (92.5%) chunk=17.31 t/s avg=17.70 t/s 8.420s
0824 01:44:54 ds4-server: chat ctx=0..161:161 prefill chunk 150/161 (93.2%) chunk=17.11 t/s avg=17.69 t/s 8.478s
0824 01:44:54 ds4-server: chat ctx=0..161:161 prefill chunk 151/161 (93.8%) chunk=17.94 t/s avg=17.69 t/s 8.534s
0824 01:44:54 ds4-server: chat ctx=0..161:161 prefill chunk 152/161 (94.4%) chunk=17.70 t/s avg=17.69 t/s 8.591s
0824 01:44:54 ds4-server: chat ctx=0..161:161 prefill chunk 153/161 (95.0%) chunk=18.37 t/s avg=17.70 t/s 8.645s
0824 01:44:54 ds4-server: chat ctx=0..161:161 prefill chunk 154/161 (95.7%) chunk=19.00 t/s avg=17.71 t/s 8.698s
0824 01:44:54 ds4-server: chat ctx=0..161:161 prefill chunk 155/161 (96.3%) chunk=18.82 t/s avg=17.71 t/s 8.751s
0824 01:44:54 ds4-server: chat ctx=0..161:161 prefill chunk 156/161 (96.9%) chunk=18.27 t/s avg=17.72 t/s 8.806s
0824 01:44:54 ds4-server: chat ctx=0..161:161 prefill chunk 157/161 (97.5%) chunk=18.98 t/s avg=17.72 t/s 8.858s
0824 01:44:54 ds4-server: chat ctx=0..161:161 prefill chunk 158/161 (98.1%) chunk=18.53 t/s avg=17.73 t/s 8.912s
0824 01:44:54 ds4-server: chat ctx=0..161:161 prefill chunk 159/161 (98.8%) chunk=18.22 t/s avg=17.73 t/s 8.967s
0824 01:44:54 ds4-server: chat ctx=0..161:161 prefill chunk 160/161 (99.4%) chunk=19.72 t/s avg=17.74 t/s 9.018s
0824 01:44:54 ds4-server: chat ctx=0..161:161 prefill chunk 161/161 (100.0%) chunk=20.73 t/s avg=17.76 t/s 9.066s
0824 01:44:54 ds4-server: chat ctx=0..161:161 prompt done 9.066s
0824 01:44:57 ds4-server: chat ctx=161..211:50 gen=50 THINKING decoding chunk=18.24 t/s avg=18.24 t/s 2.741s
ds4: qwen35moe experts/token avg over 128 tokens: 0:15.0 1:15.4 2:14.8 3:15.8 4:15.7 5:16.0 6:15.7 7:15.9 8:16.7 9:16.9 10:14.8 11:14.1 12:16.3 13:15.4 14:15.9 15:15.8 16:16.4 17:15.7 18:16.1 19:15.9 20:16.4 21:17.5 22:15.8 23:15.2 24:16.5 25:16.3 26:16.4 27:16.1 28:15.9 29:16.8 30:16.7 31:17.3 32:16.4 33:16.8 34:16.9 35:17.7 36:18.6 37:18.9 38:19.5 39:18.8 | mean 16.4
0824 01:45:00 ds4-server: chat ctx=211..261:50 gen=100 THINKING decoding chunk=17.71 t/s avg=17.97 t/s 5.565s
0824 01:45:03 ds4-server: chat ctx=261..311:50 gen=150 THINKING decoding chunk=17.58 t/s avg=17.84 t/s 8.409s
0824 01:45:06 ds4-server: chat ctx=311..361:50 gen=200 THINKING decoding chunk=18.08 t/s avg=17.90 t/s 11.175s
ds4: qwen35moe experts/token avg over 128 tokens: 0:14.8 1:14.7 2:14.9 3:15.8 4:15.8 5:15.7 6:15.8 7:16.2 8:17.6 9:16.8 10:14.9 11:14.7 12:15.5 13:15.5 14:15.3 15:15.5 16:15.7 17:15.8 18:15.3 19:15.4 20:15.6 21:16.9 22:15.1 23:15.0 24:16.1 25:16.1 26:16.3 27:16.1 28:15.6 29:16.4 30:16.4 31:17.0 32:16.1 33:15.8 34:15.8 35:17.5 36:17.3 37:17.9 38:18.7 39:17.8 | mean 16.0
0824 01:45:08 ds4-server: chat ctx=361..411:50 gen=250 THINKING decoding chunk=18.22 t/s avg=17.96 t/s 13.919s
0824 01:45:11 ds4-server: chat ctx=411..461:50 gen=300 THINKING decoding chunk=17.92 t/s avg=17.95 t/s 16.710s
0824 01:45:14 ds4-server: chat ctx=461..511:50 gen=350 THINKING decoding chunk=17.69 t/s avg=17.92 t/s 19.537s
ds4: qwen35moe experts/token avg over 128 tokens: 0:14.7 1:15.4 2:14.8 3:16.2 4:15.7 5:15.6 6:15.8 7:15.9 8:17.5 9:17.1 10:14.9 11:14.2 12:15.3 13:15.3 14:14.9 15:14.9 16:15.5 17:14.7 18:15.1 19:14.6 20:16.6 21:16.1 22:14.4 23:14.4 24:14.9 25:14.7 26:15.9 27:14.9 28:14.7 29:15.4 30:15.0 31:15.1 32:14.7 33:14.5 34:14.8 35:17.3 36:17.3 37:17.3 38:18.0 39:17.2 | mean 15.5
0824 01:45:17 ds4-server: chat ctx=511..561:50 gen=400 THINKING decoding chunk=17.31 t/s avg=17.84 t/s 22.424s
0824 01:45:20 ds4-server: chat ctx=561..611:50 gen=450 THINKING decoding chunk=16.88 t/s avg=17.73 t/s 25.386s
ds4: qwen35moe experts/token avg over 128 tokens: 0:15.2 1:16.4 2:16.0 3:16.5 4:16.4 5:16.6 6:16.5 7:17.4 8:18.2 9:17.7 10:16.0 11:15.4 12:17.2 13:17.0 14:16.8 15:16.3 16:16.9 17:17.1 18:16.7 19:16.5 20:17.8 21:18.3 22:16.5 23:16.1 24:16.7 25:17.7 26:17.1 27:17.1 28:17.5 29:17.5 30:17.4 31:17.9 32:17.3 33:17.3 34:17.7 35:18.9 36:18.8 37:18.9 38:19.4 39:19.0 | mean 17.2
0824 01:45:23 ds4-server: chat ctx=611..661:50 gen=500 THINKING decoding chunk=16.76 t/s avg=17.63 t/s 28.368s
0824 01:45:26 ds4-server: chat ctx=661..711:50 gen=550 THINKING decoding chunk=16.65 t/s avg=17.53 t/s 31.371s
0824 01:45:29 ds4-server: chat ctx=711..761:50 gen=600 THINKING decoding chunk=16.79 t/s avg=17.47 t/s 34.348s
ds4: qwen35moe experts/token avg over 128 tokens: 0:15.4 1:16.1 2:16.0 3:17.2 4:16.8 5:17.1 6:17.3 7:17.7 8:18.5 9:17.9 10:17.0 11:15.9 12:17.3 13:17.5 14:17.3 15:17.1 16:17.1 17:16.9 18:16.4 19:16.9 20:18.1 21:18.3 22:16.4 23:16.5 24:17.5 25:17.5 26:17.7 27:16.5 28:17.0 29:17.5 30:17.7 31:18.1 32:17.6 33:17.4 34:18.0 35:19.2 36:19.4 37:19.4 38:19.8 39:19.6 | mean 17.5
0824 01:45:32 ds4-server: chat ctx=761..811:50 gen=650 THINKING decoding chunk=16.56 t/s avg=17.39 t/s 37.368s
0824 01:45:35 ds4-server: chat ctx=811..861:50 gen=700 THINKING decoding chunk=16.28 t/s avg=17.31 t/s 40.439s
ds4: qwen35moe experts/token avg over 128 tokens: 0:15.0 1:15.4 2:16.0 3:17.0 4:16.6 5:16.6 6:16.7 7:17.0 8:18.1 9:17.7 10:16.3 11:15.8 12:16.1 13:15.8 14:16.2 15:15.8 16:16.7 17:16.2 18:15.7 19:16.2 20:16.8 21:17.4 22:16.7 23:16.4 24:17.1 25:17.0 26:16.8 27:16.6 28:16.7 29:17.0 30:17.2 31:17.4 32:17.0 33:17.1 34:17.4 35:18.5 36:18.5 37:18.4 38:19.3 39:18.8 | mean 16.9
0824 01:45:38 ds4-server: chat ctx=861..911:50 gen=750 THINKING decoding chunk=17.25 t/s avg=17.31 t/s 43.338s
0824 01:45:41 ds4-server: chat ctx=911..961:50 gen=800 THINKING decoding chunk=17.01 t/s avg=17.29 t/s 46.277s
0824 01:45:44 ds4-server: chat ctx=961..1011:50 gen=850 THINKING decoding chunk=16.33 t/s avg=17.23 t/s 49.338s
ds4: qwen35moe experts/token avg over 128 tokens: 0:15.1 1:15.2 2:15.4 3:16.6 4:16.3 5:16.5 6:16.3 7:17.3 8:18.3 9:17.8 10:15.5 11:15.1 12:16.7 13:16.3 14:16.2 15:16.0 16:16.7 17:16.2 18:15.4 19:16.2 20:16.9 21:17.4 22:15.9 23:15.8 24:16.2 25:16.4 26:16.6 27:16.0 28:16.0 29:16.2 30:16.7 31:16.8 32:16.4 33:16.3 34:16.4 35:17.4 36:17.8 37:17.9 38:18.8 39:17.8 | mean 16.5
0824 01:45:47 ds4-server: chat ctx=1011..1061:50 gen=900 THINKING decoding chunk=16.36 t/s avg=17.18 t/s 52.393s
0824 01:45:50 ds4-server: chat ctx=1061..1111:50 gen=950 THINKING decoding chunk=16.92 t/s avg=17.16 t/s 55.349s
ds4: qwen35moe experts/token avg over 128 tokens: 0:14.5 1:14.7 2:14.9 3:16.2 4:15.6 5:15.5 6:15.8 7:15.9 8:16.8 9:16.4 10:14.7 11:14.8 12:15.7 13:14.9 14:16.0 15:15.1 16:16.0 17:15.7 18:15.8 19:15.7 20:16.4 21:16.2 22:15.2 23:15.7 24:16.0 25:15.3 26:15.8 27:15.5 28:15.9 29:15.6 30:15.8 31:16.1 32:15.8 33:14.9 34:15.3 35:16.2 36:16.5 37:17.2 38:18.2 39:16.9 | mean 15.8
0824 01:45:53 ds4-server: chat ctx=1111..1161:50 gen=1000 THINKING decoding chunk=16.46 t/s avg=17.13 t/s 58.387s
0824 01:45:56 ds4-server: chat ctx=1161..1211:50 gen=1050 THINKING decoding chunk=16.06 t/s avg=17.07 t/s 61.502s
0824 01:45:59 ds4-server: chat ctx=1211..1261:50 gen=1100 THINKING decoding chunk=16.30 t/s avg=17.04 t/s 64.570s
ds4: qwen35moe experts/token avg over 128 tokens: 0:14.9 1:15.4 2:15.9 3:16.5 4:16.2 5:16.1 6:16.3 7:17.3 8:18.1 9:17.6 10:16.1 11:15.9 12:16.7 13:16.0 14:16.7 15:16.3 16:16.7 17:16.1 18:15.9 19:16.1 20:16.6 21:17.5 22:16.4 23:16.2 24:16.3 25:16.4 26:16.4 27:16.1 28:16.4 29:16.4 30:16.4 31:16.9 32:16.5 33:16.0 34:16.4 35:17.8 36:17.9 37:18.0 38:18.5 39:18.1 | mean 16.6
0824 01:46:02 ds4-server: chat ctx=1261..1311:50 gen=1150 THINKING decoding chunk=16.21 t/s avg=17.00 t/s 67.655s
0824 01:46:05 ds4-server: chat ctx=1311..1361:50 gen=1200 THINKING decoding chunk=15.42 t/s avg=16.93 t/s 70.897s
ds4: qwen35moe experts/token avg over 128 tokens: 0:15.1 1:15.7 2:16.0 3:17.1 4:17.0 5:17.2 6:16.9 7:17.2 8:17.9 9:17.5 10:16.4 11:16.0 12:16.8 13:16.5 14:17.2 15:16.7 16:17.7 17:16.7 18:16.9 19:17.4 20:17.6 21:17.8 22:16.9 23:17.0 24:17.3 25:16.8 26:17.6 27:16.8 28:17.0 29:17.1 30:17.1 31:17.6 32:17.6 33:17.6 34:17.6 35:18.3 36:18.5 37:18.7 38:19.1 39:18.8 | mean 17.2
0824 01:46:09 ds4-server: chat ctx=1361..1411:50 gen=1250 THINKING decoding chunk=16.00 t/s avg=16.89 t/s 74.021s
0824 01:46:12 ds4-server: chat ctx=1411..1461:50 gen=1300 THINKING decoding chunk=15.75 t/s avg=16.84 t/s 77.196s
0824 01:46:15 ds4-server: chat ctx=1461..1511:50 gen=1350 THINKING decoding chunk=15.48 t/s avg=16.79 t/s 80.426s
ds4: qwen35moe experts/token avg over 128 tokens: 0:14.9 1:16.2 2:16.1 3:16.8 4:16.7 5:17.0 6:17.4 7:17.9 8:18.5 9:18.1 10:16.8 11:15.4 12:17.4 13:17.4 14:17.0 15:16.8 16:17.4 17:17.7 18:16.4 19:17.2 20:18.6 21:18.0 22:17.3 23:16.5 24:16.3 25:17.5 26:17.5 27:17.1 28:17.2 29:17.8 30:17.6 31:17.3 32:16.9 33:17.0 34:17.4 35:18.8 36:18.9 37:18.6 38:19.2 39:18.4 | mean 17.3
0824 01:46:18 ds4-server: chat ctx=1511..1561:50 gen=1400 THINKING decoding chunk=15.40 t/s avg=16.73 t/s 83.672s
0824 01:46:21 ds4-server: chat ctx=1561..1611:50 gen=1450 THINKING decoding chunk=15.85 t/s avg=16.70 t/s 86.827s
0824 01:46:25 ds4-server: chat ctx=1611..1661:50 gen=1500 THINKING decoding chunk=15.16 t/s avg=16.64 t/s 90.125s
ds4: qwen35moe experts/token avg over 128 tokens: 0:15.2 1:15.5 2:15.9 3:16.3 4:16.3 5:16.4 6:16.8 7:17.6 8:17.9 9:17.5 10:16.8 11:15.9 12:17.8 13:17.6 14:17.6 15:17.0 16:17.4 17:17.8 18:16.9 19:17.0 20:18.1 21:18.4 22:16.7 23:16.7 24:17.1 25:17.3 26:17.3 27:17.0 28:16.8 29:16.9 30:17.1 31:17.5 32:17.0 33:16.6 34:16.9 35:18.1 36:18.2 37:17.9 38:18.9 39:18.1 | mean 17.2
0824 01:46:28 ds4-server: chat ctx=1661..1711:50 gen=1550 THINKING decoding chunk=15.10 t/s avg=16.59 t/s 93.437s
0824 01:46:31 ds4-server: chat ctx=1711..1761:50 gen=1600 THINKING decoding chunk=14.91 t/s avg=16.53 t/s 96.791s
ds4: qwen35moe experts/token avg over 128 tokens: 0:15.3 1:16.6 2:16.4 3:16.6 4:17.0 5:17.6 6:17.8 7:17.8 8:18.1 9:17.5 10:17.8 11:17.0 12:18.4 13:18.7 14:19.3 15:19.0 16:19.1 17:19.0 18:18.6 19:19.0 20:19.2 21:19.3 22:18.3 23:18.2 24:18.7 25:19.1 26:19.0 27:18.7 28:18.6 29:18.8 30:18.7 31:19.2 32:18.6 33:18.6 34:19.0 35:19.4 36:19.5 37:19.4 38:19.9 39:19.5 | mean 18.4
0824 01:46:35 ds4-server: chat ctx=1761..1811:50 gen=1650 THINKING decoding chunk=14.98 t/s avg=16.48 t/s 100.130s
0824 01:46:38 ds4-server: chat ctx=1811..1861:50 gen=1700 THINKING decoding chunk=15.02 t/s avg=16.43 t/s 103.459s
0824 01:46:41 ds4-server: chat ctx=1861..1911:50 gen=1750 THINKING decoding chunk=15.03 t/s avg=16.39 t/s 106.786s
ds4: qwen35moe experts/token avg over 128 tokens: 0:14.7 1:15.3 2:15.9 3:17.2 4:17.0 5:17.3 6:17.2 7:17.9 8:18.3 9:17.5 10:16.8 11:17.0 12:17.3 13:17.3 14:17.8 15:17.4 16:17.7 17:17.2 18:17.2 19:17.6 20:17.9 21:17.7 22:17.0 23:16.8 24:17.4 25:16.9 26:17.4 27:16.5 28:17.2 29:17.2 30:17.3 31:17.6 32:17.0 33:17.1 34:17.4 35:18.3 36:18.6 37:18.4 38:19.1 39:18.5 | mean 17.3
0824 01:46:45 ds4-server: chat ctx=1911..1961:50 gen=1800 THINKING decoding chunk=15.43 t/s avg=16.36 t/s 110.026s
0824 01:46:48 ds4-server: chat ctx=1961..2011:50 gen=1850 THINKING decoding chunk=15.42 t/s avg=16.33 t/s 113.269s
ds4: qwen35moe experts/token avg over 128 tokens: 0:14.4 1:14.5 2:14.5 3:15.9 4:15.6 5:15.8 6:15.8 7:16.1 8:16.8 9:16.7 10:15.3 11:15.0 12:15.9 13:15.4 14:15.4 15:15.5 16:15.7 17:15.6 18:15.3 19:15.8 20:15.8 21:16.2 22:15.3 23:15.0 24:15.1 25:15.2 26:15.7 27:15.4 28:15.3 29:15.4 30:15.2 31:16.5 32:15.2 33:14.9 34:14.9 35:16.3 36:16.2 37:17.0 38:17.9 39:17.3 | mean 15.7
0824 01:46:51 ds4-server: chat ctx=2011..2061:50 gen=1900 decoding chunk=14.90 t/s avg=16.29 t/s 116.624s
0824 01:46:54 ds4-server: chat ctx=2061..2098:37 gen=1937 decoding chunk=14.33 t/s avg=16.25 t/s 119.205s
0824 01:46:54 ds4-server: thinking live checkpoint remembered ctx=0..161:161 live=2098 visible=834
0824 01:46:54 ds4-server: chat ctx=0..161:161 gen=1937 finish=stop 128.271s
0824 01:46:56 ds4-server: live kv cache miss live=2098 prompt=153 common=37 reason=token-mismatch
0824 01:46:56 ds4-server: chat ctx=0..153:153 prompt start
0824 01:46:56 ds4-server: chat ctx=0..153:153 prefill chunk 1/153 (0.7%) chunk=0.00 t/s avg=3.05 t/s 0.328s
0824 01:46:57 ds4-server: chat ctx=0..153:153 prefill chunk 2/153 (1.3%) chunk=19.94 t/s avg=5.30 t/s 0.378s
0824 01:46:57 ds4-server: chat ctx=0..153:153 prefill chunk 3/153 (2.0%) chunk=19.31 t/s avg=6.99 t/s 0.429s
0824 01:46:57 ds4-server: chat ctx=0..153:153 prefill chunk 4/153 (2.6%) chunk=19.77 t/s avg=8.33 t/s 0.480s
0824 01:46:57 ds4-server: chat ctx=0..153:153 prefill chunk 5/153 (3.3%) chunk=18.73 t/s avg=9.37 t/s 0.533s
0824 01:46:57 ds4-server: chat ctx=0..153:153 prefill chunk 6/153 (3.9%) chunk=19.92 t/s avg=10.28 t/s 0.584s
0824 01:46:57 ds4-server: chat ctx=0..153:153 prefill chunk 7/153 (4.6%) chunk=18.85 t/s avg=10.99 t/s 0.637s
0824 01:46:57 ds4-server: chat ctx=0..153:153 prefill chunk 8/153 (5.2%) chunk=19.12 t/s avg=11.61 t/s 0.689s
0824 01:46:57 ds4-server: chat ctx=0..153:153 prefill chunk 9/153 (5.9%) chunk=18.97 t/s avg=12.13 t/s 0.742s
0824 01:46:57 ds4-server: chat ctx=0..153:153 prefill chunk 10/153 (6.5%) chunk=18.79 t/s avg=12.58 t/s 0.795s
0824 01:46:57 ds4-server: chat ctx=0..153:153 prefill chunk 11/153 (7.2%) chunk=19.35 t/s avg=12.99 t/s 0.847s
0824 01:46:57 ds4-server: chat ctx=0..153:153 prefill chunk 12/153 (7.8%) chunk=18.77 t/s avg=13.33 t/s 0.900s
0824 01:46:57 ds4-server: chat ctx=0..153:153 prefill chunk 13/153 (8.5%) chunk=19.38 t/s avg=13.66 t/s 0.952s
0824 01:46:57 ds4-server: chat ctx=0..153:153 prefill chunk 14/153 (9.2%) chunk=18.71 t/s avg=13.93 t/s 1.005s
0824 01:46:57 ds4-server: chat ctx=0..153:153 prefill chunk 15/153 (9.8%) chunk=19.61 t/s avg=14.21 t/s 1.056s
0824 01:46:57 ds4-server: chat ctx=0..153:153 prefill chunk 16/153 (10.5%) chunk=18.52 t/s avg=14.41 t/s 1.110s
0824 01:46:57 ds4-server: chat ctx=0..153:153 prefill chunk 17/153 (11.1%) chunk=18.52 t/s avg=14.61 t/s 1.164s
0824 01:46:57 ds4-server: chat ctx=0..153:153 prefill chunk 18/153 (11.8%) chunk=18.91 t/s avg=14.79 t/s 1.217s
0824 01:46:57 ds4-server: chat ctx=0..153:153 prefill chunk 19/153 (12.4%) chunk=18.89 t/s avg=14.96 t/s 1.270s
0824 01:46:57 ds4-server: chat ctx=0..153:153 prefill chunk 20/153 (13.1%) chunk=19.26 t/s avg=15.13 t/s 1.322s
0824 01:46:58 ds4-server: chat ctx=0..153:153 prefill chunk 21/153 (13.7%) chunk=18.80 t/s avg=15.27 t/s 1.375s
0824 01:46:58 ds4-server: chat ctx=0..153:153 prefill chunk 22/153 (14.4%) chunk=18.26 t/s avg=15.39 t/s 1.430s
0824 01:46:58 ds4-server: chat ctx=0..153:153 prefill chunk 23/153 (15.0%) chunk=19.17 t/s avg=15.52 t/s 1.482s
0824 01:46:58 ds4-server: chat ctx=0..153:153 prefill chunk 24/153 (15.7%) chunk=18.90 t/s avg=15.64 t/s 1.535s
0824 01:46:58 ds4-server: chat ctx=0..153:153 prefill chunk 25/153 (16.3%) chunk=19.02 t/s avg=15.75 t/s 1.587s
0824 01:46:58 ds4-server: chat ctx=0..153:153 prefill chunk 26/153 (17.0%) chunk=19.04 t/s avg=15.86 t/s 1.640s
0824 01:46:58 ds4-server: chat ctx=0..153:153 prefill chunk 27/153 (17.6%) chunk=17.83 t/s avg=15.92 t/s 1.696s
0824 01:46:58 ds4-server: chat ctx=0..153:153 prefill chunk 28/153 (18.3%) chunk=18.39 t/s avg=16.00 t/s 1.750s
0824 01:46:58 ds4-server: chat ctx=0..153:153 prefill chunk 29/153 (19.0%) chunk=18.32 t/s avg=16.07 t/s 1.805s
0824 01:46:58 ds4-server: chat ctx=0..153:153 prefill chunk 30/153 (19.6%) chunk=18.94 t/s avg=16.15 t/s 1.858s
0824 01:46:58 ds4-server: chat ctx=0..153:153 prefill chunk 31/153 (20.3%) chunk=19.59 t/s avg=16.24 t/s 1.909s
0824 01:46:58 ds4-server: chat ctx=0..153:153 prefill chunk 32/153 (20.9%) chunk=19.07 t/s avg=16.32 t/s 1.961s
0824 01:46:58 ds4-server: chat ctx=0..153:153 prefill chunk 33/153 (21.6%) chunk=19.20 t/s avg=16.39 t/s 2.013s
0824 01:46:58 ds4-server: chat ctx=0..153:153 prefill chunk 34/153 (22.2%) chunk=18.41 t/s avg=16.44 t/s 2.068s
0824 01:46:58 ds4-server: chat ctx=0..153:153 prefill chunk 35/153 (22.9%) chunk=18.62 t/s avg=16.50 t/s 2.121s
0824 01:46:58 ds4-server: chat ctx=0..153:153 prefill chunk 36/153 (23.5%) chunk=18.96 t/s avg=16.56 t/s 2.174s
0824 01:46:58 ds4-server: chat ctx=0..153:153 prefill chunk 37/153 (24.2%) chunk=18.81 t/s avg=16.61 t/s 2.227s
0824 01:46:58 ds4-server: chat ctx=0..153:153 prefill chunk 38/153 (24.8%) chunk=19.12 t/s avg=16.67 t/s 2.280s
0824 01:46:58 ds4-server: chat ctx=0..153:153 prefill chunk 39/153 (25.5%) chunk=18.60 t/s avg=16.71 t/s 2.333s
0824 01:46:59 ds4-server: chat ctx=0..153:153 prefill chunk 40/153 (26.1%) chunk=19.43 t/s avg=16.77 t/s 2.385s
0824 01:46:59 ds4-server: chat ctx=0..153:153 prefill chunk 41/153 (26.8%) chunk=19.17 t/s avg=16.82 t/s 2.437s
0824 01:46:59 ds4-server: chat ctx=0..153:153 prefill chunk 42/153 (27.5%) chunk=19.22 t/s avg=16.87 t/s 2.489s
0824 01:46:59 ds4-server: chat ctx=0..153:153 prefill chunk 43/153 (28.1%) chunk=18.89 t/s avg=16.92 t/s 2.542s
0824 01:46:59 ds4-server: chat ctx=0..153:153 prefill chunk 44/153 (28.8%) chunk=17.96 t/s avg=16.94 t/s 2.598s
0824 01:46:59 ds4-server: chat ctx=0..153:153 prefill chunk 45/153 (29.4%) chunk=17.98 t/s avg=16.96 t/s 2.653s
0824 01:46:59 ds4-server: chat ctx=0..153:153 prefill chunk 46/153 (30.1%) chunk=18.73 t/s avg=17.00 t/s 2.707s
0824 01:46:59 ds4-server: chat ctx=0..153:153 prefill chunk 47/153 (30.7%) chunk=17.84 t/s avg=17.01 t/s 2.763s
0824 01:46:59 ds4-server: chat ctx=0..153:153 prefill chunk 48/153 (31.4%) chunk=18.24 t/s avg=17.04 t/s 2.817s
0824 01:46:59 ds4-server: chat ctx=0..153:153 prefill chunk 49/153 (32.0%) chunk=17.93 t/s avg=17.05 t/s 2.873s
0824 01:46:59 ds4-server: chat ctx=0..153:153 prefill chunk 50/153 (32.7%) chunk=18.41 t/s avg=17.08 t/s 2.928s
0824 01:46:59 ds4-server: chat ctx=0..153:153 prefill chunk 51/153 (33.3%) chunk=19.32 t/s avg=17.12 t/s 2.979s
0824 01:46:59 ds4-server: chat ctx=0..153:153 prefill chunk 52/153 (34.0%) chunk=17.67 t/s avg=17.13 t/s 3.036s
0824 01:46:59 ds4-server: chat ctx=0..153:153 prefill chunk 53/153 (34.6%) chunk=19.35 t/s avg=17.17 t/s 3.088s
0824 01:46:59 ds4-server: chat ctx=0..153:153 prefill chunk 54/153 (35.3%) chunk=18.68 t/s avg=17.19 t/s 3.141s
0824 01:46:59 ds4-server: chat ctx=0..153:153 prefill chunk 55/153 (35.9%) chunk=18.97 t/s avg=17.22 t/s 3.194s
0824 01:46:59 ds4-server: chat ctx=0..153:153 prefill chunk 56/153 (36.6%) chunk=19.36 t/s avg=17.25 t/s 3.245s
0824 01:46:59 ds4-server: chat ctx=0..153:153 prefill chunk 57/153 (37.3%) chunk=18.62 t/s avg=17.28 t/s 3.299s
0824 01:46:59 ds4-server: chat ctx=0..153:153 prefill chunk 58/153 (37.9%) chunk=18.98 t/s avg=17.30 t/s 3.352s
0824 01:47:00 ds4-server: chat ctx=0..153:153 prefill chunk 59/153 (38.6%) chunk=18.21 t/s avg=17.32 t/s 3.407s
0824 01:47:00 ds4-server: chat ctx=0..153:153 prefill chunk 60/153 (39.2%) chunk=19.01 t/s avg=17.34 t/s 3.459s
0824 01:47:00 ds4-server: chat ctx=0..153:153 prefill chunk 61/153 (39.9%) chunk=19.39 t/s avg=17.37 t/s 3.511s
0824 01:47:00 ds4-server: chat ctx=0..153:153 prefill chunk 62/153 (40.5%) chunk=18.72 t/s avg=17.39 t/s 3.564s
0824 01:47:00 ds4-server: chat ctx=0..153:153 prefill chunk 63/153 (41.2%) chunk=19.02 t/s avg=17.42 t/s 3.617s
0824 01:47:00 ds4-server: chat ctx=0..153:153 prefill chunk 64/153 (41.8%) chunk=18.37 t/s avg=17.43 t/s 3.671s
0824 01:47:00 ds4-server: chat ctx=0..153:153 prefill chunk 65/153 (42.5%) chunk=18.82 t/s avg=17.45 t/s 3.725s
0824 01:47:00 ds4-server: chat ctx=0..153:153 prefill chunk 66/153 (43.1%) chunk=19.07 t/s avg=17.47 t/s 3.777s
0824 01:47:00 ds4-server: chat ctx=0..153:153 prefill chunk 67/153 (43.8%) chunk=18.95 t/s avg=17.49 t/s 3.830s
0824 01:47:00 ds4-server: chat ctx=0..153:153 prefill chunk 68/153 (44.4%) chunk=18.31 t/s avg=17.51 t/s 3.884s
0824 01:47:00 ds4-server: chat ctx=0..153:153 prefill chunk 69/153 (45.1%) chunk=19.12 t/s avg=17.53 t/s 3.937s
0824 01:47:00 ds4-server: chat ctx=0..153:153 prefill chunk 70/153 (45.8%) chunk=18.26 t/s avg=17.54 t/s 3.991s
0824 01:47:00 ds4-server: chat ctx=0..153:153 prefill chunk 71/153 (46.4%) chunk=18.88 t/s avg=17.56 t/s 4.044s
0824 01:47:00 ds4-server: chat ctx=0..153:153 prefill chunk 72/153 (47.1%) chunk=18.67 t/s avg=17.57 t/s 4.098s
0824 01:47:00 ds4-server: chat ctx=0..153:153 prefill chunk 73/153 (47.7%) chunk=18.56 t/s avg=17.58 t/s 4.152s
0824 01:47:00 ds4-server: chat ctx=0..153:153 prefill chunk 74/153 (48.4%) chunk=18.36 t/s avg=17.59 t/s 4.206s
0824 01:47:00 ds4-server: chat ctx=0..153:153 prefill chunk 75/153 (49.0%) chunk=18.67 t/s avg=17.61 t/s 4.260s
0824 01:47:00 ds4-server: chat ctx=0..153:153 prefill chunk 76/153 (49.7%) chunk=18.36 t/s avg=17.62 t/s 4.314s
0824 01:47:01 ds4-server: chat ctx=0..153:153 prefill chunk 77/153 (50.3%) chunk=18.31 t/s avg=17.62 t/s 4.369s
ds4: qwen35moe experts/token avg over 128 tokens: 0:14.7 1:14.5 2:15.1 3:16.0 4:15.5 5:15.3 6:15.7 7:16.3 8:16.0 9:15.7 10:15.5 11:15.3 12:16.3 13:15.7 14:16.3 15:16.3 16:16.7 17:16.2 18:16.2 19:16.1 20:16.9 21:16.2 22:16.4 23:16.0 24:16.7 25:16.5 26:16.6 27:16.9 28:16.8 29:16.9 30:17.3 31:16.8 32:17.2 33:17.5 34:17.9 35:19.0 36:19.4 37:19.0 38:19.3 39:18.7 | mean 16.6
0824 01:47:01 ds4-server: chat ctx=0..153:153 prefill chunk 78/153 (51.0%) chunk=18.88 t/s avg=17.64 t/s 4.422s
0824 01:47:01 ds4-server: chat ctx=0..153:153 prefill chunk 79/153 (51.6%) chunk=19.28 t/s avg=17.66 t/s 4.474s
0824 01:47:01 ds4-server: chat ctx=0..153:153 prefill chunk 80/153 (52.3%) chunk=18.19 t/s avg=17.66 t/s 4.529s
0824 01:47:01 ds4-server: chat ctx=0..153:153 prefill chunk 81/153 (52.9%) chunk=19.08 t/s avg=17.68 t/s 4.581s
0824 01:47:01 ds4-server: chat ctx=0..153:153 prefill chunk 82/153 (53.6%) chunk=18.25 t/s avg=17.69 t/s 4.636s
0824 01:47:01 ds4-server: chat ctx=0..153:153 prefill chunk 83/153 (54.2%) chunk=18.65 t/s avg=17.70 t/s 4.690s
0824 01:47:01 ds4-server: chat ctx=0..153:153 prefill chunk 84/153 (54.9%) chunk=18.75 t/s avg=17.71 t/s 4.743s
0824 01:47:01 ds4-server: chat ctx=0..153:153 prefill chunk 85/153 (55.6%) chunk=18.45 t/s avg=17.72 t/s 4.797s
0824 01:47:01 ds4-server: chat ctx=0..153:153 prefill chunk 86/153 (56.2%) chunk=18.81 t/s avg=17.73 t/s 4.850s
0824 01:47:01 ds4-server: chat ctx=0..153:153 prefill chunk 87/153 (56.9%) chunk=18.67 t/s avg=17.74 t/s 4.904s
0824 01:47:01 ds4-server: chat ctx=0..153:153 prefill chunk 88/153 (57.5%) chunk=18.34 t/s avg=17.75 t/s 4.958s
0824 01:47:01 ds4-server: chat ctx=0..153:153 prefill chunk 89/153 (58.2%) chunk=19.00 t/s avg=17.76 t/s 5.011s
0824 01:47:01 ds4-server: chat ctx=0..153:153 prefill chunk 90/153 (58.8%) chunk=18.50 t/s avg=17.77 t/s 5.065s
0824 01:47:01 ds4-server: chat ctx=0..153:153 prefill chunk 91/153 (59.5%) chunk=19.06 t/s avg=17.78 t/s 5.118s
0824 01:47:01 ds4-server: chat ctx=0..153:153 prefill chunk 92/153 (60.1%) chunk=18.39 t/s avg=17.79 t/s 5.172s
0824 01:47:01 ds4-server: chat ctx=0..153:153 prefill chunk 93/153 (60.8%) chunk=18.42 t/s avg=17.80 t/s 5.226s
0824 01:47:01 ds4-server: chat ctx=0..153:153 prefill chunk 94/153 (61.4%) chunk=19.20 t/s avg=17.81 t/s 5.278s
0824 01:47:01 ds4-server: chat ctx=0..153:153 prefill chunk 95/153 (62.1%) chunk=18.38 t/s avg=17.81 t/s 5.333s
0824 01:47:02 ds4-server: chat ctx=0..153:153 prefill chunk 96/153 (62.7%) chunk=19.07 t/s avg=17.83 t/s 5.385s
0824 01:47:02 ds4-server: chat ctx=0..153:153 prefill chunk 97/153 (63.4%) chunk=17.82 t/s avg=17.83 t/s 5.441s
0824 01:47:02 ds4-server: chat ctx=0..153:153 prefill chunk 98/153 (64.1%) chunk=18.06 t/s avg=17.83 t/s 5.497s
0824 01:47:02 ds4-server: chat ctx=0..153:153 prefill chunk 99/153 (64.7%) chunk=19.11 t/s avg=17.84 t/s 5.549s
0824 01:47:02 ds4-server: chat ctx=0..153:153 prefill chunk 100/153 (65.4%) chunk=17.71 t/s avg=17.84 t/s 5.605s
0824 01:47:02 ds4-server: chat ctx=0..153:153 prefill chunk 101/153 (66.0%) chunk=17.99 t/s avg=17.84 t/s 5.661s
0824 01:47:02 ds4-server: chat ctx=0..153:153 prefill chunk 102/153 (66.7%) chunk=19.19 t/s avg=17.85 t/s 5.713s
0824 01:47:02 ds4-server: chat ctx=0..153:153 prefill chunk 103/153 (67.3%) chunk=18.52 t/s avg=17.86 t/s 5.767s
0824 01:47:02 ds4-server: chat ctx=0..153:153 prefill chunk 104/153 (68.0%) chunk=19.08 t/s avg=17.87 t/s 5.819s
0824 01:47:02 ds4-server: chat ctx=0..153:153 prefill chunk 105/153 (68.6%) chunk=18.58 t/s avg=17.88 t/s 5.873s
0824 01:47:02 ds4-server: chat ctx=0..153:153 prefill chunk 106/153 (69.3%) chunk=18.86 t/s avg=17.89 t/s 5.926s
0824 01:47:02 ds4-server: chat ctx=0..153:153 prefill chunk 107/153 (69.9%) chunk=19.16 t/s avg=17.90 t/s 5.979s
0824 01:47:02 ds4-server: chat ctx=0..153:153 prefill chunk 108/153 (70.6%) chunk=17.91 t/s avg=17.90 t/s 6.034s
0824 01:47:02 ds4-server: chat ctx=0..153:153 prefill chunk 109/153 (71.2%) chunk=19.00 t/s avg=17.91 t/s 6.087s
0824 01:47:02 ds4-server: chat ctx=0..153:153 prefill chunk 110/153 (71.9%) chunk=19.36 t/s avg=17.92 t/s 6.139s
0824 01:47:02 ds4-server: chat ctx=0..153:153 prefill chunk 111/153 (72.5%) chunk=18.76 t/s avg=17.93 t/s 6.192s
0824 01:47:02 ds4-server: chat ctx=0..153:153 prefill chunk 112/153 (73.2%) chunk=19.25 t/s avg=17.94 t/s 6.244s
0824 01:47:02 ds4-server: chat ctx=0..153:153 prefill chunk 113/153 (73.9%) chunk=18.02 t/s avg=17.94 t/s 6.299s
0824 01:47:02 ds4-server: chat ctx=0..153:153 prefill chunk 114/153 (74.5%) chunk=19.24 t/s avg=17.95 t/s 6.351s
0824 01:47:03 ds4-server: chat ctx=0..153:153 prefill chunk 115/153 (75.2%) chunk=18.72 t/s avg=17.96 t/s 6.405s
0824 01:47:03 ds4-server: chat ctx=0..153:153 prefill chunk 116/153 (75.8%) chunk=18.40 t/s avg=17.96 t/s 6.459s
0824 01:47:03 ds4-server: chat ctx=0..153:153 prefill chunk 117/153 (76.5%) chunk=19.00 t/s avg=17.97 t/s 6.512s
0824 01:47:03 ds4-server: chat ctx=0..153:153 prefill chunk 118/153 (77.1%) chunk=17.74 t/s avg=17.97 t/s 6.568s
0824 01:47:03 ds4-server: chat ctx=0..153:153 prefill chunk 119/153 (77.8%) chunk=19.08 t/s avg=17.97 t/s 6.621s
0824 01:47:03 ds4-server: chat ctx=0..153:153 prefill chunk 120/153 (78.4%) chunk=17.76 t/s avg=17.97 t/s 6.677s
0824 01:47:03 ds4-server: chat ctx=0..153:153 prefill chunk 121/153 (79.1%) chunk=18.16 t/s avg=17.97 t/s 6.732s
0824 01:47:03 ds4-server: chat ctx=0..153:153 prefill chunk 122/153 (79.7%) chunk=18.11 t/s avg=17.98 t/s 6.787s
0824 01:47:03 ds4-server: chat ctx=0..153:153 prefill chunk 123/153 (80.4%) chunk=17.80 t/s avg=17.97 t/s 6.843s
0824 01:47:03 ds4-server: chat ctx=0..153:153 prefill chunk 124/153 (81.0%) chunk=18.48 t/s avg=17.98 t/s 6.897s
0824 01:47:03 ds4-server: chat ctx=0..153:153 prefill chunk 125/153 (81.7%) chunk=18.95 t/s avg=17.99 t/s 6.950s
0824 01:47:03 ds4-server: chat ctx=0..153:153 prefill chunk 126/153 (82.4%) chunk=18.43 t/s avg=17.99 t/s 7.004s
0824 01:47:03 ds4-server: chat ctx=0..153:153 prefill chunk 127/153 (83.0%) chunk=17.96 t/s avg=17.99 t/s 7.060s
0824 01:47:03 ds4-server: chat ctx=0..153:153 prefill chunk 128/153 (83.7%) chunk=18.95 t/s avg=18.00 t/s 7.113s
0824 01:47:03 ds4-server: chat ctx=0..153:153 prefill chunk 129/153 (84.3%) chunk=18.28 t/s avg=18.00 t/s 7.168s
0824 01:47:03 ds4-server: chat ctx=0..153:153 prefill chunk 130/153 (85.0%) chunk=17.94 t/s avg=18.00 t/s 7.223s
0824 01:47:03 ds4-server: chat ctx=0..153:153 prefill chunk 131/153 (85.6%) chunk=18.06 t/s avg=18.00 t/s 7.279s
0824 01:47:03 ds4-server: chat ctx=0..153:153 prefill chunk 132/153 (86.3%) chunk=17.89 t/s avg=18.00 t/s 7.335s
0824 01:47:04 ds4-server: chat ctx=0..153:153 prefill chunk 133/153 (86.9%) chunk=17.20 t/s avg=17.99 t/s 7.393s
0824 01:47:04 ds4-server: chat ctx=0..153:153 prefill chunk 134/153 (87.6%) chunk=18.47 t/s avg=17.99 t/s 7.447s
0824 01:47:04 ds4-server: chat ctx=0..153:153 prefill chunk 135/153 (88.2%) chunk=18.01 t/s avg=17.99 t/s 7.502s
0824 01:47:04 ds4-server: chat ctx=0..153:153 prefill chunk 136/153 (88.9%) chunk=17.83 t/s avg=17.99 t/s 7.558s
0824 01:47:04 ds4-server: chat ctx=0..153:153 prefill chunk 137/153 (89.5%) chunk=18.04 t/s avg=17.99 t/s 7.614s
0824 01:47:04 ds4-server: chat ctx=0..153:153 prefill chunk 138/153 (90.2%) chunk=17.51 t/s avg=17.99 t/s 7.671s
0824 01:47:04 ds4-server: chat ctx=0..153:153 prefill chunk 139/153 (90.8%) chunk=17.28 t/s avg=17.98 t/s 7.729s
0824 01:47:04 ds4-server: chat ctx=0..153:153 prefill chunk 140/153 (91.5%) chunk=18.19 t/s avg=17.99 t/s 7.784s
0824 01:47:04 ds4-server: chat ctx=0..153:153 prefill chunk 141/153 (92.2%) chunk=17.68 t/s avg=17.98 t/s 7.840s
0824 01:47:04 ds4-server: chat ctx=0..153:153 prefill chunk 142/153 (92.8%) chunk=17.57 t/s avg=17.98 t/s 7.897s
0824 01:47:04 ds4-server: chat ctx=0..153:153 prefill chunk 143/153 (93.5%) chunk=18.64 t/s avg=17.99 t/s 7.951s
0824 01:47:04 ds4-server: chat ctx=0..153:153 prefill chunk 144/153 (94.1%) chunk=17.88 t/s avg=17.98 t/s 8.007s
0824 01:47:04 ds4-server: chat ctx=0..153:153 prefill chunk 145/153 (94.8%) chunk=18.81 t/s avg=17.99 t/s 8.060s
0824 01:47:04 ds4-server: chat ctx=0..153:153 prefill chunk 146/153 (95.4%) chunk=19.31 t/s avg=18.00 t/s 8.112s
0824 01:47:04 ds4-server: chat ctx=0..153:153 prefill chunk 147/153 (96.1%) chunk=19.15 t/s avg=18.01 t/s 8.164s
0824 01:47:04 ds4-server: chat ctx=0..153:153 prefill chunk 148/153 (96.7%) chunk=18.86 t/s avg=18.01 t/s 8.217s
0824 01:47:04 ds4-server: chat ctx=0..153:153 prefill chunk 149/153 (97.4%) chunk=18.27 t/s avg=18.01 t/s 8.272s
0824 01:47:04 ds4-server: chat ctx=0..153:153 prefill chunk 150/153 (98.0%) chunk=18.78 t/s avg=18.02 t/s 8.325s
0824 01:47:05 ds4-server: chat ctx=0..153:153 prefill chunk 151/153 (98.7%) chunk=18.70 t/s avg=18.02 t/s 8.379s
0824 01:47:05 ds4-server: chat ctx=0..153:153 prefill chunk 152/153 (99.3%) chunk=19.36 t/s avg=18.03 t/s 8.430s
0824 01:47:05 ds4-server: chat ctx=0..153:153 prefill chunk 153/153 (100.0%) chunk=20.62 t/s avg=18.05 t/s 8.479s
0824 01:47:05 ds4-server: chat ctx=0..153:153 prompt done 8.479s
0824 01:47:07 ds4-server: chat ctx=153..203:50 gen=50 THINKING decoding chunk=18.36 t/s avg=18.36 t/s 2.723s
ds4: qwen35moe experts/token avg over 128 tokens: 0:14.2 1:13.8 2:13.5 3:14.9 4:14.5 5:14.6 6:14.5 7:15.4 8:15.7 9:15.7 10:14.1 11:13.6 12:15.8 13:14.6 14:15.9 15:14.8 16:15.4 17:14.6 18:15.2 19:15.6 20:16.8 21:15.0 22:15.0 23:15.0 24:16.6 25:15.1 26:16.1 27:15.3 28:15.4 29:15.5 30:15.9 31:16.6 32:16.2 33:16.3 34:16.1 35:17.7 36:19.1 37:19.0 38:19.2 39:18.1 | mean 15.7
0824 01:47:10 ds4-server: chat ctx=203..253:50 gen=100 THINKING decoding chunk=18.15 t/s avg=18.26 t/s 5.477s
0824 01:47:13 ds4-server: chat ctx=253..303:50 gen=150 THINKING decoding chunk=17.91 t/s avg=18.14 t/s 8.270s
ds4: qwen35moe experts/token avg over 128 tokens: 0:14.5 1:14.9 2:14.6 3:15.9 4:14.6 5:15.6 6:15.5 7:16.9 8:17.4 9:16.7 10:15.3 11:14.5 12:16.2 13:15.3 14:15.5 15:15.1 16:15.9 17:15.8 18:15.3 19:15.5 20:17.2 21:15.7 22:15.3 23:15.4 24:16.7 25:15.7 26:16.2 27:15.7 28:15.5 29:16.1 30:15.8 31:15.9 32:15.8 33:16.3 34:15.4 35:17.1 36:17.6 37:18.2 38:18.5 39:17.1 | mean 16.0
0824 01:47:16 ds4-server: chat ctx=303..353:50 gen=200 THINKING decoding chunk=17.98 t/s avg=18.10 t/s 11.051s
0824 01:47:18 ds4-server: chat ctx=353..403:50 gen=250 THINKING decoding chunk=17.74 t/s avg=18.03 t/s 13.869s
0824 01:47:21 ds4-server: chat ctx=403..453:50 gen=300 THINKING decoding chunk=17.26 t/s avg=17.89 t/s 16.765s
ds4: qwen35moe experts/token avg over 128 tokens: 0:15.0 1:16.2 2:14.7 3:16.1 4:16.3 5:16.5 6:16.5 7:17.4 8:17.8 9:16.7 10:14.7 11:15.9 12:16.9 13:16.5 14:16.4 15:15.8 16:16.9 17:15.8 18:16.0 19:16.6 20:18.3 21:16.5 22:16.0 23:15.9 24:17.2 25:15.6 26:16.9 27:16.1 28:15.9 29:17.4 30:17.2 31:16.9 32:16.9 33:17.0 34:16.9 35:18.2 36:18.9 37:18.6 38:18.7 39:18.7 | mean 16.7
0824 01:47:24 ds4-server: chat ctx=453..503:50 gen=350 THINKING decoding chunk=17.32 t/s avg=17.81 t/s 19.652s
0824 01:47:27 ds4-server: chat ctx=503..553:50 gen=400 THINKING decoding chunk=17.13 t/s avg=17.72 t/s 22.571s
ds4: qwen35moe experts/token avg over 128 tokens: 0:15.7 1:15.7 2:16.6 3:17.1 4:17.0 5:17.1 6:16.7 7:17.4 8:18.1 9:17.6 10:16.2 11:16.1 12:17.1 13:17.0 14:17.2 15:16.5 16:17.3 17:16.2 18:16.8 19:16.8 20:18.1 21:16.9 22:16.4 23:16.6 24:17.3 25:16.8 26:17.8 27:16.8 28:16.8 29:17.5 30:18.4 31:17.8 32:17.8 33:17.8 34:18.4 35:19.0 36:19.3 37:19.0 38:19.6 39:19.2 | mean 17.3
0824 01:47:30 ds4-server: chat ctx=553..603:50 gen=450 THINKING decoding chunk=16.62 t/s avg=17.59 t/s 25.579s
0824 01:47:33 ds4-server: chat ctx=603..653:50 gen=500 THINKING decoding chunk=16.92 t/s avg=17.52 t/s 28.534s
0824 01:47:36 ds4-server: chat ctx=653..703:50 gen=550 THINKING decoding chunk=16.62 t/s avg=17.44 t/s 31.543s
ds4: qwen35moe experts/token avg over 128 tokens: 0:16.2 1:16.2 2:15.8 3:17.0 4:16.2 5:17.9 6:17.0 7:18.1 8:19.3 9:18.3 10:16.5 11:16.9 12:17.1 13:17.6 14:17.8 15:17.4 16:17.5 17:16.9 18:17.8 19:17.5 20:19.0 21:18.3 22:16.9 23:16.9 24:17.4 25:17.0 26:17.4 27:17.0 28:17.4 29:17.7 30:18.4 31:18.2 32:18.1 33:17.8 34:18.1 35:19.2 36:19.4 37:19.2 38:19.4 39:19.2 | mean 17.7
0824 01:47:39 ds4-server: chat ctx=703..753:50 gen=600 THINKING decoding chunk=16.31 t/s avg=17.34 t/s 34.608s
0824 01:47:42 ds4-server: chat ctx=753..803:50 gen=650 THINKING decoding chunk=16.19 t/s avg=17.24 t/s 37.697s
ds4: qwen35moe experts/token avg over 128 tokens: 0:16.4 1:18.2 2:17.0 3:17.4 4:17.1 5:18.8 6:19.1 7:19.2 8:19.3 9:18.6 10:18.7 11:18.4 12:18.5 13:18.9 14:18.4 15:18.4 16:18.5 17:17.7 18:18.7 19:18.7 20:19.8 21:18.7 22:17.4 23:18.4 24:18.3 25:17.7 26:18.7 27:18.5 28:18.9 29:19.2 30:19.4 31:19.5 32:19.5 33:19.4 34:19.4 35:19.9 36:19.9 37:19.8 38:19.9 39:19.9 | mean 18.7
0824 01:47:45 ds4-server: chat ctx=803..853:50 gen=700 THINKING decoding chunk=16.04 t/s avg=17.15 t/s 40.814s
0824 01:47:49 ds4-server: chat ctx=853..903:50 gen=750 THINKING decoding chunk=15.92 t/s avg=17.06 t/s 43.954s
0824 01:47:52 ds4-server: chat ctx=903..953:50 gen=800 THINKING decoding chunk=16.75 t/s avg=17.04 t/s 46.939s
ds4: qwen35moe experts/token avg over 128 tokens: 0:15.2 1:16.5 2:15.9 3:17.1 4:16.2 5:17.0 6:17.7 7:17.4 8:18.4 9:17.9 10:17.2 11:16.8 12:17.4 13:17.4 14:17.6 15:17.1 16:17.3 17:17.1 18:17.0 19:17.4 20:18.2 21:17.7 22:16.8 23:17.0 24:17.2 25:17.0 26:17.8 27:17.0 28:17.4 29:17.6 30:17.6 31:17.6 32:18.0 33:17.5 34:17.3 35:18.7 36:18.8 37:19.0 38:19.3 39:18.3 | mean 17.4
0824 01:47:55 ds4-server: chat ctx=953..1003:50 gen=850 THINKING decoding chunk=16.98 t/s avg=17.04 t/s 49.883s
0824 01:47:58 ds4-server: chat ctx=1003..1053:50 gen=900 THINKING decoding chunk=16.40 t/s avg=17.00 t/s 52.933s
ds4: qwen35moe experts/token avg over 128 tokens: 0:15.3 1:15.0 2:16.4 3:16.5 4:16.9 5:17.1 6:16.4 7:16.9 8:18.4 9:17.9 10:16.2 11:16.0 12:17.0 13:16.7 14:17.3 15:16.7 16:16.6 17:16.9 18:16.6 19:17.1 20:17.6 21:17.7 22:16.8 23:16.6 24:16.8 25:17.1 26:17.4 27:16.2 28:16.3 29:16.9 30:17.3 31:17.4 32:16.7 33:17.4 34:17.3 35:18.0 36:18.5 37:18.9 38:19.1 39:18.6 | mean 17.1
0824 01:48:01 ds4-server: chat ctx=1053..1103:50 gen=950 THINKING decoding chunk=15.78 t/s avg=16.93 t/s 56.101s
0824 01:48:04 ds4-server: chat ctx=1103..1153:50 gen=1000 THINKING decoding chunk=16.30 t/s avg=16.90 t/s 59.169s
0824 01:48:07 ds4-server: chat ctx=1153..1203:50 gen=1050 THINKING decoding chunk=16.48 t/s avg=16.88 t/s 62.203s
ds4: qwen35moe experts/token avg over 128 tokens: 0:14.2 1:15.0 2:15.0 3:16.2 4:15.7 5:15.8 6:16.0 7:16.2 8:17.5 9:16.8 10:15.7 11:14.9 12:16.6 13:15.6 14:16.3 15:16.1 16:16.4 17:15.5 18:15.5 19:16.5 20:17.3 21:17.1 22:15.9 23:15.8 24:15.6 25:15.4 26:16.1 27:15.8 28:16.2 29:16.0 30:16.6 31:16.5 32:16.0 33:15.7 34:16.2 35:17.1 36:17.1 37:17.8 38:18.5 39:17.5 | mean 16.2
0824 01:48:10 ds4-server: chat ctx=1203..1253:50 gen=1100 THINKING decoding chunk=16.58 t/s avg=16.87 t/s 65.218s
0824 01:48:13 ds4-server: chat ctx=1253..1303:50 gen=1150 THINKING decoding chunk=15.65 t/s avg=16.81 t/s 68.412s
0824 01:48:16 ds4-server: chat ctx=1303..1353:50 gen=1200 THINKING decoding chunk=15.39 t/s avg=16.75 t/s 71.661s
ds4: qwen35moe experts/token avg over 128 tokens: 0:16.2 1:15.9 2:17.1 3:18.0 4:17.5 5:17.5 6:17.4 7:18.0 8:18.7 9:18.3 10:17.0 11:16.3 12:17.6 13:16.9 14:17.6 15:17.5 16:17.1 17:16.7 18:17.5 19:17.4 20:18.3 21:18.1 22:17.3 23:17.5 24:17.1 25:17.6 26:17.7 27:17.5 28:17.4 29:17.6 30:18.2 31:18.5 32:17.9 33:18.3 34:18.6 35:19.1 36:19.3 37:19.1 38:19.4 39:19.1 | mean 17.7
0824 01:48:19 ds4-server: chat ctx=1353..1403:50 gen=1250 THINKING decoding chunk=15.89 t/s avg=16.71 t/s 74.807s
0824 01:48:23 ds4-server: chat ctx=1403..1453:50 gen=1300 THINKING decoding chunk=16.05 t/s avg=16.68 t/s 77.921s
ds4: qwen35moe experts/token avg over 128 tokens: 0:14.3 1:14.7 2:14.4 3:15.8 4:15.5 5:15.5 6:15.7 7:16.2 8:17.0 9:16.6 10:15.1 11:15.0 12:15.8 13:15.7 14:16.3 15:15.8 16:16.2 17:16.0 18:16.0 19:16.0 20:16.9 21:16.6 22:15.8 23:15.5 24:15.8 25:16.0 26:16.1 27:15.7 28:15.7 29:15.7 30:15.7 31:16.1 32:15.4 33:15.2 34:15.1 35:16.3 36:16.7 37:17.4 38:18.4 39:16.8 | mean 15.9
0824 01:48:26 ds4-server: chat ctx=1453..1503:50 gen=1350 THINKING decoding chunk=16.25 t/s avg=16.67 t/s 80.999s
0824 01:48:29 ds4-server: chat ctx=1503..1553:50 gen=1400 THINKING decoding chunk=15.59 t/s avg=16.63 t/s 84.206s
0824 01:48:32 ds4-server: chat ctx=1553..1603:50 gen=1450 THINKING decoding chunk=15.04 t/s avg=16.57 t/s 87.530s
ds4: qwen35moe experts/token avg over 128 tokens: 0:15.9 1:15.6 2:16.7 3:17.3 4:17.1 5:17.4 6:16.9 7:17.9 8:18.7 9:18.3 10:16.7 11:16.8 12:17.7 13:17.2 14:17.7 15:17.8 16:17.4 17:16.9 18:17.3 19:17.6 20:18.5 21:18.1 22:17.0 23:17.2 24:17.1 25:17.3 26:17.7 27:17.4 28:17.6 29:17.6 30:17.9 31:18.3 32:17.4 33:18.0 34:18.0 35:18.4 36:18.9 37:19.2 38:19.2 39:18.9 | mean 17.6
0824 01:48:35 ds4-server: chat ctx=1603..1653:50 gen=1500 THINKING decoding chunk=15.22 t/s avg=16.52 t/s 90.815s
0824 01:48:39 ds4-server: chat ctx=1653..1703:50 gen=1550 THINKING decoding chunk=15.82 t/s avg=16.49 t/s 93.976s
ds4: qwen35moe experts/token avg over 128 tokens: 0:15.3 1:15.3 2:14.9 3:16.6 4:16.1 5:16.4 6:16.7 7:17.1 8:18.0 9:17.3 10:15.9 11:15.6 12:16.8 13:16.2 14:16.9 15:16.5 16:16.6 17:16.0 18:16.4 19:16.9 20:17.7 21:17.1 22:16.4 23:15.9 24:16.4 25:16.4 26:16.9 27:16.7 28:16.6 29:16.9 30:17.1 31:17.4 32:16.8 33:16.5 34:17.3 35:17.4 36:18.0 37:18.1 38:18.6 39:17.7 | mean 16.7
0824 01:48:42 ds4-server: chat ctx=1703..1753:50 gen=1600 THINKING decoding chunk=15.22 t/s avg=16.45 t/s 97.262s
0824 01:48:45 ds4-server: chat ctx=1753..1803:50 gen=1650 THINKING decoding chunk=15.04 t/s avg=16.40 t/s 100.587s
0824 01:48:48 ds4-server: chat ctx=1803..1853:50 gen=1700 THINKING decoding chunk=15.70 t/s avg=16.38 t/s 103.771s
ds4: qwen35moe experts/token avg over 128 tokens: 0:15.3 1:15.7 2:15.1 3:16.0 4:16.0 5:16.1 6:16.9 7:17.0 8:17.6 9:17.3 10:16.1 11:16.0 12:16.6 13:16.3 14:16.4 15:16.1 16:16.4 17:16.1 18:15.8 19:16.6 20:17.7 21:16.8 22:15.5 23:15.6 24:16.0 25:15.4 26:16.7 27:16.1 28:16.4 29:16.8 30:16.6 31:17.1 32:16.4 33:16.8 34:16.5 35:17.5 36:17.9 37:17.8 38:18.7 39:17.6 | mean 16.5
0824 01:48:52 ds4-server: chat ctx=1853..1903:50 gen=1750 THINKING decoding chunk=15.83 t/s avg=16.37 t/s 106.929s
0824 01:48:55 ds4-server: chat ctx=1903..1953:50 gen=1800 THINKING decoding chunk=15.16 t/s avg=16.33 t/s 110.226s
ds4: qwen35moe experts/token avg over 128 tokens: 0:15.4 1:15.2 2:16.4 3:17.4 4:17.4 5:17.3 6:17.2 7:17.6 8:18.2 9:17.8 10:16.2 11:16.3 12:17.4 13:16.5 14:17.5 15:17.3 16:17.8 17:17.2 18:17.3 19:17.2 20:17.7 21:17.5 22:17.3 23:17.4 24:17.5 25:17.3 26:17.4 27:17.1 28:17.1 29:17.2 30:17.3 31:17.9 32:17.3 33:17.6 34:17.7 35:18.3 36:18.6 37:19.2 38:19.1 39:18.9 | mean 17.4
0824 01:48:58 ds4-server: chat ctx=1953..2003:50 gen=1850 THINKING decoding chunk=14.57 t/s avg=16.28 t/s 113.657s
0824 01:49:02 ds4-server: chat ctx=2003..2053:50 gen=1900 THINKING decoding chunk=14.84 t/s avg=16.24 t/s 117.027s
0824 01:49:05 ds4-server: chat ctx=2053..2103:50 gen=1950 THINKING decoding chunk=15.28 t/s avg=16.21 t/s 120.299s
ds4: qwen35moe experts/token avg over 128 tokens: 0:14.6 1:15.4 2:15.5 3:16.4 4:16.2 5:16.4 6:16.5 7:16.8 8:17.6 9:17.0 10:15.5 11:15.4 12:16.5 13:15.6 14:16.7 15:15.9 16:16.7 17:15.9 18:16.1 19:16.1 20:17.8 21:16.7 22:15.7 23:15.8 24:16.2 25:15.6 26:16.4 27:16.0 28:16.9 29:16.2 30:16.3 31:16.3 32:16.6 33:15.8 34:15.7 35:16.8 36:17.1 37:17.6 38:18.2 39:17.6 | mean 16.3
0824 01:49:08 ds4-server: chat ctx=2103..2153:50 gen=2000 THINKING decoding chunk=15.28 t/s avg=16.18 t/s 123.572s
0824 01:49:12 ds4-server: chat ctx=2153..2203:50 gen=2050 THINKING decoding chunk=14.80 t/s avg=16.15 t/s 126.950s
0824 01:49:15 ds4-server: chat ctx=2203..2253:50 gen=2100 THINKING decoding chunk=15.24 t/s avg=16.13 t/s 130.230s
ds4: qwen35moe experts/token avg over 128 tokens: 0:14.5 1:14.5 2:14.5 3:15.8 4:15.5 5:15.7 6:15.6 7:16.0 8:16.5 9:16.3 10:14.9 11:14.6 12:16.1 13:15.3 14:16.0 15:15.9 16:15.9 17:15.2 18:15.3 19:16.2 20:16.3 21:16.6 22:14.9 23:15.3 24:15.7 25:15.2 26:16.0 27:15.3 28:15.4 29:15.6 30:15.8 31:16.0 32:15.1 33:14.4 34:15.3 35:16.3 36:16.9 37:17.3 38:18.2 39:16.9 | mean 15.7
0824 01:49:18 ds4-server: chat ctx=2253..2303:50 gen=2150 THINKING decoding chunk=14.97 t/s avg=16.10 t/s 133.570s
0824 01:49:22 ds4-server: chat ctx=2303..2353:50 gen=2200 THINKING decoding chunk=14.81 t/s avg=16.06 t/s 136.946s
ds4: qwen35moe experts/token avg over 128 tokens: 0:14.6 1:15.3 2:15.4 3:16.6 4:16.6 5:16.7 6:16.4 7:16.7 8:17.9 9:17.0 10:16.1 11:15.5 12:16.8 13:16.0 14:16.6 15:16.6 16:16.1 17:16.2 18:15.9 19:16.3 20:17.4 21:17.4 22:15.8 23:15.9 24:16.2 25:16.0 26:16.1 27:16.1 28:16.2 29:16.1 30:15.9 31:16.7 32:15.8 33:16.2 34:16.0 35:17.2 36:17.3 37:17.8 38:18.6 39:17.7 | mean 16.4
0824 01:49:25 ds4-server: chat ctx=2353..2403:50 gen=2250 THINKING decoding chunk=14.05 t/s avg=16.01 t/s 140.505s
0824 01:49:29 ds4-server: chat ctx=2403..2453:50 gen=2300 THINKING decoding chunk=13.96 t/s avg=15.96 t/s 144.086s
0824 01:49:32 ds4-server: chat ctx=2453..2503:50 gen=2350 THINKING decoding chunk=14.64 t/s avg=15.93 t/s 147.501s
ds4: qwen35moe experts/token avg over 128 tokens: 0:15.9 1:15.6 2:16.5 3:17.1 4:17.0 5:17.6 6:17.5 7:17.6 8:18.1 9:17.5 10:16.4 11:16.5 12:17.2 13:17.5 14:17.9 15:18.2 16:18.0 17:17.9 18:17.8 19:18.1 20:18.2 21:18.1 22:17.6 23:17.3 24:17.9 25:17.9 26:17.9 27:17.6 28:17.7 29:18.1 30:17.4 31:18.4 32:18.1 33:17.7 34:17.7 35:18.2 36:18.8 37:18.8 38:19.2 39:18.5 | mean 17.7
0824 01:49:36 ds4-server: chat ctx=2503..2553:50 gen=2400 THINKING decoding chunk=14.67 t/s avg=15.90 t/s 150.910s
0824 01:49:39 ds4-server: chat ctx=2553..2603:50 gen=2450 THINKING decoding chunk=14.50 t/s avg=15.87 t/s 154.358s
ds4: qwen35moe experts/token avg over 128 tokens: 0:14.9 1:15.3 2:15.5 3:16.9 4:16.8 5:16.2 6:16.6 7:17.0 8:17.5 9:16.8 10:15.7 11:15.7 12:17.2 13:16.4 14:17.0 15:16.7 16:17.1 17:16.4 18:16.5 19:16.9 20:17.1 21:16.5 22:16.1 23:15.9 24:16.4 25:16.6 26:16.9 27:15.6 28:17.0 29:16.4 30:16.1 31:17.0 32:16.1 33:16.1 34:16.0 35:16.9 36:17.4 37:17.7 38:18.5 39:17.7 | mean 16.6
0824 01:49:43 ds4-server: chat ctx=2603..2653:50 gen=2500 THINKING decoding chunk=13.77 t/s avg=15.82 t/s 157.988s
0824 01:49:46 ds4-server: chat ctx=2653..2703:50 gen=2550 THINKING decoding chunk=13.70 t/s avg=15.78 t/s 161.638s
0824 01:49:50 ds4-server: chat ctx=2703..2753:50 gen=2600 decoding chunk=14.23 t/s avg=15.74 t/s 165.151s
ds4: qwen35moe experts/token avg over 128 tokens: 0:16.2 1:16.2 2:16.9 3:17.8 4:17.5 5:17.9 6:17.6 7:18.1 8:18.5 9:17.6 10:16.6 11:16.4 12:17.0 13:17.4 14:18.2 15:18.5 16:18.3 17:18.5 18:18.4 19:18.6 20:18.3 21:18.3 22:17.8 23:17.8 24:17.9 25:18.5 26:17.8 27:17.4 28:18.0 29:18.2 30:17.8 31:18.5 32:18.0 33:18.4 34:18.6 35:19.0 36:19.3 37:19.1 38:19.4 39:19.1 | mean 18.0
0824 01:49:53 ds4-server: chat ctx=2753..2803:50 gen=2650 decoding chunk=13.54 t/s avg=15.70 t/s 168.843s
0824 01:49:57 ds4-server: chat ctx=2803..2853:50 gen=2700 decoding chunk=13.60 t/s avg=15.65 t/s 172.519s
0824 01:49:58 ds4-server: chat ctx=2853..2860:7 gen=2707 decoding chunk=13.55 t/s avg=15.64 t/s 173.036s
0824 01:49:58 ds4-server: thinking live checkpoint remembered ctx=0..153:153 live=2860 visible=1221
0824 01:49:58 ds4-server: chat ctx=0..153:153 gen=2707 finish=stop 181.515s
0824 01:50:00 ds4-server: live kv cache miss live=2860 prompt=122 common=30 reason=token-mismatch
0824 01:50:00 ds4-server: chat ctx=0..122:122 prompt start
0824 01:50:00 ds4-server: chat ctx=0..122:122 prefill chunk 1/122 (0.8%) chunk=0.00 t/s avg=2.97 t/s 0.336s
0824 01:50:00 ds4-server: chat ctx=0..122:122 prefill chunk 2/122 (1.6%) chunk=19.90 t/s avg=5.18 t/s 0.386s
0824 01:50:01 ds4-server: chat ctx=0..122:122 prefill chunk 3/122 (2.5%) chunk=18.97 t/s avg=6.83 t/s 0.439s
0824 01:50:01 ds4-server: chat ctx=0..122:122 prefill chunk 4/122 (3.3%) chunk=19.89 t/s avg=8.17 t/s 0.489s
0824 01:50:01 ds4-server: chat ctx=0..122:122 prefill chunk 5/122 (4.1%) chunk=18.58 t/s avg=9.20 t/s 0.543s
0824 01:50:01 ds4-server: chat ctx=0..122:122 prefill chunk 6/122 (4.9%) chunk=19.80 t/s avg=10.10 t/s 0.594s
0824 01:50:01 ds4-server: chat ctx=0..122:122 prefill chunk 7/122 (5.7%) chunk=18.48 t/s avg=10.80 t/s 0.648s
0824 01:50:01 ds4-server: chat ctx=0..122:122 prefill chunk 8/122 (6.6%) chunk=18.68 t/s avg=11.41 t/s 0.701s
0824 01:50:01 ds4-server: chat ctx=0..122:122 prefill chunk 9/122 (7.4%) chunk=19.51 t/s avg=11.96 t/s 0.753s
0824 01:50:01 ds4-server: chat ctx=0..122:122 prefill chunk 10/122 (8.2%) chunk=18.58 t/s avg=12.40 t/s 0.807s
0824 01:50:01 ds4-server: chat ctx=0..122:122 prefill chunk 11/122 (9.0%) chunk=19.60 t/s avg=12.83 t/s 0.858s
0824 01:50:01 ds4-server: chat ctx=0..122:122 prefill chunk 12/122 (9.8%) chunk=18.67 t/s avg=13.17 t/s 0.911s
0824 01:50:01 ds4-server: chat ctx=0..122:122 prefill chunk 13/122 (10.7%) chunk=19.24 t/s avg=13.50 t/s 0.963s
0824 01:50:01 ds4-server: chat ctx=0..122:122 prefill chunk 14/122 (11.5%) chunk=18.97 t/s avg=13.78 t/s 1.016s
0824 01:50:01 ds4-server: chat ctx=0..122:122 prefill chunk 15/122 (12.3%) chunk=18.77 t/s avg=14.03 t/s 1.069s
0824 01:50:01 ds4-server: chat ctx=0..122:122 prefill chunk 16/122 (13.1%) chunk=19.21 t/s avg=14.27 t/s 1.121s
0824 01:50:01 ds4-server: chat ctx=0..122:122 prefill chunk 17/122 (13.9%) chunk=18.30 t/s avg=14.46 t/s 1.176s
0824 01:50:01 ds4-server: chat ctx=0..122:122 prefill chunk 18/122 (14.8%) chunk=18.89 t/s avg=14.65 t/s 1.229s
0824 01:50:01 ds4-server: chat ctx=0..122:122 prefill chunk 19/122 (15.6%) chunk=18.96 t/s avg=14.83 t/s 1.281s
0824 01:50:01 ds4-server: chat ctx=0..122:122 prefill chunk 20/122 (16.4%) chunk=18.49 t/s avg=14.98 t/s 1.335s
0824 01:50:01 ds4-server: chat ctx=0..122:122 prefill chunk 21/122 (17.2%) chunk=19.44 t/s avg=15.14 t/s 1.387s
0824 01:50:02 ds4-server: chat ctx=0..122:122 prefill chunk 22/122 (18.0%) chunk=18.23 t/s avg=15.26 t/s 1.442s
0824 01:50:02 ds4-server: chat ctx=0..122:122 prefill chunk 23/122 (18.9%) chunk=19.40 t/s avg=15.40 t/s 1.493s
0824 01:50:02 ds4-server: chat ctx=0..122:122 prefill chunk 24/122 (19.7%) chunk=18.88 t/s avg=15.52 t/s 1.546s
0824 01:50:02 ds4-server: chat ctx=0..122:122 prefill chunk 25/122 (20.5%) chunk=18.48 t/s avg=15.62 t/s 1.600s
0824 01:50:02 ds4-server: chat ctx=0..122:122 prefill chunk 26/122 (21.3%) chunk=19.54 t/s avg=15.74 t/s 1.652s
0824 01:50:02 ds4-server: chat ctx=0..122:122 prefill chunk 27/122 (22.1%) chunk=17.83 t/s avg=15.81 t/s 1.708s
0824 01:50:02 ds4-server: chat ctx=0..122:122 prefill chunk 28/122 (23.0%) chunk=18.51 t/s avg=15.89 t/s 1.762s
0824 01:50:02 ds4-server: chat ctx=0..122:122 prefill chunk 29/122 (23.8%) chunk=18.32 t/s avg=15.97 t/s 1.816s
0824 01:50:02 ds4-server: chat ctx=0..122:122 prefill chunk 30/122 (24.6%) chunk=18.65 t/s avg=16.04 t/s 1.870s
0824 01:50:02 ds4-server: chat ctx=0..122:122 prefill chunk 31/122 (25.4%) chunk=20.03 t/s avg=16.15 t/s 1.920s
0824 01:50:02 ds4-server: chat ctx=0..122:122 prefill chunk 32/122 (26.2%) chunk=18.78 t/s avg=16.22 t/s 1.973s
0824 01:50:02 ds4-server: chat ctx=0..122:122 prefill chunk 33/122 (27.0%) chunk=19.86 t/s avg=16.31 t/s 2.023s
ds4: qwen35moe experts/token avg over 128 tokens: 0:15.9 1:16.0 2:16.7 3:17.3 4:17.1 5:17.2 6:17.3 7:17.8 8:17.8 9:16.9 10:16.7 11:16.4 12:16.9 13:17.1 14:17.8 15:17.8 16:17.9 17:17.6 18:17.7 19:17.9 20:18.1 21:17.7 22:17.8 23:17.3 24:18.1 25:17.6 26:17.9 27:18.0 28:18.2 29:18.6 30:18.6 31:18.5 32:18.6 33:18.8 34:18.8 35:19.4 36:19.6 37:19.4 38:19.6 39:19.3 | mean 17.8
0824 01:50:02 ds4-server: chat ctx=0..122:122 prefill chunk 34/122 (27.9%) chunk=19.15 t/s avg=16.38 t/s 2.076s
0824 01:50:02 ds4-server: chat ctx=0..122:122 prefill chunk 35/122 (28.7%) chunk=18.93 t/s avg=16.44 t/s 2.128s
0824 01:50:02 ds4-server: chat ctx=0..122:122 prefill chunk 36/122 (29.5%) chunk=18.65 t/s avg=16.50 t/s 2.182s
0824 01:50:02 ds4-server: chat ctx=0..122:122 prefill chunk 37/122 (30.3%) chunk=17.40 t/s avg=16.52 t/s 2.240s
0824 01:50:02 ds4-server: chat ctx=0..122:122 prefill chunk 38/122 (31.1%) chunk=18.33 t/s avg=16.56 t/s 2.294s
0824 01:50:02 ds4-server: chat ctx=0..122:122 prefill chunk 39/122 (32.0%) chunk=17.73 t/s avg=16.59 t/s 2.351s
0824 01:50:02 ds4-server: chat ctx=0..122:122 prefill chunk 40/122 (32.8%) chunk=17.60 t/s avg=16.62 t/s 2.407s
0824 01:50:03 ds4-server: chat ctx=0..122:122 prefill chunk 41/122 (33.6%) chunk=18.62 t/s avg=16.66 t/s 2.461s
0824 01:50:03 ds4-server: chat ctx=0..122:122 prefill chunk 42/122 (34.4%) chunk=18.76 t/s avg=16.70 t/s 2.514s
0824 01:50:03 ds4-server: chat ctx=0..122:122 prefill chunk 43/122 (35.2%) chunk=17.91 t/s avg=16.73 t/s 2.570s
0824 01:50:03 ds4-server: chat ctx=0..122:122 prefill chunk 44/122 (36.1%) chunk=19.64 t/s avg=16.79 t/s 2.621s
0824 01:50:03 ds4-server: chat ctx=0..122:122 prefill chunk 45/122 (36.9%) chunk=18.89 t/s avg=16.83 t/s 2.674s
0824 01:50:03 ds4-server: chat ctx=0..122:122 prefill chunk 46/122 (37.7%) chunk=19.13 t/s avg=16.87 t/s 2.726s
0824 01:50:03 ds4-server: chat ctx=0..122:122 prefill chunk 47/122 (38.5%) chunk=18.34 t/s avg=16.90 t/s 2.781s
0824 01:50:03 ds4-server: chat ctx=0..122:122 prefill chunk 48/122 (39.3%) chunk=18.53 t/s avg=16.93 t/s 2.835s
0824 01:50:03 ds4-server: chat ctx=0..122:122 prefill chunk 49/122 (40.2%) chunk=19.20 t/s avg=16.97 t/s 2.887s
0824 01:50:03 ds4-server: chat ctx=0..122:122 prefill chunk 50/122 (41.0%) chunk=18.65 t/s avg=17.00 t/s 2.941s
0824 01:50:03 ds4-server: chat ctx=0..122:122 prefill chunk 51/122 (41.8%) chunk=19.05 t/s avg=17.04 t/s 2.993s
0824 01:50:03 ds4-server: chat ctx=0..122:122 prefill chunk 52/122 (42.6%) chunk=19.02 t/s avg=17.07 t/s 3.046s
0824 01:50:03 ds4-server: chat ctx=0..122:122 prefill chunk 53/122 (43.4%) chunk=19.35 t/s avg=17.11 t/s 3.097s
0824 01:50:03 ds4-server: chat ctx=0..122:122 prefill chunk 54/122 (44.3%) chunk=18.39 t/s avg=17.13 t/s 3.152s
0824 01:50:03 ds4-server: chat ctx=0..122:122 prefill chunk 55/122 (45.1%) chunk=19.01 t/s avg=17.16 t/s 3.204s
0824 01:50:03 ds4-server: chat ctx=0..122:122 prefill chunk 56/122 (45.9%) chunk=19.42 t/s avg=17.20 t/s 3.256s
0824 01:50:03 ds4-server: chat ctx=0..122:122 prefill chunk 57/122 (46.7%) chunk=18.50 t/s avg=17.22 t/s 3.310s
0824 01:50:03 ds4-server: chat ctx=0..122:122 prefill chunk 58/122 (47.5%) chunk=19.61 t/s avg=17.26 t/s 3.361s
0824 01:50:03 ds4-server: chat ctx=0..122:122 prefill chunk 59/122 (48.4%) chunk=18.58 t/s avg=17.28 t/s 3.415s
0824 01:50:04 ds4-server: chat ctx=0..122:122 prefill chunk 60/122 (49.2%) chunk=18.47 t/s avg=17.30 t/s 3.469s
0824 01:50:04 ds4-server: chat ctx=0..122:122 prefill chunk 61/122 (50.0%) chunk=18.90 t/s avg=17.32 t/s 3.522s
0824 01:50:04 ds4-server: chat ctx=0..122:122 prefill chunk 62/122 (50.8%) chunk=18.72 t/s avg=17.34 t/s 3.575s
0824 01:50:04 ds4-server: chat ctx=0..122:122 prefill chunk 63/122 (51.6%) chunk=18.75 t/s avg=17.36 t/s 3.628s
0824 01:50:04 ds4-server: chat ctx=0..122:122 prefill chunk 64/122 (52.5%) chunk=18.36 t/s avg=17.38 t/s 3.683s
0824 01:50:04 ds4-server: chat ctx=0..122:122 prefill chunk 65/122 (53.3%) chunk=18.54 t/s avg=17.39 t/s 3.737s
0824 01:50:04 ds4-server: chat ctx=0..122:122 prefill chunk 66/122 (54.1%) chunk=19.31 t/s avg=17.42 t/s 3.789s
0824 01:50:04 ds4-server: chat ctx=0..122:122 prefill chunk 67/122 (54.9%) chunk=18.77 t/s avg=17.44 t/s 3.842s
0824 01:50:04 ds4-server: chat ctx=0..122:122 prefill chunk 68/122 (55.7%) chunk=19.23 t/s avg=17.46 t/s 3.894s
0824 01:50:04 ds4-server: chat ctx=0..122:122 prefill chunk 69/122 (56.6%) chunk=18.09 t/s avg=17.47 t/s 3.949s
0824 01:50:04 ds4-server: chat ctx=0..122:122 prefill chunk 70/122 (57.4%) chunk=18.42 t/s avg=17.49 t/s 4.003s
0824 01:50:04 ds4-server: chat ctx=0..122:122 prefill chunk 71/122 (58.2%) chunk=18.33 t/s avg=17.50 t/s 4.058s
0824 01:50:04 ds4-server: chat ctx=0..122:122 prefill chunk 72/122 (59.0%) chunk=18.09 t/s avg=17.50 t/s 4.113s
0824 01:50:04 ds4-server: chat ctx=0..122:122 prefill chunk 73/122 (59.8%) chunk=18.48 t/s avg=17.52 t/s 4.167s
0824 01:50:04 ds4-server: chat ctx=0..122:122 prefill chunk 74/122 (60.7%) chunk=18.84 t/s avg=17.53 t/s 4.220s
0824 01:50:04 ds4-server: chat ctx=0..122:122 prefill chunk 75/122 (61.5%) chunk=18.02 t/s avg=17.54 t/s 4.276s
0824 01:50:04 ds4-server: chat ctx=0..122:122 prefill chunk 76/122 (62.3%) chunk=19.00 t/s avg=17.56 t/s 4.329s
0824 01:50:04 ds4-server: chat ctx=0..122:122 prefill chunk 77/122 (63.1%) chunk=18.69 t/s avg=17.57 t/s 4.382s
0824 01:50:05 ds4-server: chat ctx=0..122:122 prefill chunk 78/122 (63.9%) chunk=18.21 t/s avg=17.58 t/s 4.437s
0824 01:50:05 ds4-server: chat ctx=0..122:122 prefill chunk 79/122 (64.8%) chunk=19.06 t/s avg=17.60 t/s 4.489s
0824 01:50:05 ds4-server: chat ctx=0..122:122 prefill chunk 80/122 (65.6%) chunk=18.33 t/s avg=17.61 t/s 4.544s
0824 01:50:05 ds4-server: chat ctx=0..122:122 prefill chunk 81/122 (66.4%) chunk=18.86 t/s avg=17.62 t/s 4.597s
0824 01:50:05 ds4-server: chat ctx=0..122:122 prefill chunk 82/122 (67.2%) chunk=18.58 t/s avg=17.63 t/s 4.651s
0824 01:50:05 ds4-server: chat ctx=0..122:122 prefill chunk 83/122 (68.0%) chunk=17.88 t/s avg=17.63 t/s 4.707s
0824 01:50:05 ds4-server: chat ctx=0..122:122 prefill chunk 84/122 (68.9%) chunk=18.88 t/s avg=17.65 t/s 4.760s
0824 01:50:05 ds4-server: chat ctx=0..122:122 prefill chunk 85/122 (69.7%) chunk=18.51 t/s avg=17.66 t/s 4.814s
0824 01:50:05 ds4-server: chat ctx=0..122:122 prefill chunk 86/122 (70.5%) chunk=19.03 t/s avg=17.67 t/s 4.866s
0824 01:50:05 ds4-server: chat ctx=0..122:122 prefill chunk 87/122 (71.3%) chunk=18.49 t/s avg=17.68 t/s 4.920s
0824 01:50:05 ds4-server: chat ctx=0..122:122 prefill chunk 88/122 (72.1%) chunk=18.32 t/s avg=17.69 t/s 4.975s
0824 01:50:05 ds4-server: chat ctx=0..122:122 prefill chunk 89/122 (73.0%) chunk=18.98 t/s avg=17.70 t/s 5.028s
0824 01:50:05 ds4-server: chat ctx=0..122:122 prefill chunk 90/122 (73.8%) chunk=18.59 t/s avg=17.71 t/s 5.081s
0824 01:50:05 ds4-server: chat ctx=0..122:122 prefill chunk 91/122 (74.6%) chunk=18.89 t/s avg=17.72 t/s 5.134s
0824 01:50:05 ds4-server: chat ctx=0..122:122 prefill chunk 92/122 (75.4%) chunk=17.95 t/s avg=17.73 t/s 5.190s
0824 01:50:05 ds4-server: chat ctx=0..122:122 prefill chunk 93/122 (76.2%) chunk=17.66 t/s avg=17.73 t/s 5.247s
0824 01:50:05 ds4-server: chat ctx=0..122:122 prefill chunk 94/122 (77.0%) chunk=19.11 t/s avg=17.74 t/s 5.299s
0824 01:50:05 ds4-server: chat ctx=0..122:122 prefill chunk 95/122 (77.9%) chunk=18.57 t/s avg=17.75 t/s 5.353s
0824 01:50:05 ds4-server: chat ctx=0..122:122 prefill chunk 96/122 (78.7%) chunk=17.90 t/s avg=17.75 t/s 5.409s
0824 01:50:06 ds4-server: chat ctx=0..122:122 prefill chunk 97/122 (79.5%) chunk=19.33 t/s avg=17.76 t/s 5.460s
0824 01:50:06 ds4-server: chat ctx=0..122:122 prefill chunk 98/122 (80.3%) chunk=18.69 t/s avg=17.77 t/s 5.514s
0824 01:50:06 ds4-server: chat ctx=0..122:122 prefill chunk 99/122 (81.1%) chunk=17.95 t/s avg=17.77 t/s 5.570s
0824 01:50:06 ds4-server: chat ctx=0..122:122 prefill chunk 100/122 (82.0%) chunk=18.86 t/s avg=17.78 t/s 5.623s
0824 01:50:06 ds4-server: chat ctx=0..122:122 prefill chunk 101/122 (82.8%) chunk=17.78 t/s avg=17.78 t/s 5.679s
0824 01:50:06 ds4-server: chat ctx=0..122:122 prefill chunk 102/122 (83.6%) chunk=18.08 t/s avg=17.79 t/s 5.734s
0824 01:50:06 ds4-server: chat ctx=0..122:122 prefill chunk 103/122 (84.4%) chunk=18.31 t/s avg=17.79 t/s 5.789s
0824 01:50:06 ds4-server: chat ctx=0..122:122 prefill chunk 104/122 (85.2%) chunk=18.15 t/s avg=17.80 t/s 5.844s
0824 01:50:06 ds4-server: chat ctx=0..122:122 prefill chunk 105/122 (86.1%) chunk=17.57 t/s avg=17.79 t/s 5.901s
0824 01:50:06 ds4-server: chat ctx=0..122:122 prefill chunk 106/122 (86.9%) chunk=18.76 t/s avg=17.80 t/s 5.954s
0824 01:50:06 ds4-server: chat ctx=0..122:122 prefill chunk 107/122 (87.7%) chunk=17.12 t/s avg=17.80 t/s 6.013s
0824 01:50:06 ds4-server: chat ctx=0..122:122 prefill chunk 108/122 (88.5%) chunk=16.98 t/s avg=17.79 t/s 6.072s
0824 01:50:06 ds4-server: chat ctx=0..122:122 prefill chunk 109/122 (89.3%) chunk=17.82 t/s avg=17.79 t/s 6.128s
0824 01:50:06 ds4-server: chat ctx=0..122:122 prefill chunk 110/122 (90.2%) chunk=17.84 t/s avg=17.79 t/s 6.184s
0824 01:50:06 ds4-server: chat ctx=0..122:122 prefill chunk 111/122 (91.0%) chunk=17.61 t/s avg=17.79 t/s 6.240s
0824 01:50:06 ds4-server: chat ctx=0..122:122 prefill chunk 112/122 (91.8%) chunk=17.58 t/s avg=17.79 t/s 6.297s
0824 01:50:06 ds4-server: chat ctx=0..122:122 prefill chunk 113/122 (92.6%) chunk=17.64 t/s avg=17.78 t/s 6.354s
0824 01:50:06 ds4-server: chat ctx=0..122:122 prefill chunk 114/122 (93.4%) chunk=18.40 t/s avg=17.79 t/s 6.408s
0824 01:50:07 ds4-server: chat ctx=0..122:122 prefill chunk 115/122 (94.3%) chunk=18.81 t/s avg=17.80 t/s 6.462s
0824 01:50:07 ds4-server: chat ctx=0..122:122 prefill chunk 116/122 (95.1%) chunk=18.86 t/s avg=17.81 t/s 6.515s
0824 01:50:07 ds4-server: chat ctx=0..122:122 prefill chunk 117/122 (95.9%) chunk=17.77 t/s avg=17.81 t/s 6.571s
0824 01:50:07 ds4-server: chat ctx=0..122:122 prefill chunk 118/122 (96.7%) chunk=19.08 t/s avg=17.82 t/s 6.623s
0824 01:50:07 ds4-server: chat ctx=0..122:122 prefill chunk 119/122 (97.5%) chunk=18.46 t/s avg=17.82 t/s 6.677s
0824 01:50:07 ds4-server: chat ctx=0..122:122 prefill chunk 120/122 (98.4%) chunk=17.76 t/s avg=17.82 t/s 6.734s
0824 01:50:07 ds4-server: chat ctx=0..122:122 prefill chunk 121/122 (99.2%) chunk=20.38 t/s avg=17.84 t/s 6.783s
0824 01:50:07 ds4-server: chat ctx=0..122:122 prefill chunk 122/122 (100.0%) chunk=19.62 t/s avg=17.85 t/s 6.834s
0824 01:50:07 ds4-server: chat ctx=0..122:122 prompt done 6.834s
ds4: qwen35moe experts/token avg over 128 tokens: 0:13.9 1:14.5 2:14.8 3:15.0 4:14.6 5:15.2 6:15.1 7:15.7 8:15.9 9:15.7 10:14.5 11:13.8 12:15.9 13:14.6 14:15.4 15:15.3 16:15.4 17:14.7 18:15.0 19:15.1 20:15.0 21:15.5 22:14.5 23:15.3 24:16.2 25:14.6 26:15.5 27:15.2 28:15.5 29:15.5 30:16.3 31:16.6 32:16.5 33:16.5 34:16.4 35:18.2 36:19.0 37:18.5 38:19.1 39:17.9 | mean 15.7
0824 01:50:10 ds4-server: chat ctx=122..172:50 gen=50 THINKING decoding chunk=18.26 t/s avg=18.26 t/s 2.738s
0824 01:50:12 ds4-server: chat ctx=172..222:50 gen=100 THINKING decoding chunk=17.79 t/s avg=18.02 t/s 5.550s
0824 01:50:15 ds4-server: chat ctx=222..272:50 gen=150 THINKING decoding chunk=18.08 t/s avg=18.04 t/s 8.315s
ds4: qwen35moe experts/token avg over 128 tokens: 0:14.4 1:15.2 2:15.3 3:16.4 4:15.9 5:16.2 6:15.9 7:16.8 8:17.2 9:17.0 10:15.6 11:14.3 12:15.7 13:15.2 14:16.9 15:16.1 16:16.8 17:16.2 18:16.4 19:15.9 20:16.3 21:16.6 22:15.5 23:16.3 24:16.5 25:16.4 26:17.0 27:16.6 28:17.0 29:16.3 30:17.1 31:17.0 32:16.3 33:16.5 34:16.0 35:17.9 36:18.6 37:18.4 38:19.0 39:18.4 | mean 16.5
0824 01:50:18 ds4-server: chat ctx=272..322:50 gen=200 THINKING decoding chunk=17.63 t/s avg=17.93 t/s 11.151s
0824 01:50:21 ds4-server: chat ctx=322..372:50 gen=250 THINKING decoding chunk=17.73 t/s avg=17.89 t/s 13.972s
ds4: qwen35moe experts/token avg over 128 tokens: 0:14.3 1:17.6 2:16.6 3:18.2 4:17.6 5:16.6 6:18.0 7:17.6 8:18.5 9:17.5 10:16.2 11:15.6 12:17.2 13:17.1 14:16.8 15:17.8 16:17.5 17:15.8 18:16.0 19:15.6 20:16.9 21:16.5 22:15.9 23:16.0 24:15.9 25:16.4 26:16.5 27:16.5 28:16.7 29:16.7 30:16.9 31:16.1 32:16.6 33:16.0 34:16.7 35:17.5 36:18.1 37:17.2 38:19.3 39:18.7 | mean 16.9
0824 01:50:24 ds4-server: chat ctx=372..422:50 gen=300 THINKING decoding chunk=17.40 t/s avg=17.81 t/s 16.845s
0824 01:50:27 ds4-server: chat ctx=422..472:50 gen=350 THINKING decoding chunk=17.80 t/s avg=17.81 t/s 19.653s
0824 01:50:29 ds4-server: chat ctx=472..522:50 gen=400 THINKING decoding chunk=17.50 t/s avg=17.77 t/s 22.511s
ds4: qwen35moe experts/token avg over 128 tokens: 0:14.5 1:15.0 2:15.6 3:16.1 4:16.3 5:16.3 6:16.4 7:16.3 8:17.2 9:16.7 10:15.5 11:14.8 12:16.2 13:15.2 14:16.0 15:16.5 16:16.4 17:15.6 18:16.2 19:15.8 20:16.4 21:16.6 22:15.6 23:16.0 24:16.0 25:16.1 26:16.3 27:16.3 28:16.3 29:15.7 30:16.2 31:16.2 32:16.2 33:16.1 34:15.9 35:17.4 36:17.9 37:18.1 38:18.7 39:18.0 | mean 16.3
0824 01:50:32 ds4-server: chat ctx=522..572:50 gen=450 THINKING decoding chunk=16.82 t/s avg=17.66 t/s 25.484s
0824 01:50:35 ds4-server: chat ctx=572..622:50 gen=500 THINKING decoding chunk=17.22 t/s avg=17.61 t/s 28.388s
0824 01:50:38 ds4-server: chat ctx=622..672:50 gen=550 THINKING decoding chunk=17.33 t/s avg=17.59 t/s 31.274s
ds4: qwen35moe experts/token avg over 128 tokens: 0:14.3 1:15.6 2:15.4 3:16.4 4:16.2 5:16.3 6:16.7 7:16.7 8:17.3 9:16.9 10:15.9 11:14.8 12:16.6 13:15.7 14:16.3 15:16.8 16:16.9 17:15.8 18:16.5 19:16.5 20:16.4 21:17.0 22:15.7 23:16.2 24:16.6 25:16.3 26:16.4 27:16.6 28:16.8 29:16.7 30:17.0 31:17.1 32:16.7 33:16.7 34:16.4 35:17.9 36:17.9 37:17.9 38:18.5 39:18.1 | mean 16.6
0824 01:50:41 ds4-server: chat ctx=672..722:50 gen=600 THINKING decoding chunk=17.15 t/s avg=17.55 t/s 34.189s
0824 01:50:44 ds4-server: chat ctx=722..772:50 gen=650 THINKING decoding chunk=16.47 t/s avg=17.46 t/s 37.225s
ds4: qwen35moe experts/token avg over 128 tokens: 0:14.2 1:15.2 2:16.0 3:17.1 4:16.6 5:17.3 6:17.2 7:17.0 8:17.3 9:17.0 10:15.9 11:15.7 12:17.1 13:16.7 14:17.4 15:17.1 16:17.9 17:16.7 18:17.1 19:17.5 20:17.2 21:17.8 22:17.2 23:17.3 24:18.0 25:17.0 26:17.8 27:17.4 28:17.4 29:17.6 30:17.9 31:18.0 32:18.0 33:18.5 34:18.4 35:18.9 36:19.0 37:19.2 38:19.4 39:19.2 | mean 17.4
0824 01:50:47 ds4-server: chat ctx=772..822:50 gen=700 THINKING decoding chunk=16.50 t/s avg=17.39 t/s 40.256s
0824 01:50:50 ds4-server: chat ctx=822..872:50 gen=750 THINKING decoding chunk=17.22 t/s avg=17.38 t/s 43.159s
0824 01:50:53 ds4-server: chat ctx=872..922:50 gen=800 THINKING decoding chunk=16.93 t/s avg=17.35 t/s 46.112s
ds4: qwen35moe experts/token avg over 128 tokens: 0:14.8 1:15.6 2:15.2 3:16.7 4:16.1 5:15.5 6:16.1 7:16.3 8:17.0 9:16.3 10:14.7 11:14.6 12:15.7 13:15.6 14:15.9 15:15.4 16:16.1 17:14.9 18:15.3 19:15.2 20:16.0 21:16.1 22:15.4 23:15.2 24:14.9 25:15.2 26:15.6 27:15.4 28:15.9 29:15.1 30:15.7 31:15.4 32:15.7 33:14.5 34:15.0 35:16.1 36:16.9 37:16.6 38:17.8 39:16.9 | mean 15.7
0824 01:50:56 ds4-server: chat ctx=922..972:50 gen=850 THINKING decoding chunk=16.86 t/s avg=17.32 t/s 49.078s
0824 01:50:59 ds4-server: chat ctx=972..1022:50 gen=900 THINKING decoding chunk=16.74 t/s avg=17.29 t/s 52.065s
ds4: qwen35moe experts/token avg over 128 tokens: 0:14.1 1:15.5 2:14.9 3:16.3 4:16.3 5:15.2 6:15.9 7:16.2 8:16.8 9:16.3 10:15.1 11:14.6 12:15.6 13:15.0 14:15.7 15:15.7 16:16.1 17:14.7 18:15.2 19:15.6 20:16.4 21:16.2 22:14.8 23:15.1 24:15.8 25:14.8 26:16.0 27:16.0 28:15.7 29:15.7 30:16.3 31:15.6 32:15.8 33:14.6 34:15.1 35:16.0 36:16.3 37:16.5 38:18.0 39:17.0 | mean 15.7
0824 01:51:02 ds4-server: chat ctx=1022..1072:50 gen=950 THINKING decoding chunk=16.63 t/s avg=17.25 t/s 55.072s
0824 01:51:05 ds4-server: chat ctx=1072..1122:50 gen=1000 THINKING decoding chunk=16.26 t/s avg=17.20 t/s 58.147s
0824 01:51:08 ds4-server: chat ctx=1122..1172:50 gen=1050 THINKING decoding chunk=15.68 t/s avg=17.12 t/s 61.336s
ds4: qwen35moe experts/token avg over 128 tokens: 0:14.3 1:15.6 2:16.2 3:17.4 4:17.2 5:17.7 6:17.4 7:17.7 8:18.2 9:17.6 10:16.4 11:16.1 12:17.3 13:17.0 14:18.0 15:17.6 16:18.2 17:17.7 18:17.6 19:17.9 20:18.3 21:17.9 22:17.1 23:17.4 24:18.4 25:17.7 26:18.2 27:17.6 28:18.0 29:18.1 30:18.2 31:18.1 32:18.2 33:18.6 34:18.7 35:19.1 36:19.1 37:19.4 38:19.6 39:19.3 | mean 17.8
0824 01:51:11 ds4-server: chat ctx=1172..1222:50 gen=1100 THINKING decoding chunk=16.33 t/s avg=17.08 t/s 64.398s
0824 01:51:14 ds4-server: chat ctx=1222..1272:50 gen=1150 THINKING decoding chunk=16.40 t/s avg=17.05 t/s 67.447s
ds4: qwen35moe experts/token avg over 128 tokens: 0:14.5 1:15.8 2:14.9 3:16.3 4:16.3 5:15.8 6:16.6 7:16.7 8:16.9 9:16.5 10:15.4 11:14.9 12:16.3 13:16.3 14:16.2 15:16.4 16:16.6 17:15.6 18:15.7 19:15.7 20:16.2 21:16.3 22:15.5 23:15.5 24:15.5 25:15.8 26:15.6 27:15.7 28:15.9 29:16.2 30:15.7 31:16.0 32:16.0 33:15.3 34:15.5 35:16.8 36:17.5 37:17.2 38:18.4 39:17.3 | mean 16.1
0824 01:51:17 ds4-server: chat ctx=1272..1322:50 gen=1200 THINKING decoding chunk=16.00 t/s avg=17.00 t/s 70.571s
0824 01:51:21 ds4-server: chat ctx=1322..1372:50 gen=1250 THINKING decoding chunk=15.93 t/s avg=16.96 t/s 73.709s
0824 01:51:24 ds4-server: chat ctx=1372..1422:50 gen=1300 THINKING decoding chunk=15.38 t/s avg=16.89 t/s 76.960s
ds4: qwen35moe experts/token avg over 128 tokens: 0:14.6 1:15.9 2:16.2 3:17.1 4:17.0 5:17.4 6:17.7 7:17.8 8:17.9 9:17.0 10:16.2 11:16.0 12:17.2 13:17.2 14:17.9 15:18.0 16:18.1 17:17.8 18:17.9 19:17.8 20:18.4 21:18.1 22:17.7 23:17.5 24:17.5 25:17.9 26:18.1 27:17.8 28:18.0 29:18.0 30:17.8 31:18.5 32:18.0 33:18.2 34:18.2 35:18.5 36:19.0 37:19.0 38:19.4 39:19.1 | mean 17.7
0824 01:51:27 ds4-server: chat ctx=1422..1472:50 gen=1350 THINKING decoding chunk=15.68 t/s avg=16.84 t/s 80.149s
0824 01:51:30 ds4-server: chat ctx=1472..1522:50 gen=1400 THINKING decoding chunk=16.12 t/s avg=16.82 t/s 83.250s
ds4: qwen35moe experts/token avg over 128 tokens: 0:14.6 1:15.4 2:15.0 3:16.0 4:15.7 5:15.1 6:15.7 7:16.2 8:16.2 9:15.9 10:15.1 11:14.9 12:16.0 13:15.0 14:16.2 15:15.8 16:16.2 17:15.7 18:16.0 19:15.9 20:16.0 21:15.5 22:15.4 23:14.9 24:15.3 25:15.4 26:15.6 27:15.4 28:15.5 29:15.4 30:14.8 31:16.0 32:14.8 33:14.3 34:14.5 35:15.9 36:16.8 37:16.7 38:17.6 39:16.3 | mean 15.6
0824 01:51:33 ds4-server: chat ctx=1522..1572:50 gen=1450 THINKING decoding chunk=15.93 t/s avg=16.78 t/s 86.390s
0824 01:51:37 ds4-server: chat ctx=1572..1622:50 gen=1500 THINKING decoding chunk=15.31 t/s avg=16.73 t/s 89.656s
0824 01:51:40 ds4-server: chat ctx=1622..1672:50 gen=1550 THINKING decoding chunk=14.92 t/s avg=16.67 t/s 93.006s
ds4: qwen35moe experts/token avg over 128 tokens: 0:14.5 1:15.8 2:16.1 3:17.4 4:17.0 5:17.8 6:17.2 7:17.7 8:17.9 9:16.8 10:16.2 11:16.2 12:17.4 13:16.9 14:18.1 15:18.2 16:18.3 17:18.2 18:17.9 19:18.3 20:18.6 21:18.0 22:17.6 23:17.6 24:18.0 25:18.1 26:18.1 27:17.6 28:18.0 29:18.4 30:17.6 31:18.3 32:17.7 33:18.2 34:18.3 35:18.6 36:19.1 37:19.2 38:19.3 39:19.0 | mean 17.7
0824 01:51:43 ds4-server: chat ctx=1672..1722:50 gen=1600 decoding chunk=15.60 t/s avg=16.63 t/s 96.212s
0824 01:51:46 ds4-server: chat ctx=1722..1772:50 gen=1650 decoding chunk=14.86 t/s avg=16.57 t/s 99.577s
0824 01:51:49 ds4-server: chat ctx=1772..1802:30 gen=1680 decoding chunk=14.75 t/s avg=16.53 t/s 101.610s
0824 01:51:49 ds4-server: thinking live checkpoint remembered ctx=0..122:122 live=1802 visible=912
0824 01:51:49 ds4-server: chat ctx=0..122:122 gen=1680 finish=stop 108.444s
0824 01:51:51 ds4-server: live kv cache miss live=1802 prompt=156 common=30 reason=token-mismatch
0824 01:51:51 ds4-server: chat ctx=0..156:156 prompt start
0824 01:51:51 ds4-server: chat ctx=0..156:156 prefill chunk 1/156 (0.6%) chunk=0.00 t/s avg=3.05 t/s 0.328s
0824 01:51:51 ds4-server: chat ctx=0..156:156 prefill chunk 2/156 (1.3%) chunk=19.92 t/s avg=5.29 t/s 0.378s
0824 01:51:52 ds4-server: chat ctx=0..156:156 prefill chunk 3/156 (1.9%) chunk=19.21 t/s avg=6.97 t/s 0.430s
0824 01:51:52 ds4-server: chat ctx=0..156:156 prefill chunk 4/156 (2.6%) chunk=19.70 t/s avg=8.31 t/s 0.481s
0824 01:51:52 ds4-server: chat ctx=0..156:156 prefill chunk 5/156 (3.2%) chunk=18.39 t/s avg=9.34 t/s 0.535s
0824 01:51:52 ds4-server: chat ctx=0..156:156 prefill chunk 6/156 (3.8%) chunk=19.77 t/s avg=10.24 t/s 0.586s
0824 01:51:52 ds4-server: chat ctx=0..156:156 prefill chunk 7/156 (4.5%) chunk=18.84 t/s avg=10.95 t/s 0.639s
0824 01:51:52 ds4-server: chat ctx=0..156:156 prefill chunk 8/156 (5.1%) chunk=19.06 t/s avg=11.57 t/s 0.692s
0824 01:51:52 ds4-server: chat ctx=0..156:156 prefill chunk 9/156 (5.8%) chunk=19.34 t/s avg=12.11 t/s 0.743s
0824 01:51:52 ds4-server: chat ctx=0..156:156 prefill chunk 10/156 (6.4%) chunk=18.63 t/s avg=12.55 t/s 0.797s
0824 01:51:52 ds4-server: chat ctx=0..156:156 prefill chunk 11/156 (7.1%) chunk=19.34 t/s avg=12.96 t/s 0.849s
0824 01:51:52 ds4-server: chat ctx=0..156:156 prefill chunk 12/156 (7.7%) chunk=18.84 t/s avg=13.31 t/s 0.902s
0824 01:51:52 ds4-server: chat ctx=0..156:156 prefill chunk 13/156 (8.3%) chunk=19.36 t/s avg=13.64 t/s 0.953s
0824 01:51:52 ds4-server: chat ctx=0..156:156 prefill chunk 14/156 (9.0%) chunk=18.83 t/s avg=13.91 t/s 1.007s
0824 01:51:52 ds4-server: chat ctx=0..156:156 prefill chunk 15/156 (9.6%) chunk=18.94 t/s avg=14.16 t/s 1.059s
0824 01:51:52 ds4-server: chat ctx=0..156:156 prefill chunk 16/156 (10.3%) chunk=19.34 t/s avg=14.40 t/s 1.111s
0824 01:51:52 ds4-server: chat ctx=0..156:156 prefill chunk 17/156 (10.9%) chunk=17.96 t/s avg=14.57 t/s 1.167s
0824 01:51:52 ds4-server: chat ctx=0..156:156 prefill chunk 18/156 (11.5%) chunk=19.04 t/s avg=14.76 t/s 1.219s
0824 01:51:52 ds4-server: chat ctx=0..156:156 prefill chunk 19/156 (12.2%) chunk=18.80 t/s avg=14.93 t/s 1.272s
0824 01:51:52 ds4-server: chat ctx=0..156:156 prefill chunk 20/156 (12.8%) chunk=18.53 t/s avg=15.08 t/s 1.326s
0824 01:51:52 ds4-server: chat ctx=0..156:156 prefill chunk 21/156 (13.5%) chunk=19.29 t/s avg=15.24 t/s 1.378s
0824 01:51:53 ds4-server: chat ctx=0..156:156 prefill chunk 22/156 (14.1%) chunk=18.32 t/s avg=15.35 t/s 1.433s
0824 01:51:53 ds4-server: chat ctx=0..156:156 prefill chunk 23/156 (14.7%) chunk=19.38 t/s avg=15.49 t/s 1.484s
ds4: qwen35moe experts/token avg over 128 tokens: 0:14.4 1:15.3 2:15.9 3:17.0 4:16.5 5:16.8 6:16.7 7:17.1 8:17.4 9:17.0 10:16.4 11:16.5 12:17.0 13:17.1 14:17.8 15:18.0 16:17.9 17:17.8 18:18.1 19:17.8 20:18.2 21:18.1 22:17.9 23:17.6 24:17.7 25:17.8 26:18.0 27:17.9 28:18.3 29:18.4 30:18.3 31:18.3 32:18.3 33:18.5 34:18.5 35:19.2 36:19.3 37:19.2 38:19.4 39:19.2 | mean 17.7
0824 01:51:53 ds4-server: chat ctx=0..156:156 prefill chunk 24/156 (15.4%) chunk=19.10 t/s avg=15.62 t/s 1.537s
0824 01:51:53 ds4-server: chat ctx=0..156:156 prefill chunk 25/156 (16.0%) chunk=18.69 t/s avg=15.72 t/s 1.590s
0824 01:51:53 ds4-server: chat ctx=0..156:156 prefill chunk 26/156 (16.7%) chunk=19.19 t/s avg=15.83 t/s 1.642s
0824 01:51:53 ds4-server: chat ctx=0..156:156 prefill chunk 27/156 (17.3%) chunk=17.96 t/s avg=15.90 t/s 1.698s
0824 01:51:53 ds4-server: chat ctx=0..156:156 prefill chunk 28/156 (17.9%) chunk=18.44 t/s avg=15.98 t/s 1.752s
0824 01:51:53 ds4-server: chat ctx=0..156:156 prefill chunk 29/156 (18.6%) chunk=18.30 t/s avg=16.05 t/s 1.807s
0824 01:51:53 ds4-server: chat ctx=0..156:156 prefill chunk 30/156 (19.2%) chunk=18.56 t/s avg=16.12 t/s 1.861s
0824 01:51:53 ds4-server: chat ctx=0..156:156 prefill chunk 31/156 (19.9%) chunk=19.99 t/s avg=16.22 t/s 1.911s
0824 01:51:53 ds4-server: chat ctx=0..156:156 prefill chunk 32/156 (20.5%) chunk=18.67 t/s avg=16.29 t/s 1.964s
0824 01:51:53 ds4-server: chat ctx=0..156:156 prefill chunk 33/156 (21.2%) chunk=19.18 t/s avg=16.36 t/s 2.017s
0824 01:51:53 ds4-server: chat ctx=0..156:156 prefill chunk 34/156 (21.8%) chunk=18.30 t/s avg=16.42 t/s 2.071s
0824 01:51:53 ds4-server: chat ctx=0..156:156 prefill chunk 35/156 (22.4%) chunk=18.27 t/s avg=16.46 t/s 2.126s
0824 01:51:53 ds4-server: chat ctx=0..156:156 prefill chunk 36/156 (23.1%) chunk=19.51 t/s avg=16.54 t/s 2.177s
0824 01:51:53 ds4-server: chat ctx=0..156:156 prefill chunk 37/156 (23.7%) chunk=18.64 t/s avg=16.59 t/s 2.231s
0824 01:51:53 ds4-server: chat ctx=0..156:156 prefill chunk 38/156 (24.4%) chunk=19.21 t/s avg=16.65 t/s 2.283s
0824 01:51:53 ds4-server: chat ctx=0..156:156 prefill chunk 39/156 (25.0%) chunk=18.82 t/s avg=16.70 t/s 2.336s
0824 01:51:53 ds4-server: chat ctx=0..156:156 prefill chunk 40/156 (25.6%) chunk=19.62 t/s avg=16.76 t/s 2.387s
0824 01:51:54 ds4-server: chat ctx=0..156:156 prefill chunk 41/156 (26.3%) chunk=18.83 t/s avg=16.80 t/s 2.440s
0824 01:51:54 ds4-server: chat ctx=0..156:156 prefill chunk 42/156 (26.9%) chunk=17.61 t/s avg=16.82 t/s 2.497s
0824 01:51:54 ds4-server: chat ctx=0..156:156 prefill chunk 43/156 (27.6%) chunk=18.33 t/s avg=16.85 t/s 2.551s
0824 01:51:54 ds4-server: chat ctx=0..156:156 prefill chunk 44/156 (28.2%) chunk=17.82 t/s avg=16.87 t/s 2.608s
0824 01:51:54 ds4-server: chat ctx=0..156:156 prefill chunk 45/156 (28.8%) chunk=18.02 t/s avg=16.90 t/s 2.663s
0824 01:51:54 ds4-server: chat ctx=0..156:156 prefill chunk 46/156 (29.5%) chunk=18.06 t/s avg=16.92 t/s 2.718s
0824 01:51:54 ds4-server: chat ctx=0..156:156 prefill chunk 47/156 (30.1%) chunk=17.95 t/s avg=16.94 t/s 2.774s
0824 01:51:54 ds4-server: chat ctx=0..156:156 prefill chunk 48/156 (30.8%) chunk=18.32 t/s avg=16.97 t/s 2.829s
0824 01:51:54 ds4-server: chat ctx=0..156:156 prefill chunk 49/156 (31.4%) chunk=18.92 t/s avg=17.00 t/s 2.882s
0824 01:51:54 ds4-server: chat ctx=0..156:156 prefill chunk 50/156 (32.1%) chunk=17.95 t/s avg=17.02 t/s 2.937s
0824 01:51:54 ds4-server: chat ctx=0..156:156 prefill chunk 51/156 (32.7%) chunk=19.81 t/s avg=17.07 t/s 2.988s
0824 01:51:54 ds4-server: chat ctx=0..156:156 prefill chunk 52/156 (33.3%) chunk=18.83 t/s avg=17.10 t/s 3.041s
0824 01:51:54 ds4-server: chat ctx=0..156:156 prefill chunk 53/156 (34.0%) chunk=18.85 t/s avg=17.13 t/s 3.094s
0824 01:51:54 ds4-server: chat ctx=0..156:156 prefill chunk 54/156 (34.6%) chunk=19.24 t/s avg=17.17 t/s 3.146s
0824 01:51:54 ds4-server: chat ctx=0..156:156 prefill chunk 55/156 (35.3%) chunk=18.63 t/s avg=17.19 t/s 3.200s
0824 01:51:54 ds4-server: chat ctx=0..156:156 prefill chunk 56/156 (35.9%) chunk=19.40 t/s avg=17.22 t/s 3.251s
0824 01:51:54 ds4-server: chat ctx=0..156:156 prefill chunk 57/156 (36.5%) chunk=18.41 t/s avg=17.24 t/s 3.305s
0824 01:51:54 ds4-server: chat ctx=0..156:156 prefill chunk 58/156 (37.2%) chunk=18.96 t/s avg=17.27 t/s 3.358s
0824 01:51:55 ds4-server: chat ctx=0..156:156 prefill chunk 59/156 (37.8%) chunk=19.04 t/s avg=17.30 t/s 3.411s
0824 01:51:55 ds4-server: chat ctx=0..156:156 prefill chunk 60/156 (38.5%) chunk=18.31 t/s avg=17.31 t/s 3.465s
0824 01:51:55 ds4-server: chat ctx=0..156:156 prefill chunk 61/156 (39.1%) chunk=19.50 t/s avg=17.35 t/s 3.517s
0824 01:51:55 ds4-server: chat ctx=0..156:156 prefill chunk 62/156 (39.7%) chunk=18.73 t/s avg=17.37 t/s 3.570s
0824 01:51:55 ds4-server: chat ctx=0..156:156 prefill chunk 63/156 (40.4%) chunk=18.53 t/s avg=17.38 t/s 3.624s
0824 01:51:55 ds4-server: chat ctx=0..156:156 prefill chunk 64/156 (41.0%) chunk=19.02 t/s avg=17.41 t/s 3.677s
0824 01:51:55 ds4-server: chat ctx=0..156:156 prefill chunk 65/156 (41.7%) chunk=18.47 t/s avg=17.42 t/s 3.731s
0824 01:51:55 ds4-server: chat ctx=0..156:156 prefill chunk 66/156 (42.3%) chunk=19.06 t/s avg=17.45 t/s 3.783s
0824 01:51:55 ds4-server: chat ctx=0..156:156 prefill chunk 67/156 (42.9%) chunk=18.62 t/s avg=17.46 t/s 3.837s
0824 01:51:55 ds4-server: chat ctx=0..156:156 prefill chunk 68/156 (43.6%) chunk=19.43 t/s avg=17.49 t/s 3.888s
0824 01:51:55 ds4-server: chat ctx=0..156:156 prefill chunk 69/156 (44.2%) chunk=19.06 t/s avg=17.51 t/s 3.941s
0824 01:51:55 ds4-server: chat ctx=0..156:156 prefill chunk 70/156 (44.9%) chunk=18.45 t/s avg=17.52 t/s 3.995s
0824 01:51:55 ds4-server: chat ctx=0..156:156 prefill chunk 71/156 (45.5%) chunk=19.01 t/s avg=17.54 t/s 4.048s
0824 01:51:55 ds4-server: chat ctx=0..156:156 prefill chunk 72/156 (46.2%) chunk=18.88 t/s avg=17.56 t/s 4.101s
0824 01:51:55 ds4-server: chat ctx=0..156:156 prefill chunk 73/156 (46.8%) chunk=19.36 t/s avg=17.58 t/s 4.152s
0824 01:51:55 ds4-server: chat ctx=0..156:156 prefill chunk 74/156 (47.4%) chunk=17.86 t/s avg=17.58 t/s 4.208s
0824 01:51:55 ds4-server: chat ctx=0..156:156 prefill chunk 75/156 (48.1%) chunk=18.90 t/s avg=17.60 t/s 4.261s
0824 01:51:55 ds4-server: chat ctx=0..156:156 prefill chunk 76/156 (48.7%) chunk=18.75 t/s avg=17.62 t/s 4.314s
0824 01:51:55 ds4-server: chat ctx=0..156:156 prefill chunk 77/156 (49.4%) chunk=18.14 t/s avg=17.62 t/s 4.370s
0824 01:51:56 ds4-server: chat ctx=0..156:156 prefill chunk 78/156 (50.0%) chunk=19.03 t/s avg=17.64 t/s 4.422s
0824 01:51:56 ds4-server: chat ctx=0..156:156 prefill chunk 79/156 (50.6%) chunk=18.42 t/s avg=17.65 t/s 4.476s
0824 01:51:56 ds4-server: chat ctx=0..156:156 prefill chunk 80/156 (51.3%) chunk=18.30 t/s avg=17.66 t/s 4.531s
0824 01:51:56 ds4-server: chat ctx=0..156:156 prefill chunk 81/156 (51.9%) chunk=18.99 t/s avg=17.67 t/s 4.584s
0824 01:51:56 ds4-server: chat ctx=0..156:156 prefill chunk 82/156 (52.6%) chunk=18.58 t/s avg=17.68 t/s 4.638s
0824 01:51:56 ds4-server: chat ctx=0..156:156 prefill chunk 83/156 (53.2%) chunk=18.24 t/s avg=17.69 t/s 4.692s
0824 01:51:56 ds4-server: chat ctx=0..156:156 prefill chunk 84/156 (53.8%) chunk=19.35 t/s avg=17.71 t/s 4.744s
0824 01:51:56 ds4-server: chat ctx=0..156:156 prefill chunk 85/156 (54.5%) chunk=17.86 t/s avg=17.71 t/s 4.800s
0824 01:51:56 ds4-server: chat ctx=0..156:156 prefill chunk 86/156 (55.1%) chunk=19.40 t/s avg=17.73 t/s 4.852s
0824 01:51:56 ds4-server: chat ctx=0..156:156 prefill chunk 87/156 (55.8%) chunk=19.16 t/s avg=17.74 t/s 4.904s
0824 01:51:56 ds4-server: chat ctx=0..156:156 prefill chunk 88/156 (56.4%) chunk=18.94 t/s avg=17.75 t/s 4.957s
0824 01:51:56 ds4-server: chat ctx=0..156:156 prefill chunk 89/156 (57.1%) chunk=18.76 t/s avg=17.76 t/s 5.010s
0824 01:51:56 ds4-server: chat ctx=0..156:156 prefill chunk 90/156 (57.7%) chunk=18.54 t/s avg=17.77 t/s 5.064s
0824 01:51:56 ds4-server: chat ctx=0..156:156 prefill chunk 91/156 (58.3%) chunk=18.90 t/s avg=17.78 t/s 5.117s
0824 01:51:56 ds4-server: chat ctx=0..156:156 prefill chunk 92/156 (59.0%) chunk=18.11 t/s avg=17.79 t/s 5.172s
0824 01:51:56 ds4-server: chat ctx=0..156:156 prefill chunk 93/156 (59.6%) chunk=18.05 t/s avg=17.79 t/s 5.227s
0824 01:51:56 ds4-server: chat ctx=0..156:156 prefill chunk 94/156 (60.3%) chunk=18.46 t/s avg=17.80 t/s 5.282s
0824 01:51:56 ds4-server: chat ctx=0..156:156 prefill chunk 95/156 (60.9%) chunk=18.03 t/s avg=17.80 t/s 5.337s
0824 01:51:57 ds4-server: chat ctx=0..156:156 prefill chunk 96/156 (61.5%) chunk=18.72 t/s avg=17.81 t/s 5.390s
0824 01:51:57 ds4-server: chat ctx=0..156:156 prefill chunk 97/156 (62.2%) chunk=18.97 t/s avg=17.82 t/s 5.443s
0824 01:51:57 ds4-server: chat ctx=0..156:156 prefill chunk 98/156 (62.8%) chunk=18.48 t/s avg=17.83 t/s 5.497s
0824 01:51:57 ds4-server: chat ctx=0..156:156 prefill chunk 99/156 (63.5%) chunk=18.94 t/s avg=17.84 t/s 5.550s
0824 01:51:57 ds4-server: chat ctx=0..156:156 prefill chunk 100/156 (64.1%) chunk=18.21 t/s avg=17.84 t/s 5.605s
0824 01:51:57 ds4-server: chat ctx=0..156:156 prefill chunk 101/156 (64.7%) chunk=18.48 t/s avg=17.85 t/s 5.659s
0824 01:51:57 ds4-server: chat ctx=0..156:156 prefill chunk 102/156 (65.4%) chunk=18.90 t/s avg=17.86 t/s 5.712s
0824 01:51:57 ds4-server: chat ctx=0..156:156 prefill chunk 103/156 (66.0%) chunk=18.70 t/s avg=17.87 t/s 5.765s
0824 01:51:57 ds4-server: chat ctx=0..156:156 prefill chunk 104/156 (66.7%) chunk=18.70 t/s avg=17.87 t/s 5.819s
0824 01:51:57 ds4-server: chat ctx=0..156:156 prefill chunk 105/156 (67.3%) chunk=18.36 t/s avg=17.88 t/s 5.873s
0824 01:51:57 ds4-server: chat ctx=0..156:156 prefill chunk 106/156 (67.9%) chunk=18.13 t/s avg=17.88 t/s 5.929s
0824 01:51:57 ds4-server: chat ctx=0..156:156 prefill chunk 107/156 (68.6%) chunk=18.82 t/s avg=17.89 t/s 5.982s
0824 01:51:57 ds4-server: chat ctx=0..156:156 prefill chunk 108/156 (69.2%) chunk=18.45 t/s avg=17.89 t/s 6.036s
0824 01:51:57 ds4-server: chat ctx=0..156:156 prefill chunk 109/156 (69.9%) chunk=19.21 t/s avg=17.90 t/s 6.088s
0824 01:51:57 ds4-server: chat ctx=0..156:156 prefill chunk 110/156 (70.5%) chunk=18.81 t/s avg=17.91 t/s 6.141s
0824 01:51:57 ds4-server: chat ctx=0..156:156 prefill chunk 111/156 (71.2%) chunk=18.78 t/s avg=17.92 t/s 6.194s
0824 01:51:57 ds4-server: chat ctx=0..156:156 prefill chunk 112/156 (71.8%) chunk=18.12 t/s avg=17.92 t/s 6.250s
0824 01:51:57 ds4-server: chat ctx=0..156:156 prefill chunk 113/156 (72.4%) chunk=18.01 t/s avg=17.92 t/s 6.305s
0824 01:51:57 ds4-server: chat ctx=0..156:156 prefill chunk 114/156 (73.1%) chunk=17.87 t/s avg=17.92 t/s 6.361s
0824 01:51:58 ds4-server: chat ctx=0..156:156 prefill chunk 115/156 (73.7%) chunk=18.73 t/s avg=17.93 t/s 6.414s
0824 01:51:58 ds4-server: chat ctx=0..156:156 prefill chunk 116/156 (74.4%) chunk=17.79 t/s avg=17.93 t/s 6.471s
0824 01:51:58 ds4-server: chat ctx=0..156:156 prefill chunk 117/156 (75.0%) chunk=17.66 t/s avg=17.92 t/s 6.527s
0824 01:51:58 ds4-server: chat ctx=0..156:156 prefill chunk 118/156 (75.6%) chunk=18.70 t/s avg=17.93 t/s 6.581s
0824 01:51:58 ds4-server: chat ctx=0..156:156 prefill chunk 119/156 (76.3%) chunk=17.67 t/s avg=17.93 t/s 6.637s
0824 01:51:58 ds4-server: chat ctx=0..156:156 prefill chunk 120/156 (76.9%) chunk=18.44 t/s avg=17.93 t/s 6.692s
0824 01:51:58 ds4-server: chat ctx=0..156:156 prefill chunk 121/156 (77.6%) chunk=19.12 t/s avg=17.94 t/s 6.744s
0824 01:51:58 ds4-server: chat ctx=0..156:156 prefill chunk 122/156 (78.2%) chunk=17.32 t/s avg=17.94 t/s 6.802s
0824 01:51:58 ds4-server: chat ctx=0..156:156 prefill chunk 123/156 (78.8%) chunk=18.31 t/s avg=17.94 t/s 6.856s
0824 01:51:58 ds4-server: chat ctx=0..156:156 prefill chunk 124/156 (79.5%) chunk=17.32 t/s avg=17.93 t/s 6.914s
0824 01:51:58 ds4-server: chat ctx=0..156:156 prefill chunk 125/156 (80.1%) chunk=17.45 t/s avg=17.93 t/s 6.971s
0824 01:51:58 ds4-server: chat ctx=0..156:156 prefill chunk 126/156 (80.8%) chunk=17.89 t/s avg=17.93 t/s 7.027s
0824 01:51:58 ds4-server: chat ctx=0..156:156 prefill chunk 127/156 (81.4%) chunk=18.36 t/s avg=17.93 t/s 7.082s
0824 01:51:58 ds4-server: chat ctx=0..156:156 prefill chunk 128/156 (82.1%) chunk=17.53 t/s avg=17.93 t/s 7.139s
0824 01:51:58 ds4-server: chat ctx=0..156:156 prefill chunk 129/156 (82.7%) chunk=17.21 t/s avg=17.92 t/s 7.197s
0824 01:51:58 ds4-server: chat ctx=0..156:156 prefill chunk 130/156 (83.3%) chunk=18.28 t/s avg=17.93 t/s 7.251s
0824 01:51:58 ds4-server: chat ctx=0..156:156 prefill chunk 131/156 (84.0%) chunk=17.54 t/s avg=17.92 t/s 7.308s
0824 01:51:58 ds4-server: chat ctx=0..156:156 prefill chunk 132/156 (84.6%) chunk=17.79 t/s avg=17.92 t/s 7.365s
0824 01:51:59 ds4-server: chat ctx=0..156:156 prefill chunk 133/156 (85.3%) chunk=17.62 t/s avg=17.92 t/s 7.421s
0824 01:51:59 ds4-server: chat ctx=0..156:156 prefill chunk 134/156 (85.9%) chunk=17.90 t/s avg=17.92 t/s 7.477s
0824 01:51:59 ds4-server: chat ctx=0..156:156 prefill chunk 135/156 (86.5%) chunk=18.27 t/s avg=17.92 t/s 7.532s
0824 01:51:59 ds4-server: chat ctx=0..156:156 prefill chunk 136/156 (87.2%) chunk=18.12 t/s avg=17.92 t/s 7.587s
0824 01:51:59 ds4-server: chat ctx=0..156:156 prefill chunk 137/156 (87.8%) chunk=18.14 t/s avg=17.93 t/s 7.642s
0824 01:51:59 ds4-server: chat ctx=0..156:156 prefill chunk 138/156 (88.5%) chunk=18.12 t/s avg=17.93 t/s 7.698s
0824 01:51:59 ds4-server: chat ctx=0..156:156 prefill chunk 139/156 (89.1%) chunk=18.17 t/s avg=17.93 t/s 7.753s
0824 01:51:59 ds4-server: chat ctx=0..156:156 prefill chunk 140/156 (89.7%) chunk=17.52 t/s avg=17.93 t/s 7.810s
0824 01:51:59 ds4-server: chat ctx=0..156:156 prefill chunk 141/156 (90.4%) chunk=18.13 t/s avg=17.93 t/s 7.865s
0824 01:51:59 ds4-server: chat ctx=0..156:156 prefill chunk 142/156 (91.0%) chunk=17.82 t/s avg=17.93 t/s 7.921s
0824 01:51:59 ds4-server: chat ctx=0..156:156 prefill chunk 143/156 (91.7%) chunk=17.20 t/s avg=17.92 t/s 7.979s
0824 01:51:59 ds4-server: chat ctx=0..156:156 prefill chunk 144/156 (92.3%) chunk=17.33 t/s avg=17.92 t/s 8.037s
0824 01:51:59 ds4-server: chat ctx=0..156:156 prefill chunk 145/156 (92.9%) chunk=17.19 t/s avg=17.91 t/s 8.095s
0824 01:51:59 ds4-server: chat ctx=0..156:156 prefill chunk 146/156 (93.6%) chunk=18.15 t/s avg=17.91 t/s 8.150s
0824 01:51:59 ds4-server: chat ctx=0..156:156 prefill chunk 147/156 (94.2%) chunk=17.46 t/s avg=17.91 t/s 8.207s
0824 01:51:59 ds4-server: chat ctx=0..156:156 prefill chunk 148/156 (94.9%) chunk=18.81 t/s avg=17.92 t/s 8.260s
0824 01:51:59 ds4-server: chat ctx=0..156:156 prefill chunk 149/156 (95.5%) chunk=19.03 t/s avg=17.92 t/s 8.313s
0824 01:51:59 ds4-server: chat ctx=0..156:156 prefill chunk 150/156 (96.2%) chunk=18.84 t/s avg=17.93 t/s 8.366s
0824 01:52:00 ds4-server: chat ctx=0..156:156 prefill chunk 151/156 (96.8%) chunk=18.23 t/s avg=17.93 t/s 8.421s
ds4: qwen35moe experts/token avg over 128 tokens: 0:14.1 1:14.7 2:15.0 3:15.1 4:14.8 5:14.6 6:15.1 7:15.0 8:15.2 9:15.8 10:14.7 11:14.4 12:15.8 13:14.6 14:15.4 15:15.2 16:15.3 17:14.7 18:15.4 19:15.7 20:15.8 21:15.5 22:15.0 23:15.1 24:15.7 25:15.4 26:16.1 27:15.2 28:15.1 29:15.6 30:15.9 31:17.4 32:17.3 33:16.4 34:17.3 35:18.5 36:18.7 37:18.6 38:18.8 39:18.5 | mean 15.8
0824 01:52:00 ds4-server: chat ctx=0..156:156 prefill chunk 152/156 (97.4%) chunk=18.43 t/s avg=17.93 t/s 8.475s
0824 01:52:00 ds4-server: chat ctx=0..156:156 prefill chunk 153/156 (98.1%) chunk=18.59 t/s avg=17.94 t/s 8.529s
0824 01:52:00 ds4-server: chat ctx=0..156:156 prefill chunk 154/156 (98.7%) chunk=18.70 t/s avg=17.94 t/s 8.582s
0824 01:52:00 ds4-server: chat ctx=0..156:156 prefill chunk 155/156 (99.4%) chunk=19.72 t/s avg=17.95 t/s 8.633s
0824 01:52:00 ds4-server: chat ctx=0..156:156 prefill chunk 156/156 (100.0%) chunk=20.62 t/s avg=17.97 t/s 8.682s
0824 01:52:00 ds4-server: chat ctx=0..156:156 prompt done 8.682s
0824 01:52:03 ds4-server: chat ctx=156..206:50 gen=50 THINKING decoding chunk=18.35 t/s avg=18.35 t/s 2.725s
0824 01:52:05 ds4-server: chat ctx=206..256:50 gen=100 THINKING decoding chunk=18.13 t/s avg=18.24 t/s 5.483s
ds4: qwen35moe experts/token avg over 128 tokens: 0:13.9 1:13.4 2:13.6 3:14.9 4:14.9 5:14.8 6:14.8 7:16.0 8:16.9 9:17.0 10:14.9 11:14.6 12:15.8 13:16.1 14:16.0 15:15.7 16:15.7 17:15.5 18:15.5 19:15.7 20:17.0 21:17.0 22:16.0 23:15.2 24:16.4 25:16.4 26:16.6 27:15.5 28:15.6 29:15.7 30:15.6 31:16.0 32:15.3 33:14.6 34:15.3 35:17.1 36:17.8 37:18.3 38:18.8 39:17.6 | mean 15.8
0824 01:52:08 ds4-server: chat ctx=256..306:50 gen=150 THINKING decoding chunk=17.65 t/s avg=18.04 t/s 8.316s
0824 01:52:11 ds4-server: chat ctx=306..356:50 gen=200 THINKING decoding chunk=17.27 t/s avg=17.84 t/s 11.211s
0824 01:52:14 ds4-server: chat ctx=356..406:50 gen=250 THINKING decoding chunk=17.24 t/s avg=17.71 t/s 14.112s
ds4: qwen35moe experts/token avg over 128 tokens: 0:14.5 1:15.8 2:16.1 3:17.4 4:17.1 5:17.1 6:16.6 7:17.4 8:18.5 9:18.3 10:16.5 11:16.4 12:17.1 13:17.3 14:17.5 15:17.0 16:17.2 17:16.6 18:16.8 19:17.1 20:18.4 21:18.0 22:16.6 23:17.0 24:17.7 25:17.8 26:17.3 27:16.8 28:17.2 29:17.6 30:17.9 31:17.9 32:17.9 33:17.8 34:18.0 35:19.0 36:19.2 37:19.2 38:19.6 39:19.1 | mean 17.5
0824 01:52:17 ds4-server: chat ctx=406..456:50 gen=300 THINKING decoding chunk=17.68 t/s avg=17.71 t/s 16.940s
0824 01:52:20 ds4-server: chat ctx=456..506:50 gen=350 THINKING decoding chunk=17.78 t/s avg=17.72 t/s 19.753s
ds4: qwen35moe experts/token avg over 128 tokens: 0:14.5 1:14.3 2:15.2 3:16.6 4:16.5 5:16.1 6:16.3 7:16.3 8:18.0 9:17.8 10:15.6 11:15.7 12:16.4 13:16.4 14:16.3 15:16.6 16:16.7 17:16.1 18:16.2 19:16.3 20:17.0 21:17.0 22:15.6 23:16.1 24:16.6 25:16.8 26:16.5 27:15.8 28:16.0 29:15.7 30:16.3 31:16.8 32:16.2 33:16.0 34:16.0 35:17.2 36:17.2 37:18.0 38:18.2 39:17.1 | mean 16.4
0824 01:52:22 ds4-server: chat ctx=506..556:50 gen=400 THINKING decoding chunk=16.94 t/s avg=17.62 t/s 22.705s
0824 01:52:25 ds4-server: chat ctx=556..606:50 gen=450 THINKING decoding chunk=17.83 t/s avg=17.64 t/s 25.509s
0824 01:52:28 ds4-server: chat ctx=606..656:50 gen=500 THINKING decoding chunk=17.77 t/s avg=17.65 t/s 28.323s
ds4: qwen35moe experts/token avg over 128 tokens: 0:13.8 1:14.1 2:14.7 3:15.0 4:15.1 5:14.7 6:15.2 7:15.2 8:16.3 9:16.0 10:14.5 11:14.5 12:15.5 13:14.4 14:15.5 15:14.8 16:15.0 17:15.4 18:15.4 19:15.0 20:16.6 21:15.6 22:14.5 23:14.9 24:15.1 25:14.6 26:15.3 27:14.6 28:15.1 29:14.9 30:14.8 31:15.5 32:15.3 33:14.4 34:14.5 35:15.6 36:15.7 37:16.6 38:17.4 39:16.4 | mean 15.2
0824 01:52:31 ds4-server: chat ctx=656..706:50 gen=550 THINKING decoding chunk=17.13 t/s avg=17.60 t/s 31.241s
0824 01:52:34 ds4-server: chat ctx=706..756:50 gen=600 THINKING decoding chunk=16.72 t/s avg=17.53 t/s 34.231s
ds4: qwen35moe experts/token avg over 128 tokens: 0:14.1 1:14.8 2:15.4 3:16.4 4:16.2 5:16.1 6:15.9 7:16.1 8:17.5 9:16.8 10:15.6 11:16.0 12:17.0 13:15.7 14:16.7 15:16.3 16:16.5 17:16.3 18:16.3 19:16.2 20:16.9 21:16.4 22:15.8 23:15.9 24:16.7 25:16.5 26:16.2 27:16.1 28:16.5 29:16.2 30:16.1 31:17.1 32:16.5 33:16.1 34:16.2 35:17.1 36:17.4 37:17.6 38:18.3 39:17.6 | mean 16.4
0824 01:52:37 ds4-server: chat ctx=756..806:50 gen=650 decoding chunk=17.43 t/s avg=17.52 t/s 37.100s
0824 01:52:40 ds4-server: chat ctx=806..853:47 gen=697 decoding chunk=16.02 t/s avg=17.41 t/s 40.034s
0824 01:52:40 ds4-server: thinking live checkpoint remembered ctx=0..156:156 live=853 visible=844
0824 01:52:40 ds4-server: chat ctx=0..156:156 gen=697 finish=stop 48.716s
0824 01:52:42 ds4-server: live kv cache miss live=853 prompt=155 common=37 reason=token-mismatch
0824 01:52:42 ds4-server: chat ctx=0..155:155 prompt start
0824 01:52:43 ds4-server: chat ctx=0..155:155 prefill chunk 1/155 (0.6%) chunk=0.00 t/s avg=3.03 t/s 0.330s
0824 01:52:43 ds4-server: chat ctx=0..155:155 prefill chunk 2/155 (1.3%) chunk=19.80 t/s avg=5.26 t/s 0.380s
0824 01:52:43 ds4-server: chat ctx=0..155:155 prefill chunk 3/155 (1.9%) chunk=19.47 t/s avg=6.95 t/s 0.432s
0824 01:52:43 ds4-server: chat ctx=0..155:155 prefill chunk 4/155 (2.6%) chunk=19.86 t/s avg=8.30 t/s 0.482s
0824 01:52:43 ds4-server: chat ctx=0..155:155 prefill chunk 5/155 (3.2%) chunk=18.77 t/s avg=9.34 t/s 0.535s
0824 01:52:43 ds4-server: chat ctx=0..155:155 prefill chunk 6/155 (3.9%) chunk=19.34 t/s avg=10.22 t/s 0.587s
0824 01:52:43 ds4-server: chat ctx=0..155:155 prefill chunk 7/155 (4.5%) chunk=19.13 t/s avg=10.95 t/s 0.639s
0824 01:52:43 ds4-server: chat ctx=0..155:155 prefill chunk 8/155 (5.2%) chunk=18.62 t/s avg=11.54 t/s 0.693s
0824 01:52:43 ds4-server: chat ctx=0..155:155 prefill chunk 9/155 (5.8%) chunk=19.85 t/s avg=12.11 t/s 0.743s
0824 01:52:43 ds4-server: chat ctx=0..155:155 prefill chunk 10/155 (6.5%) chunk=18.72 t/s avg=12.55 t/s 0.797s
0824 01:52:43 ds4-server: chat ctx=0..155:155 prefill chunk 11/155 (7.1%) chunk=19.29 t/s avg=12.96 t/s 0.849s
0824 01:52:43 ds4-server: chat ctx=0..155:155 prefill chunk 12/155 (7.7%) chunk=18.97 t/s avg=13.31 t/s 0.901s
0824 01:52:43 ds4-server: chat ctx=0..155:155 prefill chunk 13/155 (8.4%) chunk=18.82 t/s avg=13.62 t/s 0.954s
0824 01:52:43 ds4-server: chat ctx=0..155:155 prefill chunk 14/155 (9.0%) chunk=19.38 t/s avg=13.92 t/s 1.006s
0824 01:52:43 ds4-server: chat ctx=0..155:155 prefill chunk 15/155 (9.7%) chunk=18.77 t/s avg=14.16 t/s 1.059s
0824 01:52:43 ds4-server: chat ctx=0..155:155 prefill chunk 16/155 (10.3%) chunk=19.16 t/s avg=14.39 t/s 1.112s
0824 01:52:44 ds4-server: chat ctx=0..155:155 prefill chunk 17/155 (11.0%) chunk=18.95 t/s avg=14.60 t/s 1.164s
0824 01:52:44 ds4-server: chat ctx=0..155:155 prefill chunk 18/155 (11.6%) chunk=18.48 t/s avg=14.77 t/s 1.218s
0824 01:52:44 ds4-server: chat ctx=0..155:155 prefill chunk 19/155 (12.3%) chunk=19.17 t/s avg=14.95 t/s 1.271s
0824 01:52:44 ds4-server: chat ctx=0..155:155 prefill chunk 20/155 (12.9%) chunk=18.53 t/s avg=15.10 t/s 1.325s
0824 01:52:44 ds4-server: chat ctx=0..155:155 prefill chunk 21/155 (13.5%) chunk=19.41 t/s avg=15.26 t/s 1.376s
0824 01:52:44 ds4-server: chat ctx=0..155:155 prefill chunk 22/155 (14.2%) chunk=18.14 t/s avg=15.37 t/s 1.431s
0824 01:52:44 ds4-server: chat ctx=0..155:155 prefill chunk 23/155 (14.8%) chunk=18.85 t/s avg=15.50 t/s 1.484s
0824 01:52:44 ds4-server: chat ctx=0..155:155 prefill chunk 24/155 (15.5%) chunk=19.44 t/s avg=15.63 t/s 1.536s
0824 01:52:44 ds4-server: chat ctx=0..155:155 prefill chunk 25/155 (16.1%) chunk=18.43 t/s avg=15.72 t/s 1.590s
0824 01:52:44 ds4-server: chat ctx=0..155:155 prefill chunk 26/155 (16.8%) chunk=19.60 t/s avg=15.84 t/s 1.641s
0824 01:52:44 ds4-server: chat ctx=0..155:155 prefill chunk 27/155 (17.4%) chunk=17.85 t/s avg=15.91 t/s 1.697s
0824 01:52:44 ds4-server: chat ctx=0..155:155 prefill chunk 28/155 (18.1%) chunk=17.91 t/s avg=15.97 t/s 1.753s
0824 01:52:44 ds4-server: chat ctx=0..155:155 prefill chunk 29/155 (18.7%) chunk=18.71 t/s avg=16.06 t/s 1.806s
0824 01:52:44 ds4-server: chat ctx=0..155:155 prefill chunk 30/155 (19.4%) chunk=18.51 t/s avg=16.13 t/s 1.860s
0824 01:52:44 ds4-server: chat ctx=0..155:155 prefill chunk 31/155 (20.0%) chunk=19.99 t/s avg=16.23 t/s 1.910s
0824 01:52:44 ds4-server: chat ctx=0..155:155 prefill chunk 32/155 (20.6%) chunk=18.90 t/s avg=16.30 t/s 1.963s
0824 01:52:44 ds4-server: chat ctx=0..155:155 prefill chunk 33/155 (21.3%) chunk=19.20 t/s avg=16.37 t/s 2.015s
0824 01:52:44 ds4-server: chat ctx=0..155:155 prefill chunk 34/155 (21.9%) chunk=18.46 t/s avg=16.43 t/s 2.069s
0824 01:52:44 ds4-server: chat ctx=0..155:155 prefill chunk 35/155 (22.6%) chunk=18.20 t/s avg=16.48 t/s 2.124s
0824 01:52:45 ds4-server: chat ctx=0..155:155 prefill chunk 36/155 (23.2%) chunk=19.51 t/s avg=16.55 t/s 2.176s
0824 01:52:45 ds4-server: chat ctx=0..155:155 prefill chunk 37/155 (23.9%) chunk=18.52 t/s avg=16.59 t/s 2.230s
0824 01:52:45 ds4-server: chat ctx=0..155:155 prefill chunk 38/155 (24.5%) chunk=19.79 t/s avg=16.67 t/s 2.280s
0824 01:52:45 ds4-server: chat ctx=0..155:155 prefill chunk 39/155 (25.2%) chunk=18.83 t/s avg=16.71 t/s 2.333s
0824 01:52:45 ds4-server: chat ctx=0..155:155 prefill chunk 40/155 (25.8%) chunk=19.32 t/s avg=16.77 t/s 2.385s
0824 01:52:45 ds4-server: chat ctx=0..155:155 prefill chunk 41/155 (26.5%) chunk=19.20 t/s avg=16.82 t/s 2.437s
0824 01:52:45 ds4-server: chat ctx=0..155:155 prefill chunk 42/155 (27.1%) chunk=18.52 t/s avg=16.86 t/s 2.491s
0824 01:52:45 ds4-server: chat ctx=0..155:155 prefill chunk 43/155 (27.7%) chunk=18.52 t/s avg=16.90 t/s 2.545s
0824 01:52:45 ds4-server: chat ctx=0..155:155 prefill chunk 44/155 (28.4%) chunk=18.02 t/s avg=16.92 t/s 2.601s
0824 01:52:45 ds4-server: chat ctx=0..155:155 prefill chunk 45/155 (29.0%) chunk=17.98 t/s avg=16.94 t/s 2.656s
0824 01:52:45 ds4-server: chat ctx=0..155:155 prefill chunk 46/155 (29.7%) chunk=18.55 t/s avg=16.97 t/s 2.710s
0824 01:52:45 ds4-server: chat ctx=0..155:155 prefill chunk 47/155 (30.3%) chunk=17.47 t/s avg=16.98 t/s 2.767s
0824 01:52:45 ds4-server: chat ctx=0..155:155 prefill chunk 48/155 (31.0%) chunk=17.36 t/s avg=16.99 t/s 2.825s
0824 01:52:45 ds4-server: chat ctx=0..155:155 prefill chunk 49/155 (31.6%) chunk=19.07 t/s avg=17.03 t/s 2.877s
0824 01:52:45 ds4-server: chat ctx=0..155:155 prefill chunk 50/155 (32.3%) chunk=18.74 t/s avg=17.06 t/s 2.931s
0824 01:52:45 ds4-server: chat ctx=0..155:155 prefill chunk 51/155 (32.9%) chunk=17.67 t/s avg=17.07 t/s 2.987s
0824 01:52:45 ds4-server: chat ctx=0..155:155 prefill chunk 52/155 (33.5%) chunk=19.62 t/s avg=17.11 t/s 3.038s
0824 01:52:45 ds4-server: chat ctx=0..155:155 prefill chunk 53/155 (34.2%) chunk=18.86 t/s avg=17.14 t/s 3.091s
0824 01:52:45 ds4-server: chat ctx=0..155:155 prefill chunk 54/155 (34.8%) chunk=19.62 t/s avg=17.18 t/s 3.142s
0824 01:52:46 ds4-server: chat ctx=0..155:155 prefill chunk 55/155 (35.5%) chunk=18.67 t/s avg=17.21 t/s 3.196s
0824 01:52:46 ds4-server: chat ctx=0..155:155 prefill chunk 56/155 (36.1%) chunk=19.60 t/s avg=17.25 t/s 3.247s
0824 01:52:46 ds4-server: chat ctx=0..155:155 prefill chunk 57/155 (36.8%) chunk=18.12 t/s avg=17.26 t/s 3.302s
0824 01:52:46 ds4-server: chat ctx=0..155:155 prefill chunk 58/155 (37.4%) chunk=18.97 t/s avg=17.29 t/s 3.355s
0824 01:52:46 ds4-server: chat ctx=0..155:155 prefill chunk 59/155 (38.1%) chunk=19.22 t/s avg=17.32 t/s 3.407s
0824 01:52:46 ds4-server: chat ctx=0..155:155 prefill chunk 60/155 (38.7%) chunk=18.13 t/s avg=17.33 t/s 3.462s
0824 01:52:46 ds4-server: chat ctx=0..155:155 prefill chunk 61/155 (39.4%) chunk=19.09 t/s avg=17.36 t/s 3.514s
0824 01:52:46 ds4-server: chat ctx=0..155:155 prefill chunk 62/155 (40.0%) chunk=18.28 t/s avg=17.37 t/s 3.569s
0824 01:52:46 ds4-server: chat ctx=0..155:155 prefill chunk 63/155 (40.6%) chunk=18.03 t/s avg=17.38 t/s 3.625s
0824 01:52:46 ds4-server: chat ctx=0..155:155 prefill chunk 64/155 (41.3%) chunk=19.05 t/s avg=17.41 t/s 3.677s
0824 01:52:46 ds4-server: chat ctx=0..155:155 prefill chunk 65/155 (41.9%) chunk=18.31 t/s avg=17.42 t/s 3.732s
0824 01:52:46 ds4-server: chat ctx=0..155:155 prefill chunk 66/155 (42.6%) chunk=19.06 t/s avg=17.44 t/s 3.784s
ds4: qwen35moe experts/token avg over 128 tokens: 0:14.3 1:14.6 2:15.4 3:16.1 4:15.7 5:15.4 6:15.5 7:15.7 8:16.3 9:16.1 10:15.5 11:15.3 12:16.2 13:15.6 14:16.2 15:16.4 16:16.5 17:16.4 18:16.1 19:16.0 20:16.6 21:16.1 22:16.1 23:15.8 24:16.5 25:16.6 26:16.2 27:16.5 28:16.3 29:16.9 30:17.1 31:17.1 32:16.8 33:16.9 34:17.2 35:18.6 36:19.0 37:18.7 38:18.9 39:18.4 | mean 16.4
0824 01:52:46 ds4-server: chat ctx=0..155:155 prefill chunk 67/155 (43.2%) chunk=18.55 t/s avg=17.46 t/s 3.838s
0824 01:52:46 ds4-server: chat ctx=0..155:155 prefill chunk 68/155 (43.9%) chunk=18.49 t/s avg=17.47 t/s 3.892s
0824 01:52:46 ds4-server: chat ctx=0..155:155 prefill chunk 69/155 (44.5%) chunk=18.99 t/s avg=17.49 t/s 3.945s
0824 01:52:46 ds4-server: chat ctx=0..155:155 prefill chunk 70/155 (45.2%) chunk=18.22 t/s avg=17.50 t/s 4.000s
0824 01:52:46 ds4-server: chat ctx=0..155:155 prefill chunk 71/155 (45.8%) chunk=18.47 t/s avg=17.51 t/s 4.054s
0824 01:52:46 ds4-server: chat ctx=0..155:155 prefill chunk 72/155 (46.5%) chunk=18.35 t/s avg=17.53 t/s 4.108s
0824 01:52:47 ds4-server: chat ctx=0..155:155 prefill chunk 73/155 (47.1%) chunk=18.49 t/s avg=17.54 t/s 4.162s
0824 01:52:47 ds4-server: chat ctx=0..155:155 prefill chunk 74/155 (47.7%) chunk=18.97 t/s avg=17.56 t/s 4.215s
0824 01:52:47 ds4-server: chat ctx=0..155:155 prefill chunk 75/155 (48.4%) chunk=18.49 t/s avg=17.57 t/s 4.269s
0824 01:52:47 ds4-server: chat ctx=0..155:155 prefill chunk 76/155 (49.0%) chunk=18.36 t/s avg=17.58 t/s 4.324s
0824 01:52:47 ds4-server: chat ctx=0..155:155 prefill chunk 77/155 (49.7%) chunk=18.36 t/s avg=17.59 t/s 4.378s
0824 01:52:47 ds4-server: chat ctx=0..155:155 prefill chunk 78/155 (50.3%) chunk=17.83 t/s avg=17.59 t/s 4.434s
0824 01:52:47 ds4-server: chat ctx=0..155:155 prefill chunk 79/155 (51.0%) chunk=18.32 t/s avg=17.60 t/s 4.489s
0824 01:52:47 ds4-server: chat ctx=0..155:155 prefill chunk 80/155 (51.6%) chunk=18.77 t/s avg=17.61 t/s 4.542s
0824 01:52:47 ds4-server: chat ctx=0..155:155 prefill chunk 81/155 (52.3%) chunk=17.94 t/s avg=17.62 t/s 4.598s
0824 01:52:47 ds4-server: chat ctx=0..155:155 prefill chunk 82/155 (52.9%) chunk=18.09 t/s avg=17.62 t/s 4.653s
0824 01:52:47 ds4-server: chat ctx=0..155:155 prefill chunk 83/155 (53.5%) chunk=18.76 t/s avg=17.64 t/s 4.706s
0824 01:52:47 ds4-server: chat ctx=0..155:155 prefill chunk 84/155 (54.2%) chunk=18.40 t/s avg=17.64 t/s 4.761s
0824 01:52:47 ds4-server: chat ctx=0..155:155 prefill chunk 85/155 (54.8%) chunk=19.29 t/s avg=17.66 t/s 4.812s
0824 01:52:47 ds4-server: chat ctx=0..155:155 prefill chunk 86/155 (55.5%) chunk=18.33 t/s avg=17.67 t/s 4.867s
0824 01:52:47 ds4-server: chat ctx=0..155:155 prefill chunk 87/155 (56.1%) chunk=18.63 t/s avg=17.68 t/s 4.921s
0824 01:52:47 ds4-server: chat ctx=0..155:155 prefill chunk 88/155 (56.8%) chunk=18.82 t/s avg=17.69 t/s 4.974s
0824 01:52:47 ds4-server: chat ctx=0..155:155 prefill chunk 89/155 (57.4%) chunk=17.51 t/s avg=17.69 t/s 5.031s
0824 01:52:47 ds4-server: chat ctx=0..155:155 prefill chunk 90/155 (58.1%) chunk=18.80 t/s avg=17.70 t/s 5.084s
0824 01:52:47 ds4-server: chat ctx=0..155:155 prefill chunk 91/155 (58.7%) chunk=18.24 t/s avg=17.71 t/s 5.139s
0824 01:52:48 ds4-server: chat ctx=0..155:155 prefill chunk 92/155 (59.4%) chunk=17.94 t/s avg=17.71 t/s 5.195s
0824 01:52:48 ds4-server: chat ctx=0..155:155 prefill chunk 93/155 (60.0%) chunk=19.03 t/s avg=17.72 t/s 5.247s
0824 01:52:48 ds4-server: chat ctx=0..155:155 prefill chunk 94/155 (60.6%) chunk=18.42 t/s avg=17.73 t/s 5.302s
0824 01:52:48 ds4-server: chat ctx=0..155:155 prefill chunk 95/155 (61.3%) chunk=18.29 t/s avg=17.74 t/s 5.356s
0824 01:52:48 ds4-server: chat ctx=0..155:155 prefill chunk 96/155 (61.9%) chunk=18.52 t/s avg=17.74 t/s 5.410s
0824 01:52:48 ds4-server: chat ctx=0..155:155 prefill chunk 97/155 (62.6%) chunk=17.77 t/s avg=17.74 t/s 5.467s
0824 01:52:48 ds4-server: chat ctx=0..155:155 prefill chunk 98/155 (63.2%) chunk=17.80 t/s avg=17.74 t/s 5.523s
0824 01:52:48 ds4-server: chat ctx=0..155:155 prefill chunk 99/155 (63.9%) chunk=18.69 t/s avg=17.75 t/s 5.576s
0824 01:52:48 ds4-server: chat ctx=0..155:155 prefill chunk 100/155 (64.5%) chunk=17.99 t/s avg=17.76 t/s 5.632s
0824 01:52:48 ds4-server: chat ctx=0..155:155 prefill chunk 101/155 (65.2%) chunk=18.23 t/s avg=17.76 t/s 5.687s
0824 01:52:48 ds4-server: chat ctx=0..155:155 prefill chunk 102/155 (65.8%) chunk=18.09 t/s avg=17.76 t/s 5.742s
0824 01:52:48 ds4-server: chat ctx=0..155:155 prefill chunk 103/155 (66.5%) chunk=18.41 t/s avg=17.77 t/s 5.796s
0824 01:52:48 ds4-server: chat ctx=0..155:155 prefill chunk 104/155 (67.1%) chunk=18.22 t/s avg=17.77 t/s 5.851s
0824 01:52:48 ds4-server: chat ctx=0..155:155 prefill chunk 105/155 (67.7%) chunk=18.67 t/s avg=17.78 t/s 5.905s
0824 01:52:48 ds4-server: chat ctx=0..155:155 prefill chunk 106/155 (68.4%) chunk=18.76 t/s avg=17.79 t/s 5.958s
0824 01:52:48 ds4-server: chat ctx=0..155:155 prefill chunk 107/155 (69.0%) chunk=19.14 t/s avg=17.80 t/s 6.010s
0824 01:52:48 ds4-server: chat ctx=0..155:155 prefill chunk 108/155 (69.7%) chunk=17.85 t/s avg=17.80 t/s 6.066s
0824 01:52:48 ds4-server: chat ctx=0..155:155 prefill chunk 109/155 (70.3%) chunk=18.26 t/s avg=17.81 t/s 6.121s
0824 01:52:49 ds4-server: chat ctx=0..155:155 prefill chunk 110/155 (71.0%) chunk=18.31 t/s avg=17.81 t/s 6.176s
0824 01:52:49 ds4-server: chat ctx=0..155:155 prefill chunk 111/155 (71.6%) chunk=17.69 t/s avg=17.81 t/s 6.232s
0824 01:52:49 ds4-server: chat ctx=0..155:155 prefill chunk 112/155 (72.3%) chunk=18.15 t/s avg=17.81 t/s 6.287s
0824 01:52:49 ds4-server: chat ctx=0..155:155 prefill chunk 113/155 (72.9%) chunk=18.09 t/s avg=17.82 t/s 6.343s
0824 01:52:49 ds4-server: chat ctx=0..155:155 prefill chunk 114/155 (73.5%) chunk=18.63 t/s avg=17.82 t/s 6.396s
0824 01:52:49 ds4-server: chat ctx=0..155:155 prefill chunk 115/155 (74.2%) chunk=17.20 t/s avg=17.82 t/s 6.454s
0824 01:52:49 ds4-server: chat ctx=0..155:155 prefill chunk 116/155 (74.8%) chunk=18.02 t/s avg=17.82 t/s 6.510s
0824 01:52:49 ds4-server: chat ctx=0..155:155 prefill chunk 117/155 (75.5%) chunk=17.85 t/s avg=17.82 t/s 6.566s
0824 01:52:49 ds4-server: chat ctx=0..155:155 prefill chunk 118/155 (76.1%) chunk=18.12 t/s avg=17.82 t/s 6.621s
0824 01:52:49 ds4-server: chat ctx=0..155:155 prefill chunk 119/155 (76.8%) chunk=18.42 t/s avg=17.83 t/s 6.675s
0824 01:52:49 ds4-server: chat ctx=0..155:155 prefill chunk 120/155 (77.4%) chunk=17.87 t/s avg=17.83 t/s 6.731s
0824 01:52:49 ds4-server: chat ctx=0..155:155 prefill chunk 121/155 (78.1%) chunk=17.76 t/s avg=17.83 t/s 6.788s
0824 01:52:49 ds4-server: chat ctx=0..155:155 prefill chunk 122/155 (78.7%) chunk=18.45 t/s avg=17.83 t/s 6.842s
0824 01:52:49 ds4-server: chat ctx=0..155:155 prefill chunk 123/155 (79.4%) chunk=17.29 t/s avg=17.83 t/s 6.900s
0824 01:52:49 ds4-server: chat ctx=0..155:155 prefill chunk 124/155 (80.0%) chunk=18.43 t/s avg=17.83 t/s 6.954s
0824 01:52:49 ds4-server: chat ctx=0..155:155 prefill chunk 125/155 (80.6%) chunk=18.81 t/s avg=17.84 t/s 7.007s
0824 01:52:49 ds4-server: chat ctx=0..155:155 prefill chunk 126/155 (81.3%) chunk=18.14 t/s avg=17.84 t/s 7.062s
0824 01:52:49 ds4-server: chat ctx=0..155:155 prefill chunk 127/155 (81.9%) chunk=18.20 t/s avg=17.84 t/s 7.117s
0824 01:52:50 ds4-server: chat ctx=0..155:155 prefill chunk 128/155 (82.6%) chunk=17.64 t/s avg=17.84 t/s 7.174s
0824 01:52:50 ds4-server: chat ctx=0..155:155 prefill chunk 129/155 (83.2%) chunk=18.07 t/s avg=17.84 t/s 7.229s
0824 01:52:50 ds4-server: chat ctx=0..155:155 prefill chunk 130/155 (83.9%) chunk=18.15 t/s avg=17.85 t/s 7.284s
0824 01:52:50 ds4-server: chat ctx=0..155:155 prefill chunk 131/155 (84.5%) chunk=17.98 t/s avg=17.85 t/s 7.340s
0824 01:52:50 ds4-server: chat ctx=0..155:155 prefill chunk 132/155 (85.2%) chunk=17.84 t/s avg=17.85 t/s 7.396s
0824 01:52:50 ds4-server: chat ctx=0..155:155 prefill chunk 133/155 (85.8%) chunk=17.43 t/s avg=17.84 t/s 7.453s
0824 01:52:50 ds4-server: chat ctx=0..155:155 prefill chunk 134/155 (86.5%) chunk=18.76 t/s avg=17.85 t/s 7.507s
0824 01:52:50 ds4-server: chat ctx=0..155:155 prefill chunk 135/155 (87.1%) chunk=17.70 t/s avg=17.85 t/s 7.563s
0824 01:52:50 ds4-server: chat ctx=0..155:155 prefill chunk 136/155 (87.7%) chunk=18.39 t/s avg=17.85 t/s 7.618s
0824 01:52:50 ds4-server: chat ctx=0..155:155 prefill chunk 137/155 (88.4%) chunk=17.63 t/s avg=17.85 t/s 7.674s
0824 01:52:50 ds4-server: chat ctx=0..155:155 prefill chunk 138/155 (89.0%) chunk=17.40 t/s avg=17.85 t/s 7.732s
0824 01:52:50 ds4-server: chat ctx=0..155:155 prefill chunk 139/155 (89.7%) chunk=18.38 t/s avg=17.85 t/s 7.786s
0824 01:52:50 ds4-server: chat ctx=0..155:155 prefill chunk 140/155 (90.3%) chunk=17.98 t/s avg=17.85 t/s 7.842s
0824 01:52:50 ds4-server: chat ctx=0..155:155 prefill chunk 141/155 (91.0%) chunk=17.43 t/s avg=17.85 t/s 7.899s
0824 01:52:50 ds4-server: chat ctx=0..155:155 prefill chunk 142/155 (91.6%) chunk=18.21 t/s avg=17.85 t/s 7.954s
0824 01:52:50 ds4-server: chat ctx=0..155:155 prefill chunk 143/155 (92.3%) chunk=18.22 t/s avg=17.86 t/s 8.009s
0824 01:52:50 ds4-server: chat ctx=0..155:155 prefill chunk 144/155 (92.9%) chunk=17.56 t/s avg=17.85 t/s 8.066s
0824 01:52:50 ds4-server: chat ctx=0..155:155 prefill chunk 145/155 (93.5%) chunk=17.84 t/s avg=17.85 t/s 8.122s
0824 01:52:51 ds4-server: chat ctx=0..155:155 prefill chunk 146/155 (94.2%) chunk=17.99 t/s avg=17.85 t/s 8.177s
0824 01:52:51 ds4-server: chat ctx=0..155:155 prefill chunk 147/155 (94.8%) chunk=18.24 t/s avg=17.86 t/s 8.232s
0824 01:52:51 ds4-server: chat ctx=0..155:155 prefill chunk 148/155 (95.5%) chunk=18.12 t/s avg=17.86 t/s 8.287s
0824 01:52:51 ds4-server: chat ctx=0..155:155 prefill chunk 149/155 (96.1%) chunk=19.39 t/s avg=17.87 t/s 8.339s
0824 01:52:51 ds4-server: chat ctx=0..155:155 prefill chunk 150/155 (96.8%) chunk=18.02 t/s avg=17.87 t/s 8.395s
0824 01:52:51 ds4-server: chat ctx=0..155:155 prefill chunk 151/155 (97.4%) chunk=18.98 t/s avg=17.88 t/s 8.447s
0824 01:52:51 ds4-server: chat ctx=0..155:155 prefill chunk 152/155 (98.1%) chunk=18.66 t/s avg=17.88 t/s 8.501s
0824 01:52:51 ds4-server: chat ctx=0..155:155 prefill chunk 153/155 (98.7%) chunk=18.16 t/s avg=17.88 t/s 8.556s
0824 01:52:51 ds4-server: chat ctx=0..155:155 prefill chunk 154/155 (99.4%) chunk=20.17 t/s avg=17.90 t/s 8.605s
0824 01:52:51 ds4-server: chat ctx=0..155:155 prefill chunk 155/155 (100.0%) chunk=19.85 t/s avg=17.91 t/s 8.656s
0824 01:52:51 ds4-server: chat ctx=0..155:155 prompt done 8.656s
ds4: qwen35moe experts/token avg over 128 tokens: 0:14.1 1:14.9 2:15.0 3:15.3 4:15.0 5:14.9 6:15.6 7:15.5 8:16.2 9:15.3 10:13.9 11:14.4 12:14.9 13:15.4 14:15.5 15:15.2 16:15.3 17:15.3 18:14.8 19:16.2 20:16.1 21:15.5 22:14.9 23:15.4 24:16.2 25:16.2 26:16.9 27:16.4 28:15.6 29:16.3 30:16.2 31:17.2 32:16.9 33:16.8 34:16.9 35:18.2 36:18.5 37:18.6 38:19.2 39:18.4 | mean 16.0
0824 01:52:54 ds4-server: chat ctx=155..205:50 gen=50 THINKING decoding chunk=18.32 t/s avg=18.32 t/s 2.730s
0824 01:52:56 ds4-server: chat ctx=205..255:50 gen=100 THINKING decoding chunk=18.20 t/s avg=18.26 t/s 5.477s
0824 01:52:59 ds4-server: chat ctx=255..305:50 gen=150 THINKING decoding chunk=17.86 t/s avg=18.12 t/s 8.277s
ds4: qwen35moe experts/token avg over 128 tokens: 0:14.7 1:15.0 2:15.1 3:16.5 4:15.7 5:15.8 6:15.3 7:16.9 8:17.0 9:17.0 10:15.1 11:14.5 12:16.0 13:16.3 14:16.6 15:15.7 16:16.5 17:16.2 18:15.9 19:16.2 20:16.2 21:16.4 22:15.3 23:15.2 24:16.6 25:16.9 26:16.5 27:16.0 28:15.3 29:15.5 30:16.4 31:16.8 32:15.6 33:15.8 34:15.9 35:18.4 36:17.9 37:18.2 38:19.0 39:18.7 | mean 16.3
0824 01:53:02 ds4-server: chat ctx=305..355:50 gen=200 THINKING decoding chunk=17.52 t/s avg=17.97 t/s 11.131s
0824 01:53:05 ds4-server: chat ctx=355..405:50 gen=250 THINKING decoding chunk=18.14 t/s avg=18.00 t/s 13.888s
ds4: qwen35moe experts/token avg over 128 tokens: 0:14.4 1:15.6 2:15.1 3:16.5 4:16.0 5:15.8 6:16.0 7:16.7 8:17.1 9:17.0 10:15.3 11:15.6 12:16.6 13:16.4 14:16.6 15:16.4 16:16.8 17:16.2 18:16.0 19:16.5 20:16.9 21:17.2 22:15.9 23:16.0 24:16.6 25:16.6 26:17.2 27:16.6 28:16.3 29:17.0 30:16.4 31:17.0 32:16.4 33:16.4 34:16.6 35:17.1 36:17.8 37:17.7 38:18.7 39:18.0 | mean 16.5
0824 01:53:08 ds4-server: chat ctx=405..455:50 gen=300 THINKING decoding chunk=17.04 t/s avg=17.83 t/s 16.822s
0824 01:53:11 ds4-server: chat ctx=455..505:50 gen=350 THINKING decoding chunk=17.16 t/s avg=17.73 t/s 19.735s
0824 01:53:14 ds4-server: chat ctx=505..555:50 gen=400 THINKING decoding chunk=17.97 t/s avg=17.76 t/s 22.517s
ds4: qwen35moe experts/token avg over 128 tokens: 0:14.5 1:15.2 2:15.1 3:16.5 4:15.8 5:15.8 6:16.4 7:16.7 8:17.7 9:16.9 10:15.8 11:15.8 12:16.6 13:16.2 14:16.3 15:16.4 16:16.2 17:16.0 18:15.9 19:16.5 20:17.1 21:17.4 22:16.4 23:16.0 24:16.9 25:16.6 26:17.1 27:16.3 28:16.5 29:15.9 30:16.3 31:16.7 32:16.5 33:16.3 34:15.9 35:16.7 36:16.8 37:17.9 38:18.2 39:17.5 | mean 16.4
0824 01:53:16 ds4-server: chat ctx=555..605:50 gen=450 THINKING decoding chunk=16.82 t/s avg=17.65 t/s 25.490s
0824 01:53:19 ds4-server: chat ctx=605..655:50 gen=500 THINKING decoding chunk=17.70 t/s avg=17.66 t/s 28.315s
0824 01:53:22 ds4-server: chat ctx=655..705:50 gen=550 THINKING decoding chunk=17.52 t/s avg=17.65 t/s 31.169s
ds4: qwen35moe experts/token avg over 128 tokens: 0:14.0 1:14.8 2:15.2 3:16.2 4:15.5 5:15.1 6:15.8 7:16.3 8:16.6 9:16.1 10:14.5 11:15.2 12:15.9 13:15.0 14:16.2 15:15.1 16:16.0 17:15.7 18:16.0 19:14.9 20:16.6 21:15.3 22:14.9 23:15.4 24:15.5 25:15.0 26:16.2 27:15.1 28:15.9 29:15.5 30:15.4 31:15.6 32:15.7 33:14.8 34:15.0 35:16.3 36:16.8 37:16.7 38:17.5 39:16.9 | mean 15.7
0824 01:53:25 ds4-server: chat ctx=705..755:50 gen=600 THINKING decoding chunk=16.56 t/s avg=17.55 t/s 34.189s
0824 01:53:28 ds4-server: chat ctx=755..805:50 gen=650 THINKING decoding chunk=17.31 t/s avg=17.53 t/s 37.078s
ds4: qwen35moe experts/token avg over 128 tokens: 0:14.3 1:15.2 2:15.2 3:16.2 4:16.2 5:16.0 6:16.3 7:16.4 8:17.0 9:16.7 10:15.5 11:15.9 12:16.7 13:16.1 14:16.5 15:16.4 16:16.3 17:16.2 18:15.9 19:16.1 20:16.8 21:16.3 22:15.8 23:15.5 24:16.8 25:15.9 26:16.2 27:15.8 28:15.6 29:15.9 30:15.4 31:16.7 32:16.2 33:15.6 34:15.5 35:16.4 36:17.2 37:17.3 38:17.9 39:17.2 | mean 16.2
0824 01:53:31 ds4-server: chat ctx=805..855:50 gen=700 decoding chunk=17.04 t/s avg=17.49 t/s 40.011s
0824 01:53:33 ds4-server: chat ctx=855..885:30 gen=730 decoding chunk=15.91 t/s avg=17.42 t/s 41.897s
0824 01:53:33 ds4-server: thinking live checkpoint remembered ctx=0..155:155 live=885 visible=811
0824 01:53:33 ds4-server: chat ctx=0..155:155 gen=730 finish=stop 50.553s
0824 01:53:35 ds4-server: live kv cache miss live=885 prompt=131 common=37 reason=token-mismatch
0824 01:53:35 ds4-server: chat ctx=0..131:131 prompt start
0824 01:53:36 ds4-server: chat ctx=0..131:131 prefill chunk 1/131 (0.8%) chunk=0.00 t/s avg=2.79 t/s 0.358s
0824 01:53:36 ds4-server: chat ctx=0..131:131 prefill chunk 2/131 (1.5%) chunk=19.33 t/s avg=4.88 t/s 0.410s
0824 01:53:36 ds4-server: chat ctx=0..131:131 prefill chunk 3/131 (2.3%) chunk=19.96 t/s avg=6.52 t/s 0.460s
0824 01:53:36 ds4-server: chat ctx=0..131:131 prefill chunk 4/131 (3.1%) chunk=19.32 t/s avg=7.81 t/s 0.512s
0824 01:53:36 ds4-server: chat ctx=0..131:131 prefill chunk 5/131 (3.8%) chunk=19.32 t/s avg=8.87 t/s 0.564s
0824 01:53:36 ds4-server: chat ctx=0..131:131 prefill chunk 6/131 (4.6%) chunk=19.37 t/s avg=9.75 t/s 0.615s
0824 01:53:36 ds4-server: chat ctx=0..131:131 prefill chunk 7/131 (5.3%) chunk=18.83 t/s avg=10.47 t/s 0.668s
0824 01:53:36 ds4-server: chat ctx=0..131:131 prefill chunk 8/131 (6.1%) chunk=18.87 t/s avg=11.09 t/s 0.721s
0824 01:53:36 ds4-server: chat ctx=0..131:131 prefill chunk 9/131 (6.9%) chunk=18.85 t/s avg=11.62 t/s 0.775s
0824 01:53:36 ds4-server: chat ctx=0..131:131 prefill chunk 10/131 (7.6%) chunk=19.31 t/s avg=12.10 t/s 0.826s
0824 01:53:36 ds4-server: chat ctx=0..131:131 prefill chunk 11/131 (8.4%) chunk=18.80 t/s avg=12.51 t/s 0.879s
0824 01:53:36 ds4-server: chat ctx=0..131:131 prefill chunk 12/131 (9.2%) chunk=19.44 t/s avg=12.89 t/s 0.931s
0824 01:53:36 ds4-server: chat ctx=0..131:131 prefill chunk 13/131 (9.9%) chunk=18.85 t/s avg=13.21 t/s 0.984s
0824 01:53:36 ds4-server: chat ctx=0..131:131 prefill chunk 14/131 (10.7%) chunk=18.81 t/s avg=13.50 t/s 1.037s
0824 01:53:36 ds4-server: chat ctx=0..131:131 prefill chunk 15/131 (11.5%) chunk=19.60 t/s avg=13.78 t/s 1.088s
0824 01:53:36 ds4-server: chat ctx=0..131:131 prefill chunk 16/131 (12.2%) chunk=18.28 t/s avg=14.00 t/s 1.143s
0824 01:53:36 ds4-server: chat ctx=0..131:131 prefill chunk 17/131 (13.0%) chunk=19.08 t/s avg=14.22 t/s 1.195s
0824 01:53:37 ds4-server: chat ctx=0..131:131 prefill chunk 18/131 (13.7%) chunk=18.29 t/s avg=14.40 t/s 1.250s
0824 01:53:37 ds4-server: chat ctx=0..131:131 prefill chunk 19/131 (14.5%) chunk=18.97 t/s avg=14.59 t/s 1.303s
0824 01:53:37 ds4-server: chat ctx=0..131:131 prefill chunk 20/131 (15.3%) chunk=19.19 t/s avg=14.76 t/s 1.355s
0824 01:53:37 ds4-server: chat ctx=0..131:131 prefill chunk 21/131 (16.0%) chunk=18.50 t/s avg=14.91 t/s 1.409s
0824 01:53:37 ds4-server: chat ctx=0..131:131 prefill chunk 22/131 (16.8%) chunk=18.73 t/s avg=15.05 t/s 1.462s
0824 01:53:37 ds4-server: chat ctx=0..131:131 prefill chunk 23/131 (17.6%) chunk=18.83 t/s avg=15.18 t/s 1.515s
0824 01:53:37 ds4-server: chat ctx=0..131:131 prefill chunk 24/131 (18.3%) chunk=19.84 t/s avg=15.33 t/s 1.566s
0824 01:53:37 ds4-server: chat ctx=0..131:131 prefill chunk 25/131 (19.1%) chunk=18.36 t/s avg=15.43 t/s 1.620s
0824 01:53:37 ds4-server: chat ctx=0..131:131 prefill chunk 26/131 (19.8%) chunk=19.15 t/s avg=15.55 t/s 1.672s
0824 01:53:37 ds4-server: chat ctx=0..131:131 prefill chunk 27/131 (20.6%) chunk=18.36 t/s avg=15.63 t/s 1.727s
0824 01:53:37 ds4-server: chat ctx=0..131:131 prefill chunk 28/131 (21.4%) chunk=18.03 t/s avg=15.71 t/s 1.782s
0824 01:53:37 ds4-server: chat ctx=0..131:131 prefill chunk 29/131 (22.1%) chunk=18.51 t/s avg=15.79 t/s 1.836s
0824 01:53:37 ds4-server: chat ctx=0..131:131 prefill chunk 30/131 (22.9%) chunk=19.14 t/s avg=15.88 t/s 1.889s
0824 01:53:37 ds4-server: chat ctx=0..131:131 prefill chunk 31/131 (23.7%) chunk=19.46 t/s avg=15.98 t/s 1.940s
0824 01:53:37 ds4-server: chat ctx=0..131:131 prefill chunk 32/131 (24.4%) chunk=19.73 t/s avg=16.07 t/s 1.991s
0824 01:53:37 ds4-server: chat ctx=0..131:131 prefill chunk 33/131 (25.2%) chunk=18.58 t/s avg=16.14 t/s 2.045s
0824 01:53:37 ds4-server: chat ctx=0..131:131 prefill chunk 34/131 (26.0%) chunk=18.86 t/s avg=16.21 t/s 2.098s
0824 01:53:37 ds4-server: chat ctx=0..131:131 prefill chunk 35/131 (26.7%) chunk=18.35 t/s avg=16.26 t/s 2.152s
0824 01:53:38 ds4-server: chat ctx=0..131:131 prefill chunk 36/131 (27.5%) chunk=18.71 t/s avg=16.32 t/s 2.206s
0824 01:53:38 ds4-server: chat ctx=0..131:131 prefill chunk 37/131 (28.2%) chunk=19.32 t/s avg=16.39 t/s 2.257s
0824 01:53:38 ds4-server: chat ctx=0..131:131 prefill chunk 38/131 (29.0%) chunk=18.72 t/s avg=16.44 t/s 2.311s
0824 01:53:38 ds4-server: chat ctx=0..131:131 prefill chunk 39/131 (29.8%) chunk=19.75 t/s avg=16.52 t/s 2.361s
0824 01:53:38 ds4-server: chat ctx=0..131:131 prefill chunk 40/131 (30.5%) chunk=18.53 t/s avg=16.56 t/s 2.415s
0824 01:53:38 ds4-server: chat ctx=0..131:131 prefill chunk 41/131 (31.3%) chunk=19.23 t/s avg=16.62 t/s 2.467s
0824 01:53:38 ds4-server: chat ctx=0..131:131 prefill chunk 42/131 (32.1%) chunk=17.92 t/s avg=16.65 t/s 2.523s
0824 01:53:38 ds4-server: chat ctx=0..131:131 prefill chunk 43/131 (32.8%) chunk=17.52 t/s avg=16.67 t/s 2.580s
0824 01:53:38 ds4-server: chat ctx=0..131:131 prefill chunk 44/131 (33.6%) chunk=19.56 t/s avg=16.72 t/s 2.631s
0824 01:53:38 ds4-server: chat ctx=0..131:131 prefill chunk 45/131 (34.4%) chunk=18.56 t/s avg=16.76 t/s 2.685s
0824 01:53:38 ds4-server: chat ctx=0..131:131 prefill chunk 46/131 (35.1%) chunk=18.38 t/s avg=16.79 t/s 2.740s
0824 01:53:38 ds4-server: chat ctx=0..131:131 prefill chunk 47/131 (35.9%) chunk=17.85 t/s avg=16.81 t/s 2.796s
0824 01:53:38 ds4-server: chat ctx=0..131:131 prefill chunk 48/131 (36.6%) chunk=17.71 t/s avg=16.83 t/s 2.852s
0824 01:53:38 ds4-server: chat ctx=0..131:131 prefill chunk 49/131 (37.4%) chunk=18.08 t/s avg=16.85 t/s 2.907s
0824 01:53:38 ds4-server: chat ctx=0..131:131 prefill chunk 50/131 (38.2%) chunk=17.71 t/s avg=16.87 t/s 2.964s
0824 01:53:38 ds4-server: chat ctx=0..131:131 prefill chunk 51/131 (38.9%) chunk=17.24 t/s avg=16.88 t/s 3.022s
0824 01:53:38 ds4-server: chat ctx=0..131:131 prefill chunk 52/131 (39.7%) chunk=17.27 t/s avg=16.88 t/s 3.080s
0824 01:53:38 ds4-server: chat ctx=0..131:131 prefill chunk 53/131 (40.5%) chunk=18.74 t/s avg=16.92 t/s 3.133s
0824 01:53:38 ds4-server: chat ctx=0..131:131 prefill chunk 54/131 (41.2%) chunk=19.05 t/s avg=16.95 t/s 3.186s
0824 01:53:39 ds4-server: chat ctx=0..131:131 prefill chunk 55/131 (42.0%) chunk=18.13 t/s avg=16.97 t/s 3.241s
0824 01:53:39 ds4-server: chat ctx=0..131:131 prefill chunk 56/131 (42.7%) chunk=19.62 t/s avg=17.01 t/s 3.292s
0824 01:53:39 ds4-server: chat ctx=0..131:131 prefill chunk 57/131 (43.5%) chunk=18.65 t/s avg=17.04 t/s 3.345s
0824 01:53:39 ds4-server: chat ctx=0..131:131 prefill chunk 58/131 (44.3%) chunk=18.76 t/s avg=17.07 t/s 3.399s
0824 01:53:39 ds4-server: chat ctx=0..131:131 prefill chunk 59/131 (45.0%) chunk=18.58 t/s avg=17.09 t/s 3.453s
0824 01:53:39 ds4-server: chat ctx=0..131:131 prefill chunk 60/131 (45.8%) chunk=18.08 t/s avg=17.10 t/s 3.508s
0824 01:53:39 ds4-server: chat ctx=0..131:131 prefill chunk 61/131 (46.6%) chunk=18.67 t/s avg=17.13 t/s 3.561s
0824 01:53:39 ds4-server: chat ctx=0..131:131 prefill chunk 62/131 (47.3%) chunk=17.66 t/s avg=17.14 t/s 3.618s
0824 01:53:39 ds4-server: chat ctx=0..131:131 prefill chunk 63/131 (48.1%) chunk=17.92 t/s avg=17.15 t/s 3.674s
0824 01:53:39 ds4-server: chat ctx=0..131:131 prefill chunk 64/131 (48.9%) chunk=19.46 t/s avg=17.18 t/s 3.725s
0824 01:53:39 ds4-server: chat ctx=0..131:131 prefill chunk 65/131 (49.6%) chunk=18.76 t/s avg=17.20 t/s 3.779s
0824 01:53:39 ds4-server: chat ctx=0..131:131 prefill chunk 66/131 (50.4%) chunk=19.00 t/s avg=17.23 t/s 3.831s
0824 01:53:39 ds4-server: chat ctx=0..131:131 prefill chunk 67/131 (51.1%) chunk=18.38 t/s avg=17.24 t/s 3.886s
0824 01:53:39 ds4-server: chat ctx=0..131:131 prefill chunk 68/131 (51.9%) chunk=18.34 t/s avg=17.26 t/s 3.940s
0824 01:53:39 ds4-server: chat ctx=0..131:131 prefill chunk 69/131 (52.7%) chunk=18.54 t/s avg=17.28 t/s 3.994s
0824 01:53:39 ds4-server: chat ctx=0..131:131 prefill chunk 70/131 (53.4%) chunk=18.32 t/s avg=17.29 t/s 4.049s
0824 01:53:39 ds4-server: chat ctx=0..131:131 prefill chunk 71/131 (54.2%) chunk=18.61 t/s avg=17.31 t/s 4.102s
0824 01:53:39 ds4-server: chat ctx=0..131:131 prefill chunk 72/131 (55.0%) chunk=18.40 t/s avg=17.32 t/s 4.157s
0824 01:53:40 ds4-server: chat ctx=0..131:131 prefill chunk 73/131 (55.7%) chunk=17.73 t/s avg=17.33 t/s 4.213s
0824 01:53:40 ds4-server: chat ctx=0..131:131 prefill chunk 74/131 (56.5%) chunk=18.52 t/s avg=17.34 t/s 4.267s
0824 01:53:40 ds4-server: chat ctx=0..131:131 prefill chunk 75/131 (57.3%) chunk=18.86 t/s avg=17.36 t/s 4.320s
0824 01:53:40 ds4-server: chat ctx=0..131:131 prefill chunk 76/131 (58.0%) chunk=17.73 t/s avg=17.37 t/s 4.377s
0824 01:53:40 ds4-server: chat ctx=0..131:131 prefill chunk 77/131 (58.8%) chunk=19.20 t/s avg=17.39 t/s 4.429s
ds4: qwen35moe experts/token avg over 128 tokens: 0:14.6 1:14.7 2:15.1 3:16.1 4:15.3 5:15.4 6:15.4 7:16.0 8:16.8 9:16.4 10:15.7 11:15.7 12:16.5 13:15.5 14:16.0 15:16.6 16:16.6 17:16.0 18:16.1 19:16.3 20:16.9 21:16.4 22:16.3 23:16.2 24:16.9 25:16.3 26:17.0 27:16.5 28:16.3 29:16.9 30:17.1 31:17.0 32:16.8 33:17.1 34:17.4 35:19.0 36:19.2 37:18.8 38:19.0 39:18.5 | mean 16.6
0824 01:53:40 ds4-server: chat ctx=0..131:131 prefill chunk 78/131 (59.5%) chunk=17.86 t/s avg=17.39 t/s 4.485s
0824 01:53:40 ds4-server: chat ctx=0..131:131 prefill chunk 79/131 (60.3%) chunk=18.26 t/s avg=17.40 t/s 4.539s
0824 01:53:40 ds4-server: chat ctx=0..131:131 prefill chunk 80/131 (61.1%) chunk=18.16 t/s avg=17.41 t/s 4.594s
0824 01:53:40 ds4-server: chat ctx=0..131:131 prefill chunk 81/131 (61.8%) chunk=17.57 t/s avg=17.41 t/s 4.651s
0824 01:53:40 ds4-server: chat ctx=0..131:131 prefill chunk 82/131 (62.6%) chunk=18.21 t/s avg=17.42 t/s 4.706s
0824 01:53:40 ds4-server: chat ctx=0..131:131 prefill chunk 83/131 (63.4%) chunk=17.78 t/s avg=17.43 t/s 4.763s
0824 01:53:40 ds4-server: chat ctx=0..131:131 prefill chunk 84/131 (64.1%) chunk=18.16 t/s avg=17.44 t/s 4.818s
0824 01:53:40 ds4-server: chat ctx=0..131:131 prefill chunk 85/131 (64.9%) chunk=17.60 t/s avg=17.44 t/s 4.874s
0824 01:53:40 ds4-server: chat ctx=0..131:131 prefill chunk 86/131 (65.6%) chunk=17.90 t/s avg=17.44 t/s 4.930s
0824 01:53:40 ds4-server: chat ctx=0..131:131 prefill chunk 87/131 (66.4%) chunk=17.70 t/s avg=17.45 t/s 4.987s
0824 01:53:40 ds4-server: chat ctx=0..131:131 prefill chunk 88/131 (67.2%) chunk=18.32 t/s avg=17.46 t/s 5.041s
0824 01:53:40 ds4-server: chat ctx=0..131:131 prefill chunk 89/131 (67.9%) chunk=18.06 t/s avg=17.46 t/s 5.097s
0824 01:53:40 ds4-server: chat ctx=0..131:131 prefill chunk 90/131 (68.7%) chunk=17.72 t/s avg=17.46 t/s 5.153s
0824 01:53:41 ds4-server: chat ctx=0..131:131 prefill chunk 91/131 (69.5%) chunk=17.56 t/s avg=17.47 t/s 5.210s
0824 01:53:41 ds4-server: chat ctx=0..131:131 prefill chunk 92/131 (70.2%) chunk=18.25 t/s avg=17.47 t/s 5.265s
0824 01:53:41 ds4-server: chat ctx=0..131:131 prefill chunk 93/131 (71.0%) chunk=17.87 t/s avg=17.48 t/s 5.321s
0824 01:53:41 ds4-server: chat ctx=0..131:131 prefill chunk 94/131 (71.8%) chunk=17.33 t/s avg=17.48 t/s 5.379s
0824 01:53:41 ds4-server: chat ctx=0..131:131 prefill chunk 95/131 (72.5%) chunk=18.84 t/s avg=17.49 t/s 5.432s
0824 01:53:41 ds4-server: chat ctx=0..131:131 prefill chunk 96/131 (73.3%) chunk=18.15 t/s avg=17.50 t/s 5.487s
0824 01:53:41 ds4-server: chat ctx=0..131:131 prefill chunk 97/131 (74.0%) chunk=17.36 t/s avg=17.50 t/s 5.544s
0824 01:53:41 ds4-server: chat ctx=0..131:131 prefill chunk 98/131 (74.8%) chunk=18.89 t/s avg=17.51 t/s 5.597s
0824 01:53:41 ds4-server: chat ctx=0..131:131 prefill chunk 99/131 (75.6%) chunk=18.24 t/s avg=17.52 t/s 5.652s
0824 01:53:41 ds4-server: chat ctx=0..131:131 prefill chunk 100/131 (76.3%) chunk=17.27 t/s avg=17.51 t/s 5.710s
0824 01:53:41 ds4-server: chat ctx=0..131:131 prefill chunk 101/131 (77.1%) chunk=17.60 t/s avg=17.51 t/s 5.767s
0824 01:53:41 ds4-server: chat ctx=0..131:131 prefill chunk 102/131 (77.9%) chunk=17.68 t/s avg=17.52 t/s 5.823s
0824 01:53:41 ds4-server: chat ctx=0..131:131 prefill chunk 103/131 (78.6%) chunk=16.83 t/s avg=17.51 t/s 5.883s
0824 01:53:41 ds4-server: chat ctx=0..131:131 prefill chunk 104/131 (79.4%) chunk=17.41 t/s avg=17.51 t/s 5.940s
0824 01:53:41 ds4-server: chat ctx=0..131:131 prefill chunk 105/131 (80.2%) chunk=17.65 t/s avg=17.51 t/s 5.997s
0824 01:53:41 ds4-server: chat ctx=0..131:131 prefill chunk 106/131 (80.9%) chunk=17.38 t/s avg=17.51 t/s 6.054s
0824 01:53:41 ds4-server: chat ctx=0..131:131 prefill chunk 107/131 (81.7%) chunk=16.92 t/s avg=17.50 t/s 6.114s
0824 01:53:41 ds4-server: chat ctx=0..131:131 prefill chunk 108/131 (82.4%) chunk=17.36 t/s avg=17.50 t/s 6.171s
0824 01:53:42 ds4-server: chat ctx=0..131:131 prefill chunk 109/131 (83.2%) chunk=18.38 t/s avg=17.51 t/s 6.226s
0824 01:53:42 ds4-server: chat ctx=0..131:131 prefill chunk 110/131 (84.0%) chunk=17.71 t/s avg=17.51 t/s 6.282s
0824 01:53:42 ds4-server: chat ctx=0..131:131 prefill chunk 111/131 (84.7%) chunk=17.24 t/s avg=17.51 t/s 6.340s
0824 01:53:42 ds4-server: chat ctx=0..131:131 prefill chunk 112/131 (85.5%) chunk=18.64 t/s avg=17.52 t/s 6.394s
0824 01:53:42 ds4-server: chat ctx=0..131:131 prefill chunk 113/131 (86.3%) chunk=17.46 t/s avg=17.52 t/s 6.451s
0824 01:53:42 ds4-server: chat ctx=0..131:131 prefill chunk 114/131 (87.0%) chunk=16.90 t/s avg=17.51 t/s 6.510s
0824 01:53:42 ds4-server: chat ctx=0..131:131 prefill chunk 115/131 (87.8%) chunk=19.01 t/s avg=17.52 t/s 6.563s
0824 01:53:42 ds4-server: chat ctx=0..131:131 prefill chunk 116/131 (88.5%) chunk=17.59 t/s avg=17.52 t/s 6.620s
0824 01:53:42 ds4-server: chat ctx=0..131:131 prefill chunk 117/131 (89.3%) chunk=17.15 t/s avg=17.52 t/s 6.678s
0824 01:53:42 ds4-server: chat ctx=0..131:131 prefill chunk 118/131 (90.1%) chunk=18.69 t/s avg=17.53 t/s 6.731s
0824 01:53:42 ds4-server: chat ctx=0..131:131 prefill chunk 119/131 (90.8%) chunk=17.44 t/s avg=17.53 t/s 6.789s
0824 01:53:42 ds4-server: chat ctx=0..131:131 prefill chunk 120/131 (91.6%) chunk=17.19 t/s avg=17.53 t/s 6.847s
0824 01:53:42 ds4-server: chat ctx=0..131:131 prefill chunk 121/131 (92.4%) chunk=18.16 t/s avg=17.53 t/s 6.902s
0824 01:53:42 ds4-server: chat ctx=0..131:131 prefill chunk 122/131 (93.1%) chunk=17.58 t/s avg=17.53 t/s 6.959s
0824 01:53:42 ds4-server: chat ctx=0..131:131 prefill chunk 123/131 (93.9%) chunk=18.56 t/s avg=17.54 t/s 7.013s
0824 01:53:42 ds4-server: chat ctx=0..131:131 prefill chunk 124/131 (94.7%) chunk=19.04 t/s avg=17.55 t/s 7.065s
0824 01:53:42 ds4-server: chat ctx=0..131:131 prefill chunk 125/131 (95.4%) chunk=19.05 t/s avg=17.56 t/s 7.118s
0824 01:53:42 ds4-server: chat ctx=0..131:131 prefill chunk 126/131 (96.2%) chunk=18.29 t/s avg=17.57 t/s 7.172s
0824 01:53:43 ds4-server: chat ctx=0..131:131 prefill chunk 127/131 (96.9%) chunk=19.03 t/s avg=17.58 t/s 7.225s
0824 01:53:43 ds4-server: chat ctx=0..131:131 prefill chunk 128/131 (97.7%) chunk=18.88 t/s avg=17.59 t/s 7.278s
0824 01:53:43 ds4-server: chat ctx=0..131:131 prefill chunk 129/131 (98.5%) chunk=18.65 t/s avg=17.60 t/s 7.332s
0824 01:53:43 ds4-server: chat ctx=0..131:131 prefill chunk 130/131 (99.2%) chunk=19.47 t/s avg=17.61 t/s 7.383s
0824 01:53:43 ds4-server: chat ctx=0..131:131 prefill chunk 131/131 (100.0%) chunk=20.42 t/s avg=17.63 t/s 7.432s
0824 01:53:43 ds4-server: chat ctx=0..131:131 prompt done 7.432s
0824 01:53:45 ds4-server: chat ctx=131..181:50 gen=50 THINKING decoding chunk=18.32 t/s avg=18.32 t/s 2.729s
ds4: qwen35moe experts/token avg over 128 tokens: 0:14.6 1:15.4 2:15.3 3:15.9 4:15.5 5:16.1 6:16.0 7:16.5 8:17.5 9:17.4 10:15.1 11:15.0 12:16.9 13:15.4 14:15.5 15:15.8 16:16.1 17:15.4 18:16.1 19:15.9 20:17.1 21:18.0 22:15.7 23:15.9 24:17.2 25:15.9 26:16.5 27:16.8 28:15.9 29:16.2 30:17.0 31:17.2 32:16.9 33:17.3 34:17.3 35:18.2 36:19.0 37:19.1 38:19.5 39:19.1 | mean 16.6
0824 01:53:48 ds4-server: chat ctx=181..231:50 gen=100 THINKING decoding chunk=17.76 t/s avg=18.03 t/s 5.545s
0824 01:53:51 ds4-server: chat ctx=231..281:50 gen=150 THINKING decoding chunk=18.27 t/s avg=18.11 t/s 8.282s
0824 01:53:54 ds4-server: chat ctx=281..331:50 gen=200 THINKING decoding chunk=17.56 t/s avg=17.97 t/s 11.129s
ds4: qwen35moe experts/token avg over 128 tokens: 0:14.7 1:14.9 2:15.1 3:16.8 4:15.9 5:16.4 6:15.9 7:16.9 8:18.3 9:18.2 10:16.0 11:15.3 12:16.6 13:15.4 14:15.5 15:15.1 16:16.1 17:15.7 18:15.5 19:15.5 20:17.2 21:17.8 22:15.2 23:16.3 24:16.4 25:15.7 26:16.0 27:15.9 28:16.3 29:16.4 30:16.1 31:16.1 32:15.9 33:16.2 34:16.7 35:17.6 36:18.3 37:18.6 38:18.8 39:18.3 | mean 16.4
0824 01:53:57 ds4-server: chat ctx=331..381:50 gen=250 THINKING decoding chunk=17.78 t/s avg=17.93 t/s 13.941s
0824 01:53:59 ds4-server: chat ctx=381..431:50 gen=300 THINKING decoding chunk=18.05 t/s avg=17.95 t/s 16.711s
ds4: qwen35moe experts/token avg over 128 tokens: 0:14.7 1:15.3 2:15.3 3:16.3 4:16.1 5:15.9 6:15.3 7:16.8 8:17.5 9:17.5 10:14.8 11:14.7 12:16.6 13:15.1 14:15.3 15:15.0 16:16.1 17:15.4 18:15.3 19:15.5 20:16.4 21:17.5 22:15.0 23:15.7 24:16.4 25:15.7 26:15.7 27:15.2 28:15.2 29:15.5 30:15.8 31:15.7 32:15.8 33:15.3 34:16.0 35:17.8 36:18.1 37:17.8 38:18.6 39:17.9 | mean 16.0
0824 01:54:02 ds4-server: chat ctx=431..481:50 gen=350 THINKING decoding chunk=17.31 t/s avg=17.86 t/s 19.599s
0824 01:54:05 ds4-server: chat ctx=481..531:50 gen=400 THINKING decoding chunk=17.19 t/s avg=17.77 t/s 22.508s
0824 01:54:08 ds4-server: chat ctx=531..581:50 gen=450 THINKING decoding chunk=17.34 t/s avg=17.72 t/s 25.391s
ds4: qwen35moe experts/token avg over 128 tokens: 0:14.8 1:15.7 2:15.6 3:16.3 4:16.2 5:16.2 6:16.1 7:17.1 8:17.9 9:17.5 10:15.6 11:15.4 12:16.8 13:15.2 14:16.4 15:16.1 16:16.6 17:15.7 18:16.2 19:15.5 20:17.2 21:17.7 22:15.4 23:16.0 24:16.6 25:16.3 26:16.9 27:16.1 28:16.4 29:17.1 30:16.7 31:16.8 32:16.8 33:16.3 34:16.7 35:17.7 36:18.0 37:17.6 38:18.9 39:18.0 | mean 16.5
0824 01:54:11 ds4-server: chat ctx=581..631:50 gen=500 THINKING decoding chunk=16.80 t/s avg=17.63 t/s 28.367s
0824 01:54:14 ds4-server: chat ctx=631..681:50 gen=550 THINKING decoding chunk=16.92 t/s avg=17.56 t/s 31.322s
ds4: qwen35moe experts/token avg over 128 tokens: 0:15.3 1:15.4 2:16.1 3:17.2 4:16.7 5:17.2 6:16.8 7:17.8 8:18.0 9:17.8 10:16.2 11:15.8 12:16.8 13:15.6 14:16.8 15:16.3 16:17.1 17:16.4 18:17.3 19:16.4 20:17.7 21:18.0 22:16.3 23:16.4 24:17.0 25:16.8 26:17.5 27:17.0 28:16.8 29:17.1 30:17.4 31:17.5 32:17.0 33:17.1 34:17.5 35:18.0 36:17.8 37:18.4 38:19.0 39:18.3 | mean 17.0
0824 01:54:17 ds4-server: chat ctx=681..731:50 gen=600 THINKING decoding chunk=17.28 t/s avg=17.54 t/s 34.217s
0824 01:54:20 ds4-server: chat ctx=731..781:50 gen=650 THINKING decoding chunk=16.89 t/s avg=17.48 t/s 37.177s
0824 01:54:23 ds4-server: chat ctx=781..831:50 gen=700 THINKING decoding chunk=16.69 t/s avg=17.42 t/s 40.173s
ds4: qwen35moe experts/token avg over 128 tokens: 0:15.0 1:15.4 2:15.3 3:16.6 4:16.4 5:16.1 6:16.7 7:17.8 8:18.3 9:18.1 10:16.6 11:15.7 12:16.9 13:16.3 14:16.9 15:16.3 16:17.1 17:16.3 18:16.1 19:16.5 20:17.9 21:18.1 22:15.7 23:16.0 24:16.3 25:16.6 26:16.6 27:15.9 28:15.8 29:15.7 30:16.6 31:16.3 32:16.2 33:15.5 34:16.1 35:18.1 36:18.1 37:18.0 38:18.5 39:17.2 | mean 16.6
0824 01:54:26 ds4-server: chat ctx=831..881:50 gen=750 THINKING decoding chunk=16.96 t/s avg=17.39 t/s 43.122s
0824 01:54:29 ds4-server: chat ctx=881..931:50 gen=800 THINKING decoding chunk=17.27 t/s avg=17.39 t/s 46.016s
ds4: qwen35moe experts/token avg over 128 tokens: 0:14.3 1:14.8 2:14.4 3:15.8 4:16.0 5:15.3 6:15.2 7:15.5 8:16.8 9:16.8 10:14.4 11:14.9 12:15.7 13:14.2 14:15.2 15:14.8 16:15.5 17:14.8 18:15.2 19:15.3 20:15.6 21:16.0 22:14.7 23:15.6 24:15.4 25:14.9 26:15.6 27:15.2 28:15.2 29:15.3 30:14.9 31:15.9 32:15.2 33:15.0 34:14.7 35:16.3 36:16.8 37:17.1 38:17.8 39:16.9 | mean 15.5
0824 01:54:32 ds4-server: chat ctx=931..981:50 gen=850 THINKING decoding chunk=16.69 t/s avg=17.34 t/s 49.012s
0824 01:54:35 ds4-server: chat ctx=981..1031:50 gen=900 THINKING decoding chunk=16.00 t/s avg=17.26 t/s 52.136s
0824 01:54:38 ds4-server: chat ctx=1031..1081:50 gen=950 THINKING decoding chunk=16.22 t/s avg=17.20 t/s 55.219s
ds4: qwen35moe experts/token avg over 128 tokens: 0:15.2 1:15.8 2:16.2 3:17.5 4:16.8 5:17.4 6:17.3 7:17.9 8:18.5 9:18.1 10:16.9 11:16.5 12:17.6 13:16.7 14:17.6 15:17.1 16:17.4 17:16.8 18:17.0 19:17.0 20:17.9 21:17.6 22:16.6 23:17.0 24:17.2 25:17.5 26:17.0 27:16.6 28:17.1 29:17.2 30:17.8 31:17.6 32:17.2 33:17.8 34:18.0 35:18.4 36:18.5 37:18.9 38:19.5 39:18.8 | mean 17.4
0824 01:54:41 ds4-server: chat ctx=1081..1131:50 gen=1000 THINKING decoding chunk=16.50 t/s avg=17.17 t/s 58.249s
0824 01:54:44 ds4-server: chat ctx=1131..1181:50 gen=1050 THINKING decoding chunk=15.78 t/s avg=17.10 t/s 61.417s
ds4: qwen35moe experts/token avg over 128 tokens: 0:14.7 1:15.4 2:15.7 3:16.5 4:16.7 5:16.9 6:16.9 7:17.4 8:18.3 9:17.9 10:16.4 11:16.1 12:17.7 13:16.4 14:16.9 15:16.6 16:17.1 17:16.6 18:16.7 19:16.8 20:17.7 21:18.2 22:16.7 23:16.7 24:17.1 25:16.6 26:17.2 27:16.8 28:16.8 29:16.7 30:17.2 31:17.2 32:16.8 33:16.7 34:17.3 35:18.1 36:18.1 37:18.6 38:18.9 39:18.3 | mean 17.0
0824 01:54:47 ds4-server: chat ctx=1181..1231:50 gen=1100 THINKING decoding chunk=16.19 t/s avg=17.05 t/s 64.505s
0824 01:54:50 ds4-server: chat ctx=1231..1281:50 gen=1150 THINKING decoding chunk=15.80 t/s avg=16.99 t/s 67.669s
0824 01:54:53 ds4-server: chat ctx=1281..1331:50 gen=1200 THINKING decoding chunk=16.37 t/s avg=16.97 t/s 70.723s
ds4: qwen35moe experts/token avg over 128 tokens: 0:14.7 1:15.5 2:14.9 3:16.5 4:16.5 5:16.4 6:16.6 7:17.2 8:17.8 9:17.1 10:15.9 11:15.6 12:16.7 13:15.9 14:16.4 15:15.7 16:16.4 17:15.9 18:15.9 19:15.4 20:16.9 21:17.8 22:15.8 23:15.5 24:16.7 25:16.1 26:16.2 27:15.4 28:15.9 29:16.0 30:16.2 31:16.5 32:16.1 33:16.0 34:16.4 35:17.6 36:17.8 37:18.2 38:18.7 39:18.1 | mean 16.4
0824 01:54:57 ds4-server: chat ctx=1331..1381:50 gen=1250 THINKING decoding chunk=15.81 t/s avg=16.92 t/s 73.886s
0824 01:55:00 ds4-server: chat ctx=1381..1431:50 gen=1300 THINKING decoding chunk=15.29 t/s avg=16.85 t/s 77.155s
0824 01:55:03 ds4-server: chat ctx=1431..1481:50 gen=1350 THINKING decoding chunk=15.55 t/s avg=16.80 t/s 80.370s
ds4: qwen35moe experts/token avg over 128 tokens: 0:15.6 1:16.1 2:16.8 3:18.3 4:17.9 5:18.2 6:18.4 7:18.6 8:19.1 9:18.4 10:17.6 11:17.3 12:18.3 13:18.0 14:18.6 15:18.1 16:18.4 17:17.7 18:17.8 19:17.9 20:18.7 21:18.7 22:17.5 23:17.5 24:18.3 25:17.9 26:17.7 27:17.2 28:17.7 29:18.0 30:18.4 31:18.7 32:18.1 33:18.3 34:18.7 35:19.3 36:19.3 37:19.4 38:19.7 39:19.5 | mean 18.1
0824 01:55:06 ds4-server: chat ctx=1481..1531:50 gen=1400 THINKING decoding chunk=15.71 t/s avg=16.76 t/s 83.552s
0824 01:55:10 ds4-server: chat ctx=1531..1581:50 gen=1450 THINKING decoding chunk=15.45 t/s avg=16.71 t/s 86.790s
ds4: qwen35moe experts/token avg over 128 tokens: 0:15.7 1:17.2 2:16.9 3:17.1 4:16.7 5:17.2 6:17.2 7:18.0 8:18.6 9:18.1 10:16.3 11:16.2 12:17.5 13:16.9 14:17.3 15:16.7 16:17.1 17:16.5 18:16.6 19:16.2 20:18.7 21:17.9 22:15.8 23:16.5 24:17.5 25:17.2 26:17.3 27:16.8 28:16.7 29:17.0 30:17.9 31:17.5 32:17.7 33:17.3 34:17.5 35:18.5 36:18.9 37:18.8 38:19.3 39:18.9 | mean 17.3
0824 01:55:13 ds4-server: chat ctx=1581..1631:50 gen=1500 THINKING decoding chunk=15.04 t/s avg=16.65 t/s 90.114s
0824 01:55:16 ds4-server: chat ctx=1631..1681:50 gen=1550 THINKING decoding chunk=15.31 t/s avg=16.60 t/s 93.379s
0824 01:55:19 ds4-server: chat ctx=1681..1731:50 gen=1600 THINKING decoding chunk=15.34 t/s avg=16.56 t/s 96.638s
ds4: qwen35moe experts/token avg over 128 tokens: 0:15.4 1:17.4 2:16.5 3:16.9 4:17.0 5:17.3 6:17.5 7:17.6 8:18.7 9:18.1 10:17.3 11:16.4 12:17.4 13:17.4 14:17.8 15:16.8 16:17.5 17:17.1 18:16.6 19:16.7 20:17.6 21:18.0 22:16.5 23:16.4 24:16.8 25:16.8 26:16.8 27:16.1 28:16.5 29:17.1 30:17.3 31:17.7 32:17.3 33:17.2 34:17.0 35:18.2 36:18.4 37:18.2 38:19.0 39:17.8 | mean 17.3
0824 01:55:23 ds4-server: chat ctx=1731..1781:50 gen=1650 THINKING decoding chunk=15.41 t/s avg=16.52 t/s 99.882s
0824 01:55:26 ds4-server: chat ctx=1781..1831:50 gen=1700 THINKING decoding chunk=15.15 t/s avg=16.48 t/s 103.183s
ds4: qwen35moe experts/token avg over 128 tokens: 0:15.3 1:16.1 2:16.1 3:17.4 4:17.0 5:17.5 6:17.2 7:17.8 8:18.9 9:18.3 10:16.6 11:16.5 12:17.5 13:16.4 14:17.5 15:16.7 16:17.3 17:16.6 18:16.1 19:16.9 20:18.0 21:17.9 22:15.5 23:16.0 24:16.5 25:16.4 26:16.7 27:16.0 28:16.5 29:16.7 30:17.2 31:17.0 32:17.3 33:17.0 34:17.4 35:18.7 36:18.9 37:18.6 38:19.2 39:18.6 | mean 17.1
0824 01:55:29 ds4-server: chat ctx=1831..1881:50 gen=1750 THINKING decoding chunk=15.10 t/s avg=16.43 t/s 106.495s
0824 01:55:33 ds4-server: chat ctx=1881..1931:50 gen=1800 THINKING decoding chunk=14.96 t/s avg=16.39 t/s 109.838s
0824 01:55:36 ds4-server: chat ctx=1931..1981:50 gen=1850 THINKING decoding chunk=14.90 t/s avg=16.34 t/s 113.193s
ds4: qwen35moe experts/token avg over 128 tokens: 0:15.3 1:16.6 2:15.4 3:17.1 4:17.3 5:17.4 6:17.6 7:18.0 8:18.6 9:18.3 10:17.2 11:16.5 12:17.2 13:17.1 14:17.5 15:17.1 16:18.5 17:16.3 18:16.4 19:16.4 20:17.7 21:18.3 22:15.8 23:16.3 24:16.4 25:16.8 26:17.0 27:16.2 28:17.0 29:17.1 30:17.6 31:16.9 32:17.5 33:17.1 34:17.3 35:18.2 36:18.8 37:18.6 38:19.2 39:18.3 | mean 17.3
0824 01:55:39 ds4-server: chat ctx=1981..2031:50 gen=1900 THINKING decoding chunk=14.94 t/s avg=16.30 t/s 116.540s
0824 01:55:43 ds4-server: chat ctx=2031..2081:50 gen=1950 THINKING decoding chunk=14.64 t/s avg=16.26 t/s 119.956s
ds4: qwen35moe experts/token avg over 128 tokens: 0:15.0 1:15.5 2:15.9 3:16.8 4:16.9 5:16.8 6:16.8 7:17.5 8:17.9 9:17.8 10:16.2 11:16.2 12:17.2 13:16.8 14:17.1 15:16.8 16:17.1 17:16.2 18:16.1 19:16.5 20:17.1 21:17.3 22:16.0 23:16.2 24:16.8 25:16.3 26:16.7 27:16.1 28:16.2 29:16.4 30:16.8 31:17.2 32:16.7 33:17.0 34:16.8 35:17.7 36:18.0 37:18.5 38:18.9 39:18.2 | mean 16.9
0824 01:55:46 ds4-server: chat ctx=2081..2131:50 gen=2000 THINKING decoding chunk=15.28 t/s avg=16.23 t/s 123.229s
0824 01:55:49 ds4-server: chat ctx=2131..2181:50 gen=2050 THINKING decoding chunk=14.29 t/s avg=16.18 t/s 126.727s
0824 01:55:53 ds4-server: chat ctx=2181..2231:50 gen=2100 THINKING decoding chunk=15.03 t/s avg=16.15 t/s 130.053s
ds4: qwen35moe experts/token avg over 128 tokens: 0:15.2 1:15.4 2:15.9 3:17.0 4:17.5 5:17.2 6:17.0 7:17.7 8:18.2 9:17.6 10:16.3 11:16.3 12:17.1 13:16.6 14:17.4 15:16.7 16:17.7 17:16.9 18:17.2 19:16.9 20:17.8 21:16.9 22:16.4 23:16.9 24:17.5 25:17.0 26:17.0 27:16.6 28:17.0 29:17.2 30:17.1 31:17.3 32:17.4 33:16.9 34:17.0 35:17.5 36:17.9 37:17.9 38:18.7 39:17.9 | mean 17.1
0824 01:55:56 ds4-server: chat ctx=2231..2281:50 gen=2150 THINKING decoding chunk=14.84 t/s avg=16.11 t/s 133.423s
0824 01:56:00 ds4-server: chat ctx=2281..2331:50 gen=2200 THINKING decoding chunk=14.23 t/s avg=16.07 t/s 136.937s
0824 01:56:03 ds4-server: chat ctx=2331..2381:50 gen=2250 THINKING decoding chunk=14.52 t/s avg=16.03 t/s 140.382s
ds4: qwen35moe experts/token avg over 128 tokens: 0:14.9 1:16.3 2:15.9 3:16.9 4:17.1 5:17.4 6:17.1 7:17.8 8:18.2 9:17.8 10:17.1 11:16.7 12:17.7 13:17.6 14:17.8 15:17.8 16:17.9 17:17.7 18:17.6 19:17.6 20:18.2 21:18.5 22:17.0 23:16.9 24:18.0 25:17.5 26:17.6 27:17.2 28:17.0 29:17.2 30:17.3 31:17.9 32:17.5 33:17.3 34:17.4 35:18.6 36:18.9 37:18.5 38:19.1 39:18.6 | mean 17.5
0824 01:56:07 ds4-server: chat ctx=2381..2431:50 gen=2300 THINKING decoding chunk=14.17 t/s avg=15.98 t/s 143.909s
0824 01:56:10 ds4-server: chat ctx=2431..2481:50 gen=2350 THINKING decoding chunk=14.65 t/s avg=15.95 t/s 147.323s
ds4: qwen35moe experts/token avg over 128 tokens: 0:15.1 1:15.5 2:15.5 3:16.7 4:16.6 5:16.8 6:16.6 7:16.7 8:17.7 9:17.1 10:15.9 11:15.9 12:16.7 13:16.1 14:17.1 15:17.2 16:16.9 17:16.8 18:16.7 19:16.9 20:17.0 21:17.6 22:16.3 23:16.3 24:16.6 25:16.2 26:16.7 27:16.6 28:16.1 29:17.2 30:16.5 31:17.1 32:16.9 33:16.9 34:16.9 35:17.5 36:18.0 37:18.1 38:18.5 39:18.3 | mean 16.8
0824 01:56:13 ds4-server: chat ctx=2481..2531:50 gen=2400 THINKING decoding chunk=14.56 t/s avg=15.92 t/s 150.757s
0824 01:56:17 ds4-server: chat ctx=2531..2581:50 gen=2450 THINKING decoding chunk=14.51 t/s avg=15.89 t/s 154.202s
0824 01:56:21 ds4-server: chat ctx=2581..2631:50 gen=2500 THINKING decoding chunk=13.76 t/s avg=15.84 t/s 157.836s
ds4: qwen35moe experts/token avg over 128 tokens: 0:15.5 1:15.7 2:16.2 3:17.1 4:17.3 5:17.4 6:17.4 7:17.5 8:18.4 9:18.4 10:16.4 11:16.3 12:17.5 13:16.9 14:17.5 15:17.3 16:17.7 17:17.3 18:16.6 19:17.0 20:17.9 21:18.2 22:16.2 23:17.0 24:17.0 25:17.1 26:17.2 27:17.2 28:16.9 29:17.5 30:16.9 31:17.6 32:17.0 33:17.2 34:17.2 35:17.5 36:18.2 37:18.6 38:18.8 39:18.0 | mean 17.3
0824 01:56:24 ds4-server: chat ctx=2631..2681:50 gen=2550 THINKING decoding chunk=14.39 t/s avg=15.81 t/s 161.310s
0824 01:56:28 ds4-server: chat ctx=2681..2731:50 gen=2600 THINKING decoding chunk=14.20 t/s avg=15.77 t/s 164.831s
ds4: qwen35moe experts/token avg over 128 tokens: 0:15.4 1:15.9 2:15.6 3:17.3 4:17.1 5:17.2 6:16.9 7:17.3 8:18.2 9:17.2 10:16.4 11:16.2 12:17.1 13:16.6 14:17.1 15:16.8 16:17.3 17:16.9 18:16.8 19:16.9 20:17.3 21:17.9 22:16.6 23:16.5 24:17.1 25:16.7 26:16.9 27:16.5 28:16.7 29:17.2 30:16.9 31:17.7 32:16.6 33:16.6 34:16.6 35:17.6 36:17.9 37:18.2 38:18.9 39:18.0 | mean 17.0
0824 01:56:31 ds4-server: chat ctx=2731..2781:50 gen=2650 THINKING decoding chunk=13.60 t/s avg=15.73 t/s 168.508s
0824 01:56:35 ds4-server: chat ctx=2781..2831:50 gen=2700 THINKING decoding chunk=14.39 t/s avg=15.70 t/s 171.982s
0824 01:56:38 ds4-server: chat ctx=2831..2881:50 gen=2750 decoding chunk=13.83 t/s avg=15.66 t/s 175.598s
ds4: qwen35moe experts/token avg over 128 tokens: 0:15.3 1:15.7 2:16.2 3:17.1 4:16.8 5:16.8 6:17.0 7:16.9 8:17.8 9:17.0 10:16.4 11:16.5 12:17.4 13:16.7 14:17.4 15:17.2 16:17.1 17:17.4 18:17.2 19:17.0 20:17.6 21:17.3 22:16.9 23:16.2 24:17.0 25:17.2 26:17.3 27:16.4 28:16.9 29:17.6 30:17.0 31:17.6 32:16.6 33:16.5 34:16.6 35:17.6 36:17.9 37:17.9 38:18.3 39:17.9 | mean 17.0
0824 01:56:41 ds4-server: chat ctx=2881..2920:39 gen=2789 decoding chunk=13.39 t/s avg=15.62 t/s 178.511s
0824 01:56:41 ds4-server: thinking live checkpoint remembered ctx=0..131:131 live=2920 visible=780
0824 01:56:41 ds4-server: chat ctx=0..131:131 gen=2789 finish=stop 185.943s
0824 01:56:44 ds4-server: live kv cache miss live=2920 prompt=151 common=37 reason=token-mismatch
0824 01:56:44 ds4-server: chat ctx=0..151:151 prompt start
0824 01:56:44 ds4-server: chat ctx=0..151:151 prefill chunk 1/151 (0.7%) chunk=0.00 t/s avg=3.04 t/s 0.329s
0824 01:56:44 ds4-server: chat ctx=0..151:151 prefill chunk 2/151 (1.3%) chunk=19.74 t/s avg=5.27 t/s 0.380s
0824 01:56:44 ds4-server: chat ctx=0..151:151 prefill chunk 3/151 (2.0%) chunk=19.52 t/s avg=6.96 t/s 0.431s
0824 01:56:44 ds4-server: chat ctx=0..151:151 prefill chunk 4/151 (2.6%) chunk=19.09 t/s avg=8.28 t/s 0.483s
0824 01:56:44 ds4-server: chat ctx=0..151:151 prefill chunk 5/151 (3.3%) chunk=19.23 t/s avg=9.34 t/s 0.535s
0824 01:56:44 ds4-server: chat ctx=0..151:151 prefill chunk 6/151 (4.0%) chunk=19.27 t/s avg=10.22 t/s 0.587s
0824 01:56:44 ds4-server: chat ctx=0..151:151 prefill chunk 7/151 (4.6%) chunk=19.18 t/s avg=10.95 t/s 0.639s
0824 01:56:44 ds4-server: chat ctx=0..151:151 prefill chunk 8/151 (5.3%) chunk=18.52 t/s avg=11.54 t/s 0.693s
0824 01:56:44 ds4-server: chat ctx=0..151:151 prefill chunk 9/151 (6.0%) chunk=19.37 t/s avg=12.08 t/s 0.745s
0824 01:56:44 ds4-server: chat ctx=0..151:151 prefill chunk 10/151 (6.6%) chunk=19.06 t/s avg=12.54 t/s 0.797s
0824 01:56:44 ds4-server: chat ctx=0..151:151 prefill chunk 11/151 (7.3%) chunk=18.72 t/s avg=12.93 t/s 0.851s
0824 01:56:45 ds4-server: chat ctx=0..151:151 prefill chunk 12/151 (7.9%) chunk=19.43 t/s avg=13.30 t/s 0.902s
0824 01:56:45 ds4-server: chat ctx=0..151:151 prefill chunk 13/151 (8.6%) chunk=18.56 t/s avg=13.60 t/s 0.956s
0824 01:56:45 ds4-server: chat ctx=0..151:151 prefill chunk 14/151 (9.3%) chunk=19.52 t/s avg=13.90 t/s 1.007s
0824 01:56:45 ds4-server: chat ctx=0..151:151 prefill chunk 15/151 (9.9%) chunk=18.95 t/s avg=14.15 t/s 1.060s
0824 01:56:45 ds4-server: chat ctx=0..151:151 prefill chunk 16/151 (10.6%) chunk=19.13 t/s avg=14.39 t/s 1.112s
0824 01:56:45 ds4-server: chat ctx=0..151:151 prefill chunk 17/151 (11.3%) chunk=18.42 t/s avg=14.57 t/s 1.167s
0824 01:56:45 ds4-server: chat ctx=0..151:151 prefill chunk 18/151 (11.9%) chunk=18.28 t/s avg=14.74 t/s 1.221s
0824 01:56:45 ds4-server: chat ctx=0..151:151 prefill chunk 19/151 (12.6%) chunk=19.65 t/s avg=14.94 t/s 1.272s
0824 01:56:45 ds4-server: chat ctx=0..151:151 prefill chunk 20/151 (13.2%) chunk=18.52 t/s avg=15.08 t/s 1.326s
0824 01:56:45 ds4-server: chat ctx=0..151:151 prefill chunk 21/151 (13.9%) chunk=19.34 t/s avg=15.24 t/s 1.378s
0824 01:56:45 ds4-server: chat ctx=0..151:151 prefill chunk 22/151 (14.6%) chunk=18.33 t/s avg=15.36 t/s 1.432s
0824 01:56:45 ds4-server: chat ctx=0..151:151 prefill chunk 23/151 (15.2%) chunk=19.03 t/s avg=15.49 t/s 1.485s
0824 01:56:45 ds4-server: chat ctx=0..151:151 prefill chunk 24/151 (15.9%) chunk=19.69 t/s avg=15.63 t/s 1.536s
0824 01:56:45 ds4-server: chat ctx=0..151:151 prefill chunk 25/151 (16.6%) chunk=18.38 t/s avg=15.72 t/s 1.590s
0824 01:56:45 ds4-server: chat ctx=0..151:151 prefill chunk 26/151 (17.2%) chunk=19.87 t/s avg=15.85 t/s 1.640s
0824 01:56:45 ds4-server: chat ctx=0..151:151 prefill chunk 27/151 (17.9%) chunk=17.97 t/s avg=15.92 t/s 1.696s
0824 01:56:45 ds4-server: chat ctx=0..151:151 prefill chunk 28/151 (18.5%) chunk=18.01 t/s avg=15.99 t/s 1.752s
0824 01:56:45 ds4-server: chat ctx=0..151:151 prefill chunk 29/151 (19.2%) chunk=18.96 t/s avg=16.07 t/s 1.804s
0824 01:56:45 ds4-server: chat ctx=0..151:151 prefill chunk 30/151 (19.9%) chunk=18.42 t/s avg=16.14 t/s 1.859s
0824 01:56:46 ds4-server: chat ctx=0..151:151 prefill chunk 31/151 (20.5%) chunk=20.18 t/s avg=16.25 t/s 1.908s
0824 01:56:46 ds4-server: chat ctx=0..151:151 prefill chunk 32/151 (21.2%) chunk=18.96 t/s avg=16.32 t/s 1.961s
0824 01:56:46 ds4-server: chat ctx=0..151:151 prefill chunk 33/151 (21.9%) chunk=18.90 t/s avg=16.39 t/s 2.014s
0824 01:56:46 ds4-server: chat ctx=0..151:151 prefill chunk 34/151 (22.5%) chunk=18.58 t/s avg=16.44 t/s 2.068s
0824 01:56:46 ds4-server: chat ctx=0..151:151 prefill chunk 35/151 (23.2%) chunk=18.19 t/s avg=16.49 t/s 2.123s
0824 01:56:46 ds4-server: chat ctx=0..151:151 prefill chunk 36/151 (23.8%) chunk=19.58 t/s avg=16.56 t/s 2.174s
0824 01:56:46 ds4-server: chat ctx=0..151:151 prefill chunk 37/151 (24.5%) chunk=18.66 t/s avg=16.61 t/s 2.227s
0824 01:56:46 ds4-server: chat ctx=0..151:151 prefill chunk 38/151 (25.2%) chunk=19.79 t/s avg=16.68 t/s 2.278s
0824 01:56:46 ds4-server: chat ctx=0..151:151 prefill chunk 39/151 (25.8%) chunk=19.22 t/s avg=16.74 t/s 2.330s
0824 01:56:46 ds4-server: chat ctx=0..151:151 prefill chunk 40/151 (26.5%) chunk=18.57 t/s avg=16.78 t/s 2.384s
0824 01:56:46 ds4-server: chat ctx=0..151:151 prefill chunk 41/151 (27.2%) chunk=19.41 t/s avg=16.84 t/s 2.435s
0824 01:56:46 ds4-server: chat ctx=0..151:151 prefill chunk 42/151 (27.8%) chunk=18.88 t/s avg=16.88 t/s 2.488s
0824 01:56:46 ds4-server: chat ctx=0..151:151 prefill chunk 43/151 (28.5%) chunk=19.60 t/s avg=16.93 t/s 2.539s
0824 01:56:46 ds4-server: chat ctx=0..151:151 prefill chunk 44/151 (29.1%) chunk=18.65 t/s avg=16.97 t/s 2.593s
0824 01:56:46 ds4-server: chat ctx=0..151:151 prefill chunk 45/151 (29.8%) chunk=19.09 t/s avg=17.01 t/s 2.645s
0824 01:56:46 ds4-server: chat ctx=0..151:151 prefill chunk 46/151 (30.5%) chunk=17.61 t/s avg=17.02 t/s 2.702s
0824 01:56:46 ds4-server: chat ctx=0..151:151 prefill chunk 47/151 (31.1%) chunk=18.19 t/s avg=17.05 t/s 2.757s
0824 01:56:46 ds4-server: chat ctx=0..151:151 prefill chunk 48/151 (31.8%) chunk=18.09 t/s avg=17.07 t/s 2.812s
0824 01:56:46 ds4-server: chat ctx=0..151:151 prefill chunk 49/151 (32.5%) chunk=18.25 t/s avg=17.09 t/s 2.867s
0824 01:56:47 ds4-server: chat ctx=0..151:151 prefill chunk 50/151 (33.1%) chunk=18.00 t/s avg=17.11 t/s 2.923s
0824 01:56:47 ds4-server: chat ctx=0..151:151 prefill chunk 51/151 (33.8%) chunk=19.13 t/s avg=17.14 t/s 2.975s
0824 01:56:47 ds4-server: chat ctx=0..151:151 prefill chunk 52/151 (34.4%) chunk=18.48 t/s avg=17.17 t/s 3.029s
0824 01:56:47 ds4-server: chat ctx=0..151:151 prefill chunk 53/151 (35.1%) chunk=18.19 t/s avg=17.19 t/s 3.084s
0824 01:56:47 ds4-server: chat ctx=0..151:151 prefill chunk 54/151 (35.8%) chunk=19.73 t/s avg=17.23 t/s 3.135s
0824 01:56:47 ds4-server: chat ctx=0..151:151 prefill chunk 55/151 (36.4%) chunk=18.83 t/s avg=17.25 t/s 3.188s
0824 01:56:47 ds4-server: chat ctx=0..151:151 prefill chunk 56/151 (37.1%) chunk=19.54 t/s avg=17.29 t/s 3.239s
0824 01:56:47 ds4-server: chat ctx=0..151:151 prefill chunk 57/151 (37.7%) chunk=18.62 t/s avg=17.31 t/s 3.293s
0824 01:56:47 ds4-server: chat ctx=0..151:151 prefill chunk 58/151 (38.4%) chunk=19.52 t/s avg=17.34 t/s 3.344s
0824 01:56:47 ds4-server: chat ctx=0..151:151 prefill chunk 59/151 (39.1%) chunk=18.47 t/s avg=17.36 t/s 3.398s
0824 01:56:47 ds4-server: chat ctx=0..151:151 prefill chunk 60/151 (39.7%) chunk=18.51 t/s avg=17.38 t/s 3.452s
0824 01:56:47 ds4-server: chat ctx=0..151:151 prefill chunk 61/151 (40.4%) chunk=19.33 t/s avg=17.41 t/s 3.504s
0824 01:56:47 ds4-server: chat ctx=0..151:151 prefill chunk 62/151 (41.1%) chunk=18.68 t/s avg=17.43 t/s 3.557s
0824 01:56:47 ds4-server: chat ctx=0..151:151 prefill chunk 63/151 (41.7%) chunk=19.13 t/s avg=17.45 t/s 3.610s
0824 01:56:47 ds4-server: chat ctx=0..151:151 prefill chunk 64/151 (42.4%) chunk=18.60 t/s avg=17.47 t/s 3.663s
0824 01:56:47 ds4-server: chat ctx=0..151:151 prefill chunk 65/151 (43.0%) chunk=18.50 t/s avg=17.49 t/s 3.717s
0824 01:56:47 ds4-server: chat ctx=0..151:151 prefill chunk 66/151 (43.7%) chunk=19.22 t/s avg=17.51 t/s 3.769s
0824 01:56:47 ds4-server: chat ctx=0..151:151 prefill chunk 67/151 (44.4%) chunk=18.36 t/s avg=17.52 t/s 3.824s
0824 01:56:47 ds4-server: chat ctx=0..151:151 prefill chunk 68/151 (45.0%) chunk=19.77 t/s avg=17.55 t/s 3.875s
0824 01:56:48 ds4-server: chat ctx=0..151:151 prefill chunk 69/151 (45.7%) chunk=18.58 t/s avg=17.56 t/s 3.928s
0824 01:56:48 ds4-server: chat ctx=0..151:151 prefill chunk 70/151 (46.4%) chunk=19.09 t/s avg=17.58 t/s 3.981s
0824 01:56:48 ds4-server: chat ctx=0..151:151 prefill chunk 71/151 (47.0%) chunk=19.22 t/s avg=17.61 t/s 4.033s
0824 01:56:48 ds4-server: chat ctx=0..151:151 prefill chunk 72/151 (47.7%) chunk=19.01 t/s avg=17.62 t/s 4.085s
0824 01:56:48 ds4-server: chat ctx=0..151:151 prefill chunk 73/151 (48.3%) chunk=18.83 t/s avg=17.64 t/s 4.138s
0824 01:56:48 ds4-server: chat ctx=0..151:151 prefill chunk 74/151 (49.0%) chunk=18.28 t/s avg=17.65 t/s 4.193s
0824 01:56:48 ds4-server: chat ctx=0..151:151 prefill chunk 75/151 (49.7%) chunk=19.29 t/s avg=17.67 t/s 4.245s
0824 01:56:48 ds4-server: chat ctx=0..151:151 prefill chunk 76/151 (50.3%) chunk=18.77 t/s avg=17.68 t/s 4.298s
0824 01:56:48 ds4-server: chat ctx=0..151:151 prefill chunk 77/151 (51.0%) chunk=18.33 t/s avg=17.69 t/s 4.353s
0824 01:56:48 ds4-server: chat ctx=0..151:151 prefill chunk 78/151 (51.7%) chunk=19.47 t/s avg=17.71 t/s 4.404s
0824 01:56:48 ds4-server: chat ctx=0..151:151 prefill chunk 79/151 (52.3%) chunk=18.40 t/s avg=17.72 t/s 4.459s
0824 01:56:48 ds4-server: chat ctx=0..151:151 prefill chunk 80/151 (53.0%) chunk=19.10 t/s avg=17.73 t/s 4.511s
0824 01:56:48 ds4-server: chat ctx=0..151:151 prefill chunk 81/151 (53.6%) chunk=18.04 t/s avg=17.74 t/s 4.566s
0824 01:56:48 ds4-server: chat ctx=0..151:151 prefill chunk 82/151 (54.3%) chunk=18.25 t/s avg=17.74 t/s 4.621s
0824 01:56:48 ds4-server: chat ctx=0..151:151 prefill chunk 83/151 (55.0%) chunk=19.34 t/s avg=17.76 t/s 4.673s
0824 01:56:48 ds4-server: chat ctx=0..151:151 prefill chunk 84/151 (55.6%) chunk=18.29 t/s avg=17.77 t/s 4.728s
0824 01:56:48 ds4-server: chat ctx=0..151:151 prefill chunk 85/151 (56.3%) chunk=19.34 t/s avg=17.79 t/s 4.779s
0824 01:56:48 ds4-server: chat ctx=0..151:151 prefill chunk 86/151 (57.0%) chunk=15.81 t/s avg=17.76 t/s 4.843s
0824 01:56:49 ds4-server: chat ctx=0..151:151 prefill chunk 87/151 (57.6%) chunk=18.15 t/s avg=17.76 t/s 4.898s
0824 01:56:49 ds4-server: chat ctx=0..151:151 prefill chunk 88/151 (58.3%) chunk=17.92 t/s avg=17.77 t/s 4.953s
0824 01:56:49 ds4-server: chat ctx=0..151:151 prefill chunk 89/151 (58.9%) chunk=18.83 t/s avg=17.78 t/s 5.006s
0824 01:56:49 ds4-server: chat ctx=0..151:151 prefill chunk 90/151 (59.6%) chunk=17.99 t/s avg=17.78 t/s 5.062s
0824 01:56:49 ds4-server: chat ctx=0..151:151 prefill chunk 91/151 (60.3%) chunk=17.81 t/s avg=17.78 t/s 5.118s
0824 01:56:49 ds4-server: chat ctx=0..151:151 prefill chunk 92/151 (60.9%) chunk=19.45 t/s avg=17.80 t/s 5.170s
0824 01:56:49 ds4-server: chat ctx=0..151:151 prefill chunk 93/151 (61.6%) chunk=17.67 t/s avg=17.79 t/s 5.226s
0824 01:56:49 ds4-server: chat ctx=0..151:151 prefill chunk 94/151 (62.3%) chunk=19.11 t/s avg=17.81 t/s 5.279s
0824 01:56:49 ds4-server: chat ctx=0..151:151 prefill chunk 95/151 (62.9%) chunk=18.87 t/s avg=17.82 t/s 5.332s
0824 01:56:49 ds4-server: chat ctx=0..151:151 prefill chunk 96/151 (63.6%) chunk=17.74 t/s avg=17.82 t/s 5.388s
0824 01:56:49 ds4-server: chat ctx=0..151:151 prefill chunk 97/151 (64.2%) chunk=18.83 t/s avg=17.83 t/s 5.441s
0824 01:56:49 ds4-server: chat ctx=0..151:151 prefill chunk 98/151 (64.9%) chunk=18.10 t/s avg=17.83 t/s 5.496s
0824 01:56:49 ds4-server: chat ctx=0..151:151 prefill chunk 99/151 (65.6%) chunk=18.22 t/s avg=17.83 t/s 5.551s
0824 01:56:49 ds4-server: chat ctx=0..151:151 prefill chunk 100/151 (66.2%) chunk=18.44 t/s avg=17.84 t/s 5.605s
0824 01:56:49 ds4-server: chat ctx=0..151:151 prefill chunk 101/151 (66.9%) chunk=18.62 t/s avg=17.85 t/s 5.659s
ds4: qwen35moe experts/token avg over 128 tokens: 0:14.4 1:14.2 2:14.7 3:15.6 4:14.8 5:14.4 6:15.0 7:15.3 8:15.6 9:15.1 10:15.1 11:14.5 12:15.2 13:14.8 14:14.9 15:15.5 16:15.5 17:14.9 18:15.1 19:15.5 20:15.9 21:15.1 22:15.5 23:15.6 24:15.6 25:15.5 26:15.8 27:15.6 28:16.2 29:15.9 30:16.4 31:16.7 32:17.2 33:16.7 34:17.4 35:19.0 36:19.2 37:18.8 38:19.0 39:18.3 | mean 15.9
0824 01:56:49 ds4-server: chat ctx=0..151:151 prefill chunk 102/151 (67.5%) chunk=18.70 t/s avg=17.86 t/s 5.713s
0824 01:56:49 ds4-server: chat ctx=0..151:151 prefill chunk 103/151 (68.2%) chunk=18.31 t/s avg=17.86 t/s 5.767s
0824 01:56:49 ds4-server: chat ctx=0..151:151 prefill chunk 104/151 (68.9%) chunk=17.96 t/s avg=17.86 t/s 5.823s
0824 01:56:49 ds4-server: chat ctx=0..151:151 prefill chunk 105/151 (69.5%) chunk=17.85 t/s avg=17.86 t/s 5.879s
0824 01:56:50 ds4-server: chat ctx=0..151:151 prefill chunk 106/151 (70.2%) chunk=17.33 t/s avg=17.86 t/s 5.937s
0824 01:56:50 ds4-server: chat ctx=0..151:151 prefill chunk 107/151 (70.9%) chunk=17.84 t/s avg=17.86 t/s 5.993s
0824 01:56:50 ds4-server: chat ctx=0..151:151 prefill chunk 108/151 (71.5%) chunk=19.23 t/s avg=17.87 t/s 6.045s
0824 01:56:50 ds4-server: chat ctx=0..151:151 prefill chunk 109/151 (72.2%) chunk=18.06 t/s avg=17.87 t/s 6.100s
0824 01:56:50 ds4-server: chat ctx=0..151:151 prefill chunk 110/151 (72.8%) chunk=18.25 t/s avg=17.87 t/s 6.155s
0824 01:56:50 ds4-server: chat ctx=0..151:151 prefill chunk 111/151 (73.5%) chunk=17.95 t/s avg=17.87 t/s 6.211s
0824 01:56:50 ds4-server: chat ctx=0..151:151 prefill chunk 112/151 (74.2%) chunk=18.10 t/s avg=17.87 t/s 6.266s
0824 01:56:50 ds4-server: chat ctx=0..151:151 prefill chunk 113/151 (74.8%) chunk=17.68 t/s avg=17.87 t/s 6.322s
0824 01:56:50 ds4-server: chat ctx=0..151:151 prefill chunk 114/151 (75.5%) chunk=18.80 t/s avg=17.88 t/s 6.376s
0824 01:56:50 ds4-server: chat ctx=0..151:151 prefill chunk 115/151 (76.2%) chunk=17.74 t/s avg=17.88 t/s 6.432s
0824 01:56:50 ds4-server: chat ctx=0..151:151 prefill chunk 116/151 (76.8%) chunk=17.51 t/s avg=17.88 t/s 6.489s
0824 01:56:50 ds4-server: chat ctx=0..151:151 prefill chunk 117/151 (77.5%) chunk=18.45 t/s avg=17.88 t/s 6.543s
0824 01:56:50 ds4-server: chat ctx=0..151:151 prefill chunk 118/151 (78.1%) chunk=18.23 t/s avg=17.88 t/s 6.598s
0824 01:56:50 ds4-server: chat ctx=0..151:151 prefill chunk 119/151 (78.8%) chunk=18.15 t/s avg=17.89 t/s 6.653s
0824 01:56:50 ds4-server: chat ctx=0..151:151 prefill chunk 120/151 (79.5%) chunk=19.00 t/s avg=17.89 t/s 6.706s
0824 01:56:50 ds4-server: chat ctx=0..151:151 prefill chunk 121/151 (80.1%) chunk=18.06 t/s avg=17.90 t/s 6.761s
0824 01:56:50 ds4-server: chat ctx=0..151:151 prefill chunk 122/151 (80.8%) chunk=18.45 t/s avg=17.90 t/s 6.815s
0824 01:56:50 ds4-server: chat ctx=0..151:151 prefill chunk 123/151 (81.5%) chunk=18.29 t/s avg=17.90 t/s 6.870s
0824 01:56:51 ds4-server: chat ctx=0..151:151 prefill chunk 124/151 (82.1%) chunk=18.43 t/s avg=17.91 t/s 6.924s
0824 01:56:51 ds4-server: chat ctx=0..151:151 prefill chunk 125/151 (82.8%) chunk=18.76 t/s avg=17.91 t/s 6.978s
0824 01:56:51 ds4-server: chat ctx=0..151:151 prefill chunk 126/151 (83.4%) chunk=17.85 t/s avg=17.91 t/s 7.034s
0824 01:56:51 ds4-server: chat ctx=0..151:151 prefill chunk 127/151 (84.1%) chunk=17.91 t/s avg=17.91 t/s 7.089s
0824 01:56:51 ds4-server: chat ctx=0..151:151 prefill chunk 128/151 (84.8%) chunk=17.73 t/s avg=17.91 t/s 7.146s
0824 01:56:51 ds4-server: chat ctx=0..151:151 prefill chunk 129/151 (85.4%) chunk=17.79 t/s avg=17.91 t/s 7.202s
0824 01:56:51 ds4-server: chat ctx=0..151:151 prefill chunk 130/151 (86.1%) chunk=17.25 t/s avg=17.91 t/s 7.260s
0824 01:56:51 ds4-server: chat ctx=0..151:151 prefill chunk 131/151 (86.8%) chunk=17.43 t/s avg=17.90 t/s 7.317s
0824 01:56:51 ds4-server: chat ctx=0..151:151 prefill chunk 132/151 (87.4%) chunk=18.21 t/s avg=17.90 t/s 7.372s
0824 01:56:51 ds4-server: chat ctx=0..151:151 prefill chunk 133/151 (88.1%) chunk=17.30 t/s avg=17.90 t/s 7.430s
0824 01:56:51 ds4-server: chat ctx=0..151:151 prefill chunk 134/151 (88.7%) chunk=17.16 t/s avg=17.89 t/s 7.488s
0824 01:56:51 ds4-server: chat ctx=0..151:151 prefill chunk 135/151 (89.4%) chunk=19.34 t/s avg=17.90 t/s 7.540s
0824 01:56:51 ds4-server: chat ctx=0..151:151 prefill chunk 136/151 (90.1%) chunk=17.24 t/s avg=17.90 t/s 7.598s
0824 01:56:51 ds4-server: chat ctx=0..151:151 prefill chunk 137/151 (90.7%) chunk=17.04 t/s avg=17.89 t/s 7.657s
0824 01:56:51 ds4-server: chat ctx=0..151:151 prefill chunk 138/151 (91.4%) chunk=18.50 t/s avg=17.90 t/s 7.711s
0824 01:56:51 ds4-server: chat ctx=0..151:151 prefill chunk 139/151 (92.1%) chunk=17.62 t/s avg=17.89 t/s 7.768s
0824 01:56:51 ds4-server: chat ctx=0..151:151 prefill chunk 140/151 (92.7%) chunk=17.37 t/s avg=17.89 t/s 7.825s
0824 01:56:51 ds4-server: chat ctx=0..151:151 prefill chunk 141/151 (93.4%) chunk=18.49 t/s avg=17.90 t/s 7.879s
0824 01:56:52 ds4-server: chat ctx=0..151:151 prefill chunk 142/151 (94.0%) chunk=17.36 t/s avg=17.89 t/s 7.937s
0824 01:56:52 ds4-server: chat ctx=0..151:151 prefill chunk 143/151 (94.7%) chunk=18.56 t/s avg=17.90 t/s 7.991s
0824 01:56:52 ds4-server: chat ctx=0..151:151 prefill chunk 144/151 (95.4%) chunk=19.41 t/s avg=17.91 t/s 8.042s
0824 01:56:52 ds4-server: chat ctx=0..151:151 prefill chunk 145/151 (96.0%) chunk=18.67 t/s avg=17.91 t/s 8.096s
0824 01:56:52 ds4-server: chat ctx=0..151:151 prefill chunk 146/151 (96.7%) chunk=18.79 t/s avg=17.92 t/s 8.149s
0824 01:56:52 ds4-server: chat ctx=0..151:151 prefill chunk 147/151 (97.4%) chunk=18.42 t/s avg=17.92 t/s 8.203s
0824 01:56:52 ds4-server: chat ctx=0..151:151 prefill chunk 148/151 (98.0%) chunk=18.55 t/s avg=17.92 t/s 8.257s
0824 01:56:52 ds4-server: chat ctx=0..151:151 prefill chunk 149/151 (98.7%) chunk=18.59 t/s avg=17.93 t/s 8.311s
0824 01:56:52 ds4-server: chat ctx=0..151:151 prefill chunk 150/151 (99.3%) chunk=19.75 t/s avg=17.94 t/s 8.362s
0824 01:56:52 ds4-server: chat ctx=0..151:151 prefill chunk 151/151 (100.0%) chunk=20.31 t/s avg=17.95 t/s 8.411s
0824 01:56:52 ds4-server: chat ctx=0..151:151 prompt done 8.411s
0824 01:56:55 ds4-server: chat ctx=151..201:50 gen=50 THINKING decoding chunk=18.42 t/s avg=18.42 t/s 2.715s
ds4: qwen35moe experts/token avg over 128 tokens: 0:14.6 1:14.9 2:14.7 3:15.5 4:15.0 5:15.0 6:15.4 7:16.3 8:17.0 9:15.7 10:14.8 11:14.8 12:15.9 13:15.2 14:15.6 15:15.2 16:15.5 17:15.2 18:15.9 19:15.7 20:17.0 21:16.0 22:15.3 23:15.4 24:16.5 25:15.9 26:16.4 27:15.9 28:15.5 29:16.0 30:16.3 31:16.9 32:16.3 33:16.6 34:17.0 35:17.2 36:18.8 37:18.6 38:19.3 39:18.5 | mean 16.1
0824 01:56:58 ds4-server: chat ctx=201..251:50 gen=100 THINKING decoding chunk=18.01 t/s avg=18.21 t/s 5.490s
0824 01:57:00 ds4-server: chat ctx=251..301:50 gen=150 THINKING decoding chunk=18.10 t/s avg=18.18 t/s 8.252s
0824 01:57:03 ds4-server: chat ctx=301..351:50 gen=200 THINKING decoding chunk=18.01 t/s avg=18.13 t/s 11.029s
ds4: qwen35moe experts/token avg over 128 tokens: 0:14.0 1:13.7 2:14.4 3:15.2 4:14.9 5:14.9 6:15.1 7:16.3 8:16.4 9:16.6 10:15.2 11:14.3 12:16.2 13:15.7 14:15.9 15:14.8 16:16.0 17:14.8 18:15.7 19:15.3 20:17.0 21:16.1 22:15.3 23:15.1 24:16.1 25:16.5 26:15.7 27:14.3 28:15.4 29:15.6 30:15.3 31:15.4 32:15.2 33:15.1 34:14.8 35:16.5 36:18.1 37:18.1 38:18.5 39:17.5 | mean 15.7
0824 01:57:06 ds4-server: chat ctx=351..401:50 gen=250 THINKING decoding chunk=17.13 t/s avg=17.93 t/s 13.947s
0824 01:57:09 ds4-server: chat ctx=401..451:50 gen=300 THINKING decoding chunk=16.95 t/s avg=17.76 t/s 16.896s
ds4: qwen35moe experts/token avg over 128 tokens: 0:15.5 1:17.5 2:17.3 3:17.3 4:16.7 5:18.1 6:18.1 7:18.4 8:19.1 9:18.3 10:17.4 11:17.8 12:17.7 13:18.9 14:18.2 15:17.9 16:17.9 17:17.3 18:18.1 19:18.4 20:19.1 21:18.4 22:17.1 23:16.8 24:17.6 25:18.2 26:18.4 27:17.4 28:18.0 29:18.6 30:19.2 31:19.2 32:19.2 33:18.9 34:19.1 35:19.5 36:19.7 37:19.8 38:19.9 39:19.8 | mean 18.2
0824 01:57:12 ds4-server: chat ctx=451..501:50 gen=350 THINKING decoding chunk=16.78 t/s avg=17.61 t/s 19.876s
0824 01:57:15 ds4-server: chat ctx=501..551:50 gen=400 THINKING decoding chunk=16.64 t/s avg=17.48 t/s 22.881s
0824 01:57:18 ds4-server: chat ctx=551..601:50 gen=450 THINKING decoding chunk=17.15 t/s avg=17.44 t/s 25.796s
ds4: qwen35moe experts/token avg over 128 tokens: 0:15.2 1:16.4 2:16.5 3:17.3 4:16.9 5:17.4 6:17.4 7:18.0 8:18.0 9:17.4 10:16.7 11:16.7 12:17.4 13:17.1 14:17.7 15:17.2 16:17.9 17:16.6 18:17.6 19:17.8 20:18.5 21:17.6 22:17.0 23:17.1 24:17.5 25:17.5 26:17.4 27:17.4 28:17.5 29:17.8 30:18.1 31:18.5 32:17.9 33:18.4 34:18.7 35:19.2 36:19.5 37:19.3 38:19.6 39:19.4 | mean 17.7
0824 01:57:21 ds4-server: chat ctx=601..651:50 gen=500 THINKING decoding chunk=16.74 t/s avg=17.37 t/s 28.783s
0824 01:57:24 ds4-server: chat ctx=651..701:50 gen=550 THINKING decoding chunk=16.68 t/s avg=17.31 t/s 31.780s
ds4: qwen35moe experts/token avg over 128 tokens: 0:15.5 1:15.3 2:15.9 3:17.2 4:17.0 5:16.8 6:16.3 7:17.0 8:18.0 9:17.3 10:16.0 11:15.3 12:17.0 13:16.3 14:16.8 15:16.4 16:17.2 17:16.2 18:17.2 19:17.0 20:18.2 21:17.3 22:16.1 23:17.0 24:17.1 25:17.2 26:17.6 27:16.7 28:17.0 29:16.9 30:17.6 31:17.5 32:17.0 33:17.3 34:17.6 35:18.5 36:18.7 37:18.8 38:19.3 39:18.3 | mean 17.1
0824 01:57:27 ds4-server: chat ctx=701..751:50 gen=600 THINKING decoding chunk=17.38 t/s avg=17.31 t/s 34.657s
0824 01:57:30 ds4-server: chat ctx=751..801:50 gen=650 THINKING decoding chunk=17.61 t/s avg=17.34 t/s 37.496s
0824 01:57:32 ds4-server: chat ctx=801..851:50 gen=700 THINKING decoding chunk=16.90 t/s avg=17.30 t/s 40.456s
ds4: qwen35moe experts/token avg over 128 tokens: 0:13.9 1:13.8 2:14.7 3:15.6 4:15.3 5:15.3 6:15.3 7:16.1 8:16.9 9:16.5 10:15.0 11:14.8 12:15.9 13:15.3 14:16.1 15:15.9 16:15.7 17:15.4 18:15.8 19:15.9 20:16.3 21:16.3 22:15.2 23:15.9 24:16.4 25:15.8 26:15.6 27:15.6 28:15.5 29:15.4 30:15.4 31:16.4 32:15.1 33:15.7 34:15.7 35:16.0 36:16.7 37:17.1 38:17.7 39:16.8 | mean 15.7
0824 01:57:36 ds4-server: chat ctx=851..901:50 gen=750 THINKING decoding chunk=16.11 t/s avg=17.22 t/s 43.559s
0824 01:57:39 ds4-server: chat ctx=901..951:50 gen=800 THINKING decoding chunk=16.09 t/s avg=17.14 t/s 46.667s
ds4: qwen35moe experts/token avg over 128 tokens: 0:15.6 1:15.8 2:15.9 3:17.6 4:17.4 5:18.2 6:18.0 7:18.7 8:19.1 9:19.0 10:17.4 11:17.4 12:18.3 13:18.2 14:19.2 15:18.8 16:18.6 17:18.1 18:18.9 19:18.3 20:19.1 21:19.0 22:17.8 23:18.2 24:18.6 25:18.7 26:18.6 27:18.2 28:18.2 29:18.2 30:18.7 31:18.9 32:18.7 33:19.0 34:19.4 35:19.7 36:19.7 37:19.8 38:19.9 39:19.8 | mean 18.4
0824 01:57:42 ds4-server: chat ctx=951..1001:50 gen=850 THINKING decoding chunk=15.92 t/s avg=17.07 t/s 49.808s
0824 01:57:45 ds4-server: chat ctx=1001..1051:50 gen=900 THINKING decoding chunk=16.17 t/s avg=17.01 t/s 52.900s
0824 01:57:48 ds4-server: chat ctx=1051..1101:50 gen=950 THINKING decoding chunk=17.02 t/s avg=17.01 t/s 55.838s
ds4: qwen35moe experts/token avg over 128 tokens: 0:14.9 1:15.3 2:15.4 3:16.4 4:16.3 5:16.2 6:16.1 7:16.8 8:17.4 9:17.0 10:15.3 11:15.5 12:16.8 13:15.4 14:16.6 15:16.1 16:16.6 17:16.1 18:16.6 19:16.4 20:17.5 21:16.3 22:15.7 23:16.0 24:16.8 25:15.8 26:16.9 27:16.0 28:16.8 29:16.7 30:16.2 31:16.8 32:16.5 33:16.1 34:16.2 35:17.1 36:17.5 37:17.7 38:18.5 39:17.9 | mean 16.5
0824 01:57:51 ds4-server: chat ctx=1101..1151:50 gen=1000 THINKING decoding chunk=15.96 t/s avg=16.96 t/s 58.971s
0824 01:57:54 ds4-server: chat ctx=1151..1201:50 gen=1050 THINKING decoding chunk=15.87 t/s avg=16.90 t/s 62.122s
0824 01:57:57 ds4-server: chat ctx=1201..1251:50 gen=1100 THINKING decoding chunk=16.59 t/s avg=16.89 t/s 65.137s
ds4: qwen35moe experts/token avg over 128 tokens: 0:15.0 1:15.6 2:14.9 3:16.3 4:16.0 5:16.1 6:16.6 7:17.3 8:17.7 9:17.4 10:16.2 11:16.0 12:17.4 13:16.9 14:17.2 15:16.2 16:17.0 17:16.8 18:16.1 19:17.3 20:17.4 21:17.6 22:16.5 23:16.6 24:16.8 25:16.9 26:17.0 27:16.3 28:17.0 29:16.6 30:16.5 31:16.9 32:16.4 33:16.1 34:16.1 35:17.5 36:17.9 37:18.2 38:18.9 39:17.4 | mean 16.8
0824 01:58:00 ds4-server: chat ctx=1251..1301:50 gen=1150 THINKING decoding chunk=16.48 t/s avg=16.87 t/s 68.171s
0824 01:58:03 ds4-server: chat ctx=1301..1351:50 gen=1200 THINKING decoding chunk=15.90 t/s avg=16.83 t/s 71.317s
ds4: qwen35moe experts/token avg over 128 tokens: 0:15.2 1:14.8 2:15.0 3:16.9 4:16.8 5:16.9 6:16.6 7:17.6 8:18.4 9:17.8 10:15.9 11:15.8 12:17.1 13:16.4 14:17.1 15:16.8 16:16.7 17:16.1 18:16.2 19:16.6 20:17.4 21:17.2 22:16.1 23:16.1 24:16.4 25:16.9 26:16.8 27:16.4 28:16.3 29:16.1 30:16.7 31:17.0 32:16.1 33:16.7 34:16.5 35:17.5 36:18.0 37:18.2 38:18.6 39:18.0 | mean 16.7
0824 01:58:07 ds4-server: chat ctx=1351..1401:50 gen=1250 THINKING decoding chunk=15.35 t/s avg=16.76 t/s 74.574s
0824 01:58:10 ds4-server: chat ctx=1401..1451:50 gen=1300 THINKING decoding chunk=15.53 t/s avg=16.71 t/s 77.793s
0824 01:58:13 ds4-server: chat ctx=1451..1501:50 gen=1350 THINKING decoding chunk=16.18 t/s avg=16.69 t/s 80.882s
ds4: qwen35moe experts/token avg over 128 tokens: 0:14.8 1:15.4 2:15.9 3:16.6 4:16.8 5:17.0 6:17.1 7:17.0 8:17.8 9:17.6 10:15.9 11:15.9 12:17.0 13:16.3 14:17.4 15:16.6 16:16.8 17:16.8 18:17.5 19:16.7 20:17.8 21:16.8 22:15.9 23:16.4 24:17.0 25:16.4 26:16.8 27:16.3 28:17.4 29:16.7 30:16.6 31:17.1 32:17.3 33:16.5 34:16.4 35:17.4 36:17.5 37:17.6 38:18.3 39:17.4 | mean 16.8
0824 01:58:16 ds4-server: chat ctx=1501..1551:50 gen=1400 THINKING decoding chunk=15.79 t/s avg=16.66 t/s 84.050s
0824 01:58:19 ds4-server: chat ctx=1551..1601:50 gen=1450 THINKING decoding chunk=15.02 t/s avg=16.59 t/s 87.380s
ds4: qwen35moe experts/token avg over 128 tokens: 0:15.7 1:15.5 2:16.6 3:18.5 4:17.6 5:18.1 6:17.9 7:18.3 8:18.7 9:18.2 10:17.3 11:17.4 12:18.0 13:18.2 14:18.7 15:18.5 16:18.7 17:18.1 18:18.3 19:18.2 20:18.8 21:18.6 22:17.7 23:17.9 24:18.4 25:18.2 26:18.6 27:17.9 28:17.8 29:17.6 30:18.3 31:18.6 32:18.4 33:18.3 34:18.4 35:18.9 36:19.0 37:19.5 38:19.5 39:19.2 | mean 18.2
0824 01:58:23 ds4-server: chat ctx=1601..1651:50 gen=1500 THINKING decoding chunk=15.19 t/s avg=16.54 t/s 90.670s
0824 01:58:26 ds4-server: chat ctx=1651..1701:50 gen=1550 THINKING decoding chunk=16.00 t/s avg=16.53 t/s 93.795s
0824 01:58:29 ds4-server: chat ctx=1701..1751:50 gen=1600 THINKING decoding chunk=15.78 t/s avg=16.50 t/s 96.965s
ds4: qwen35moe experts/token avg over 128 tokens: 0:14.1 1:14.9 2:14.6 3:15.3 4:15.2 5:15.7 6:15.3 7:16.0 8:16.6 9:16.5 10:15.0 11:14.6 12:15.6 13:14.7 14:15.9 15:15.1 16:15.0 17:15.0 18:14.7 19:15.3 20:16.0 21:15.4 22:14.6 23:14.3 24:14.6 25:14.7 26:15.4 27:14.6 28:15.1 29:14.6 30:14.9 31:15.6 32:14.7 33:13.9 34:13.8 35:15.6 36:15.9 37:16.9 38:17.7 39:15.9 | mean 15.2
0824 01:58:32 ds4-server: chat ctx=1751..1801:50 gen=1650 THINKING decoding chunk=15.37 t/s avg=16.46 t/s 100.218s
0824 01:58:36 ds4-server: chat ctx=1801..1851:50 gen=1700 THINKING decoding chunk=14.69 t/s avg=16.41 t/s 103.623s
ds4: qwen35moe experts/token avg over 128 tokens: 0:15.7 1:16.0 2:16.7 3:18.1 4:17.6 5:18.5 6:17.9 7:18.5 8:18.8 9:18.2 10:17.5 11:17.7 12:18.1 13:18.3 14:18.9 15:18.8 16:18.6 17:18.3 18:18.6 19:18.5 20:18.8 21:18.6 22:17.6 23:17.8 24:18.3 25:18.7 26:18.3 27:17.9 28:18.0 29:18.0 30:18.4 31:18.7 32:18.2 33:18.7 34:18.9 35:19.2 36:19.4 37:19.5 38:19.7 39:19.3 | mean 18.3
0824 01:58:39 ds4-server: chat ctx=1851..1901:50 gen=1750 THINKING decoding chunk=14.81 t/s avg=16.36 t/s 106.999s
0824 01:58:42 ds4-server: chat ctx=1901..1951:50 gen=1800 THINKING decoding chunk=15.32 t/s avg=16.32 t/s 110.262s
0824 01:58:46 ds4-server: chat ctx=1951..2001:50 gen=1850 THINKING decoding chunk=15.52 t/s avg=16.30 t/s 113.483s
ds4: qwen35moe experts/token avg over 128 tokens: 0:14.4 1:15.3 2:14.8 3:16.4 4:16.4 5:15.7 6:16.1 7:16.5 8:17.1 9:16.7 10:14.8 11:15.1 12:16.5 13:15.5 14:16.5 15:15.8 16:16.2 17:15.7 18:16.1 19:15.8 20:17.2 21:16.6 22:15.6 23:15.4 24:15.9 25:15.3 26:16.6 27:16.0 28:16.0 29:16.5 30:16.0 31:16.3 32:16.1 33:15.2 34:15.5 35:16.7 36:17.2 37:17.4 38:18.0 39:17.5 | mean 16.1
0824 01:58:49 ds4-server: chat ctx=2001..2051:50 gen=1900 THINKING decoding chunk=14.87 t/s avg=16.26 t/s 116.846s
0824 01:58:52 ds4-server: chat ctx=2051..2101:50 gen=1950 THINKING decoding chunk=14.57 t/s avg=16.21 t/s 120.278s
ds4: qwen35moe experts/token avg over 128 tokens: 0:15.1 1:15.0 2:15.4 3:16.9 4:17.1 5:17.8 6:17.8 7:18.4 8:18.6 9:18.5 10:17.5 11:17.3 12:18.1 13:18.2 14:18.5 15:18.4 16:18.5 17:17.9 18:17.9 19:18.5 20:18.9 21:18.4 22:17.6 23:17.6 24:18.6 25:18.4 26:18.2 27:17.8 28:18.1 29:18.4 30:18.1 31:18.7 32:18.3 33:18.4 34:18.6 35:19.0 36:19.4 37:19.1 38:19.5 39:19.1 | mean 18.0
0824 01:58:56 ds4-server: chat ctx=2101..2151:50 gen=2000 THINKING decoding chunk=14.31 t/s avg=16.16 t/s 123.771s
0824 01:58:59 ds4-server: chat ctx=2151..2201:50 gen=2050 THINKING decoding chunk=14.24 t/s avg=16.11 t/s 127.281s
0824 01:59:03 ds4-server: chat ctx=2201..2251:50 gen=2100 THINKING decoding chunk=14.14 t/s avg=16.05 t/s 130.818s
ds4: qwen35moe experts/token avg over 128 tokens: 0:16.0 1:16.2 2:17.1 3:18.1 4:17.7 5:18.2 6:17.9 7:18.5 8:18.4 9:17.6 10:17.4 11:17.5 12:18.1 13:18.2 14:18.9 15:19.0 16:18.9 17:18.7 18:18.9 19:18.5 20:18.9 21:18.6 22:18.2 23:17.8 24:18.5 25:18.6 26:18.6 27:18.2 28:18.5 29:18.9 30:18.5 31:19.0 32:18.2 33:18.9 34:18.9 35:19.1 36:19.4 37:19.3 38:19.6 39:19.4 | mean 18.4
0824 01:59:06 ds4-server: chat ctx=2251..2301:50 gen=2150 THINKING decoding chunk=14.93 t/s avg=16.02 t/s 134.167s
0824 01:59:10 ds4-server: chat ctx=2301..2351:50 gen=2200 decoding chunk=14.37 t/s avg=15.98 t/s 137.647s
0824 01:59:13 ds4-server: chat ctx=2351..2401:50 gen=2250 decoding chunk=14.00 t/s avg=15.93 t/s 141.220s
ds4: qwen35moe experts/token avg over 128 tokens: 0:15.1 1:15.5 2:15.5 3:17.3 4:17.3 5:17.6 6:17.3 7:18.2 8:18.0 9:18.0 10:17.0 11:17.0 12:17.8 13:17.6 14:18.2 15:18.3 16:18.2 17:18.4 18:18.0 19:18.1 20:18.2 21:18.0 22:17.7 23:17.5 24:17.9 25:18.2 26:18.1 27:17.9 28:18.4 29:18.5 30:18.0 31:18.6 32:18.2 33:18.3 34:18.3 35:18.8 36:19.0 37:19.0 38:19.3 39:18.9 | mean 17.9
0824 01:59:17 ds4-server: chat ctx=2401..2451:50 gen=2300 decoding chunk=13.96 t/s avg=15.88 t/s 144.802s
0824 01:59:20 ds4-server: chat ctx=2451..2501:50 gen=2350 decoding chunk=13.91 t/s avg=15.84 t/s 148.398s
0824 01:59:21 ds4-server: chat ctx=2501..2512:11 gen=2361 decoding chunk=13.87 t/s avg=15.83 t/s 149.191s
0824 01:59:21 ds4-server: thinking live checkpoint remembered ctx=0..151:151 live=2512 visible=1447
0824 01:59:21 ds4-server: chat ctx=0..151:151 gen=2361 finish=stop 157.602s
0824 01:59:23 ds4-server: live kv cache miss live=2512 prompt=131 common=37 reason=token-mismatch
0824 01:59:23 ds4-server: chat ctx=0..131:131 prompt start
0824 01:59:24 ds4-server: chat ctx=0..131:131 prefill chunk 1/131 (0.8%) chunk=0.00 t/s avg=2.47 t/s 0.405s
0824 01:59:24 ds4-server: chat ctx=0..131:131 prefill chunk 2/131 (1.5%) chunk=19.37 t/s avg=4.38 t/s 0.457s
0824 01:59:24 ds4-server: chat ctx=0..131:131 prefill chunk 3/131 (2.3%) chunk=19.96 t/s avg=5.92 t/s 0.507s
0824 01:59:24 ds4-server: chat ctx=0..131:131 prefill chunk 4/131 (3.1%) chunk=19.42 t/s avg=7.17 t/s 0.558s
0824 01:59:24 ds4-server: chat ctx=0..131:131 prefill chunk 5/131 (3.8%) chunk=18.53 t/s avg=8.17 t/s 0.612s
0824 01:59:24 ds4-server: chat ctx=0..131:131 prefill chunk 6/131 (4.6%) chunk=19.88 t/s avg=9.06 t/s 0.662s
0824 01:59:24 ds4-server: chat ctx=0..131:131 prefill chunk 7/131 (5.3%) chunk=18.38 t/s avg=9.76 t/s 0.717s
0824 01:59:24 ds4-server: chat ctx=0..131:131 prefill chunk 8/131 (6.1%) chunk=19.27 t/s avg=10.41 t/s 0.769s
0824 01:59:24 ds4-server: chat ctx=0..131:131 prefill chunk 9/131 (6.9%) chunk=18.81 t/s avg=10.95 t/s 0.822s
0824 01:59:24 ds4-server: chat ctx=0..131:131 prefill chunk 10/131 (7.6%) chunk=18.97 t/s avg=11.43 t/s 0.875s
0824 01:59:24 ds4-server: chat ctx=0..131:131 prefill chunk 11/131 (8.4%) chunk=19.04 t/s avg=11.86 t/s 0.927s
0824 01:59:24 ds4-server: chat ctx=0..131:131 prefill chunk 12/131 (9.2%) chunk=18.89 t/s avg=12.24 t/s 0.980s
0824 01:59:25 ds4-server: chat ctx=0..131:131 prefill chunk 13/131 (9.9%) chunk=19.37 t/s avg=12.60 t/s 1.032s
0824 01:59:25 ds4-server: chat ctx=0..131:131 prefill chunk 14/131 (10.7%) chunk=18.61 t/s avg=12.90 t/s 1.085s
0824 01:59:25 ds4-server: chat ctx=0..131:131 prefill chunk 15/131 (11.5%) chunk=19.59 t/s avg=13.20 t/s 1.136s
0824 01:59:25 ds4-server: chat ctx=0..131:131 prefill chunk 16/131 (12.2%) chunk=18.53 t/s avg=13.44 t/s 1.190s
0824 01:59:25 ds4-server: chat ctx=0..131:131 prefill chunk 17/131 (13.0%) chunk=18.36 t/s avg=13.66 t/s 1.245s
0824 01:59:25 ds4-server: chat ctx=0..131:131 prefill chunk 18/131 (13.7%) chunk=18.88 t/s avg=13.87 t/s 1.298s
0824 01:59:25 ds4-server: chat ctx=0..131:131 prefill chunk 19/131 (14.5%) chunk=18.64 t/s avg=14.06 t/s 1.352s
0824 01:59:25 ds4-server: chat ctx=0..131:131 prefill chunk 20/131 (15.3%) chunk=19.52 t/s avg=14.26 t/s 1.403s
0824 01:59:25 ds4-server: chat ctx=0..131:131 prefill chunk 21/131 (16.0%) chunk=18.59 t/s avg=14.42 t/s 1.457s
ds4: qwen35moe experts/token avg over 128 tokens: 0:15.8 1:15.8 2:16.8 3:17.9 4:17.4 5:17.6 6:17.8 7:18.1 8:18.1 9:17.6 10:17.5 11:17.1 12:17.6 13:18.0 14:18.3 15:18.7 16:18.4 17:18.4 18:18.5 19:18.3 20:18.7 21:18.4 22:18.2 23:18.1 24:18.6 25:18.5 26:18.3 27:18.4 28:18.5 29:18.8 30:18.9 31:18.8 32:18.5 33:19.0 34:19.1 35:19.6 36:19.6 37:19.5 38:19.7 39:19.4 | mean 18.3
0824 01:59:25 ds4-server: chat ctx=0..131:131 prefill chunk 22/131 (16.8%) chunk=18.25 t/s avg=14.56 t/s 1.511s
0824 01:59:25 ds4-server: chat ctx=0..131:131 prefill chunk 23/131 (17.6%) chunk=19.25 t/s avg=14.71 t/s 1.563s
0824 01:59:25 ds4-server: chat ctx=0..131:131 prefill chunk 24/131 (18.3%) chunk=18.87 t/s avg=14.85 t/s 1.616s
0824 01:59:25 ds4-server: chat ctx=0..131:131 prefill chunk 25/131 (19.1%) chunk=19.16 t/s avg=14.98 t/s 1.668s
0824 01:59:25 ds4-server: chat ctx=0..131:131 prefill chunk 26/131 (19.8%) chunk=19.01 t/s avg=15.11 t/s 1.721s
0824 01:59:25 ds4-server: chat ctx=0..131:131 prefill chunk 27/131 (20.6%) chunk=18.36 t/s avg=15.21 t/s 1.776s
0824 01:59:25 ds4-server: chat ctx=0..131:131 prefill chunk 28/131 (21.4%) chunk=18.21 t/s avg=15.30 t/s 1.830s
0824 01:59:25 ds4-server: chat ctx=0..131:131 prefill chunk 29/131 (22.1%) chunk=18.03 t/s avg=15.38 t/s 1.886s
0824 01:59:25 ds4-server: chat ctx=0..131:131 prefill chunk 30/131 (22.9%) chunk=19.32 t/s avg=15.48 t/s 1.938s
0824 01:59:25 ds4-server: chat ctx=0..131:131 prefill chunk 31/131 (23.7%) chunk=19.58 t/s avg=15.59 t/s 1.989s
0824 01:59:26 ds4-server: chat ctx=0..131:131 prefill chunk 32/131 (24.4%) chunk=19.66 t/s avg=15.69 t/s 2.040s
0824 01:59:26 ds4-server: chat ctx=0..131:131 prefill chunk 33/131 (25.2%) chunk=18.66 t/s avg=15.76 t/s 2.093s
0824 01:59:26 ds4-server: chat ctx=0..131:131 prefill chunk 34/131 (26.0%) chunk=18.53 t/s avg=15.83 t/s 2.147s
0824 01:59:26 ds4-server: chat ctx=0..131:131 prefill chunk 35/131 (26.7%) chunk=18.84 t/s avg=15.91 t/s 2.200s
0824 01:59:26 ds4-server: chat ctx=0..131:131 prefill chunk 36/131 (27.5%) chunk=18.60 t/s avg=15.97 t/s 2.254s
0824 01:59:26 ds4-server: chat ctx=0..131:131 prefill chunk 37/131 (28.2%) chunk=19.16 t/s avg=16.04 t/s 2.306s
0824 01:59:26 ds4-server: chat ctx=0..131:131 prefill chunk 38/131 (29.0%) chunk=18.82 t/s avg=16.11 t/s 2.359s
0824 01:59:26 ds4-server: chat ctx=0..131:131 prefill chunk 39/131 (29.8%) chunk=19.17 t/s avg=16.17 t/s 2.412s
0824 01:59:26 ds4-server: chat ctx=0..131:131 prefill chunk 40/131 (30.5%) chunk=18.88 t/s avg=16.23 t/s 2.465s
0824 01:59:26 ds4-server: chat ctx=0..131:131 prefill chunk 41/131 (31.3%) chunk=18.64 t/s avg=16.28 t/s 2.518s
0824 01:59:26 ds4-server: chat ctx=0..131:131 prefill chunk 42/131 (32.1%) chunk=19.60 t/s avg=16.35 t/s 2.569s
0824 01:59:26 ds4-server: chat ctx=0..131:131 prefill chunk 43/131 (32.8%) chunk=18.09 t/s avg=16.38 t/s 2.624s
0824 01:59:26 ds4-server: chat ctx=0..131:131 prefill chunk 44/131 (33.6%) chunk=17.86 t/s avg=16.42 t/s 2.680s
0824 01:59:26 ds4-server: chat ctx=0..131:131 prefill chunk 45/131 (34.4%) chunk=18.10 t/s avg=16.45 t/s 2.736s
0824 01:59:26 ds4-server: chat ctx=0..131:131 prefill chunk 46/131 (35.1%) chunk=17.87 t/s avg=16.48 t/s 2.792s
0824 01:59:26 ds4-server: chat ctx=0..131:131 prefill chunk 47/131 (35.9%) chunk=18.60 t/s avg=16.52 t/s 2.845s
0824 01:59:26 ds4-server: chat ctx=0..131:131 prefill chunk 48/131 (36.6%) chunk=18.02 t/s avg=16.55 t/s 2.901s
0824 01:59:26 ds4-server: chat ctx=0..131:131 prefill chunk 49/131 (37.4%) chunk=17.30 t/s avg=16.56 t/s 2.959s
0824 01:59:27 ds4-server: chat ctx=0..131:131 prefill chunk 50/131 (38.2%) chunk=17.68 t/s avg=16.58 t/s 3.015s
0824 01:59:27 ds4-server: chat ctx=0..131:131 prefill chunk 51/131 (38.9%) chunk=17.85 t/s avg=16.61 t/s 3.071s
0824 01:59:27 ds4-server: chat ctx=0..131:131 prefill chunk 52/131 (39.7%) chunk=17.25 t/s avg=16.62 t/s 3.129s
0824 01:59:27 ds4-server: chat ctx=0..131:131 prefill chunk 53/131 (40.5%) chunk=17.26 t/s avg=16.63 t/s 3.187s
0824 01:59:27 ds4-server: chat ctx=0..131:131 prefill chunk 54/131 (41.2%) chunk=18.80 t/s avg=16.66 t/s 3.240s
0824 01:59:27 ds4-server: chat ctx=0..131:131 prefill chunk 55/131 (42.0%) chunk=18.79 t/s avg=16.70 t/s 3.294s
0824 01:59:27 ds4-server: chat ctx=0..131:131 prefill chunk 56/131 (42.7%) chunk=17.78 t/s avg=16.72 t/s 3.350s
0824 01:59:27 ds4-server: chat ctx=0..131:131 prefill chunk 57/131 (43.5%) chunk=19.71 t/s avg=16.76 t/s 3.401s
0824 01:59:27 ds4-server: chat ctx=0..131:131 prefill chunk 58/131 (44.3%) chunk=18.93 t/s avg=16.79 t/s 3.453s
0824 01:59:27 ds4-server: chat ctx=0..131:131 prefill chunk 59/131 (45.0%) chunk=17.73 t/s avg=16.81 t/s 3.510s
0824 01:59:27 ds4-server: chat ctx=0..131:131 prefill chunk 60/131 (45.8%) chunk=19.15 t/s avg=16.84 t/s 3.562s
0824 01:59:27 ds4-server: chat ctx=0..131:131 prefill chunk 61/131 (46.6%) chunk=18.51 t/s avg=16.87 t/s 3.616s
0824 01:59:27 ds4-server: chat ctx=0..131:131 prefill chunk 62/131 (47.3%) chunk=18.05 t/s avg=16.89 t/s 3.672s
0824 01:59:27 ds4-server: chat ctx=0..131:131 prefill chunk 63/131 (48.1%) chunk=18.30 t/s avg=16.91 t/s 3.726s
0824 01:59:27 ds4-server: chat ctx=0..131:131 prefill chunk 64/131 (48.9%) chunk=18.24 t/s avg=16.93 t/s 3.781s
0824 01:59:27 ds4-server: chat ctx=0..131:131 prefill chunk 65/131 (49.6%) chunk=19.38 t/s avg=16.96 t/s 3.833s
0824 01:59:27 ds4-server: chat ctx=0..131:131 prefill chunk 66/131 (50.4%) chunk=18.44 t/s avg=16.98 t/s 3.887s
0824 01:59:27 ds4-server: chat ctx=0..131:131 prefill chunk 67/131 (51.1%) chunk=19.12 t/s avg=17.01 t/s 3.939s
0824 01:59:27 ds4-server: chat ctx=0..131:131 prefill chunk 68/131 (51.9%) chunk=18.46 t/s avg=17.03 t/s 3.993s
0824 01:59:28 ds4-server: chat ctx=0..131:131 prefill chunk 69/131 (52.7%) chunk=18.40 t/s avg=17.05 t/s 4.048s
0824 01:59:28 ds4-server: chat ctx=0..131:131 prefill chunk 70/131 (53.4%) chunk=19.00 t/s avg=17.07 t/s 4.100s
0824 01:59:28 ds4-server: chat ctx=0..131:131 prefill chunk 71/131 (54.2%) chunk=19.16 t/s avg=17.10 t/s 4.152s
0824 01:59:28 ds4-server: chat ctx=0..131:131 prefill chunk 72/131 (55.0%) chunk=18.62 t/s avg=17.12 t/s 4.206s
0824 01:59:28 ds4-server: chat ctx=0..131:131 prefill chunk 73/131 (55.7%) chunk=19.04 t/s avg=17.14 t/s 4.259s
0824 01:59:28 ds4-server: chat ctx=0..131:131 prefill chunk 74/131 (56.5%) chunk=17.43 t/s avg=17.15 t/s 4.316s
0824 01:59:28 ds4-server: chat ctx=0..131:131 prefill chunk 75/131 (57.3%) chunk=18.12 t/s avg=17.16 t/s 4.371s
0824 01:59:28 ds4-server: chat ctx=0..131:131 prefill chunk 76/131 (58.0%) chunk=17.58 t/s avg=17.16 t/s 4.428s
0824 01:59:28 ds4-server: chat ctx=0..131:131 prefill chunk 77/131 (58.8%) chunk=17.84 t/s avg=17.17 t/s 4.484s
0824 01:59:28 ds4-server: chat ctx=0..131:131 prefill chunk 78/131 (59.5%) chunk=18.79 t/s avg=17.19 t/s 4.537s
0824 01:59:28 ds4-server: chat ctx=0..131:131 prefill chunk 79/131 (60.3%) chunk=17.64 t/s avg=17.20 t/s 4.594s
0824 01:59:28 ds4-server: chat ctx=0..131:131 prefill chunk 80/131 (61.1%) chunk=17.91 t/s avg=17.20 t/s 4.650s
0824 01:59:28 ds4-server: chat ctx=0..131:131 prefill chunk 81/131 (61.8%) chunk=17.81 t/s avg=17.21 t/s 4.706s
0824 01:59:28 ds4-server: chat ctx=0..131:131 prefill chunk 82/131 (62.6%) chunk=18.03 t/s avg=17.22 t/s 4.761s
0824 01:59:28 ds4-server: chat ctx=0..131:131 prefill chunk 83/131 (63.4%) chunk=17.05 t/s avg=17.22 t/s 4.820s
0824 01:59:28 ds4-server: chat ctx=0..131:131 prefill chunk 84/131 (64.1%) chunk=17.60 t/s avg=17.22 t/s 4.877s
0824 01:59:28 ds4-server: chat ctx=0..131:131 prefill chunk 85/131 (64.9%) chunk=17.97 t/s avg=17.23 t/s 4.933s
0824 01:59:28 ds4-server: chat ctx=0..131:131 prefill chunk 86/131 (65.6%) chunk=18.10 t/s avg=17.24 t/s 4.988s
0824 01:59:29 ds4-server: chat ctx=0..131:131 prefill chunk 87/131 (66.4%) chunk=18.08 t/s avg=17.25 t/s 5.043s
0824 01:59:29 ds4-server: chat ctx=0..131:131 prefill chunk 88/131 (67.2%) chunk=17.59 t/s avg=17.25 t/s 5.100s
0824 01:59:29 ds4-server: chat ctx=0..131:131 prefill chunk 89/131 (67.9%) chunk=17.58 t/s avg=17.26 t/s 5.157s
0824 01:59:29 ds4-server: chat ctx=0..131:131 prefill chunk 90/131 (68.7%) chunk=17.86 t/s avg=17.27 t/s 5.213s
0824 01:59:29 ds4-server: chat ctx=0..131:131 prefill chunk 91/131 (69.5%) chunk=18.30 t/s avg=17.28 t/s 5.267s
0824 01:59:29 ds4-server: chat ctx=0..131:131 prefill chunk 92/131 (70.2%) chunk=18.19 t/s avg=17.29 t/s 5.322s
0824 01:59:29 ds4-server: chat ctx=0..131:131 prefill chunk 93/131 (71.0%) chunk=18.69 t/s avg=17.30 t/s 5.376s
0824 01:59:29 ds4-server: chat ctx=0..131:131 prefill chunk 94/131 (71.8%) chunk=17.99 t/s avg=17.31 t/s 5.432s
0824 01:59:29 ds4-server: chat ctx=0..131:131 prefill chunk 95/131 (72.5%) chunk=17.61 t/s avg=17.31 t/s 5.488s
0824 01:59:29 ds4-server: chat ctx=0..131:131 prefill chunk 96/131 (73.3%) chunk=19.44 t/s avg=17.33 t/s 5.540s
0824 01:59:29 ds4-server: chat ctx=0..131:131 prefill chunk 97/131 (74.0%) chunk=18.56 t/s avg=17.34 t/s 5.594s
0824 01:59:29 ds4-server: chat ctx=0..131:131 prefill chunk 98/131 (74.8%) chunk=17.51 t/s avg=17.34 t/s 5.651s
0824 01:59:29 ds4-server: chat ctx=0..131:131 prefill chunk 99/131 (75.6%) chunk=18.18 t/s avg=17.35 t/s 5.706s
0824 01:59:29 ds4-server: chat ctx=0..131:131 prefill chunk 100/131 (76.3%) chunk=18.25 t/s avg=17.36 t/s 5.761s
0824 01:59:29 ds4-server: chat ctx=0..131:131 prefill chunk 101/131 (77.1%) chunk=18.78 t/s avg=17.37 t/s 5.814s
0824 01:59:29 ds4-server: chat ctx=0..131:131 prefill chunk 102/131 (77.9%) chunk=18.03 t/s avg=17.38 t/s 5.869s
0824 01:59:29 ds4-server: chat ctx=0..131:131 prefill chunk 103/131 (78.6%) chunk=17.02 t/s avg=17.38 t/s 5.928s
0824 01:59:29 ds4-server: chat ctx=0..131:131 prefill chunk 104/131 (79.4%) chunk=18.52 t/s avg=17.39 t/s 5.982s
0824 01:59:30 ds4-server: chat ctx=0..131:131 prefill chunk 105/131 (80.2%) chunk=18.11 t/s avg=17.39 t/s 6.037s
0824 01:59:30 ds4-server: chat ctx=0..131:131 prefill chunk 106/131 (80.9%) chunk=17.46 t/s avg=17.39 t/s 6.095s
0824 01:59:30 ds4-server: chat ctx=0..131:131 prefill chunk 107/131 (81.7%) chunk=17.52 t/s avg=17.39 t/s 6.152s
0824 01:59:30 ds4-server: chat ctx=0..131:131 prefill chunk 108/131 (82.4%) chunk=17.62 t/s avg=17.40 t/s 6.208s
0824 01:59:30 ds4-server: chat ctx=0..131:131 prefill chunk 109/131 (83.2%) chunk=17.84 t/s avg=17.40 t/s 6.264s
0824 01:59:30 ds4-server: chat ctx=0..131:131 prefill chunk 110/131 (84.0%) chunk=17.37 t/s avg=17.40 t/s 6.322s
0824 01:59:30 ds4-server: chat ctx=0..131:131 prefill chunk 111/131 (84.7%) chunk=17.40 t/s avg=17.40 t/s 6.379s
0824 01:59:30 ds4-server: chat ctx=0..131:131 prefill chunk 112/131 (85.5%) chunk=17.66 t/s avg=17.40 t/s 6.436s
0824 01:59:30 ds4-server: chat ctx=0..131:131 prefill chunk 113/131 (86.3%) chunk=17.16 t/s avg=17.40 t/s 6.494s
0824 01:59:30 ds4-server: chat ctx=0..131:131 prefill chunk 114/131 (87.0%) chunk=17.28 t/s avg=17.40 t/s 6.552s
0824 01:59:30 ds4-server: chat ctx=0..131:131 prefill chunk 115/131 (87.8%) chunk=17.40 t/s avg=17.40 t/s 6.610s
0824 01:59:30 ds4-server: chat ctx=0..131:131 prefill chunk 116/131 (88.5%) chunk=18.12 t/s avg=17.40 t/s 6.665s
0824 01:59:30 ds4-server: chat ctx=0..131:131 prefill chunk 117/131 (89.3%) chunk=17.11 t/s avg=17.40 t/s 6.723s
0824 01:59:30 ds4-server: chat ctx=0..131:131 prefill chunk 118/131 (90.1%) chunk=18.21 t/s avg=17.41 t/s 6.778s
0824 01:59:30 ds4-server: chat ctx=0..131:131 prefill chunk 119/131 (90.8%) chunk=18.16 t/s avg=17.41 t/s 6.833s
0824 01:59:30 ds4-server: chat ctx=0..131:131 prefill chunk 120/131 (91.6%) chunk=17.13 t/s avg=17.41 t/s 6.892s
0824 01:59:30 ds4-server: chat ctx=0..131:131 prefill chunk 121/131 (92.4%) chunk=17.60 t/s avg=17.41 t/s 6.948s
0824 01:59:30 ds4-server: chat ctx=0..131:131 prefill chunk 122/131 (93.1%) chunk=18.11 t/s avg=17.42 t/s 7.004s
0824 01:59:31 ds4-server: chat ctx=0..131:131 prefill chunk 123/131 (93.9%) chunk=18.68 t/s avg=17.43 t/s 7.057s
0824 01:59:31 ds4-server: chat ctx=0..131:131 prefill chunk 124/131 (94.7%) chunk=18.39 t/s avg=17.44 t/s 7.112s
0824 01:59:31 ds4-server: chat ctx=0..131:131 prefill chunk 125/131 (95.4%) chunk=19.48 t/s avg=17.45 t/s 7.163s
0824 01:59:31 ds4-server: chat ctx=0..131:131 prefill chunk 126/131 (96.2%) chunk=18.12 t/s avg=17.46 t/s 7.218s
0824 01:59:31 ds4-server: chat ctx=0..131:131 prefill chunk 127/131 (96.9%) chunk=18.47 t/s avg=17.46 t/s 7.272s
0824 01:59:31 ds4-server: chat ctx=0..131:131 prefill chunk 128/131 (97.7%) chunk=18.80 t/s avg=17.47 t/s 7.325s
0824 01:59:31 ds4-server: chat ctx=0..131:131 prefill chunk 129/131 (98.5%) chunk=18.20 t/s avg=17.48 t/s 7.380s
0824 01:59:31 ds4-server: chat ctx=0..131:131 prefill chunk 130/131 (99.2%) chunk=20.48 t/s avg=17.50 t/s 7.429s
0824 01:59:31 ds4-server: chat ctx=0..131:131 prefill chunk 131/131 (100.0%) chunk=19.67 t/s avg=17.51 t/s 7.480s
0824 01:59:31 ds4-server: chat ctx=0..131:131 prompt done 7.480s
ds4: qwen35moe experts/token avg over 128 tokens: 0:14.6 1:14.7 2:15.4 3:15.3 4:14.6 5:15.3 6:15.0 7:15.6 8:15.9 9:15.7 10:14.6 11:14.9 12:15.9 13:14.5 14:15.3 15:15.9 16:16.1 17:15.5 18:15.8 19:16.3 20:15.8 21:16.0 22:15.8 23:15.9 24:16.8 25:15.9 26:16.5 27:15.7 28:15.8 29:16.3 30:16.7 31:16.6 32:16.6 33:16.9 34:17.2 35:18.5 36:19.0 37:19.2 38:19.4 39:18.6 | mean 16.1
0824 01:59:34 ds4-server: chat ctx=131..181:50 gen=50 THINKING decoding chunk=18.29 t/s avg=18.29 t/s 2.734s
0824 01:59:37 ds4-server: chat ctx=181..231:50 gen=100 THINKING decoding chunk=17.65 t/s avg=17.97 t/s 5.566s
ds4: qwen35moe experts/token avg over 128 tokens: 0:15.6 1:15.4 2:15.1 3:16.8 4:15.8 5:17.0 6:16.2 7:16.6 8:17.6 9:17.3 10:15.7 11:15.3 12:17.0 13:15.7 14:16.8 15:17.0 16:17.0 17:16.8 18:16.9 19:17.0 20:17.8 21:17.6 22:16.5 23:16.7 24:17.6 25:16.8 26:17.6 27:17.0 28:16.8 29:17.6 30:18.0 31:18.0 32:17.4 33:17.8 34:17.8 35:18.2 36:19.0 37:19.3 38:19.3 39:18.7 | mean 17.1
0824 01:59:39 ds4-server: chat ctx=231..281:50 gen=150 THINKING decoding chunk=17.57 t/s avg=17.83 t/s 8.413s
0824 01:59:42 ds4-server: chat ctx=281..331:50 gen=200 THINKING decoding chunk=18.03 t/s avg=17.88 t/s 11.186s
0824 01:59:45 ds4-server: chat ctx=331..381:50 gen=250 THINKING decoding chunk=17.47 t/s avg=17.80 t/s 14.047s
ds4: qwen35moe experts/token avg over 128 tokens: 0:14.3 1:14.5 2:14.7 3:15.7 4:16.5 5:15.6 6:16.1 7:16.5 8:17.2 9:16.9 10:15.4 11:15.5 12:17.0 13:15.7 14:16.3 15:16.0 16:16.6 17:16.8 18:16.3 19:15.9 20:16.6 21:16.2 22:15.9 23:16.1 24:16.7 25:16.0 26:16.4 27:16.1 28:16.2 29:15.9 30:16.1 31:16.7 32:16.7 33:15.7 34:16.0 35:16.8 36:17.2 37:17.6 38:18.0 39:17.3 | mean 16.2
0824 01:59:48 ds4-server: chat ctx=381..431:50 gen=300 THINKING decoding chunk=18.04 t/s avg=17.84 t/s 16.820s
0824 01:59:51 ds4-server: chat ctx=431..481:50 gen=350 THINKING decoding chunk=17.56 t/s avg=17.80 t/s 19.667s
0824 01:59:54 ds4-server: chat ctx=481..531:50 gen=400 THINKING decoding chunk=17.11 t/s avg=17.71 t/s 22.588s
ds4: qwen35moe experts/token avg over 128 tokens: 0:14.2 1:15.0 2:15.0 3:16.3 4:16.6 5:16.4 6:16.3 7:16.5 8:17.4 9:17.1 10:15.4 11:16.2 12:16.8 13:15.8 14:16.7 15:16.0 16:16.8 17:16.1 18:16.3 19:16.1 20:17.5 21:16.0 22:15.7 23:16.0 24:16.5 25:15.9 26:16.7 27:16.0 28:16.7 29:16.2 30:16.6 31:17.1 32:17.0 33:16.3 34:16.4 35:17.1 36:17.8 37:17.9 38:18.5 39:17.7 | mean 16.5
0824 01:59:56 ds4-server: chat ctx=531..581:50 gen=450 THINKING decoding chunk=17.56 t/s avg=17.69 t/s 25.435s
0824 01:59:59 ds4-server: chat ctx=581..620:39 gen=489 decoding chunk=16.62 t/s avg=17.60 t/s 27.782s
0824 01:59:59 ds4-server: thinking live checkpoint remembered ctx=0..131:131 live=620 visible=674
0824 01:59:59 ds4-server: chat ctx=0..131:131 gen=489 finish=stop 35.262s
0824 02:00:02 ds4-server: live kv cache miss live=620 prompt=153 common=35 reason=token-mismatch
0824 02:00:02 ds4-server: chat ctx=0..153:153 prompt start
0824 02:00:02 ds4-server: chat ctx=0..153:153 prefill chunk 1/153 (0.7%) chunk=0.00 t/s avg=3.02 t/s 0.331s
0824 02:00:02 ds4-server: chat ctx=0..153:153 prefill chunk 2/153 (1.3%) chunk=19.76 t/s avg=5.23 t/s 0.382s
0824 02:00:02 ds4-server: chat ctx=0..153:153 prefill chunk 3/153 (2.0%) chunk=19.13 t/s avg=6.91 t/s 0.434s
0824 02:00:02 ds4-server: chat ctx=0..153:153 prefill chunk 4/153 (2.6%) chunk=19.88 t/s avg=8.25 t/s 0.485s
0824 02:00:02 ds4-server: chat ctx=0..153:153 prefill chunk 5/153 (3.3%) chunk=18.37 t/s avg=9.28 t/s 0.539s
0824 02:00:02 ds4-server: chat ctx=0..153:153 prefill chunk 6/153 (3.9%) chunk=19.98 t/s avg=10.19 t/s 0.589s
0824 02:00:02 ds4-server: chat ctx=0..153:153 prefill chunk 7/153 (4.6%) chunk=18.48 t/s avg=10.88 t/s 0.643s
0824 02:00:02 ds4-server: chat ctx=0..153:153 prefill chunk 8/153 (5.2%) chunk=18.56 t/s avg=11.48 t/s 0.697s
0824 02:00:02 ds4-server: chat ctx=0..153:153 prefill chunk 9/153 (5.9%) chunk=19.42 t/s avg=12.02 t/s 0.749s
0824 02:00:02 ds4-server: chat ctx=0..153:153 prefill chunk 10/153 (6.5%) chunk=18.80 t/s avg=12.47 t/s 0.802s
0824 02:00:02 ds4-server: chat ctx=0..153:153 prefill chunk 11/153 (7.2%) chunk=19.48 t/s avg=12.89 t/s 0.853s
0824 02:00:02 ds4-server: chat ctx=0..153:153 prefill chunk 12/153 (7.8%) chunk=18.57 t/s avg=13.23 t/s 0.907s
0824 02:00:02 ds4-server: chat ctx=0..153:153 prefill chunk 13/153 (8.5%) chunk=19.09 t/s avg=13.55 t/s 0.959s
0824 02:00:03 ds4-server: chat ctx=0..153:153 prefill chunk 14/153 (9.2%) chunk=18.93 t/s avg=13.83 t/s 1.012s
0824 02:00:03 ds4-server: chat ctx=0..153:153 prefill chunk 15/153 (9.8%) chunk=18.82 t/s avg=14.08 t/s 1.065s
0824 02:00:03 ds4-server: chat ctx=0..153:153 prefill chunk 16/153 (10.5%) chunk=19.26 t/s avg=14.32 t/s 1.117s
0824 02:00:03 ds4-server: chat ctx=0..153:153 prefill chunk 17/153 (11.1%) chunk=18.26 t/s avg=14.51 t/s 1.172s
0824 02:00:03 ds4-server: chat ctx=0..153:153 prefill chunk 18/153 (11.8%) chunk=18.97 t/s avg=14.70 t/s 1.225s
0824 02:00:03 ds4-server: chat ctx=0..153:153 prefill chunk 19/153 (12.4%) chunk=18.79 t/s avg=14.87 t/s 1.278s
0824 02:00:03 ds4-server: chat ctx=0..153:153 prefill chunk 20/153 (13.1%) chunk=18.54 t/s avg=15.02 t/s 1.332s
0824 02:00:03 ds4-server: chat ctx=0..153:153 prefill chunk 21/153 (13.7%) chunk=19.44 t/s avg=15.18 t/s 1.383s
0824 02:00:03 ds4-server: chat ctx=0..153:153 prefill chunk 22/153 (14.4%) chunk=18.34 t/s avg=15.30 t/s 1.438s
0824 02:00:03 ds4-server: chat ctx=0..153:153 prefill chunk 23/153 (15.0%) chunk=19.32 t/s avg=15.44 t/s 1.490s
0824 02:00:03 ds4-server: chat ctx=0..153:153 prefill chunk 24/153 (15.7%) chunk=19.12 t/s avg=15.57 t/s 1.542s
0824 02:00:03 ds4-server: chat ctx=0..153:153 prefill chunk 25/153 (16.3%) chunk=18.27 t/s avg=15.66 t/s 1.597s
0824 02:00:03 ds4-server: chat ctx=0..153:153 prefill chunk 26/153 (17.0%) chunk=19.78 t/s avg=15.78 t/s 1.647s
0824 02:00:03 ds4-server: chat ctx=0..153:153 prefill chunk 27/153 (17.6%) chunk=17.95 t/s avg=15.86 t/s 1.703s
0824 02:00:03 ds4-server: chat ctx=0..153:153 prefill chunk 28/153 (18.3%) chunk=18.55 t/s avg=15.94 t/s 1.757s
0824 02:00:03 ds4-server: chat ctx=0..153:153 prefill chunk 29/153 (19.0%) chunk=18.33 t/s avg=16.01 t/s 1.811s
0824 02:00:03 ds4-server: chat ctx=0..153:153 prefill chunk 30/153 (19.6%) chunk=18.84 t/s avg=16.09 t/s 1.864s
0824 02:00:03 ds4-server: chat ctx=0..153:153 prefill chunk 31/153 (20.3%) chunk=20.00 t/s avg=16.19 t/s 1.914s
0824 02:00:03 ds4-server: chat ctx=0..153:153 prefill chunk 32/153 (20.9%) chunk=18.83 t/s avg=16.26 t/s 1.968s
0824 02:00:04 ds4-server: chat ctx=0..153:153 prefill chunk 33/153 (21.6%) chunk=19.32 t/s avg=16.34 t/s 2.019s
0824 02:00:04 ds4-server: chat ctx=0..153:153 prefill chunk 34/153 (22.2%) chunk=18.32 t/s avg=16.39 t/s 2.074s
0824 02:00:04 ds4-server: chat ctx=0..153:153 prefill chunk 35/153 (22.9%) chunk=18.19 t/s avg=16.44 t/s 2.129s
0824 02:00:04 ds4-server: chat ctx=0..153:153 prefill chunk 36/153 (23.5%) chunk=18.48 t/s avg=16.49 t/s 2.183s
0824 02:00:04 ds4-server: chat ctx=0..153:153 prefill chunk 37/153 (24.2%) chunk=18.51 t/s avg=16.54 t/s 2.237s
0824 02:00:04 ds4-server: chat ctx=0..153:153 prefill chunk 38/153 (24.8%) chunk=19.46 t/s avg=16.61 t/s 2.288s
0824 02:00:04 ds4-server: chat ctx=0..153:153 prefill chunk 39/153 (25.5%) chunk=18.48 t/s avg=16.65 t/s 2.342s
0824 02:00:04 ds4-server: chat ctx=0..153:153 prefill chunk 40/153 (26.1%) chunk=19.38 t/s avg=16.71 t/s 2.394s
0824 02:00:04 ds4-server: chat ctx=0..153:153 prefill chunk 41/153 (26.8%) chunk=19.45 t/s avg=16.77 t/s 2.445s
ds4: qwen35moe experts/token avg over 128 tokens: 0:14.2 1:14.3 2:15.0 3:15.7 4:15.6 5:15.2 6:15.6 7:15.5 8:15.8 9:15.9 10:15.4 11:15.2 12:16.4 13:15.6 14:15.8 15:16.3 16:16.3 17:16.1 18:15.9 19:16.2 20:16.3 21:16.2 22:16.0 23:15.8 24:16.4 25:16.0 26:16.1 27:16.5 28:16.2 29:16.7 30:16.6 31:16.7 32:16.6 33:16.2 34:16.5 35:17.8 36:17.9 37:17.7 38:18.2 39:17.7 | mean 16.2
0824 02:00:04 ds4-server: chat ctx=0..153:153 prefill chunk 42/153 (27.5%) chunk=18.88 t/s avg=16.81 t/s 2.498s
0824 02:00:04 ds4-server: chat ctx=0..153:153 prefill chunk 43/153 (28.1%) chunk=18.74 t/s avg=16.85 t/s 2.552s
0824 02:00:04 ds4-server: chat ctx=0..153:153 prefill chunk 44/153 (28.8%) chunk=17.71 t/s avg=16.87 t/s 2.608s
0824 02:00:04 ds4-server: chat ctx=0..153:153 prefill chunk 45/153 (29.4%) chunk=17.83 t/s avg=16.89 t/s 2.664s
0824 02:00:04 ds4-server: chat ctx=0..153:153 prefill chunk 46/153 (30.1%) chunk=18.89 t/s avg=16.93 t/s 2.717s
0824 02:00:04 ds4-server: chat ctx=0..153:153 prefill chunk 47/153 (30.7%) chunk=17.44 t/s avg=16.94 t/s 2.775s
0824 02:00:04 ds4-server: chat ctx=0..153:153 prefill chunk 48/153 (31.4%) chunk=18.11 t/s avg=16.96 t/s 2.830s
0824 02:00:04 ds4-server: chat ctx=0..153:153 prefill chunk 49/153 (32.0%) chunk=17.79 t/s avg=16.98 t/s 2.886s
0824 02:00:04 ds4-server: chat ctx=0..153:153 prefill chunk 50/153 (32.7%) chunk=17.49 t/s avg=16.99 t/s 2.943s
0824 02:00:05 ds4-server: chat ctx=0..153:153 prefill chunk 51/153 (33.3%) chunk=17.26 t/s avg=16.99 t/s 3.001s
0824 02:00:05 ds4-server: chat ctx=0..153:153 prefill chunk 52/153 (34.0%) chunk=18.11 t/s avg=17.01 t/s 3.056s
0824 02:00:05 ds4-server: chat ctx=0..153:153 prefill chunk 53/153 (34.6%) chunk=19.07 t/s avg=17.05 t/s 3.109s
0824 02:00:05 ds4-server: chat ctx=0..153:153 prefill chunk 54/153 (35.3%) chunk=17.91 t/s avg=17.06 t/s 3.165s
0824 02:00:05 ds4-server: chat ctx=0..153:153 prefill chunk 55/153 (35.9%) chunk=19.50 t/s avg=17.10 t/s 3.216s
0824 02:00:05 ds4-server: chat ctx=0..153:153 prefill chunk 56/153 (36.6%) chunk=19.08 t/s avg=17.13 t/s 3.268s
0824 02:00:05 ds4-server: chat ctx=0..153:153 prefill chunk 57/153 (37.3%) chunk=19.54 t/s avg=17.17 t/s 3.320s
0824 02:00:05 ds4-server: chat ctx=0..153:153 prefill chunk 58/153 (37.9%) chunk=18.91 t/s avg=17.20 t/s 3.372s
0824 02:00:05 ds4-server: chat ctx=0..153:153 prefill chunk 59/153 (38.6%) chunk=19.26 t/s avg=17.23 t/s 3.424s
0824 02:00:05 ds4-server: chat ctx=0..153:153 prefill chunk 60/153 (39.2%) chunk=18.22 t/s avg=17.25 t/s 3.479s
0824 02:00:05 ds4-server: chat ctx=0..153:153 prefill chunk 61/153 (39.9%) chunk=18.33 t/s avg=17.26 t/s 3.534s
0824 02:00:05 ds4-server: chat ctx=0..153:153 prefill chunk 62/153 (40.5%) chunk=19.38 t/s avg=17.29 t/s 3.585s
0824 02:00:05 ds4-server: chat ctx=0..153:153 prefill chunk 63/153 (41.2%) chunk=18.64 t/s avg=17.31 t/s 3.639s
0824 02:00:05 ds4-server: chat ctx=0..153:153 prefill chunk 64/153 (41.8%) chunk=18.54 t/s avg=17.33 t/s 3.693s
0824 02:00:05 ds4-server: chat ctx=0..153:153 prefill chunk 65/153 (42.5%) chunk=18.51 t/s avg=17.35 t/s 3.747s
0824 02:00:05 ds4-server: chat ctx=0..153:153 prefill chunk 66/153 (43.1%) chunk=18.22 t/s avg=17.36 t/s 3.802s
0824 02:00:05 ds4-server: chat ctx=0..153:153 prefill chunk 67/153 (43.8%) chunk=18.21 t/s avg=17.37 t/s 3.857s
0824 02:00:05 ds4-server: chat ctx=0..153:153 prefill chunk 68/153 (44.4%) chunk=17.66 t/s avg=17.38 t/s 3.913s
0824 02:00:05 ds4-server: chat ctx=0..153:153 prefill chunk 69/153 (45.1%) chunk=18.52 t/s avg=17.39 t/s 3.967s
0824 02:00:06 ds4-server: chat ctx=0..153:153 prefill chunk 70/153 (45.8%) chunk=18.45 t/s avg=17.41 t/s 4.022s
0824 02:00:06 ds4-server: chat ctx=0..153:153 prefill chunk 71/153 (46.4%) chunk=17.89 t/s avg=17.41 t/s 4.077s
0824 02:00:06 ds4-server: chat ctx=0..153:153 prefill chunk 72/153 (47.1%) chunk=18.67 t/s avg=17.43 t/s 4.131s
0824 02:00:06 ds4-server: chat ctx=0..153:153 prefill chunk 73/153 (47.7%) chunk=18.51 t/s avg=17.44 t/s 4.185s
0824 02:00:06 ds4-server: chat ctx=0..153:153 prefill chunk 74/153 (48.4%) chunk=18.50 t/s avg=17.46 t/s 4.239s
0824 02:00:06 ds4-server: chat ctx=0..153:153 prefill chunk 75/153 (49.0%) chunk=18.68 t/s avg=17.47 t/s 4.293s
0824 02:00:06 ds4-server: chat ctx=0..153:153 prefill chunk 76/153 (49.7%) chunk=19.17 t/s avg=17.49 t/s 4.345s
0824 02:00:06 ds4-server: chat ctx=0..153:153 prefill chunk 77/153 (50.3%) chunk=17.92 t/s avg=17.50 t/s 4.401s
0824 02:00:06 ds4-server: chat ctx=0..153:153 prefill chunk 78/153 (51.0%) chunk=18.91 t/s avg=17.51 t/s 4.453s
0824 02:00:06 ds4-server: chat ctx=0..153:153 prefill chunk 79/153 (51.6%) chunk=18.71 t/s avg=17.53 t/s 4.507s
0824 02:00:06 ds4-server: chat ctx=0..153:153 prefill chunk 80/153 (52.3%) chunk=19.02 t/s avg=17.55 t/s 4.559s
0824 02:00:06 ds4-server: chat ctx=0..153:153 prefill chunk 81/153 (52.9%) chunk=19.14 t/s avg=17.56 t/s 4.612s
0824 02:00:06 ds4-server: chat ctx=0..153:153 prefill chunk 82/153 (53.6%) chunk=17.92 t/s avg=17.57 t/s 4.668s
0824 02:00:06 ds4-server: chat ctx=0..153:153 prefill chunk 83/153 (54.2%) chunk=19.59 t/s avg=17.59 t/s 4.719s
0824 02:00:06 ds4-server: chat ctx=0..153:153 prefill chunk 84/153 (54.9%) chunk=18.02 t/s avg=17.60 t/s 4.774s
0824 02:00:06 ds4-server: chat ctx=0..153:153 prefill chunk 85/153 (55.6%) chunk=18.43 t/s avg=17.60 t/s 4.828s
0824 02:00:06 ds4-server: chat ctx=0..153:153 prefill chunk 86/153 (56.2%) chunk=18.25 t/s avg=17.61 t/s 4.883s
0824 02:00:06 ds4-server: chat ctx=0..153:153 prefill chunk 87/153 (56.9%) chunk=18.27 t/s avg=17.62 t/s 4.938s
0824 02:00:06 ds4-server: chat ctx=0..153:153 prefill chunk 88/153 (57.5%) chunk=17.61 t/s avg=17.62 t/s 4.995s
0824 02:00:07 ds4-server: chat ctx=0..153:153 prefill chunk 89/153 (58.2%) chunk=18.53 t/s avg=17.63 t/s 5.049s
0824 02:00:07 ds4-server: chat ctx=0..153:153 prefill chunk 90/153 (58.8%) chunk=17.90 t/s avg=17.63 t/s 5.104s
0824 02:00:07 ds4-server: chat ctx=0..153:153 prefill chunk 91/153 (59.5%) chunk=18.66 t/s avg=17.64 t/s 5.158s
0824 02:00:07 ds4-server: chat ctx=0..153:153 prefill chunk 92/153 (60.1%) chunk=18.26 t/s avg=17.65 t/s 5.213s
0824 02:00:07 ds4-server: chat ctx=0..153:153 prefill chunk 93/153 (60.8%) chunk=17.66 t/s avg=17.65 t/s 5.269s
0824 02:00:07 ds4-server: chat ctx=0..153:153 prefill chunk 94/153 (61.4%) chunk=17.88 t/s avg=17.65 t/s 5.325s
0824 02:00:07 ds4-server: chat ctx=0..153:153 prefill chunk 95/153 (62.1%) chunk=18.15 t/s avg=17.66 t/s 5.380s
0824 02:00:07 ds4-server: chat ctx=0..153:153 prefill chunk 96/153 (62.7%) chunk=18.21 t/s avg=17.66 t/s 5.435s
0824 02:00:07 ds4-server: chat ctx=0..153:153 prefill chunk 97/153 (63.4%) chunk=18.24 t/s avg=17.67 t/s 5.490s
0824 02:00:07 ds4-server: chat ctx=0..153:153 prefill chunk 98/153 (64.1%) chunk=18.87 t/s avg=17.68 t/s 5.543s
0824 02:00:07 ds4-server: chat ctx=0..153:153 prefill chunk 99/153 (64.7%) chunk=17.30 t/s avg=17.68 t/s 5.601s
0824 02:00:07 ds4-server: chat ctx=0..153:153 prefill chunk 100/153 (65.4%) chunk=19.12 t/s avg=17.69 t/s 5.653s
0824 02:00:07 ds4-server: chat ctx=0..153:153 prefill chunk 101/153 (66.0%) chunk=18.05 t/s avg=17.69 t/s 5.709s
0824 02:00:07 ds4-server: chat ctx=0..153:153 prefill chunk 102/153 (66.7%) chunk=17.17 t/s avg=17.69 t/s 5.767s
0824 02:00:07 ds4-server: chat ctx=0..153:153 prefill chunk 103/153 (67.3%) chunk=19.27 t/s avg=17.70 t/s 5.819s
0824 02:00:07 ds4-server: chat ctx=0..153:153 prefill chunk 104/153 (68.0%) chunk=17.34 t/s avg=17.70 t/s 5.876s
0824 02:00:07 ds4-server: chat ctx=0..153:153 prefill chunk 105/153 (68.6%) chunk=17.89 t/s avg=17.70 t/s 5.932s
0824 02:00:07 ds4-server: chat ctx=0..153:153 prefill chunk 106/153 (69.3%) chunk=18.93 t/s avg=17.71 t/s 5.985s
0824 02:00:08 ds4-server: chat ctx=0..153:153 prefill chunk 107/153 (69.9%) chunk=17.30 t/s avg=17.71 t/s 6.043s
0824 02:00:08 ds4-server: chat ctx=0..153:153 prefill chunk 108/153 (70.6%) chunk=18.12 t/s avg=17.71 t/s 6.098s
0824 02:00:08 ds4-server: chat ctx=0..153:153 prefill chunk 109/153 (71.2%) chunk=17.15 t/s avg=17.70 t/s 6.157s
0824 02:00:08 ds4-server: chat ctx=0..153:153 prefill chunk 110/153 (71.9%) chunk=17.39 t/s avg=17.70 t/s 6.214s
0824 02:00:08 ds4-server: chat ctx=0..153:153 prefill chunk 111/153 (72.5%) chunk=17.26 t/s avg=17.70 t/s 6.272s
0824 02:00:08 ds4-server: chat ctx=0..153:153 prefill chunk 112/153 (73.2%) chunk=17.68 t/s avg=17.70 t/s 6.329s
0824 02:00:08 ds4-server: chat ctx=0..153:153 prefill chunk 113/153 (73.9%) chunk=18.01 t/s avg=17.70 t/s 6.384s
0824 02:00:08 ds4-server: chat ctx=0..153:153 prefill chunk 114/153 (74.5%) chunk=17.46 t/s avg=17.70 t/s 6.441s
0824 02:00:08 ds4-server: chat ctx=0..153:153 prefill chunk 115/153 (75.2%) chunk=17.17 t/s avg=17.69 t/s 6.500s
0824 02:00:08 ds4-server: chat ctx=0..153:153 prefill chunk 116/153 (75.8%) chunk=18.35 t/s avg=17.70 t/s 6.554s
0824 02:00:08 ds4-server: chat ctx=0..153:153 prefill chunk 117/153 (76.5%) chunk=17.39 t/s avg=17.70 t/s 6.612s
0824 02:00:08 ds4-server: chat ctx=0..153:153 prefill chunk 118/153 (77.1%) chunk=17.43 t/s avg=17.69 t/s 6.669s
0824 02:00:08 ds4-server: chat ctx=0..153:153 prefill chunk 119/153 (77.8%) chunk=17.93 t/s avg=17.70 t/s 6.725s
0824 02:00:08 ds4-server: chat ctx=0..153:153 prefill chunk 120/153 (78.4%) chunk=17.55 t/s avg=17.69 t/s 6.782s
0824 02:00:08 ds4-server: chat ctx=0..153:153 prefill chunk 121/153 (79.1%) chunk=17.85 t/s avg=17.70 t/s 6.838s
0824 02:00:08 ds4-server: chat ctx=0..153:153 prefill chunk 122/153 (79.7%) chunk=18.03 t/s avg=17.70 t/s 6.893s
0824 02:00:08 ds4-server: chat ctx=0..153:153 prefill chunk 123/153 (80.4%) chunk=17.35 t/s avg=17.70 t/s 6.951s
0824 02:00:09 ds4-server: chat ctx=0..153:153 prefill chunk 124/153 (81.0%) chunk=17.47 t/s avg=17.69 t/s 7.008s
0824 02:00:09 ds4-server: chat ctx=0..153:153 prefill chunk 125/153 (81.7%) chunk=17.81 t/s avg=17.69 t/s 7.064s
0824 02:00:09 ds4-server: chat ctx=0..153:153 prefill chunk 126/153 (82.4%) chunk=17.83 t/s avg=17.70 t/s 7.120s
0824 02:00:09 ds4-server: chat ctx=0..153:153 prefill chunk 127/153 (83.0%) chunk=18.49 t/s avg=17.70 t/s 7.174s
0824 02:00:09 ds4-server: chat ctx=0..153:153 prefill chunk 128/153 (83.7%) chunk=17.97 t/s avg=17.70 t/s 7.230s
0824 02:00:09 ds4-server: chat ctx=0..153:153 prefill chunk 129/153 (84.3%) chunk=17.47 t/s avg=17.70 t/s 7.287s
0824 02:00:09 ds4-server: chat ctx=0..153:153 prefill chunk 130/153 (85.0%) chunk=17.68 t/s avg=17.70 t/s 7.344s
0824 02:00:09 ds4-server: chat ctx=0..153:153 prefill chunk 131/153 (85.6%) chunk=17.81 t/s avg=17.70 t/s 7.400s
0824 02:00:09 ds4-server: chat ctx=0..153:153 prefill chunk 132/153 (86.3%) chunk=17.70 t/s avg=17.70 t/s 7.456s
0824 02:00:09 ds4-server: chat ctx=0..153:153 prefill chunk 133/153 (86.9%) chunk=17.14 t/s avg=17.70 t/s 7.515s
0824 02:00:09 ds4-server: chat ctx=0..153:153 prefill chunk 134/153 (87.6%) chunk=16.95 t/s avg=17.69 t/s 7.574s
0824 02:00:09 ds4-server: chat ctx=0..153:153 prefill chunk 135/153 (88.2%) chunk=17.20 t/s avg=17.69 t/s 7.632s
0824 02:00:09 ds4-server: chat ctx=0..153:153 prefill chunk 136/153 (88.9%) chunk=17.79 t/s avg=17.69 t/s 7.688s
0824 02:00:09 ds4-server: chat ctx=0..153:153 prefill chunk 137/153 (89.5%) chunk=17.49 t/s avg=17.69 t/s 7.745s
0824 02:00:09 ds4-server: chat ctx=0..153:153 prefill chunk 138/153 (90.2%) chunk=16.98 t/s avg=17.68 t/s 7.804s
0824 02:00:09 ds4-server: chat ctx=0..153:153 prefill chunk 139/153 (90.8%) chunk=17.87 t/s avg=17.68 t/s 7.860s
0824 02:00:09 ds4-server: chat ctx=0..153:153 prefill chunk 140/153 (91.5%) chunk=18.18 t/s avg=17.69 t/s 7.915s
0824 02:00:09 ds4-server: chat ctx=0..153:153 prefill chunk 141/153 (92.2%) chunk=17.35 t/s avg=17.69 t/s 7.973s
0824 02:00:10 ds4-server: chat ctx=0..153:153 prefill chunk 142/153 (92.8%) chunk=17.27 t/s avg=17.68 t/s 8.031s
0824 02:00:10 ds4-server: chat ctx=0..153:153 prefill chunk 143/153 (93.5%) chunk=18.06 t/s avg=17.68 t/s 8.086s
0824 02:00:10 ds4-server: chat ctx=0..153:153 prefill chunk 144/153 (94.1%) chunk=17.30 t/s avg=17.68 t/s 8.144s
0824 02:00:10 ds4-server: chat ctx=0..153:153 prefill chunk 145/153 (94.8%) chunk=18.83 t/s avg=17.69 t/s 8.197s
0824 02:00:10 ds4-server: chat ctx=0..153:153 prefill chunk 146/153 (95.4%) chunk=18.87 t/s avg=17.70 t/s 8.250s
0824 02:00:10 ds4-server: chat ctx=0..153:153 prefill chunk 147/153 (96.1%) chunk=18.69 t/s avg=17.70 t/s 8.303s
0824 02:00:10 ds4-server: chat ctx=0..153:153 prefill chunk 148/153 (96.7%) chunk=18.75 t/s avg=17.71 t/s 8.357s
0824 02:00:10 ds4-server: chat ctx=0..153:153 prefill chunk 149/153 (97.4%) chunk=18.18 t/s avg=17.71 t/s 8.412s
0824 02:00:10 ds4-server: chat ctx=0..153:153 prefill chunk 150/153 (98.0%) chunk=18.66 t/s avg=17.72 t/s 8.465s
0824 02:00:10 ds4-server: chat ctx=0..153:153 prefill chunk 151/153 (98.7%) chunk=18.22 t/s avg=17.72 t/s 8.520s
0824 02:00:10 ds4-server: chat ctx=0..153:153 prefill chunk 152/153 (99.3%) chunk=19.45 t/s avg=17.73 t/s 8.572s
0824 02:00:10 ds4-server: chat ctx=0..153:153 prefill chunk 153/153 (100.0%) chunk=20.50 t/s avg=17.75 t/s 8.620s
0824 02:00:10 ds4-server: chat ctx=0..153:153 prompt done 8.621s
ds4: qwen35moe experts/token avg over 128 tokens: 0:14.4 1:15.1 2:15.8 3:16.2 4:15.4 5:15.6 6:15.0 7:16.0 8:16.6 9:17.0 10:15.0 11:15.1 12:16.4 13:15.0 14:15.0 15:15.4 16:15.9 17:15.4 18:15.5 19:16.4 20:16.2 21:16.6 22:15.9 23:16.2 24:17.1 25:16.2 26:16.5 27:16.2 28:15.8 29:16.5 30:16.7 31:17.7 32:17.6 33:17.5 34:17.2 35:18.7 36:19.2 37:19.1 38:19.4 39:18.9 | mean 16.4
0824 02:00:13 ds4-server: chat ctx=153..203:50 gen=50 THINKING decoding chunk=18.22 t/s avg=18.22 t/s 2.744s
0824 02:00:16 ds4-server: chat ctx=203..253:50 gen=100 THINKING decoding chunk=17.82 t/s avg=18.02 t/s 5.550s
ds4: qwen35moe experts/token avg over 128 tokens: 0:14.5 1:15.0 2:15.1 3:16.2 4:15.1 5:15.7 6:15.7 7:16.5 8:17.3 9:17.0 10:15.5 11:14.6 12:16.5 13:15.4 14:15.6 15:15.9 16:15.9 17:15.6 18:16.5 19:15.0 20:16.9 21:16.9 22:15.5 23:15.6 24:16.5 25:16.2 26:16.1 27:15.9 28:15.6 29:15.6 30:15.7 31:16.0 32:15.7 33:15.8 34:15.3 35:16.2 36:17.3 37:17.8 38:18.2 39:17.1 | mean 16.0
0824 02:00:18 ds4-server: chat ctx=253..303:50 gen=150 THINKING decoding chunk=18.45 t/s avg=18.16 t/s 8.260s
0824 02:00:21 ds4-server: chat ctx=303..353:50 gen=200 THINKING decoding chunk=18.33 t/s avg=18.20 t/s 10.987s
0824 02:00:24 ds4-server: chat ctx=353..403:50 gen=250 THINKING decoding chunk=17.65 t/s avg=18.09 t/s 13.821s
ds4: qwen35moe experts/token avg over 128 tokens: 0:14.3 1:14.3 2:15.5 3:16.8 4:16.0 5:15.7 6:15.7 7:16.7 8:17.2 9:17.5 10:15.5 11:14.5 12:16.3 13:15.2 14:16.1 15:16.3 16:16.2 17:15.8 18:15.8 19:15.8 20:17.0 21:16.9 22:15.4 23:16.1 24:15.7 25:16.3 26:16.5 27:16.1 28:16.0 29:16.0 30:15.7 31:16.2 32:15.9 33:16.0 34:16.2 35:16.7 36:17.2 37:17.4 38:17.8 39:17.1 | mean 16.1
0824 02:00:27 ds4-server: chat ctx=403..453:50 gen=300 THINKING decoding chunk=17.34 t/s avg=17.96 t/s 16.704s
0824 02:00:30 ds4-server: chat ctx=453..503:50 gen=350 THINKING decoding chunk=17.05 t/s avg=17.82 t/s 19.637s
0824 02:00:33 ds4-server: chat ctx=503..553:50 gen=400 THINKING decoding chunk=17.79 t/s avg=17.82 t/s 22.447s
ds4: qwen35moe experts/token avg over 128 tokens: 0:14.6 1:15.0 2:15.2 3:16.0 4:15.9 5:15.5 6:16.0 7:16.3 8:17.3 9:17.1 10:15.6 11:15.4 12:16.6 13:15.8 14:15.8 15:16.2 16:16.9 17:15.9 18:16.5 19:16.3 20:17.4 21:16.7 22:15.8 23:15.6 24:16.3 25:16.2 26:16.6 27:15.8 28:16.7 29:16.7 30:16.6 31:16.4 32:16.1 33:15.8 34:15.8 35:16.7 36:17.6 37:17.5 38:18.2 39:17.5 | mean 16.3
0824 02:00:35 ds4-server: chat ctx=553..603:50 gen=450 THINKING decoding chunk=17.76 t/s avg=17.81 t/s 25.261s
0824 02:00:38 ds4-server: chat ctx=603..653:50 gen=500 THINKING decoding chunk=16.47 t/s avg=17.67 t/s 28.297s
ds4: qwen35moe experts/token avg over 128 tokens: 0:14.5 1:15.0 2:15.3 3:16.1 4:16.1 5:16.2 6:16.6 7:16.5 8:17.4 9:17.3 10:15.7 11:15.5 12:17.0 13:16.2 14:16.6 15:16.3 16:16.7 17:16.4 18:16.3 19:16.3 20:17.0 21:16.9 22:16.0 23:15.9 24:16.4 25:16.3 26:16.5 27:16.5 28:16.2 29:16.6 30:16.8 31:17.1 32:16.2 33:16.3 34:16.2 35:17.0 36:17.5 37:18.0 38:18.5 39:17.9 | mean 16.5
0824 02:00:41 ds4-server: chat ctx=653..703:50 gen=550 THINKING decoding chunk=17.58 t/s avg=17.66 t/s 31.142s
0824 02:00:44 ds4-server: chat ctx=703..753:50 gen=600 THINKING decoding chunk=17.50 t/s avg=17.65 t/s 33.999s
0824 02:00:47 ds4-server: chat ctx=753..803:50 gen=650 THINKING decoding chunk=16.83 t/s avg=17.58 t/s 36.970s
ds4: qwen35moe experts/token avg over 128 tokens: 0:14.6 1:15.2 2:15.1 3:15.7 4:15.9 5:15.1 6:16.1 7:16.4 8:16.6 9:16.3 10:15.5 11:15.4 12:16.1 13:15.6 14:16.2 15:15.7 16:16.0 17:16.0 18:15.8 19:15.7 20:15.9 21:16.0 22:15.0 23:15.7 24:15.3 25:15.7 26:15.7 27:15.4 28:15.5 29:15.7 30:15.2 31:16.4 32:15.9 33:14.7 34:14.9 35:16.7 36:17.0 37:17.2 38:17.4 39:17.0 | mean 15.8
0824 02:00:50 ds4-server: chat ctx=803..853:50 gen=700 THINKING decoding chunk=16.16 t/s avg=17.47 t/s 40.064s
0824 02:00:53 ds4-server: chat ctx=853..903:50 gen=750 THINKING decoding chunk=17.07 t/s avg=17.45 t/s 42.992s
ds4: qwen35moe experts/token avg over 128 tokens: 0:14.4 1:15.3 2:15.9 3:17.5 4:17.2 5:16.8 6:17.2 7:17.3 8:18.0 9:17.6 10:16.2 11:16.3 12:17.1 13:16.5 14:17.5 15:16.8 16:17.0 17:17.2 18:17.2 19:17.0 20:17.8 21:17.0 22:16.3 23:16.1 24:16.9 25:16.6 26:17.2 27:16.2 28:17.2 29:17.0 30:16.9 31:17.2 32:16.9 33:16.7 34:16.6 35:17.6 36:18.3 37:18.0 38:18.6 39:18.0 | mean 17.0
0824 02:00:56 ds4-server: chat ctx=903..953:50 gen=800 decoding chunk=16.20 t/s avg=17.36 t/s 46.078s
0824 02:00:57 ds4-server: chat ctx=953..972:19 gen=819 decoding chunk=15.83 t/s avg=17.32 t/s 47.278s
0824 02:00:57 ds4-server: thinking live checkpoint remembered ctx=0..153:153 live=972 visible=790
0824 02:00:57 ds4-server: chat ctx=0..153:153 gen=819 finish=stop 55.899s
0824 02:01:00 ds4-server: live kv cache miss live=972 prompt=137 common=39 reason=token-mismatch
0824 02:01:00 ds4-server: chat ctx=0..137:137 prompt start
0824 02:01:00 ds4-server: chat ctx=0..137:137 prefill chunk 1/137 (0.7%) chunk=0.00 t/s avg=3.04 t/s 0.329s
0824 02:01:00 ds4-server: chat ctx=0..137:137 prefill chunk 2/137 (1.5%) chunk=19.71 t/s avg=5.27 t/s 0.379s
0824 02:01:00 ds4-server: chat ctx=0..137:137 prefill chunk 3/137 (2.2%) chunk=19.14 t/s avg=6.95 t/s 0.432s
0824 02:01:00 ds4-server: chat ctx=0..137:137 prefill chunk 4/137 (2.9%) chunk=19.83 t/s avg=8.30 t/s 0.482s
0824 02:01:00 ds4-server: chat ctx=0..137:137 prefill chunk 5/137 (3.6%) chunk=18.65 t/s avg=9.34 t/s 0.536s
0824 02:01:00 ds4-server: chat ctx=0..137:137 prefill chunk 6/137 (4.4%) chunk=19.87 t/s avg=10.24 t/s 0.586s
0824 02:01:00 ds4-server: chat ctx=0..137:137 prefill chunk 7/137 (5.1%) chunk=18.47 t/s avg=10.94 t/s 0.640s
0824 02:01:01 ds4-server: chat ctx=0..137:137 prefill chunk 8/137 (5.8%) chunk=18.72 t/s avg=11.54 t/s 0.694s
0824 02:01:01 ds4-server: chat ctx=0..137:137 prefill chunk 9/137 (6.6%) chunk=19.45 t/s avg=12.08 t/s 0.745s
0824 02:01:01 ds4-server: chat ctx=0..137:137 prefill chunk 10/137 (7.3%) chunk=18.68 t/s avg=12.52 t/s 0.798s
0824 02:01:01 ds4-server: chat ctx=0..137:137 prefill chunk 11/137 (8.0%) chunk=19.38 t/s avg=12.94 t/s 0.850s
0824 02:01:01 ds4-server: chat ctx=0..137:137 prefill chunk 12/137 (8.8%) chunk=18.87 t/s avg=13.29 t/s 0.903s
0824 02:01:01 ds4-server: chat ctx=0..137:137 prefill chunk 13/137 (9.5%) chunk=19.64 t/s avg=13.63 t/s 0.954s
0824 02:01:01 ds4-server: chat ctx=0..137:137 prefill chunk 14/137 (10.2%) chunk=18.90 t/s avg=13.90 t/s 1.007s
0824 02:01:01 ds4-server: chat ctx=0..137:137 prefill chunk 15/137 (10.9%) chunk=18.91 t/s avg=14.15 t/s 1.060s
0824 02:01:01 ds4-server: chat ctx=0..137:137 prefill chunk 16/137 (11.7%) chunk=19.13 t/s avg=14.39 t/s 1.112s
0824 02:01:01 ds4-server: chat ctx=0..137:137 prefill chunk 17/137 (12.4%) chunk=18.51 t/s avg=14.58 t/s 1.166s
0824 02:01:01 ds4-server: chat ctx=0..137:137 prefill chunk 18/137 (13.1%) chunk=18.93 t/s avg=14.77 t/s 1.219s
0824 02:01:01 ds4-server: chat ctx=0..137:137 prefill chunk 19/137 (13.9%) chunk=19.00 t/s avg=14.94 t/s 1.272s
0824 02:01:01 ds4-server: chat ctx=0..137:137 prefill chunk 20/137 (14.6%) chunk=18.97 t/s avg=15.10 t/s 1.324s
0824 02:01:01 ds4-server: chat ctx=0..137:137 prefill chunk 21/137 (15.3%) chunk=19.13 t/s avg=15.26 t/s 1.377s
0824 02:01:01 ds4-server: chat ctx=0..137:137 prefill chunk 22/137 (16.1%) chunk=18.02 t/s avg=15.36 t/s 1.432s
0824 02:01:01 ds4-server: chat ctx=0..137:137 prefill chunk 23/137 (16.8%) chunk=19.35 t/s avg=15.50 t/s 1.484s
0824 02:01:01 ds4-server: chat ctx=0..137:137 prefill chunk 24/137 (17.5%) chunk=18.99 t/s avg=15.62 t/s 1.536s
0824 02:01:01 ds4-server: chat ctx=0..137:137 prefill chunk 25/137 (18.2%) chunk=18.63 t/s avg=15.72 t/s 1.590s
0824 02:01:01 ds4-server: chat ctx=0..137:137 prefill chunk 26/137 (19.0%) chunk=19.27 t/s avg=15.84 t/s 1.642s
0824 02:01:02 ds4-server: chat ctx=0..137:137 prefill chunk 27/137 (19.7%) chunk=17.87 t/s avg=15.90 t/s 1.698s
0824 02:01:02 ds4-server: chat ctx=0..137:137 prefill chunk 28/137 (20.4%) chunk=18.41 t/s avg=15.98 t/s 1.752s
0824 02:01:02 ds4-server: chat ctx=0..137:137 prefill chunk 29/137 (21.2%) chunk=18.24 t/s avg=16.05 t/s 1.807s
0824 02:01:02 ds4-server: chat ctx=0..137:137 prefill chunk 30/137 (21.9%) chunk=18.80 t/s avg=16.13 t/s 1.860s
0824 02:01:02 ds4-server: chat ctx=0..137:137 prefill chunk 31/137 (22.6%) chunk=20.00 t/s avg=16.23 t/s 1.910s
0824 02:01:02 ds4-server: chat ctx=0..137:137 prefill chunk 32/137 (23.4%) chunk=19.18 t/s avg=16.31 t/s 1.962s
0824 02:01:02 ds4-server: chat ctx=0..137:137 prefill chunk 33/137 (24.1%) chunk=19.39 t/s avg=16.39 t/s 2.014s
0824 02:01:02 ds4-server: chat ctx=0..137:137 prefill chunk 34/137 (24.8%) chunk=18.31 t/s avg=16.44 t/s 2.069s
0824 02:01:02 ds4-server: chat ctx=0..137:137 prefill chunk 35/137 (25.5%) chunk=18.84 t/s avg=16.50 t/s 2.122s
0824 02:01:02 ds4-server: chat ctx=0..137:137 prefill chunk 36/137 (26.3%) chunk=18.26 t/s avg=16.54 t/s 2.176s
0824 02:01:02 ds4-server: chat ctx=0..137:137 prefill chunk 37/137 (27.0%) chunk=18.49 t/s avg=16.59 t/s 2.230s
0824 02:01:02 ds4-server: chat ctx=0..137:137 prefill chunk 38/137 (27.7%) chunk=19.36 t/s avg=16.65 t/s 2.282s
0824 02:01:02 ds4-server: chat ctx=0..137:137 prefill chunk 39/137 (28.5%) chunk=18.76 t/s avg=16.70 t/s 2.335s
0824 02:01:02 ds4-server: chat ctx=0..137:137 prefill chunk 40/137 (29.2%) chunk=19.96 t/s avg=16.77 t/s 2.385s
0824 02:01:02 ds4-server: chat ctx=0..137:137 prefill chunk 41/137 (29.9%) chunk=19.22 t/s avg=16.82 t/s 2.438s
0824 02:01:02 ds4-server: chat ctx=0..137:137 prefill chunk 42/137 (30.7%) chunk=18.96 t/s avg=16.87 t/s 2.490s
0824 02:01:02 ds4-server: chat ctx=0..137:137 prefill chunk 43/137 (31.4%) chunk=18.11 t/s avg=16.89 t/s 2.545s
0824 02:01:02 ds4-server: chat ctx=0..137:137 prefill chunk 44/137 (32.1%) chunk=17.94 t/s avg=16.92 t/s 2.601s
0824 02:01:03 ds4-server: chat ctx=0..137:137 prefill chunk 45/137 (32.8%) chunk=18.01 t/s avg=16.94 t/s 2.657s
0824 02:01:03 ds4-server: chat ctx=0..137:137 prefill chunk 46/137 (33.6%) chunk=18.16 t/s avg=16.96 t/s 2.712s
0824 02:01:03 ds4-server: chat ctx=0..137:137 prefill chunk 47/137 (34.3%) chunk=17.53 t/s avg=16.97 t/s 2.769s
0824 02:01:03 ds4-server: chat ctx=0..137:137 prefill chunk 48/137 (35.0%) chunk=17.54 t/s avg=16.99 t/s 2.826s
0824 02:01:03 ds4-server: chat ctx=0..137:137 prefill chunk 49/137 (35.8%) chunk=17.78 t/s avg=17.00 t/s 2.882s
0824 02:01:03 ds4-server: chat ctx=0..137:137 prefill chunk 50/137 (36.5%) chunk=17.94 t/s avg=17.02 t/s 2.938s
0824 02:01:03 ds4-server: chat ctx=0..137:137 prefill chunk 51/137 (37.2%) chunk=18.35 t/s avg=17.04 t/s 2.992s
0824 02:01:03 ds4-server: chat ctx=0..137:137 prefill chunk 52/137 (38.0%) chunk=18.45 t/s avg=17.07 t/s 3.047s
0824 02:01:03 ds4-server: chat ctx=0..137:137 prefill chunk 53/137 (38.7%) chunk=18.73 t/s avg=17.10 t/s 3.100s
0824 02:01:03 ds4-server: chat ctx=0..137:137 prefill chunk 54/137 (39.4%) chunk=19.50 t/s avg=17.14 t/s 3.151s
0824 02:01:03 ds4-server: chat ctx=0..137:137 prefill chunk 55/137 (40.1%) chunk=19.20 t/s avg=17.17 t/s 3.203s
0824 02:01:03 ds4-server: chat ctx=0..137:137 prefill chunk 56/137 (40.9%) chunk=19.51 t/s avg=17.21 t/s 3.255s
0824 02:01:03 ds4-server: chat ctx=0..137:137 prefill chunk 57/137 (41.6%) chunk=19.14 t/s avg=17.24 t/s 3.307s
0824 02:01:03 ds4-server: chat ctx=0..137:137 prefill chunk 58/137 (42.3%) chunk=18.02 t/s avg=17.25 t/s 3.362s
0824 02:01:03 ds4-server: chat ctx=0..137:137 prefill chunk 59/137 (43.1%) chunk=19.11 t/s avg=17.28 t/s 3.415s
0824 02:01:03 ds4-server: chat ctx=0..137:137 prefill chunk 60/137 (43.8%) chunk=18.43 t/s avg=17.30 t/s 3.469s
0824 02:01:03 ds4-server: chat ctx=0..137:137 prefill chunk 61/137 (44.5%) chunk=19.28 t/s avg=17.33 t/s 3.521s
0824 02:01:03 ds4-server: chat ctx=0..137:137 prefill chunk 62/137 (45.3%) chunk=18.46 t/s avg=17.34 t/s 3.575s
0824 02:01:03 ds4-server: chat ctx=0..137:137 prefill chunk 63/137 (46.0%) chunk=18.50 t/s avg=17.36 t/s 3.629s
0824 02:01:04 ds4-server: chat ctx=0..137:137 prefill chunk 64/137 (46.7%) chunk=18.40 t/s avg=17.38 t/s 3.683s
0824 02:01:04 ds4-server: chat ctx=0..137:137 prefill chunk 65/137 (47.4%) chunk=19.09 t/s avg=17.40 t/s 3.736s
0824 02:01:04 ds4-server: chat ctx=0..137:137 prefill chunk 66/137 (48.2%) chunk=19.42 t/s avg=17.43 t/s 3.787s
0824 02:01:04 ds4-server: chat ctx=0..137:137 prefill chunk 67/137 (48.9%) chunk=18.53 t/s avg=17.44 t/s 3.841s
0824 02:01:04 ds4-server: chat ctx=0..137:137 prefill chunk 68/137 (49.6%) chunk=18.70 t/s avg=17.46 t/s 3.895s
0824 02:01:04 ds4-server: chat ctx=0..137:137 prefill chunk 69/137 (50.4%) chunk=18.97 t/s avg=17.48 t/s 3.947s
0824 02:01:04 ds4-server: chat ctx=0..137:137 prefill chunk 70/137 (51.1%) chunk=18.77 t/s avg=17.50 t/s 4.001s
0824 02:01:04 ds4-server: chat ctx=0..137:137 prefill chunk 71/137 (51.8%) chunk=18.85 t/s avg=17.51 t/s 4.054s
0824 02:01:04 ds4-server: chat ctx=0..137:137 prefill chunk 72/137 (52.6%) chunk=19.01 t/s avg=17.53 t/s 4.106s
0824 02:01:04 ds4-server: chat ctx=0..137:137 prefill chunk 73/137 (53.3%) chunk=17.81 t/s avg=17.54 t/s 4.162s
0824 02:01:04 ds4-server: chat ctx=0..137:137 prefill chunk 74/137 (54.0%) chunk=18.90 t/s avg=17.55 t/s 4.215s
0824 02:01:04 ds4-server: chat ctx=0..137:137 prefill chunk 75/137 (54.7%) chunk=18.34 t/s avg=17.56 t/s 4.270s
0824 02:01:04 ds4-server: chat ctx=0..137:137 prefill chunk 76/137 (55.5%) chunk=19.34 t/s avg=17.59 t/s 4.322s
0824 02:01:04 ds4-server: chat ctx=0..137:137 prefill chunk 77/137 (56.2%) chunk=18.39 t/s avg=17.60 t/s 4.376s
0824 02:01:04 ds4-server: chat ctx=0..137:137 prefill chunk 78/137 (56.9%) chunk=18.59 t/s avg=17.61 t/s 4.430s
0824 02:01:04 ds4-server: chat ctx=0..137:137 prefill chunk 79/137 (57.7%) chunk=18.57 t/s avg=17.62 t/s 4.484s
0824 02:01:04 ds4-server: chat ctx=0..137:137 prefill chunk 80/137 (58.4%) chunk=18.83 t/s avg=17.63 t/s 4.537s
0824 02:01:04 ds4-server: chat ctx=0..137:137 prefill chunk 81/137 (59.1%) chunk=17.64 t/s avg=17.63 t/s 4.593s
0824 02:01:04 ds4-server: chat ctx=0..137:137 prefill chunk 82/137 (59.9%) chunk=18.23 t/s avg=17.64 t/s 4.648s
0824 02:01:05 ds4-server: chat ctx=0..137:137 prefill chunk 83/137 (60.6%) chunk=18.12 t/s avg=17.65 t/s 4.703s
0824 02:01:05 ds4-server: chat ctx=0..137:137 prefill chunk 84/137 (61.3%) chunk=18.11 t/s avg=17.65 t/s 4.759s
0824 02:01:05 ds4-server: chat ctx=0..137:137 prefill chunk 85/137 (62.0%) chunk=17.58 t/s avg=17.65 t/s 4.816s
0824 02:01:05 ds4-server: chat ctx=0..137:137 prefill chunk 86/137 (62.8%) chunk=17.74 t/s avg=17.65 t/s 4.872s
0824 02:01:05 ds4-server: chat ctx=0..137:137 prefill chunk 87/137 (63.5%) chunk=18.22 t/s avg=17.66 t/s 4.927s
0824 02:01:05 ds4-server: chat ctx=0..137:137 prefill chunk 88/137 (64.2%) chunk=17.99 t/s avg=17.66 t/s 4.982s
0824 02:01:05 ds4-server: chat ctx=0..137:137 prefill chunk 89/137 (65.0%) chunk=18.71 t/s avg=17.67 t/s 5.036s
0824 02:01:05 ds4-server: chat ctx=0..137:137 prefill chunk 90/137 (65.7%) chunk=18.38 t/s avg=17.68 t/s 5.090s
0824 02:01:05 ds4-server: chat ctx=0..137:137 prefill chunk 91/137 (66.4%) chunk=17.28 t/s avg=17.68 t/s 5.148s
0824 02:01:05 ds4-server: chat ctx=0..137:137 prefill chunk 92/137 (67.2%) chunk=18.51 t/s avg=17.68 t/s 5.202s
0824 02:01:05 ds4-server: chat ctx=0..137:137 prefill chunk 93/137 (67.9%) chunk=18.58 t/s avg=17.69 t/s 5.256s
ds4: qwen35moe experts/token avg over 128 tokens: 0:14.3 1:15.0 2:15.2 3:15.9 4:15.5 5:15.1 6:15.7 7:15.7 8:16.4 9:16.2 10:15.1 11:15.4 12:16.1 13:14.9 14:15.9 15:15.9 16:16.5 17:15.8 18:15.6 19:16.2 20:16.8 21:16.3 22:16.2 23:15.7 24:16.7 25:16.1 26:16.5 27:16.3 28:16.5 29:16.5 30:17.1 31:17.3 32:17.1 33:17.1 34:17.5 35:19.0 36:19.2 37:18.9 38:19.3 39:18.8 | mean 16.4
0824 02:01:05 ds4-server: chat ctx=0..137:137 prefill chunk 94/137 (68.6%) chunk=17.55 t/s avg=17.69 t/s 5.313s
0824 02:01:05 ds4-server: chat ctx=0..137:137 prefill chunk 95/137 (69.3%) chunk=17.91 t/s avg=17.69 t/s 5.369s
0824 02:01:05 ds4-server: chat ctx=0..137:137 prefill chunk 96/137 (70.1%) chunk=19.04 t/s avg=17.71 t/s 5.421s
0824 02:01:05 ds4-server: chat ctx=0..137:137 prefill chunk 97/137 (70.8%) chunk=17.18 t/s avg=17.70 t/s 5.480s
0824 02:01:05 ds4-server: chat ctx=0..137:137 prefill chunk 98/137 (71.5%) chunk=17.89 t/s avg=17.70 t/s 5.535s
0824 02:01:05 ds4-server: chat ctx=0..137:137 prefill chunk 99/137 (72.3%) chunk=18.99 t/s avg=17.72 t/s 5.588s
0824 02:01:05 ds4-server: chat ctx=0..137:137 prefill chunk 100/137 (73.0%) chunk=17.37 t/s avg=17.71 t/s 5.646s
0824 02:01:06 ds4-server: chat ctx=0..137:137 prefill chunk 101/137 (73.7%) chunk=18.18 t/s avg=17.72 t/s 5.701s
0824 02:01:06 ds4-server: chat ctx=0..137:137 prefill chunk 102/137 (74.5%) chunk=18.75 t/s avg=17.73 t/s 5.754s
0824 02:01:06 ds4-server: chat ctx=0..137:137 prefill chunk 103/137 (75.2%) chunk=17.51 t/s avg=17.72 t/s 5.811s
0824 02:01:06 ds4-server: chat ctx=0..137:137 prefill chunk 104/137 (75.9%) chunk=17.92 t/s avg=17.73 t/s 5.867s
0824 02:01:06 ds4-server: chat ctx=0..137:137 prefill chunk 105/137 (76.6%) chunk=17.63 t/s avg=17.73 t/s 5.924s
0824 02:01:06 ds4-server: chat ctx=0..137:137 prefill chunk 106/137 (77.4%) chunk=17.57 t/s avg=17.72 t/s 5.981s
0824 02:01:06 ds4-server: chat ctx=0..137:137 prefill chunk 107/137 (78.1%) chunk=17.35 t/s avg=17.72 t/s 6.038s
0824 02:01:06 ds4-server: chat ctx=0..137:137 prefill chunk 108/137 (78.8%) chunk=16.90 t/s avg=17.71 t/s 6.097s
0824 02:01:06 ds4-server: chat ctx=0..137:137 prefill chunk 109/137 (79.6%) chunk=17.96 t/s avg=17.71 t/s 6.153s
0824 02:01:06 ds4-server: chat ctx=0..137:137 prefill chunk 110/137 (80.3%) chunk=17.54 t/s avg=17.71 t/s 6.210s
0824 02:01:06 ds4-server: chat ctx=0..137:137 prefill chunk 111/137 (81.0%) chunk=17.54 t/s avg=17.71 t/s 6.267s
0824 02:01:06 ds4-server: chat ctx=0..137:137 prefill chunk 112/137 (81.8%) chunk=18.72 t/s avg=17.72 t/s 6.321s
0824 02:01:06 ds4-server: chat ctx=0..137:137 prefill chunk 113/137 (82.5%) chunk=17.42 t/s avg=17.72 t/s 6.378s
0824 02:01:06 ds4-server: chat ctx=0..137:137 prefill chunk 114/137 (83.2%) chunk=17.24 t/s avg=17.71 t/s 6.436s
0824 02:01:06 ds4-server: chat ctx=0..137:137 prefill chunk 115/137 (83.9%) chunk=18.46 t/s avg=17.72 t/s 6.490s
0824 02:01:06 ds4-server: chat ctx=0..137:137 prefill chunk 116/137 (84.7%) chunk=18.04 t/s avg=17.72 t/s 6.546s
0824 02:01:06 ds4-server: chat ctx=0..137:137 prefill chunk 117/137 (85.4%) chunk=17.27 t/s avg=17.72 t/s 6.603s
0824 02:01:07 ds4-server: chat ctx=0..137:137 prefill chunk 118/137 (86.1%) chunk=17.94 t/s avg=17.72 t/s 6.659s
0824 02:01:07 ds4-server: chat ctx=0..137:137 prefill chunk 119/137 (86.9%) chunk=17.53 t/s avg=17.72 t/s 6.716s
0824 02:01:07 ds4-server: chat ctx=0..137:137 prefill chunk 120/137 (87.6%) chunk=17.18 t/s avg=17.71 t/s 6.775s
0824 02:01:07 ds4-server: chat ctx=0..137:137 prefill chunk 121/137 (88.3%) chunk=17.88 t/s avg=17.71 t/s 6.830s
0824 02:01:07 ds4-server: chat ctx=0..137:137 prefill chunk 122/137 (89.1%) chunk=17.71 t/s avg=17.71 t/s 6.887s
0824 02:01:07 ds4-server: chat ctx=0..137:137 prefill chunk 123/137 (89.8%) chunk=17.37 t/s avg=17.71 t/s 6.944s
0824 02:01:07 ds4-server: chat ctx=0..137:137 prefill chunk 124/137 (90.5%) chunk=18.33 t/s avg=17.72 t/s 6.999s
0824 02:01:07 ds4-server: chat ctx=0..137:137 prefill chunk 125/137 (91.2%) chunk=18.02 t/s avg=17.72 t/s 7.055s
0824 02:01:07 ds4-server: chat ctx=0..137:137 prefill chunk 126/137 (92.0%) chunk=17.45 t/s avg=17.72 t/s 7.112s
0824 02:01:07 ds4-server: chat ctx=0..137:137 prefill chunk 127/137 (92.7%) chunk=17.75 t/s avg=17.72 t/s 7.168s
0824 02:01:07 ds4-server: chat ctx=0..137:137 prefill chunk 128/137 (93.4%) chunk=17.38 t/s avg=17.71 t/s 7.226s
0824 02:01:07 ds4-server: chat ctx=0..137:137 prefill chunk 129/137 (94.2%) chunk=19.21 t/s avg=17.73 t/s 7.278s
0824 02:01:07 ds4-server: chat ctx=0..137:137 prefill chunk 130/137 (94.9%) chunk=18.09 t/s avg=17.73 t/s 7.333s
0824 02:01:07 ds4-server: chat ctx=0..137:137 prefill chunk 131/137 (95.6%) chunk=19.66 t/s avg=17.74 t/s 7.384s
0824 02:01:07 ds4-server: chat ctx=0..137:137 prefill chunk 132/137 (96.4%) chunk=18.50 t/s avg=17.75 t/s 7.438s
0824 02:01:07 ds4-server: chat ctx=0..137:137 prefill chunk 133/137 (97.1%) chunk=18.43 t/s avg=17.75 t/s 7.492s
0824 02:01:07 ds4-server: chat ctx=0..137:137 prefill chunk 134/137 (97.8%) chunk=19.33 t/s avg=17.76 t/s 7.544s
0824 02:01:07 ds4-server: chat ctx=0..137:137 prefill chunk 135/137 (98.5%) chunk=17.93 t/s avg=17.76 t/s 7.600s
0824 02:01:07 ds4-server: chat ctx=0..137:137 prefill chunk 136/137 (99.3%) chunk=20.13 t/s avg=17.78 t/s 7.649s
0824 02:01:08 ds4-server: chat ctx=0..137:137 prefill chunk 137/137 (100.0%) chunk=19.90 t/s avg=17.79 t/s 7.700s
0824 02:01:08 ds4-server: chat ctx=0..137:137 prompt done 7.700s
0824 02:01:10 ds4-server: chat ctx=137..187:50 gen=50 THINKING decoding chunk=18.28 t/s avg=18.28 t/s 2.735s
ds4: qwen35moe experts/token avg over 128 tokens: 0:14.8 1:15.0 2:14.5 3:16.0 4:15.5 5:15.7 6:15.7 7:16.0 8:16.5 9:16.8 10:15.5 11:14.9 12:16.4 13:15.7 14:15.8 15:16.2 16:16.2 17:14.9 18:15.5 19:16.9 20:16.8 21:17.7 22:15.9 23:15.6 24:17.2 25:16.6 26:16.6 27:17.1 28:16.5 29:16.8 30:16.6 31:17.2 32:17.2 33:17.4 34:17.3 35:18.2 36:18.8 37:19.1 38:19.6 39:18.9 | mean 16.5
0824 02:01:13 ds4-server: chat ctx=187..237:50 gen=100 THINKING decoding chunk=17.62 t/s avg=17.94 t/s 5.574s
0824 02:01:16 ds4-server: chat ctx=237..287:50 gen=150 THINKING decoding chunk=18.22 t/s avg=18.03 t/s 8.317s
0824 02:01:19 ds4-server: chat ctx=287..337:50 gen=200 THINKING decoding chunk=17.22 t/s avg=17.82 t/s 11.221s
ds4: qwen35moe experts/token avg over 128 tokens: 0:15.1 1:15.4 2:15.5 3:16.3 4:16.6 5:16.8 6:16.2 7:17.0 8:17.7 9:17.5 10:15.7 11:15.4 12:16.6 13:15.6 14:15.9 15:16.1 16:16.9 17:15.9 18:16.1 19:16.6 20:17.8 21:17.1 22:15.8 23:16.8 24:17.0 25:16.9 26:17.2 27:16.0 28:16.5 29:16.5 30:16.9 31:17.0 32:16.4 33:16.8 34:17.1 35:18.0 36:18.3 37:18.8 38:19.2 39:18.8 | mean 16.7
0824 02:01:22 ds4-server: chat ctx=337..387:50 gen=250 THINKING decoding chunk=18.03 t/s avg=17.86 t/s 13.994s
0824 02:01:24 ds4-server: chat ctx=387..437:50 gen=300 THINKING decoding chunk=17.61 t/s avg=17.82 t/s 16.833s
ds4: qwen35moe experts/token avg over 128 tokens: 0:14.2 1:14.5 2:14.7 3:16.0 4:15.7 5:15.6 6:15.0 7:15.5 8:17.1 9:16.5 10:14.8 11:15.0 12:15.7 13:14.8 14:15.5 15:15.0 16:15.5 17:14.6 18:15.0 19:15.2 20:16.4 21:16.0 22:15.1 23:15.2 24:15.6 25:15.4 26:16.0 27:15.1 28:15.5 29:15.7 30:15.9 31:15.8 32:15.4 33:15.1 34:15.0 35:16.7 36:17.2 37:17.4 38:18.1 39:17.0 | mean 15.6
0824 02:01:27 ds4-server: chat ctx=437..487:50 gen=350 THINKING decoding chunk=17.77 t/s avg=17.81 t/s 19.647s
0824 02:01:30 ds4-server: chat ctx=487..537:50 gen=400 THINKING decoding chunk=16.84 t/s avg=17.69 t/s 22.616s
0824 02:01:33 ds4-server: chat ctx=537..587:50 gen=450 THINKING decoding chunk=16.89 t/s avg=17.59 t/s 25.577s
ds4: qwen35moe experts/token avg over 128 tokens: 0:16.2 1:16.4 2:16.8 3:18.5 4:17.8 5:18.4 6:17.3 7:18.3 8:19.1 9:18.9 10:17.2 11:17.1 12:18.0 13:17.9 14:16.9 15:17.4 16:18.0 17:17.0 18:16.9 19:17.4 20:18.4 21:18.4 22:16.7 23:17.1 24:18.0 25:18.3 26:17.3 27:16.5 28:17.3 29:18.0 30:17.9 31:18.0 32:18.0 33:17.9 34:18.7 35:19.4 36:19.2 37:19.5 38:19.8 39:19.4 | mean 17.9
0824 02:01:36 ds4-server: chat ctx=587..637:50 gen=500 THINKING decoding chunk=17.14 t/s avg=17.55 t/s 28.494s
0824 02:01:39 ds4-server: chat ctx=637..687:50 gen=550 THINKING decoding chunk=17.17 t/s avg=17.51 t/s 31.407s
ds4: qwen35moe experts/token avg over 128 tokens: 0:15.2 1:16.1 2:15.9 3:17.3 4:16.6 5:17.1 6:17.0 7:17.7 8:18.5 9:18.0 10:16.4 11:16.1 12:16.8 13:16.8 14:16.4 15:16.6 16:17.1 17:15.9 18:16.0 19:16.9 20:17.5 21:16.8 22:16.6 23:16.1 24:16.1 25:17.1 26:16.7 27:15.3 28:16.1 29:16.6 30:16.4 31:16.3 32:16.5 33:16.5 34:16.8 35:17.5 36:18.0 37:18.3 38:19.0 39:17.9 | mean 16.8
0824 02:01:42 ds4-server: chat ctx=687..737:50 gen=600 THINKING decoding chunk=16.47 t/s avg=17.42 t/s 34.442s
0824 02:01:45 ds4-server: chat ctx=737..787:50 gen=650 THINKING decoding chunk=16.44 t/s avg=17.34 t/s 37.482s
0824 02:01:48 ds4-server: chat ctx=787..837:50 gen=700 THINKING decoding chunk=16.27 t/s avg=17.26 t/s 40.555s
ds4: qwen35moe experts/token avg over 128 tokens: 0:15.3 1:16.8 2:16.8 3:17.7 4:16.8 5:17.3 6:17.4 7:17.6 8:17.9 9:17.4 10:16.9 11:16.9 12:17.6 13:18.2 14:17.7 15:17.9 16:17.8 17:17.6 18:18.4 19:18.6 20:18.9 21:18.6 22:17.6 23:17.8 24:18.4 25:18.5 26:18.1 27:17.6 28:18.6 29:18.3 30:19.0 31:18.9 32:19.2 33:19.0 34:19.2 35:19.4 36:19.6 37:19.6 38:19.8 39:19.7 | mean 18.1
0824 02:01:51 ds4-server: chat ctx=837..887:50 gen=750 THINKING decoding chunk=16.09 t/s avg=17.18 t/s 43.662s
0824 02:01:54 ds4-server: chat ctx=887..937:50 gen=800 THINKING decoding chunk=16.77 t/s avg=17.15 t/s 46.643s
0824 02:01:57 ds4-server: chat ctx=937..987:50 gen=850 THINKING decoding chunk=17.25 t/s avg=17.16 t/s 49.542s
ds4: qwen35moe experts/token avg over 128 tokens: 0:14.3 1:14.4 2:14.7 3:15.7 4:15.7 5:15.4 6:16.0 7:15.6 8:16.5 9:16.5 10:15.1 11:15.5 12:16.0 13:16.0 14:16.3 15:16.2 16:16.2 17:15.7 18:15.9 19:16.1 20:17.2 21:16.6 22:15.9 23:15.5 24:16.5 25:16.1 26:16.2 27:15.6 28:16.4 29:16.2 30:16.0 31:16.5 32:16.7 33:16.0 34:15.7 35:16.6 36:17.0 37:18.0 38:18.5 39:17.5 | mean 16.1
0824 02:02:00 ds4-server: chat ctx=987..1037:50 gen=900 THINKING decoding chunk=15.87 t/s avg=17.08 t/s 52.693s
0824 02:02:03 ds4-server: chat ctx=1037..1087:50 gen=950 THINKING decoding chunk=16.67 t/s avg=17.06 t/s 55.692s
ds4: qwen35moe experts/token avg over 128 tokens: 0:14.9 1:15.2 2:16.1 3:17.1 4:16.6 5:17.0 6:16.9 7:17.3 8:18.1 9:17.8 10:16.0 11:15.7 12:17.3 13:16.1 14:17.2 15:16.4 16:17.3 17:16.6 18:16.7 19:16.7 20:17.8 21:16.9 22:16.4 23:16.2 24:16.6 25:16.6 26:17.1 27:16.2 28:16.3 29:16.9 30:16.3 31:16.7 32:16.6 33:16.3 34:16.4 35:17.4 36:17.4 37:17.9 38:18.5 39:17.5 | mean 16.8
0824 02:02:06 ds4-server: chat ctx=1087..1137:50 gen=1000 THINKING decoding chunk=16.76 t/s avg=17.04 t/s 58.675s
0824 02:02:09 ds4-server: chat ctx=1137..1187:50 gen=1050 THINKING decoding chunk=15.81 t/s avg=16.98 t/s 61.838s
0824 02:02:13 ds4-server: chat ctx=1187..1237:50 gen=1100 THINKING decoding chunk=16.02 t/s avg=16.93 t/s 64.959s
ds4: qwen35moe experts/token avg over 128 tokens: 0:15.2 1:15.6 2:16.3 3:17.7 4:17.2 5:17.3 6:17.1 7:17.9 8:18.6 9:17.3 10:16.2 11:16.4 12:17.4 13:16.9 14:17.5 15:17.1 16:17.4 17:16.9 18:17.2 19:16.7 20:17.5 21:17.3 22:16.5 23:17.1 24:17.5 25:17.0 26:17.2 27:16.4 28:16.7 29:17.0 30:17.1 31:17.3 32:17.2 33:17.5 34:17.2 35:18.2 36:18.5 37:18.4 38:18.7 39:18.6 | mean 17.2
0824 02:02:16 ds4-server: chat ctx=1237..1287:50 gen=1150 THINKING decoding chunk=15.60 t/s avg=16.87 t/s 68.165s
0824 02:02:19 ds4-server: chat ctx=1287..1337:50 gen=1200 THINKING decoding chunk=16.10 t/s avg=16.84 t/s 71.270s
ds4: qwen35moe experts/token avg over 128 tokens: 0:15.7 1:16.4 2:16.6 3:18.1 4:17.7 5:17.9 6:17.6 7:18.5 8:19.0 9:18.0 10:16.9 11:16.8 12:17.9 13:17.4 14:17.5 15:17.6 16:17.4 17:17.0 18:17.0 19:17.3 20:18.1 21:17.5 22:17.5 23:16.9 24:17.4 25:18.0 26:17.3 27:16.7 28:17.3 29:17.2 30:17.9 31:17.7 32:17.4 33:17.9 34:17.8 35:18.7 36:18.8 37:18.9 38:19.3 39:18.9 | mean 17.6
0824 02:02:22 ds4-server: chat ctx=1337..1387:50 gen=1250 THINKING decoding chunk=15.44 t/s avg=16.78 t/s 74.508s
0824 02:02:25 ds4-server: chat ctx=1387..1437:50 gen=1300 THINKING decoding chunk=16.14 t/s avg=16.75 t/s 77.606s
0824 02:02:28 ds4-server: chat ctx=1437..1487:50 gen=1350 THINKING decoding chunk=15.61 t/s avg=16.71 t/s 80.808s
ds4: qwen35moe experts/token avg over 128 tokens: 0:15.1 1:16.3 2:16.2 3:17.1 4:16.9 5:17.7 6:17.5 7:17.8 8:18.5 9:17.9 10:16.1 11:16.1 12:16.8 13:16.4 14:16.8 15:16.6 16:17.0 17:16.2 18:16.2 19:16.5 20:17.8 21:17.2 22:16.9 23:16.3 24:16.1 25:16.9 26:16.5 27:15.7 28:16.4 29:16.2 30:16.4 31:16.5 32:16.2 33:16.5 34:16.4 35:17.7 36:18.2 37:18.2 38:18.6 39:17.8 | mean 16.8
0824 02:02:32 ds4-server: chat ctx=1487..1537:50 gen=1400 THINKING decoding chunk=15.46 t/s avg=16.66 t/s 84.043s
0824 02:02:35 ds4-server: chat ctx=1537..1587:50 gen=1450 THINKING decoding chunk=15.98 t/s avg=16.63 t/s 87.172s
ds4: qwen35moe experts/token avg over 128 tokens: 0:14.7 1:15.3 2:15.4 3:15.8 4:16.4 5:16.1 6:16.6 7:16.3 8:17.3 9:17.1 10:15.7 11:15.4 12:16.5 13:15.8 14:16.2 15:15.9 16:16.3 17:16.1 18:15.7 19:15.8 20:16.2 21:16.6 22:16.1 23:15.9 24:16.1 25:16.0 26:16.2 27:15.5 28:16.0 29:16.1 30:15.7 31:16.4 32:16.2 33:15.7 34:15.7 35:16.9 36:17.0 37:17.4 38:17.8 39:17.4 | mean 16.2
0824 02:02:38 ds4-server: chat ctx=1587..1637:50 gen=1500 THINKING decoding chunk=15.58 t/s avg=16.60 t/s 90.382s
0824 02:02:41 ds4-server: chat ctx=1637..1687:50 gen=1550 THINKING decoding chunk=15.04 t/s avg=16.54 t/s 93.707s
0824 02:02:45 ds4-server: chat ctx=1687..1737:50 gen=1600 decoding chunk=15.01 t/s avg=16.49 t/s 97.037s
0824 02:02:46 ds4-server: chat ctx=1737..1757:20 gen=1620 decoding chunk=14.66 t/s avg=16.46 t/s 98.402s
0824 02:02:46 ds4-server: thinking live checkpoint remembered ctx=0..137:137 live=1757 visible=757
0824 02:02:46 ds4-server: chat ctx=0..137:137 gen=1620 finish=stop 106.102s
0824 02:02:48 ds4-server: live kv cache miss live=1757 prompt=187 common=30 reason=token-mismatch
0824 02:02:48 ds4-server: chat ctx=0..187:187 prompt start
ds4: qwen35moe experts/token avg over 128 tokens: 0:16.5 1:16.7 2:17.4 3:18.7 4:18.0 5:18.2 6:18.0 7:18.7 8:18.8 9:18.4 10:17.7 11:17.5 12:18.4 13:18.5 14:18.6 15:18.6 16:18.8 17:18.5 18:18.6 19:18.4 20:18.7 21:18.4 22:18.1 23:17.8 24:18.3 25:18.8 26:18.3 27:18.1 28:18.2 29:18.7 30:18.4 31:18.8 32:18.5 33:18.7 34:19.1 35:19.2 36:19.5 37:19.4 38:19.6 39:19.6 | mean 18.4
0824 02:02:49 ds4-server: chat ctx=0..187:187 prefill chunk 1/187 (0.5%) chunk=0.00 t/s avg=2.77 t/s 0.360s
0824 02:02:49 ds4-server: chat ctx=0..187:187 prefill chunk 2/187 (1.1%) chunk=19.18 t/s avg=4.85 t/s 0.413s
0824 02:02:49 ds4-server: chat ctx=0..187:187 prefill chunk 3/187 (1.6%) chunk=19.86 t/s avg=6.48 t/s 0.463s
0824 02:02:49 ds4-server: chat ctx=0..187:187 prefill chunk 4/187 (2.1%) chunk=19.16 t/s avg=7.77 t/s 0.515s
0824 02:02:49 ds4-server: chat ctx=0..187:187 prefill chunk 5/187 (2.7%) chunk=18.96 t/s avg=8.80 t/s 0.568s
0824 02:02:49 ds4-server: chat ctx=0..187:187 prefill chunk 6/187 (3.2%) chunk=19.45 t/s avg=9.69 t/s 0.619s
0824 02:02:49 ds4-server: chat ctx=0..187:187 prefill chunk 7/187 (3.7%) chunk=18.76 t/s avg=10.41 t/s 0.673s
0824 02:02:49 ds4-server: chat ctx=0..187:187 prefill chunk 8/187 (4.3%) chunk=18.94 t/s avg=11.03 t/s 0.725s
0824 02:02:49 ds4-server: chat ctx=0..187:187 prefill chunk 9/187 (4.8%) chunk=19.00 t/s avg=11.57 t/s 0.778s
0824 02:02:49 ds4-server: chat ctx=0..187:187 prefill chunk 10/187 (5.3%) chunk=19.31 t/s avg=12.05 t/s 0.830s
0824 02:02:49 ds4-server: chat ctx=0..187:187 prefill chunk 11/187 (5.9%) chunk=18.65 t/s avg=12.45 t/s 0.883s
0824 02:02:49 ds4-server: chat ctx=0..187:187 prefill chunk 12/187 (6.4%) chunk=18.70 t/s avg=12.81 t/s 0.937s
0824 02:02:49 ds4-server: chat ctx=0..187:187 prefill chunk 13/187 (7.0%) chunk=19.47 t/s avg=13.15 t/s 0.988s
0824 02:02:49 ds4-server: chat ctx=0..187:187 prefill chunk 14/187 (7.5%) chunk=18.71 t/s avg=13.44 t/s 1.042s
0824 02:02:49 ds4-server: chat ctx=0..187:187 prefill chunk 15/187 (8.0%) chunk=19.57 t/s avg=13.73 t/s 1.093s
0824 02:02:49 ds4-server: chat ctx=0..187:187 prefill chunk 16/187 (8.6%) chunk=18.91 t/s avg=13.97 t/s 1.146s
0824 02:02:50 ds4-server: chat ctx=0..187:187 prefill chunk 17/187 (9.1%) chunk=19.16 t/s avg=14.19 t/s 1.198s
0824 02:02:50 ds4-server: chat ctx=0..187:187 prefill chunk 18/187 (9.6%) chunk=18.52 t/s avg=14.38 t/s 1.252s
0824 02:02:50 ds4-server: chat ctx=0..187:187 prefill chunk 19/187 (10.2%) chunk=18.67 t/s avg=14.55 t/s 1.305s
0824 02:02:50 ds4-server: chat ctx=0..187:187 prefill chunk 20/187 (10.7%) chunk=19.00 t/s avg=14.73 t/s 1.358s
0824 02:02:50 ds4-server: chat ctx=0..187:187 prefill chunk 21/187 (11.2%) chunk=18.73 t/s avg=14.88 t/s 1.411s
0824 02:02:50 ds4-server: chat ctx=0..187:187 prefill chunk 22/187 (11.8%) chunk=18.87 t/s avg=15.02 t/s 1.464s
0824 02:02:50 ds4-server: chat ctx=0..187:187 prefill chunk 23/187 (12.3%) chunk=18.81 t/s avg=15.16 t/s 1.518s
0824 02:02:50 ds4-server: chat ctx=0..187:187 prefill chunk 24/187 (12.8%) chunk=19.05 t/s avg=15.29 t/s 1.570s
0824 02:02:50 ds4-server: chat ctx=0..187:187 prefill chunk 25/187 (13.4%) chunk=19.18 t/s avg=15.41 t/s 1.622s
0824 02:02:50 ds4-server: chat ctx=0..187:187 prefill chunk 26/187 (13.9%) chunk=18.84 t/s avg=15.52 t/s 1.675s
0824 02:02:50 ds4-server: chat ctx=0..187:187 prefill chunk 27/187 (14.4%) chunk=18.74 t/s avg=15.62 t/s 1.729s
0824 02:02:50 ds4-server: chat ctx=0..187:187 prefill chunk 28/187 (15.0%) chunk=17.98 t/s avg=15.69 t/s 1.784s
0824 02:02:50 ds4-server: chat ctx=0..187:187 prefill chunk 29/187 (15.5%) chunk=18.36 t/s avg=15.77 t/s 1.839s
0824 02:02:50 ds4-server: chat ctx=0..187:187 prefill chunk 30/187 (16.0%) chunk=19.34 t/s avg=15.87 t/s 1.890s
0824 02:02:50 ds4-server: chat ctx=0..187:187 prefill chunk 31/187 (16.6%) chunk=19.40 t/s avg=15.96 t/s 1.942s
0824 02:02:50 ds4-server: chat ctx=0..187:187 prefill chunk 32/187 (17.1%) chunk=19.42 t/s avg=16.05 t/s 1.994s
0824 02:02:50 ds4-server: chat ctx=0..187:187 prefill chunk 33/187 (17.6%) chunk=18.62 t/s avg=16.12 t/s 2.047s
0824 02:02:50 ds4-server: chat ctx=0..187:187 prefill chunk 34/187 (18.2%) chunk=18.65 t/s avg=16.18 t/s 2.101s
0824 02:02:50 ds4-server: chat ctx=0..187:187 prefill chunk 35/187 (18.7%) chunk=18.89 t/s avg=16.25 t/s 2.154s
0824 02:02:51 ds4-server: chat ctx=0..187:187 prefill chunk 36/187 (19.3%) chunk=18.34 t/s avg=16.30 t/s 2.208s
0824 02:02:51 ds4-server: chat ctx=0..187:187 prefill chunk 37/187 (19.8%) chunk=18.86 t/s avg=16.36 t/s 2.261s
0824 02:02:51 ds4-server: chat ctx=0..187:187 prefill chunk 38/187 (20.3%) chunk=17.47 t/s avg=16.39 t/s 2.319s
0824 02:02:51 ds4-server: chat ctx=0..187:187 prefill chunk 39/187 (20.9%) chunk=17.89 t/s avg=16.42 t/s 2.374s
0824 02:02:51 ds4-server: chat ctx=0..187:187 prefill chunk 40/187 (21.4%) chunk=18.08 t/s avg=16.46 t/s 2.430s
0824 02:02:51 ds4-server: chat ctx=0..187:187 prefill chunk 41/187 (21.9%) chunk=17.59 t/s avg=16.49 t/s 2.487s
0824 02:02:51 ds4-server: chat ctx=0..187:187 prefill chunk 42/187 (22.5%) chunk=18.08 t/s avg=16.52 t/s 2.542s
0824 02:02:51 ds4-server: chat ctx=0..187:187 prefill chunk 43/187 (23.0%) chunk=19.59 t/s avg=16.58 t/s 2.593s
0824 02:02:51 ds4-server: chat ctx=0..187:187 prefill chunk 44/187 (23.5%) chunk=17.85 t/s avg=16.61 t/s 2.649s
0824 02:02:51 ds4-server: chat ctx=0..187:187 prefill chunk 45/187 (24.1%) chunk=19.25 t/s avg=16.66 t/s 2.701s
0824 02:02:51 ds4-server: chat ctx=0..187:187 prefill chunk 46/187 (24.6%) chunk=19.00 t/s avg=16.71 t/s 2.754s
0824 02:02:51 ds4-server: chat ctx=0..187:187 prefill chunk 47/187 (25.1%) chunk=17.80 t/s avg=16.73 t/s 2.810s
0824 02:02:51 ds4-server: chat ctx=0..187:187 prefill chunk 48/187 (25.7%) chunk=19.43 t/s avg=16.78 t/s 2.861s
0824 02:02:51 ds4-server: chat ctx=0..187:187 prefill chunk 49/187 (26.2%) chunk=18.56 t/s avg=16.81 t/s 2.915s
0824 02:02:51 ds4-server: chat ctx=0..187:187 prefill chunk 50/187 (26.7%) chunk=17.87 t/s avg=16.83 t/s 2.971s
0824 02:02:51 ds4-server: chat ctx=0..187:187 prefill chunk 51/187 (27.3%) chunk=18.18 t/s avg=16.85 t/s 3.026s
0824 02:02:51 ds4-server: chat ctx=0..187:187 prefill chunk 52/187 (27.8%) chunk=18.52 t/s avg=16.88 t/s 3.080s
0824 02:02:51 ds4-server: chat ctx=0..187:187 prefill chunk 53/187 (28.3%) chunk=19.16 t/s avg=16.92 t/s 3.132s
0824 02:02:52 ds4-server: chat ctx=0..187:187 prefill chunk 54/187 (28.9%) chunk=18.14 t/s avg=16.94 t/s 3.187s
0824 02:02:52 ds4-server: chat ctx=0..187:187 prefill chunk 55/187 (29.4%) chunk=17.65 t/s avg=16.95 t/s 3.244s
0824 02:02:52 ds4-server: chat ctx=0..187:187 prefill chunk 56/187 (29.9%) chunk=16.80 t/s avg=16.95 t/s 3.304s
0824 02:02:52 ds4-server: chat ctx=0..187:187 prefill chunk 57/187 (30.5%) chunk=17.60 t/s avg=16.96 t/s 3.360s
0824 02:02:52 ds4-server: chat ctx=0..187:187 prefill chunk 58/187 (31.0%) chunk=18.11 t/s avg=16.98 t/s 3.416s
0824 02:02:52 ds4-server: chat ctx=0..187:187 prefill chunk 59/187 (31.6%) chunk=17.17 t/s avg=16.98 t/s 3.474s
0824 02:02:52 ds4-server: chat ctx=0..187:187 prefill chunk 60/187 (32.1%) chunk=18.68 t/s avg=17.01 t/s 3.527s
0824 02:02:52 ds4-server: chat ctx=0..187:187 prefill chunk 61/187 (32.6%) chunk=18.04 t/s avg=17.03 t/s 3.583s
0824 02:02:52 ds4-server: chat ctx=0..187:187 prefill chunk 62/187 (33.2%) chunk=17.76 t/s avg=17.04 t/s 3.639s
0824 02:02:52 ds4-server: chat ctx=0..187:187 prefill chunk 63/187 (33.7%) chunk=19.60 t/s avg=17.07 t/s 3.690s
0824 02:02:52 ds4-server: chat ctx=0..187:187 prefill chunk 64/187 (34.2%) chunk=18.71 t/s avg=17.10 t/s 3.744s
0824 02:02:52 ds4-server: chat ctx=0..187:187 prefill chunk 65/187 (34.8%) chunk=19.03 t/s avg=17.12 t/s 3.796s
0824 02:02:52 ds4-server: chat ctx=0..187:187 prefill chunk 66/187 (35.3%) chunk=18.48 t/s avg=17.14 t/s 3.850s
0824 02:02:52 ds4-server: chat ctx=0..187:187 prefill chunk 67/187 (35.8%) chunk=18.37 t/s avg=17.16 t/s 3.905s
0824 02:02:52 ds4-server: chat ctx=0..187:187 prefill chunk 68/187 (36.4%) chunk=18.21 t/s avg=17.17 t/s 3.960s
0824 02:02:52 ds4-server: chat ctx=0..187:187 prefill chunk 69/187 (36.9%) chunk=18.16 t/s avg=17.19 t/s 4.015s
0824 02:02:52 ds4-server: chat ctx=0..187:187 prefill chunk 70/187 (37.4%) chunk=16.84 t/s avg=17.18 t/s 4.074s
0824 02:02:52 ds4-server: chat ctx=0..187:187 prefill chunk 71/187 (38.0%) chunk=18.49 t/s avg=17.20 t/s 4.128s
0824 02:02:53 ds4-server: chat ctx=0..187:187 prefill chunk 72/187 (38.5%) chunk=17.31 t/s avg=17.20 t/s 4.186s
0824 02:02:53 ds4-server: chat ctx=0..187:187 prefill chunk 73/187 (39.0%) chunk=17.04 t/s avg=17.20 t/s 4.245s
0824 02:02:53 ds4-server: chat ctx=0..187:187 prefill chunk 74/187 (39.6%) chunk=18.44 t/s avg=17.21 t/s 4.299s
0824 02:02:53 ds4-server: chat ctx=0..187:187 prefill chunk 75/187 (40.1%) chunk=18.38 t/s avg=17.23 t/s 4.353s
0824 02:02:53 ds4-server: chat ctx=0..187:187 prefill chunk 76/187 (40.6%) chunk=17.53 t/s avg=17.23 t/s 4.410s
0824 02:02:53 ds4-server: chat ctx=0..187:187 prefill chunk 77/187 (41.2%) chunk=19.21 t/s avg=17.26 t/s 4.462s
0824 02:02:53 ds4-server: chat ctx=0..187:187 prefill chunk 78/187 (41.7%) chunk=18.50 t/s avg=17.27 t/s 4.516s
0824 02:02:53 ds4-server: chat ctx=0..187:187 prefill chunk 79/187 (42.2%) chunk=17.89 t/s avg=17.28 t/s 4.572s
0824 02:02:53 ds4-server: chat ctx=0..187:187 prefill chunk 80/187 (42.8%) chunk=19.35 t/s avg=17.30 t/s 4.624s
0824 02:02:53 ds4-server: chat ctx=0..187:187 prefill chunk 81/187 (43.3%) chunk=18.45 t/s avg=17.31 t/s 4.678s
0824 02:02:53 ds4-server: chat ctx=0..187:187 prefill chunk 82/187 (43.9%) chunk=19.06 t/s avg=17.33 t/s 4.731s
0824 02:02:53 ds4-server: chat ctx=0..187:187 prefill chunk 83/187 (44.4%) chunk=19.05 t/s avg=17.35 t/s 4.783s
0824 02:02:53 ds4-server: chat ctx=0..187:187 prefill chunk 84/187 (44.9%) chunk=18.29 t/s avg=17.36 t/s 4.838s
0824 02:02:53 ds4-server: chat ctx=0..187:187 prefill chunk 85/187 (45.5%) chunk=18.69 t/s avg=17.38 t/s 4.891s
0824 02:02:53 ds4-server: chat ctx=0..187:187 prefill chunk 86/187 (46.0%) chunk=18.55 t/s avg=17.39 t/s 4.945s
0824 02:02:53 ds4-server: chat ctx=0..187:187 prefill chunk 87/187 (46.5%) chunk=19.09 t/s avg=17.41 t/s 4.998s
0824 02:02:53 ds4-server: chat ctx=0..187:187 prefill chunk 88/187 (47.1%) chunk=19.01 t/s avg=17.42 t/s 5.050s
0824 02:02:53 ds4-server: chat ctx=0..187:187 prefill chunk 89/187 (47.6%) chunk=18.91 t/s avg=17.44 t/s 5.103s
0824 02:02:53 ds4-server: chat ctx=0..187:187 prefill chunk 90/187 (48.1%) chunk=19.08 t/s avg=17.46 t/s 5.156s
0824 02:02:54 ds4-server: chat ctx=0..187:187 prefill chunk 91/187 (48.7%) chunk=18.54 t/s avg=17.47 t/s 5.210s
0824 02:02:54 ds4-server: chat ctx=0..187:187 prefill chunk 92/187 (49.2%) chunk=18.90 t/s avg=17.48 t/s 5.262s
0824 02:02:54 ds4-server: chat ctx=0..187:187 prefill chunk 93/187 (49.7%) chunk=18.40 t/s avg=17.49 t/s 5.317s
0824 02:02:54 ds4-server: chat ctx=0..187:187 prefill chunk 94/187 (50.3%) chunk=18.45 t/s avg=17.50 t/s 5.371s
0824 02:02:54 ds4-server: chat ctx=0..187:187 prefill chunk 95/187 (50.8%) chunk=19.01 t/s avg=17.52 t/s 5.424s
0824 02:02:54 ds4-server: chat ctx=0..187:187 prefill chunk 96/187 (51.3%) chunk=18.67 t/s avg=17.53 t/s 5.477s
0824 02:02:54 ds4-server: chat ctx=0..187:187 prefill chunk 97/187 (51.9%) chunk=18.39 t/s avg=17.54 t/s 5.532s
0824 02:02:54 ds4-server: chat ctx=0..187:187 prefill chunk 98/187 (52.4%) chunk=18.59 t/s avg=17.55 t/s 5.585s
0824 02:02:54 ds4-server: chat ctx=0..187:187 prefill chunk 99/187 (52.9%) chunk=17.78 t/s avg=17.55 t/s 5.642s
0824 02:02:54 ds4-server: chat ctx=0..187:187 prefill chunk 100/187 (53.5%) chunk=18.28 t/s avg=17.56 t/s 5.696s
0824 02:02:54 ds4-server: chat ctx=0..187:187 prefill chunk 101/187 (54.0%) chunk=17.99 t/s avg=17.56 t/s 5.752s
0824 02:02:54 ds4-server: chat ctx=0..187:187 prefill chunk 102/187 (54.5%) chunk=18.31 t/s avg=17.57 t/s 5.806s
0824 02:02:54 ds4-server: chat ctx=0..187:187 prefill chunk 103/187 (55.1%) chunk=18.53 t/s avg=17.58 t/s 5.860s
0824 02:02:54 ds4-server: chat ctx=0..187:187 prefill chunk 104/187 (55.6%) chunk=17.60 t/s avg=17.58 t/s 5.917s
0824 02:02:54 ds4-server: chat ctx=0..187:187 prefill chunk 105/187 (56.1%) chunk=18.18 t/s avg=17.58 t/s 5.972s
0824 02:02:54 ds4-server: chat ctx=0..187:187 prefill chunk 106/187 (56.7%) chunk=18.69 t/s avg=17.59 t/s 6.026s
0824 02:02:54 ds4-server: chat ctx=0..187:187 prefill chunk 107/187 (57.2%) chunk=18.52 t/s avg=17.60 t/s 6.080s
0824 02:02:54 ds4-server: chat ctx=0..187:187 prefill chunk 108/187 (57.8%) chunk=17.65 t/s avg=17.60 t/s 6.136s
0824 02:02:55 ds4-server: chat ctx=0..187:187 prefill chunk 109/187 (58.3%) chunk=18.85 t/s avg=17.61 t/s 6.189s
0824 02:02:55 ds4-server: chat ctx=0..187:187 prefill chunk 110/187 (58.8%) chunk=18.03 t/s avg=17.61 t/s 6.245s
0824 02:02:55 ds4-server: chat ctx=0..187:187 prefill chunk 111/187 (59.4%) chunk=18.94 t/s avg=17.63 t/s 6.298s
0824 02:02:55 ds4-server: chat ctx=0..187:187 prefill chunk 112/187 (59.9%) chunk=17.97 t/s avg=17.63 t/s 6.353s
0824 02:02:55 ds4-server: chat ctx=0..187:187 prefill chunk 113/187 (60.4%) chunk=17.28 t/s avg=17.63 t/s 6.411s
0824 02:02:55 ds4-server: chat ctx=0..187:187 prefill chunk 114/187 (61.0%) chunk=18.78 t/s avg=17.63 t/s 6.465s
0824 02:02:55 ds4-server: chat ctx=0..187:187 prefill chunk 115/187 (61.5%) chunk=18.09 t/s avg=17.64 t/s 6.520s
0824 02:02:55 ds4-server: chat ctx=0..187:187 prefill chunk 116/187 (62.0%) chunk=17.77 t/s avg=17.64 t/s 6.576s
0824 02:02:55 ds4-server: chat ctx=0..187:187 prefill chunk 117/187 (62.6%) chunk=18.83 t/s avg=17.65 t/s 6.629s
0824 02:02:55 ds4-server: chat ctx=0..187:187 prefill chunk 118/187 (63.1%) chunk=18.04 t/s avg=17.65 t/s 6.685s
0824 02:02:55 ds4-server: chat ctx=0..187:187 prefill chunk 119/187 (63.6%) chunk=18.48 t/s avg=17.66 t/s 6.739s
0824 02:02:55 ds4-server: chat ctx=0..187:187 prefill chunk 120/187 (64.2%) chunk=18.23 t/s avg=17.66 t/s 6.794s
0824 02:02:55 ds4-server: chat ctx=0..187:187 prefill chunk 121/187 (64.7%) chunk=18.21 t/s avg=17.67 t/s 6.849s
0824 02:02:55 ds4-server: chat ctx=0..187:187 prefill chunk 122/187 (65.2%) chunk=18.09 t/s avg=17.67 t/s 6.904s
0824 02:02:55 ds4-server: chat ctx=0..187:187 prefill chunk 123/187 (65.8%) chunk=18.66 t/s avg=17.68 t/s 6.957s
0824 02:02:55 ds4-server: chat ctx=0..187:187 prefill chunk 124/187 (66.3%) chunk=18.06 t/s avg=17.68 t/s 7.013s
0824 02:02:55 ds4-server: chat ctx=0..187:187 prefill chunk 125/187 (66.8%) chunk=18.12 t/s avg=17.69 t/s 7.068s
0824 02:02:55 ds4-server: chat ctx=0..187:187 prefill chunk 126/187 (67.4%) chunk=18.13 t/s avg=17.69 t/s 7.123s
0824 02:02:56 ds4-server: chat ctx=0..187:187 prefill chunk 127/187 (67.9%) chunk=18.12 t/s avg=17.69 t/s 7.178s
0824 02:02:56 ds4-server: chat ctx=0..187:187 prefill chunk 128/187 (68.4%) chunk=18.76 t/s avg=17.70 t/s 7.232s
ds4: qwen35moe experts/token avg over 128 tokens: 0:13.7 1:13.9 2:14.7 3:15.3 4:14.6 5:14.5 6:14.5 7:15.4 8:15.5 9:15.3 10:14.5 11:14.4 12:15.2 13:14.5 14:14.7 15:15.1 16:14.8 17:14.2 18:15.1 19:15.4 20:16.0 21:15.0 22:15.2 23:15.3 24:16.0 25:15.2 26:15.6 27:16.1 28:15.1 29:17.2 30:16.3 31:16.8 32:16.6 33:16.8 34:17.2 35:18.5 36:19.3 37:18.9 38:19.2 39:17.6 | mean 15.7
0824 02:02:56 ds4-server: chat ctx=0..187:187 prefill chunk 129/187 (69.0%) chunk=17.70 t/s avg=17.70 t/s 7.288s
0824 02:02:56 ds4-server: chat ctx=0..187:187 prefill chunk 130/187 (69.5%) chunk=17.70 t/s avg=17.70 t/s 7.345s
0824 02:02:56 ds4-server: chat ctx=0..187:187 prefill chunk 131/187 (70.1%) chunk=18.73 t/s avg=17.71 t/s 7.398s
0824 02:02:56 ds4-server: chat ctx=0..187:187 prefill chunk 132/187 (70.6%) chunk=17.94 t/s avg=17.71 t/s 7.454s
0824 02:02:56 ds4-server: chat ctx=0..187:187 prefill chunk 133/187 (71.1%) chunk=17.85 t/s avg=17.71 t/s 7.510s
0824 02:02:56 ds4-server: chat ctx=0..187:187 prefill chunk 134/187 (71.7%) chunk=18.38 t/s avg=17.72 t/s 7.564s
0824 02:02:56 ds4-server: chat ctx=0..187:187 prefill chunk 135/187 (72.2%) chunk=17.96 t/s avg=17.72 t/s 7.620s
0824 02:02:56 ds4-server: chat ctx=0..187:187 prefill chunk 136/187 (72.7%) chunk=17.68 t/s avg=17.72 t/s 7.676s
0824 02:02:56 ds4-server: chat ctx=0..187:187 prefill chunk 137/187 (73.3%) chunk=18.37 t/s avg=17.72 t/s 7.731s
0824 02:02:56 ds4-server: chat ctx=0..187:187 prefill chunk 138/187 (73.8%) chunk=18.74 t/s avg=17.73 t/s 7.784s
0824 02:02:56 ds4-server: chat ctx=0..187:187 prefill chunk 139/187 (74.3%) chunk=17.43 t/s avg=17.73 t/s 7.842s
0824 02:02:56 ds4-server: chat ctx=0..187:187 prefill chunk 140/187 (74.9%) chunk=18.16 t/s avg=17.73 t/s 7.897s
0824 02:02:56 ds4-server: chat ctx=0..187:187 prefill chunk 141/187 (75.4%) chunk=18.22 t/s avg=17.73 t/s 7.951s
0824 02:02:56 ds4-server: chat ctx=0..187:187 prefill chunk 142/187 (75.9%) chunk=17.90 t/s avg=17.73 t/s 8.007s
0824 02:02:56 ds4-server: chat ctx=0..187:187 prefill chunk 143/187 (76.5%) chunk=18.49 t/s avg=17.74 t/s 8.061s
0824 02:02:56 ds4-server: chat ctx=0..187:187 prefill chunk 144/187 (77.0%) chunk=17.80 t/s avg=17.74 t/s 8.118s
0824 02:02:57 ds4-server: chat ctx=0..187:187 prefill chunk 145/187 (77.5%) chunk=17.24 t/s avg=17.74 t/s 8.176s
0824 02:02:57 ds4-server: chat ctx=0..187:187 prefill chunk 146/187 (78.1%) chunk=17.99 t/s avg=17.74 t/s 8.231s
0824 02:02:57 ds4-server: chat ctx=0..187:187 prefill chunk 147/187 (78.6%) chunk=17.78 t/s avg=17.74 t/s 8.287s
0824 02:02:57 ds4-server: chat ctx=0..187:187 prefill chunk 148/187 (79.1%) chunk=17.59 t/s avg=17.74 t/s 8.344s
0824 02:02:57 ds4-server: chat ctx=0..187:187 prefill chunk 149/187 (79.7%) chunk=18.24 t/s avg=17.74 t/s 8.399s
0824 02:02:57 ds4-server: chat ctx=0..187:187 prefill chunk 150/187 (80.2%) chunk=17.30 t/s avg=17.74 t/s 8.457s
0824 02:02:57 ds4-server: chat ctx=0..187:187 prefill chunk 151/187 (80.7%) chunk=18.02 t/s avg=17.74 t/s 8.512s
0824 02:02:57 ds4-server: chat ctx=0..187:187 prefill chunk 152/187 (81.3%) chunk=17.35 t/s avg=17.74 t/s 8.570s
0824 02:02:57 ds4-server: chat ctx=0..187:187 prefill chunk 153/187 (81.8%) chunk=18.57 t/s avg=17.74 t/s 8.624s
0824 02:02:57 ds4-server: chat ctx=0..187:187 prefill chunk 154/187 (82.4%) chunk=18.28 t/s avg=17.74 t/s 8.679s
0824 02:02:57 ds4-server: chat ctx=0..187:187 prefill chunk 155/187 (82.9%) chunk=18.10 t/s avg=17.75 t/s 8.734s
0824 02:02:57 ds4-server: chat ctx=0..187:187 prefill chunk 156/187 (83.4%) chunk=17.08 t/s avg=17.74 t/s 8.792s
0824 02:02:57 ds4-server: chat ctx=0..187:187 prefill chunk 157/187 (84.0%) chunk=17.49 t/s avg=17.74 t/s 8.850s
0824 02:02:57 ds4-server: chat ctx=0..187:187 prefill chunk 158/187 (84.5%) chunk=17.09 t/s avg=17.74 t/s 8.908s
0824 02:02:57 ds4-server: chat ctx=0..187:187 prefill chunk 159/187 (85.0%) chunk=18.93 t/s avg=17.74 t/s 8.961s
0824 02:02:57 ds4-server: chat ctx=0..187:187 prefill chunk 160/187 (85.6%) chunk=18.47 t/s avg=17.75 t/s 9.015s
0824 02:02:57 ds4-server: chat ctx=0..187:187 prefill chunk 161/187 (86.1%) chunk=17.46 t/s avg=17.75 t/s 9.072s
0824 02:02:57 ds4-server: chat ctx=0..187:187 prefill chunk 162/187 (86.6%) chunk=18.06 t/s avg=17.75 t/s 9.128s
0824 02:02:58 ds4-server: chat ctx=0..187:187 prefill chunk 163/187 (87.2%) chunk=17.98 t/s avg=17.75 t/s 9.183s
0824 02:02:58 ds4-server: chat ctx=0..187:187 prefill chunk 164/187 (87.7%) chunk=17.56 t/s avg=17.75 t/s 9.240s
0824 02:02:58 ds4-server: chat ctx=0..187:187 prefill chunk 165/187 (88.2%) chunk=18.24 t/s avg=17.75 t/s 9.295s
0824 02:02:58 ds4-server: chat ctx=0..187:187 prefill chunk 166/187 (88.8%) chunk=17.78 t/s avg=17.75 t/s 9.351s
0824 02:02:58 ds4-server: chat ctx=0..187:187 prefill chunk 167/187 (89.3%) chunk=17.05 t/s avg=17.75 t/s 9.410s
0824 02:02:58 ds4-server: chat ctx=0..187:187 prefill chunk 168/187 (89.8%) chunk=18.37 t/s avg=17.75 t/s 9.464s
0824 02:02:58 ds4-server: chat ctx=0..187:187 prefill chunk 169/187 (90.4%) chunk=18.60 t/s avg=17.76 t/s 9.518s
0824 02:02:58 ds4-server: chat ctx=0..187:187 prefill chunk 170/187 (90.9%) chunk=17.70 t/s avg=17.76 t/s 9.575s
0824 02:02:58 ds4-server: chat ctx=0..187:187 prefill chunk 171/187 (91.4%) chunk=16.93 t/s avg=17.75 t/s 9.634s
0824 02:02:58 ds4-server: chat ctx=0..187:187 prefill chunk 172/187 (92.0%) chunk=17.72 t/s avg=17.75 t/s 9.690s
0824 02:02:58 ds4-server: chat ctx=0..187:187 prefill chunk 173/187 (92.5%) chunk=17.07 t/s avg=17.75 t/s 9.749s
0824 02:02:58 ds4-server: chat ctx=0..187:187 prefill chunk 174/187 (93.0%) chunk=18.65 t/s avg=17.75 t/s 9.802s
0824 02:02:58 ds4-server: chat ctx=0..187:187 prefill chunk 175/187 (93.6%) chunk=18.45 t/s avg=17.75 t/s 9.857s
0824 02:02:58 ds4-server: chat ctx=0..187:187 prefill chunk 176/187 (94.1%) chunk=16.97 t/s avg=17.75 t/s 9.915s
0824 02:02:58 ds4-server: chat ctx=0..187:187 prefill chunk 177/187 (94.7%) chunk=17.44 t/s avg=17.75 t/s 9.973s
0824 02:02:58 ds4-server: chat ctx=0..187:187 prefill chunk 178/187 (95.2%) chunk=18.33 t/s avg=17.75 t/s 10.027s
0824 02:02:58 ds4-server: chat ctx=0..187:187 prefill chunk 179/187 (95.7%) chunk=18.72 t/s avg=17.76 t/s 10.081s
0824 02:02:58 ds4-server: chat ctx=0..187:187 prefill chunk 180/187 (96.3%) chunk=18.46 t/s avg=17.76 t/s 10.135s
0824 02:02:59 ds4-server: chat ctx=0..187:187 prefill chunk 181/187 (96.8%) chunk=19.03 t/s avg=17.77 t/s 10.187s
0824 02:02:59 ds4-server: chat ctx=0..187:187 prefill chunk 182/187 (97.3%) chunk=18.21 t/s avg=17.77 t/s 10.242s
0824 02:02:59 ds4-server: chat ctx=0..187:187 prefill chunk 183/187 (97.9%) chunk=18.80 t/s avg=17.77 t/s 10.296s
0824 02:02:59 ds4-server: chat ctx=0..187:187 prefill chunk 184/187 (98.4%) chunk=18.64 t/s avg=17.78 t/s 10.349s
0824 02:02:59 ds4-server: chat ctx=0..187:187 prefill chunk 185/187 (98.9%) chunk=18.16 t/s avg=17.78 t/s 10.404s
0824 02:02:59 ds4-server: chat ctx=0..187:187 prefill chunk 186/187 (99.5%) chunk=20.00 t/s avg=17.79 t/s 10.454s
0824 02:02:59 ds4-server: chat ctx=0..187:187 prefill chunk 187/187 (100.0%) chunk=19.71 t/s avg=17.80 t/s 10.505s
0824 02:02:59 ds4-server: chat ctx=0..187:187 prompt done 10.505s
0824 02:03:02 ds4-server: chat ctx=187..237:50 gen=50 THINKING decoding chunk=18.28 t/s avg=18.28 t/s 2.735s
ds4: qwen35moe experts/token avg over 128 tokens: 0:14.6 1:14.3 2:15.5 3:15.9 4:15.7 5:16.2 6:15.2 7:16.3 8:17.1 9:16.9 10:14.9 11:14.6 12:16.1 13:15.7 14:15.9 15:15.7 16:15.3 17:14.9 18:15.5 19:16.2 20:16.4 21:16.5 22:15.2 23:15.5 24:16.4 25:15.2 26:16.0 27:16.3 28:15.8 29:17.0 30:16.6 31:17.3 32:16.7 33:16.8 34:16.7 35:17.8 36:18.4 37:18.9 38:19.3 39:18.7 | mean 16.3
0824 02:03:04 ds4-server: chat ctx=237..287:50 gen=100 THINKING decoding chunk=18.00 t/s avg=18.14 t/s 5.513s
0824 02:03:07 ds4-server: chat ctx=287..337:50 gen=150 THINKING decoding chunk=17.88 t/s avg=18.05 t/s 8.309s
ds4: qwen35moe experts/token avg over 128 tokens: 0:14.8 1:14.7 2:15.1 3:15.9 4:16.3 5:16.3 6:16.2 7:16.9 8:18.0 9:17.8 10:15.3 11:15.2 12:17.0 13:16.0 14:15.7 15:15.7 16:16.0 17:15.4 18:15.5 19:16.1 20:17.3 21:17.7 22:15.2 23:15.4 24:16.4 25:15.7 26:15.8 27:14.8 28:15.3 29:17.0 30:15.5 31:16.7 32:16.0 33:15.7 34:15.9 35:17.0 36:18.4 37:18.5 38:19.3 39:18.4 | mean 16.3
0824 02:03:10 ds4-server: chat ctx=337..387:50 gen=200 THINKING decoding chunk=17.54 t/s avg=17.92 t/s 11.160s
0824 02:03:13 ds4-server: chat ctx=387..437:50 gen=250 THINKING decoding chunk=17.12 t/s avg=17.76 t/s 14.080s
0824 02:03:16 ds4-server: chat ctx=437..487:50 gen=300 THINKING decoding chunk=17.45 t/s avg=17.70 t/s 16.946s
ds4: qwen35moe experts/token avg over 128 tokens: 0:15.0 1:15.6 2:15.2 3:17.0 4:16.6 5:17.1 6:17.0 7:17.4 8:18.8 9:18.1 10:16.6 11:15.8 12:17.5 13:16.9 14:16.6 15:16.5 16:16.7 17:15.8 18:16.1 19:16.9 20:17.3 21:17.9 22:15.9 23:16.3 24:16.5 25:16.4 26:16.5 27:15.7 28:16.1 29:17.2 30:16.5 31:16.8 32:16.4 33:16.4 34:17.0 35:17.4 36:18.8 37:18.6 38:19.2 39:18.5 | mean 16.9
0824 02:03:19 ds4-server: chat ctx=487..537:50 gen=350 THINKING decoding chunk=17.57 t/s avg=17.68 t/s 19.791s
0824 02:03:22 ds4-server: chat ctx=537..587:50 gen=400 THINKING decoding chunk=16.90 t/s avg=17.58 t/s 22.750s
0824 02:03:25 ds4-server: chat ctx=587..637:50 gen=450 THINKING decoding chunk=16.73 t/s avg=17.48 t/s 25.739s
ds4: qwen35moe experts/token avg over 128 tokens: 0:15.5 1:16.5 2:16.2 3:17.7 4:17.2 5:17.7 6:17.5 7:17.6 8:18.7 9:18.4 10:17.0 11:16.3 12:17.8 13:17.2 14:16.9 15:16.8 16:16.7 17:16.9 18:16.3 19:17.0 20:18.5 21:18.3 22:16.5 23:16.5 24:17.0 25:16.9 26:17.1 27:16.0 28:16.6 29:17.9 30:16.7 31:17.1 32:17.0 33:17.3 34:16.8 35:18.5 36:19.0 37:18.9 38:19.5 39:18.8 | mean 17.3
0824 02:03:28 ds4-server: chat ctx=637..687:50 gen=500 THINKING decoding chunk=16.50 t/s avg=17.38 t/s 28.770s
0824 02:03:31 ds4-server: chat ctx=687..737:50 gen=550 THINKING decoding chunk=16.49 t/s avg=17.29 t/s 31.803s
ds4: qwen35moe experts/token avg over 128 tokens: 0:16.5 1:17.5 2:16.6 3:18.4 4:17.9 5:18.5 6:18.7 7:18.9 8:19.2 9:18.9 10:17.8 11:17.5 12:18.6 13:18.3 14:18.0 15:17.2 16:17.9 17:17.6 18:17.4 19:17.7 20:18.8 21:18.7 22:16.8 23:17.3 24:17.3 25:17.6 26:18.0 27:17.3 28:17.7 29:18.8 30:18.0 31:18.8 32:18.4 33:18.6 34:18.6 35:19.3 36:19.5 37:19.4 38:19.6 39:19.3 | mean 18.2
0824 02:03:34 ds4-server: chat ctx=737..787:50 gen=600 THINKING decoding chunk=16.30 t/s avg=17.21 t/s 34.870s
0824 02:03:37 ds4-server: chat ctx=787..837:50 gen=650 THINKING decoding chunk=16.66 t/s avg=17.16 t/s 37.871s
0824 02:03:40 ds4-server: chat ctx=837..887:50 gen=700 THINKING decoding chunk=16.57 t/s avg=17.12 t/s 40.888s
ds4: qwen35moe experts/token avg over 128 tokens: 0:15.7 1:16.0 2:15.9 3:17.5 4:16.7 5:17.8 6:17.6 7:18.0 8:18.8 9:18.5 10:17.1 11:16.4 12:17.4 13:17.2 14:17.5 15:16.8 16:16.8 17:16.3 18:16.1 19:16.7 20:18.0 21:17.9 22:16.0 23:16.6 24:16.8 25:16.4 26:16.9 27:16.5 28:16.6 29:17.3 30:17.0 31:17.1 32:16.9 33:16.5 34:17.2 35:18.7 36:18.5 37:18.6 38:19.3 39:18.1 | mean 17.2
0824 02:03:43 ds4-server: chat ctx=887..937:50 gen=750 THINKING decoding chunk=16.94 t/s avg=17.11 t/s 43.838s
0824 02:03:46 ds4-server: chat ctx=937..987:50 gen=800 THINKING decoding chunk=16.54 t/s avg=17.07 t/s 46.861s
ds4: qwen35moe experts/token avg over 128 tokens: 0:15.1 1:15.5 2:15.7 3:16.5 4:16.4 5:16.8 6:16.4 7:17.4 8:18.2 9:17.8 10:16.1 11:14.9 12:15.9 13:15.3 14:16.4 15:16.6 16:16.4 17:15.7 18:15.7 19:16.2 20:17.2 21:17.8 22:15.6 23:15.8 24:16.1 25:16.7 26:17.0 27:16.3 28:15.9 29:16.8 30:17.0 31:16.7 32:16.8 33:16.5 34:16.5 35:18.2 36:18.6 37:18.8 38:19.5 39:18.5 | mean 16.7
0824 02:03:49 ds4-server: chat ctx=987..1037:50 gen=850 THINKING decoding chunk=16.28 t/s avg=17.02 t/s 49.933s
0824 02:03:52 ds4-server: chat ctx=1037..1087:50 gen=900 THINKING decoding chunk=16.62 t/s avg=17.00 t/s 52.942s
0824 02:03:55 ds4-server: chat ctx=1087..1137:50 gen=950 THINKING decoding chunk=16.54 t/s avg=16.98 t/s 55.964s
ds4: qwen35moe experts/token avg over 128 tokens: 0:15.1 1:15.6 2:15.0 3:16.4 4:16.2 5:16.0 6:15.7 7:16.6 8:18.0 9:17.8 10:15.1 11:14.9 12:16.1 13:15.3 14:15.9 15:16.0 16:16.0 17:15.8 18:15.2 19:16.6 20:17.6 21:16.8 22:14.7 23:15.0 24:14.9 25:16.2 26:16.4 27:15.7 28:15.5 29:15.8 30:15.6 31:16.3 32:15.7 33:14.7 34:14.7 35:16.3 36:17.5 37:17.7 38:18.8 39:17.1 | mean 16.1
0824 02:03:58 ds4-server: chat ctx=1137..1187:50 gen=1000 THINKING decoding chunk=15.83 t/s avg=16.91 t/s 59.123s
0824 02:04:01 ds4-server: chat ctx=1187..1237:50 gen=1050 THINKING decoding chunk=15.61 t/s avg=16.85 t/s 62.326s
ds4: qwen35moe experts/token avg over 128 tokens: 0:16.0 1:17.2 2:16.6 3:18.2 4:17.9 5:18.6 6:18.3 7:18.9 8:19.3 9:18.9 10:17.5 11:17.9 12:18.7 13:17.8 14:17.8 15:18.3 16:18.1 17:17.8 18:17.6 19:18.1 20:18.8 21:19.2 22:17.0 23:17.1 24:17.6 25:17.7 26:17.9 27:17.3 28:17.5 29:18.2 30:17.1 31:17.8 32:18.2 33:17.7 34:17.7 35:18.7 36:19.1 37:19.2 38:19.6 39:19.4 | mean 18.1
0824 02:04:04 ds4-server: chat ctx=1237..1287:50 gen=1100 THINKING decoding chunk=15.79 t/s avg=16.80 t/s 65.493s
0824 02:04:07 ds4-server: chat ctx=1287..1337:50 gen=1150 THINKING decoding chunk=16.27 t/s avg=16.77 t/s 68.566s
0824 02:04:11 ds4-server: chat ctx=1337..1387:50 gen=1200 THINKING decoding chunk=15.89 t/s avg=16.73 t/s 71.713s
ds4: qwen35moe experts/token avg over 128 tokens: 0:14.9 1:15.5 2:15.4 3:16.0 4:16.4 5:16.1 6:16.3 7:17.5 8:18.1 9:17.5 10:15.3 11:14.8 12:16.2 13:14.9 14:15.9 15:15.9 16:16.0 17:15.0 18:15.7 19:15.7 20:17.3 21:17.0 22:15.0 23:15.0 24:14.8 25:15.9 26:16.3 27:15.8 28:16.2 29:15.7 30:15.6 31:15.8 32:15.8 33:14.9 34:14.8 35:16.8 36:17.7 37:17.6 38:18.9 39:17.5 | mean 16.1
0824 02:04:14 ds4-server: chat ctx=1387..1437:50 gen=1250 THINKING decoding chunk=15.77 t/s avg=16.69 t/s 74.884s
0824 02:04:17 ds4-server: chat ctx=1437..1487:50 gen=1300 THINKING decoding chunk=15.61 t/s avg=16.65 t/s 78.088s
ds4: qwen35moe experts/token avg over 128 tokens: 0:15.3 1:15.6 2:15.9 3:17.1 4:17.0 5:17.3 6:17.0 7:18.0 8:18.6 9:18.7 10:16.4 11:15.7 12:16.9 13:16.3 14:17.8 15:16.6 16:17.0 17:16.4 18:16.4 19:17.8 20:17.8 21:18.0 22:15.7 23:15.9 24:16.9 25:16.5 26:17.2 27:16.6 28:16.7 29:17.0 30:17.1 31:17.7 32:16.9 33:16.7 34:16.7 35:18.0 36:18.7 37:18.3 38:19.3 39:18.4 | mean 17.1
0824 02:04:20 ds4-server: chat ctx=1487..1537:50 gen=1350 THINKING decoding chunk=15.82 t/s avg=16.62 t/s 81.250s
0824 02:04:23 ds4-server: chat ctx=1537..1587:50 gen=1400 THINKING decoding chunk=15.66 t/s avg=16.58 t/s 84.442s
0824 02:04:26 ds4-server: chat ctx=1587..1637:50 gen=1450 THINKING decoding chunk=15.56 t/s avg=16.54 t/s 87.655s
ds4: qwen35moe experts/token avg over 128 tokens: 0:15.4 1:16.4 2:15.7 3:17.0 4:17.1 5:17.0 6:16.8 7:18.2 8:18.6 9:18.2 10:15.9 11:15.3 12:17.0 13:15.4 14:17.0 15:16.9 16:16.3 17:15.4 18:15.9 19:15.8 20:17.9 21:17.7 22:15.1 23:15.5 24:15.4 25:16.5 26:17.0 27:16.0 28:16.5 29:16.8 30:16.0 31:16.8 32:16.5 33:15.9 34:15.9 35:17.8 36:18.4 37:18.0 38:19.1 39:17.6 | mean 16.7
0824 02:04:30 ds4-server: chat ctx=1637..1687:50 gen=1500 THINKING decoding chunk=15.26 t/s avg=16.50 t/s 90.932s
0824 02:04:33 ds4-server: chat ctx=1687..1737:50 gen=1550 THINKING decoding chunk=15.20 t/s avg=16.45 t/s 94.221s
0824 02:04:36 ds4-server: chat ctx=1737..1787:50 gen=1600 THINKING decoding chunk=15.26 t/s avg=16.41 t/s 97.497s
ds4: qwen35moe experts/token avg over 128 tokens: 0:16.1 1:16.4 2:16.6 3:17.4 4:17.4 5:18.1 6:17.8 7:18.6 8:19.2 9:18.9 10:17.3 11:16.3 12:17.4 13:17.2 14:18.3 15:17.3 16:17.7 17:16.8 18:16.9 19:17.3 20:18.4 21:18.3 22:15.8 23:16.2 24:16.6 25:16.9 26:17.0 27:16.8 28:17.0 29:16.9 30:17.1 31:16.9 32:16.8 33:16.7 34:17.1 35:18.4 36:18.6 37:18.8 38:19.6 39:18.8 | mean 17.4
0824 02:04:40 ds4-server: chat ctx=1787..1837:50 gen=1650 THINKING decoding chunk=15.37 t/s avg=16.38 t/s 100.751s
0824 02:04:43 ds4-server: chat ctx=1837..1887:50 gen=1700 THINKING decoding chunk=14.91 t/s avg=16.33 t/s 104.104s
ds4: qwen35moe experts/token avg over 128 tokens: 0:15.6 1:16.7 2:16.7 3:17.8 4:17.6 5:18.0 6:17.4 7:18.4 8:18.7 9:18.4 10:16.4 11:16.0 12:17.4 13:16.5 14:17.4 15:16.7 16:17.0 17:16.4 18:16.7 19:16.6 20:18.0 21:18.2 22:16.2 23:16.5 24:16.5 25:16.8 26:17.8 27:16.6 28:17.0 29:16.9 30:17.4 31:17.4 32:16.9 33:16.9 34:17.4 35:18.2 36:18.8 37:18.6 38:19.4 39:18.5 | mean 17.3
0824 02:04:46 ds4-server: chat ctx=1887..1937:50 gen=1750 THINKING decoding chunk=14.92 t/s avg=16.29 t/s 107.454s
0824 02:04:50 ds4-server: chat ctx=1937..1987:50 gen=1800 THINKING decoding chunk=15.06 t/s avg=16.25 t/s 110.774s
0824 02:04:53 ds4-server: chat ctx=1987..2037:50 gen=1850 THINKING decoding chunk=14.59 t/s avg=16.20 t/s 114.201s
ds4: qwen35moe experts/token avg over 128 tokens: 0:16.0 1:17.0 2:16.1 3:18.0 4:17.7 5:18.2 6:18.4 7:18.8 8:18.9 9:18.9 10:17.5 11:17.1 12:18.0 13:17.3 14:18.0 15:17.2 16:17.6 17:17.7 18:17.2 19:17.7 20:18.6 21:18.5 22:16.1 23:16.8 24:16.6 25:16.6 26:17.0 27:16.1 28:17.2 29:17.5 30:16.8 31:17.6 32:17.0 33:16.8 34:16.9 35:18.5 36:18.9 37:18.7 38:19.5 39:18.3 | mean 17.6
0824 02:04:56 ds4-server: chat ctx=2037..2087:50 gen=1900 THINKING decoding chunk=14.91 t/s avg=16.16 t/s 117.555s
0824 02:05:00 ds4-server: chat ctx=2087..2137:50 gen=1950 THINKING decoding chunk=14.87 t/s avg=16.13 t/s 120.917s
ds4: qwen35moe experts/token avg over 128 tokens: 0:14.9 1:15.9 2:15.1 3:16.0 4:16.1 5:16.5 6:16.7 7:17.4 8:18.2 9:18.1 10:15.5 11:14.9 12:16.5 13:15.8 14:16.1 15:17.2 16:15.9 17:16.3 18:15.8 19:16.7 20:17.9 21:17.8 22:15.6 23:15.9 24:15.2 25:16.3 26:16.4 27:15.9 28:15.6 29:16.5 30:16.2 31:16.9 32:16.1 33:15.1 34:15.9 35:17.2 36:17.7 37:18.2 38:18.8 39:17.7 | mean 16.5
0824 02:05:03 ds4-server: chat ctx=2137..2187:50 gen=2000 THINKING decoding chunk=15.19 t/s avg=16.10 t/s 124.209s
0824 02:05:07 ds4-server: chat ctx=2187..2237:50 gen=2050 THINKING decoding chunk=14.37 t/s avg=16.05 t/s 127.688s
0824 02:05:10 ds4-server: chat ctx=2237..2287:50 gen=2100 THINKING decoding chunk=14.68 t/s avg=16.02 t/s 131.094s
ds4: qwen35moe experts/token avg over 128 tokens: 0:14.8 1:15.9 2:16.1 3:17.6 4:17.0 5:17.6 6:17.5 7:17.7 8:18.6 9:18.3 10:17.2 11:16.7 12:17.9 13:17.1 14:17.7 15:17.0 16:17.6 17:16.7 18:16.7 19:17.2 20:18.0 21:17.9 22:16.6 23:16.9 24:17.4 25:17.1 26:17.6 27:16.9 28:17.3 29:17.7 30:17.6 31:18.3 32:17.6 33:17.4 34:17.9 35:18.8 36:18.6 37:19.1 38:19.6 39:19.0 | mean 17.5
0824 02:05:13 ds4-server: chat ctx=2287..2337:50 gen=2150 THINKING decoding chunk=14.23 t/s avg=15.97 t/s 134.608s
0824 02:05:17 ds4-server: chat ctx=2337..2387:50 gen=2200 THINKING decoding chunk=14.53 t/s avg=15.94 t/s 138.049s
ds4: qwen35moe experts/token avg over 128 tokens: 0:15.1 1:15.2 2:15.5 3:17.0 4:17.0 5:17.3 6:17.0 7:17.5 8:18.5 9:18.0 10:16.9 11:16.3 12:17.6 13:17.1 14:17.0 15:17.3 16:16.9 17:16.6 18:16.6 19:17.1 20:18.0 21:17.8 22:16.2 23:16.5 24:16.9 25:16.7 26:17.1 27:16.7 28:17.1 29:17.6 30:17.5 31:17.8 32:17.2 33:17.2 34:17.3 35:17.9 36:18.4 37:18.4 38:19.0 39:18.4 | mean 17.2
0824 02:05:20 ds4-server: chat ctx=2387..2437:50 gen=2250 THINKING decoding chunk=14.57 t/s avg=15.90 t/s 141.480s
0824 02:05:24 ds4-server: chat ctx=2437..2487:50 gen=2300 THINKING decoding chunk=14.99 t/s avg=15.88 t/s 144.816s
0824 02:05:27 ds4-server: chat ctx=2487..2537:50 gen=2350 THINKING decoding chunk=14.25 t/s avg=15.84 t/s 148.326s
ds4: qwen35moe experts/token avg over 128 tokens: 0:14.6 1:14.9 2:15.3 3:16.6 4:16.5 5:16.4 6:15.8 7:16.2 8:18.2 9:17.2 10:15.8 11:15.2 12:16.5 13:16.2 14:16.4 15:16.1 16:16.2 17:16.0 18:15.9 19:16.2 20:16.8 21:17.3 22:15.9 23:16.0 24:16.7 25:16.0 26:16.6 27:15.9 28:16.4 29:16.6 30:16.2 31:17.3 32:16.5 33:16.5 34:16.4 35:17.1 36:17.4 37:17.7 38:18.6 39:17.8 | mean 16.4
0824 02:05:31 ds4-server: chat ctx=2537..2587:50 gen=2400 THINKING decoding chunk=14.31 t/s avg=15.81 t/s 151.821s
0824 02:05:34 ds4-server: chat ctx=2587..2637:50 gen=2450 THINKING decoding chunk=14.03 t/s avg=15.77 t/s 155.386s
0824 02:05:38 ds4-server: chat ctx=2637..2687:50 gen=2500 THINKING decoding chunk=14.34 t/s avg=15.74 t/s 158.873s
ds4: qwen35moe experts/token avg over 128 tokens: 0:14.9 1:15.9 2:15.3 3:16.5 4:16.6 5:16.8 6:17.3 7:17.9 8:18.7 9:18.3 10:16.9 11:15.8 12:17.0 13:16.9 14:17.3 15:17.3 16:16.8 17:16.6 18:16.4 19:17.2 20:17.9 21:17.9 22:16.2 23:15.9 24:15.8 25:16.5 26:16.9 27:16.6 28:16.3 29:16.5 30:16.2 31:16.4 32:15.9 33:15.3 34:15.2 35:17.0 36:17.7 37:17.9 38:18.7 39:17.2 | mean 16.8
0824 02:05:41 ds4-server: chat ctx=2687..2737:50 gen=2550 THINKING decoding chunk=14.18 t/s avg=15.70 t/s 162.399s
0824 02:05:45 ds4-server: chat ctx=2737..2787:50 gen=2600 THINKING decoding chunk=13.94 t/s avg=15.66 t/s 165.985s
ds4: qwen35moe experts/token avg over 128 tokens: 0:15.4 1:15.8 2:15.8 3:17.2 4:17.3 5:17.4 6:17.2 7:17.7 8:18.4 9:17.6 10:16.7 11:16.6 12:17.4 13:16.7 14:17.4 15:16.7 16:17.3 17:16.8 18:16.8 19:17.1 20:17.4 21:17.9 22:16.1 23:16.7 24:17.4 25:16.6 26:17.4 27:16.6 28:17.1 29:16.7 30:17.5 31:17.6 32:17.3 33:17.3 34:17.2 35:18.3 36:18.4 37:18.9 38:19.1 39:18.5 | mean 17.2
0824 02:05:48 ds4-server: chat ctx=2787..2837:50 gen=2650 THINKING decoding chunk=14.09 t/s avg=15.63 t/s 169.533s
0824 02:05:52 ds4-server: chat ctx=2837..2887:50 gen=2700 THINKING decoding chunk=14.16 t/s avg=15.60 t/s 173.062s
0824 02:05:56 ds4-server: chat ctx=2887..2937:50 gen=2750 THINKING decoding chunk=13.67 t/s avg=15.56 t/s 176.720s
ds4: qwen35moe experts/token avg over 128 tokens: 0:14.7 1:15.5 2:15.6 3:16.8 4:16.3 5:16.2 6:16.3 7:16.8 8:18.1 9:17.4 10:16.1 11:15.9 12:16.4 13:15.9 14:16.7 15:16.2 16:16.4 17:15.6 18:16.0 19:16.1 20:17.1 21:17.6 22:16.1 23:15.7 24:16.0 25:16.2 26:16.5 27:15.8 28:16.4 29:16.2 30:16.2 31:16.7 32:16.4 33:16.4 34:16.8 35:17.4 36:17.7 37:18.0 38:18.6 39:17.6 | mean 16.5
0824 02:05:59 ds4-server: chat ctx=2937..2987:50 gen=2800 THINKING decoding chunk=13.81 t/s avg=15.53 t/s 180.340s
0824 02:06:03 ds4-server: chat ctx=2987..3037:50 gen=2850 THINKING decoding chunk=13.44 t/s avg=15.48 t/s 184.060s
ds4: qwen35moe experts/token avg over 128 tokens: 0:15.8 1:16.7 2:16.5 3:18.2 4:17.9 5:18.6 6:18.5 7:18.9 8:19.3 9:19.0 10:17.8 11:17.8 12:18.3 13:18.2 14:18.4 15:18.5 16:18.1 17:18.0 18:17.5 19:18.2 20:18.7 21:18.6 22:17.3 23:16.9 24:17.4 25:17.4 26:17.5 27:17.5 28:17.6 29:18.4 30:17.9 31:18.0 32:18.0 33:17.6 34:18.2 35:18.9 36:19.2 37:19.0 38:19.5 39:19.0 | mean 18.1
0824 02:06:07 ds4-server: chat ctx=3037..3087:50 gen=2900 THINKING decoding chunk=13.62 t/s avg=15.45 t/s 187.732s
0824 02:06:10 ds4-server: chat ctx=3087..3137:50 gen=2950 THINKING decoding chunk=13.42 t/s avg=15.41 t/s 191.457s
0824 02:06:14 ds4-server: chat ctx=3137..3187:50 gen=3000 THINKING decoding chunk=13.47 t/s avg=15.37 t/s 195.168s
ds4: qwen35moe experts/token avg over 128 tokens: 0:15.4 1:16.2 2:16.3 3:17.4 4:17.4 5:17.6 6:17.6 7:18.2 8:18.6 9:18.4 10:17.2 11:16.6 12:17.5 13:17.2 14:17.8 15:17.6 16:17.7 17:17.0 18:17.0 19:17.2 20:18.3 21:18.4 22:16.9 23:16.8 24:17.0 25:17.2 26:17.8 27:16.9 28:17.5 29:17.4 30:17.7 31:17.8 32:17.6 33:17.3 34:17.5 35:18.2 36:18.5 37:18.9 38:19.2 39:18.4 | mean 17.5
0824 02:06:18 ds4-server: chat ctx=3187..3237:50 gen=3050 THINKING decoding chunk=13.64 t/s avg=15.34 t/s 198.833s
0824 02:06:21 ds4-server: chat ctx=3237..3287:50 gen=3100 THINKING decoding chunk=13.75 t/s avg=15.31 t/s 202.471s
ds4: qwen35moe experts/token avg over 128 tokens: 0:14.6 1:15.0 2:15.1 3:16.0 4:16.3 5:15.8 6:15.8 7:16.5 8:17.1 9:16.8 10:15.1 11:15.4 12:15.8 13:15.5 14:15.6 15:15.5 16:16.0 17:15.8 18:15.1 19:15.7 20:16.9 21:16.7 22:14.9 23:15.5 24:15.2 25:15.3 26:15.8 27:15.2 28:15.0 29:15.7 30:15.2 31:16.1 32:15.6 33:14.8 34:15.0 35:16.4 36:16.9 37:17.4 38:18.0 39:16.7 | mean 15.8
0824 02:06:25 ds4-server: chat ctx=3287..3337:50 gen=3150 THINKING decoding chunk=13.87 t/s avg=15.29 t/s 206.076s
0824 02:06:29 ds4-server: chat ctx=3337..3387:50 gen=3200 THINKING decoding chunk=13.49 t/s avg=15.25 t/s 209.783s
0824 02:06:32 ds4-server: chat ctx=3387..3437:50 gen=3250 THINKING decoding chunk=13.01 t/s avg=15.21 t/s 213.625s
ds4: qwen35moe experts/token avg over 128 tokens: 0:15.3 1:16.4 2:15.9 3:17.3 4:16.8 5:17.6 6:17.6 7:18.2 8:18.8 9:18.6 10:17.4 11:16.7 12:17.8 13:17.6 14:17.6 15:17.7 16:17.2 17:17.6 18:17.0 19:17.4 20:18.6 21:18.4 22:16.4 23:16.3 24:16.9 25:16.6 26:17.3 27:17.3 28:16.5 29:17.7 30:16.9 31:17.4 32:17.3 33:16.8 34:17.4 35:18.0 36:18.2 37:18.8 38:19.4 39:18.3 | mean 17.4
0824 02:06:36 ds4-server: chat ctx=3437..3487:50 gen=3300 THINKING decoding chunk=13.09 t/s avg=15.18 t/s 217.446s
0824 02:06:40 ds4-server: chat ctx=3487..3537:50 gen=3350 THINKING decoding chunk=13.33 t/s avg=15.14 t/s 221.198s
ds4: qwen35moe experts/token avg over 128 tokens: 0:15.6 1:15.6 2:16.1 3:17.5 4:17.6 5:17.8 6:17.6 7:18.2 8:19.1 9:18.4 10:17.2 11:16.8 12:17.5 13:17.5 14:17.9 15:17.8 16:17.8 17:17.2 18:17.1 19:17.8 20:18.5 21:18.5 22:17.1 23:17.2 24:17.4 25:17.6 26:17.8 27:17.0 28:17.8 29:17.6 30:17.8 31:18.2 32:17.8 33:17.8 34:17.9 35:18.3 36:18.7 37:18.9 38:19.1 39:18.7 | mean 17.7
0824 02:06:44 ds4-server: chat ctx=3537..3587:50 gen=3400 THINKING decoding chunk=12.90 t/s avg=15.11 t/s 225.074s
0824 02:06:48 ds4-server: chat ctx=3587..3637:50 gen=3450 THINKING decoding chunk=13.55 t/s avg=15.08 t/s 228.763s
0824 02:06:51 ds4-server: chat ctx=3637..3687:50 gen=3500 THINKING decoding chunk=13.21 t/s avg=15.05 t/s 232.549s
ds4: qwen35moe experts/token avg over 128 tokens: 0:15.0 1:15.5 2:15.0 3:16.2 4:16.2 5:15.6 6:15.9 7:16.0 8:16.9 9:16.8 10:15.4 11:15.0 12:16.7 13:15.4 14:16.3 15:15.9 16:16.0 17:16.0 18:15.7 19:15.6 20:16.4 21:16.9 22:15.7 23:15.1 24:15.1 25:15.4 26:15.7 27:15.5 28:15.4 29:15.4 30:15.1 31:15.5 32:15.0 33:14.3 34:14.7 35:15.7 36:16.6 37:17.1 38:18.1 39:16.6 | mean 15.8
0824 02:06:55 ds4-server: chat ctx=3687..3737:50 gen=3550 THINKING decoding chunk=13.14 t/s avg=15.02 t/s 236.355s
0824 02:06:59 ds4-server: chat ctx=3737..3787:50 gen=3600 THINKING decoding chunk=12.89 t/s avg=14.99 t/s 240.234s
0824 02:07:03 ds4-server: chat ctx=3787..3837:50 gen=3650 THINKING decoding chunk=12.93 t/s avg=14.95 t/s 244.101s
ds4: qwen35moe experts/token avg over 128 tokens: 0:15.1 1:15.7 2:16.0 3:17.3 4:17.4 5:17.2 6:17.3 7:17.8 8:18.4 9:17.4 10:16.8 11:16.4 12:17.1 13:17.1 14:17.5 15:17.4 16:17.3 17:17.5 18:17.1 19:17.6 20:17.9 21:17.7 22:16.9 23:16.4 24:17.1 25:17.0 26:17.1 27:16.8 28:17.1 29:16.9 30:16.5 31:17.6 32:16.7 33:16.6 34:16.9 35:17.9 36:18.1 37:18.1 38:18.6 39:18.1 | mean 17.2
0824 02:07:07 ds4-server: chat ctx=3837..3887:50 gen=3700 decoding chunk=13.02 t/s avg=14.92 t/s 247.942s
0824 02:07:09 ds4-server: chat ctx=3887..3920:33 gen=3733 decoding chunk=12.39 t/s avg=14.90 t/s 250.605s
0824 02:07:09 ds4-server: thinking live checkpoint remembered ctx=0..187:187 live=3920 visible=995
0824 02:07:09 ds4-server: chat ctx=0..187:187 gen=3733 finish=stop 261.110s
0824 02:07:28 ds4-server: live kv cache miss live=3920 prompt=120 common=30 reason=token-mismatch
0824 02:07:28 ds4-server: chat ctx=0..120:120 prompt start
0824 02:07:28 ds4-server: chat ctx=0..120:120 prefill chunk 1/120 (0.8%) chunk=0.00 t/s avg=3.07 t/s 0.325s
0824 02:07:28 ds4-server: chat ctx=0..120:120 prefill chunk 2/120 (1.7%) chunk=19.99 t/s avg=5.33 t/s 0.375s
0824 02:07:28 ds4-server: chat ctx=0..120:120 prefill chunk 3/120 (2.5%) chunk=19.13 t/s avg=7.02 t/s 0.428s
0824 02:07:28 ds4-server: chat ctx=0..120:120 prefill chunk 4/120 (3.3%) chunk=19.49 t/s avg=8.35 t/s 0.479s
0824 02:07:28 ds4-server: chat ctx=0..120:120 prefill chunk 5/120 (4.2%) chunk=18.92 t/s avg=9.40 t/s 0.532s
0824 02:07:28 ds4-server: chat ctx=0..120:120 prefill chunk 6/120 (5.0%) chunk=19.23 t/s avg=10.28 t/s 0.584s
0824 02:07:28 ds4-server: chat ctx=0..120:120 prefill chunk 7/120 (5.8%) chunk=19.17 t/s avg=11.01 t/s 0.636s
0824 02:07:28 ds4-server: chat ctx=0..120:120 prefill chunk 8/120 (6.7%) chunk=18.63 t/s avg=11.60 t/s 0.690s
0824 02:07:28 ds4-server: chat ctx=0..120:120 prefill chunk 9/120 (7.5%) chunk=19.76 t/s avg=12.16 t/s 0.740s
0824 02:07:28 ds4-server: chat ctx=0..120:120 prefill chunk 10/120 (8.3%) chunk=18.82 t/s avg=12.60 t/s 0.793s
0824 02:07:28 ds4-server: chat ctx=0..120:120 prefill chunk 11/120 (9.2%) chunk=19.26 t/s avg=13.01 t/s 0.845s
0824 02:07:28 ds4-server: chat ctx=0..120:120 prefill chunk 12/120 (10.0%) chunk=19.21 t/s avg=13.37 t/s 0.897s
0824 02:07:29 ds4-server: chat ctx=0..120:120 prefill chunk 13/120 (10.8%) chunk=18.98 t/s avg=13.68 t/s 0.950s
0824 02:07:29 ds4-server: chat ctx=0..120:120 prefill chunk 14/120 (11.7%) chunk=19.35 t/s avg=13.98 t/s 1.002s
0824 02:07:29 ds4-server: chat ctx=0..120:120 prefill chunk 15/120 (12.5%) chunk=18.64 t/s avg=14.21 t/s 1.055s
0824 02:07:29 ds4-server: chat ctx=0..120:120 prefill chunk 16/120 (13.3%) chunk=19.15 t/s avg=14.45 t/s 1.108s
0824 02:07:29 ds4-server: chat ctx=0..120:120 prefill chunk 17/120 (14.2%) chunk=18.54 t/s avg=14.64 t/s 1.161s
0824 02:07:29 ds4-server: chat ctx=0..120:120 prefill chunk 18/120 (15.0%) chunk=18.77 t/s avg=14.82 t/s 1.215s
0824 02:07:29 ds4-server: chat ctx=0..120:120 prefill chunk 19/120 (15.8%) chunk=19.07 t/s avg=14.99 t/s 1.267s
0824 02:07:29 ds4-server: chat ctx=0..120:120 prefill chunk 20/120 (16.7%) chunk=18.52 t/s avg=15.14 t/s 1.321s
0824 02:07:29 ds4-server: chat ctx=0..120:120 prefill chunk 21/120 (17.5%) chunk=19.45 t/s avg=15.30 t/s 1.373s
0824 02:07:29 ds4-server: chat ctx=0..120:120 prefill chunk 22/120 (18.3%) chunk=18.06 t/s avg=15.41 t/s 1.428s
0824 02:07:29 ds4-server: chat ctx=0..120:120 prefill chunk 23/120 (19.2%) chunk=18.90 t/s avg=15.53 t/s 1.481s
0824 02:07:29 ds4-server: chat ctx=0..120:120 prefill chunk 24/120 (20.0%) chunk=19.55 t/s avg=15.67 t/s 1.532s
0824 02:07:29 ds4-server: chat ctx=0..120:120 prefill chunk 25/120 (20.8%) chunk=18.22 t/s avg=15.75 t/s 1.587s
0824 02:07:29 ds4-server: chat ctx=0..120:120 prefill chunk 26/120 (21.7%) chunk=19.73 t/s avg=15.88 t/s 1.638s
0824 02:07:29 ds4-server: chat ctx=0..120:120 prefill chunk 27/120 (22.5%) chunk=17.89 t/s avg=15.94 t/s 1.694s
0824 02:07:29 ds4-server: chat ctx=0..120:120 prefill chunk 28/120 (23.3%) chunk=17.98 t/s avg=16.01 t/s 1.749s
0824 02:07:29 ds4-server: chat ctx=0..120:120 prefill chunk 29/120 (24.2%) chunk=18.77 t/s avg=16.09 t/s 1.802s
0824 02:07:29 ds4-server: chat ctx=0..120:120 prefill chunk 30/120 (25.0%) chunk=18.57 t/s avg=16.16 t/s 1.856s
0824 02:07:29 ds4-server: chat ctx=0..120:120 prefill chunk 31/120 (25.8%) chunk=19.88 t/s avg=16.26 t/s 1.907s
0824 02:07:30 ds4-server: chat ctx=0..120:120 prefill chunk 32/120 (26.7%) chunk=19.07 t/s avg=16.33 t/s 1.959s
0824 02:07:30 ds4-server: chat ctx=0..120:120 prefill chunk 33/120 (27.5%) chunk=18.92 t/s avg=16.40 t/s 2.012s
0824 02:07:30 ds4-server: chat ctx=0..120:120 prefill chunk 34/120 (28.3%) chunk=18.81 t/s avg=16.46 t/s 2.065s
0824 02:07:30 ds4-server: chat ctx=0..120:120 prefill chunk 35/120 (29.2%) chunk=18.12 t/s avg=16.51 t/s 2.120s
0824 02:07:30 ds4-server: chat ctx=0..120:120 prefill chunk 36/120 (30.0%) chunk=19.65 t/s avg=16.58 t/s 2.171s
0824 02:07:30 ds4-server: chat ctx=0..120:120 prefill chunk 37/120 (30.8%) chunk=18.58 t/s avg=16.63 t/s 2.225s
0824 02:07:30 ds4-server: chat ctx=0..120:120 prefill chunk 38/120 (31.7%) chunk=19.29 t/s avg=16.69 t/s 2.277s
0824 02:07:30 ds4-server: chat ctx=0..120:120 prefill chunk 39/120 (32.5%) chunk=19.13 t/s avg=16.74 t/s 2.329s
0824 02:07:30 ds4-server: chat ctx=0..120:120 prefill chunk 40/120 (33.3%) chunk=18.60 t/s avg=16.79 t/s 2.383s
0824 02:07:30 ds4-server: chat ctx=0..120:120 prefill chunk 41/120 (34.2%) chunk=18.73 t/s avg=16.83 t/s 2.436s
0824 02:07:30 ds4-server: chat ctx=0..120:120 prefill chunk 42/120 (35.0%) chunk=17.42 t/s avg=16.84 t/s 2.494s
0824 02:07:30 ds4-server: chat ctx=0..120:120 prefill chunk 43/120 (35.8%) chunk=17.84 t/s avg=16.86 t/s 2.550s
0824 02:07:30 ds4-server: chat ctx=0..120:120 prefill chunk 44/120 (36.7%) chunk=18.82 t/s avg=16.90 t/s 2.603s
0824 02:07:30 ds4-server: chat ctx=0..120:120 prefill chunk 45/120 (37.5%) chunk=18.35 t/s avg=16.93 t/s 2.657s
0824 02:07:30 ds4-server: chat ctx=0..120:120 prefill chunk 46/120 (38.3%) chunk=17.27 t/s avg=16.94 t/s 2.715s
0824 02:07:30 ds4-server: chat ctx=0..120:120 prefill chunk 47/120 (39.2%) chunk=18.64 t/s avg=16.97 t/s 2.769s
0824 02:07:30 ds4-server: chat ctx=0..120:120 prefill chunk 48/120 (40.0%) chunk=17.39 t/s avg=16.98 t/s 2.826s
ds4: qwen35moe experts/token avg over 128 tokens: 0:15.1 1:15.0 2:15.7 3:16.7 4:16.3 5:15.9 6:16.1 7:16.6 8:16.8 9:16.2 10:16.1 11:15.7 12:16.6 13:16.0 14:16.5 15:16.9 16:17.1 17:16.8 18:16.5 19:16.6 20:16.8 21:16.6 22:16.7 23:16.1 24:16.9 25:16.6 26:17.0 27:17.3 28:17.2 29:17.1 30:17.3 31:17.4 32:17.1 33:17.4 34:17.6 35:18.5 36:18.9 37:18.7 38:18.9 39:18.6 | mean 16.9
0824 02:07:30 ds4-server: chat ctx=0..120:120 prefill chunk 49/120 (40.8%) chunk=17.47 t/s avg=16.99 t/s 2.884s
0824 02:07:30 ds4-server: chat ctx=0..120:120 prefill chunk 50/120 (41.7%) chunk=18.79 t/s avg=17.02 t/s 2.937s
0824 02:07:31 ds4-server: chat ctx=0..120:120 prefill chunk 51/120 (42.5%) chunk=18.77 t/s avg=17.06 t/s 2.990s
0824 02:07:31 ds4-server: chat ctx=0..120:120 prefill chunk 52/120 (43.3%) chunk=18.19 t/s avg=17.08 t/s 3.045s
0824 02:07:31 ds4-server: chat ctx=0..120:120 prefill chunk 53/120 (44.2%) chunk=19.59 t/s avg=17.12 t/s 3.096s
0824 02:07:31 ds4-server: chat ctx=0..120:120 prefill chunk 54/120 (45.0%) chunk=18.62 t/s avg=17.14 t/s 3.150s
0824 02:07:31 ds4-server: chat ctx=0..120:120 prefill chunk 55/120 (45.8%) chunk=19.60 t/s avg=17.18 t/s 3.201s
0824 02:07:31 ds4-server: chat ctx=0..120:120 prefill chunk 56/120 (46.7%) chunk=18.83 t/s avg=17.21 t/s 3.254s
0824 02:07:31 ds4-server: chat ctx=0..120:120 prefill chunk 57/120 (47.5%) chunk=19.81 t/s avg=17.25 t/s 3.304s
0824 02:07:31 ds4-server: chat ctx=0..120:120 prefill chunk 58/120 (48.3%) chunk=17.92 t/s avg=17.26 t/s 3.360s
0824 02:07:31 ds4-server: chat ctx=0..120:120 prefill chunk 59/120 (49.2%) chunk=17.48 t/s avg=17.26 t/s 3.418s
0824 02:07:31 ds4-server: chat ctx=0..120:120 prefill chunk 60/120 (50.0%) chunk=19.31 t/s avg=17.29 t/s 3.469s
0824 02:07:31 ds4-server: chat ctx=0..120:120 prefill chunk 61/120 (50.8%) chunk=19.05 t/s avg=17.32 t/s 3.522s
0824 02:07:31 ds4-server: chat ctx=0..120:120 prefill chunk 62/120 (51.7%) chunk=19.38 t/s avg=17.35 t/s 3.573s
0824 02:07:31 ds4-server: chat ctx=0..120:120 prefill chunk 63/120 (52.5%) chunk=18.73 t/s avg=17.37 t/s 3.627s
0824 02:07:31 ds4-server: chat ctx=0..120:120 prefill chunk 64/120 (53.3%) chunk=18.22 t/s avg=17.38 t/s 3.682s
0824 02:07:31 ds4-server: chat ctx=0..120:120 prefill chunk 65/120 (54.2%) chunk=18.70 t/s avg=17.40 t/s 3.735s
0824 02:07:31 ds4-server: chat ctx=0..120:120 prefill chunk 66/120 (55.0%) chunk=18.35 t/s avg=17.42 t/s 3.790s
0824 02:07:31 ds4-server: chat ctx=0..120:120 prefill chunk 67/120 (55.8%) chunk=18.60 t/s avg=17.43 t/s 3.843s
0824 02:07:31 ds4-server: chat ctx=0..120:120 prefill chunk 68/120 (56.7%) chunk=18.34 t/s avg=17.45 t/s 3.898s
0824 02:07:32 ds4-server: chat ctx=0..120:120 prefill chunk 69/120 (57.5%) chunk=18.36 t/s avg=17.46 t/s 3.952s
0824 02:07:32 ds4-server: chat ctx=0..120:120 prefill chunk 70/120 (58.3%) chunk=19.55 t/s avg=17.48 t/s 4.004s
0824 02:07:32 ds4-server: chat ctx=0..120:120 prefill chunk 71/120 (59.2%) chunk=18.51 t/s avg=17.50 t/s 4.058s
0824 02:07:32 ds4-server: chat ctx=0..120:120 prefill chunk 72/120 (60.0%) chunk=19.74 t/s avg=17.53 t/s 4.108s
0824 02:07:32 ds4-server: chat ctx=0..120:120 prefill chunk 73/120 (60.8%) chunk=18.44 t/s avg=17.54 t/s 4.162s
0824 02:07:32 ds4-server: chat ctx=0..120:120 prefill chunk 74/120 (61.7%) chunk=18.83 t/s avg=17.55 t/s 4.216s
0824 02:07:32 ds4-server: chat ctx=0..120:120 prefill chunk 75/120 (62.5%) chunk=18.97 t/s avg=17.57 t/s 4.268s
0824 02:07:32 ds4-server: chat ctx=0..120:120 prefill chunk 76/120 (63.3%) chunk=18.42 t/s avg=17.58 t/s 4.323s
0824 02:07:32 ds4-server: chat ctx=0..120:120 prefill chunk 77/120 (64.2%) chunk=18.94 t/s avg=17.60 t/s 4.375s
0824 02:07:32 ds4-server: chat ctx=0..120:120 prefill chunk 78/120 (65.0%) chunk=18.54 t/s avg=17.61 t/s 4.429s
0824 02:07:32 ds4-server: chat ctx=0..120:120 prefill chunk 79/120 (65.8%) chunk=18.71 t/s avg=17.62 t/s 4.483s
0824 02:07:32 ds4-server: chat ctx=0..120:120 prefill chunk 80/120 (66.7%) chunk=18.54 t/s avg=17.63 t/s 4.537s
0824 02:07:32 ds4-server: chat ctx=0..120:120 prefill chunk 81/120 (67.5%) chunk=18.38 t/s avg=17.64 t/s 4.591s
0824 02:07:32 ds4-server: chat ctx=0..120:120 prefill chunk 82/120 (68.3%) chunk=19.34 t/s avg=17.66 t/s 4.643s
0824 02:07:32 ds4-server: chat ctx=0..120:120 prefill chunk 83/120 (69.2%) chunk=18.33 t/s avg=17.67 t/s 4.697s
0824 02:07:32 ds4-server: chat ctx=0..120:120 prefill chunk 84/120 (70.0%) chunk=18.13 t/s avg=17.67 t/s 4.752s
0824 02:07:32 ds4-server: chat ctx=0..120:120 prefill chunk 85/120 (70.8%) chunk=18.81 t/s avg=17.69 t/s 4.806s
0824 02:07:32 ds4-server: chat ctx=0..120:120 prefill chunk 86/120 (71.7%) chunk=18.30 t/s avg=17.69 t/s 4.860s
0824 02:07:32 ds4-server: chat ctx=0..120:120 prefill chunk 87/120 (72.5%) chunk=17.73 t/s avg=17.69 t/s 4.917s
0824 02:07:33 ds4-server: chat ctx=0..120:120 prefill chunk 88/120 (73.3%) chunk=18.69 t/s avg=17.71 t/s 4.970s
0824 02:07:33 ds4-server: chat ctx=0..120:120 prefill chunk 89/120 (74.2%) chunk=18.01 t/s avg=17.71 t/s 5.026s
0824 02:07:33 ds4-server: chat ctx=0..120:120 prefill chunk 90/120 (75.0%) chunk=19.55 t/s avg=17.73 t/s 5.077s
0824 02:07:33 ds4-server: chat ctx=0..120:120 prefill chunk 91/120 (75.8%) chunk=17.41 t/s avg=17.72 t/s 5.134s
0824 02:07:33 ds4-server: chat ctx=0..120:120 prefill chunk 92/120 (76.7%) chunk=18.50 t/s avg=17.73 t/s 5.188s
0824 02:07:33 ds4-server: chat ctx=0..120:120 prefill chunk 93/120 (77.5%) chunk=18.57 t/s avg=17.74 t/s 5.242s
0824 02:07:33 ds4-server: chat ctx=0..120:120 prefill chunk 94/120 (78.3%) chunk=18.39 t/s avg=17.75 t/s 5.297s
0824 02:07:33 ds4-server: chat ctx=0..120:120 prefill chunk 95/120 (79.2%) chunk=18.46 t/s avg=17.75 t/s 5.351s
0824 02:07:33 ds4-server: chat ctx=0..120:120 prefill chunk 96/120 (80.0%) chunk=19.21 t/s avg=17.77 t/s 5.403s
0824 02:07:33 ds4-server: chat ctx=0..120:120 prefill chunk 97/120 (80.8%) chunk=17.62 t/s avg=17.77 t/s 5.460s
0824 02:07:33 ds4-server: chat ctx=0..120:120 prefill chunk 98/120 (81.7%) chunk=17.57 t/s avg=17.76 t/s 5.516s
0824 02:07:33 ds4-server: chat ctx=0..120:120 prefill chunk 99/120 (82.5%) chunk=18.66 t/s avg=17.77 t/s 5.570s
0824 02:07:33 ds4-server: chat ctx=0..120:120 prefill chunk 100/120 (83.3%) chunk=17.99 t/s avg=17.78 t/s 5.626s
0824 02:07:33 ds4-server: chat ctx=0..120:120 prefill chunk 101/120 (84.2%) chunk=18.88 t/s avg=17.79 t/s 5.679s
0824 02:07:33 ds4-server: chat ctx=0..120:120 prefill chunk 102/120 (85.0%) chunk=17.71 t/s avg=17.79 t/s 5.735s
0824 02:07:33 ds4-server: chat ctx=0..120:120 prefill chunk 103/120 (85.8%) chunk=18.15 t/s avg=17.79 t/s 5.790s
0824 02:07:33 ds4-server: chat ctx=0..120:120 prefill chunk 104/120 (86.7%) chunk=17.40 t/s avg=17.78 t/s 5.848s
0824 02:07:33 ds4-server: chat ctx=0..120:120 prefill chunk 105/120 (87.5%) chunk=18.06 t/s avg=17.79 t/s 5.903s
0824 02:07:34 ds4-server: chat ctx=0..120:120 prefill chunk 106/120 (88.3%) chunk=17.60 t/s avg=17.79 t/s 5.960s
0824 02:07:34 ds4-server: chat ctx=0..120:120 prefill chunk 107/120 (89.2%) chunk=17.54 t/s avg=17.78 t/s 6.017s
0824 02:07:34 ds4-server: chat ctx=0..120:120 prefill chunk 108/120 (90.0%) chunk=18.44 t/s avg=17.79 t/s 6.071s
0824 02:07:34 ds4-server: chat ctx=0..120:120 prefill chunk 109/120 (90.8%) chunk=17.34 t/s avg=17.79 t/s 6.129s
0824 02:07:34 ds4-server: chat ctx=0..120:120 prefill chunk 110/120 (91.7%) chunk=17.67 t/s avg=17.78 t/s 6.185s
0824 02:07:34 ds4-server: chat ctx=0..120:120 prefill chunk 111/120 (92.5%) chunk=18.35 t/s avg=17.79 t/s 6.240s
0824 02:07:34 ds4-server: chat ctx=0..120:120 prefill chunk 112/120 (93.3%) chunk=18.57 t/s avg=17.80 t/s 6.294s
0824 02:07:34 ds4-server: chat ctx=0..120:120 prefill chunk 113/120 (94.2%) chunk=18.58 t/s avg=17.80 t/s 6.348s
0824 02:07:34 ds4-server: chat ctx=0..120:120 prefill chunk 114/120 (95.0%) chunk=19.32 t/s avg=17.81 t/s 6.399s
0824 02:07:34 ds4-server: chat ctx=0..120:120 prefill chunk 115/120 (95.8%) chunk=18.46 t/s avg=17.82 t/s 6.453s
0824 02:07:34 ds4-server: chat ctx=0..120:120 prefill chunk 116/120 (96.7%) chunk=18.88 t/s avg=17.83 t/s 6.506s
0824 02:07:34 ds4-server: chat ctx=0..120:120 prefill chunk 117/120 (97.5%) chunk=18.68 t/s avg=17.84 t/s 6.560s
0824 02:07:34 ds4-server: chat ctx=0..120:120 prefill chunk 118/120 (98.3%) chunk=18.16 t/s avg=17.84 t/s 6.615s
0824 02:07:34 ds4-server: chat ctx=0..120:120 prefill chunk 119/120 (99.2%) chunk=20.16 t/s avg=17.86 t/s 6.665s
0824 02:07:34 ds4-server: chat ctx=0..120:120 prefill chunk 120/120 (100.0%) chunk=19.97 t/s avg=17.87 t/s 6.715s
0824 02:07:34 ds4-server: chat ctx=0..120:120 prompt done 6.715s
0824 02:07:37 ds4-server: chat ctx=120..170:50 gen=50 THINKING decoding chunk=18.38 t/s avg=18.38 t/s 2.721s
ds4: qwen35moe experts/token avg over 128 tokens: 0:14.0 1:15.0 2:14.8 3:15.8 4:14.7 5:15.3 6:14.4 7:15.6 8:16.2 9:15.6 10:14.7 11:14.4 12:16.1 13:14.5 14:14.5 15:15.1 16:15.0 17:14.7 18:14.9 19:15.4 20:15.7 21:15.2 22:15.1 23:15.2 24:16.2 25:14.8 26:15.2 27:15.6 28:15.1 29:15.6 30:15.6 31:16.2 32:16.4 33:16.0 34:16.2 35:17.3 36:18.6 37:18.2 38:19.2 39:18.1 | mean 15.7
0824 02:07:40 ds4-server: chat ctx=170..220:50 gen=100 THINKING decoding chunk=17.93 t/s avg=18.15 t/s 5.509s
0824 02:07:43 ds4-server: chat ctx=220..270:50 gen=150 THINKING decoding chunk=18.20 t/s avg=18.17 t/s 8.257s
ds4: qwen35moe experts/token avg over 128 tokens: 0:14.5 1:16.0 2:15.5 3:16.5 4:15.5 5:15.9 6:15.9 7:17.3 8:17.2 9:15.9 10:15.9 11:14.6 12:17.4 13:15.9 14:14.7 15:15.5 16:16.0 17:15.0 18:15.9 19:14.8 20:16.3 21:15.8 22:15.4 23:15.5 24:17.0 25:16.3 26:15.3 27:15.8 28:16.0 29:16.2 30:15.9 31:16.0 32:16.1 33:16.1 34:16.2 35:16.7 36:17.8 37:17.7 38:18.7 39:17.7 | mean 16.1
0824 02:07:45 ds4-server: chat ctx=270..320:50 gen=200 THINKING decoding chunk=17.91 t/s avg=18.10 t/s 11.049s
0824 02:07:48 ds4-server: chat ctx=320..370:50 gen=250 THINKING decoding chunk=17.67 t/s avg=18.01 t/s 13.879s
0824 02:07:51 ds4-server: chat ctx=370..420:50 gen=300 THINKING decoding chunk=17.53 t/s avg=17.93 t/s 16.732s
ds4: qwen35moe experts/token avg over 128 tokens: 0:15.4 1:16.0 2:15.8 3:16.6 4:17.0 5:16.7 6:16.1 7:17.7 8:17.6 9:16.9 10:16.2 11:15.2 12:16.7 13:15.3 14:15.0 15:15.7 16:16.7 17:15.0 18:15.9 19:15.9 20:17.0 21:15.8 22:15.8 23:15.7 24:17.0 25:16.7 26:15.9 27:16.2 28:16.3 29:16.6 30:16.9 31:16.5 32:16.6 33:16.9 34:17.1 35:17.9 36:18.7 37:18.4 38:19.2 39:18.6 | mean 16.6
0824 02:07:54 ds4-server: chat ctx=420..470:50 gen=350 THINKING decoding chunk=17.98 t/s avg=17.94 t/s 19.512s
0824 02:07:57 ds4-server: chat ctx=470..520:50 gen=400 THINKING decoding chunk=17.81 t/s avg=17.92 t/s 22.320s
ds4: qwen35moe experts/token avg over 128 tokens: 0:14.3 1:15.0 2:14.8 3:16.2 4:15.3 5:15.8 6:15.2 7:16.3 8:17.1 9:16.4 10:15.1 11:14.5 12:16.5 13:14.9 14:15.1 15:15.5 16:16.3 17:14.6 18:15.1 19:15.3 20:15.6 21:16.1 22:15.6 23:15.4 24:15.7 25:15.8 26:15.6 27:15.8 28:15.5 29:15.2 30:15.4 31:15.5 32:15.5 33:15.5 34:15.2 35:16.2 36:17.2 37:17.3 38:18.4 39:17.0 | mean 15.7
0824 02:08:00 ds4-server: chat ctx=520..570:50 gen=450 THINKING decoding chunk=17.10 t/s avg=17.83 t/s 25.245s
0824 02:08:02 ds4-server: chat ctx=570..620:50 gen=500 THINKING decoding chunk=17.36 t/s avg=17.78 t/s 28.124s
0824 02:08:05 ds4-server: chat ctx=620..670:50 gen=550 THINKING decoding chunk=16.64 t/s avg=17.67 t/s 31.129s
ds4: qwen35moe experts/token avg over 128 tokens: 0:14.6 1:16.3 2:16.2 3:17.2 4:17.1 5:17.3 6:17.2 7:18.3 8:18.6 9:17.9 10:16.8 11:15.7 12:17.4 13:16.5 14:16.9 15:17.0 16:17.4 17:16.9 18:17.0 19:16.9 20:18.3 21:18.0 22:16.9 23:16.8 24:18.0 25:17.5 26:17.5 27:17.3 28:17.6 29:17.4 30:17.4 31:17.5 32:17.3 33:17.3 34:17.1 35:17.9 36:18.6 37:18.6 38:18.9 39:18.2 | mean 17.3
0824 02:08:08 ds4-server: chat ctx=670..720:50 gen=600 THINKING decoding chunk=16.73 t/s avg=17.59 t/s 34.117s
0824 02:08:11 ds4-server: chat ctx=720..770:50 gen=650 THINKING decoding chunk=16.78 t/s avg=17.52 t/s 37.098s
ds4: qwen35moe experts/token avg over 128 tokens: 0:14.2 1:15.1 2:15.4 3:16.8 4:16.5 5:16.1 6:16.5 7:16.7 8:17.4 9:17.2 10:15.8 11:15.5 12:16.9 13:16.0 14:16.7 15:16.4 16:16.7 17:15.9 18:16.8 19:16.5 20:17.3 21:17.0 22:15.9 23:16.4 24:16.9 25:16.2 26:16.9 27:16.4 28:16.4 29:16.6 30:16.7 31:17.0 32:17.3 33:16.9 34:17.0 35:17.7 36:18.0 37:18.4 38:18.9 39:18.2 | mean 16.7
0824 02:08:14 ds4-server: chat ctx=770..820:50 gen=700 THINKING decoding chunk=16.82 t/s avg=17.47 t/s 40.071s
0824 02:08:17 ds4-server: chat ctx=820..870:50 gen=750 THINKING decoding chunk=17.26 t/s avg=17.46 t/s 42.967s
0824 02:08:20 ds4-server: chat ctx=870..920:50 gen=800 THINKING decoding chunk=16.34 t/s avg=17.38 t/s 46.026s
ds4: qwen35moe experts/token avg over 128 tokens: 0:14.4 1:15.0 2:15.4 3:16.9 4:16.7 5:16.8 6:16.4 7:16.9 8:17.7 9:17.1 10:15.4 11:15.7 12:17.3 13:16.1 14:17.2 15:16.2 16:17.3 17:16.5 18:16.9 19:16.3 20:17.5 21:16.7 22:16.0 23:16.7 24:16.9 25:16.8 26:17.2 27:17.0 28:17.0 29:17.1 30:17.1 31:17.3 32:17.1 33:17.0 34:16.8 35:17.9 36:18.2 37:18.3 38:19.0 39:18.4 | mean 16.9
0824 02:08:23 ds4-server: chat ctx=920..970:50 gen=850 THINKING decoding chunk=15.98 t/s avg=17.29 t/s 49.155s
0824 02:08:26 ds4-server: chat ctx=970..1020:50 gen=900 THINKING decoding chunk=16.88 t/s avg=17.27 t/s 52.117s
0824 02:08:29 ds4-server: chat ctx=1020..1070:50 gen=950 THINKING decoding chunk=16.61 t/s avg=17.23 t/s 55.128s
ds4: qwen35moe experts/token avg over 128 tokens: 0:14.6 1:16.0 2:15.4 3:16.5 4:16.6 5:16.4 6:16.7 7:17.5 8:17.9 9:17.2 10:15.7 11:15.6 12:16.7 13:15.4 14:16.7 15:15.8 16:17.1 17:15.9 18:16.6 19:16.0 20:17.0 21:16.6 22:16.2 23:16.1 24:16.4 25:15.8 26:16.5 27:16.5 28:16.5 29:16.2 30:16.5 31:16.6 32:16.0 33:16.2 34:16.0 35:16.9 36:17.9 37:17.7 38:18.4 39:17.7 | mean 16.5
0824 02:08:32 ds4-server: chat ctx=1070..1120:50 gen=1000 THINKING decoding chunk=16.26 t/s avg=17.18 t/s 58.203s
0824 02:08:36 ds4-server: chat ctx=1120..1170:50 gen=1050 THINKING decoding chunk=16.25 t/s avg=17.13 t/s 61.280s
ds4: qwen35moe experts/token avg over 128 tokens: 0:14.8 1:15.9 2:15.2 3:16.9 4:16.3 5:17.0 6:16.7 7:17.2 8:18.0 9:17.5 10:16.3 11:15.6 12:17.2 13:16.4 14:16.4 15:16.1 16:16.6 17:16.4 18:16.1 19:16.3 20:17.1 21:17.4 22:16.0 23:16.0 24:16.7 25:16.0 26:16.4 27:16.0 28:16.4 29:16.7 30:15.7 31:16.4 32:16.3 33:15.7 34:15.3 35:16.5 36:17.4 37:16.9 38:18.1 39:17.4 | mean 16.5
0824 02:08:39 ds4-server: chat ctx=1170..1220:50 gen=1100 THINKING decoding chunk=16.64 t/s avg=17.11 t/s 64.285s
0824 02:08:42 ds4-server: chat ctx=1220..1270:50 gen=1150 THINKING decoding chunk=15.56 t/s avg=17.04 t/s 67.498s
0824 02:08:45 ds4-server: chat ctx=1270..1320:50 gen=1200 THINKING decoding chunk=15.44 t/s avg=16.96 t/s 70.736s
ds4: qwen35moe experts/token avg over 128 tokens: 0:14.8 1:15.9 2:16.2 3:17.6 4:17.2 5:17.6 6:18.0 7:17.9 8:18.4 9:18.0 10:16.9 11:16.9 12:17.9 13:17.5 14:18.3 15:17.7 16:18.3 17:17.6 18:17.6 19:18.1 20:18.2 21:18.3 22:17.6 23:17.6 24:17.9 25:18.2 26:17.8 27:17.9 28:18.0 29:17.7 30:18.0 31:18.5 32:18.3 33:18.6 34:18.5 35:18.8 36:19.2 37:19.1 38:19.5 39:19.1 | mean 17.9
0824 02:08:48 ds4-server: chat ctx=1320..1370:50 gen=1250 THINKING decoding chunk=16.32 t/s avg=16.94 t/s 73.800s
0824 02:08:51 ds4-server: chat ctx=1370..1420:50 gen=1300 THINKING decoding chunk=15.95 t/s avg=16.90 t/s 76.935s
ds4: qwen35moe experts/token avg over 128 tokens: 0:14.4 1:15.0 2:15.1 3:15.8 4:15.7 5:15.7 6:16.0 7:16.1 8:16.7 9:16.4 10:15.2 11:14.8 12:16.5 13:15.1 14:16.0 15:15.3 16:15.8 17:15.6 18:15.3 19:15.7 20:16.4 21:16.3 22:15.5 23:15.0 24:16.0 25:15.0 26:16.0 27:15.1 28:15.6 29:15.7 30:15.8 31:15.7 32:15.4 33:15.2 34:14.8 35:16.8 36:16.5 37:16.8 38:17.8 39:16.7 | mean 15.8
0824 02:08:54 ds4-server: chat ctx=1420..1470:50 gen=1350 THINKING decoding chunk=16.25 t/s avg=16.87 t/s 80.011s
0824 02:08:58 ds4-server: chat ctx=1470..1520:50 gen=1400 THINKING decoding chunk=15.28 t/s avg=16.81 t/s 83.283s
0824 02:09:01 ds4-server: chat ctx=1520..1570:50 gen=1450 THINKING decoding chunk=15.06 t/s avg=16.74 t/s 86.604s
ds4: qwen35moe experts/token avg over 128 tokens: 0:14.9 1:16.4 2:16.4 3:17.9 4:17.5 5:17.8 6:17.7 7:17.9 8:18.1 9:17.6 10:16.9 11:16.9 12:17.8 13:17.4 14:18.3 15:18.0 16:18.6 17:18.0 18:18.3 19:18.0 20:18.4 21:18.4 22:17.8 23:17.7 24:18.4 25:18.0 26:18.2 27:17.5 28:18.0 29:18.1 30:18.1 31:18.5 32:18.5 33:18.6 34:18.4 35:18.8 36:19.1 37:19.2 38:19.4 39:19.0 | mean 18.0
0824 02:09:04 ds4-server: chat ctx=1570..1620:50 gen=1500 THINKING decoding chunk=15.96 t/s avg=16.72 t/s 89.737s
0824 02:09:07 ds4-server: chat ctx=1620..1670:50 gen=1550 THINKING decoding chunk=15.79 t/s avg=16.68 t/s 92.904s
ds4: qwen35moe experts/token avg over 128 tokens: 0:14.7 1:15.7 2:15.2 3:16.2 4:16.0 5:16.1 6:16.1 7:16.7 8:17.0 9:16.7 10:15.7 11:14.9 12:16.4 13:15.6 14:16.2 15:15.8 16:16.0 17:15.5 18:15.7 19:16.1 20:16.2 21:16.2 22:15.7 23:15.6 24:15.6 25:15.8 26:15.7 27:15.9 28:15.8 29:15.7 30:16.0 31:16.3 32:15.8 33:15.7 34:15.8 35:16.5 36:17.2 37:17.4 38:18.1 39:17.4 | mean 16.1
0824 02:09:10 ds4-server: chat ctx=1670..1720:50 gen=1600 THINKING decoding chunk=15.29 t/s avg=16.64 t/s 96.175s
0824 02:09:14 ds4-server: chat ctx=1720..1770:50 gen=1650 THINKING decoding chunk=14.84 t/s avg=16.58 t/s 99.545s
0824 02:09:17 ds4-server: chat ctx=1770..1820:50 gen=1700 THINKING decoding chunk=15.16 t/s avg=16.53 t/s 102.843s
ds4: qwen35moe experts/token avg over 128 tokens: 0:14.8 1:16.2 2:16.0 3:17.5 4:17.1 5:17.4 6:17.6 7:17.5 8:17.4 9:17.1 10:16.3 11:16.6 12:17.3 13:17.1 14:17.7 15:17.8 16:18.1 17:17.5 18:17.8 19:17.5 20:17.9 21:18.1 22:17.2 23:17.3 24:18.0 25:17.9 26:17.8 27:17.5 28:17.8 29:17.8 30:17.7 31:18.2 32:17.9 33:18.0 34:17.9 35:18.5 36:18.7 37:18.9 38:19.2 39:18.9 | mean 17.6
0824 02:09:20 ds4-server: chat ctx=1820..1870:50 gen=1750 THINKING decoding chunk=15.48 t/s avg=16.50 t/s 106.072s
0824 02:09:24 ds4-server: chat ctx=1870..1920:50 gen=1800 THINKING decoding chunk=14.69 t/s avg=16.44 t/s 109.477s
ds4: qwen35moe experts/token avg over 128 tokens: 0:15.0 1:16.5 2:16.2 3:17.9 4:17.6 5:17.7 6:18.3 7:17.9 8:18.3 9:17.4 10:16.9 11:17.1 12:18.1 13:17.5 14:18.5 15:18.5 16:18.9 17:18.7 18:18.3 19:18.5 20:18.7 21:18.6 22:17.5 23:17.6 24:18.6 25:18.5 26:18.5 27:18.0 28:18.4 29:18.5 30:18.0 31:19.0 32:18.6 33:18.7 34:18.7 35:19.1 36:19.2 37:19.4 38:19.4 39:19.3 | mean 18.1
0824 02:09:27 ds4-server: chat ctx=1920..1970:50 gen=1850 THINKING decoding chunk=14.63 t/s avg=16.39 t/s 112.894s
0824 02:09:31 ds4-server: chat ctx=1970..2020:50 gen=1900 decoding chunk=14.93 t/s avg=16.35 t/s 116.243s
0824 02:09:34 ds4-server: chat ctx=2020..2070:50 gen=1950 decoding chunk=14.46 t/s avg=16.29 t/s 119.702s
0824 02:09:36 ds4-server: chat ctx=2070..2095:25 gen=1975 decoding chunk=14.31 t/s avg=16.26 t/s 121.448s
0824 02:09:36 ds4-server: thinking live checkpoint remembered ctx=0..120:120 live=2095 visible=777
0824 02:09:36 ds4-server: chat ctx=0..120:120 gen=1975 finish=stop 128.163s
0824 02:09:38 ds4-server: live kv cache miss live=2095 prompt=142 common=35 reason=token-mismatch
0824 02:09:38 ds4-server: chat ctx=0..142:142 prompt start
0824 02:09:39 ds4-server: chat ctx=0..142:142 prefill chunk 1/142 (0.7%) chunk=0.00 t/s avg=3.06 t/s 0.326s
ds4: qwen35moe experts/token avg over 128 tokens: 0:15.3 1:16.9 2:16.5 3:17.9 4:17.6 5:17.7 6:17.8 7:17.8 8:18.0 9:17.7 10:17.2 11:17.1 12:17.7 13:17.8 14:18.0 15:18.4 16:18.6 17:18.6 18:18.4 19:18.3 20:18.7 21:18.1 22:17.9 23:17.5 24:18.0 25:18.2 26:18.0 27:18.0 28:18.4 29:18.6 30:18.2 31:18.9 32:18.4 33:18.6 34:18.6 35:19.2 36:19.5 37:19.2 38:19.6 39:19.3 | mean 18.1
0824 02:09:39 ds4-server: chat ctx=0..142:142 prefill chunk 2/142 (1.4%) chunk=19.70 t/s avg=5.30 t/s 0.377s
0824 02:09:39 ds4-server: chat ctx=0..142:142 prefill chunk 3/142 (2.1%) chunk=19.46 t/s avg=7.00 t/s 0.428s
0824 02:09:39 ds4-server: chat ctx=0..142:142 prefill chunk 4/142 (2.8%) chunk=19.78 t/s avg=8.35 t/s 0.479s
0824 02:09:39 ds4-server: chat ctx=0..142:142 prefill chunk 5/142 (3.5%) chunk=18.70 t/s avg=9.39 t/s 0.533s
0824 02:09:39 ds4-server: chat ctx=0..142:142 prefill chunk 6/142 (4.2%) chunk=19.44 t/s avg=10.27 t/s 0.584s
0824 02:09:39 ds4-server: chat ctx=0..142:142 prefill chunk 7/142 (4.9%) chunk=18.88 t/s avg=10.99 t/s 0.637s
0824 02:09:39 ds4-server: chat ctx=0..142:142 prefill chunk 8/142 (5.6%) chunk=18.55 t/s avg=11.58 t/s 0.691s
0824 02:09:39 ds4-server: chat ctx=0..142:142 prefill chunk 9/142 (6.3%) chunk=19.48 t/s avg=12.13 t/s 0.742s
0824 02:09:39 ds4-server: chat ctx=0..142:142 prefill chunk 10/142 (7.0%) chunk=18.94 t/s avg=12.58 t/s 0.795s
0824 02:09:39 ds4-server: chat ctx=0..142:142 prefill chunk 11/142 (7.7%) chunk=19.32 t/s avg=12.99 t/s 0.847s
0824 02:09:39 ds4-server: chat ctx=0..142:142 prefill chunk 12/142 (8.5%) chunk=18.74 t/s avg=13.33 t/s 0.900s
0824 02:09:39 ds4-server: chat ctx=0..142:142 prefill chunk 13/142 (9.2%) chunk=18.84 t/s avg=13.64 t/s 0.953s
0824 02:09:39 ds4-server: chat ctx=0..142:142 prefill chunk 14/142 (9.9%) chunk=19.46 t/s avg=13.94 t/s 1.005s
0824 02:09:39 ds4-server: chat ctx=0..142:142 prefill chunk 15/142 (10.6%) chunk=18.68 t/s avg=14.18 t/s 1.058s
0824 02:09:39 ds4-server: chat ctx=0..142:142 prefill chunk 16/142 (11.3%) chunk=19.20 t/s avg=14.41 t/s 1.110s
0824 02:09:40 ds4-server: chat ctx=0..142:142 prefill chunk 17/142 (12.0%) chunk=18.67 t/s avg=14.61 t/s 1.164s
0824 02:09:40 ds4-server: chat ctx=0..142:142 prefill chunk 18/142 (12.7%) chunk=18.22 t/s avg=14.77 t/s 1.219s
0824 02:09:40 ds4-server: chat ctx=0..142:142 prefill chunk 19/142 (13.4%) chunk=19.39 t/s avg=14.96 t/s 1.270s
0824 02:09:40 ds4-server: chat ctx=0..142:142 prefill chunk 20/142 (14.1%) chunk=18.55 t/s avg=15.10 t/s 1.324s
0824 02:09:40 ds4-server: chat ctx=0..142:142 prefill chunk 21/142 (14.8%) chunk=19.22 t/s avg=15.26 t/s 1.376s
0824 02:09:40 ds4-server: chat ctx=0..142:142 prefill chunk 22/142 (15.5%) chunk=18.43 t/s avg=15.38 t/s 1.430s
0824 02:09:40 ds4-server: chat ctx=0..142:142 prefill chunk 23/142 (16.2%) chunk=19.05 t/s avg=15.51 t/s 1.483s
0824 02:09:40 ds4-server: chat ctx=0..142:142 prefill chunk 24/142 (16.9%) chunk=19.10 t/s avg=15.63 t/s 1.535s
0824 02:09:40 ds4-server: chat ctx=0..142:142 prefill chunk 25/142 (17.6%) chunk=18.81 t/s avg=15.74 t/s 1.588s
0824 02:09:40 ds4-server: chat ctx=0..142:142 prefill chunk 26/142 (18.3%) chunk=19.50 t/s avg=15.86 t/s 1.640s
0824 02:09:40 ds4-server: chat ctx=0..142:142 prefill chunk 27/142 (19.0%) chunk=18.15 t/s avg=15.93 t/s 1.695s
0824 02:09:40 ds4-server: chat ctx=0..142:142 prefill chunk 28/142 (19.7%) chunk=18.18 t/s avg=16.00 t/s 1.750s
0824 02:09:40 ds4-server: chat ctx=0..142:142 prefill chunk 29/142 (20.4%) chunk=18.51 t/s avg=16.08 t/s 1.804s
0824 02:09:40 ds4-server: chat ctx=0..142:142 prefill chunk 30/142 (21.1%) chunk=18.61 t/s avg=16.15 t/s 1.858s
0824 02:09:40 ds4-server: chat ctx=0..142:142 prefill chunk 31/142 (21.8%) chunk=20.17 t/s avg=16.26 t/s 1.907s
0824 02:09:40 ds4-server: chat ctx=0..142:142 prefill chunk 32/142 (22.5%) chunk=19.13 t/s avg=16.33 t/s 1.959s
0824 02:09:40 ds4-server: chat ctx=0..142:142 prefill chunk 33/142 (23.2%) chunk=19.11 t/s avg=16.40 t/s 2.012s
0824 02:09:40 ds4-server: chat ctx=0..142:142 prefill chunk 34/142 (23.9%) chunk=18.58 t/s avg=16.46 t/s 2.066s
0824 02:09:41 ds4-server: chat ctx=0..142:142 prefill chunk 35/142 (24.6%) chunk=18.27 t/s avg=16.51 t/s 2.120s
0824 02:09:41 ds4-server: chat ctx=0..142:142 prefill chunk 36/142 (25.4%) chunk=18.35 t/s avg=16.55 t/s 2.175s
0824 02:09:41 ds4-server: chat ctx=0..142:142 prefill chunk 37/142 (26.1%) chunk=18.63 t/s avg=16.60 t/s 2.228s
0824 02:09:41 ds4-server: chat ctx=0..142:142 prefill chunk 38/142 (26.8%) chunk=19.31 t/s avg=16.67 t/s 2.280s
0824 02:09:41 ds4-server: chat ctx=0..142:142 prefill chunk 39/142 (27.5%) chunk=18.38 t/s avg=16.71 t/s 2.335s
0824 02:09:41 ds4-server: chat ctx=0..142:142 prefill chunk 40/142 (28.2%) chunk=18.88 t/s avg=16.75 t/s 2.388s
0824 02:09:41 ds4-server: chat ctx=0..142:142 prefill chunk 41/142 (28.9%) chunk=19.39 t/s avg=16.81 t/s 2.439s
0824 02:09:41 ds4-server: chat ctx=0..142:142 prefill chunk 42/142 (29.6%) chunk=18.05 t/s avg=16.84 t/s 2.495s
0824 02:09:41 ds4-server: chat ctx=0..142:142 prefill chunk 43/142 (30.3%) chunk=18.10 t/s avg=16.86 t/s 2.550s
0824 02:09:41 ds4-server: chat ctx=0..142:142 prefill chunk 44/142 (31.0%) chunk=18.03 t/s avg=16.89 t/s 2.605s
0824 02:09:41 ds4-server: chat ctx=0..142:142 prefill chunk 45/142 (31.7%) chunk=18.45 t/s avg=16.92 t/s 2.659s
0824 02:09:41 ds4-server: chat ctx=0..142:142 prefill chunk 46/142 (32.4%) chunk=17.84 t/s avg=16.94 t/s 2.716s
0824 02:09:41 ds4-server: chat ctx=0..142:142 prefill chunk 47/142 (33.1%) chunk=18.74 t/s avg=16.97 t/s 2.769s
0824 02:09:41 ds4-server: chat ctx=0..142:142 prefill chunk 48/142 (33.8%) chunk=17.59 t/s avg=16.99 t/s 2.826s
0824 02:09:41 ds4-server: chat ctx=0..142:142 prefill chunk 49/142 (34.5%) chunk=18.59 t/s avg=17.02 t/s 2.880s
0824 02:09:41 ds4-server: chat ctx=0..142:142 prefill chunk 50/142 (35.2%) chunk=18.81 t/s avg=17.05 t/s 2.933s
0824 02:09:41 ds4-server: chat ctx=0..142:142 prefill chunk 51/142 (35.9%) chunk=17.51 t/s avg=17.06 t/s 2.990s
0824 02:09:41 ds4-server: chat ctx=0..142:142 prefill chunk 52/142 (36.6%) chunk=19.96 t/s avg=17.11 t/s 3.040s
0824 02:09:41 ds4-server: chat ctx=0..142:142 prefill chunk 53/142 (37.3%) chunk=18.26 t/s avg=17.13 t/s 3.095s
0824 02:09:42 ds4-server: chat ctx=0..142:142 prefill chunk 54/142 (38.0%) chunk=19.52 t/s avg=17.17 t/s 3.146s
0824 02:09:42 ds4-server: chat ctx=0..142:142 prefill chunk 55/142 (38.7%) chunk=18.78 t/s avg=17.19 t/s 3.199s
0824 02:09:42 ds4-server: chat ctx=0..142:142 prefill chunk 56/142 (39.4%) chunk=18.10 t/s avg=17.21 t/s 3.254s
0824 02:09:42 ds4-server: chat ctx=0..142:142 prefill chunk 57/142 (40.1%) chunk=19.34 t/s avg=17.24 t/s 3.306s
0824 02:09:42 ds4-server: chat ctx=0..142:142 prefill chunk 58/142 (40.8%) chunk=18.29 t/s avg=17.26 t/s 3.361s
0824 02:09:42 ds4-server: chat ctx=0..142:142 prefill chunk 59/142 (41.5%) chunk=19.22 t/s avg=17.29 t/s 3.413s
0824 02:09:42 ds4-server: chat ctx=0..142:142 prefill chunk 60/142 (42.3%) chunk=18.19 t/s avg=17.30 t/s 3.468s
0824 02:09:42 ds4-server: chat ctx=0..142:142 prefill chunk 61/142 (43.0%) chunk=18.77 t/s avg=17.32 t/s 3.521s
0824 02:09:42 ds4-server: chat ctx=0..142:142 prefill chunk 62/142 (43.7%) chunk=19.49 t/s avg=17.36 t/s 3.572s
0824 02:09:42 ds4-server: chat ctx=0..142:142 prefill chunk 63/142 (44.4%) chunk=18.31 t/s avg=17.37 t/s 3.627s
0824 02:09:42 ds4-server: chat ctx=0..142:142 prefill chunk 64/142 (45.1%) chunk=19.24 t/s avg=17.40 t/s 3.679s
0824 02:09:42 ds4-server: chat ctx=0..142:142 prefill chunk 65/142 (45.8%) chunk=18.17 t/s avg=17.41 t/s 3.734s
0824 02:09:42 ds4-server: chat ctx=0..142:142 prefill chunk 66/142 (46.5%) chunk=18.58 t/s avg=17.42 t/s 3.788s
0824 02:09:42 ds4-server: chat ctx=0..142:142 prefill chunk 67/142 (47.2%) chunk=19.60 t/s avg=17.45 t/s 3.839s
0824 02:09:42 ds4-server: chat ctx=0..142:142 prefill chunk 68/142 (47.9%) chunk=18.58 t/s avg=17.47 t/s 3.893s
0824 02:09:42 ds4-server: chat ctx=0..142:142 prefill chunk 69/142 (48.6%) chunk=19.29 t/s avg=17.49 t/s 3.945s
0824 02:09:42 ds4-server: chat ctx=0..142:142 prefill chunk 70/142 (49.3%) chunk=18.06 t/s avg=17.50 t/s 4.000s
0824 02:09:42 ds4-server: chat ctx=0..142:142 prefill chunk 71/142 (50.0%) chunk=18.71 t/s avg=17.52 t/s 4.053s
0824 02:09:42 ds4-server: chat ctx=0..142:142 prefill chunk 72/142 (50.7%) chunk=19.53 t/s avg=17.54 t/s 4.105s
0824 02:09:43 ds4-server: chat ctx=0..142:142 prefill chunk 73/142 (51.4%) chunk=17.79 t/s avg=17.54 t/s 4.161s
0824 02:09:43 ds4-server: chat ctx=0..142:142 prefill chunk 74/142 (52.1%) chunk=19.66 t/s avg=17.57 t/s 4.212s
0824 02:09:43 ds4-server: chat ctx=0..142:142 prefill chunk 75/142 (52.8%) chunk=17.88 t/s avg=17.57 t/s 4.268s
0824 02:09:43 ds4-server: chat ctx=0..142:142 prefill chunk 76/142 (53.5%) chunk=17.69 t/s avg=17.58 t/s 4.324s
0824 02:09:43 ds4-server: chat ctx=0..142:142 prefill chunk 77/142 (54.2%) chunk=18.63 t/s avg=17.59 t/s 4.378s
0824 02:09:43 ds4-server: chat ctx=0..142:142 prefill chunk 78/142 (54.9%) chunk=18.70 t/s avg=17.60 t/s 4.431s
0824 02:09:43 ds4-server: chat ctx=0..142:142 prefill chunk 79/142 (55.6%) chunk=18.27 t/s avg=17.61 t/s 4.486s
0824 02:09:43 ds4-server: chat ctx=0..142:142 prefill chunk 80/142 (56.3%) chunk=18.65 t/s avg=17.62 t/s 4.540s
0824 02:09:43 ds4-server: chat ctx=0..142:142 prefill chunk 81/142 (57.0%) chunk=18.48 t/s avg=17.63 t/s 4.594s
0824 02:09:43 ds4-server: chat ctx=0..142:142 prefill chunk 82/142 (57.7%) chunk=18.25 t/s avg=17.64 t/s 4.648s
0824 02:09:43 ds4-server: chat ctx=0..142:142 prefill chunk 83/142 (58.5%) chunk=18.97 t/s avg=17.66 t/s 4.701s
0824 02:09:43 ds4-server: chat ctx=0..142:142 prefill chunk 84/142 (59.2%) chunk=18.42 t/s avg=17.66 t/s 4.755s
0824 02:09:43 ds4-server: chat ctx=0..142:142 prefill chunk 85/142 (59.9%) chunk=18.99 t/s avg=17.68 t/s 4.808s
0824 02:09:43 ds4-server: chat ctx=0..142:142 prefill chunk 86/142 (60.6%) chunk=18.40 t/s avg=17.69 t/s 4.862s
0824 02:09:43 ds4-server: chat ctx=0..142:142 prefill chunk 87/142 (61.3%) chunk=17.78 t/s avg=17.69 t/s 4.919s
0824 02:09:43 ds4-server: chat ctx=0..142:142 prefill chunk 88/142 (62.0%) chunk=18.87 t/s avg=17.70 t/s 4.972s
0824 02:09:43 ds4-server: chat ctx=0..142:142 prefill chunk 89/142 (62.7%) chunk=17.73 t/s avg=17.70 t/s 5.028s
0824 02:09:43 ds4-server: chat ctx=0..142:142 prefill chunk 90/142 (63.4%) chunk=19.23 t/s avg=17.72 t/s 5.080s
0824 02:09:44 ds4-server: chat ctx=0..142:142 prefill chunk 91/142 (64.1%) chunk=18.25 t/s avg=17.72 t/s 5.135s
0824 02:09:44 ds4-server: chat ctx=0..142:142 prefill chunk 92/142 (64.8%) chunk=18.78 t/s avg=17.73 t/s 5.188s
0824 02:09:44 ds4-server: chat ctx=0..142:142 prefill chunk 93/142 (65.5%) chunk=18.09 t/s avg=17.74 t/s 5.243s
0824 02:09:44 ds4-server: chat ctx=0..142:142 prefill chunk 94/142 (66.2%) chunk=17.66 t/s avg=17.74 t/s 5.300s
0824 02:09:44 ds4-server: chat ctx=0..142:142 prefill chunk 95/142 (66.9%) chunk=17.37 t/s avg=17.73 t/s 5.358s
0824 02:09:44 ds4-server: chat ctx=0..142:142 prefill chunk 96/142 (67.6%) chunk=19.42 t/s avg=17.75 t/s 5.409s
0824 02:09:44 ds4-server: chat ctx=0..142:142 prefill chunk 97/142 (68.3%) chunk=18.03 t/s avg=17.75 t/s 5.465s
0824 02:09:44 ds4-server: chat ctx=0..142:142 prefill chunk 98/142 (69.0%) chunk=18.09 t/s avg=17.75 t/s 5.520s
0824 02:09:44 ds4-server: chat ctx=0..142:142 prefill chunk 99/142 (69.7%) chunk=18.34 t/s avg=17.76 t/s 5.574s
0824 02:09:44 ds4-server: chat ctx=0..142:142 prefill chunk 100/142 (70.4%) chunk=18.50 t/s avg=17.77 t/s 5.629s
0824 02:09:44 ds4-server: chat ctx=0..142:142 prefill chunk 101/142 (71.1%) chunk=19.34 t/s avg=17.78 t/s 5.680s
0824 02:09:44 ds4-server: chat ctx=0..142:142 prefill chunk 102/142 (71.8%) chunk=17.53 t/s avg=17.78 t/s 5.737s
0824 02:09:44 ds4-server: chat ctx=0..142:142 prefill chunk 103/142 (72.5%) chunk=17.61 t/s avg=17.78 t/s 5.794s
0824 02:09:44 ds4-server: chat ctx=0..142:142 prefill chunk 104/142 (73.2%) chunk=18.94 t/s avg=17.79 t/s 5.847s
0824 02:09:44 ds4-server: chat ctx=0..142:142 prefill chunk 105/142 (73.9%) chunk=17.41 t/s avg=17.78 t/s 5.904s
0824 02:09:44 ds4-server: chat ctx=0..142:142 prefill chunk 106/142 (74.6%) chunk=18.39 t/s avg=17.79 t/s 5.959s
0824 02:09:44 ds4-server: chat ctx=0..142:142 prefill chunk 107/142 (75.4%) chunk=18.83 t/s avg=17.80 t/s 6.012s
0824 02:09:44 ds4-server: chat ctx=0..142:142 prefill chunk 108/142 (76.1%) chunk=17.51 t/s avg=17.80 t/s 6.069s
0824 02:09:45 ds4-server: chat ctx=0..142:142 prefill chunk 109/142 (76.8%) chunk=17.63 t/s avg=17.79 t/s 6.126s
0824 02:09:45 ds4-server: chat ctx=0..142:142 prefill chunk 110/142 (77.5%) chunk=17.24 t/s avg=17.79 t/s 6.184s
0824 02:09:45 ds4-server: chat ctx=0..142:142 prefill chunk 111/142 (78.2%) chunk=17.52 t/s avg=17.79 t/s 6.241s
0824 02:09:45 ds4-server: chat ctx=0..142:142 prefill chunk 112/142 (78.9%) chunk=17.45 t/s avg=17.78 t/s 6.298s
0824 02:09:45 ds4-server: chat ctx=0..142:142 prefill chunk 113/142 (79.6%) chunk=17.13 t/s avg=17.78 t/s 6.356s
0824 02:09:45 ds4-server: chat ctx=0..142:142 prefill chunk 114/142 (80.3%) chunk=18.39 t/s avg=17.78 t/s 6.411s
0824 02:09:45 ds4-server: chat ctx=0..142:142 prefill chunk 115/142 (81.0%) chunk=17.88 t/s avg=17.78 t/s 6.467s
0824 02:09:45 ds4-server: chat ctx=0..142:142 prefill chunk 116/142 (81.7%) chunk=17.65 t/s avg=17.78 t/s 6.523s
0824 02:09:45 ds4-server: chat ctx=0..142:142 prefill chunk 117/142 (82.4%) chunk=17.80 t/s avg=17.78 t/s 6.580s
0824 02:09:45 ds4-server: chat ctx=0..142:142 prefill chunk 118/142 (83.1%) chunk=17.76 t/s avg=17.78 t/s 6.636s
0824 02:09:45 ds4-server: chat ctx=0..142:142 prefill chunk 119/142 (83.8%) chunk=17.79 t/s avg=17.78 t/s 6.692s
0824 02:09:45 ds4-server: chat ctx=0..142:142 prefill chunk 120/142 (84.5%) chunk=17.18 t/s avg=17.78 t/s 6.750s
0824 02:09:45 ds4-server: chat ctx=0..142:142 prefill chunk 121/142 (85.2%) chunk=18.05 t/s avg=17.78 t/s 6.806s
0824 02:09:45 ds4-server: chat ctx=0..142:142 prefill chunk 122/142 (85.9%) chunk=18.27 t/s avg=17.78 t/s 6.860s
0824 02:09:45 ds4-server: chat ctx=0..142:142 prefill chunk 123/142 (86.6%) chunk=18.12 t/s avg=17.79 t/s 6.916s
0824 02:09:45 ds4-server: chat ctx=0..142:142 prefill chunk 124/142 (87.3%) chunk=17.52 t/s avg=17.78 t/s 6.973s
0824 02:09:45 ds4-server: chat ctx=0..142:142 prefill chunk 125/142 (88.0%) chunk=18.37 t/s avg=17.79 t/s 7.027s
0824 02:09:45 ds4-server: chat ctx=0..142:142 prefill chunk 126/142 (88.7%) chunk=17.67 t/s avg=17.79 t/s 7.084s
0824 02:09:46 ds4-server: chat ctx=0..142:142 prefill chunk 127/142 (89.4%) chunk=17.15 t/s avg=17.78 t/s 7.142s
0824 02:09:46 ds4-server: chat ctx=0..142:142 prefill chunk 128/142 (90.1%) chunk=17.59 t/s avg=17.78 t/s 7.199s
0824 02:09:46 ds4-server: chat ctx=0..142:142 prefill chunk 129/142 (90.8%) chunk=16.95 t/s avg=17.77 t/s 7.258s
ds4: qwen35moe experts/token avg over 128 tokens: 0:14.3 1:14.5 2:15.0 3:15.6 4:14.7 5:15.4 6:14.6 7:15.3 8:16.0 9:16.1 10:14.7 11:14.5 12:15.3 13:14.1 14:14.8 15:15.5 16:15.0 17:14.8 18:15.2 19:15.3 20:16.2 21:15.6 22:15.1 23:14.8 24:15.7 25:15.0 26:15.6 27:15.8 28:15.2 29:16.6 30:16.7 31:16.9 32:16.8 33:16.6 34:16.8 35:19.0 36:19.5 37:19.2 38:19.5 39:18.2 | mean 15.9
0824 02:09:46 ds4-server: chat ctx=0..142:142 prefill chunk 130/142 (91.5%) chunk=18.14 t/s avg=17.78 t/s 7.313s
0824 02:09:46 ds4-server: chat ctx=0..142:142 prefill chunk 131/142 (92.3%) chunk=17.28 t/s avg=17.77 t/s 7.371s
0824 02:09:46 ds4-server: chat ctx=0..142:142 prefill chunk 132/142 (93.0%) chunk=17.54 t/s avg=17.77 t/s 7.428s
0824 02:09:46 ds4-server: chat ctx=0..142:142 prefill chunk 133/142 (93.7%) chunk=17.88 t/s avg=17.77 t/s 7.484s
0824 02:09:46 ds4-server: chat ctx=0..142:142 prefill chunk 134/142 (94.4%) chunk=18.71 t/s avg=17.78 t/s 7.537s
0824 02:09:46 ds4-server: chat ctx=0..142:142 prefill chunk 135/142 (95.1%) chunk=18.18 t/s avg=17.78 t/s 7.592s
0824 02:09:46 ds4-server: chat ctx=0..142:142 prefill chunk 136/142 (95.8%) chunk=19.68 t/s avg=17.79 t/s 7.643s
0824 02:09:46 ds4-server: chat ctx=0..142:142 prefill chunk 137/142 (96.5%) chunk=18.15 t/s avg=17.80 t/s 7.698s
0824 02:09:46 ds4-server: chat ctx=0..142:142 prefill chunk 138/142 (97.2%) chunk=17.88 t/s avg=17.80 t/s 7.754s
0824 02:09:46 ds4-server: chat ctx=0..142:142 prefill chunk 139/142 (97.9%) chunk=19.25 t/s avg=17.81 t/s 7.806s
0824 02:09:46 ds4-server: chat ctx=0..142:142 prefill chunk 140/142 (98.6%) chunk=17.72 t/s avg=17.81 t/s 7.862s
0824 02:09:46 ds4-server: chat ctx=0..142:142 prefill chunk 141/142 (99.3%) chunk=20.10 t/s avg=17.82 t/s 7.912s
0824 02:09:46 ds4-server: chat ctx=0..142:142 prefill chunk 142/142 (100.0%) chunk=19.79 t/s avg=17.83 t/s 7.963s
0824 02:09:46 ds4-server: chat ctx=0..142:142 prompt done 7.963s
0824 02:09:49 ds4-server: chat ctx=142..192:50 gen=50 THINKING decoding chunk=18.25 t/s avg=18.25 t/s 2.739s
0824 02:09:52 ds4-server: chat ctx=192..242:50 gen=100 THINKING decoding chunk=17.84 t/s avg=18.05 t/s 5.542s
ds4: qwen35moe experts/token avg over 128 tokens: 0:14.6 1:14.8 2:14.1 3:15.5 4:15.4 5:15.9 6:15.1 7:16.5 8:17.0 9:17.0 10:15.6 11:15.2 12:16.7 13:15.9 14:16.5 15:16.0 16:15.6 17:15.8 18:15.6 19:16.2 20:17.3 21:17.6 22:16.2 23:16.5 24:16.7 25:16.5 26:16.5 27:16.2 28:15.6 29:16.0 30:16.8 31:16.8 32:16.5 33:16.0 34:16.5 35:17.9 36:18.5 37:19.1 38:19.1 39:18.3 | mean 16.4
0824 02:09:55 ds4-server: chat ctx=242..292:50 gen=150 THINKING decoding chunk=17.57 t/s avg=17.88 t/s 8.388s
0824 02:09:58 ds4-server: chat ctx=292..342:50 gen=200 THINKING decoding chunk=17.90 t/s avg=17.89 t/s 11.181s
ds4: qwen35moe experts/token avg over 128 tokens: 0:14.9 1:15.4 2:15.3 3:16.3 4:15.4 5:16.9 6:16.0 7:17.0 8:17.5 9:17.5 10:16.3 11:15.4 12:16.6 13:15.6 14:15.8 15:16.2 16:15.8 17:15.6 18:15.5 19:15.6 20:17.4 21:17.4 22:16.2 23:15.8 24:16.1 25:15.9 26:15.9 27:15.7 28:15.2 29:15.6 30:15.7 31:16.4 32:15.7 33:15.6 34:15.7 35:17.2 36:17.5 37:18.0 38:18.5 39:17.9 | mean 16.3
0824 02:10:00 ds4-server: chat ctx=342..392:50 gen=250 THINKING decoding chunk=17.78 t/s avg=17.87 t/s 13.993s
0824 02:10:03 ds4-server: chat ctx=392..442:50 gen=300 THINKING decoding chunk=17.62 t/s avg=17.82 t/s 16.832s
0824 02:10:06 ds4-server: chat ctx=442..492:50 gen=350 THINKING decoding chunk=17.69 t/s avg=17.80 t/s 19.659s
ds4: qwen35moe experts/token avg over 128 tokens: 0:14.6 1:15.4 2:14.7 3:16.6 4:16.1 5:16.1 6:16.0 7:16.6 8:17.4 9:17.2 10:16.5 11:15.3 12:16.3 13:15.8 14:16.0 15:16.3 16:15.7 17:15.7 18:15.5 19:15.6 20:16.9 21:17.2 22:15.1 23:15.5 24:15.3 25:15.2 26:15.7 27:15.3 28:14.9 29:15.4 30:15.0 31:15.5 32:15.0 33:14.6 34:14.8 35:16.4 36:17.1 37:17.2 38:18.4 39:16.8 | mean 15.9
0824 02:10:09 ds4-server: chat ctx=492..542:50 gen=400 THINKING decoding chunk=17.24 t/s avg=17.73 t/s 22.559s
0824 02:10:12 ds4-server: chat ctx=542..592:50 gen=450 THINKING decoding chunk=17.71 t/s avg=17.73 t/s 25.382s
ds4: qwen35moe experts/token avg over 128 tokens: 0:14.5 1:14.9 2:15.2 3:16.5 4:16.2 5:16.8 6:16.8 7:17.1 8:17.6 9:17.4 10:16.4 11:16.1 12:17.0 13:16.6 14:17.1 15:16.7 16:17.0 17:16.6 18:16.9 19:16.5 20:17.1 21:17.0 22:16.8 23:16.5 24:17.0 25:16.6 26:17.1 27:16.4 28:17.0 29:16.8 30:17.0 31:17.1 32:16.9 33:16.9 34:16.8 35:17.3 36:17.9 37:18.2 38:18.7 39:17.9 | mean 16.8
0824 02:10:15 ds4-server: chat ctx=592..642:50 gen=500 THINKING decoding chunk=16.87 t/s avg=17.64 t/s 28.346s
0824 02:10:18 ds4-server: chat ctx=642..692:50 gen=550 THINKING decoding chunk=17.42 t/s avg=17.62 t/s 31.216s
0824 02:10:20 ds4-server: chat ctx=692..742:50 gen=600 THINKING decoding chunk=17.11 t/s avg=17.58 t/s 34.138s
ds4: qwen35moe experts/token avg over 128 tokens: 0:14.3 1:15.1 2:15.0 3:16.8 4:16.3 5:16.4 6:16.4 7:16.4 8:17.3 9:17.3 10:15.5 11:15.5 12:16.7 13:16.1 14:16.7 15:16.0 16:17.1 17:16.3 18:16.5 19:16.0 20:17.4 21:16.6 22:15.6 23:16.3 24:16.3 25:16.1 26:16.8 27:16.4 28:16.6 29:16.7 30:16.7 31:16.7 32:16.4 33:16.4 34:16.2 35:17.0 36:17.7 37:17.6 38:18.4 39:17.8 | mean 16.5
0824 02:10:23 ds4-server: chat ctx=742..792:50 gen=650 THINKING decoding chunk=16.72 t/s avg=17.51 t/s 37.128s
0824 02:10:26 ds4-server: chat ctx=792..842:50 gen=700 THINKING decoding chunk=17.15 t/s avg=17.48 t/s 40.044s
0824 02:10:29 ds4-server: chat ctx=842..892:50 gen=750 THINKING decoding chunk=17.13 t/s avg=17.46 t/s 42.963s
ds4: qwen35moe experts/token avg over 128 tokens: 0:14.2 1:15.2 2:14.6 3:16.1 4:15.8 5:15.5 6:15.6 7:16.2 8:17.1 9:16.8 10:15.3 11:14.9 12:15.9 13:15.7 14:15.4 15:15.8 16:15.5 17:15.1 18:14.7 19:15.2 20:15.8 21:16.1 22:15.1 23:15.1 24:14.8 25:15.4 26:15.2 27:15.1 28:14.7 29:14.4 30:14.6 31:15.7 32:15.2 33:14.8 34:15.0 35:16.0 36:17.1 37:17.3 38:18.1 39:16.9 | mean 15.6
0824 02:10:32 ds4-server: chat ctx=892..942:50 gen=800 THINKING decoding chunk=16.33 t/s avg=17.38 t/s 46.025s
0824 02:10:35 ds4-server: chat ctx=942..992:50 gen=850 THINKING decoding chunk=16.24 t/s avg=17.31 t/s 49.104s
ds4: qwen35moe experts/token avg over 128 tokens: 0:14.8 1:15.9 2:16.0 3:17.3 4:17.0 5:16.7 6:17.0 7:16.9 8:17.6 9:17.4 10:16.7 11:16.5 12:17.6 13:16.7 14:17.2 15:17.0 16:17.1 17:17.5 18:17.0 19:17.0 20:17.6 21:17.2 22:16.7 23:16.4 24:17.2 25:17.1 26:17.1 27:16.4 28:16.7 29:17.3 30:16.7 31:17.5 32:17.1 33:17.1 34:17.2 35:17.5 36:18.2 37:18.2 38:18.5 39:18.1 | mean 17.1
0824 02:10:38 ds4-server: chat ctx=992..1042:50 gen=900 THINKING decoding chunk=16.81 t/s avg=17.28 t/s 52.078s
0824 02:10:41 ds4-server: chat ctx=1042..1092:50 gen=950 THINKING decoding chunk=16.88 t/s avg=17.26 t/s 55.040s
0824 02:10:44 ds4-server: chat ctx=1092..1142:50 gen=1000 THINKING decoding chunk=16.12 t/s avg=17.20 t/s 58.141s
ds4: qwen35moe experts/token avg over 128 tokens: 0:14.7 1:15.5 2:15.6 3:16.7 4:16.6 5:15.8 6:16.7 7:16.5 8:17.0 9:17.0 10:16.0 11:15.4 12:16.7 13:15.5 14:16.9 15:16.4 16:16.8 17:16.8 18:16.7 19:16.2 20:16.4 21:16.2 22:16.0 23:15.3 24:15.7 25:16.1 26:16.0 27:15.7 28:15.8 29:16.2 30:15.8 31:16.4 32:15.8 33:15.2 34:15.1 35:16.6 36:16.4 37:16.8 38:17.5 39:16.6 | mean 16.2
0824 02:10:48 ds4-server: chat ctx=1142..1192:50 gen=1050 THINKING decoding chunk=16.37 t/s avg=17.16 t/s 61.196s
0824 02:10:51 ds4-server: chat ctx=1192..1242:50 gen=1100 THINKING decoding chunk=15.73 t/s avg=17.09 t/s 64.375s
ds4: qwen35moe experts/token avg over 128 tokens: 0:14.8 1:16.5 2:16.2 3:17.6 4:16.9 5:16.7 6:17.2 7:17.2 8:17.8 9:17.3 10:16.4 11:16.9 12:17.3 13:16.7 14:17.7 15:17.1 16:17.5 17:17.5 18:17.3 19:17.4 20:17.6 21:17.2 22:16.6 23:16.3 24:17.2 25:17.2 26:17.4 27:16.7 28:17.3 29:17.2 30:16.7 31:17.4 32:16.6 33:16.8 34:16.8 35:17.8 36:17.9 37:18.2 38:18.3 39:17.9 | mean 17.1
0824 02:10:54 ds4-server: chat ctx=1242..1289:47 gen=1147 decoding chunk=15.67 t/s avg=17.02 t/s 67.375s
0824 02:10:54 ds4-server: thinking live checkpoint remembered ctx=0..142:142 live=1289 visible=719
0824 02:10:54 ds4-server: chat ctx=0..142:142 gen=1147 finish=stop 75.338s
0824 02:10:58 ds4-server: live kv cache miss live=1289 prompt=108 common=30 reason=token-mismatch
0824 02:10:58 ds4-server: chat ctx=0..108:108 prompt start
0824 02:10:58 ds4-server: chat ctx=0..108:108 prefill chunk 1/108 (0.9%) chunk=0.00 t/s avg=3.06 t/s 0.326s
0824 02:10:58 ds4-server: chat ctx=0..108:108 prefill chunk 2/108 (1.9%) chunk=19.71 t/s avg=5.30 t/s 0.377s
0824 02:10:58 ds4-server: chat ctx=0..108:108 prefill chunk 3/108 (2.8%) chunk=19.26 t/s avg=6.99 t/s 0.429s
0824 02:10:58 ds4-server: chat ctx=0..108:108 prefill chunk 4/108 (3.7%) chunk=19.70 t/s avg=8.34 t/s 0.480s
0824 02:10:58 ds4-server: chat ctx=0..108:108 prefill chunk 5/108 (4.6%) chunk=18.60 t/s avg=9.37 t/s 0.533s
0824 02:10:58 ds4-server: chat ctx=0..108:108 prefill chunk 6/108 (5.6%) chunk=19.80 t/s avg=10.27 t/s 0.584s
0824 02:10:58 ds4-server: chat ctx=0..108:108 prefill chunk 7/108 (6.5%) chunk=18.76 t/s avg=10.98 t/s 0.637s
0824 02:10:58 ds4-server: chat ctx=0..108:108 prefill chunk 8/108 (7.4%) chunk=19.45 t/s avg=11.62 t/s 0.689s
0824 02:10:58 ds4-server: chat ctx=0..108:108 prefill chunk 9/108 (8.3%) chunk=18.97 t/s avg=12.14 t/s 0.741s
0824 02:10:58 ds4-server: chat ctx=0..108:108 prefill chunk 10/108 (9.3%) chunk=18.74 t/s avg=12.58 t/s 0.795s
0824 02:10:58 ds4-server: chat ctx=0..108:108 prefill chunk 11/108 (10.2%) chunk=19.36 t/s avg=13.00 t/s 0.846s
0824 02:10:58 ds4-server: chat ctx=0..108:108 prefill chunk 12/108 (11.1%) chunk=18.63 t/s avg=13.33 t/s 0.900s
0824 02:10:59 ds4-server: chat ctx=0..108:108 prefill chunk 13/108 (12.0%) chunk=19.54 t/s avg=13.67 t/s 0.951s
0824 02:10:59 ds4-server: chat ctx=0..108:108 prefill chunk 14/108 (13.0%) chunk=18.95 t/s avg=13.94 t/s 1.004s
0824 02:10:59 ds4-server: chat ctx=0..108:108 prefill chunk 15/108 (13.9%) chunk=19.55 t/s avg=14.22 t/s 1.055s
0824 02:10:59 ds4-server: chat ctx=0..108:108 prefill chunk 16/108 (14.8%) chunk=18.59 t/s avg=14.43 t/s 1.109s
0824 02:10:59 ds4-server: chat ctx=0..108:108 prefill chunk 17/108 (15.7%) chunk=18.81 t/s avg=14.63 t/s 1.162s
0824 02:10:59 ds4-server: chat ctx=0..108:108 prefill chunk 18/108 (16.7%) chunk=18.60 t/s avg=14.80 t/s 1.216s
0824 02:10:59 ds4-server: chat ctx=0..108:108 prefill chunk 19/108 (17.6%) chunk=18.86 t/s avg=14.97 t/s 1.269s
0824 02:10:59 ds4-server: chat ctx=0..108:108 prefill chunk 20/108 (18.5%) chunk=19.31 t/s avg=15.14 t/s 1.321s
0824 02:10:59 ds4-server: chat ctx=0..108:108 prefill chunk 21/108 (19.4%) chunk=18.81 t/s avg=15.29 t/s 1.374s
0824 02:10:59 ds4-server: chat ctx=0..108:108 prefill chunk 22/108 (20.4%) chunk=18.28 t/s avg=15.40 t/s 1.429s
0824 02:10:59 ds4-server: chat ctx=0..108:108 prefill chunk 23/108 (21.3%) chunk=19.52 t/s avg=15.54 t/s 1.480s
0824 02:10:59 ds4-server: chat ctx=0..108:108 prefill chunk 24/108 (22.2%) chunk=18.81 t/s avg=15.66 t/s 1.533s
0824 02:10:59 ds4-server: chat ctx=0..108:108 prefill chunk 25/108 (23.1%) chunk=19.04 t/s avg=15.77 t/s 1.586s
0824 02:10:59 ds4-server: chat ctx=0..108:108 prefill chunk 26/108 (24.1%) chunk=19.21 t/s avg=15.88 t/s 1.638s
0824 02:10:59 ds4-server: chat ctx=0..108:108 prefill chunk 27/108 (25.0%) chunk=18.34 t/s avg=15.96 t/s 1.692s
0824 02:10:59 ds4-server: chat ctx=0..108:108 prefill chunk 28/108 (25.9%) chunk=18.25 t/s avg=16.03 t/s 1.747s
0824 02:10:59 ds4-server: chat ctx=0..108:108 prefill chunk 29/108 (26.9%) chunk=18.15 t/s avg=16.09 t/s 1.802s
0824 02:10:59 ds4-server: chat ctx=0..108:108 prefill chunk 30/108 (27.8%) chunk=19.17 t/s avg=16.18 t/s 1.854s
0824 02:10:59 ds4-server: chat ctx=0..108:108 prefill chunk 31/108 (28.7%) chunk=19.32 t/s avg=16.26 t/s 1.906s
0824 02:11:00 ds4-server: chat ctx=0..108:108 prefill chunk 32/108 (29.6%) chunk=18.74 t/s avg=16.33 t/s 1.959s
0824 02:11:00 ds4-server: chat ctx=0..108:108 prefill chunk 33/108 (30.6%) chunk=19.33 t/s avg=16.41 t/s 2.011s
0824 02:11:00 ds4-server: chat ctx=0..108:108 prefill chunk 34/108 (31.5%) chunk=18.24 t/s avg=16.46 t/s 2.066s
0824 02:11:00 ds4-server: chat ctx=0..108:108 prefill chunk 35/108 (32.4%) chunk=19.68 t/s avg=16.54 t/s 2.117s
0824 02:11:00 ds4-server: chat ctx=0..108:108 prefill chunk 36/108 (33.3%) chunk=18.81 t/s avg=16.59 t/s 2.170s
0824 02:11:00 ds4-server: chat ctx=0..108:108 prefill chunk 37/108 (34.3%) chunk=18.06 t/s avg=16.63 t/s 2.225s
0824 02:11:00 ds4-server: chat ctx=0..108:108 prefill chunk 38/108 (35.2%) chunk=18.95 t/s avg=16.68 t/s 2.278s
0824 02:11:00 ds4-server: chat ctx=0..108:108 prefill chunk 39/108 (36.1%) chunk=17.62 t/s avg=16.70 t/s 2.335s
0824 02:11:00 ds4-server: chat ctx=0..108:108 prefill chunk 40/108 (37.0%) chunk=17.38 t/s avg=16.72 t/s 2.392s
0824 02:11:00 ds4-server: chat ctx=0..108:108 prefill chunk 41/108 (38.0%) chunk=18.46 t/s avg=16.76 t/s 2.446s
0824 02:11:00 ds4-server: chat ctx=0..108:108 prefill chunk 42/108 (38.9%) chunk=17.75 t/s avg=16.78 t/s 2.503s
0824 02:11:00 ds4-server: chat ctx=0..108:108 prefill chunk 43/108 (39.8%) chunk=17.04 t/s avg=16.79 t/s 2.562s
0824 02:11:00 ds4-server: chat ctx=0..108:108 prefill chunk 44/108 (40.7%) chunk=17.88 t/s avg=16.81 t/s 2.617s
0824 02:11:00 ds4-server: chat ctx=0..108:108 prefill chunk 45/108 (41.7%) chunk=17.50 t/s avg=16.83 t/s 2.675s
0824 02:11:00 ds4-server: chat ctx=0..108:108 prefill chunk 46/108 (42.6%) chunk=17.23 t/s avg=16.83 t/s 2.733s
0824 02:11:00 ds4-server: chat ctx=0..108:108 prefill chunk 47/108 (43.5%) chunk=17.99 t/s avg=16.86 t/s 2.788s
0824 02:11:00 ds4-server: chat ctx=0..108:108 prefill chunk 48/108 (44.4%) chunk=19.16 t/s avg=16.90 t/s 2.840s
0824 02:11:00 ds4-server: chat ctx=0..108:108 prefill chunk 49/108 (45.4%) chunk=17.50 t/s avg=16.91 t/s 2.898s
0824 02:11:01 ds4-server: chat ctx=0..108:108 prefill chunk 50/108 (46.3%) chunk=19.38 t/s avg=16.95 t/s 2.949s
0824 02:11:01 ds4-server: chat ctx=0..108:108 prefill chunk 51/108 (47.2%) chunk=18.38 t/s avg=16.98 t/s 3.004s
0824 02:11:01 ds4-server: chat ctx=0..108:108 prefill chunk 52/108 (48.1%) chunk=18.12 t/s avg=17.00 t/s 3.059s
0824 02:11:01 ds4-server: chat ctx=0..108:108 prefill chunk 53/108 (49.1%) chunk=18.61 t/s avg=17.03 t/s 3.112s
0824 02:11:01 ds4-server: chat ctx=0..108:108 prefill chunk 54/108 (50.0%) chunk=18.11 t/s avg=17.05 t/s 3.168s
0824 02:11:01 ds4-server: chat ctx=0..108:108 prefill chunk 55/108 (50.9%) chunk=18.65 t/s avg=17.07 t/s 3.221s
0824 02:11:01 ds4-server: chat ctx=0..108:108 prefill chunk 56/108 (51.9%) chunk=18.89 t/s avg=17.10 t/s 3.274s
0824 02:11:01 ds4-server: chat ctx=0..108:108 prefill chunk 57/108 (52.8%) chunk=18.51 t/s avg=17.13 t/s 3.328s
0824 02:11:01 ds4-server: chat ctx=0..108:108 prefill chunk 58/108 (53.7%) chunk=18.87 t/s avg=17.15 t/s 3.381s
0824 02:11:01 ds4-server: chat ctx=0..108:108 prefill chunk 59/108 (54.6%) chunk=17.79 t/s avg=17.16 t/s 3.437s
0824 02:11:01 ds4-server: chat ctx=0..108:108 prefill chunk 60/108 (55.6%) chunk=17.45 t/s avg=17.17 t/s 3.495s
0824 02:11:01 ds4-server: chat ctx=0..108:108 prefill chunk 61/108 (56.5%) chunk=18.93 t/s avg=17.19 t/s 3.548s
0824 02:11:01 ds4-server: chat ctx=0..108:108 prefill chunk 62/108 (57.4%) chunk=19.00 t/s avg=17.22 t/s 3.600s
0824 02:11:01 ds4-server: chat ctx=0..108:108 prefill chunk 63/108 (58.3%) chunk=18.66 t/s avg=17.24 t/s 3.654s
0824 02:11:01 ds4-server: chat ctx=0..108:108 prefill chunk 64/108 (59.3%) chunk=19.24 t/s avg=17.27 t/s 3.706s
0824 02:11:01 ds4-server: chat ctx=0..108:108 prefill chunk 65/108 (60.2%) chunk=17.65 t/s avg=17.28 t/s 3.762s
0824 02:11:01 ds4-server: chat ctx=0..108:108 prefill chunk 66/108 (61.1%) chunk=18.45 t/s avg=17.29 t/s 3.817s
0824 02:11:01 ds4-server: chat ctx=0..108:108 prefill chunk 67/108 (62.0%) chunk=17.91 t/s avg=17.30 t/s 3.873s
0824 02:11:02 ds4-server: chat ctx=0..108:108 prefill chunk 68/108 (63.0%) chunk=17.82 t/s avg=17.31 t/s 3.929s
0824 02:11:02 ds4-server: chat ctx=0..108:108 prefill chunk 69/108 (63.9%) chunk=18.15 t/s avg=17.32 t/s 3.984s
0824 02:11:02 ds4-server: chat ctx=0..108:108 prefill chunk 70/108 (64.8%) chunk=18.34 t/s avg=17.33 t/s 4.038s
0824 02:11:02 ds4-server: chat ctx=0..108:108 prefill chunk 71/108 (65.7%) chunk=17.62 t/s avg=17.34 t/s 4.095s
0824 02:11:02 ds4-server: chat ctx=0..108:108 prefill chunk 72/108 (66.7%) chunk=18.27 t/s avg=17.35 t/s 4.150s
0824 02:11:02 ds4-server: chat ctx=0..108:108 prefill chunk 73/108 (67.6%) chunk=17.77 t/s avg=17.36 t/s 4.206s
0824 02:11:02 ds4-server: chat ctx=0..108:108 prefill chunk 74/108 (68.5%) chunk=17.31 t/s avg=17.36 t/s 4.264s
0824 02:11:02 ds4-server: chat ctx=0..108:108 prefill chunk 75/108 (69.4%) chunk=18.30 t/s avg=17.37 t/s 4.318s
0824 02:11:02 ds4-server: chat ctx=0..108:108 prefill chunk 76/108 (70.4%) chunk=17.25 t/s avg=17.37 t/s 4.376s
0824 02:11:02 ds4-server: chat ctx=0..108:108 prefill chunk 77/108 (71.3%) chunk=17.08 t/s avg=17.36 t/s 4.435s
0824 02:11:02 ds4-server: chat ctx=0..108:108 prefill chunk 78/108 (72.2%) chunk=17.16 t/s avg=17.36 t/s 4.493s
0824 02:11:02 ds4-server: chat ctx=0..108:108 prefill chunk 79/108 (73.1%) chunk=17.81 t/s avg=17.37 t/s 4.549s
0824 02:11:02 ds4-server: chat ctx=0..108:108 prefill chunk 80/108 (74.1%) chunk=17.60 t/s avg=17.37 t/s 4.606s
0824 02:11:02 ds4-server: chat ctx=0..108:108 prefill chunk 81/108 (75.0%) chunk=17.89 t/s avg=17.37 t/s 4.662s
0824 02:11:02 ds4-server: chat ctx=0..108:108 prefill chunk 82/108 (75.9%) chunk=17.97 t/s avg=17.38 t/s 4.718s
0824 02:11:02 ds4-server: chat ctx=0..108:108 prefill chunk 83/108 (76.9%) chunk=18.04 t/s avg=17.39 t/s 4.773s
0824 02:11:02 ds4-server: chat ctx=0..108:108 prefill chunk 84/108 (77.8%) chunk=18.11 t/s avg=17.40 t/s 4.828s
0824 02:11:02 ds4-server: chat ctx=0..108:108 prefill chunk 85/108 (78.7%) chunk=18.05 t/s avg=17.40 t/s 4.884s
0824 02:11:03 ds4-server: chat ctx=0..108:108 prefill chunk 86/108 (79.6%) chunk=17.63 t/s avg=17.41 t/s 4.940s
0824 02:11:03 ds4-server: chat ctx=0..108:108 prefill chunk 87/108 (80.6%) chunk=17.94 t/s avg=17.41 t/s 4.996s
0824 02:11:03 ds4-server: chat ctx=0..108:108 prefill chunk 88/108 (81.5%) chunk=18.90 t/s avg=17.43 t/s 5.049s
0824 02:11:03 ds4-server: chat ctx=0..108:108 prefill chunk 89/108 (82.4%) chunk=17.54 t/s avg=17.43 t/s 5.106s
0824 02:11:03 ds4-server: chat ctx=0..108:108 prefill chunk 90/108 (83.3%) chunk=18.20 t/s avg=17.44 t/s 5.161s
0824 02:11:03 ds4-server: chat ctx=0..108:108 prefill chunk 91/108 (84.3%) chunk=17.67 t/s avg=17.44 t/s 5.218s
0824 02:11:03 ds4-server: chat ctx=0..108:108 prefill chunk 92/108 (85.2%) chunk=18.48 t/s avg=17.45 t/s 5.272s
0824 02:11:03 ds4-server: chat ctx=0..108:108 prefill chunk 93/108 (86.1%) chunk=17.35 t/s avg=17.45 t/s 5.329s
0824 02:11:03 ds4-server: chat ctx=0..108:108 prefill chunk 94/108 (87.0%) chunk=17.71 t/s avg=17.45 t/s 5.386s
0824 02:11:03 ds4-server: chat ctx=0..108:108 prefill chunk 95/108 (88.0%) chunk=17.29 t/s avg=17.45 t/s 5.444s
0824 02:11:03 ds4-server: chat ctx=0..108:108 prefill chunk 96/108 (88.9%) chunk=17.45 t/s avg=17.45 t/s 5.501s
0824 02:11:03 ds4-server: chat ctx=0..108:108 prefill chunk 97/108 (89.8%) chunk=17.40 t/s avg=17.45 t/s 5.558s
0824 02:11:03 ds4-server: chat ctx=0..108:108 prefill chunk 98/108 (90.7%) chunk=17.49 t/s avg=17.45 t/s 5.616s
0824 02:11:03 ds4-server: chat ctx=0..108:108 prefill chunk 99/108 (91.7%) chunk=17.49 t/s avg=17.45 t/s 5.673s
0824 02:11:03 ds4-server: chat ctx=0..108:108 prefill chunk 100/108 (92.6%) chunk=18.89 t/s avg=17.46 t/s 5.726s
0824 02:11:03 ds4-server: chat ctx=0..108:108 prefill chunk 101/108 (93.5%) chunk=18.58 t/s avg=17.48 t/s 5.780s
0824 02:11:03 ds4-server: chat ctx=0..108:108 prefill chunk 102/108 (94.4%) chunk=18.68 t/s avg=17.49 t/s 5.833s
0824 02:11:03 ds4-server: chat ctx=0..108:108 prefill chunk 103/108 (95.4%) chunk=18.91 t/s avg=17.50 t/s 5.886s
0824 02:11:04 ds4-server: chat ctx=0..108:108 prefill chunk 104/108 (96.3%) chunk=18.29 t/s avg=17.51 t/s 5.941s
0824 02:11:04 ds4-server: chat ctx=0..108:108 prefill chunk 105/108 (97.2%) chunk=18.75 t/s avg=17.52 t/s 5.994s
0824 02:11:04 ds4-server: chat ctx=0..108:108 prefill chunk 106/108 (98.1%) chunk=18.74 t/s avg=17.53 t/s 6.047s
0824 02:11:04 ds4-server: chat ctx=0..108:108 prefill chunk 107/108 (99.1%) chunk=19.32 t/s avg=17.54 t/s 6.099s
0824 02:11:04 ds4-server: chat ctx=0..108:108 prefill chunk 108/108 (100.0%) chunk=20.69 t/s avg=17.57 t/s 6.147s
0824 02:11:04 ds4-server: chat ctx=0..108:108 prompt done 6.147s
ds4: qwen35moe experts/token avg over 128 tokens: 0:14.2 1:14.9 2:14.8 3:15.4 4:15.3 5:15.4 6:15.7 7:15.4 8:15.5 9:15.8 10:14.8 11:14.8 12:16.1 13:14.7 14:15.1 15:15.6 16:15.4 17:14.8 18:16.1 19:15.7 20:15.6 21:15.5 22:15.7 23:15.7 24:17.0 25:15.7 26:16.1 27:16.3 28:16.0 29:16.2 30:16.8 31:17.1 32:17.1 33:16.8 34:16.9 35:18.5 36:18.8 37:18.7 38:19.2 39:18.6 | mean 16.1
0824 02:11:06 ds4-server: chat ctx=108..158:50 gen=50 THINKING decoding chunk=18.29 t/s avg=18.29 t/s 2.734s
0824 02:11:09 ds4-server: chat ctx=158..208:50 gen=100 THINKING decoding chunk=17.96 t/s avg=18.12 t/s 5.518s
ds4: qwen35moe experts/token avg over 128 tokens: 0:14.6 1:15.2 2:14.7 3:16.1 4:15.6 5:16.2 6:15.8 7:16.6 8:16.4 9:16.7 10:15.6 11:14.4 12:16.6 13:16.0 14:16.1 15:16.1 16:16.3 17:15.3 18:16.8 19:16.5 20:16.3 21:16.3 22:15.8 23:16.5 24:16.8 25:16.9 26:16.7 27:16.6 28:16.5 29:16.6 30:17.1 31:16.9 32:16.8 33:16.6 34:17.0 35:17.8 36:18.6 37:18.8 38:19.2 39:18.3 | mean 16.5
0824 02:11:12 ds4-server: chat ctx=208..258:50 gen=150 THINKING decoding chunk=17.81 t/s avg=18.01 t/s 8.327s
0824 02:11:15 ds4-server: chat ctx=258..308:50 gen=200 THINKING decoding chunk=18.47 t/s avg=18.13 t/s 11.034s
0824 02:11:17 ds4-server: chat ctx=308..358:50 gen=250 THINKING decoding chunk=18.30 t/s avg=18.16 t/s 13.767s
ds4: qwen35moe experts/token avg over 128 tokens: 0:13.8 1:14.5 2:14.2 3:15.7 4:15.6 5:15.4 6:15.2 7:15.7 8:16.0 9:16.4 10:14.2 11:14.3 12:15.9 13:14.9 14:15.3 15:15.5 16:15.1 17:14.3 18:14.6 19:15.2 20:16.0 21:15.7 22:14.2 23:15.3 24:14.8 25:15.0 26:15.5 27:15.7 28:15.4 29:14.5 30:15.1 31:15.3 32:14.8 33:15.1 34:14.3 35:15.2 36:16.3 37:16.5 38:17.2 39:15.9 | mean 15.3
0824 02:11:20 ds4-server: chat ctx=358..408:50 gen=300 THINKING decoding chunk=18.18 t/s avg=18.16 t/s 16.518s
0824 02:11:23 ds4-server: chat ctx=408..458:50 gen=350 THINKING decoding chunk=17.26 t/s avg=18.03 t/s 19.414s
ds4: qwen35moe experts/token avg over 128 tokens: 0:14.1 1:15.3 2:15.1 3:16.8 4:15.7 5:16.0 6:16.2 7:16.5 8:16.8 9:17.0 10:15.9 11:15.3 12:16.3 13:15.9 14:16.1 15:16.4 16:15.8 17:15.3 18:15.8 19:15.9 20:16.1 21:16.2 22:15.3 23:16.0 24:15.4 25:15.7 26:16.5 27:16.2 28:16.2 29:15.5 30:16.1 31:16.6 32:16.1 33:15.9 34:16.0 35:16.7 36:17.4 37:17.1 38:18.0 39:17.2 | mean 16.1
0824 02:11:26 ds4-server: chat ctx=458..508:50 gen=400 THINKING decoding chunk=17.69 t/s avg=17.98 t/s 22.241s
0824 02:11:29 ds4-server: chat ctx=508..558:50 gen=450 THINKING decoding chunk=17.78 t/s avg=17.96 t/s 25.054s
0824 02:11:32 ds4-server: chat ctx=558..608:50 gen=500 THINKING decoding chunk=16.97 t/s avg=17.86 t/s 28.001s
ds4: qwen35moe experts/token avg over 128 tokens: 0:14.1 1:15.7 2:15.3 3:16.6 4:16.6 5:16.0 6:16.0 7:16.5 8:17.2 9:16.9 10:15.9 11:15.0 12:16.5 13:16.0 14:17.1 15:16.2 16:16.2 17:15.0 18:15.8 19:16.2 20:16.8 21:16.4 22:15.5 23:15.3 24:15.4 25:16.0 26:16.3 27:16.1 28:16.2 29:16.0 30:15.9 31:16.5 32:15.9 33:16.2 34:16.2 35:16.8 36:17.5 37:18.0 38:18.5 39:17.3 | mean 16.2
0824 02:11:35 ds4-server: chat ctx=608..658:50 gen=550 THINKING decoding chunk=17.41 t/s avg=17.82 t/s 30.872s
0824 02:11:38 ds4-server: chat ctx=658..708:50 gen=600 THINKING decoding chunk=16.83 t/s avg=17.73 t/s 33.843s
0824 02:11:41 ds4-server: chat ctx=708..758:50 gen=650 THINKING decoding chunk=16.87 t/s avg=17.66 t/s 36.807s
ds4: qwen35moe experts/token avg over 128 tokens: 0:14.7 1:16.7 2:15.5 3:17.2 4:17.0 5:16.9 6:16.8 7:17.2 8:17.7 9:17.2 10:16.5 11:15.9 12:16.9 13:15.9 14:16.6 15:17.1 16:16.4 17:16.1 18:16.4 19:17.0 20:16.8 21:16.8 22:15.9 23:16.4 24:15.9 25:16.0 26:16.6 27:16.3 28:16.0 29:16.0 30:16.8 31:16.6 32:16.8 33:17.3 34:17.0 35:17.7 36:17.7 37:18.0 38:18.7 39:17.8 | mean 16.7
0824 02:11:44 ds4-server: chat ctx=758..808:50 gen=700 THINKING decoding chunk=16.26 t/s avg=17.55 t/s 39.881s
0824 02:11:47 ds4-server: chat ctx=808..858:50 gen=750 THINKING decoding chunk=16.08 t/s avg=17.45 t/s 42.990s
ds4: qwen35moe experts/token avg over 128 tokens: 0:16.6 1:17.6 2:16.3 3:18.1 4:17.8 5:17.8 6:18.6 7:18.6 8:19.2 9:18.6 10:18.1 11:17.0 12:18.2 13:18.3 14:17.8 15:18.2 16:17.9 17:17.3 18:18.0 19:18.0 20:18.6 21:18.2 22:17.5 23:17.0 24:17.9 25:17.2 26:18.4 27:17.3 28:17.7 29:18.0 30:18.4 31:19.1 32:19.0 33:18.7 34:18.6 35:19.1 36:19.2 37:19.2 38:19.5 39:19.2 | mean 18.1
0824 02:11:50 ds4-server: chat ctx=858..908:50 gen=800 THINKING decoding chunk=16.76 t/s avg=17.40 t/s 45.974s
0824 02:11:53 ds4-server: chat ctx=908..958:50 gen=850 THINKING decoding chunk=16.23 t/s avg=17.33 t/s 49.054s
0824 02:11:56 ds4-server: chat ctx=958..1008:50 gen=900 THINKING decoding chunk=16.90 t/s avg=17.30 t/s 52.013s
ds4: qwen35moe experts/token avg over 128 tokens: 0:14.2 1:15.9 2:15.1 3:16.7 4:16.5 5:16.2 6:16.5 7:16.9 8:17.2 9:17.5 10:16.2 11:15.8 12:16.8 13:15.8 14:16.4 15:16.1 16:16.6 17:16.3 18:16.2 19:16.3 20:16.7 21:16.4 22:15.5 23:16.2 24:16.1 25:16.2 26:15.9 27:16.2 28:16.4 29:16.5 30:16.5 31:16.9 32:17.0 33:16.6 34:16.5 35:17.4 36:17.8 37:18.1 38:18.6 39:17.9 | mean 16.5
0824 02:11:59 ds4-server: chat ctx=1008..1058:50 gen=950 THINKING decoding chunk=16.44 t/s avg=17.26 t/s 55.054s
0824 02:12:02 ds4-server: chat ctx=1058..1108:50 gen=1000 THINKING decoding chunk=16.32 t/s avg=17.21 t/s 58.117s
ds4: qwen35moe experts/token avg over 128 tokens: 0:14.4 1:15.7 2:15.1 3:16.4 4:16.3 5:16.0 6:16.0 7:16.4 8:17.3 9:16.9 10:15.6 11:15.9 12:16.6 13:16.0 14:16.4 15:16.0 16:16.7 17:15.6 18:16.3 19:15.9 20:16.9 21:16.7 22:15.5 23:16.0 24:16.3 25:16.0 26:16.5 27:16.2 28:16.8 29:16.3 30:16.9 31:16.6 32:17.3 33:16.4 34:16.7 35:17.4 36:17.8 37:18.1 38:18.4 39:17.6 | mean 16.5
0824 02:12:05 ds4-server: chat ctx=1108..1158:50 gen=1050 THINKING decoding chunk=16.47 t/s avg=17.17 t/s 61.153s
0824 02:12:08 ds4-server: chat ctx=1158..1208:50 gen=1100 THINKING decoding chunk=16.24 t/s avg=17.13 t/s 64.233s
0824 02:12:11 ds4-server: chat ctx=1208..1258:50 gen=1150 THINKING decoding chunk=15.57 t/s avg=17.05 t/s 67.445s
ds4: qwen35moe experts/token avg over 128 tokens: 0:14.6 1:16.2 2:15.9 3:17.5 4:17.2 5:17.4 6:17.3 7:17.5 8:18.0 9:17.8 10:16.3 11:16.5 12:17.2 13:16.8 14:18.0 15:17.2 16:18.1 17:17.2 18:17.3 19:17.2 20:17.9 21:17.5 22:16.8 23:16.9 24:17.7 25:17.6 26:17.8 27:17.6 28:17.6 29:17.5 30:18.1 31:18.0 32:18.2 33:18.4 34:18.1 35:18.7 36:18.8 37:19.0 38:19.4 39:19.3 | mean 17.6
0824 02:12:14 ds4-server: chat ctx=1258..1308:50 gen=1200 THINKING decoding chunk=16.19 t/s avg=17.01 t/s 70.534s
0824 02:12:17 ds4-server: chat ctx=1308..1358:50 gen=1250 THINKING decoding chunk=16.23 t/s avg=16.98 t/s 73.614s
ds4: qwen35moe experts/token avg over 128 tokens: 0:14.6 1:15.8 2:15.5 3:16.8 4:16.9 5:16.0 6:16.6 7:17.5 8:17.6 9:17.1 10:16.1 11:15.8 12:17.0 13:16.1 14:16.3 15:16.6 16:16.0 17:15.8 18:15.5 19:16.3 20:16.5 21:16.0 22:15.4 23:15.2 24:15.7 25:15.6 26:15.5 27:16.1 28:16.2 29:16.0 30:16.0 31:16.5 32:16.3 33:15.5 34:15.5 35:16.8 36:17.3 37:16.7 38:18.0 39:16.9 | mean 16.2
0824 02:12:21 ds4-server: chat ctx=1358..1408:50 gen=1300 THINKING decoding chunk=15.55 t/s avg=16.92 t/s 76.830s
0824 02:12:24 ds4-server: chat ctx=1408..1458:50 gen=1350 THINKING decoding chunk=16.16 t/s avg=16.89 t/s 79.924s
0824 02:12:27 ds4-server: chat ctx=1458..1508:50 gen=1400 THINKING decoding chunk=15.18 t/s avg=16.82 t/s 83.217s
ds4: qwen35moe experts/token avg over 128 tokens: 0:14.7 1:16.2 2:15.8 3:17.1 4:16.9 5:17.0 6:17.5 7:17.3 8:17.8 9:17.2 10:16.5 11:16.2 12:17.2 13:17.1 14:17.7 15:17.8 16:18.3 17:17.6 18:17.2 19:17.3 20:18.3 21:17.8 22:16.9 23:17.0 24:17.8 25:17.3 26:17.2 27:17.2 28:17.1 29:17.6 30:17.1 31:17.8 32:18.0 33:17.6 34:17.6 35:18.4 36:18.8 37:18.9 38:19.1 39:18.8 | mean 17.4
0824 02:12:30 ds4-server: chat ctx=1508..1558:50 gen=1450 THINKING decoding chunk=15.28 t/s avg=16.77 t/s 86.488s
0824 02:12:33 ds4-server: chat ctx=1558..1608:50 gen=1500 decoding chunk=15.29 t/s avg=16.71 t/s 89.758s
ds4: qwen35moe experts/token avg over 128 tokens: 0:15.2 1:16.4 2:16.7 3:17.6 4:17.7 5:17.9 6:17.8 7:18.0 8:18.1 9:17.7 10:17.3 11:17.2 12:18.0 13:18.0 14:18.5 15:18.3 16:18.5 17:18.8 18:18.5 19:18.5 20:18.6 21:18.2 22:17.8 23:17.4 24:17.6 25:18.3 26:18.2 27:17.8 28:18.2 29:18.4 30:18.7 31:18.8 32:18.4 33:18.6 34:18.7 35:19.2 36:19.2 37:19.4 38:19.4 39:19.4 | mean 18.1
0824 02:12:37 ds4-server: chat ctx=1608..1658:50 gen=1550 decoding chunk=15.04 t/s avg=16.65 t/s 93.081s
0824 02:12:37 ds4-server: chat ctx=1658..1662:4 gen=1554 decoding chunk=14.75 t/s avg=16.65 t/s 93.353s
0824 02:12:37 ds4-server: thinking live checkpoint remembered ctx=0..108:108 live=1662 visible=707
0824 02:12:37 ds4-server: chat ctx=0..108:108 gen=1554 finish=stop 99.500s
0824 02:12:39 ds4-server: live kv cache miss live=1662 prompt=95 common=30 reason=token-mismatch
0824 02:12:39 ds4-server: chat ctx=0..95:95 prompt start
0824 02:12:40 ds4-server: chat ctx=0..95:95 prefill chunk 1/95 (1.1%) chunk=0.00 t/s avg=3.09 t/s 0.324s
0824 02:12:40 ds4-server: chat ctx=0..95:95 prefill chunk 2/95 (2.1%) chunk=19.14 t/s avg=5.32 t/s 0.376s
0824 02:12:40 ds4-server: chat ctx=0..95:95 prefill chunk 3/95 (3.2%) chunk=19.47 t/s avg=7.02 t/s 0.427s
0824 02:12:40 ds4-server: chat ctx=0..95:95 prefill chunk 4/95 (4.2%) chunk=19.38 t/s avg=8.35 t/s 0.479s
0824 02:12:40 ds4-server: chat ctx=0..95:95 prefill chunk 5/95 (5.3%) chunk=18.83 t/s avg=9.40 t/s 0.532s
0824 02:12:40 ds4-server: chat ctx=0..95:95 prefill chunk 6/95 (6.3%) chunk=19.99 t/s avg=10.31 t/s 0.582s
0824 02:12:40 ds4-server: chat ctx=0..95:95 prefill chunk 7/95 (7.4%) chunk=18.58 t/s avg=11.01 t/s 0.636s
0824 02:12:40 ds4-server: chat ctx=0..95:95 prefill chunk 8/95 (8.4%) chunk=19.21 t/s avg=11.63 t/s 0.688s
0824 02:12:40 ds4-server: chat ctx=0..95:95 prefill chunk 9/95 (9.5%) chunk=18.81 t/s avg=12.14 t/s 0.741s
0824 02:12:40 ds4-server: chat ctx=0..95:95 prefill chunk 10/95 (10.5%) chunk=19.13 t/s avg=12.60 t/s 0.793s
0824 02:12:40 ds4-server: chat ctx=0..95:95 prefill chunk 11/95 (11.6%) chunk=19.16 t/s avg=13.01 t/s 0.846s
0824 02:12:40 ds4-server: chat ctx=0..95:95 prefill chunk 12/95 (12.6%) chunk=18.89 t/s avg=13.35 t/s 0.899s
0824 02:12:40 ds4-server: chat ctx=0..95:95 prefill chunk 13/95 (13.7%) chunk=19.46 t/s avg=13.68 t/s 0.950s
0824 02:12:40 ds4-server: chat ctx=0..95:95 prefill chunk 14/95 (14.7%) chunk=18.87 t/s avg=13.96 t/s 1.003s
0824 02:12:41 ds4-server: chat ctx=0..95:95 prefill chunk 15/95 (15.8%) chunk=19.47 t/s avg=14.23 t/s 1.054s
0824 02:12:41 ds4-server: chat ctx=0..95:95 prefill chunk 16/95 (16.8%) chunk=18.79 t/s avg=14.45 t/s 1.108s
0824 02:12:41 ds4-server: chat ctx=0..95:95 prefill chunk 17/95 (17.9%) chunk=18.86 t/s avg=14.65 t/s 1.161s
0824 02:12:41 ds4-server: chat ctx=0..95:95 prefill chunk 18/95 (18.9%) chunk=18.62 t/s avg=14.82 t/s 1.214s
0824 02:12:41 ds4-server: chat ctx=0..95:95 prefill chunk 19/95 (20.0%) chunk=18.57 t/s avg=14.98 t/s 1.268s
0824 02:12:41 ds4-server: chat ctx=0..95:95 prefill chunk 20/95 (21.1%) chunk=19.08 t/s avg=15.15 t/s 1.321s
0824 02:12:41 ds4-server: chat ctx=0..95:95 prefill chunk 21/95 (22.1%) chunk=18.78 t/s avg=15.29 t/s 1.374s
0824 02:12:41 ds4-server: chat ctx=0..95:95 prefill chunk 22/95 (23.2%) chunk=18.40 t/s avg=15.40 t/s 1.428s
0824 02:12:41 ds4-server: chat ctx=0..95:95 prefill chunk 23/95 (24.2%) chunk=19.14 t/s avg=15.54 t/s 1.480s
0824 02:12:41 ds4-server: chat ctx=0..95:95 prefill chunk 24/95 (25.3%) chunk=19.08 t/s avg=15.66 t/s 1.533s
0824 02:12:41 ds4-server: chat ctx=0..95:95 prefill chunk 25/95 (26.3%) chunk=18.89 t/s avg=15.76 t/s 1.586s
0824 02:12:41 ds4-server: chat ctx=0..95:95 prefill chunk 26/95 (27.4%) chunk=18.99 t/s avg=15.87 t/s 1.638s
0824 02:12:41 ds4-server: chat ctx=0..95:95 prefill chunk 27/95 (28.4%) chunk=18.36 t/s avg=15.95 t/s 1.693s
0824 02:12:41 ds4-server: chat ctx=0..95:95 prefill chunk 28/95 (29.5%) chunk=18.28 t/s avg=16.02 t/s 1.748s
0824 02:12:41 ds4-server: chat ctx=0..95:95 prefill chunk 29/95 (30.5%) chunk=17.97 t/s avg=16.08 t/s 1.803s
0824 02:12:41 ds4-server: chat ctx=0..95:95 prefill chunk 30/95 (31.6%) chunk=19.34 t/s avg=16.17 t/s 1.855s
0824 02:12:41 ds4-server: chat ctx=0..95:95 prefill chunk 31/95 (32.6%) chunk=19.48 t/s avg=16.26 t/s 1.906s
0824 02:12:41 ds4-server: chat ctx=0..95:95 prefill chunk 32/95 (33.7%) chunk=19.71 t/s avg=16.35 t/s 1.957s
0824 02:12:41 ds4-server: chat ctx=0..95:95 prefill chunk 33/95 (34.7%) chunk=18.79 t/s avg=16.42 t/s 2.010s
0824 02:12:42 ds4-server: chat ctx=0..95:95 prefill chunk 34/95 (35.8%) chunk=18.35 t/s avg=16.47 t/s 2.065s
0824 02:12:42 ds4-server: chat ctx=0..95:95 prefill chunk 35/95 (36.8%) chunk=18.70 t/s avg=16.52 t/s 2.118s
0824 02:12:42 ds4-server: chat ctx=0..95:95 prefill chunk 36/95 (37.9%) chunk=18.74 t/s avg=16.58 t/s 2.172s
0824 02:12:42 ds4-server: chat ctx=0..95:95 prefill chunk 37/95 (38.9%) chunk=19.24 t/s avg=16.64 t/s 2.224s
0824 02:12:42 ds4-server: chat ctx=0..95:95 prefill chunk 38/95 (40.0%) chunk=18.77 t/s avg=16.69 t/s 2.277s
0824 02:12:42 ds4-server: chat ctx=0..95:95 prefill chunk 39/95 (41.1%) chunk=18.89 t/s avg=16.74 t/s 2.330s
0824 02:12:42 ds4-server: chat ctx=0..95:95 prefill chunk 40/95 (42.1%) chunk=19.89 t/s avg=16.81 t/s 2.380s
0824 02:12:42 ds4-server: chat ctx=0..95:95 prefill chunk 41/95 (43.2%) chunk=18.53 t/s avg=16.84 t/s 2.434s
0824 02:12:42 ds4-server: chat ctx=0..95:95 prefill chunk 42/95 (44.2%) chunk=18.39 t/s avg=16.88 t/s 2.488s
0824 02:12:42 ds4-server: chat ctx=0..95:95 prefill chunk 43/95 (45.3%) chunk=17.53 t/s avg=16.89 t/s 2.545s
0824 02:12:42 ds4-server: chat ctx=0..95:95 prefill chunk 44/95 (46.3%) chunk=18.28 t/s avg=16.92 t/s 2.600s
0824 02:12:42 ds4-server: chat ctx=0..95:95 prefill chunk 45/95 (47.4%) chunk=18.05 t/s avg=16.95 t/s 2.656s
0824 02:12:42 ds4-server: chat ctx=0..95:95 prefill chunk 46/95 (48.4%) chunk=17.68 t/s avg=16.96 t/s 2.712s
0824 02:12:42 ds4-server: chat ctx=0..95:95 prefill chunk 47/95 (49.5%) chunk=17.26 t/s avg=16.97 t/s 2.770s
0824 02:12:42 ds4-server: chat ctx=0..95:95 prefill chunk 48/95 (50.5%) chunk=18.63 t/s avg=17.00 t/s 2.824s
0824 02:12:42 ds4-server: chat ctx=0..95:95 prefill chunk 49/95 (51.6%) chunk=18.63 t/s avg=17.03 t/s 2.877s
0824 02:12:42 ds4-server: chat ctx=0..95:95 prefill chunk 50/95 (52.6%) chunk=17.51 t/s avg=17.04 t/s 2.935s
0824 02:12:42 ds4-server: chat ctx=0..95:95 prefill chunk 51/95 (53.7%) chunk=19.66 t/s avg=17.08 t/s 2.985s
0824 02:12:43 ds4-server: chat ctx=0..95:95 prefill chunk 52/95 (54.7%) chunk=19.11 t/s avg=17.12 t/s 3.038s
0824 02:12:43 ds4-server: chat ctx=0..95:95 prefill chunk 53/95 (55.8%) chunk=19.26 t/s avg=17.15 t/s 3.090s
0824 02:12:43 ds4-server: chat ctx=0..95:95 prefill chunk 54/95 (56.8%) chunk=17.91 t/s avg=17.17 t/s 3.145s
0824 02:12:43 ds4-server: chat ctx=0..95:95 prefill chunk 55/95 (57.9%) chunk=18.05 t/s avg=17.18 t/s 3.201s
0824 02:12:43 ds4-server: chat ctx=0..95:95 prefill chunk 56/95 (58.9%) chunk=18.88 t/s avg=17.21 t/s 3.254s
0824 02:12:43 ds4-server: chat ctx=0..95:95 prefill chunk 57/95 (60.0%) chunk=18.66 t/s avg=17.23 t/s 3.307s
0824 02:12:43 ds4-server: chat ctx=0..95:95 prefill chunk 58/95 (61.1%) chunk=18.92 t/s avg=17.26 t/s 3.360s
0824 02:12:43 ds4-server: chat ctx=0..95:95 prefill chunk 59/95 (62.1%) chunk=18.48 t/s avg=17.28 t/s 3.414s
0824 02:12:43 ds4-server: chat ctx=0..95:95 prefill chunk 60/95 (63.2%) chunk=18.18 t/s avg=17.29 t/s 3.469s
0824 02:12:43 ds4-server: chat ctx=0..95:95 prefill chunk 61/95 (64.2%) chunk=19.42 t/s avg=17.33 t/s 3.521s
0824 02:12:43 ds4-server: chat ctx=0..95:95 prefill chunk 62/95 (65.3%) chunk=18.50 t/s avg=17.34 t/s 3.575s
0824 02:12:43 ds4-server: chat ctx=0..95:95 prefill chunk 63/95 (66.3%) chunk=18.20 t/s avg=17.36 t/s 3.630s
0824 02:12:43 ds4-server: chat ctx=0..95:95 prefill chunk 64/95 (67.4%) chunk=18.62 t/s avg=17.37 t/s 3.684s
0824 02:12:43 ds4-server: chat ctx=0..95:95 prefill chunk 65/95 (68.4%) chunk=18.85 t/s avg=17.40 t/s 3.737s
0824 02:12:43 ds4-server: chat ctx=0..95:95 prefill chunk 66/95 (69.5%) chunk=18.55 t/s avg=17.41 t/s 3.791s
0824 02:12:43 ds4-server: chat ctx=0..95:95 prefill chunk 67/95 (70.5%) chunk=18.99 t/s avg=17.43 t/s 3.843s
0824 02:12:43 ds4-server: chat ctx=0..95:95 prefill chunk 68/95 (71.6%) chunk=17.60 t/s avg=17.44 t/s 3.900s
0824 02:12:43 ds4-server: chat ctx=0..95:95 prefill chunk 69/95 (72.6%) chunk=18.78 t/s avg=17.45 t/s 3.953s
0824 02:12:43 ds4-server: chat ctx=0..95:95 prefill chunk 70/95 (73.7%) chunk=18.12 t/s avg=17.46 t/s 4.008s
0824 02:12:44 ds4-server: chat ctx=0..95:95 prefill chunk 71/95 (74.7%) chunk=18.05 t/s avg=17.47 t/s 4.064s
0824 02:12:44 ds4-server: chat ctx=0..95:95 prefill chunk 72/95 (75.8%) chunk=18.94 t/s avg=17.49 t/s 4.117s
0824 02:12:44 ds4-server: chat ctx=0..95:95 prefill chunk 73/95 (76.8%) chunk=17.57 t/s avg=17.49 t/s 4.174s
0824 02:12:44 ds4-server: chat ctx=0..95:95 prefill chunk 74/95 (77.9%) chunk=18.08 t/s avg=17.50 t/s 4.229s
0824 02:12:44 ds4-server: chat ctx=0..95:95 prefill chunk 75/95 (78.9%) chunk=18.21 t/s avg=17.51 t/s 4.284s
0824 02:12:44 ds4-server: chat ctx=0..95:95 prefill chunk 76/95 (80.0%) chunk=17.61 t/s avg=17.51 t/s 4.341s
0824 02:12:44 ds4-server: chat ctx=0..95:95 prefill chunk 77/95 (81.1%) chunk=17.96 t/s avg=17.51 t/s 4.396s
0824 02:12:44 ds4-server: chat ctx=0..95:95 prefill chunk 78/95 (82.1%) chunk=18.41 t/s avg=17.53 t/s 4.451s
0824 02:12:44 ds4-server: chat ctx=0..95:95 prefill chunk 79/95 (83.2%) chunk=17.66 t/s avg=17.53 t/s 4.507s
0824 02:12:44 ds4-server: chat ctx=0..95:95 prefill chunk 80/95 (84.2%) chunk=17.74 t/s avg=17.53 t/s 4.564s
0824 02:12:44 ds4-server: chat ctx=0..95:95 prefill chunk 81/95 (85.3%) chunk=18.08 t/s avg=17.54 t/s 4.619s
0824 02:12:44 ds4-server: chat ctx=0..95:95 prefill chunk 82/95 (86.3%) chunk=18.61 t/s avg=17.55 t/s 4.673s
0824 02:12:44 ds4-server: chat ctx=0..95:95 prefill chunk 83/95 (87.4%) chunk=17.62 t/s avg=17.55 t/s 4.729s
0824 02:12:44 ds4-server: chat ctx=0..95:95 prefill chunk 84/95 (88.4%) chunk=17.76 t/s avg=17.55 t/s 4.786s
0824 02:12:44 ds4-server: chat ctx=0..95:95 prefill chunk 85/95 (89.5%) chunk=17.89 t/s avg=17.56 t/s 4.842s
0824 02:12:44 ds4-server: chat ctx=0..95:95 prefill chunk 86/95 (90.5%) chunk=17.81 t/s avg=17.56 t/s 4.898s
0824 02:12:44 ds4-server: chat ctx=0..95:95 prefill chunk 87/95 (91.6%) chunk=19.16 t/s avg=17.58 t/s 4.950s
0824 02:12:44 ds4-server: chat ctx=0..95:95 prefill chunk 88/95 (92.6%) chunk=18.23 t/s avg=17.58 t/s 5.005s
0824 02:12:45 ds4-server: chat ctx=0..95:95 prefill chunk 89/95 (93.7%) chunk=19.60 t/s avg=17.60 t/s 5.056s
0824 02:12:45 ds4-server: chat ctx=0..95:95 prefill chunk 90/95 (94.7%) chunk=18.47 t/s avg=17.61 t/s 5.110s
0824 02:12:45 ds4-server: chat ctx=0..95:95 prefill chunk 91/95 (95.8%) chunk=18.16 t/s avg=17.62 t/s 5.165s
0824 02:12:45 ds4-server: chat ctx=0..95:95 prefill chunk 92/95 (96.8%) chunk=19.32 t/s avg=17.64 t/s 5.217s
0824 02:12:45 ds4-server: chat ctx=0..95:95 prefill chunk 93/95 (97.9%) chunk=18.10 t/s avg=17.64 t/s 5.272s
0824 02:12:45 ds4-server: chat ctx=0..95:95 prefill chunk 94/95 (98.9%) chunk=20.38 t/s avg=17.67 t/s 5.321s
0824 02:12:45 ds4-server: chat ctx=0..95:95 prefill chunk 95/95 (100.0%) chunk=20.14 t/s avg=17.69 t/s 5.371s
0824 02:12:45 ds4-server: chat ctx=0..95:95 prompt done 5.371s
ds4: qwen35moe experts/token avg over 128 tokens: 0:14.1 1:14.2 2:14.4 3:15.3 4:14.2 5:14.4 6:14.2 7:14.9 8:15.4 9:15.2 10:14.3 11:14.5 12:15.5 13:14.2 14:14.8 15:15.1 16:15.5 17:14.9 18:15.1 19:15.6 20:15.8 21:15.9 22:15.2 23:15.2 24:15.9 25:15.2 26:16.0 27:15.5 28:15.5 29:15.9 30:16.2 31:16.5 32:16.4 33:16.4 34:16.4 35:17.9 36:19.0 37:19.0 38:18.8 39:18.1 | mean 15.7
0824 02:12:48 ds4-server: chat ctx=95..145:50 gen=50 THINKING decoding chunk=18.33 t/s avg=18.33 t/s 2.728s
0824 02:12:50 ds4-server: chat ctx=145..195:50 gen=100 THINKING decoding chunk=18.45 t/s avg=18.39 t/s 5.438s
0824 02:12:53 ds4-server: chat ctx=195..245:50 gen=150 THINKING decoding chunk=17.88 t/s avg=18.22 t/s 8.234s
ds4: qwen35moe experts/token avg over 128 tokens: 0:14.9 1:14.8 2:15.3 3:16.3 4:15.4 5:16.1 6:14.9 7:16.6 8:17.4 9:16.8 10:15.2 11:14.7 12:16.6 13:15.4 14:16.4 15:15.8 16:16.3 17:14.7 18:15.8 19:15.8 20:16.7 21:16.8 22:15.1 23:15.7 24:16.7 25:16.4 26:16.7 27:16.1 28:15.6 29:16.0 30:16.2 31:16.1 32:15.6 33:15.7 34:15.9 35:17.0 36:18.2 37:18.3 38:19.3 39:18.1 | mean 16.2
0824 02:12:56 ds4-server: chat ctx=245..295:50 gen=200 THINKING decoding chunk=17.99 t/s avg=18.16 t/s 11.013s
0824 02:12:59 ds4-server: chat ctx=295..345:50 gen=250 THINKING decoding chunk=17.77 t/s avg=18.08 t/s 13.826s
ds4: qwen35moe experts/token avg over 128 tokens: 0:14.9 1:15.8 2:15.2 3:16.5 4:16.2 5:16.2 6:16.5 7:17.2 8:17.9 9:17.6 10:16.0 11:15.5 12:16.9 13:15.8 14:16.1 15:16.2 16:16.8 17:16.0 18:16.4 19:15.7 20:17.1 21:17.1 22:15.8 23:15.8 24:16.3 25:16.4 26:16.7 27:16.2 28:16.3 29:16.0 30:16.3 31:16.3 32:16.2 33:15.6 34:16.1 35:17.2 36:18.1 37:17.9 38:19.1 39:17.9 | mean 16.5
0824 02:13:02 ds4-server: chat ctx=345..395:50 gen=300 THINKING decoding chunk=17.30 t/s avg=17.95 t/s 16.716s
0824 02:13:04 ds4-server: chat ctx=395..445:50 gen=350 THINKING decoding chunk=17.79 t/s avg=17.92 t/s 19.527s
0824 02:13:07 ds4-server: chat ctx=445..495:50 gen=400 THINKING decoding chunk=17.52 t/s avg=17.87 t/s 22.381s
ds4: qwen35moe experts/token avg over 128 tokens: 0:14.2 1:14.9 2:15.2 3:16.2 4:15.9 5:15.9 6:15.7 7:15.7 8:17.1 9:16.5 10:15.1 11:15.8 12:16.2 13:16.0 14:16.4 15:16.1 16:16.3 17:15.5 18:16.6 19:15.9 20:16.2 21:16.1 22:15.5 23:15.8 24:16.7 25:15.8 26:16.5 27:15.8 28:16.0 29:16.2 30:16.0 31:16.7 32:16.5 33:16.2 34:16.0 35:16.9 36:17.4 37:17.7 38:18.4 39:17.5 | mean 16.2
0824 02:13:10 ds4-server: chat ctx=495..545:50 gen=450 THINKING decoding chunk=17.23 t/s avg=17.80 t/s 25.282s
0824 02:13:13 ds4-server: chat ctx=545..595:50 gen=500 THINKING decoding chunk=17.27 t/s avg=17.75 t/s 28.177s
ds4: qwen35moe experts/token avg over 128 tokens: 0:15.1 1:15.6 2:15.9 3:16.7 4:16.3 5:16.5 6:16.5 7:17.2 8:17.9 9:17.0 10:16.0 11:16.2 12:17.5 13:16.8 14:17.1 15:16.7 16:17.3 17:16.5 18:16.6 19:16.6 20:16.9 21:16.7 22:16.6 23:16.2 24:17.2 25:16.0 26:16.5 27:15.9 28:16.4 29:15.5 30:16.1 31:16.6 32:16.4 33:15.8 34:15.8 35:17.0 36:17.4 37:17.5 38:18.2 39:17.9 | mean 16.6
0824 02:13:16 ds4-server: chat ctx=595..645:50 gen=550 THINKING decoding chunk=17.53 t/s avg=17.72 t/s 31.030s
0824 02:13:19 ds4-server: chat ctx=645..695:50 gen=600 THINKING decoding chunk=17.16 t/s avg=17.68 t/s 33.943s
0824 02:13:22 ds4-server: chat ctx=695..745:50 gen=650 THINKING decoding chunk=16.83 t/s avg=17.61 t/s 36.915s
ds4: qwen35moe experts/token avg over 128 tokens: 0:14.8 1:15.0 2:15.2 3:16.0 4:16.4 5:16.1 6:16.6 7:16.5 8:17.2 9:16.9 10:15.7 11:16.1 12:16.9 13:15.8 14:16.8 15:16.4 16:16.5 17:16.8 18:16.5 19:16.3 20:16.8 21:16.4 22:15.5 23:15.9 24:16.6 25:16.3 26:16.0 27:16.1 28:15.6 29:16.4 30:16.1 31:16.7 32:16.0 33:15.8 34:15.7 35:17.0 36:17.3 37:17.2 38:17.7 39:17.0 | mean 16.3
0824 02:13:25 ds4-server: chat ctx=745..795:50 gen=700 THINKING decoding chunk=16.77 t/s avg=17.55 t/s 39.897s
0824 02:13:28 ds4-server: chat ctx=795..845:50 gen=750 THINKING decoding chunk=17.08 t/s avg=17.51 t/s 42.824s
ds4: qwen35moe experts/token avg over 128 tokens: 0:14.7 1:15.1 2:15.4 3:16.2 4:16.3 5:15.8 6:16.0 7:16.5 8:16.7 9:16.7 10:15.9 11:15.6 12:16.4 13:15.6 14:16.7 15:16.3 16:16.6 17:16.6 18:16.1 19:17.1 20:16.7 21:16.6 22:16.2 23:16.0 24:16.1 25:15.9 26:16.1 27:15.9 28:15.9 29:15.9 30:16.4 31:17.0 32:15.7 33:15.9 34:15.7 35:16.3 36:16.9 37:17.4 38:18.0 39:17.5 | mean 16.3
0824 02:13:31 ds4-server: chat ctx=845..895:50 gen=800 THINKING decoding chunk=17.09 t/s avg=17.49 t/s 45.750s
0824 02:13:34 ds4-server: chat ctx=895..945:50 gen=850 THINKING decoding chunk=16.23 t/s avg=17.41 t/s 48.831s
0824 02:13:37 ds4-server: chat ctx=945..995:50 gen=900 decoding chunk=16.59 t/s avg=17.36 t/s 51.845s
ds4: qwen35moe experts/token avg over 128 tokens: 0:15.2 1:15.9 2:16.0 3:17.1 4:17.3 5:17.0 6:17.1 7:17.4 8:17.8 9:17.5 10:16.7 11:17.0 12:17.8 13:17.3 14:17.5 15:17.9 16:18.1 17:18.0 18:17.8 19:18.3 20:17.9 21:17.4 22:17.0 23:17.2 24:17.0 25:17.3 26:17.4 27:16.8 28:17.4 29:17.7 30:17.5 31:17.7 32:17.5 33:17.4 34:17.7 35:18.6 36:18.6 37:18.7 38:19.1 39:18.4 | mean 17.5
0824 02:13:38 ds4-server: chat ctx=995..1020:25 gen=925 decoding chunk=15.75 t/s avg=17.31 t/s 53.432s
0824 02:13:38 ds4-server: thinking live checkpoint remembered ctx=0..95:95 live=1020 visible=533
0824 02:13:38 ds4-server: chat ctx=0..95:95 gen=925 finish=stop 58.803s
0824 02:13:41 ds4-server: live kv cache miss live=1020 prompt=107 common=30 reason=token-mismatch
0824 02:13:41 ds4-server: chat ctx=0..107:107 prompt start
0824 02:13:41 ds4-server: chat ctx=0..107:107 prefill chunk 1/107 (0.9%) chunk=0.00 t/s avg=3.02 t/s 0.331s
0824 02:13:41 ds4-server: chat ctx=0..107:107 prefill chunk 2/107 (1.9%) chunk=19.29 t/s avg=5.22 t/s 0.383s
0824 02:13:41 ds4-server: chat ctx=0..107:107 prefill chunk 3/107 (2.8%) chunk=20.00 t/s avg=6.93 t/s 0.433s
0824 02:13:41 ds4-server: chat ctx=0..107:107 prefill chunk 4/107 (3.7%) chunk=19.14 t/s avg=8.24 t/s 0.485s
0824 02:13:41 ds4-server: chat ctx=0..107:107 prefill chunk 5/107 (4.7%) chunk=18.52 t/s avg=9.27 t/s 0.539s
0824 02:13:41 ds4-server: chat ctx=0..107:107 prefill chunk 6/107 (5.6%) chunk=19.85 t/s avg=10.18 t/s 0.590s
0824 02:13:41 ds4-server: chat ctx=0..107:107 prefill chunk 7/107 (6.5%) chunk=18.37 t/s avg=10.87 t/s 0.644s
0824 02:13:41 ds4-server: chat ctx=0..107:107 prefill chunk 8/107 (7.5%) chunk=19.46 t/s avg=11.50 t/s 0.695s
0824 02:13:41 ds4-server: chat ctx=0..107:107 prefill chunk 9/107 (8.4%) chunk=18.88 t/s avg=12.03 t/s 0.748s
0824 02:13:42 ds4-server: chat ctx=0..107:107 prefill chunk 10/107 (9.3%) chunk=19.31 t/s avg=12.50 t/s 0.800s
0824 02:13:42 ds4-server: chat ctx=0..107:107 prefill chunk 11/107 (10.3%) chunk=18.90 t/s avg=12.89 t/s 0.853s
0824 02:13:42 ds4-server: chat ctx=0..107:107 prefill chunk 12/107 (11.2%) chunk=18.84 t/s avg=13.24 t/s 0.906s
0824 02:13:42 ds4-server: chat ctx=0..107:107 prefill chunk 13/107 (12.1%) chunk=19.29 t/s avg=13.57 t/s 0.958s
0824 02:13:42 ds4-server: chat ctx=0..107:107 prefill chunk 14/107 (13.1%) chunk=18.51 t/s avg=13.83 t/s 1.012s
0824 02:13:42 ds4-server: chat ctx=0..107:107 prefill chunk 15/107 (14.0%) chunk=19.57 t/s avg=14.11 t/s 1.063s
0824 02:13:42 ds4-server: chat ctx=0..107:107 prefill chunk 16/107 (15.0%) chunk=18.59 t/s avg=14.33 t/s 1.117s
0824 02:13:42 ds4-server: chat ctx=0..107:107 prefill chunk 17/107 (15.9%) chunk=18.43 t/s avg=14.52 t/s 1.171s
0824 02:13:42 ds4-server: chat ctx=0..107:107 prefill chunk 18/107 (16.8%) chunk=18.88 t/s avg=14.70 t/s 1.224s
0824 02:13:42 ds4-server: chat ctx=0..107:107 prefill chunk 19/107 (17.8%) chunk=18.53 t/s avg=14.87 t/s 1.278s
0824 02:13:42 ds4-server: chat ctx=0..107:107 prefill chunk 20/107 (18.7%) chunk=19.21 t/s avg=15.04 t/s 1.330s
0824 02:13:42 ds4-server: chat ctx=0..107:107 prefill chunk 21/107 (19.6%) chunk=18.60 t/s avg=15.17 t/s 1.384s
0824 02:13:42 ds4-server: chat ctx=0..107:107 prefill chunk 22/107 (20.6%) chunk=18.22 t/s avg=15.29 t/s 1.439s
0824 02:13:42 ds4-server: chat ctx=0..107:107 prefill chunk 23/107 (21.5%) chunk=19.32 t/s avg=15.43 t/s 1.491s
0824 02:13:42 ds4-server: chat ctx=0..107:107 prefill chunk 24/107 (22.4%) chunk=18.91 t/s avg=15.55 t/s 1.543s
0824 02:13:42 ds4-server: chat ctx=0..107:107 prefill chunk 25/107 (23.4%) chunk=18.92 t/s avg=15.66 t/s 1.596s
0824 02:13:42 ds4-server: chat ctx=0..107:107 prefill chunk 26/107 (24.3%) chunk=19.05 t/s avg=15.77 t/s 1.649s
0824 02:13:42 ds4-server: chat ctx=0..107:107 prefill chunk 27/107 (25.2%) chunk=17.96 t/s avg=15.84 t/s 1.704s
0824 02:13:42 ds4-server: chat ctx=0..107:107 prefill chunk 28/107 (26.2%) chunk=18.46 t/s avg=15.92 t/s 1.759s
0824 02:13:43 ds4-server: chat ctx=0..107:107 prefill chunk 29/107 (27.1%) chunk=18.12 t/s avg=15.99 t/s 1.814s
0824 02:13:43 ds4-server: chat ctx=0..107:107 prefill chunk 30/107 (28.0%) chunk=19.33 t/s avg=16.08 t/s 1.866s
0824 02:13:43 ds4-server: chat ctx=0..107:107 prefill chunk 31/107 (29.0%) chunk=19.47 t/s avg=16.17 t/s 1.917s
0824 02:13:43 ds4-server: chat ctx=0..107:107 prefill chunk 32/107 (29.9%) chunk=19.22 t/s avg=16.25 t/s 1.969s
0824 02:13:43 ds4-server: chat ctx=0..107:107 prefill chunk 33/107 (30.8%) chunk=18.92 t/s avg=16.32 t/s 2.022s
0824 02:13:43 ds4-server: chat ctx=0..107:107 prefill chunk 34/107 (31.8%) chunk=18.73 t/s avg=16.38 t/s 2.075s
0824 02:13:43 ds4-server: chat ctx=0..107:107 prefill chunk 35/107 (32.7%) chunk=19.26 t/s avg=16.45 t/s 2.127s
0824 02:13:43 ds4-server: chat ctx=0..107:107 prefill chunk 36/107 (33.6%) chunk=18.49 t/s avg=16.50 t/s 2.181s
0824 02:13:43 ds4-server: chat ctx=0..107:107 prefill chunk 37/107 (34.6%) chunk=17.41 t/s avg=16.53 t/s 2.239s
0824 02:13:43 ds4-server: chat ctx=0..107:107 prefill chunk 38/107 (35.5%) chunk=18.36 t/s avg=16.57 t/s 2.293s
0824 02:13:43 ds4-server: chat ctx=0..107:107 prefill chunk 39/107 (36.4%) chunk=17.85 t/s avg=16.60 t/s 2.349s
0824 02:13:43 ds4-server: chat ctx=0..107:107 prefill chunk 40/107 (37.4%) chunk=17.20 t/s avg=16.62 t/s 2.407s
0824 02:13:43 ds4-server: chat ctx=0..107:107 prefill chunk 41/107 (38.3%) chunk=18.45 t/s avg=16.66 t/s 2.461s
0824 02:13:43 ds4-server: chat ctx=0..107:107 prefill chunk 42/107 (39.3%) chunk=18.73 t/s avg=16.70 t/s 2.515s
0824 02:13:43 ds4-server: chat ctx=0..107:107 prefill chunk 43/107 (40.2%) chunk=18.04 t/s avg=16.73 t/s 2.570s
0824 02:13:43 ds4-server: chat ctx=0..107:107 prefill chunk 44/107 (41.1%) chunk=19.86 t/s avg=16.79 t/s 2.621s
0824 02:13:43 ds4-server: chat ctx=0..107:107 prefill chunk 45/107 (42.1%) chunk=18.79 t/s avg=16.83 t/s 2.674s
0824 02:13:43 ds4-server: chat ctx=0..107:107 prefill chunk 46/107 (43.0%) chunk=18.74 t/s avg=16.87 t/s 2.727s
0824 02:13:43 ds4-server: chat ctx=0..107:107 prefill chunk 47/107 (43.9%) chunk=18.91 t/s avg=16.91 t/s 2.780s
0824 02:13:44 ds4-server: chat ctx=0..107:107 prefill chunk 48/107 (44.9%) chunk=19.33 t/s avg=16.95 t/s 2.832s
0824 02:13:44 ds4-server: chat ctx=0..107:107 prefill chunk 49/107 (45.8%) chunk=18.68 t/s avg=16.98 t/s 2.885s
0824 02:13:44 ds4-server: chat ctx=0..107:107 prefill chunk 50/107 (46.7%) chunk=18.49 t/s avg=17.01 t/s 2.939s
0824 02:13:44 ds4-server: chat ctx=0..107:107 prefill chunk 51/107 (47.7%) chunk=19.50 t/s avg=17.05 t/s 2.991s
0824 02:13:44 ds4-server: chat ctx=0..107:107 prefill chunk 52/107 (48.6%) chunk=18.82 t/s avg=17.08 t/s 3.044s
0824 02:13:44 ds4-server: chat ctx=0..107:107 prefill chunk 53/107 (49.5%) chunk=19.64 t/s avg=17.13 t/s 3.095s
0824 02:13:44 ds4-server: chat ctx=0..107:107 prefill chunk 54/107 (50.5%) chunk=18.60 t/s avg=17.15 t/s 3.149s
0824 02:13:44 ds4-server: chat ctx=0..107:107 prefill chunk 55/107 (51.4%) chunk=18.66 t/s avg=17.18 t/s 3.202s
0824 02:13:44 ds4-server: chat ctx=0..107:107 prefill chunk 56/107 (52.3%) chunk=18.60 t/s avg=17.20 t/s 3.256s
0824 02:13:44 ds4-server: chat ctx=0..107:107 prefill chunk 57/107 (53.3%) chunk=18.60 t/s avg=17.22 t/s 3.310s
0824 02:13:44 ds4-server: chat ctx=0..107:107 prefill chunk 58/107 (54.2%) chunk=18.75 t/s avg=17.25 t/s 3.363s
0824 02:13:44 ds4-server: chat ctx=0..107:107 prefill chunk 59/107 (55.1%) chunk=18.41 t/s avg=17.27 t/s 3.417s
0824 02:13:44 ds4-server: chat ctx=0..107:107 prefill chunk 60/107 (56.1%) chunk=18.44 t/s avg=17.28 t/s 3.472s
0824 02:13:44 ds4-server: chat ctx=0..107:107 prefill chunk 61/107 (57.0%) chunk=19.42 t/s avg=17.31 t/s 3.523s
0824 02:13:44 ds4-server: chat ctx=0..107:107 prefill chunk 62/107 (57.9%) chunk=17.75 t/s avg=17.32 t/s 3.579s
0824 02:13:44 ds4-server: chat ctx=0..107:107 prefill chunk 63/107 (58.9%) chunk=19.56 t/s avg=17.35 t/s 3.630s
0824 02:13:44 ds4-server: chat ctx=0..107:107 prefill chunk 64/107 (59.8%) chunk=17.55 t/s avg=17.36 t/s 3.687s
0824 02:13:44 ds4-server: chat ctx=0..107:107 prefill chunk 65/107 (60.7%) chunk=17.95 t/s avg=17.37 t/s 3.743s
0824 02:13:44 ds4-server: chat ctx=0..107:107 prefill chunk 66/107 (61.7%) chunk=18.44 t/s avg=17.38 t/s 3.797s
0824 02:13:45 ds4-server: chat ctx=0..107:107 prefill chunk 67/107 (62.6%) chunk=18.47 t/s avg=17.40 t/s 3.852s
0824 02:13:45 ds4-server: chat ctx=0..107:107 prefill chunk 68/107 (63.6%) chunk=17.20 t/s avg=17.39 t/s 3.910s
0824 02:13:45 ds4-server: chat ctx=0..107:107 prefill chunk 69/107 (64.5%) chunk=18.68 t/s avg=17.41 t/s 3.963s
0824 02:13:45 ds4-server: chat ctx=0..107:107 prefill chunk 70/107 (65.4%) chunk=17.47 t/s avg=17.41 t/s 4.020s
0824 02:13:45 ds4-server: chat ctx=0..107:107 prefill chunk 71/107 (66.4%) chunk=17.54 t/s avg=17.41 t/s 4.077s
0824 02:13:45 ds4-server: chat ctx=0..107:107 prefill chunk 72/107 (67.3%) chunk=17.85 t/s avg=17.42 t/s 4.133s
0824 02:13:45 ds4-server: chat ctx=0..107:107 prefill chunk 73/107 (68.2%) chunk=17.35 t/s avg=17.42 t/s 4.191s
0824 02:13:45 ds4-server: chat ctx=0..107:107 prefill chunk 74/107 (69.2%) chunk=17.66 t/s avg=17.42 t/s 4.248s
0824 02:13:45 ds4-server: chat ctx=0..107:107 prefill chunk 75/107 (70.1%) chunk=18.67 t/s avg=17.44 t/s 4.301s
0824 02:13:45 ds4-server: chat ctx=0..107:107 prefill chunk 76/107 (71.0%) chunk=18.00 t/s avg=17.44 t/s 4.357s
0824 02:13:45 ds4-server: chat ctx=0..107:107 prefill chunk 77/107 (72.0%) chunk=17.29 t/s avg=17.44 t/s 4.415s
0824 02:13:45 ds4-server: chat ctx=0..107:107 prefill chunk 78/107 (72.9%) chunk=17.49 t/s avg=17.44 t/s 4.472s
0824 02:13:45 ds4-server: chat ctx=0..107:107 prefill chunk 79/107 (73.8%) chunk=17.70 t/s avg=17.45 t/s 4.528s
0824 02:13:45 ds4-server: chat ctx=0..107:107 prefill chunk 80/107 (74.8%) chunk=18.24 t/s avg=17.46 t/s 4.583s
0824 02:13:45 ds4-server: chat ctx=0..107:107 prefill chunk 81/107 (75.7%) chunk=17.07 t/s avg=17.45 t/s 4.642s
0824 02:13:45 ds4-server: chat ctx=0..107:107 prefill chunk 82/107 (76.6%) chunk=17.77 t/s avg=17.45 t/s 4.698s
0824 02:13:45 ds4-server: chat ctx=0..107:107 prefill chunk 83/107 (77.6%) chunk=17.53 t/s avg=17.46 t/s 4.755s
0824 02:13:46 ds4-server: chat ctx=0..107:107 prefill chunk 84/107 (78.5%) chunk=16.81 t/s avg=17.45 t/s 4.815s
0824 02:13:46 ds4-server: chat ctx=0..107:107 prefill chunk 85/107 (79.4%) chunk=17.20 t/s avg=17.44 t/s 4.873s
0824 02:13:46 ds4-server: chat ctx=0..107:107 prefill chunk 86/107 (80.4%) chunk=18.19 t/s avg=17.45 t/s 4.928s
0824 02:13:46 ds4-server: chat ctx=0..107:107 prefill chunk 87/107 (81.3%) chunk=17.69 t/s avg=17.45 t/s 4.984s
0824 02:13:46 ds4-server: chat ctx=0..107:107 prefill chunk 88/107 (82.2%) chunk=17.23 t/s avg=17.45 t/s 5.042s
0824 02:13:46 ds4-server: chat ctx=0..107:107 prefill chunk 89/107 (83.2%) chunk=18.10 t/s avg=17.46 t/s 5.098s
0824 02:13:46 ds4-server: chat ctx=0..107:107 prefill chunk 90/107 (84.1%) chunk=17.39 t/s avg=17.46 t/s 5.155s
0824 02:13:46 ds4-server: chat ctx=0..107:107 prefill chunk 91/107 (85.0%) chunk=17.38 t/s avg=17.46 t/s 5.213s
0824 02:13:46 ds4-server: chat ctx=0..107:107 prefill chunk 92/107 (86.0%) chunk=17.55 t/s avg=17.46 t/s 5.270s
0824 02:13:46 ds4-server: chat ctx=0..107:107 prefill chunk 93/107 (86.9%) chunk=17.67 t/s avg=17.46 t/s 5.326s
0824 02:13:46 ds4-server: chat ctx=0..107:107 prefill chunk 94/107 (87.9%) chunk=17.21 t/s avg=17.46 t/s 5.384s
0824 02:13:46 ds4-server: chat ctx=0..107:107 prefill chunk 95/107 (88.8%) chunk=17.38 t/s avg=17.46 t/s 5.442s
0824 02:13:46 ds4-server: chat ctx=0..107:107 prefill chunk 96/107 (89.7%) chunk=18.01 t/s avg=17.46 t/s 5.497s
0824 02:13:46 ds4-server: chat ctx=0..107:107 prefill chunk 97/107 (90.7%) chunk=17.76 t/s avg=17.47 t/s 5.554s
0824 02:13:46 ds4-server: chat ctx=0..107:107 prefill chunk 98/107 (91.6%) chunk=17.91 t/s avg=17.47 t/s 5.609s
0824 02:13:46 ds4-server: chat ctx=0..107:107 prefill chunk 99/107 (92.5%) chunk=19.24 t/s avg=17.49 t/s 5.661s
0824 02:13:46 ds4-server: chat ctx=0..107:107 prefill chunk 100/107 (93.5%) chunk=18.20 t/s avg=17.49 t/s 5.716s
0824 02:13:46 ds4-server: chat ctx=0..107:107 prefill chunk 101/107 (94.4%) chunk=19.21 t/s avg=17.51 t/s 5.768s
0824 02:13:47 ds4-server: chat ctx=0..107:107 prefill chunk 102/107 (95.3%) chunk=18.41 t/s avg=17.52 t/s 5.823s
0824 02:13:47 ds4-server: chat ctx=0..107:107 prefill chunk 103/107 (96.3%) chunk=17.75 t/s avg=17.52 t/s 5.879s
0824 02:13:47 ds4-server: chat ctx=0..107:107 prefill chunk 104/107 (97.2%) chunk=19.37 t/s avg=17.54 t/s 5.931s
0824 02:13:47 ds4-server: chat ctx=0..107:107 prefill chunk 105/107 (98.1%) chunk=17.97 t/s avg=17.54 t/s 5.986s
0824 02:13:47 ds4-server: chat ctx=0..107:107 prefill chunk 106/107 (99.1%) chunk=19.69 t/s avg=17.56 t/s 6.037s
0824 02:13:47 ds4-server: chat ctx=0..107:107 prefill chunk 107/107 (100.0%) chunk=20.32 t/s avg=17.58 t/s 6.086s
0824 02:13:47 ds4-server: chat ctx=0..107:107 prompt done 6.086s
ds4: qwen35moe experts/token avg over 128 tokens: 0:14.1 1:14.8 2:14.9 3:15.1 4:14.5 5:14.8 6:14.6 7:15.1 8:15.4 9:15.4 10:14.6 11:14.6 12:16.1 13:14.2 14:14.5 15:15.5 16:15.7 17:15.0 18:15.3 19:15.3 20:15.7 21:15.5 22:15.1 23:15.2 24:16.6 25:15.4 26:16.0 27:16.4 28:16.2 29:16.3 30:16.4 31:16.5 32:16.4 33:16.9 34:16.9 35:18.3 36:19.0 37:18.7 38:19.1 39:18.6 | mean 15.9
0824 02:13:50 ds4-server: chat ctx=107..157:50 gen=50 THINKING decoding chunk=18.29 t/s avg=18.29 t/s 2.733s
0824 02:13:52 ds4-server: chat ctx=157..207:50 gen=100 THINKING decoding chunk=17.91 t/s avg=18.10 t/s 5.525s
ds4: qwen35moe experts/token avg over 128 tokens: 0:14.9 1:15.6 2:14.8 3:16.6 4:15.5 5:15.9 6:15.7 7:16.4 8:17.6 9:16.9 10:15.2 11:14.8 12:16.6 13:15.7 14:16.0 15:15.9 16:17.1 17:15.4 18:16.3 19:15.9 20:16.7 21:16.6 22:15.9 23:16.1 24:17.4 25:16.5 26:16.7 27:15.9 28:16.2 29:16.2 30:16.7 31:16.6 32:16.3 33:16.0 34:16.2 35:17.5 36:18.2 37:18.5 38:18.7 39:18.4 | mean 16.4
0824 02:13:55 ds4-server: chat ctx=207..257:50 gen=150 THINKING decoding chunk=18.02 t/s avg=18.07 t/s 8.300s
0824 02:13:58 ds4-server: chat ctx=257..307:50 gen=200 THINKING decoding chunk=17.27 t/s avg=17.86 t/s 11.195s
0824 02:14:01 ds4-server: chat ctx=307..357:50 gen=250 THINKING decoding chunk=17.56 t/s avg=17.80 t/s 14.043s
ds4: qwen35moe experts/token avg over 128 tokens: 0:15.1 1:16.4 2:16.4 3:17.2 4:16.6 5:17.1 6:17.0 7:17.2 8:18.1 9:17.7 10:16.7 11:16.4 12:17.8 13:17.0 14:17.9 15:17.9 16:18.2 17:17.1 18:17.3 19:17.1 20:17.9 21:17.5 22:16.9 23:17.1 24:18.3 25:17.5 26:17.8 27:17.2 28:17.6 29:17.8 30:17.8 31:17.8 32:18.1 33:17.4 34:17.8 35:18.4 36:18.9 37:19.1 38:19.5 39:19.0 | mean 17.5
0824 02:14:04 ds4-server: chat ctx=357..407:50 gen=300 THINKING decoding chunk=16.97 t/s avg=17.66 t/s 16.990s
0824 02:14:07 ds4-server: chat ctx=407..457:50 gen=350 THINKING decoding chunk=17.73 t/s avg=17.67 t/s 19.810s
0824 02:14:09 ds4-server: chat ctx=457..507:50 gen=400 THINKING decoding chunk=17.82 t/s avg=17.69 t/s 22.616s
ds4: qwen35moe experts/token avg over 128 tokens: 0:14.5 1:15.0 2:14.8 3:16.1 4:15.4 5:15.4 6:15.8 7:16.4 8:16.4 9:16.2 10:15.1 11:15.2 12:16.3 13:15.6 14:15.7 15:15.9 16:16.7 17:15.7 18:15.7 19:16.2 20:15.8 21:16.3 22:15.7 23:16.1 24:16.4 25:16.0 26:16.1 27:15.9 28:16.3 29:16.2 30:16.6 31:16.5 32:16.1 33:16.1 34:15.8 35:17.2 36:17.1 37:17.4 38:18.2 39:17.4 | mean 16.1
0824 02:14:12 ds4-server: chat ctx=507..557:50 gen=450 THINKING decoding chunk=17.47 t/s avg=17.66 t/s 25.479s
0824 02:14:15 ds4-server: chat ctx=557..607:50 gen=500 THINKING decoding chunk=17.33 t/s avg=17.63 t/s 28.364s
ds4: qwen35moe experts/token avg over 128 tokens: 0:14.5 1:14.9 2:15.8 3:16.4 4:16.4 5:16.4 6:16.3 7:16.7 8:17.7 9:17.2 10:16.0 11:16.1 12:17.0 13:16.6 14:17.2 15:16.9 16:17.1 17:16.8 18:16.8 19:16.8 20:17.0 21:17.1 22:16.3 23:16.7 24:17.0 25:16.8 26:16.9 27:16.6 28:17.0 29:16.7 30:17.0 31:17.2 32:16.9 33:17.1 34:17.0 35:17.4 36:17.9 37:18.3 38:18.8 39:18.4 | mean 16.8
0824 02:14:18 ds4-server: chat ctx=607..657:50 gen=550 THINKING decoding chunk=16.45 t/s avg=17.51 t/s 31.404s
0824 02:14:21 ds4-server: chat ctx=657..707:50 gen=600 THINKING decoding chunk=17.19 t/s avg=17.49 t/s 34.314s
0824 02:14:24 ds4-server: chat ctx=707..757:50 gen=650 THINKING decoding chunk=17.39 t/s avg=17.48 t/s 37.189s
ds4: qwen35moe experts/token avg over 128 tokens: 0:14.8 1:16.1 2:15.7 3:15.9 4:16.2 5:15.9 6:16.1 7:16.7 8:17.2 9:16.7 10:15.5 11:15.5 12:16.2 13:16.0 14:16.5 15:16.3 16:16.7 17:16.2 18:16.0 19:15.8 20:16.2 21:16.0 22:15.7 23:15.9 24:15.3 25:15.7 26:15.9 27:15.8 28:16.0 29:15.9 30:15.5 31:16.6 32:16.3 33:15.6 34:15.4 35:16.4 36:17.2 37:17.1 38:17.9 39:17.0 | mean 16.1
0824 02:14:27 ds4-server: chat ctx=757..807:50 gen=700 THINKING decoding chunk=17.05 t/s avg=17.45 t/s 40.121s
0824 02:14:30 ds4-server: chat ctx=807..857:50 gen=750 THINKING decoding chunk=16.11 t/s avg=17.35 t/s 43.225s
ds4: qwen35moe experts/token avg over 128 tokens: 0:14.4 1:15.8 2:16.0 3:17.5 4:17.0 5:17.2 6:17.2 7:17.4 8:17.6 9:17.5 10:16.7 11:16.7 12:17.4 13:17.3 14:18.0 15:18.2 16:18.1 17:18.2 18:17.7 19:17.9 20:18.3 21:17.8 22:17.5 23:17.5 24:17.9 25:17.7 26:17.2 27:17.5 28:17.4 29:17.7 30:17.6 31:18.2 32:17.8 33:17.6 34:17.7 35:18.4 36:18.6 37:18.7 38:19.1 39:18.7 | mean 17.6
0824 02:14:33 ds4-server: chat ctx=857..907:50 gen=800 THINKING decoding chunk=16.52 t/s avg=17.30 t/s 46.252s
0824 02:14:36 ds4-server: chat ctx=907..957:50 gen=850 THINKING decoding chunk=16.94 t/s avg=17.28 t/s 49.202s
0824 02:14:39 ds4-server: chat ctx=957..1007:50 gen=900 THINKING decoding chunk=16.16 t/s avg=17.21 t/s 52.296s
ds4: qwen35moe experts/token avg over 128 tokens: 0:14.5 1:15.7 2:15.3 3:17.0 4:16.9 5:16.7 6:16.7 7:16.8 8:17.2 9:17.0 10:16.1 11:16.2 12:17.0 13:15.9 14:17.1 15:16.9 16:17.5 17:17.5 18:17.1 19:17.1 20:17.5 21:16.6 22:16.2 23:16.5 24:16.8 25:17.0 26:16.8 27:16.4 28:16.6 29:17.3 30:17.0 31:17.6 32:17.2 33:16.7 34:16.9 35:18.1 36:18.0 37:18.1 38:18.4 39:18.2 | mean 16.9
0824 02:14:42 ds4-server: chat ctx=1007..1057:50 gen=950 THINKING decoding chunk=15.78 t/s avg=17.13 t/s 55.464s
0824 02:14:45 ds4-server: chat ctx=1057..1107:50 gen=1000 THINKING decoding chunk=16.86 t/s avg=17.11 t/s 58.430s
ds4: qwen35moe experts/token avg over 128 tokens: 0:14.0 1:15.5 2:15.4 3:16.7 4:16.3 5:15.7 6:16.0 7:16.2 8:16.6 9:16.4 10:15.2 11:15.2 12:15.9 13:15.7 14:17.1 15:16.0 16:16.5 17:15.8 18:16.4 19:16.1 20:16.9 21:15.7 22:15.7 23:15.5 24:15.7 25:15.8 26:16.6 27:16.1 28:16.6 29:16.2 30:15.7 31:16.5 32:16.0 33:15.9 34:15.1 35:16.2 36:17.2 37:17.3 38:17.8 39:17.0 | mean 16.1
0824 02:14:48 ds4-server: chat ctx=1107..1157:50 gen=1050 THINKING decoding chunk=16.76 t/s avg=17.10 t/s 61.413s
0824 02:14:51 ds4-server: chat ctx=1157..1207:50 gen=1100 THINKING decoding chunk=15.86 t/s avg=17.04 t/s 64.566s
0824 02:14:55 ds4-server: chat ctx=1207..1257:50 gen=1150 THINKING decoding chunk=15.55 t/s avg=16.97 t/s 67.782s
ds4: qwen35moe experts/token avg over 128 tokens: 0:14.9 1:16.4 2:15.8 3:17.5 4:17.1 5:17.5 6:17.1 7:17.5 8:18.0 9:17.4 10:16.6 11:16.5 12:17.5 13:17.0 14:18.0 15:18.0 16:18.5 17:18.1 18:17.6 19:17.9 20:17.9 21:17.2 22:16.9 23:17.0 24:17.8 25:17.7 26:17.5 27:17.3 28:17.5 29:17.6 30:17.4 31:18.3 32:17.6 33:17.6 34:18.0 35:18.5 36:18.9 37:19.0 38:19.1 39:18.6 | mean 17.6
0824 02:14:58 ds4-server: chat ctx=1257..1307:50 gen=1200 THINKING decoding chunk=15.92 t/s avg=16.92 t/s 70.923s
0824 02:15:01 ds4-server: chat ctx=1307..1357:50 gen=1250 THINKING decoding chunk=15.33 t/s avg=16.85 t/s 74.185s
ds4: qwen35moe experts/token avg over 128 tokens: 0:15.5 1:16.9 2:16.5 3:18.5 4:17.6 5:18.0 6:17.3 7:18.0 8:18.1 9:17.5 10:17.4 11:17.2 12:17.7 13:18.1 14:18.8 15:18.7 16:19.2 17:19.1 18:19.0 19:19.1 20:19.3 21:18.7 22:18.5 23:18.4 24:18.7 25:19.1 26:18.9 27:18.6 28:19.2 29:19.2 30:18.9 31:19.4 32:19.0 33:19.7 34:19.5 35:19.6 36:19.7 37:19.9 38:19.9 39:19.8 | mean 18.6
0824 02:15:04 ds4-server: chat ctx=1357..1407:50 gen=1300 decoding chunk=15.35 t/s avg=16.79 t/s 77.442s
0824 02:15:08 ds4-server: chat ctx=1407..1457:50 gen=1350 decoding chunk=15.21 t/s avg=16.72 t/s 80.730s
0824 02:15:08 ds4-server: thinking live checkpoint remembered ctx=0..107:107 live=1457 visible=706
0824 02:15:08 ds4-server: chat ctx=0..107:107 gen=1350 finish=stop 86.816s
0824 02:15:10 ds4-server: live kv cache miss live=1457 prompt=106 common=32 reason=token-mismatch
0824 02:15:10 ds4-server: chat ctx=0..106:106 prompt start
0824 02:15:10 ds4-server: chat ctx=0..106:106 prefill chunk 1/106 (0.9%) chunk=0.00 t/s avg=3.11 t/s 0.322s
0824 02:15:10 ds4-server: chat ctx=0..106:106 prefill chunk 2/106 (1.9%) chunk=19.38 t/s avg=5.36 t/s 0.373s
0824 02:15:10 ds4-server: chat ctx=0..106:106 prefill chunk 3/106 (2.8%) chunk=19.42 t/s avg=7.06 t/s 0.425s
0824 02:15:11 ds4-server: chat ctx=0..106:106 prefill chunk 4/106 (3.8%) chunk=19.48 t/s avg=8.40 t/s 0.476s
0824 02:15:11 ds4-server: chat ctx=0..106:106 prefill chunk 5/106 (4.7%) chunk=18.77 t/s avg=9.45 t/s 0.529s
0824 02:15:11 ds4-server: chat ctx=0..106:106 prefill chunk 6/106 (5.7%) chunk=19.84 t/s avg=10.35 t/s 0.580s
0824 02:15:11 ds4-server: chat ctx=0..106:106 prefill chunk 7/106 (6.6%) chunk=18.42 t/s avg=11.04 t/s 0.634s
0824 02:15:11 ds4-server: chat ctx=0..106:106 prefill chunk 8/106 (7.5%) chunk=19.18 t/s avg=11.66 t/s 0.686s
0824 02:15:11 ds4-server: chat ctx=0..106:106 prefill chunk 9/106 (8.5%) chunk=18.68 t/s avg=12.17 t/s 0.740s
0824 02:15:11 ds4-server: chat ctx=0..106:106 prefill chunk 10/106 (9.4%) chunk=19.27 t/s avg=12.63 t/s 0.792s
0824 02:15:11 ds4-server: chat ctx=0..106:106 prefill chunk 11/106 (10.4%) chunk=19.31 t/s avg=13.04 t/s 0.843s
0824 02:15:11 ds4-server: chat ctx=0..106:106 prefill chunk 12/106 (11.3%) chunk=18.80 t/s avg=13.39 t/s 0.897s
0824 02:15:11 ds4-server: chat ctx=0..106:106 prefill chunk 13/106 (12.3%) chunk=19.42 t/s avg=13.71 t/s 0.948s
0824 02:15:11 ds4-server: chat ctx=0..106:106 prefill chunk 14/106 (13.2%) chunk=18.89 t/s avg=13.99 t/s 1.001s
0824 02:15:11 ds4-server: chat ctx=0..106:106 prefill chunk 15/106 (14.2%) chunk=19.48 t/s avg=14.25 t/s 1.052s
0824 02:15:11 ds4-server: chat ctx=0..106:106 prefill chunk 16/106 (15.1%) chunk=18.59 t/s avg=14.47 t/s 1.106s
0824 02:15:11 ds4-server: chat ctx=0..106:106 prefill chunk 17/106 (16.0%) chunk=19.02 t/s avg=14.67 t/s 1.159s
0824 02:15:11 ds4-server: chat ctx=0..106:106 prefill chunk 18/106 (17.0%) chunk=18.85 t/s avg=14.86 t/s 1.212s
0824 02:15:11 ds4-server: chat ctx=0..106:106 prefill chunk 19/106 (17.9%) chunk=18.80 t/s avg=15.02 t/s 1.265s
0824 02:15:11 ds4-server: chat ctx=0..106:106 prefill chunk 20/106 (18.9%) chunk=19.54 t/s avg=15.20 t/s 1.316s
0824 02:15:11 ds4-server: chat ctx=0..106:106 prefill chunk 21/106 (19.8%) chunk=18.82 t/s avg=15.34 t/s 1.369s
0824 02:15:11 ds4-server: chat ctx=0..106:106 prefill chunk 22/106 (20.8%) chunk=18.79 t/s avg=15.47 t/s 1.422s
0824 02:15:12 ds4-server: chat ctx=0..106:106 prefill chunk 23/106 (21.7%) chunk=18.67 t/s avg=15.58 t/s 1.476s
0824 02:15:12 ds4-server: chat ctx=0..106:106 prefill chunk 24/106 (22.6%) chunk=19.05 t/s avg=15.70 t/s 1.528s
0824 02:15:12 ds4-server: chat ctx=0..106:106 prefill chunk 25/106 (23.6%) chunk=18.73 t/s avg=15.80 t/s 1.582s
0824 02:15:12 ds4-server: chat ctx=0..106:106 prefill chunk 26/106 (24.5%) chunk=19.00 t/s avg=15.91 t/s 1.635s
0824 02:15:12 ds4-server: chat ctx=0..106:106 prefill chunk 27/106 (25.5%) chunk=18.49 t/s avg=15.99 t/s 1.689s
0824 02:15:12 ds4-server: chat ctx=0..106:106 prefill chunk 28/106 (26.4%) chunk=18.02 t/s avg=16.05 t/s 1.744s
0824 02:15:12 ds4-server: chat ctx=0..106:106 prefill chunk 29/106 (27.4%) chunk=18.12 t/s avg=16.12 t/s 1.799s
0824 02:15:12 ds4-server: chat ctx=0..106:106 prefill chunk 30/106 (28.3%) chunk=19.22 t/s avg=16.20 t/s 1.851s
0824 02:15:12 ds4-server: chat ctx=0..106:106 prefill chunk 31/106 (29.2%) chunk=19.53 t/s avg=16.29 t/s 1.903s
0824 02:15:12 ds4-server: chat ctx=0..106:106 prefill chunk 32/106 (30.2%) chunk=19.46 t/s avg=16.38 t/s 1.954s
0824 02:15:12 ds4-server: chat ctx=0..106:106 prefill chunk 33/106 (31.1%) chunk=19.02 t/s avg=16.45 t/s 2.007s
0824 02:15:12 ds4-server: chat ctx=0..106:106 prefill chunk 34/106 (32.1%) chunk=19.06 t/s avg=16.51 t/s 2.059s
0824 02:15:12 ds4-server: chat ctx=0..106:106 prefill chunk 35/106 (33.0%) chunk=19.40 t/s avg=16.58 t/s 2.111s
0824 02:15:12 ds4-server: chat ctx=0..106:106 prefill chunk 36/106 (34.0%) chunk=19.08 t/s avg=16.64 t/s 2.163s
0824 02:15:12 ds4-server: chat ctx=0..106:106 prefill chunk 37/106 (34.9%) chunk=18.99 t/s avg=16.70 t/s 2.216s
0824 02:15:12 ds4-server: chat ctx=0..106:106 prefill chunk 38/106 (35.8%) chunk=18.02 t/s avg=16.73 t/s 2.271s
0824 02:15:12 ds4-server: chat ctx=0..106:106 prefill chunk 39/106 (36.8%) chunk=17.48 t/s avg=16.75 t/s 2.328s
0824 02:15:12 ds4-server: chat ctx=0..106:106 prefill chunk 40/106 (37.7%) chunk=18.69 t/s avg=16.79 t/s 2.382s
0824 02:15:12 ds4-server: chat ctx=0..106:106 prefill chunk 41/106 (38.7%) chunk=17.44 t/s avg=16.81 t/s 2.439s
0824 02:15:13 ds4-server: chat ctx=0..106:106 prefill chunk 42/106 (39.6%) chunk=17.61 t/s avg=16.83 t/s 2.496s
0824 02:15:13 ds4-server: chat ctx=0..106:106 prefill chunk 43/106 (40.6%) chunk=18.34 t/s avg=16.86 t/s 2.550s
0824 02:15:13 ds4-server: chat ctx=0..106:106 prefill chunk 44/106 (41.5%) chunk=18.72 t/s avg=16.90 t/s 2.604s
0824 02:15:13 ds4-server: chat ctx=0..106:106 prefill chunk 45/106 (42.5%) chunk=17.67 t/s avg=16.91 t/s 2.660s
0824 02:15:13 ds4-server: chat ctx=0..106:106 prefill chunk 46/106 (43.4%) chunk=19.49 t/s avg=16.96 t/s 2.712s
0824 02:15:13 ds4-server: chat ctx=0..106:106 prefill chunk 47/106 (44.3%) chunk=19.38 t/s avg=17.01 t/s 2.763s
0824 02:15:13 ds4-server: chat ctx=0..106:106 prefill chunk 48/106 (45.3%) chunk=19.20 t/s avg=17.05 t/s 2.816s
0824 02:15:13 ds4-server: chat ctx=0..106:106 prefill chunk 49/106 (46.2%) chunk=18.15 t/s avg=17.07 t/s 2.871s
0824 02:15:13 ds4-server: chat ctx=0..106:106 prefill chunk 50/106 (47.2%) chunk=19.49 t/s avg=17.11 t/s 2.922s
0824 02:15:13 ds4-server: chat ctx=0..106:106 prefill chunk 51/106 (48.1%) chunk=18.76 t/s avg=17.14 t/s 2.975s
0824 02:15:13 ds4-server: chat ctx=0..106:106 prefill chunk 52/106 (49.1%) chunk=18.64 t/s avg=17.17 t/s 3.029s
0824 02:15:13 ds4-server: chat ctx=0..106:106 prefill chunk 53/106 (50.0%) chunk=18.79 t/s avg=17.20 t/s 3.082s
0824 02:15:13 ds4-server: chat ctx=0..106:106 prefill chunk 54/106 (50.9%) chunk=18.52 t/s avg=17.22 t/s 3.136s
0824 02:15:13 ds4-server: chat ctx=0..106:106 prefill chunk 55/106 (51.9%) chunk=19.42 t/s avg=17.25 t/s 3.188s
0824 02:15:13 ds4-server: chat ctx=0..106:106 prefill chunk 56/106 (52.8%) chunk=19.06 t/s avg=17.28 t/s 3.240s
0824 02:15:13 ds4-server: chat ctx=0..106:106 prefill chunk 57/106 (53.8%) chunk=19.10 t/s avg=17.31 t/s 3.292s
0824 02:15:13 ds4-server: chat ctx=0..106:106 prefill chunk 58/106 (54.7%) chunk=18.27 t/s avg=17.33 t/s 3.347s
0824 02:15:13 ds4-server: chat ctx=0..106:106 prefill chunk 59/106 (55.7%) chunk=18.42 t/s avg=17.35 t/s 3.402s
0824 02:15:13 ds4-server: chat ctx=0..106:106 prefill chunk 60/106 (56.6%) chunk=19.18 t/s avg=17.37 t/s 3.454s
0824 02:15:14 ds4-server: chat ctx=0..106:106 prefill chunk 61/106 (57.5%) chunk=18.51 t/s avg=17.39 t/s 3.508s
0824 02:15:14 ds4-server: chat ctx=0..106:106 prefill chunk 62/106 (58.5%) chunk=18.17 t/s avg=17.40 t/s 3.563s
0824 02:15:14 ds4-server: chat ctx=0..106:106 prefill chunk 63/106 (59.4%) chunk=19.03 t/s avg=17.43 t/s 3.615s
0824 02:15:14 ds4-server: chat ctx=0..106:106 prefill chunk 64/106 (60.4%) chunk=17.98 t/s avg=17.43 t/s 3.671s
0824 02:15:14 ds4-server: chat ctx=0..106:106 prefill chunk 65/106 (61.3%) chunk=19.12 t/s avg=17.46 t/s 3.723s
0824 02:15:14 ds4-server: chat ctx=0..106:106 prefill chunk 66/106 (62.3%) chunk=18.20 t/s avg=17.47 t/s 3.778s
0824 02:15:14 ds4-server: chat ctx=0..106:106 prefill chunk 67/106 (63.2%) chunk=19.17 t/s avg=17.49 t/s 3.830s
0824 02:15:14 ds4-server: chat ctx=0..106:106 prefill chunk 68/106 (64.2%) chunk=18.86 t/s avg=17.51 t/s 3.883s
0824 02:15:14 ds4-server: chat ctx=0..106:106 prefill chunk 69/106 (65.1%) chunk=18.73 t/s avg=17.53 t/s 3.937s
0824 02:15:14 ds4-server: chat ctx=0..106:106 prefill chunk 70/106 (66.0%) chunk=17.89 t/s avg=17.53 t/s 3.993s
0824 02:15:14 ds4-server: chat ctx=0..106:106 prefill chunk 71/106 (67.0%) chunk=18.10 t/s avg=17.54 t/s 4.048s
0824 02:15:14 ds4-server: chat ctx=0..106:106 prefill chunk 72/106 (67.9%) chunk=17.86 t/s avg=17.54 t/s 4.104s
0824 02:15:14 ds4-server: chat ctx=0..106:106 prefill chunk 73/106 (68.9%) chunk=19.45 t/s avg=17.57 t/s 4.155s
0824 02:15:14 ds4-server: chat ctx=0..106:106 prefill chunk 74/106 (69.8%) chunk=18.23 t/s avg=17.58 t/s 4.210s
0824 02:15:14 ds4-server: chat ctx=0..106:106 prefill chunk 75/106 (70.8%) chunk=18.93 t/s avg=17.59 t/s 4.263s
0824 02:15:14 ds4-server: chat ctx=0..106:106 prefill chunk 76/106 (71.7%) chunk=19.10 t/s avg=17.61 t/s 4.315s
0824 02:15:14 ds4-server: chat ctx=0..106:106 prefill chunk 77/106 (72.6%) chunk=17.68 t/s avg=17.61 t/s 4.372s
ds4: qwen35moe experts/token avg over 128 tokens: 0:14.4 1:15.3 2:15.4 3:15.7 4:15.5 5:15.1 6:15.5 7:16.1 8:16.1 9:15.8 10:15.2 11:14.9 12:16.2 13:15.6 14:16.1 15:16.4 16:16.5 17:16.0 18:16.2 19:16.9 20:17.0 21:16.4 22:16.5 23:16.1 24:17.1 25:16.6 26:17.0 27:16.9 28:17.0 29:17.3 30:17.2 31:17.5 32:17.6 33:17.7 34:17.6 35:18.8 36:19.4 37:19.1 38:19.1 39:18.6 | mean 16.6
0824 02:15:14 ds4-server: chat ctx=0..106:106 prefill chunk 78/106 (73.6%) chunk=17.68 t/s avg=17.61 t/s 4.428s
0824 02:15:15 ds4-server: chat ctx=0..106:106 prefill chunk 79/106 (74.5%) chunk=17.63 t/s avg=17.61 t/s 4.485s
0824 02:15:15 ds4-server: chat ctx=0..106:106 prefill chunk 80/106 (75.5%) chunk=17.20 t/s avg=17.61 t/s 4.543s
0824 02:15:15 ds4-server: chat ctx=0..106:106 prefill chunk 81/106 (76.4%) chunk=17.75 t/s avg=17.61 t/s 4.600s
0824 02:15:15 ds4-server: chat ctx=0..106:106 prefill chunk 82/106 (77.4%) chunk=18.40 t/s avg=17.62 t/s 4.654s
0824 02:15:15 ds4-server: chat ctx=0..106:106 prefill chunk 83/106 (78.3%) chunk=17.62 t/s avg=17.62 t/s 4.711s
0824 02:15:15 ds4-server: chat ctx=0..106:106 prefill chunk 84/106 (79.2%) chunk=17.67 t/s avg=17.62 t/s 4.767s
0824 02:15:15 ds4-server: chat ctx=0..106:106 prefill chunk 85/106 (80.2%) chunk=18.05 t/s avg=17.62 t/s 4.823s
0824 02:15:15 ds4-server: chat ctx=0..106:106 prefill chunk 86/106 (81.1%) chunk=18.39 t/s avg=17.63 t/s 4.877s
0824 02:15:15 ds4-server: chat ctx=0..106:106 prefill chunk 87/106 (82.1%) chunk=17.89 t/s avg=17.64 t/s 4.933s
0824 02:15:15 ds4-server: chat ctx=0..106:106 prefill chunk 88/106 (83.0%) chunk=18.27 t/s avg=17.64 t/s 4.988s
0824 02:15:15 ds4-server: chat ctx=0..106:106 prefill chunk 89/106 (84.0%) chunk=17.91 t/s avg=17.65 t/s 5.044s
0824 02:15:15 ds4-server: chat ctx=0..106:106 prefill chunk 90/106 (84.9%) chunk=18.87 t/s avg=17.66 t/s 5.097s
0824 02:15:15 ds4-server: chat ctx=0..106:106 prefill chunk 91/106 (85.8%) chunk=18.14 t/s avg=17.66 t/s 5.152s
0824 02:15:15 ds4-server: chat ctx=0..106:106 prefill chunk 92/106 (86.8%) chunk=17.34 t/s avg=17.66 t/s 5.209s
0824 02:15:15 ds4-server: chat ctx=0..106:106 prefill chunk 93/106 (87.7%) chunk=17.21 t/s avg=17.66 t/s 5.268s
0824 02:15:15 ds4-server: chat ctx=0..106:106 prefill chunk 94/106 (88.7%) chunk=18.33 t/s avg=17.66 t/s 5.322s
0824 02:15:15 ds4-server: chat ctx=0..106:106 prefill chunk 95/106 (89.6%) chunk=17.83 t/s avg=17.66 t/s 5.378s
0824 02:15:15 ds4-server: chat ctx=0..106:106 prefill chunk 96/106 (90.6%) chunk=17.25 t/s avg=17.66 t/s 5.436s
0824 02:15:16 ds4-server: chat ctx=0..106:106 prefill chunk 97/106 (91.5%) chunk=18.48 t/s avg=17.67 t/s 5.490s
0824 02:15:16 ds4-server: chat ctx=0..106:106 prefill chunk 98/106 (92.5%) chunk=18.74 t/s avg=17.68 t/s 5.544s
0824 02:15:16 ds4-server: chat ctx=0..106:106 prefill chunk 99/106 (93.4%) chunk=18.26 t/s avg=17.68 t/s 5.598s
0824 02:15:16 ds4-server: chat ctx=0..106:106 prefill chunk 100/106 (94.3%) chunk=19.59 t/s avg=17.70 t/s 5.649s
0824 02:15:16 ds4-server: chat ctx=0..106:106 prefill chunk 101/106 (95.3%) chunk=18.64 t/s avg=17.71 t/s 5.703s
0824 02:15:16 ds4-server: chat ctx=0..106:106 prefill chunk 102/106 (96.2%) chunk=19.02 t/s avg=17.72 t/s 5.756s
0824 02:15:16 ds4-server: chat ctx=0..106:106 prefill chunk 103/106 (97.2%) chunk=18.85 t/s avg=17.73 t/s 5.809s
0824 02:15:16 ds4-server: chat ctx=0..106:106 prefill chunk 104/106 (98.1%) chunk=18.20 t/s avg=17.74 t/s 5.864s
0824 02:15:16 ds4-server: chat ctx=0..106:106 prefill chunk 105/106 (99.1%) chunk=20.19 t/s avg=17.76 t/s 5.913s
0824 02:15:16 ds4-server: chat ctx=0..106:106 prefill chunk 106/106 (100.0%) chunk=19.98 t/s avg=17.78 t/s 5.963s
0824 02:15:16 ds4-server: chat ctx=0..106:106 prompt done 5.963s
0824 02:15:19 ds4-server: chat ctx=106..156:50 gen=50 THINKING decoding chunk=18.40 t/s avg=18.40 t/s 2.718s
ds4: qwen35moe experts/token avg over 128 tokens: 0:15.0 1:15.0 2:14.9 3:16.1 4:15.2 5:15.9 6:15.3 7:16.4 8:16.8 9:16.3 10:15.0 11:14.4 12:16.1 13:15.3 14:15.4 15:15.2 16:15.6 17:14.6 18:15.8 19:16.2 20:16.8 21:16.1 22:15.3 23:15.4 24:16.5 25:16.3 26:15.9 27:16.3 28:15.7 29:15.8 30:16.5 31:16.2 32:15.6 33:16.5 34:16.4 35:17.2 36:18.0 37:18.4 38:18.8 39:17.9 | mean 16.1
0824 02:15:21 ds4-server: chat ctx=156..206:50 gen=100 THINKING decoding chunk=18.13 t/s avg=18.26 t/s 5.475s
0824 02:15:24 ds4-server: chat ctx=206..256:50 gen=150 THINKING decoding chunk=17.92 t/s avg=18.15 t/s 8.266s
0824 02:15:27 ds4-server: chat ctx=256..306:50 gen=200 THINKING decoding chunk=17.37 t/s avg=17.95 t/s 11.144s
ds4: qwen35moe experts/token avg over 128 tokens: 0:15.2 1:15.4 2:15.6 3:16.6 4:16.0 5:16.8 6:16.2 7:17.0 8:17.7 9:17.4 10:15.9 11:15.5 12:17.4 13:16.5 14:16.8 15:16.6 16:17.3 17:16.1 18:16.7 19:16.4 20:17.5 21:17.2 22:16.5 23:16.4 24:17.6 25:16.7 26:17.4 27:16.5 28:16.4 29:16.7 30:17.4 31:17.1 32:17.4 33:16.9 34:17.0 35:18.0 36:18.9 37:18.9 38:19.3 39:18.7 | mean 16.9
0824 02:15:30 ds4-server: chat ctx=306..356:50 gen=250 THINKING decoding chunk=17.96 t/s avg=17.95 t/s 13.928s
0824 02:15:33 ds4-server: chat ctx=356..406:50 gen=300 THINKING decoding chunk=17.78 t/s avg=17.92 t/s 16.740s
0824 02:15:36 ds4-server: chat ctx=406..456:50 gen=350 THINKING decoding chunk=17.03 t/s avg=17.79 t/s 19.677s
ds4: qwen35moe experts/token avg over 128 tokens: 0:14.1 1:14.7 2:15.0 3:16.6 4:15.7 5:15.8 6:15.8 7:16.1 8:17.1 9:17.3 10:15.3 11:15.6 12:16.8 13:16.3 14:16.9 15:16.0 16:16.7 17:15.7 18:16.7 19:16.4 20:17.4 21:16.6 22:15.7 23:16.0 24:17.2 25:15.8 26:17.2 27:16.7 28:16.8 29:17.0 30:16.9 31:16.9 32:17.3 33:17.1 34:17.0 35:17.6 36:18.0 37:18.3 38:18.6 39:18.3 | mean 16.6
0824 02:15:39 ds4-server: chat ctx=456..506:50 gen=400 THINKING decoding chunk=17.20 t/s avg=17.71 t/s 22.584s
0824 02:15:41 ds4-server: chat ctx=506..556:50 gen=450 THINKING decoding chunk=17.65 t/s avg=17.71 t/s 25.417s
ds4: qwen35moe experts/token avg over 128 tokens: 0:15.0 1:15.5 2:15.5 3:16.0 4:15.9 5:15.7 6:15.9 7:16.5 8:17.0 9:16.5 10:15.8 11:15.4 12:16.8 13:16.4 14:16.4 15:15.8 16:16.8 17:16.2 18:15.9 19:15.9 20:16.8 21:16.2 22:15.9 23:15.9 24:16.3 25:15.9 26:16.6 27:15.7 28:15.8 29:16.2 30:16.1 31:16.6 32:16.4 33:15.7 34:15.6 35:17.0 36:17.3 37:17.4 38:17.9 39:17.4 | mean 16.2
0824 02:15:44 ds4-server: chat ctx=556..606:50 gen=500 THINKING decoding chunk=17.26 t/s avg=17.66 t/s 28.313s
0824 02:15:47 ds4-server: chat ctx=606..656:50 gen=550 THINKING decoding chunk=17.12 t/s avg=17.61 t/s 31.234s
0824 02:15:50 ds4-server: chat ctx=656..706:50 gen=600 THINKING decoding chunk=16.36 t/s avg=17.50 t/s 34.289s
ds4: qwen35moe experts/token avg over 128 tokens: 0:15.0 1:15.4 2:15.7 3:16.5 4:16.2 5:16.2 6:16.5 7:16.8 8:17.6 9:17.4 10:16.4 11:16.2 12:17.8 13:16.9 14:17.7 15:17.5 16:17.3 17:17.2 18:17.0 19:17.3 20:18.0 21:17.6 22:16.6 23:16.5 24:17.0 25:16.9 26:17.0 27:16.6 28:17.2 29:17.2 30:17.3 31:17.6 32:17.6 33:17.7 34:17.6 35:18.3 36:18.2 37:18.7 38:18.8 39:18.4 | mean 17.1
0824 02:15:53 ds4-server: chat ctx=706..756:50 gen=650 THINKING decoding chunk=17.45 t/s avg=17.49 t/s 37.155s
0824 02:15:56 ds4-server: chat ctx=756..806:50 gen=700 THINKING decoding chunk=17.18 t/s avg=17.47 t/s 40.065s
ds4: qwen35moe experts/token avg over 128 tokens: 0:14.5 1:15.0 2:14.8 3:15.8 4:15.5 5:15.5 6:15.4 7:15.5 8:16.2 9:15.9 10:14.8 11:14.5 12:15.7 13:14.8 14:15.8 15:15.5 16:15.8 17:15.9 18:15.3 19:15.3 20:16.0 21:15.4 22:14.8 23:15.2 24:15.1 25:15.1 26:15.6 27:15.2 28:15.2 29:15.5 30:15.1 31:15.7 32:15.6 33:14.8 34:14.5 35:16.0 36:16.2 37:16.8 38:17.3 39:16.7 | mean 15.5
0824 02:15:59 ds4-server: chat ctx=806..856:50 gen=750 THINKING decoding chunk=17.00 t/s avg=17.44 t/s 43.006s
0824 02:16:02 ds4-server: chat ctx=856..906:50 gen=800 THINKING decoding chunk=16.10 t/s avg=17.35 t/s 46.112s
0824 02:16:05 ds4-server: chat ctx=906..956:50 gen=850 THINKING decoding chunk=16.62 t/s avg=17.30 t/s 49.121s
ds4: qwen35moe experts/token avg over 128 tokens: 0:15.3 1:15.7 2:16.0 3:17.3 4:16.7 5:16.5 6:16.9 7:17.0 8:17.6 9:17.2 10:16.3 11:16.6 12:17.1 13:17.3 14:17.8 15:17.9 16:17.9 17:17.8 18:17.7 19:17.5 20:18.0 21:17.6 22:17.0 23:17.1 24:17.6 25:17.6 26:17.5 27:17.4 28:17.3 29:17.8 30:17.6 31:17.9 32:17.6 33:17.6 34:17.7 35:18.4 36:18.8 37:18.7 38:18.9 39:18.4 | mean 17.4
0824 02:16:08 ds4-server: chat ctx=956..1006:50 gen=900 decoding chunk=16.32 t/s avg=17.25 t/s 52.184s
0824 02:16:11 ds4-server: chat ctx=1006..1052:46 gen=946 decoding chunk=15.78 t/s avg=17.17 t/s 55.099s
0824 02:16:11 ds4-server: thinking live checkpoint remembered ctx=0..106:106 live=1052 visible=778
0824 02:16:11 ds4-server: chat ctx=0..106:106 gen=946 finish=stop 61.062s
0824 02:16:13 ds4-server: live kv cache miss live=1052 prompt=211 common=30 reason=token-mismatch
0824 02:16:13 ds4-server: chat ctx=0..211:211 prompt start
0824 02:16:14 ds4-server: chat ctx=0..211:211 prefill chunk 1/211 (0.5%) chunk=0.00 t/s avg=3.03 t/s 0.330s
0824 02:16:14 ds4-server: chat ctx=0..211:211 prefill chunk 2/211 (0.9%) chunk=19.95 t/s avg=5.26 t/s 0.380s
0824 02:16:14 ds4-server: chat ctx=0..211:211 prefill chunk 3/211 (1.4%) chunk=19.22 t/s avg=6.95 t/s 0.432s
0824 02:16:14 ds4-server: chat ctx=0..211:211 prefill chunk 4/211 (1.9%) chunk=19.97 t/s avg=8.30 t/s 0.482s
0824 02:16:14 ds4-server: chat ctx=0..211:211 prefill chunk 5/211 (2.4%) chunk=18.44 t/s avg=9.32 t/s 0.536s
0824 02:16:14 ds4-server: chat ctx=0..211:211 prefill chunk 6/211 (2.8%) chunk=20.17 t/s avg=10.24 t/s 0.586s
0824 02:16:14 ds4-server: chat ctx=0..211:211 prefill chunk 7/211 (3.3%) chunk=18.53 t/s avg=10.94 t/s 0.640s
0824 02:16:14 ds4-server: chat ctx=0..211:211 prefill chunk 8/211 (3.8%) chunk=18.56 t/s avg=11.53 t/s 0.694s
0824 02:16:14 ds4-server: chat ctx=0..211:211 prefill chunk 9/211 (4.3%) chunk=19.65 t/s avg=12.09 t/s 0.745s
0824 02:16:14 ds4-server: chat ctx=0..211:211 prefill chunk 10/211 (4.7%) chunk=18.62 t/s avg=12.53 t/s 0.798s
0824 02:16:14 ds4-server: chat ctx=0..211:211 prefill chunk 11/211 (5.2%) chunk=19.81 t/s avg=12.96 t/s 0.849s
0824 02:16:14 ds4-server: chat ctx=0..211:211 prefill chunk 12/211 (5.7%) chunk=19.10 t/s avg=13.32 t/s 0.901s
0824 02:16:14 ds4-server: chat ctx=0..211:211 prefill chunk 13/211 (6.2%) chunk=19.66 t/s avg=13.66 t/s 0.952s
0824 02:16:14 ds4-server: chat ctx=0..211:211 prefill chunk 14/211 (6.6%) chunk=18.64 t/s avg=13.92 t/s 1.006s
0824 02:16:15 ds4-server: chat ctx=0..211:211 prefill chunk 15/211 (7.1%) chunk=19.15 t/s avg=14.18 t/s 1.058s
0824 02:16:15 ds4-server: chat ctx=0..211:211 prefill chunk 16/211 (7.6%) chunk=19.05 t/s avg=14.41 t/s 1.110s
0824 02:16:15 ds4-server: chat ctx=0..211:211 prefill chunk 17/211 (8.1%) chunk=18.43 t/s avg=14.60 t/s 1.165s
0824 02:16:15 ds4-server: chat ctx=0..211:211 prefill chunk 18/211 (8.5%) chunk=19.17 t/s avg=14.79 t/s 1.217s
0824 02:16:15 ds4-server: chat ctx=0..211:211 prefill chunk 19/211 (9.0%) chunk=18.90 t/s avg=14.96 t/s 1.270s
0824 02:16:15 ds4-server: chat ctx=0..211:211 prefill chunk 20/211 (9.5%) chunk=19.27 t/s avg=15.13 t/s 1.322s
0824 02:16:15 ds4-server: chat ctx=0..211:211 prefill chunk 21/211 (10.0%) chunk=18.83 t/s avg=15.28 t/s 1.375s
0824 02:16:15 ds4-server: chat ctx=0..211:211 prefill chunk 22/211 (10.4%) chunk=18.20 t/s avg=15.39 t/s 1.430s
0824 02:16:15 ds4-server: chat ctx=0..211:211 prefill chunk 23/211 (10.9%) chunk=19.50 t/s avg=15.53 t/s 1.481s
0824 02:16:15 ds4-server: chat ctx=0..211:211 prefill chunk 24/211 (11.4%) chunk=18.95 t/s avg=15.65 t/s 1.534s
0824 02:16:15 ds4-server: chat ctx=0..211:211 prefill chunk 25/211 (11.8%) chunk=19.36 t/s avg=15.77 t/s 1.585s
0824 02:16:15 ds4-server: chat ctx=0..211:211 prefill chunk 26/211 (12.3%) chunk=18.91 t/s avg=15.87 t/s 1.638s
0824 02:16:15 ds4-server: chat ctx=0..211:211 prefill chunk 27/211 (12.8%) chunk=18.11 t/s avg=15.94 t/s 1.694s
0824 02:16:15 ds4-server: chat ctx=0..211:211 prefill chunk 28/211 (13.3%) chunk=18.74 t/s avg=16.03 t/s 1.747s
0824 02:16:15 ds4-server: chat ctx=0..211:211 prefill chunk 29/211 (13.7%) chunk=18.11 t/s avg=16.09 t/s 1.802s
0824 02:16:15 ds4-server: chat ctx=0..211:211 prefill chunk 30/211 (14.2%) chunk=19.04 t/s avg=16.18 t/s 1.855s
0824 02:16:15 ds4-server: chat ctx=0..211:211 prefill chunk 31/211 (14.7%) chunk=19.50 t/s avg=16.27 t/s 1.906s
0824 02:16:15 ds4-server: chat ctx=0..211:211 prefill chunk 32/211 (15.2%) chunk=19.81 t/s avg=16.36 t/s 1.956s
0824 02:16:15 ds4-server: chat ctx=0..211:211 prefill chunk 33/211 (15.6%) chunk=18.67 t/s avg=16.42 t/s 2.010s
0824 02:16:16 ds4-server: chat ctx=0..211:211 prefill chunk 34/211 (16.1%) chunk=18.25 t/s avg=16.47 t/s 2.065s
0824 02:16:16 ds4-server: chat ctx=0..211:211 prefill chunk 35/211 (16.6%) chunk=19.02 t/s avg=16.53 t/s 2.117s
0824 02:16:16 ds4-server: chat ctx=0..211:211 prefill chunk 36/211 (17.1%) chunk=18.61 t/s avg=16.58 t/s 2.171s
0824 02:16:16 ds4-server: chat ctx=0..211:211 prefill chunk 37/211 (17.5%) chunk=19.35 t/s avg=16.65 t/s 2.223s
0824 02:16:16 ds4-server: chat ctx=0..211:211 prefill chunk 38/211 (18.0%) chunk=19.42 t/s avg=16.71 t/s 2.274s
0824 02:16:16 ds4-server: chat ctx=0..211:211 prefill chunk 39/211 (18.5%) chunk=18.65 t/s avg=16.75 t/s 2.328s
0824 02:16:16 ds4-server: chat ctx=0..211:211 prefill chunk 40/211 (19.0%) chunk=19.01 t/s avg=16.80 t/s 2.380s
0824 02:16:16 ds4-server: chat ctx=0..211:211 prefill chunk 41/211 (19.4%) chunk=18.73 t/s avg=16.85 t/s 2.434s
0824 02:16:16 ds4-server: chat ctx=0..211:211 prefill chunk 42/211 (19.9%) chunk=19.56 t/s avg=16.90 t/s 2.485s
0824 02:16:16 ds4-server: chat ctx=0..211:211 prefill chunk 43/211 (20.4%) chunk=17.98 t/s avg=16.93 t/s 2.541s
0824 02:16:16 ds4-server: chat ctx=0..211:211 prefill chunk 44/211 (20.9%) chunk=17.74 t/s avg=16.94 t/s 2.597s
0824 02:16:16 ds4-server: chat ctx=0..211:211 prefill chunk 45/211 (21.3%) chunk=18.83 t/s avg=16.98 t/s 2.650s
0824 02:16:16 ds4-server: chat ctx=0..211:211 prefill chunk 46/211 (21.8%) chunk=17.47 t/s avg=16.99 t/s 2.707s
0824 02:16:16 ds4-server: chat ctx=0..211:211 prefill chunk 47/211 (22.3%) chunk=17.85 t/s avg=17.01 t/s 2.763s
0824 02:16:16 ds4-server: chat ctx=0..211:211 prefill chunk 48/211 (22.7%) chunk=18.70 t/s avg=17.04 t/s 2.817s
0824 02:16:16 ds4-server: chat ctx=0..211:211 prefill chunk 49/211 (23.2%) chunk=18.57 t/s avg=17.07 t/s 2.871s
ds4: qwen35moe experts/token avg over 128 tokens: 0:14.7 1:15.0 2:15.8 3:16.3 4:15.9 5:15.5 6:15.5 7:16.4 8:16.3 9:16.2 10:16.0 11:16.0 12:16.6 13:16.4 14:17.1 15:17.4 16:17.3 17:16.9 18:17.4 19:17.1 20:17.7 21:17.2 22:17.1 23:17.0 24:17.4 25:17.0 26:17.5 27:17.6 28:17.6 29:17.6 30:17.9 31:17.6 32:17.9 33:18.1 34:18.3 35:19.2 36:19.4 37:19.1 38:19.4 39:19.1 | mean 17.1
0824 02:16:16 ds4-server: chat ctx=0..211:211 prefill chunk 50/211 (23.7%) chunk=19.09 t/s avg=17.11 t/s 2.923s
0824 02:16:16 ds4-server: chat ctx=0..211:211 prefill chunk 51/211 (24.2%) chunk=17.92 t/s avg=17.12 t/s 2.979s
0824 02:16:17 ds4-server: chat ctx=0..211:211 prefill chunk 52/211 (24.6%) chunk=18.90 t/s avg=17.15 t/s 3.032s
0824 02:16:17 ds4-server: chat ctx=0..211:211 prefill chunk 53/211 (25.1%) chunk=19.36 t/s avg=17.19 t/s 3.083s
0824 02:16:17 ds4-server: chat ctx=0..211:211 prefill chunk 54/211 (25.6%) chunk=18.89 t/s avg=17.22 t/s 3.136s
0824 02:16:17 ds4-server: chat ctx=0..211:211 prefill chunk 55/211 (26.1%) chunk=18.96 t/s avg=17.25 t/s 3.189s
0824 02:16:17 ds4-server: chat ctx=0..211:211 prefill chunk 56/211 (26.5%) chunk=18.74 t/s avg=17.27 t/s 3.242s
0824 02:16:17 ds4-server: chat ctx=0..211:211 prefill chunk 57/211 (27.0%) chunk=18.30 t/s avg=17.29 t/s 3.297s
0824 02:16:17 ds4-server: chat ctx=0..211:211 prefill chunk 58/211 (27.5%) chunk=19.17 t/s avg=17.32 t/s 3.349s
0824 02:16:17 ds4-server: chat ctx=0..211:211 prefill chunk 59/211 (28.0%) chunk=18.70 t/s avg=17.34 t/s 3.403s
0824 02:16:17 ds4-server: chat ctx=0..211:211 prefill chunk 60/211 (28.4%) chunk=19.72 t/s avg=17.37 t/s 3.453s
0824 02:16:17 ds4-server: chat ctx=0..211:211 prefill chunk 61/211 (28.9%) chunk=18.70 t/s avg=17.39 t/s 3.507s
0824 02:16:17 ds4-server: chat ctx=0..211:211 prefill chunk 62/211 (29.4%) chunk=18.72 t/s avg=17.41 t/s 3.560s
0824 02:16:17 ds4-server: chat ctx=0..211:211 prefill chunk 63/211 (29.9%) chunk=19.35 t/s avg=17.44 t/s 3.612s
0824 02:16:17 ds4-server: chat ctx=0..211:211 prefill chunk 64/211 (30.3%) chunk=18.60 t/s avg=17.46 t/s 3.666s
0824 02:16:17 ds4-server: chat ctx=0..211:211 prefill chunk 65/211 (30.8%) chunk=19.27 t/s avg=17.48 t/s 3.718s
0824 02:16:17 ds4-server: chat ctx=0..211:211 prefill chunk 66/211 (31.3%) chunk=18.82 t/s avg=17.50 t/s 3.771s
0824 02:16:17 ds4-server: chat ctx=0..211:211 prefill chunk 67/211 (31.8%) chunk=19.19 t/s avg=17.53 t/s 3.823s
0824 02:16:17 ds4-server: chat ctx=0..211:211 prefill chunk 68/211 (32.2%) chunk=18.95 t/s avg=17.55 t/s 3.876s
0824 02:16:17 ds4-server: chat ctx=0..211:211 prefill chunk 69/211 (32.7%) chunk=19.12 t/s avg=17.57 t/s 3.928s
0824 02:16:17 ds4-server: chat ctx=0..211:211 prefill chunk 70/211 (33.2%) chunk=18.83 t/s avg=17.58 t/s 3.981s
0824 02:16:18 ds4-server: chat ctx=0..211:211 prefill chunk 71/211 (33.6%) chunk=18.24 t/s avg=17.59 t/s 4.036s
0824 02:16:18 ds4-server: chat ctx=0..211:211 prefill chunk 72/211 (34.1%) chunk=19.25 t/s avg=17.61 t/s 4.088s
0824 02:16:18 ds4-server: chat ctx=0..211:211 prefill chunk 73/211 (34.6%) chunk=18.07 t/s avg=17.62 t/s 4.143s
0824 02:16:18 ds4-server: chat ctx=0..211:211 prefill chunk 74/211 (35.1%) chunk=18.94 t/s avg=17.64 t/s 4.196s
0824 02:16:18 ds4-server: chat ctx=0..211:211 prefill chunk 75/211 (35.5%) chunk=19.65 t/s avg=17.66 t/s 4.247s
0824 02:16:18 ds4-server: chat ctx=0..211:211 prefill chunk 76/211 (36.0%) chunk=18.16 t/s avg=17.67 t/s 4.302s
0824 02:16:18 ds4-server: chat ctx=0..211:211 prefill chunk 77/211 (36.5%) chunk=19.37 t/s avg=17.69 t/s 4.354s
0824 02:16:18 ds4-server: chat ctx=0..211:211 prefill chunk 78/211 (37.0%) chunk=18.14 t/s avg=17.69 t/s 4.409s
0824 02:16:18 ds4-server: chat ctx=0..211:211 prefill chunk 79/211 (37.4%) chunk=18.68 t/s avg=17.70 t/s 4.462s
0824 02:16:18 ds4-server: chat ctx=0..211:211 prefill chunk 80/211 (37.9%) chunk=18.85 t/s avg=17.72 t/s 4.515s
0824 02:16:18 ds4-server: chat ctx=0..211:211 prefill chunk 81/211 (38.4%) chunk=18.35 t/s avg=17.73 t/s 4.570s
0824 02:16:18 ds4-server: chat ctx=0..211:211 prefill chunk 82/211 (38.9%) chunk=19.04 t/s avg=17.74 t/s 4.622s
0824 02:16:18 ds4-server: chat ctx=0..211:211 prefill chunk 83/211 (39.3%) chunk=18.92 t/s avg=17.75 t/s 4.675s
0824 02:16:18 ds4-server: chat ctx=0..211:211 prefill chunk 84/211 (39.8%) chunk=18.28 t/s avg=17.76 t/s 4.730s
0824 02:16:18 ds4-server: chat ctx=0..211:211 prefill chunk 85/211 (40.3%) chunk=19.08 t/s avg=17.77 t/s 4.782s
0824 02:16:18 ds4-server: chat ctx=0..211:211 prefill chunk 86/211 (40.8%) chunk=18.23 t/s avg=17.78 t/s 4.837s
0824 02:16:18 ds4-server: chat ctx=0..211:211 prefill chunk 87/211 (41.2%) chunk=19.42 t/s avg=17.80 t/s 4.889s
0824 02:16:18 ds4-server: chat ctx=0..211:211 prefill chunk 88/211 (41.7%) chunk=18.00 t/s avg=17.80 t/s 4.944s
0824 02:16:18 ds4-server: chat ctx=0..211:211 prefill chunk 89/211 (42.2%) chunk=18.09 t/s avg=17.80 t/s 4.999s
0824 02:16:19 ds4-server: chat ctx=0..211:211 prefill chunk 90/211 (42.7%) chunk=18.94 t/s avg=17.81 t/s 5.052s
0824 02:16:19 ds4-server: chat ctx=0..211:211 prefill chunk 91/211 (43.1%) chunk=18.13 t/s avg=17.82 t/s 5.107s
0824 02:16:19 ds4-server: chat ctx=0..211:211 prefill chunk 92/211 (43.6%) chunk=18.32 t/s avg=17.82 t/s 5.162s
0824 02:16:19 ds4-server: chat ctx=0..211:211 prefill chunk 93/211 (44.1%) chunk=18.81 t/s avg=17.83 t/s 5.215s
0824 02:16:19 ds4-server: chat ctx=0..211:211 prefill chunk 94/211 (44.5%) chunk=18.41 t/s avg=17.84 t/s 5.269s
0824 02:16:19 ds4-server: chat ctx=0..211:211 prefill chunk 95/211 (45.0%) chunk=19.39 t/s avg=17.85 t/s 5.321s
0824 02:16:19 ds4-server: chat ctx=0..211:211 prefill chunk 96/211 (45.5%) chunk=18.62 t/s avg=17.86 t/s 5.375s
0824 02:16:19 ds4-server: chat ctx=0..211:211 prefill chunk 97/211 (46.0%) chunk=19.27 t/s avg=17.87 t/s 5.427s
0824 02:16:19 ds4-server: chat ctx=0..211:211 prefill chunk 98/211 (46.4%) chunk=19.15 t/s avg=17.89 t/s 5.479s
0824 02:16:19 ds4-server: chat ctx=0..211:211 prefill chunk 99/211 (46.9%) chunk=18.37 t/s avg=17.89 t/s 5.533s
0824 02:16:19 ds4-server: chat ctx=0..211:211 prefill chunk 100/211 (47.4%) chunk=18.90 t/s avg=17.90 t/s 5.586s
0824 02:16:19 ds4-server: chat ctx=0..211:211 prefill chunk 101/211 (47.9%) chunk=18.02 t/s avg=17.90 t/s 5.642s
0824 02:16:19 ds4-server: chat ctx=0..211:211 prefill chunk 102/211 (48.3%) chunk=18.64 t/s avg=17.91 t/s 5.695s
0824 02:16:19 ds4-server: chat ctx=0..211:211 prefill chunk 103/211 (48.8%) chunk=18.69 t/s avg=17.92 t/s 5.749s
0824 02:16:19 ds4-server: chat ctx=0..211:211 prefill chunk 104/211 (49.3%) chunk=18.56 t/s avg=17.92 t/s 5.803s
0824 02:16:19 ds4-server: chat ctx=0..211:211 prefill chunk 105/211 (49.8%) chunk=19.32 t/s avg=17.93 t/s 5.854s
0824 02:16:19 ds4-server: chat ctx=0..211:211 prefill chunk 106/211 (50.2%) chunk=18.00 t/s avg=17.94 t/s 5.910s
0824 02:16:19 ds4-server: chat ctx=0..211:211 prefill chunk 107/211 (50.7%) chunk=18.97 t/s avg=17.94 t/s 5.963s
0824 02:16:19 ds4-server: chat ctx=0..211:211 prefill chunk 108/211 (51.2%) chunk=18.48 t/s avg=17.95 t/s 6.017s
0824 02:16:20 ds4-server: chat ctx=0..211:211 prefill chunk 109/211 (51.7%) chunk=17.95 t/s avg=17.95 t/s 6.073s
0824 02:16:20 ds4-server: chat ctx=0..211:211 prefill chunk 110/211 (52.1%) chunk=18.70 t/s avg=17.96 t/s 6.126s
0824 02:16:20 ds4-server: chat ctx=0..211:211 prefill chunk 111/211 (52.6%) chunk=18.58 t/s avg=17.96 t/s 6.180s
0824 02:16:20 ds4-server: chat ctx=0..211:211 prefill chunk 112/211 (53.1%) chunk=18.39 t/s avg=17.97 t/s 6.234s
0824 02:16:20 ds4-server: chat ctx=0..211:211 prefill chunk 113/211 (53.6%) chunk=18.86 t/s avg=17.97 t/s 6.287s
0824 02:16:20 ds4-server: chat ctx=0..211:211 prefill chunk 114/211 (54.0%) chunk=17.73 t/s avg=17.97 t/s 6.344s
0824 02:16:20 ds4-server: chat ctx=0..211:211 prefill chunk 115/211 (54.5%) chunk=17.79 t/s avg=17.97 t/s 6.400s
0824 02:16:20 ds4-server: chat ctx=0..211:211 prefill chunk 116/211 (55.0%) chunk=18.87 t/s avg=17.98 t/s 6.453s
0824 02:16:20 ds4-server: chat ctx=0..211:211 prefill chunk 117/211 (55.5%) chunk=18.50 t/s avg=17.98 t/s 6.507s
0824 02:16:20 ds4-server: chat ctx=0..211:211 prefill chunk 118/211 (55.9%) chunk=18.93 t/s avg=17.99 t/s 6.560s
0824 02:16:20 ds4-server: chat ctx=0..211:211 prefill chunk 119/211 (56.4%) chunk=18.01 t/s avg=17.99 t/s 6.615s
0824 02:16:20 ds4-server: chat ctx=0..211:211 prefill chunk 120/211 (56.9%) chunk=18.15 t/s avg=17.99 t/s 6.670s
0824 02:16:20 ds4-server: chat ctx=0..211:211 prefill chunk 121/211 (57.3%) chunk=18.96 t/s avg=18.00 t/s 6.723s
0824 02:16:20 ds4-server: chat ctx=0..211:211 prefill chunk 122/211 (57.8%) chunk=18.11 t/s avg=18.00 t/s 6.778s
0824 02:16:20 ds4-server: chat ctx=0..211:211 prefill chunk 123/211 (58.3%) chunk=17.53 t/s avg=17.99 t/s 6.835s
0824 02:16:20 ds4-server: chat ctx=0..211:211 prefill chunk 124/211 (58.8%) chunk=18.20 t/s avg=18.00 t/s 6.890s
0824 02:16:20 ds4-server: chat ctx=0..211:211 prefill chunk 125/211 (59.2%) chunk=17.99 t/s avg=18.00 t/s 6.946s
0824 02:16:20 ds4-server: chat ctx=0..211:211 prefill chunk 126/211 (59.7%) chunk=17.38 t/s avg=17.99 t/s 7.003s
0824 02:16:21 ds4-server: chat ctx=0..211:211 prefill chunk 127/211 (60.2%) chunk=18.15 t/s avg=17.99 t/s 7.059s
0824 02:16:21 ds4-server: chat ctx=0..211:211 prefill chunk 128/211 (60.7%) chunk=18.01 t/s avg=17.99 t/s 7.114s
0824 02:16:21 ds4-server: chat ctx=0..211:211 prefill chunk 129/211 (61.1%) chunk=18.60 t/s avg=18.00 t/s 7.168s
0824 02:16:21 ds4-server: chat ctx=0..211:211 prefill chunk 130/211 (61.6%) chunk=18.36 t/s avg=18.00 t/s 7.222s
0824 02:16:21 ds4-server: chat ctx=0..211:211 prefill chunk 131/211 (62.1%) chunk=17.78 t/s avg=18.00 t/s 7.279s
0824 02:16:21 ds4-server: chat ctx=0..211:211 prefill chunk 132/211 (62.6%) chunk=17.39 t/s avg=17.99 t/s 7.336s
0824 02:16:21 ds4-server: chat ctx=0..211:211 prefill chunk 133/211 (63.0%) chunk=18.56 t/s avg=18.00 t/s 7.390s
0824 02:16:21 ds4-server: chat ctx=0..211:211 prefill chunk 134/211 (63.5%) chunk=18.31 t/s avg=18.00 t/s 7.445s
0824 02:16:21 ds4-server: chat ctx=0..211:211 prefill chunk 135/211 (64.0%) chunk=18.33 t/s avg=18.00 t/s 7.499s
0824 02:16:21 ds4-server: chat ctx=0..211:211 prefill chunk 136/211 (64.5%) chunk=17.71 t/s avg=18.00 t/s 7.556s
0824 02:16:21 ds4-server: chat ctx=0..211:211 prefill chunk 137/211 (64.9%) chunk=17.00 t/s avg=17.99 t/s 7.614s
0824 02:16:21 ds4-server: chat ctx=0..211:211 prefill chunk 138/211 (65.4%) chunk=17.68 t/s avg=17.99 t/s 7.671s
0824 02:16:21 ds4-server: chat ctx=0..211:211 prefill chunk 139/211 (65.9%) chunk=18.25 t/s avg=17.99 t/s 7.726s
0824 02:16:21 ds4-server: chat ctx=0..211:211 prefill chunk 140/211 (66.4%) chunk=18.45 t/s avg=17.99 t/s 7.780s
0824 02:16:21 ds4-server: chat ctx=0..211:211 prefill chunk 141/211 (66.8%) chunk=17.94 t/s avg=17.99 t/s 7.836s
0824 02:16:21 ds4-server: chat ctx=0..211:211 prefill chunk 142/211 (67.3%) chunk=19.36 t/s avg=18.00 t/s 7.887s
0824 02:16:21 ds4-server: chat ctx=0..211:211 prefill chunk 143/211 (67.8%) chunk=17.59 t/s avg=18.00 t/s 7.944s
0824 02:16:21 ds4-server: chat ctx=0..211:211 prefill chunk 144/211 (68.2%) chunk=18.31 t/s avg=18.00 t/s 7.999s
0824 02:16:22 ds4-server: chat ctx=0..211:211 prefill chunk 145/211 (68.7%) chunk=18.53 t/s avg=18.01 t/s 8.053s
0824 02:16:22 ds4-server: chat ctx=0..211:211 prefill chunk 146/211 (69.2%) chunk=17.90 t/s avg=18.01 t/s 8.109s
0824 02:16:22 ds4-server: chat ctx=0..211:211 prefill chunk 147/211 (69.7%) chunk=18.72 t/s avg=18.01 t/s 8.162s
0824 02:16:22 ds4-server: chat ctx=0..211:211 prefill chunk 148/211 (70.1%) chunk=18.20 t/s avg=18.01 t/s 8.217s
0824 02:16:22 ds4-server: chat ctx=0..211:211 prefill chunk 149/211 (70.6%) chunk=17.75 t/s avg=18.01 t/s 8.273s
0824 02:16:22 ds4-server: chat ctx=0..211:211 prefill chunk 150/211 (71.1%) chunk=18.59 t/s avg=18.01 t/s 8.327s
0824 02:16:22 ds4-server: chat ctx=0..211:211 prefill chunk 151/211 (71.6%) chunk=18.09 t/s avg=18.01 t/s 8.382s
0824 02:16:22 ds4-server: chat ctx=0..211:211 prefill chunk 152/211 (72.0%) chunk=17.83 t/s avg=18.01 t/s 8.439s
0824 02:16:22 ds4-server: chat ctx=0..211:211 prefill chunk 153/211 (72.5%) chunk=18.29 t/s avg=18.01 t/s 8.493s
0824 02:16:22 ds4-server: chat ctx=0..211:211 prefill chunk 154/211 (73.0%) chunk=18.21 t/s avg=18.02 t/s 8.548s
0824 02:16:22 ds4-server: chat ctx=0..211:211 prefill chunk 155/211 (73.5%) chunk=17.53 t/s avg=18.01 t/s 8.605s
0824 02:16:22 ds4-server: chat ctx=0..211:211 prefill chunk 156/211 (73.9%) chunk=18.25 t/s avg=18.01 t/s 8.660s
0824 02:16:22 ds4-server: chat ctx=0..211:211 prefill chunk 157/211 (74.4%) chunk=17.87 t/s avg=18.01 t/s 8.716s
0824 02:16:22 ds4-server: chat ctx=0..211:211 prefill chunk 158/211 (74.9%) chunk=17.87 t/s avg=18.01 t/s 8.772s
0824 02:16:22 ds4-server: chat ctx=0..211:211 prefill chunk 159/211 (75.4%) chunk=17.70 t/s avg=18.01 t/s 8.828s
0824 02:16:22 ds4-server: chat ctx=0..211:211 prefill chunk 160/211 (75.8%) chunk=18.00 t/s avg=18.01 t/s 8.884s
0824 02:16:22 ds4-server: chat ctx=0..211:211 prefill chunk 161/211 (76.3%) chunk=17.38 t/s avg=18.01 t/s 8.942s
0824 02:16:22 ds4-server: chat ctx=0..211:211 prefill chunk 162/211 (76.8%) chunk=17.57 t/s avg=18.00 t/s 8.998s
0824 02:16:23 ds4-server: chat ctx=0..211:211 prefill chunk 163/211 (77.3%) chunk=18.39 t/s avg=18.01 t/s 9.053s
0824 02:16:23 ds4-server: chat ctx=0..211:211 prefill chunk 164/211 (77.7%) chunk=17.61 t/s avg=18.00 t/s 9.110s
0824 02:16:23 ds4-server: chat ctx=0..211:211 prefill chunk 165/211 (78.2%) chunk=17.96 t/s avg=18.00 t/s 9.165s
0824 02:16:23 ds4-server: chat ctx=0..211:211 prefill chunk 166/211 (78.7%) chunk=18.79 t/s avg=18.01 t/s 9.219s
0824 02:16:23 ds4-server: chat ctx=0..211:211 prefill chunk 167/211 (79.1%) chunk=17.25 t/s avg=18.00 t/s 9.276s
0824 02:16:23 ds4-server: chat ctx=0..211:211 prefill chunk 168/211 (79.6%) chunk=17.79 t/s avg=18.00 t/s 9.333s
0824 02:16:23 ds4-server: chat ctx=0..211:211 prefill chunk 169/211 (80.1%) chunk=18.25 t/s avg=18.00 t/s 9.387s
0824 02:16:23 ds4-server: chat ctx=0..211:211 prefill chunk 170/211 (80.6%) chunk=17.39 t/s avg=18.00 t/s 9.445s
0824 02:16:23 ds4-server: chat ctx=0..211:211 prefill chunk 171/211 (81.0%) chunk=17.45 t/s avg=18.00 t/s 9.502s
0824 02:16:23 ds4-server: chat ctx=0..211:211 prefill chunk 172/211 (81.5%) chunk=17.86 t/s avg=17.99 t/s 9.558s
0824 02:16:23 ds4-server: chat ctx=0..211:211 prefill chunk 173/211 (82.0%) chunk=17.42 t/s avg=17.99 t/s 9.616s
0824 02:16:23 ds4-server: chat ctx=0..211:211 prefill chunk 174/211 (82.5%) chunk=18.63 t/s avg=17.99 t/s 9.669s
0824 02:16:23 ds4-server: chat ctx=0..211:211 prefill chunk 175/211 (82.9%) chunk=18.03 t/s avg=18.00 t/s 9.725s
0824 02:16:23 ds4-server: chat ctx=0..211:211 prefill chunk 176/211 (83.4%) chunk=17.05 t/s avg=17.99 t/s 9.783s
0824 02:16:23 ds4-server: chat ctx=0..211:211 prefill chunk 177/211 (83.9%) chunk=18.14 t/s avg=17.99 t/s 9.839s
ds4: qwen35moe experts/token avg over 128 tokens: 0:14.7 1:15.9 2:15.1 3:15.4 4:15.8 5:15.8 6:15.4 7:15.5 8:16.2 9:15.6 10:14.4 11:14.1 12:15.9 13:15.2 14:14.1 15:15.5 16:14.8 17:15.3 18:15.6 19:15.6 20:16.1 21:16.2 22:14.9 23:14.7 24:15.3 25:15.1 26:15.2 27:16.0 28:14.8 29:16.1 30:15.9 31:16.1 32:17.1 33:16.9 34:17.7 35:18.9 36:18.9 37:18.8 38:18.8 39:18.4 | mean 15.9
0824 02:16:23 ds4-server: chat ctx=0..211:211 prefill chunk 178/211 (84.4%) chunk=17.45 t/s avg=17.99 t/s 9.896s
0824 02:16:23 ds4-server: chat ctx=0..211:211 prefill chunk 179/211 (84.8%) chunk=17.26 t/s avg=17.98 t/s 9.954s
0824 02:16:23 ds4-server: chat ctx=0..211:211 prefill chunk 180/211 (85.3%) chunk=18.15 t/s avg=17.98 t/s 10.009s
0824 02:16:24 ds4-server: chat ctx=0..211:211 prefill chunk 181/211 (85.8%) chunk=17.38 t/s avg=17.98 t/s 10.066s
0824 02:16:24 ds4-server: chat ctx=0..211:211 prefill chunk 182/211 (86.3%) chunk=17.15 t/s avg=17.98 t/s 10.125s
0824 02:16:24 ds4-server: chat ctx=0..211:211 prefill chunk 183/211 (86.7%) chunk=18.50 t/s avg=17.98 t/s 10.179s
0824 02:16:24 ds4-server: chat ctx=0..211:211 prefill chunk 184/211 (87.2%) chunk=17.25 t/s avg=17.97 t/s 10.237s
0824 02:16:24 ds4-server: chat ctx=0..211:211 prefill chunk 185/211 (87.7%) chunk=17.80 t/s avg=17.97 t/s 10.293s
0824 02:16:24 ds4-server: chat ctx=0..211:211 prefill chunk 186/211 (88.2%) chunk=18.15 t/s avg=17.97 t/s 10.348s
0824 02:16:24 ds4-server: chat ctx=0..211:211 prefill chunk 187/211 (88.6%) chunk=17.15 t/s avg=17.97 t/s 10.406s
0824 02:16:24 ds4-server: chat ctx=0..211:211 prefill chunk 188/211 (89.1%) chunk=17.07 t/s avg=17.96 t/s 10.465s
0824 02:16:24 ds4-server: chat ctx=0..211:211 prefill chunk 189/211 (89.6%) chunk=19.01 t/s avg=17.97 t/s 10.518s
0824 02:16:24 ds4-server: chat ctx=0..211:211 prefill chunk 190/211 (90.0%) chunk=17.33 t/s avg=17.97 t/s 10.575s
0824 02:16:24 ds4-server: chat ctx=0..211:211 prefill chunk 191/211 (90.5%) chunk=17.25 t/s avg=17.96 t/s 10.633s
0824 02:16:24 ds4-server: chat ctx=0..211:211 prefill chunk 192/211 (91.0%) chunk=18.68 t/s avg=17.97 t/s 10.687s
0824 02:16:24 ds4-server: chat ctx=0..211:211 prefill chunk 193/211 (91.5%) chunk=17.29 t/s avg=17.96 t/s 10.745s
0824 02:16:24 ds4-server: chat ctx=0..211:211 prefill chunk 194/211 (91.9%) chunk=16.93 t/s avg=17.96 t/s 10.804s
0824 02:16:24 ds4-server: chat ctx=0..211:211 prefill chunk 195/211 (92.4%) chunk=18.38 t/s avg=17.96 t/s 10.858s
0824 02:16:24 ds4-server: chat ctx=0..211:211 prefill chunk 196/211 (92.9%) chunk=17.15 t/s avg=17.95 t/s 10.916s
0824 02:16:24 ds4-server: chat ctx=0..211:211 prefill chunk 197/211 (93.4%) chunk=17.25 t/s avg=17.95 t/s 10.974s
0824 02:16:25 ds4-server: chat ctx=0..211:211 prefill chunk 198/211 (93.8%) chunk=18.28 t/s avg=17.95 t/s 11.029s
0824 02:16:25 ds4-server: chat ctx=0..211:211 prefill chunk 199/211 (94.3%) chunk=17.74 t/s avg=17.95 t/s 11.085s
0824 02:16:25 ds4-server: chat ctx=0..211:211 prefill chunk 200/211 (94.8%) chunk=17.60 t/s avg=17.95 t/s 11.142s
0824 02:16:25 ds4-server: chat ctx=0..211:211 prefill chunk 201/211 (95.3%) chunk=17.85 t/s avg=17.95 t/s 11.198s
0824 02:16:25 ds4-server: chat ctx=0..211:211 prefill chunk 202/211 (95.7%) chunk=17.83 t/s avg=17.95 t/s 11.254s
0824 02:16:25 ds4-server: chat ctx=0..211:211 prefill chunk 203/211 (96.2%) chunk=18.67 t/s avg=17.95 t/s 11.308s
0824 02:16:25 ds4-server: chat ctx=0..211:211 prefill chunk 204/211 (96.7%) chunk=19.30 t/s avg=17.96 t/s 11.360s
0824 02:16:25 ds4-server: chat ctx=0..211:211 prefill chunk 205/211 (97.2%) chunk=18.71 t/s avg=17.96 t/s 11.413s
0824 02:16:25 ds4-server: chat ctx=0..211:211 prefill chunk 206/211 (97.6%) chunk=18.35 t/s avg=17.96 t/s 11.468s
0824 02:16:25 ds4-server: chat ctx=0..211:211 prefill chunk 207/211 (98.1%) chunk=18.57 t/s avg=17.97 t/s 11.522s
0824 02:16:25 ds4-server: chat ctx=0..211:211 prefill chunk 208/211 (98.6%) chunk=18.43 t/s avg=17.97 t/s 11.576s
0824 02:16:25 ds4-server: chat ctx=0..211:211 prefill chunk 209/211 (99.1%) chunk=18.20 t/s avg=17.97 t/s 11.631s
0824 02:16:25 ds4-server: chat ctx=0..211:211 prefill chunk 210/211 (99.5%) chunk=19.92 t/s avg=17.98 t/s 11.681s
0824 02:16:25 ds4-server: chat ctx=0..211:211 prefill chunk 211/211 (100.0%) chunk=19.89 t/s avg=17.99 t/s 11.731s
0824 02:16:25 ds4-server: chat ctx=0..211:211 prompt done 11.731s
0824 02:16:28 ds4-server: chat ctx=211..261:50 gen=50 THINKING decoding chunk=18.16 t/s avg=18.16 t/s 2.753s
ds4: qwen35moe experts/token avg over 128 tokens: 0:14.7 1:15.3 2:14.9 3:16.1 4:15.8 5:16.2 6:15.5 7:16.0 8:16.3 9:16.2 10:15.0 11:15.0 12:16.3 13:16.0 14:15.6 15:15.6 16:16.2 17:15.7 18:15.7 19:16.4 20:17.1 21:16.6 22:15.5 23:15.8 24:17.4 25:16.5 26:16.4 27:16.6 28:17.0 29:16.7 30:17.0 31:16.8 32:16.9 33:16.9 34:16.9 35:18.1 36:18.4 37:18.9 38:19.1 39:18.4 | mean 16.4
0824 02:16:31 ds4-server: chat ctx=261..311:50 gen=100 THINKING decoding chunk=17.51 t/s avg=17.83 t/s 5.609s
0824 02:16:34 ds4-server: chat ctx=311..361:50 gen=150 THINKING decoding chunk=17.62 t/s avg=17.76 t/s 8.447s
0824 02:16:37 ds4-server: chat ctx=361..411:50 gen=200 THINKING decoding chunk=17.54 t/s avg=17.70 t/s 11.298s
ds4: qwen35moe experts/token avg over 128 tokens: 0:14.8 1:15.6 2:15.2 3:16.6 4:16.2 5:16.9 6:16.1 7:16.3 8:17.4 9:16.8 10:16.1 11:15.5 12:17.2 13:16.2 14:16.3 15:16.2 16:16.9 17:16.3 18:16.4 19:16.4 20:17.9 21:16.7 22:16.4 23:16.6 24:17.8 25:17.3 26:17.1 27:16.6 28:16.9 29:17.1 30:17.4 31:16.9 32:17.1 33:17.6 34:17.6 35:18.2 36:18.5 37:19.1 38:19.0 39:18.6 | mean 16.9
0824 02:16:39 ds4-server: chat ctx=411..461:50 gen=250 THINKING decoding chunk=17.33 t/s avg=17.63 t/s 14.184s
0824 02:16:42 ds4-server: chat ctx=461..511:50 gen=300 THINKING decoding chunk=16.93 t/s avg=17.51 t/s 17.137s
0824 02:16:45 ds4-server: chat ctx=511..561:50 gen=350 THINKING decoding chunk=16.70 t/s avg=17.39 t/s 20.131s
ds4: qwen35moe experts/token avg over 128 tokens: 0:15.4 1:17.0 2:16.0 3:17.1 4:16.9 5:17.5 6:17.1 7:17.7 8:18.5 9:17.9 10:17.2 11:16.9 12:18.1 13:17.6 14:17.6 15:18.1 16:18.2 17:17.8 18:18.0 19:18.1 20:18.8 21:18.4 22:17.3 23:17.1 24:18.6 25:18.2 26:17.8 27:17.7 28:18.1 29:17.8 30:18.3 31:18.3 32:18.1 33:18.1 34:18.4 35:18.9 36:19.3 37:19.1 38:19.6 39:19.3 | mean 17.9
0824 02:16:48 ds4-server: chat ctx=561..611:50 gen=400 THINKING decoding chunk=17.65 t/s avg=17.42 t/s 22.964s
0824 02:16:51 ds4-server: chat ctx=611..661:50 gen=450 THINKING decoding chunk=17.71 t/s avg=17.45 t/s 25.787s
ds4: qwen35moe experts/token avg over 128 tokens: 0:13.5 1:14.2 2:14.4 3:15.2 4:15.1 5:14.8 6:14.9 7:15.2 8:16.3 9:16.5 10:14.6 11:14.5 12:15.5 13:14.9 14:16.0 15:14.9 16:15.4 17:14.7 18:14.8 19:15.3 20:15.9 21:15.7 22:15.0 23:15.4 24:15.2 25:15.2 26:15.7 27:14.3 28:15.0 29:15.0 30:14.7 31:15.5 32:14.9 33:14.7 34:14.2 35:15.7 36:16.0 37:16.6 38:17.0 39:15.7 | mean 15.2
0824 02:16:54 ds4-server: chat ctx=661..711:50 gen=500 THINKING decoding chunk=16.94 t/s avg=17.40 t/s 28.739s
0824 02:16:57 ds4-server: chat ctx=711..761:50 gen=550 THINKING decoding chunk=16.87 t/s avg=17.35 t/s 31.703s
0824 02:17:00 ds4-server: chat ctx=761..811:50 gen=600 THINKING decoding chunk=17.32 t/s avg=17.35 t/s 34.589s
ds4: qwen35moe experts/token avg over 128 tokens: 0:14.5 1:14.9 2:14.9 3:16.3 4:15.9 5:16.6 6:16.3 7:16.6 8:17.4 9:17.2 10:15.8 11:15.5 12:17.1 13:16.2 14:16.7 15:16.4 16:17.0 17:15.8 18:16.7 19:16.2 20:16.8 21:16.9 22:15.6 23:16.2 24:16.6 25:16.4 26:16.7 27:15.8 28:16.2 29:15.9 30:16.7 31:16.4 32:15.7 33:16.1 34:15.9 35:16.6 36:17.1 37:17.5 38:18.2 39:17.3 | mean 16.4
0824 02:17:03 ds4-server: chat ctx=811..861:50 gen=650 THINKING decoding chunk=16.83 t/s avg=17.31 t/s 37.560s
0824 02:17:06 ds4-server: chat ctx=861..911:50 gen=700 THINKING decoding chunk=16.50 t/s avg=17.25 t/s 40.590s
ds4: qwen35moe experts/token avg over 128 tokens: 0:14.9 1:15.5 2:15.9 3:16.8 4:16.4 5:17.2 6:16.9 7:17.1 8:17.9 9:17.3 10:16.7 11:16.3 12:17.5 13:17.0 14:17.5 15:16.6 16:17.4 17:16.8 18:17.1 19:16.9 20:17.3 21:17.4 22:16.5 23:16.8 24:17.5 25:17.0 26:16.8 27:16.3 28:16.6 29:16.8 30:16.9 31:17.1 32:17.1 33:16.9 34:16.9 35:17.4 36:18.0 37:17.9 38:18.6 39:18.2 | mean 17.0
0824 02:17:09 ds4-server: chat ctx=911..961:50 gen=750 THINKING decoding chunk=16.26 t/s avg=17.18 t/s 43.665s
0824 02:17:12 ds4-server: chat ctx=961..1011:50 gen=800 THINKING decoding chunk=16.48 t/s avg=17.13 t/s 46.699s
0824 02:17:15 ds4-server: chat ctx=1011..1061:50 gen=850 THINKING decoding chunk=16.94 t/s avg=17.12 t/s 49.650s
ds4: qwen35moe experts/token avg over 128 tokens: 0:14.6 1:15.1 2:14.9 3:15.7 4:16.1 5:15.9 6:16.3 7:16.2 8:16.9 9:16.6 10:15.6 11:15.9 12:16.7 13:16.2 14:16.8 15:16.4 16:16.4 17:16.2 18:16.2 19:16.1 20:17.1 21:16.7 22:15.8 23:16.0 24:16.5 25:16.2 26:16.2 27:15.8 28:16.4 29:16.0 30:16.0 31:16.9 32:16.1 33:15.8 34:16.2 35:17.1 36:16.8 37:17.6 38:18.3 39:17.3 | mean 16.3
0824 02:17:18 ds4-server: chat ctx=1061..1111:50 gen=900 THINKING decoding chunk=15.92 t/s avg=17.05 t/s 52.791s
0824 02:17:21 ds4-server: chat ctx=1111..1161:50 gen=950 decoding chunk=16.06 t/s avg=16.99 t/s 55.903s
0824 02:17:23 ds4-server: chat ctx=1161..1192:31 gen=981 decoding chunk=15.64 t/s avg=16.95 t/s 57.886s
0824 02:17:23 ds4-server: thinking live checkpoint remembered ctx=0..211:211 live=1192 visible=903
0824 02:17:23 ds4-server: chat ctx=0..211:211 gen=981 finish=stop 69.617s
0824 02:17:26 ds4-server: live kv cache miss live=1192 prompt=126 common=30 reason=token-mismatch
0824 02:17:26 ds4-server: chat ctx=0..126:126 prompt start
0824 02:17:26 ds4-server: chat ctx=0..126:126 prefill chunk 1/126 (0.8%) chunk=0.00 t/s avg=2.96 t/s 0.338s
0824 02:17:26 ds4-server: chat ctx=0..126:126 prefill chunk 2/126 (1.6%) chunk=20.09 t/s avg=5.15 t/s 0.388s
0824 02:17:26 ds4-server: chat ctx=0..126:126 prefill chunk 3/126 (2.4%) chunk=19.05 t/s avg=6.81 t/s 0.440s
0824 02:17:26 ds4-server: chat ctx=0..126:126 prefill chunk 4/126 (3.2%) chunk=20.08 t/s avg=8.16 t/s 0.490s
0824 02:17:26 ds4-server: chat ctx=0..126:126 prefill chunk 5/126 (4.0%) chunk=18.46 t/s avg=9.18 t/s 0.544s
0824 02:17:26 ds4-server: chat ctx=0..126:126 prefill chunk 6/126 (4.8%) chunk=20.14 t/s avg=10.10 t/s 0.594s
0824 02:17:26 ds4-server: chat ctx=0..126:126 prefill chunk 7/126 (5.6%) chunk=18.62 t/s avg=10.81 t/s 0.648s
0824 02:17:26 ds4-server: chat ctx=0..126:126 prefill chunk 8/126 (6.3%) chunk=18.91 t/s avg=11.42 t/s 0.701s
0824 02:17:26 ds4-server: chat ctx=0..126:126 prefill chunk 9/126 (7.1%) chunk=19.06 t/s avg=11.95 t/s 0.753s
ds4: qwen35moe experts/token avg over 128 tokens: 0:14.9 1:16.0 2:16.6 3:17.5 4:17.1 5:17.5 6:17.4 7:17.7 8:18.0 9:17.6 10:17.4 11:17.1 12:17.7 13:17.4 14:17.9 15:18.0 16:17.9 17:17.9 18:18.0 19:18.1 20:18.6 21:17.9 22:17.8 23:17.1 24:17.6 25:17.9 26:17.6 27:17.1 28:17.7 29:18.1 30:18.2 31:18.5 32:17.7 33:18.1 34:18.3 35:18.9 36:19.1 37:18.9 38:19.3 39:18.9 | mean 17.8
0824 02:17:26 ds4-server: chat ctx=0..126:126 prefill chunk 10/126 (7.9%) chunk=18.75 t/s avg=12.40 t/s 0.806s
0824 02:17:26 ds4-server: chat ctx=0..126:126 prefill chunk 11/126 (8.7%) chunk=19.44 t/s avg=12.82 t/s 0.858s
0824 02:17:26 ds4-server: chat ctx=0..126:126 prefill chunk 12/126 (9.5%) chunk=18.68 t/s avg=13.17 t/s 0.911s
0824 02:17:26 ds4-server: chat ctx=0..126:126 prefill chunk 13/126 (10.3%) chunk=19.36 t/s avg=13.50 t/s 0.963s
0824 02:17:27 ds4-server: chat ctx=0..126:126 prefill chunk 14/126 (11.1%) chunk=19.06 t/s avg=13.79 t/s 1.016s
0824 02:17:27 ds4-server: chat ctx=0..126:126 prefill chunk 15/126 (11.9%) chunk=19.69 t/s avg=14.07 t/s 1.066s
0824 02:17:27 ds4-server: chat ctx=0..126:126 prefill chunk 16/126 (12.7%) chunk=18.63 t/s avg=14.29 t/s 1.120s
0824 02:17:27 ds4-server: chat ctx=0..126:126 prefill chunk 17/126 (13.5%) chunk=18.51 t/s avg=14.48 t/s 1.174s
0824 02:17:27 ds4-server: chat ctx=0..126:126 prefill chunk 18/126 (14.3%) chunk=18.66 t/s avg=14.66 t/s 1.228s
0824 02:17:27 ds4-server: chat ctx=0..126:126 prefill chunk 19/126 (15.1%) chunk=18.90 t/s avg=14.84 t/s 1.281s
0824 02:17:27 ds4-server: chat ctx=0..126:126 prefill chunk 20/126 (15.9%) chunk=19.05 t/s avg=15.00 t/s 1.333s
0824 02:17:27 ds4-server: chat ctx=0..126:126 prefill chunk 21/126 (16.7%) chunk=18.86 t/s avg=15.15 t/s 1.386s
0824 02:17:27 ds4-server: chat ctx=0..126:126 prefill chunk 22/126 (17.5%) chunk=17.99 t/s avg=15.26 t/s 1.442s
0824 02:17:27 ds4-server: chat ctx=0..126:126 prefill chunk 23/126 (18.3%) chunk=19.20 t/s avg=15.40 t/s 1.494s
0824 02:17:27 ds4-server: chat ctx=0..126:126 prefill chunk 24/126 (19.0%) chunk=18.95 t/s avg=15.52 t/s 1.546s
0824 02:17:27 ds4-server: chat ctx=0..126:126 prefill chunk 25/126 (19.8%) chunk=18.82 t/s avg=15.63 t/s 1.600s
0824 02:17:27 ds4-server: chat ctx=0..126:126 prefill chunk 26/126 (20.6%) chunk=18.94 t/s avg=15.73 t/s 1.652s
0824 02:17:27 ds4-server: chat ctx=0..126:126 prefill chunk 27/126 (21.4%) chunk=17.76 t/s avg=15.80 t/s 1.709s
0824 02:17:27 ds4-server: chat ctx=0..126:126 prefill chunk 28/126 (22.2%) chunk=18.66 t/s avg=15.89 t/s 1.762s
0824 02:17:27 ds4-server: chat ctx=0..126:126 prefill chunk 29/126 (23.0%) chunk=18.23 t/s avg=15.96 t/s 1.817s
0824 02:17:27 ds4-server: chat ctx=0..126:126 prefill chunk 30/126 (23.8%) chunk=18.52 t/s avg=16.03 t/s 1.871s
0824 02:17:27 ds4-server: chat ctx=0..126:126 prefill chunk 31/126 (24.6%) chunk=20.00 t/s avg=16.14 t/s 1.921s
0824 02:17:27 ds4-server: chat ctx=0..126:126 prefill chunk 32/126 (25.4%) chunk=18.96 t/s avg=16.21 t/s 1.974s
0824 02:17:28 ds4-server: chat ctx=0..126:126 prefill chunk 33/126 (26.2%) chunk=18.86 t/s avg=16.28 t/s 2.027s
0824 02:17:28 ds4-server: chat ctx=0..126:126 prefill chunk 34/126 (27.0%) chunk=19.16 t/s avg=16.35 t/s 2.079s
0824 02:17:28 ds4-server: chat ctx=0..126:126 prefill chunk 35/126 (27.8%) chunk=19.68 t/s avg=16.43 t/s 2.130s
0824 02:17:28 ds4-server: chat ctx=0..126:126 prefill chunk 36/126 (28.6%) chunk=18.49 t/s avg=16.48 t/s 2.184s
0824 02:17:28 ds4-server: chat ctx=0..126:126 prefill chunk 37/126 (29.4%) chunk=18.37 t/s avg=16.53 t/s 2.238s
0824 02:17:28 ds4-server: chat ctx=0..126:126 prefill chunk 38/126 (30.2%) chunk=17.71 t/s avg=16.56 t/s 2.295s
0824 02:17:28 ds4-server: chat ctx=0..126:126 prefill chunk 39/126 (31.0%) chunk=18.49 t/s avg=16.60 t/s 2.349s
0824 02:17:28 ds4-server: chat ctx=0..126:126 prefill chunk 40/126 (31.7%) chunk=18.42 t/s avg=16.64 t/s 2.403s
0824 02:17:28 ds4-server: chat ctx=0..126:126 prefill chunk 41/126 (32.5%) chunk=18.04 t/s avg=16.68 t/s 2.459s
0824 02:17:28 ds4-server: chat ctx=0..126:126 prefill chunk 42/126 (33.3%) chunk=17.82 t/s avg=16.70 t/s 2.515s
0824 02:17:28 ds4-server: chat ctx=0..126:126 prefill chunk 43/126 (34.1%) chunk=18.28 t/s avg=16.73 t/s 2.569s
0824 02:17:28 ds4-server: chat ctx=0..126:126 prefill chunk 44/126 (34.9%) chunk=17.63 t/s avg=16.75 t/s 2.626s
0824 02:17:28 ds4-server: chat ctx=0..126:126 prefill chunk 45/126 (35.7%) chunk=17.97 t/s avg=16.78 t/s 2.682s
0824 02:17:28 ds4-server: chat ctx=0..126:126 prefill chunk 46/126 (36.5%) chunk=18.49 t/s avg=16.81 t/s 2.736s
0824 02:17:28 ds4-server: chat ctx=0..126:126 prefill chunk 47/126 (37.3%) chunk=18.93 t/s avg=16.85 t/s 2.789s
0824 02:17:28 ds4-server: chat ctx=0..126:126 prefill chunk 48/126 (38.1%) chunk=17.87 t/s avg=16.87 t/s 2.845s
0824 02:17:28 ds4-server: chat ctx=0..126:126 prefill chunk 49/126 (38.9%) chunk=19.41 t/s avg=16.92 t/s 2.896s
0824 02:17:28 ds4-server: chat ctx=0..126:126 prefill chunk 50/126 (39.7%) chunk=18.73 t/s avg=16.95 t/s 2.950s
0824 02:17:29 ds4-server: chat ctx=0..126:126 prefill chunk 51/126 (40.5%) chunk=17.69 t/s avg=16.97 t/s 3.006s
0824 02:17:29 ds4-server: chat ctx=0..126:126 prefill chunk 52/126 (41.3%) chunk=18.78 t/s avg=17.00 t/s 3.059s
0824 02:17:29 ds4-server: chat ctx=0..126:126 prefill chunk 53/126 (42.1%) chunk=18.66 t/s avg=17.03 t/s 3.113s
0824 02:17:29 ds4-server: chat ctx=0..126:126 prefill chunk 54/126 (42.9%) chunk=18.10 t/s avg=17.04 t/s 3.168s
0824 02:17:29 ds4-server: chat ctx=0..126:126 prefill chunk 55/126 (43.7%) chunk=18.41 t/s avg=17.07 t/s 3.223s
0824 02:17:29 ds4-server: chat ctx=0..126:126 prefill chunk 56/126 (44.4%) chunk=18.07 t/s avg=17.08 t/s 3.278s
0824 02:17:29 ds4-server: chat ctx=0..126:126 prefill chunk 57/126 (45.2%) chunk=19.36 t/s avg=17.12 t/s 3.330s
0824 02:17:29 ds4-server: chat ctx=0..126:126 prefill chunk 58/126 (46.0%) chunk=18.42 t/s avg=17.14 t/s 3.384s
0824 02:17:29 ds4-server: chat ctx=0..126:126 prefill chunk 59/126 (46.8%) chunk=19.12 t/s avg=17.17 t/s 3.436s
0824 02:17:29 ds4-server: chat ctx=0..126:126 prefill chunk 60/126 (47.6%) chunk=18.62 t/s avg=17.19 t/s 3.490s
0824 02:17:29 ds4-server: chat ctx=0..126:126 prefill chunk 61/126 (48.4%) chunk=18.29 t/s avg=17.21 t/s 3.545s
0824 02:17:29 ds4-server: chat ctx=0..126:126 prefill chunk 62/126 (49.2%) chunk=19.18 t/s avg=17.24 t/s 3.597s
0824 02:17:29 ds4-server: chat ctx=0..126:126 prefill chunk 63/126 (50.0%) chunk=18.55 t/s avg=17.26 t/s 3.651s
0824 02:17:29 ds4-server: chat ctx=0..126:126 prefill chunk 64/126 (50.8%) chunk=18.51 t/s avg=17.28 t/s 3.705s
0824 02:17:29 ds4-server: chat ctx=0..126:126 prefill chunk 65/126 (51.6%) chunk=19.28 t/s avg=17.30 t/s 3.756s
0824 02:17:29 ds4-server: chat ctx=0..126:126 prefill chunk 66/126 (52.4%) chunk=18.28 t/s avg=17.32 t/s 3.811s
0824 02:17:29 ds4-server: chat ctx=0..126:126 prefill chunk 67/126 (53.2%) chunk=19.07 t/s avg=17.34 t/s 3.864s
0824 02:17:29 ds4-server: chat ctx=0..126:126 prefill chunk 68/126 (54.0%) chunk=18.16 t/s avg=17.35 t/s 3.919s
0824 02:17:29 ds4-server: chat ctx=0..126:126 prefill chunk 69/126 (54.8%) chunk=18.34 t/s avg=17.37 t/s 3.973s
0824 02:17:30 ds4-server: chat ctx=0..126:126 prefill chunk 70/126 (55.6%) chunk=19.30 t/s avg=17.39 t/s 4.025s
0824 02:17:30 ds4-server: chat ctx=0..126:126 prefill chunk 71/126 (56.3%) chunk=18.10 t/s avg=17.40 t/s 4.080s
0824 02:17:30 ds4-server: chat ctx=0..126:126 prefill chunk 72/126 (57.1%) chunk=19.59 t/s avg=17.43 t/s 4.131s
0824 02:17:30 ds4-server: chat ctx=0..126:126 prefill chunk 73/126 (57.9%) chunk=17.48 t/s avg=17.43 t/s 4.189s
0824 02:17:30 ds4-server: chat ctx=0..126:126 prefill chunk 74/126 (58.7%) chunk=17.82 t/s avg=17.43 t/s 4.245s
0824 02:17:30 ds4-server: chat ctx=0..126:126 prefill chunk 75/126 (59.5%) chunk=18.79 t/s avg=17.45 t/s 4.298s
0824 02:17:30 ds4-server: chat ctx=0..126:126 prefill chunk 76/126 (60.3%) chunk=18.50 t/s avg=17.46 t/s 4.352s
0824 02:17:30 ds4-server: chat ctx=0..126:126 prefill chunk 77/126 (61.1%) chunk=17.76 t/s avg=17.47 t/s 4.408s
0824 02:17:30 ds4-server: chat ctx=0..126:126 prefill chunk 78/126 (61.9%) chunk=18.69 t/s avg=17.48 t/s 4.462s
0824 02:17:30 ds4-server: chat ctx=0..126:126 prefill chunk 79/126 (62.7%) chunk=17.73 t/s avg=17.48 t/s 4.518s
0824 02:17:30 ds4-server: chat ctx=0..126:126 prefill chunk 80/126 (63.5%) chunk=18.06 t/s avg=17.49 t/s 4.574s
0824 02:17:30 ds4-server: chat ctx=0..126:126 prefill chunk 81/126 (64.3%) chunk=17.72 t/s avg=17.49 t/s 4.630s
0824 02:17:30 ds4-server: chat ctx=0..126:126 prefill chunk 82/126 (65.1%) chunk=17.51 t/s avg=17.49 t/s 4.687s
0824 02:17:30 ds4-server: chat ctx=0..126:126 prefill chunk 83/126 (65.9%) chunk=17.46 t/s avg=17.49 t/s 4.744s
0824 02:17:30 ds4-server: chat ctx=0..126:126 prefill chunk 84/126 (66.7%) chunk=18.56 t/s avg=17.51 t/s 4.798s
0824 02:17:30 ds4-server: chat ctx=0..126:126 prefill chunk 85/126 (67.5%) chunk=17.72 t/s avg=17.51 t/s 4.855s
0824 02:17:30 ds4-server: chat ctx=0..126:126 prefill chunk 86/126 (68.3%) chunk=17.76 t/s avg=17.51 t/s 4.911s
0824 02:17:30 ds4-server: chat ctx=0..126:126 prefill chunk 87/126 (69.0%) chunk=18.23 t/s avg=17.52 t/s 4.966s
0824 02:17:31 ds4-server: chat ctx=0..126:126 prefill chunk 88/126 (69.8%) chunk=18.00 t/s avg=17.53 t/s 5.021s
0824 02:17:31 ds4-server: chat ctx=0..126:126 prefill chunk 89/126 (70.6%) chunk=17.61 t/s avg=17.53 t/s 5.078s
0824 02:17:31 ds4-server: chat ctx=0..126:126 prefill chunk 90/126 (71.4%) chunk=18.75 t/s avg=17.54 t/s 5.131s
0824 02:17:31 ds4-server: chat ctx=0..126:126 prefill chunk 91/126 (72.2%) chunk=18.81 t/s avg=17.55 t/s 5.185s
0824 02:17:31 ds4-server: chat ctx=0..126:126 prefill chunk 92/126 (73.0%) chunk=17.42 t/s avg=17.55 t/s 5.242s
0824 02:17:31 ds4-server: chat ctx=0..126:126 prefill chunk 93/126 (73.8%) chunk=17.76 t/s avg=17.55 t/s 5.298s
0824 02:17:31 ds4-server: chat ctx=0..126:126 prefill chunk 94/126 (74.6%) chunk=17.96 t/s avg=17.56 t/s 5.354s
0824 02:17:31 ds4-server: chat ctx=0..126:126 prefill chunk 95/126 (75.4%) chunk=17.38 t/s avg=17.55 t/s 5.412s
0824 02:17:31 ds4-server: chat ctx=0..126:126 prefill chunk 96/126 (76.2%) chunk=17.13 t/s avg=17.55 t/s 5.470s
0824 02:17:31 ds4-server: chat ctx=0..126:126 prefill chunk 97/126 (77.0%) chunk=18.08 t/s avg=17.56 t/s 5.525s
0824 02:17:31 ds4-server: chat ctx=0..126:126 prefill chunk 98/126 (77.8%) chunk=18.20 t/s avg=17.56 t/s 5.580s
0824 02:17:31 ds4-server: chat ctx=0..126:126 prefill chunk 99/126 (78.6%) chunk=17.79 t/s avg=17.56 t/s 5.636s
0824 02:17:31 ds4-server: chat ctx=0..126:126 prefill chunk 100/126 (79.4%) chunk=18.08 t/s avg=17.57 t/s 5.692s
0824 02:17:31 ds4-server: chat ctx=0..126:126 prefill chunk 101/126 (80.2%) chunk=17.54 t/s avg=17.57 t/s 5.749s
0824 02:17:31 ds4-server: chat ctx=0..126:126 prefill chunk 102/126 (81.0%) chunk=17.49 t/s avg=17.57 t/s 5.806s
0824 02:17:31 ds4-server: chat ctx=0..126:126 prefill chunk 103/126 (81.7%) chunk=18.34 t/s avg=17.58 t/s 5.860s
0824 02:17:31 ds4-server: chat ctx=0..126:126 prefill chunk 104/126 (82.5%) chunk=17.99 t/s avg=17.58 t/s 5.916s
0824 02:17:31 ds4-server: chat ctx=0..126:126 prefill chunk 105/126 (83.3%) chunk=17.57 t/s avg=17.58 t/s 5.973s
0824 02:17:32 ds4-server: chat ctx=0..126:126 prefill chunk 106/126 (84.1%) chunk=18.21 t/s avg=17.58 t/s 6.028s
0824 02:17:32 ds4-server: chat ctx=0..126:126 prefill chunk 107/126 (84.9%) chunk=18.28 t/s avg=17.59 t/s 6.083s
0824 02:17:32 ds4-server: chat ctx=0..126:126 prefill chunk 108/126 (85.7%) chunk=17.58 t/s avg=17.59 t/s 6.140s
0824 02:17:32 ds4-server: chat ctx=0..126:126 prefill chunk 109/126 (86.5%) chunk=17.24 t/s avg=17.59 t/s 6.198s
0824 02:17:32 ds4-server: chat ctx=0..126:126 prefill chunk 110/126 (87.3%) chunk=17.81 t/s avg=17.59 t/s 6.254s
0824 02:17:32 ds4-server: chat ctx=0..126:126 prefill chunk 111/126 (88.1%) chunk=17.26 t/s avg=17.59 t/s 6.312s
0824 02:17:32 ds4-server: chat ctx=0..126:126 prefill chunk 112/126 (88.9%) chunk=16.84 t/s avg=17.58 t/s 6.371s
0824 02:17:32 ds4-server: chat ctx=0..126:126 prefill chunk 113/126 (89.7%) chunk=17.75 t/s avg=17.58 t/s 6.427s
0824 02:17:32 ds4-server: chat ctx=0..126:126 prefill chunk 114/126 (90.5%) chunk=18.13 t/s avg=17.59 t/s 6.482s
0824 02:17:32 ds4-server: chat ctx=0..126:126 prefill chunk 115/126 (91.3%) chunk=17.76 t/s avg=17.59 t/s 6.539s
0824 02:17:32 ds4-server: chat ctx=0..126:126 prefill chunk 116/126 (92.1%) chunk=18.23 t/s avg=17.59 t/s 6.594s
0824 02:17:32 ds4-server: chat ctx=0..126:126 prefill chunk 117/126 (92.9%) chunk=18.23 t/s avg=17.60 t/s 6.649s
0824 02:17:32 ds4-server: chat ctx=0..126:126 prefill chunk 118/126 (93.7%) chunk=19.02 t/s avg=17.61 t/s 6.701s
0824 02:17:32 ds4-server: chat ctx=0..126:126 prefill chunk 119/126 (94.4%) chunk=18.64 t/s avg=17.62 t/s 6.755s
0824 02:17:32 ds4-server: chat ctx=0..126:126 prefill chunk 120/126 (95.2%) chunk=18.73 t/s avg=17.63 t/s 6.808s
0824 02:17:32 ds4-server: chat ctx=0..126:126 prefill chunk 121/126 (96.0%) chunk=18.94 t/s avg=17.64 t/s 6.861s
0824 02:17:32 ds4-server: chat ctx=0..126:126 prefill chunk 122/126 (96.8%) chunk=18.55 t/s avg=17.64 t/s 6.915s
0824 02:17:32 ds4-server: chat ctx=0..126:126 prefill chunk 123/126 (97.6%) chunk=19.37 t/s avg=17.66 t/s 6.966s
0824 02:17:33 ds4-server: chat ctx=0..126:126 prefill chunk 124/126 (98.4%) chunk=17.94 t/s avg=17.66 t/s 7.022s
0824 02:17:33 ds4-server: chat ctx=0..126:126 prefill chunk 125/126 (99.2%) chunk=19.77 t/s avg=17.67 t/s 7.073s
0824 02:17:33 ds4-server: chat ctx=0..126:126 prefill chunk 126/126 (100.0%) chunk=20.64 t/s avg=17.69 t/s 7.121s
0824 02:17:33 ds4-server: chat ctx=0..126:126 prompt done 7.121s
ds4: qwen35moe experts/token avg over 128 tokens: 0:14.0 1:14.4 2:14.9 3:15.5 4:15.3 5:14.5 6:15.0 7:15.5 8:15.5 9:15.2 10:14.6 11:14.5 12:16.2 13:14.6 14:14.4 15:15.1 16:15.9 17:15.3 18:15.2 19:15.7 20:15.4 21:15.3 22:15.0 23:15.1 24:16.8 25:15.2 26:15.5 27:15.8 28:16.0 29:16.4 30:16.6 31:17.1 32:17.1 33:17.1 34:17.3 35:18.5 36:19.3 37:19.0 38:19.2 39:18.7 | mean 15.9
0824 02:17:35 ds4-server: chat ctx=126..176:50 gen=50 THINKING decoding chunk=18.34 t/s avg=18.34 t/s 2.726s
0824 02:17:38 ds4-server: chat ctx=176..226:50 gen=100 THINKING decoding chunk=17.66 t/s avg=18.00 t/s 5.556s
ds4: qwen35moe experts/token avg over 128 tokens: 0:14.9 1:15.6 2:15.3 3:16.5 4:15.6 5:16.4 6:16.0 7:17.1 8:17.5 9:17.5 10:15.5 11:15.0 12:16.7 13:15.8 14:15.9 15:15.9 16:16.5 17:16.0 18:16.3 19:16.4 20:17.1 21:16.8 22:15.1 23:16.0 24:16.6 25:16.5 26:16.5 27:16.8 28:16.6 29:16.9 30:17.0 31:17.2 32:16.3 33:17.0 34:17.0 35:17.5 36:18.8 37:18.9 38:19.4 39:18.6 | mean 16.6
0824 02:17:41 ds4-server: chat ctx=226..276:50 gen=150 THINKING decoding chunk=18.01 t/s avg=18.00 t/s 8.333s
0824 02:17:44 ds4-server: chat ctx=276..326:50 gen=200 THINKING decoding chunk=18.30 t/s avg=18.08 t/s 11.065s
0824 02:17:47 ds4-server: chat ctx=326..376:50 gen=250 THINKING decoding chunk=17.59 t/s avg=17.98 t/s 13.908s
ds4: qwen35moe experts/token avg over 128 tokens: 0:14.9 1:15.3 2:15.5 3:16.5 4:16.1 5:15.4 6:15.2 7:16.6 8:17.3 9:16.5 10:15.4 11:14.9 12:16.6 13:15.5 14:15.1 15:15.9 16:15.7 17:15.2 18:15.8 19:15.8 20:16.3 21:16.6 22:14.5 23:15.5 24:16.0 25:15.4 26:15.9 27:15.7 28:15.1 29:16.2 30:15.3 31:15.9 32:15.9 33:15.6 34:16.0 35:17.4 36:18.1 37:17.6 38:18.7 39:17.7 | mean 16.0
0824 02:17:49 ds4-server: chat ctx=376..426:50 gen=300 THINKING decoding chunk=17.13 t/s avg=17.83 t/s 16.827s
0824 02:17:52 ds4-server: chat ctx=426..476:50 gen=350 THINKING decoding chunk=17.03 t/s avg=17.71 t/s 19.764s
ds4: qwen35moe experts/token avg over 128 tokens: 0:16.0 1:16.7 2:16.8 3:17.9 4:17.2 5:17.8 6:17.9 7:17.9 8:18.4 9:18.2 10:16.9 11:17.2 12:18.0 13:18.4 14:17.2 15:17.5 16:17.9 17:17.5 18:17.9 19:17.6 20:18.3 21:18.2 22:16.4 23:16.7 24:17.9 25:17.7 26:17.2 27:17.3 28:17.7 29:18.4 30:18.3 31:18.7 32:18.2 33:18.8 34:18.5 35:19.2 36:19.6 37:19.6 38:19.9 39:19.6 | mean 17.9
0824 02:17:55 ds4-server: chat ctx=476..526:50 gen=400 THINKING decoding chunk=16.88 t/s avg=17.60 t/s 22.726s
0824 02:17:58 ds4-server: chat ctx=526..576:50 gen=450 THINKING decoding chunk=17.22 t/s avg=17.56 t/s 25.629s
0824 02:18:01 ds4-server: chat ctx=576..626:50 gen=500 THINKING decoding chunk=17.40 t/s avg=17.54 t/s 28.503s
ds4: qwen35moe experts/token avg over 128 tokens: 0:15.2 1:15.6 2:15.4 3:17.0 4:16.1 5:16.4 6:16.5 7:17.4 8:17.6 9:17.4 10:16.2 11:15.1 12:16.0 13:16.1 14:16.0 15:15.5 16:15.9 17:15.8 18:15.2 19:15.7 20:16.4 21:17.3 22:14.9 23:15.5 24:15.3 25:16.1 26:15.9 27:15.3 28:15.5 29:15.8 30:16.0 31:15.7 32:15.6 33:15.9 34:15.1 35:17.2 36:17.9 37:17.6 38:18.3 39:16.9 | mean 16.2
0824 02:18:04 ds4-server: chat ctx=626..676:50 gen=550 THINKING decoding chunk=17.44 t/s avg=17.53 t/s 31.370s
0824 02:18:07 ds4-server: chat ctx=676..726:50 gen=600 THINKING decoding chunk=17.54 t/s avg=17.53 t/s 34.220s
0824 02:18:10 ds4-server: chat ctx=726..776:50 gen=650 THINKING decoding chunk=16.97 t/s avg=17.49 t/s 37.167s
ds4: qwen35moe experts/token avg over 128 tokens: 0:14.5 1:15.5 2:15.5 3:16.5 4:15.9 5:16.2 6:15.7 7:16.6 8:17.4 9:16.9 10:15.5 11:14.8 12:15.9 13:14.8 14:15.8 15:15.6 16:16.1 17:15.0 18:14.7 19:15.5 20:16.5 21:16.6 22:14.7 23:15.3 24:15.6 25:15.7 26:16.2 27:15.3 28:15.4 29:15.4 30:15.3 31:15.7 32:15.0 33:14.8 34:15.1 35:16.7 36:17.4 37:17.3 38:18.5 39:16.7 | mean 15.8
0824 02:18:13 ds4-server: chat ctx=776..826:50 gen=700 THINKING decoding chunk=16.61 t/s avg=17.42 t/s 40.176s
0824 02:18:16 ds4-server: chat ctx=826..876:50 gen=750 THINKING decoding chunk=16.23 t/s avg=17.34 t/s 43.257s
ds4: qwen35moe experts/token avg over 128 tokens: 0:16.5 1:18.1 2:17.4 3:18.3 4:17.8 5:18.2 6:18.4 7:18.5 8:19.2 9:18.6 10:17.3 11:17.2 12:18.2 13:17.8 14:17.7 15:17.3 16:18.0 17:17.6 18:17.3 19:17.8 20:18.4 21:18.6 22:16.2 23:16.9 24:17.0 25:17.6 26:18.0 27:17.1 28:17.3 29:17.7 30:17.9 31:18.3 32:17.7 33:17.7 34:17.7 35:19.0 36:19.1 37:18.6 38:19.4 39:18.9 | mean 17.9
0824 02:18:19 ds4-server: chat ctx=876..926:50 gen=800 THINKING decoding chunk=15.97 t/s avg=17.25 t/s 46.387s
0824 02:18:22 ds4-server: chat ctx=926..976:50 gen=850 THINKING decoding chunk=16.41 t/s avg=17.19 t/s 49.434s
0824 02:18:25 ds4-server: chat ctx=976..1026:50 gen=900 THINKING decoding chunk=16.18 t/s avg=17.14 t/s 52.523s
ds4: qwen35moe experts/token avg over 128 tokens: 0:15.2 1:16.8 2:16.4 3:17.7 4:17.4 5:17.6 6:17.8 7:18.1 8:18.7 9:18.1 10:17.0 11:16.5 12:17.5 13:16.9 14:17.4 15:17.4 16:17.7 17:16.7 18:17.4 19:17.0 20:17.7 21:18.0 22:16.7 23:16.9 24:16.9 25:17.7 26:18.1 27:16.9 28:17.3 29:17.6 30:17.7 31:17.9 32:17.9 33:18.0 34:18.3 35:18.7 36:18.9 37:18.9 38:19.4 39:19.0 | mean 17.6
0824 02:18:28 ds4-server: chat ctx=1026..1076:50 gen=950 THINKING decoding chunk=16.50 t/s avg=17.10 t/s 55.554s
0824 02:18:31 ds4-server: chat ctx=1076..1126:50 gen=1000 THINKING decoding chunk=16.62 t/s avg=17.08 t/s 58.563s
ds4: qwen35moe experts/token avg over 128 tokens: 0:14.4 1:15.9 2:15.4 3:16.6 4:16.2 5:16.2 6:16.2 7:16.8 8:18.0 9:17.3 10:16.6 11:15.1 12:16.8 13:16.0 14:16.0 15:16.3 16:16.4 17:15.3 18:15.6 19:16.2 20:16.3 21:16.5 22:15.9 23:15.6 24:16.0 25:15.4 26:16.2 27:15.6 28:15.6 29:15.6 30:15.5 31:15.9 32:15.8 33:15.9 34:15.6 35:17.1 36:17.7 37:17.5 38:18.7 39:17.4 | mean 16.2
0824 02:18:34 ds4-server: chat ctx=1126..1176:50 gen=1050 THINKING decoding chunk=16.06 t/s avg=17.02 t/s 61.676s
0824 02:18:37 ds4-server: chat ctx=1176..1226:50 gen=1100 THINKING decoding chunk=16.09 t/s avg=16.98 t/s 64.784s
0824 02:18:40 ds4-server: chat ctx=1226..1276:50 gen=1150 THINKING decoding chunk=16.61 t/s avg=16.96 t/s 67.795s
ds4: qwen35moe experts/token avg over 128 tokens: 0:14.7 1:15.3 2:15.8 3:16.9 4:16.1 5:16.3 6:16.1 7:16.8 8:17.9 9:17.3 10:15.8 11:14.9 12:16.7 13:15.4 14:16.1 15:15.6 16:15.8 17:15.4 18:15.9 19:15.8 20:16.5 21:16.6 22:15.3 23:15.1 24:15.6 25:15.8 26:16.0 27:16.0 28:15.6 29:15.6 30:15.4 31:16.2 32:15.9 33:16.3 34:15.8 35:17.0 36:17.1 37:17.3 38:17.9 39:17.4 | mean 16.1
0824 02:18:43 ds4-server: chat ctx=1276..1326:50 gen=1200 THINKING decoding chunk=16.34 t/s avg=16.94 t/s 70.855s
0824 02:18:47 ds4-server: chat ctx=1326..1376:50 gen=1250 THINKING decoding chunk=15.54 t/s avg=16.88 t/s 74.072s
ds4: qwen35moe experts/token avg over 128 tokens: 0:14.9 1:16.6 2:15.6 3:16.3 4:17.0 5:16.9 6:16.7 7:17.4 8:18.3 9:17.4 10:16.7 11:16.2 12:16.8 13:16.5 14:16.4 15:16.7 16:17.0 17:16.3 18:16.8 19:16.2 20:17.9 21:17.7 22:16.2 23:16.5 24:17.0 25:17.1 26:17.4 27:17.1 28:16.9 29:17.3 30:17.8 31:17.4 32:17.1 33:17.1 34:17.6 35:18.6 36:18.5 37:18.8 38:19.2 39:18.8 | mean 17.1
0824 02:18:50 ds4-server: chat ctx=1376..1426:50 gen=1300 THINKING decoding chunk=15.65 t/s avg=16.82 t/s 77.267s
0824 02:18:53 ds4-server: chat ctx=1426..1476:50 gen=1350 THINKING decoding chunk=15.47 t/s avg=16.77 t/s 80.499s
0824 02:18:56 ds4-server: chat ctx=1476..1526:50 gen=1400 THINKING decoding chunk=15.73 t/s avg=16.73 t/s 83.677s
ds4: qwen35moe experts/token avg over 128 tokens: 0:15.2 1:16.1 2:16.4 3:17.3 4:16.9 5:17.3 6:16.5 7:18.1 8:18.8 9:18.1 10:16.6 11:15.5 12:17.1 13:16.5 14:16.8 15:17.2 16:17.2 17:16.4 18:16.6 19:17.0 20:17.7 21:17.5 22:16.3 23:16.0 24:16.7 25:17.3 26:16.8 27:16.5 28:16.9 29:16.9 30:17.2 31:17.0 32:17.2 33:16.8 34:16.8 35:18.1 36:18.8 37:18.7 38:19.3 39:18.0 | mean 17.1
0824 02:18:59 ds4-server: chat ctx=1526..1576:50 gen=1450 THINKING decoding chunk=16.04 t/s avg=16.71 t/s 86.794s
0824 02:19:03 ds4-server: chat ctx=1576..1626:50 gen=1500 THINKING decoding chunk=15.72 t/s avg=16.67 t/s 89.975s
ds4: qwen35moe experts/token avg over 128 tokens: 0:14.6 1:15.7 2:16.0 3:17.1 4:16.5 5:15.7 6:15.8 7:16.7 8:17.4 9:17.0 10:15.2 11:15.4 12:16.1 13:15.7 14:15.8 15:15.8 16:15.9 17:15.4 18:15.8 19:16.4 20:16.3 21:17.5 22:15.6 23:16.0 24:15.9 25:16.0 26:16.3 27:15.7 28:16.2 29:16.6 30:16.1 31:16.8 32:15.9 33:16.2 34:16.3 35:17.2 36:17.4 37:17.5 38:18.3 39:17.5 | mean 16.3
0824 02:19:06 ds4-server: chat ctx=1626..1676:50 gen=1550 THINKING decoding chunk=15.39 t/s avg=16.63 t/s 93.224s
0824 02:19:09 ds4-server: chat ctx=1676..1726:50 gen=1600 THINKING decoding chunk=15.70 t/s avg=16.60 t/s 96.409s
0824 02:19:12 ds4-server: chat ctx=1726..1776:50 gen=1650 THINKING decoding chunk=15.15 t/s avg=16.55 t/s 99.709s
ds4: qwen35moe experts/token avg over 128 tokens: 0:15.0 1:15.5 2:15.4 3:16.7 4:16.6 5:16.6 6:16.8 7:17.2 8:17.6 9:17.4 10:16.3 11:15.6 12:16.7 13:16.1 14:16.3 15:16.3 16:16.9 17:16.1 18:16.0 19:16.5 20:16.7 21:17.4 22:15.9 23:16.1 24:16.4 25:16.1 26:16.3 27:15.7 28:16.5 29:16.2 30:16.3 31:16.4 32:16.1 33:15.7 34:15.8 35:17.0 36:17.8 37:17.6 38:18.6 39:17.5 | mean 16.5
0824 02:19:16 ds4-server: chat ctx=1776..1826:50 gen=1700 THINKING decoding chunk=15.48 t/s avg=16.51 t/s 102.939s
0824 02:19:19 ds4-server: chat ctx=1826..1876:50 gen=1750 THINKING decoding chunk=14.78 t/s avg=16.46 t/s 106.321s
0824 02:19:22 ds4-server: chat ctx=1876..1926:50 gen=1800 THINKING decoding chunk=15.46 t/s avg=16.43 t/s 109.556s
ds4: qwen35moe experts/token avg over 128 tokens: 0:15.0 1:15.9 2:15.9 3:17.4 4:16.9 5:17.2 6:16.7 7:17.2 8:18.3 9:17.8 10:16.5 11:15.8 12:17.3 13:16.2 14:17.1 15:16.9 16:16.7 17:16.5 18:16.5 19:16.5 20:17.6 21:17.1 22:15.9 23:16.4 24:16.7 25:17.3 26:16.7 27:16.3 28:16.9 29:16.7 30:16.8 31:17.6 32:17.0 33:17.2 34:17.3 35:17.6 36:17.9 37:18.4 38:19.0 39:18.4 | mean 17.0
0824 02:19:26 ds4-server: chat ctx=1926..1976:50 gen=1850 THINKING decoding chunk=14.69 t/s avg=16.38 t/s 112.960s
0824 02:19:29 ds4-server: chat ctx=1976..2026:50 gen=1900 THINKING decoding chunk=15.01 t/s avg=16.34 t/s 116.292s
ds4: qwen35moe experts/token avg over 128 tokens: 0:15.6 1:16.6 2:16.6 3:17.3 4:17.1 5:17.7 6:17.4 7:18.2 8:18.7 9:17.9 10:16.7 11:16.9 12:17.5 13:17.4 14:16.9 15:17.1 16:17.3 17:16.9 18:17.0 19:16.8 20:18.0 21:18.0 22:16.9 23:17.0 24:17.8 25:17.6 26:17.8 27:17.4 28:17.2 29:17.8 30:18.3 31:18.1 32:18.1 33:17.9 34:18.6 35:19.0 36:19.1 37:19.2 38:19.3 39:19.1 | mean 17.6
0824 02:19:32 ds4-server: chat ctx=2026..2076:50 gen=1950 THINKING decoding chunk=14.73 t/s avg=16.29 t/s 119.686s
0824 02:19:36 ds4-server: chat ctx=2076..2126:50 gen=2000 THINKING decoding chunk=14.38 t/s avg=16.24 t/s 123.163s
0824 02:19:39 ds4-server: chat ctx=2126..2176:50 gen=2050 THINKING decoding chunk=15.01 t/s avg=16.21 t/s 126.494s
ds4: qwen35moe experts/token avg over 128 tokens: 0:15.2 1:16.4 2:16.0 3:17.4 4:17.1 5:17.1 6:17.2 7:17.9 8:18.5 9:18.2 10:16.9 11:16.0 12:17.1 13:17.0 14:17.2 15:16.8 16:17.5 17:17.0 18:16.9 19:17.0 20:17.3 21:17.8 22:16.3 23:16.9 24:16.7 25:16.9 26:16.6 27:16.0 28:17.0 29:17.1 30:17.4 31:17.6 32:17.4 33:17.3 34:17.5 35:18.5 36:18.7 37:18.6 38:19.2 39:18.5 | mean 17.2
0824 02:19:42 ds4-server: chat ctx=2176..2226:50 gen=2100 THINKING decoding chunk=15.07 t/s avg=16.18 t/s 129.812s
0824 02:19:46 ds4-server: chat ctx=2226..2276:50 gen=2150 THINKING decoding chunk=15.07 t/s avg=16.15 t/s 133.130s
ds4: qwen35moe experts/token avg over 128 tokens: 0:14.1 1:15.3 2:15.0 3:16.2 4:16.1 5:15.1 6:15.7 7:15.9 8:17.0 9:16.5 10:15.2 11:14.9 12:16.0 13:15.3 14:16.1 15:15.4 16:15.6 17:15.4 18:15.3 19:15.7 20:15.8 21:16.5 22:15.3 23:15.4 24:15.9 25:15.3 26:15.7 27:15.1 28:15.2 29:15.5 30:15.3 31:16.1 32:15.5 33:14.9 34:15.1 35:16.4 36:16.5 37:17.1 38:17.7 39:17.1 | mean 15.7
0824 02:19:49 ds4-server: chat ctx=2276..2326:50 gen=2200 THINKING decoding chunk=14.59 t/s avg=16.11 t/s 136.556s
0824 02:19:53 ds4-server: chat ctx=2326..2376:50 gen=2250 THINKING decoding chunk=14.37 t/s avg=16.07 t/s 140.036s
0824 02:19:56 ds4-server: chat ctx=2376..2426:50 gen=2300 THINKING decoding chunk=14.73 t/s avg=16.04 t/s 143.431s
ds4: qwen35moe experts/token avg over 128 tokens: 0:15.3 1:15.8 2:15.7 3:16.8 4:16.2 5:16.5 6:16.9 7:17.5 8:18.0 9:17.8 10:16.5 11:16.0 12:17.3 13:16.6 14:16.9 15:16.4 16:16.8 17:16.3 18:16.4 19:16.8 20:17.1 21:17.5 22:16.2 23:16.1 24:16.7 25:16.3 26:16.8 27:15.8 28:16.6 29:16.6 30:16.5 31:16.7 32:16.7 33:16.2 34:16.3 35:17.0 36:17.3 37:17.6 38:18.4 39:17.7 | mean 16.7
0824 02:19:59 ds4-server: chat ctx=2426..2476:50 gen=2350 THINKING decoding chunk=14.89 t/s avg=16.01 t/s 146.789s
0824 02:20:03 ds4-server: chat ctx=2476..2526:50 gen=2400 THINKING decoding chunk=14.69 t/s avg=15.98 t/s 150.193s
ds4: qwen35moe experts/token avg over 128 tokens: 0:14.7 1:15.4 2:15.8 3:16.7 4:17.0 5:16.3 6:16.4 7:17.2 8:17.2 9:17.3 10:16.0 11:15.6 12:16.6 13:15.9 14:16.6 15:16.7 16:16.8 17:16.5 18:16.7 19:16.5 20:16.7 21:17.1 22:16.2 23:15.8 24:16.3 25:16.5 26:16.4 27:15.9 28:16.4 29:16.1 30:16.6 31:17.1 32:16.3 33:16.2 34:16.2 35:16.9 36:17.1 37:17.4 38:17.9 39:17.6 | mean 16.5
0824 02:20:06 ds4-server: chat ctx=2526..2576:50 gen=2450 THINKING decoding chunk=13.86 t/s avg=15.93 t/s 153.801s
0824 02:20:10 ds4-server: chat ctx=2576..2626:50 gen=2500 THINKING decoding chunk=14.52 t/s avg=15.90 t/s 157.245s
0824 02:20:13 ds4-server: chat ctx=2626..2676:50 gen=2550 THINKING decoding chunk=14.43 t/s avg=15.87 t/s 160.711s
ds4: qwen35moe experts/token avg over 128 tokens: 0:14.3 1:16.0 2:15.4 3:16.4 4:16.2 5:15.7 6:16.1 7:16.7 8:17.6 9:16.9 10:15.6 11:15.1 12:16.7 13:15.8 14:16.5 15:16.0 16:16.3 17:15.9 18:15.5 19:16.5 20:16.3 21:16.6 22:15.6 23:15.4 24:15.5 25:16.0 26:15.3 27:15.3 28:15.6 29:15.9 30:15.2 31:16.1 32:15.3 33:14.8 34:14.7 35:16.7 36:16.9 37:16.6 38:18.0 39:16.8 | mean 16.0
0824 02:20:17 ds4-server: chat ctx=2676..2726:50 gen=2600 THINKING decoding chunk=14.35 t/s avg=15.83 t/s 164.195s
0824 02:20:20 ds4-server: chat ctx=2726..2776:50 gen=2650 THINKING decoding chunk=14.42 t/s avg=15.81 t/s 167.662s
ds4: qwen35moe experts/token avg over 128 tokens: 0:15.1 1:15.5 2:15.4 3:16.7 4:16.5 5:16.0 6:16.6 7:16.6 8:17.3 9:16.8 10:15.6 11:15.2 12:16.1 13:15.8 14:16.2 15:16.1 16:16.2 17:16.5 18:16.2 19:16.2 20:17.1 21:16.4 22:15.7 23:16.0 24:15.7 25:15.6 26:15.8 27:15.3 28:15.7 29:16.0 30:15.3 31:16.1 32:15.5 33:15.0 34:15.4 35:16.7 36:17.1 37:17.4 38:18.4 39:17.4 | mean 16.2
0824 02:20:24 ds4-server: chat ctx=2776..2826:50 gen=2700 THINKING decoding chunk=14.03 t/s avg=15.77 t/s 171.227s
0824 02:20:27 ds4-server: chat ctx=2826..2876:50 gen=2750 THINKING decoding chunk=13.83 t/s avg=15.73 t/s 174.843s
0824 02:20:31 ds4-server: chat ctx=2876..2926:50 gen=2800 THINKING decoding chunk=14.15 t/s avg=15.70 t/s 178.376s
ds4: qwen35moe experts/token avg over 128 tokens: 0:14.9 1:15.7 2:15.8 3:17.4 4:16.7 5:16.3 6:15.8 7:16.8 8:17.3 9:17.3 10:15.8 11:16.0 12:16.9 13:16.1 14:17.2 15:16.5 16:17.1 17:16.8 18:16.7 19:16.8 20:17.9 21:17.2 22:16.2 23:16.4 24:16.4 25:16.1 26:16.8 27:16.1 28:16.7 29:16.6 30:16.8 31:17.3 32:17.2 33:16.5 34:16.4 35:17.6 36:18.1 37:18.1 38:18.6 39:18.0 | mean 16.8
0824 02:20:35 ds4-server: chat ctx=2926..2976:50 gen=2850 THINKING decoding chunk=14.05 t/s avg=15.66 t/s 181.935s
0824 02:20:38 ds4-server: chat ctx=2976..3026:50 gen=2900 THINKING decoding chunk=14.05 t/s avg=15.63 t/s 185.493s
0824 02:20:42 ds4-server: chat ctx=3026..3076:50 gen=2950 THINKING decoding chunk=13.89 t/s avg=15.60 t/s 189.093s
ds4: qwen35moe experts/token avg over 128 tokens: 0:14.1 1:15.9 2:15.4 3:16.8 4:17.0 5:16.1 6:15.4 7:16.3 8:17.4 9:17.2 10:15.3 11:15.0 12:16.4 13:15.6 14:16.8 15:14.9 16:16.6 17:15.5 18:15.9 19:15.5 20:17.1 21:15.9 22:14.9 23:15.4 24:15.7 25:14.8 26:16.4 27:15.4 28:16.2 29:15.5 30:15.1 31:16.5 32:16.0 33:15.3 34:15.2 35:16.5 36:17.0 37:17.2 38:17.9 39:16.9 | mean 16.0
0824 02:20:45 ds4-server: chat ctx=3076..3126:50 gen=3000 THINKING decoding chunk=13.37 t/s avg=15.56 t/s 192.832s
0824 02:20:49 ds4-server: chat ctx=3126..3176:50 gen=3050 THINKING decoding chunk=13.22 t/s avg=15.51 t/s 196.612s
ds4: qwen35moe experts/token avg over 128 tokens: 0:15.0 1:16.2 2:16.6 3:17.8 4:17.8 5:17.9 6:18.1 7:18.2 8:18.4 9:18.1 10:17.3 11:17.2 12:18.1 13:17.8 14:18.5 15:18.4 16:18.8 17:18.3 18:18.3 19:18.2 20:18.7 21:18.5 22:17.4 23:17.8 24:18.4 25:18.6 26:18.4 27:18.3 28:18.6 29:18.5 30:18.4 31:18.7 32:18.6 33:19.0 34:19.0 35:19.3 36:19.3 37:19.4 38:19.6 39:19.4 | mean 18.2
0824 02:20:53 ds4-server: chat ctx=3176..3226:50 gen=3100 THINKING decoding chunk=13.67 t/s avg=15.48 t/s 200.269s
0824 02:20:57 ds4-server: chat ctx=3226..3276:50 gen=3150 THINKING decoding chunk=13.81 t/s avg=15.45 t/s 203.891s
0824 02:21:00 ds4-server: chat ctx=3276..3326:50 gen=3200 THINKING decoding chunk=13.60 t/s avg=15.42 t/s 207.568s
ds4: qwen35moe experts/token avg over 128 tokens: 0:14.8 1:15.7 2:15.1 3:16.7 4:16.6 5:15.8 6:16.2 7:16.8 8:17.4 9:17.0 10:15.0 11:15.1 12:16.1 13:15.4 14:16.0 15:16.2 16:15.8 17:16.1 18:15.7 19:15.7 20:16.5 21:16.6 22:15.4 23:14.9 24:15.4 25:15.1 26:15.4 27:15.4 28:14.9 29:15.8 30:15.1 31:15.7 32:15.1 33:14.2 34:14.4 35:15.9 36:16.8 37:16.8 38:18.1 39:16.3 | mean 15.8
0824 02:21:04 ds4-server: chat ctx=3326..3376:50 gen=3250 THINKING decoding chunk=13.41 t/s avg=15.38 t/s 211.297s
0824 02:21:08 ds4-server: chat ctx=3376..3426:50 gen=3300 THINKING decoding chunk=13.06 t/s avg=15.34 t/s 215.124s
ds4: qwen35moe experts/token avg over 128 tokens: 0:14.8 1:16.0 2:16.2 3:17.3 4:17.3 5:17.6 6:17.0 7:18.0 8:18.8 9:17.7 10:16.4 11:16.0 12:17.5 13:16.4 14:17.1 15:16.8 16:17.1 17:16.5 18:16.8 19:17.2 20:17.7 21:17.9 22:17.1 23:16.6 24:16.6 25:16.9 26:17.0 27:16.3 28:16.3 29:17.0 30:17.0 31:17.6 32:17.1 33:17.5 34:17.4 35:18.0 36:18.3 37:18.5 38:19.0 39:18.5 | mean 17.2
0824 02:21:11 ds4-server: chat ctx=3426..3476:50 gen=3350 decoding chunk=13.61 t/s avg=15.31 t/s 218.797s
0824 02:21:15 ds4-server: chat ctx=3476..3526:50 gen=3400 decoding chunk=12.90 t/s avg=15.27 t/s 222.674s
0824 02:21:19 ds4-server: chat ctx=3526..3576:50 gen=3450 decoding chunk=12.78 t/s avg=15.23 t/s 226.586s
ds4: qwen35moe experts/token avg over 128 tokens: 0:15.0 1:16.5 2:16.7 3:18.3 4:17.9 5:17.8 6:18.1 7:18.1 8:18.3 9:18.2 10:17.7 11:17.4 12:18.4 13:18.3 14:18.9 15:19.0 16:19.2 17:19.2 18:19.0 19:18.9 20:19.2 21:19.0 22:18.5 23:18.6 24:18.7 25:19.2 26:19.1 27:18.6 28:18.7 29:18.8 30:18.9 31:19.2 32:18.9 33:19.4 34:19.6 35:19.8 36:19.9 37:19.9 38:19.9 39:19.8 | mean 18.6
0824 02:21:22 ds4-server: chat ctx=3576..3606:30 gen=3480 decoding chunk=12.70 t/s avg=15.20 t/s 228.949s
0824 02:21:22 ds4-server: thinking live checkpoint remembered ctx=0..126:126 live=3606 visible=962
0824 02:21:22 ds4-server: chat ctx=0..126:126 gen=3480 finish=stop 236.071s
0824 02:21:24 ds4-server: live kv cache miss live=3606 prompt=143 common=30 reason=token-mismatch
0824 02:21:24 ds4-server: chat ctx=0..143:143 prompt start
0824 02:21:24 ds4-server: chat ctx=0..143:143 prefill chunk 1/143 (0.7%) chunk=0.00 t/s avg=3.05 t/s 0.328s
0824 02:21:24 ds4-server: chat ctx=0..143:143 prefill chunk 2/143 (1.4%) chunk=18.89 t/s avg=5.25 t/s 0.381s
0824 02:21:24 ds4-server: chat ctx=0..143:143 prefill chunk 3/143 (2.1%) chunk=20.06 t/s avg=6.96 t/s 0.431s
0824 02:21:24 ds4-server: chat ctx=0..143:143 prefill chunk 4/143 (2.8%) chunk=18.93 t/s avg=8.27 t/s 0.484s
0824 02:21:24 ds4-server: chat ctx=0..143:143 prefill chunk 5/143 (3.5%) chunk=19.09 t/s avg=9.33 t/s 0.536s
0824 02:21:25 ds4-server: chat ctx=0..143:143 prefill chunk 6/143 (4.2%) chunk=19.38 t/s avg=10.21 t/s 0.588s
0824 02:21:25 ds4-server: chat ctx=0..143:143 prefill chunk 7/143 (4.9%) chunk=18.87 t/s avg=10.93 t/s 0.641s
0824 02:21:25 ds4-server: chat ctx=0..143:143 prefill chunk 8/143 (5.6%) chunk=18.95 t/s avg=11.54 t/s 0.693s
0824 02:21:25 ds4-server: chat ctx=0..143:143 prefill chunk 9/143 (6.3%) chunk=18.63 t/s avg=12.05 t/s 0.747s
0824 02:21:25 ds4-server: chat ctx=0..143:143 prefill chunk 10/143 (7.0%) chunk=19.41 t/s avg=12.52 t/s 0.799s
0824 02:21:25 ds4-server: chat ctx=0..143:143 prefill chunk 11/143 (7.7%) chunk=18.71 t/s avg=12.91 t/s 0.852s
0824 02:21:25 ds4-server: chat ctx=0..143:143 prefill chunk 12/143 (8.4%) chunk=19.35 t/s avg=13.28 t/s 0.904s
0824 02:21:25 ds4-server: chat ctx=0..143:143 prefill chunk 13/143 (9.1%) chunk=18.93 t/s avg=13.59 t/s 0.957s
0824 02:21:25 ds4-server: chat ctx=0..143:143 prefill chunk 14/143 (9.8%) chunk=18.77 t/s avg=13.86 t/s 1.010s
0824 02:21:25 ds4-server: chat ctx=0..143:143 prefill chunk 15/143 (10.5%) chunk=19.66 t/s avg=14.14 t/s 1.061s
0824 02:21:25 ds4-server: chat ctx=0..143:143 prefill chunk 16/143 (11.2%) chunk=18.88 t/s avg=14.37 t/s 1.114s
0824 02:21:25 ds4-server: chat ctx=0..143:143 prefill chunk 17/143 (11.9%) chunk=18.99 t/s avg=14.57 t/s 1.166s
0824 02:21:25 ds4-server: chat ctx=0..143:143 prefill chunk 18/143 (12.6%) chunk=18.45 t/s avg=14.75 t/s 1.221s
0824 02:21:25 ds4-server: chat ctx=0..143:143 prefill chunk 19/143 (13.3%) chunk=19.03 t/s avg=14.92 t/s 1.273s
0824 02:21:25 ds4-server: chat ctx=0..143:143 prefill chunk 20/143 (14.0%) chunk=18.88 t/s avg=15.08 t/s 1.326s
0824 02:21:25 ds4-server: chat ctx=0..143:143 prefill chunk 21/143 (14.7%) chunk=18.90 t/s avg=15.23 t/s 1.379s
0824 02:21:25 ds4-server: chat ctx=0..143:143 prefill chunk 22/143 (15.4%) chunk=18.82 t/s avg=15.36 t/s 1.432s
0824 02:21:25 ds4-server: chat ctx=0..143:143 prefill chunk 23/143 (16.1%) chunk=18.71 t/s avg=15.48 t/s 1.486s
0824 02:21:26 ds4-server: chat ctx=0..143:143 prefill chunk 24/143 (16.8%) chunk=19.55 t/s avg=15.62 t/s 1.537s
0824 02:21:26 ds4-server: chat ctx=0..143:143 prefill chunk 25/143 (17.5%) chunk=18.37 t/s avg=15.71 t/s 1.591s
0824 02:21:26 ds4-server: chat ctx=0..143:143 prefill chunk 26/143 (18.2%) chunk=19.20 t/s avg=15.82 t/s 1.643s
0824 02:21:26 ds4-server: chat ctx=0..143:143 prefill chunk 27/143 (18.9%) chunk=18.51 t/s avg=15.91 t/s 1.697s
0824 02:21:26 ds4-server: chat ctx=0..143:143 prefill chunk 28/143 (19.6%) chunk=17.92 t/s avg=15.97 t/s 1.753s
0824 02:21:26 ds4-server: chat ctx=0..143:143 prefill chunk 29/143 (20.3%) chunk=18.25 t/s avg=16.04 t/s 1.808s
0824 02:21:26 ds4-server: chat ctx=0..143:143 prefill chunk 30/143 (21.0%) chunk=19.15 t/s avg=16.13 t/s 1.860s
0824 02:21:26 ds4-server: chat ctx=0..143:143 prefill chunk 31/143 (21.7%) chunk=19.27 t/s avg=16.21 t/s 1.912s
0824 02:21:26 ds4-server: chat ctx=0..143:143 prefill chunk 32/143 (22.4%) chunk=19.73 t/s avg=16.30 t/s 1.963s
0824 02:21:26 ds4-server: chat ctx=0..143:143 prefill chunk 33/143 (23.1%) chunk=18.33 t/s avg=16.36 t/s 2.017s
0824 02:21:26 ds4-server: chat ctx=0..143:143 prefill chunk 34/143 (23.8%) chunk=19.01 t/s avg=16.43 t/s 2.070s
0824 02:21:26 ds4-server: chat ctx=0..143:143 prefill chunk 35/143 (24.5%) chunk=18.17 t/s avg=16.47 t/s 2.125s
0824 02:21:26 ds4-server: chat ctx=0..143:143 prefill chunk 36/143 (25.2%) chunk=18.78 t/s avg=16.53 t/s 2.178s
0824 02:21:26 ds4-server: chat ctx=0..143:143 prefill chunk 37/143 (25.9%) chunk=19.25 t/s avg=16.59 t/s 2.230s
0824 02:21:26 ds4-server: chat ctx=0..143:143 prefill chunk 38/143 (26.6%) chunk=18.60 t/s avg=16.64 t/s 2.284s
0824 02:21:26 ds4-server: chat ctx=0..143:143 prefill chunk 39/143 (27.3%) chunk=19.62 t/s avg=16.70 t/s 2.335s
0824 02:21:26 ds4-server: chat ctx=0..143:143 prefill chunk 40/143 (28.0%) chunk=18.44 t/s avg=16.74 t/s 2.389s
0824 02:21:26 ds4-server: chat ctx=0..143:143 prefill chunk 41/143 (28.7%) chunk=17.94 t/s avg=16.77 t/s 2.445s
0824 02:21:26 ds4-server: chat ctx=0..143:143 prefill chunk 42/143 (29.4%) chunk=18.52 t/s avg=16.81 t/s 2.499s
0824 02:21:27 ds4-server: chat ctx=0..143:143 prefill chunk 43/143 (30.1%) chunk=18.29 t/s avg=16.84 t/s 2.553s
0824 02:21:27 ds4-server: chat ctx=0..143:143 prefill chunk 44/143 (30.8%) chunk=17.79 t/s avg=16.86 t/s 2.610s
0824 02:21:27 ds4-server: chat ctx=0..143:143 prefill chunk 45/143 (31.5%) chunk=18.30 t/s avg=16.89 t/s 2.664s
0824 02:21:27 ds4-server: chat ctx=0..143:143 prefill chunk 46/143 (32.2%) chunk=18.35 t/s avg=16.92 t/s 2.719s
0824 02:21:27 ds4-server: chat ctx=0..143:143 prefill chunk 47/143 (32.9%) chunk=19.39 t/s avg=16.97 t/s 2.770s
0824 02:21:27 ds4-server: chat ctx=0..143:143 prefill chunk 48/143 (33.6%) chunk=17.81 t/s avg=16.98 t/s 2.826s
0824 02:21:27 ds4-server: chat ctx=0..143:143 prefill chunk 49/143 (34.3%) chunk=18.71 t/s avg=17.01 t/s 2.880s
0824 02:21:27 ds4-server: chat ctx=0..143:143 prefill chunk 50/143 (35.0%) chunk=19.33 t/s avg=17.06 t/s 2.932s
0824 02:21:27 ds4-server: chat ctx=0..143:143 prefill chunk 51/143 (35.7%) chunk=18.63 t/s avg=17.08 t/s 2.985s
0824 02:21:27 ds4-server: chat ctx=0..143:143 prefill chunk 52/143 (36.4%) chunk=19.10 t/s avg=17.12 t/s 3.038s
0824 02:21:27 ds4-server: chat ctx=0..143:143 prefill chunk 53/143 (37.1%) chunk=18.66 t/s avg=17.14 t/s 3.091s
0824 02:21:27 ds4-server: chat ctx=0..143:143 prefill chunk 54/143 (37.8%) chunk=19.11 t/s avg=17.18 t/s 3.144s
0824 02:21:27 ds4-server: chat ctx=0..143:143 prefill chunk 55/143 (38.5%) chunk=19.34 t/s avg=17.21 t/s 3.195s
0824 02:21:27 ds4-server: chat ctx=0..143:143 prefill chunk 56/143 (39.2%) chunk=18.41 t/s avg=17.23 t/s 3.250s
0824 02:21:27 ds4-server: chat ctx=0..143:143 prefill chunk 57/143 (39.9%) chunk=19.07 t/s avg=17.26 t/s 3.302s
0824 02:21:27 ds4-server: chat ctx=0..143:143 prefill chunk 58/143 (40.6%) chunk=18.60 t/s avg=17.28 t/s 3.356s
0824 02:21:27 ds4-server: chat ctx=0..143:143 prefill chunk 59/143 (41.3%) chunk=18.26 t/s avg=17.30 t/s 3.411s
0824 02:21:27 ds4-server: chat ctx=0..143:143 prefill chunk 60/143 (42.0%) chunk=18.83 t/s avg=17.32 t/s 3.464s
0824 02:21:27 ds4-server: chat ctx=0..143:143 prefill chunk 61/143 (42.7%) chunk=18.24 t/s avg=17.34 t/s 3.519s
0824 02:21:28 ds4-server: chat ctx=0..143:143 prefill chunk 62/143 (43.4%) chunk=19.22 t/s avg=17.36 t/s 3.571s
0824 02:21:28 ds4-server: chat ctx=0..143:143 prefill chunk 63/143 (44.1%) chunk=18.05 t/s avg=17.37 t/s 3.626s
0824 02:21:28 ds4-server: chat ctx=0..143:143 prefill chunk 64/143 (44.8%) chunk=18.01 t/s avg=17.38 t/s 3.682s
0824 02:21:28 ds4-server: chat ctx=0..143:143 prefill chunk 65/143 (45.5%) chunk=19.13 t/s avg=17.41 t/s 3.734s
0824 02:21:28 ds4-server: chat ctx=0..143:143 prefill chunk 66/143 (46.2%) chunk=18.48 t/s avg=17.42 t/s 3.788s
0824 02:21:28 ds4-server: chat ctx=0..143:143 prefill chunk 67/143 (46.9%) chunk=18.96 t/s avg=17.44 t/s 3.841s
0824 02:21:28 ds4-server: chat ctx=0..143:143 prefill chunk 68/143 (47.6%) chunk=19.02 t/s avg=17.47 t/s 3.893s
0824 02:21:28 ds4-server: chat ctx=0..143:143 prefill chunk 69/143 (48.3%) chunk=18.04 t/s avg=17.47 t/s 3.949s
0824 02:21:28 ds4-server: chat ctx=0..143:143 prefill chunk 70/143 (49.0%) chunk=19.19 t/s avg=17.50 t/s 4.001s
0824 02:21:28 ds4-server: chat ctx=0..143:143 prefill chunk 71/143 (49.7%) chunk=18.76 t/s avg=17.51 t/s 4.054s
0824 02:21:28 ds4-server: chat ctx=0..143:143 prefill chunk 72/143 (50.3%) chunk=18.76 t/s avg=17.53 t/s 4.107s
0824 02:21:28 ds4-server: chat ctx=0..143:143 prefill chunk 73/143 (51.0%) chunk=18.33 t/s avg=17.54 t/s 4.162s
0824 02:21:28 ds4-server: chat ctx=0..143:143 prefill chunk 74/143 (51.7%) chunk=18.09 t/s avg=17.55 t/s 4.217s
0824 02:21:28 ds4-server: chat ctx=0..143:143 prefill chunk 75/143 (52.4%) chunk=18.40 t/s avg=17.56 t/s 4.272s
0824 02:21:28 ds4-server: chat ctx=0..143:143 prefill chunk 76/143 (53.1%) chunk=18.12 t/s avg=17.57 t/s 4.327s
0824 02:21:28 ds4-server: chat ctx=0..143:143 prefill chunk 77/143 (53.8%) chunk=17.99 t/s avg=17.57 t/s 4.382s
0824 02:21:28 ds4-server: chat ctx=0..143:143 prefill chunk 78/143 (54.5%) chunk=18.67 t/s avg=17.58 t/s 4.436s
0824 02:21:28 ds4-server: chat ctx=0..143:143 prefill chunk 79/143 (55.2%) chunk=18.14 t/s avg=17.59 t/s 4.491s
0824 02:21:29 ds4-server: chat ctx=0..143:143 prefill chunk 80/143 (55.9%) chunk=17.61 t/s avg=17.59 t/s 4.548s
0824 02:21:29 ds4-server: chat ctx=0..143:143 prefill chunk 81/143 (56.6%) chunk=17.59 t/s avg=17.59 t/s 4.605s
0824 02:21:29 ds4-server: chat ctx=0..143:143 prefill chunk 82/143 (57.3%) chunk=18.35 t/s avg=17.60 t/s 4.659s
0824 02:21:29 ds4-server: chat ctx=0..143:143 prefill chunk 83/143 (58.0%) chunk=17.93 t/s avg=17.60 t/s 4.715s
0824 02:21:29 ds4-server: chat ctx=0..143:143 prefill chunk 84/143 (58.7%) chunk=18.19 t/s avg=17.61 t/s 4.770s
0824 02:21:29 ds4-server: chat ctx=0..143:143 prefill chunk 85/143 (59.4%) chunk=17.71 t/s avg=17.61 t/s 4.826s
0824 02:21:29 ds4-server: chat ctx=0..143:143 prefill chunk 86/143 (60.1%) chunk=17.51 t/s avg=17.61 t/s 4.883s
0824 02:21:29 ds4-server: chat ctx=0..143:143 prefill chunk 87/143 (60.8%) chunk=17.55 t/s avg=17.61 t/s 4.940s
0824 02:21:29 ds4-server: chat ctx=0..143:143 prefill chunk 88/143 (61.5%) chunk=18.36 t/s avg=17.62 t/s 4.995s
0824 02:21:29 ds4-server: chat ctx=0..143:143 prefill chunk 89/143 (62.2%) chunk=17.75 t/s avg=17.62 t/s 5.051s
0824 02:21:29 ds4-server: chat ctx=0..143:143 prefill chunk 90/143 (62.9%) chunk=18.22 t/s avg=17.63 t/s 5.106s
0824 02:21:29 ds4-server: chat ctx=0..143:143 prefill chunk 91/143 (63.6%) chunk=18.06 t/s avg=17.63 t/s 5.161s
0824 02:21:29 ds4-server: chat ctx=0..143:143 prefill chunk 92/143 (64.3%) chunk=17.58 t/s avg=17.63 t/s 5.218s
0824 02:21:29 ds4-server: chat ctx=0..143:143 prefill chunk 93/143 (65.0%) chunk=16.97 t/s avg=17.62 t/s 5.277s
0824 02:21:29 ds4-server: chat ctx=0..143:143 prefill chunk 94/143 (65.7%) chunk=18.68 t/s avg=17.63 t/s 5.331s
0824 02:21:29 ds4-server: chat ctx=0..143:143 prefill chunk 95/143 (66.4%) chunk=17.68 t/s avg=17.63 t/s 5.387s
0824 02:21:29 ds4-server: chat ctx=0..143:143 prefill chunk 96/143 (67.1%) chunk=17.36 t/s avg=17.63 t/s 5.445s
0824 02:21:29 ds4-server: chat ctx=0..143:143 prefill chunk 97/143 (67.8%) chunk=18.80 t/s avg=17.64 t/s 5.498s
0824 02:21:30 ds4-server: chat ctx=0..143:143 prefill chunk 98/143 (68.5%) chunk=17.65 t/s avg=17.64 t/s 5.555s
0824 02:21:30 ds4-server: chat ctx=0..143:143 prefill chunk 99/143 (69.2%) chunk=17.79 t/s avg=17.64 t/s 5.611s
0824 02:21:30 ds4-server: chat ctx=0..143:143 prefill chunk 100/143 (69.9%) chunk=18.01 t/s avg=17.65 t/s 5.667s
0824 02:21:30 ds4-server: chat ctx=0..143:143 prefill chunk 101/143 (70.6%) chunk=17.46 t/s avg=17.65 t/s 5.724s
0824 02:21:30 ds4-server: chat ctx=0..143:143 prefill chunk 102/143 (71.3%) chunk=17.87 t/s avg=17.65 t/s 5.780s
0824 02:21:30 ds4-server: chat ctx=0..143:143 prefill chunk 103/143 (72.0%) chunk=18.73 t/s avg=17.66 t/s 5.833s
0824 02:21:30 ds4-server: chat ctx=0..143:143 prefill chunk 104/143 (72.7%) chunk=18.21 t/s avg=17.66 t/s 5.888s
0824 02:21:30 ds4-server: chat ctx=0..143:143 prefill chunk 105/143 (73.4%) chunk=18.05 t/s avg=17.67 t/s 5.943s
0824 02:21:30 ds4-server: chat ctx=0..143:143 prefill chunk 106/143 (74.1%) chunk=18.81 t/s avg=17.68 t/s 5.997s
0824 02:21:30 ds4-server: chat ctx=0..143:143 prefill chunk 107/143 (74.8%) chunk=18.57 t/s avg=17.68 t/s 6.050s
0824 02:21:30 ds4-server: chat ctx=0..143:143 prefill chunk 108/143 (75.5%) chunk=19.44 t/s avg=17.70 t/s 6.102s
0824 02:21:30 ds4-server: chat ctx=0..143:143 prefill chunk 109/143 (76.2%) chunk=18.20 t/s avg=17.70 t/s 6.157s
0824 02:21:30 ds4-server: chat ctx=0..143:143 prefill chunk 110/143 (76.9%) chunk=18.74 t/s avg=17.71 t/s 6.210s
0824 02:21:30 ds4-server: chat ctx=0..143:143 prefill chunk 111/143 (77.6%) chunk=19.13 t/s avg=17.72 t/s 6.263s
0824 02:21:30 ds4-server: chat ctx=0..143:143 prefill chunk 112/143 (78.3%) chunk=17.95 t/s avg=17.73 t/s 6.318s
0824 02:21:30 ds4-server: chat ctx=0..143:143 prefill chunk 113/143 (79.0%) chunk=18.78 t/s avg=17.74 t/s 6.371s
0824 02:21:30 ds4-server: chat ctx=0..143:143 prefill chunk 114/143 (79.7%) chunk=17.79 t/s avg=17.74 t/s 6.428s
0824 02:21:30 ds4-server: chat ctx=0..143:143 prefill chunk 115/143 (80.4%) chunk=18.59 t/s avg=17.74 t/s 6.481s
ds4: qwen35moe experts/token avg over 128 tokens: 0:13.9 1:15.0 2:14.8 3:15.5 4:14.8 5:15.1 6:14.9 7:15.5 8:15.5 9:14.9 10:14.9 11:14.6 12:15.4 13:14.5 14:15.4 15:15.5 16:15.9 17:14.7 18:15.2 19:15.7 20:15.9 21:15.3 22:15.8 23:16.2 24:16.7 25:16.0 26:15.7 27:16.0 28:16.3 29:16.3 30:16.5 31:16.9 32:16.8 33:17.0 34:17.1 35:18.7 36:19.2 37:18.8 38:19.2 39:18.3 | mean 16.0
0824 02:21:30 ds4-server: chat ctx=0..143:143 prefill chunk 116/143 (81.1%) chunk=18.44 t/s avg=17.75 t/s 6.536s
0824 02:21:31 ds4-server: chat ctx=0..143:143 prefill chunk 117/143 (81.8%) chunk=17.61 t/s avg=17.75 t/s 6.592s
0824 02:21:31 ds4-server: chat ctx=0..143:143 prefill chunk 118/143 (82.5%) chunk=19.07 t/s avg=17.76 t/s 6.645s
0824 02:21:31 ds4-server: chat ctx=0..143:143 prefill chunk 119/143 (83.2%) chunk=17.91 t/s avg=17.76 t/s 6.701s
0824 02:21:31 ds4-server: chat ctx=0..143:143 prefill chunk 120/143 (83.9%) chunk=18.22 t/s avg=17.76 t/s 6.756s
0824 02:21:31 ds4-server: chat ctx=0..143:143 prefill chunk 121/143 (84.6%) chunk=17.90 t/s avg=17.76 t/s 6.812s
0824 02:21:31 ds4-server: chat ctx=0..143:143 prefill chunk 122/143 (85.3%) chunk=18.78 t/s avg=17.77 t/s 6.865s
0824 02:21:31 ds4-server: chat ctx=0..143:143 prefill chunk 123/143 (86.0%) chunk=18.34 t/s avg=17.78 t/s 6.919s
0824 02:21:31 ds4-server: chat ctx=0..143:143 prefill chunk 124/143 (86.7%) chunk=18.33 t/s avg=17.78 t/s 6.974s
0824 02:21:31 ds4-server: chat ctx=0..143:143 prefill chunk 125/143 (87.4%) chunk=18.16 t/s avg=17.78 t/s 7.029s
0824 02:21:31 ds4-server: chat ctx=0..143:143 prefill chunk 126/143 (88.1%) chunk=17.73 t/s avg=17.78 t/s 7.085s
0824 02:21:31 ds4-server: chat ctx=0..143:143 prefill chunk 127/143 (88.8%) chunk=17.03 t/s avg=17.78 t/s 7.144s
0824 02:21:31 ds4-server: chat ctx=0..143:143 prefill chunk 128/143 (89.5%) chunk=17.77 t/s avg=17.78 t/s 7.200s
0824 02:21:31 ds4-server: chat ctx=0..143:143 prefill chunk 129/143 (90.2%) chunk=17.71 t/s avg=17.78 t/s 7.257s
0824 02:21:31 ds4-server: chat ctx=0..143:143 prefill chunk 130/143 (90.9%) chunk=17.36 t/s avg=17.77 t/s 7.314s
0824 02:21:31 ds4-server: chat ctx=0..143:143 prefill chunk 131/143 (91.6%) chunk=18.04 t/s avg=17.78 t/s 7.370s
0824 02:21:31 ds4-server: chat ctx=0..143:143 prefill chunk 132/143 (92.3%) chunk=17.80 t/s avg=17.78 t/s 7.426s
0824 02:21:31 ds4-server: chat ctx=0..143:143 prefill chunk 133/143 (93.0%) chunk=17.82 t/s avg=17.78 t/s 7.482s
0824 02:21:32 ds4-server: chat ctx=0..143:143 prefill chunk 134/143 (93.7%) chunk=18.13 t/s avg=17.78 t/s 7.537s
0824 02:21:32 ds4-server: chat ctx=0..143:143 prefill chunk 135/143 (94.4%) chunk=18.44 t/s avg=17.78 t/s 7.591s
0824 02:21:32 ds4-server: chat ctx=0..143:143 prefill chunk 136/143 (95.1%) chunk=18.14 t/s avg=17.79 t/s 7.647s
0824 02:21:32 ds4-server: chat ctx=0..143:143 prefill chunk 137/143 (95.8%) chunk=19.08 t/s avg=17.79 t/s 7.699s
0824 02:21:32 ds4-server: chat ctx=0..143:143 prefill chunk 138/143 (96.5%) chunk=18.32 t/s avg=17.80 t/s 7.754s
0824 02:21:32 ds4-server: chat ctx=0..143:143 prefill chunk 139/143 (97.2%) chunk=18.93 t/s avg=17.81 t/s 7.806s
0824 02:21:32 ds4-server: chat ctx=0..143:143 prefill chunk 140/143 (97.9%) chunk=18.98 t/s avg=17.81 t/s 7.859s
0824 02:21:32 ds4-server: chat ctx=0..143:143 prefill chunk 141/143 (98.6%) chunk=17.88 t/s avg=17.81 t/s 7.915s
0824 02:21:32 ds4-server: chat ctx=0..143:143 prefill chunk 142/143 (99.3%) chunk=20.38 t/s avg=17.83 t/s 7.964s
0824 02:21:32 ds4-server: chat ctx=0..143:143 prefill chunk 143/143 (100.0%) chunk=19.64 t/s avg=17.84 t/s 8.015s
0824 02:21:32 ds4-server: chat ctx=0..143:143 prompt done 8.015s
0824 02:21:35 ds4-server: chat ctx=143..193:50 gen=50 THINKING decoding chunk=18.48 t/s avg=18.48 t/s 2.706s
0824 02:21:37 ds4-server: chat ctx=193..243:50 gen=100 THINKING decoding chunk=18.06 t/s avg=18.27 t/s 5.474s
ds4: qwen35moe experts/token avg over 128 tokens: 0:14.3 1:14.8 2:14.6 3:15.5 4:14.9 5:15.5 6:15.0 7:15.6 8:16.3 9:15.4 10:14.8 11:14.1 12:15.7 13:15.5 14:15.2 15:15.1 16:16.0 17:14.9 18:15.5 19:15.6 20:16.3 21:15.5 22:15.9 23:15.2 24:16.7 25:15.7 26:16.0 27:15.7 28:15.8 29:15.6 30:16.0 31:16.5 32:15.3 33:16.1 34:16.5 35:17.6 36:18.2 37:18.8 38:19.1 39:18.1 | mean 15.9
0824 02:21:40 ds4-server: chat ctx=243..293:50 gen=150 THINKING decoding chunk=17.88 t/s avg=18.14 t/s 8.271s
0824 02:21:43 ds4-server: chat ctx=293..343:50 gen=200 THINKING decoding chunk=17.20 t/s avg=17.89 t/s 11.178s
ds4: qwen35moe experts/token avg over 128 tokens: 0:15.3 1:15.4 2:16.0 3:16.6 4:15.9 5:16.7 6:16.7 7:17.2 8:17.3 9:15.8 10:15.7 11:14.6 12:15.5 13:16.4 14:16.1 15:16.5 16:16.8 17:15.7 18:16.3 19:16.3 20:17.3 21:16.2 22:16.0 23:16.7 24:17.1 25:16.7 26:17.0 27:16.4 28:16.6 29:17.1 30:16.6 31:16.7 32:17.1 33:17.0 34:16.8 35:18.0 36:18.0 37:18.8 38:18.9 39:18.2 | mean 16.7
0824 02:21:46 ds4-server: chat ctx=343..393:50 gen=250 THINKING decoding chunk=18.05 t/s avg=17.92 t/s 13.948s
0824 02:21:49 ds4-server: chat ctx=393..443:50 gen=300 THINKING decoding chunk=17.13 t/s avg=17.79 t/s 16.867s
0824 02:21:52 ds4-server: chat ctx=443..493:50 gen=350 THINKING decoding chunk=17.03 t/s avg=17.67 t/s 19.803s
ds4: qwen35moe experts/token avg over 128 tokens: 0:14.3 1:16.2 2:16.1 3:16.7 4:16.0 5:16.8 6:16.5 7:17.0 8:17.6 9:16.2 10:16.2 11:15.5 12:17.2 13:16.9 14:17.1 15:17.4 16:17.7 17:16.6 18:17.1 19:17.2 20:17.8 21:17.4 22:16.7 23:17.4 24:17.8 25:17.9 26:17.9 27:17.2 28:17.4 29:17.2 30:18.2 31:18.2 32:17.5 33:17.8 34:18.2 35:19.0 36:19.2 37:19.3 38:19.8 39:19.5 | mean 17.3
0824 02:21:55 ds4-server: chat ctx=493..543:50 gen=400 THINKING decoding chunk=17.32 t/s avg=17.63 t/s 22.689s
0824 02:21:58 ds4-server: chat ctx=543..593:50 gen=450 THINKING decoding chunk=17.64 t/s avg=17.63 t/s 25.523s
ds4: qwen35moe experts/token avg over 128 tokens: 0:14.8 1:14.3 2:14.6 3:15.5 4:15.4 5:16.1 6:16.2 7:16.6 8:17.3 9:16.9 10:15.4 11:15.1 12:16.5 13:15.8 14:16.3 15:15.8 16:16.5 17:15.5 18:16.3 19:16.2 20:17.0 21:16.3 22:16.1 23:16.1 24:16.2 25:15.7 26:17.0 27:15.3 28:16.4 29:15.7 30:16.1 31:16.2 32:15.5 33:15.7 34:15.2 35:16.7 36:17.3 37:17.2 38:18.4 39:16.8 | mean 16.1
0824 02:22:00 ds4-server: chat ctx=593..643:50 gen=500 THINKING decoding chunk=17.38 t/s avg=17.61 t/s 28.400s
0824 02:22:03 ds4-server: chat ctx=643..693:50 gen=550 THINKING decoding chunk=17.73 t/s avg=17.62 t/s 31.219s
0824 02:22:06 ds4-server: chat ctx=693..743:50 gen=600 THINKING decoding chunk=16.47 t/s avg=17.52 t/s 34.255s
ds4: qwen35moe experts/token avg over 128 tokens: 0:14.2 1:15.4 2:15.4 3:16.1 4:15.9 5:16.1 6:16.0 7:16.3 8:17.1 9:16.6 10:15.6 11:15.9 12:16.4 13:16.5 14:17.1 15:17.1 16:17.1 17:15.8 18:16.5 19:16.4 20:16.9 21:17.0 22:16.2 23:16.4 24:16.9 25:16.4 26:17.1 27:16.3 28:16.7 29:16.0 30:16.6 31:17.0 32:16.5 33:16.6 34:16.6 35:17.1 36:17.4 37:18.0 38:18.3 39:17.6 | mean 16.5
0824 02:22:09 ds4-server: chat ctx=743..793:50 gen=650 THINKING decoding chunk=16.27 t/s avg=17.41 t/s 37.328s
0824 02:22:12 ds4-server: chat ctx=793..843:50 gen=700 THINKING decoding chunk=17.44 t/s avg=17.41 t/s 40.195s
ds4: qwen35moe experts/token avg over 128 tokens: 0:14.3 1:15.2 2:15.0 3:16.1 4:16.0 5:15.8 6:15.7 7:15.9 8:17.0 9:17.0 10:14.9 11:15.6 12:16.7 13:15.3 14:16.6 15:16.1 16:16.8 17:15.8 18:16.8 19:16.4 20:17.4 21:16.7 22:15.8 23:16.1 24:16.4 25:15.6 26:16.6 27:16.1 28:16.6 29:16.3 30:16.4 31:16.7 32:16.9 33:16.2 34:16.5 35:17.3 36:17.3 37:17.8 38:18.5 39:17.6 | mean 16.3
0824 02:22:15 ds4-server: chat ctx=843..893:50 gen=750 THINKING decoding chunk=16.75 t/s avg=17.37 t/s 43.181s
0824 02:22:18 ds4-server: chat ctx=893..943:50 gen=800 THINKING decoding chunk=17.08 t/s avg=17.35 t/s 46.109s
0824 02:22:21 ds4-server: chat ctx=943..993:50 gen=850 THINKING decoding chunk=16.37 t/s avg=17.29 t/s 49.163s
ds4: qwen35moe experts/token avg over 128 tokens: 0:14.1 1:15.4 2:15.4 3:16.7 4:16.2 5:16.3 6:16.2 7:16.4 8:17.0 9:16.6 10:15.5 11:15.5 12:16.6 13:16.3 14:16.9 15:16.2 16:16.9 17:16.4 18:16.2 19:16.9 20:17.5 21:17.1 22:16.0 23:16.4 24:16.9 25:16.0 26:17.1 27:16.2 28:16.9 29:16.6 30:16.5 31:16.8 32:16.6 33:16.3 34:16.4 35:17.4 36:17.9 37:18.1 38:18.5 39:17.9 | mean 16.6
0824 02:22:24 ds4-server: chat ctx=993..1043:50 gen=900 THINKING decoding chunk=15.94 t/s avg=17.21 t/s 52.300s
0824 02:22:27 ds4-server: chat ctx=1043..1093:50 gen=950 THINKING decoding chunk=16.26 t/s avg=17.16 t/s 55.376s
ds4: qwen35moe experts/token avg over 128 tokens: 0:14.5 1:16.4 2:16.0 3:17.4 4:16.5 5:17.1 6:17.0 7:17.2 8:17.5 9:16.8 10:16.5 11:16.5 12:17.2 13:17.7 14:17.9 15:18.2 16:18.3 17:17.9 18:18.2 19:17.8 20:18.1 21:18.0 22:17.5 23:17.8 24:18.2 25:17.9 26:18.1 27:17.6 28:18.2 29:18.5 30:18.3 31:18.8 32:18.2 33:18.4 34:18.4 35:19.1 36:19.4 37:19.4 38:19.6 39:19.1 | mean 17.8
0824 02:22:31 ds4-server: chat ctx=1093..1143:50 gen=1000 THINKING decoding chunk=15.86 t/s avg=17.09 t/s 58.529s
0824 02:22:34 ds4-server: chat ctx=1143..1193:50 gen=1050 THINKING decoding chunk=15.60 t/s avg=17.01 t/s 61.735s
0824 02:22:37 ds4-server: chat ctx=1193..1243:50 gen=1100 THINKING decoding chunk=16.64 t/s avg=16.99 t/s 64.739s
ds4: qwen35moe experts/token avg over 128 tokens: 0:14.3 1:15.8 2:15.8 3:16.9 4:16.7 5:16.2 6:16.8 7:16.8 8:17.5 9:16.8 10:15.7 11:15.7 12:16.6 13:16.2 14:17.6 15:16.6 16:17.5 17:17.1 18:17.1 19:16.8 20:17.7 21:17.2 22:16.5 23:16.6 24:16.8 25:16.3 26:17.6 27:16.8 28:17.6 29:17.1 30:17.0 31:17.7 32:17.4 33:16.9 34:16.7 35:17.4 36:17.7 37:18.0 38:18.6 39:18.3 | mean 16.9
0824 02:22:40 ds4-server: chat ctx=1243..1293:50 gen=1150 THINKING decoding chunk=16.38 t/s avg=16.96 t/s 67.791s
0824 02:22:43 ds4-server: chat ctx=1293..1343:50 gen=1200 THINKING decoding chunk=16.01 t/s avg=16.92 t/s 70.915s
0824 02:22:46 ds4-server: chat ctx=1343..1393:50 gen=1250 THINKING decoding chunk=15.37 t/s avg=16.85 t/s 74.168s
ds4: qwen35moe experts/token avg over 128 tokens: 0:14.2 1:15.5 2:15.2 3:16.8 4:16.4 5:16.9 6:16.7 7:16.8 8:17.6 9:17.3 10:16.2 11:16.4 12:17.7 13:16.9 14:18.0 15:17.4 16:17.6 17:17.4 18:17.2 19:17.0 20:17.8 21:17.3 22:16.4 23:16.9 24:17.3 25:17.0 26:17.5 27:17.1 28:17.6 29:17.3 30:17.3 31:17.7 32:17.3 33:17.1 34:17.0 35:18.1 36:18.3 37:18.5 38:18.7 39:18.2 | mean 17.1
0824 02:22:49 ds4-server: chat ctx=1393..1443:50 gen=1300 THINKING decoding chunk=15.24 t/s avg=16.79 t/s 77.449s
0824 02:22:53 ds4-server: chat ctx=1443..1493:50 gen=1350 THINKING decoding chunk=15.20 t/s avg=16.72 t/s 80.737s
ds4: qwen35moe experts/token avg over 128 tokens: 0:14.8 1:16.5 2:16.5 3:17.4 4:17.0 5:17.8 6:18.0 7:18.0 8:18.2 9:17.4 10:16.9 11:16.9 12:17.9 13:18.2 14:18.8 15:18.8 16:19.0 17:18.8 18:18.9 19:18.8 20:19.0 21:18.6 22:17.8 23:18.4 24:18.8 25:18.4 26:18.7 27:18.0 28:18.6 29:18.9 30:18.7 31:19.1 32:18.7 33:19.0 34:19.1 35:19.3 36:19.6 37:19.4 38:19.6 39:19.4 | mean 18.3
0824 02:22:56 ds4-server: chat ctx=1493..1543:50 gen=1400 THINKING decoding chunk=15.82 t/s avg=16.69 t/s 83.898s
0824 02:22:59 ds4-server: chat ctx=1543..1593:50 gen=1450 decoding chunk=15.85 t/s avg=16.66 t/s 87.052s
0824 02:23:02 ds4-server: chat ctx=1593..1643:50 gen=1500 decoding chunk=15.03 t/s avg=16.60 t/s 90.379s
ds4: qwen35moe experts/token avg over 128 tokens: 0:14.7 1:15.7 2:15.4 3:16.7 4:16.6 5:16.7 6:16.2 7:17.0 8:17.1 9:16.9 10:16.3 11:16.2 12:17.0 13:17.2 14:17.6 15:17.4 16:17.4 17:17.5 18:17.8 19:17.3 20:17.9 21:17.7 22:16.9 23:16.7 24:16.9 25:17.4 26:17.2 27:17.0 28:17.2 29:17.1 30:16.9 31:17.7 32:17.2 33:17.2 34:17.3 35:17.7 36:18.1 37:18.4 38:18.8 39:18.2 | mean 17.1
0824 02:23:06 ds4-server: chat ctx=1643..1693:50 gen=1550 decoding chunk=14.86 t/s avg=16.53 t/s 93.745s
0824 02:23:09 ds4-server: chat ctx=1693..1743:50 gen=1600 decoding chunk=14.90 t/s avg=16.48 t/s 97.101s
0824 02:23:11 ds4-server: chat ctx=1743..1773:30 gen=1630 decoding chunk=14.71 t/s avg=16.44 t/s 99.141s
0824 02:23:11 ds4-server: thinking live checkpoint remembered ctx=0..143:143 live=1773 visible=1174
0824 02:23:11 ds4-server: chat ctx=0..143:143 gen=1630 finish=stop 107.156s
0824 02:23:14 ds4-server: live kv cache miss live=1773 prompt=205 common=35 reason=token-mismatch
0824 02:23:14 ds4-server: chat ctx=0..205:205 prompt start
0824 02:23:14 ds4-server: chat ctx=0..205:205 prefill chunk 1/205 (0.5%) chunk=0.00 t/s avg=3.02 t/s 0.331s
0824 02:23:14 ds4-server: chat ctx=0..205:205 prefill chunk 2/205 (1.0%) chunk=19.80 t/s avg=5.24 t/s 0.381s
0824 02:23:14 ds4-server: chat ctx=0..205:205 prefill chunk 3/205 (1.5%) chunk=19.01 t/s avg=6.91 t/s 0.434s
0824 02:23:14 ds4-server: chat ctx=0..205:205 prefill chunk 4/205 (2.0%) chunk=19.65 t/s avg=8.25 t/s 0.485s
0824 02:23:14 ds4-server: chat ctx=0..205:205 prefill chunk 5/205 (2.4%) chunk=18.53 t/s avg=9.28 t/s 0.539s
0824 02:23:14 ds4-server: chat ctx=0..205:205 prefill chunk 6/205 (2.9%) chunk=19.82 t/s avg=10.18 t/s 0.589s
ds4: qwen35moe experts/token avg over 128 tokens: 0:14.9 1:16.8 2:16.7 3:17.8 4:17.4 5:17.9 6:18.0 7:18.1 8:18.2 9:17.7 10:17.5 11:17.4 12:18.1 13:18.8 14:19.1 15:19.1 16:19.2 17:19.0 18:19.4 19:19.2 20:19.5 21:19.2 22:18.9 23:18.9 24:18.9 25:19.1 26:19.1 27:18.8 28:19.2 29:19.3 30:19.4 31:19.5 32:19.1 33:19.5 34:19.6 35:19.7 36:19.7 37:19.6 38:19.8 39:19.6 | mean 18.7
0824 02:23:14 ds4-server: chat ctx=0..205:205 prefill chunk 7/205 (3.4%) chunk=18.62 t/s avg=10.89 t/s 0.643s
0824 02:23:14 ds4-server: chat ctx=0..205:205 prefill chunk 8/205 (3.9%) chunk=18.58 t/s avg=11.48 t/s 0.697s
0824 02:23:14 ds4-server: chat ctx=0..205:205 prefill chunk 9/205 (4.4%) chunk=19.47 t/s avg=12.03 t/s 0.748s
0824 02:23:14 ds4-server: chat ctx=0..205:205 prefill chunk 10/205 (4.9%) chunk=18.71 t/s avg=12.47 t/s 0.802s
0824 02:23:14 ds4-server: chat ctx=0..205:205 prefill chunk 11/205 (5.4%) chunk=19.43 t/s avg=12.89 t/s 0.853s
0824 02:23:14 ds4-server: chat ctx=0..205:205 prefill chunk 12/205 (5.9%) chunk=18.85 t/s avg=13.24 t/s 0.906s
0824 02:23:14 ds4-server: chat ctx=0..205:205 prefill chunk 13/205 (6.3%) chunk=19.50 t/s avg=13.58 t/s 0.957s
0824 02:23:15 ds4-server: chat ctx=0..205:205 prefill chunk 14/205 (6.8%) chunk=18.90 t/s avg=13.86 t/s 1.010s
0824 02:23:15 ds4-server: chat ctx=0..205:205 prefill chunk 15/205 (7.3%) chunk=18.96 t/s avg=14.11 t/s 1.063s
0824 02:23:15 ds4-server: chat ctx=0..205:205 prefill chunk 16/205 (7.8%) chunk=19.47 t/s avg=14.36 t/s 1.114s
0824 02:23:15 ds4-server: chat ctx=0..205:205 prefill chunk 17/205 (8.3%) chunk=18.62 t/s avg=14.55 t/s 1.168s
0824 02:23:15 ds4-server: chat ctx=0..205:205 prefill chunk 18/205 (8.8%) chunk=18.84 t/s avg=14.74 t/s 1.221s
0824 02:23:15 ds4-server: chat ctx=0..205:205 prefill chunk 19/205 (9.3%) chunk=18.80 t/s avg=14.91 t/s 1.274s
0824 02:23:15 ds4-server: chat ctx=0..205:205 prefill chunk 20/205 (9.8%) chunk=18.62 t/s avg=15.06 t/s 1.328s
0824 02:23:15 ds4-server: chat ctx=0..205:205 prefill chunk 21/205 (10.2%) chunk=19.49 t/s avg=15.22 t/s 1.379s
0824 02:23:15 ds4-server: chat ctx=0..205:205 prefill chunk 22/205 (10.7%) chunk=17.95 t/s avg=15.33 t/s 1.435s
0824 02:23:15 ds4-server: chat ctx=0..205:205 prefill chunk 23/205 (11.2%) chunk=19.55 t/s avg=15.48 t/s 1.486s
0824 02:23:15 ds4-server: chat ctx=0..205:205 prefill chunk 24/205 (11.7%) chunk=18.87 t/s avg=15.59 t/s 1.539s
0824 02:23:15 ds4-server: chat ctx=0..205:205 prefill chunk 25/205 (12.2%) chunk=18.64 t/s avg=15.69 t/s 1.593s
0824 02:23:15 ds4-server: chat ctx=0..205:205 prefill chunk 26/205 (12.7%) chunk=19.32 t/s avg=15.81 t/s 1.645s
0824 02:23:15 ds4-server: chat ctx=0..205:205 prefill chunk 27/205 (13.2%) chunk=17.87 t/s avg=15.88 t/s 1.701s
0824 02:23:15 ds4-server: chat ctx=0..205:205 prefill chunk 28/205 (13.7%) chunk=18.40 t/s avg=15.95 t/s 1.755s
0824 02:23:15 ds4-server: chat ctx=0..205:205 prefill chunk 29/205 (14.1%) chunk=18.38 t/s avg=16.03 t/s 1.809s
0824 02:23:15 ds4-server: chat ctx=0..205:205 prefill chunk 30/205 (14.6%) chunk=18.64 t/s avg=16.10 t/s 1.863s
0824 02:23:15 ds4-server: chat ctx=0..205:205 prefill chunk 31/205 (15.1%) chunk=20.04 t/s avg=16.21 t/s 1.913s
0824 02:23:15 ds4-server: chat ctx=0..205:205 prefill chunk 32/205 (15.6%) chunk=19.14 t/s avg=16.28 t/s 1.965s
0824 02:23:16 ds4-server: chat ctx=0..205:205 prefill chunk 33/205 (16.1%) chunk=19.15 t/s avg=16.36 t/s 2.017s
0824 02:23:16 ds4-server: chat ctx=0..205:205 prefill chunk 34/205 (16.6%) chunk=18.30 t/s avg=16.41 t/s 2.072s
0824 02:23:16 ds4-server: chat ctx=0..205:205 prefill chunk 35/205 (17.1%) chunk=18.60 t/s avg=16.46 t/s 2.126s
0824 02:23:16 ds4-server: chat ctx=0..205:205 prefill chunk 36/205 (17.6%) chunk=18.21 t/s avg=16.51 t/s 2.181s
0824 02:23:16 ds4-server: chat ctx=0..205:205 prefill chunk 37/205 (18.0%) chunk=18.57 t/s avg=16.56 t/s 2.235s
0824 02:23:16 ds4-server: chat ctx=0..205:205 prefill chunk 38/205 (18.5%) chunk=19.21 t/s avg=16.62 t/s 2.287s
0824 02:23:16 ds4-server: chat ctx=0..205:205 prefill chunk 39/205 (19.0%) chunk=18.52 t/s avg=16.66 t/s 2.341s
0824 02:23:16 ds4-server: chat ctx=0..205:205 prefill chunk 40/205 (19.5%) chunk=18.96 t/s avg=16.71 t/s 2.393s
0824 02:23:16 ds4-server: chat ctx=0..205:205 prefill chunk 41/205 (20.0%) chunk=19.11 t/s avg=16.76 t/s 2.446s
0824 02:23:16 ds4-server: chat ctx=0..205:205 prefill chunk 42/205 (20.5%) chunk=18.96 t/s avg=16.81 t/s 2.498s
0824 02:23:16 ds4-server: chat ctx=0..205:205 prefill chunk 43/205 (21.0%) chunk=20.00 t/s avg=16.87 t/s 2.548s
0824 02:23:16 ds4-server: chat ctx=0..205:205 prefill chunk 44/205 (21.5%) chunk=18.51 t/s avg=16.91 t/s 2.602s
0824 02:23:16 ds4-server: chat ctx=0..205:205 prefill chunk 45/205 (22.0%) chunk=18.67 t/s avg=16.94 t/s 2.656s
0824 02:23:16 ds4-server: chat ctx=0..205:205 prefill chunk 46/205 (22.4%) chunk=17.75 t/s avg=16.96 t/s 2.712s
0824 02:23:16 ds4-server: chat ctx=0..205:205 prefill chunk 47/205 (22.9%) chunk=17.85 t/s avg=16.98 t/s 2.768s
0824 02:23:16 ds4-server: chat ctx=0..205:205 prefill chunk 48/205 (23.4%) chunk=19.00 t/s avg=17.02 t/s 2.821s
0824 02:23:16 ds4-server: chat ctx=0..205:205 prefill chunk 49/205 (23.9%) chunk=17.59 t/s avg=17.03 t/s 2.878s
0824 02:23:16 ds4-server: chat ctx=0..205:205 prefill chunk 50/205 (24.4%) chunk=18.00 t/s avg=17.05 t/s 2.933s
0824 02:23:16 ds4-server: chat ctx=0..205:205 prefill chunk 51/205 (24.9%) chunk=18.13 t/s avg=17.07 t/s 2.989s
0824 02:23:17 ds4-server: chat ctx=0..205:205 prefill chunk 52/205 (25.4%) chunk=17.93 t/s avg=17.08 t/s 3.044s
0824 02:23:17 ds4-server: chat ctx=0..205:205 prefill chunk 53/205 (25.9%) chunk=17.89 t/s avg=17.10 t/s 3.100s
0824 02:23:17 ds4-server: chat ctx=0..205:205 prefill chunk 54/205 (26.3%) chunk=18.41 t/s avg=17.12 t/s 3.154s
0824 02:23:17 ds4-server: chat ctx=0..205:205 prefill chunk 55/205 (26.8%) chunk=18.88 t/s avg=17.15 t/s 3.207s
0824 02:23:17 ds4-server: chat ctx=0..205:205 prefill chunk 56/205 (27.3%) chunk=18.10 t/s avg=17.16 t/s 3.263s
0824 02:23:17 ds4-server: chat ctx=0..205:205 prefill chunk 57/205 (27.8%) chunk=19.45 t/s avg=17.20 t/s 3.314s
0824 02:23:17 ds4-server: chat ctx=0..205:205 prefill chunk 58/205 (28.3%) chunk=18.81 t/s avg=17.22 t/s 3.367s
0824 02:23:17 ds4-server: chat ctx=0..205:205 prefill chunk 59/205 (28.8%) chunk=19.56 t/s avg=17.26 t/s 3.418s
0824 02:23:17 ds4-server: chat ctx=0..205:205 prefill chunk 60/205 (29.3%) chunk=18.87 t/s avg=17.28 t/s 3.471s
0824 02:23:17 ds4-server: chat ctx=0..205:205 prefill chunk 61/205 (29.8%) chunk=19.75 t/s avg=17.32 t/s 3.522s
0824 02:23:17 ds4-server: chat ctx=0..205:205 prefill chunk 62/205 (30.2%) chunk=18.20 t/s avg=17.33 t/s 3.577s
0824 02:23:17 ds4-server: chat ctx=0..205:205 prefill chunk 63/205 (30.7%) chunk=18.80 t/s avg=17.35 t/s 3.630s
0824 02:23:17 ds4-server: chat ctx=0..205:205 prefill chunk 64/205 (31.2%) chunk=19.37 t/s avg=17.38 t/s 3.682s
0824 02:23:17 ds4-server: chat ctx=0..205:205 prefill chunk 65/205 (31.7%) chunk=18.64 t/s avg=17.40 t/s 3.735s
0824 02:23:17 ds4-server: chat ctx=0..205:205 prefill chunk 66/205 (32.2%) chunk=19.22 t/s avg=17.43 t/s 3.787s
0824 02:23:17 ds4-server: chat ctx=0..205:205 prefill chunk 67/205 (32.7%) chunk=18.00 t/s avg=17.43 t/s 3.843s
0824 02:23:17 ds4-server: chat ctx=0..205:205 prefill chunk 68/205 (33.2%) chunk=18.25 t/s avg=17.45 t/s 3.898s
0824 02:23:17 ds4-server: chat ctx=0..205:205 prefill chunk 69/205 (33.7%) chunk=18.85 t/s avg=17.46 t/s 3.951s
0824 02:23:18 ds4-server: chat ctx=0..205:205 prefill chunk 70/205 (34.1%) chunk=18.22 t/s avg=17.47 t/s 4.006s
0824 02:23:18 ds4-server: chat ctx=0..205:205 prefill chunk 71/205 (34.6%) chunk=18.81 t/s avg=17.49 t/s 4.059s
0824 02:23:18 ds4-server: chat ctx=0..205:205 prefill chunk 72/205 (35.1%) chunk=18.59 t/s avg=17.51 t/s 4.113s
0824 02:23:18 ds4-server: chat ctx=0..205:205 prefill chunk 73/205 (35.6%) chunk=18.86 t/s avg=17.52 t/s 4.166s
0824 02:23:18 ds4-server: chat ctx=0..205:205 prefill chunk 74/205 (36.1%) chunk=19.01 t/s avg=17.54 t/s 4.218s
0824 02:23:18 ds4-server: chat ctx=0..205:205 prefill chunk 75/205 (36.6%) chunk=18.45 t/s avg=17.55 t/s 4.273s
0824 02:23:18 ds4-server: chat ctx=0..205:205 prefill chunk 76/205 (37.1%) chunk=19.03 t/s avg=17.57 t/s 4.325s
0824 02:23:18 ds4-server: chat ctx=0..205:205 prefill chunk 77/205 (37.6%) chunk=18.80 t/s avg=17.59 t/s 4.378s
0824 02:23:18 ds4-server: chat ctx=0..205:205 prefill chunk 78/205 (38.0%) chunk=18.40 t/s avg=17.60 t/s 4.433s
0824 02:23:18 ds4-server: chat ctx=0..205:205 prefill chunk 79/205 (38.5%) chunk=19.46 t/s avg=17.62 t/s 4.484s
0824 02:23:18 ds4-server: chat ctx=0..205:205 prefill chunk 80/205 (39.0%) chunk=18.04 t/s avg=17.62 t/s 4.539s
0824 02:23:18 ds4-server: chat ctx=0..205:205 prefill chunk 81/205 (39.5%) chunk=19.08 t/s avg=17.64 t/s 4.592s
0824 02:23:18 ds4-server: chat ctx=0..205:205 prefill chunk 82/205 (40.0%) chunk=18.67 t/s avg=17.65 t/s 4.645s
0824 02:23:18 ds4-server: chat ctx=0..205:205 prefill chunk 83/205 (40.5%) chunk=18.40 t/s avg=17.66 t/s 4.700s
0824 02:23:18 ds4-server: chat ctx=0..205:205 prefill chunk 84/205 (41.0%) chunk=18.75 t/s avg=17.67 t/s 4.753s
0824 02:23:18 ds4-server: chat ctx=0..205:205 prefill chunk 85/205 (41.5%) chunk=18.43 t/s avg=17.68 t/s 4.807s
0824 02:23:18 ds4-server: chat ctx=0..205:205 prefill chunk 86/205 (42.0%) chunk=18.93 t/s avg=17.69 t/s 4.860s
0824 02:23:18 ds4-server: chat ctx=0..205:205 prefill chunk 87/205 (42.4%) chunk=18.67 t/s avg=17.71 t/s 4.914s
0824 02:23:18 ds4-server: chat ctx=0..205:205 prefill chunk 88/205 (42.9%) chunk=18.69 t/s avg=17.72 t/s 4.967s
0824 02:23:19 ds4-server: chat ctx=0..205:205 prefill chunk 89/205 (43.4%) chunk=18.95 t/s avg=17.73 t/s 5.020s
0824 02:23:19 ds4-server: chat ctx=0..205:205 prefill chunk 90/205 (43.9%) chunk=18.51 t/s avg=17.74 t/s 5.074s
0824 02:23:19 ds4-server: chat ctx=0..205:205 prefill chunk 91/205 (44.4%) chunk=18.30 t/s avg=17.74 t/s 5.129s
0824 02:23:19 ds4-server: chat ctx=0..205:205 prefill chunk 92/205 (44.9%) chunk=18.62 t/s avg=17.75 t/s 5.182s
0824 02:23:19 ds4-server: chat ctx=0..205:205 prefill chunk 93/205 (45.4%) chunk=18.05 t/s avg=17.76 t/s 5.238s
0824 02:23:19 ds4-server: chat ctx=0..205:205 prefill chunk 94/205 (45.9%) chunk=18.47 t/s avg=17.76 t/s 5.292s
0824 02:23:19 ds4-server: chat ctx=0..205:205 prefill chunk 95/205 (46.3%) chunk=18.50 t/s avg=17.77 t/s 5.346s
0824 02:23:19 ds4-server: chat ctx=0..205:205 prefill chunk 96/205 (46.8%) chunk=17.99 t/s avg=17.77 t/s 5.402s
0824 02:23:19 ds4-server: chat ctx=0..205:205 prefill chunk 97/205 (47.3%) chunk=19.34 t/s avg=17.79 t/s 5.453s
0824 02:23:19 ds4-server: chat ctx=0..205:205 prefill chunk 98/205 (47.8%) chunk=18.20 t/s avg=17.79 t/s 5.508s
0824 02:23:19 ds4-server: chat ctx=0..205:205 prefill chunk 99/205 (48.3%) chunk=18.63 t/s avg=17.80 t/s 5.562s
0824 02:23:19 ds4-server: chat ctx=0..205:205 prefill chunk 100/205 (48.8%) chunk=17.59 t/s avg=17.80 t/s 5.619s
0824 02:23:19 ds4-server: chat ctx=0..205:205 prefill chunk 101/205 (49.3%) chunk=18.35 t/s avg=17.80 t/s 5.673s
0824 02:23:19 ds4-server: chat ctx=0..205:205 prefill chunk 102/205 (49.8%) chunk=18.13 t/s avg=17.81 t/s 5.729s
0824 02:23:19 ds4-server: chat ctx=0..205:205 prefill chunk 103/205 (50.2%) chunk=19.21 t/s avg=17.82 t/s 5.781s
0824 02:23:19 ds4-server: chat ctx=0..205:205 prefill chunk 104/205 (50.7%) chunk=18.23 t/s avg=17.82 t/s 5.835s
0824 02:23:19 ds4-server: chat ctx=0..205:205 prefill chunk 105/205 (51.2%) chunk=19.02 t/s avg=17.83 t/s 5.888s
0824 02:23:19 ds4-server: chat ctx=0..205:205 prefill chunk 106/205 (51.7%) chunk=17.94 t/s avg=17.83 t/s 5.944s
0824 02:23:20 ds4-server: chat ctx=0..205:205 prefill chunk 107/205 (52.2%) chunk=18.68 t/s avg=17.84 t/s 5.997s
0824 02:23:20 ds4-server: chat ctx=0..205:205 prefill chunk 108/205 (52.7%) chunk=17.91 t/s avg=17.84 t/s 6.053s
0824 02:23:20 ds4-server: chat ctx=0..205:205 prefill chunk 109/205 (53.2%) chunk=17.97 t/s avg=17.84 t/s 6.109s
0824 02:23:20 ds4-server: chat ctx=0..205:205 prefill chunk 110/205 (53.7%) chunk=18.18 t/s avg=17.85 t/s 6.164s
0824 02:23:20 ds4-server: chat ctx=0..205:205 prefill chunk 111/205 (54.1%) chunk=18.38 t/s avg=17.85 t/s 6.218s
0824 02:23:20 ds4-server: chat ctx=0..205:205 prefill chunk 112/205 (54.6%) chunk=18.05 t/s avg=17.85 t/s 6.274s
0824 02:23:20 ds4-server: chat ctx=0..205:205 prefill chunk 113/205 (55.1%) chunk=17.68 t/s avg=17.85 t/s 6.330s
0824 02:23:20 ds4-server: chat ctx=0..205:205 prefill chunk 114/205 (55.6%) chunk=18.61 t/s avg=17.86 t/s 6.384s
0824 02:23:20 ds4-server: chat ctx=0..205:205 prefill chunk 115/205 (56.1%) chunk=18.02 t/s avg=17.86 t/s 6.439s
0824 02:23:20 ds4-server: chat ctx=0..205:205 prefill chunk 116/205 (56.6%) chunk=17.80 t/s avg=17.86 t/s 6.496s
0824 02:23:20 ds4-server: chat ctx=0..205:205 prefill chunk 117/205 (57.1%) chunk=18.55 t/s avg=17.86 t/s 6.549s
0824 02:23:20 ds4-server: chat ctx=0..205:205 prefill chunk 118/205 (57.6%) chunk=17.46 t/s avg=17.86 t/s 6.607s
0824 02:23:20 ds4-server: chat ctx=0..205:205 prefill chunk 119/205 (58.0%) chunk=18.67 t/s avg=17.87 t/s 6.660s
0824 02:23:20 ds4-server: chat ctx=0..205:205 prefill chunk 120/205 (58.5%) chunk=18.34 t/s avg=17.87 t/s 6.715s
0824 02:23:20 ds4-server: chat ctx=0..205:205 prefill chunk 121/205 (59.0%) chunk=17.89 t/s avg=17.87 t/s 6.771s
0824 02:23:20 ds4-server: chat ctx=0..205:205 prefill chunk 122/205 (59.5%) chunk=18.65 t/s avg=17.88 t/s 6.824s
0824 02:23:20 ds4-server: chat ctx=0..205:205 prefill chunk 123/205 (60.0%) chunk=17.49 t/s avg=17.87 t/s 6.881s
0824 02:23:20 ds4-server: chat ctx=0..205:205 prefill chunk 124/205 (60.5%) chunk=18.15 t/s avg=17.88 t/s 6.937s
0824 02:23:21 ds4-server: chat ctx=0..205:205 prefill chunk 125/205 (61.0%) chunk=18.50 t/s avg=17.88 t/s 6.991s
0824 02:23:21 ds4-server: chat ctx=0..205:205 prefill chunk 126/205 (61.5%) chunk=18.06 t/s avg=17.88 t/s 7.046s
0824 02:23:21 ds4-server: chat ctx=0..205:205 prefill chunk 127/205 (62.0%) chunk=17.96 t/s avg=17.88 t/s 7.102s
0824 02:23:21 ds4-server: chat ctx=0..205:205 prefill chunk 128/205 (62.4%) chunk=17.88 t/s avg=17.88 t/s 7.158s
0824 02:23:21 ds4-server: chat ctx=0..205:205 prefill chunk 129/205 (62.9%) chunk=18.31 t/s avg=17.89 t/s 7.212s
0824 02:23:21 ds4-server: chat ctx=0..205:205 prefill chunk 130/205 (63.4%) chunk=18.25 t/s avg=17.89 t/s 7.267s
0824 02:23:21 ds4-server: chat ctx=0..205:205 prefill chunk 131/205 (63.9%) chunk=18.61 t/s avg=17.89 t/s 7.321s
0824 02:23:21 ds4-server: chat ctx=0..205:205 prefill chunk 132/205 (64.4%) chunk=18.39 t/s avg=17.90 t/s 7.375s
0824 02:23:21 ds4-server: chat ctx=0..205:205 prefill chunk 133/205 (64.9%) chunk=17.66 t/s avg=17.90 t/s 7.432s
0824 02:23:21 ds4-server: chat ctx=0..205:205 prefill chunk 134/205 (65.4%) chunk=18.17 t/s avg=17.90 t/s 7.487s
ds4: qwen35moe experts/token avg over 128 tokens: 0:14.3 1:14.8 2:14.8 3:15.5 4:15.0 5:14.9 6:15.1 7:15.3 8:15.9 9:14.8 10:14.0 11:13.8 12:15.0 13:13.9 14:14.5 15:14.7 16:15.1 17:14.5 18:14.5 19:14.9 20:15.0 21:14.7 22:14.9 23:14.9 24:15.4 25:14.9 26:15.9 27:15.1 28:14.6 29:16.1 30:16.3 31:16.7 32:17.0 33:16.4 34:17.2 35:19.1 36:19.3 37:18.8 38:19.5 39:18.5 | mean 15.6
0824 02:23:21 ds4-server: chat ctx=0..205:205 prefill chunk 135/205 (65.9%) chunk=17.05 t/s avg=17.89 t/s 7.545s
0824 02:23:21 ds4-server: chat ctx=0..205:205 prefill chunk 136/205 (66.3%) chunk=17.40 t/s avg=17.89 t/s 7.603s
0824 02:23:21 ds4-server: chat ctx=0..205:205 prefill chunk 137/205 (66.8%) chunk=18.53 t/s avg=17.89 t/s 7.657s
0824 02:23:21 ds4-server: chat ctx=0..205:205 prefill chunk 138/205 (67.3%) chunk=17.47 t/s avg=17.89 t/s 7.714s
0824 02:23:21 ds4-server: chat ctx=0..205:205 prefill chunk 139/205 (67.8%) chunk=17.46 t/s avg=17.89 t/s 7.771s
0824 02:23:21 ds4-server: chat ctx=0..205:205 prefill chunk 140/205 (68.3%) chunk=17.63 t/s avg=17.88 t/s 7.828s
0824 02:23:21 ds4-server: chat ctx=0..205:205 prefill chunk 141/205 (68.8%) chunk=18.22 t/s avg=17.89 t/s 7.883s
0824 02:23:21 ds4-server: chat ctx=0..205:205 prefill chunk 142/205 (69.3%) chunk=17.23 t/s avg=17.88 t/s 7.941s
0824 02:23:22 ds4-server: chat ctx=0..205:205 prefill chunk 143/205 (69.8%) chunk=18.16 t/s avg=17.88 t/s 7.996s
0824 02:23:22 ds4-server: chat ctx=0..205:205 prefill chunk 144/205 (70.2%) chunk=17.87 t/s avg=17.88 t/s 8.052s
0824 02:23:22 ds4-server: chat ctx=0..205:205 prefill chunk 145/205 (70.7%) chunk=17.51 t/s avg=17.88 t/s 8.109s
0824 02:23:22 ds4-server: chat ctx=0..205:205 prefill chunk 146/205 (71.2%) chunk=17.57 t/s avg=17.88 t/s 8.166s
0824 02:23:22 ds4-server: chat ctx=0..205:205 prefill chunk 147/205 (71.7%) chunk=18.25 t/s avg=17.88 t/s 8.221s
0824 02:23:22 ds4-server: chat ctx=0..205:205 prefill chunk 148/205 (72.2%) chunk=17.96 t/s avg=17.88 t/s 8.277s
0824 02:23:22 ds4-server: chat ctx=0..205:205 prefill chunk 149/205 (72.7%) chunk=16.80 t/s avg=17.87 t/s 8.336s
0824 02:23:22 ds4-server: chat ctx=0..205:205 prefill chunk 150/205 (73.2%) chunk=18.39 t/s avg=17.88 t/s 8.390s
0824 02:23:22 ds4-server: chat ctx=0..205:205 prefill chunk 151/205 (73.7%) chunk=18.03 t/s avg=17.88 t/s 8.446s
0824 02:23:22 ds4-server: chat ctx=0..205:205 prefill chunk 152/205 (74.1%) chunk=17.37 t/s avg=17.87 t/s 8.504s
0824 02:23:22 ds4-server: chat ctx=0..205:205 prefill chunk 153/205 (74.6%) chunk=18.02 t/s avg=17.88 t/s 8.559s
0824 02:23:22 ds4-server: chat ctx=0..205:205 prefill chunk 154/205 (75.1%) chunk=17.71 t/s avg=17.87 t/s 8.615s
0824 02:23:22 ds4-server: chat ctx=0..205:205 prefill chunk 155/205 (75.6%) chunk=17.14 t/s avg=17.87 t/s 8.674s
0824 02:23:22 ds4-server: chat ctx=0..205:205 prefill chunk 156/205 (76.1%) chunk=17.71 t/s avg=17.87 t/s 8.730s
0824 02:23:22 ds4-server: chat ctx=0..205:205 prefill chunk 157/205 (76.6%) chunk=17.50 t/s avg=17.87 t/s 8.787s
0824 02:23:22 ds4-server: chat ctx=0..205:205 prefill chunk 158/205 (77.1%) chunk=18.45 t/s avg=17.87 t/s 8.842s
0824 02:23:22 ds4-server: chat ctx=0..205:205 prefill chunk 159/205 (77.6%) chunk=17.85 t/s avg=17.87 t/s 8.898s
0824 02:23:22 ds4-server: chat ctx=0..205:205 prefill chunk 160/205 (78.0%) chunk=18.30 t/s avg=17.87 t/s 8.952s
0824 02:23:23 ds4-server: chat ctx=0..205:205 prefill chunk 161/205 (78.5%) chunk=17.73 t/s avg=17.87 t/s 9.009s
0824 02:23:23 ds4-server: chat ctx=0..205:205 prefill chunk 162/205 (79.0%) chunk=17.47 t/s avg=17.87 t/s 9.066s
0824 02:23:23 ds4-server: chat ctx=0..205:205 prefill chunk 163/205 (79.5%) chunk=19.52 t/s avg=17.88 t/s 9.117s
0824 02:23:23 ds4-server: chat ctx=0..205:205 prefill chunk 164/205 (80.0%) chunk=17.51 t/s avg=17.88 t/s 9.174s
0824 02:23:23 ds4-server: chat ctx=0..205:205 prefill chunk 165/205 (80.5%) chunk=18.08 t/s avg=17.88 t/s 9.230s
0824 02:23:23 ds4-server: chat ctx=0..205:205 prefill chunk 166/205 (81.0%) chunk=17.30 t/s avg=17.87 t/s 9.287s
0824 02:23:23 ds4-server: chat ctx=0..205:205 prefill chunk 167/205 (81.5%) chunk=18.06 t/s avg=17.87 t/s 9.343s
0824 02:23:23 ds4-server: chat ctx=0..205:205 prefill chunk 168/205 (82.0%) chunk=18.31 t/s avg=17.88 t/s 9.397s
0824 02:23:23 ds4-server: chat ctx=0..205:205 prefill chunk 169/205 (82.4%) chunk=17.93 t/s avg=17.88 t/s 9.453s
0824 02:23:23 ds4-server: chat ctx=0..205:205 prefill chunk 170/205 (82.9%) chunk=18.45 t/s avg=17.88 t/s 9.507s
0824 02:23:23 ds4-server: chat ctx=0..205:205 prefill chunk 171/205 (83.4%) chunk=16.71 t/s avg=17.87 t/s 9.567s
0824 02:23:23 ds4-server: chat ctx=0..205:205 prefill chunk 172/205 (83.9%) chunk=17.11 t/s avg=17.87 t/s 9.626s
0824 02:23:23 ds4-server: chat ctx=0..205:205 prefill chunk 173/205 (84.4%) chunk=18.79 t/s avg=17.87 t/s 9.679s
0824 02:23:23 ds4-server: chat ctx=0..205:205 prefill chunk 174/205 (84.9%) chunk=17.34 t/s avg=17.87 t/s 9.736s
0824 02:23:23 ds4-server: chat ctx=0..205:205 prefill chunk 175/205 (85.4%) chunk=18.86 t/s avg=17.88 t/s 9.789s
0824 02:23:23 ds4-server: chat ctx=0..205:205 prefill chunk 176/205 (85.9%) chunk=17.40 t/s avg=17.87 t/s 9.847s
0824 02:23:23 ds4-server: chat ctx=0..205:205 prefill chunk 177/205 (86.3%) chunk=17.24 t/s avg=17.87 t/s 9.905s
0824 02:23:23 ds4-server: chat ctx=0..205:205 prefill chunk 178/205 (86.8%) chunk=18.11 t/s avg=17.87 t/s 9.960s
0824 02:23:24 ds4-server: chat ctx=0..205:205 prefill chunk 179/205 (87.3%) chunk=18.53 t/s avg=17.87 t/s 10.014s
0824 02:23:24 ds4-server: chat ctx=0..205:205 prefill chunk 180/205 (87.8%) chunk=17.48 t/s avg=17.87 t/s 10.071s
0824 02:23:24 ds4-server: chat ctx=0..205:205 prefill chunk 181/205 (88.3%) chunk=18.26 t/s avg=17.87 t/s 10.126s
0824 02:23:24 ds4-server: chat ctx=0..205:205 prefill chunk 182/205 (88.8%) chunk=17.43 t/s avg=17.87 t/s 10.183s
0824 02:23:24 ds4-server: chat ctx=0..205:205 prefill chunk 183/205 (89.3%) chunk=17.19 t/s avg=17.87 t/s 10.242s
0824 02:23:24 ds4-server: chat ctx=0..205:205 prefill chunk 184/205 (89.8%) chunk=16.95 t/s avg=17.86 t/s 10.301s
0824 02:23:24 ds4-server: chat ctx=0..205:205 prefill chunk 185/205 (90.2%) chunk=17.62 t/s avg=17.86 t/s 10.357s
0824 02:23:24 ds4-server: chat ctx=0..205:205 prefill chunk 186/205 (90.7%) chunk=17.24 t/s avg=17.86 t/s 10.415s
0824 02:23:24 ds4-server: chat ctx=0..205:205 prefill chunk 187/205 (91.2%) chunk=17.39 t/s avg=17.86 t/s 10.473s
0824 02:23:24 ds4-server: chat ctx=0..205:205 prefill chunk 188/205 (91.7%) chunk=17.04 t/s avg=17.85 t/s 10.532s
0824 02:23:24 ds4-server: chat ctx=0..205:205 prefill chunk 189/205 (92.2%) chunk=17.75 t/s avg=17.85 t/s 10.588s
0824 02:23:24 ds4-server: chat ctx=0..205:205 prefill chunk 190/205 (92.7%) chunk=18.19 t/s avg=17.85 t/s 10.643s
0824 02:23:24 ds4-server: chat ctx=0..205:205 prefill chunk 191/205 (93.2%) chunk=16.92 t/s avg=17.85 t/s 10.702s
0824 02:23:24 ds4-server: chat ctx=0..205:205 prefill chunk 192/205 (93.7%) chunk=18.24 t/s avg=17.85 t/s 10.757s
0824 02:23:24 ds4-server: chat ctx=0..205:205 prefill chunk 193/205 (94.1%) chunk=17.63 t/s avg=17.85 t/s 10.814s
0824 02:23:24 ds4-server: chat ctx=0..205:205 prefill chunk 194/205 (94.6%) chunk=17.30 t/s avg=17.84 t/s 10.871s
0824 02:23:24 ds4-server: chat ctx=0..205:205 prefill chunk 195/205 (95.1%) chunk=17.56 t/s avg=17.84 t/s 10.928s
0824 02:23:24 ds4-server: chat ctx=0..205:205 prefill chunk 196/205 (95.6%) chunk=17.60 t/s avg=17.84 t/s 10.985s
0824 02:23:25 ds4-server: chat ctx=0..205:205 prefill chunk 197/205 (96.1%) chunk=18.21 t/s avg=17.84 t/s 11.040s
0824 02:23:25 ds4-server: chat ctx=0..205:205 prefill chunk 198/205 (96.6%) chunk=18.25 t/s avg=17.85 t/s 11.095s
0824 02:23:25 ds4-server: chat ctx=0..205:205 prefill chunk 199/205 (97.1%) chunk=19.36 t/s avg=17.85 t/s 11.147s
0824 02:23:25 ds4-server: chat ctx=0..205:205 prefill chunk 200/205 (97.6%) chunk=18.00 t/s avg=17.85 t/s 11.202s
0824 02:23:25 ds4-server: chat ctx=0..205:205 prefill chunk 201/205 (98.0%) chunk=18.82 t/s avg=17.86 t/s 11.255s
0824 02:23:25 ds4-server: chat ctx=0..205:205 prefill chunk 202/205 (98.5%) chunk=18.91 t/s avg=17.86 t/s 11.308s
0824 02:23:25 ds4-server: chat ctx=0..205:205 prefill chunk 203/205 (99.0%) chunk=17.91 t/s avg=17.86 t/s 11.364s
0824 02:23:25 ds4-server: chat ctx=0..205:205 prefill chunk 204/205 (99.5%) chunk=19.95 t/s avg=17.87 t/s 11.414s
0824 02:23:25 ds4-server: chat ctx=0..205:205 prefill chunk 205/205 (100.0%) chunk=19.92 t/s avg=17.88 t/s 11.464s
0824 02:23:25 ds4-server: chat ctx=0..205:205 prompt done 11.464s
0824 02:23:28 ds4-server: chat ctx=205..255:50 gen=50 THINKING decoding chunk=18.39 t/s avg=18.39 t/s 2.718s
ds4: qwen35moe experts/token avg over 128 tokens: 0:14.4 1:15.0 2:15.3 3:15.9 4:15.6 5:16.1 6:15.5 7:15.9 8:16.8 9:16.4 10:15.3 11:14.9 12:15.9 13:15.6 14:15.6 15:15.4 16:15.6 17:15.2 18:15.7 19:15.6 20:16.0 21:16.8 22:15.8 23:15.6 24:16.4 25:15.9 26:15.9 27:15.8 28:15.9 29:15.9 30:16.2 31:16.4 32:16.6 33:16.4 34:16.9 35:17.3 36:18.2 37:18.3 38:19.1 39:18.5 | mean 16.1
0824 02:23:30 ds4-server: chat ctx=255..305:50 gen=100 THINKING decoding chunk=18.41 t/s avg=18.40 t/s 5.434s
0824 02:23:33 ds4-server: chat ctx=305..355:50 gen=150 THINKING decoding chunk=18.26 t/s avg=18.35 t/s 8.172s
ds4: qwen35moe experts/token avg over 128 tokens: 0:14.3 1:14.2 2:14.2 3:15.7 4:15.7 5:15.2 6:15.6 7:16.1 8:17.1 9:17.3 10:15.3 11:14.4 12:15.5 13:14.9 14:16.1 15:14.7 16:15.4 17:14.6 18:14.7 19:14.5 20:16.1 21:16.4 22:14.6 23:15.4 24:14.9 25:15.3 26:15.8 27:14.8 28:14.8 29:14.8 30:15.2 31:15.1 32:15.0 33:15.1 34:15.0 35:17.0 36:17.3 37:17.4 38:17.8 39:17.1 | mean 15.5
0824 02:23:36 ds4-server: chat ctx=355..405:50 gen=200 THINKING decoding chunk=17.62 t/s avg=18.17 t/s 11.009s
0824 02:23:39 ds4-server: chat ctx=405..455:50 gen=250 THINKING decoding chunk=16.99 t/s avg=17.92 t/s 13.952s
0824 02:23:42 ds4-server: chat ctx=455..505:50 gen=300 THINKING decoding chunk=17.50 t/s avg=17.85 t/s 16.809s
ds4: qwen35moe experts/token avg over 128 tokens: 0:15.5 1:15.6 2:15.8 3:17.0 4:16.4 5:16.9 6:16.5 7:17.2 8:18.3 9:18.1 10:15.9 11:15.4 12:16.5 13:16.1 14:16.2 15:15.9 16:16.7 17:16.0 18:16.4 19:16.2 20:17.7 21:17.6 22:16.1 23:16.3 24:16.6 25:16.9 26:17.2 27:16.9 28:17.0 29:17.0 30:17.4 31:17.4 32:17.6 33:17.5 34:17.9 35:18.5 36:18.9 37:18.6 38:19.4 39:18.8 | mean 17.0
0824 02:23:45 ds4-server: chat ctx=505..555:50 gen=350 THINKING decoding chunk=17.05 t/s avg=17.73 t/s 19.742s
0824 02:23:48 ds4-server: chat ctx=555..605:50 gen=400 THINKING decoding chunk=16.95 t/s avg=17.63 t/s 22.691s
ds4: qwen35moe experts/token avg over 128 tokens: 0:15.4 1:16.5 2:16.0 3:16.8 4:16.4 5:16.4 6:16.6 7:16.8 8:17.6 9:17.0 10:16.5 11:15.8 12:17.9 13:17.3 14:16.9 15:16.3 16:17.6 17:17.4 18:17.2 19:16.6 20:17.7 21:18.1 22:16.4 23:16.8 24:17.5 25:17.8 26:17.3 27:18.0 28:17.6 29:18.0 30:17.8 31:18.7 32:18.8 33:18.5 34:18.9 35:19.0 36:19.3 37:19.3 38:19.7 39:19.5 | mean 17.5
0824 02:23:51 ds4-server: chat ctx=605..655:50 gen=450 THINKING decoding chunk=16.70 t/s avg=17.52 t/s 25.685s
0824 02:23:54 ds4-server: chat ctx=655..705:50 gen=500 THINKING decoding chunk=16.77 t/s avg=17.44 t/s 28.666s
0824 02:23:57 ds4-server: chat ctx=705..755:50 gen=550 THINKING decoding chunk=16.62 t/s avg=17.36 t/s 31.674s
ds4: qwen35moe experts/token avg over 128 tokens: 0:15.8 1:16.7 2:16.6 3:17.2 4:16.9 5:16.7 6:17.3 7:17.4 8:18.0 9:17.5 10:16.8 11:15.9 12:17.5 13:17.4 14:17.1 15:17.0 16:17.4 17:17.4 18:17.2 19:16.8 20:18.5 21:18.6 22:16.8 23:16.7 24:17.2 25:17.8 26:17.6 27:17.1 28:17.5 29:18.0 30:18.0 31:18.4 32:18.2 33:18.2 34:18.3 35:19.4 36:19.4 37:19.2 38:19.8 39:19.5 | mean 17.6
0824 02:24:00 ds4-server: chat ctx=755..805:50 gen=600 THINKING decoding chunk=16.35 t/s avg=17.27 t/s 34.733s
0824 02:24:03 ds4-server: chat ctx=805..855:50 gen=650 THINKING decoding chunk=16.42 t/s avg=17.21 t/s 37.777s
ds4: qwen35moe experts/token avg over 128 tokens: 0:15.8 1:16.8 2:16.7 3:16.8 4:16.7 5:17.0 6:17.5 7:17.4 8:17.9 9:17.5 10:16.7 11:16.3 12:17.8 13:18.2 14:18.3 15:18.0 16:17.6 17:17.6 18:18.1 19:17.7 20:18.8 21:18.9 22:17.3 23:17.5 24:17.5 25:18.5 26:18.1 27:17.5 28:17.6 29:18.5 30:18.6 31:18.6 32:18.4 33:18.7 34:18.7 35:19.2 36:19.4 37:19.4 38:19.6 39:19.5 | mean 17.9
0824 02:24:06 ds4-server: chat ctx=855..905:50 gen=700 THINKING decoding chunk=16.24 t/s avg=17.13 t/s 40.857s
0824 02:24:09 ds4-server: chat ctx=905..955:50 gen=750 THINKING decoding chunk=16.26 t/s avg=17.07 t/s 43.932s
0824 02:24:12 ds4-server: chat ctx=955..1005:50 gen=800 THINKING decoding chunk=16.94 t/s avg=17.06 t/s 46.884s
ds4: qwen35moe experts/token avg over 128 tokens: 0:14.5 1:15.2 2:15.0 3:16.2 4:16.0 5:15.8 6:16.1 7:16.4 8:17.8 9:17.7 10:15.7 11:14.7 12:16.5 13:16.2 14:16.5 15:15.9 16:16.3 17:15.8 18:16.3 19:16.3 20:17.9 21:17.3 22:15.6 23:16.0 24:15.8 25:16.9 26:16.6 27:15.7 28:15.5 29:16.2 30:16.1 31:16.4 32:16.3 33:15.5 34:16.1 35:17.2 36:17.7 37:17.8 38:18.4 39:17.8 | mean 16.3
0824 02:24:15 ds4-server: chat ctx=1005..1055:50 gen=850 THINKING decoding chunk=17.02 t/s avg=17.06 t/s 49.822s
0824 02:24:18 ds4-server: chat ctx=1055..1105:50 gen=900 THINKING decoding chunk=16.76 t/s avg=17.04 t/s 52.805s
0824 02:24:21 ds4-server: chat ctx=1105..1155:50 gen=950 THINKING decoding chunk=16.46 t/s avg=17.01 t/s 55.843s
ds4: qwen35moe experts/token avg over 128 tokens: 0:14.8 1:15.2 2:15.4 3:16.0 4:15.7 5:15.7 6:15.6 7:16.2 8:17.6 9:16.9 10:15.3 11:14.8 12:15.6 13:15.0 14:15.4 15:15.1 16:15.6 17:15.2 18:14.4 19:14.7 20:16.2 21:16.1 22:14.9 23:15.2 24:15.3 25:15.4 26:15.4 27:15.1 28:15.1 29:15.2 30:15.1 31:15.9 32:15.2 33:15.0 34:15.1 35:17.0 36:16.3 37:17.0 38:18.1 39:17.1 | mean 15.6
0824 02:24:24 ds4-server: chat ctx=1155..1205:50 gen=1000 THINKING decoding chunk=16.40 t/s avg=16.98 t/s 58.891s
0824 02:24:27 ds4-server: chat ctx=1205..1255:50 gen=1050 THINKING decoding chunk=16.72 t/s avg=16.97 t/s 61.882s
ds4: qwen35moe experts/token avg over 128 tokens: 0:14.2 1:15.4 2:15.0 3:15.9 4:15.6 5:15.4 6:15.6 7:15.9 8:17.2 9:17.4 10:14.9 11:14.9 12:15.5 13:14.6 14:15.5 15:15.3 16:15.6 17:15.1 18:14.4 19:14.9 20:16.1 21:16.3 22:15.0 23:14.7 24:14.8 25:15.0 26:15.8 27:15.2 28:15.2 29:15.2 30:15.0 31:15.6 32:15.2 33:14.8 34:15.0 35:16.1 36:16.6 37:16.9 38:18.0 39:16.7 | mean 15.5
0824 02:24:30 ds4-server: chat ctx=1255..1305:50 gen=1100 THINKING decoding chunk=16.07 t/s avg=16.92 t/s 64.993s
0824 02:24:33 ds4-server: chat ctx=1305..1355:50 gen=1150 THINKING decoding chunk=15.57 t/s avg=16.86 t/s 68.204s
0824 02:24:36 ds4-server: chat ctx=1355..1405:50 gen=1200 THINKING decoding chunk=15.68 t/s avg=16.81 t/s 71.393s
ds4: qwen35moe experts/token avg over 128 tokens: 0:15.8 1:16.5 2:16.5 3:17.9 4:17.6 5:18.0 6:17.8 7:18.2 8:19.2 9:18.9 10:16.8 11:16.2 12:17.4 13:17.4 14:17.4 15:17.1 16:17.0 17:17.1 18:16.7 19:17.0 20:18.6 21:18.5 22:16.8 23:17.5 24:17.4 25:18.2 26:17.9 27:16.8 28:17.3 29:17.3 30:17.9 31:18.0 32:17.5 33:17.7 34:17.9 35:18.9 36:19.0 37:18.9 38:19.6 39:19.2 | mean 17.7
0824 02:24:39 ds4-server: chat ctx=1405..1455:50 gen=1250 THINKING decoding chunk=16.14 t/s avg=16.78 t/s 74.490s
0824 02:24:43 ds4-server: chat ctx=1455..1505:50 gen=1300 THINKING decoding chunk=15.80 t/s avg=16.74 t/s 77.656s
ds4: qwen35moe experts/token avg over 128 tokens: 0:14.6 1:14.8 2:14.3 3:16.0 4:15.5 5:15.6 6:15.7 7:16.9 8:17.3 9:17.6 10:15.4 11:15.3 12:15.8 13:14.8 14:16.0 15:15.3 16:15.9 17:15.6 18:15.4 19:15.5 20:17.0 21:16.6 22:15.0 23:15.5 24:14.9 25:15.3 26:15.9 27:15.1 28:15.9 29:15.5 30:15.8 31:16.1 32:15.7 33:15.0 34:15.2 35:16.7 36:16.9 37:17.4 38:17.9 39:16.8 | mean 15.8
0824 02:24:46 ds4-server: chat ctx=1505..1555:50 gen=1350 THINKING decoding chunk=16.08 t/s avg=16.72 t/s 80.765s
0824 02:24:49 ds4-server: chat ctx=1555..1605:50 gen=1400 THINKING decoding chunk=15.51 t/s avg=16.67 t/s 83.988s
0824 02:24:52 ds4-server: chat ctx=1605..1655:50 gen=1450 THINKING decoding chunk=15.07 t/s avg=16.61 t/s 87.305s
ds4: qwen35moe experts/token avg over 128 tokens: 0:15.5 1:16.1 2:16.2 3:17.8 4:17.2 5:17.3 6:17.5 7:17.7 8:18.5 9:17.8 10:16.3 11:15.9 12:17.6 13:16.9 14:17.9 15:17.4 16:18.0 17:16.8 18:17.2 19:17.4 20:18.5 21:17.7 22:17.1 23:17.7 24:17.7 25:17.8 26:18.0 27:16.9 28:17.2 29:17.2 30:17.9 31:18.0 32:17.5 33:17.6 34:17.9 35:18.5 36:19.0 37:19.1 38:19.5 39:19.1 | mean 17.6
0824 02:24:56 ds4-server: chat ctx=1655..1705:50 gen=1500 THINKING decoding chunk=15.24 t/s avg=16.56 t/s 90.586s
0824 02:24:59 ds4-server: chat ctx=1705..1755:50 gen=1550 THINKING decoding chunk=15.02 t/s avg=16.50 t/s 93.914s
ds4: qwen35moe experts/token avg over 128 tokens: 0:15.1 1:15.7 2:16.2 3:17.0 4:16.9 5:16.9 6:16.5 7:17.1 8:17.8 9:17.6 10:16.2 11:15.8 12:16.6 13:16.0 14:16.7 15:16.4 16:16.8 17:15.9 18:16.2 19:16.6 20:17.3 21:17.5 22:16.9 23:16.3 24:16.7 25:16.9 26:17.0 27:16.5 28:16.6 29:16.3 30:16.6 31:17.7 32:16.7 33:17.1 34:17.0 35:17.7 36:17.8 37:18.0 38:18.6 39:18.3 | mean 16.8
0824 02:25:02 ds4-server: chat ctx=1755..1805:50 gen=1600 THINKING decoding chunk=15.77 t/s avg=16.48 t/s 97.084s
0824 02:25:05 ds4-server: chat ctx=1805..1855:50 gen=1650 THINKING decoding chunk=15.47 t/s avg=16.45 t/s 100.316s
0824 02:25:09 ds4-server: chat ctx=1855..1905:50 gen=1700 THINKING decoding chunk=14.79 t/s avg=16.39 t/s 103.697s
ds4: qwen35moe experts/token avg over 128 tokens: 0:15.0 1:16.3 2:15.6 3:16.7 4:15.8 5:16.4 6:16.6 7:17.1 8:17.7 9:17.0 10:16.6 11:15.5 12:17.4 13:16.6 14:17.1 15:17.4 16:17.5 17:17.3 18:16.5 19:17.1 20:18.0 21:17.9 22:16.8 23:16.6 24:17.7 25:17.3 26:17.4 27:17.3 28:17.3 29:17.5 30:16.9 31:17.8 32:17.6 33:17.1 34:17.4 35:18.4 36:18.5 37:18.2 38:19.0 39:18.8 | mean 17.2
0824 02:25:12 ds4-server: chat ctx=1905..1955:50 gen=1750 THINKING decoding chunk=14.70 t/s avg=16.34 t/s 107.099s
0824 02:25:15 ds4-server: chat ctx=1955..2005:50 gen=1800 THINKING decoding chunk=14.71 t/s avg=16.29 t/s 110.498s
ds4: qwen35moe experts/token avg over 128 tokens: 0:15.0 1:15.8 2:15.9 3:16.6 4:16.5 5:16.6 6:17.1 7:17.7 8:18.1 9:17.5 10:16.9 11:16.2 12:17.4 13:17.1 14:17.3 15:17.3 16:17.5 17:17.2 18:16.7 19:16.9 20:18.5 21:18.4 22:17.5 23:16.9 24:17.4 25:17.3 26:17.5 27:16.8 28:17.3 29:17.2 30:17.0 31:18.0 32:17.7 33:17.3 34:17.0 35:18.1 36:18.3 37:18.8 38:19.0 39:18.4 | mean 17.3
0824 02:25:19 ds4-server: chat ctx=2005..2055:50 gen=1850 THINKING decoding chunk=15.24 t/s avg=16.26 t/s 113.778s
0824 02:25:22 ds4-server: chat ctx=2055..2105:50 gen=1900 THINKING decoding chunk=14.92 t/s avg=16.22 t/s 117.130s
0824 02:25:26 ds4-server: chat ctx=2105..2155:50 gen=1950 THINKING decoding chunk=14.47 t/s avg=16.17 t/s 120.586s
ds4: qwen35moe experts/token avg over 128 tokens: 0:15.8 1:16.0 2:16.5 3:18.0 4:17.7 5:17.9 6:17.7 7:18.4 8:18.8 9:18.3 10:16.9 11:16.6 12:17.7 13:17.4 14:18.1 15:17.8 16:18.2 17:17.7 18:17.4 19:17.7 20:18.3 21:18.6 22:17.7 23:17.8 24:18.0 25:18.0 26:17.5 27:17.0 28:17.5 29:17.4 30:17.9 31:18.2 32:17.8 33:18.0 34:18.5 35:18.8 36:19.0 37:19.2 38:19.4 39:19.1 | mean 17.9
0824 02:25:29 ds4-server: chat ctx=2155..2205:50 gen=2000 THINKING decoding chunk=14.52 t/s avg=16.13 t/s 124.030s
0824 02:25:32 ds4-server: chat ctx=2205..2255:50 gen=2050 THINKING decoding chunk=14.47 t/s avg=16.08 t/s 127.485s
0824 02:25:36 ds4-server: chat ctx=2255..2305:50 gen=2100 THINKING decoding chunk=14.26 t/s avg=16.03 t/s 130.992s
ds4: qwen35moe experts/token avg over 128 tokens: 0:16.4 1:16.5 2:16.6 3:18.4 4:17.9 5:18.2 6:18.0 7:18.7 8:19.0 9:18.3 10:17.1 11:17.2 12:17.3 13:17.4 14:17.0 15:16.9 16:17.7 17:16.4 18:16.8 19:17.5 20:18.7 21:18.7 22:16.3 23:16.9 24:16.8 25:17.9 26:17.6 27:17.6 28:17.7 29:17.8 30:18.4 31:18.4 32:18.1 33:18.6 34:18.6 35:19.3 36:19.4 37:19.4 38:19.6 39:19.5 | mean 17.9
0824 02:25:39 ds4-server: chat ctx=2305..2355:50 gen=2150 THINKING decoding chunk=14.47 t/s avg=15.99 t/s 134.447s
0824 02:25:43 ds4-server: chat ctx=2355..2405:50 gen=2200 THINKING decoding chunk=14.67 t/s avg=15.96 t/s 137.855s
ds4: qwen35moe experts/token avg over 128 tokens: 0:15.4 1:16.4 2:16.1 3:17.4 4:17.3 5:17.6 6:16.7 7:17.5 8:18.4 9:17.8 10:16.5 11:16.4 12:16.8 13:16.5 14:16.8 15:16.4 16:16.8 17:16.3 18:15.6 19:17.0 20:17.5 21:17.6 22:16.9 23:16.8 24:16.7 25:17.1 26:17.4 27:17.1 28:17.0 29:16.8 30:17.4 31:18.1 32:17.2 33:17.0 34:17.6 35:18.3 36:18.2 37:18.7 38:19.1 39:18.5 | mean 17.2
0824 02:25:46 ds4-server: chat ctx=2405..2455:50 gen=2250 THINKING decoding chunk=14.28 t/s avg=15.92 t/s 141.356s
0824 02:25:50 ds4-server: chat ctx=2455..2505:50 gen=2300 THINKING decoding chunk=14.73 t/s avg=15.89 t/s 144.749s
0824 02:25:53 ds4-server: chat ctx=2505..2555:50 gen=2350 THINKING decoding chunk=14.77 t/s avg=15.86 t/s 148.134s
ds4: qwen35moe experts/token avg over 128 tokens: 0:14.2 1:15.0 2:14.5 3:15.9 4:15.8 5:15.4 6:15.9 7:16.3 8:16.8 9:16.6 10:14.7 11:14.7 12:15.9 13:14.7 14:15.5 15:15.2 16:16.0 17:15.1 18:14.7 19:14.8 20:15.9 21:16.8 22:15.4 23:14.7 24:15.5 25:14.8 26:15.1 27:14.4 28:15.2 29:15.3 30:14.9 31:15.8 32:15.1 33:14.6 34:14.7 35:15.6 36:16.0 37:16.8 38:17.2 39:16.8 | mean 15.5
0824 02:25:57 ds4-server: chat ctx=2555..2605:50 gen=2400 THINKING decoding chunk=13.99 t/s avg=15.82 t/s 151.707s
0824 02:26:00 ds4-server: chat ctx=2605..2655:50 gen=2450 THINKING decoding chunk=13.74 t/s avg=15.77 t/s 155.348s
ds4: qwen35moe experts/token avg over 128 tokens: 0:15.9 1:16.5 2:16.8 3:18.4 4:18.2 5:18.6 6:18.5 7:18.8 8:19.1 9:18.4 10:17.6 11:16.8 12:18.1 13:18.2 14:18.5 15:18.3 16:18.6 17:17.9 18:18.1 19:18.2 20:18.7 21:18.6 22:17.7 23:18.1 24:18.4 25:18.5 26:18.2 27:17.4 28:17.9 29:18.1 30:18.2 31:18.5 32:18.3 33:18.6 34:19.0 35:19.2 36:19.2 37:19.4 38:19.8 39:19.7 | mean 18.3
0824 02:26:04 ds4-server: chat ctx=2655..2705:50 gen=2500 THINKING decoding chunk=14.04 t/s avg=15.73 t/s 158.910s
0824 02:26:07 ds4-server: chat ctx=2705..2755:50 gen=2550 THINKING decoding chunk=13.96 t/s avg=15.69 t/s 162.491s
0824 02:26:11 ds4-server: chat ctx=2755..2805:50 gen=2600 THINKING decoding chunk=14.54 t/s avg=15.67 t/s 165.931s
ds4: qwen35moe experts/token avg over 128 tokens: 0:15.2 1:15.7 2:15.5 3:16.8 4:16.7 5:16.6 6:16.5 7:17.6 8:18.2 9:17.5 10:16.3 11:15.6 12:16.8 13:16.8 14:17.0 15:16.4 16:17.1 17:16.5 18:15.7 19:16.0 20:17.1 21:17.3 22:16.0 23:15.7 24:15.8 25:16.1 26:16.4 27:15.8 28:16.0 29:16.0 30:16.5 31:16.2 32:15.8 33:15.5 34:15.4 35:17.4 36:17.2 37:17.3 38:18.2 39:17.4 | mean 16.5
0824 02:26:14 ds4-server: chat ctx=2805..2855:50 gen=2650 THINKING decoding chunk=14.25 t/s avg=15.64 t/s 169.438s
0824 02:26:18 ds4-server: chat ctx=2855..2905:50 gen=2700 THINKING decoding chunk=14.27 t/s avg=15.61 t/s 172.942s
ds4: qwen35moe experts/token avg over 128 tokens: 0:14.5 1:14.9 2:14.6 3:15.4 4:15.9 5:15.7 6:16.2 7:16.2 8:17.2 9:16.8 10:14.6 11:14.7 12:15.5 13:14.9 14:15.7 15:15.6 16:15.3 17:15.1 18:14.5 19:15.5 20:15.8 21:16.7 22:15.2 23:14.7 24:14.9 25:14.7 26:15.5 27:15.1 28:14.9 29:15.1 30:14.9 31:15.3 32:14.9 33:13.9 34:14.1 35:15.9 36:16.1 37:16.4 38:17.5 39:16.8 | mean 15.4
0824 02:26:21 ds4-server: chat ctx=2905..2955:50 gen=2750 THINKING decoding chunk=14.25 t/s avg=15.59 t/s 176.451s
0824 02:26:25 ds4-server: chat ctx=2955..3005:50 gen=2800 THINKING decoding chunk=13.65 t/s avg=15.55 t/s 180.115s
0824 02:26:29 ds4-server: chat ctx=3005..3055:50 gen=2850 THINKING decoding chunk=13.35 t/s avg=15.50 t/s 183.860s
ds4: qwen35moe experts/token avg over 128 tokens: 0:16.0 1:16.4 2:16.8 3:18.3 4:18.3 5:18.4 6:18.4 7:18.8 8:19.0 9:18.3 10:17.5 11:17.0 12:17.8 13:17.7 14:18.6 15:18.2 16:18.7 17:18.1 18:18.4 19:18.5 20:18.9 21:18.8 22:18.2 23:18.1 24:18.7 25:18.8 26:18.5 27:17.9 28:18.3 29:18.4 30:18.7 31:18.7 32:18.6 33:18.9 34:19.0 35:19.5 36:19.4 37:19.5 38:19.7 39:19.7 | mean 18.4
0824 02:26:32 ds4-server: chat ctx=3055..3105:50 gen=2900 THINKING decoding chunk=13.65 t/s avg=15.46 t/s 187.523s
0824 02:26:36 ds4-server: chat ctx=3105..3155:50 gen=2950 THINKING decoding chunk=13.37 t/s avg=15.42 t/s 191.262s
0824 02:26:40 ds4-server: chat ctx=3155..3205:50 gen=3000 THINKING decoding chunk=13.32 t/s avg=15.38 t/s 195.015s
ds4: qwen35moe experts/token avg over 128 tokens: 0:15.0 1:15.7 2:15.6 3:16.6 4:16.4 5:16.8 6:16.8 7:17.2 8:17.8 9:17.2 10:16.7 11:16.9 12:18.0 13:18.0 14:18.4 15:18.5 16:18.0 17:18.2 18:18.0 19:17.6 20:18.4 21:18.6 22:17.4 23:17.9 24:18.0 25:17.9 26:17.8 27:17.2 28:17.4 29:17.7 30:17.7 31:18.3 32:17.9 33:17.4 34:17.8 35:18.3 36:18.6 37:18.3 38:19.2 39:18.4 | mean 17.6
0824 02:26:44 ds4-server: chat ctx=3205..3255:50 gen=3050 THINKING decoding chunk=13.22 t/s avg=15.34 t/s 198.798s
0824 02:26:48 ds4-server: chat ctx=3255..3305:50 gen=3100 THINKING decoding chunk=13.15 t/s avg=15.30 t/s 202.599s
ds4: qwen35moe experts/token avg over 128 tokens: 0:15.8 1:16.3 2:16.6 3:17.1 4:17.1 5:17.6 6:17.5 7:17.8 8:17.9 9:17.5 10:17.4 11:17.3 12:18.3 13:18.8 14:19.2 15:19.1 16:19.1 17:19.0 18:19.0 19:19.0 20:19.4 21:19.5 22:18.3 23:18.4 24:18.8 25:18.9 26:19.0 27:18.5 28:18.4 29:19.0 30:19.1 31:19.1 32:19.0 33:19.3 34:19.1 35:19.8 36:19.5 37:19.4 38:19.9 39:19.6 | mean 18.5
0824 02:26:51 ds4-server: chat ctx=3305..3355:50 gen=3150 THINKING decoding chunk=13.06 t/s avg=15.26 t/s 206.427s
0824 02:26:55 ds4-server: chat ctx=3355..3405:50 gen=3200 THINKING decoding chunk=13.44 t/s avg=15.23 t/s 210.148s
0824 02:26:59 ds4-server: chat ctx=3405..3455:50 gen=3250 THINKING decoding chunk=13.64 t/s avg=15.20 t/s 213.813s
ds4: qwen35moe experts/token avg over 128 tokens: 0:15.0 1:15.2 2:15.5 3:16.5 4:16.1 5:16.5 6:16.6 7:16.2 8:17.4 9:17.1 10:16.0 11:15.6 12:16.4 13:16.5 14:16.9 15:16.4 16:16.8 17:16.2 18:16.8 19:16.5 20:17.7 21:16.9 22:15.7 23:15.9 24:16.3 25:16.0 26:17.0 27:16.2 28:16.4 29:16.1 30:16.7 31:17.1 32:16.4 33:16.2 34:16.1 35:16.8 36:17.5 37:17.9 38:18.5 39:17.0 | mean 16.5
0824 02:27:03 ds4-server: chat ctx=3455..3505:50 gen=3300 THINKING decoding chunk=13.44 t/s avg=15.17 t/s 217.533s
0824 02:27:06 ds4-server: chat ctx=3505..3555:50 gen=3350 THINKING decoding chunk=12.92 t/s avg=15.13 t/s 221.404s
ds4: qwen35moe experts/token avg over 128 tokens: 0:14.7 1:15.2 2:15.6 3:16.9 4:17.0 5:17.1 6:17.2 7:17.3 8:17.8 9:17.8 10:16.6 11:16.6 12:17.8 13:16.9 14:18.2 15:17.5 16:18.4 17:17.7 18:18.0 19:17.9 20:18.5 21:18.2 22:17.1 23:17.4 24:18.0 25:17.7 26:18.1 27:17.7 28:17.8 29:17.8 30:18.2 31:18.6 32:18.4 33:18.5 34:18.2 35:18.8 36:19.0 37:19.3 38:19.5 39:19.2 | mean 17.7
0824 02:27:10 ds4-server: chat ctx=3555..3605:50 gen=3400 THINKING decoding chunk=12.90 t/s avg=15.09 t/s 225.279s
0824 02:27:14 ds4-server: chat ctx=3605..3655:50 gen=3450 THINKING decoding chunk=12.90 t/s avg=15.06 t/s 229.156s
0824 02:27:18 ds4-server: chat ctx=3655..3705:50 gen=3500 THINKING decoding chunk=12.65 t/s avg=15.01 t/s 233.109s
ds4: qwen35moe experts/token avg over 128 tokens: 0:15.8 1:16.4 2:16.6 3:17.7 4:17.6 5:17.8 6:18.2 7:18.4 8:18.5 9:17.8 10:16.9 11:17.0 12:17.8 13:18.3 14:19.2 15:19.2 16:19.6 17:19.0 18:19.0 19:19.1 20:19.2 21:18.8 22:18.6 23:18.4 24:19.2 25:19.2 26:19.0 27:18.7 28:19.3 29:19.2 30:19.2 31:19.4 32:19.6 33:19.7 34:19.8 35:19.8 36:19.9 37:19.9 38:20.0 39:20.0 | mean 18.7
0824 02:27:22 ds4-server: chat ctx=3705..3755:50 gen=3550 THINKING decoding chunk=12.73 t/s avg=14.98 t/s 237.036s
0824 02:27:26 ds4-server: chat ctx=3755..3805:50 gen=3600 THINKING decoding chunk=13.22 t/s avg=14.95 t/s 240.819s
ds4: qwen35moe experts/token avg over 128 tokens: 0:15.3 1:15.8 2:15.8 3:17.3 4:17.1 5:17.3 6:17.1 7:17.5 8:18.3 9:17.6 10:16.4 11:16.2 12:16.8 13:16.8 14:17.2 15:16.9 16:17.3 17:16.4 18:15.8 19:16.0 20:17.8 21:17.2 22:16.2 23:16.0 24:15.9 25:16.8 26:17.1 27:16.2 28:16.6 29:16.6 30:16.8 31:16.5 32:16.7 33:16.5 34:16.2 35:17.6 36:17.8 37:18.0 38:18.7 39:17.7 | mean 16.8
0824 02:27:30 ds4-server: chat ctx=3805..3855:50 gen=3650 THINKING decoding chunk=12.90 t/s avg=14.92 t/s 244.695s
0824 02:27:34 ds4-server: chat ctx=3855..3905:50 gen=3700 THINKING decoding chunk=12.54 t/s avg=14.88 t/s 248.682s
0824 02:27:38 ds4-server: chat ctx=3905..3955:50 gen=3750 THINKING decoding chunk=12.69 t/s avg=14.84 t/s 252.621s
ds4: qwen35moe experts/token avg over 128 tokens: 0:16.1 1:16.4 2:16.6 3:17.7 4:17.8 5:18.5 6:18.2 7:18.5 8:18.8 9:17.8 10:17.0 11:16.8 12:17.0 13:16.8 14:18.0 15:17.8 16:17.9 17:17.3 18:17.2 19:17.7 20:18.5 21:18.6 22:17.0 23:17.0 24:17.6 25:17.9 26:17.7 27:17.9 28:17.3 29:17.6 30:17.7 31:18.4 32:17.8 33:18.0 34:18.2 35:18.6 36:18.9 37:19.0 38:19.3 39:19.0 | mean 17.8
0824 02:27:41 ds4-server: chat ctx=3955..4005:50 gen=3800 THINKING decoding chunk=13.08 t/s avg=14.82 t/s 256.443s
0824 02:27:45 ds4-server: chat ctx=4005..4055:50 gen=3850 THINKING decoding chunk=12.65 t/s avg=14.79 t/s 260.394s
ds4: qwen35moe experts/token avg over 128 tokens: 0:14.6 1:15.4 2:15.4 3:16.9 4:17.0 5:17.3 6:17.1 7:17.1 8:17.6 9:17.2 10:16.6 11:16.5 12:17.2 13:16.7 14:18.1 15:17.6 16:17.8 17:17.7 18:17.1 19:17.8 20:17.7 21:18.0 22:17.1 23:17.2 24:17.6 25:17.6 26:17.9 27:17.1 28:17.5 29:17.6 30:17.6 31:18.1 32:17.6 33:17.8 34:17.7 35:18.5 36:18.6 37:18.8 38:19.3 39:19.1 | mean 17.4
0824 02:27:49 ds4-server: chat ctx=4055..4105:50 gen=3900 THINKING decoding chunk=12.41 t/s avg=14.75 t/s 264.422s
0824 02:27:53 ds4-server: chat ctx=4105..4155:50 gen=3950 THINKING decoding chunk=12.36 t/s avg=14.71 t/s 268.466s
0824 02:27:58 ds4-server: chat ctx=4155..4205:50 gen=4000 THINKING decoding chunk=12.24 t/s avg=14.68 t/s 272.552s
ds4: qwen35moe experts/token avg over 128 tokens: 0:15.4 1:16.5 2:16.7 3:17.5 4:17.3 5:17.7 6:18.1 7:18.1 8:18.3 9:17.4 10:16.8 11:17.0 12:17.7 13:18.4 14:19.3 15:19.4 16:19.7 17:19.2 18:19.3 19:19.5 20:19.3 21:19.4 22:19.0 23:18.6 24:19.4 25:19.3 26:19.4 27:19.0 28:19.4 29:19.2 30:19.6 31:19.6 32:19.5 33:19.6 34:19.9 35:19.9 36:20.0 37:20.0 38:20.0 39:20.0 | mean 18.7
0824 02:28:02 ds4-server: chat ctx=4205..4255:50 gen=4050 THINKING decoding chunk=12.10 t/s avg=14.64 t/s 276.686s
0824 02:28:05 ds4-server: chat ctx=4255..4301:46 gen=4096 THINKING decoding chunk=12.50 t/s avg=14.61 t/s 280.367s
0824 02:28:05 ds4-server: chat ctx=0..205:205 gen=4096 THINKING finish=length 291.831s
0824 02:28:08 ds4-server: live kv cache miss live=4301 prompt=162 common=35 reason=token-mismatch
0824 02:28:08 ds4-server: chat ctx=0..162:162 prompt start
0824 02:28:08 ds4-server: chat ctx=0..162:162 prefill chunk 1/162 (0.6%) chunk=0.00 t/s avg=3.04 t/s 0.329s
0824 02:28:08 ds4-server: chat ctx=0..162:162 prefill chunk 2/162 (1.2%) chunk=19.87 t/s avg=5.28 t/s 0.379s
0824 02:28:08 ds4-server: chat ctx=0..162:162 prefill chunk 3/162 (1.9%) chunk=19.28 t/s avg=6.96 t/s 0.431s
0824 02:28:08 ds4-server: chat ctx=0..162:162 prefill chunk 4/162 (2.5%) chunk=19.01 t/s avg=8.27 t/s 0.483s
0824 02:28:08 ds4-server: chat ctx=0..162:162 prefill chunk 5/162 (3.1%) chunk=19.18 t/s avg=9.34 t/s 0.536s
0824 02:28:08 ds4-server: chat ctx=0..162:162 prefill chunk 6/162 (3.7%) chunk=19.35 t/s avg=10.22 t/s 0.587s
0824 02:28:08 ds4-server: chat ctx=0..162:162 prefill chunk 7/162 (4.3%) chunk=18.98 t/s avg=10.94 t/s 0.640s
0824 02:28:09 ds4-server: chat ctx=0..162:162 prefill chunk 8/162 (4.9%) chunk=18.94 t/s avg=11.55 t/s 0.693s
0824 02:28:09 ds4-server: chat ctx=0..162:162 prefill chunk 9/162 (5.6%) chunk=19.51 t/s avg=12.10 t/s 0.744s
0824 02:28:09 ds4-server: chat ctx=0..162:162 prefill chunk 10/162 (6.2%) chunk=19.10 t/s avg=12.56 t/s 0.796s
0824 02:28:09 ds4-server: chat ctx=0..162:162 prefill chunk 11/162 (6.8%) chunk=19.03 t/s avg=12.96 t/s 0.849s
0824 02:28:09 ds4-server: chat ctx=0..162:162 prefill chunk 12/162 (7.4%) chunk=19.27 t/s avg=13.32 t/s 0.901s
0824 02:28:09 ds4-server: chat ctx=0..162:162 prefill chunk 13/162 (8.0%) chunk=18.91 t/s avg=13.63 t/s 0.954s
0824 02:28:09 ds4-server: chat ctx=0..162:162 prefill chunk 14/162 (8.6%) chunk=19.32 t/s avg=13.93 t/s 1.005s
0824 02:28:09 ds4-server: chat ctx=0..162:162 prefill chunk 15/162 (9.3%) chunk=18.74 t/s avg=14.17 t/s 1.059s
0824 02:28:09 ds4-server: chat ctx=0..162:162 prefill chunk 16/162 (9.9%) chunk=19.15 t/s avg=14.40 t/s 1.111s
0824 02:28:09 ds4-server: chat ctx=0..162:162 prefill chunk 17/162 (10.5%) chunk=18.56 t/s avg=14.59 t/s 1.165s
0824 02:28:09 ds4-server: chat ctx=0..162:162 prefill chunk 18/162 (11.1%) chunk=18.21 t/s avg=14.76 t/s 1.220s
0824 02:28:09 ds4-server: chat ctx=0..162:162 prefill chunk 19/162 (11.7%) chunk=19.33 t/s avg=14.94 t/s 1.271s
0824 02:28:09 ds4-server: chat ctx=0..162:162 prefill chunk 20/162 (12.3%) chunk=18.56 t/s avg=15.09 t/s 1.325s
0824 02:28:09 ds4-server: chat ctx=0..162:162 prefill chunk 21/162 (13.0%) chunk=19.21 t/s avg=15.25 t/s 1.377s
0824 02:28:09 ds4-server: chat ctx=0..162:162 prefill chunk 22/162 (13.6%) chunk=18.13 t/s avg=15.36 t/s 1.433s
0824 02:28:09 ds4-server: chat ctx=0..162:162 prefill chunk 23/162 (14.2%) chunk=18.77 t/s avg=15.48 t/s 1.486s
0824 02:28:09 ds4-server: chat ctx=0..162:162 prefill chunk 24/162 (14.8%) chunk=19.64 t/s avg=15.62 t/s 1.537s
0824 02:28:09 ds4-server: chat ctx=0..162:162 prefill chunk 25/162 (15.4%) chunk=18.43 t/s avg=15.71 t/s 1.591s
0824 02:28:09 ds4-server: chat ctx=0..162:162 prefill chunk 26/162 (16.0%) chunk=19.50 t/s avg=15.83 t/s 1.642s
0824 02:28:10 ds4-server: chat ctx=0..162:162 prefill chunk 27/162 (16.7%) chunk=18.02 t/s avg=15.90 t/s 1.698s
0824 02:28:10 ds4-server: chat ctx=0..162:162 prefill chunk 28/162 (17.3%) chunk=17.97 t/s avg=15.97 t/s 1.753s
0824 02:28:10 ds4-server: chat ctx=0..162:162 prefill chunk 29/162 (17.9%) chunk=18.63 t/s avg=16.05 t/s 1.807s
0824 02:28:10 ds4-server: chat ctx=0..162:162 prefill chunk 30/162 (18.5%) chunk=18.66 t/s avg=16.12 t/s 1.861s
0824 02:28:10 ds4-server: chat ctx=0..162:162 prefill chunk 31/162 (19.1%) chunk=20.05 t/s avg=16.23 t/s 1.911s
0824 02:28:10 ds4-server: chat ctx=0..162:162 prefill chunk 32/162 (19.8%) chunk=19.34 t/s avg=16.31 t/s 1.962s
0824 02:28:10 ds4-server: chat ctx=0..162:162 prefill chunk 33/162 (20.4%) chunk=18.79 t/s avg=16.37 t/s 2.016s
0824 02:28:10 ds4-server: chat ctx=0..162:162 prefill chunk 34/162 (21.0%) chunk=18.68 t/s avg=16.43 t/s 2.069s
0824 02:28:10 ds4-server: chat ctx=0..162:162 prefill chunk 35/162 (21.6%) chunk=17.91 t/s avg=16.47 t/s 2.125s
0824 02:28:10 ds4-server: chat ctx=0..162:162 prefill chunk 36/162 (22.2%) chunk=19.40 t/s avg=16.54 t/s 2.176s
0824 02:28:10 ds4-server: chat ctx=0..162:162 prefill chunk 37/162 (22.8%) chunk=18.87 t/s avg=16.60 t/s 2.229s
0824 02:28:10 ds4-server: chat ctx=0..162:162 prefill chunk 38/162 (23.5%) chunk=19.18 t/s avg=16.66 t/s 2.282s
0824 02:28:10 ds4-server: chat ctx=0..162:162 prefill chunk 39/162 (24.1%) chunk=19.37 t/s avg=16.72 t/s 2.333s
0824 02:28:10 ds4-server: chat ctx=0..162:162 prefill chunk 40/162 (24.7%) chunk=19.09 t/s avg=16.77 t/s 2.386s
0824 02:28:10 ds4-server: chat ctx=0..162:162 prefill chunk 41/162 (25.3%) chunk=19.30 t/s avg=16.82 t/s 2.437s
0824 02:28:10 ds4-server: chat ctx=0..162:162 prefill chunk 42/162 (25.9%) chunk=18.60 t/s avg=16.86 t/s 2.491s
0824 02:28:10 ds4-server: chat ctx=0..162:162 prefill chunk 43/162 (26.5%) chunk=18.94 t/s avg=16.90 t/s 2.544s
0824 02:28:10 ds4-server: chat ctx=0..162:162 prefill chunk 44/162 (27.2%) chunk=18.08 t/s avg=16.93 t/s 2.599s
0824 02:28:11 ds4-server: chat ctx=0..162:162 prefill chunk 45/162 (27.8%) chunk=17.61 t/s avg=16.94 t/s 2.656s
0824 02:28:11 ds4-server: chat ctx=0..162:162 prefill chunk 46/162 (28.4%) chunk=18.58 t/s avg=16.98 t/s 2.710s
0824 02:28:11 ds4-server: chat ctx=0..162:162 prefill chunk 47/162 (29.0%) chunk=17.68 t/s avg=16.99 t/s 2.766s
0824 02:28:11 ds4-server: chat ctx=0..162:162 prefill chunk 48/162 (29.6%) chunk=17.42 t/s avg=17.00 t/s 2.824s
0824 02:28:11 ds4-server: chat ctx=0..162:162 prefill chunk 49/162 (30.2%) chunk=18.07 t/s avg=17.02 t/s 2.879s
0824 02:28:11 ds4-server: chat ctx=0..162:162 prefill chunk 50/162 (30.9%) chunk=18.43 t/s avg=17.04 t/s 2.933s
0824 02:28:11 ds4-server: chat ctx=0..162:162 prefill chunk 51/162 (31.5%) chunk=18.20 t/s avg=17.07 t/s 2.988s
0824 02:28:11 ds4-server: chat ctx=0..162:162 prefill chunk 52/162 (32.1%) chunk=18.61 t/s avg=17.09 t/s 3.042s
0824 02:28:11 ds4-server: chat ctx=0..162:162 prefill chunk 53/162 (32.7%) chunk=18.92 t/s avg=17.12 t/s 3.095s
0824 02:28:11 ds4-server: chat ctx=0..162:162 prefill chunk 54/162 (33.3%) chunk=19.78 t/s avg=17.17 t/s 3.146s
0824 02:28:11 ds4-server: chat ctx=0..162:162 prefill chunk 55/162 (34.0%) chunk=18.96 t/s avg=17.20 t/s 3.198s
0824 02:28:11 ds4-server: chat ctx=0..162:162 prefill chunk 56/162 (34.6%) chunk=18.23 t/s avg=17.21 t/s 3.253s
0824 02:28:11 ds4-server: chat ctx=0..162:162 prefill chunk 57/162 (35.2%) chunk=19.37 t/s avg=17.25 t/s 3.305s
ds4: qwen35moe experts/token avg over 128 tokens: 0:15.6 1:15.0 2:15.2 3:16.0 4:15.8 5:15.7 6:16.0 7:15.9 8:16.4 9:15.9 10:15.4 11:15.3 12:16.1 13:15.6 14:16.4 15:16.9 16:16.8 17:16.2 18:16.4 19:16.2 20:16.9 21:16.3 22:16.3 23:16.2 24:16.8 25:16.5 26:16.4 27:16.4 28:16.7 29:17.2 30:16.9 31:16.9 32:17.0 33:16.8 34:17.4 35:18.1 36:18.5 37:18.5 38:19.0 39:18.3 | mean 16.6
0824 02:28:11 ds4-server: chat ctx=0..162:162 prefill chunk 58/162 (35.8%) chunk=18.95 t/s avg=17.27 t/s 3.358s
0824 02:28:11 ds4-server: chat ctx=0..162:162 prefill chunk 59/162 (36.4%) chunk=19.34 t/s avg=17.31 t/s 3.409s
0824 02:28:11 ds4-server: chat ctx=0..162:162 prefill chunk 60/162 (37.0%) chunk=18.08 t/s avg=17.32 t/s 3.465s
0824 02:28:11 ds4-server: chat ctx=0..162:162 prefill chunk 61/162 (37.7%) chunk=18.53 t/s avg=17.34 t/s 3.518s
0824 02:28:11 ds4-server: chat ctx=0..162:162 prefill chunk 62/162 (38.3%) chunk=18.88 t/s avg=17.36 t/s 3.571s
0824 02:28:11 ds4-server: chat ctx=0..162:162 prefill chunk 63/162 (38.9%) chunk=18.48 t/s avg=17.38 t/s 3.626s
0824 02:28:12 ds4-server: chat ctx=0..162:162 prefill chunk 64/162 (39.5%) chunk=18.95 t/s avg=17.40 t/s 3.678s
0824 02:28:12 ds4-server: chat ctx=0..162:162 prefill chunk 65/162 (40.1%) chunk=18.57 t/s avg=17.42 t/s 3.732s
0824 02:28:12 ds4-server: chat ctx=0..162:162 prefill chunk 66/162 (40.7%) chunk=18.62 t/s avg=17.43 t/s 3.786s
0824 02:28:12 ds4-server: chat ctx=0..162:162 prefill chunk 67/162 (41.4%) chunk=19.17 t/s avg=17.46 t/s 3.838s
0824 02:28:12 ds4-server: chat ctx=0..162:162 prefill chunk 68/162 (42.0%) chunk=19.09 t/s avg=17.48 t/s 3.890s
0824 02:28:12 ds4-server: chat ctx=0..162:162 prefill chunk 69/162 (42.6%) chunk=19.16 t/s avg=17.50 t/s 3.943s
0824 02:28:12 ds4-server: chat ctx=0..162:162 prefill chunk 70/162 (43.2%) chunk=18.35 t/s avg=17.51 t/s 3.997s
0824 02:28:12 ds4-server: chat ctx=0..162:162 prefill chunk 71/162 (43.8%) chunk=18.66 t/s avg=17.53 t/s 4.051s
0824 02:28:12 ds4-server: chat ctx=0..162:162 prefill chunk 72/162 (44.4%) chunk=18.59 t/s avg=17.54 t/s 4.105s
0824 02:28:12 ds4-server: chat ctx=0..162:162 prefill chunk 73/162 (45.1%) chunk=18.71 t/s avg=17.56 t/s 4.158s
0824 02:28:12 ds4-server: chat ctx=0..162:162 prefill chunk 74/162 (45.7%) chunk=19.14 t/s avg=17.58 t/s 4.210s
0824 02:28:12 ds4-server: chat ctx=0..162:162 prefill chunk 75/162 (46.3%) chunk=18.52 t/s avg=17.59 t/s 4.264s
0824 02:28:12 ds4-server: chat ctx=0..162:162 prefill chunk 76/162 (46.9%) chunk=18.63 t/s avg=17.60 t/s 4.318s
0824 02:28:12 ds4-server: chat ctx=0..162:162 prefill chunk 77/162 (47.5%) chunk=19.10 t/s avg=17.62 t/s 4.370s
0824 02:28:12 ds4-server: chat ctx=0..162:162 prefill chunk 78/162 (48.1%) chunk=18.75 t/s avg=17.63 t/s 4.424s
0824 02:28:12 ds4-server: chat ctx=0..162:162 prefill chunk 79/162 (48.8%) chunk=19.35 t/s avg=17.65 t/s 4.475s
0824 02:28:12 ds4-server: chat ctx=0..162:162 prefill chunk 80/162 (49.4%) chunk=18.48 t/s avg=17.66 t/s 4.529s
0824 02:28:12 ds4-server: chat ctx=0..162:162 prefill chunk 81/162 (50.0%) chunk=18.48 t/s avg=17.67 t/s 4.583s
0824 02:28:12 ds4-server: chat ctx=0..162:162 prefill chunk 82/162 (50.6%) chunk=18.73 t/s avg=17.68 t/s 4.637s
0824 02:28:13 ds4-server: chat ctx=0..162:162 prefill chunk 83/162 (51.2%) chunk=18.43 t/s avg=17.69 t/s 4.691s
0824 02:28:13 ds4-server: chat ctx=0..162:162 prefill chunk 84/162 (51.9%) chunk=18.38 t/s avg=17.70 t/s 4.746s
0824 02:28:13 ds4-server: chat ctx=0..162:162 prefill chunk 85/162 (52.5%) chunk=18.02 t/s avg=17.70 t/s 4.801s
0824 02:28:13 ds4-server: chat ctx=0..162:162 prefill chunk 86/162 (53.1%) chunk=18.32 t/s avg=17.71 t/s 4.856s
0824 02:28:13 ds4-server: chat ctx=0..162:162 prefill chunk 87/162 (53.7%) chunk=18.14 t/s avg=17.72 t/s 4.911s
0824 02:28:13 ds4-server: chat ctx=0..162:162 prefill chunk 88/162 (54.3%) chunk=18.57 t/s avg=17.73 t/s 4.965s
0824 02:28:13 ds4-server: chat ctx=0..162:162 prefill chunk 89/162 (54.9%) chunk=18.56 t/s avg=17.73 t/s 5.018s
0824 02:28:13 ds4-server: chat ctx=0..162:162 prefill chunk 90/162 (55.6%) chunk=18.91 t/s avg=17.75 t/s 5.071s
0824 02:28:13 ds4-server: chat ctx=0..162:162 prefill chunk 91/162 (56.2%) chunk=18.05 t/s avg=17.75 t/s 5.127s
0824 02:28:13 ds4-server: chat ctx=0..162:162 prefill chunk 92/162 (56.8%) chunk=18.56 t/s avg=17.76 t/s 5.181s
0824 02:28:13 ds4-server: chat ctx=0..162:162 prefill chunk 93/162 (57.4%) chunk=18.87 t/s avg=17.77 t/s 5.234s
0824 02:28:13 ds4-server: chat ctx=0..162:162 prefill chunk 94/162 (58.0%) chunk=17.18 t/s avg=17.76 t/s 5.292s
0824 02:28:13 ds4-server: chat ctx=0..162:162 prefill chunk 95/162 (58.6%) chunk=18.64 t/s avg=17.77 t/s 5.346s
0824 02:28:13 ds4-server: chat ctx=0..162:162 prefill chunk 96/162 (59.3%) chunk=18.39 t/s avg=17.78 t/s 5.400s
0824 02:28:13 ds4-server: chat ctx=0..162:162 prefill chunk 97/162 (59.9%) chunk=17.50 t/s avg=17.78 t/s 5.457s
0824 02:28:13 ds4-server: chat ctx=0..162:162 prefill chunk 98/162 (60.5%) chunk=18.77 t/s avg=17.78 t/s 5.510s
0824 02:28:13 ds4-server: chat ctx=0..162:162 prefill chunk 99/162 (61.1%) chunk=18.22 t/s avg=17.79 t/s 5.565s
0824 02:28:13 ds4-server: chat ctx=0..162:162 prefill chunk 100/162 (61.7%) chunk=18.18 t/s avg=17.79 t/s 5.620s
0824 02:28:14 ds4-server: chat ctx=0..162:162 prefill chunk 101/162 (62.3%) chunk=18.94 t/s avg=17.80 t/s 5.673s
0824 02:28:14 ds4-server: chat ctx=0..162:162 prefill chunk 102/162 (63.0%) chunk=18.15 t/s avg=17.81 t/s 5.728s
0824 02:28:14 ds4-server: chat ctx=0..162:162 prefill chunk 103/162 (63.6%) chunk=17.85 t/s avg=17.81 t/s 5.784s
0824 02:28:14 ds4-server: chat ctx=0..162:162 prefill chunk 104/162 (64.2%) chunk=18.78 t/s avg=17.82 t/s 5.837s
0824 02:28:14 ds4-server: chat ctx=0..162:162 prefill chunk 105/162 (64.8%) chunk=17.56 t/s avg=17.81 t/s 5.894s
0824 02:28:14 ds4-server: chat ctx=0..162:162 prefill chunk 106/162 (65.4%) chunk=17.89 t/s avg=17.81 t/s 5.950s
0824 02:28:14 ds4-server: chat ctx=0..162:162 prefill chunk 107/162 (66.0%) chunk=18.11 t/s avg=17.82 t/s 6.005s
0824 02:28:14 ds4-server: chat ctx=0..162:162 prefill chunk 108/162 (66.7%) chunk=18.35 t/s avg=17.82 t/s 6.060s
0824 02:28:14 ds4-server: chat ctx=0..162:162 prefill chunk 109/162 (67.3%) chunk=18.44 t/s avg=17.83 t/s 6.114s
0824 02:28:14 ds4-server: chat ctx=0..162:162 prefill chunk 110/162 (67.9%) chunk=18.26 t/s avg=17.83 t/s 6.169s
0824 02:28:14 ds4-server: chat ctx=0..162:162 prefill chunk 111/162 (68.5%) chunk=17.50 t/s avg=17.83 t/s 6.226s
0824 02:28:14 ds4-server: chat ctx=0..162:162 prefill chunk 112/162 (69.1%) chunk=17.87 t/s avg=17.83 t/s 6.282s
0824 02:28:14 ds4-server: chat ctx=0..162:162 prefill chunk 113/162 (69.8%) chunk=18.51 t/s avg=17.83 t/s 6.336s
0824 02:28:14 ds4-server: chat ctx=0..162:162 prefill chunk 114/162 (70.4%) chunk=17.96 t/s avg=17.84 t/s 6.392s
0824 02:28:14 ds4-server: chat ctx=0..162:162 prefill chunk 115/162 (71.0%) chunk=18.86 t/s avg=17.84 t/s 6.445s
0824 02:28:14 ds4-server: chat ctx=0..162:162 prefill chunk 116/162 (71.6%) chunk=17.73 t/s avg=17.84 t/s 6.501s
0824 02:28:14 ds4-server: chat ctx=0..162:162 prefill chunk 117/162 (72.2%) chunk=17.46 t/s avg=17.84 t/s 6.558s
0824 02:28:14 ds4-server: chat ctx=0..162:162 prefill chunk 118/162 (72.8%) chunk=18.81 t/s avg=17.85 t/s 6.612s
0824 02:28:15 ds4-server: chat ctx=0..162:162 prefill chunk 119/162 (73.5%) chunk=17.87 t/s avg=17.85 t/s 6.668s
0824 02:28:15 ds4-server: chat ctx=0..162:162 prefill chunk 120/162 (74.1%) chunk=17.80 t/s avg=17.85 t/s 6.724s
0824 02:28:15 ds4-server: chat ctx=0..162:162 prefill chunk 121/162 (74.7%) chunk=17.98 t/s avg=17.85 t/s 6.779s
0824 02:28:15 ds4-server: chat ctx=0..162:162 prefill chunk 122/162 (75.3%) chunk=17.22 t/s avg=17.84 t/s 6.838s
0824 02:28:15 ds4-server: chat ctx=0..162:162 prefill chunk 123/162 (75.9%) chunk=17.94 t/s avg=17.84 t/s 6.893s
0824 02:28:15 ds4-server: chat ctx=0..162:162 prefill chunk 124/162 (76.5%) chunk=17.16 t/s avg=17.84 t/s 6.952s
0824 02:28:15 ds4-server: chat ctx=0..162:162 prefill chunk 125/162 (77.2%) chunk=18.21 t/s avg=17.84 t/s 7.006s
0824 02:28:15 ds4-server: chat ctx=0..162:162 prefill chunk 126/162 (77.8%) chunk=18.07 t/s avg=17.84 t/s 7.062s
0824 02:28:15 ds4-server: chat ctx=0..162:162 prefill chunk 127/162 (78.4%) chunk=17.57 t/s avg=17.84 t/s 7.119s
0824 02:28:15 ds4-server: chat ctx=0..162:162 prefill chunk 128/162 (79.0%) chunk=17.73 t/s avg=17.84 t/s 7.175s
0824 02:28:15 ds4-server: chat ctx=0..162:162 prefill chunk 129/162 (79.6%) chunk=17.67 t/s avg=17.84 t/s 7.232s
0824 02:28:15 ds4-server: chat ctx=0..162:162 prefill chunk 130/162 (80.2%) chunk=18.00 t/s avg=17.84 t/s 7.287s
0824 02:28:15 ds4-server: chat ctx=0..162:162 prefill chunk 131/162 (80.9%) chunk=18.18 t/s avg=17.84 t/s 7.342s
0824 02:28:15 ds4-server: chat ctx=0..162:162 prefill chunk 132/162 (81.5%) chunk=18.14 t/s avg=17.84 t/s 7.397s
0824 02:28:15 ds4-server: chat ctx=0..162:162 prefill chunk 133/162 (82.1%) chunk=18.14 t/s avg=17.85 t/s 7.453s
0824 02:28:15 ds4-server: chat ctx=0..162:162 prefill chunk 134/162 (82.7%) chunk=18.86 t/s avg=17.85 t/s 7.506s
0824 02:28:15 ds4-server: chat ctx=0..162:162 prefill chunk 135/162 (83.3%) chunk=17.45 t/s avg=17.85 t/s 7.563s
0824 02:28:15 ds4-server: chat ctx=0..162:162 prefill chunk 136/162 (84.0%) chunk=17.62 t/s avg=17.85 t/s 7.620s
0824 02:28:16 ds4-server: chat ctx=0..162:162 prefill chunk 137/162 (84.6%) chunk=17.57 t/s avg=17.85 t/s 7.677s
0824 02:28:16 ds4-server: chat ctx=0..162:162 prefill chunk 138/162 (85.2%) chunk=17.80 t/s avg=17.85 t/s 7.733s
0824 02:28:16 ds4-server: chat ctx=0..162:162 prefill chunk 139/162 (85.8%) chunk=17.45 t/s avg=17.84 t/s 7.790s
0824 02:28:16 ds4-server: chat ctx=0..162:162 prefill chunk 140/162 (86.4%) chunk=17.79 t/s avg=17.84 t/s 7.846s
0824 02:28:16 ds4-server: chat ctx=0..162:162 prefill chunk 141/162 (87.0%) chunk=18.05 t/s avg=17.84 t/s 7.902s
0824 02:28:16 ds4-server: chat ctx=0..162:162 prefill chunk 142/162 (87.7%) chunk=17.94 t/s avg=17.85 t/s 7.957s
0824 02:28:16 ds4-server: chat ctx=0..162:162 prefill chunk 143/162 (88.3%) chunk=19.22 t/s avg=17.85 t/s 8.009s
0824 02:28:16 ds4-server: chat ctx=0..162:162 prefill chunk 144/162 (88.9%) chunk=17.20 t/s avg=17.85 t/s 8.067s
0824 02:28:16 ds4-server: chat ctx=0..162:162 prefill chunk 145/162 (89.5%) chunk=17.71 t/s avg=17.85 t/s 8.124s
0824 02:28:16 ds4-server: chat ctx=0..162:162 prefill chunk 146/162 (90.1%) chunk=17.38 t/s avg=17.85 t/s 8.181s
0824 02:28:16 ds4-server: chat ctx=0..162:162 prefill chunk 147/162 (90.7%) chunk=18.19 t/s avg=17.85 t/s 8.236s
0824 02:28:16 ds4-server: chat ctx=0..162:162 prefill chunk 148/162 (91.4%) chunk=17.73 t/s avg=17.85 t/s 8.293s
0824 02:28:16 ds4-server: chat ctx=0..162:162 prefill chunk 149/162 (92.0%) chunk=18.28 t/s avg=17.85 t/s 8.348s
0824 02:28:16 ds4-server: chat ctx=0..162:162 prefill chunk 150/162 (92.6%) chunk=17.70 t/s avg=17.85 t/s 8.404s
0824 02:28:16 ds4-server: chat ctx=0..162:162 prefill chunk 151/162 (93.2%) chunk=17.07 t/s avg=17.84 t/s 8.463s
0824 02:28:16 ds4-server: chat ctx=0..162:162 prefill chunk 152/162 (93.8%) chunk=17.95 t/s avg=17.84 t/s 8.518s
0824 02:28:16 ds4-server: chat ctx=0..162:162 prefill chunk 153/162 (94.4%) chunk=17.84 t/s avg=17.84 t/s 8.574s
0824 02:28:16 ds4-server: chat ctx=0..162:162 prefill chunk 154/162 (95.1%) chunk=18.56 t/s avg=17.85 t/s 8.628s
0824 02:28:17 ds4-server: chat ctx=0..162:162 prefill chunk 155/162 (95.7%) chunk=18.08 t/s avg=17.85 t/s 8.684s
0824 02:28:17 ds4-server: chat ctx=0..162:162 prefill chunk 156/162 (96.3%) chunk=19.40 t/s avg=17.86 t/s 8.735s
0824 02:28:17 ds4-server: chat ctx=0..162:162 prefill chunk 157/162 (96.9%) chunk=17.86 t/s avg=17.86 t/s 8.791s
0824 02:28:17 ds4-server: chat ctx=0..162:162 prefill chunk 158/162 (97.5%) chunk=18.76 t/s avg=17.86 t/s 8.844s
0824 02:28:17 ds4-server: chat ctx=0..162:162 prefill chunk 159/162 (98.1%) chunk=18.43 t/s avg=17.87 t/s 8.899s
0824 02:28:17 ds4-server: chat ctx=0..162:162 prefill chunk 160/162 (98.8%) chunk=17.59 t/s avg=17.87 t/s 8.956s
0824 02:28:17 ds4-server: chat ctx=0..162:162 prefill chunk 161/162 (99.4%) chunk=20.42 t/s avg=17.88 t/s 9.005s
0824 02:28:17 ds4-server: chat ctx=0..162:162 prefill chunk 162/162 (100.0%) chunk=19.65 t/s avg=17.89 t/s 9.055s
0824 02:28:17 ds4-server: chat ctx=0..162:162 prompt done 9.055s
ds4: qwen35moe experts/token avg over 128 tokens: 0:14.5 1:15.5 2:15.1 3:16.0 4:15.4 5:15.5 6:15.7 7:15.2 8:16.8 9:16.0 10:14.4 11:14.2 12:15.4 13:15.4 14:14.5 15:15.2 16:15.3 17:15.1 18:15.8 19:15.2 20:16.1 21:16.0 22:15.5 23:15.9 24:16.3 25:16.4 26:15.7 27:15.7 28:15.4 29:15.8 30:16.0 31:17.0 32:17.1 33:16.6 34:16.6 35:18.2 36:17.9 37:18.6 38:19.4 39:18.6 | mean 16.0
0824 02:28:20 ds4-server: chat ctx=162..212:50 gen=50 THINKING decoding chunk=18.45 t/s avg=18.45 t/s 2.710s
0824 02:28:22 ds4-server: chat ctx=212..262:50 gen=100 THINKING decoding chunk=17.66 t/s avg=18.05 t/s 5.541s
0824 02:28:25 ds4-server: chat ctx=262..312:50 gen=150 THINKING decoding chunk=18.15 t/s avg=18.08 t/s 8.296s
ds4: qwen35moe experts/token avg over 128 tokens: 0:15.0 1:15.2 2:14.6 3:16.0 4:15.3 5:15.5 6:15.6 7:16.1 8:16.9 9:16.9 10:15.1 11:14.5 12:15.6 13:16.2 14:15.8 15:15.7 16:15.4 17:15.6 18:15.5 19:15.2 20:16.4 21:16.5 22:15.8 23:15.6 24:16.2 25:16.9 26:16.2 27:16.0 28:15.8 29:16.2 30:16.6 31:16.6 32:16.5 33:15.8 34:16.6 35:17.7 36:17.6 37:18.5 38:19.0 39:18.2 | mean 16.2
0824 02:28:28 ds4-server: chat ctx=312..362:50 gen=200 THINKING decoding chunk=17.55 t/s avg=17.95 t/s 11.144s
0824 02:28:31 ds4-server: chat ctx=362..412:50 gen=250 THINKING decoding chunk=17.79 t/s avg=17.92 t/s 13.954s
ds4: qwen35moe experts/token avg over 128 tokens: 0:15.0 1:14.9 2:15.2 3:16.3 4:15.6 5:15.7 6:15.5 7:16.4 8:17.2 9:17.4 10:15.6 11:14.6 12:15.6 13:15.9 14:16.3 15:15.4 16:16.3 17:15.4 18:15.9 19:15.7 20:16.0 21:16.0 22:15.1 23:15.4 24:15.8 25:16.1 26:16.1 27:15.9 28:16.0 29:16.2 30:16.2 31:15.9 32:16.3 33:15.8 34:16.1 35:17.7 36:17.6 37:18.0 38:18.5 39:17.8 | mean 16.1
0824 02:28:34 ds4-server: chat ctx=412..462:50 gen=300 THINKING decoding chunk=18.02 t/s avg=17.93 t/s 16.730s
0824 02:28:36 ds4-server: chat ctx=462..512:50 gen=350 THINKING decoding chunk=17.60 t/s avg=17.88 t/s 19.570s
0824 02:28:39 ds4-server: chat ctx=512..562:50 gen=400 THINKING decoding chunk=17.75 t/s avg=17.87 t/s 22.388s
ds4: qwen35moe experts/token avg over 128 tokens: 0:14.5 1:14.4 2:14.2 3:15.9 4:15.8 5:14.5 6:15.5 7:15.9 8:16.6 9:16.4 10:14.6 11:14.0 12:15.0 13:14.8 14:16.0 15:15.2 16:15.4 17:14.6 18:15.4 19:15.7 20:16.1 21:15.8 22:15.2 23:15.0 24:15.3 25:16.0 26:16.1 27:15.8 28:15.5 29:15.5 30:15.3 31:15.5 32:15.4 33:15.1 34:14.7 35:16.8 36:16.6 37:16.6 38:18.2 39:16.5 | mean 15.5
0824 02:28:42 ds4-server: chat ctx=562..612:50 gen=450 THINKING decoding chunk=17.77 t/s avg=17.86 t/s 25.201s
0824 02:28:45 ds4-server: chat ctx=612..662:50 gen=500 THINKING decoding chunk=17.58 t/s avg=17.83 t/s 28.045s
ds4: qwen35moe experts/token avg over 128 tokens: 0:14.4 1:15.3 2:15.1 3:16.2 4:16.2 5:15.4 6:15.8 7:16.6 8:17.0 9:16.9 10:15.4 11:14.6 12:16.1 13:15.9 14:16.1 15:16.1 16:16.1 17:15.6 18:15.8 19:16.2 20:16.6 21:17.0 22:15.7 23:15.3 24:15.9 25:16.3 26:16.6 27:15.8 28:16.1 29:16.0 30:15.7 31:15.6 32:15.5 33:15.1 34:15.2 35:16.6 36:16.7 37:16.4 38:17.6 39:16.9 | mean 16.0
0824 02:28:48 ds4-server: chat ctx=662..712:50 gen=550 THINKING decoding chunk=16.58 t/s avg=17.71 t/s 31.060s
0824 02:28:51 ds4-server: chat ctx=712..762:50 gen=600 THINKING decoding chunk=16.43 t/s avg=17.59 t/s 34.103s
0824 02:28:54 ds4-server: chat ctx=762..812:50 gen=650 THINKING decoding chunk=16.56 t/s avg=17.51 t/s 37.122s
ds4: qwen35moe experts/token avg over 128 tokens: 0:15.6 1:15.8 2:16.2 3:16.7 4:16.5 5:17.1 6:17.3 7:17.5 8:17.9 9:17.7 10:17.0 11:16.2 12:17.6 13:17.6 14:17.6 15:17.9 16:17.9 17:17.3 18:17.5 19:17.8 20:18.2 21:18.3 22:17.7 23:17.4 24:18.4 25:18.2 26:17.8 27:17.6 28:18.1 29:18.2 30:18.3 31:18.3 32:18.7 33:18.4 34:18.5 35:19.1 36:19.4 37:19.4 38:19.8 39:19.5 | mean 17.8
0824 02:28:57 ds4-server: chat ctx=812..862:50 gen=700 THINKING decoding chunk=16.52 t/s avg=17.43 t/s 40.149s
0824 02:29:00 ds4-server: chat ctx=862..912:50 gen=750 THINKING decoding chunk=17.01 t/s avg=17.41 t/s 43.089s
ds4: qwen35moe experts/token avg over 128 tokens: 0:14.3 1:14.6 2:14.4 3:16.3 4:16.2 5:15.6 6:16.2 7:16.2 8:16.8 9:17.0 10:15.3 11:14.6 12:16.0 13:15.4 14:15.8 15:15.4 16:15.9 17:15.4 18:15.6 19:16.0 20:16.5 21:16.3 22:15.3 23:15.7 24:15.6 25:15.7 26:16.0 27:15.8 28:15.8 29:15.8 30:15.2 31:15.7 32:15.5 33:15.4 34:15.4 35:17.0 36:16.6 37:17.2 38:18.0 39:17.0 | mean 15.9
0824 02:29:03 ds4-server: chat ctx=912..962:50 gen=800 THINKING decoding chunk=17.14 t/s avg=17.39 t/s 46.006s
0824 02:29:06 ds4-server: chat ctx=962..1012:50 gen=850 THINKING decoding chunk=16.72 t/s avg=17.35 t/s 48.997s
0824 02:29:09 ds4-server: chat ctx=1012..1062:50 gen=900 THINKING decoding chunk=15.97 t/s avg=17.27 t/s 52.129s
ds4: qwen35moe experts/token avg over 128 tokens: 0:14.6 1:15.5 2:15.4 3:17.1 4:17.1 5:16.7 6:16.4 7:16.8 8:17.3 9:17.3 10:15.5 11:15.9 12:17.0 13:15.8 14:16.6 15:16.1 16:17.0 17:16.3 18:16.9 19:16.3 20:17.7 21:16.9 22:16.1 23:16.4 24:16.7 25:16.4 26:17.1 27:16.9 28:16.9 29:17.0 30:16.9 31:17.1 32:17.1 33:17.2 34:16.8 35:17.7 36:18.2 37:18.3 38:18.9 39:18.4 | mean 16.8
0824 02:29:12 ds4-server: chat ctx=1062..1112:50 gen=950 THINKING decoding chunk=16.80 t/s avg=17.24 t/s 55.104s
0824 02:29:15 ds4-server: chat ctx=1112..1162:50 gen=1000 THINKING decoding chunk=16.69 t/s avg=17.21 t/s 58.099s
ds4: qwen35moe experts/token avg over 128 tokens: 0:14.1 1:15.0 2:14.4 3:16.5 4:15.9 5:15.8 6:16.1 7:16.3 8:17.2 9:16.2 10:15.0 11:15.0 12:15.9 13:15.6 14:15.7 15:15.5 16:15.9 17:15.5 18:15.5 19:16.4 20:15.3 21:16.0 22:15.2 23:14.9 24:15.6 25:15.5 26:15.3 27:15.6 28:15.3 29:15.4 30:15.3 31:16.7 32:15.5 33:14.8 34:15.3 35:16.7 36:17.0 37:17.4 38:18.5 39:17.3 | mean 15.8
0824 02:29:18 ds4-server: chat ctx=1162..1212:50 gen=1050 THINKING decoding chunk=16.17 t/s avg=17.16 t/s 61.191s
0824 02:29:21 ds4-server: chat ctx=1212..1262:50 gen=1100 THINKING decoding chunk=16.04 t/s avg=17.10 t/s 64.309s
0824 02:29:24 ds4-server: chat ctx=1262..1312:50 gen=1150 THINKING decoding chunk=16.35 t/s avg=17.07 t/s 67.367s
ds4: qwen35moe experts/token avg over 128 tokens: 0:14.4 1:15.0 2:15.6 3:16.3 4:16.3 5:16.4 6:16.8 7:16.9 8:17.7 9:17.0 10:15.3 11:15.6 12:16.2 13:15.5 14:16.6 15:15.7 16:16.7 17:16.0 18:16.1 19:15.4 20:17.1 21:16.8 22:15.4 23:15.8 24:16.1 25:15.7 26:16.8 27:15.6 28:16.6 29:16.2 30:16.1 31:16.2 32:16.2 33:15.7 34:15.5 35:16.4 36:16.8 37:17.3 38:18.0 39:17.2 | mean 16.2
0824 02:29:27 ds4-server: chat ctx=1312..1362:50 gen=1200 THINKING decoding chunk=16.33 t/s avg=17.04 t/s 70.429s
0824 02:29:31 ds4-server: chat ctx=1362..1412:50 gen=1250 THINKING decoding chunk=15.43 t/s avg=16.97 t/s 73.670s
0824 02:29:34 ds4-server: chat ctx=1412..1462:50 gen=1300 THINKING decoding chunk=15.82 t/s avg=16.92 t/s 76.830s
ds4: qwen35moe experts/token avg over 128 tokens: 0:14.6 1:15.3 2:15.2 3:16.3 4:16.4 5:16.4 6:16.7 7:16.9 8:17.3 9:17.0 10:16.5 11:16.2 12:17.4 13:17.4 14:17.6 15:17.6 16:17.8 17:17.4 18:17.4 19:17.4 20:17.5 21:17.5 22:17.2 23:16.9 24:17.6 25:17.3 26:17.4 27:16.9 28:17.0 29:16.8 30:17.3 31:17.4 32:17.3 33:17.2 34:17.2 35:17.8 36:18.5 37:18.1 38:18.8 39:18.8 | mean 17.1
0824 02:29:37 ds4-server: chat ctx=1462..1512:50 gen=1350 THINKING decoding chunk=15.47 t/s avg=16.86 t/s 80.062s
0824 02:29:40 ds4-server: chat ctx=1512..1562:50 gen=1400 THINKING decoding chunk=15.86 t/s avg=16.82 t/s 83.214s
ds4: qwen35moe experts/token avg over 128 tokens: 0:14.8 1:15.4 2:15.2 3:16.7 4:16.6 5:16.5 6:16.4 7:17.0 8:17.4 9:16.6 10:15.7 11:15.4 12:16.5 13:16.2 14:17.0 15:16.1 16:16.9 17:16.4 18:16.4 19:16.6 20:17.1 21:16.7 22:16.0 23:16.1 24:16.3 25:16.3 26:16.6 27:16.2 28:16.4 29:16.1 30:15.9 31:16.6 32:16.1 33:15.6 34:15.6 35:17.1 36:17.2 37:17.5 38:18.3 39:17.6 | mean 16.4
0824 02:29:43 ds4-server: chat ctx=1562..1612:50 gen=1450 THINKING decoding chunk=15.81 t/s avg=16.79 t/s 86.378s
0824 02:29:46 ds4-server: chat ctx=1612..1662:50 gen=1500 THINKING decoding chunk=15.92 t/s avg=16.76 t/s 89.518s
0824 02:29:50 ds4-server: chat ctx=1662..1712:50 gen=1550 THINKING decoding chunk=14.99 t/s avg=16.69 t/s 92.853s
ds4: qwen35moe experts/token avg over 128 tokens: 0:14.7 1:15.7 2:15.5 3:16.8 4:17.2 5:16.9 6:17.1 7:17.1 8:18.0 9:17.0 10:16.2 11:16.3 12:17.3 13:16.8 14:17.1 15:17.4 16:17.0 17:17.3 18:17.0 19:17.1 20:17.6 21:17.3 22:16.9 23:16.7 24:17.0 25:17.1 26:17.2 27:16.6 28:16.5 29:17.1 30:16.7 31:17.1 32:16.8 33:16.6 34:16.5 35:17.5 36:18.3 37:18.2 38:18.7 39:18.2 | mean 17.0
0824 02:29:53 ds4-server: chat ctx=1712..1762:50 gen=1600 THINKING decoding chunk=15.71 t/s avg=16.66 t/s 96.036s
0824 02:29:56 ds4-server: chat ctx=1762..1812:50 gen=1650 THINKING decoding chunk=15.01 t/s avg=16.61 t/s 99.367s
ds4: qwen35moe experts/token avg over 128 tokens: 0:14.9 1:15.7 2:15.3 3:17.0 4:17.1 5:16.5 6:16.6 7:16.8 8:17.3 9:16.7 10:16.1 11:16.3 12:16.9 13:16.1 14:16.9 15:16.7 16:17.2 17:17.0 18:16.8 19:17.0 20:17.3 21:17.1 22:16.6 23:16.5 24:17.1 25:16.2 26:16.9 27:16.8 28:17.0 29:16.9 30:16.7 31:17.4 32:16.8 33:16.9 34:17.1 35:17.8 36:18.1 37:18.2 38:18.8 39:18.1 | mean 16.9
0824 02:30:00 ds4-server: chat ctx=1812..1862:50 gen=1700 THINKING decoding chunk=15.22 t/s avg=16.56 t/s 102.651s
0824 02:30:03 ds4-server: chat ctx=1862..1912:50 gen=1750 THINKING decoding chunk=15.61 t/s avg=16.53 t/s 105.855s
0824 02:30:06 ds4-server: chat ctx=1912..1962:50 gen=1800 THINKING decoding chunk=15.41 t/s avg=16.50 t/s 109.100s
ds4: qwen35moe experts/token avg over 128 tokens: 0:14.5 1:15.3 2:15.2 3:16.6 4:16.5 5:15.6 6:15.8 7:16.7 8:17.2 9:16.4 10:15.1 11:15.0 12:16.3 13:15.3 14:16.4 15:16.0 16:16.4 17:16.3 18:15.9 19:16.5 20:16.9 21:15.9 22:15.4 23:15.3 24:15.4 25:15.6 26:15.8 27:15.6 28:15.2 29:15.7 30:15.1 31:16.2 32:15.0 33:14.7 34:14.9 35:16.2 36:16.5 37:16.6 38:17.7 39:16.5 | mean 15.9
0824 02:30:09 ds4-server: chat ctx=1962..2012:50 gen=1850 THINKING decoding chunk=14.49 t/s avg=16.44 t/s 112.551s
0824 02:30:13 ds4-server: chat ctx=2012..2062:50 gen=1900 decoding chunk=14.70 t/s avg=16.39 t/s 115.953s
0824 02:30:15 ds4-server: chat ctx=2062..2086:24 gen=1924 decoding chunk=14.36 t/s avg=16.36 t/s 117.623s
0824 02:30:15 ds4-server: thinking live checkpoint remembered ctx=0..162:162 live=2086 visible=762
0824 02:30:15 ds4-server: chat ctx=0..162:162 gen=1924 finish=stop 126.679s
0824 02:30:17 ds4-server: live kv cache miss live=2086 prompt=130 common=35 reason=token-mismatch
0824 02:30:17 ds4-server: chat ctx=0..130:130 prompt start
0824 02:30:17 ds4-server: chat ctx=0..130:130 prefill chunk 1/130 (0.8%) chunk=0.00 t/s avg=3.07 t/s 0.326s
0824 02:30:17 ds4-server: chat ctx=0..130:130 prefill chunk 2/130 (1.5%) chunk=19.47 t/s avg=5.31 t/s 0.377s
0824 02:30:17 ds4-server: chat ctx=0..130:130 prefill chunk 3/130 (2.3%) chunk=19.73 t/s avg=7.02 t/s 0.428s
0824 02:30:18 ds4-server: chat ctx=0..130:130 prefill chunk 4/130 (3.1%) chunk=19.16 t/s avg=8.34 t/s 0.480s
0824 02:30:18 ds4-server: chat ctx=0..130:130 prefill chunk 5/130 (3.8%) chunk=18.43 t/s avg=9.36 t/s 0.534s
0824 02:30:18 ds4-server: chat ctx=0..130:130 prefill chunk 6/130 (4.6%) chunk=19.85 t/s avg=10.27 t/s 0.584s
0824 02:30:18 ds4-server: chat ctx=0..130:130 prefill chunk 7/130 (5.4%) chunk=18.51 t/s avg=10.96 t/s 0.638s
0824 02:30:18 ds4-server: chat ctx=0..130:130 prefill chunk 8/130 (6.2%) chunk=19.17 t/s avg=11.58 t/s 0.691s
0824 02:30:18 ds4-server: chat ctx=0..130:130 prefill chunk 9/130 (6.9%) chunk=19.10 t/s avg=12.11 t/s 0.743s
0824 02:30:18 ds4-server: chat ctx=0..130:130 prefill chunk 10/130 (7.7%) chunk=19.49 t/s avg=12.59 t/s 0.794s
0824 02:30:18 ds4-server: chat ctx=0..130:130 prefill chunk 11/130 (8.5%) chunk=18.79 t/s avg=12.98 t/s 0.847s
0824 02:30:18 ds4-server: chat ctx=0..130:130 prefill chunk 12/130 (9.2%) chunk=18.88 t/s avg=13.33 t/s 0.900s
0824 02:30:18 ds4-server: chat ctx=0..130:130 prefill chunk 13/130 (10.0%) chunk=19.43 t/s avg=13.66 t/s 0.952s
0824 02:30:18 ds4-server: chat ctx=0..130:130 prefill chunk 14/130 (10.8%) chunk=18.78 t/s avg=13.93 t/s 1.005s
0824 02:30:18 ds4-server: chat ctx=0..130:130 prefill chunk 15/130 (11.5%) chunk=19.60 t/s avg=14.20 t/s 1.056s
0824 02:30:18 ds4-server: chat ctx=0..130:130 prefill chunk 16/130 (12.3%) chunk=18.52 t/s avg=14.41 t/s 1.110s
0824 02:30:18 ds4-server: chat ctx=0..130:130 prefill chunk 17/130 (13.1%) chunk=18.78 t/s avg=14.61 t/s 1.163s
0824 02:30:18 ds4-server: chat ctx=0..130:130 prefill chunk 18/130 (13.8%) chunk=18.69 t/s avg=14.79 t/s 1.217s
0824 02:30:18 ds4-server: chat ctx=0..130:130 prefill chunk 19/130 (14.6%) chunk=18.76 t/s avg=14.96 t/s 1.270s
ds4: qwen35moe experts/token avg over 128 tokens: 0:15.7 1:16.0 2:15.7 3:17.7 4:17.5 5:17.6 6:17.5 7:18.0 8:17.9 9:17.4 10:17.2 11:16.6 12:16.9 13:17.1 14:17.8 15:18.1 16:18.0 17:17.8 18:17.8 19:18.0 20:18.2 21:17.9 22:17.8 23:17.4 24:18.0 25:17.8 26:17.9 27:17.6 28:18.1 29:18.4 30:18.3 31:18.3 32:18.2 33:18.5 34:18.5 35:19.1 36:19.4 37:19.2 38:19.5 39:19.0 | mean 17.8
0824 02:30:18 ds4-server: chat ctx=0..130:130 prefill chunk 20/130 (15.4%) chunk=18.35 t/s avg=15.10 t/s 1.325s
0824 02:30:18 ds4-server: chat ctx=0..130:130 prefill chunk 21/130 (16.2%) chunk=18.33 t/s avg=15.23 t/s 1.379s
0824 02:30:18 ds4-server: chat ctx=0..130:130 prefill chunk 22/130 (16.9%) chunk=18.32 t/s avg=15.34 t/s 1.434s
0824 02:30:19 ds4-server: chat ctx=0..130:130 prefill chunk 23/130 (17.7%) chunk=19.36 t/s avg=15.48 t/s 1.486s
0824 02:30:19 ds4-server: chat ctx=0..130:130 prefill chunk 24/130 (18.5%) chunk=18.95 t/s avg=15.60 t/s 1.538s
0824 02:30:19 ds4-server: chat ctx=0..130:130 prefill chunk 25/130 (19.2%) chunk=18.89 t/s avg=15.71 t/s 1.591s
0824 02:30:19 ds4-server: chat ctx=0..130:130 prefill chunk 26/130 (20.0%) chunk=18.87 t/s avg=15.81 t/s 1.644s
0824 02:30:19 ds4-server: chat ctx=0..130:130 prefill chunk 27/130 (20.8%) chunk=18.06 t/s avg=15.89 t/s 1.700s
0824 02:30:19 ds4-server: chat ctx=0..130:130 prefill chunk 28/130 (21.5%) chunk=18.54 t/s avg=15.97 t/s 1.754s
0824 02:30:19 ds4-server: chat ctx=0..130:130 prefill chunk 29/130 (22.3%) chunk=18.06 t/s avg=16.03 t/s 1.809s
0824 02:30:19 ds4-server: chat ctx=0..130:130 prefill chunk 30/130 (23.1%) chunk=19.35 t/s avg=16.12 t/s 1.861s
0824 02:30:19 ds4-server: chat ctx=0..130:130 prefill chunk 31/130 (23.8%) chunk=19.61 t/s avg=16.22 t/s 1.912s
0824 02:30:19 ds4-server: chat ctx=0..130:130 prefill chunk 32/130 (24.6%) chunk=19.39 t/s avg=16.30 t/s 1.963s
0824 02:30:19 ds4-server: chat ctx=0..130:130 prefill chunk 33/130 (25.4%) chunk=18.79 t/s avg=16.37 t/s 2.016s
0824 02:30:19 ds4-server: chat ctx=0..130:130 prefill chunk 34/130 (26.2%) chunk=18.25 t/s avg=16.42 t/s 2.071s
0824 02:30:19 ds4-server: chat ctx=0..130:130 prefill chunk 35/130 (26.9%) chunk=18.73 t/s avg=16.47 t/s 2.125s
0824 02:30:19 ds4-server: chat ctx=0..130:130 prefill chunk 36/130 (27.7%) chunk=17.94 t/s avg=16.51 t/s 2.180s
0824 02:30:19 ds4-server: chat ctx=0..130:130 prefill chunk 37/130 (28.5%) chunk=18.70 t/s avg=16.56 t/s 2.234s
0824 02:30:19 ds4-server: chat ctx=0..130:130 prefill chunk 38/130 (29.2%) chunk=19.34 t/s avg=16.63 t/s 2.285s
0824 02:30:19 ds4-server: chat ctx=0..130:130 prefill chunk 39/130 (30.0%) chunk=18.34 t/s avg=16.67 t/s 2.340s
0824 02:30:19 ds4-server: chat ctx=0..130:130 prefill chunk 40/130 (30.8%) chunk=19.51 t/s avg=16.73 t/s 2.391s
0824 02:30:19 ds4-server: chat ctx=0..130:130 prefill chunk 41/130 (31.5%) chunk=19.08 t/s avg=16.78 t/s 2.444s
0824 02:30:20 ds4-server: chat ctx=0..130:130 prefill chunk 42/130 (32.3%) chunk=19.23 t/s avg=16.83 t/s 2.496s
0824 02:30:20 ds4-server: chat ctx=0..130:130 prefill chunk 43/130 (33.1%) chunk=18.93 t/s avg=16.87 t/s 2.548s
0824 02:30:20 ds4-server: chat ctx=0..130:130 prefill chunk 44/130 (33.8%) chunk=17.72 t/s avg=16.89 t/s 2.605s
0824 02:30:20 ds4-server: chat ctx=0..130:130 prefill chunk 45/130 (34.6%) chunk=18.44 t/s avg=16.92 t/s 2.659s
0824 02:30:20 ds4-server: chat ctx=0..130:130 prefill chunk 46/130 (35.4%) chunk=18.29 t/s avg=16.95 t/s 2.714s
0824 02:30:20 ds4-server: chat ctx=0..130:130 prefill chunk 47/130 (36.2%) chunk=18.10 t/s avg=16.97 t/s 2.769s
0824 02:30:20 ds4-server: chat ctx=0..130:130 prefill chunk 48/130 (36.9%) chunk=18.26 t/s avg=17.00 t/s 2.824s
0824 02:30:20 ds4-server: chat ctx=0..130:130 prefill chunk 49/130 (37.7%) chunk=17.65 t/s avg=17.01 t/s 2.880s
0824 02:30:20 ds4-server: chat ctx=0..130:130 prefill chunk 50/130 (38.5%) chunk=18.04 t/s avg=17.03 t/s 2.936s
0824 02:30:20 ds4-server: chat ctx=0..130:130 prefill chunk 51/130 (39.2%) chunk=19.55 t/s avg=17.07 t/s 2.987s
0824 02:30:20 ds4-server: chat ctx=0..130:130 prefill chunk 52/130 (40.0%) chunk=18.66 t/s avg=17.10 t/s 3.041s
0824 02:30:20 ds4-server: chat ctx=0..130:130 prefill chunk 53/130 (40.8%) chunk=18.61 t/s avg=17.13 t/s 3.094s
0824 02:30:20 ds4-server: chat ctx=0..130:130 prefill chunk 54/130 (41.5%) chunk=19.30 t/s avg=17.16 t/s 3.146s
0824 02:30:20 ds4-server: chat ctx=0..130:130 prefill chunk 55/130 (42.3%) chunk=19.60 t/s avg=17.20 t/s 3.197s
0824 02:30:20 ds4-server: chat ctx=0..130:130 prefill chunk 56/130 (43.1%) chunk=19.27 t/s avg=17.24 t/s 3.249s
0824 02:30:20 ds4-server: chat ctx=0..130:130 prefill chunk 57/130 (43.8%) chunk=18.37 t/s avg=17.25 t/s 3.304s
0824 02:30:20 ds4-server: chat ctx=0..130:130 prefill chunk 58/130 (44.6%) chunk=18.80 t/s avg=17.28 t/s 3.357s
0824 02:30:20 ds4-server: chat ctx=0..130:130 prefill chunk 59/130 (45.4%) chunk=18.57 t/s avg=17.30 t/s 3.411s
0824 02:30:21 ds4-server: chat ctx=0..130:130 prefill chunk 60/130 (46.2%) chunk=18.89 t/s avg=17.32 t/s 3.463s
0824 02:30:21 ds4-server: chat ctx=0..130:130 prefill chunk 61/130 (46.9%) chunk=18.72 t/s avg=17.34 t/s 3.517s
0824 02:30:21 ds4-server: chat ctx=0..130:130 prefill chunk 62/130 (47.7%) chunk=17.91 t/s avg=17.35 t/s 3.573s
0824 02:30:21 ds4-server: chat ctx=0..130:130 prefill chunk 63/130 (48.5%) chunk=19.15 t/s avg=17.38 t/s 3.625s
0824 02:30:21 ds4-server: chat ctx=0..130:130 prefill chunk 64/130 (49.2%) chunk=18.34 t/s avg=17.39 t/s 3.679s
0824 02:30:21 ds4-server: chat ctx=0..130:130 prefill chunk 65/130 (50.0%) chunk=19.49 t/s avg=17.42 t/s 3.731s
0824 02:30:21 ds4-server: chat ctx=0..130:130 prefill chunk 66/130 (50.8%) chunk=18.63 t/s avg=17.44 t/s 3.784s
0824 02:30:21 ds4-server: chat ctx=0..130:130 prefill chunk 67/130 (51.5%) chunk=18.92 t/s avg=17.46 t/s 3.837s
0824 02:30:21 ds4-server: chat ctx=0..130:130 prefill chunk 68/130 (52.3%) chunk=18.35 t/s avg=17.47 t/s 3.892s
0824 02:30:21 ds4-server: chat ctx=0..130:130 prefill chunk 69/130 (53.1%) chunk=18.37 t/s avg=17.49 t/s 3.946s
0824 02:30:21 ds4-server: chat ctx=0..130:130 prefill chunk 70/130 (53.8%) chunk=19.24 t/s avg=17.51 t/s 3.998s
0824 02:30:21 ds4-server: chat ctx=0..130:130 prefill chunk 71/130 (54.6%) chunk=19.02 t/s avg=17.53 t/s 4.051s
0824 02:30:21 ds4-server: chat ctx=0..130:130 prefill chunk 72/130 (55.4%) chunk=18.41 t/s avg=17.54 t/s 4.105s
0824 02:30:21 ds4-server: chat ctx=0..130:130 prefill chunk 73/130 (56.2%) chunk=18.90 t/s avg=17.56 t/s 4.158s
0824 02:30:21 ds4-server: chat ctx=0..130:130 prefill chunk 74/130 (56.9%) chunk=18.19 t/s avg=17.56 t/s 4.213s
0824 02:30:21 ds4-server: chat ctx=0..130:130 prefill chunk 75/130 (57.7%) chunk=18.65 t/s avg=17.58 t/s 4.267s
0824 02:30:21 ds4-server: chat ctx=0..130:130 prefill chunk 76/130 (58.5%) chunk=19.22 t/s avg=17.60 t/s 4.319s
0824 02:30:21 ds4-server: chat ctx=0..130:130 prefill chunk 77/130 (59.2%) chunk=18.66 t/s avg=17.61 t/s 4.372s
0824 02:30:21 ds4-server: chat ctx=0..130:130 prefill chunk 78/130 (60.0%) chunk=19.24 t/s avg=17.63 t/s 4.424s
0824 02:30:22 ds4-server: chat ctx=0..130:130 prefill chunk 79/130 (60.8%) chunk=18.06 t/s avg=17.64 t/s 4.480s
0824 02:30:22 ds4-server: chat ctx=0..130:130 prefill chunk 80/130 (61.5%) chunk=17.52 t/s avg=17.63 t/s 4.537s
0824 02:30:22 ds4-server: chat ctx=0..130:130 prefill chunk 81/130 (62.3%) chunk=18.97 t/s avg=17.65 t/s 4.589s
0824 02:30:22 ds4-server: chat ctx=0..130:130 prefill chunk 82/130 (63.1%) chunk=18.19 t/s avg=17.66 t/s 4.644s
0824 02:30:22 ds4-server: chat ctx=0..130:130 prefill chunk 83/130 (63.8%) chunk=18.22 t/s avg=17.66 t/s 4.699s
0824 02:30:22 ds4-server: chat ctx=0..130:130 prefill chunk 84/130 (64.6%) chunk=18.12 t/s avg=17.67 t/s 4.754s
0824 02:30:22 ds4-server: chat ctx=0..130:130 prefill chunk 85/130 (65.4%) chunk=17.61 t/s avg=17.67 t/s 4.811s
0824 02:30:22 ds4-server: chat ctx=0..130:130 prefill chunk 86/130 (66.2%) chunk=17.63 t/s avg=17.67 t/s 4.868s
0824 02:30:22 ds4-server: chat ctx=0..130:130 prefill chunk 87/130 (66.9%) chunk=18.25 t/s avg=17.67 t/s 4.923s
0824 02:30:22 ds4-server: chat ctx=0..130:130 prefill chunk 88/130 (67.7%) chunk=17.92 t/s avg=17.68 t/s 4.979s
0824 02:30:22 ds4-server: chat ctx=0..130:130 prefill chunk 89/130 (68.5%) chunk=18.28 t/s avg=17.68 t/s 5.033s
0824 02:30:22 ds4-server: chat ctx=0..130:130 prefill chunk 90/130 (69.2%) chunk=18.25 t/s avg=17.69 t/s 5.088s
0824 02:30:22 ds4-server: chat ctx=0..130:130 prefill chunk 91/130 (70.0%) chunk=17.70 t/s avg=17.69 t/s 5.145s
0824 02:30:22 ds4-server: chat ctx=0..130:130 prefill chunk 92/130 (70.8%) chunk=17.77 t/s avg=17.69 t/s 5.201s
0824 02:30:22 ds4-server: chat ctx=0..130:130 prefill chunk 93/130 (71.5%) chunk=18.09 t/s avg=17.69 t/s 5.256s
0824 02:30:22 ds4-server: chat ctx=0..130:130 prefill chunk 94/130 (72.3%) chunk=18.02 t/s avg=17.70 t/s 5.312s
0824 02:30:22 ds4-server: chat ctx=0..130:130 prefill chunk 95/130 (73.1%) chunk=18.26 t/s avg=17.70 t/s 5.366s
0824 02:30:22 ds4-server: chat ctx=0..130:130 prefill chunk 96/130 (73.8%) chunk=17.95 t/s avg=17.71 t/s 5.422s
0824 02:30:23 ds4-server: chat ctx=0..130:130 prefill chunk 97/130 (74.6%) chunk=17.75 t/s avg=17.71 t/s 5.478s
0824 02:30:23 ds4-server: chat ctx=0..130:130 prefill chunk 98/130 (75.4%) chunk=18.04 t/s avg=17.71 t/s 5.534s
0824 02:30:23 ds4-server: chat ctx=0..130:130 prefill chunk 99/130 (76.2%) chunk=17.40 t/s avg=17.71 t/s 5.591s
0824 02:30:23 ds4-server: chat ctx=0..130:130 prefill chunk 100/130 (76.9%) chunk=18.60 t/s avg=17.71 t/s 5.645s
0824 02:30:23 ds4-server: chat ctx=0..130:130 prefill chunk 101/130 (77.7%) chunk=17.97 t/s avg=17.72 t/s 5.701s
0824 02:30:23 ds4-server: chat ctx=0..130:130 prefill chunk 102/130 (78.5%) chunk=17.46 t/s avg=17.71 t/s 5.758s
0824 02:30:23 ds4-server: chat ctx=0..130:130 prefill chunk 103/130 (79.2%) chunk=17.97 t/s avg=17.72 t/s 5.814s
0824 02:30:23 ds4-server: chat ctx=0..130:130 prefill chunk 104/130 (80.0%) chunk=18.48 t/s avg=17.72 t/s 5.868s
0824 02:30:23 ds4-server: chat ctx=0..130:130 prefill chunk 105/130 (80.8%) chunk=17.95 t/s avg=17.73 t/s 5.923s
0824 02:30:23 ds4-server: chat ctx=0..130:130 prefill chunk 106/130 (81.5%) chunk=18.55 t/s avg=17.73 t/s 5.977s
0824 02:30:23 ds4-server: chat ctx=0..130:130 prefill chunk 107/130 (82.3%) chunk=18.08 t/s avg=17.74 t/s 6.033s
0824 02:30:23 ds4-server: chat ctx=0..130:130 prefill chunk 108/130 (83.1%) chunk=17.54 t/s avg=17.73 t/s 6.090s
0824 02:30:23 ds4-server: chat ctx=0..130:130 prefill chunk 109/130 (83.8%) chunk=17.33 t/s avg=17.73 t/s 6.147s
0824 02:30:23 ds4-server: chat ctx=0..130:130 prefill chunk 110/130 (84.6%) chunk=17.10 t/s avg=17.73 t/s 6.206s
0824 02:30:23 ds4-server: chat ctx=0..130:130 prefill chunk 111/130 (85.4%) chunk=17.23 t/s avg=17.72 t/s 6.264s
0824 02:30:23 ds4-server: chat ctx=0..130:130 prefill chunk 112/130 (86.2%) chunk=17.17 t/s avg=17.72 t/s 6.322s
0824 02:30:23 ds4-server: chat ctx=0..130:130 prefill chunk 113/130 (86.9%) chunk=16.94 t/s avg=17.71 t/s 6.381s
0824 02:30:23 ds4-server: chat ctx=0..130:130 prefill chunk 114/130 (87.7%) chunk=17.34 t/s avg=17.70 t/s 6.439s
0824 02:30:24 ds4-server: chat ctx=0..130:130 prefill chunk 115/130 (88.5%) chunk=17.25 t/s avg=17.70 t/s 6.497s
0824 02:30:24 ds4-server: chat ctx=0..130:130 prefill chunk 116/130 (89.2%) chunk=18.17 t/s avg=17.70 t/s 6.552s
0824 02:30:24 ds4-server: chat ctx=0..130:130 prefill chunk 117/130 (90.0%) chunk=17.96 t/s avg=17.71 t/s 6.608s
0824 02:30:24 ds4-server: chat ctx=0..130:130 prefill chunk 118/130 (90.8%) chunk=17.03 t/s avg=17.70 t/s 6.666s
0824 02:30:24 ds4-server: chat ctx=0..130:130 prefill chunk 119/130 (91.5%) chunk=17.64 t/s avg=17.70 t/s 6.723s
0824 02:30:24 ds4-server: chat ctx=0..130:130 prefill chunk 120/130 (92.3%) chunk=17.59 t/s avg=17.70 t/s 6.780s
0824 02:30:24 ds4-server: chat ctx=0..130:130 prefill chunk 121/130 (93.1%) chunk=17.04 t/s avg=17.69 t/s 6.839s
0824 02:30:24 ds4-server: chat ctx=0..130:130 prefill chunk 122/130 (93.8%) chunk=19.26 t/s avg=17.71 t/s 6.890s
0824 02:30:24 ds4-server: chat ctx=0..130:130 prefill chunk 123/130 (94.6%) chunk=18.43 t/s avg=17.71 t/s 6.945s
0824 02:30:24 ds4-server: chat ctx=0..130:130 prefill chunk 124/130 (95.4%) chunk=19.41 t/s avg=17.72 t/s 6.996s
0824 02:30:24 ds4-server: chat ctx=0..130:130 prefill chunk 125/130 (96.2%) chunk=18.31 t/s avg=17.73 t/s 7.051s
0824 02:30:24 ds4-server: chat ctx=0..130:130 prefill chunk 126/130 (96.9%) chunk=18.39 t/s avg=17.73 t/s 7.105s
0824 02:30:24 ds4-server: chat ctx=0..130:130 prefill chunk 127/130 (97.7%) chunk=19.25 t/s avg=17.74 t/s 7.157s
0824 02:30:24 ds4-server: chat ctx=0..130:130 prefill chunk 128/130 (98.5%) chunk=17.67 t/s avg=17.74 t/s 7.214s
0824 02:30:24 ds4-server: chat ctx=0..130:130 prefill chunk 129/130 (99.2%) chunk=19.99 t/s avg=17.76 t/s 7.264s
0824 02:30:24 ds4-server: chat ctx=0..130:130 prefill chunk 130/130 (100.0%) chunk=20.22 t/s avg=17.78 t/s 7.313s
0824 02:30:24 ds4-server: chat ctx=0..130:130 prompt done 7.313s
ds4: qwen35moe experts/token avg over 128 tokens: 0:14.5 1:15.0 2:14.9 3:15.6 4:15.2 5:15.1 6:15.4 7:15.5 8:15.9 9:16.5 10:14.7 11:14.8 12:15.8 13:14.6 14:15.2 15:15.6 16:16.2 17:15.1 18:15.6 19:16.1 20:16.0 21:16.3 22:15.1 23:15.4 24:16.6 25:15.4 26:16.2 27:16.1 28:15.5 29:16.5 30:16.7 31:17.2 32:16.7 33:16.9 34:16.8 35:18.1 36:19.0 37:18.7 38:19.2 39:18.7 | mean 16.1
0824 02:30:27 ds4-server: chat ctx=130..180:50 gen=50 THINKING decoding chunk=18.35 t/s avg=18.35 t/s 2.725s
0824 02:30:30 ds4-server: chat ctx=180..230:50 gen=100 THINKING decoding chunk=17.66 t/s avg=18.00 t/s 5.556s
ds4: qwen35moe experts/token avg over 128 tokens: 0:15.2 1:15.1 2:14.8 3:16.7 4:15.9 5:16.1 6:15.6 7:16.5 8:17.3 9:17.3 10:16.3 11:15.5 12:17.0 13:15.1 14:16.8 15:16.0 16:16.1 17:16.3 18:16.0 19:16.2 20:16.7 21:17.5 22:15.9 23:16.4 24:16.8 25:16.0 26:16.8 27:15.9 28:15.9 29:16.5 30:17.1 31:16.1 32:16.5 33:16.7 34:16.3 35:16.7 36:17.5 37:18.8 38:18.8 39:18.0 | mean 16.5
0824 02:30:33 ds4-server: chat ctx=230..280:50 gen=150 THINKING decoding chunk=18.06 t/s avg=18.02 t/s 8.324s
0824 02:30:35 ds4-server: chat ctx=280..330:50 gen=200 THINKING decoding chunk=18.12 t/s avg=18.04 t/s 11.084s
0824 02:30:38 ds4-server: chat ctx=330..380:50 gen=250 THINKING decoding chunk=17.89 t/s avg=18.01 t/s 13.879s
ds4: qwen35moe experts/token avg over 128 tokens: 0:14.7 1:15.6 2:15.4 3:16.3 4:16.4 5:16.1 6:15.8 7:16.5 8:17.0 9:17.8 10:16.1 11:15.0 12:16.2 13:15.6 14:16.6 15:15.0 16:16.0 17:15.9 18:15.0 19:16.7 20:17.1 21:16.9 22:15.8 23:15.4 24:15.5 25:15.8 26:16.3 27:16.0 28:16.2 29:15.6 30:16.0 31:16.2 32:15.4 33:15.6 34:14.9 35:16.9 36:17.0 37:17.2 38:18.3 39:17.4 | mean 16.1
0824 02:30:41 ds4-server: chat ctx=380..430:50 gen=300 THINKING decoding chunk=17.62 t/s avg=17.95 t/s 16.717s
0824 02:30:44 ds4-server: chat ctx=430..480:50 gen=350 THINKING decoding chunk=17.70 t/s avg=17.91 t/s 19.543s
0824 02:30:47 ds4-server: chat ctx=480..530:50 gen=400 THINKING decoding chunk=17.29 t/s avg=17.83 t/s 22.434s
ds4: qwen35moe experts/token avg over 128 tokens: 0:14.4 1:15.2 2:15.4 3:16.2 4:16.0 5:15.8 6:15.8 7:16.6 8:16.9 9:16.8 10:16.0 11:14.9 12:17.0 13:15.2 14:16.4 15:15.4 16:16.6 17:16.0 18:15.6 19:16.5 20:17.2 21:17.1 22:15.7 23:15.6 24:16.5 25:16.0 26:16.6 27:15.7 28:15.7 29:16.0 30:16.0 31:16.4 32:16.2 33:15.9 34:15.5 35:16.9 36:17.3 37:17.1 38:18.2 39:17.7 | mean 16.2
0824 02:30:50 ds4-server: chat ctx=530..580:50 gen=450 THINKING decoding chunk=17.36 t/s avg=17.78 t/s 25.314s
0824 02:30:53 ds4-server: chat ctx=580..630:50 gen=500 THINKING decoding chunk=17.07 t/s avg=17.70 t/s 28.244s
ds4: qwen35moe experts/token avg over 128 tokens: 0:14.8 1:16.1 2:15.6 3:16.8 4:16.9 5:16.8 6:16.7 7:17.4 8:18.0 9:18.2 10:16.5 11:15.8 12:16.9 13:16.3 14:17.0 15:16.1 16:16.1 17:16.2 18:15.8 19:17.5 20:17.1 21:17.5 22:16.0 23:15.8 24:15.6 25:15.8 26:16.6 27:16.1 28:16.7 29:16.0 30:15.9 31:16.6 32:16.5 33:16.2 34:15.8 35:16.9 36:17.3 37:17.7 38:18.5 39:17.8 | mean 16.6
0824 02:30:56 ds4-server: chat ctx=630..680:50 gen=550 THINKING decoding chunk=17.09 t/s avg=17.64 t/s 31.170s
0824 02:30:58 ds4-server: chat ctx=680..730:50 gen=600 THINKING decoding chunk=16.94 t/s avg=17.58 t/s 34.121s
0824 02:31:01 ds4-server: chat ctx=730..780:50 gen=650 THINKING decoding chunk=16.56 t/s avg=17.50 t/s 37.142s
ds4: qwen35moe experts/token avg over 128 tokens: 0:15.1 1:16.1 2:15.7 3:16.9 4:17.0 5:17.0 6:16.9 7:17.3 8:18.2 9:18.1 10:17.0 11:16.4 12:17.6 13:16.8 14:17.2 15:17.1 16:17.6 17:16.7 18:16.7 19:17.5 20:17.6 21:17.9 22:17.2 23:16.5 24:16.7 25:16.9 26:17.0 27:16.4 28:17.0 29:16.9 30:16.6 31:17.3 32:17.0 33:17.1 34:16.5 35:17.8 36:18.4 37:18.3 38:19.1 39:18.5 | mean 17.1
0824 02:31:04 ds4-server: chat ctx=780..830:50 gen=700 THINKING decoding chunk=16.84 t/s avg=17.45 t/s 40.110s
0824 02:31:07 ds4-server: chat ctx=830..880:50 gen=750 THINKING decoding chunk=16.99 t/s avg=17.42 t/s 43.053s
ds4: qwen35moe experts/token avg over 128 tokens: 0:14.5 1:15.1 2:15.7 3:16.4 4:16.6 5:16.1 6:16.5 7:16.6 8:17.5 9:17.3 10:15.6 11:15.7 12:16.9 13:15.7 14:16.7 15:16.0 16:16.9 17:16.2 18:15.9 19:16.5 20:16.8 21:16.9 22:15.7 23:16.2 24:16.6 25:16.1 26:16.9 27:16.2 28:16.5 29:16.5 30:16.5 31:16.9 32:17.3 33:16.6 34:16.0 35:17.5 36:17.6 37:18.2 38:18.7 39:18.2 | mean 16.6
0824 02:31:10 ds4-server: chat ctx=880..930:50 gen=800 THINKING decoding chunk=16.44 t/s avg=17.36 t/s 46.095s
0824 02:31:13 ds4-server: chat ctx=930..980:50 gen=850 THINKING decoding chunk=16.53 t/s avg=17.30 t/s 49.120s
0824 02:31:16 ds4-server: chat ctx=980..1030:50 gen=900 THINKING decoding chunk=16.87 t/s avg=17.28 t/s 52.083s
ds4: qwen35moe experts/token avg over 128 tokens: 0:14.5 1:15.2 2:15.7 3:16.3 4:16.2 5:16.0 6:16.0 7:16.3 8:16.9 9:16.5 10:15.4 11:15.2 12:16.1 13:15.3 14:16.2 15:14.9 16:16.2 17:15.8 18:16.0 19:16.1 20:16.8 21:16.5 22:15.6 23:15.2 24:15.5 25:15.3 26:16.1 27:15.6 28:16.3 29:16.0 30:15.6 31:15.7 32:16.1 33:15.4 34:15.3 35:16.6 36:16.8 37:17.1 38:18.0 39:17.4 | mean 16.0
0824 02:31:20 ds4-server: chat ctx=1030..1080:50 gen=950 THINKING decoding chunk=16.23 t/s avg=17.22 t/s 55.163s
0824 02:31:22 ds4-server: chat ctx=1080..1130:50 gen=1000 THINKING decoding chunk=16.98 t/s avg=17.21 t/s 58.107s
ds4: qwen35moe experts/token avg over 128 tokens: 0:14.4 1:15.2 2:15.6 3:15.6 4:16.2 5:15.8 6:16.3 7:16.3 8:17.4 9:16.6 10:15.5 11:15.5 12:16.5 13:16.2 14:16.6 15:16.0 16:15.9 17:16.4 18:15.8 19:16.3 20:16.7 21:16.6 22:15.7 23:15.5 24:16.2 25:16.1 26:16.1 27:15.7 28:15.8 29:15.7 30:15.9 31:16.5 32:16.0 33:15.5 34:15.4 35:16.7 36:16.9 37:16.9 38:17.9 39:17.3 | mean 16.1
0824 02:31:26 ds4-server: chat ctx=1130..1180:50 gen=1050 THINKING decoding chunk=16.32 t/s avg=17.16 t/s 61.172s
0824 02:31:29 ds4-server: chat ctx=1180..1230:50 gen=1100 THINKING decoding chunk=16.15 t/s avg=17.12 t/s 64.267s
0824 02:31:32 ds4-server: chat ctx=1230..1280:50 gen=1150 THINKING decoding chunk=16.07 t/s avg=17.07 t/s 67.379s
ds4: qwen35moe experts/token avg over 128 tokens: 0:14.7 1:15.5 2:15.5 3:16.9 4:16.9 5:17.0 6:16.8 7:17.7 8:18.1 9:17.7 10:16.3 11:16.4 12:16.9 13:16.6 14:17.5 15:16.4 16:16.9 17:16.9 18:16.4 19:17.5 20:17.3 21:17.5 22:16.5 23:16.2 24:16.6 25:16.7 26:16.8 27:16.5 28:16.8 29:16.8 30:16.4 31:17.2 32:16.9 33:16.6 34:16.3 35:17.5 36:17.4 37:17.8 38:18.6 39:18.0 | mean 16.9
0824 02:31:35 ds4-server: chat ctx=1280..1330:50 gen=1200 THINKING decoding chunk=15.81 t/s avg=17.01 t/s 70.542s
0824 02:31:38 ds4-server: chat ctx=1330..1380:50 gen=1250 decoding chunk=15.92 t/s avg=16.96 t/s 73.683s
0824 02:31:39 ds4-server: chat ctx=1380..1394:14 gen=1264 decoding chunk=15.24 t/s avg=16.94 t/s 74.602s
0824 02:31:39 ds4-server: thinking live checkpoint remembered ctx=0..130:130 live=1394 visible=595
0824 02:31:39 ds4-server: chat ctx=0..130:130 gen=1264 finish=stop 81.915s
0824 02:31:42 ds4-server: live kv cache miss live=1394 prompt=80 common=30 reason=token-mismatch
0824 02:31:42 ds4-server: chat ctx=0..80:80 prompt start
0824 02:31:42 ds4-server: chat ctx=0..80:80 prefill chunk 1/80 (1.2%) chunk=0.00 t/s avg=3.09 t/s 0.323s
0824 02:31:42 ds4-server: chat ctx=0..80:80 prefill chunk 2/80 (2.5%) chunk=19.23 t/s avg=5.33 t/s 0.375s
0824 02:31:42 ds4-server: chat ctx=0..80:80 prefill chunk 3/80 (3.8%) chunk=19.55 t/s avg=7.04 t/s 0.426s
0824 02:31:42 ds4-server: chat ctx=0..80:80 prefill chunk 4/80 (5.0%) chunk=19.41 t/s avg=8.37 t/s 0.478s
0824 02:31:42 ds4-server: chat ctx=0..80:80 prefill chunk 5/80 (6.2%) chunk=18.78 t/s avg=9.41 t/s 0.531s
0824 02:31:42 ds4-server: chat ctx=0..80:80 prefill chunk 6/80 (7.5%) chunk=20.10 t/s avg=10.33 t/s 0.581s
0824 02:31:42 ds4-server: chat ctx=0..80:80 prefill chunk 7/80 (8.8%) chunk=18.45 t/s avg=11.02 t/s 0.635s
0824 02:31:42 ds4-server: chat ctx=0..80:80 prefill chunk 8/80 (10.0%) chunk=19.08 t/s avg=11.64 t/s 0.688s
0824 02:31:42 ds4-server: chat ctx=0..80:80 prefill chunk 9/80 (11.2%) chunk=18.94 t/s avg=12.16 t/s 0.740s
0824 02:31:42 ds4-server: chat ctx=0..80:80 prefill chunk 10/80 (12.5%) chunk=19.03 t/s avg=12.61 t/s 0.793s
0824 02:31:42 ds4-server: chat ctx=0..80:80 prefill chunk 11/80 (13.8%) chunk=19.05 t/s avg=13.01 t/s 0.845s
0824 02:31:42 ds4-server: chat ctx=0..80:80 prefill chunk 12/80 (15.0%) chunk=18.86 t/s avg=13.36 t/s 0.898s
0824 02:31:42 ds4-server: chat ctx=0..80:80 prefill chunk 13/80 (16.2%) chunk=19.42 t/s avg=13.69 t/s 0.950s
0824 02:31:43 ds4-server: chat ctx=0..80:80 prefill chunk 14/80 (17.5%) chunk=18.64 t/s avg=13.95 t/s 1.003s
0824 02:31:43 ds4-server: chat ctx=0..80:80 prefill chunk 15/80 (18.8%) chunk=19.49 t/s avg=14.22 t/s 1.055s
0824 02:31:43 ds4-server: chat ctx=0..80:80 prefill chunk 16/80 (20.0%) chunk=18.61 t/s avg=14.43 t/s 1.109s
0824 02:31:43 ds4-server: chat ctx=0..80:80 prefill chunk 17/80 (21.2%) chunk=18.33 t/s avg=14.62 t/s 1.163s
0824 02:31:43 ds4-server: chat ctx=0..80:80 prefill chunk 18/80 (22.5%) chunk=18.87 t/s avg=14.80 t/s 1.216s
0824 02:31:43 ds4-server: chat ctx=0..80:80 prefill chunk 19/80 (23.8%) chunk=18.76 t/s avg=14.97 t/s 1.269s
0824 02:31:43 ds4-server: chat ctx=0..80:80 prefill chunk 20/80 (25.0%) chunk=19.40 t/s avg=15.14 t/s 1.321s
0824 02:31:43 ds4-server: chat ctx=0..80:80 prefill chunk 21/80 (26.2%) chunk=18.95 t/s avg=15.29 t/s 1.374s
0824 02:31:43 ds4-server: chat ctx=0..80:80 prefill chunk 22/80 (27.5%) chunk=18.74 t/s avg=15.42 t/s 1.427s
0824 02:31:43 ds4-server: chat ctx=0..80:80 prefill chunk 23/80 (28.8%) chunk=18.98 t/s avg=15.54 t/s 1.480s
0824 02:31:43 ds4-server: chat ctx=0..80:80 prefill chunk 24/80 (30.0%) chunk=19.22 t/s avg=15.67 t/s 1.532s
0824 02:31:43 ds4-server: chat ctx=0..80:80 prefill chunk 25/80 (31.2%) chunk=18.86 t/s avg=15.77 t/s 1.585s
0824 02:31:43 ds4-server: chat ctx=0..80:80 prefill chunk 26/80 (32.5%) chunk=19.01 t/s avg=15.88 t/s 1.637s
0824 02:31:43 ds4-server: chat ctx=0..80:80 prefill chunk 27/80 (33.8%) chunk=18.69 t/s avg=15.97 t/s 1.691s
0824 02:31:43 ds4-server: chat ctx=0..80:80 prefill chunk 28/80 (35.0%) chunk=17.86 t/s avg=16.03 t/s 1.747s
0824 02:31:43 ds4-server: chat ctx=0..80:80 prefill chunk 29/80 (36.2%) chunk=18.09 t/s avg=16.09 t/s 1.802s
0824 02:31:43 ds4-server: chat ctx=0..80:80 prefill chunk 30/80 (37.5%) chunk=19.39 t/s avg=16.18 t/s 1.854s
0824 02:31:43 ds4-server: chat ctx=0..80:80 prefill chunk 31/80 (38.8%) chunk=19.30 t/s avg=16.27 t/s 1.906s
0824 02:31:43 ds4-server: chat ctx=0..80:80 prefill chunk 32/80 (40.0%) chunk=19.43 t/s avg=16.35 t/s 1.957s
0824 02:31:44 ds4-server: chat ctx=0..80:80 prefill chunk 33/80 (41.2%) chunk=19.33 t/s avg=16.43 t/s 2.009s
ds4: qwen35moe experts/token avg over 128 tokens: 0:14.4 1:15.1 2:15.5 3:16.1 4:16.2 5:16.3 6:16.2 7:16.6 8:17.3 9:16.8 10:16.2 11:16.1 12:16.7 13:16.0 14:16.4 15:16.6 16:16.6 17:16.5 18:16.2 19:16.6 20:16.9 21:16.8 22:16.3 23:16.1 24:16.4 25:16.1 26:16.3 27:16.4 28:16.4 29:16.8 30:16.3 31:16.7 32:16.5 33:16.3 34:16.0 35:17.7 36:18.1 37:17.8 38:18.6 39:18.0 | mean 16.5
0824 02:31:44 ds4-server: chat ctx=0..80:80 prefill chunk 34/80 (42.5%) chunk=18.55 t/s avg=16.48 t/s 2.063s
0824 02:31:44 ds4-server: chat ctx=0..80:80 prefill chunk 35/80 (43.8%) chunk=18.76 t/s avg=16.54 t/s 2.116s
0824 02:31:44 ds4-server: chat ctx=0..80:80 prefill chunk 36/80 (45.0%) chunk=17.64 t/s avg=16.57 t/s 2.173s
0824 02:31:44 ds4-server: chat ctx=0..80:80 prefill chunk 37/80 (46.2%) chunk=17.90 t/s avg=16.60 t/s 2.229s
0824 02:31:44 ds4-server: chat ctx=0..80:80 prefill chunk 38/80 (47.5%) chunk=17.73 t/s avg=16.63 t/s 2.285s
0824 02:31:44 ds4-server: chat ctx=0..80:80 prefill chunk 39/80 (48.8%) chunk=17.58 t/s avg=16.65 t/s 2.342s
0824 02:31:44 ds4-server: chat ctx=0..80:80 prefill chunk 40/80 (50.0%) chunk=18.08 t/s avg=16.69 t/s 2.397s
0824 02:31:44 ds4-server: chat ctx=0..80:80 prefill chunk 41/80 (51.2%) chunk=19.27 t/s avg=16.74 t/s 2.449s
0824 02:31:44 ds4-server: chat ctx=0..80:80 prefill chunk 42/80 (52.5%) chunk=17.88 t/s avg=16.77 t/s 2.505s
0824 02:31:44 ds4-server: chat ctx=0..80:80 prefill chunk 43/80 (53.8%) chunk=19.75 t/s avg=16.83 t/s 2.556s
0824 02:31:44 ds4-server: chat ctx=0..80:80 prefill chunk 44/80 (55.0%) chunk=18.67 t/s avg=16.86 t/s 2.609s
0824 02:31:44 ds4-server: chat ctx=0..80:80 prefill chunk 45/80 (56.2%) chunk=18.39 t/s avg=16.89 t/s 2.664s
0824 02:31:44 ds4-server: chat ctx=0..80:80 prefill chunk 46/80 (57.5%) chunk=18.46 t/s avg=16.93 t/s 2.718s
0824 02:31:44 ds4-server: chat ctx=0..80:80 prefill chunk 47/80 (58.8%) chunk=18.39 t/s avg=16.95 t/s 2.772s
0824 02:31:44 ds4-server: chat ctx=0..80:80 prefill chunk 48/80 (60.0%) chunk=18.71 t/s avg=16.99 t/s 2.826s
0824 02:31:44 ds4-server: chat ctx=0..80:80 prefill chunk 49/80 (61.2%) chunk=18.90 t/s avg=17.02 t/s 2.878s
0824 02:31:44 ds4-server: chat ctx=0..80:80 prefill chunk 50/80 (62.5%) chunk=17.96 t/s avg=17.04 t/s 2.934s
0824 02:31:44 ds4-server: chat ctx=0..80:80 prefill chunk 51/80 (63.8%) chunk=19.34 t/s avg=17.08 t/s 2.986s
0824 02:31:45 ds4-server: chat ctx=0..80:80 prefill chunk 52/80 (65.0%) chunk=18.03 t/s avg=17.10 t/s 3.041s
0824 02:31:45 ds4-server: chat ctx=0..80:80 prefill chunk 53/80 (66.2%) chunk=17.71 t/s avg=17.11 t/s 3.098s
0824 02:31:45 ds4-server: chat ctx=0..80:80 prefill chunk 54/80 (67.5%) chunk=18.79 t/s avg=17.14 t/s 3.151s
0824 02:31:45 ds4-server: chat ctx=0..80:80 prefill chunk 55/80 (68.8%) chunk=17.74 t/s avg=17.15 t/s 3.207s
0824 02:31:45 ds4-server: chat ctx=0..80:80 prefill chunk 56/80 (70.0%) chunk=17.64 t/s avg=17.16 t/s 3.264s
0824 02:31:45 ds4-server: chat ctx=0..80:80 prefill chunk 57/80 (71.2%) chunk=17.99 t/s avg=17.17 t/s 3.320s
0824 02:31:45 ds4-server: chat ctx=0..80:80 prefill chunk 58/80 (72.5%) chunk=17.53 t/s avg=17.18 t/s 3.377s
0824 02:31:45 ds4-server: chat ctx=0..80:80 prefill chunk 59/80 (73.8%) chunk=17.65 t/s avg=17.18 t/s 3.433s
0824 02:31:45 ds4-server: chat ctx=0..80:80 prefill chunk 60/80 (75.0%) chunk=18.52 t/s avg=17.20 t/s 3.487s
0824 02:31:45 ds4-server: chat ctx=0..80:80 prefill chunk 61/80 (76.2%) chunk=17.99 t/s avg=17.22 t/s 3.543s
0824 02:31:45 ds4-server: chat ctx=0..80:80 prefill chunk 62/80 (77.5%) chunk=17.15 t/s avg=17.22 t/s 3.601s
0824 02:31:45 ds4-server: chat ctx=0..80:80 prefill chunk 63/80 (78.8%) chunk=18.43 t/s avg=17.23 t/s 3.656s
0824 02:31:45 ds4-server: chat ctx=0..80:80 prefill chunk 64/80 (80.0%) chunk=18.31 t/s avg=17.25 t/s 3.710s
0824 02:31:45 ds4-server: chat ctx=0..80:80 prefill chunk 65/80 (81.2%) chunk=17.43 t/s avg=17.25 t/s 3.768s
0824 02:31:45 ds4-server: chat ctx=0..80:80 prefill chunk 66/80 (82.5%) chunk=17.65 t/s avg=17.26 t/s 3.824s
0824 02:31:45 ds4-server: chat ctx=0..80:80 prefill chunk 67/80 (83.8%) chunk=17.58 t/s avg=17.26 t/s 3.881s
0824 02:31:45 ds4-server: chat ctx=0..80:80 prefill chunk 68/80 (85.0%) chunk=17.91 t/s avg=17.27 t/s 3.937s
0824 02:31:46 ds4-server: chat ctx=0..80:80 prefill chunk 69/80 (86.2%) chunk=17.68 t/s avg=17.28 t/s 3.993s
0824 02:31:46 ds4-server: chat ctx=0..80:80 prefill chunk 70/80 (87.5%) chunk=17.72 t/s avg=17.28 t/s 4.050s
0824 02:31:46 ds4-server: chat ctx=0..80:80 prefill chunk 71/80 (88.8%) chunk=17.74 t/s avg=17.29 t/s 4.106s
0824 02:31:46 ds4-server: chat ctx=0..80:80 prefill chunk 72/80 (90.0%) chunk=18.72 t/s avg=17.31 t/s 4.160s
0824 02:31:46 ds4-server: chat ctx=0..80:80 prefill chunk 73/80 (91.2%) chunk=18.58 t/s avg=17.33 t/s 4.213s
0824 02:31:46 ds4-server: chat ctx=0..80:80 prefill chunk 74/80 (92.5%) chunk=18.74 t/s avg=17.34 t/s 4.267s
0824 02:31:46 ds4-server: chat ctx=0..80:80 prefill chunk 75/80 (93.8%) chunk=18.70 t/s avg=17.36 t/s 4.320s
0824 02:31:46 ds4-server: chat ctx=0..80:80 prefill chunk 76/80 (95.0%) chunk=18.05 t/s avg=17.37 t/s 4.376s
0824 02:31:46 ds4-server: chat ctx=0..80:80 prefill chunk 77/80 (96.2%) chunk=18.70 t/s avg=17.38 t/s 4.429s
0824 02:31:46 ds4-server: chat ctx=0..80:80 prefill chunk 78/80 (97.5%) chunk=18.54 t/s avg=17.40 t/s 4.483s
0824 02:31:46 ds4-server: chat ctx=0..80:80 prefill chunk 79/80 (98.8%) chunk=19.25 t/s avg=17.42 t/s 4.535s
0824 02:31:46 ds4-server: chat ctx=0..80:80 prefill chunk 80/80 (100.0%) chunk=20.34 t/s avg=17.45 t/s 4.584s
0824 02:31:46 ds4-server: chat ctx=0..80:80 prompt done 4.584s
0824 02:31:49 ds4-server: chat ctx=80..130:50 gen=50 THINKING decoding chunk=18.35 t/s avg=18.35 t/s 2.725s
ds4: qwen35moe experts/token avg over 128 tokens: 0:14.9 1:15.0 2:15.2 3:15.4 4:15.0 5:15.6 6:15.1 7:16.3 8:16.1 9:16.0 10:14.8 11:14.8 12:16.1 13:15.3 14:15.3 15:15.7 16:15.8 17:15.6 18:16.0 19:15.2 20:16.2 21:16.5 22:15.0 23:16.0 24:16.8 25:15.7 26:16.6 27:16.8 28:16.3 29:16.4 30:17.4 31:16.4 32:16.2 33:16.5 34:16.5 35:16.9 36:18.1 37:18.5 38:18.8 39:17.8 | mean 16.1
0824 02:31:52 ds4-server: chat ctx=130..180:50 gen=100 THINKING decoding chunk=18.12 t/s avg=18.23 t/s 5.485s
0824 02:31:54 ds4-server: chat ctx=180..230:50 gen=150 THINKING decoding chunk=17.52 t/s avg=17.99 t/s 8.339s
0824 02:31:57 ds4-server: chat ctx=230..280:50 gen=200 decoding chunk=18.08 t/s avg=18.01 t/s 11.105s
ds4: qwen35moe experts/token avg over 128 tokens: 0:14.9 1:15.5 2:16.0 3:16.4 4:16.2 5:16.3 6:16.1 7:16.8 8:17.2 9:17.0 10:16.1 11:15.7 12:17.3 13:16.0 14:17.2 15:16.6 16:17.1 17:17.1 18:16.8 19:16.5 20:16.9 21:16.8 22:16.4 23:17.0 24:17.6 25:17.3 26:17.2 27:16.7 28:17.2 29:17.3 30:17.3 31:17.4 32:17.3 33:17.2 34:17.5 35:18.0 36:18.5 37:18.5 38:18.8 39:18.7 | mean 17.0
0824 02:31:59 ds4-server: chat ctx=280..313:33 gen=233 decoding chunk=16.88 t/s avg=17.84 t/s 13.060s
0824 02:31:59 ds4-server: thinking live checkpoint remembered ctx=0..80:80 live=313 visible=507
0824 02:31:59 ds4-server: chat ctx=0..80:80 gen=233 finish=stop 17.644s
0824 02:32:02 ds4-server: live kv cache miss live=313 prompt=88 common=32 reason=token-mismatch
0824 02:32:02 ds4-server: chat ctx=0..88:88 prompt start
0824 02:32:02 ds4-server: chat ctx=0..88:88 prefill chunk 1/88 (1.1%) chunk=0.00 t/s avg=13.11 t/s 0.076s
0824 02:32:02 ds4-server: chat ctx=0..88:88 prefill chunk 2/88 (2.3%) chunk=19.89 t/s avg=15.80 t/s 0.127s
0824 02:32:02 ds4-server: chat ctx=0..88:88 prefill chunk 3/88 (3.4%) chunk=19.36 t/s avg=16.83 t/s 0.178s
0824 02:32:02 ds4-server: chat ctx=0..88:88 prefill chunk 4/88 (4.5%) chunk=19.22 t/s avg=17.37 t/s 0.230s
0824 02:32:02 ds4-server: chat ctx=0..88:88 prefill chunk 5/88 (5.7%) chunk=19.23 t/s avg=17.71 t/s 0.282s
0824 02:32:02 ds4-server: chat ctx=0..88:88 prefill chunk 6/88 (6.8%) chunk=19.11 t/s avg=17.93 t/s 0.335s
0824 02:32:02 ds4-server: chat ctx=0..88:88 prefill chunk 7/88 (8.0%) chunk=19.11 t/s avg=18.09 t/s 0.387s
0824 02:32:02 ds4-server: chat ctx=0..88:88 prefill chunk 8/88 (9.1%) chunk=18.57 t/s avg=18.15 t/s 0.441s
0824 02:32:02 ds4-server: chat ctx=0..88:88 prefill chunk 9/88 (10.2%) chunk=19.51 t/s avg=18.29 t/s 0.492s
0824 02:32:02 ds4-server: chat ctx=0..88:88 prefill chunk 10/88 (11.4%) chunk=18.77 t/s avg=18.34 t/s 0.545s
0824 02:32:02 ds4-server: chat ctx=0..88:88 prefill chunk 11/88 (12.5%) chunk=18.87 t/s avg=18.38 t/s 0.598s
0824 02:32:02 ds4-server: chat ctx=0..88:88 prefill chunk 12/88 (13.6%) chunk=19.34 t/s avg=18.46 t/s 0.650s
0824 02:32:02 ds4-server: chat ctx=0..88:88 prefill chunk 13/88 (14.8%) chunk=18.83 t/s avg=18.49 t/s 0.703s
0824 02:32:02 ds4-server: chat ctx=0..88:88 prefill chunk 14/88 (15.9%) chunk=19.52 t/s avg=18.56 t/s 0.754s
0824 02:32:02 ds4-server: chat ctx=0..88:88 prefill chunk 15/88 (17.0%) chunk=19.07 t/s avg=18.59 t/s 0.807s
0824 02:32:02 ds4-server: chat ctx=0..88:88 prefill chunk 16/88 (18.2%) chunk=19.27 t/s avg=18.63 t/s 0.859s
0824 02:32:03 ds4-server: chat ctx=0..88:88 prefill chunk 17/88 (19.3%) chunk=18.66 t/s avg=18.63 t/s 0.912s
0824 02:32:03 ds4-server: chat ctx=0..88:88 prefill chunk 18/88 (20.5%) chunk=18.60 t/s avg=18.63 t/s 0.966s
0824 02:32:03 ds4-server: chat ctx=0..88:88 prefill chunk 19/88 (21.6%) chunk=19.32 t/s avg=18.67 t/s 1.018s
0824 02:32:03 ds4-server: chat ctx=0..88:88 prefill chunk 20/88 (22.7%) chunk=18.58 t/s avg=18.66 t/s 1.072s
0824 02:32:03 ds4-server: chat ctx=0..88:88 prefill chunk 21/88 (23.9%) chunk=19.50 t/s avg=18.70 t/s 1.123s
0824 02:32:03 ds4-server: chat ctx=0..88:88 prefill chunk 22/88 (25.0%) chunk=18.43 t/s avg=18.69 t/s 1.177s
0824 02:32:03 ds4-server: chat ctx=0..88:88 prefill chunk 23/88 (26.1%) chunk=18.76 t/s avg=18.69 t/s 1.230s
0824 02:32:03 ds4-server: chat ctx=0..88:88 prefill chunk 24/88 (27.3%) chunk=19.60 t/s avg=18.73 t/s 1.281s
0824 02:32:03 ds4-server: chat ctx=0..88:88 prefill chunk 25/88 (28.4%) chunk=18.23 t/s avg=18.71 t/s 1.336s
0824 02:32:03 ds4-server: chat ctx=0..88:88 prefill chunk 26/88 (29.5%) chunk=19.63 t/s avg=18.74 t/s 1.387s
0824 02:32:03 ds4-server: chat ctx=0..88:88 prefill chunk 27/88 (30.7%) chunk=18.17 t/s avg=18.72 t/s 1.442s
0824 02:32:03 ds4-server: chat ctx=0..88:88 prefill chunk 28/88 (31.8%) chunk=17.93 t/s avg=18.69 t/s 1.498s
0824 02:32:03 ds4-server: chat ctx=0..88:88 prefill chunk 29/88 (33.0%) chunk=18.86 t/s avg=18.70 t/s 1.551s
0824 02:32:03 ds4-server: chat ctx=0..88:88 prefill chunk 30/88 (34.1%) chunk=18.68 t/s avg=18.70 t/s 1.605s
0824 02:32:03 ds4-server: chat ctx=0..88:88 prefill chunk 31/88 (35.2%) chunk=19.82 t/s avg=18.73 t/s 1.655s
0824 02:32:03 ds4-server: chat ctx=0..88:88 prefill chunk 32/88 (36.4%) chunk=19.10 t/s avg=18.74 t/s 1.707s
0824 02:32:03 ds4-server: chat ctx=0..88:88 prefill chunk 33/88 (37.5%) chunk=19.65 t/s avg=18.77 t/s 1.758s
0824 02:32:03 ds4-server: chat ctx=0..88:88 prefill chunk 34/88 (38.6%) chunk=18.94 t/s avg=18.77 t/s 1.811s
0824 02:32:03 ds4-server: chat ctx=0..88:88 prefill chunk 35/88 (39.8%) chunk=19.14 t/s avg=18.78 t/s 1.863s
0824 02:32:04 ds4-server: chat ctx=0..88:88 prefill chunk 36/88 (40.9%) chunk=18.89 t/s avg=18.79 t/s 1.916s
0824 02:32:04 ds4-server: chat ctx=0..88:88 prefill chunk 37/88 (42.0%) chunk=18.22 t/s avg=18.77 t/s 1.971s
0824 02:32:04 ds4-server: chat ctx=0..88:88 prefill chunk 38/88 (43.2%) chunk=18.09 t/s avg=18.75 t/s 2.026s
0824 02:32:04 ds4-server: chat ctx=0..88:88 prefill chunk 39/88 (44.3%) chunk=18.45 t/s avg=18.74 t/s 2.081s
0824 02:32:04 ds4-server: chat ctx=0..88:88 prefill chunk 40/88 (45.5%) chunk=17.40 t/s avg=18.71 t/s 2.138s
0824 02:32:04 ds4-server: chat ctx=0..88:88 prefill chunk 41/88 (46.6%) chunk=18.11 t/s avg=18.69 t/s 2.193s
0824 02:32:04 ds4-server: chat ctx=0..88:88 prefill chunk 42/88 (47.7%) chunk=18.17 t/s avg=18.68 t/s 2.248s
0824 02:32:04 ds4-server: chat ctx=0..88:88 prefill chunk 43/88 (48.9%) chunk=18.77 t/s avg=18.68 t/s 2.302s
0824 02:32:04 ds4-server: chat ctx=0..88:88 prefill chunk 44/88 (50.0%) chunk=18.70 t/s avg=18.68 t/s 2.355s
0824 02:32:04 ds4-server: chat ctx=0..88:88 prefill chunk 45/88 (51.1%) chunk=19.17 t/s avg=18.69 t/s 2.407s
0824 02:32:04 ds4-server: chat ctx=0..88:88 prefill chunk 46/88 (52.3%) chunk=19.45 t/s avg=18.71 t/s 2.459s
0824 02:32:04 ds4-server: chat ctx=0..88:88 prefill chunk 47/88 (53.4%) chunk=18.91 t/s avg=18.71 t/s 2.512s
0824 02:32:04 ds4-server: chat ctx=0..88:88 prefill chunk 48/88 (54.5%) chunk=18.90 t/s avg=18.72 t/s 2.564s
0824 02:32:04 ds4-server: chat ctx=0..88:88 prefill chunk 49/88 (55.7%) chunk=19.49 t/s avg=18.73 t/s 2.616s
0824 02:32:04 ds4-server: chat ctx=0..88:88 prefill chunk 50/88 (56.8%) chunk=17.93 t/s avg=18.72 t/s 2.672s
0824 02:32:04 ds4-server: chat ctx=0..88:88 prefill chunk 51/88 (58.0%) chunk=18.77 t/s avg=18.72 t/s 2.725s
0824 02:32:04 ds4-server: chat ctx=0..88:88 prefill chunk 52/88 (59.1%) chunk=18.78 t/s avg=18.72 t/s 2.778s
0824 02:32:04 ds4-server: chat ctx=0..88:88 prefill chunk 53/88 (60.2%) chunk=17.98 t/s avg=18.70 t/s 2.834s
0824 02:32:04 ds4-server: chat ctx=0..88:88 prefill chunk 54/88 (61.4%) chunk=19.68 t/s avg=18.72 t/s 2.885s
0824 02:32:05 ds4-server: chat ctx=0..88:88 prefill chunk 55/88 (62.5%) chunk=18.53 t/s avg=18.72 t/s 2.939s
0824 02:32:05 ds4-server: chat ctx=0..88:88 prefill chunk 56/88 (63.6%) chunk=19.30 t/s avg=18.73 t/s 2.990s
0824 02:32:05 ds4-server: chat ctx=0..88:88 prefill chunk 57/88 (64.8%) chunk=18.78 t/s avg=18.73 t/s 3.044s
0824 02:32:05 ds4-server: chat ctx=0..88:88 prefill chunk 58/88 (65.9%) chunk=17.51 t/s avg=18.71 t/s 3.101s
0824 02:32:05 ds4-server: chat ctx=0..88:88 prefill chunk 59/88 (67.0%) chunk=19.22 t/s avg=18.71 t/s 3.153s
0824 02:32:05 ds4-server: chat ctx=0..88:88 prefill chunk 60/88 (68.2%) chunk=18.70 t/s avg=18.71 t/s 3.206s
0824 02:32:05 ds4-server: chat ctx=0..88:88 prefill chunk 61/88 (69.3%) chunk=18.96 t/s avg=18.72 t/s 3.259s
0824 02:32:05 ds4-server: chat ctx=0..88:88 prefill chunk 62/88 (70.5%) chunk=18.75 t/s avg=18.72 t/s 3.312s
0824 02:32:05 ds4-server: chat ctx=0..88:88 prefill chunk 63/88 (71.6%) chunk=18.19 t/s avg=18.71 t/s 3.367s
0824 02:32:05 ds4-server: chat ctx=0..88:88 prefill chunk 64/88 (72.7%) chunk=19.46 t/s avg=18.72 t/s 3.419s
0824 02:32:05 ds4-server: chat ctx=0..88:88 prefill chunk 65/88 (73.9%) chunk=17.37 t/s avg=18.70 t/s 3.476s
0824 02:32:05 ds4-server: chat ctx=0..88:88 prefill chunk 66/88 (75.0%) chunk=19.14 t/s avg=18.71 t/s 3.528s
0824 02:32:05 ds4-server: chat ctx=0..88:88 prefill chunk 67/88 (76.1%) chunk=17.92 t/s avg=18.69 t/s 3.584s
0824 02:32:05 ds4-server: chat ctx=0..88:88 prefill chunk 68/88 (77.3%) chunk=17.96 t/s avg=18.68 t/s 3.640s
0824 02:32:05 ds4-server: chat ctx=0..88:88 prefill chunk 69/88 (78.4%) chunk=18.98 t/s avg=18.69 t/s 3.693s
0824 02:32:05 ds4-server: chat ctx=0..88:88 prefill chunk 70/88 (79.5%) chunk=18.02 t/s avg=18.68 t/s 3.748s
0824 02:32:05 ds4-server: chat ctx=0..88:88 prefill chunk 71/88 (80.7%) chunk=18.11 t/s avg=18.67 t/s 3.803s
0824 02:32:05 ds4-server: chat ctx=0..88:88 prefill chunk 72/88 (81.8%) chunk=18.95 t/s avg=18.67 t/s 3.856s
0824 02:32:06 ds4-server: chat ctx=0..88:88 prefill chunk 73/88 (83.0%) chunk=17.42 t/s avg=18.65 t/s 3.914s
0824 02:32:06 ds4-server: chat ctx=0..88:88 prefill chunk 74/88 (84.1%) chunk=17.70 t/s avg=18.64 t/s 3.970s
0824 02:32:06 ds4-server: chat ctx=0..88:88 prefill chunk 75/88 (85.2%) chunk=17.97 t/s avg=18.63 t/s 4.026s
0824 02:32:06 ds4-server: chat ctx=0..88:88 prefill chunk 76/88 (86.4%) chunk=17.04 t/s avg=18.61 t/s 4.084s
0824 02:32:06 ds4-server: chat ctx=0..88:88 prefill chunk 77/88 (87.5%) chunk=17.63 t/s avg=18.59 t/s 4.141s
0824 02:32:06 ds4-server: chat ctx=0..88:88 prefill chunk 78/88 (88.6%) chunk=18.10 t/s avg=18.59 t/s 4.196s
0824 02:32:06 ds4-server: chat ctx=0..88:88 prefill chunk 79/88 (89.8%) chunk=18.10 t/s avg=18.58 t/s 4.252s
0824 02:32:06 ds4-server: chat ctx=0..88:88 prefill chunk 80/88 (90.9%) chunk=18.72 t/s avg=18.58 t/s 4.305s
0824 02:32:06 ds4-server: chat ctx=0..88:88 prefill chunk 81/88 (92.0%) chunk=19.28 t/s avg=18.59 t/s 4.357s
0824 02:32:06 ds4-server: chat ctx=0..88:88 prefill chunk 82/88 (93.2%) chunk=18.88 t/s avg=18.59 t/s 4.410s
0824 02:32:06 ds4-server: chat ctx=0..88:88 prefill chunk 83/88 (94.3%) chunk=18.86 t/s avg=18.60 t/s 4.463s
0824 02:32:06 ds4-server: chat ctx=0..88:88 prefill chunk 84/88 (95.5%) chunk=18.55 t/s avg=18.60 t/s 4.517s
0824 02:32:06 ds4-server: chat ctx=0..88:88 prefill chunk 85/88 (96.6%) chunk=18.69 t/s avg=18.60 t/s 4.570s
0824 02:32:06 ds4-server: chat ctx=0..88:88 prefill chunk 86/88 (97.7%) chunk=18.60 t/s avg=18.60 t/s 4.624s
0824 02:32:06 ds4-server: chat ctx=0..88:88 prefill chunk 87/88 (98.9%) chunk=19.78 t/s avg=18.61 t/s 4.675s
0824 02:32:06 ds4-server: chat ctx=0..88:88 prefill chunk 88/88 (100.0%) chunk=20.53 t/s avg=18.63 t/s 4.723s
0824 02:32:06 ds4-server: chat ctx=0..88:88 prompt done 4.723s
ds4: qwen35moe experts/token avg over 128 tokens: 0:14.1 1:14.8 2:15.1 3:15.3 4:15.0 5:15.0 6:14.9 7:15.0 8:15.3 9:15.6 10:15.0 11:14.7 12:16.2 13:15.0 14:15.3 15:15.9 16:15.8 17:15.2 18:15.2 19:15.9 20:15.9 21:16.0 22:15.7 23:15.6 24:16.6 25:15.6 26:16.3 27:16.5 28:16.2 29:16.6 30:16.6 31:16.6 32:17.1 33:16.7 34:16.8 35:18.7 36:19.0 37:18.6 38:19.1 39:18.4 | mean 16.1
0824 02:32:09 ds4-server: chat ctx=88..138:50 gen=50 THINKING decoding chunk=18.35 t/s avg=18.35 t/s 2.725s
0824 02:32:12 ds4-server: chat ctx=138..188:50 gen=100 THINKING decoding chunk=18.30 t/s avg=18.32 t/s 5.458s
ds4: qwen35moe experts/token avg over 128 tokens: 0:14.3 1:15.1 2:15.2 3:16.6 4:16.0 5:16.4 6:15.7 7:16.1 8:17.1 9:16.8 10:15.9 11:14.3 12:16.3 13:15.4 14:15.0 15:14.5 16:15.9 17:15.0 18:15.2 19:16.2 20:17.3 21:17.0 22:15.6 23:15.0 24:15.9 25:16.7 26:16.1 27:16.2 28:15.5 29:16.2 30:16.6 31:17.0 32:16.2 33:15.2 34:15.5 35:17.4 36:17.6 37:18.2 38:18.8 39:17.6 | mean 16.1
0824 02:32:15 ds4-server: chat ctx=188..238:50 gen=150 THINKING decoding chunk=17.90 t/s avg=18.18 t/s 8.251s
0824 02:32:17 ds4-server: chat ctx=238..288:50 gen=200 THINKING decoding chunk=17.97 t/s avg=18.13 t/s 11.034s
0824 02:32:20 ds4-server: chat ctx=288..338:50 gen=250 THINKING decoding chunk=18.14 t/s avg=18.13 t/s 13.790s
ds4: qwen35moe experts/token avg over 128 tokens: 0:14.8 1:15.6 2:15.4 3:16.3 4:15.9 5:16.4 6:16.0 7:16.8 8:17.3 9:17.3 10:15.9 11:14.9 12:15.6 13:15.8 14:15.3 15:14.8 16:16.6 17:14.9 18:14.3 19:16.3 20:16.4 21:16.7 22:15.1 23:15.4 24:15.2 25:15.8 26:15.9 27:16.5 28:15.0 29:15.6 30:15.5 31:16.8 32:15.7 33:15.5 34:15.3 35:17.6 36:17.7 37:17.7 38:18.7 39:17.3 | mean 16.0
0824 02:32:23 ds4-server: chat ctx=338..388:50 gen=300 THINKING decoding chunk=17.63 t/s avg=18.04 t/s 16.626s
0824 02:32:26 ds4-server: chat ctx=388..438:50 gen=350 THINKING decoding chunk=17.12 t/s avg=17.91 t/s 19.546s
0824 02:32:29 ds4-server: chat ctx=438..488:50 gen=400 THINKING decoding chunk=17.37 t/s avg=17.84 t/s 22.425s
ds4: qwen35moe experts/token avg over 128 tokens: 0:15.1 1:16.2 2:16.4 3:17.1 4:17.1 5:17.2 6:17.2 7:17.4 8:18.1 9:17.4 10:16.6 11:16.0 12:17.1 13:17.2 14:15.8 15:16.3 16:16.7 17:16.4 18:16.1 19:17.5 20:17.6 21:17.6 22:16.3 23:16.6 24:16.7 25:17.2 26:17.0 27:16.8 28:16.9 29:17.1 30:17.3 31:17.7 32:16.9 33:17.2 34:17.3 35:18.3 36:18.9 37:18.3 38:19.2 39:18.7 | mean 17.1
0824 02:32:32 ds4-server: chat ctx=488..538:50 gen=450 THINKING decoding chunk=17.84 t/s avg=17.84 t/s 25.227s
0824 02:32:34 ds4-server: chat ctx=538..588:50 gen=500 THINKING decoding chunk=17.52 t/s avg=17.81 t/s 28.082s
ds4: qwen35moe experts/token avg over 128 tokens: 0:15.4 1:16.6 2:16.0 3:17.0 4:16.9 5:17.2 6:16.3 7:17.7 8:18.2 9:17.4 10:16.0 11:15.1 12:16.4 13:16.7 14:15.7 15:15.9 16:16.1 17:15.6 18:15.7 19:16.7 20:17.2 21:17.4 22:15.3 23:15.9 24:16.6 25:16.8 26:16.7 27:16.9 28:15.3 29:16.1 30:16.1 31:16.9 32:15.7 33:15.3 34:15.8 35:17.8 36:18.3 37:18.1 38:19.1 39:17.4 | mean 16.6
0824 02:32:37 ds4-server: chat ctx=588..638:50 gen=550 THINKING decoding chunk=16.89 t/s avg=17.72 t/s 31.043s
0824 02:32:40 ds4-server: chat ctx=638..688:50 gen=600 THINKING decoding chunk=16.55 t/s avg=17.61 t/s 34.063s
0824 02:32:43 ds4-server: chat ctx=688..738:50 gen=650 THINKING decoding chunk=16.69 t/s avg=17.54 t/s 37.058s
ds4: qwen35moe experts/token avg over 128 tokens: 0:16.1 1:17.6 2:17.0 3:18.0 4:17.5 5:17.7 6:18.0 7:18.3 8:18.9 9:18.0 10:17.2 11:16.7 12:17.9 13:18.1 14:17.4 15:17.6 16:17.3 17:16.7 18:17.3 19:18.3 20:18.2 21:18.7 22:16.8 23:16.6 24:17.4 25:17.2 26:17.5 27:17.7 28:17.7 29:18.0 30:17.9 31:17.9 32:17.3 33:17.5 34:17.4 35:18.5 36:18.4 37:18.5 38:19.5 39:18.9 | mean 17.7
0824 02:32:46 ds4-server: chat ctx=738..788:50 gen=700 THINKING decoding chunk=17.19 t/s avg=17.51 t/s 39.966s
0824 02:32:49 ds4-server: chat ctx=788..838:50 gen=750 THINKING decoding chunk=17.01 t/s avg=17.48 t/s 42.906s
ds4: qwen35moe experts/token avg over 128 tokens: 0:14.8 1:15.6 2:15.6 3:17.1 4:16.6 5:16.5 6:17.2 7:17.4 8:17.9 9:17.5 10:16.2 11:15.4 12:16.5 13:16.5 14:15.7 15:15.3 16:16.3 17:15.6 18:15.2 19:16.7 20:16.6 21:16.7 22:15.6 23:16.1 24:15.5 25:16.3 26:17.0 27:16.8 28:15.9 29:16.5 30:16.3 31:16.9 32:15.9 33:15.8 34:15.8 35:17.8 36:17.5 37:17.6 38:18.6 39:17.7 | mean 16.5
0824 02:32:52 ds4-server: chat ctx=838..888:50 gen=800 THINKING decoding chunk=16.32 t/s avg=17.40 t/s 45.970s
0824 02:32:55 ds4-server: chat ctx=888..938:50 gen=850 THINKING decoding chunk=16.62 t/s avg=17.35 t/s 48.978s
0824 02:32:58 ds4-server: chat ctx=938..988:50 gen=900 THINKING decoding chunk=16.39 t/s avg=17.30 t/s 52.029s
ds4: qwen35moe experts/token avg over 128 tokens: 0:14.8 1:15.6 2:16.2 3:17.1 4:16.5 5:17.0 6:16.9 7:17.1 8:18.2 9:17.6 10:16.4 11:15.7 12:17.0 13:16.3 14:16.4 15:16.2 16:17.4 17:15.6 18:16.1 19:17.3 20:17.2 21:17.3 22:16.0 23:16.5 24:16.5 25:16.7 26:17.2 27:17.3 28:16.8 29:17.0 30:17.0 31:16.8 32:16.9 33:17.2 34:17.5 35:18.8 36:18.9 37:19.0 38:19.5 39:18.9 | mean 17.0
0824 02:33:01 ds4-server: chat ctx=988..1038:50 gen=950 THINKING decoding chunk=16.54 t/s avg=17.26 t/s 55.052s
0824 02:33:04 ds4-server: chat ctx=1038..1088:50 gen=1000 THINKING decoding chunk=16.51 t/s avg=17.22 t/s 58.081s
ds4: qwen35moe experts/token avg over 128 tokens: 0:15.2 1:16.5 2:15.8 3:16.9 4:16.9 5:17.2 6:17.1 7:17.9 8:18.1 9:18.0 10:16.7 11:15.7 12:16.8 13:16.6 14:16.6 15:16.1 16:16.6 17:16.5 18:16.4 19:17.1 20:17.3 21:17.1 22:15.4 23:15.9 24:15.5 25:16.7 26:16.8 27:16.2 28:15.7 29:16.1 30:16.7 31:16.3 32:15.9 33:15.7 34:15.3 35:17.6 36:17.4 37:17.2 38:18.4 39:17.2 | mean 16.6
0824 02:33:08 ds4-server: chat ctx=1088..1138:50 gen=1050 THINKING decoding chunk=16.11 t/s avg=17.16 t/s 61.185s
0824 02:33:11 ds4-server: chat ctx=1138..1188:50 gen=1100 THINKING decoding chunk=15.81 t/s avg=17.09 t/s 64.347s
0824 02:33:14 ds4-server: chat ctx=1188..1238:50 gen=1150 THINKING decoding chunk=16.31 t/s avg=17.06 t/s 67.413s
ds4: qwen35moe experts/token avg over 128 tokens: 0:15.5 1:17.0 2:15.7 3:17.2 4:17.1 5:17.1 6:17.4 7:17.9 8:18.2 9:17.5 10:16.6 11:16.1 12:17.3 13:17.2 14:17.0 15:16.8 16:17.2 17:16.4 18:16.8 19:16.6 20:17.4 21:17.7 22:16.0 23:16.3 24:16.5 25:16.9 26:16.9 27:16.6 28:16.0 29:16.8 30:16.9 31:17.0 32:16.1 33:15.8 34:15.7 35:17.5 36:17.5 37:17.6 38:18.8 39:18.0 | mean 16.9
0824 02:33:17 ds4-server: chat ctx=1238..1288:50 gen=1200 THINKING decoding chunk=16.39 t/s avg=17.03 t/s 70.463s
0824 02:33:20 ds4-server: chat ctx=1288..1338:50 gen=1250 THINKING decoding chunk=16.30 t/s avg=17.00 t/s 73.531s
ds4: qwen35moe experts/token avg over 128 tokens: 0:14.6 1:15.1 2:15.1 3:16.1 4:16.1 5:15.4 6:15.7 7:16.4 8:17.0 9:16.5 10:15.2 11:15.0 12:16.0 13:15.2 14:15.0 15:15.4 16:16.2 17:14.8 18:15.3 19:15.7 20:16.1 21:16.4 22:15.2 23:15.9 24:15.1 25:15.5 26:15.9 27:15.9 28:15.8 29:15.2 30:15.0 31:15.9 32:15.7 33:15.5 34:15.0 35:16.8 36:17.2 37:17.1 38:18.0 39:16.9 | mean 15.8
0824 02:33:23 ds4-server: chat ctx=1338..1388:50 gen=1300 THINKING decoding chunk=16.23 t/s avg=16.97 t/s 76.612s
0824 02:33:26 ds4-server: chat ctx=1388..1438:50 gen=1350 THINKING decoding chunk=16.04 t/s avg=16.93 t/s 79.730s
0824 02:33:29 ds4-server: chat ctx=1438..1488:50 gen=1400 THINKING decoding chunk=15.84 t/s avg=16.89 t/s 82.887s
ds4: qwen35moe experts/token avg over 128 tokens: 0:14.5 1:15.2 2:15.1 3:16.6 4:16.2 5:16.6 6:16.5 7:17.1 8:17.7 9:17.3 10:16.2 11:15.1 12:17.0 13:16.5 14:16.5 15:16.4 16:17.1 17:15.7 18:15.9 19:17.0 20:17.0 21:17.5 22:15.9 23:16.9 24:16.2 25:16.5 26:16.7 27:16.5 28:16.2 29:16.3 30:16.8 31:16.9 32:16.5 33:16.4 34:16.3 35:17.6 36:18.4 37:18.2 38:18.9 39:17.8 | mean 16.6
0824 02:33:32 ds4-server: chat ctx=1488..1538:50 gen=1450 THINKING decoding chunk=15.62 t/s avg=16.84 t/s 86.088s
0824 02:33:36 ds4-server: chat ctx=1538..1588:50 gen=1500 THINKING decoding chunk=15.79 t/s avg=16.81 t/s 89.255s
0824 02:33:39 ds4-server: chat ctx=1588..1638:50 gen=1550 THINKING decoding chunk=15.91 t/s avg=16.78 t/s 92.398s
ds4: qwen35moe experts/token avg over 128 tokens: 0:14.5 1:15.3 2:14.9 3:16.0 4:15.8 5:16.0 6:15.9 7:16.3 8:17.6 9:17.2 10:15.7 11:14.7 12:15.9 13:15.3 14:16.1 15:15.8 16:15.9 17:14.9 18:15.0 19:16.3 20:16.3 21:16.9 22:15.1 23:15.7 24:15.0 25:15.7 26:15.5 27:15.4 28:15.4 29:15.6 30:15.9 31:16.2 32:15.8 33:15.0 34:14.9 35:16.7 36:16.8 37:17.1 38:18.1 39:16.7 | mean 15.9
0824 02:33:42 ds4-server: chat ctx=1638..1688:50 gen=1600 THINKING decoding chunk=15.61 t/s avg=16.74 t/s 95.601s
0824 02:33:45 ds4-server: chat ctx=1688..1738:50 gen=1650 THINKING decoding chunk=15.40 t/s avg=16.69 t/s 98.847s
ds4: qwen35moe experts/token avg over 128 tokens: 0:14.8 1:16.1 2:15.9 3:16.9 4:17.4 5:17.4 6:17.2 7:17.5 8:18.4 9:18.1 10:17.0 11:15.6 12:17.3 13:17.0 14:16.4 15:16.2 16:16.2 17:15.0 18:16.0 19:16.4 20:18.1 21:18.1 22:15.8 23:15.7 24:15.6 25:16.1 26:15.8 27:16.3 28:14.9 29:15.8 30:16.7 31:16.3 32:15.4 33:15.8 34:15.7 35:18.0 36:18.0 37:18.8 38:19.3 39:17.8 | mean 16.7
0824 02:33:48 ds4-server: chat ctx=1738..1788:50 gen=1700 THINKING decoding chunk=15.12 t/s avg=16.64 t/s 102.154s
0824 02:33:52 ds4-server: chat ctx=1788..1838:50 gen=1750 THINKING decoding chunk=14.94 t/s avg=16.59 t/s 105.501s
0824 02:33:55 ds4-server: chat ctx=1838..1888:50 gen=1800 THINKING decoding chunk=14.79 t/s avg=16.53 t/s 108.882s
ds4: qwen35moe experts/token avg over 128 tokens: 0:15.7 1:16.7 2:16.9 3:17.8 4:17.6 5:18.4 6:18.6 7:18.6 8:19.0 9:18.3 10:18.0 11:17.6 12:18.2 13:18.6 14:18.1 15:18.0 16:18.1 17:17.9 18:18.2 19:18.6 20:19.0 21:18.9 22:17.4 23:18.0 24:18.1 25:18.2 26:18.2 27:17.6 28:18.0 29:18.4 30:18.5 31:19.1 32:18.3 33:18.2 34:18.4 35:19.3 36:19.0 37:19.3 38:19.7 39:19.5 | mean 18.2
0824 02:33:59 ds4-server: chat ctx=1888..1938:50 gen=1850 THINKING decoding chunk=14.79 t/s avg=16.48 t/s 112.264s
0824 02:34:02 ds4-server: chat ctx=1938..1988:50 gen=1900 THINKING decoding chunk=15.22 t/s avg=16.44 t/s 115.549s
ds4: qwen35moe experts/token avg over 128 tokens: 0:15.2 1:16.1 2:15.9 3:16.7 4:16.7 5:16.3 6:16.6 7:17.2 8:17.3 9:16.8 10:16.5 11:15.6 12:16.6 13:16.7 14:16.1 15:16.2 16:16.8 17:15.7 18:16.3 19:16.5 20:16.8 21:16.7 22:15.9 23:16.3 24:16.0 25:16.1 26:16.4 27:16.7 28:16.2 29:16.6 30:17.0 31:17.2 32:16.3 33:16.6 34:16.1 35:16.8 36:17.6 37:17.8 38:18.0 39:17.8 | mean 16.6
0824 02:34:05 ds4-server: chat ctx=1988..2038:50 gen=1950 THINKING decoding chunk=15.44 t/s avg=16.42 t/s 118.788s
0824 02:34:08 ds4-server: chat ctx=2038..2088:50 gen=2000 THINKING decoding chunk=15.16 t/s avg=16.38 t/s 122.087s
0824 02:34:12 ds4-server: chat ctx=2088..2138:50 gen=2050 THINKING decoding chunk=15.02 t/s avg=16.35 t/s 125.415s
ds4: qwen35moe experts/token avg over 128 tokens: 0:14.6 1:15.5 2:15.3 3:16.2 4:16.4 5:15.7 6:15.9 7:16.7 8:17.4 9:16.5 10:15.6 11:15.4 12:16.8 13:15.9 14:16.5 15:15.8 16:16.3 17:15.3 18:15.4 19:15.9 20:16.9 21:16.9 22:15.4 23:16.0 24:15.8 25:15.6 26:16.1 27:16.2 28:15.8 29:15.9 30:16.1 31:16.3 32:16.0 33:16.3 34:15.6 35:16.9 36:17.8 37:17.6 38:18.5 39:17.4 | mean 16.2
0824 02:34:15 ds4-server: chat ctx=2138..2188:50 gen=2100 THINKING decoding chunk=14.72 t/s avg=16.30 t/s 128.811s
0824 02:34:19 ds4-server: chat ctx=2188..2238:50 gen=2150 THINKING decoding chunk=14.52 t/s avg=16.26 t/s 132.255s
ds4: qwen35moe experts/token avg over 128 tokens: 0:16.1 1:17.2 2:16.9 3:18.3 4:18.1 5:17.8 6:18.2 7:18.5 8:18.9 9:18.7 10:17.6 11:16.4 12:18.0 13:18.0 14:17.8 15:17.7 16:18.0 17:17.0 18:17.4 19:18.2 20:18.6 21:17.9 22:16.6 23:16.6 24:17.0 25:17.1 26:17.6 27:17.8 28:17.5 29:17.6 30:17.5 31:18.1 32:17.5 33:17.3 34:17.5 35:19.0 36:19.2 37:18.1 38:19.4 39:18.7 | mean 17.8
0824 02:34:22 ds4-server: chat ctx=2238..2288:50 gen=2200 THINKING decoding chunk=14.23 t/s avg=16.20 t/s 135.768s
0824 02:34:26 ds4-server: chat ctx=2288..2338:50 gen=2250 THINKING decoding chunk=14.22 t/s avg=16.15 t/s 139.284s
0824 02:34:29 ds4-server: chat ctx=2338..2388:50 gen=2300 THINKING decoding chunk=14.78 t/s avg=16.12 t/s 142.667s
ds4: qwen35moe experts/token avg over 128 tokens: 0:15.2 1:16.2 2:16.0 3:17.1 4:17.3 5:17.6 6:17.8 7:17.9 8:18.4 9:18.2 10:17.2 11:16.6 12:17.8 13:17.4 14:17.4 15:17.4 16:17.5 17:17.1 18:16.9 19:17.3 20:17.6 21:18.3 22:16.1 23:16.3 24:17.0 25:17.2 26:16.6 27:16.9 28:17.0 29:17.7 30:17.5 31:18.0 32:17.5 33:17.2 34:17.7 35:18.9 36:18.9 37:18.8 38:19.3 39:18.7 | mean 17.4
0824 02:34:33 ds4-server: chat ctx=2388..2438:50 gen=2350 THINKING decoding chunk=14.12 t/s avg=16.07 t/s 146.209s
0824 02:34:36 ds4-server: chat ctx=2438..2488:50 gen=2400 THINKING decoding chunk=14.69 t/s avg=16.04 t/s 149.611s
ds4: qwen35moe experts/token avg over 128 tokens: 0:15.1 1:15.4 2:15.5 3:16.8 4:16.6 5:16.7 6:17.0 7:17.3 8:17.7 9:17.7 10:16.2 11:15.7 12:17.1 13:16.7 14:17.1 15:16.2 16:16.7 17:16.1 18:15.7 19:16.4 20:17.0 21:16.8 22:15.4 23:15.9 24:16.2 25:16.1 26:16.3 27:16.5 28:16.2 29:16.2 30:16.1 31:17.0 32:16.5 33:16.0 34:16.1 35:16.9 36:17.4 37:17.5 38:18.5 39:17.6 | mean 16.5
0824 02:34:39 ds4-server: chat ctx=2488..2538:50 gen=2450 THINKING decoding chunk=14.54 t/s avg=16.01 t/s 153.050s
0824 02:34:43 ds4-server: chat ctx=2538..2588:50 gen=2500 THINKING decoding chunk=14.44 t/s avg=15.97 t/s 156.511s
0824 02:34:46 ds4-server: chat ctx=2588..2638:50 gen=2550 THINKING decoding chunk=14.06 t/s avg=15.93 t/s 160.068s
ds4: qwen35moe experts/token avg over 128 tokens: 0:14.8 1:15.6 2:15.7 3:16.9 4:16.5 5:16.8 6:17.3 7:17.3 8:18.0 9:17.3 10:16.6 11:16.4 12:17.3 13:16.7 14:17.2 15:16.9 16:17.5 17:17.1 18:17.3 19:16.8 20:17.0 21:17.4 22:16.3 23:16.6 24:17.2 25:17.0 26:16.8 27:16.6 28:16.7 29:17.0 30:16.9 31:17.1 32:17.1 33:16.8 34:16.7 35:17.5 36:18.1 37:18.0 38:18.7 39:18.0 | mean 17.0
0824 02:34:50 ds4-server: chat ctx=2638..2688:50 gen=2600 THINKING decoding chunk=14.21 t/s avg=15.89 t/s 163.586s
0824 02:34:53 ds4-server: chat ctx=2688..2738:50 gen=2650 THINKING decoding chunk=14.36 t/s avg=15.86 t/s 167.067s
0824 02:34:57 ds4-server: chat ctx=2738..2788:50 gen=2700 THINKING decoding chunk=14.22 t/s avg=15.83 t/s 170.583s
ds4: qwen35moe experts/token avg over 128 tokens: 0:14.9 1:15.5 2:15.1 3:16.4 4:17.1 5:16.7 6:17.3 7:17.5 8:17.8 9:17.3 10:16.1 11:15.6 12:16.3 13:16.3 14:16.1 15:15.7 16:16.3 17:16.0 18:15.5 19:16.4 20:16.1 21:16.5 22:15.8 23:15.8 24:15.6 25:16.3 26:15.7 27:15.6 28:16.0 29:15.8 30:15.6 31:16.7 32:15.7 33:15.2 34:15.4 35:16.8 36:17.0 37:17.4 38:18.5 39:16.8 | mean 16.2
0824 02:35:01 ds4-server: chat ctx=2788..2838:50 gen=2750 THINKING decoding chunk=13.54 t/s avg=15.78 t/s 174.275s
0824 02:35:04 ds4-server: chat ctx=2838..2888:50 gen=2800 THINKING decoding chunk=13.96 t/s avg=15.74 t/s 177.855s
ds4: qwen35moe experts/token avg over 128 tokens: 0:15.2 1:16.4 2:16.8 3:17.6 4:17.3 5:17.8 6:17.4 7:17.8 8:18.1 9:17.6 10:17.3 11:17.4 12:17.6 13:17.5 14:18.4 15:18.1 16:17.9 17:18.0 18:17.9 19:18.2 20:18.4 21:18.2 22:17.2 23:17.6 24:17.8 25:18.2 26:18.0 27:17.5 28:18.0 29:18.1 30:18.2 31:18.7 32:18.4 33:18.5 34:18.5 35:18.8 36:19.4 37:19.2 38:19.4 39:19.2 | mean 17.9
0824 02:35:08 ds4-server: chat ctx=2888..2938:50 gen=2850 THINKING decoding chunk=13.77 t/s avg=15.70 t/s 181.487s
0824 02:35:11 ds4-server: chat ctx=2938..2988:50 gen=2900 THINKING decoding chunk=13.77 t/s avg=15.67 t/s 185.117s
0824 02:35:15 ds4-server: chat ctx=2988..3038:50 gen=2950 THINKING decoding chunk=13.41 t/s avg=15.62 t/s 188.845s
ds4: qwen35moe experts/token avg over 128 tokens: 0:15.6 1:16.5 2:16.4 3:17.3 4:17.4 5:17.4 6:18.0 7:18.2 8:18.5 9:18.3 10:17.7 11:17.0 12:18.2 13:18.0 14:18.0 15:17.9 16:17.7 17:17.2 18:17.2 19:17.6 20:18.3 21:18.0 22:16.9 23:16.5 24:17.2 25:17.4 26:17.5 27:17.4 28:17.3 29:18.0 30:17.5 31:17.5 32:16.9 33:16.6 34:17.2 35:18.2 36:18.7 37:18.1 38:19.0 39:18.0 | mean 17.6
0824 02:35:19 ds4-server: chat ctx=3038..3088:50 gen=3000 THINKING decoding chunk=13.47 t/s avg=15.58 t/s 192.558s
0824 02:35:22 ds4-server: chat ctx=3088..3138:50 gen=3050 THINKING decoding chunk=13.91 t/s avg=15.55 t/s 196.152s
ds4: qwen35moe experts/token avg over 128 tokens: 0:15.0 1:16.3 2:15.8 3:17.2 4:17.6 5:17.3 6:18.0 7:17.9 8:18.7 9:17.6 10:17.3 11:17.0 12:17.8 13:17.5 14:17.5 15:18.0 16:18.0 17:17.9 18:17.6 19:17.5 20:18.4 21:17.8 22:16.8 23:17.2 24:17.5 25:17.6 26:17.5 27:17.4 28:17.1 29:17.5 30:17.1 31:17.9 32:17.6 33:17.2 34:17.6 35:18.3 36:18.6 37:18.6 38:19.1 39:18.6 | mean 17.6
0824 02:35:26 ds4-server: chat ctx=3138..3188:50 gen=3100 THINKING decoding chunk=13.25 t/s avg=15.51 t/s 199.926s
0824 02:35:30 ds4-server: chat ctx=3188..3238:50 gen=3150 THINKING decoding chunk=13.57 t/s avg=15.47 t/s 203.610s
0824 02:35:34 ds4-server: chat ctx=3238..3288:50 gen=3200 decoding chunk=13.20 t/s avg=15.43 t/s 207.397s
ds4: qwen35moe experts/token avg over 128 tokens: 0:15.1 1:16.6 2:16.7 3:17.7 4:17.2 5:17.2 6:17.3 7:17.6 8:18.0 9:17.5 10:17.2 11:16.8 12:17.7 13:17.4 14:18.1 15:18.2 16:18.3 17:18.3 18:18.0 19:18.2 20:18.0 21:17.7 22:17.3 23:17.3 24:17.4 25:17.8 26:17.5 27:17.4 28:17.9 29:17.8 30:17.7 31:18.1 32:17.7 33:18.0 34:18.1 35:18.7 36:19.3 37:19.1 38:19.5 39:18.8 | mean 17.8
0824 02:35:37 ds4-server: chat ctx=3288..3331:43 gen=3243 decoding chunk=13.02 t/s avg=15.39 t/s 210.701s
0824 02:35:37 ds4-server: thinking live checkpoint remembered ctx=0..88:88 live=3331 visible=537
0824 02:35:37 ds4-server: chat ctx=0..88:88 gen=3243 finish=stop 215.424s
0824 02:35:40 ds4-server: live kv cache miss live=3331 prompt=170 common=30 reason=token-mismatch
0824 02:35:40 ds4-server: chat ctx=0..170:170 prompt start
0824 02:35:40 ds4-server: chat ctx=0..170:170 prefill chunk 1/170 (0.6%) chunk=0.00 t/s avg=3.07 t/s 0.326s
0824 02:35:40 ds4-server: chat ctx=0..170:170 prefill chunk 2/170 (1.2%) chunk=19.84 t/s avg=5.32 t/s 0.376s
0824 02:35:40 ds4-server: chat ctx=0..170:170 prefill chunk 3/170 (1.8%) chunk=19.42 t/s avg=7.02 t/s 0.427s
0824 02:35:40 ds4-server: chat ctx=0..170:170 prefill chunk 4/170 (2.4%) chunk=18.95 t/s avg=8.33 t/s 0.480s
0824 02:35:40 ds4-server: chat ctx=0..170:170 prefill chunk 5/170 (2.9%) chunk=19.29 t/s avg=9.40 t/s 0.532s
0824 02:35:40 ds4-server: chat ctx=0..170:170 prefill chunk 6/170 (3.5%) chunk=18.96 t/s avg=10.26 t/s 0.585s
0824 02:35:40 ds4-server: chat ctx=0..170:170 prefill chunk 7/170 (4.1%) chunk=19.03 t/s avg=10.98 t/s 0.637s
0824 02:35:40 ds4-server: chat ctx=0..170:170 prefill chunk 8/170 (4.7%) chunk=18.75 t/s avg=11.58 t/s 0.691s
0824 02:35:40 ds4-server: chat ctx=0..170:170 prefill chunk 9/170 (5.3%) chunk=19.39 t/s avg=12.12 t/s 0.742s
0824 02:35:40 ds4-server: chat ctx=0..170:170 prefill chunk 10/170 (5.9%) chunk=18.94 t/s avg=12.58 t/s 0.795s
0824 02:35:40 ds4-server: chat ctx=0..170:170 prefill chunk 11/170 (6.5%) chunk=18.73 t/s avg=12.96 t/s 0.848s
0824 02:35:40 ds4-server: chat ctx=0..170:170 prefill chunk 12/170 (7.1%) chunk=19.45 t/s avg=13.34 t/s 0.900s
0824 02:35:40 ds4-server: chat ctx=0..170:170 prefill chunk 13/170 (7.6%) chunk=18.66 t/s avg=13.63 t/s 0.953s
0824 02:35:41 ds4-server: chat ctx=0..170:170 prefill chunk 14/170 (8.2%) chunk=19.29 t/s avg=13.93 t/s 1.005s
0824 02:35:41 ds4-server: chat ctx=0..170:170 prefill chunk 15/170 (8.8%) chunk=19.03 t/s avg=14.18 t/s 1.058s
0824 02:35:41 ds4-server: chat ctx=0..170:170 prefill chunk 16/170 (9.4%) chunk=18.73 t/s avg=14.40 t/s 1.111s
0824 02:35:41 ds4-server: chat ctx=0..170:170 prefill chunk 17/170 (10.0%) chunk=18.73 t/s avg=14.60 t/s 1.165s
0824 02:35:41 ds4-server: chat ctx=0..170:170 prefill chunk 18/170 (10.6%) chunk=18.22 t/s avg=14.76 t/s 1.219s
0824 02:35:41 ds4-server: chat ctx=0..170:170 prefill chunk 19/170 (11.2%) chunk=19.26 t/s avg=14.94 t/s 1.271s
0824 02:35:41 ds4-server: chat ctx=0..170:170 prefill chunk 20/170 (11.8%) chunk=18.47 t/s avg=15.09 t/s 1.326s
0824 02:35:41 ds4-server: chat ctx=0..170:170 prefill chunk 21/170 (12.4%) chunk=19.22 t/s avg=15.24 t/s 1.378s
0824 02:35:41 ds4-server: chat ctx=0..170:170 prefill chunk 22/170 (12.9%) chunk=18.36 t/s avg=15.36 t/s 1.432s
0824 02:35:41 ds4-server: chat ctx=0..170:170 prefill chunk 23/170 (13.5%) chunk=18.56 t/s avg=15.48 t/s 1.486s
0824 02:35:41 ds4-server: chat ctx=0..170:170 prefill chunk 24/170 (14.1%) chunk=19.58 t/s avg=15.61 t/s 1.537s
0824 02:35:41 ds4-server: chat ctx=0..170:170 prefill chunk 25/170 (14.7%) chunk=18.44 t/s avg=15.71 t/s 1.591s
0824 02:35:41 ds4-server: chat ctx=0..170:170 prefill chunk 26/170 (15.3%) chunk=19.60 t/s avg=15.83 t/s 1.642s
0824 02:35:41 ds4-server: chat ctx=0..170:170 prefill chunk 27/170 (15.9%) chunk=18.03 t/s avg=15.90 t/s 1.698s
0824 02:35:41 ds4-server: chat ctx=0..170:170 prefill chunk 28/170 (16.5%) chunk=17.79 t/s avg=15.96 t/s 1.754s
0824 02:35:41 ds4-server: chat ctx=0..170:170 prefill chunk 29/170 (17.1%) chunk=18.76 t/s avg=16.05 t/s 1.807s
0824 02:35:41 ds4-server: chat ctx=0..170:170 prefill chunk 30/170 (17.6%) chunk=18.76 t/s avg=16.12 t/s 1.861s
0824 02:35:41 ds4-server: chat ctx=0..170:170 prefill chunk 31/170 (18.2%) chunk=19.55 t/s avg=16.22 t/s 1.912s
0824 02:35:41 ds4-server: chat ctx=0..170:170 prefill chunk 32/170 (18.8%) chunk=19.43 t/s avg=16.30 t/s 1.963s
0824 02:35:42 ds4-server: chat ctx=0..170:170 prefill chunk 33/170 (19.4%) chunk=18.59 t/s avg=16.36 t/s 2.017s
0824 02:35:42 ds4-server: chat ctx=0..170:170 prefill chunk 34/170 (20.0%) chunk=18.89 t/s avg=16.43 t/s 2.070s
0824 02:35:42 ds4-server: chat ctx=0..170:170 prefill chunk 35/170 (20.6%) chunk=18.17 t/s avg=16.47 t/s 2.125s
0824 02:35:42 ds4-server: chat ctx=0..170:170 prefill chunk 36/170 (21.2%) chunk=19.36 t/s avg=16.54 t/s 2.177s
0824 02:35:42 ds4-server: chat ctx=0..170:170 prefill chunk 37/170 (21.8%) chunk=18.98 t/s avg=16.60 t/s 2.229s
0824 02:35:42 ds4-server: chat ctx=0..170:170 prefill chunk 38/170 (22.4%) chunk=19.04 t/s avg=16.65 t/s 2.282s
0824 02:35:42 ds4-server: chat ctx=0..170:170 prefill chunk 39/170 (22.9%) chunk=19.77 t/s avg=16.72 t/s 2.332s
0824 02:35:42 ds4-server: chat ctx=0..170:170 prefill chunk 40/170 (23.5%) chunk=18.43 t/s avg=16.76 t/s 2.387s
0824 02:35:42 ds4-server: chat ctx=0..170:170 prefill chunk 41/170 (24.1%) chunk=18.23 t/s avg=16.79 t/s 2.442s
0824 02:35:42 ds4-server: chat ctx=0..170:170 prefill chunk 42/170 (24.7%) chunk=17.46 t/s avg=16.81 t/s 2.499s
0824 02:35:42 ds4-server: chat ctx=0..170:170 prefill chunk 43/170 (25.3%) chunk=18.06 t/s avg=16.84 t/s 2.554s
0824 02:35:42 ds4-server: chat ctx=0..170:170 prefill chunk 44/170 (25.9%) chunk=17.96 t/s avg=16.86 t/s 2.610s
0824 02:35:42 ds4-server: chat ctx=0..170:170 prefill chunk 45/170 (26.5%) chunk=17.97 t/s avg=16.88 t/s 2.665s
0824 02:35:42 ds4-server: chat ctx=0..170:170 prefill chunk 46/170 (27.1%) chunk=17.61 t/s avg=16.90 t/s 2.722s
0824 02:35:42 ds4-server: chat ctx=0..170:170 prefill chunk 47/170 (27.6%) chunk=18.43 t/s avg=16.93 t/s 2.777s
0824 02:35:42 ds4-server: chat ctx=0..170:170 prefill chunk 48/170 (28.2%) chunk=18.85 t/s avg=16.96 t/s 2.830s
0824 02:35:42 ds4-server: chat ctx=0..170:170 prefill chunk 49/170 (28.8%) chunk=17.74 t/s avg=16.98 t/s 2.886s
0824 02:35:42 ds4-server: chat ctx=0..170:170 prefill chunk 50/170 (29.4%) chunk=19.53 t/s avg=17.02 t/s 2.937s
0824 02:35:43 ds4-server: chat ctx=0..170:170 prefill chunk 51/170 (30.0%) chunk=18.78 t/s avg=17.05 t/s 2.990s
0824 02:35:43 ds4-server: chat ctx=0..170:170 prefill chunk 52/170 (30.6%) chunk=19.06 t/s avg=17.09 t/s 3.043s
0824 02:35:43 ds4-server: chat ctx=0..170:170 prefill chunk 53/170 (31.2%) chunk=18.38 t/s avg=17.11 t/s 3.097s
0824 02:35:43 ds4-server: chat ctx=0..170:170 prefill chunk 54/170 (31.8%) chunk=18.32 t/s avg=17.13 t/s 3.152s
0824 02:35:43 ds4-server: chat ctx=0..170:170 prefill chunk 55/170 (32.4%) chunk=19.25 t/s avg=17.17 t/s 3.204s
0824 02:35:43 ds4-server: chat ctx=0..170:170 prefill chunk 56/170 (32.9%) chunk=18.02 t/s avg=17.18 t/s 3.259s
0824 02:35:43 ds4-server: chat ctx=0..170:170 prefill chunk 57/170 (33.5%) chunk=19.06 t/s avg=17.21 t/s 3.312s
0824 02:35:43 ds4-server: chat ctx=0..170:170 prefill chunk 58/170 (34.1%) chunk=19.17 t/s avg=17.24 t/s 3.364s
0824 02:35:43 ds4-server: chat ctx=0..170:170 prefill chunk 59/170 (34.7%) chunk=18.21 t/s avg=17.26 t/s 3.419s
0824 02:35:43 ds4-server: chat ctx=0..170:170 prefill chunk 60/170 (35.3%) chunk=18.95 t/s avg=17.28 t/s 3.472s
0824 02:35:43 ds4-server: chat ctx=0..170:170 prefill chunk 61/170 (35.9%) chunk=18.89 t/s avg=17.31 t/s 3.525s
0824 02:35:43 ds4-server: chat ctx=0..170:170 prefill chunk 62/170 (36.5%) chunk=18.89 t/s avg=17.33 t/s 3.578s
0824 02:35:43 ds4-server: chat ctx=0..170:170 prefill chunk 63/170 (37.1%) chunk=18.57 t/s avg=17.35 t/s 3.631s
0824 02:35:43 ds4-server: chat ctx=0..170:170 prefill chunk 64/170 (37.6%) chunk=17.92 t/s avg=17.36 t/s 3.687s
0824 02:35:43 ds4-server: chat ctx=0..170:170 prefill chunk 65/170 (38.2%) chunk=19.12 t/s avg=17.38 t/s 3.739s
0824 02:35:43 ds4-server: chat ctx=0..170:170 prefill chunk 66/170 (38.8%) chunk=18.54 t/s avg=17.40 t/s 3.793s
0824 02:35:43 ds4-server: chat ctx=0..170:170 prefill chunk 67/170 (39.4%) chunk=19.44 t/s avg=17.43 t/s 3.845s
0824 02:35:43 ds4-server: chat ctx=0..170:170 prefill chunk 68/170 (40.0%) chunk=18.79 t/s avg=17.44 t/s 3.898s
0824 02:35:43 ds4-server: chat ctx=0..170:170 prefill chunk 69/170 (40.6%) chunk=18.31 t/s avg=17.46 t/s 3.953s
0824 02:35:44 ds4-server: chat ctx=0..170:170 prefill chunk 70/170 (41.2%) chunk=19.33 t/s avg=17.48 t/s 4.004s
0824 02:35:44 ds4-server: chat ctx=0..170:170 prefill chunk 71/170 (41.8%) chunk=18.20 t/s avg=17.49 t/s 4.059s
0824 02:35:44 ds4-server: chat ctx=0..170:170 prefill chunk 72/170 (42.4%) chunk=18.51 t/s avg=17.50 t/s 4.113s
0824 02:35:44 ds4-server: chat ctx=0..170:170 prefill chunk 73/170 (42.9%) chunk=19.13 t/s avg=17.52 t/s 4.166s
0824 02:35:44 ds4-server: chat ctx=0..170:170 prefill chunk 74/170 (43.5%) chunk=18.60 t/s avg=17.54 t/s 4.219s
0824 02:35:44 ds4-server: chat ctx=0..170:170 prefill chunk 75/170 (44.1%) chunk=19.23 t/s avg=17.56 t/s 4.271s
0824 02:35:44 ds4-server: chat ctx=0..170:170 prefill chunk 76/170 (44.7%) chunk=18.68 t/s avg=17.57 t/s 4.325s
0824 02:35:44 ds4-server: chat ctx=0..170:170 prefill chunk 77/170 (45.3%) chunk=18.51 t/s avg=17.58 t/s 4.379s
0824 02:35:44 ds4-server: chat ctx=0..170:170 prefill chunk 78/170 (45.9%) chunk=19.05 t/s avg=17.60 t/s 4.432s
0824 02:35:44 ds4-server: chat ctx=0..170:170 prefill chunk 79/170 (46.5%) chunk=18.32 t/s avg=17.61 t/s 4.486s
0824 02:35:44 ds4-server: chat ctx=0..170:170 prefill chunk 80/170 (47.1%) chunk=19.01 t/s avg=17.63 t/s 4.539s
0824 02:35:44 ds4-server: chat ctx=0..170:170 prefill chunk 81/170 (47.6%) chunk=18.40 t/s avg=17.64 t/s 4.593s
0824 02:35:44 ds4-server: chat ctx=0..170:170 prefill chunk 82/170 (48.2%) chunk=18.22 t/s avg=17.64 t/s 4.648s
0824 02:35:44 ds4-server: chat ctx=0..170:170 prefill chunk 83/170 (48.8%) chunk=19.27 t/s avg=17.66 t/s 4.700s
0824 02:35:44 ds4-server: chat ctx=0..170:170 prefill chunk 84/170 (49.4%) chunk=17.89 t/s avg=17.66 t/s 4.756s
0824 02:35:44 ds4-server: chat ctx=0..170:170 prefill chunk 85/170 (50.0%) chunk=18.50 t/s avg=17.67 t/s 4.810s
0824 02:35:44 ds4-server: chat ctx=0..170:170 prefill chunk 86/170 (50.6%) chunk=18.73 t/s avg=17.68 t/s 4.863s
0824 02:35:44 ds4-server: chat ctx=0..170:170 prefill chunk 87/170 (51.2%) chunk=18.85 t/s avg=17.70 t/s 4.916s
0824 02:35:44 ds4-server: chat ctx=0..170:170 prefill chunk 88/170 (51.8%) chunk=18.85 t/s avg=17.71 t/s 4.969s
0824 02:35:45 ds4-server: chat ctx=0..170:170 prefill chunk 89/170 (52.4%) chunk=18.37 t/s avg=17.72 t/s 5.024s
0824 02:35:45 ds4-server: chat ctx=0..170:170 prefill chunk 90/170 (52.9%) chunk=19.26 t/s avg=17.73 t/s 5.076s
0824 02:35:45 ds4-server: chat ctx=0..170:170 prefill chunk 91/170 (53.5%) chunk=18.72 t/s avg=17.74 t/s 5.129s
0824 02:35:45 ds4-server: chat ctx=0..170:170 prefill chunk 92/170 (54.1%) chunk=18.39 t/s avg=17.75 t/s 5.183s
0824 02:35:45 ds4-server: chat ctx=0..170:170 prefill chunk 93/170 (54.7%) chunk=19.42 t/s avg=17.77 t/s 5.235s
0824 02:35:45 ds4-server: chat ctx=0..170:170 prefill chunk 94/170 (55.3%) chunk=18.75 t/s avg=17.78 t/s 5.288s
0824 02:35:45 ds4-server: chat ctx=0..170:170 prefill chunk 95/170 (55.9%) chunk=19.51 t/s avg=17.79 t/s 5.339s
0824 02:35:45 ds4-server: chat ctx=0..170:170 prefill chunk 96/170 (56.5%) chunk=17.94 t/s avg=17.79 t/s 5.395s
0824 02:35:45 ds4-server: chat ctx=0..170:170 prefill chunk 97/170 (57.1%) chunk=18.60 t/s avg=17.80 t/s 5.449s
0824 02:35:45 ds4-server: chat ctx=0..170:170 prefill chunk 98/170 (57.6%) chunk=18.51 t/s avg=17.81 t/s 5.503s
0824 02:35:45 ds4-server: chat ctx=0..170:170 prefill chunk 99/170 (58.2%) chunk=17.68 t/s avg=17.81 t/s 5.560s
0824 02:35:45 ds4-server: chat ctx=0..170:170 prefill chunk 100/170 (58.8%) chunk=18.26 t/s avg=17.81 t/s 5.614s
0824 02:35:45 ds4-server: chat ctx=0..170:170 prefill chunk 101/170 (59.4%) chunk=18.72 t/s avg=17.82 t/s 5.668s
ds4: qwen35moe experts/token avg over 128 tokens: 0:14.1 1:14.2 2:15.3 3:15.5 4:14.7 5:14.9 6:15.0 7:15.5 8:15.8 9:15.5 10:14.8 11:14.7 12:15.5 13:14.5 14:15.1 15:15.5 16:16.0 17:15.0 18:15.2 19:16.2 20:15.6 21:15.6 22:15.6 23:15.6 24:16.3 25:15.5 26:16.5 27:16.5 28:16.1 29:16.2 30:16.9 31:17.1 32:16.7 33:16.8 34:17.1 35:18.8 36:19.4 37:18.9 38:19.0 39:18.2 | mean 16.0
0824 02:35:45 ds4-server: chat ctx=0..170:170 prefill chunk 102/170 (60.0%) chunk=18.34 t/s avg=17.82 t/s 5.722s
0824 02:35:45 ds4-server: chat ctx=0..170:170 prefill chunk 103/170 (60.6%) chunk=19.20 t/s avg=17.84 t/s 5.774s
0824 02:35:45 ds4-server: chat ctx=0..170:170 prefill chunk 104/170 (61.2%) chunk=18.19 t/s avg=17.84 t/s 5.829s
0824 02:35:45 ds4-server: chat ctx=0..170:170 prefill chunk 105/170 (61.8%) chunk=17.91 t/s avg=17.84 t/s 5.885s
0824 02:35:45 ds4-server: chat ctx=0..170:170 prefill chunk 106/170 (62.4%) chunk=19.53 t/s avg=17.86 t/s 5.936s
0824 02:35:46 ds4-server: chat ctx=0..170:170 prefill chunk 107/170 (62.9%) chunk=17.43 t/s avg=17.85 t/s 5.994s
0824 02:35:46 ds4-server: chat ctx=0..170:170 prefill chunk 108/170 (63.5%) chunk=18.24 t/s avg=17.86 t/s 6.049s
0824 02:35:46 ds4-server: chat ctx=0..170:170 prefill chunk 109/170 (64.1%) chunk=18.30 t/s avg=17.86 t/s 6.103s
0824 02:35:46 ds4-server: chat ctx=0..170:170 prefill chunk 110/170 (64.7%) chunk=18.30 t/s avg=17.86 t/s 6.158s
0824 02:35:46 ds4-server: chat ctx=0..170:170 prefill chunk 111/170 (65.3%) chunk=17.40 t/s avg=17.86 t/s 6.215s
0824 02:35:46 ds4-server: chat ctx=0..170:170 prefill chunk 112/170 (65.9%) chunk=18.35 t/s avg=17.86 t/s 6.270s
0824 02:35:46 ds4-server: chat ctx=0..170:170 prefill chunk 113/170 (66.5%) chunk=17.15 t/s avg=17.86 t/s 6.328s
0824 02:35:46 ds4-server: chat ctx=0..170:170 prefill chunk 114/170 (67.1%) chunk=17.25 t/s avg=17.85 t/s 6.386s
0824 02:35:46 ds4-server: chat ctx=0..170:170 prefill chunk 115/170 (67.6%) chunk=17.75 t/s avg=17.85 t/s 6.442s
0824 02:35:46 ds4-server: chat ctx=0..170:170 prefill chunk 116/170 (68.2%) chunk=17.36 t/s avg=17.85 t/s 6.500s
0824 02:35:46 ds4-server: chat ctx=0..170:170 prefill chunk 117/170 (68.8%) chunk=17.40 t/s avg=17.84 t/s 6.558s
0824 02:35:46 ds4-server: chat ctx=0..170:170 prefill chunk 118/170 (69.4%) chunk=17.58 t/s avg=17.84 t/s 6.614s
0824 02:35:46 ds4-server: chat ctx=0..170:170 prefill chunk 119/170 (70.0%) chunk=17.77 t/s avg=17.84 t/s 6.671s
0824 02:35:46 ds4-server: chat ctx=0..170:170 prefill chunk 120/170 (70.6%) chunk=18.68 t/s avg=17.85 t/s 6.724s
0824 02:35:46 ds4-server: chat ctx=0..170:170 prefill chunk 121/170 (71.2%) chunk=17.40 t/s avg=17.84 t/s 6.782s
0824 02:35:46 ds4-server: chat ctx=0..170:170 prefill chunk 122/170 (71.8%) chunk=17.85 t/s avg=17.84 t/s 6.838s
0824 02:35:46 ds4-server: chat ctx=0..170:170 prefill chunk 123/170 (72.4%) chunk=17.73 t/s avg=17.84 t/s 6.894s
0824 02:35:46 ds4-server: chat ctx=0..170:170 prefill chunk 124/170 (72.9%) chunk=17.16 t/s avg=17.84 t/s 6.952s
0824 02:35:47 ds4-server: chat ctx=0..170:170 prefill chunk 125/170 (73.5%) chunk=18.03 t/s avg=17.84 t/s 7.008s
0824 02:35:47 ds4-server: chat ctx=0..170:170 prefill chunk 126/170 (74.1%) chunk=17.28 t/s avg=17.83 t/s 7.066s
0824 02:35:47 ds4-server: chat ctx=0..170:170 prefill chunk 127/170 (74.7%) chunk=17.40 t/s avg=17.83 t/s 7.123s
0824 02:35:47 ds4-server: chat ctx=0..170:170 prefill chunk 128/170 (75.3%) chunk=18.14 t/s avg=17.83 t/s 7.178s
0824 02:35:47 ds4-server: chat ctx=0..170:170 prefill chunk 129/170 (75.9%) chunk=17.98 t/s avg=17.83 t/s 7.234s
0824 02:35:47 ds4-server: chat ctx=0..170:170 prefill chunk 130/170 (76.5%) chunk=18.25 t/s avg=17.84 t/s 7.289s
0824 02:35:47 ds4-server: chat ctx=0..170:170 prefill chunk 131/170 (77.1%) chunk=17.22 t/s avg=17.83 t/s 7.347s
0824 02:35:47 ds4-server: chat ctx=0..170:170 prefill chunk 132/170 (77.6%) chunk=17.32 t/s avg=17.83 t/s 7.405s
0824 02:35:47 ds4-server: chat ctx=0..170:170 prefill chunk 133/170 (78.2%) chunk=17.58 t/s avg=17.83 t/s 7.461s
0824 02:35:47 ds4-server: chat ctx=0..170:170 prefill chunk 134/170 (78.8%) chunk=17.03 t/s avg=17.82 t/s 7.520s
0824 02:35:47 ds4-server: chat ctx=0..170:170 prefill chunk 135/170 (79.4%) chunk=17.72 t/s avg=17.82 t/s 7.577s
0824 02:35:47 ds4-server: chat ctx=0..170:170 prefill chunk 136/170 (80.0%) chunk=17.23 t/s avg=17.81 t/s 7.635s
0824 02:35:47 ds4-server: chat ctx=0..170:170 prefill chunk 137/170 (80.6%) chunk=17.66 t/s avg=17.81 t/s 7.691s
0824 02:35:47 ds4-server: chat ctx=0..170:170 prefill chunk 138/170 (81.2%) chunk=17.25 t/s avg=17.81 t/s 7.749s
0824 02:35:47 ds4-server: chat ctx=0..170:170 prefill chunk 139/170 (81.8%) chunk=17.55 t/s avg=17.81 t/s 7.806s
0824 02:35:47 ds4-server: chat ctx=0..170:170 prefill chunk 140/170 (82.4%) chunk=17.39 t/s avg=17.80 t/s 7.864s
0824 02:35:47 ds4-server: chat ctx=0..170:170 prefill chunk 141/170 (82.9%) chunk=17.57 t/s avg=17.80 t/s 7.921s
0824 02:35:48 ds4-server: chat ctx=0..170:170 prefill chunk 142/170 (83.5%) chunk=17.91 t/s avg=17.80 t/s 7.976s
0824 02:35:48 ds4-server: chat ctx=0..170:170 prefill chunk 143/170 (84.1%) chunk=18.48 t/s avg=17.81 t/s 8.031s
0824 02:35:48 ds4-server: chat ctx=0..170:170 prefill chunk 144/170 (84.7%) chunk=17.44 t/s avg=17.80 t/s 8.088s
0824 02:35:48 ds4-server: chat ctx=0..170:170 prefill chunk 145/170 (85.3%) chunk=17.51 t/s avg=17.80 t/s 8.145s
0824 02:35:48 ds4-server: chat ctx=0..170:170 prefill chunk 146/170 (85.9%) chunk=18.23 t/s avg=17.81 t/s 8.200s
0824 02:35:48 ds4-server: chat ctx=0..170:170 prefill chunk 147/170 (86.5%) chunk=18.27 t/s avg=17.81 t/s 8.255s
0824 02:35:48 ds4-server: chat ctx=0..170:170 prefill chunk 148/170 (87.1%) chunk=17.58 t/s avg=17.81 t/s 8.311s
0824 02:35:48 ds4-server: chat ctx=0..170:170 prefill chunk 149/170 (87.6%) chunk=16.99 t/s avg=17.80 t/s 8.370s
0824 02:35:48 ds4-server: chat ctx=0..170:170 prefill chunk 150/170 (88.2%) chunk=17.26 t/s avg=17.80 t/s 8.428s
0824 02:35:48 ds4-server: chat ctx=0..170:170 prefill chunk 151/170 (88.8%) chunk=16.81 t/s avg=17.79 t/s 8.488s
0824 02:35:48 ds4-server: chat ctx=0..170:170 prefill chunk 152/170 (89.4%) chunk=17.49 t/s avg=17.79 t/s 8.545s
0824 02:35:48 ds4-server: chat ctx=0..170:170 prefill chunk 153/170 (90.0%) chunk=17.05 t/s avg=17.78 t/s 8.604s
0824 02:35:48 ds4-server: chat ctx=0..170:170 prefill chunk 154/170 (90.6%) chunk=17.84 t/s avg=17.78 t/s 8.660s
0824 02:35:48 ds4-server: chat ctx=0..170:170 prefill chunk 155/170 (91.2%) chunk=17.47 t/s avg=17.78 t/s 8.717s
0824 02:35:48 ds4-server: chat ctx=0..170:170 prefill chunk 156/170 (91.8%) chunk=17.59 t/s avg=17.78 t/s 8.774s
0824 02:35:48 ds4-server: chat ctx=0..170:170 prefill chunk 157/170 (92.4%) chunk=18.16 t/s avg=17.78 t/s 8.829s
0824 02:35:48 ds4-server: chat ctx=0..170:170 prefill chunk 158/170 (92.9%) chunk=17.15 t/s avg=17.78 t/s 8.887s
0824 02:35:48 ds4-server: chat ctx=0..170:170 prefill chunk 159/170 (93.5%) chunk=17.37 t/s avg=17.78 t/s 8.945s
0824 02:35:49 ds4-server: chat ctx=0..170:170 prefill chunk 160/170 (94.1%) chunk=17.48 t/s avg=17.77 t/s 9.002s
0824 02:35:49 ds4-server: chat ctx=0..170:170 prefill chunk 161/170 (94.7%) chunk=17.29 t/s avg=17.77 t/s 9.060s
0824 02:35:49 ds4-server: chat ctx=0..170:170 prefill chunk 162/170 (95.3%) chunk=18.96 t/s avg=17.78 t/s 9.112s
0824 02:35:49 ds4-server: chat ctx=0..170:170 prefill chunk 163/170 (95.9%) chunk=18.80 t/s avg=17.78 t/s 9.166s
0824 02:35:49 ds4-server: chat ctx=0..170:170 prefill chunk 164/170 (96.5%) chunk=18.59 t/s avg=17.79 t/s 9.219s
0824 02:35:49 ds4-server: chat ctx=0..170:170 prefill chunk 165/170 (97.1%) chunk=18.48 t/s avg=17.79 t/s 9.274s
0824 02:35:49 ds4-server: chat ctx=0..170:170 prefill chunk 166/170 (97.6%) chunk=17.76 t/s avg=17.79 t/s 9.330s
0824 02:35:49 ds4-server: chat ctx=0..170:170 prefill chunk 167/170 (98.2%) chunk=18.64 t/s avg=17.80 t/s 9.383s
0824 02:35:49 ds4-server: chat ctx=0..170:170 prefill chunk 168/170 (98.8%) chunk=18.34 t/s avg=17.80 t/s 9.438s
0824 02:35:49 ds4-server: chat ctx=0..170:170 prefill chunk 169/170 (99.4%) chunk=19.74 t/s avg=17.81 t/s 9.489s
0824 02:35:49 ds4-server: chat ctx=0..170:170 prefill chunk 170/170 (100.0%) chunk=20.26 t/s avg=17.82 t/s 9.538s
0824 02:35:49 ds4-server: chat ctx=0..170:170 prompt done 9.538s
0824 02:35:52 ds4-server: chat ctx=170..220:50 gen=50 THINKING decoding chunk=18.22 t/s avg=18.22 t/s 2.744s
ds4: qwen35moe experts/token avg over 128 tokens: 0:14.7 1:15.4 2:15.6 3:16.4 4:16.2 5:16.1 6:15.9 7:16.7 8:17.0 9:16.7 10:15.7 11:14.8 12:16.9 13:15.9 14:15.4 15:15.5 16:16.7 17:15.3 18:16.2 19:16.8 20:16.7 21:17.8 22:15.8 23:16.5 24:17.1 25:16.2 26:16.9 27:16.7 28:16.3 29:16.3 30:17.3 31:17.3 32:16.4 33:17.0 34:17.2 35:17.9 36:18.7 37:18.6 38:19.3 39:18.4 | mean 16.6
0824 02:35:55 ds4-server: chat ctx=220..270:50 gen=100 THINKING decoding chunk=17.53 t/s avg=17.87 t/s 5.597s
0824 02:35:57 ds4-server: chat ctx=270..320:50 gen=150 THINKING decoding chunk=17.84 t/s avg=17.86 t/s 8.399s
ds4: qwen35moe experts/token avg over 128 tokens: 0:14.2 1:15.1 2:15.3 3:15.9 4:16.2 5:16.3 6:16.3 7:16.5 8:17.3 9:17.7 10:15.9 11:15.4 12:16.6 13:16.4 14:15.7 15:16.5 16:17.0 17:15.7 18:16.1 19:17.3 20:17.2 21:17.2 22:16.1 23:16.8 24:17.0 25:16.6 26:16.6 27:16.6 28:16.0 29:15.7 30:16.8 31:16.5 32:16.1 33:16.4 34:16.4 35:17.5 36:18.3 37:18.4 38:18.7 39:18.0 | mean 16.6
0824 02:36:00 ds4-server: chat ctx=320..370:50 gen=200 THINKING decoding chunk=18.13 t/s avg=17.92 t/s 11.158s
0824 02:36:03 ds4-server: chat ctx=370..420:50 gen=250 THINKING decoding chunk=17.96 t/s avg=17.93 t/s 13.942s
0824 02:36:06 ds4-server: chat ctx=420..470:50 gen=300 THINKING decoding chunk=17.47 t/s avg=17.85 t/s 16.804s
ds4: qwen35moe experts/token avg over 128 tokens: 0:15.2 1:15.5 2:15.4 3:16.3 4:15.6 5:15.8 6:15.9 7:16.7 8:17.3 9:17.0 10:15.1 11:14.6 12:15.8 13:15.7 14:15.3 15:15.7 16:15.8 17:14.6 18:15.3 19:16.1 20:16.8 21:16.3 22:15.5 23:15.9 24:15.7 25:15.8 26:16.0 27:15.8 28:16.2 29:15.8 30:15.8 31:15.4 32:15.6 33:15.2 34:14.9 35:17.0 36:17.6 37:17.6 38:18.2 39:16.9 | mean 16.0
0824 02:36:09 ds4-server: chat ctx=470..520:50 gen=350 THINKING decoding chunk=17.38 t/s avg=17.78 t/s 19.682s
0824 02:36:12 ds4-server: chat ctx=520..570:50 gen=400 THINKING decoding chunk=17.09 t/s avg=17.69 t/s 22.607s
ds4: qwen35moe experts/token avg over 128 tokens: 0:15.2 1:15.2 2:15.9 3:17.6 4:17.0 5:17.3 6:16.6 7:17.5 8:18.0 9:18.3 10:16.2 11:15.3 12:16.7 13:16.5 14:16.2 15:16.4 16:16.6 17:16.1 18:16.0 19:16.9 20:17.7 21:17.6 22:16.2 23:17.0 24:17.0 25:17.0 26:17.1 27:17.1 28:16.8 29:16.8 30:17.0 31:17.2 32:17.3 33:17.2 34:17.9 35:18.8 36:19.4 37:19.3 38:19.7 39:19.2 | mean 17.1
0824 02:36:15 ds4-server: chat ctx=570..620:50 gen=450 THINKING decoding chunk=16.79 t/s avg=17.59 t/s 25.586s
0824 02:36:18 ds4-server: chat ctx=620..670:50 gen=500 THINKING decoding chunk=16.49 t/s avg=17.47 t/s 28.618s
0824 02:36:21 ds4-server: chat ctx=670..720:50 gen=550 THINKING decoding chunk=16.63 t/s avg=17.39 t/s 31.624s
ds4: qwen35moe experts/token avg over 128 tokens: 0:16.5 1:17.6 2:17.2 3:18.4 4:17.6 5:17.9 6:18.1 7:18.9 8:19.5 9:18.8 10:18.0 11:16.7 12:18.0 13:18.4 14:17.5 15:17.5 16:17.5 17:17.5 18:17.7 19:18.9 20:19.0 21:18.6 22:17.0 23:16.2 24:17.5 25:17.9 26:17.6 27:18.0 28:17.4 29:16.9 30:17.8 31:18.1 32:17.8 33:17.9 34:17.7 35:19.2 36:19.6 37:18.9 38:19.6 39:18.9 | mean 18.0
0824 02:36:24 ds4-server: chat ctx=720..770:50 gen=600 THINKING decoding chunk=16.34 t/s avg=17.30 t/s 34.683s
0824 02:36:27 ds4-server: chat ctx=770..820:50 gen=650 THINKING decoding chunk=16.12 t/s avg=17.20 t/s 37.784s
ds4: qwen35moe experts/token avg over 128 tokens: 0:16.8 1:17.9 2:17.6 3:18.6 4:18.4 5:18.8 6:19.1 7:18.9 8:19.3 9:18.7 10:18.2 11:17.5 12:18.4 13:18.7 14:18.6 15:18.2 16:18.5 17:18.0 18:18.1 19:19.1 20:19.0 21:19.1 22:17.5 23:17.4 24:17.5 25:18.2 26:18.4 27:18.2 28:18.4 29:18.1 30:19.1 31:19.2 32:18.5 33:18.2 34:18.8 35:19.9 36:19.8 37:19.6 38:19.9 39:19.7 | mean 18.5
0824 02:36:30 ds4-server: chat ctx=820..870:50 gen=700 THINKING decoding chunk=16.09 t/s avg=17.12 t/s 40.892s
0824 02:36:33 ds4-server: chat ctx=870..920:50 gen=750 THINKING decoding chunk=15.96 t/s avg=17.04 t/s 44.025s
0824 02:36:36 ds4-server: chat ctx=920..970:50 gen=800 THINKING decoding chunk=16.17 t/s avg=16.98 t/s 47.117s
ds4: qwen35moe experts/token avg over 128 tokens: 0:16.1 1:17.2 2:16.8 3:17.9 4:18.0 5:18.2 6:18.4 7:18.7 8:18.9 9:18.3 10:17.8 11:17.0 12:18.1 13:18.6 14:18.0 15:18.3 16:18.7 17:17.4 18:17.3 19:18.5 20:18.4 21:18.5 22:17.1 23:17.0 24:17.4 25:18.0 26:17.8 27:17.6 28:17.9 29:17.9 30:18.2 31:18.4 32:17.8 33:18.2 34:18.2 35:19.1 36:19.1 37:19.0 38:19.6 39:18.9 | mean 18.1
0824 02:36:39 ds4-server: chat ctx=970..1020:50 gen=850 THINKING decoding chunk=16.28 t/s avg=16.94 t/s 50.189s
0824 02:36:42 ds4-server: chat ctx=1020..1070:50 gen=900 THINKING decoding chunk=15.94 t/s avg=16.88 t/s 53.325s
0824 02:36:46 ds4-server: chat ctx=1070..1120:50 gen=950 THINKING decoding chunk=16.01 t/s avg=16.83 t/s 56.447s
ds4: qwen35moe experts/token avg over 128 tokens: 0:16.2 1:17.5 2:17.2 3:17.9 4:18.0 5:18.4 6:19.0 7:18.8 8:19.4 9:18.7 10:17.8 11:17.0 12:18.2 13:18.1 14:18.1 15:17.7 16:18.0 17:17.9 18:17.4 19:18.5 20:18.9 21:18.5 22:16.6 23:16.4 24:16.9 25:17.4 26:17.2 27:17.1 28:17.3 29:16.9 30:18.0 31:17.6 32:17.3 33:17.2 34:17.5 35:19.1 36:18.9 37:18.2 38:19.4 39:18.0 | mean 17.9
0824 02:36:49 ds4-server: chat ctx=1120..1170:50 gen=1000 THINKING decoding chunk=15.92 t/s avg=16.78 t/s 59.588s
0824 02:36:52 ds4-server: chat ctx=1170..1220:50 gen=1050 THINKING decoding chunk=16.62 t/s avg=16.77 t/s 62.595s
ds4: qwen35moe experts/token avg over 128 tokens: 0:14.6 1:15.1 2:14.9 3:16.3 4:16.4 5:15.6 6:15.8 7:16.0 8:16.9 9:16.7 10:15.4 11:15.0 12:16.2 13:15.7 14:15.7 15:15.7 16:16.2 17:15.7 18:15.4 19:15.9 20:17.2 21:16.4 22:15.1 23:15.2 24:15.9 25:15.5 26:15.6 27:15.7 28:15.6 29:16.1 30:15.8 31:16.5 32:15.5 33:15.5 34:15.4 35:16.8 36:17.7 37:17.3 38:18.2 39:17.1 | mean 16.0
0824 02:36:55 ds4-server: chat ctx=1220..1270:50 gen=1100 THINKING decoding chunk=16.18 t/s avg=16.75 t/s 65.685s
0824 02:36:58 ds4-server: chat ctx=1270..1320:50 gen=1150 THINKING decoding chunk=15.59 t/s avg=16.69 t/s 68.891s
0824 02:37:01 ds4-server: chat ctx=1320..1370:50 gen=1200 THINKING decoding chunk=15.46 t/s avg=16.64 t/s 72.126s
ds4: qwen35moe experts/token avg over 128 tokens: 0:14.5 1:15.6 2:16.2 3:17.5 4:17.1 5:17.9 6:17.5 7:18.1 8:18.3 9:17.9 10:16.5 11:16.2 12:17.9 13:16.9 14:17.4 15:17.7 16:18.3 17:17.4 18:18.0 19:17.9 20:18.2 21:18.2 22:17.2 23:18.2 24:18.5 25:17.9 26:18.2 27:17.8 28:18.3 29:18.3 30:18.2 31:18.8 32:18.8 33:19.3 34:19.1 35:19.2 36:19.4 37:19.8 38:19.8 39:19.7 | mean 17.9
0824 02:37:04 ds4-server: chat ctx=1370..1420:50 gen=1250 THINKING decoding chunk=15.81 t/s avg=16.60 t/s 75.288s
0824 02:37:08 ds4-server: chat ctx=1420..1470:50 gen=1300 THINKING decoding chunk=15.22 t/s avg=16.55 t/s 78.572s
ds4: qwen35moe experts/token avg over 128 tokens: 0:15.6 1:15.5 2:16.0 3:17.5 4:17.1 5:17.7 6:17.3 7:18.0 8:18.1 9:18.0 10:16.7 11:16.2 12:17.4 13:16.8 14:17.3 15:17.1 16:17.1 17:16.8 18:16.8 19:17.4 20:17.8 21:17.8 22:16.6 23:16.7 24:16.9 25:17.4 26:17.1 27:17.0 28:17.2 29:17.2 30:17.7 31:17.5 32:17.4 33:17.5 34:17.5 35:18.1 36:18.3 37:18.6 38:19.1 39:18.3 | mean 17.3
0824 02:37:11 ds4-server: chat ctx=1470..1520:50 gen=1350 THINKING decoding chunk=16.07 t/s avg=16.53 t/s 81.685s
0824 02:37:14 ds4-server: chat ctx=1520..1570:50 gen=1400 THINKING decoding chunk=16.09 t/s avg=16.51 t/s 84.792s
0824 02:37:17 ds4-server: chat ctx=1570..1620:50 gen=1450 THINKING decoding chunk=16.10 t/s avg=16.50 t/s 87.898s
ds4: qwen35moe experts/token avg over 128 tokens: 0:14.1 1:14.0 2:14.8 3:15.4 4:15.5 5:14.7 6:15.5 7:15.5 8:16.4 9:15.9 10:14.5 11:14.8 12:15.3 13:14.1 14:15.6 15:14.6 16:15.7 17:14.9 18:14.8 19:15.0 20:16.3 21:15.4 22:14.7 23:15.0 24:15.1 25:14.5 26:15.4 27:14.9 28:15.5 29:14.5 30:14.7 31:14.9 32:15.3 33:14.1 34:14.0 35:15.2 36:16.2 37:15.8 38:17.4 39:16.0 | mean 15.2
0824 02:37:20 ds4-server: chat ctx=1620..1670:50 gen=1500 THINKING decoding chunk=16.04 t/s avg=16.48 t/s 91.015s
0824 02:37:23 ds4-server: chat ctx=1670..1720:50 gen=1550 THINKING decoding chunk=15.06 t/s avg=16.43 t/s 94.334s
ds4: qwen35moe experts/token avg over 128 tokens: 0:15.0 1:15.6 2:15.5 3:16.9 4:16.8 5:16.7 6:17.2 7:17.5 8:18.0 9:17.4 10:16.0 11:16.1 12:16.6 13:16.8 14:16.8 15:16.7 16:17.1 17:16.8 18:16.9 19:17.1 20:17.2 21:16.7 22:16.5 23:16.5 24:16.5 25:16.9 26:16.8 27:16.3 28:16.7 29:16.4 30:16.9 31:17.3 32:17.2 33:16.2 34:16.6 35:17.1 36:17.9 37:17.7 38:18.7 39:17.3 | mean 16.8
0824 02:37:27 ds4-server: chat ctx=1720..1770:50 gen=1600 THINKING decoding chunk=15.48 t/s avg=16.40 t/s 97.564s
0824 02:37:30 ds4-server: chat ctx=1770..1820:50 gen=1650 THINKING decoding chunk=15.15 t/s avg=16.36 t/s 100.864s
0824 02:37:33 ds4-server: chat ctx=1820..1870:50 gen=1700 THINKING decoding chunk=14.75 t/s avg=16.31 t/s 104.254s
ds4: qwen35moe experts/token avg over 128 tokens: 0:15.0 1:15.4 2:16.1 3:17.2 4:17.0 5:17.2 6:17.2 7:17.9 8:17.8 9:17.7 10:16.3 11:16.4 12:17.4 13:17.2 14:17.1 15:17.3 16:17.6 17:17.0 18:17.0 19:17.5 20:17.8 21:17.9 22:16.7 23:17.0 24:17.0 25:17.4 26:17.0 27:17.0 28:16.9 29:17.4 30:17.1 31:17.7 32:17.5 33:17.4 34:17.5 35:18.2 36:18.4 37:18.4 38:18.7 39:18.6 | mean 17.3
0824 02:37:37 ds4-server: chat ctx=1870..1920:50 gen=1750 THINKING decoding chunk=15.67 t/s avg=16.29 t/s 107.444s
0824 02:37:40 ds4-server: chat ctx=1920..1970:50 gen=1800 THINKING decoding chunk=15.54 t/s avg=16.27 t/s 110.662s
0824 02:37:43 ds4-server: chat ctx=1970..2020:50 gen=1850 THINKING decoding chunk=14.56 t/s avg=16.21 t/s 114.096s
ds4: qwen35moe experts/token avg over 128 tokens: 0:15.1 1:15.5 2:15.6 3:16.7 4:16.6 5:16.7 6:17.2 7:17.2 8:17.8 9:17.3 10:16.2 11:16.2 12:16.8 13:16.2 14:16.9 15:16.8 16:16.5 17:16.2 18:16.1 19:16.7 20:17.1 21:17.1 22:16.2 23:16.3 24:16.3 25:16.3 26:16.4 27:16.1 28:16.2 29:16.4 30:16.0 31:16.9 32:16.4 33:16.2 34:16.2 35:16.8 36:17.6 37:17.5 38:18.4 39:17.2 | mean 16.6
0824 02:37:47 ds4-server: chat ctx=2020..2070:50 gen=1900 THINKING decoding chunk=14.81 t/s avg=16.17 t/s 117.472s
0824 02:37:50 ds4-server: chat ctx=2070..2120:50 gen=1950 THINKING decoding chunk=15.00 t/s avg=16.14 t/s 120.806s
ds4: qwen35moe experts/token avg over 128 tokens: 0:14.5 1:15.5 2:15.2 3:16.7 4:16.8 5:16.2 6:16.7 7:16.6 8:17.4 9:17.0 10:15.4 11:15.5 12:16.7 13:16.2 14:16.9 15:15.8 16:16.9 17:15.9 18:16.5 19:15.9 20:17.8 21:16.5 22:15.6 23:15.9 24:16.1 25:15.9 26:17.0 27:16.1 28:16.9 29:16.3 30:16.5 31:16.7 32:16.6 33:16.1 34:16.1 35:16.8 36:17.5 37:17.8 38:18.2 39:17.4 | mean 16.5
0824 02:37:53 ds4-server: chat ctx=2120..2170:50 gen=2000 THINKING decoding chunk=15.29 t/s avg=16.12 t/s 124.076s
0824 02:37:57 ds4-server: chat ctx=2170..2220:50 gen=2050 THINKING decoding chunk=14.49 t/s avg=16.08 t/s 127.525s
0824 02:38:00 ds4-server: chat ctx=2220..2270:50 gen=2100 THINKING decoding chunk=14.25 t/s avg=16.03 t/s 131.035s
ds4: qwen35moe experts/token avg over 128 tokens: 0:14.5 1:15.4 2:15.7 3:17.3 4:17.5 5:17.7 6:17.5 7:17.8 8:18.0 9:17.7 10:16.5 11:16.5 12:17.7 13:17.1 14:18.3 15:17.9 16:18.8 17:17.7 18:18.0 19:17.7 20:18.5 21:18.2 22:17.0 23:17.4 24:18.4 25:18.0 26:18.2 27:17.7 28:18.4 29:18.2 30:18.0 31:18.4 32:18.2 33:18.6 34:18.2 35:18.7 36:18.9 37:19.0 38:19.4 39:19.2 | mean 17.8
0824 02:38:04 ds4-server: chat ctx=2270..2320:50 gen=2150 THINKING decoding chunk=14.19 t/s avg=15.98 t/s 134.558s
0824 02:38:07 ds4-server: chat ctx=2320..2370:50 gen=2200 THINKING decoding chunk=14.03 t/s avg=15.93 t/s 138.122s
ds4: qwen35moe experts/token avg over 128 tokens: 0:15.4 1:16.1 2:16.6 3:17.7 4:17.5 5:17.8 6:17.6 7:18.1 8:18.1 9:17.4 10:17.1 11:16.5 12:17.5 13:17.5 14:18.1 15:18.0 16:18.4 17:18.0 18:17.9 19:17.8 20:18.4 21:17.8 22:17.8 23:17.2 24:17.9 25:18.2 26:18.0 27:17.6 28:18.2 29:18.5 30:18.1 31:18.6 32:17.9 33:18.4 34:18.7 35:18.7 36:19.1 37:19.0 38:19.3 39:19.0 | mean 17.9
0824 02:38:11 ds4-server: chat ctx=2370..2420:50 gen=2250 THINKING decoding chunk=14.71 t/s avg=15.90 t/s 141.520s
0824 02:38:14 ds4-server: chat ctx=2420..2470:50 gen=2300 THINKING decoding chunk=14.20 t/s avg=15.86 t/s 145.041s
0824 02:38:18 ds4-server: chat ctx=2470..2520:50 gen=2350 THINKING decoding chunk=13.99 t/s avg=15.81 t/s 148.615s
ds4: qwen35moe experts/token avg over 128 tokens: 0:16.3 1:17.9 2:16.7 3:18.0 4:18.4 5:18.4 6:18.3 7:19.0 8:19.5 9:19.0 10:18.2 11:17.2 12:18.8 13:19.1 14:18.7 15:18.4 16:18.5 17:17.9 18:17.9 19:18.6 20:19.2 21:19.2 22:17.8 23:16.6 24:17.8 25:18.0 26:17.8 27:17.7 28:17.8 29:17.2 30:18.4 31:17.6 32:17.3 33:17.1 34:17.5 35:18.9 36:19.0 37:18.6 38:19.1 39:18.1 | mean 18.1
0824 02:38:21 ds4-server: chat ctx=2520..2570:50 gen=2400 THINKING decoding chunk=13.89 t/s avg=15.77 t/s 152.215s
0824 02:38:25 ds4-server: chat ctx=2570..2620:50 gen=2450 THINKING decoding chunk=13.89 t/s avg=15.72 t/s 155.815s
ds4: qwen35moe experts/token avg over 128 tokens: 0:16.2 1:18.0 2:17.1 3:18.4 4:18.2 5:18.8 6:19.3 7:19.4 8:19.5 9:18.8 10:18.7 11:17.9 12:19.0 13:19.0 14:18.6 15:18.6 16:18.7 17:18.2 18:18.0 19:18.7 20:19.2 21:18.9 22:17.8 23:17.4 24:17.6 25:18.0 26:18.5 27:18.4 28:18.1 29:18.3 30:19.2 31:19.0 32:18.8 33:19.1 34:19.2 35:19.5 36:19.6 37:19.5 38:19.8 39:19.4 | mean 18.6
0824 02:38:29 ds4-server: chat ctx=2620..2670:50 gen=2500 THINKING decoding chunk=13.70 t/s avg=15.68 t/s 159.463s
0824 02:38:32 ds4-server: chat ctx=2670..2720:50 gen=2550 THINKING decoding chunk=13.66 t/s avg=15.63 t/s 163.123s
0824 02:38:36 ds4-server: chat ctx=2720..2770:50 gen=2600 THINKING decoding chunk=14.30 t/s avg=15.60 t/s 166.619s
ds4: qwen35moe experts/token avg over 128 tokens: 0:15.7 1:16.7 2:16.1 3:17.6 4:17.2 5:17.3 6:17.5 7:17.7 8:18.3 9:17.8 10:17.1 11:17.1 12:17.6 13:17.3 14:17.5 15:17.7 16:17.4 17:17.4 18:17.3 19:17.7 20:18.1 21:17.9 22:17.1 23:16.9 24:17.2 25:17.3 26:17.6 27:17.1 28:17.3 29:17.6 30:17.7 31:18.0 32:17.7 33:17.3 34:17.6 35:18.2 36:18.6 37:18.7 38:18.8 39:17.9 | mean 17.5
0824 02:38:39 ds4-server: chat ctx=2770..2820:50 gen=2650 THINKING decoding chunk=13.82 t/s avg=15.57 t/s 170.237s
0824 02:38:43 ds4-server: chat ctx=2820..2870:50 gen=2700 THINKING decoding chunk=13.55 t/s avg=15.52 t/s 173.927s
ds4: qwen35moe experts/token avg over 128 tokens: 0:14.8 1:15.9 2:16.6 3:18.0 4:18.0 5:18.7 6:18.6 7:18.5 8:18.3 9:17.6 10:16.8 11:16.9 12:17.7 13:18.1 14:19.1 15:19.3 16:19.6 17:19.3 18:19.4 19:19.4 20:19.5 21:19.4 22:18.9 23:18.8 24:19.3 25:19.1 26:19.1 27:18.7 28:19.3 29:19.4 30:19.3 31:19.5 32:19.4 33:19.7 34:19.7 35:19.7 36:19.8 37:19.9 38:20.0 39:19.9 | mean 18.7
0824 02:38:47 ds4-server: chat ctx=2870..2920:50 gen=2750 THINKING decoding chunk=13.59 t/s avg=15.48 t/s 177.607s
0824 02:38:50 ds4-server: chat ctx=2920..2970:50 gen=2800 THINKING decoding chunk=13.34 t/s avg=15.44 t/s 181.357s
0824 02:38:54 ds4-server: chat ctx=2970..3020:50 gen=2850 THINKING decoding chunk=14.05 t/s avg=15.41 t/s 184.917s
ds4: qwen35moe experts/token avg over 128 tokens: 0:15.9 1:16.2 2:16.2 3:17.4 4:17.2 5:17.4 6:17.6 7:17.7 8:18.6 9:17.6 10:17.1 11:16.7 12:17.5 13:17.2 14:17.3 15:17.8 16:17.4 17:17.2 18:17.1 19:17.3 20:18.0 21:17.3 22:17.1 23:17.0 24:16.7 25:17.2 26:17.1 27:17.0 28:17.4 29:16.8 30:17.0 31:17.2 32:17.4 33:17.1 34:17.3 35:17.9 36:18.3 37:18.1 38:18.9 39:18.0 | mean 17.3
0824 02:38:58 ds4-server: chat ctx=3020..3070:50 gen=2900 decoding chunk=13.88 t/s avg=15.38 t/s 188.520s
0824 02:39:01 ds4-server: chat ctx=3070..3120:50 gen=2950 decoding chunk=13.28 t/s avg=15.34 t/s 192.285s
0824 02:39:05 ds4-server: chat ctx=3120..3170:50 gen=3000 decoding chunk=13.21 t/s avg=15.30 t/s 196.070s
ds4: qwen35moe experts/token avg over 128 tokens: 0:14.9 1:15.7 2:16.6 3:17.7 4:17.8 5:18.2 6:18.1 7:18.1 8:18.1 9:17.6 10:16.9 11:16.5 12:17.6 13:18.1 14:18.6 15:18.7 16:18.8 17:18.6 18:18.6 19:18.9 20:19.1 21:18.5 22:18.3 23:18.2 24:18.5 25:18.7 26:18.8 27:18.6 28:18.8 29:19.0 30:18.8 31:19.0 32:19.1 33:19.1 34:19.3 35:19.5 36:19.8 37:19.6 38:19.6 39:19.5 | mean 18.4
0824 02:39:09 ds4-server: chat ctx=3170..3220:50 gen=3050 decoding chunk=13.21 t/s avg=15.26 t/s 199.854s
0824 02:39:12 ds4-server: chat ctx=3220..3255:35 gen=3085 decoding chunk=13.04 t/s avg=15.23 t/s 202.538s
0824 02:39:12 ds4-server: thinking live checkpoint remembered ctx=0..170:170 live=3255 visible=1305
0824 02:39:12 ds4-server: chat ctx=0..170:170 gen=3085 finish=stop 212.076s
0824 02:39:14 ds4-server: live kv cache miss live=3255 prompt=122 common=37 reason=token-mismatch
0824 02:39:14 ds4-server: chat ctx=0..122:122 prompt start
0824 02:39:14 ds4-server: chat ctx=0..122:122 prefill chunk 1/122 (0.8%) chunk=0.00 t/s avg=3.07 t/s 0.326s
0824 02:39:14 ds4-server: chat ctx=0..122:122 prefill chunk 2/122 (1.6%) chunk=19.11 t/s avg=5.29 t/s 0.378s
0824 02:39:15 ds4-server: chat ctx=0..122:122 prefill chunk 3/122 (2.5%) chunk=19.95 t/s avg=7.00 t/s 0.428s
0824 02:39:15 ds4-server: chat ctx=0..122:122 prefill chunk 4/122 (3.3%) chunk=18.99 t/s avg=8.31 t/s 0.481s
0824 02:39:15 ds4-server: chat ctx=0..122:122 prefill chunk 5/122 (4.1%) chunk=19.16 t/s avg=9.38 t/s 0.533s
0824 02:39:15 ds4-server: chat ctx=0..122:122 prefill chunk 6/122 (4.9%) chunk=19.07 t/s avg=10.24 t/s 0.586s
0824 02:39:15 ds4-server: chat ctx=0..122:122 prefill chunk 7/122 (5.7%) chunk=19.15 t/s avg=10.97 t/s 0.638s
0824 02:39:15 ds4-server: chat ctx=0..122:122 prefill chunk 8/122 (6.6%) chunk=18.76 t/s avg=11.57 t/s 0.691s
0824 02:39:15 ds4-server: chat ctx=0..122:122 prefill chunk 9/122 (7.4%) chunk=18.94 t/s avg=12.10 t/s 0.744s
0824 02:39:15 ds4-server: chat ctx=0..122:122 prefill chunk 10/122 (8.2%) chunk=19.42 t/s avg=12.57 t/s 0.796s
0824 02:39:15 ds4-server: chat ctx=0..122:122 prefill chunk 11/122 (9.0%) chunk=18.76 t/s avg=12.96 t/s 0.849s
0824 02:39:15 ds4-server: chat ctx=0..122:122 prefill chunk 12/122 (9.8%) chunk=19.34 t/s avg=13.33 t/s 0.901s
0824 02:39:15 ds4-server: chat ctx=0..122:122 prefill chunk 13/122 (10.7%) chunk=19.18 t/s avg=13.65 t/s 0.953s
0824 02:39:15 ds4-server: chat ctx=0..122:122 prefill chunk 14/122 (11.5%) chunk=19.54 t/s avg=13.95 t/s 1.004s
0824 02:39:15 ds4-server: chat ctx=0..122:122 prefill chunk 15/122 (12.3%) chunk=19.09 t/s avg=14.20 t/s 1.056s
0824 02:39:15 ds4-server: chat ctx=0..122:122 prefill chunk 16/122 (13.1%) chunk=18.49 t/s avg=14.41 t/s 1.110s
0824 02:39:15 ds4-server: chat ctx=0..122:122 prefill chunk 17/122 (13.9%) chunk=19.35 t/s avg=14.63 t/s 1.162s
0824 02:39:15 ds4-server: chat ctx=0..122:122 prefill chunk 18/122 (14.8%) chunk=18.09 t/s avg=14.79 t/s 1.217s
0824 02:39:15 ds4-server: chat ctx=0..122:122 prefill chunk 19/122 (15.6%) chunk=19.34 t/s avg=14.97 t/s 1.269s
0824 02:39:15 ds4-server: chat ctx=0..122:122 prefill chunk 20/122 (16.4%) chunk=18.73 t/s avg=15.12 t/s 1.322s
0824 02:39:15 ds4-server: chat ctx=0..122:122 prefill chunk 21/122 (17.2%) chunk=19.09 t/s avg=15.28 t/s 1.375s
0824 02:39:16 ds4-server: chat ctx=0..122:122 prefill chunk 22/122 (18.0%) chunk=18.37 t/s avg=15.39 t/s 1.429s
0824 02:39:16 ds4-server: chat ctx=0..122:122 prefill chunk 23/122 (18.9%) chunk=18.61 t/s avg=15.51 t/s 1.483s
0824 02:39:16 ds4-server: chat ctx=0..122:122 prefill chunk 24/122 (19.7%) chunk=19.68 t/s avg=15.65 t/s 1.534s
0824 02:39:16 ds4-server: chat ctx=0..122:122 prefill chunk 25/122 (20.5%) chunk=18.35 t/s avg=15.74 t/s 1.588s
0824 02:39:16 ds4-server: chat ctx=0..122:122 prefill chunk 26/122 (21.3%) chunk=19.21 t/s avg=15.85 t/s 1.640s
0824 02:39:16 ds4-server: chat ctx=0..122:122 prefill chunk 27/122 (22.1%) chunk=18.32 t/s avg=15.93 t/s 1.695s
0824 02:39:16 ds4-server: chat ctx=0..122:122 prefill chunk 28/122 (23.0%) chunk=17.89 t/s avg=15.99 t/s 1.751s
0824 02:39:16 ds4-server: chat ctx=0..122:122 prefill chunk 29/122 (23.8%) chunk=18.83 t/s avg=16.08 t/s 1.804s
0824 02:39:16 ds4-server: chat ctx=0..122:122 prefill chunk 30/122 (24.6%) chunk=18.89 t/s avg=16.16 t/s 1.857s
0824 02:39:16 ds4-server: chat ctx=0..122:122 prefill chunk 31/122 (25.4%) chunk=19.76 t/s avg=16.25 t/s 1.907s
0824 02:39:16 ds4-server: chat ctx=0..122:122 prefill chunk 32/122 (26.2%) chunk=19.34 t/s avg=16.33 t/s 1.959s
0824 02:39:16 ds4-server: chat ctx=0..122:122 prefill chunk 33/122 (27.0%) chunk=18.74 t/s avg=16.40 t/s 2.013s
0824 02:39:16 ds4-server: chat ctx=0..122:122 prefill chunk 34/122 (27.9%) chunk=18.95 t/s avg=16.46 t/s 2.065s
0824 02:39:16 ds4-server: chat ctx=0..122:122 prefill chunk 35/122 (28.7%) chunk=18.22 t/s avg=16.51 t/s 2.120s
0824 02:39:16 ds4-server: chat ctx=0..122:122 prefill chunk 36/122 (29.5%) chunk=19.47 t/s avg=16.58 t/s 2.172s
0824 02:39:16 ds4-server: chat ctx=0..122:122 prefill chunk 37/122 (30.3%) chunk=18.91 t/s avg=16.63 t/s 2.224s
0824 02:39:16 ds4-server: chat ctx=0..122:122 prefill chunk 38/122 (31.1%) chunk=18.67 t/s avg=16.68 t/s 2.278s
0824 02:39:16 ds4-server: chat ctx=0..122:122 prefill chunk 39/122 (32.0%) chunk=19.59 t/s avg=16.74 t/s 2.329s
0824 02:39:16 ds4-server: chat ctx=0..122:122 prefill chunk 40/122 (32.8%) chunk=18.45 t/s avg=16.78 t/s 2.383s
0824 02:39:17 ds4-server: chat ctx=0..122:122 prefill chunk 41/122 (33.6%) chunk=18.42 t/s avg=16.82 t/s 2.438s
0824 02:39:17 ds4-server: chat ctx=0..122:122 prefill chunk 42/122 (34.4%) chunk=17.79 t/s avg=16.84 t/s 2.494s
0824 02:39:17 ds4-server: chat ctx=0..122:122 prefill chunk 43/122 (35.2%) chunk=17.50 t/s avg=16.86 t/s 2.551s
0824 02:39:17 ds4-server: chat ctx=0..122:122 prefill chunk 44/122 (36.1%) chunk=17.96 t/s avg=16.88 t/s 2.607s
0824 02:39:17 ds4-server: chat ctx=0..122:122 prefill chunk 45/122 (36.9%) chunk=17.53 t/s avg=16.89 t/s 2.664s
0824 02:39:17 ds4-server: chat ctx=0..122:122 prefill chunk 46/122 (37.7%) chunk=17.19 t/s avg=16.90 t/s 2.722s
ds4: qwen35moe experts/token avg over 128 tokens: 0:15.4 1:15.5 2:16.4 3:16.6 4:16.6 5:16.4 6:17.0 7:17.0 8:17.4 9:17.1 10:16.7 11:16.6 12:17.3 13:17.0 14:17.7 15:17.8 16:17.9 17:17.4 18:17.7 19:17.6 20:18.0 21:17.6 22:17.6 23:17.4 24:17.7 25:17.6 26:17.5 27:17.9 28:17.8 29:18.2 30:18.2 31:18.1 32:18.3 33:18.5 34:18.6 35:19.4 36:19.6 37:19.4 38:19.5 39:19.2 | mean 17.6
0824 02:39:17 ds4-server: chat ctx=0..122:122 prefill chunk 47/122 (38.5%) chunk=17.48 t/s avg=16.91 t/s 2.779s
0824 02:39:17 ds4-server: chat ctx=0..122:122 prefill chunk 48/122 (39.3%) chunk=18.15 t/s avg=16.94 t/s 2.834s
0824 02:39:17 ds4-server: chat ctx=0..122:122 prefill chunk 49/122 (40.2%) chunk=18.92 t/s avg=16.97 t/s 2.887s
0824 02:39:17 ds4-server: chat ctx=0..122:122 prefill chunk 50/122 (41.0%) chunk=17.74 t/s avg=16.99 t/s 2.943s
0824 02:39:17 ds4-server: chat ctx=0..122:122 prefill chunk 51/122 (41.8%) chunk=19.66 t/s avg=17.03 t/s 2.994s
0824 02:39:17 ds4-server: chat ctx=0..122:122 prefill chunk 52/122 (42.6%) chunk=19.36 t/s avg=17.07 t/s 3.046s
0824 02:39:17 ds4-server: chat ctx=0..122:122 prefill chunk 53/122 (43.4%) chunk=19.57 t/s avg=17.11 t/s 3.097s
0824 02:39:17 ds4-server: chat ctx=0..122:122 prefill chunk 54/122 (44.3%) chunk=19.04 t/s avg=17.15 t/s 3.149s
0824 02:39:17 ds4-server: chat ctx=0..122:122 prefill chunk 55/122 (45.1%) chunk=18.66 t/s avg=17.17 t/s 3.203s
0824 02:39:17 ds4-server: chat ctx=0..122:122 prefill chunk 56/122 (45.9%) chunk=18.43 t/s avg=17.19 t/s 3.257s
0824 02:39:17 ds4-server: chat ctx=0..122:122 prefill chunk 57/122 (46.7%) chunk=18.84 t/s avg=17.22 t/s 3.310s
0824 02:39:17 ds4-server: chat ctx=0..122:122 prefill chunk 58/122 (47.5%) chunk=19.11 t/s avg=17.25 t/s 3.363s
0824 02:39:18 ds4-server: chat ctx=0..122:122 prefill chunk 59/122 (48.4%) chunk=18.59 t/s avg=17.27 t/s 3.416s
0824 02:39:18 ds4-server: chat ctx=0..122:122 prefill chunk 60/122 (49.2%) chunk=19.44 t/s avg=17.30 t/s 3.468s
0824 02:39:18 ds4-server: chat ctx=0..122:122 prefill chunk 61/122 (50.0%) chunk=18.78 t/s avg=17.32 t/s 3.521s
0824 02:39:18 ds4-server: chat ctx=0..122:122 prefill chunk 62/122 (50.8%) chunk=19.00 t/s avg=17.35 t/s 3.574s
0824 02:39:18 ds4-server: chat ctx=0..122:122 prefill chunk 63/122 (51.6%) chunk=18.87 t/s avg=17.37 t/s 3.627s
0824 02:39:18 ds4-server: chat ctx=0..122:122 prefill chunk 64/122 (52.5%) chunk=18.00 t/s avg=17.38 t/s 3.682s
0824 02:39:18 ds4-server: chat ctx=0..122:122 prefill chunk 65/122 (53.3%) chunk=19.40 t/s avg=17.41 t/s 3.734s
0824 02:39:18 ds4-server: chat ctx=0..122:122 prefill chunk 66/122 (54.1%) chunk=18.25 t/s avg=17.42 t/s 3.789s
0824 02:39:18 ds4-server: chat ctx=0..122:122 prefill chunk 67/122 (54.9%) chunk=19.21 t/s avg=17.44 t/s 3.841s
0824 02:39:18 ds4-server: chat ctx=0..122:122 prefill chunk 68/122 (55.7%) chunk=18.83 t/s avg=17.46 t/s 3.894s
0824 02:39:18 ds4-server: chat ctx=0..122:122 prefill chunk 69/122 (56.6%) chunk=18.62 t/s avg=17.48 t/s 3.948s
0824 02:39:18 ds4-server: chat ctx=0..122:122 prefill chunk 70/122 (57.4%) chunk=18.99 t/s avg=17.50 t/s 4.000s
0824 02:39:18 ds4-server: chat ctx=0..122:122 prefill chunk 71/122 (58.2%) chunk=18.20 t/s avg=17.51 t/s 4.055s
0824 02:39:18 ds4-server: chat ctx=0..122:122 prefill chunk 72/122 (59.0%) chunk=19.13 t/s avg=17.53 t/s 4.107s
0824 02:39:18 ds4-server: chat ctx=0..122:122 prefill chunk 73/122 (59.8%) chunk=18.68 t/s avg=17.54 t/s 4.161s
0824 02:39:18 ds4-server: chat ctx=0..122:122 prefill chunk 74/122 (60.7%) chunk=18.39 t/s avg=17.55 t/s 4.215s
0824 02:39:18 ds4-server: chat ctx=0..122:122 prefill chunk 75/122 (61.5%) chunk=19.12 t/s avg=17.57 t/s 4.268s
0824 02:39:18 ds4-server: chat ctx=0..122:122 prefill chunk 76/122 (62.3%) chunk=18.39 t/s avg=17.58 t/s 4.322s
0824 02:39:18 ds4-server: chat ctx=0..122:122 prefill chunk 77/122 (63.1%) chunk=18.30 t/s avg=17.59 t/s 4.377s
0824 02:39:19 ds4-server: chat ctx=0..122:122 prefill chunk 78/122 (63.9%) chunk=18.74 t/s avg=17.61 t/s 4.430s
0824 02:39:19 ds4-server: chat ctx=0..122:122 prefill chunk 79/122 (64.8%) chunk=18.32 t/s avg=17.62 t/s 4.485s
0824 02:39:19 ds4-server: chat ctx=0..122:122 prefill chunk 80/122 (65.6%) chunk=18.79 t/s avg=17.63 t/s 4.538s
0824 02:39:19 ds4-server: chat ctx=0..122:122 prefill chunk 81/122 (66.4%) chunk=18.35 t/s avg=17.64 t/s 4.592s
0824 02:39:19 ds4-server: chat ctx=0..122:122 prefill chunk 82/122 (67.2%) chunk=17.76 t/s avg=17.64 t/s 4.649s
0824 02:39:19 ds4-server: chat ctx=0..122:122 prefill chunk 83/122 (68.0%) chunk=19.30 t/s avg=17.66 t/s 4.700s
0824 02:39:19 ds4-server: chat ctx=0..122:122 prefill chunk 84/122 (68.9%) chunk=17.52 t/s avg=17.66 t/s 4.758s
0824 02:39:19 ds4-server: chat ctx=0..122:122 prefill chunk 85/122 (69.7%) chunk=18.09 t/s avg=17.66 t/s 4.813s
0824 02:39:19 ds4-server: chat ctx=0..122:122 prefill chunk 86/122 (70.5%) chunk=18.28 t/s avg=17.67 t/s 4.867s
0824 02:39:19 ds4-server: chat ctx=0..122:122 prefill chunk 87/122 (71.3%) chunk=18.05 t/s avg=17.67 t/s 4.923s
0824 02:39:19 ds4-server: chat ctx=0..122:122 prefill chunk 88/122 (72.1%) chunk=17.42 t/s avg=17.67 t/s 4.980s
0824 02:39:19 ds4-server: chat ctx=0..122:122 prefill chunk 89/122 (73.0%) chunk=18.30 t/s avg=17.68 t/s 5.035s
0824 02:39:19 ds4-server: chat ctx=0..122:122 prefill chunk 90/122 (73.8%) chunk=18.22 t/s avg=17.68 t/s 5.090s
0824 02:39:19 ds4-server: chat ctx=0..122:122 prefill chunk 91/122 (74.6%) chunk=17.50 t/s avg=17.68 t/s 5.147s
0824 02:39:19 ds4-server: chat ctx=0..122:122 prefill chunk 92/122 (75.4%) chunk=19.17 t/s avg=17.70 t/s 5.199s
0824 02:39:19 ds4-server: chat ctx=0..122:122 prefill chunk 93/122 (76.2%) chunk=18.28 t/s avg=17.70 t/s 5.254s
0824 02:39:19 ds4-server: chat ctx=0..122:122 prefill chunk 94/122 (77.0%) chunk=17.24 t/s avg=17.70 t/s 5.312s
0824 02:39:19 ds4-server: chat ctx=0..122:122 prefill chunk 95/122 (77.9%) chunk=18.42 t/s avg=17.70 t/s 5.366s
0824 02:39:20 ds4-server: chat ctx=0..122:122 prefill chunk 96/122 (78.7%) chunk=17.87 t/s avg=17.71 t/s 5.422s
0824 02:39:20 ds4-server: chat ctx=0..122:122 prefill chunk 97/122 (79.5%) chunk=17.57 t/s avg=17.70 t/s 5.479s
0824 02:39:20 ds4-server: chat ctx=0..122:122 prefill chunk 98/122 (80.3%) chunk=18.16 t/s avg=17.71 t/s 5.534s
0824 02:39:20 ds4-server: chat ctx=0..122:122 prefill chunk 99/122 (81.1%) chunk=18.31 t/s avg=17.71 t/s 5.589s
0824 02:39:20 ds4-server: chat ctx=0..122:122 prefill chunk 100/122 (82.0%) chunk=17.47 t/s avg=17.71 t/s 5.646s
0824 02:39:20 ds4-server: chat ctx=0..122:122 prefill chunk 101/122 (82.8%) chunk=17.98 t/s avg=17.71 t/s 5.702s
0824 02:39:20 ds4-server: chat ctx=0..122:122 prefill chunk 102/122 (83.6%) chunk=16.96 t/s avg=17.71 t/s 5.761s
0824 02:39:20 ds4-server: chat ctx=0..122:122 prefill chunk 103/122 (84.4%) chunk=17.46 t/s avg=17.70 t/s 5.818s
0824 02:39:20 ds4-server: chat ctx=0..122:122 prefill chunk 104/122 (85.2%) chunk=17.00 t/s avg=17.70 t/s 5.877s
0824 02:39:20 ds4-server: chat ctx=0..122:122 prefill chunk 105/122 (86.1%) chunk=17.85 t/s avg=17.70 t/s 5.933s
0824 02:39:20 ds4-server: chat ctx=0..122:122 prefill chunk 106/122 (86.9%) chunk=17.71 t/s avg=17.70 t/s 5.989s
0824 02:39:20 ds4-server: chat ctx=0..122:122 prefill chunk 107/122 (87.7%) chunk=17.84 t/s avg=17.70 t/s 6.045s
0824 02:39:20 ds4-server: chat ctx=0..122:122 prefill chunk 108/122 (88.5%) chunk=17.62 t/s avg=17.70 t/s 6.102s
0824 02:39:20 ds4-server: chat ctx=0..122:122 prefill chunk 109/122 (89.3%) chunk=18.48 t/s avg=17.71 t/s 6.156s
0824 02:39:20 ds4-server: chat ctx=0..122:122 prefill chunk 110/122 (90.2%) chunk=17.05 t/s avg=17.70 t/s 6.215s
0824 02:39:20 ds4-server: chat ctx=0..122:122 prefill chunk 111/122 (91.0%) chunk=17.86 t/s avg=17.70 t/s 6.271s
0824 02:39:20 ds4-server: chat ctx=0..122:122 prefill chunk 112/122 (91.8%) chunk=18.01 t/s avg=17.70 t/s 6.326s
0824 02:39:20 ds4-server: chat ctx=0..122:122 prefill chunk 113/122 (92.6%) chunk=17.32 t/s avg=17.70 t/s 6.384s
0824 02:39:21 ds4-server: chat ctx=0..122:122 prefill chunk 114/122 (93.4%) chunk=19.37 t/s avg=17.71 t/s 6.436s
0824 02:39:21 ds4-server: chat ctx=0..122:122 prefill chunk 115/122 (94.3%) chunk=18.66 t/s avg=17.72 t/s 6.489s
0824 02:39:21 ds4-server: chat ctx=0..122:122 prefill chunk 116/122 (95.1%) chunk=19.31 t/s avg=17.73 t/s 6.541s
0824 02:39:21 ds4-server: chat ctx=0..122:122 prefill chunk 117/122 (95.9%) chunk=18.30 t/s avg=17.74 t/s 6.596s
0824 02:39:21 ds4-server: chat ctx=0..122:122 prefill chunk 118/122 (96.7%) chunk=18.01 t/s avg=17.74 t/s 6.651s
0824 02:39:21 ds4-server: chat ctx=0..122:122 prefill chunk 119/122 (97.5%) chunk=19.50 t/s avg=17.75 t/s 6.702s
0824 02:39:21 ds4-server: chat ctx=0..122:122 prefill chunk 120/122 (98.4%) chunk=17.96 t/s avg=17.76 t/s 6.758s
0824 02:39:21 ds4-server: chat ctx=0..122:122 prefill chunk 121/122 (99.2%) chunk=20.00 t/s avg=17.77 t/s 6.808s
0824 02:39:21 ds4-server: chat ctx=0..122:122 prefill chunk 122/122 (100.0%) chunk=19.93 t/s avg=17.79 t/s 6.858s
0824 02:39:21 ds4-server: chat ctx=0..122:122 prompt done 6.858s
0824 02:39:24 ds4-server: chat ctx=122..172:50 gen=50 THINKING decoding chunk=18.38 t/s avg=18.38 t/s 2.720s
ds4: qwen35moe experts/token avg over 128 tokens: 0:14.4 1:14.3 2:14.5 3:15.6 4:15.2 5:14.9 6:14.9 7:14.7 8:16.0 9:17.4 10:15.1 11:14.8 12:16.2 13:15.2 14:15.8 15:15.6 16:15.3 17:15.0 18:15.8 19:16.3 20:16.0 21:16.6 22:15.5 23:16.0 24:16.2 25:15.8 26:16.2 27:16.0 28:14.6 29:15.6 30:15.9 31:16.7 32:16.3 33:16.0 34:15.9 35:17.6 36:18.9 37:18.8 38:19.0 39:17.7 | mean 16.0
0824 02:39:27 ds4-server: chat ctx=172..222:50 gen=100 THINKING decoding chunk=17.70 t/s avg=18.03 t/s 5.545s
0824 02:39:29 ds4-server: chat ctx=222..272:50 gen=150 THINKING decoding chunk=18.36 t/s avg=18.14 t/s 8.268s
ds4: qwen35moe experts/token avg over 128 tokens: 0:14.3 1:14.8 2:15.0 3:16.1 4:15.7 5:16.5 6:16.0 7:16.3 8:17.5 9:17.8 10:16.0 11:15.1 12:16.4 13:16.0 14:16.3 15:15.7 16:15.6 17:15.3 18:16.0 19:15.4 20:16.2 21:17.3 22:15.2 23:15.9 24:16.7 25:16.1 26:16.6 27:15.6 28:15.3 29:15.9 30:15.3 31:16.0 32:15.7 33:16.4 34:15.8 35:17.2 36:18.2 37:18.2 38:18.9 39:17.7 | mean 16.2
0824 02:39:32 ds4-server: chat ctx=272..322:50 gen=200 THINKING decoding chunk=17.53 t/s avg=17.99 t/s 11.120s
0824 02:39:35 ds4-server: chat ctx=322..372:50 gen=250 THINKING decoding chunk=17.70 t/s avg=17.93 t/s 13.945s
0824 02:39:38 ds4-server: chat ctx=372..422:50 gen=300 THINKING decoding chunk=17.34 t/s avg=17.83 t/s 16.828s
ds4: qwen35moe experts/token avg over 128 tokens: 0:14.8 1:15.9 2:16.0 3:16.7 4:16.6 5:16.9 6:16.5 7:17.1 8:17.5 9:17.6 10:15.6 11:15.9 12:17.0 13:16.6 14:16.7 15:16.1 16:16.9 17:16.4 18:17.2 19:17.0 20:17.6 21:17.5 22:16.6 23:16.5 24:17.2 25:17.5 26:17.1 27:16.5 28:16.7 29:17.8 30:17.5 31:17.6 32:17.5 33:16.8 34:17.5 35:18.2 36:18.3 37:18.7 38:19.2 39:18.8 | mean 17.0
0824 02:39:41 ds4-server: chat ctx=422..472:50 gen=350 THINKING decoding chunk=17.51 t/s avg=17.78 t/s 19.683s
0824 02:39:43 ds4-server: chat ctx=472..522:50 gen=400 THINKING decoding chunk=17.91 t/s avg=17.80 t/s 22.475s
ds4: qwen35moe experts/token avg over 128 tokens: 0:14.0 1:14.3 2:14.5 3:16.2 4:16.2 5:15.8 6:15.7 7:16.5 8:17.1 9:17.2 10:15.2 11:15.4 12:15.8 13:15.2 14:15.9 15:15.5 16:16.1 17:15.6 18:16.0 19:15.8 20:16.9 21:16.6 22:15.1 23:15.6 24:15.2 25:15.3 26:15.6 27:15.4 28:15.8 29:15.6 30:15.6 31:16.1 32:16.0 33:15.5 34:15.6 35:16.6 36:17.2 37:17.5 38:18.1 39:17.0 | mean 15.9
0824 02:39:46 ds4-server: chat ctx=522..572:50 gen=450 THINKING decoding chunk=16.97 t/s avg=17.70 t/s 25.421s
0824 02:39:49 ds4-server: chat ctx=572..622:50 gen=500 THINKING decoding chunk=17.19 t/s avg=17.65 t/s 28.330s
0824 02:39:52 ds4-server: chat ctx=622..672:50 gen=550 THINKING decoding chunk=17.46 t/s avg=17.63 t/s 31.195s
ds4: qwen35moe experts/token avg over 128 tokens: 0:14.5 1:15.2 2:15.7 3:16.7 4:16.5 5:16.6 6:16.6 7:16.9 8:17.0 9:17.4 10:15.8 11:15.7 12:16.8 13:16.5 14:16.9 15:16.3 16:16.9 17:16.6 18:16.4 19:16.3 20:17.5 21:17.1 22:16.2 23:15.9 24:16.5 25:16.1 26:16.9 27:16.4 28:16.6 29:16.6 30:16.8 31:16.9 32:16.8 33:16.8 34:16.8 35:17.1 36:17.4 37:17.9 38:18.5 39:17.6 | mean 16.6
0824 02:39:55 ds4-server: chat ctx=672..722:50 gen=600 THINKING decoding chunk=17.21 t/s avg=17.60 t/s 34.100s
0824 02:39:58 ds4-server: chat ctx=722..772:50 gen=650 THINKING decoding chunk=16.29 t/s avg=17.49 t/s 37.169s
ds4: qwen35moe experts/token avg over 128 tokens: 0:14.8 1:15.1 2:15.7 3:16.5 4:16.6 5:16.9 6:16.6 7:16.9 8:17.6 9:17.5 10:16.1 11:16.0 12:17.3 13:16.6 14:17.4 15:16.7 16:17.5 17:17.0 18:17.2 19:17.0 20:17.2 21:16.7 22:16.5 23:17.1 24:16.8 25:16.9 26:16.9 27:16.3 28:16.3 29:17.0 30:16.7 31:17.0 32:17.2 33:16.7 34:16.7 35:17.7 36:17.9 37:18.0 38:18.5 39:18.0 | mean 16.9
0824 02:40:01 ds4-server: chat ctx=772..822:50 gen=700 THINKING decoding chunk=17.00 t/s avg=17.45 t/s 40.109s
0824 02:40:04 ds4-server: chat ctx=822..872:50 gen=750 THINKING decoding chunk=17.28 t/s avg=17.44 t/s 43.002s
0824 02:40:07 ds4-server: chat ctx=872..922:50 gen=800 THINKING decoding chunk=16.85 t/s avg=17.40 t/s 45.970s
ds4: qwen35moe experts/token avg over 128 tokens: 0:14.4 1:14.8 2:14.9 3:15.9 4:16.2 5:15.9 6:16.5 7:16.7 8:17.2 9:16.6 10:15.4 11:15.6 12:16.2 13:15.8 14:16.5 15:16.0 16:16.6 17:16.0 18:15.7 19:15.7 20:16.6 21:16.4 22:15.8 23:15.3 24:15.8 25:16.0 26:15.9 27:15.2 28:16.2 29:15.9 30:15.5 31:16.4 32:15.9 33:15.3 34:15.4 35:16.5 36:17.0 37:17.2 38:17.9 39:17.2 | mean 16.1
0824 02:40:10 ds4-server: chat ctx=922..972:50 gen=850 THINKING decoding chunk=16.00 t/s avg=17.31 t/s 49.096s
0824 02:40:13 ds4-server: chat ctx=972..1022:50 gen=900 decoding chunk=16.18 t/s avg=17.25 t/s 52.185s
0824 02:40:15 ds4-server: chat ctx=1022..1045:23 gen=923 decoding chunk=15.73 t/s avg=17.20 t/s 53.648s
0824 02:40:15 ds4-server: thinking live checkpoint remembered ctx=0..122:122 live=1045 visible=702
0824 02:40:15 ds4-server: chat ctx=0..122:122 gen=923 finish=stop 60.506s
0824 02:40:17 ds4-server: live kv cache miss live=1045 prompt=84 common=30 reason=token-mismatch
0824 02:40:17 ds4-server: chat ctx=0..84:84 prompt start
0824 02:40:17 ds4-server: chat ctx=0..84:84 prefill chunk 1/84 (1.2%) chunk=0.00 t/s avg=3.04 t/s 0.329s
0824 02:40:17 ds4-server: chat ctx=0..84:84 prefill chunk 2/84 (2.4%) chunk=19.77 t/s avg=5.26 t/s 0.380s
0824 02:40:18 ds4-server: chat ctx=0..84:84 prefill chunk 3/84 (3.6%) chunk=19.38 t/s avg=6.95 t/s 0.432s
0824 02:40:18 ds4-server: chat ctx=0..84:84 prefill chunk 4/84 (4.8%) chunk=19.01 t/s avg=8.26 t/s 0.484s
0824 02:40:18 ds4-server: chat ctx=0..84:84 prefill chunk 5/84 (6.0%) chunk=19.01 t/s avg=9.31 t/s 0.537s
0824 02:40:18 ds4-server: chat ctx=0..84:84 prefill chunk 6/84 (7.1%) chunk=19.44 t/s avg=10.20 t/s 0.588s
0824 02:40:18 ds4-server: chat ctx=0..84:84 prefill chunk 7/84 (8.3%) chunk=19.46 t/s avg=10.94 t/s 0.640s
0824 02:40:18 ds4-server: chat ctx=0..84:84 prefill chunk 8/84 (9.5%) chunk=18.24 t/s avg=11.52 t/s 0.695s
0824 02:40:18 ds4-server: chat ctx=0..84:84 prefill chunk 9/84 (10.7%) chunk=19.36 t/s avg=12.06 t/s 0.746s
0824 02:40:18 ds4-server: chat ctx=0..84:84 prefill chunk 10/84 (11.9%) chunk=18.87 t/s avg=12.51 t/s 0.799s
0824 02:40:18 ds4-server: chat ctx=0..84:84 prefill chunk 11/84 (13.1%) chunk=18.65 t/s avg=12.90 t/s 0.853s
0824 02:40:18 ds4-server: chat ctx=0..84:84 prefill chunk 12/84 (14.3%) chunk=19.41 t/s avg=13.27 t/s 0.904s
0824 02:40:18 ds4-server: chat ctx=0..84:84 prefill chunk 13/84 (15.5%) chunk=18.73 t/s avg=13.57 t/s 0.958s
0824 02:40:18 ds4-server: chat ctx=0..84:84 prefill chunk 14/84 (16.7%) chunk=19.21 t/s avg=13.86 t/s 1.010s
0824 02:40:18 ds4-server: chat ctx=0..84:84 prefill chunk 15/84 (17.9%) chunk=18.94 t/s avg=14.12 t/s 1.063s
0824 02:40:18 ds4-server: chat ctx=0..84:84 prefill chunk 16/84 (19.0%) chunk=18.68 t/s avg=14.34 t/s 1.116s
0824 02:40:18 ds4-server: chat ctx=0..84:84 prefill chunk 17/84 (20.2%) chunk=18.73 t/s avg=14.54 t/s 1.169s
0824 02:40:18 ds4-server: chat ctx=0..84:84 prefill chunk 18/84 (21.4%) chunk=18.13 t/s avg=14.70 t/s 1.225s
0824 02:40:18 ds4-server: chat ctx=0..84:84 prefill chunk 19/84 (22.6%) chunk=19.46 t/s avg=14.89 t/s 1.276s
0824 02:40:18 ds4-server: chat ctx=0..84:84 prefill chunk 20/84 (23.8%) chunk=17.65 t/s avg=15.01 t/s 1.333s
0824 02:40:18 ds4-server: chat ctx=0..84:84 prefill chunk 21/84 (25.0%) chunk=18.71 t/s avg=15.15 t/s 1.386s
0824 02:40:19 ds4-server: chat ctx=0..84:84 prefill chunk 22/84 (26.2%) chunk=18.85 t/s avg=15.29 t/s 1.439s
0824 02:40:19 ds4-server: chat ctx=0..84:84 prefill chunk 23/84 (27.4%) chunk=18.45 t/s avg=15.40 t/s 1.493s
0824 02:40:19 ds4-server: chat ctx=0..84:84 prefill chunk 24/84 (28.6%) chunk=19.55 t/s avg=15.54 t/s 1.545s
0824 02:40:19 ds4-server: chat ctx=0..84:84 prefill chunk 25/84 (29.8%) chunk=18.49 t/s avg=15.64 t/s 1.599s
ds4: qwen35moe experts/token avg over 128 tokens: 0:15.3 1:15.2 2:15.9 3:16.9 4:16.5 5:16.5 6:16.3 7:17.0 8:17.4 9:16.9 10:16.5 11:16.5 12:16.9 13:17.0 14:17.4 15:17.7 16:17.7 17:17.5 18:17.7 19:17.4 20:17.9 21:17.4 22:17.3 23:16.9 24:17.3 25:17.6 26:17.1 27:17.5 28:17.5 29:17.8 30:17.7 31:17.9 32:17.8 33:17.8 34:18.1 35:18.7 36:19.0 37:18.9 38:19.3 39:18.9 | mean 17.4
0824 02:40:19 ds4-server: chat ctx=0..84:84 prefill chunk 26/84 (31.0%) chunk=18.92 t/s avg=15.74 t/s 1.651s
0824 02:40:19 ds4-server: chat ctx=0..84:84 prefill chunk 27/84 (32.1%) chunk=18.67 t/s avg=15.84 t/s 1.705s
0824 02:40:19 ds4-server: chat ctx=0..84:84 prefill chunk 28/84 (33.3%) chunk=18.00 t/s avg=15.90 t/s 1.761s
0824 02:40:19 ds4-server: chat ctx=0..84:84 prefill chunk 29/84 (34.5%) chunk=18.89 t/s avg=15.99 t/s 1.814s
0824 02:40:19 ds4-server: chat ctx=0..84:84 prefill chunk 30/84 (35.7%) chunk=18.74 t/s avg=16.07 t/s 1.867s
0824 02:40:19 ds4-server: chat ctx=0..84:84 prefill chunk 31/84 (36.9%) chunk=19.44 t/s avg=16.16 t/s 1.918s
0824 02:40:19 ds4-server: chat ctx=0..84:84 prefill chunk 32/84 (38.1%) chunk=19.50 t/s avg=16.25 t/s 1.970s
0824 02:40:19 ds4-server: chat ctx=0..84:84 prefill chunk 33/84 (39.3%) chunk=18.82 t/s avg=16.31 t/s 2.023s
0824 02:40:19 ds4-server: chat ctx=0..84:84 prefill chunk 34/84 (40.5%) chunk=19.38 t/s avg=16.39 t/s 2.074s
0824 02:40:19 ds4-server: chat ctx=0..84:84 prefill chunk 35/84 (41.7%) chunk=18.45 t/s avg=16.44 t/s 2.129s
0824 02:40:19 ds4-server: chat ctx=0..84:84 prefill chunk 36/84 (42.9%) chunk=18.42 t/s avg=16.49 t/s 2.183s
0824 02:40:19 ds4-server: chat ctx=0..84:84 prefill chunk 37/84 (44.0%) chunk=17.58 t/s avg=16.52 t/s 2.240s
0824 02:40:19 ds4-server: chat ctx=0..84:84 prefill chunk 38/84 (45.2%) chunk=17.84 t/s avg=16.55 t/s 2.296s
0824 02:40:19 ds4-server: chat ctx=0..84:84 prefill chunk 39/84 (46.4%) chunk=17.42 t/s avg=16.57 t/s 2.353s
0824 02:40:19 ds4-server: chat ctx=0..84:84 prefill chunk 40/84 (47.6%) chunk=17.67 t/s avg=16.60 t/s 2.410s
0824 02:40:20 ds4-server: chat ctx=0..84:84 prefill chunk 41/84 (48.8%) chunk=18.04 t/s avg=16.63 t/s 2.465s
0824 02:40:20 ds4-server: chat ctx=0..84:84 prefill chunk 42/84 (50.0%) chunk=18.69 t/s avg=16.68 t/s 2.519s
0824 02:40:20 ds4-server: chat ctx=0..84:84 prefill chunk 43/84 (51.2%) chunk=17.92 t/s avg=16.70 t/s 2.575s
0824 02:40:20 ds4-server: chat ctx=0..84:84 prefill chunk 44/84 (52.4%) chunk=19.35 t/s avg=16.75 t/s 2.626s
0824 02:40:20 ds4-server: chat ctx=0..84:84 prefill chunk 45/84 (53.6%) chunk=19.41 t/s avg=16.81 t/s 2.678s
0824 02:40:20 ds4-server: chat ctx=0..84:84 prefill chunk 46/84 (54.8%) chunk=18.51 t/s avg=16.84 t/s 2.732s
0824 02:40:20 ds4-server: chat ctx=0..84:84 prefill chunk 47/84 (56.0%) chunk=19.02 t/s avg=16.88 t/s 2.784s
0824 02:40:20 ds4-server: chat ctx=0..84:84 prefill chunk 48/84 (57.1%) chunk=19.07 t/s avg=16.92 t/s 2.837s
0824 02:40:20 ds4-server: chat ctx=0..84:84 prefill chunk 49/84 (58.3%) chunk=18.23 t/s avg=16.95 t/s 2.892s
0824 02:40:20 ds4-server: chat ctx=0..84:84 prefill chunk 50/84 (59.5%) chunk=19.39 t/s avg=16.99 t/s 2.943s
0824 02:40:20 ds4-server: chat ctx=0..84:84 prefill chunk 51/84 (60.7%) chunk=18.82 t/s avg=17.02 t/s 2.996s
0824 02:40:20 ds4-server: chat ctx=0..84:84 prefill chunk 52/84 (61.9%) chunk=18.80 t/s avg=17.05 t/s 3.050s
0824 02:40:20 ds4-server: chat ctx=0..84:84 prefill chunk 53/84 (63.1%) chunk=18.25 t/s avg=17.07 t/s 3.104s
0824 02:40:20 ds4-server: chat ctx=0..84:84 prefill chunk 54/84 (64.3%) chunk=17.89 t/s avg=17.09 t/s 3.160s
0824 02:40:20 ds4-server: chat ctx=0..84:84 prefill chunk 55/84 (65.5%) chunk=17.92 t/s avg=17.10 t/s 3.216s
0824 02:40:20 ds4-server: chat ctx=0..84:84 prefill chunk 56/84 (66.7%) chunk=17.92 t/s avg=17.12 t/s 3.272s
0824 02:40:20 ds4-server: chat ctx=0..84:84 prefill chunk 57/84 (67.9%) chunk=17.68 t/s avg=17.13 t/s 3.328s
0824 02:40:20 ds4-server: chat ctx=0..84:84 prefill chunk 58/84 (69.0%) chunk=18.26 t/s avg=17.14 t/s 3.383s
0824 02:40:21 ds4-server: chat ctx=0..84:84 prefill chunk 59/84 (70.2%) chunk=18.37 t/s avg=17.16 t/s 3.438s
0824 02:40:21 ds4-server: chat ctx=0..84:84 prefill chunk 60/84 (71.4%) chunk=18.88 t/s avg=17.19 t/s 3.491s
0824 02:40:21 ds4-server: chat ctx=0..84:84 prefill chunk 61/84 (72.6%) chunk=18.36 t/s avg=17.21 t/s 3.545s
0824 02:40:21 ds4-server: chat ctx=0..84:84 prefill chunk 62/84 (73.8%) chunk=18.63 t/s avg=17.23 t/s 3.599s
0824 02:40:21 ds4-server: chat ctx=0..84:84 prefill chunk 63/84 (75.0%) chunk=17.52 t/s avg=17.23 t/s 3.656s
0824 02:40:21 ds4-server: chat ctx=0..84:84 prefill chunk 64/84 (76.2%) chunk=18.88 t/s avg=17.26 t/s 3.709s
0824 02:40:21 ds4-server: chat ctx=0..84:84 prefill chunk 65/84 (77.4%) chunk=18.25 t/s avg=17.27 t/s 3.764s
0824 02:40:21 ds4-server: chat ctx=0..84:84 prefill chunk 66/84 (78.6%) chunk=18.54 t/s avg=17.29 t/s 3.817s
0824 02:40:21 ds4-server: chat ctx=0..84:84 prefill chunk 67/84 (79.8%) chunk=17.59 t/s avg=17.29 t/s 3.874s
0824 02:40:21 ds4-server: chat ctx=0..84:84 prefill chunk 68/84 (81.0%) chunk=17.96 t/s avg=17.30 t/s 3.930s
0824 02:40:21 ds4-server: chat ctx=0..84:84 prefill chunk 69/84 (82.1%) chunk=17.10 t/s avg=17.30 t/s 3.988s
0824 02:40:21 ds4-server: chat ctx=0..84:84 prefill chunk 70/84 (83.3%) chunk=17.99 t/s avg=17.31 t/s 4.044s
0824 02:40:21 ds4-server: chat ctx=0..84:84 prefill chunk 71/84 (84.5%) chunk=17.92 t/s avg=17.32 t/s 4.100s
0824 02:40:21 ds4-server: chat ctx=0..84:84 prefill chunk 72/84 (85.7%) chunk=18.15 t/s avg=17.33 t/s 4.155s
0824 02:40:21 ds4-server: chat ctx=0..84:84 prefill chunk 73/84 (86.9%) chunk=17.98 t/s avg=17.34 t/s 4.211s
0824 02:40:21 ds4-server: chat ctx=0..84:84 prefill chunk 74/84 (88.1%) chunk=17.66 t/s avg=17.34 t/s 4.267s
0824 02:40:21 ds4-server: chat ctx=0..84:84 prefill chunk 75/84 (89.3%) chunk=18.32 t/s avg=17.35 t/s 4.322s
0824 02:40:21 ds4-server: chat ctx=0..84:84 prefill chunk 76/84 (90.5%) chunk=18.92 t/s avg=17.37 t/s 4.375s
0824 02:40:22 ds4-server: chat ctx=0..84:84 prefill chunk 77/84 (91.7%) chunk=18.46 t/s avg=17.39 t/s 4.429s
0824 02:40:22 ds4-server: chat ctx=0..84:84 prefill chunk 78/84 (92.9%) chunk=19.25 t/s avg=17.41 t/s 4.481s
0824 02:40:22 ds4-server: chat ctx=0..84:84 prefill chunk 79/84 (94.0%) chunk=18.15 t/s avg=17.42 t/s 4.536s
0824 02:40:22 ds4-server: chat ctx=0..84:84 prefill chunk 80/84 (95.2%) chunk=18.20 t/s avg=17.43 t/s 4.591s
0824 02:40:22 ds4-server: chat ctx=0..84:84 prefill chunk 81/84 (96.4%) chunk=19.38 t/s avg=17.45 t/s 4.642s
0824 02:40:22 ds4-server: chat ctx=0..84:84 prefill chunk 82/84 (97.6%) chunk=18.15 t/s avg=17.46 t/s 4.697s
0824 02:40:22 ds4-server: chat ctx=0..84:84 prefill chunk 83/84 (98.8%) chunk=20.24 t/s avg=17.49 t/s 4.747s
0824 02:40:22 ds4-server: chat ctx=0..84:84 prefill chunk 84/84 (100.0%) chunk=19.84 t/s avg=17.51 t/s 4.797s
0824 02:40:22 ds4-server: chat ctx=0..84:84 prompt done 4.797s
0824 02:40:25 ds4-server: chat ctx=84..134:50 gen=50 THINKING decoding chunk=18.32 t/s avg=18.32 t/s 2.729s
ds4: qwen35moe experts/token avg over 128 tokens: 0:14.0 1:14.3 2:14.1 3:15.0 4:14.2 5:14.6 6:14.8 7:15.5 8:16.1 9:15.8 10:14.4 11:14.3 12:16.1 13:15.2 14:15.9 15:15.7 16:15.8 17:15.6 18:15.5 19:15.7 20:16.5 21:15.9 22:15.7 23:16.0 24:17.0 25:16.0 26:17.0 27:16.3 28:16.4 29:16.3 30:16.5 31:16.6 32:16.4 33:16.4 34:16.3 35:17.6 36:18.2 37:18.6 38:18.7 39:17.9 | mean 16.0
0824 02:40:27 ds4-server: chat ctx=134..184:50 gen=100 THINKING decoding chunk=18.52 t/s avg=18.42 t/s 5.429s
0824 02:40:30 ds4-server: chat ctx=184..234:50 gen=150 THINKING decoding chunk=17.90 t/s avg=18.24 t/s 8.223s
ds4: qwen35moe experts/token avg over 128 tokens: 0:14.2 1:14.3 2:14.3 3:15.2 4:15.3 5:15.3 6:15.1 7:15.6 8:16.7 9:16.1 10:14.4 11:14.7 12:15.8 13:15.3 14:15.5 15:15.4 16:15.8 17:15.5 18:15.9 19:15.2 20:16.3 21:15.9 22:15.5 23:15.7 24:16.0 25:15.6 26:15.9 27:16.0 28:16.0 29:16.1 30:15.4 31:15.9 32:15.4 33:15.3 34:15.6 35:15.8 36:16.6 37:17.6 38:18.0 39:16.9 | mean 15.7
0824 02:40:33 ds4-server: chat ctx=234..284:50 gen=200 THINKING decoding chunk=18.47 t/s avg=18.30 t/s 10.930s
0824 02:40:36 ds4-server: chat ctx=284..334:50 gen=250 THINKING decoding chunk=17.89 t/s avg=18.22 t/s 13.724s
0824 02:40:38 ds4-server: chat ctx=334..384:50 gen=300 THINKING decoding chunk=17.85 t/s avg=18.15 t/s 16.526s
ds4: qwen35moe experts/token avg over 128 tokens: 0:14.0 1:14.7 2:14.9 3:16.4 4:15.3 5:15.2 6:15.3 7:15.5 8:17.0 9:16.4 10:14.6 11:14.9 12:16.3 13:15.3 14:16.2 15:15.2 16:15.9 17:15.3 18:16.2 19:15.6 20:16.7 21:15.7 22:14.7 23:15.2 24:16.2 25:15.2 26:16.2 27:15.9 28:15.8 29:16.1 30:15.9 31:16.2 32:16.1 33:15.5 34:15.5 35:16.2 36:16.8 37:17.2 38:17.9 39:17.3 | mean 15.8
0824 02:40:41 ds4-server: chat ctx=384..434:50 gen=350 THINKING decoding chunk=17.58 t/s avg=18.07 t/s 19.371s
0824 02:40:44 ds4-server: chat ctx=434..484:50 gen=400 THINKING decoding chunk=17.11 t/s avg=17.94 t/s 22.292s
0824 02:40:47 ds4-server: chat ctx=484..534:50 gen=450 THINKING decoding chunk=17.89 t/s avg=17.94 t/s 25.087s
ds4: qwen35moe experts/token avg over 128 tokens: 0:14.5 1:15.0 2:15.1 3:16.1 4:16.1 5:16.5 6:16.7 7:16.5 8:17.6 9:17.2 10:15.6 11:15.8 12:17.1 13:16.0 14:16.9 15:16.3 16:17.0 17:16.4 18:16.6 19:16.5 20:16.9 21:16.5 22:16.3 23:16.1 24:16.6 25:16.7 26:16.3 27:16.3 28:16.5 29:16.4 30:16.3 31:17.2 32:16.4 33:16.3 34:16.4 35:17.4 36:17.8 37:17.8 38:18.2 39:17.7 | mean 16.6
0824 02:40:50 ds4-server: chat ctx=534..584:50 gen=500 THINKING decoding chunk=16.87 t/s avg=17.83 t/s 28.050s
0824 02:40:53 ds4-server: chat ctx=584..634:50 gen=550 THINKING decoding chunk=17.06 t/s avg=17.75 t/s 30.981s
ds4: qwen35moe experts/token avg over 128 tokens: 0:14.9 1:15.9 2:15.9 3:17.3 4:17.2 5:17.4 6:17.1 7:17.4 8:17.6 9:17.2 10:16.4 11:16.5 12:17.7 13:16.9 14:17.7 15:17.9 16:17.6 17:17.6 18:17.4 19:17.2 20:17.8 21:17.1 22:16.7 23:16.8 24:17.3 25:17.2 26:17.0 27:17.1 28:17.0 29:17.3 30:17.1 31:17.8 32:17.2 33:17.6 34:17.3 35:18.4 36:18.9 37:18.9 38:19.1 39:18.8 | mean 17.3
0824 02:40:56 ds4-server: chat ctx=634..684:50 gen=600 THINKING decoding chunk=16.68 t/s avg=17.66 t/s 33.979s
0824 02:40:59 ds4-server: chat ctx=684..734:50 gen=650 THINKING decoding chunk=16.98 t/s avg=17.60 t/s 36.924s
0824 02:41:02 ds4-server: chat ctx=734..784:50 gen=700 decoding chunk=16.93 t/s avg=17.55 t/s 39.878s
ds4: qwen35moe experts/token avg over 128 tokens: 0:14.7 1:15.6 2:15.7 3:16.9 4:16.7 5:16.9 6:16.8 7:17.4 8:17.4 9:17.4 10:16.7 11:16.5 12:17.1 13:16.8 14:17.6 15:17.1 16:17.5 17:17.3 18:16.9 19:17.3 20:17.4 21:16.8 22:17.3 23:16.4 24:17.0 25:17.2 26:17.0 27:16.4 28:16.9 29:17.5 30:16.8 31:17.5 32:16.9 33:17.1 34:17.0 35:17.6 36:18.0 37:18.0 38:18.4 39:18.0 | mean 17.0
0824 02:41:05 ds4-server: chat ctx=784..828:44 gen=744 decoding chunk=16.01 t/s avg=17.45 t/s 42.626s
0824 02:41:05 ds4-server: thinking live checkpoint remembered ctx=0..84:84 live=828 visible=619
0824 02:41:05 ds4-server: chat ctx=0..84:84 gen=744 finish=stop 47.424s
0824 02:41:07 ds4-server: live kv cache miss live=828 prompt=96 common=30 reason=token-mismatch
0824 02:41:07 ds4-server: chat ctx=0..96:96 prompt start
0824 02:41:07 ds4-server: chat ctx=0..96:96 prefill chunk 1/96 (1.0%) chunk=0.00 t/s avg=3.04 t/s 0.329s
0824 02:41:07 ds4-server: chat ctx=0..96:96 prefill chunk 2/96 (2.1%) chunk=19.88 t/s avg=5.27 t/s 0.379s
0824 02:41:07 ds4-server: chat ctx=0..96:96 prefill chunk 3/96 (3.1%) chunk=19.34 t/s avg=6.96 t/s 0.431s
0824 02:41:08 ds4-server: chat ctx=0..96:96 prefill chunk 4/96 (4.2%) chunk=19.59 t/s avg=8.30 t/s 0.482s
0824 02:41:08 ds4-server: chat ctx=0..96:96 prefill chunk 5/96 (5.2%) chunk=18.79 t/s avg=9.34 t/s 0.535s
0824 02:41:08 ds4-server: chat ctx=0..96:96 prefill chunk 6/96 (6.2%) chunk=19.33 t/s avg=10.22 t/s 0.587s
0824 02:41:08 ds4-server: chat ctx=0..96:96 prefill chunk 7/96 (7.3%) chunk=19.22 t/s avg=10.95 t/s 0.639s
0824 02:41:08 ds4-server: chat ctx=0..96:96 prefill chunk 8/96 (8.3%) chunk=18.59 t/s avg=11.54 t/s 0.693s
0824 02:41:08 ds4-server: chat ctx=0..96:96 prefill chunk 9/96 (9.4%) chunk=19.56 t/s avg=12.09 t/s 0.744s
0824 02:41:08 ds4-server: chat ctx=0..96:96 prefill chunk 10/96 (10.4%) chunk=19.01 t/s avg=12.55 t/s 0.797s
0824 02:41:08 ds4-server: chat ctx=0..96:96 prefill chunk 11/96 (11.5%) chunk=19.08 t/s avg=12.95 t/s 0.849s
0824 02:41:08 ds4-server: chat ctx=0..96:96 prefill chunk 12/96 (12.5%) chunk=19.11 t/s avg=13.31 t/s 0.901s
0824 02:41:08 ds4-server: chat ctx=0..96:96 prefill chunk 13/96 (13.5%) chunk=18.83 t/s avg=13.62 t/s 0.955s
0824 02:41:08 ds4-server: chat ctx=0..96:96 prefill chunk 14/96 (14.6%) chunk=19.68 t/s avg=13.92 t/s 1.005s
0824 02:41:08 ds4-server: chat ctx=0..96:96 prefill chunk 15/96 (15.6%) chunk=18.85 t/s avg=14.17 t/s 1.058s
0824 02:41:08 ds4-server: chat ctx=0..96:96 prefill chunk 16/96 (16.7%) chunk=19.20 t/s avg=14.41 t/s 1.111s
0824 02:41:08 ds4-server: chat ctx=0..96:96 prefill chunk 17/96 (17.7%) chunk=18.67 t/s avg=14.60 t/s 1.164s
0824 02:41:08 ds4-server: chat ctx=0..96:96 prefill chunk 18/96 (18.8%) chunk=18.28 t/s avg=14.77 t/s 1.219s
0824 02:41:08 ds4-server: chat ctx=0..96:96 prefill chunk 19/96 (19.8%) chunk=19.33 t/s avg=14.95 t/s 1.271s
0824 02:41:08 ds4-server: chat ctx=0..96:96 prefill chunk 20/96 (20.8%) chunk=18.49 t/s avg=15.10 t/s 1.325s
0824 02:41:08 ds4-server: chat ctx=0..96:96 prefill chunk 21/96 (21.9%) chunk=19.29 t/s avg=15.26 t/s 1.376s
0824 02:41:08 ds4-server: chat ctx=0..96:96 prefill chunk 22/96 (22.9%) chunk=18.50 t/s avg=15.38 t/s 1.431s
0824 02:41:09 ds4-server: chat ctx=0..96:96 prefill chunk 23/96 (24.0%) chunk=18.60 t/s avg=15.50 t/s 1.484s
0824 02:41:09 ds4-server: chat ctx=0..96:96 prefill chunk 24/96 (25.0%) chunk=19.49 t/s avg=15.63 t/s 1.536s
0824 02:41:09 ds4-server: chat ctx=0..96:96 prefill chunk 25/96 (26.0%) chunk=18.14 t/s avg=15.72 t/s 1.591s
0824 02:41:09 ds4-server: chat ctx=0..96:96 prefill chunk 26/96 (27.1%) chunk=19.52 t/s avg=15.83 t/s 1.642s
0824 02:41:09 ds4-server: chat ctx=0..96:96 prefill chunk 27/96 (28.1%) chunk=18.15 t/s avg=15.91 t/s 1.697s
0824 02:41:09 ds4-server: chat ctx=0..96:96 prefill chunk 28/96 (29.2%) chunk=17.85 t/s avg=15.97 t/s 1.753s
0824 02:41:09 ds4-server: chat ctx=0..96:96 prefill chunk 29/96 (30.2%) chunk=18.67 t/s avg=16.05 t/s 1.807s
0824 02:41:09 ds4-server: chat ctx=0..96:96 prefill chunk 30/96 (31.2%) chunk=18.67 t/s avg=16.13 t/s 1.860s
0824 02:41:09 ds4-server: chat ctx=0..96:96 prefill chunk 31/96 (32.3%) chunk=19.80 t/s avg=16.22 t/s 1.911s
0824 02:41:09 ds4-server: chat ctx=0..96:96 prefill chunk 32/96 (33.3%) chunk=19.17 t/s avg=16.30 t/s 1.963s
0824 02:41:09 ds4-server: chat ctx=0..96:96 prefill chunk 33/96 (34.4%) chunk=18.92 t/s avg=16.37 t/s 2.016s
0824 02:41:09 ds4-server: chat ctx=0..96:96 prefill chunk 34/96 (35.4%) chunk=18.66 t/s avg=16.43 t/s 2.069s
0824 02:41:09 ds4-server: chat ctx=0..96:96 prefill chunk 35/96 (36.5%) chunk=18.01 t/s avg=16.47 t/s 2.125s
0824 02:41:09 ds4-server: chat ctx=0..96:96 prefill chunk 36/96 (37.5%) chunk=19.31 t/s avg=16.54 t/s 2.177s
0824 02:41:09 ds4-server: chat ctx=0..96:96 prefill chunk 37/96 (38.5%) chunk=18.70 t/s avg=16.59 t/s 2.230s
0824 02:41:09 ds4-server: chat ctx=0..96:96 prefill chunk 38/96 (39.6%) chunk=19.31 t/s avg=16.65 t/s 2.282s
0824 02:41:09 ds4-server: chat ctx=0..96:96 prefill chunk 39/96 (40.6%) chunk=18.97 t/s avg=16.70 t/s 2.335s
0824 02:41:09 ds4-server: chat ctx=0..96:96 prefill chunk 40/96 (41.7%) chunk=17.82 t/s avg=16.73 t/s 2.391s
0824 02:41:10 ds4-server: chat ctx=0..96:96 prefill chunk 41/96 (42.7%) chunk=18.31 t/s avg=16.77 t/s 2.445s
0824 02:41:10 ds4-server: chat ctx=0..96:96 prefill chunk 42/96 (43.8%) chunk=17.64 t/s avg=16.79 t/s 2.502s
0824 02:41:10 ds4-server: chat ctx=0..96:96 prefill chunk 43/96 (44.8%) chunk=18.07 t/s avg=16.81 t/s 2.557s
0824 02:41:10 ds4-server: chat ctx=0..96:96 prefill chunk 44/96 (45.8%) chunk=17.89 t/s avg=16.84 t/s 2.613s
0824 02:41:10 ds4-server: chat ctx=0..96:96 prefill chunk 45/96 (46.9%) chunk=17.33 t/s avg=16.85 t/s 2.671s
0824 02:41:10 ds4-server: chat ctx=0..96:96 prefill chunk 46/96 (47.9%) chunk=18.08 t/s avg=16.87 t/s 2.726s
0824 02:41:10 ds4-server: chat ctx=0..96:96 prefill chunk 47/96 (49.0%) chunk=19.33 t/s avg=16.92 t/s 2.778s
0824 02:41:10 ds4-server: chat ctx=0..96:96 prefill chunk 48/96 (50.0%) chunk=17.56 t/s avg=16.93 t/s 2.835s
0824 02:41:10 ds4-server: chat ctx=0..96:96 prefill chunk 49/96 (51.0%) chunk=18.99 t/s avg=16.97 t/s 2.888s
0824 02:41:10 ds4-server: chat ctx=0..96:96 prefill chunk 50/96 (52.1%) chunk=18.77 t/s avg=17.00 t/s 2.941s
0824 02:41:10 ds4-server: chat ctx=0..96:96 prefill chunk 51/96 (53.1%) chunk=18.92 t/s avg=17.04 t/s 2.994s
0824 02:41:10 ds4-server: chat ctx=0..96:96 prefill chunk 52/96 (54.2%) chunk=18.38 t/s avg=17.06 t/s 3.048s
0824 02:41:10 ds4-server: chat ctx=0..96:96 prefill chunk 53/96 (55.2%) chunk=18.16 t/s avg=17.08 t/s 3.103s
0824 02:41:10 ds4-server: chat ctx=0..96:96 prefill chunk 54/96 (56.2%) chunk=18.45 t/s avg=17.10 t/s 3.157s
0824 02:41:10 ds4-server: chat ctx=0..96:96 prefill chunk 55/96 (57.3%) chunk=18.58 t/s avg=17.13 t/s 3.211s
0824 02:41:10 ds4-server: chat ctx=0..96:96 prefill chunk 56/96 (58.3%) chunk=18.25 t/s avg=17.15 t/s 3.266s
0824 02:41:10 ds4-server: chat ctx=0..96:96 prefill chunk 57/96 (59.4%) chunk=18.62 t/s avg=17.17 t/s 3.320s
0824 02:41:10 ds4-server: chat ctx=0..96:96 prefill chunk 58/96 (60.4%) chunk=19.04 t/s avg=17.20 t/s 3.372s
0824 02:41:10 ds4-server: chat ctx=0..96:96 prefill chunk 59/96 (61.5%) chunk=18.96 t/s avg=17.23 t/s 3.425s
0824 02:41:11 ds4-server: chat ctx=0..96:96 prefill chunk 60/96 (62.5%) chunk=18.86 t/s avg=17.25 t/s 3.478s
0824 02:41:11 ds4-server: chat ctx=0..96:96 prefill chunk 61/96 (63.5%) chunk=18.86 t/s avg=17.27 t/s 3.531s
0824 02:41:11 ds4-server: chat ctx=0..96:96 prefill chunk 62/96 (64.6%) chunk=17.84 t/s avg=17.28 t/s 3.587s
0824 02:41:11 ds4-server: chat ctx=0..96:96 prefill chunk 63/96 (65.6%) chunk=18.43 t/s avg=17.30 t/s 3.641s
0824 02:41:11 ds4-server: chat ctx=0..96:96 prefill chunk 64/96 (66.7%) chunk=17.50 t/s avg=17.30 t/s 3.699s
0824 02:41:11 ds4-server: chat ctx=0..96:96 prefill chunk 65/96 (67.7%) chunk=17.92 t/s avg=17.31 t/s 3.754s
0824 02:41:11 ds4-server: chat ctx=0..96:96 prefill chunk 66/96 (68.8%) chunk=17.79 t/s avg=17.32 t/s 3.811s
0824 02:41:11 ds4-server: chat ctx=0..96:96 prefill chunk 67/96 (69.8%) chunk=17.81 t/s avg=17.33 t/s 3.867s
0824 02:41:11 ds4-server: chat ctx=0..96:96 prefill chunk 68/96 (70.8%) chunk=17.72 t/s avg=17.33 t/s 3.923s
0824 02:41:11 ds4-server: chat ctx=0..96:96 prefill chunk 69/96 (71.9%) chunk=18.60 t/s avg=17.35 t/s 3.977s
0824 02:41:11 ds4-server: chat ctx=0..96:96 prefill chunk 70/96 (72.9%) chunk=17.67 t/s avg=17.35 t/s 4.034s
0824 02:41:11 ds4-server: chat ctx=0..96:96 prefill chunk 71/96 (74.0%) chunk=18.07 t/s avg=17.36 t/s 4.089s
0824 02:41:11 ds4-server: chat ctx=0..96:96 prefill chunk 72/96 (75.0%) chunk=18.60 t/s avg=17.38 t/s 4.143s
0824 02:41:11 ds4-server: chat ctx=0..96:96 prefill chunk 73/96 (76.0%) chunk=18.07 t/s avg=17.39 t/s 4.198s
0824 02:41:11 ds4-server: chat ctx=0..96:96 prefill chunk 74/96 (77.1%) chunk=17.37 t/s avg=17.39 t/s 4.256s
0824 02:41:11 ds4-server: chat ctx=0..96:96 prefill chunk 75/96 (78.1%) chunk=18.15 t/s avg=17.40 t/s 4.311s
0824 02:41:11 ds4-server: chat ctx=0..96:96 prefill chunk 76/96 (79.2%) chunk=17.90 t/s avg=17.41 t/s 4.367s
0824 02:41:11 ds4-server: chat ctx=0..96:96 prefill chunk 77/96 (80.2%) chunk=17.37 t/s avg=17.40 t/s 4.424s
0824 02:41:12 ds4-server: chat ctx=0..96:96 prefill chunk 78/96 (81.2%) chunk=18.89 t/s avg=17.42 t/s 4.477s
0824 02:41:12 ds4-server: chat ctx=0..96:96 prefill chunk 79/96 (82.3%) chunk=17.95 t/s avg=17.43 t/s 4.533s
0824 02:41:12 ds4-server: chat ctx=0..96:96 prefill chunk 80/96 (83.3%) chunk=17.21 t/s avg=17.43 t/s 4.591s
0824 02:41:12 ds4-server: chat ctx=0..96:96 prefill chunk 81/96 (84.4%) chunk=18.01 t/s avg=17.43 t/s 4.646s
0824 02:41:12 ds4-server: chat ctx=0..96:96 prefill chunk 82/96 (85.4%) chunk=17.60 t/s avg=17.44 t/s 4.703s
0824 02:41:12 ds4-server: chat ctx=0..96:96 prefill chunk 83/96 (86.5%) chunk=17.17 t/s avg=17.43 t/s 4.761s
0824 02:41:12 ds4-server: chat ctx=0..96:96 prefill chunk 84/96 (87.5%) chunk=17.40 t/s avg=17.43 t/s 4.819s
0824 02:41:12 ds4-server: chat ctx=0..96:96 prefill chunk 85/96 (88.5%) chunk=17.49 t/s avg=17.43 t/s 4.876s
0824 02:41:12 ds4-server: chat ctx=0..96:96 prefill chunk 86/96 (89.6%) chunk=17.46 t/s avg=17.43 t/s 4.933s
0824 02:41:12 ds4-server: chat ctx=0..96:96 prefill chunk 87/96 (90.6%) chunk=18.06 t/s avg=17.44 t/s 4.989s
0824 02:41:12 ds4-server: chat ctx=0..96:96 prefill chunk 88/96 (91.7%) chunk=19.12 t/s avg=17.46 t/s 5.041s
0824 02:41:12 ds4-server: chat ctx=0..96:96 prefill chunk 89/96 (92.7%) chunk=18.32 t/s avg=17.47 t/s 5.096s
0824 02:41:12 ds4-server: chat ctx=0..96:96 prefill chunk 90/96 (93.8%) chunk=19.67 t/s avg=17.49 t/s 5.146s
0824 02:41:12 ds4-server: chat ctx=0..96:96 prefill chunk 91/96 (94.8%) chunk=18.01 t/s avg=17.49 t/s 5.202s
0824 02:41:12 ds4-server: chat ctx=0..96:96 prefill chunk 92/96 (95.8%) chunk=18.46 t/s avg=17.50 t/s 5.256s
0824 02:41:12 ds4-server: chat ctx=0..96:96 prefill chunk 93/96 (96.9%) chunk=19.47 t/s avg=17.52 t/s 5.307s
ds4: qwen35moe experts/token avg over 128 tokens: 0:14.5 1:14.7 2:15.5 3:16.0 4:15.3 5:15.5 6:15.7 7:16.2 8:16.1 9:15.8 10:15.3 11:15.1 12:16.6 13:15.3 14:16.0 15:16.8 16:16.8 17:15.9 18:16.6 19:16.4 20:16.4 21:16.6 22:16.3 23:16.3 24:17.6 25:16.5 26:17.2 27:16.8 28:17.1 29:17.5 30:18.0 31:17.3 32:17.4 33:17.8 34:17.9 35:19.0 36:19.4 37:19.2 38:19.3 39:18.9 | mean 16.7
0824 02:41:12 ds4-server: chat ctx=0..96:96 prefill chunk 94/96 (97.9%) chunk=18.03 t/s avg=17.53 t/s 5.363s
0824 02:41:12 ds4-server: chat ctx=0..96:96 prefill chunk 95/96 (99.0%) chunk=20.31 t/s avg=17.55 t/s 5.412s
0824 02:41:13 ds4-server: chat ctx=0..96:96 prefill chunk 96/96 (100.0%) chunk=19.83 t/s avg=17.57 t/s 5.463s
0824 02:41:13 ds4-server: chat ctx=0..96:96 prompt done 5.463s
0824 02:41:15 ds4-server: chat ctx=96..146:50 gen=50 THINKING decoding chunk=18.32 t/s avg=18.32 t/s 2.729s
0824 02:41:18 ds4-server: chat ctx=146..196:50 gen=100 THINKING decoding chunk=18.29 t/s avg=18.31 t/s 5.463s
ds4: qwen35moe experts/token avg over 128 tokens: 0:13.9 1:14.2 2:14.2 3:15.5 4:14.9 5:15.8 6:15.2 7:15.8 8:16.7 9:16.6 10:14.9 11:14.7 12:16.2 13:15.2 14:16.1 15:15.9 16:16.0 17:15.7 18:16.5 19:15.6 20:16.5 21:17.0 22:15.6 23:15.6 24:16.9 25:15.8 26:16.9 27:16.2 28:16.0 29:16.1 30:16.4 31:16.7 32:16.0 33:15.9 34:15.8 35:16.8 36:17.2 37:18.0 38:18.3 39:17.3 | mean 16.0
0824 02:41:21 ds4-server: chat ctx=196..246:50 gen=150 THINKING decoding chunk=17.56 t/s avg=18.05 t/s 8.310s
0824 02:41:24 ds4-server: chat ctx=246..296:50 gen=200 THINKING decoding chunk=17.86 t/s avg=18.00 t/s 11.110s
0824 02:41:26 ds4-server: chat ctx=296..346:50 gen=250 THINKING decoding chunk=18.03 t/s avg=18.01 t/s 13.883s
ds4: qwen35moe experts/token avg over 128 tokens: 0:14.7 1:14.2 2:15.4 3:16.2 4:16.1 5:15.7 6:16.6 7:16.1 8:16.9 9:16.9 10:15.5 11:15.1 12:17.0 13:15.7 14:16.8 15:15.9 16:16.6 17:15.9 18:16.3 19:15.8 20:16.8 21:16.6 22:16.3 23:16.2 24:16.5 25:16.4 26:16.9 27:16.2 28:16.7 29:16.1 30:16.6 31:16.6 32:16.6 33:16.4 34:16.4 35:17.0 36:17.6 37:17.6 38:18.0 39:17.6 | mean 16.4
0824 02:41:29 ds4-server: chat ctx=346..396:50 gen=300 THINKING decoding chunk=17.16 t/s avg=17.86 t/s 16.797s
0824 02:41:32 ds4-server: chat ctx=396..446:50 gen=350 THINKING decoding chunk=17.61 t/s avg=17.82 t/s 19.637s
ds4: qwen35moe experts/token avg over 128 tokens: 0:14.7 1:14.9 2:16.1 3:16.3 4:16.1 5:16.4 6:16.5 7:16.8 8:17.1 9:17.3 10:16.0 11:16.1 12:16.5 13:16.4 14:17.0 15:16.7 16:17.2 17:16.8 18:16.8 19:16.9 20:17.3 21:16.7 22:15.8 23:16.4 24:16.7 25:16.7 26:16.6 27:16.7 28:16.8 29:16.5 30:16.8 31:17.4 32:16.7 33:16.7 34:16.8 35:17.5 36:18.2 37:18.4 38:18.6 39:18.0 | mean 16.7
0824 02:41:35 ds4-server: chat ctx=446..496:50 gen=400 THINKING decoding chunk=17.81 t/s avg=17.82 t/s 22.444s
0824 02:41:38 ds4-server: chat ctx=496..546:50 gen=450 THINKING decoding chunk=17.16 t/s avg=17.75 t/s 25.357s
0824 02:41:41 ds4-server: chat ctx=546..596:50 gen=500 THINKING decoding chunk=16.70 t/s avg=17.64 t/s 28.351s
ds4: qwen35moe experts/token avg over 128 tokens: 0:14.4 1:15.3 2:16.1 3:17.4 4:16.8 5:16.9 6:16.9 7:16.9 8:17.7 9:17.3 10:16.2 11:16.5 12:17.5 13:16.3 14:17.5 15:17.0 16:17.7 17:17.1 18:17.6 19:17.1 20:18.0 21:17.2 22:16.6 23:16.6 24:16.9 25:16.7 26:17.3 27:16.7 28:17.1 29:17.2 30:17.3 31:17.3 32:17.6 33:17.2 34:17.3 35:17.9 36:18.3 37:18.5 38:18.8 39:18.4 | mean 17.1
0824 02:41:44 ds4-server: chat ctx=596..646:50 gen=550 decoding chunk=16.45 t/s avg=17.52 t/s 31.390s
0824 02:41:45 ds4-server: chat ctx=646..659:13 gen=563 decoding chunk=16.31 t/s avg=17.49 t/s 32.187s
0824 02:41:45 ds4-server: thinking live checkpoint remembered ctx=0..96:96 live=659 visible=648
0824 02:41:45 ds4-server: chat ctx=0..96:96 gen=563 finish=stop 37.650s
0824 02:41:47 ds4-server: live kv cache miss live=659 prompt=126 common=37 reason=token-mismatch
0824 02:41:47 ds4-server: chat ctx=0..126:126 prompt start
0824 02:41:48 ds4-server: chat ctx=0..126:126 prefill chunk 1/126 (0.8%) chunk=0.00 t/s avg=3.08 t/s 0.324s
0824 02:41:48 ds4-server: chat ctx=0..126:126 prefill chunk 2/126 (1.6%) chunk=19.34 t/s avg=5.32 t/s 0.376s
0824 02:41:48 ds4-server: chat ctx=0..126:126 prefill chunk 3/126 (2.4%) chunk=19.55 t/s avg=7.02 t/s 0.427s
0824 02:41:48 ds4-server: chat ctx=0..126:126 prefill chunk 4/126 (3.2%) chunk=19.44 t/s avg=8.36 t/s 0.479s
0824 02:41:48 ds4-server: chat ctx=0..126:126 prefill chunk 5/126 (4.0%) chunk=18.62 t/s avg=9.39 t/s 0.532s
0824 02:41:48 ds4-server: chat ctx=0..126:126 prefill chunk 6/126 (4.8%) chunk=19.87 t/s avg=10.30 t/s 0.583s
0824 02:41:48 ds4-server: chat ctx=0..126:126 prefill chunk 7/126 (5.6%) chunk=18.20 t/s avg=10.98 t/s 0.638s
0824 02:41:48 ds4-server: chat ctx=0..126:126 prefill chunk 8/126 (6.3%) chunk=19.24 t/s avg=11.60 t/s 0.690s
0824 02:41:48 ds4-server: chat ctx=0..126:126 prefill chunk 9/126 (7.1%) chunk=18.88 t/s avg=12.12 t/s 0.743s
0824 02:41:48 ds4-server: chat ctx=0..126:126 prefill chunk 10/126 (7.9%) chunk=19.13 t/s avg=12.58 t/s 0.795s
0824 02:41:48 ds4-server: chat ctx=0..126:126 prefill chunk 11/126 (8.7%) chunk=19.07 t/s avg=12.98 t/s 0.847s
0824 02:41:48 ds4-server: chat ctx=0..126:126 prefill chunk 12/126 (9.5%) chunk=18.93 t/s avg=13.33 t/s 0.900s
0824 02:41:48 ds4-server: chat ctx=0..126:126 prefill chunk 13/126 (10.3%) chunk=19.45 t/s avg=13.66 t/s 0.952s
0824 02:41:48 ds4-server: chat ctx=0..126:126 prefill chunk 14/126 (11.1%) chunk=18.66 t/s avg=13.93 t/s 1.005s
0824 02:41:48 ds4-server: chat ctx=0..126:126 prefill chunk 15/126 (11.9%) chunk=19.48 t/s avg=14.20 t/s 1.056s
0824 02:41:48 ds4-server: chat ctx=0..126:126 prefill chunk 16/126 (12.7%) chunk=18.85 t/s avg=14.42 t/s 1.109s
0824 02:41:48 ds4-server: chat ctx=0..126:126 prefill chunk 17/126 (13.5%) chunk=18.95 t/s avg=14.63 t/s 1.162s
0824 02:41:48 ds4-server: chat ctx=0..126:126 prefill chunk 18/126 (14.3%) chunk=18.67 t/s avg=14.80 t/s 1.216s
0824 02:41:48 ds4-server: chat ctx=0..126:126 prefill chunk 19/126 (15.1%) chunk=18.54 t/s avg=14.96 t/s 1.270s
0824 02:41:49 ds4-server: chat ctx=0..126:126 prefill chunk 20/126 (15.9%) chunk=19.25 t/s avg=15.13 t/s 1.322s
0824 02:41:49 ds4-server: chat ctx=0..126:126 prefill chunk 21/126 (16.7%) chunk=18.83 t/s avg=15.27 t/s 1.375s
0824 02:41:49 ds4-server: chat ctx=0..126:126 prefill chunk 22/126 (17.5%) chunk=18.59 t/s avg=15.40 t/s 1.429s
0824 02:41:49 ds4-server: chat ctx=0..126:126 prefill chunk 23/126 (18.3%) chunk=18.97 t/s avg=15.53 t/s 1.481s
0824 02:41:49 ds4-server: chat ctx=0..126:126 prefill chunk 24/126 (19.0%) chunk=18.69 t/s avg=15.64 t/s 1.535s
0824 02:41:49 ds4-server: chat ctx=0..126:126 prefill chunk 25/126 (19.8%) chunk=18.81 t/s avg=15.74 t/s 1.588s
0824 02:41:49 ds4-server: chat ctx=0..126:126 prefill chunk 26/126 (20.6%) chunk=19.03 t/s avg=15.85 t/s 1.640s
0824 02:41:49 ds4-server: chat ctx=0..126:126 prefill chunk 27/126 (21.4%) chunk=18.42 t/s avg=15.93 t/s 1.695s
0824 02:41:49 ds4-server: chat ctx=0..126:126 prefill chunk 28/126 (22.2%) chunk=18.07 t/s avg=16.00 t/s 1.750s
0824 02:41:49 ds4-server: chat ctx=0..126:126 prefill chunk 29/126 (23.0%) chunk=18.04 t/s avg=16.06 t/s 1.806s
0824 02:41:49 ds4-server: chat ctx=0..126:126 prefill chunk 30/126 (23.8%) chunk=19.40 t/s avg=16.15 t/s 1.857s
0824 02:41:49 ds4-server: chat ctx=0..126:126 prefill chunk 31/126 (24.6%) chunk=19.60 t/s avg=16.25 t/s 1.908s
0824 02:41:49 ds4-server: chat ctx=0..126:126 prefill chunk 32/126 (25.4%) chunk=19.65 t/s avg=16.33 t/s 1.959s
0824 02:41:49 ds4-server: chat ctx=0..126:126 prefill chunk 33/126 (26.2%) chunk=18.64 t/s avg=16.40 t/s 2.013s
0824 02:41:49 ds4-server: chat ctx=0..126:126 prefill chunk 34/126 (27.0%) chunk=18.21 t/s avg=16.44 t/s 2.068s
0824 02:41:49 ds4-server: chat ctx=0..126:126 prefill chunk 35/126 (27.8%) chunk=18.77 t/s avg=16.50 t/s 2.121s
0824 02:41:49 ds4-server: chat ctx=0..126:126 prefill chunk 36/126 (28.6%) chunk=18.68 t/s avg=16.56 t/s 2.174s
0824 02:41:49 ds4-server: chat ctx=0..126:126 prefill chunk 37/126 (29.4%) chunk=19.41 t/s avg=16.62 t/s 2.226s
0824 02:41:49 ds4-server: chat ctx=0..126:126 prefill chunk 38/126 (30.2%) chunk=18.78 t/s avg=16.67 t/s 2.279s
0824 02:41:50 ds4-server: chat ctx=0..126:126 prefill chunk 39/126 (31.0%) chunk=18.99 t/s avg=16.73 t/s 2.332s
0824 02:41:50 ds4-server: chat ctx=0..126:126 prefill chunk 40/126 (31.7%) chunk=19.51 t/s avg=16.78 t/s 2.383s
0824 02:41:50 ds4-server: chat ctx=0..126:126 prefill chunk 41/126 (32.5%) chunk=18.43 t/s avg=16.82 t/s 2.437s
0824 02:41:50 ds4-server: chat ctx=0..126:126 prefill chunk 42/126 (33.3%) chunk=19.18 t/s avg=16.87 t/s 2.489s
0824 02:41:50 ds4-server: chat ctx=0..126:126 prefill chunk 43/126 (34.1%) chunk=17.88 t/s avg=16.89 t/s 2.545s
0824 02:41:50 ds4-server: chat ctx=0..126:126 prefill chunk 44/126 (34.9%) chunk=17.49 t/s avg=16.91 t/s 2.603s
0824 02:41:50 ds4-server: chat ctx=0..126:126 prefill chunk 45/126 (35.7%) chunk=18.81 t/s avg=16.94 t/s 2.656s
0824 02:41:50 ds4-server: chat ctx=0..126:126 prefill chunk 46/126 (36.5%) chunk=18.63 t/s avg=16.98 t/s 2.709s
0824 02:41:50 ds4-server: chat ctx=0..126:126 prefill chunk 47/126 (37.3%) chunk=17.24 t/s avg=16.98 t/s 2.767s
0824 02:41:50 ds4-server: chat ctx=0..126:126 prefill chunk 48/126 (38.1%) chunk=18.13 t/s avg=17.01 t/s 2.823s
0824 02:41:50 ds4-server: chat ctx=0..126:126 prefill chunk 49/126 (38.9%) chunk=17.96 t/s avg=17.02 t/s 2.878s
0824 02:41:50 ds4-server: chat ctx=0..126:126 prefill chunk 50/126 (39.7%) chunk=17.28 t/s avg=17.03 t/s 2.936s
0824 02:41:50 ds4-server: chat ctx=0..126:126 prefill chunk 51/126 (40.5%) chunk=17.64 t/s avg=17.04 t/s 2.993s
0824 02:41:50 ds4-server: chat ctx=0..126:126 prefill chunk 52/126 (41.3%) chunk=17.19 t/s avg=17.04 t/s 3.051s
0824 02:41:50 ds4-server: chat ctx=0..126:126 prefill chunk 53/126 (42.1%) chunk=18.30 t/s avg=17.07 t/s 3.106s
0824 02:41:50 ds4-server: chat ctx=0..126:126 prefill chunk 54/126 (42.9%) chunk=19.36 t/s avg=17.10 t/s 3.157s
0824 02:41:50 ds4-server: chat ctx=0..126:126 prefill chunk 55/126 (43.7%) chunk=18.08 t/s avg=17.12 t/s 3.213s
0824 02:41:50 ds4-server: chat ctx=0..126:126 prefill chunk 56/126 (44.4%) chunk=19.01 t/s avg=17.15 t/s 3.265s
0824 02:41:51 ds4-server: chat ctx=0..126:126 prefill chunk 57/126 (45.2%) chunk=18.91 t/s avg=17.18 t/s 3.318s
0824 02:41:51 ds4-server: chat ctx=0..126:126 prefill chunk 58/126 (46.0%) chunk=18.30 t/s avg=17.20 t/s 3.373s
0824 02:41:51 ds4-server: chat ctx=0..126:126 prefill chunk 59/126 (46.8%) chunk=19.68 t/s avg=17.23 t/s 3.424s
0824 02:41:51 ds4-server: chat ctx=0..126:126 prefill chunk 60/126 (47.6%) chunk=19.09 t/s avg=17.26 t/s 3.476s
0824 02:41:51 ds4-server: chat ctx=0..126:126 prefill chunk 61/126 (48.4%) chunk=17.70 t/s avg=17.27 t/s 3.532s
0824 02:41:51 ds4-server: chat ctx=0..126:126 prefill chunk 62/126 (49.2%) chunk=19.17 t/s avg=17.30 t/s 3.585s
0824 02:41:51 ds4-server: chat ctx=0..126:126 prefill chunk 63/126 (50.0%) chunk=18.29 t/s avg=17.31 t/s 3.639s
0824 02:41:51 ds4-server: chat ctx=0..126:126 prefill chunk 64/126 (50.8%) chunk=19.21 t/s avg=17.34 t/s 3.691s
0824 02:41:51 ds4-server: chat ctx=0..126:126 prefill chunk 65/126 (51.6%) chunk=18.87 t/s avg=17.36 t/s 3.744s
0824 02:41:51 ds4-server: chat ctx=0..126:126 prefill chunk 66/126 (52.4%) chunk=18.24 t/s avg=17.37 t/s 3.799s
0824 02:41:51 ds4-server: chat ctx=0..126:126 prefill chunk 67/126 (53.2%) chunk=19.33 t/s avg=17.40 t/s 3.851s
0824 02:41:51 ds4-server: chat ctx=0..126:126 prefill chunk 68/126 (54.0%) chunk=18.33 t/s avg=17.41 t/s 3.905s
0824 02:41:51 ds4-server: chat ctx=0..126:126 prefill chunk 69/126 (54.8%) chunk=18.63 t/s avg=17.43 t/s 3.959s
0824 02:41:51 ds4-server: chat ctx=0..126:126 prefill chunk 70/126 (55.6%) chunk=18.67 t/s avg=17.44 t/s 4.013s
0824 02:41:51 ds4-server: chat ctx=0..126:126 prefill chunk 71/126 (56.3%) chunk=18.59 t/s avg=17.46 t/s 4.066s
0824 02:41:51 ds4-server: chat ctx=0..126:126 prefill chunk 72/126 (57.1%) chunk=18.63 t/s avg=17.48 t/s 4.120s
0824 02:41:51 ds4-server: chat ctx=0..126:126 prefill chunk 73/126 (57.9%) chunk=19.14 t/s avg=17.50 t/s 4.172s
0824 02:41:51 ds4-server: chat ctx=0..126:126 prefill chunk 74/126 (58.7%) chunk=18.48 t/s avg=17.51 t/s 4.226s
ds4: qwen35moe experts/token avg over 128 tokens: 0:14.5 1:14.6 2:15.4 3:16.1 4:15.5 5:15.7 6:15.6 7:16.4 8:16.3 9:16.2 10:15.9 11:15.8 12:16.5 13:15.7 14:16.4 15:16.8 16:17.1 17:16.3 18:16.7 19:16.8 20:17.4 21:16.7 22:16.7 23:16.5 24:17.0 25:16.4 26:17.0 27:16.8 28:17.0 29:17.4 30:17.7 31:17.3 32:17.6 33:17.5 34:17.9 35:19.0 36:19.2 37:19.2 38:19.3 39:18.7 | mean 16.8
0824 02:41:51 ds4-server: chat ctx=0..126:126 prefill chunk 75/126 (59.5%) chunk=18.91 t/s avg=17.53 t/s 4.279s
0824 02:41:52 ds4-server: chat ctx=0..126:126 prefill chunk 76/126 (60.3%) chunk=17.35 t/s avg=17.52 t/s 4.337s
0824 02:41:52 ds4-server: chat ctx=0..126:126 prefill chunk 77/126 (61.1%) chunk=18.24 t/s avg=17.53 t/s 4.392s
0824 02:41:52 ds4-server: chat ctx=0..126:126 prefill chunk 78/126 (61.9%) chunk=18.57 t/s avg=17.55 t/s 4.446s
0824 02:41:52 ds4-server: chat ctx=0..126:126 prefill chunk 79/126 (62.7%) chunk=17.95 t/s avg=17.55 t/s 4.501s
0824 02:41:52 ds4-server: chat ctx=0..126:126 prefill chunk 80/126 (63.5%) chunk=18.62 t/s avg=17.56 t/s 4.555s
0824 02:41:52 ds4-server: chat ctx=0..126:126 prefill chunk 81/126 (64.3%) chunk=18.81 t/s avg=17.58 t/s 4.608s
0824 02:41:52 ds4-server: chat ctx=0..126:126 prefill chunk 82/126 (65.1%) chunk=17.66 t/s avg=17.58 t/s 4.665s
0824 02:41:52 ds4-server: chat ctx=0..126:126 prefill chunk 83/126 (65.9%) chunk=18.72 t/s avg=17.59 t/s 4.718s
0824 02:41:52 ds4-server: chat ctx=0..126:126 prefill chunk 84/126 (66.7%) chunk=17.01 t/s avg=17.58 t/s 4.777s
0824 02:41:52 ds4-server: chat ctx=0..126:126 prefill chunk 85/126 (67.5%) chunk=17.60 t/s avg=17.58 t/s 4.834s
0824 02:41:52 ds4-server: chat ctx=0..126:126 prefill chunk 86/126 (68.3%) chunk=18.07 t/s avg=17.59 t/s 4.889s
0824 02:41:52 ds4-server: chat ctx=0..126:126 prefill chunk 87/126 (69.0%) chunk=18.46 t/s avg=17.60 t/s 4.943s
0824 02:41:52 ds4-server: chat ctx=0..126:126 prefill chunk 88/126 (69.8%) chunk=17.97 t/s avg=17.60 t/s 4.999s
0824 02:41:52 ds4-server: chat ctx=0..126:126 prefill chunk 89/126 (70.6%) chunk=17.56 t/s avg=17.60 t/s 5.056s
0824 02:41:52 ds4-server: chat ctx=0..126:126 prefill chunk 90/126 (71.4%) chunk=17.63 t/s avg=17.60 t/s 5.113s
0824 02:41:52 ds4-server: chat ctx=0..126:126 prefill chunk 91/126 (72.2%) chunk=17.70 t/s avg=17.60 t/s 5.169s
0824 02:41:52 ds4-server: chat ctx=0..126:126 prefill chunk 92/126 (73.0%) chunk=18.84 t/s avg=17.62 t/s 5.222s
0824 02:41:52 ds4-server: chat ctx=0..126:126 prefill chunk 93/126 (73.8%) chunk=18.60 t/s avg=17.63 t/s 5.276s
0824 02:41:53 ds4-server: chat ctx=0..126:126 prefill chunk 94/126 (74.6%) chunk=17.69 t/s avg=17.63 t/s 5.333s
0824 02:41:53 ds4-server: chat ctx=0..126:126 prefill chunk 95/126 (75.4%) chunk=17.79 t/s avg=17.63 t/s 5.389s
0824 02:41:53 ds4-server: chat ctx=0..126:126 prefill chunk 96/126 (76.2%) chunk=18.58 t/s avg=17.64 t/s 5.443s
0824 02:41:53 ds4-server: chat ctx=0..126:126 prefill chunk 97/126 (77.0%) chunk=17.78 t/s avg=17.64 t/s 5.499s
0824 02:41:53 ds4-server: chat ctx=0..126:126 prefill chunk 98/126 (77.8%) chunk=18.08 t/s avg=17.64 t/s 5.554s
0824 02:41:53 ds4-server: chat ctx=0..126:126 prefill chunk 99/126 (78.6%) chunk=18.24 t/s avg=17.65 t/s 5.609s
0824 02:41:53 ds4-server: chat ctx=0..126:126 prefill chunk 100/126 (79.4%) chunk=18.86 t/s avg=17.66 t/s 5.662s
0824 02:41:53 ds4-server: chat ctx=0..126:126 prefill chunk 101/126 (80.2%) chunk=17.50 t/s avg=17.66 t/s 5.719s
0824 02:41:53 ds4-server: chat ctx=0..126:126 prefill chunk 102/126 (81.0%) chunk=17.93 t/s avg=17.66 t/s 5.775s
0824 02:41:53 ds4-server: chat ctx=0..126:126 prefill chunk 103/126 (81.7%) chunk=18.79 t/s avg=17.67 t/s 5.828s
0824 02:41:53 ds4-server: chat ctx=0..126:126 prefill chunk 104/126 (82.5%) chunk=17.86 t/s avg=17.67 t/s 5.884s
0824 02:41:53 ds4-server: chat ctx=0..126:126 prefill chunk 105/126 (83.3%) chunk=17.30 t/s avg=17.67 t/s 5.942s
0824 02:41:53 ds4-server: chat ctx=0..126:126 prefill chunk 106/126 (84.1%) chunk=17.78 t/s avg=17.67 t/s 5.998s
0824 02:41:53 ds4-server: chat ctx=0..126:126 prefill chunk 107/126 (84.9%) chunk=17.71 t/s avg=17.67 t/s 6.055s
0824 02:41:53 ds4-server: chat ctx=0..126:126 prefill chunk 108/126 (85.7%) chunk=17.49 t/s avg=17.67 t/s 6.112s
0824 02:41:53 ds4-server: chat ctx=0..126:126 prefill chunk 109/126 (86.5%) chunk=17.05 t/s avg=17.66 t/s 6.171s
0824 02:41:53 ds4-server: chat ctx=0..126:126 prefill chunk 110/126 (87.3%) chunk=17.68 t/s avg=17.66 t/s 6.227s
0824 02:41:53 ds4-server: chat ctx=0..126:126 prefill chunk 111/126 (88.1%) chunk=17.35 t/s avg=17.66 t/s 6.285s
0824 02:41:54 ds4-server: chat ctx=0..126:126 prefill chunk 112/126 (88.9%) chunk=16.87 t/s avg=17.65 t/s 6.344s
0824 02:41:54 ds4-server: chat ctx=0..126:126 prefill chunk 113/126 (89.7%) chunk=17.82 t/s avg=17.66 t/s 6.400s
0824 02:41:54 ds4-server: chat ctx=0..126:126 prefill chunk 114/126 (90.5%) chunk=18.10 t/s avg=17.66 t/s 6.455s
0824 02:41:54 ds4-server: chat ctx=0..126:126 prefill chunk 115/126 (91.3%) chunk=17.39 t/s avg=17.66 t/s 6.513s
0824 02:41:54 ds4-server: chat ctx=0..126:126 prefill chunk 116/126 (92.1%) chunk=17.46 t/s avg=17.66 t/s 6.570s
0824 02:41:54 ds4-server: chat ctx=0..126:126 prefill chunk 117/126 (92.9%) chunk=18.38 t/s avg=17.66 t/s 6.625s
0824 02:41:54 ds4-server: chat ctx=0..126:126 prefill chunk 118/126 (93.7%) chunk=18.57 t/s avg=17.67 t/s 6.678s
0824 02:41:54 ds4-server: chat ctx=0..126:126 prefill chunk 119/126 (94.4%) chunk=18.39 t/s avg=17.67 t/s 6.733s
0824 02:41:54 ds4-server: chat ctx=0..126:126 prefill chunk 120/126 (95.2%) chunk=19.72 t/s avg=17.69 t/s 6.784s
0824 02:41:54 ds4-server: chat ctx=0..126:126 prefill chunk 121/126 (96.0%) chunk=18.10 t/s avg=17.69 t/s 6.839s
0824 02:41:54 ds4-server: chat ctx=0..126:126 prefill chunk 122/126 (96.8%) chunk=18.88 t/s avg=17.70 t/s 6.892s
0824 02:41:54 ds4-server: chat ctx=0..126:126 prefill chunk 123/126 (97.6%) chunk=18.72 t/s avg=17.71 t/s 6.945s
0824 02:41:54 ds4-server: chat ctx=0..126:126 prefill chunk 124/126 (98.4%) chunk=17.78 t/s avg=17.71 t/s 7.001s
0824 02:41:54 ds4-server: chat ctx=0..126:126 prefill chunk 125/126 (99.2%) chunk=20.27 t/s avg=17.73 t/s 7.051s
0824 02:41:54 ds4-server: chat ctx=0..126:126 prefill chunk 126/126 (100.0%) chunk=19.70 t/s avg=17.74 t/s 7.101s
0824 02:41:54 ds4-server: chat ctx=0..126:126 prompt done 7.102s
0824 02:41:57 ds4-server: chat ctx=126..176:50 gen=50 THINKING decoding chunk=18.16 t/s avg=18.16 t/s 2.754s
ds4: qwen35moe experts/token avg over 128 tokens: 0:15.1 1:15.2 2:15.2 3:15.8 4:15.0 5:16.5 6:15.8 7:16.3 8:16.9 9:17.2 10:15.1 11:15.1 12:16.8 13:15.2 14:16.0 15:16.6 16:16.5 17:15.4 18:16.5 19:16.6 20:16.7 21:17.1 22:16.2 23:16.3 24:17.0 25:16.5 26:16.8 27:16.2 28:15.9 29:16.5 30:16.9 31:17.4 32:15.9 33:17.2 34:17.2 35:17.6 36:18.1 37:19.0 38:19.2 39:18.5 | mean 16.5
0824 02:42:00 ds4-server: chat ctx=176..226:50 gen=100 THINKING decoding chunk=17.60 t/s avg=17.87 t/s 5.595s
0824 02:42:03 ds4-server: chat ctx=226..276:50 gen=150 THINKING decoding chunk=17.72 t/s avg=17.82 t/s 8.417s
0824 02:42:06 ds4-server: chat ctx=276..326:50 gen=200 THINKING decoding chunk=17.92 t/s avg=17.85 t/s 11.207s
ds4: qwen35moe experts/token avg over 128 tokens: 0:15.0 1:15.2 2:14.9 3:16.3 4:15.7 5:16.8 6:16.2 7:16.9 8:17.4 9:17.4 10:15.9 11:15.2 12:17.2 13:15.7 14:16.3 15:16.7 16:17.2 17:16.4 18:16.7 19:16.5 20:17.7 21:17.4 22:16.5 23:16.6 24:17.4 25:16.8 26:16.8 27:16.6 28:16.8 29:16.5 30:16.9 31:17.0 32:17.1 33:16.9 34:17.1 35:17.9 36:18.6 37:18.6 38:18.8 39:18.6 | mean 16.8
0824 02:42:08 ds4-server: chat ctx=326..376:50 gen=250 THINKING decoding chunk=17.52 t/s avg=17.78 t/s 14.061s
0824 02:42:11 ds4-server: chat ctx=376..426:50 gen=300 THINKING decoding chunk=17.87 t/s avg=17.79 t/s 16.860s
ds4: qwen35moe experts/token avg over 128 tokens: 0:14.5 1:14.6 2:15.1 3:16.5 4:15.8 5:16.1 6:16.0 7:16.4 8:17.2 9:17.2 10:15.4 11:16.0 12:17.0 13:16.3 14:16.8 15:16.2 16:16.6 17:16.4 18:16.2 19:16.2 20:17.3 21:16.5 22:15.5 23:16.0 24:16.4 25:16.1 26:16.4 27:16.2 28:16.4 29:16.4 30:16.6 31:16.6 32:16.4 33:16.3 34:16.5 35:16.9 36:17.6 37:17.6 38:18.2 39:17.6 | mean 16.4
0824 02:42:14 ds4-server: chat ctx=426..476:50 gen=350 THINKING decoding chunk=17.50 t/s avg=17.75 t/s 19.718s
0824 02:42:17 ds4-server: chat ctx=476..526:50 gen=400 THINKING decoding chunk=17.09 t/s avg=17.66 t/s 22.644s
0824 02:42:20 ds4-server: chat ctx=526..576:50 gen=450 THINKING decoding chunk=17.80 t/s avg=17.68 t/s 25.453s
ds4: qwen35moe experts/token avg over 128 tokens: 0:14.5 1:14.6 2:15.3 3:16.4 4:16.0 5:16.1 6:16.4 7:16.4 8:17.0 9:17.1 10:15.7 11:15.5 12:16.7 13:15.7 14:17.1 15:15.9 16:16.5 17:16.1 18:15.6 19:16.0 20:16.5 21:16.5 22:15.2 23:15.8 24:15.8 25:15.7 26:16.2 27:15.1 28:16.1 29:15.4 30:15.7 31:16.2 32:15.8 33:15.6 34:15.3 35:16.8 36:16.9 37:17.5 38:17.9 39:17.4 | mean 16.1
0824 02:42:23 ds4-server: chat ctx=576..626:50 gen=500 decoding chunk=17.47 t/s avg=17.66 t/s 28.315s
0824 02:42:24 ds4-server: chat ctx=626..648:22 gen=522 decoding chunk=16.26 t/s avg=17.59 t/s 29.668s
0824 02:42:24 ds4-server: thinking live checkpoint remembered ctx=0..126:126 live=648 visible=656
0824 02:42:24 ds4-server: chat ctx=0..126:126 gen=522 finish=stop 36.770s
