ds4: Metal device Apple M4 Pro, 48.00 GiB RAM
ds4: Metal 4 tensor API disabled for pre-M5/pre-A19 devices
ds4: drift-patch flags hc_stable=on norm_unify=on kv_raw_f32=off rope_exp2_log2=off math_safe=off tensor_matmul=off
ds4: Metal model views created in 1.347 ms, residency requested in 274.801 ms, warmup 3.363 ms (mapped 30358.12 MiB from offset 10.48 MiB)
ds4: Metal mapped mmaped model as 2 overlapping shared buffers
ds4: metal backend initialized for graph diagnostics
ds4: memory: KV 0.17 GiB (raw 0.17 + compressed 0.00) + buffers 0.00 GiB + resident model 29.65 GiB = 29.81 GiB planned
ds4: memory detail: ctx=32768 prefill_cap=4096 raw_kv_rows=4352 compressed_kv_rows=3 backend=metal
0824 00:51:21 ds4-server: context buffers 170.10 MiB (ctx=32768, backend=metal, prefill_chunk=4096, raw_kv_rows=4352, compressed_kv_rows=3)
0824 00:51:21 ds4-server: listening on http://127.0.0.1:8000
0824 00:51:39 ds4-server: chat ctx=0..161:161 prompt start
0824 00:51:40 ds4-server: chat ctx=0..161:161 prefill chunk 1/161 (0.6%) chunk=0.00 t/s avg=2.71 t/s 0.369s
0824 00:51:40 ds4-server: chat ctx=0..161:161 prefill chunk 2/161 (1.2%) chunk=25.29 t/s avg=4.89 t/s 0.409s
0824 00:51:40 ds4-server: chat ctx=0..161:161 prefill chunk 3/161 (1.9%) chunk=25.39 t/s avg=6.70 t/s 0.448s
0824 00:51:40 ds4-server: chat ctx=0..161:161 prefill chunk 4/161 (2.5%) chunk=25.21 t/s avg=8.20 t/s 0.488s
0824 00:51:40 ds4-server: chat ctx=0..161:161 prefill chunk 5/161 (3.1%) chunk=25.32 t/s avg=9.49 t/s 0.527s
0824 00:51:40 ds4-server: chat ctx=0..161:161 prefill chunk 6/161 (3.7%) chunk=25.40 t/s avg=10.59 t/s 0.566s
0824 00:51:40 ds4-server: chat ctx=0..161:161 prefill chunk 7/161 (4.3%) chunk=25.38 t/s avg=11.55 t/s 0.606s
0824 00:51:40 ds4-server: chat ctx=0..161:161 prefill chunk 8/161 (5.0%) chunk=25.80 t/s avg=12.41 t/s 0.645s
0824 00:51:40 ds4-server: chat ctx=0..161:161 prefill chunk 9/161 (5.6%) chunk=25.44 t/s avg=13.16 t/s 0.684s
0824 00:51:40 ds4-server: chat ctx=0..161:161 prefill chunk 10/161 (6.2%) chunk=25.40 t/s avg=13.82 t/s 0.723s
0824 00:51:40 ds4-server: chat ctx=0..161:161 prefill chunk 11/161 (6.8%) chunk=25.41 t/s avg=14.42 t/s 0.763s
0824 00:51:40 ds4-server: chat ctx=0..161:161 prefill chunk 12/161 (7.5%) chunk=25.42 t/s avg=14.96 t/s 0.802s
0824 00:51:40 ds4-server: chat ctx=0..161:161 prefill chunk 13/161 (8.1%) chunk=25.37 t/s avg=15.45 t/s 0.841s
0824 00:51:40 ds4-server: chat ctx=0..161:161 prefill chunk 14/161 (8.7%) chunk=25.38 t/s avg=15.89 t/s 0.881s
0824 00:51:40 ds4-server: chat ctx=0..161:161 prefill chunk 15/161 (9.3%) chunk=25.47 t/s avg=16.30 t/s 0.920s
0824 00:51:40 ds4-server: chat ctx=0..161:161 prefill chunk 16/161 (9.9%) chunk=25.53 t/s avg=16.68 t/s 0.959s
0824 00:51:40 ds4-server: chat ctx=0..161:161 prefill chunk 17/161 (10.6%) chunk=25.44 t/s avg=17.02 t/s 0.999s
0824 00:51:40 ds4-server: chat ctx=0..161:161 prefill chunk 18/161 (11.2%) chunk=25.31 t/s avg=17.34 t/s 1.038s
0824 00:51:40 ds4-server: chat ctx=0..161:161 prefill chunk 19/161 (11.8%) chunk=25.37 t/s avg=17.63 t/s 1.078s
0824 00:51:40 ds4-server: chat ctx=0..161:161 prefill chunk 20/161 (12.4%) chunk=25.34 t/s avg=17.91 t/s 1.117s
0824 00:51:40 ds4-server: chat ctx=0..161:161 prefill chunk 21/161 (13.0%) chunk=25.38 t/s avg=18.16 t/s 1.156s
0824 00:51:40 ds4-server: chat ctx=0..161:161 prefill chunk 22/161 (13.7%) chunk=25.39 t/s avg=18.40 t/s 1.196s
0824 00:51:40 ds4-server: chat ctx=0..161:161 prefill chunk 23/161 (14.3%) chunk=25.40 t/s avg=18.62 t/s 1.235s
0824 00:51:40 ds4-server: chat ctx=0..161:161 prefill chunk 24/161 (14.9%) chunk=25.35 t/s avg=18.83 t/s 1.275s
0824 00:51:40 ds4-server: chat ctx=0..161:161 prefill chunk 25/161 (15.5%) chunk=25.43 t/s avg=19.03 t/s 1.314s
0824 00:51:41 ds4-server: chat ctx=0..161:161 prefill chunk 26/161 (16.1%) chunk=25.51 t/s avg=19.22 t/s 1.353s
0824 00:51:41 ds4-server: chat ctx=0..161:161 prefill chunk 27/161 (16.8%) chunk=25.29 t/s avg=19.39 t/s 1.393s
0824 00:51:41 ds4-server: chat ctx=0..161:161 prefill chunk 28/161 (17.4%) chunk=25.41 t/s avg=19.55 t/s 1.432s
0824 00:51:41 ds4-server: chat ctx=0..161:161 prefill chunk 29/161 (18.0%) chunk=25.38 t/s avg=19.71 t/s 1.471s
0824 00:51:41 ds4-server: chat ctx=0..161:161 prefill chunk 30/161 (18.6%) chunk=25.36 t/s avg=19.86 t/s 1.511s
0824 00:51:41 ds4-server: chat ctx=0..161:161 prefill chunk 31/161 (19.3%) chunk=25.31 t/s avg=20.00 t/s 1.550s
0824 00:51:41 ds4-server: chat ctx=0..161:161 prefill chunk 32/161 (19.9%) chunk=25.29 t/s avg=20.13 t/s 1.590s
0824 00:51:41 ds4-server: chat ctx=0..161:161 prefill chunk 33/161 (20.5%) chunk=25.39 t/s avg=20.25 t/s 1.629s
0824 00:51:41 ds4-server: chat ctx=0..161:161 prefill chunk 34/161 (21.1%) chunk=25.39 t/s avg=20.38 t/s 1.669s
0824 00:51:41 ds4-server: chat ctx=0..161:161 prefill chunk 35/161 (21.7%) chunk=25.34 t/s avg=20.49 t/s 1.708s
0824 00:51:41 ds4-server: chat ctx=0..161:161 prefill chunk 36/161 (22.4%) chunk=25.30 t/s avg=20.60 t/s 1.748s
0824 00:51:41 ds4-server: chat ctx=0..161:161 prefill chunk 37/161 (23.0%) chunk=25.33 t/s avg=20.70 t/s 1.787s
0824 00:51:41 ds4-server: chat ctx=0..161:161 prefill chunk 38/161 (23.6%) chunk=25.31 t/s avg=20.80 t/s 1.827s
0824 00:51:41 ds4-server: chat ctx=0..161:161 prefill chunk 39/161 (24.2%) chunk=25.37 t/s avg=20.90 t/s 1.866s
0824 00:51:41 ds4-server: chat ctx=0..161:161 prefill chunk 40/161 (24.8%) chunk=25.34 t/s avg=20.99 t/s 1.905s
0824 00:51:41 ds4-server: chat ctx=0..161:161 prefill chunk 41/161 (25.5%) chunk=25.41 t/s avg=21.08 t/s 1.945s
0824 00:51:41 ds4-server: chat ctx=0..161:161 prefill chunk 42/161 (26.1%) chunk=25.33 t/s avg=21.17 t/s 1.984s
0824 00:51:41 ds4-server: chat ctx=0..161:161 prefill chunk 43/161 (26.7%) chunk=25.37 t/s avg=21.25 t/s 2.024s
0824 00:51:41 ds4-server: chat ctx=0..161:161 prefill chunk 44/161 (27.3%) chunk=25.20 t/s avg=21.32 t/s 2.063s
0824 00:51:41 ds4-server: chat ctx=0..161:161 prefill chunk 45/161 (28.0%) chunk=25.30 t/s avg=21.40 t/s 2.103s
0824 00:51:41 ds4-server: chat ctx=0..161:161 prefill chunk 46/161 (28.6%) chunk=25.31 t/s avg=21.47 t/s 2.142s
0824 00:51:41 ds4-server: chat ctx=0..161:161 prefill chunk 47/161 (29.2%) chunk=25.30 t/s avg=21.54 t/s 2.182s
0824 00:51:41 ds4-server: chat ctx=0..161:161 prefill chunk 48/161 (29.8%) chunk=25.32 t/s avg=21.61 t/s 2.221s
0824 00:51:41 ds4-server: chat ctx=0..161:161 prefill chunk 49/161 (30.4%) chunk=25.30 t/s avg=21.67 t/s 2.261s
0824 00:51:41 ds4-server: chat ctx=0..161:161 prefill chunk 50/161 (31.1%) chunk=25.27 t/s avg=21.73 t/s 2.301s
0824 00:51:42 ds4-server: chat ctx=0..161:161 prefill chunk 51/161 (31.7%) chunk=25.27 t/s avg=21.79 t/s 2.340s
0824 00:51:42 ds4-server: chat ctx=0..161:161 prefill chunk 52/161 (32.3%) chunk=25.33 t/s avg=21.85 t/s 2.380s
0824 00:51:42 ds4-server: chat ctx=0..161:161 prefill chunk 53/161 (32.9%) chunk=25.29 t/s avg=21.91 t/s 2.419s
0824 00:51:42 ds4-server: chat ctx=0..161:161 prefill chunk 54/161 (33.5%) chunk=25.42 t/s avg=21.96 t/s 2.459s
0824 00:51:42 ds4-server: chat ctx=0..161:161 prefill chunk 55/161 (34.2%) chunk=25.31 t/s avg=22.02 t/s 2.498s
0824 00:51:42 ds4-server: chat ctx=0..161:161 prefill chunk 56/161 (34.8%) chunk=25.42 t/s avg=22.07 t/s 2.537s
0824 00:51:42 ds4-server: chat ctx=0..161:161 prefill chunk 57/161 (35.4%) chunk=25.69 t/s avg=22.12 t/s 2.576s
0824 00:51:42 ds4-server: chat ctx=0..161:161 prefill chunk 58/161 (36.0%) chunk=25.27 t/s avg=22.17 t/s 2.616s
0824 00:51:42 ds4-server: chat ctx=0..161:161 prefill chunk 59/161 (36.6%) chunk=25.21 t/s avg=22.22 t/s 2.656s
0824 00:51:42 ds4-server: chat ctx=0..161:161 prefill chunk 60/161 (37.3%) chunk=25.23 t/s avg=22.26 t/s 2.695s
0824 00:51:42 ds4-server: chat ctx=0..161:161 prefill chunk 61/161 (37.9%) chunk=25.30 t/s avg=22.31 t/s 2.735s
0824 00:51:42 ds4-server: chat ctx=0..161:161 prefill chunk 62/161 (38.5%) chunk=25.21 t/s avg=22.35 t/s 2.774s
0824 00:51:42 ds4-server: chat ctx=0..161:161 prefill chunk 63/161 (39.1%) chunk=25.30 t/s avg=22.39 t/s 2.814s
0824 00:51:42 ds4-server: chat ctx=0..161:161 prefill chunk 64/161 (39.8%) chunk=25.56 t/s avg=22.43 t/s 2.853s
0824 00:51:42 ds4-server: chat ctx=0..161:161 prefill chunk 65/161 (40.4%) chunk=25.61 t/s avg=22.48 t/s 2.892s
0824 00:51:42 ds4-server: chat ctx=0..161:161 prefill chunk 66/161 (41.0%) chunk=25.22 t/s avg=22.51 t/s 2.932s
0824 00:51:42 ds4-server: chat ctx=0..161:161 prefill chunk 67/161 (41.6%) chunk=25.39 t/s avg=22.55 t/s 2.971s
0824 00:51:42 ds4-server: chat ctx=0..161:161 prefill chunk 68/161 (42.2%) chunk=25.25 t/s avg=22.59 t/s 3.011s
0824 00:51:42 ds4-server: chat ctx=0..161:161 prefill chunk 69/161 (42.9%) chunk=25.13 t/s avg=22.62 t/s 3.051s
0824 00:51:42 ds4-server: chat ctx=0..161:161 prefill chunk 70/161 (43.5%) chunk=25.24 t/s avg=22.65 t/s 3.090s
0824 00:51:42 ds4-server: chat ctx=0..161:161 prefill chunk 71/161 (44.1%) chunk=25.22 t/s avg=22.69 t/s 3.130s
0824 00:51:42 ds4-server: chat ctx=0..161:161 prefill chunk 72/161 (44.7%) chunk=25.19 t/s avg=22.72 t/s 3.170s
0824 00:51:42 ds4-server: chat ctx=0..161:161 prefill chunk 73/161 (45.3%) chunk=25.22 t/s avg=22.75 t/s 3.209s
0824 00:51:42 ds4-server: chat ctx=0..161:161 prefill chunk 74/161 (46.0%) chunk=25.23 t/s avg=22.78 t/s 3.249s
0824 00:51:42 ds4-server: chat ctx=0..161:161 prefill chunk 75/161 (46.6%) chunk=25.20 t/s avg=22.81 t/s 3.288s
0824 00:51:43 ds4-server: chat ctx=0..161:161 prefill chunk 76/161 (47.2%) chunk=25.16 t/s avg=22.83 t/s 3.328s
0824 00:51:43 ds4-server: chat ctx=0..161:161 prefill chunk 77/161 (47.8%) chunk=25.15 t/s avg=22.86 t/s 3.368s
0824 00:51:43 ds4-server: chat ctx=0..161:161 prefill chunk 78/161 (48.4%) chunk=25.14 t/s avg=22.89 t/s 3.408s
0824 00:51:43 ds4-server: chat ctx=0..161:161 prefill chunk 79/161 (49.1%) chunk=25.33 t/s avg=22.92 t/s 3.447s
0824 00:51:43 ds4-server: chat ctx=0..161:161 prefill chunk 80/161 (49.7%) chunk=25.21 t/s avg=22.94 t/s 3.487s
0824 00:51:43 ds4-server: chat ctx=0..161:161 prefill chunk 81/161 (50.3%) chunk=25.21 t/s avg=22.97 t/s 3.527s
0824 00:51:43 ds4-server: chat ctx=0..161:161 prefill chunk 82/161 (50.9%) chunk=25.09 t/s avg=22.99 t/s 3.566s
0824 00:51:43 ds4-server: chat ctx=0..161:161 prefill chunk 83/161 (51.6%) chunk=25.53 t/s avg=23.02 t/s 3.606s
0824 00:51:43 ds4-server: chat ctx=0..161:161 prefill chunk 84/161 (52.2%) chunk=25.43 t/s avg=23.05 t/s 3.645s
0824 00:51:43 ds4-server: chat ctx=0..161:161 prefill chunk 85/161 (52.8%) chunk=25.71 t/s avg=23.07 t/s 3.684s
0824 00:51:43 ds4-server: chat ctx=0..161:161 prefill chunk 86/161 (53.4%) chunk=25.84 t/s avg=23.10 t/s 3.723s
0824 00:51:43 ds4-server: chat ctx=0..161:161 prefill chunk 87/161 (54.0%) chunk=25.19 t/s avg=23.12 t/s 3.762s
0824 00:51:43 ds4-server: chat ctx=0..161:161 prefill chunk 88/161 (54.7%) chunk=25.14 t/s avg=23.15 t/s 3.802s
0824 00:51:43 ds4-server: chat ctx=0..161:161 prefill chunk 89/161 (55.3%) chunk=25.11 t/s avg=23.17 t/s 3.842s
0824 00:51:43 ds4-server: chat ctx=0..161:161 prefill chunk 90/161 (55.9%) chunk=25.14 t/s avg=23.19 t/s 3.882s
0824 00:51:43 ds4-server: chat ctx=0..161:161 prefill chunk 91/161 (56.5%) chunk=25.11 t/s avg=23.21 t/s 3.921s
0824 00:51:43 ds4-server: chat ctx=0..161:161 prefill chunk 92/161 (57.1%) chunk=25.08 t/s avg=23.22 t/s 3.961s
0824 00:51:43 ds4-server: chat ctx=0..161:161 prefill chunk 93/161 (57.8%) chunk=25.22 t/s avg=23.24 t/s 4.001s
0824 00:51:43 ds4-server: chat ctx=0..161:161 prefill chunk 94/161 (58.4%) chunk=25.63 t/s avg=23.27 t/s 4.040s
0824 00:51:43 ds4-server: chat ctx=0..161:161 prefill chunk 95/161 (59.0%) chunk=25.68 t/s avg=23.29 t/s 4.079s
0824 00:51:43 ds4-server: chat ctx=0..161:161 prefill chunk 96/161 (59.6%) chunk=25.67 t/s avg=23.31 t/s 4.118s
0824 00:51:43 ds4-server: chat ctx=0..161:161 prefill chunk 97/161 (60.2%) chunk=25.54 t/s avg=23.33 t/s 4.157s
0824 00:51:43 ds4-server: chat ctx=0..161:161 prefill chunk 98/161 (60.9%) chunk=25.26 t/s avg=23.35 t/s 4.197s
0824 00:51:43 ds4-server: chat ctx=0..161:161 prefill chunk 99/161 (61.5%) chunk=25.56 t/s avg=23.37 t/s 4.236s
0824 00:51:43 ds4-server: chat ctx=0..161:161 prefill chunk 100/161 (62.1%) chunk=25.54 t/s avg=23.39 t/s 4.275s
0824 00:51:43 ds4-server: chat ctx=0..161:161 prefill chunk 101/161 (62.7%) chunk=25.48 t/s avg=23.41 t/s 4.314s
0824 00:51:44 ds4-server: chat ctx=0..161:161 prefill chunk 102/161 (63.4%) chunk=25.20 t/s avg=23.43 t/s 4.354s
0824 00:51:44 ds4-server: chat ctx=0..161:161 prefill chunk 103/161 (64.0%) chunk=25.25 t/s avg=23.44 t/s 4.393s
0824 00:51:44 ds4-server: chat ctx=0..161:161 prefill chunk 104/161 (64.6%) chunk=25.11 t/s avg=23.46 t/s 4.433s
0824 00:51:44 ds4-server: chat ctx=0..161:161 prefill chunk 105/161 (65.2%) chunk=25.30 t/s avg=23.48 t/s 4.473s
0824 00:51:44 ds4-server: chat ctx=0..161:161 prefill chunk 106/161 (65.8%) chunk=25.19 t/s avg=23.49 t/s 4.512s
0824 00:51:44 ds4-server: chat ctx=0..161:161 prefill chunk 107/161 (66.5%) chunk=25.02 t/s avg=23.50 t/s 4.552s
0824 00:51:44 ds4-server: chat ctx=0..161:161 prefill chunk 108/161 (67.1%) chunk=24.99 t/s avg=23.52 t/s 4.592s
0824 00:51:44 ds4-server: chat ctx=0..161:161 prefill chunk 109/161 (67.7%) chunk=25.06 t/s avg=23.53 t/s 4.632s
0824 00:51:44 ds4-server: chat ctx=0..161:161 prefill chunk 110/161 (68.3%) chunk=25.04 t/s avg=23.54 t/s 4.672s
0824 00:51:44 ds4-server: chat ctx=0..161:161 prefill chunk 111/161 (68.9%) chunk=25.06 t/s avg=23.56 t/s 4.712s
0824 00:51:44 ds4-server: chat ctx=0..161:161 prefill chunk 112/161 (69.6%) chunk=25.04 t/s avg=23.57 t/s 4.752s
0824 00:51:44 ds4-server: chat ctx=0..161:161 prefill chunk 113/161 (70.2%) chunk=25.07 t/s avg=23.58 t/s 4.792s
0824 00:51:44 ds4-server: chat ctx=0..161:161 prefill chunk 114/161 (70.8%) chunk=25.11 t/s avg=23.59 t/s 4.832s
0824 00:51:44 ds4-server: chat ctx=0..161:161 prefill chunk 115/161 (71.4%) chunk=25.04 t/s avg=23.61 t/s 4.872s
0824 00:51:44 ds4-server: chat ctx=0..161:161 prefill chunk 116/161 (72.0%) chunk=25.05 t/s avg=23.62 t/s 4.912s
0824 00:51:44 ds4-server: chat ctx=0..161:161 prefill chunk 117/161 (72.7%) chunk=25.06 t/s avg=23.63 t/s 4.952s
0824 00:51:44 ds4-server: chat ctx=0..161:161 prefill chunk 118/161 (73.3%) chunk=25.02 t/s avg=23.64 t/s 4.992s
0824 00:51:44 ds4-server: chat ctx=0..161:161 prefill chunk 119/161 (73.9%) chunk=25.01 t/s avg=23.65 t/s 5.032s
0824 00:51:44 ds4-server: chat ctx=0..161:161 prefill chunk 120/161 (74.5%) chunk=24.91 t/s avg=23.66 t/s 5.072s
0824 00:51:44 ds4-server: chat ctx=0..161:161 prefill chunk 121/161 (75.2%) chunk=25.06 t/s avg=23.67 t/s 5.112s
0824 00:51:44 ds4-server: chat ctx=0..161:161 prefill chunk 122/161 (75.8%) chunk=25.05 t/s avg=23.68 t/s 5.152s
0824 00:51:44 ds4-server: chat ctx=0..161:161 prefill chunk 123/161 (76.4%) chunk=25.05 t/s avg=23.69 t/s 5.191s
0824 00:51:44 ds4-server: chat ctx=0..161:161 prefill chunk 124/161 (77.0%) chunk=25.00 t/s avg=23.70 t/s 5.231s
0824 00:51:44 ds4-server: chat ctx=0..161:161 prefill chunk 125/161 (77.6%) chunk=24.89 t/s avg=23.71 t/s 5.272s
0824 00:51:44 ds4-server: chat ctx=0..161:161 prefill chunk 126/161 (78.3%) chunk=25.02 t/s avg=23.72 t/s 5.312s
0824 00:51:45 ds4-server: chat ctx=0..161:161 prefill chunk 127/161 (78.9%) chunk=24.87 t/s avg=23.73 t/s 5.352s
0824 00:51:45 ds4-server: chat ctx=0..161:161 prefill chunk 128/161 (79.5%) chunk=25.05 t/s avg=23.74 t/s 5.392s
0824 00:51:45 ds4-server: chat ctx=0..161:161 prefill chunk 129/161 (80.1%) chunk=25.07 t/s avg=23.75 t/s 5.432s
0824 00:51:45 ds4-server: chat ctx=0..161:161 prefill chunk 130/161 (80.7%) chunk=25.01 t/s avg=23.76 t/s 5.472s
0824 00:51:45 ds4-server: chat ctx=0..161:161 prefill chunk 131/161 (81.4%) chunk=24.95 t/s avg=23.77 t/s 5.512s
0824 00:51:45 ds4-server: chat ctx=0..161:161 prefill chunk 132/161 (82.0%) chunk=24.93 t/s avg=23.78 t/s 5.552s
0824 00:51:45 ds4-server: chat ctx=0..161:161 prefill chunk 133/161 (82.6%) chunk=25.03 t/s avg=23.79 t/s 5.592s
0824 00:51:45 ds4-server: chat ctx=0..161:161 prefill chunk 134/161 (83.2%) chunk=25.02 t/s avg=23.79 t/s 5.632s
0824 00:51:45 ds4-server: chat ctx=0..161:161 prefill chunk 135/161 (83.9%) chunk=24.99 t/s avg=23.80 t/s 5.672s
0824 00:51:45 ds4-server: chat ctx=0..161:161 prefill chunk 136/161 (84.5%) chunk=24.94 t/s avg=23.81 t/s 5.712s
0824 00:51:45 ds4-server: chat ctx=0..161:161 prefill chunk 137/161 (85.1%) chunk=24.94 t/s avg=23.82 t/s 5.752s
0824 00:51:45 ds4-server: chat ctx=0..161:161 prefill chunk 138/161 (85.7%) chunk=25.00 t/s avg=23.83 t/s 5.792s
0824 00:51:45 ds4-server: chat ctx=0..161:161 prefill chunk 139/161 (86.3%) chunk=24.89 t/s avg=23.83 t/s 5.832s
0824 00:51:45 ds4-server: chat ctx=0..161:161 prefill chunk 140/161 (87.0%) chunk=24.96 t/s avg=23.84 t/s 5.872s
0824 00:51:45 ds4-server: chat ctx=0..161:161 prefill chunk 141/161 (87.6%) chunk=24.95 t/s avg=23.85 t/s 5.912s
0824 00:51:45 ds4-server: chat ctx=0..161:161 prefill chunk 142/161 (88.2%) chunk=25.03 t/s avg=23.86 t/s 5.952s
0824 00:51:45 ds4-server: chat ctx=0..161:161 prefill chunk 143/161 (88.8%) chunk=24.96 t/s avg=23.86 t/s 5.992s
0824 00:51:45 ds4-server: chat ctx=0..161:161 prefill chunk 144/161 (89.4%) chunk=24.91 t/s avg=23.87 t/s 6.032s
0824 00:51:45 ds4-server: chat ctx=0..161:161 prefill chunk 145/161 (90.1%) chunk=25.13 t/s avg=23.88 t/s 6.072s
0824 00:51:45 ds4-server: chat ctx=0..161:161 prefill chunk 146/161 (90.7%) chunk=25.43 t/s avg=23.89 t/s 6.112s
0824 00:51:45 ds4-server: chat ctx=0..161:161 prefill chunk 147/161 (91.3%) chunk=24.88 t/s avg=23.90 t/s 6.152s
0824 00:51:45 ds4-server: chat ctx=0..161:161 prefill chunk 148/161 (91.9%) chunk=24.98 t/s avg=23.90 t/s 6.192s
0824 00:51:45 ds4-server: chat ctx=0..161:161 prefill chunk 149/161 (92.5%) chunk=25.00 t/s avg=23.91 t/s 6.232s
0824 00:51:45 ds4-server: chat ctx=0..161:161 prefill chunk 150/161 (93.2%) chunk=24.95 t/s avg=23.92 t/s 6.272s
0824 00:51:45 ds4-server: chat ctx=0..161:161 prefill chunk 151/161 (93.8%) chunk=24.95 t/s avg=23.92 t/s 6.312s
0824 00:51:46 ds4-server: chat ctx=0..161:161 prefill chunk 152/161 (94.4%) chunk=24.93 t/s avg=23.93 t/s 6.352s
0824 00:51:46 ds4-server: chat ctx=0..161:161 prefill chunk 153/161 (95.0%) chunk=24.99 t/s avg=23.94 t/s 6.392s
0824 00:51:46 ds4-server: chat ctx=0..161:161 prefill chunk 154/161 (95.7%) chunk=25.00 t/s avg=23.94 t/s 6.432s
0824 00:51:46 ds4-server: chat ctx=0..161:161 prefill chunk 155/161 (96.3%) chunk=25.09 t/s avg=23.95 t/s 6.472s
0824 00:51:46 ds4-server: chat ctx=0..161:161 prefill chunk 156/161 (96.9%) chunk=24.92 t/s avg=23.96 t/s 6.512s
0824 00:51:46 ds4-server: chat ctx=0..161:161 prefill chunk 157/161 (97.5%) chunk=24.81 t/s avg=23.96 t/s 6.552s
0824 00:51:46 ds4-server: chat ctx=0..161:161 prefill chunk 158/161 (98.1%) chunk=24.97 t/s avg=23.97 t/s 6.592s
0824 00:51:46 ds4-server: chat ctx=0..161:161 prefill chunk 159/161 (98.8%) chunk=25.04 t/s avg=23.97 t/s 6.632s
0824 00:51:46 ds4-server: chat ctx=0..161:161 prefill chunk 160/161 (99.4%) chunk=24.94 t/s avg=23.98 t/s 6.672s
0824 00:51:46 ds4-server: chat ctx=0..161:161 prefill chunk 161/161 (100.0%) chunk=24.89 t/s avg=23.98 t/s 6.713s
0824 00:51:46 ds4-server: chat ctx=0..161:161 prompt done 6.713s
0824 00:51:48 ds4-server: chat ctx=161..211:50 gen=50 THINKING decoding chunk=24.79 t/s avg=24.79 t/s 2.017s
0824 00:51:50 ds4-server: chat ctx=211..261:50 gen=100 THINKING decoding chunk=24.61 t/s avg=24.70 t/s 4.049s
0824 00:51:52 ds4-server: chat ctx=261..311:50 gen=150 THINKING decoding chunk=24.44 t/s avg=24.61 t/s 6.094s
0824 00:51:54 ds4-server: chat ctx=311..361:50 gen=200 THINKING decoding chunk=24.29 t/s avg=24.53 t/s 8.153s
0824 00:51:56 ds4-server: chat ctx=361..411:50 gen=250 THINKING decoding chunk=24.12 t/s avg=24.45 t/s 10.226s
0824 00:51:58 ds4-server: chat ctx=411..461:50 gen=300 THINKING decoding chunk=23.96 t/s avg=24.36 t/s 12.313s
0824 00:52:00 ds4-server: chat ctx=461..511:50 gen=350 THINKING decoding chunk=23.80 t/s avg=24.28 t/s 14.414s
0824 00:52:02 ds4-server: chat ctx=511..561:50 gen=400 THINKING decoding chunk=23.68 t/s avg=24.21 t/s 16.525s
0824 00:52:05 ds4-server: chat ctx=561..611:50 gen=450 THINKING decoding chunk=23.48 t/s avg=24.12 t/s 18.655s
0824 00:52:07 ds4-server: chat ctx=611..661:50 gen=500 THINKING decoding chunk=23.32 t/s avg=24.04 t/s 20.798s
0824 00:52:09 ds4-server: chat ctx=661..711:50 gen=550 THINKING decoding chunk=23.18 t/s avg=23.96 t/s 22.956s
0824 00:52:11 ds4-server: chat ctx=711..761:50 gen=600 THINKING decoding chunk=23.01 t/s avg=23.88 t/s 25.128s
0824 00:52:13 ds4-server: chat ctx=761..811:50 gen=650 THINKING decoding chunk=22.87 t/s avg=23.80 t/s 27.314s
0824 00:52:15 ds4-server: chat ctx=811..861:50 gen=700 THINKING decoding chunk=22.73 t/s avg=23.72 t/s 29.513s
0824 00:52:18 ds4-server: chat ctx=861..911:50 gen=750 THINKING decoding chunk=22.57 t/s avg=23.64 t/s 31.729s
0824 00:52:20 ds4-server: chat ctx=911..961:50 gen=800 THINKING decoding chunk=22.44 t/s avg=23.56 t/s 33.956s
0824 00:52:22 ds4-server: chat ctx=961..1011:50 gen=850 THINKING decoding chunk=22.29 t/s avg=23.48 t/s 36.200s
0824 00:52:24 ds4-server: chat ctx=1011..1061:50 gen=900 THINKING decoding chunk=22.17 t/s avg=23.40 t/s 38.455s
0824 00:52:27 ds4-server: chat ctx=1061..1111:50 gen=950 THINKING decoding chunk=22.02 t/s avg=23.33 t/s 40.726s
0824 00:52:29 ds4-server: chat ctx=1111..1161:50 gen=1000 THINKING decoding chunk=21.87 t/s avg=23.25 t/s 43.012s
0824 00:52:31 ds4-server: chat ctx=1161..1211:50 gen=1050 THINKING decoding chunk=21.76 t/s avg=23.17 t/s 45.310s
0824 00:52:34 ds4-server: chat ctx=1211..1261:50 gen=1100 THINKING decoding chunk=21.60 t/s avg=23.10 t/s 47.624s
0824 00:52:36 ds4-server: chat ctx=1261..1311:50 gen=1150 THINKING decoding chunk=21.48 t/s avg=23.02 t/s 49.952s
0824 00:52:38 ds4-server: chat ctx=1311..1361:50 gen=1200 THINKING decoding chunk=21.38 t/s avg=22.95 t/s 52.291s
0824 00:52:41 ds4-server: chat ctx=1361..1411:50 gen=1250 THINKING decoding chunk=21.23 t/s avg=22.87 t/s 54.645s
0824 00:52:43 ds4-server: chat ctx=1411..1461:50 gen=1300 THINKING decoding chunk=21.14 t/s avg=22.80 t/s 57.011s
0824 00:52:45 ds4-server: chat ctx=1461..1511:50 gen=1350 THINKING decoding chunk=21.06 t/s avg=22.73 t/s 59.386s
0824 00:52:48 ds4-server: chat ctx=1511..1561:50 gen=1400 THINKING decoding chunk=20.91 t/s avg=22.66 t/s 61.777s
0824 00:52:50 ds4-server: chat ctx=1561..1611:50 gen=1450 THINKING decoding chunk=20.72 t/s avg=22.59 t/s 64.189s
0824 00:52:53 ds4-server: chat ctx=1611..1661:50 gen=1500 THINKING decoding chunk=20.63 t/s avg=22.52 t/s 66.613s
0824 00:52:55 ds4-server: chat ctx=1661..1711:50 gen=1550 THINKING decoding chunk=20.49 t/s avg=22.45 t/s 69.052s
0824 00:52:57 ds4-server: chat ctx=1711..1761:50 gen=1600 THINKING decoding chunk=20.38 t/s avg=22.38 t/s 71.506s
0824 00:53:00 ds4-server: chat ctx=1761..1811:50 gen=1650 THINKING decoding chunk=20.25 t/s avg=22.30 t/s 73.976s
0824 00:53:02 ds4-server: chat ctx=1811..1861:50 gen=1700 THINKING decoding chunk=20.18 t/s avg=22.24 t/s 76.453s
0824 00:53:05 ds4-server: chat ctx=1861..1911:50 gen=1750 THINKING decoding chunk=20.02 t/s avg=22.17 t/s 78.951s
0824 00:53:07 ds4-server: chat ctx=1911..1961:50 gen=1800 THINKING decoding chunk=19.93 t/s avg=22.10 t/s 81.461s
0824 00:53:10 ds4-server: chat ctx=1961..2011:50 gen=1850 THINKING decoding chunk=19.79 t/s avg=22.03 t/s 83.986s
0824 00:53:12 ds4-server: chat ctx=2011..2061:50 gen=1900 THINKING decoding chunk=19.71 t/s avg=21.96 t/s 86.523s
0824 00:53:15 ds4-server: chat ctx=2061..2111:50 gen=1950 THINKING decoding chunk=19.58 t/s avg=21.89 t/s 89.077s
0824 00:53:18 ds4-server: chat ctx=2111..2161:50 gen=2000 THINKING decoding chunk=19.49 t/s avg=21.82 t/s 91.643s
0824 00:53:20 ds4-server: chat ctx=2161..2211:50 gen=2050 THINKING decoding chunk=19.36 t/s avg=21.76 t/s 94.225s
0824 00:53:23 ds4-server: chat ctx=2211..2261:50 gen=2100 THINKING decoding chunk=19.27 t/s avg=21.69 t/s 96.819s
0824 00:53:25 ds4-server: chat ctx=2261..2311:50 gen=2150 THINKING decoding chunk=19.15 t/s avg=21.62 t/s 99.430s
0824 00:53:28 ds4-server: chat ctx=2311..2361:50 gen=2200 THINKING decoding chunk=19.06 t/s avg=21.56 t/s 102.054s
0824 00:53:31 ds4-server: chat ctx=2361..2411:50 gen=2250 THINKING decoding chunk=18.95 t/s avg=21.49 t/s 104.692s
0824 00:53:33 ds4-server: chat ctx=2411..2461:50 gen=2300 decoding chunk=18.87 t/s avg=21.43 t/s 107.343s
0824 00:53:36 ds4-server: chat ctx=2461..2511:50 gen=2350 decoding chunk=18.75 t/s avg=21.36 t/s 110.009s
0824 00:53:36 ds4-server: chat ctx=2511..2515:4 gen=2354 decoding chunk=18.69 t/s avg=21.36 t/s 110.223s
0824 00:53:36 ds4-server: thinking live checkpoint remembered ctx=0..161:161 live=2515 visible=815
0824 00:53:36 ds4-server: chat ctx=0..161:161 gen=2354 finish=stop 116.936s
0824 00:53:38 ds4-server: live kv cache miss live=2515 prompt=153 common=37 reason=token-mismatch
0824 00:53:38 ds4-server: chat ctx=0..153:153 prompt start
0824 00:53:39 ds4-server: chat ctx=0..153:153 prefill chunk 1/153 (0.7%) chunk=0.00 t/s avg=3.19 t/s 0.313s
0824 00:53:39 ds4-server: chat ctx=0..153:153 prefill chunk 2/153 (1.3%) chunk=25.45 t/s avg=5.68 t/s 0.352s
0824 00:53:39 ds4-server: chat ctx=0..153:153 prefill chunk 3/153 (2.0%) chunk=25.45 t/s avg=7.66 t/s 0.392s
0824 00:53:39 ds4-server: chat ctx=0..153:153 prefill chunk 4/153 (2.6%) chunk=25.47 t/s avg=9.28 t/s 0.431s
0824 00:53:39 ds4-server: chat ctx=0..153:153 prefill chunk 5/153 (3.3%) chunk=25.42 t/s avg=10.63 t/s 0.470s
0824 00:53:39 ds4-server: chat ctx=0..153:153 prefill chunk 6/153 (3.9%) chunk=25.45 t/s avg=11.77 t/s 0.510s
0824 00:53:39 ds4-server: chat ctx=0..153:153 prefill chunk 7/153 (4.6%) chunk=25.44 t/s avg=12.75 t/s 0.549s
0824 00:53:39 ds4-server: chat ctx=0..153:153 prefill chunk 8/153 (5.2%) chunk=25.41 t/s avg=13.60 t/s 0.588s
0824 00:53:39 ds4-server: chat ctx=0..153:153 prefill chunk 9/153 (5.9%) chunk=25.46 t/s avg=14.34 t/s 0.628s
0824 00:53:39 ds4-server: chat ctx=0..153:153 prefill chunk 10/153 (6.5%) chunk=25.43 t/s avg=15.00 t/s 0.667s
0824 00:53:39 ds4-server: chat ctx=0..153:153 prefill chunk 11/153 (7.2%) chunk=25.45 t/s avg=15.58 t/s 0.706s
0824 00:53:39 ds4-server: chat ctx=0..153:153 prefill chunk 12/153 (7.8%) chunk=25.45 t/s avg=16.10 t/s 0.745s
0824 00:53:39 ds4-server: chat ctx=0..153:153 prefill chunk 13/153 (8.5%) chunk=25.30 t/s avg=16.56 t/s 0.785s
0824 00:53:39 ds4-server: chat ctx=0..153:153 prefill chunk 14/153 (9.2%) chunk=25.40 t/s avg=16.98 t/s 0.824s
0824 00:53:39 ds4-server: chat ctx=0..153:153 prefill chunk 15/153 (9.8%) chunk=25.42 t/s avg=17.37 t/s 0.864s
0824 00:53:39 ds4-server: chat ctx=0..153:153 prefill chunk 16/153 (10.5%) chunk=25.41 t/s avg=17.72 t/s 0.903s
0824 00:53:39 ds4-server: chat ctx=0..153:153 prefill chunk 17/153 (11.1%) chunk=25.40 t/s avg=18.04 t/s 0.942s
0824 00:53:39 ds4-server: chat ctx=0..153:153 prefill chunk 18/153 (11.8%) chunk=25.39 t/s avg=18.33 t/s 0.982s
0824 00:53:39 ds4-server: chat ctx=0..153:153 prefill chunk 19/153 (12.4%) chunk=25.42 t/s avg=18.61 t/s 1.021s
0824 00:53:39 ds4-server: chat ctx=0..153:153 prefill chunk 20/153 (13.1%) chunk=25.39 t/s avg=18.86 t/s 1.061s
0824 00:53:40 ds4-server: chat ctx=0..153:153 prefill chunk 21/153 (13.7%) chunk=25.35 t/s avg=19.09 t/s 1.100s
0824 00:53:40 ds4-server: chat ctx=0..153:153 prefill chunk 22/153 (14.4%) chunk=25.41 t/s avg=19.31 t/s 1.139s
0824 00:53:40 ds4-server: chat ctx=0..153:153 prefill chunk 23/153 (15.0%) chunk=25.44 t/s avg=19.51 t/s 1.179s
0824 00:53:40 ds4-server: chat ctx=0..153:153 prefill chunk 24/153 (15.7%) chunk=25.46 t/s avg=19.71 t/s 1.218s
0824 00:53:40 ds4-server: chat ctx=0..153:153 prefill chunk 25/153 (16.3%) chunk=25.39 t/s avg=19.88 t/s 1.257s
0824 00:53:40 ds4-server: chat ctx=0..153:153 prefill chunk 26/153 (17.0%) chunk=25.29 t/s avg=20.05 t/s 1.297s
0824 00:53:40 ds4-server: chat ctx=0..153:153 prefill chunk 27/153 (17.6%) chunk=25.45 t/s avg=20.21 t/s 1.336s
0824 00:53:40 ds4-server: chat ctx=0..153:153 prefill chunk 28/153 (18.3%) chunk=25.39 t/s avg=20.36 t/s 1.376s
0824 00:53:40 ds4-server: chat ctx=0..153:153 prefill chunk 29/153 (19.0%) chunk=25.41 t/s avg=20.50 t/s 1.415s
0824 00:53:40 ds4-server: chat ctx=0..153:153 prefill chunk 30/153 (19.6%) chunk=25.38 t/s avg=20.63 t/s 1.454s
0824 00:53:40 ds4-server: chat ctx=0..153:153 prefill chunk 31/153 (20.3%) chunk=25.36 t/s avg=20.75 t/s 1.494s
0824 00:53:40 ds4-server: chat ctx=0..153:153 prefill chunk 32/153 (20.9%) chunk=25.30 t/s avg=20.87 t/s 1.533s
0824 00:53:40 ds4-server: chat ctx=0..153:153 prefill chunk 33/153 (21.6%) chunk=25.36 t/s avg=20.98 t/s 1.573s
0824 00:53:40 ds4-server: chat ctx=0..153:153 prefill chunk 34/153 (22.2%) chunk=25.38 t/s avg=21.09 t/s 1.612s
0824 00:53:40 ds4-server: chat ctx=0..153:153 prefill chunk 35/153 (22.9%) chunk=25.23 t/s avg=21.19 t/s 1.652s
0824 00:53:40 ds4-server: chat ctx=0..153:153 prefill chunk 36/153 (23.5%) chunk=25.40 t/s avg=21.29 t/s 1.691s
0824 00:53:40 ds4-server: chat ctx=0..153:153 prefill chunk 37/153 (24.2%) chunk=25.29 t/s avg=21.38 t/s 1.731s
0824 00:53:40 ds4-server: chat ctx=0..153:153 prefill chunk 38/153 (24.8%) chunk=25.33 t/s avg=21.47 t/s 1.770s
0824 00:53:40 ds4-server: chat ctx=0..153:153 prefill chunk 39/153 (25.5%) chunk=25.32 t/s avg=21.55 t/s 1.810s
0824 00:53:40 ds4-server: chat ctx=0..153:153 prefill chunk 40/153 (26.1%) chunk=25.36 t/s avg=21.63 t/s 1.849s
0824 00:53:40 ds4-server: chat ctx=0..153:153 prefill chunk 41/153 (26.8%) chunk=25.35 t/s avg=21.71 t/s 1.888s
0824 00:53:40 ds4-server: chat ctx=0..153:153 prefill chunk 42/153 (27.5%) chunk=25.27 t/s avg=21.78 t/s 1.928s
0824 00:53:40 ds4-server: chat ctx=0..153:153 prefill chunk 43/153 (28.1%) chunk=25.30 t/s avg=21.85 t/s 1.968s
0824 00:53:40 ds4-server: chat ctx=0..153:153 prefill chunk 44/153 (28.8%) chunk=25.34 t/s avg=21.92 t/s 2.007s
0824 00:53:40 ds4-server: chat ctx=0..153:153 prefill chunk 45/153 (29.4%) chunk=25.29 t/s avg=21.99 t/s 2.047s
0824 00:53:41 ds4-server: chat ctx=0..153:153 prefill chunk 46/153 (30.1%) chunk=25.31 t/s avg=22.05 t/s 2.086s
0824 00:53:41 ds4-server: chat ctx=0..153:153 prefill chunk 47/153 (30.7%) chunk=25.30 t/s avg=22.11 t/s 2.126s
0824 00:53:41 ds4-server: chat ctx=0..153:153 prefill chunk 48/153 (31.4%) chunk=25.35 t/s avg=22.17 t/s 2.165s
0824 00:53:41 ds4-server: chat ctx=0..153:153 prefill chunk 49/153 (32.0%) chunk=25.01 t/s avg=22.22 t/s 2.205s
0824 00:53:41 ds4-server: chat ctx=0..153:153 prefill chunk 50/153 (32.7%) chunk=25.26 t/s avg=22.28 t/s 2.245s
0824 00:53:41 ds4-server: chat ctx=0..153:153 prefill chunk 51/153 (33.3%) chunk=25.25 t/s avg=22.33 t/s 2.284s
0824 00:53:41 ds4-server: chat ctx=0..153:153 prefill chunk 52/153 (34.0%) chunk=25.22 t/s avg=22.38 t/s 2.324s
0824 00:53:41 ds4-server: chat ctx=0..153:153 prefill chunk 53/153 (34.6%) chunk=25.29 t/s avg=22.42 t/s 2.363s
0824 00:53:41 ds4-server: chat ctx=0..153:153 prefill chunk 54/153 (35.3%) chunk=25.27 t/s avg=22.47 t/s 2.403s
0824 00:53:41 ds4-server: chat ctx=0..153:153 prefill chunk 55/153 (35.9%) chunk=25.27 t/s avg=22.52 t/s 2.443s
0824 00:53:41 ds4-server: chat ctx=0..153:153 prefill chunk 56/153 (36.6%) chunk=25.25 t/s avg=22.56 t/s 2.482s
0824 00:53:41 ds4-server: chat ctx=0..153:153 prefill chunk 57/153 (37.3%) chunk=25.23 t/s avg=22.60 t/s 2.522s
0824 00:53:41 ds4-server: chat ctx=0..153:153 prefill chunk 58/153 (37.9%) chunk=25.24 t/s avg=22.64 t/s 2.561s
0824 00:53:41 ds4-server: chat ctx=0..153:153 prefill chunk 59/153 (38.6%) chunk=25.27 t/s avg=22.68 t/s 2.601s
0824 00:53:41 ds4-server: chat ctx=0..153:153 prefill chunk 60/153 (39.2%) chunk=25.25 t/s avg=22.72 t/s 2.641s
0824 00:53:41 ds4-server: chat ctx=0..153:153 prefill chunk 61/153 (39.9%) chunk=25.22 t/s avg=22.76 t/s 2.680s
0824 00:53:41 ds4-server: chat ctx=0..153:153 prefill chunk 62/153 (40.5%) chunk=25.25 t/s avg=22.80 t/s 2.720s
0824 00:53:41 ds4-server: chat ctx=0..153:153 prefill chunk 63/153 (41.2%) chunk=25.26 t/s avg=22.83 t/s 2.759s
0824 00:53:41 ds4-server: chat ctx=0..153:153 prefill chunk 64/153 (41.8%) chunk=25.12 t/s avg=22.86 t/s 2.799s
0824 00:53:41 ds4-server: chat ctx=0..153:153 prefill chunk 65/153 (42.5%) chunk=25.26 t/s avg=22.90 t/s 2.839s
0824 00:53:41 ds4-server: chat ctx=0..153:153 prefill chunk 66/153 (43.1%) chunk=25.22 t/s avg=22.93 t/s 2.878s
0824 00:53:41 ds4-server: chat ctx=0..153:153 prefill chunk 67/153 (43.8%) chunk=25.20 t/s avg=22.96 t/s 2.918s
0824 00:53:41 ds4-server: chat ctx=0..153:153 prefill chunk 68/153 (44.4%) chunk=25.22 t/s avg=22.99 t/s 2.958s
0824 00:53:41 ds4-server: chat ctx=0..153:153 prefill chunk 69/153 (45.1%) chunk=25.14 t/s avg=23.02 t/s 2.998s
0824 00:53:41 ds4-server: chat ctx=0..153:153 prefill chunk 70/153 (45.8%) chunk=25.21 t/s avg=23.05 t/s 3.037s
0824 00:53:42 ds4-server: chat ctx=0..153:153 prefill chunk 71/153 (46.4%) chunk=25.25 t/s avg=23.08 t/s 3.077s
0824 00:53:42 ds4-server: chat ctx=0..153:153 prefill chunk 72/153 (47.1%) chunk=25.23 t/s avg=23.10 t/s 3.117s
0824 00:53:42 ds4-server: chat ctx=0..153:153 prefill chunk 73/153 (47.7%) chunk=25.19 t/s avg=23.13 t/s 3.156s
0824 00:53:42 ds4-server: chat ctx=0..153:153 prefill chunk 74/153 (48.4%) chunk=25.26 t/s avg=23.16 t/s 3.196s
0824 00:53:42 ds4-server: chat ctx=0..153:153 prefill chunk 75/153 (49.0%) chunk=25.43 t/s avg=23.18 t/s 3.235s
0824 00:53:42 ds4-server: chat ctx=0..153:153 prefill chunk 76/153 (49.7%) chunk=25.57 t/s avg=23.21 t/s 3.274s
0824 00:53:42 ds4-server: chat ctx=0..153:153 prefill chunk 77/153 (50.3%) chunk=25.16 t/s avg=23.23 t/s 3.314s
0824 00:53:42 ds4-server: chat ctx=0..153:153 prefill chunk 78/153 (51.0%) chunk=25.18 t/s avg=23.26 t/s 3.354s
0824 00:53:42 ds4-server: chat ctx=0..153:153 prefill chunk 79/153 (51.6%) chunk=25.16 t/s avg=23.28 t/s 3.393s
0824 00:53:42 ds4-server: chat ctx=0..153:153 prefill chunk 80/153 (52.3%) chunk=25.21 t/s avg=23.30 t/s 3.433s
0824 00:53:42 ds4-server: chat ctx=0..153:153 prefill chunk 81/153 (52.9%) chunk=25.25 t/s avg=23.32 t/s 3.473s
0824 00:53:42 ds4-server: chat ctx=0..153:153 prefill chunk 82/153 (53.6%) chunk=25.52 t/s avg=23.35 t/s 3.512s
0824 00:53:42 ds4-server: chat ctx=0..153:153 prefill chunk 83/153 (54.2%) chunk=25.13 t/s avg=23.37 t/s 3.552s
0824 00:53:42 ds4-server: chat ctx=0..153:153 prefill chunk 84/153 (54.9%) chunk=25.16 t/s avg=23.39 t/s 3.591s
0824 00:53:42 ds4-server: chat ctx=0..153:153 prefill chunk 85/153 (55.6%) chunk=25.14 t/s avg=23.41 t/s 3.631s
0824 00:53:42 ds4-server: chat ctx=0..153:153 prefill chunk 86/153 (56.2%) chunk=25.15 t/s avg=23.43 t/s 3.671s
0824 00:53:42 ds4-server: chat ctx=0..153:153 prefill chunk 87/153 (56.9%) chunk=25.23 t/s avg=23.45 t/s 3.711s
0824 00:53:42 ds4-server: chat ctx=0..153:153 prefill chunk 88/153 (57.5%) chunk=25.18 t/s avg=23.46 t/s 3.750s
0824 00:53:42 ds4-server: chat ctx=0..153:153 prefill chunk 89/153 (58.2%) chunk=25.07 t/s avg=23.48 t/s 3.790s
0824 00:53:42 ds4-server: chat ctx=0..153:153 prefill chunk 90/153 (58.8%) chunk=25.18 t/s avg=23.50 t/s 3.830s
0824 00:53:42 ds4-server: chat ctx=0..153:153 prefill chunk 91/153 (59.5%) chunk=25.10 t/s avg=23.52 t/s 3.870s
0824 00:53:42 ds4-server: chat ctx=0..153:153 prefill chunk 92/153 (60.1%) chunk=25.12 t/s avg=23.53 t/s 3.910s
0824 00:53:42 ds4-server: chat ctx=0..153:153 prefill chunk 93/153 (60.8%) chunk=25.14 t/s avg=23.55 t/s 3.949s
0824 00:53:42 ds4-server: chat ctx=0..153:153 prefill chunk 94/153 (61.4%) chunk=25.10 t/s avg=23.56 t/s 3.989s
0824 00:53:42 ds4-server: chat ctx=0..153:153 prefill chunk 95/153 (62.1%) chunk=25.10 t/s avg=23.58 t/s 4.029s
0824 00:53:43 ds4-server: chat ctx=0..153:153 prefill chunk 96/153 (62.7%) chunk=25.14 t/s avg=23.59 t/s 4.069s
0824 00:53:43 ds4-server: chat ctx=0..153:153 prefill chunk 97/153 (63.4%) chunk=25.14 t/s avg=23.61 t/s 4.109s
0824 00:53:43 ds4-server: chat ctx=0..153:153 prefill chunk 98/153 (64.1%) chunk=25.10 t/s avg=23.62 t/s 4.148s
0824 00:53:43 ds4-server: chat ctx=0..153:153 prefill chunk 99/153 (64.7%) chunk=25.13 t/s avg=23.64 t/s 4.188s
0824 00:53:43 ds4-server: chat ctx=0..153:153 prefill chunk 100/153 (65.4%) chunk=25.12 t/s avg=23.65 t/s 4.228s
0824 00:53:43 ds4-server: chat ctx=0..153:153 prefill chunk 101/153 (66.0%) chunk=25.17 t/s avg=23.67 t/s 4.268s
0824 00:53:43 ds4-server: chat ctx=0..153:153 prefill chunk 102/153 (66.7%) chunk=25.01 t/s avg=23.68 t/s 4.308s
0824 00:53:43 ds4-server: chat ctx=0..153:153 prefill chunk 103/153 (67.3%) chunk=25.09 t/s avg=23.69 t/s 4.348s
0824 00:53:43 ds4-server: chat ctx=0..153:153 prefill chunk 104/153 (68.0%) chunk=25.10 t/s avg=23.70 t/s 4.387s
0824 00:53:43 ds4-server: chat ctx=0..153:153 prefill chunk 105/153 (68.6%) chunk=25.11 t/s avg=23.72 t/s 4.427s
0824 00:53:43 ds4-server: chat ctx=0..153:153 prefill chunk 106/153 (69.3%) chunk=25.10 t/s avg=23.73 t/s 4.467s
0824 00:53:43 ds4-server: chat ctx=0..153:153 prefill chunk 107/153 (69.9%) chunk=25.01 t/s avg=23.74 t/s 4.507s
0824 00:53:43 ds4-server: chat ctx=0..153:153 prefill chunk 108/153 (70.6%) chunk=25.07 t/s avg=23.75 t/s 4.547s
0824 00:53:43 ds4-server: chat ctx=0..153:153 prefill chunk 109/153 (71.2%) chunk=24.99 t/s avg=23.76 t/s 4.587s
0824 00:53:43 ds4-server: chat ctx=0..153:153 prefill chunk 110/153 (71.9%) chunk=25.07 t/s avg=23.77 t/s 4.627s
0824 00:53:43 ds4-server: chat ctx=0..153:153 prefill chunk 111/153 (72.5%) chunk=25.08 t/s avg=23.79 t/s 4.667s
0824 00:53:43 ds4-server: chat ctx=0..153:153 prefill chunk 112/153 (73.2%) chunk=25.11 t/s avg=23.80 t/s 4.707s
0824 00:53:43 ds4-server: chat ctx=0..153:153 prefill chunk 113/153 (73.9%) chunk=25.04 t/s avg=23.81 t/s 4.746s
0824 00:53:43 ds4-server: chat ctx=0..153:153 prefill chunk 114/153 (74.5%) chunk=24.98 t/s avg=23.82 t/s 4.786s
0824 00:53:43 ds4-server: chat ctx=0..153:153 prefill chunk 115/153 (75.2%) chunk=25.06 t/s avg=23.83 t/s 4.826s
0824 00:53:43 ds4-server: chat ctx=0..153:153 prefill chunk 116/153 (75.8%) chunk=25.02 t/s avg=23.84 t/s 4.866s
0824 00:53:43 ds4-server: chat ctx=0..153:153 prefill chunk 117/153 (76.5%) chunk=25.04 t/s avg=23.85 t/s 4.906s
0824 00:53:43 ds4-server: chat ctx=0..153:153 prefill chunk 118/153 (77.1%) chunk=25.04 t/s avg=23.86 t/s 4.946s
0824 00:53:43 ds4-server: chat ctx=0..153:153 prefill chunk 119/153 (77.8%) chunk=25.09 t/s avg=23.87 t/s 4.986s
0824 00:53:43 ds4-server: chat ctx=0..153:153 prefill chunk 120/153 (78.4%) chunk=25.06 t/s avg=23.88 t/s 5.026s
0824 00:53:43 ds4-server: chat ctx=0..153:153 prefill chunk 121/153 (79.1%) chunk=25.01 t/s avg=23.88 t/s 5.066s
0824 00:53:44 ds4-server: chat ctx=0..153:153 prefill chunk 122/153 (79.7%) chunk=25.03 t/s avg=23.89 t/s 5.106s
0824 00:53:44 ds4-server: chat ctx=0..153:153 prefill chunk 123/153 (80.4%) chunk=25.01 t/s avg=23.90 t/s 5.146s
0824 00:53:44 ds4-server: chat ctx=0..153:153 prefill chunk 124/153 (81.0%) chunk=25.10 t/s avg=23.91 t/s 5.186s
0824 00:53:44 ds4-server: chat ctx=0..153:153 prefill chunk 125/153 (81.7%) chunk=25.01 t/s avg=23.92 t/s 5.226s
0824 00:53:44 ds4-server: chat ctx=0..153:153 prefill chunk 126/153 (82.4%) chunk=25.04 t/s avg=23.93 t/s 5.266s
0824 00:53:44 ds4-server: chat ctx=0..153:153 prefill chunk 127/153 (83.0%) chunk=24.95 t/s avg=23.94 t/s 5.306s
0824 00:53:44 ds4-server: chat ctx=0..153:153 prefill chunk 128/153 (83.7%) chunk=25.08 t/s avg=23.94 t/s 5.346s
0824 00:53:44 ds4-server: chat ctx=0..153:153 prefill chunk 129/153 (84.3%) chunk=24.94 t/s avg=23.95 t/s 5.386s
0824 00:53:44 ds4-server: chat ctx=0..153:153 prefill chunk 130/153 (85.0%) chunk=24.98 t/s avg=23.96 t/s 5.426s
0824 00:53:44 ds4-server: chat ctx=0..153:153 prefill chunk 131/153 (85.6%) chunk=24.98 t/s avg=23.97 t/s 5.466s
0824 00:53:44 ds4-server: chat ctx=0..153:153 prefill chunk 132/153 (86.3%) chunk=24.98 t/s avg=23.97 t/s 5.506s
0824 00:53:44 ds4-server: chat ctx=0..153:153 prefill chunk 133/153 (86.9%) chunk=24.99 t/s avg=23.98 t/s 5.546s
0824 00:53:44 ds4-server: chat ctx=0..153:153 prefill chunk 134/153 (87.6%) chunk=24.97 t/s avg=23.99 t/s 5.586s
0824 00:53:44 ds4-server: chat ctx=0..153:153 prefill chunk 135/153 (88.2%) chunk=24.99 t/s avg=24.00 t/s 5.626s
0824 00:53:44 ds4-server: chat ctx=0..153:153 prefill chunk 136/153 (88.9%) chunk=24.95 t/s avg=24.00 t/s 5.666s
0824 00:53:44 ds4-server: chat ctx=0..153:153 prefill chunk 137/153 (89.5%) chunk=24.98 t/s avg=24.01 t/s 5.706s
0824 00:53:44 ds4-server: chat ctx=0..153:153 prefill chunk 138/153 (90.2%) chunk=24.95 t/s avg=24.02 t/s 5.746s
0824 00:53:44 ds4-server: chat ctx=0..153:153 prefill chunk 139/153 (90.8%) chunk=24.88 t/s avg=24.02 t/s 5.786s
0824 00:53:44 ds4-server: chat ctx=0..153:153 prefill chunk 140/153 (91.5%) chunk=24.85 t/s avg=24.03 t/s 5.827s
0824 00:53:44 ds4-server: chat ctx=0..153:153 prefill chunk 141/153 (92.2%) chunk=24.93 t/s avg=24.03 t/s 5.867s
0824 00:53:44 ds4-server: chat ctx=0..153:153 prefill chunk 142/153 (92.8%) chunk=24.94 t/s avg=24.04 t/s 5.907s
0824 00:53:44 ds4-server: chat ctx=0..153:153 prefill chunk 143/153 (93.5%) chunk=24.90 t/s avg=24.05 t/s 5.947s
0824 00:53:44 ds4-server: chat ctx=0..153:153 prefill chunk 144/153 (94.1%) chunk=24.89 t/s avg=24.05 t/s 5.987s
0824 00:53:44 ds4-server: chat ctx=0..153:153 prefill chunk 145/153 (94.8%) chunk=24.94 t/s avg=24.06 t/s 6.027s
0824 00:53:44 ds4-server: chat ctx=0..153:153 prefill chunk 146/153 (95.4%) chunk=24.90 t/s avg=24.06 t/s 6.067s
0824 00:53:45 ds4-server: chat ctx=0..153:153 prefill chunk 147/153 (96.1%) chunk=24.83 t/s avg=24.07 t/s 6.108s
0824 00:53:45 ds4-server: chat ctx=0..153:153 prefill chunk 148/153 (96.7%) chunk=24.92 t/s avg=24.07 t/s 6.148s
0824 00:53:45 ds4-server: chat ctx=0..153:153 prefill chunk 149/153 (97.4%) chunk=24.97 t/s avg=24.08 t/s 6.188s
0824 00:53:45 ds4-server: chat ctx=0..153:153 prefill chunk 150/153 (98.0%) chunk=24.95 t/s avg=24.09 t/s 6.228s
0824 00:53:45 ds4-server: chat ctx=0..153:153 prefill chunk 151/153 (98.7%) chunk=24.94 t/s avg=24.09 t/s 6.268s
0824 00:53:45 ds4-server: chat ctx=0..153:153 prefill chunk 152/153 (99.3%) chunk=24.85 t/s avg=24.10 t/s 6.308s
0824 00:53:45 ds4-server: chat ctx=0..153:153 prefill chunk 153/153 (100.0%) chunk=24.92 t/s avg=24.10 t/s 6.348s
0824 00:53:45 ds4-server: chat ctx=0..153:153 prompt done 6.348s
0824 00:53:47 ds4-server: chat ctx=153..203:50 gen=50 THINKING decoding chunk=24.83 t/s avg=24.83 t/s 2.013s
0824 00:53:49 ds4-server: chat ctx=203..253:50 gen=100 THINKING decoding chunk=24.64 t/s avg=24.74 t/s 4.042s
0824 00:53:51 ds4-server: chat ctx=253..303:50 gen=150 THINKING decoding chunk=24.45 t/s avg=24.64 t/s 6.087s
0824 00:53:53 ds4-server: chat ctx=303..353:50 gen=200 THINKING decoding chunk=24.31 t/s avg=24.56 t/s 8.144s
0824 00:53:55 ds4-server: chat ctx=353..403:50 gen=250 THINKING decoding chunk=24.13 t/s avg=24.47 t/s 10.216s
0824 00:53:57 ds4-server: chat ctx=403..453:50 gen=300 THINKING decoding chunk=23.98 t/s avg=24.39 t/s 12.301s
0824 00:53:59 ds4-server: chat ctx=453..503:50 gen=350 THINKING decoding chunk=23.83 t/s avg=24.31 t/s 14.400s
0824 00:54:01 ds4-server: chat ctx=503..553:50 gen=400 THINKING decoding chunk=23.75 t/s avg=24.23 t/s 16.505s
0824 00:54:03 ds4-server: chat ctx=553..603:50 gen=450 THINKING decoding chunk=23.55 t/s avg=24.16 t/s 18.629s
0824 00:54:06 ds4-server: chat ctx=603..653:50 gen=500 THINKING decoding chunk=23.37 t/s avg=24.07 t/s 20.769s
0824 00:54:08 ds4-server: chat ctx=653..703:50 gen=550 THINKING decoding chunk=23.21 t/s avg=23.99 t/s 22.923s
0824 00:54:10 ds4-server: chat ctx=703..753:50 gen=600 THINKING decoding chunk=23.06 t/s avg=23.91 t/s 25.091s
0824 00:54:12 ds4-server: chat ctx=753..803:50 gen=650 THINKING decoding chunk=22.90 t/s avg=23.83 t/s 27.275s
0824 00:54:14 ds4-server: chat ctx=803..853:50 gen=700 THINKING decoding chunk=22.75 t/s avg=23.75 t/s 29.473s
0824 00:54:17 ds4-server: chat ctx=853..903:50 gen=750 THINKING decoding chunk=21.44 t/s avg=23.58 t/s 31.805s
0824 00:54:19 ds4-server: chat ctx=903..953:50 gen=800 THINKING decoding chunk=20.90 t/s avg=23.39 t/s 34.198s
0824 00:54:21 ds4-server: chat ctx=953..1003:50 gen=850 THINKING decoding chunk=20.74 t/s avg=23.22 t/s 36.609s
0824 00:54:24 ds4-server: chat ctx=1003..1053:50 gen=900 THINKING decoding chunk=20.61 t/s avg=23.06 t/s 39.035s
0824 00:54:26 ds4-server: chat ctx=1053..1103:50 gen=950 THINKING decoding chunk=20.48 t/s avg=22.90 t/s 41.477s
0824 00:54:29 ds4-server: chat ctx=1103..1153:50 gen=1000 THINKING decoding chunk=20.38 t/s avg=22.76 t/s 43.930s
0824 00:54:31 ds4-server: chat ctx=1153..1203:50 gen=1050 THINKING decoding chunk=20.30 t/s avg=22.63 t/s 46.392s
0824 00:54:34 ds4-server: chat ctx=1203..1253:50 gen=1100 THINKING decoding chunk=20.17 t/s avg=22.51 t/s 48.871s
0824 00:54:36 ds4-server: chat ctx=1253..1303:50 gen=1150 THINKING decoding chunk=20.00 t/s avg=22.39 t/s 51.372s
0824 00:54:39 ds4-server: chat ctx=1303..1353:50 gen=1200 THINKING decoding chunk=19.87 t/s avg=22.27 t/s 53.889s
0824 00:54:41 ds4-server: chat ctx=1353..1403:50 gen=1250 THINKING decoding chunk=19.77 t/s avg=22.16 t/s 56.417s
0824 00:54:44 ds4-server: chat ctx=1403..1453:50 gen=1300 THINKING decoding chunk=19.65 t/s avg=22.05 t/s 58.962s
0824 00:54:46 ds4-server: chat ctx=1453..1503:50 gen=1350 THINKING decoding chunk=19.54 t/s avg=21.94 t/s 61.522s
0824 00:54:49 ds4-server: chat ctx=1503..1553:50 gen=1400 THINKING decoding chunk=19.46 t/s avg=21.84 t/s 64.091s
0824 00:54:51 ds4-server: chat ctx=1553..1603:50 gen=1450 THINKING decoding chunk=19.34 t/s avg=21.75 t/s 66.676s
0824 00:54:54 ds4-server: chat ctx=1603..1653:50 gen=1500 THINKING decoding chunk=19.23 t/s avg=21.65 t/s 69.276s
0824 00:54:57 ds4-server: chat ctx=1653..1703:50 gen=1550 THINKING decoding chunk=19.08 t/s avg=21.56 t/s 71.896s
0824 00:54:59 ds4-server: chat ctx=1703..1753:50 gen=1600 THINKING decoding chunk=19.04 t/s avg=21.47 t/s 74.522s
0824 00:55:02 ds4-server: chat ctx=1753..1803:50 gen=1650 THINKING decoding chunk=18.91 t/s avg=21.38 t/s 77.166s
0824 00:55:05 ds4-server: chat ctx=1803..1853:50 gen=1700 THINKING decoding chunk=18.84 t/s avg=21.30 t/s 79.820s
0824 00:55:07 ds4-server: chat ctx=1853..1903:50 gen=1750 THINKING decoding chunk=18.70 t/s avg=21.21 t/s 82.493s
0824 00:55:10 ds4-server: chat ctx=1903..1953:50 gen=1800 THINKING decoding chunk=18.62 t/s avg=21.13 t/s 85.178s
0824 00:55:13 ds4-server: chat ctx=1953..2003:50 gen=1850 THINKING decoding chunk=18.54 t/s avg=21.05 t/s 87.874s
0824 00:55:15 ds4-server: chat ctx=2003..2053:50 gen=1900 THINKING decoding chunk=18.44 t/s avg=20.97 t/s 90.585s
0824 00:55:18 ds4-server: chat ctx=2053..2103:50 gen=1950 THINKING decoding chunk=18.36 t/s avg=20.90 t/s 93.309s
0824 00:55:21 ds4-server: chat ctx=2103..2153:50 gen=2000 THINKING decoding chunk=18.20 t/s avg=20.82 t/s 96.056s
0824 00:55:24 ds4-server: chat ctx=2153..2203:50 gen=2050 THINKING decoding chunk=18.13 t/s avg=20.75 t/s 98.815s
0824 00:55:26 ds4-server: chat ctx=2203..2253:50 gen=2100 THINKING decoding chunk=18.00 t/s avg=20.67 t/s 101.593s
0824 00:55:29 ds4-server: chat ctx=2253..2303:50 gen=2150 THINKING decoding chunk=17.97 t/s avg=20.60 t/s 104.376s
0824 00:55:32 ds4-server: chat ctx=2303..2353:50 gen=2200 THINKING decoding chunk=17.83 t/s avg=20.53 t/s 107.181s
0824 00:55:35 ds4-server: chat ctx=2353..2403:50 gen=2250 THINKING decoding chunk=17.76 t/s avg=20.46 t/s 109.995s
0824 00:55:38 ds4-server: chat ctx=2403..2453:50 gen=2300 THINKING decoding chunk=17.70 t/s avg=20.39 t/s 112.820s
0824 00:55:40 ds4-server: chat ctx=2453..2503:50 gen=2350 THINKING decoding chunk=17.61 t/s avg=20.32 t/s 115.660s
0824 00:55:43 ds4-server: chat ctx=2503..2553:50 gen=2400 THINKING decoding chunk=17.48 t/s avg=20.25 t/s 118.519s
0824 00:55:46 ds4-server: chat ctx=2553..2603:50 gen=2450 THINKING decoding chunk=17.41 t/s avg=20.18 t/s 121.391s
0824 00:55:49 ds4-server: chat ctx=2603..2653:50 gen=2500 THINKING decoding chunk=17.28 t/s avg=20.12 t/s 124.285s
0824 00:55:52 ds4-server: chat ctx=2653..2703:50 gen=2550 THINKING decoding chunk=17.21 t/s avg=20.05 t/s 127.189s
0824 00:55:55 ds4-server: chat ctx=2703..2753:50 gen=2600 THINKING decoding chunk=17.14 t/s avg=19.98 t/s 130.106s
0824 00:55:58 ds4-server: chat ctx=2753..2803:50 gen=2650 THINKING decoding chunk=17.04 t/s avg=19.92 t/s 133.039s
0824 00:56:01 ds4-server: chat ctx=2803..2853:50 gen=2700 THINKING decoding chunk=16.96 t/s avg=19.85 t/s 135.988s
0824 00:56:04 ds4-server: chat ctx=2853..2903:50 gen=2750 THINKING decoding chunk=16.90 t/s avg=19.79 t/s 138.947s
0824 00:56:07 ds4-server: chat ctx=2903..2953:50 gen=2800 THINKING decoding chunk=16.78 t/s avg=19.73 t/s 141.928s
0824 00:56:10 ds4-server: chat ctx=2953..3003:50 gen=2850 THINKING decoding chunk=16.70 t/s avg=19.67 t/s 144.922s
0824 00:56:13 ds4-server: chat ctx=3003..3053:50 gen=2900 THINKING decoding chunk=16.62 t/s avg=19.60 t/s 147.931s
0824 00:56:16 ds4-server: chat ctx=3053..3103:50 gen=2950 THINKING decoding chunk=16.48 t/s avg=19.54 t/s 150.966s
0824 00:56:19 ds4-server: chat ctx=3103..3153:50 gen=3000 THINKING decoding chunk=16.42 t/s avg=19.48 t/s 154.010s
0824 00:56:22 ds4-server: chat ctx=3153..3203:50 gen=3050 THINKING decoding chunk=16.36 t/s avg=19.42 t/s 157.066s
0824 00:56:25 ds4-server: chat ctx=3203..3253:50 gen=3100 THINKING decoding chunk=16.36 t/s avg=19.36 t/s 160.123s
0824 00:56:28 ds4-server: chat ctx=3253..3303:50 gen=3150 THINKING decoding chunk=16.34 t/s avg=19.30 t/s 163.183s
0824 00:56:31 ds4-server: chat ctx=3303..3353:50 gen=3200 THINKING decoding chunk=16.25 t/s avg=19.25 t/s 166.259s
0824 00:56:34 ds4-server: chat ctx=3353..3403:50 gen=3250 THINKING decoding chunk=16.14 t/s avg=19.19 t/s 169.356s
0824 00:56:37 ds4-server: chat ctx=3403..3453:50 gen=3300 THINKING decoding chunk=16.05 t/s avg=19.13 t/s 172.471s
0824 00:56:40 ds4-server: chat ctx=3453..3503:50 gen=3350 THINKING decoding chunk=15.97 t/s avg=19.08 t/s 175.601s
0824 00:56:44 ds4-server: chat ctx=3503..3553:50 gen=3400 THINKING decoding chunk=15.90 t/s avg=19.02 t/s 178.746s
0824 00:56:47 ds4-server: chat ctx=3553..3603:50 gen=3450 THINKING decoding chunk=15.81 t/s avg=18.97 t/s 181.909s
0824 00:56:50 ds4-server: chat ctx=3603..3653:50 gen=3500 THINKING decoding chunk=15.74 t/s avg=18.91 t/s 185.086s
0824 00:56:53 ds4-server: chat ctx=3653..3703:50 gen=3550 THINKING decoding chunk=15.70 t/s avg=18.86 t/s 188.271s
0824 00:56:56 ds4-server: chat ctx=3703..3753:50 gen=3600 THINKING decoding chunk=15.63 t/s avg=18.80 t/s 191.471s
0824 00:56:59 ds4-server: chat ctx=3753..3803:50 gen=3650 THINKING decoding chunk=15.53 t/s avg=18.75 t/s 194.690s
0824 00:57:03 ds4-server: chat ctx=3803..3853:50 gen=3700 THINKING decoding chunk=15.48 t/s avg=18.69 t/s 197.920s
0824 00:57:06 ds4-server: chat ctx=3853..3903:50 gen=3750 decoding chunk=15.46 t/s avg=18.64 t/s 201.154s
0824 00:57:09 ds4-server: chat ctx=3903..3953:50 gen=3800 decoding chunk=15.31 t/s avg=18.59 t/s 204.420s
0824 00:57:12 ds4-server: chat ctx=3953..3993:40 gen=3840 decoding chunk=15.23 t/s avg=18.55 t/s 207.046s
0824 00:57:12 ds4-server: thinking live checkpoint remembered ctx=0..153:153 live=3993 visible=1184
0824 00:57:12 ds4-server: chat ctx=0..153:153 gen=3840 finish=stop 213.395s
0824 00:57:14 ds4-server: live kv cache miss live=3993 prompt=122 common=30 reason=token-mismatch
0824 00:57:14 ds4-server: chat ctx=0..122:122 prompt start
0824 00:57:15 ds4-server: chat ctx=0..122:122 prefill chunk 1/122 (0.8%) chunk=0.00 t/s avg=3.14 t/s 0.318s
0824 00:57:15 ds4-server: chat ctx=0..122:122 prefill chunk 2/122 (1.6%) chunk=23.44 t/s avg=5.54 t/s 0.361s
0824 00:57:15 ds4-server: chat ctx=0..122:122 prefill chunk 3/122 (2.5%) chunk=22.77 t/s avg=7.41 t/s 0.405s
0824 00:57:15 ds4-server: chat ctx=0..122:122 prefill chunk 4/122 (3.3%) chunk=23.50 t/s avg=8.94 t/s 0.447s
0824 00:57:15 ds4-server: chat ctx=0..122:122 prefill chunk 5/122 (4.1%) chunk=23.62 t/s avg=10.21 t/s 0.490s
0824 00:57:15 ds4-server: chat ctx=0..122:122 prefill chunk 6/122 (4.9%) chunk=23.40 t/s avg=11.27 t/s 0.532s
0824 00:57:15 ds4-server: chat ctx=0..122:122 prefill chunk 7/122 (5.7%) chunk=23.03 t/s avg=12.16 t/s 0.576s
0824 00:57:15 ds4-server: chat ctx=0..122:122 prefill chunk 8/122 (6.6%) chunk=23.86 t/s avg=12.95 t/s 0.618s
0824 00:57:15 ds4-server: chat ctx=0..122:122 prefill chunk 9/122 (7.4%) chunk=23.48 t/s avg=13.63 t/s 0.660s
0824 00:57:15 ds4-server: chat ctx=0..122:122 prefill chunk 10/122 (8.2%) chunk=22.81 t/s avg=14.20 t/s 0.704s
0824 00:57:15 ds4-server: chat ctx=0..122:122 prefill chunk 11/122 (9.0%) chunk=23.82 t/s avg=14.74 t/s 0.746s
0824 00:57:15 ds4-server: chat ctx=0..122:122 prefill chunk 12/122 (9.8%) chunk=23.96 t/s avg=15.23 t/s 0.788s
0824 00:57:15 ds4-server: chat ctx=0..122:122 prefill chunk 13/122 (10.7%) chunk=23.49 t/s avg=15.65 t/s 0.830s
0824 00:57:15 ds4-server: chat ctx=0..122:122 prefill chunk 14/122 (11.5%) chunk=22.62 t/s avg=16.01 t/s 0.875s
0824 00:57:15 ds4-server: chat ctx=0..122:122 prefill chunk 15/122 (12.3%) chunk=23.84 t/s avg=16.36 t/s 0.917s
0824 00:57:15 ds4-server: chat ctx=0..122:122 prefill chunk 16/122 (13.1%) chunk=23.38 t/s avg=16.68 t/s 0.959s
0824 00:57:15 ds4-server: chat ctx=0..122:122 prefill chunk 17/122 (13.9%) chunk=22.62 t/s avg=16.94 t/s 1.004s
0824 00:57:15 ds4-server: chat ctx=0..122:122 prefill chunk 18/122 (14.8%) chunk=23.48 t/s avg=17.21 t/s 1.046s
0824 00:57:15 ds4-server: chat ctx=0..122:122 prefill chunk 19/122 (15.6%) chunk=24.01 t/s avg=17.47 t/s 1.088s
0824 00:57:15 ds4-server: chat ctx=0..122:122 prefill chunk 20/122 (16.4%) chunk=23.46 t/s avg=17.69 t/s 1.130s
0824 00:57:15 ds4-server: chat ctx=0..122:122 prefill chunk 21/122 (17.2%) chunk=22.48 t/s avg=17.87 t/s 1.175s
0824 00:57:15 ds4-server: chat ctx=0..122:122 prefill chunk 22/122 (18.0%) chunk=23.74 t/s avg=18.08 t/s 1.217s
0824 00:57:15 ds4-server: chat ctx=0..122:122 prefill chunk 23/122 (18.9%) chunk=23.51 t/s avg=18.26 t/s 1.260s
0824 00:57:16 ds4-server: chat ctx=0..122:122 prefill chunk 24/122 (19.7%) chunk=22.71 t/s avg=18.41 t/s 1.304s
0824 00:57:16 ds4-server: chat ctx=0..122:122 prefill chunk 25/122 (20.5%) chunk=23.52 t/s avg=18.57 t/s 1.346s
0824 00:57:16 ds4-server: chat ctx=0..122:122 prefill chunk 26/122 (21.3%) chunk=23.30 t/s avg=18.72 t/s 1.389s
0824 00:57:16 ds4-server: chat ctx=0..122:122 prefill chunk 27/122 (22.1%) chunk=23.95 t/s avg=18.87 t/s 1.431s
0824 00:57:16 ds4-server: chat ctx=0..122:122 prefill chunk 28/122 (23.0%) chunk=22.68 t/s avg=18.98 t/s 1.475s
0824 00:57:16 ds4-server: chat ctx=0..122:122 prefill chunk 29/122 (23.8%) chunk=23.98 t/s avg=19.12 t/s 1.517s
0824 00:57:16 ds4-server: chat ctx=0..122:122 prefill chunk 30/122 (24.6%) chunk=23.39 t/s avg=19.24 t/s 1.559s
0824 00:57:16 ds4-server: chat ctx=0..122:122 prefill chunk 31/122 (25.4%) chunk=22.91 t/s avg=19.34 t/s 1.603s
0824 00:57:16 ds4-server: chat ctx=0..122:122 prefill chunk 32/122 (26.2%) chunk=23.33 t/s avg=19.44 t/s 1.646s
0824 00:57:16 ds4-server: chat ctx=0..122:122 prefill chunk 33/122 (27.0%) chunk=23.83 t/s avg=19.55 t/s 1.688s
0824 00:57:16 ds4-server: chat ctx=0..122:122 prefill chunk 34/122 (27.9%) chunk=23.54 t/s avg=19.65 t/s 1.730s
0824 00:57:16 ds4-server: chat ctx=0..122:122 prefill chunk 35/122 (28.7%) chunk=22.79 t/s avg=19.73 t/s 1.774s
0824 00:57:16 ds4-server: chat ctx=0..122:122 prefill chunk 36/122 (29.5%) chunk=23.70 t/s avg=19.82 t/s 1.816s
0824 00:57:16 ds4-server: chat ctx=0..122:122 prefill chunk 37/122 (30.3%) chunk=23.60 t/s avg=19.91 t/s 1.859s
0824 00:57:16 ds4-server: chat ctx=0..122:122 prefill chunk 38/122 (31.1%) chunk=22.81 t/s avg=19.97 t/s 1.903s
0824 00:57:16 ds4-server: chat ctx=0..122:122 prefill chunk 39/122 (32.0%) chunk=23.41 t/s avg=20.05 t/s 1.945s
0824 00:57:16 ds4-server: chat ctx=0..122:122 prefill chunk 40/122 (32.8%) chunk=23.79 t/s avg=20.13 t/s 1.987s
0824 00:57:16 ds4-server: chat ctx=0..122:122 prefill chunk 41/122 (33.6%) chunk=23.52 t/s avg=20.20 t/s 2.030s
0824 00:57:16 ds4-server: chat ctx=0..122:122 prefill chunk 42/122 (34.4%) chunk=22.36 t/s avg=20.24 t/s 2.075s
0824 00:57:16 ds4-server: chat ctx=0..122:122 prefill chunk 43/122 (35.2%) chunk=23.81 t/s avg=20.32 t/s 2.117s
0824 00:57:16 ds4-server: chat ctx=0..122:122 prefill chunk 44/122 (36.1%) chunk=23.35 t/s avg=20.38 t/s 2.159s
0824 00:57:16 ds4-server: chat ctx=0..122:122 prefill chunk 45/122 (36.9%) chunk=22.90 t/s avg=20.43 t/s 2.203s
0824 00:57:16 ds4-server: chat ctx=0..122:122 prefill chunk 46/122 (37.7%) chunk=23.45 t/s avg=20.48 t/s 2.246s
0824 00:57:17 ds4-server: chat ctx=0..122:122 prefill chunk 47/122 (38.5%) chunk=23.73 t/s avg=20.54 t/s 2.288s
0824 00:57:17 ds4-server: chat ctx=0..122:122 prefill chunk 48/122 (39.3%) chunk=23.26 t/s avg=20.59 t/s 2.331s
0824 00:57:17 ds4-server: chat ctx=0..122:122 prefill chunk 49/122 (40.2%) chunk=22.42 t/s avg=20.63 t/s 2.376s
0824 00:57:17 ds4-server: chat ctx=0..122:122 prefill chunk 50/122 (41.0%) chunk=23.76 t/s avg=20.68 t/s 2.418s
0824 00:57:17 ds4-server: chat ctx=0..122:122 prefill chunk 51/122 (41.8%) chunk=23.36 t/s avg=20.73 t/s 2.460s
0824 00:57:17 ds4-server: chat ctx=0..122:122 prefill chunk 52/122 (42.6%) chunk=22.84 t/s avg=20.77 t/s 2.504s
0824 00:57:17 ds4-server: chat ctx=0..122:122 prefill chunk 53/122 (43.4%) chunk=23.41 t/s avg=20.81 t/s 2.547s
0824 00:57:17 ds4-server: chat ctx=0..122:122 prefill chunk 54/122 (44.3%) chunk=23.34 t/s avg=20.85 t/s 2.590s
0824 00:57:17 ds4-server: chat ctx=0..122:122 prefill chunk 55/122 (45.1%) chunk=23.22 t/s avg=20.89 t/s 2.633s
0824 00:57:17 ds4-server: chat ctx=0..122:122 prefill chunk 56/122 (45.9%) chunk=22.85 t/s avg=20.92 t/s 2.677s
0824 00:57:17 ds4-server: chat ctx=0..122:122 prefill chunk 57/122 (46.7%) chunk=23.76 t/s avg=20.97 t/s 2.719s
0824 00:57:17 ds4-server: chat ctx=0..122:122 prefill chunk 58/122 (47.5%) chunk=23.42 t/s avg=21.00 t/s 2.761s
0824 00:57:17 ds4-server: chat ctx=0..122:122 prefill chunk 59/122 (48.4%) chunk=22.85 t/s avg=21.03 t/s 2.805s
0824 00:57:17 ds4-server: chat ctx=0..122:122 prefill chunk 60/122 (49.2%) chunk=23.57 t/s avg=21.07 t/s 2.848s
0824 00:57:17 ds4-server: chat ctx=0..122:122 prefill chunk 61/122 (50.0%) chunk=23.46 t/s avg=21.11 t/s 2.890s
0824 00:57:17 ds4-server: chat ctx=0..122:122 prefill chunk 62/122 (50.8%) chunk=23.93 t/s avg=21.15 t/s 2.932s
0824 00:57:17 ds4-server: chat ctx=0..122:122 prefill chunk 63/122 (51.6%) chunk=22.71 t/s avg=21.17 t/s 2.976s
0824 00:57:17 ds4-server: chat ctx=0..122:122 prefill chunk 64/122 (52.5%) chunk=23.67 t/s avg=21.20 t/s 3.018s
0824 00:57:17 ds4-server: chat ctx=0..122:122 prefill chunk 65/122 (53.3%) chunk=23.21 t/s avg=21.23 t/s 3.061s
0824 00:57:17 ds4-server: chat ctx=0..122:122 prefill chunk 66/122 (54.1%) chunk=22.77 t/s avg=21.25 t/s 3.105s
0824 00:57:17 ds4-server: chat ctx=0..122:122 prefill chunk 67/122 (54.9%) chunk=23.22 t/s avg=21.28 t/s 3.148s
0824 00:57:17 ds4-server: chat ctx=0..122:122 prefill chunk 68/122 (55.7%) chunk=23.39 t/s avg=21.31 t/s 3.191s
0824 00:57:17 ds4-server: chat ctx=0..122:122 prefill chunk 69/122 (56.6%) chunk=23.19 t/s avg=21.33 t/s 3.234s
0824 00:57:18 ds4-server: chat ctx=0..122:122 prefill chunk 70/122 (57.4%) chunk=22.81 t/s avg=21.35 t/s 3.278s
0824 00:57:18 ds4-server: chat ctx=0..122:122 prefill chunk 71/122 (58.2%) chunk=23.70 t/s avg=21.38 t/s 3.320s
0824 00:57:18 ds4-server: chat ctx=0..122:122 prefill chunk 72/122 (59.0%) chunk=23.47 t/s avg=21.41 t/s 3.363s
0824 00:57:18 ds4-server: chat ctx=0..122:122 prefill chunk 73/122 (59.8%) chunk=22.76 t/s avg=21.43 t/s 3.407s
0824 00:57:18 ds4-server: chat ctx=0..122:122 prefill chunk 74/122 (60.7%) chunk=23.91 t/s avg=21.46 t/s 3.449s
0824 00:57:18 ds4-server: chat ctx=0..122:122 prefill chunk 75/122 (61.5%) chunk=23.34 t/s avg=21.48 t/s 3.491s
0824 00:57:18 ds4-server: chat ctx=0..122:122 prefill chunk 76/122 (62.3%) chunk=22.77 t/s avg=21.50 t/s 3.535s
0824 00:57:18 ds4-server: chat ctx=0..122:122 prefill chunk 77/122 (63.1%) chunk=23.44 t/s avg=21.52 t/s 3.578s
0824 00:57:18 ds4-server: chat ctx=0..122:122 prefill chunk 78/122 (63.9%) chunk=23.73 t/s avg=21.55 t/s 3.620s
0824 00:57:18 ds4-server: chat ctx=0..122:122 prefill chunk 79/122 (64.8%) chunk=23.72 t/s avg=21.57 t/s 3.662s
0824 00:57:18 ds4-server: chat ctx=0..122:122 prefill chunk 80/122 (65.6%) chunk=22.53 t/s avg=21.58 t/s 3.707s
0824 00:57:18 ds4-server: chat ctx=0..122:122 prefill chunk 81/122 (66.4%) chunk=23.77 t/s avg=21.61 t/s 3.749s
0824 00:57:18 ds4-server: chat ctx=0..122:122 prefill chunk 82/122 (67.2%) chunk=23.62 t/s avg=21.63 t/s 3.791s
0824 00:57:18 ds4-server: chat ctx=0..122:122 prefill chunk 83/122 (68.0%) chunk=23.14 t/s avg=21.65 t/s 3.834s
0824 00:57:18 ds4-server: chat ctx=0..122:122 prefill chunk 84/122 (68.9%) chunk=23.01 t/s avg=21.66 t/s 3.878s
0824 00:57:18 ds4-server: chat ctx=0..122:122 prefill chunk 85/122 (69.7%) chunk=23.79 t/s avg=21.68 t/s 3.920s
0824 00:57:18 ds4-server: chat ctx=0..122:122 prefill chunk 86/122 (70.5%) chunk=23.72 t/s avg=21.71 t/s 3.962s
0824 00:57:18 ds4-server: chat ctx=0..122:122 prefill chunk 87/122 (71.3%) chunk=22.46 t/s avg=21.71 t/s 4.007s
0824 00:57:18 ds4-server: chat ctx=0..122:122 prefill chunk 88/122 (72.1%) chunk=23.88 t/s avg=21.74 t/s 4.048s
0824 00:57:18 ds4-server: chat ctx=0..122:122 prefill chunk 89/122 (73.0%) chunk=23.41 t/s avg=21.75 t/s 4.091s
0824 00:57:18 ds4-server: chat ctx=0..122:122 prefill chunk 90/122 (73.8%) chunk=22.75 t/s avg=21.77 t/s 4.135s
0824 00:57:18 ds4-server: chat ctx=0..122:122 prefill chunk 91/122 (74.6%) chunk=23.44 t/s avg=21.78 t/s 4.178s
0824 00:57:18 ds4-server: chat ctx=0..122:122 prefill chunk 92/122 (75.4%) chunk=23.52 t/s avg=21.80 t/s 4.220s
0824 00:57:18 ds4-server: chat ctx=0..122:122 prefill chunk 93/122 (76.2%) chunk=23.46 t/s avg=21.82 t/s 4.263s
0824 00:57:19 ds4-server: chat ctx=0..122:122 prefill chunk 94/122 (77.0%) chunk=22.54 t/s avg=21.82 t/s 4.307s
0824 00:57:19 ds4-server: chat ctx=0..122:122 prefill chunk 95/122 (77.9%) chunk=23.52 t/s avg=21.84 t/s 4.350s
0824 00:57:19 ds4-server: chat ctx=0..122:122 prefill chunk 96/122 (78.7%) chunk=23.50 t/s avg=21.86 t/s 4.392s
0824 00:57:19 ds4-server: chat ctx=0..122:122 prefill chunk 97/122 (79.5%) chunk=22.65 t/s avg=21.86 t/s 4.436s
0824 00:57:19 ds4-server: chat ctx=0..122:122 prefill chunk 98/122 (80.3%) chunk=23.64 t/s avg=21.88 t/s 4.479s
0824 00:57:19 ds4-server: chat ctx=0..122:122 prefill chunk 99/122 (81.1%) chunk=23.73 t/s avg=21.90 t/s 4.521s
0824 00:57:19 ds4-server: chat ctx=0..122:122 prefill chunk 100/122 (82.0%) chunk=23.47 t/s avg=21.91 t/s 4.563s
0824 00:57:19 ds4-server: chat ctx=0..122:122 prefill chunk 101/122 (82.8%) chunk=22.34 t/s avg=21.92 t/s 4.608s
0824 00:57:19 ds4-server: chat ctx=0..122:122 prefill chunk 102/122 (83.6%) chunk=23.77 t/s avg=21.93 t/s 4.650s
0824 00:57:19 ds4-server: chat ctx=0..122:122 prefill chunk 103/122 (84.4%) chunk=23.38 t/s avg=21.95 t/s 4.693s
0824 00:57:19 ds4-server: chat ctx=0..122:122 prefill chunk 104/122 (85.2%) chunk=22.68 t/s avg=21.95 t/s 4.737s
0824 00:57:19 ds4-server: chat ctx=0..122:122 prefill chunk 105/122 (86.1%) chunk=23.55 t/s avg=21.97 t/s 4.780s
0824 00:57:19 ds4-server: chat ctx=0..122:122 prefill chunk 106/122 (86.9%) chunk=23.67 t/s avg=21.98 t/s 4.822s
0824 00:57:19 ds4-server: chat ctx=0..122:122 prefill chunk 107/122 (87.7%) chunk=23.45 t/s avg=22.00 t/s 4.865s
0824 00:57:19 ds4-server: chat ctx=0..122:122 prefill chunk 108/122 (88.5%) chunk=22.54 t/s avg=22.00 t/s 4.909s
0824 00:57:19 ds4-server: chat ctx=0..122:122 prefill chunk 109/122 (89.3%) chunk=23.47 t/s avg=22.01 t/s 4.952s
0824 00:57:19 ds4-server: chat ctx=0..122:122 prefill chunk 110/122 (90.2%) chunk=23.30 t/s avg=22.02 t/s 4.994s
0824 00:57:19 ds4-server: chat ctx=0..122:122 prefill chunk 111/122 (91.0%) chunk=22.55 t/s avg=22.03 t/s 5.039s
0824 00:57:19 ds4-server: chat ctx=0..122:122 prefill chunk 112/122 (91.8%) chunk=23.25 t/s avg=22.04 t/s 5.082s
0824 00:57:19 ds4-server: chat ctx=0..122:122 prefill chunk 113/122 (92.6%) chunk=23.35 t/s avg=22.05 t/s 5.125s
0824 00:57:19 ds4-server: chat ctx=0..122:122 prefill chunk 114/122 (93.4%) chunk=22.51 t/s avg=22.05 t/s 5.169s
0824 00:57:19 ds4-server: chat ctx=0..122:122 prefill chunk 115/122 (94.3%) chunk=23.27 t/s avg=22.06 t/s 5.212s
0824 00:57:19 ds4-server: chat ctx=0..122:122 prefill chunk 116/122 (95.1%) chunk=23.58 t/s avg=22.08 t/s 5.254s
0824 00:57:20 ds4-server: chat ctx=0..122:122 prefill chunk 117/122 (95.9%) chunk=23.35 t/s avg=22.09 t/s 5.297s
0824 00:57:20 ds4-server: chat ctx=0..122:122 prefill chunk 118/122 (96.7%) chunk=22.34 t/s avg=22.09 t/s 5.342s
0824 00:57:20 ds4-server: chat ctx=0..122:122 prefill chunk 119/122 (97.5%) chunk=23.76 t/s avg=22.10 t/s 5.384s
0824 00:57:20 ds4-server: chat ctx=0..122:122 prefill chunk 120/122 (98.4%) chunk=23.26 t/s avg=22.11 t/s 5.427s
0824 00:57:20 ds4-server: chat ctx=0..122:122 prefill chunk 121/122 (99.2%) chunk=22.69 t/s avg=22.12 t/s 5.471s
0824 00:57:20 ds4-server: chat ctx=0..122:122 prefill chunk 122/122 (100.0%) chunk=23.46 t/s avg=22.13 t/s 5.514s
0824 00:57:20 ds4-server: chat ctx=0..122:122 prompt done 5.514s
0824 00:57:22 ds4-server: chat ctx=122..172:50 gen=50 THINKING decoding chunk=23.08 t/s avg=23.08 t/s 2.166s
0824 00:57:24 ds4-server: chat ctx=172..222:50 gen=100 THINKING decoding chunk=22.95 t/s avg=23.02 t/s 4.344s
0824 00:57:26 ds4-server: chat ctx=222..272:50 gen=150 THINKING decoding chunk=22.74 t/s avg=22.93 t/s 6.543s
0824 00:57:28 ds4-server: chat ctx=272..322:50 gen=200 THINKING decoding chunk=22.61 t/s avg=22.85 t/s 8.754s
0824 00:57:31 ds4-server: chat ctx=322..372:50 gen=250 THINKING decoding chunk=22.47 t/s avg=22.77 t/s 10.980s
0824 00:57:33 ds4-server: chat ctx=372..422:50 gen=300 THINKING decoding chunk=22.29 t/s avg=22.69 t/s 13.223s
0824 00:57:35 ds4-server: chat ctx=422..472:50 gen=350 THINKING decoding chunk=22.16 t/s avg=22.61 t/s 15.479s
0824 00:57:37 ds4-server: chat ctx=472..522:50 gen=400 THINKING decoding chunk=22.01 t/s avg=22.53 t/s 17.751s
0824 00:57:40 ds4-server: chat ctx=522..572:50 gen=450 THINKING decoding chunk=21.84 t/s avg=22.46 t/s 20.040s
0824 00:57:42 ds4-server: chat ctx=572..622:50 gen=500 THINKING decoding chunk=21.73 t/s avg=22.38 t/s 22.341s
0824 00:57:44 ds4-server: chat ctx=622..672:50 gen=550 THINKING decoding chunk=21.60 t/s avg=22.31 t/s 24.655s
0824 00:57:47 ds4-server: chat ctx=672..722:50 gen=600 THINKING decoding chunk=21.43 t/s avg=22.23 t/s 26.989s
0824 00:57:49 ds4-server: chat ctx=722..772:50 gen=650 THINKING decoding chunk=21.30 t/s avg=22.16 t/s 29.336s
0824 00:57:51 ds4-server: chat ctx=772..822:50 gen=700 THINKING decoding chunk=21.18 t/s avg=22.08 t/s 31.696s
0824 00:57:54 ds4-server: chat ctx=822..872:50 gen=750 THINKING decoding chunk=21.03 t/s avg=22.01 t/s 34.074s
0824 00:57:56 ds4-server: chat ctx=872..922:50 gen=800 THINKING decoding chunk=20.91 t/s avg=21.94 t/s 36.465s
0824 00:57:59 ds4-server: chat ctx=922..972:50 gen=850 THINKING decoding chunk=20.81 t/s avg=21.87 t/s 38.868s
0824 00:58:01 ds4-server: chat ctx=972..1022:50 gen=900 THINKING decoding chunk=20.67 t/s avg=21.80 t/s 41.287s
0824 00:58:03 ds4-server: chat ctx=1022..1072:50 gen=950 THINKING decoding chunk=20.59 t/s avg=21.73 t/s 43.715s
0824 00:58:06 ds4-server: chat ctx=1072..1122:50 gen=1000 THINKING decoding chunk=20.41 t/s avg=21.66 t/s 46.165s
0824 00:58:08 ds4-server: chat ctx=1122..1172:50 gen=1050 THINKING decoding chunk=20.31 t/s avg=21.59 t/s 48.627s
0824 00:58:11 ds4-server: chat ctx=1172..1222:50 gen=1100 THINKING decoding chunk=20.22 t/s avg=21.53 t/s 51.100s
0824 00:58:13 ds4-server: chat ctx=1222..1272:50 gen=1150 THINKING decoding chunk=20.06 t/s avg=21.46 t/s 53.593s
0824 00:58:16 ds4-server: chat ctx=1272..1322:50 gen=1200 THINKING decoding chunk=19.98 t/s avg=21.39 t/s 56.096s
0824 00:58:18 ds4-server: chat ctx=1322..1372:50 gen=1250 THINKING decoding chunk=19.91 t/s avg=21.33 t/s 58.607s
0824 00:58:21 ds4-server: chat ctx=1372..1422:50 gen=1300 THINKING decoding chunk=19.85 t/s avg=21.27 t/s 61.125s
0824 00:58:23 ds4-server: chat ctx=1422..1472:50 gen=1350 THINKING decoding chunk=19.92 t/s avg=21.21 t/s 63.636s
0824 00:58:26 ds4-server: chat ctx=1472..1522:50 gen=1400 THINKING decoding chunk=19.57 t/s avg=21.15 t/s 66.191s
0824 00:58:29 ds4-server: chat ctx=1522..1572:50 gen=1450 THINKING decoding chunk=19.41 t/s avg=21.09 t/s 68.767s
0824 00:58:31 ds4-server: chat ctx=1572..1622:50 gen=1500 THINKING decoding chunk=19.30 t/s avg=21.02 t/s 71.358s
0824 00:58:34 ds4-server: chat ctx=1622..1672:50 gen=1550 THINKING decoding chunk=19.14 t/s avg=20.95 t/s 73.971s
0824 00:58:36 ds4-server: chat ctx=1672..1722:50 gen=1600 THINKING decoding chunk=19.19 t/s avg=20.89 t/s 76.577s
0824 00:58:39 ds4-server: chat ctx=1722..1772:50 gen=1650 THINKING decoding chunk=19.01 t/s avg=20.83 t/s 79.207s
0824 00:58:42 ds4-server: chat ctx=1772..1822:50 gen=1700 decoding chunk=18.87 t/s avg=20.77 t/s 81.857s
0824 00:58:44 ds4-server: chat ctx=1822..1872:50 gen=1750 decoding chunk=18.80 t/s avg=20.71 t/s 84.516s
0824 00:58:45 ds4-server: chat ctx=1872..1880:8 gen=1758 decoding chunk=18.73 t/s avg=20.70 t/s 84.943s
0824 00:58:45 ds4-server: thinking live checkpoint remembered ctx=0..122:122 live=1880 visible=916
0824 00:58:45 ds4-server: chat ctx=0..122:122 gen=1758 finish=stop 90.457s
0824 00:58:47 ds4-server: live kv cache miss live=1880 prompt=156 common=30 reason=token-mismatch
0824 00:58:47 ds4-server: chat ctx=0..156:156 prompt start
0824 00:58:47 ds4-server: chat ctx=0..156:156 prefill chunk 1/156 (0.6%) chunk=0.00 t/s avg=3.18 t/s 0.314s
0824 00:58:47 ds4-server: chat ctx=0..156:156 prefill chunk 2/156 (1.3%) chunk=23.65 t/s avg=5.61 t/s 0.357s
0824 00:58:48 ds4-server: chat ctx=0..156:156 prefill chunk 3/156 (1.9%) chunk=22.87 t/s avg=7.49 t/s 0.400s
0824 00:58:48 ds4-server: chat ctx=0..156:156 prefill chunk 4/156 (2.6%) chunk=23.65 t/s avg=9.03 t/s 0.443s
0824 00:58:48 ds4-server: chat ctx=0..156:156 prefill chunk 5/156 (3.2%) chunk=23.74 t/s avg=10.31 t/s 0.485s
0824 00:58:48 ds4-server: chat ctx=0..156:156 prefill chunk 6/156 (3.8%) chunk=24.09 t/s avg=11.40 t/s 0.526s
0824 00:58:48 ds4-server: chat ctx=0..156:156 prefill chunk 7/156 (4.5%) chunk=22.86 t/s avg=12.28 t/s 0.570s
0824 00:58:48 ds4-server: chat ctx=0..156:156 prefill chunk 8/156 (5.1%) chunk=24.08 t/s avg=13.08 t/s 0.612s
0824 00:58:48 ds4-server: chat ctx=0..156:156 prefill chunk 9/156 (5.8%) chunk=23.52 t/s avg=13.76 t/s 0.654s
0824 00:58:48 ds4-server: chat ctx=0..156:156 prefill chunk 10/156 (6.4%) chunk=23.36 t/s avg=14.35 t/s 0.697s
0824 00:58:48 ds4-server: chat ctx=0..156:156 prefill chunk 11/156 (7.1%) chunk=23.27 t/s avg=14.87 t/s 0.740s
0824 00:58:48 ds4-server: chat ctx=0..156:156 prefill chunk 12/156 (7.7%) chunk=23.93 t/s avg=15.35 t/s 0.782s
0824 00:58:48 ds4-server: chat ctx=0..156:156 prefill chunk 13/156 (8.3%) chunk=23.85 t/s avg=15.78 t/s 0.824s
0824 00:58:48 ds4-server: chat ctx=0..156:156 prefill chunk 14/156 (9.0%) chunk=23.11 t/s avg=16.15 t/s 0.867s
0824 00:58:48 ds4-server: chat ctx=0..156:156 prefill chunk 15/156 (9.6%) chunk=23.63 t/s avg=16.50 t/s 0.909s
0824 00:58:48 ds4-server: chat ctx=0..156:156 prefill chunk 16/156 (10.3%) chunk=24.12 t/s avg=16.83 t/s 0.951s
0824 00:58:48 ds4-server: chat ctx=0..156:156 prefill chunk 17/156 (10.9%) chunk=23.64 t/s avg=17.12 t/s 0.993s
0824 00:58:48 ds4-server: chat ctx=0..156:156 prefill chunk 18/156 (11.5%) chunk=22.44 t/s avg=17.35 t/s 1.038s
0824 00:58:48 ds4-server: chat ctx=0..156:156 prefill chunk 19/156 (12.2%) chunk=23.79 t/s avg=17.60 t/s 1.080s
0824 00:58:48 ds4-server: chat ctx=0..156:156 prefill chunk 20/156 (12.8%) chunk=23.69 t/s avg=17.83 t/s 1.122s
0824 00:58:48 ds4-server: chat ctx=0..156:156 prefill chunk 21/156 (13.5%) chunk=22.78 t/s avg=18.01 t/s 1.166s
0824 00:58:48 ds4-server: chat ctx=0..156:156 prefill chunk 22/156 (14.1%) chunk=23.72 t/s avg=18.21 t/s 1.208s
0824 00:58:48 ds4-server: chat ctx=0..156:156 prefill chunk 23/156 (14.7%) chunk=23.79 t/s avg=18.40 t/s 1.250s
0824 00:58:48 ds4-server: chat ctx=0..156:156 prefill chunk 24/156 (15.4%) chunk=23.50 t/s avg=18.57 t/s 1.292s
0824 00:58:48 ds4-server: chat ctx=0..156:156 prefill chunk 25/156 (16.0%) chunk=22.66 t/s avg=18.70 t/s 1.337s
0824 00:58:48 ds4-server: chat ctx=0..156:156 prefill chunk 26/156 (16.7%) chunk=23.81 t/s avg=18.86 t/s 1.379s
0824 00:58:49 ds4-server: chat ctx=0..156:156 prefill chunk 27/156 (17.3%) chunk=23.43 t/s avg=19.00 t/s 1.421s
0824 00:58:49 ds4-server: chat ctx=0..156:156 prefill chunk 28/156 (17.9%) chunk=22.85 t/s avg=19.11 t/s 1.465s
0824 00:58:49 ds4-server: chat ctx=0..156:156 prefill chunk 29/156 (18.6%) chunk=23.58 t/s avg=19.24 t/s 1.507s
0824 00:58:49 ds4-server: chat ctx=0..156:156 prefill chunk 30/156 (19.2%) chunk=23.60 t/s avg=19.36 t/s 1.550s
0824 00:58:49 ds4-server: chat ctx=0..156:156 prefill chunk 31/156 (19.9%) chunk=23.58 t/s avg=19.47 t/s 1.592s
0824 00:58:49 ds4-server: chat ctx=0..156:156 prefill chunk 32/156 (20.5%) chunk=22.71 t/s avg=19.56 t/s 1.636s
0824 00:58:49 ds4-server: chat ctx=0..156:156 prefill chunk 33/156 (21.2%) chunk=23.79 t/s avg=19.66 t/s 1.678s
0824 00:58:49 ds4-server: chat ctx=0..156:156 prefill chunk 34/156 (21.8%) chunk=23.50 t/s avg=19.76 t/s 1.721s
0824 00:58:49 ds4-server: chat ctx=0..156:156 prefill chunk 35/156 (22.4%) chunk=23.34 t/s avg=19.84 t/s 1.764s
0824 00:58:49 ds4-server: chat ctx=0..156:156 prefill chunk 36/156 (23.1%) chunk=23.19 t/s avg=19.92 t/s 1.807s
0824 00:58:49 ds4-server: chat ctx=0..156:156 prefill chunk 37/156 (23.7%) chunk=23.78 t/s avg=20.01 t/s 1.849s
0824 00:58:49 ds4-server: chat ctx=0..156:156 prefill chunk 38/156 (24.4%) chunk=23.50 t/s avg=20.09 t/s 1.891s
0824 00:58:49 ds4-server: chat ctx=0..156:156 prefill chunk 39/156 (25.0%) chunk=23.09 t/s avg=20.16 t/s 1.935s
0824 00:58:49 ds4-server: chat ctx=0..156:156 prefill chunk 40/156 (25.6%) chunk=23.59 t/s avg=20.23 t/s 1.977s
0824 00:58:49 ds4-server: chat ctx=0..156:156 prefill chunk 41/156 (26.3%) chunk=23.37 t/s avg=20.30 t/s 2.020s
0824 00:58:49 ds4-server: chat ctx=0..156:156 prefill chunk 42/156 (26.9%) chunk=23.21 t/s avg=20.36 t/s 2.063s
0824 00:58:49 ds4-server: chat ctx=0..156:156 prefill chunk 43/156 (27.6%) chunk=23.21 t/s avg=20.42 t/s 2.106s
0824 00:58:49 ds4-server: chat ctx=0..156:156 prefill chunk 44/156 (28.2%) chunk=23.57 t/s avg=20.48 t/s 2.149s
0824 00:58:49 ds4-server: chat ctx=0..156:156 prefill chunk 45/156 (28.8%) chunk=23.43 t/s avg=20.54 t/s 2.191s
0824 00:58:49 ds4-server: chat ctx=0..156:156 prefill chunk 46/156 (29.5%) chunk=23.15 t/s avg=20.59 t/s 2.234s
0824 00:58:49 ds4-server: chat ctx=0..156:156 prefill chunk 47/156 (30.1%) chunk=23.29 t/s avg=20.64 t/s 2.277s
0824 00:58:49 ds4-server: chat ctx=0..156:156 prefill chunk 48/156 (30.8%) chunk=23.25 t/s avg=20.69 t/s 2.320s
0824 00:58:49 ds4-server: chat ctx=0..156:156 prefill chunk 49/156 (31.4%) chunk=23.24 t/s avg=20.73 t/s 2.363s
0824 00:58:50 ds4-server: chat ctx=0..156:156 prefill chunk 50/156 (32.1%) chunk=22.99 t/s avg=20.77 t/s 2.407s
0824 00:58:50 ds4-server: chat ctx=0..156:156 prefill chunk 51/156 (32.7%) chunk=23.76 t/s avg=20.83 t/s 2.449s
0824 00:58:50 ds4-server: chat ctx=0..156:156 prefill chunk 52/156 (33.3%) chunk=23.60 t/s avg=20.87 t/s 2.491s
0824 00:58:50 ds4-server: chat ctx=0..156:156 prefill chunk 53/156 (34.0%) chunk=22.60 t/s avg=20.90 t/s 2.536s
0824 00:58:50 ds4-server: chat ctx=0..156:156 prefill chunk 54/156 (34.6%) chunk=23.46 t/s avg=20.94 t/s 2.578s
0824 00:58:50 ds4-server: chat ctx=0..156:156 prefill chunk 55/156 (35.3%) chunk=23.26 t/s avg=20.98 t/s 2.621s
0824 00:58:50 ds4-server: chat ctx=0..156:156 prefill chunk 56/156 (35.9%) chunk=22.78 t/s avg=21.01 t/s 2.665s
0824 00:58:50 ds4-server: chat ctx=0..156:156 prefill chunk 57/156 (36.5%) chunk=23.37 t/s avg=21.05 t/s 2.708s
0824 00:58:50 ds4-server: chat ctx=0..156:156 prefill chunk 58/156 (37.2%) chunk=23.71 t/s avg=21.09 t/s 2.750s
0824 00:58:50 ds4-server: chat ctx=0..156:156 prefill chunk 59/156 (37.8%) chunk=23.38 t/s avg=21.13 t/s 2.793s
0824 00:58:50 ds4-server: chat ctx=0..156:156 prefill chunk 60/156 (38.5%) chunk=22.48 t/s avg=21.15 t/s 2.837s
0824 00:58:50 ds4-server: chat ctx=0..156:156 prefill chunk 61/156 (39.1%) chunk=23.62 t/s avg=21.18 t/s 2.880s
0824 00:58:50 ds4-server: chat ctx=0..156:156 prefill chunk 62/156 (39.7%) chunk=23.36 t/s avg=21.21 t/s 2.922s
0824 00:58:50 ds4-server: chat ctx=0..156:156 prefill chunk 63/156 (40.4%) chunk=22.83 t/s avg=21.24 t/s 2.966s
0824 00:58:50 ds4-server: chat ctx=0..156:156 prefill chunk 64/156 (41.0%) chunk=23.63 t/s avg=21.27 t/s 3.009s
0824 00:58:50 ds4-server: chat ctx=0..156:156 prefill chunk 65/156 (41.7%) chunk=23.52 t/s avg=21.30 t/s 3.051s
0824 00:58:50 ds4-server: chat ctx=0..156:156 prefill chunk 66/156 (42.3%) chunk=23.25 t/s avg=21.33 t/s 3.094s
0824 00:58:50 ds4-server: chat ctx=0..156:156 prefill chunk 67/156 (42.9%) chunk=22.49 t/s avg=21.35 t/s 3.139s
0824 00:58:50 ds4-server: chat ctx=0..156:156 prefill chunk 68/156 (43.6%) chunk=23.76 t/s avg=21.38 t/s 3.181s
0824 00:58:50 ds4-server: chat ctx=0..156:156 prefill chunk 69/156 (44.2%) chunk=23.65 t/s avg=21.41 t/s 3.223s
0824 00:58:50 ds4-server: chat ctx=0..156:156 prefill chunk 70/156 (44.9%) chunk=23.10 t/s avg=21.43 t/s 3.266s
0824 00:58:50 ds4-server: chat ctx=0..156:156 prefill chunk 71/156 (45.5%) chunk=23.65 t/s avg=21.46 t/s 3.308s
0824 00:58:50 ds4-server: chat ctx=0..156:156 prefill chunk 72/156 (46.2%) chunk=23.74 t/s avg=21.49 t/s 3.351s
0824 00:58:50 ds4-server: chat ctx=0..156:156 prefill chunk 73/156 (46.8%) chunk=23.50 t/s avg=21.51 t/s 3.393s
0824 00:58:51 ds4-server: chat ctx=0..156:156 prefill chunk 74/156 (47.4%) chunk=22.49 t/s avg=21.53 t/s 3.438s
0824 00:58:51 ds4-server: chat ctx=0..156:156 prefill chunk 75/156 (48.1%) chunk=23.69 t/s avg=21.55 t/s 3.480s
0824 00:58:51 ds4-server: chat ctx=0..156:156 prefill chunk 76/156 (48.7%) chunk=23.73 t/s avg=21.58 t/s 3.522s
0824 00:58:51 ds4-server: chat ctx=0..156:156 prefill chunk 77/156 (49.4%) chunk=22.89 t/s avg=21.59 t/s 3.566s
0824 00:58:51 ds4-server: chat ctx=0..156:156 prefill chunk 78/156 (50.0%) chunk=23.43 t/s avg=21.62 t/s 3.608s
0824 00:58:51 ds4-server: chat ctx=0..156:156 prefill chunk 79/156 (50.6%) chunk=23.81 t/s avg=21.64 t/s 3.650s
0824 00:58:51 ds4-server: chat ctx=0..156:156 prefill chunk 80/156 (51.3%) chunk=23.59 t/s avg=21.66 t/s 3.693s
0824 00:58:51 ds4-server: chat ctx=0..156:156 prefill chunk 81/156 (51.9%) chunk=22.75 t/s avg=21.68 t/s 3.737s
0824 00:58:51 ds4-server: chat ctx=0..156:156 prefill chunk 82/156 (52.6%) chunk=23.67 t/s avg=21.70 t/s 3.779s
0824 00:58:51 ds4-server: chat ctx=0..156:156 prefill chunk 83/156 (53.2%) chunk=23.53 t/s avg=21.72 t/s 3.821s
0824 00:58:51 ds4-server: chat ctx=0..156:156 prefill chunk 84/156 (53.8%) chunk=22.82 t/s avg=21.73 t/s 3.865s
0824 00:58:51 ds4-server: chat ctx=0..156:156 prefill chunk 85/156 (54.5%) chunk=23.51 t/s avg=21.75 t/s 3.908s
0824 00:58:51 ds4-server: chat ctx=0..156:156 prefill chunk 86/156 (55.1%) chunk=23.58 t/s avg=21.77 t/s 3.950s
0824 00:58:51 ds4-server: chat ctx=0..156:156 prefill chunk 87/156 (55.8%) chunk=23.46 t/s avg=21.79 t/s 3.993s
0824 00:58:51 ds4-server: chat ctx=0..156:156 prefill chunk 88/156 (56.4%) chunk=22.58 t/s avg=21.80 t/s 4.037s
0824 00:58:51 ds4-server: chat ctx=0..156:156 prefill chunk 89/156 (57.1%) chunk=23.73 t/s avg=21.82 t/s 4.079s
0824 00:58:51 ds4-server: chat ctx=0..156:156 prefill chunk 90/156 (57.7%) chunk=23.53 t/s avg=21.84 t/s 4.122s
0824 00:58:51 ds4-server: chat ctx=0..156:156 prefill chunk 91/156 (58.3%) chunk=22.77 t/s avg=21.85 t/s 4.166s
0824 00:58:51 ds4-server: chat ctx=0..156:156 prefill chunk 92/156 (59.0%) chunk=23.30 t/s avg=21.86 t/s 4.209s
0824 00:58:51 ds4-server: chat ctx=0..156:156 prefill chunk 93/156 (59.6%) chunk=23.57 t/s avg=21.88 t/s 4.251s
0824 00:58:51 ds4-server: chat ctx=0..156:156 prefill chunk 94/156 (60.3%) chunk=23.43 t/s avg=21.89 t/s 4.294s
0824 00:58:51 ds4-server: chat ctx=0..156:156 prefill chunk 95/156 (60.9%) chunk=22.51 t/s avg=21.90 t/s 4.338s
0824 00:58:51 ds4-server: chat ctx=0..156:156 prefill chunk 96/156 (61.5%) chunk=23.67 t/s avg=21.92 t/s 4.380s
0824 00:58:52 ds4-server: chat ctx=0..156:156 prefill chunk 97/156 (62.2%) chunk=23.47 t/s avg=21.93 t/s 4.423s
0824 00:58:52 ds4-server: chat ctx=0..156:156 prefill chunk 98/156 (62.8%) chunk=22.92 t/s avg=21.94 t/s 4.467s
0824 00:58:52 ds4-server: chat ctx=0..156:156 prefill chunk 99/156 (63.5%) chunk=23.89 t/s avg=21.96 t/s 4.508s
0824 00:58:52 ds4-server: chat ctx=0..156:156 prefill chunk 100/156 (64.1%) chunk=23.97 t/s avg=21.98 t/s 4.550s
0824 00:58:52 ds4-server: chat ctx=0..156:156 prefill chunk 101/156 (64.7%) chunk=23.43 t/s avg=21.99 t/s 4.593s
0824 00:58:52 ds4-server: chat ctx=0..156:156 prefill chunk 102/156 (65.4%) chunk=22.87 t/s avg=22.00 t/s 4.637s
0824 00:58:52 ds4-server: chat ctx=0..156:156 prefill chunk 103/156 (66.0%) chunk=23.63 t/s avg=22.01 t/s 4.679s
0824 00:58:52 ds4-server: chat ctx=0..156:156 prefill chunk 104/156 (66.7%) chunk=23.55 t/s avg=22.03 t/s 4.721s
0824 00:58:52 ds4-server: chat ctx=0..156:156 prefill chunk 105/156 (67.3%) chunk=22.73 t/s avg=22.03 t/s 4.765s
0824 00:58:52 ds4-server: chat ctx=0..156:156 prefill chunk 106/156 (67.9%) chunk=23.27 t/s avg=22.04 t/s 4.808s
0824 00:58:52 ds4-server: chat ctx=0..156:156 prefill chunk 107/156 (68.6%) chunk=23.62 t/s avg=22.06 t/s 4.851s
0824 00:58:52 ds4-server: chat ctx=0..156:156 prefill chunk 108/156 (69.2%) chunk=23.30 t/s avg=22.07 t/s 4.894s
0824 00:58:52 ds4-server: chat ctx=0..156:156 prefill chunk 109/156 (69.9%) chunk=22.38 t/s avg=22.07 t/s 4.938s
0824 00:58:52 ds4-server: chat ctx=0..156:156 prefill chunk 110/156 (70.5%) chunk=23.51 t/s avg=22.08 t/s 4.981s
0824 00:58:52 ds4-server: chat ctx=0..156:156 prefill chunk 111/156 (71.2%) chunk=23.43 t/s avg=22.10 t/s 5.024s
0824 00:58:52 ds4-server: chat ctx=0..156:156 prefill chunk 112/156 (71.8%) chunk=22.89 t/s avg=22.10 t/s 5.067s
0824 00:58:52 ds4-server: chat ctx=0..156:156 prefill chunk 113/156 (72.4%) chunk=23.27 t/s avg=22.11 t/s 5.110s
0824 00:58:52 ds4-server: chat ctx=0..156:156 prefill chunk 114/156 (73.1%) chunk=23.54 t/s avg=22.12 t/s 5.153s
0824 00:58:52 ds4-server: chat ctx=0..156:156 prefill chunk 115/156 (73.7%) chunk=23.26 t/s avg=22.13 t/s 5.196s
0824 00:58:52 ds4-server: chat ctx=0..156:156 prefill chunk 116/156 (74.4%) chunk=22.99 t/s avg=22.14 t/s 5.239s
0824 00:58:52 ds4-server: chat ctx=0..156:156 prefill chunk 117/156 (75.0%) chunk=23.60 t/s avg=22.15 t/s 5.282s
0824 00:58:52 ds4-server: chat ctx=0..156:156 prefill chunk 118/156 (75.6%) chunk=23.36 t/s avg=22.16 t/s 5.324s
0824 00:58:52 ds4-server: chat ctx=0..156:156 prefill chunk 119/156 (76.3%) chunk=22.73 t/s avg=22.17 t/s 5.368s
0824 00:58:53 ds4-server: chat ctx=0..156:156 prefill chunk 120/156 (76.9%) chunk=23.60 t/s avg=22.18 t/s 5.411s
0824 00:58:53 ds4-server: chat ctx=0..156:156 prefill chunk 121/156 (77.6%) chunk=23.23 t/s avg=22.19 t/s 5.454s
0824 00:58:53 ds4-server: chat ctx=0..156:156 prefill chunk 122/156 (78.2%) chunk=23.07 t/s avg=22.19 t/s 5.497s
0824 00:58:53 ds4-server: chat ctx=0..156:156 prefill chunk 123/156 (78.8%) chunk=22.77 t/s avg=22.20 t/s 5.541s
0824 00:58:53 ds4-server: chat ctx=0..156:156 prefill chunk 124/156 (79.5%) chunk=23.52 t/s avg=22.21 t/s 5.584s
0824 00:58:53 ds4-server: chat ctx=0..156:156 prefill chunk 125/156 (80.1%) chunk=23.25 t/s avg=22.22 t/s 5.627s
0824 00:58:53 ds4-server: chat ctx=0..156:156 prefill chunk 126/156 (80.8%) chunk=22.35 t/s avg=22.22 t/s 5.671s
0824 00:58:53 ds4-server: chat ctx=0..156:156 prefill chunk 127/156 (81.4%) chunk=23.65 t/s avg=22.23 t/s 5.714s
0824 00:58:53 ds4-server: chat ctx=0..156:156 prefill chunk 128/156 (82.1%) chunk=23.36 t/s avg=22.24 t/s 5.756s
0824 00:58:53 ds4-server: chat ctx=0..156:156 prefill chunk 129/156 (82.7%) chunk=22.62 t/s avg=22.24 t/s 5.801s
0824 00:58:53 ds4-server: chat ctx=0..156:156 prefill chunk 130/156 (83.3%) chunk=23.35 t/s avg=22.25 t/s 5.843s
0824 00:58:53 ds4-server: chat ctx=0..156:156 prefill chunk 131/156 (84.0%) chunk=23.13 t/s avg=22.25 t/s 5.887s
0824 00:58:53 ds4-server: chat ctx=0..156:156 prefill chunk 132/156 (84.6%) chunk=23.15 t/s avg=22.26 t/s 5.930s
0824 00:58:53 ds4-server: chat ctx=0..156:156 prefill chunk 133/156 (85.3%) chunk=22.81 t/s avg=22.26 t/s 5.974s
0824 00:58:53 ds4-server: chat ctx=0..156:156 prefill chunk 134/156 (85.9%) chunk=23.63 t/s avg=22.27 t/s 6.016s
0824 00:58:53 ds4-server: chat ctx=0..156:156 prefill chunk 135/156 (86.5%) chunk=23.49 t/s avg=22.28 t/s 6.059s
0824 00:58:53 ds4-server: chat ctx=0..156:156 prefill chunk 136/156 (87.2%) chunk=22.36 t/s avg=22.28 t/s 6.103s
0824 00:58:53 ds4-server: chat ctx=0..156:156 prefill chunk 137/156 (87.8%) chunk=23.41 t/s avg=22.29 t/s 6.146s
0824 00:58:53 ds4-server: chat ctx=0..156:156 prefill chunk 138/156 (88.5%) chunk=23.41 t/s avg=22.30 t/s 6.189s
0824 00:58:53 ds4-server: chat ctx=0..156:156 prefill chunk 139/156 (89.1%) chunk=22.60 t/s avg=22.30 t/s 6.233s
0824 00:58:53 ds4-server: chat ctx=0..156:156 prefill chunk 140/156 (89.7%) chunk=23.31 t/s avg=22.31 t/s 6.276s
0824 00:58:53 ds4-server: chat ctx=0..156:156 prefill chunk 141/156 (90.4%) chunk=23.67 t/s avg=22.32 t/s 6.318s
0824 00:58:53 ds4-server: chat ctx=0..156:156 prefill chunk 142/156 (91.0%) chunk=23.29 t/s avg=22.32 t/s 6.361s
0824 00:58:54 ds4-server: chat ctx=0..156:156 prefill chunk 143/156 (91.7%) chunk=22.29 t/s avg=22.32 t/s 6.406s
0824 00:58:54 ds4-server: chat ctx=0..156:156 prefill chunk 144/156 (92.3%) chunk=23.58 t/s avg=22.33 t/s 6.448s
0824 00:58:54 ds4-server: chat ctx=0..156:156 prefill chunk 145/156 (92.9%) chunk=23.12 t/s avg=22.34 t/s 6.492s
0824 00:58:54 ds4-server: chat ctx=0..156:156 prefill chunk 146/156 (93.6%) chunk=22.56 t/s avg=22.34 t/s 6.536s
0824 00:58:54 ds4-server: chat ctx=0..156:156 prefill chunk 147/156 (94.2%) chunk=23.30 t/s avg=22.34 t/s 6.579s
0824 00:58:54 ds4-server: chat ctx=0..156:156 prefill chunk 148/156 (94.9%) chunk=23.32 t/s avg=22.35 t/s 6.622s
0824 00:58:54 ds4-server: chat ctx=0..156:156 prefill chunk 149/156 (95.5%) chunk=22.46 t/s avg=22.35 t/s 6.666s
0824 00:58:54 ds4-server: chat ctx=0..156:156 prefill chunk 150/156 (96.2%) chunk=23.28 t/s avg=22.36 t/s 6.709s
0824 00:58:54 ds4-server: chat ctx=0..156:156 prefill chunk 151/156 (96.8%) chunk=23.22 t/s avg=22.36 t/s 6.752s
0824 00:58:54 ds4-server: chat ctx=0..156:156 prefill chunk 152/156 (97.4%) chunk=22.95 t/s avg=22.37 t/s 6.796s
0824 00:58:54 ds4-server: chat ctx=0..156:156 prefill chunk 153/156 (98.1%) chunk=22.77 t/s avg=22.37 t/s 6.840s
0824 00:58:54 ds4-server: chat ctx=0..156:156 prefill chunk 154/156 (98.7%) chunk=23.55 t/s avg=22.38 t/s 6.882s
0824 00:58:54 ds4-server: chat ctx=0..156:156 prefill chunk 155/156 (99.4%) chunk=23.21 t/s avg=22.38 t/s 6.925s
0824 00:58:54 ds4-server: chat ctx=0..156:156 prefill chunk 156/156 (100.0%) chunk=22.31 t/s avg=22.38 t/s 6.970s
0824 00:58:54 ds4-server: chat ctx=0..156:156 prompt done 6.970s
0824 00:58:56 ds4-server: chat ctx=156..206:50 gen=50 THINKING decoding chunk=22.99 t/s avg=22.99 t/s 2.175s
0824 00:58:58 ds4-server: chat ctx=206..256:50 gen=100 THINKING decoding chunk=22.80 t/s avg=22.89 t/s 4.368s
0824 00:59:01 ds4-server: chat ctx=256..306:50 gen=150 THINKING decoding chunk=22.63 t/s avg=22.81 t/s 6.577s
0824 00:59:03 ds4-server: chat ctx=306..356:50 gen=200 THINKING decoding chunk=22.51 t/s avg=22.73 t/s 8.798s
0824 00:59:05 ds4-server: chat ctx=356..406:50 gen=250 THINKING decoding chunk=22.36 t/s avg=22.66 t/s 11.034s
0824 00:59:07 ds4-server: chat ctx=406..456:50 gen=300 THINKING decoding chunk=22.26 t/s avg=22.59 t/s 13.280s
0824 00:59:10 ds4-server: chat ctx=456..506:50 gen=350 THINKING decoding chunk=22.09 t/s avg=22.52 t/s 15.543s
0824 00:59:12 ds4-server: chat ctx=506..556:50 gen=400 THINKING decoding chunk=21.92 t/s avg=22.44 t/s 17.824s
0824 00:59:14 ds4-server: chat ctx=556..606:50 gen=450 THINKING decoding chunk=21.79 t/s avg=22.37 t/s 20.119s
0824 00:59:17 ds4-server: chat ctx=606..656:50 gen=500 THINKING decoding chunk=21.60 t/s avg=22.29 t/s 22.434s
0824 00:59:19 ds4-server: chat ctx=656..706:50 gen=550 THINKING decoding chunk=21.52 t/s avg=22.22 t/s 24.757s
0824 00:59:21 ds4-server: chat ctx=706..756:50 gen=600 THINKING decoding chunk=21.35 t/s avg=22.14 t/s 27.099s
0824 00:59:24 ds4-server: chat ctx=756..806:50 gen=650 THINKING decoding chunk=21.26 t/s avg=22.07 t/s 29.451s
0824 00:59:26 ds4-server: chat ctx=806..856:50 gen=700 THINKING decoding chunk=21.13 t/s avg=22.00 t/s 31.818s
0824 00:59:28 ds4-server: chat ctx=856..906:50 gen=750 THINKING decoding chunk=21.02 t/s avg=21.93 t/s 34.196s
0824 00:59:31 ds4-server: chat ctx=906..956:50 gen=800 THINKING decoding chunk=20.92 t/s avg=21.87 t/s 36.587s
0824 00:59:33 ds4-server: chat ctx=956..1006:50 gen=850 THINKING decoding chunk=20.78 t/s avg=21.80 t/s 38.992s
0824 00:59:35 ds4-server: chat ctx=1006..1056:50 gen=900 THINKING decoding chunk=20.63 t/s avg=21.73 t/s 41.416s
0824 00:59:38 ds4-server: chat ctx=1056..1106:50 gen=950 THINKING decoding chunk=20.50 t/s avg=21.66 t/s 43.855s
0824 00:59:40 ds4-server: chat ctx=1106..1156:50 gen=1000 THINKING decoding chunk=20.39 t/s avg=21.59 t/s 46.307s
0824 00:59:43 ds4-server: chat ctx=1156..1206:50 gen=1050 THINKING decoding chunk=20.29 t/s avg=21.53 t/s 48.771s
0824 00:59:45 ds4-server: chat ctx=1206..1256:50 gen=1100 THINKING decoding chunk=20.14 t/s avg=21.46 t/s 51.253s
0824 00:59:48 ds4-server: chat ctx=1256..1306:50 gen=1150 THINKING decoding chunk=20.01 t/s avg=21.39 t/s 53.752s
0824 00:59:50 ds4-server: chat ctx=1306..1356:50 gen=1200 THINKING decoding chunk=19.89 t/s avg=21.33 t/s 56.266s
0824 00:59:53 ds4-server: chat ctx=1356..1406:50 gen=1250 THINKING decoding chunk=19.78 t/s avg=21.26 t/s 58.794s
0824 00:59:55 ds4-server: chat ctx=1406..1456:50 gen=1300 THINKING decoding chunk=19.62 t/s avg=21.19 t/s 61.342s
0824 00:59:58 ds4-server: chat ctx=1456..1506:50 gen=1350 THINKING decoding chunk=19.58 t/s avg=21.13 t/s 63.896s
0824 01:00:01 ds4-server: chat ctx=1506..1556:50 gen=1400 decoding chunk=19.47 t/s avg=21.06 t/s 66.464s
0824 01:00:02 ds4-server: chat ctx=1556..1575:19 gen=1419 decoding chunk=19.36 t/s avg=21.04 t/s 67.446s
0824 01:00:02 ds4-server: thinking live checkpoint remembered ctx=0..156:156 live=1575 visible=858
0824 01:00:02 ds4-server: chat ctx=0..156:156 gen=1419 finish=stop 74.416s
0824 01:00:04 ds4-server: live kv cache miss live=1575 prompt=155 common=37 reason=token-mismatch
0824 01:00:04 ds4-server: chat ctx=0..155:155 prompt start
0824 01:00:04 ds4-server: chat ctx=0..155:155 prefill chunk 1/155 (0.6%) chunk=0.00 t/s avg=3.13 t/s 0.320s
0824 01:00:05 ds4-server: chat ctx=0..155:155 prefill chunk 2/155 (1.3%) chunk=22.70 t/s avg=5.50 t/s 0.364s
0824 01:00:05 ds4-server: chat ctx=0..155:155 prefill chunk 3/155 (1.9%) chunk=24.07 t/s avg=7.40 t/s 0.405s
0824 01:00:05 ds4-server: chat ctx=0..155:155 prefill chunk 4/155 (2.6%) chunk=23.82 t/s avg=8.95 t/s 0.447s
0824 01:00:05 ds4-server: chat ctx=0..155:155 prefill chunk 5/155 (3.2%) chunk=23.27 t/s avg=10.20 t/s 0.490s
0824 01:00:05 ds4-server: chat ctx=0..155:155 prefill chunk 6/155 (3.9%) chunk=23.13 t/s avg=11.25 t/s 0.533s
0824 01:00:05 ds4-server: chat ctx=0..155:155 prefill chunk 7/155 (4.5%) chunk=23.79 t/s avg=12.17 t/s 0.575s
0824 01:00:05 ds4-server: chat ctx=0..155:155 prefill chunk 8/155 (5.2%) chunk=23.37 t/s avg=12.94 t/s 0.618s
0824 01:00:05 ds4-server: chat ctx=0..155:155 prefill chunk 9/155 (5.8%) chunk=23.16 t/s avg=13.61 t/s 0.661s
0824 01:00:05 ds4-server: chat ctx=0..155:155 prefill chunk 10/155 (6.5%) chunk=23.49 t/s avg=14.21 t/s 0.704s
0824 01:00:05 ds4-server: chat ctx=0..155:155 prefill chunk 11/155 (7.1%) chunk=23.95 t/s avg=14.75 t/s 0.746s
0824 01:00:05 ds4-server: chat ctx=0..155:155 prefill chunk 12/155 (7.7%) chunk=23.83 t/s avg=15.23 t/s 0.788s
0824 01:00:05 ds4-server: chat ctx=0..155:155 prefill chunk 13/155 (8.4%) chunk=22.68 t/s avg=15.63 t/s 0.832s
0824 01:00:05 ds4-server: chat ctx=0..155:155 prefill chunk 14/155 (9.0%) chunk=24.07 t/s avg=16.03 t/s 0.873s
0824 01:00:05 ds4-server: chat ctx=0..155:155 prefill chunk 15/155 (9.7%) chunk=23.96 t/s avg=16.39 t/s 0.915s
0824 01:00:05 ds4-server: chat ctx=0..155:155 prefill chunk 16/155 (10.3%) chunk=23.06 t/s avg=16.69 t/s 0.958s
0824 01:00:05 ds4-server: chat ctx=0..155:155 prefill chunk 17/155 (11.0%) chunk=23.35 t/s avg=16.98 t/s 1.001s
0824 01:00:05 ds4-server: chat ctx=0..155:155 prefill chunk 18/155 (11.6%) chunk=23.75 t/s avg=17.25 t/s 1.043s
0824 01:00:05 ds4-server: chat ctx=0..155:155 prefill chunk 19/155 (12.3%) chunk=23.68 t/s avg=17.50 t/s 1.086s
0824 01:00:05 ds4-server: chat ctx=0..155:155 prefill chunk 20/155 (12.9%) chunk=23.03 t/s avg=17.71 t/s 1.129s
0824 01:00:05 ds4-server: chat ctx=0..155:155 prefill chunk 21/155 (13.5%) chunk=23.55 t/s avg=17.93 t/s 1.171s
0824 01:00:05 ds4-server: chat ctx=0..155:155 prefill chunk 22/155 (14.2%) chunk=23.80 t/s avg=18.13 t/s 1.213s
0824 01:00:05 ds4-server: chat ctx=0..155:155 prefill chunk 23/155 (14.8%) chunk=23.79 t/s avg=18.32 t/s 1.256s
0824 01:00:05 ds4-server: chat ctx=0..155:155 prefill chunk 24/155 (15.5%) chunk=22.63 t/s avg=18.47 t/s 1.300s
0824 01:00:05 ds4-server: chat ctx=0..155:155 prefill chunk 25/155 (16.1%) chunk=23.86 t/s avg=18.63 t/s 1.342s
0824 01:00:06 ds4-server: chat ctx=0..155:155 prefill chunk 26/155 (16.8%) chunk=23.42 t/s avg=18.78 t/s 1.384s
0824 01:00:06 ds4-server: chat ctx=0..155:155 prefill chunk 27/155 (17.4%) chunk=22.90 t/s avg=18.91 t/s 1.428s
0824 01:00:06 ds4-server: chat ctx=0..155:155 prefill chunk 28/155 (18.1%) chunk=23.67 t/s avg=19.04 t/s 1.470s
0824 01:00:06 ds4-server: chat ctx=0..155:155 prefill chunk 29/155 (18.7%) chunk=23.93 t/s avg=19.18 t/s 1.512s
0824 01:00:06 ds4-server: chat ctx=0..155:155 prefill chunk 30/155 (19.4%) chunk=23.58 t/s avg=19.30 t/s 1.554s
0824 01:00:06 ds4-server: chat ctx=0..155:155 prefill chunk 31/155 (20.0%) chunk=22.50 t/s avg=19.39 t/s 1.599s
0824 01:00:06 ds4-server: chat ctx=0..155:155 prefill chunk 32/155 (20.6%) chunk=23.78 t/s avg=19.50 t/s 1.641s
0824 01:00:06 ds4-server: chat ctx=0..155:155 prefill chunk 33/155 (21.3%) chunk=23.82 t/s avg=19.61 t/s 1.683s
0824 01:00:06 ds4-server: chat ctx=0..155:155 prefill chunk 34/155 (21.9%) chunk=22.88 t/s avg=19.69 t/s 1.727s
0824 01:00:06 ds4-server: chat ctx=0..155:155 prefill chunk 35/155 (22.6%) chunk=23.65 t/s avg=19.79 t/s 1.769s
0824 01:00:06 ds4-server: chat ctx=0..155:155 prefill chunk 36/155 (23.2%) chunk=23.69 t/s avg=19.88 t/s 1.811s
0824 01:00:06 ds4-server: chat ctx=0..155:155 prefill chunk 37/155 (23.9%) chunk=23.47 t/s avg=19.96 t/s 1.854s
0824 01:00:06 ds4-server: chat ctx=0..155:155 prefill chunk 38/155 (24.5%) chunk=22.78 t/s avg=20.03 t/s 1.898s
0824 01:00:06 ds4-server: chat ctx=0..155:155 prefill chunk 39/155 (25.2%) chunk=23.73 t/s avg=20.11 t/s 1.940s
0824 01:00:06 ds4-server: chat ctx=0..155:155 prefill chunk 40/155 (25.8%) chunk=23.91 t/s avg=20.19 t/s 1.982s
0824 01:00:06 ds4-server: chat ctx=0..155:155 prefill chunk 41/155 (26.5%) chunk=22.41 t/s avg=20.24 t/s 2.026s
0824 01:00:06 ds4-server: chat ctx=0..155:155 prefill chunk 42/155 (27.1%) chunk=23.40 t/s avg=20.30 t/s 2.069s
0824 01:00:06 ds4-server: chat ctx=0..155:155 prefill chunk 43/155 (27.7%) chunk=23.79 t/s avg=20.37 t/s 2.111s
0824 01:00:06 ds4-server: chat ctx=0..155:155 prefill chunk 44/155 (28.4%) chunk=23.88 t/s avg=20.44 t/s 2.153s
0824 01:00:06 ds4-server: chat ctx=0..155:155 prefill chunk 45/155 (29.0%) chunk=23.06 t/s avg=20.49 t/s 2.196s
0824 01:00:06 ds4-server: chat ctx=0..155:155 prefill chunk 46/155 (29.7%) chunk=23.77 t/s avg=20.55 t/s 2.238s
0824 01:00:06 ds4-server: chat ctx=0..155:155 prefill chunk 47/155 (30.3%) chunk=23.70 t/s avg=20.61 t/s 2.280s
0824 01:00:06 ds4-server: chat ctx=0..155:155 prefill chunk 48/155 (31.0%) chunk=22.99 t/s avg=20.65 t/s 2.324s
0824 01:00:07 ds4-server: chat ctx=0..155:155 prefill chunk 49/155 (31.6%) chunk=23.17 t/s avg=20.70 t/s 2.367s
0824 01:00:07 ds4-server: chat ctx=0..155:155 prefill chunk 50/155 (32.3%) chunk=23.65 t/s avg=20.75 t/s 2.409s
0824 01:00:07 ds4-server: chat ctx=0..155:155 prefill chunk 51/155 (32.9%) chunk=23.57 t/s avg=20.80 t/s 2.452s
0824 01:00:07 ds4-server: chat ctx=0..155:155 prefill chunk 52/155 (33.5%) chunk=22.67 t/s avg=20.83 t/s 2.496s
0824 01:00:07 ds4-server: chat ctx=0..155:155 prefill chunk 53/155 (34.2%) chunk=23.69 t/s avg=20.88 t/s 2.538s
0824 01:00:07 ds4-server: chat ctx=0..155:155 prefill chunk 54/155 (34.8%) chunk=23.65 t/s avg=20.93 t/s 2.580s
0824 01:00:07 ds4-server: chat ctx=0..155:155 prefill chunk 55/155 (35.5%) chunk=23.09 t/s avg=20.96 t/s 2.624s
0824 01:00:07 ds4-server: chat ctx=0..155:155 prefill chunk 56/155 (36.1%) chunk=23.06 t/s avg=21.00 t/s 2.667s
0824 01:00:07 ds4-server: chat ctx=0..155:155 prefill chunk 57/155 (36.8%) chunk=23.83 t/s avg=21.04 t/s 2.709s
0824 01:00:07 ds4-server: chat ctx=0..155:155 prefill chunk 58/155 (37.4%) chunk=23.48 t/s avg=21.08 t/s 2.752s
0824 01:00:07 ds4-server: chat ctx=0..155:155 prefill chunk 59/155 (38.1%) chunk=22.77 t/s avg=21.10 t/s 2.796s
0824 01:00:07 ds4-server: chat ctx=0..155:155 prefill chunk 60/155 (38.7%) chunk=23.50 t/s avg=21.14 t/s 2.838s
0824 01:00:07 ds4-server: chat ctx=0..155:155 prefill chunk 61/155 (39.4%) chunk=23.68 t/s avg=21.18 t/s 2.880s
0824 01:00:07 ds4-server: chat ctx=0..155:155 prefill chunk 62/155 (40.0%) chunk=23.20 t/s avg=21.21 t/s 2.923s
0824 01:00:07 ds4-server: chat ctx=0..155:155 prefill chunk 63/155 (40.6%) chunk=22.88 t/s avg=21.23 t/s 2.967s
0824 01:00:07 ds4-server: chat ctx=0..155:155 prefill chunk 64/155 (41.3%) chunk=23.69 t/s avg=21.27 t/s 3.009s
0824 01:00:07 ds4-server: chat ctx=0..155:155 prefill chunk 65/155 (41.9%) chunk=23.25 t/s avg=21.29 t/s 3.052s
0824 01:00:07 ds4-server: chat ctx=0..155:155 prefill chunk 66/155 (42.6%) chunk=22.58 t/s avg=21.31 t/s 3.097s
0824 01:00:07 ds4-server: chat ctx=0..155:155 prefill chunk 67/155 (43.2%) chunk=23.77 t/s avg=21.35 t/s 3.139s
0824 01:00:07 ds4-server: chat ctx=0..155:155 prefill chunk 68/155 (43.9%) chunk=23.50 t/s avg=21.37 t/s 3.181s
0824 01:00:07 ds4-server: chat ctx=0..155:155 prefill chunk 69/155 (44.5%) chunk=22.52 t/s avg=21.39 t/s 3.226s
0824 01:00:07 ds4-server: chat ctx=0..155:155 prefill chunk 70/155 (45.2%) chunk=23.71 t/s avg=21.42 t/s 3.268s
0824 01:00:07 ds4-server: chat ctx=0..155:155 prefill chunk 71/155 (45.8%) chunk=23.65 t/s avg=21.45 t/s 3.310s
0824 01:00:07 ds4-server: chat ctx=0..155:155 prefill chunk 72/155 (46.5%) chunk=23.51 t/s avg=21.47 t/s 3.353s
0824 01:00:08 ds4-server: chat ctx=0..155:155 prefill chunk 73/155 (47.1%) chunk=22.45 t/s avg=21.49 t/s 3.397s
0824 01:00:08 ds4-server: chat ctx=0..155:155 prefill chunk 74/155 (47.7%) chunk=23.73 t/s avg=21.52 t/s 3.439s
0824 01:00:08 ds4-server: chat ctx=0..155:155 prefill chunk 75/155 (48.4%) chunk=23.75 t/s avg=21.54 t/s 3.482s
0824 01:00:08 ds4-server: chat ctx=0..155:155 prefill chunk 76/155 (49.0%) chunk=22.63 t/s avg=21.56 t/s 3.526s
0824 01:00:08 ds4-server: chat ctx=0..155:155 prefill chunk 77/155 (49.7%) chunk=23.63 t/s avg=21.58 t/s 3.568s
0824 01:00:08 ds4-server: chat ctx=0..155:155 prefill chunk 78/155 (50.3%) chunk=23.83 t/s avg=21.61 t/s 3.610s
0824 01:00:08 ds4-server: chat ctx=0..155:155 prefill chunk 79/155 (51.0%) chunk=23.53 t/s avg=21.63 t/s 3.652s
0824 01:00:08 ds4-server: chat ctx=0..155:155 prefill chunk 80/155 (51.6%) chunk=22.46 t/s avg=21.64 t/s 3.697s
0824 01:00:08 ds4-server: chat ctx=0..155:155 prefill chunk 81/155 (52.3%) chunk=23.67 t/s avg=21.66 t/s 3.739s
0824 01:00:08 ds4-server: chat ctx=0..155:155 prefill chunk 82/155 (52.9%) chunk=23.72 t/s avg=21.68 t/s 3.781s
0824 01:00:08 ds4-server: chat ctx=0..155:155 prefill chunk 83/155 (53.5%) chunk=23.12 t/s avg=21.70 t/s 3.825s
0824 01:00:08 ds4-server: chat ctx=0..155:155 prefill chunk 84/155 (54.2%) chunk=23.11 t/s avg=21.72 t/s 3.868s
0824 01:00:08 ds4-server: chat ctx=0..155:155 prefill chunk 85/155 (54.8%) chunk=23.58 t/s avg=21.74 t/s 3.910s
0824 01:00:08 ds4-server: chat ctx=0..155:155 prefill chunk 86/155 (55.5%) chunk=23.55 t/s avg=21.76 t/s 3.953s
0824 01:00:08 ds4-server: chat ctx=0..155:155 prefill chunk 87/155 (56.1%) chunk=22.56 t/s avg=21.77 t/s 3.997s
0824 01:00:08 ds4-server: chat ctx=0..155:155 prefill chunk 88/155 (56.8%) chunk=23.76 t/s avg=21.79 t/s 4.039s
0824 01:00:08 ds4-server: chat ctx=0..155:155 prefill chunk 89/155 (57.4%) chunk=23.88 t/s avg=21.81 t/s 4.081s
0824 01:00:08 ds4-server: chat ctx=0..155:155 prefill chunk 90/155 (58.1%) chunk=22.36 t/s avg=21.81 t/s 4.126s
0824 01:00:08 ds4-server: chat ctx=0..155:155 prefill chunk 91/155 (58.7%) chunk=23.24 t/s avg=21.83 t/s 4.169s
0824 01:00:08 ds4-server: chat ctx=0..155:155 prefill chunk 92/155 (59.4%) chunk=23.84 t/s avg=21.85 t/s 4.211s
0824 01:00:08 ds4-server: chat ctx=0..155:155 prefill chunk 93/155 (60.0%) chunk=23.65 t/s avg=21.87 t/s 4.253s
0824 01:00:08 ds4-server: chat ctx=0..155:155 prefill chunk 94/155 (60.6%) chunk=22.40 t/s avg=21.87 t/s 4.298s
0824 01:00:08 ds4-server: chat ctx=0..155:155 prefill chunk 95/155 (61.3%) chunk=23.61 t/s avg=21.89 t/s 4.340s
0824 01:00:09 ds4-server: chat ctx=0..155:155 prefill chunk 96/155 (61.9%) chunk=23.76 t/s avg=21.91 t/s 4.382s
0824 01:00:09 ds4-server: chat ctx=0..155:155 prefill chunk 97/155 (62.6%) chunk=22.63 t/s avg=21.91 t/s 4.426s
0824 01:00:09 ds4-server: chat ctx=0..155:155 prefill chunk 98/155 (63.2%) chunk=23.48 t/s avg=21.93 t/s 4.469s
0824 01:00:09 ds4-server: chat ctx=0..155:155 prefill chunk 99/155 (63.9%) chunk=23.63 t/s avg=21.95 t/s 4.511s
0824 01:00:09 ds4-server: chat ctx=0..155:155 prefill chunk 100/155 (64.5%) chunk=23.34 t/s avg=21.96 t/s 4.554s
0824 01:00:09 ds4-server: chat ctx=0..155:155 prefill chunk 101/155 (65.2%) chunk=22.53 t/s avg=21.96 t/s 4.599s
0824 01:00:09 ds4-server: chat ctx=0..155:155 prefill chunk 102/155 (65.8%) chunk=23.60 t/s avg=21.98 t/s 4.641s
0824 01:00:09 ds4-server: chat ctx=0..155:155 prefill chunk 103/155 (66.5%) chunk=23.63 t/s avg=21.99 t/s 4.683s
0824 01:00:09 ds4-server: chat ctx=0..155:155 prefill chunk 104/155 (67.1%) chunk=22.79 t/s avg=22.00 t/s 4.727s
0824 01:00:09 ds4-server: chat ctx=0..155:155 prefill chunk 105/155 (67.7%) chunk=23.35 t/s avg=22.01 t/s 4.770s
0824 01:00:09 ds4-server: chat ctx=0..155:155 prefill chunk 106/155 (68.4%) chunk=23.70 t/s avg=22.03 t/s 4.812s
0824 01:00:09 ds4-server: chat ctx=0..155:155 prefill chunk 107/155 (69.0%) chunk=23.37 t/s avg=22.04 t/s 4.855s
0824 01:00:09 ds4-server: chat ctx=0..155:155 prefill chunk 108/155 (69.7%) chunk=22.58 t/s avg=22.04 t/s 4.899s
0824 01:00:09 ds4-server: chat ctx=0..155:155 prefill chunk 109/155 (70.3%) chunk=23.61 t/s avg=22.06 t/s 4.942s
0824 01:00:09 ds4-server: chat ctx=0..155:155 prefill chunk 110/155 (71.0%) chunk=23.28 t/s avg=22.07 t/s 4.984s
0824 01:00:09 ds4-server: chat ctx=0..155:155 prefill chunk 111/155 (71.6%) chunk=22.82 t/s avg=22.08 t/s 5.028s
0824 01:00:09 ds4-server: chat ctx=0..155:155 prefill chunk 112/155 (72.3%) chunk=23.50 t/s avg=22.09 t/s 5.071s
0824 01:00:09 ds4-server: chat ctx=0..155:155 prefill chunk 113/155 (72.9%) chunk=23.73 t/s avg=22.10 t/s 5.113s
0824 01:00:09 ds4-server: chat ctx=0..155:155 prefill chunk 114/155 (73.5%) chunk=23.89 t/s avg=22.12 t/s 5.155s
0824 01:00:09 ds4-server: chat ctx=0..155:155 prefill chunk 115/155 (74.2%) chunk=22.78 t/s avg=22.12 t/s 5.199s
0824 01:00:09 ds4-server: chat ctx=0..155:155 prefill chunk 116/155 (74.8%) chunk=23.65 t/s avg=22.13 t/s 5.241s
0824 01:00:09 ds4-server: chat ctx=0..155:155 prefill chunk 117/155 (75.5%) chunk=23.99 t/s avg=22.15 t/s 5.283s
0824 01:00:09 ds4-server: chat ctx=0..155:155 prefill chunk 118/155 (76.1%) chunk=22.53 t/s avg=22.15 t/s 5.327s
0824 01:00:10 ds4-server: chat ctx=0..155:155 prefill chunk 119/155 (76.8%) chunk=23.62 t/s avg=22.16 t/s 5.369s
0824 01:00:10 ds4-server: chat ctx=0..155:155 prefill chunk 120/155 (77.4%) chunk=23.77 t/s avg=22.18 t/s 5.411s
0824 01:00:10 ds4-server: chat ctx=0..155:155 prefill chunk 121/155 (78.1%) chunk=23.69 t/s avg=22.19 t/s 5.454s
0824 01:00:10 ds4-server: chat ctx=0..155:155 prefill chunk 122/155 (78.7%) chunk=22.69 t/s avg=22.19 t/s 5.498s
0824 01:00:10 ds4-server: chat ctx=0..155:155 prefill chunk 123/155 (79.4%) chunk=23.88 t/s avg=22.20 t/s 5.540s
0824 01:00:10 ds4-server: chat ctx=0..155:155 prefill chunk 124/155 (80.0%) chunk=23.67 t/s avg=22.21 t/s 5.582s
0824 01:00:10 ds4-server: chat ctx=0..155:155 prefill chunk 125/155 (80.6%) chunk=22.63 t/s avg=22.22 t/s 5.626s
0824 01:00:10 ds4-server: chat ctx=0..155:155 prefill chunk 126/155 (81.3%) chunk=23.50 t/s avg=22.23 t/s 5.669s
0824 01:00:10 ds4-server: chat ctx=0..155:155 prefill chunk 127/155 (81.9%) chunk=24.03 t/s avg=22.24 t/s 5.710s
0824 01:00:10 ds4-server: chat ctx=0..155:155 prefill chunk 128/155 (82.6%) chunk=23.55 t/s avg=22.25 t/s 5.753s
0824 01:00:10 ds4-server: chat ctx=0..155:155 prefill chunk 129/155 (83.2%) chunk=23.16 t/s avg=22.26 t/s 5.796s
0824 01:00:10 ds4-server: chat ctx=0..155:155 prefill chunk 130/155 (83.9%) chunk=23.78 t/s avg=22.27 t/s 5.838s
0824 01:00:10 ds4-server: chat ctx=0..155:155 prefill chunk 131/155 (84.5%) chunk=24.06 t/s avg=22.28 t/s 5.880s
0824 01:00:10 ds4-server: chat ctx=0..155:155 prefill chunk 132/155 (85.2%) chunk=23.72 t/s avg=22.29 t/s 5.922s
0824 01:00:10 ds4-server: chat ctx=0..155:155 prefill chunk 133/155 (85.8%) chunk=22.99 t/s avg=22.30 t/s 5.965s
0824 01:00:10 ds4-server: chat ctx=0..155:155 prefill chunk 134/155 (86.5%) chunk=23.69 t/s avg=22.31 t/s 6.007s
0824 01:00:10 ds4-server: chat ctx=0..155:155 prefill chunk 135/155 (87.1%) chunk=23.87 t/s avg=22.32 t/s 6.049s
0824 01:00:10 ds4-server: chat ctx=0..155:155 prefill chunk 136/155 (87.7%) chunk=22.68 t/s avg=22.32 t/s 6.093s
0824 01:00:10 ds4-server: chat ctx=0..155:155 prefill chunk 137/155 (88.4%) chunk=24.05 t/s avg=22.33 t/s 6.135s
0824 01:00:10 ds4-server: chat ctx=0..155:155 prefill chunk 138/155 (89.0%) chunk=23.98 t/s avg=22.34 t/s 6.177s
0824 01:00:10 ds4-server: chat ctx=0..155:155 prefill chunk 139/155 (89.7%) chunk=23.80 t/s avg=22.35 t/s 6.219s
0824 01:00:10 ds4-server: chat ctx=0..155:155 prefill chunk 140/155 (90.3%) chunk=23.32 t/s avg=22.36 t/s 6.262s
0824 01:00:10 ds4-server: chat ctx=0..155:155 prefill chunk 141/155 (91.0%) chunk=23.73 t/s avg=22.37 t/s 6.304s
0824 01:00:10 ds4-server: chat ctx=0..155:155 prefill chunk 142/155 (91.6%) chunk=23.69 t/s avg=22.38 t/s 6.346s
0824 01:00:11 ds4-server: chat ctx=0..155:155 prefill chunk 143/155 (92.3%) chunk=23.64 t/s avg=22.39 t/s 6.388s
0824 01:00:11 ds4-server: chat ctx=0..155:155 prefill chunk 144/155 (92.9%) chunk=22.81 t/s avg=22.39 t/s 6.432s
0824 01:00:11 ds4-server: chat ctx=0..155:155 prefill chunk 145/155 (93.5%) chunk=23.56 t/s avg=22.40 t/s 6.474s
0824 01:00:11 ds4-server: chat ctx=0..155:155 prefill chunk 146/155 (94.2%) chunk=23.36 t/s avg=22.40 t/s 6.517s
0824 01:00:11 ds4-server: chat ctx=0..155:155 prefill chunk 147/155 (94.8%) chunk=22.41 t/s avg=22.40 t/s 6.562s
0824 01:00:11 ds4-server: chat ctx=0..155:155 prefill chunk 148/155 (95.5%) chunk=23.49 t/s avg=22.41 t/s 6.604s
0824 01:00:11 ds4-server: chat ctx=0..155:155 prefill chunk 149/155 (96.1%) chunk=23.52 t/s avg=22.42 t/s 6.647s
0824 01:00:11 ds4-server: chat ctx=0..155:155 prefill chunk 150/155 (96.8%) chunk=22.36 t/s avg=22.42 t/s 6.692s
0824 01:00:11 ds4-server: chat ctx=0..155:155 prefill chunk 151/155 (97.4%) chunk=23.36 t/s avg=22.42 t/s 6.735s
0824 01:00:11 ds4-server: chat ctx=0..155:155 prefill chunk 152/155 (98.1%) chunk=23.33 t/s avg=22.43 t/s 6.777s
0824 01:00:11 ds4-server: chat ctx=0..155:155 prefill chunk 153/155 (98.7%) chunk=23.22 t/s avg=22.43 t/s 6.820s
0824 01:00:11 ds4-server: chat ctx=0..155:155 prefill chunk 154/155 (99.4%) chunk=22.40 t/s avg=22.43 t/s 6.865s
0824 01:00:11 ds4-server: chat ctx=0..155:155 prefill chunk 155/155 (100.0%) chunk=23.30 t/s avg=22.44 t/s 6.908s
0824 01:00:11 ds4-server: chat ctx=0..155:155 prompt done 6.908s
0824 01:00:13 ds4-server: chat ctx=155..205:50 gen=50 THINKING decoding chunk=23.01 t/s avg=23.01 t/s 2.173s
0824 01:00:15 ds4-server: chat ctx=205..255:50 gen=100 THINKING decoding chunk=22.83 t/s avg=22.92 t/s 4.363s
0824 01:00:18 ds4-server: chat ctx=255..305:50 gen=150 THINKING decoding chunk=22.69 t/s avg=22.84 t/s 6.567s
0824 01:00:20 ds4-server: chat ctx=305..355:50 gen=200 THINKING decoding chunk=22.53 t/s avg=22.76 t/s 8.786s
0824 01:00:22 ds4-server: chat ctx=355..405:50 gen=250 THINKING decoding chunk=22.37 t/s avg=22.68 t/s 11.021s
0824 01:00:24 ds4-server: chat ctx=405..455:50 gen=300 THINKING decoding chunk=22.25 t/s avg=22.61 t/s 13.268s
0824 01:00:27 ds4-server: chat ctx=455..505:50 gen=350 THINKING decoding chunk=22.09 t/s avg=22.53 t/s 15.532s
0824 01:00:29 ds4-server: chat ctx=505..555:50 gen=400 THINKING decoding chunk=21.93 t/s avg=22.46 t/s 17.812s
0824 01:00:31 ds4-server: chat ctx=555..605:50 gen=450 THINKING decoding chunk=21.78 t/s avg=22.38 t/s 20.107s
0824 01:00:33 ds4-server: chat ctx=605..655:50 gen=500 THINKING decoding chunk=21.62 t/s avg=22.30 t/s 22.420s
0824 01:00:36 ds4-server: chat ctx=655..705:50 gen=550 THINKING decoding chunk=21.51 t/s avg=22.23 t/s 24.744s
0824 01:00:38 ds4-server: chat ctx=705..755:50 gen=600 THINKING decoding chunk=21.33 t/s avg=22.15 t/s 27.089s
0824 01:00:40 ds4-server: chat ctx=755..805:50 gen=650 THINKING decoding chunk=21.23 t/s avg=22.08 t/s 29.444s
0824 01:00:43 ds4-server: chat ctx=805..855:50 gen=700 THINKING decoding chunk=21.09 t/s avg=22.00 t/s 31.815s
0824 01:00:45 ds4-server: chat ctx=855..905:50 gen=750 THINKING decoding chunk=20.96 t/s avg=21.93 t/s 34.201s
0824 01:00:48 ds4-server: chat ctx=905..955:50 gen=800 THINKING decoding chunk=20.84 t/s avg=21.86 t/s 36.601s
0824 01:00:50 ds4-server: chat ctx=955..1005:50 gen=850 THINKING decoding chunk=20.71 t/s avg=21.79 t/s 39.015s
0824 01:00:52 ds4-server: chat ctx=1005..1055:50 gen=900 THINKING decoding chunk=20.59 t/s avg=21.72 t/s 41.444s
0824 01:00:55 ds4-server: chat ctx=1055..1105:50 gen=950 THINKING decoding chunk=20.50 t/s avg=21.65 t/s 43.883s
0824 01:00:57 ds4-server: chat ctx=1105..1155:50 gen=1000 THINKING decoding chunk=20.35 t/s avg=21.58 t/s 46.340s
0824 01:01:00 ds4-server: chat ctx=1155..1205:50 gen=1050 THINKING decoding chunk=20.24 t/s avg=21.51 t/s 48.811s
0824 01:01:02 ds4-server: chat ctx=1205..1255:50 gen=1100 THINKING decoding chunk=20.09 t/s avg=21.44 t/s 51.299s
0824 01:01:05 ds4-server: chat ctx=1255..1305:50 gen=1150 THINKING decoding chunk=20.00 t/s avg=21.38 t/s 53.799s
0824 01:01:07 ds4-server: chat ctx=1305..1355:50 gen=1200 THINKING decoding chunk=19.88 t/s avg=21.31 t/s 56.315s
0824 01:01:10 ds4-server: chat ctx=1355..1405:50 gen=1250 THINKING decoding chunk=19.80 t/s avg=21.24 t/s 58.840s
0824 01:01:12 ds4-server: chat ctx=1405..1455:50 gen=1300 THINKING decoding chunk=19.67 t/s avg=21.18 t/s 61.382s
0824 01:01:15 ds4-server: chat ctx=1455..1505:50 gen=1350 decoding chunk=19.57 t/s avg=21.11 t/s 63.937s
0824 01:01:15 ds4-server: chat ctx=1505..1509:4 gen=1354 decoding chunk=19.65 t/s avg=21.11 t/s 64.141s
0824 01:01:15 ds4-server: thinking live checkpoint remembered ctx=0..155:155 live=1509 visible=833
0824 01:01:15 ds4-server: chat ctx=0..155:155 gen=1354 finish=stop 71.049s
0824 01:01:18 ds4-server: live kv cache miss live=1509 prompt=131 common=37 reason=token-mismatch
0824 01:01:18 ds4-server: chat ctx=0..131:131 prompt start
0824 01:01:18 ds4-server: chat ctx=0..131:131 prefill chunk 1/131 (0.8%) chunk=0.00 t/s avg=3.13 t/s 0.319s
0824 01:01:18 ds4-server: chat ctx=0..131:131 prefill chunk 2/131 (1.5%) chunk=23.83 t/s avg=5.54 t/s 0.361s
0824 01:01:18 ds4-server: chat ctx=0..131:131 prefill chunk 3/131 (2.3%) chunk=24.05 t/s avg=7.45 t/s 0.403s
0824 01:01:18 ds4-server: chat ctx=0..131:131 prefill chunk 4/131 (3.1%) chunk=23.12 t/s avg=8.97 t/s 0.446s
0824 01:01:18 ds4-server: chat ctx=0..131:131 prefill chunk 5/131 (3.8%) chunk=23.08 t/s avg=10.22 t/s 0.489s
0824 01:01:18 ds4-server: chat ctx=0..131:131 prefill chunk 6/131 (4.6%) chunk=24.29 t/s avg=11.31 t/s 0.530s
0824 01:01:18 ds4-server: chat ctx=0..131:131 prefill chunk 7/131 (5.3%) chunk=24.25 t/s avg=12.24 t/s 0.572s
0824 01:01:18 ds4-server: chat ctx=0..131:131 prefill chunk 8/131 (6.1%) chunk=22.93 t/s avg=13.00 t/s 0.615s
0824 01:01:18 ds4-server: chat ctx=0..131:131 prefill chunk 9/131 (6.9%) chunk=23.47 t/s avg=13.68 t/s 0.658s
0824 01:01:18 ds4-server: chat ctx=0..131:131 prefill chunk 10/131 (7.6%) chunk=23.91 t/s avg=14.29 t/s 0.700s
0824 01:01:18 ds4-server: chat ctx=0..131:131 prefill chunk 11/131 (8.4%) chunk=23.75 t/s avg=14.83 t/s 0.742s
0824 01:01:18 ds4-server: chat ctx=0..131:131 prefill chunk 12/131 (9.2%) chunk=23.00 t/s avg=15.28 t/s 0.785s
0824 01:01:19 ds4-server: chat ctx=0..131:131 prefill chunk 13/131 (9.9%) chunk=23.89 t/s avg=15.72 t/s 0.827s
0824 01:01:19 ds4-server: chat ctx=0..131:131 prefill chunk 14/131 (10.7%) chunk=23.60 t/s avg=16.10 t/s 0.870s
0824 01:01:19 ds4-server: chat ctx=0..131:131 prefill chunk 15/131 (11.5%) chunk=23.12 t/s avg=16.43 t/s 0.913s
0824 01:01:19 ds4-server: chat ctx=0..131:131 prefill chunk 16/131 (12.2%) chunk=23.09 t/s avg=16.73 t/s 0.956s
0824 01:01:19 ds4-server: chat ctx=0..131:131 prefill chunk 17/131 (13.0%) chunk=23.60 t/s avg=17.03 t/s 0.998s
0824 01:01:19 ds4-server: chat ctx=0..131:131 prefill chunk 18/131 (13.7%) chunk=23.58 t/s avg=17.29 t/s 1.041s
0824 01:01:19 ds4-server: chat ctx=0..131:131 prefill chunk 19/131 (14.5%) chunk=22.98 t/s avg=17.52 t/s 1.084s
0824 01:01:19 ds4-server: chat ctx=0..131:131 prefill chunk 20/131 (15.3%) chunk=23.56 t/s avg=17.75 t/s 1.127s
0824 01:01:19 ds4-server: chat ctx=0..131:131 prefill chunk 21/131 (16.0%) chunk=23.61 t/s avg=17.96 t/s 1.169s
0824 01:01:19 ds4-server: chat ctx=0..131:131 prefill chunk 22/131 (16.8%) chunk=23.13 t/s avg=18.15 t/s 1.212s
0824 01:01:19 ds4-server: chat ctx=0..131:131 prefill chunk 23/131 (17.6%) chunk=22.92 t/s avg=18.31 t/s 1.256s
0824 01:01:19 ds4-server: chat ctx=0..131:131 prefill chunk 24/131 (18.3%) chunk=23.83 t/s avg=18.49 t/s 1.298s
0824 01:01:19 ds4-server: chat ctx=0..131:131 prefill chunk 25/131 (19.1%) chunk=23.57 t/s avg=18.65 t/s 1.340s
0824 01:01:19 ds4-server: chat ctx=0..131:131 prefill chunk 26/131 (19.8%) chunk=22.72 t/s avg=18.78 t/s 1.384s
0824 01:01:19 ds4-server: chat ctx=0..131:131 prefill chunk 27/131 (20.6%) chunk=23.43 t/s avg=18.92 t/s 1.427s
0824 01:01:19 ds4-server: chat ctx=0..131:131 prefill chunk 28/131 (21.4%) chunk=23.87 t/s avg=19.06 t/s 1.469s
0824 01:01:19 ds4-server: chat ctx=0..131:131 prefill chunk 29/131 (22.1%) chunk=23.10 t/s avg=19.18 t/s 1.512s
0824 01:01:19 ds4-server: chat ctx=0..131:131 prefill chunk 30/131 (22.9%) chunk=23.14 t/s avg=19.29 t/s 1.556s
0824 01:01:19 ds4-server: chat ctx=0..131:131 prefill chunk 31/131 (23.7%) chunk=23.76 t/s avg=19.40 t/s 1.598s
0824 01:01:19 ds4-server: chat ctx=0..131:131 prefill chunk 32/131 (24.4%) chunk=23.43 t/s avg=19.51 t/s 1.640s
0824 01:01:19 ds4-server: chat ctx=0..131:131 prefill chunk 33/131 (25.2%) chunk=23.16 t/s avg=19.60 t/s 1.684s
0824 01:01:19 ds4-server: chat ctx=0..131:131 prefill chunk 34/131 (26.0%) chunk=23.35 t/s avg=19.69 t/s 1.726s
0824 01:01:19 ds4-server: chat ctx=0..131:131 prefill chunk 35/131 (26.7%) chunk=23.78 t/s avg=19.79 t/s 1.768s
0824 01:01:20 ds4-server: chat ctx=0..131:131 prefill chunk 36/131 (27.5%) chunk=23.63 t/s avg=19.88 t/s 1.811s
0824 01:01:20 ds4-server: chat ctx=0..131:131 prefill chunk 37/131 (28.2%) chunk=22.82 t/s avg=19.95 t/s 1.855s
0824 01:01:20 ds4-server: chat ctx=0..131:131 prefill chunk 38/131 (29.0%) chunk=23.73 t/s avg=20.03 t/s 1.897s
0824 01:01:20 ds4-server: chat ctx=0..131:131 prefill chunk 39/131 (29.8%) chunk=23.44 t/s avg=20.11 t/s 1.939s
0824 01:01:20 ds4-server: chat ctx=0..131:131 prefill chunk 40/131 (30.5%) chunk=22.74 t/s avg=20.17 t/s 1.983s
0824 01:01:20 ds4-server: chat ctx=0..131:131 prefill chunk 41/131 (31.3%) chunk=23.42 t/s avg=20.24 t/s 2.026s
0824 01:01:20 ds4-server: chat ctx=0..131:131 prefill chunk 42/131 (32.1%) chunk=23.62 t/s avg=20.31 t/s 2.068s
0824 01:01:20 ds4-server: chat ctx=0..131:131 prefill chunk 43/131 (32.8%) chunk=23.61 t/s avg=20.37 t/s 2.111s
0824 01:01:20 ds4-server: chat ctx=0..131:131 prefill chunk 44/131 (33.6%) chunk=22.62 t/s avg=20.42 t/s 2.155s
0824 01:01:20 ds4-server: chat ctx=0..131:131 prefill chunk 45/131 (34.4%) chunk=23.73 t/s avg=20.48 t/s 2.197s
0824 01:01:20 ds4-server: chat ctx=0..131:131 prefill chunk 46/131 (35.1%) chunk=23.44 t/s avg=20.54 t/s 2.240s
0824 01:01:20 ds4-server: chat ctx=0..131:131 prefill chunk 47/131 (35.9%) chunk=22.81 t/s avg=20.58 t/s 2.284s
0824 01:01:20 ds4-server: chat ctx=0..131:131 prefill chunk 48/131 (36.6%) chunk=23.43 t/s avg=20.63 t/s 2.326s
0824 01:01:20 ds4-server: chat ctx=0..131:131 prefill chunk 49/131 (37.4%) chunk=23.78 t/s avg=20.69 t/s 2.368s
0824 01:01:20 ds4-server: chat ctx=0..131:131 prefill chunk 50/131 (38.2%) chunk=23.06 t/s avg=20.73 t/s 2.412s
0824 01:01:20 ds4-server: chat ctx=0..131:131 prefill chunk 51/131 (38.9%) chunk=22.89 t/s avg=20.77 t/s 2.455s
0824 01:01:20 ds4-server: chat ctx=0..131:131 prefill chunk 52/131 (39.7%) chunk=23.69 t/s avg=20.82 t/s 2.498s
0824 01:01:20 ds4-server: chat ctx=0..131:131 prefill chunk 53/131 (40.5%) chunk=23.49 t/s avg=20.87 t/s 2.540s
0824 01:01:20 ds4-server: chat ctx=0..131:131 prefill chunk 54/131 (41.2%) chunk=23.02 t/s avg=20.90 t/s 2.584s
0824 01:01:20 ds4-server: chat ctx=0..131:131 prefill chunk 55/131 (42.0%) chunk=23.47 t/s avg=20.94 t/s 2.626s
0824 01:01:20 ds4-server: chat ctx=0..131:131 prefill chunk 56/131 (42.7%) chunk=23.73 t/s avg=20.99 t/s 2.668s
0824 01:01:20 ds4-server: chat ctx=0..131:131 prefill chunk 57/131 (43.5%) chunk=23.10 t/s avg=21.02 t/s 2.712s
0824 01:01:20 ds4-server: chat ctx=0..131:131 prefill chunk 58/131 (44.3%) chunk=23.12 t/s avg=21.05 t/s 2.755s
0824 01:01:21 ds4-server: chat ctx=0..131:131 prefill chunk 59/131 (45.0%) chunk=23.70 t/s avg=21.09 t/s 2.797s
0824 01:01:21 ds4-server: chat ctx=0..131:131 prefill chunk 60/131 (45.8%) chunk=23.29 t/s avg=21.13 t/s 2.840s
0824 01:01:21 ds4-server: chat ctx=0..131:131 prefill chunk 61/131 (46.6%) chunk=22.74 t/s avg=21.15 t/s 2.884s
0824 01:01:21 ds4-server: chat ctx=0..131:131 prefill chunk 62/131 (47.3%) chunk=23.55 t/s avg=21.19 t/s 2.926s
0824 01:01:21 ds4-server: chat ctx=0..131:131 prefill chunk 63/131 (48.1%) chunk=23.65 t/s avg=21.22 t/s 2.969s
0824 01:01:21 ds4-server: chat ctx=0..131:131 prefill chunk 64/131 (48.9%) chunk=23.08 t/s avg=21.25 t/s 3.012s
0824 01:01:21 ds4-server: chat ctx=0..131:131 prefill chunk 65/131 (49.6%) chunk=23.06 t/s avg=21.27 t/s 3.055s
0824 01:01:21 ds4-server: chat ctx=0..131:131 prefill chunk 66/131 (50.4%) chunk=23.56 t/s avg=21.31 t/s 3.098s
0824 01:01:21 ds4-server: chat ctx=0..131:131 prefill chunk 67/131 (51.1%) chunk=23.52 t/s avg=21.34 t/s 3.140s
0824 01:01:21 ds4-server: chat ctx=0..131:131 prefill chunk 68/131 (51.9%) chunk=22.61 t/s avg=21.35 t/s 3.185s
0824 01:01:21 ds4-server: chat ctx=0..131:131 prefill chunk 69/131 (52.7%) chunk=23.42 t/s avg=21.38 t/s 3.227s
0824 01:01:21 ds4-server: chat ctx=0..131:131 prefill chunk 70/131 (53.4%) chunk=23.52 t/s avg=21.41 t/s 3.270s
0824 01:01:21 ds4-server: chat ctx=0..131:131 prefill chunk 71/131 (54.2%) chunk=22.97 t/s avg=21.43 t/s 3.313s
0824 01:01:21 ds4-server: chat ctx=0..131:131 prefill chunk 72/131 (55.0%) chunk=23.19 t/s avg=21.45 t/s 3.356s
0824 01:01:21 ds4-server: chat ctx=0..131:131 prefill chunk 73/131 (55.7%) chunk=23.94 t/s avg=21.48 t/s 3.398s
0824 01:01:21 ds4-server: chat ctx=0..131:131 prefill chunk 74/131 (56.5%) chunk=23.56 t/s avg=21.51 t/s 3.441s
0824 01:01:21 ds4-server: chat ctx=0..131:131 prefill chunk 75/131 (57.3%) chunk=23.02 t/s avg=21.53 t/s 3.484s
0824 01:01:21 ds4-server: chat ctx=0..131:131 prefill chunk 76/131 (58.0%) chunk=23.59 t/s avg=21.55 t/s 3.527s
0824 01:01:21 ds4-server: chat ctx=0..131:131 prefill chunk 77/131 (58.8%) chunk=23.75 t/s avg=21.58 t/s 3.569s
0824 01:01:21 ds4-server: chat ctx=0..131:131 prefill chunk 78/131 (59.5%) chunk=23.60 t/s avg=21.60 t/s 3.611s
0824 01:01:21 ds4-server: chat ctx=0..131:131 prefill chunk 79/131 (60.3%) chunk=22.69 t/s avg=21.61 t/s 3.655s
0824 01:01:21 ds4-server: chat ctx=0..131:131 prefill chunk 80/131 (61.1%) chunk=23.54 t/s avg=21.64 t/s 3.698s
0824 01:01:21 ds4-server: chat ctx=0..131:131 prefill chunk 81/131 (61.8%) chunk=23.43 t/s avg=21.66 t/s 3.740s
0824 01:01:21 ds4-server: chat ctx=0..131:131 prefill chunk 82/131 (62.6%) chunk=22.72 t/s avg=21.67 t/s 3.784s
0824 01:01:22 ds4-server: chat ctx=0..131:131 prefill chunk 83/131 (63.4%) chunk=23.48 t/s avg=21.69 t/s 3.827s
0824 01:01:22 ds4-server: chat ctx=0..131:131 prefill chunk 84/131 (64.1%) chunk=23.78 t/s avg=21.71 t/s 3.869s
0824 01:01:22 ds4-server: chat ctx=0..131:131 prefill chunk 85/131 (64.9%) chunk=23.05 t/s avg=21.73 t/s 3.912s
0824 01:01:22 ds4-server: chat ctx=0..131:131 prefill chunk 86/131 (65.6%) chunk=23.17 t/s avg=21.74 t/s 3.955s
0824 01:01:22 ds4-server: chat ctx=0..131:131 prefill chunk 87/131 (66.4%) chunk=23.71 t/s avg=21.76 t/s 3.998s
0824 01:01:22 ds4-server: chat ctx=0..131:131 prefill chunk 88/131 (67.2%) chunk=23.44 t/s avg=21.78 t/s 4.040s
0824 01:01:22 ds4-server: chat ctx=0..131:131 prefill chunk 89/131 (67.9%) chunk=22.92 t/s avg=21.79 t/s 4.084s
0824 01:01:22 ds4-server: chat ctx=0..131:131 prefill chunk 90/131 (68.7%) chunk=23.54 t/s avg=21.81 t/s 4.126s
0824 01:01:22 ds4-server: chat ctx=0..131:131 prefill chunk 91/131 (69.5%) chunk=23.73 t/s avg=21.83 t/s 4.169s
0824 01:01:22 ds4-server: chat ctx=0..131:131 prefill chunk 92/131 (70.2%) chunk=22.86 t/s avg=21.84 t/s 4.212s
0824 01:01:22 ds4-server: chat ctx=0..131:131 prefill chunk 93/131 (71.0%) chunk=22.92 t/s avg=21.85 t/s 4.256s
0824 01:01:22 ds4-server: chat ctx=0..131:131 prefill chunk 94/131 (71.8%) chunk=23.72 t/s avg=21.87 t/s 4.298s
0824 01:01:22 ds4-server: chat ctx=0..131:131 prefill chunk 95/131 (72.5%) chunk=23.40 t/s avg=21.89 t/s 4.341s
0824 01:01:22 ds4-server: chat ctx=0..131:131 prefill chunk 96/131 (73.3%) chunk=22.83 t/s avg=21.89 t/s 4.385s
0824 01:01:22 ds4-server: chat ctx=0..131:131 prefill chunk 97/131 (74.0%) chunk=23.60 t/s avg=21.91 t/s 4.427s
0824 01:01:22 ds4-server: chat ctx=0..131:131 prefill chunk 98/131 (74.8%) chunk=23.95 t/s avg=21.93 t/s 4.469s
0824 01:01:22 ds4-server: chat ctx=0..131:131 prefill chunk 99/131 (75.6%) chunk=23.80 t/s avg=21.95 t/s 4.511s
0824 01:01:22 ds4-server: chat ctx=0..131:131 prefill chunk 100/131 (76.3%) chunk=23.08 t/s avg=21.96 t/s 4.554s
0824 01:01:22 ds4-server: chat ctx=0..131:131 prefill chunk 101/131 (77.1%) chunk=23.78 t/s avg=21.98 t/s 4.596s
0824 01:01:22 ds4-server: chat ctx=0..131:131 prefill chunk 102/131 (77.9%) chunk=23.67 t/s avg=21.99 t/s 4.638s
0824 01:01:22 ds4-server: chat ctx=0..131:131 prefill chunk 103/131 (78.6%) chunk=22.74 t/s avg=22.00 t/s 4.682s
0824 01:01:22 ds4-server: chat ctx=0..131:131 prefill chunk 104/131 (79.4%) chunk=23.33 t/s avg=22.01 t/s 4.725s
0824 01:01:22 ds4-server: chat ctx=0..131:131 prefill chunk 105/131 (80.2%) chunk=23.77 t/s avg=22.03 t/s 4.767s
0824 01:01:23 ds4-server: chat ctx=0..131:131 prefill chunk 106/131 (80.9%) chunk=23.52 t/s avg=22.04 t/s 4.810s
0824 01:01:23 ds4-server: chat ctx=0..131:131 prefill chunk 107/131 (81.7%) chunk=22.44 t/s avg=22.04 t/s 4.854s
0824 01:01:23 ds4-server: chat ctx=0..131:131 prefill chunk 108/131 (82.4%) chunk=23.58 t/s avg=22.06 t/s 4.897s
0824 01:01:23 ds4-server: chat ctx=0..131:131 prefill chunk 109/131 (83.2%) chunk=23.64 t/s avg=22.07 t/s 4.939s
0824 01:01:23 ds4-server: chat ctx=0..131:131 prefill chunk 110/131 (84.0%) chunk=22.59 t/s avg=22.07 t/s 4.983s
0824 01:01:23 ds4-server: chat ctx=0..131:131 prefill chunk 111/131 (84.7%) chunk=23.39 t/s avg=22.08 t/s 5.026s
0824 01:01:23 ds4-server: chat ctx=0..131:131 prefill chunk 112/131 (85.5%) chunk=23.57 t/s avg=22.10 t/s 5.068s
0824 01:01:23 ds4-server: chat ctx=0..131:131 prefill chunk 113/131 (86.3%) chunk=23.61 t/s avg=22.11 t/s 5.111s
0824 01:01:23 ds4-server: chat ctx=0..131:131 prefill chunk 114/131 (87.0%) chunk=22.53 t/s avg=22.11 t/s 5.155s
0824 01:01:23 ds4-server: chat ctx=0..131:131 prefill chunk 115/131 (87.8%) chunk=23.61 t/s avg=22.13 t/s 5.198s
0824 01:01:23 ds4-server: chat ctx=0..131:131 prefill chunk 116/131 (88.5%) chunk=23.19 t/s avg=22.13 t/s 5.241s
0824 01:01:23 ds4-server: chat ctx=0..131:131 prefill chunk 117/131 (89.3%) chunk=22.75 t/s avg=22.14 t/s 5.285s
0824 01:01:23 ds4-server: chat ctx=0..131:131 prefill chunk 118/131 (90.1%) chunk=23.55 t/s avg=22.15 t/s 5.327s
0824 01:01:23 ds4-server: chat ctx=0..131:131 prefill chunk 119/131 (90.8%) chunk=23.62 t/s avg=22.16 t/s 5.369s
0824 01:01:23 ds4-server: chat ctx=0..131:131 prefill chunk 120/131 (91.6%) chunk=23.05 t/s avg=22.17 t/s 5.413s
0824 01:01:23 ds4-server: chat ctx=0..131:131 prefill chunk 121/131 (92.4%) chunk=22.93 t/s avg=22.18 t/s 5.456s
0824 01:01:23 ds4-server: chat ctx=0..131:131 prefill chunk 122/131 (93.1%) chunk=23.47 t/s avg=22.19 t/s 5.499s
0824 01:01:23 ds4-server: chat ctx=0..131:131 prefill chunk 123/131 (93.9%) chunk=23.37 t/s avg=22.19 t/s 5.542s
0824 01:01:23 ds4-server: chat ctx=0..131:131 prefill chunk 124/131 (94.7%) chunk=22.53 t/s avg=22.20 t/s 5.586s
0824 01:01:23 ds4-server: chat ctx=0..131:131 prefill chunk 125/131 (95.4%) chunk=23.53 t/s avg=22.21 t/s 5.629s
0824 01:01:23 ds4-server: chat ctx=0..131:131 prefill chunk 126/131 (96.2%) chunk=23.79 t/s avg=22.22 t/s 5.671s
0824 01:01:23 ds4-server: chat ctx=0..131:131 prefill chunk 127/131 (96.9%) chunk=22.40 t/s avg=22.22 t/s 5.715s
0824 01:01:23 ds4-server: chat ctx=0..131:131 prefill chunk 128/131 (97.7%) chunk=23.31 t/s avg=22.23 t/s 5.758s
0824 01:01:24 ds4-server: chat ctx=0..131:131 prefill chunk 129/131 (98.5%) chunk=23.58 t/s avg=22.24 t/s 5.801s
0824 01:01:24 ds4-server: chat ctx=0..131:131 prefill chunk 130/131 (99.2%) chunk=23.58 t/s avg=22.25 t/s 5.843s
0824 01:01:24 ds4-server: chat ctx=0..131:131 prefill chunk 131/131 (100.0%) chunk=22.44 t/s avg=22.25 t/s 5.888s
0824 01:01:24 ds4-server: chat ctx=0..131:131 prompt done 5.888s
0824 01:01:26 ds4-server: chat ctx=131..181:50 gen=50 THINKING decoding chunk=23.08 t/s avg=23.08 t/s 2.166s
0824 01:01:28 ds4-server: chat ctx=181..231:50 gen=100 THINKING decoding chunk=22.95 t/s avg=23.02 t/s 4.345s
0824 01:01:30 ds4-server: chat ctx=231..281:50 gen=150 THINKING decoding chunk=22.75 t/s avg=22.93 t/s 6.543s
0824 01:01:32 ds4-server: chat ctx=281..331:50 gen=200 THINKING decoding chunk=22.61 t/s avg=22.85 t/s 8.754s
0824 01:01:35 ds4-server: chat ctx=331..381:50 gen=250 THINKING decoding chunk=22.47 t/s avg=22.77 t/s 10.979s
0824 01:01:37 ds4-server: chat ctx=381..431:50 gen=300 THINKING decoding chunk=22.30 t/s avg=22.69 t/s 13.221s
0824 01:01:39 ds4-server: chat ctx=431..481:50 gen=350 THINKING decoding chunk=22.15 t/s avg=22.61 t/s 15.479s
0824 01:01:41 ds4-server: chat ctx=481..531:50 gen=400 THINKING decoding chunk=21.99 t/s avg=22.53 t/s 17.752s
0824 01:01:44 ds4-server: chat ctx=531..581:50 gen=450 THINKING decoding chunk=21.85 t/s avg=22.45 t/s 20.041s
0824 01:01:46 ds4-server: chat ctx=581..631:50 gen=500 THINKING decoding chunk=21.72 t/s avg=22.38 t/s 22.343s
0824 01:01:48 ds4-server: chat ctx=631..681:50 gen=550 THINKING decoding chunk=21.57 t/s avg=22.30 t/s 24.661s
0824 01:01:51 ds4-server: chat ctx=681..731:50 gen=600 THINKING decoding chunk=21.43 t/s avg=22.23 t/s 26.995s
0824 01:01:53 ds4-server: chat ctx=731..781:50 gen=650 THINKING decoding chunk=21.27 t/s avg=22.15 t/s 29.346s
0824 01:01:55 ds4-server: chat ctx=781..831:50 gen=700 THINKING decoding chunk=21.14 t/s avg=22.07 t/s 31.711s
0824 01:01:58 ds4-server: chat ctx=831..881:50 gen=750 THINKING decoding chunk=21.04 t/s avg=22.00 t/s 34.087s
0824 01:02:00 ds4-server: chat ctx=881..931:50 gen=800 THINKING decoding chunk=20.86 t/s avg=21.93 t/s 36.484s
0824 01:02:02 ds4-server: chat ctx=931..981:50 gen=850 THINKING decoding chunk=20.80 t/s avg=21.86 t/s 38.887s
0824 01:02:05 ds4-server: chat ctx=981..1031:50 gen=900 THINKING decoding chunk=20.66 t/s avg=21.79 t/s 41.307s
0824 01:02:07 ds4-server: chat ctx=1031..1081:50 gen=950 THINKING decoding chunk=20.56 t/s avg=21.72 t/s 43.739s
0824 01:02:10 ds4-server: chat ctx=1081..1131:50 gen=1000 THINKING decoding chunk=20.45 t/s avg=21.65 t/s 46.184s
0824 01:02:12 ds4-server: chat ctx=1131..1181:50 gen=1050 THINKING decoding chunk=20.29 t/s avg=21.58 t/s 48.648s
0824 01:02:15 ds4-server: chat ctx=1181..1231:50 gen=1100 THINKING decoding chunk=20.17 t/s avg=21.51 t/s 51.127s
0824 01:02:17 ds4-server: chat ctx=1231..1281:50 gen=1150 THINKING decoding chunk=20.07 t/s avg=21.45 t/s 53.619s
0824 01:02:20 ds4-server: chat ctx=1281..1331:50 gen=1200 THINKING decoding chunk=19.91 t/s avg=21.38 t/s 56.130s
0824 01:02:22 ds4-server: chat ctx=1331..1381:50 gen=1250 THINKING decoding chunk=19.84 t/s avg=21.31 t/s 58.651s
0824 01:02:25 ds4-server: chat ctx=1381..1431:50 gen=1300 THINKING decoding chunk=19.71 t/s avg=21.25 t/s 61.188s
0824 01:02:27 ds4-server: chat ctx=1431..1481:50 gen=1350 THINKING decoding chunk=19.61 t/s avg=21.18 t/s 63.738s
0824 01:02:30 ds4-server: chat ctx=1481..1531:50 gen=1400 THINKING decoding chunk=19.49 t/s avg=21.11 t/s 66.304s
0824 01:02:32 ds4-server: chat ctx=1531..1581:50 gen=1450 THINKING decoding chunk=19.41 t/s avg=21.05 t/s 68.880s
0824 01:02:35 ds4-server: chat ctx=1581..1631:50 gen=1500 THINKING decoding chunk=19.26 t/s avg=20.99 t/s 71.477s
0824 01:02:38 ds4-server: chat ctx=1631..1681:50 gen=1550 THINKING decoding chunk=19.17 t/s avg=20.92 t/s 74.085s
0824 01:02:40 ds4-server: chat ctx=1681..1731:50 gen=1600 THINKING decoding chunk=19.04 t/s avg=20.86 t/s 76.711s
0824 01:02:43 ds4-server: chat ctx=1731..1781:50 gen=1650 THINKING decoding chunk=18.98 t/s avg=20.80 t/s 79.344s
0824 01:02:46 ds4-server: chat ctx=1781..1831:50 gen=1700 THINKING decoding chunk=18.84 t/s avg=20.73 t/s 81.998s
0824 01:02:48 ds4-server: chat ctx=1831..1881:50 gen=1750 THINKING decoding chunk=18.76 t/s avg=20.67 t/s 84.663s
0824 01:02:51 ds4-server: chat ctx=1881..1931:50 gen=1800 decoding chunk=18.72 t/s avg=20.61 t/s 87.334s
0824 01:02:52 ds4-server: chat ctx=1931..1947:16 gen=1816 decoding chunk=18.64 t/s avg=20.59 t/s 88.192s
0824 01:02:52 ds4-server: thinking live checkpoint remembered ctx=0..131:131 live=1947 visible=727
0824 01:02:52 ds4-server: chat ctx=0..131:131 gen=1816 finish=stop 94.080s
0824 01:02:54 ds4-server: live kv cache miss live=1947 prompt=151 common=37 reason=token-mismatch
0824 01:02:54 ds4-server: chat ctx=0..151:151 prompt start
0824 01:02:55 ds4-server: chat ctx=0..151:151 prefill chunk 1/151 (0.7%) chunk=0.00 t/s avg=3.11 t/s 0.321s
0824 01:02:55 ds4-server: chat ctx=0..151:151 prefill chunk 2/151 (1.3%) chunk=24.05 t/s avg=5.51 t/s 0.363s
0824 01:02:55 ds4-server: chat ctx=0..151:151 prefill chunk 3/151 (2.0%) chunk=23.79 t/s avg=7.41 t/s 0.405s
0824 01:02:55 ds4-server: chat ctx=0..151:151 prefill chunk 4/151 (2.6%) chunk=23.76 t/s avg=8.95 t/s 0.447s
0824 01:02:55 ds4-server: chat ctx=0..151:151 prefill chunk 5/151 (3.3%) chunk=22.97 t/s avg=10.19 t/s 0.491s
0824 01:02:55 ds4-server: chat ctx=0..151:151 prefill chunk 6/151 (4.0%) chunk=23.85 t/s avg=11.27 t/s 0.533s
0824 01:02:55 ds4-server: chat ctx=0..151:151 prefill chunk 7/151 (4.6%) chunk=23.80 t/s avg=12.18 t/s 0.575s
0824 01:02:55 ds4-server: chat ctx=0..151:151 prefill chunk 8/151 (5.3%) chunk=22.58 t/s avg=12.93 t/s 0.619s
0824 01:02:55 ds4-server: chat ctx=0..151:151 prefill chunk 9/151 (6.0%) chunk=23.48 t/s avg=13.61 t/s 0.661s
0824 01:02:55 ds4-server: chat ctx=0..151:151 prefill chunk 10/151 (6.6%) chunk=23.81 t/s avg=14.22 t/s 0.703s
0824 01:02:55 ds4-server: chat ctx=0..151:151 prefill chunk 11/151 (7.3%) chunk=23.61 t/s avg=14.75 t/s 0.746s
0824 01:02:55 ds4-server: chat ctx=0..151:151 prefill chunk 12/151 (7.9%) chunk=22.61 t/s avg=15.19 t/s 0.790s
0824 01:02:55 ds4-server: chat ctx=0..151:151 prefill chunk 13/151 (8.6%) chunk=23.89 t/s avg=15.63 t/s 0.832s
0824 01:02:55 ds4-server: chat ctx=0..151:151 prefill chunk 14/151 (9.3%) chunk=23.71 t/s avg=16.02 t/s 0.874s
0824 01:02:55 ds4-server: chat ctx=0..151:151 prefill chunk 15/151 (9.9%) chunk=23.34 t/s avg=16.36 t/s 0.917s
0824 01:02:55 ds4-server: chat ctx=0..151:151 prefill chunk 16/151 (10.6%) chunk=23.37 t/s avg=16.67 t/s 0.960s
0824 01:02:55 ds4-server: chat ctx=0..151:151 prefill chunk 17/151 (11.3%) chunk=23.73 t/s avg=16.97 t/s 1.002s
0824 01:02:55 ds4-server: chat ctx=0..151:151 prefill chunk 18/151 (11.9%) chunk=23.71 t/s avg=17.24 t/s 1.044s
0824 01:02:56 ds4-server: chat ctx=0..151:151 prefill chunk 19/151 (12.6%) chunk=22.95 t/s avg=17.47 t/s 1.088s
0824 01:02:56 ds4-server: chat ctx=0..151:151 prefill chunk 20/151 (13.2%) chunk=23.36 t/s avg=17.69 t/s 1.130s
0824 01:02:56 ds4-server: chat ctx=0..151:151 prefill chunk 21/151 (13.9%) chunk=23.64 t/s avg=17.91 t/s 1.173s
0824 01:02:56 ds4-server: chat ctx=0..151:151 prefill chunk 22/151 (14.6%) chunk=23.31 t/s avg=18.10 t/s 1.216s
0824 01:02:56 ds4-server: chat ctx=0..151:151 prefill chunk 23/151 (15.2%) chunk=23.17 t/s avg=18.27 t/s 1.259s
0824 01:02:56 ds4-server: chat ctx=0..151:151 prefill chunk 24/151 (15.9%) chunk=23.68 t/s avg=18.45 t/s 1.301s
0824 01:02:56 ds4-server: chat ctx=0..151:151 prefill chunk 25/151 (16.6%) chunk=23.64 t/s avg=18.61 t/s 1.343s
0824 01:02:56 ds4-server: chat ctx=0..151:151 prefill chunk 26/151 (17.2%) chunk=22.92 t/s avg=18.75 t/s 1.387s
0824 01:02:56 ds4-server: chat ctx=0..151:151 prefill chunk 27/151 (17.9%) chunk=23.70 t/s avg=18.89 t/s 1.429s
0824 01:02:56 ds4-server: chat ctx=0..151:151 prefill chunk 28/151 (18.5%) chunk=23.74 t/s avg=19.03 t/s 1.471s
0824 01:02:56 ds4-server: chat ctx=0..151:151 prefill chunk 29/151 (19.2%) chunk=23.74 t/s avg=19.16 t/s 1.513s
0824 01:02:56 ds4-server: chat ctx=0..151:151 prefill chunk 30/151 (19.9%) chunk=22.64 t/s avg=19.26 t/s 1.558s
0824 01:02:56 ds4-server: chat ctx=0..151:151 prefill chunk 31/151 (20.5%) chunk=23.71 t/s avg=19.38 t/s 1.600s
0824 01:02:56 ds4-server: chat ctx=0..151:151 prefill chunk 32/151 (21.2%) chunk=23.35 t/s avg=19.48 t/s 1.643s
0824 01:02:56 ds4-server: chat ctx=0..151:151 prefill chunk 33/151 (21.9%) chunk=22.75 t/s avg=19.57 t/s 1.687s
0824 01:02:56 ds4-server: chat ctx=0..151:151 prefill chunk 34/151 (22.5%) chunk=23.75 t/s avg=19.67 t/s 1.729s
0824 01:02:56 ds4-server: chat ctx=0..151:151 prefill chunk 35/151 (23.2%) chunk=23.68 t/s avg=19.76 t/s 1.771s
0824 01:02:56 ds4-server: chat ctx=0..151:151 prefill chunk 36/151 (23.8%) chunk=23.49 t/s avg=19.85 t/s 1.813s
0824 01:02:56 ds4-server: chat ctx=0..151:151 prefill chunk 37/151 (24.5%) chunk=22.62 t/s avg=19.92 t/s 1.858s
0824 01:02:56 ds4-server: chat ctx=0..151:151 prefill chunk 38/151 (25.2%) chunk=23.86 t/s avg=20.00 t/s 1.900s
0824 01:02:56 ds4-server: chat ctx=0..151:151 prefill chunk 39/151 (25.8%) chunk=23.59 t/s avg=20.08 t/s 1.942s
0824 01:02:56 ds4-server: chat ctx=0..151:151 prefill chunk 40/151 (26.5%) chunk=22.83 t/s avg=20.14 t/s 1.986s
0824 01:02:56 ds4-server: chat ctx=0..151:151 prefill chunk 41/151 (27.2%) chunk=23.42 t/s avg=20.21 t/s 2.028s
0824 01:02:57 ds4-server: chat ctx=0..151:151 prefill chunk 42/151 (27.8%) chunk=23.65 t/s avg=20.28 t/s 2.071s
0824 01:02:57 ds4-server: chat ctx=0..151:151 prefill chunk 43/151 (28.5%) chunk=23.52 t/s avg=20.35 t/s 2.113s
0824 01:02:57 ds4-server: chat ctx=0..151:151 prefill chunk 44/151 (29.1%) chunk=22.77 t/s avg=20.40 t/s 2.157s
0824 01:02:57 ds4-server: chat ctx=0..151:151 prefill chunk 45/151 (29.8%) chunk=23.80 t/s avg=20.46 t/s 2.199s
0824 01:02:57 ds4-server: chat ctx=0..151:151 prefill chunk 46/151 (30.5%) chunk=23.93 t/s avg=20.53 t/s 2.241s
0824 01:02:57 ds4-server: chat ctx=0..151:151 prefill chunk 47/151 (31.1%) chunk=22.60 t/s avg=20.57 t/s 2.285s
0824 01:02:57 ds4-server: chat ctx=0..151:151 prefill chunk 48/151 (31.8%) chunk=23.52 t/s avg=20.62 t/s 2.328s
0824 01:02:57 ds4-server: chat ctx=0..151:151 prefill chunk 49/151 (32.5%) chunk=23.90 t/s avg=20.68 t/s 2.370s
0824 01:02:57 ds4-server: chat ctx=0..151:151 prefill chunk 50/151 (33.1%) chunk=23.34 t/s avg=20.73 t/s 2.412s
0824 01:02:57 ds4-server: chat ctx=0..151:151 prefill chunk 51/151 (33.8%) chunk=22.77 t/s avg=20.76 t/s 2.456s
0824 01:02:57 ds4-server: chat ctx=0..151:151 prefill chunk 52/151 (34.4%) chunk=23.69 t/s avg=20.81 t/s 2.498s
0824 01:02:57 ds4-server: chat ctx=0..151:151 prefill chunk 53/151 (35.1%) chunk=23.51 t/s avg=20.86 t/s 2.541s
0824 01:02:57 ds4-server: chat ctx=0..151:151 prefill chunk 54/151 (35.8%) chunk=22.49 t/s avg=20.89 t/s 2.585s
0824 01:02:57 ds4-server: chat ctx=0..151:151 prefill chunk 55/151 (36.4%) chunk=23.53 t/s avg=20.93 t/s 2.628s
0824 01:02:57 ds4-server: chat ctx=0..151:151 prefill chunk 56/151 (37.1%) chunk=23.63 t/s avg=20.97 t/s 2.670s
0824 01:02:57 ds4-server: chat ctx=0..151:151 prefill chunk 57/151 (37.7%) chunk=23.57 t/s avg=21.01 t/s 2.713s
0824 01:02:57 ds4-server: chat ctx=0..151:151 prefill chunk 58/151 (38.4%) chunk=22.63 t/s avg=21.04 t/s 2.757s
0824 01:02:57 ds4-server: chat ctx=0..151:151 prefill chunk 59/151 (39.1%) chunk=23.75 t/s avg=21.08 t/s 2.799s
0824 01:02:57 ds4-server: chat ctx=0..151:151 prefill chunk 60/151 (39.7%) chunk=23.76 t/s avg=21.12 t/s 2.841s
0824 01:02:57 ds4-server: chat ctx=0..151:151 prefill chunk 61/151 (40.4%) chunk=22.61 t/s avg=21.14 t/s 2.885s
0824 01:02:57 ds4-server: chat ctx=0..151:151 prefill chunk 62/151 (41.1%) chunk=23.69 t/s avg=21.18 t/s 2.928s
0824 01:02:57 ds4-server: chat ctx=0..151:151 prefill chunk 63/151 (41.7%) chunk=23.78 t/s avg=21.21 t/s 2.970s
0824 01:02:57 ds4-server: chat ctx=0..151:151 prefill chunk 64/151 (42.4%) chunk=23.74 t/s avg=21.25 t/s 3.012s
0824 01:02:58 ds4-server: chat ctx=0..151:151 prefill chunk 65/151 (43.0%) chunk=22.66 t/s avg=21.27 t/s 3.056s
0824 01:02:58 ds4-server: chat ctx=0..151:151 prefill chunk 66/151 (43.7%) chunk=23.63 t/s avg=21.30 t/s 3.098s
0824 01:02:58 ds4-server: chat ctx=0..151:151 prefill chunk 67/151 (44.4%) chunk=23.79 t/s avg=21.34 t/s 3.140s
0824 01:02:58 ds4-server: chat ctx=0..151:151 prefill chunk 68/151 (45.0%) chunk=22.48 t/s avg=21.35 t/s 3.185s
0824 01:02:58 ds4-server: chat ctx=0..151:151 prefill chunk 69/151 (45.7%) chunk=23.51 t/s avg=21.38 t/s 3.227s
0824 01:02:58 ds4-server: chat ctx=0..151:151 prefill chunk 70/151 (46.4%) chunk=23.81 t/s avg=21.41 t/s 3.269s
0824 01:02:58 ds4-server: chat ctx=0..151:151 prefill chunk 71/151 (47.0%) chunk=23.59 t/s avg=21.44 t/s 3.312s
0824 01:02:58 ds4-server: chat ctx=0..151:151 prefill chunk 72/151 (47.7%) chunk=22.70 t/s avg=21.46 t/s 3.356s
0824 01:02:58 ds4-server: chat ctx=0..151:151 prefill chunk 73/151 (48.3%) chunk=23.87 t/s avg=21.49 t/s 3.398s
0824 01:02:58 ds4-server: chat ctx=0..151:151 prefill chunk 74/151 (49.0%) chunk=23.67 t/s avg=21.51 t/s 3.440s
0824 01:02:58 ds4-server: chat ctx=0..151:151 prefill chunk 75/151 (49.7%) chunk=23.19 t/s avg=21.53 t/s 3.483s
0824 01:02:58 ds4-server: chat ctx=0..151:151 prefill chunk 76/151 (50.3%) chunk=23.18 t/s avg=21.55 t/s 3.526s
0824 01:02:58 ds4-server: chat ctx=0..151:151 prefill chunk 77/151 (51.0%) chunk=23.79 t/s avg=21.58 t/s 3.568s
0824 01:02:58 ds4-server: chat ctx=0..151:151 prefill chunk 78/151 (51.7%) chunk=23.45 t/s avg=21.60 t/s 3.611s
0824 01:02:58 ds4-server: chat ctx=0..151:151 prefill chunk 79/151 (52.3%) chunk=22.83 t/s avg=21.62 t/s 3.655s
0824 01:02:58 ds4-server: chat ctx=0..151:151 prefill chunk 80/151 (53.0%) chunk=23.60 t/s avg=21.64 t/s 3.697s
0824 01:02:58 ds4-server: chat ctx=0..151:151 prefill chunk 81/151 (53.6%) chunk=23.71 t/s avg=21.66 t/s 3.739s
0824 01:02:58 ds4-server: chat ctx=0..151:151 prefill chunk 82/151 (54.3%) chunk=22.90 t/s avg=21.68 t/s 3.783s
0824 01:02:58 ds4-server: chat ctx=0..151:151 prefill chunk 83/151 (55.0%) chunk=22.81 t/s avg=21.69 t/s 3.827s
0824 01:02:58 ds4-server: chat ctx=0..151:151 prefill chunk 84/151 (55.6%) chunk=23.82 t/s avg=21.71 t/s 3.869s
0824 01:02:58 ds4-server: chat ctx=0..151:151 prefill chunk 85/151 (56.3%) chunk=23.40 t/s avg=21.73 t/s 3.911s
0824 01:02:58 ds4-server: chat ctx=0..151:151 prefill chunk 86/151 (57.0%) chunk=22.47 t/s avg=21.74 t/s 3.956s
0824 01:02:58 ds4-server: chat ctx=0..151:151 prefill chunk 87/151 (57.6%) chunk=23.82 t/s avg=21.76 t/s 3.998s
0824 01:02:58 ds4-server: chat ctx=0..151:151 prefill chunk 88/151 (58.3%) chunk=23.68 t/s avg=21.78 t/s 4.040s
0824 01:02:59 ds4-server: chat ctx=0..151:151 prefill chunk 89/151 (58.9%) chunk=22.58 t/s avg=21.79 t/s 4.084s
0824 01:02:59 ds4-server: chat ctx=0..151:151 prefill chunk 90/151 (59.6%) chunk=23.54 t/s avg=21.81 t/s 4.127s
0824 01:02:59 ds4-server: chat ctx=0..151:151 prefill chunk 91/151 (60.3%) chunk=22.11 t/s avg=21.81 t/s 4.172s
0824 01:02:59 ds4-server: chat ctx=0..151:151 prefill chunk 92/151 (60.9%) chunk=22.94 t/s avg=21.82 t/s 4.216s
0824 01:02:59 ds4-server: chat ctx=0..151:151 prefill chunk 93/151 (61.6%) chunk=23.06 t/s avg=21.84 t/s 4.259s
0824 01:02:59 ds4-server: chat ctx=0..151:151 prefill chunk 94/151 (62.3%) chunk=23.54 t/s avg=21.85 t/s 4.301s
0824 01:02:59 ds4-server: chat ctx=0..151:151 prefill chunk 95/151 (62.9%) chunk=23.41 t/s avg=21.87 t/s 4.344s
0824 01:02:59 ds4-server: chat ctx=0..151:151 prefill chunk 96/151 (63.6%) chunk=22.49 t/s avg=21.87 t/s 4.389s
0824 01:02:59 ds4-server: chat ctx=0..151:151 prefill chunk 97/151 (64.2%) chunk=23.50 t/s avg=21.89 t/s 4.431s
0824 01:02:59 ds4-server: chat ctx=0..151:151 prefill chunk 98/151 (64.9%) chunk=23.68 t/s avg=21.91 t/s 4.473s
0824 01:02:59 ds4-server: chat ctx=0..151:151 prefill chunk 99/151 (65.6%) chunk=22.40 t/s avg=21.91 t/s 4.518s
0824 01:02:59 ds4-server: chat ctx=0..151:151 prefill chunk 100/151 (66.2%) chunk=23.34 t/s avg=21.93 t/s 4.561s
0824 01:02:59 ds4-server: chat ctx=0..151:151 prefill chunk 101/151 (66.9%) chunk=23.73 t/s avg=21.94 t/s 4.603s
0824 01:02:59 ds4-server: chat ctx=0..151:151 prefill chunk 102/151 (67.5%) chunk=23.14 t/s avg=21.95 t/s 4.646s
0824 01:02:59 ds4-server: chat ctx=0..151:151 prefill chunk 103/151 (68.2%) chunk=22.65 t/s avg=21.96 t/s 4.690s
0824 01:02:59 ds4-server: chat ctx=0..151:151 prefill chunk 104/151 (68.9%) chunk=23.51 t/s avg=21.97 t/s 4.733s
0824 01:02:59 ds4-server: chat ctx=0..151:151 prefill chunk 105/151 (69.5%) chunk=23.20 t/s avg=21.98 t/s 4.776s
0824 01:02:59 ds4-server: chat ctx=0..151:151 prefill chunk 106/151 (70.2%) chunk=22.77 t/s avg=21.99 t/s 4.820s
0824 01:02:59 ds4-server: chat ctx=0..151:151 prefill chunk 107/151 (70.9%) chunk=23.29 t/s avg=22.00 t/s 4.863s
0824 01:02:59 ds4-server: chat ctx=0..151:151 prefill chunk 108/151 (71.5%) chunk=23.79 t/s avg=22.02 t/s 4.905s
0824 01:02:59 ds4-server: chat ctx=0..151:151 prefill chunk 109/151 (72.2%) chunk=22.76 t/s avg=22.03 t/s 4.949s
0824 01:02:59 ds4-server: chat ctx=0..151:151 prefill chunk 110/151 (72.8%) chunk=22.77 t/s avg=22.03 t/s 4.993s
0824 01:02:59 ds4-server: chat ctx=0..151:151 prefill chunk 111/151 (73.5%) chunk=23.56 t/s avg=22.04 t/s 5.035s
0824 01:03:00 ds4-server: chat ctx=0..151:151 prefill chunk 112/151 (74.2%) chunk=23.04 t/s avg=22.05 t/s 5.079s
0824 01:03:00 ds4-server: chat ctx=0..151:151 prefill chunk 113/151 (74.8%) chunk=22.36 t/s avg=22.06 t/s 5.123s
0824 01:03:00 ds4-server: chat ctx=0..151:151 prefill chunk 114/151 (75.5%) chunk=23.60 t/s avg=22.07 t/s 5.166s
0824 01:03:00 ds4-server: chat ctx=0..151:151 prefill chunk 115/151 (76.2%) chunk=23.12 t/s avg=22.08 t/s 5.209s
0824 01:03:00 ds4-server: chat ctx=0..151:151 prefill chunk 116/151 (76.8%) chunk=22.62 t/s avg=22.08 t/s 5.253s
0824 01:03:00 ds4-server: chat ctx=0..151:151 prefill chunk 117/151 (77.5%) chunk=23.34 t/s avg=22.09 t/s 5.296s
0824 01:03:00 ds4-server: chat ctx=0..151:151 prefill chunk 118/151 (78.1%) chunk=23.41 t/s avg=22.10 t/s 5.339s
0824 01:03:00 ds4-server: chat ctx=0..151:151 prefill chunk 119/151 (78.8%) chunk=22.83 t/s avg=22.11 t/s 5.383s
0824 01:03:00 ds4-server: chat ctx=0..151:151 prefill chunk 120/151 (79.5%) chunk=22.64 t/s avg=22.11 t/s 5.427s
0824 01:03:00 ds4-server: chat ctx=0..151:151 prefill chunk 121/151 (80.1%) chunk=23.37 t/s avg=22.12 t/s 5.470s
0824 01:03:00 ds4-server: chat ctx=0..151:151 prefill chunk 122/151 (80.8%) chunk=23.23 t/s avg=22.13 t/s 5.513s
0824 01:03:00 ds4-server: chat ctx=0..151:151 prefill chunk 123/151 (81.5%) chunk=22.42 t/s avg=22.13 t/s 5.557s
0824 01:03:00 ds4-server: chat ctx=0..151:151 prefill chunk 124/151 (82.1%) chunk=23.54 t/s avg=22.14 t/s 5.600s
0824 01:03:00 ds4-server: chat ctx=0..151:151 prefill chunk 125/151 (82.8%) chunk=23.05 t/s avg=22.15 t/s 5.643s
0824 01:03:00 ds4-server: chat ctx=0..151:151 prefill chunk 126/151 (83.4%) chunk=22.70 t/s avg=22.16 t/s 5.687s
0824 01:03:00 ds4-server: chat ctx=0..151:151 prefill chunk 127/151 (84.1%) chunk=23.26 t/s avg=22.16 t/s 5.730s
0824 01:03:00 ds4-server: chat ctx=0..151:151 prefill chunk 128/151 (84.8%) chunk=23.38 t/s avg=22.17 t/s 5.773s
0824 01:03:00 ds4-server: chat ctx=0..151:151 prefill chunk 129/151 (85.4%) chunk=22.65 t/s avg=22.18 t/s 5.817s
0824 01:03:00 ds4-server: chat ctx=0..151:151 prefill chunk 130/151 (86.1%) chunk=22.78 t/s avg=22.18 t/s 5.861s
0824 01:03:00 ds4-server: chat ctx=0..151:151 prefill chunk 131/151 (86.8%) chunk=23.51 t/s avg=22.19 t/s 5.903s
0824 01:03:00 ds4-server: chat ctx=0..151:151 prefill chunk 132/151 (87.4%) chunk=23.35 t/s avg=22.20 t/s 5.946s
0824 01:03:00 ds4-server: chat ctx=0..151:151 prefill chunk 133/151 (88.1%) chunk=22.47 t/s avg=22.20 t/s 5.991s
0824 01:03:00 ds4-server: chat ctx=0..151:151 prefill chunk 134/151 (88.7%) chunk=23.65 t/s avg=22.21 t/s 6.033s
0824 01:03:01 ds4-server: chat ctx=0..151:151 prefill chunk 135/151 (89.4%) chunk=23.12 t/s avg=22.22 t/s 6.076s
0824 01:03:01 ds4-server: chat ctx=0..151:151 prefill chunk 136/151 (90.1%) chunk=22.64 t/s avg=22.22 t/s 6.121s
0824 01:03:01 ds4-server: chat ctx=0..151:151 prefill chunk 137/151 (90.7%) chunk=23.12 t/s avg=22.23 t/s 6.164s
0824 01:03:01 ds4-server: chat ctx=0..151:151 prefill chunk 138/151 (91.4%) chunk=23.38 t/s avg=22.23 t/s 6.207s
0824 01:03:01 ds4-server: chat ctx=0..151:151 prefill chunk 139/151 (92.1%) chunk=22.23 t/s avg=22.23 t/s 6.252s
0824 01:03:01 ds4-server: chat ctx=0..151:151 prefill chunk 140/151 (92.7%) chunk=23.28 t/s avg=22.24 t/s 6.294s
0824 01:03:01 ds4-server: chat ctx=0..151:151 prefill chunk 141/151 (93.4%) chunk=23.60 t/s avg=22.25 t/s 6.337s
0824 01:03:01 ds4-server: chat ctx=0..151:151 prefill chunk 142/151 (94.0%) chunk=23.09 t/s avg=22.26 t/s 6.380s
0824 01:03:01 ds4-server: chat ctx=0..151:151 prefill chunk 143/151 (94.7%) chunk=22.29 t/s avg=22.26 t/s 6.425s
0824 01:03:01 ds4-server: chat ctx=0..151:151 prefill chunk 144/151 (95.4%) chunk=23.33 t/s avg=22.26 t/s 6.468s
0824 01:03:01 ds4-server: chat ctx=0..151:151 prefill chunk 145/151 (96.0%) chunk=23.03 t/s avg=22.27 t/s 6.511s
0824 01:03:01 ds4-server: chat ctx=0..151:151 prefill chunk 146/151 (96.7%) chunk=22.29 t/s avg=22.27 t/s 6.556s
0824 01:03:01 ds4-server: chat ctx=0..151:151 prefill chunk 147/151 (97.4%) chunk=23.30 t/s avg=22.28 t/s 6.599s
0824 01:03:01 ds4-server: chat ctx=0..151:151 prefill chunk 148/151 (98.0%) chunk=23.21 t/s avg=22.28 t/s 6.642s
0824 01:03:01 ds4-server: chat ctx=0..151:151 prefill chunk 149/151 (98.7%) chunk=22.33 t/s avg=22.28 t/s 6.687s
0824 01:03:01 ds4-server: chat ctx=0..151:151 prefill chunk 150/151 (99.3%) chunk=23.06 t/s avg=22.29 t/s 6.730s
0824 01:03:01 ds4-server: chat ctx=0..151:151 prefill chunk 151/151 (100.0%) chunk=23.20 t/s avg=22.29 t/s 6.773s
0824 01:03:01 ds4-server: chat ctx=0..151:151 prompt done 6.773s
0824 01:03:03 ds4-server: chat ctx=151..201:50 gen=50 THINKING decoding chunk=22.96 t/s avg=22.96 t/s 2.178s
0824 01:03:06 ds4-server: chat ctx=201..251:50 gen=100 THINKING decoding chunk=22.82 t/s avg=22.89 t/s 4.369s
0824 01:03:08 ds4-server: chat ctx=251..301:50 gen=150 THINKING decoding chunk=22.69 t/s avg=22.82 t/s 6.573s
0824 01:03:10 ds4-server: chat ctx=301..351:50 gen=200 THINKING decoding chunk=22.55 t/s avg=22.75 t/s 8.790s
0824 01:03:12 ds4-server: chat ctx=351..401:50 gen=250 THINKING decoding chunk=22.39 t/s avg=22.68 t/s 11.023s
0824 01:03:14 ds4-server: chat ctx=401..451:50 gen=300 THINKING decoding chunk=22.25 t/s avg=22.61 t/s 13.270s
0824 01:03:17 ds4-server: chat ctx=451..501:50 gen=350 THINKING decoding chunk=22.08 t/s avg=22.53 t/s 15.534s
0824 01:03:19 ds4-server: chat ctx=501..551:50 gen=400 THINKING decoding chunk=21.89 t/s avg=22.45 t/s 17.818s
0824 01:03:21 ds4-server: chat ctx=551..601:50 gen=450 THINKING decoding chunk=21.79 t/s avg=22.37 t/s 20.113s
0824 01:03:24 ds4-server: chat ctx=601..651:50 gen=500 THINKING decoding chunk=21.67 t/s avg=22.30 t/s 22.421s
0824 01:03:26 ds4-server: chat ctx=651..701:50 gen=550 THINKING decoding chunk=21.56 t/s avg=22.23 t/s 24.739s
0824 01:03:28 ds4-server: chat ctx=701..751:50 gen=600 THINKING decoding chunk=21.42 t/s avg=22.16 t/s 27.074s
0824 01:03:31 ds4-server: chat ctx=751..801:50 gen=650 THINKING decoding chunk=21.24 t/s avg=22.09 t/s 29.428s
0824 01:03:33 ds4-server: chat ctx=801..851:50 gen=700 THINKING decoding chunk=21.08 t/s avg=22.01 t/s 31.799s
0824 01:03:35 ds4-server: chat ctx=851..901:50 gen=750 THINKING decoding chunk=20.98 t/s avg=21.94 t/s 34.182s
0824 01:03:38 ds4-server: chat ctx=901..951:50 gen=800 THINKING decoding chunk=20.87 t/s avg=21.87 t/s 36.577s
0824 01:03:40 ds4-server: chat ctx=951..1001:50 gen=850 THINKING decoding chunk=20.71 t/s avg=21.80 t/s 38.992s
0824 01:03:43 ds4-server: chat ctx=1001..1051:50 gen=900 THINKING decoding chunk=20.60 t/s avg=21.73 t/s 41.418s
0824 01:03:45 ds4-server: chat ctx=1051..1101:50 gen=950 THINKING decoding chunk=20.49 t/s avg=21.66 t/s 43.859s
0824 01:03:48 ds4-server: chat ctx=1101..1151:50 gen=1000 THINKING decoding chunk=20.32 t/s avg=21.59 t/s 46.319s
0824 01:03:50 ds4-server: chat ctx=1151..1201:50 gen=1050 THINKING decoding chunk=20.23 t/s avg=21.52 t/s 48.791s
0824 01:03:52 ds4-server: chat ctx=1201..1251:50 gen=1100 THINKING decoding chunk=20.12 t/s avg=21.45 t/s 51.276s
0824 01:03:55 ds4-server: chat ctx=1251..1301:50 gen=1150 THINKING decoding chunk=19.98 t/s avg=21.38 t/s 53.778s
0824 01:03:58 ds4-server: chat ctx=1301..1351:50 gen=1200 THINKING decoding chunk=19.89 t/s avg=21.32 t/s 56.292s
0824 01:04:00 ds4-server: chat ctx=1351..1401:50 gen=1250 THINKING decoding chunk=19.74 t/s avg=21.25 t/s 58.826s
0824 01:04:03 ds4-server: chat ctx=1401..1451:50 gen=1300 THINKING decoding chunk=19.65 t/s avg=21.18 t/s 61.370s
0824 01:04:05 ds4-server: chat ctx=1451..1501:50 gen=1350 THINKING decoding chunk=19.57 t/s avg=21.12 t/s 63.925s
0824 01:04:08 ds4-server: chat ctx=1501..1551:50 gen=1400 THINKING decoding chunk=19.48 t/s avg=21.06 t/s 66.492s
0824 01:04:10 ds4-server: chat ctx=1551..1601:50 gen=1450 THINKING decoding chunk=19.36 t/s avg=20.99 t/s 69.075s
0824 01:04:13 ds4-server: chat ctx=1601..1651:50 gen=1500 THINKING decoding chunk=19.25 t/s avg=20.93 t/s 71.672s
0824 01:04:16 ds4-server: chat ctx=1651..1701:50 gen=1550 THINKING decoding chunk=19.11 t/s avg=20.86 t/s 74.288s
0824 01:04:18 ds4-server: chat ctx=1701..1751:50 gen=1600 THINKING decoding chunk=19.08 t/s avg=20.80 t/s 76.909s
0824 01:04:21 ds4-server: chat ctx=1751..1801:50 gen=1650 THINKING decoding chunk=18.96 t/s avg=20.74 t/s 79.547s
0824 01:04:23 ds4-server: chat ctx=1801..1851:50 gen=1700 THINKING decoding chunk=18.87 t/s avg=20.68 t/s 82.196s
0824 01:04:26 ds4-server: chat ctx=1851..1901:50 gen=1750 THINKING decoding chunk=18.74 t/s avg=20.62 t/s 84.865s
0824 01:04:29 ds4-server: chat ctx=1901..1951:50 gen=1800 THINKING decoding chunk=18.66 t/s avg=20.56 t/s 87.545s
0824 01:04:31 ds4-server: chat ctx=1951..2001:50 gen=1850 THINKING decoding chunk=18.56 t/s avg=20.50 t/s 90.239s
0824 01:04:34 ds4-server: chat ctx=2001..2051:50 gen=1900 THINKING decoding chunk=18.44 t/s avg=20.44 t/s 92.950s
0824 01:04:37 ds4-server: chat ctx=2051..2101:50 gen=1950 THINKING decoding chunk=18.34 t/s avg=20.38 t/s 95.677s
0824 01:04:40 ds4-server: chat ctx=2101..2151:50 gen=2000 THINKING decoding chunk=18.21 t/s avg=20.32 t/s 98.422s
0824 01:04:42 ds4-server: chat ctx=2151..2201:50 gen=2050 THINKING decoding chunk=18.17 t/s avg=20.26 t/s 101.173s
0824 01:04:45 ds4-server: chat ctx=2201..2251:50 gen=2100 THINKING decoding chunk=18.04 t/s avg=20.20 t/s 103.944s
0824 01:04:48 ds4-server: chat ctx=2251..2301:50 gen=2150 THINKING decoding chunk=17.96 t/s avg=20.14 t/s 106.729s
0824 01:04:51 ds4-server: chat ctx=2301..2351:50 gen=2200 THINKING decoding chunk=17.86 t/s avg=20.09 t/s 109.529s
0824 01:04:54 ds4-server: chat ctx=2351..2401:50 gen=2250 THINKING decoding chunk=17.77 t/s avg=20.03 t/s 112.342s
0824 01:04:56 ds4-server: chat ctx=2401..2451:50 gen=2300 THINKING decoding chunk=17.67 t/s avg=19.97 t/s 115.171s
0824 01:04:59 ds4-server: chat ctx=2451..2501:50 gen=2350 THINKING decoding chunk=17.63 t/s avg=19.91 t/s 118.007s
0824 01:05:02 ds4-server: chat ctx=2501..2551:50 gen=2400 THINKING decoding chunk=17.49 t/s avg=19.86 t/s 120.866s
0824 01:05:05 ds4-server: chat ctx=2551..2601:50 gen=2450 THINKING decoding chunk=17.41 t/s avg=19.80 t/s 123.738s
0824 01:05:08 ds4-server: chat ctx=2601..2651:50 gen=2500 THINKING decoding chunk=17.31 t/s avg=19.74 t/s 126.627s
0824 01:05:11 ds4-server: chat ctx=2651..2701:50 gen=2550 THINKING decoding chunk=17.22 t/s avg=19.69 t/s 129.530s
0824 01:05:14 ds4-server: chat ctx=2701..2751:50 gen=2600 THINKING decoding chunk=17.14 t/s avg=19.63 t/s 132.448s
0824 01:05:17 ds4-server: chat ctx=2751..2801:50 gen=2650 THINKING decoding chunk=17.03 t/s avg=19.57 t/s 135.384s
0824 01:05:20 ds4-server: chat ctx=2801..2851:50 gen=2700 THINKING decoding chunk=16.95 t/s avg=19.52 t/s 138.333s
0824 01:05:23 ds4-server: chat ctx=2851..2901:50 gen=2750 THINKING decoding chunk=16.86 t/s avg=19.46 t/s 141.299s
0824 01:05:26 ds4-server: chat ctx=2901..2951:50 gen=2800 THINKING decoding chunk=16.76 t/s avg=19.41 t/s 144.283s
0824 01:05:28 ds4-server: chat ctx=2951..3001:50 gen=2850 THINKING decoding chunk=16.69 t/s avg=19.35 t/s 147.278s
0824 01:05:32 ds4-server: chat ctx=3001..3051:50 gen=2900 THINKING decoding chunk=16.63 t/s avg=19.30 t/s 150.285s
0824 01:05:35 ds4-server: chat ctx=3051..3101:50 gen=2950 THINKING decoding chunk=16.51 t/s avg=19.24 t/s 153.315s
0824 01:05:38 ds4-server: chat ctx=3101..3151:50 gen=3000 THINKING decoding chunk=16.38 t/s avg=19.19 t/s 156.367s
0824 01:05:41 ds4-server: chat ctx=3151..3201:50 gen=3050 THINKING decoding chunk=16.36 t/s avg=19.13 t/s 159.424s
0824 01:05:44 ds4-server: chat ctx=3201..3251:50 gen=3100 THINKING decoding chunk=16.36 t/s avg=19.08 t/s 162.480s
0824 01:05:47 ds4-server: chat ctx=3251..3301:50 gen=3150 THINKING decoding chunk=16.35 t/s avg=19.03 t/s 165.538s
0824 01:05:50 ds4-server: chat ctx=3301..3351:50 gen=3200 THINKING decoding chunk=16.25 t/s avg=18.98 t/s 168.614s
0824 01:05:53 ds4-server: chat ctx=3351..3401:50 gen=3250 THINKING decoding chunk=16.18 t/s avg=18.93 t/s 171.704s
0824 01:05:56 ds4-server: chat ctx=3401..3451:50 gen=3300 decoding chunk=16.04 t/s avg=18.88 t/s 174.821s
0824 01:05:59 ds4-server: chat ctx=3451..3501:50 gen=3350 decoding chunk=15.94 t/s avg=18.82 t/s 177.957s
0824 01:06:01 ds4-server: chat ctx=3501..3527:26 gen=3376 decoding chunk=15.92 t/s avg=18.80 t/s 179.590s
0824 01:06:01 ds4-server: thinking live checkpoint remembered ctx=0..151:151 live=3527 visible=1128
0824 01:06:01 ds4-server: chat ctx=0..151:151 gen=3376 finish=stop 186.364s
0824 01:06:18 ds4-server: live kv cache miss live=3527 prompt=131 common=37 reason=token-mismatch
0824 01:06:18 ds4-server: chat ctx=0..131:131 prompt start
0824 01:06:19 ds4-server: chat ctx=0..131:131 prefill chunk 1/131 (0.8%) chunk=0.00 t/s avg=3.14 t/s 0.319s
0824 01:06:19 ds4-server: chat ctx=0..131:131 prefill chunk 2/131 (1.5%) chunk=23.74 t/s avg=5.55 t/s 0.361s
0824 01:06:19 ds4-server: chat ctx=0..131:131 prefill chunk 3/131 (2.3%) chunk=23.39 t/s avg=7.44 t/s 0.403s
0824 01:06:19 ds4-server: chat ctx=0..131:131 prefill chunk 4/131 (3.1%) chunk=23.23 t/s avg=8.96 t/s 0.446s
0824 01:06:19 ds4-server: chat ctx=0..131:131 prefill chunk 5/131 (3.8%) chunk=23.39 t/s avg=10.22 t/s 0.489s
0824 01:06:19 ds4-server: chat ctx=0..131:131 prefill chunk 6/131 (4.6%) chunk=23.96 t/s avg=11.30 t/s 0.531s
0824 01:06:19 ds4-server: chat ctx=0..131:131 prefill chunk 7/131 (5.3%) chunk=23.58 t/s avg=12.21 t/s 0.573s
0824 01:06:19 ds4-server: chat ctx=0..131:131 prefill chunk 8/131 (6.1%) chunk=23.11 t/s avg=12.97 t/s 0.617s
0824 01:06:19 ds4-server: chat ctx=0..131:131 prefill chunk 9/131 (6.9%) chunk=23.78 t/s avg=13.66 t/s 0.659s
0824 01:06:19 ds4-server: chat ctx=0..131:131 prefill chunk 10/131 (7.6%) chunk=23.76 t/s avg=14.27 t/s 0.701s
0824 01:06:19 ds4-server: chat ctx=0..131:131 prefill chunk 11/131 (8.4%) chunk=23.69 t/s avg=14.81 t/s 0.743s
0824 01:06:19 ds4-server: chat ctx=0..131:131 prefill chunk 12/131 (9.2%) chunk=22.87 t/s avg=15.25 t/s 0.787s
0824 01:06:19 ds4-server: chat ctx=0..131:131 prefill chunk 13/131 (9.9%) chunk=23.76 t/s avg=15.69 t/s 0.829s
0824 01:06:19 ds4-server: chat ctx=0..131:131 prefill chunk 14/131 (10.7%) chunk=23.80 t/s avg=16.08 t/s 0.871s
0824 01:06:19 ds4-server: chat ctx=0..131:131 prefill chunk 15/131 (11.5%) chunk=22.87 t/s avg=16.40 t/s 0.914s
0824 01:06:19 ds4-server: chat ctx=0..131:131 prefill chunk 16/131 (12.2%) chunk=23.56 t/s avg=16.72 t/s 0.957s
0824 01:06:19 ds4-server: chat ctx=0..131:131 prefill chunk 17/131 (13.0%) chunk=23.76 t/s avg=17.02 t/s 0.999s
0824 01:06:19 ds4-server: chat ctx=0..131:131 prefill chunk 18/131 (13.7%) chunk=23.52 t/s avg=17.28 t/s 1.042s
0824 01:06:20 ds4-server: chat ctx=0..131:131 prefill chunk 19/131 (14.5%) chunk=22.60 t/s avg=17.50 t/s 1.086s
0824 01:06:20 ds4-server: chat ctx=0..131:131 prefill chunk 20/131 (15.3%) chunk=23.83 t/s avg=17.73 t/s 1.128s
0824 01:06:20 ds4-server: chat ctx=0..131:131 prefill chunk 21/131 (16.0%) chunk=23.40 t/s avg=17.94 t/s 1.171s
0824 01:06:20 ds4-server: chat ctx=0..131:131 prefill chunk 22/131 (16.8%) chunk=23.52 t/s avg=18.14 t/s 1.213s
0824 01:06:20 ds4-server: chat ctx=0..131:131 prefill chunk 23/131 (17.6%) chunk=23.22 t/s avg=18.31 t/s 1.256s
0824 01:06:20 ds4-server: chat ctx=0..131:131 prefill chunk 24/131 (18.3%) chunk=23.75 t/s avg=18.49 t/s 1.298s
0824 01:06:20 ds4-server: chat ctx=0..131:131 prefill chunk 25/131 (19.1%) chunk=23.65 t/s avg=18.65 t/s 1.340s
0824 01:06:20 ds4-server: chat ctx=0..131:131 prefill chunk 26/131 (19.8%) chunk=22.84 t/s avg=18.78 t/s 1.384s
0824 01:06:20 ds4-server: chat ctx=0..131:131 prefill chunk 27/131 (20.6%) chunk=23.47 t/s avg=18.92 t/s 1.427s
0824 01:06:20 ds4-server: chat ctx=0..131:131 prefill chunk 28/131 (21.4%) chunk=23.38 t/s avg=19.05 t/s 1.470s
0824 01:06:20 ds4-server: chat ctx=0..131:131 prefill chunk 29/131 (22.1%) chunk=23.37 t/s avg=19.17 t/s 1.512s
0824 01:06:20 ds4-server: chat ctx=0..131:131 prefill chunk 30/131 (22.9%) chunk=23.03 t/s avg=19.28 t/s 1.556s
0824 01:06:20 ds4-server: chat ctx=0..131:131 prefill chunk 31/131 (23.7%) chunk=23.82 t/s avg=19.40 t/s 1.598s
0824 01:06:20 ds4-server: chat ctx=0..131:131 prefill chunk 32/131 (24.4%) chunk=23.66 t/s avg=19.51 t/s 1.640s
0824 01:06:20 ds4-server: chat ctx=0..131:131 prefill chunk 33/131 (25.2%) chunk=23.05 t/s avg=19.60 t/s 1.684s
0824 01:06:20 ds4-server: chat ctx=0..131:131 prefill chunk 34/131 (26.0%) chunk=23.55 t/s avg=19.70 t/s 1.726s
0824 01:06:20 ds4-server: chat ctx=0..131:131 prefill chunk 35/131 (26.7%) chunk=23.33 t/s avg=19.79 t/s 1.769s
0824 01:06:20 ds4-server: chat ctx=0..131:131 prefill chunk 36/131 (27.5%) chunk=23.26 t/s avg=19.87 t/s 1.812s
0824 01:06:20 ds4-server: chat ctx=0..131:131 prefill chunk 37/131 (28.2%) chunk=23.16 t/s avg=19.95 t/s 1.855s
0824 01:06:20 ds4-server: chat ctx=0..131:131 prefill chunk 38/131 (29.0%) chunk=23.76 t/s avg=20.03 t/s 1.897s
0824 01:06:20 ds4-server: chat ctx=0..131:131 prefill chunk 39/131 (29.8%) chunk=23.65 t/s avg=20.11 t/s 1.939s
0824 01:06:20 ds4-server: chat ctx=0..131:131 prefill chunk 40/131 (30.5%) chunk=22.71 t/s avg=20.17 t/s 1.983s
0824 01:06:20 ds4-server: chat ctx=0..131:131 prefill chunk 41/131 (31.3%) chunk=23.53 t/s avg=20.24 t/s 2.026s
0824 01:06:20 ds4-server: chat ctx=0..131:131 prefill chunk 42/131 (32.1%) chunk=23.47 t/s avg=20.30 t/s 2.069s
0824 01:06:21 ds4-server: chat ctx=0..131:131 prefill chunk 43/131 (32.8%) chunk=23.37 t/s avg=20.37 t/s 2.111s
0824 01:06:21 ds4-server: chat ctx=0..131:131 prefill chunk 44/131 (33.6%) chunk=22.99 t/s avg=20.42 t/s 2.155s
0824 01:06:21 ds4-server: chat ctx=0..131:131 prefill chunk 45/131 (34.4%) chunk=23.70 t/s avg=20.48 t/s 2.197s
0824 01:06:21 ds4-server: chat ctx=0..131:131 prefill chunk 46/131 (35.1%) chunk=23.56 t/s avg=20.54 t/s 2.239s
0824 01:06:21 ds4-server: chat ctx=0..131:131 prefill chunk 47/131 (35.9%) chunk=22.82 t/s avg=20.58 t/s 2.283s
0824 01:06:21 ds4-server: chat ctx=0..131:131 prefill chunk 48/131 (36.6%) chunk=23.51 t/s avg=20.64 t/s 2.326s
0824 01:06:21 ds4-server: chat ctx=0..131:131 prefill chunk 49/131 (37.4%) chunk=23.44 t/s avg=20.69 t/s 2.368s
0824 01:06:21 ds4-server: chat ctx=0..131:131 prefill chunk 50/131 (38.2%) chunk=23.62 t/s avg=20.74 t/s 2.411s
0824 01:06:21 ds4-server: chat ctx=0..131:131 prefill chunk 51/131 (38.9%) chunk=22.65 t/s avg=20.77 t/s 2.455s
0824 01:06:21 ds4-server: chat ctx=0..131:131 prefill chunk 52/131 (39.7%) chunk=23.67 t/s avg=20.82 t/s 2.497s
0824 01:06:21 ds4-server: chat ctx=0..131:131 prefill chunk 53/131 (40.5%) chunk=23.44 t/s avg=20.87 t/s 2.540s
0824 01:06:21 ds4-server: chat ctx=0..131:131 prefill chunk 54/131 (41.2%) chunk=22.96 t/s avg=20.90 t/s 2.583s
0824 01:06:21 ds4-server: chat ctx=0..131:131 prefill chunk 55/131 (42.0%) chunk=23.50 t/s avg=20.94 t/s 2.626s
0824 01:06:21 ds4-server: chat ctx=0..131:131 prefill chunk 56/131 (42.7%) chunk=23.54 t/s avg=20.99 t/s 2.668s
0824 01:06:21 ds4-server: chat ctx=0..131:131 prefill chunk 57/131 (43.5%) chunk=23.76 t/s avg=21.03 t/s 2.711s
0824 01:06:21 ds4-server: chat ctx=0..131:131 prefill chunk 58/131 (44.3%) chunk=22.79 t/s avg=21.06 t/s 2.754s
0824 01:06:21 ds4-server: chat ctx=0..131:131 prefill chunk 59/131 (45.0%) chunk=23.72 t/s avg=21.10 t/s 2.797s
0824 01:06:21 ds4-server: chat ctx=0..131:131 prefill chunk 60/131 (45.8%) chunk=23.38 t/s avg=21.13 t/s 2.839s
0824 01:06:21 ds4-server: chat ctx=0..131:131 prefill chunk 61/131 (46.6%) chunk=22.95 t/s avg=21.16 t/s 2.883s
0824 01:06:21 ds4-server: chat ctx=0..131:131 prefill chunk 62/131 (47.3%) chunk=23.40 t/s avg=21.19 t/s 2.926s
0824 01:06:21 ds4-server: chat ctx=0..131:131 prefill chunk 63/131 (48.1%) chunk=23.56 t/s avg=21.23 t/s 2.968s
0824 01:06:21 ds4-server: chat ctx=0..131:131 prefill chunk 64/131 (48.9%) chunk=23.61 t/s avg=21.26 t/s 3.010s
0824 01:06:21 ds4-server: chat ctx=0..131:131 prefill chunk 65/131 (49.6%) chunk=22.55 t/s avg=21.28 t/s 3.055s
0824 01:06:22 ds4-server: chat ctx=0..131:131 prefill chunk 66/131 (50.4%) chunk=23.72 t/s avg=21.31 t/s 3.097s
0824 01:06:22 ds4-server: chat ctx=0..131:131 prefill chunk 67/131 (51.1%) chunk=23.37 t/s avg=21.34 t/s 3.140s
0824 01:06:22 ds4-server: chat ctx=0..131:131 prefill chunk 68/131 (51.9%) chunk=22.93 t/s avg=21.36 t/s 3.183s
0824 01:06:22 ds4-server: chat ctx=0..131:131 prefill chunk 69/131 (52.7%) chunk=23.31 t/s avg=21.39 t/s 3.226s
0824 01:06:22 ds4-server: chat ctx=0..131:131 prefill chunk 70/131 (53.4%) chunk=23.47 t/s avg=21.41 t/s 3.269s
0824 01:06:22 ds4-server: chat ctx=0..131:131 prefill chunk 71/131 (54.2%) chunk=23.41 t/s avg=21.44 t/s 3.312s
0824 01:06:22 ds4-server: chat ctx=0..131:131 prefill chunk 72/131 (55.0%) chunk=22.83 t/s avg=21.46 t/s 3.355s
0824 01:06:22 ds4-server: chat ctx=0..131:131 prefill chunk 73/131 (55.7%) chunk=23.71 t/s avg=21.49 t/s 3.398s
0824 01:06:22 ds4-server: chat ctx=0..131:131 prefill chunk 74/131 (56.5%) chunk=23.48 t/s avg=21.51 t/s 3.440s
0824 01:06:22 ds4-server: chat ctx=0..131:131 prefill chunk 75/131 (57.3%) chunk=22.96 t/s avg=21.53 t/s 3.484s
0824 01:06:22 ds4-server: chat ctx=0..131:131 prefill chunk 76/131 (58.0%) chunk=23.52 t/s avg=21.55 t/s 3.526s
0824 01:06:22 ds4-server: chat ctx=0..131:131 prefill chunk 77/131 (58.8%) chunk=23.37 t/s avg=21.57 t/s 3.569s
0824 01:06:22 ds4-server: chat ctx=0..131:131 prefill chunk 78/131 (59.5%) chunk=23.32 t/s avg=21.60 t/s 3.612s
0824 01:06:22 ds4-server: chat ctx=0..131:131 prefill chunk 79/131 (60.3%) chunk=23.00 t/s avg=21.61 t/s 3.655s
0824 01:06:22 ds4-server: chat ctx=0..131:131 prefill chunk 80/131 (61.1%) chunk=23.63 t/s avg=21.63 t/s 3.698s
0824 01:06:22 ds4-server: chat ctx=0..131:131 prefill chunk 81/131 (61.8%) chunk=23.51 t/s avg=21.66 t/s 3.740s
0824 01:06:22 ds4-server: chat ctx=0..131:131 prefill chunk 82/131 (62.6%) chunk=22.91 t/s avg=21.67 t/s 3.784s
0824 01:06:22 ds4-server: chat ctx=0..131:131 prefill chunk 83/131 (63.4%) chunk=23.53 t/s avg=21.69 t/s 3.826s
0824 01:06:22 ds4-server: chat ctx=0..131:131 prefill chunk 84/131 (64.1%) chunk=23.27 t/s avg=21.71 t/s 3.869s
0824 01:06:22 ds4-server: chat ctx=0..131:131 prefill chunk 85/131 (64.9%) chunk=23.31 t/s avg=21.73 t/s 3.912s
0824 01:06:22 ds4-server: chat ctx=0..131:131 prefill chunk 86/131 (65.6%) chunk=23.02 t/s avg=21.74 t/s 3.956s
0824 01:06:22 ds4-server: chat ctx=0..131:131 prefill chunk 87/131 (66.4%) chunk=23.66 t/s avg=21.76 t/s 3.998s
0824 01:06:22 ds4-server: chat ctx=0..131:131 prefill chunk 88/131 (67.2%) chunk=23.49 t/s avg=21.78 t/s 4.041s
0824 01:06:23 ds4-server: chat ctx=0..131:131 prefill chunk 89/131 (67.9%) chunk=22.82 t/s avg=21.79 t/s 4.084s
0824 01:06:23 ds4-server: chat ctx=0..131:131 prefill chunk 90/131 (68.7%) chunk=23.71 t/s avg=21.81 t/s 4.127s
0824 01:06:23 ds4-server: chat ctx=0..131:131 prefill chunk 91/131 (69.5%) chunk=23.51 t/s avg=21.83 t/s 4.169s
0824 01:06:23 ds4-server: chat ctx=0..131:131 prefill chunk 92/131 (70.2%) chunk=23.13 t/s avg=21.84 t/s 4.212s
0824 01:06:23 ds4-server: chat ctx=0..131:131 prefill chunk 93/131 (71.0%) chunk=22.93 t/s avg=21.85 t/s 4.256s
0824 01:06:23 ds4-server: chat ctx=0..131:131 prefill chunk 94/131 (71.8%) chunk=23.65 t/s avg=21.87 t/s 4.298s
0824 01:06:23 ds4-server: chat ctx=0..131:131 prefill chunk 95/131 (72.5%) chunk=23.43 t/s avg=21.88 t/s 4.341s
0824 01:06:23 ds4-server: chat ctx=0..131:131 prefill chunk 96/131 (73.3%) chunk=22.92 t/s avg=21.90 t/s 4.385s
0824 01:06:23 ds4-server: chat ctx=0..131:131 prefill chunk 97/131 (74.0%) chunk=23.51 t/s avg=21.91 t/s 4.427s
0824 01:06:23 ds4-server: chat ctx=0..131:131 prefill chunk 98/131 (74.8%) chunk=23.45 t/s avg=21.93 t/s 4.470s
0824 01:06:23 ds4-server: chat ctx=0..131:131 prefill chunk 99/131 (75.6%) chunk=23.62 t/s avg=21.94 t/s 4.512s
0824 01:06:23 ds4-server: chat ctx=0..131:131 prefill chunk 100/131 (76.3%) chunk=23.27 t/s avg=21.95 t/s 4.555s
0824 01:06:23 ds4-server: chat ctx=0..131:131 prefill chunk 101/131 (77.1%) chunk=24.02 t/s avg=21.97 t/s 4.597s
0824 01:06:23 ds4-server: chat ctx=0..131:131 prefill chunk 102/131 (77.9%) chunk=23.37 t/s avg=21.99 t/s 4.639s
0824 01:06:23 ds4-server: chat ctx=0..131:131 prefill chunk 103/131 (78.6%) chunk=22.72 t/s avg=21.99 t/s 4.683s
0824 01:06:23 ds4-server: chat ctx=0..131:131 prefill chunk 104/131 (79.4%) chunk=23.28 t/s avg=22.00 t/s 4.726s
0824 01:06:23 ds4-server: chat ctx=0..131:131 prefill chunk 105/131 (80.2%) chunk=23.56 t/s avg=22.02 t/s 4.769s
0824 01:06:23 ds4-server: chat ctx=0..131:131 prefill chunk 106/131 (80.9%) chunk=23.09 t/s avg=22.03 t/s 4.812s
0824 01:06:23 ds4-server: chat ctx=0..131:131 prefill chunk 107/131 (81.7%) chunk=22.95 t/s avg=22.04 t/s 4.856s
0824 01:06:23 ds4-server: chat ctx=0..131:131 prefill chunk 108/131 (82.4%) chunk=23.62 t/s avg=22.05 t/s 4.898s
0824 01:06:23 ds4-server: chat ctx=0..131:131 prefill chunk 109/131 (83.2%) chunk=23.55 t/s avg=22.06 t/s 4.941s
0824 01:06:23 ds4-server: chat ctx=0..131:131 prefill chunk 110/131 (84.0%) chunk=22.71 t/s avg=22.07 t/s 4.985s
0824 01:06:23 ds4-server: chat ctx=0..131:131 prefill chunk 111/131 (84.7%) chunk=23.28 t/s avg=22.08 t/s 5.028s
0824 01:06:23 ds4-server: chat ctx=0..131:131 prefill chunk 112/131 (85.5%) chunk=23.39 t/s avg=22.09 t/s 5.070s
0824 01:06:24 ds4-server: chat ctx=0..131:131 prefill chunk 113/131 (86.3%) chunk=22.64 t/s avg=22.09 t/s 5.114s
0824 01:06:24 ds4-server: chat ctx=0..131:131 prefill chunk 114/131 (87.0%) chunk=23.19 t/s avg=22.10 t/s 5.158s
0824 01:06:24 ds4-server: chat ctx=0..131:131 prefill chunk 115/131 (87.8%) chunk=23.51 t/s avg=22.12 t/s 5.200s
0824 01:06:24 ds4-server: chat ctx=0..131:131 prefill chunk 116/131 (88.5%) chunk=23.50 t/s avg=22.13 t/s 5.243s
0824 01:06:24 ds4-server: chat ctx=0..131:131 prefill chunk 117/131 (89.3%) chunk=22.51 t/s avg=22.13 t/s 5.287s
0824 01:06:24 ds4-server: chat ctx=0..131:131 prefill chunk 118/131 (90.1%) chunk=23.64 t/s avg=22.14 t/s 5.329s
0824 01:06:24 ds4-server: chat ctx=0..131:131 prefill chunk 119/131 (90.8%) chunk=23.34 t/s avg=22.15 t/s 5.372s
0824 01:06:24 ds4-server: chat ctx=0..131:131 prefill chunk 120/131 (91.6%) chunk=22.70 t/s avg=22.16 t/s 5.416s
0824 01:06:24 ds4-server: chat ctx=0..131:131 prefill chunk 121/131 (92.4%) chunk=23.42 t/s avg=22.17 t/s 5.459s
0824 01:06:24 ds4-server: chat ctx=0..131:131 prefill chunk 122/131 (93.1%) chunk=23.08 t/s avg=22.17 t/s 5.502s
0824 01:06:24 ds4-server: chat ctx=0..131:131 prefill chunk 123/131 (93.9%) chunk=23.16 t/s avg=22.18 t/s 5.545s
0824 01:06:24 ds4-server: chat ctx=0..131:131 prefill chunk 124/131 (94.7%) chunk=23.00 t/s avg=22.19 t/s 5.589s
0824 01:06:24 ds4-server: chat ctx=0..131:131 prefill chunk 125/131 (95.4%) chunk=23.50 t/s avg=22.20 t/s 5.632s
0824 01:06:24 ds4-server: chat ctx=0..131:131 prefill chunk 126/131 (96.2%) chunk=23.28 t/s avg=22.20 t/s 5.674s
0824 01:06:24 ds4-server: chat ctx=0..131:131 prefill chunk 127/131 (96.9%) chunk=22.66 t/s avg=22.21 t/s 5.719s
0824 01:06:24 ds4-server: chat ctx=0..131:131 prefill chunk 128/131 (97.7%) chunk=23.18 t/s avg=22.22 t/s 5.762s
0824 01:06:24 ds4-server: chat ctx=0..131:131 prefill chunk 129/131 (98.5%) chunk=23.47 t/s avg=22.22 t/s 5.804s
0824 01:06:24 ds4-server: chat ctx=0..131:131 prefill chunk 130/131 (99.2%) chunk=22.50 t/s avg=22.23 t/s 5.849s
0824 01:06:24 ds4-server: chat ctx=0..131:131 prefill chunk 131/131 (100.0%) chunk=23.18 t/s avg=22.23 t/s 5.892s
0824 01:06:24 ds4-server: chat ctx=0..131:131 prompt done 5.892s
0824 01:06:26 ds4-server: chat ctx=131..181:50 gen=50 THINKING decoding chunk=23.03 t/s avg=23.03 t/s 2.171s
0824 01:06:29 ds4-server: chat ctx=181..231:50 gen=100 THINKING decoding chunk=22.84 t/s avg=22.93 t/s 4.360s
0824 01:06:31 ds4-server: chat ctx=231..281:50 gen=150 THINKING decoding chunk=22.70 t/s avg=22.86 t/s 6.563s
0824 01:06:33 ds4-server: chat ctx=281..331:50 gen=200 THINKING decoding chunk=22.56 t/s avg=22.78 t/s 8.779s
0824 01:06:35 ds4-server: chat ctx=331..381:50 gen=250 THINKING decoding chunk=22.42 t/s avg=22.71 t/s 11.009s
0824 01:06:38 ds4-server: chat ctx=381..431:50 gen=300 THINKING decoding chunk=22.30 t/s avg=22.64 t/s 13.250s
0824 01:06:40 ds4-server: chat ctx=431..481:50 gen=350 THINKING decoding chunk=22.16 t/s avg=22.57 t/s 15.507s
0824 01:06:42 ds4-server: chat ctx=481..531:50 gen=400 THINKING decoding chunk=21.98 t/s avg=22.50 t/s 17.781s
0824 01:06:44 ds4-server: chat ctx=531..581:50 gen=450 THINKING decoding chunk=21.86 t/s avg=22.42 t/s 20.069s
0824 01:06:47 ds4-server: chat ctx=581..631:50 gen=500 THINKING decoding chunk=21.74 t/s avg=22.35 t/s 22.369s
0824 01:06:49 ds4-server: chat ctx=631..681:50 gen=550 THINKING decoding chunk=21.51 t/s avg=22.27 t/s 24.694s
0824 01:06:51 ds4-server: chat ctx=681..731:50 gen=600 THINKING decoding chunk=21.36 t/s avg=22.19 t/s 27.035s
0824 01:06:54 ds4-server: chat ctx=731..781:50 gen=650 decoding chunk=21.30 t/s avg=22.12 t/s 29.382s
0824 01:06:54 ds4-server: chat ctx=781..788:7 gen=657 decoding chunk=21.23 t/s avg=22.11 t/s 29.712s
0824 01:06:54 ds4-server: thinking live checkpoint remembered ctx=0..131:131 live=788 visible=674
0824 01:06:54 ds4-server: chat ctx=0..131:131 gen=657 finish=stop 35.604s
0824 01:06:56 ds4-server: live kv cache miss live=788 prompt=153 common=35 reason=token-mismatch
0824 01:06:56 ds4-server: chat ctx=0..153:153 prompt start
0824 01:06:57 ds4-server: chat ctx=0..153:153 prefill chunk 1/153 (0.7%) chunk=0.00 t/s avg=3.10 t/s 0.323s
0824 01:06:57 ds4-server: chat ctx=0..153:153 prefill chunk 2/153 (1.3%) chunk=23.86 t/s avg=5.49 t/s 0.364s
0824 01:06:57 ds4-server: chat ctx=0..153:153 prefill chunk 3/153 (2.0%) chunk=22.84 t/s avg=7.35 t/s 0.408s
0824 01:06:57 ds4-server: chat ctx=0..153:153 prefill chunk 4/153 (2.6%) chunk=23.73 t/s avg=8.88 t/s 0.450s
0824 01:06:57 ds4-server: chat ctx=0..153:153 prefill chunk 5/153 (3.3%) chunk=23.51 t/s avg=10.14 t/s 0.493s
0824 01:06:57 ds4-server: chat ctx=0..153:153 prefill chunk 6/153 (3.9%) chunk=23.25 t/s avg=11.20 t/s 0.536s
0824 01:06:57 ds4-server: chat ctx=0..153:153 prefill chunk 7/153 (4.6%) chunk=23.75 t/s avg=12.11 t/s 0.578s
0824 01:06:57 ds4-server: chat ctx=0..153:153 prefill chunk 8/153 (5.2%) chunk=23.69 t/s avg=12.90 t/s 0.620s
0824 01:06:57 ds4-server: chat ctx=0..153:153 prefill chunk 9/153 (5.9%) chunk=23.53 t/s avg=13.58 t/s 0.663s
0824 01:06:57 ds4-server: chat ctx=0..153:153 prefill chunk 10/153 (6.5%) chunk=22.76 t/s avg=14.15 t/s 0.707s
0824 01:06:57 ds4-server: chat ctx=0..153:153 prefill chunk 11/153 (7.2%) chunk=23.92 t/s avg=14.70 t/s 0.748s
0824 01:06:57 ds4-server: chat ctx=0..153:153 prefill chunk 12/153 (7.8%) chunk=23.60 t/s avg=15.17 t/s 0.791s
0824 01:06:57 ds4-server: chat ctx=0..153:153 prefill chunk 13/153 (8.5%) chunk=23.38 t/s avg=15.60 t/s 0.834s
0824 01:06:57 ds4-server: chat ctx=0..153:153 prefill chunk 14/153 (9.2%) chunk=23.20 t/s avg=15.97 t/s 0.877s
0824 01:06:57 ds4-server: chat ctx=0..153:153 prefill chunk 15/153 (9.8%) chunk=23.82 t/s avg=16.33 t/s 0.919s
0824 01:06:57 ds4-server: chat ctx=0..153:153 prefill chunk 16/153 (10.5%) chunk=23.54 t/s avg=16.65 t/s 0.961s
0824 01:06:57 ds4-server: chat ctx=0..153:153 prefill chunk 17/153 (11.1%) chunk=22.78 t/s avg=16.91 t/s 1.005s
0824 01:06:57 ds4-server: chat ctx=0..153:153 prefill chunk 18/153 (11.8%) chunk=23.64 t/s avg=17.19 t/s 1.047s
0824 01:06:57 ds4-server: chat ctx=0..153:153 prefill chunk 19/153 (12.4%) chunk=23.47 t/s avg=17.43 t/s 1.090s
0824 01:06:58 ds4-server: chat ctx=0..153:153 prefill chunk 20/153 (13.1%) chunk=23.45 t/s avg=17.66 t/s 1.133s
0824 01:06:58 ds4-server: chat ctx=0..153:153 prefill chunk 21/153 (13.7%) chunk=23.20 t/s avg=17.86 t/s 1.176s
0824 01:06:58 ds4-server: chat ctx=0..153:153 prefill chunk 22/153 (14.4%) chunk=23.87 t/s avg=18.07 t/s 1.218s
0824 01:06:58 ds4-server: chat ctx=0..153:153 prefill chunk 23/153 (15.0%) chunk=23.55 t/s avg=18.25 t/s 1.260s
0824 01:06:58 ds4-server: chat ctx=0..153:153 prefill chunk 24/153 (15.7%) chunk=22.77 t/s avg=18.41 t/s 1.304s
0824 01:06:58 ds4-server: chat ctx=0..153:153 prefill chunk 25/153 (16.3%) chunk=23.76 t/s avg=18.57 t/s 1.346s
0824 01:06:58 ds4-server: chat ctx=0..153:153 prefill chunk 26/153 (17.0%) chunk=23.74 t/s avg=18.73 t/s 1.388s
0824 01:06:58 ds4-server: chat ctx=0..153:153 prefill chunk 27/153 (17.6%) chunk=23.57 t/s avg=18.87 t/s 1.431s
0824 01:06:58 ds4-server: chat ctx=0..153:153 prefill chunk 28/153 (18.3%) chunk=22.72 t/s avg=18.99 t/s 1.475s
0824 01:06:58 ds4-server: chat ctx=0..153:153 prefill chunk 29/153 (19.0%) chunk=23.80 t/s avg=19.12 t/s 1.517s
0824 01:06:58 ds4-server: chat ctx=0..153:153 prefill chunk 30/153 (19.6%) chunk=23.44 t/s avg=19.24 t/s 1.559s
0824 01:06:58 ds4-server: chat ctx=0..153:153 prefill chunk 31/153 (20.3%) chunk=23.07 t/s avg=19.34 t/s 1.603s
0824 01:06:58 ds4-server: chat ctx=0..153:153 prefill chunk 32/153 (20.9%) chunk=23.50 t/s avg=19.45 t/s 1.645s
0824 01:06:58 ds4-server: chat ctx=0..153:153 prefill chunk 33/153 (21.6%) chunk=23.68 t/s avg=19.56 t/s 1.687s
0824 01:06:58 ds4-server: chat ctx=0..153:153 prefill chunk 34/153 (22.2%) chunk=23.64 t/s avg=19.66 t/s 1.730s
0824 01:06:58 ds4-server: chat ctx=0..153:153 prefill chunk 35/153 (22.9%) chunk=22.35 t/s avg=19.72 t/s 1.774s
0824 01:06:58 ds4-server: chat ctx=0..153:153 prefill chunk 36/153 (23.5%) chunk=23.75 t/s avg=19.82 t/s 1.817s
0824 01:06:58 ds4-server: chat ctx=0..153:153 prefill chunk 37/153 (24.2%) chunk=23.61 t/s avg=19.90 t/s 1.859s
0824 01:06:58 ds4-server: chat ctx=0..153:153 prefill chunk 38/153 (24.8%) chunk=22.94 t/s avg=19.97 t/s 1.903s
0824 01:06:58 ds4-server: chat ctx=0..153:153 prefill chunk 39/153 (25.5%) chunk=23.48 t/s avg=20.05 t/s 1.945s
0824 01:06:58 ds4-server: chat ctx=0..153:153 prefill chunk 40/153 (26.1%) chunk=23.91 t/s avg=20.13 t/s 1.987s
0824 01:06:58 ds4-server: chat ctx=0..153:153 prefill chunk 41/153 (26.8%) chunk=23.45 t/s avg=20.20 t/s 2.030s
0824 01:06:58 ds4-server: chat ctx=0..153:153 prefill chunk 42/153 (27.5%) chunk=22.68 t/s avg=20.25 t/s 2.074s
0824 01:06:59 ds4-server: chat ctx=0..153:153 prefill chunk 43/153 (28.1%) chunk=23.59 t/s avg=20.32 t/s 2.116s
0824 01:06:59 ds4-server: chat ctx=0..153:153 prefill chunk 44/153 (28.8%) chunk=23.48 t/s avg=20.38 t/s 2.159s
0824 01:06:59 ds4-server: chat ctx=0..153:153 prefill chunk 45/153 (29.4%) chunk=22.77 t/s avg=20.43 t/s 2.203s
0824 01:06:59 ds4-server: chat ctx=0..153:153 prefill chunk 46/153 (30.1%) chunk=23.61 t/s avg=20.49 t/s 2.245s
0824 01:06:59 ds4-server: chat ctx=0..153:153 prefill chunk 47/153 (30.7%) chunk=23.83 t/s avg=20.55 t/s 2.287s
0824 01:06:59 ds4-server: chat ctx=0..153:153 prefill chunk 48/153 (31.4%) chunk=23.35 t/s avg=20.60 t/s 2.330s
0824 01:06:59 ds4-server: chat ctx=0..153:153 prefill chunk 49/153 (32.0%) chunk=22.72 t/s avg=20.64 t/s 2.374s
0824 01:06:59 ds4-server: chat ctx=0..153:153 prefill chunk 50/153 (32.7%) chunk=23.64 t/s avg=20.70 t/s 2.416s
0824 01:06:59 ds4-server: chat ctx=0..153:153 prefill chunk 51/153 (33.3%) chunk=23.43 t/s avg=20.74 t/s 2.459s
0824 01:06:59 ds4-server: chat ctx=0..153:153 prefill chunk 52/153 (34.0%) chunk=22.72 t/s avg=20.78 t/s 2.503s
0824 01:06:59 ds4-server: chat ctx=0..153:153 prefill chunk 53/153 (34.6%) chunk=23.59 t/s avg=20.82 t/s 2.545s
0824 01:06:59 ds4-server: chat ctx=0..153:153 prefill chunk 54/153 (35.3%) chunk=23.60 t/s avg=20.87 t/s 2.587s
0824 01:06:59 ds4-server: chat ctx=0..153:153 prefill chunk 55/153 (35.9%) chunk=23.63 t/s avg=20.91 t/s 2.630s
0824 01:06:59 ds4-server: chat ctx=0..153:153 prefill chunk 56/153 (36.6%) chunk=22.75 t/s avg=20.94 t/s 2.674s
0824 01:06:59 ds4-server: chat ctx=0..153:153 prefill chunk 57/153 (37.3%) chunk=23.61 t/s avg=20.99 t/s 2.716s
0824 01:06:59 ds4-server: chat ctx=0..153:153 prefill chunk 58/153 (37.9%) chunk=23.56 t/s avg=21.03 t/s 2.759s
0824 01:06:59 ds4-server: chat ctx=0..153:153 prefill chunk 59/153 (38.6%) chunk=22.66 t/s avg=21.05 t/s 2.803s
0824 01:06:59 ds4-server: chat ctx=0..153:153 prefill chunk 60/153 (39.2%) chunk=23.54 t/s avg=21.09 t/s 2.845s
0824 01:06:59 ds4-server: chat ctx=0..153:153 prefill chunk 61/153 (39.9%) chunk=23.74 t/s avg=21.13 t/s 2.887s
0824 01:06:59 ds4-server: chat ctx=0..153:153 prefill chunk 62/153 (40.5%) chunk=23.23 t/s avg=21.16 t/s 2.930s
0824 01:06:59 ds4-server: chat ctx=0..153:153 prefill chunk 63/153 (41.2%) chunk=22.58 t/s avg=21.18 t/s 2.975s
0824 01:06:59 ds4-server: chat ctx=0..153:153 prefill chunk 64/153 (41.8%) chunk=23.71 t/s avg=21.21 t/s 3.017s
0824 01:06:59 ds4-server: chat ctx=0..153:153 prefill chunk 65/153 (42.5%) chunk=23.43 t/s avg=21.25 t/s 3.059s
0824 01:07:00 ds4-server: chat ctx=0..153:153 prefill chunk 66/153 (43.1%) chunk=22.53 t/s avg=21.26 t/s 3.104s
0824 01:07:00 ds4-server: chat ctx=0..153:153 prefill chunk 67/153 (43.8%) chunk=23.20 t/s avg=21.29 t/s 3.147s
0824 01:07:00 ds4-server: chat ctx=0..153:153 prefill chunk 68/153 (44.4%) chunk=23.52 t/s avg=21.32 t/s 3.189s
0824 01:07:00 ds4-server: chat ctx=0..153:153 prefill chunk 69/153 (45.1%) chunk=23.21 t/s avg=21.35 t/s 3.233s
0824 01:07:00 ds4-server: chat ctx=0..153:153 prefill chunk 70/153 (45.8%) chunk=23.09 t/s avg=21.37 t/s 3.276s
0824 01:07:00 ds4-server: chat ctx=0..153:153 prefill chunk 71/153 (46.4%) chunk=23.81 t/s avg=21.40 t/s 3.318s
0824 01:07:00 ds4-server: chat ctx=0..153:153 prefill chunk 72/153 (47.1%) chunk=23.42 t/s avg=21.42 t/s 3.361s
0824 01:07:00 ds4-server: chat ctx=0..153:153 prefill chunk 73/153 (47.7%) chunk=22.93 t/s avg=21.44 t/s 3.404s
0824 01:07:00 ds4-server: chat ctx=0..153:153 prefill chunk 74/153 (48.4%) chunk=23.49 t/s avg=21.47 t/s 3.447s
0824 01:07:00 ds4-server: chat ctx=0..153:153 prefill chunk 75/153 (49.0%) chunk=23.83 t/s avg=21.50 t/s 3.489s
0824 01:07:00 ds4-server: chat ctx=0..153:153 prefill chunk 76/153 (49.7%) chunk=23.59 t/s avg=21.52 t/s 3.531s
0824 01:07:00 ds4-server: chat ctx=0..153:153 prefill chunk 77/153 (50.3%) chunk=22.53 t/s avg=21.54 t/s 3.576s
0824 01:07:00 ds4-server: chat ctx=0..153:153 prefill chunk 78/153 (51.0%) chunk=23.84 t/s avg=21.56 t/s 3.617s
0824 01:07:00 ds4-server: chat ctx=0..153:153 prefill chunk 79/153 (51.6%) chunk=23.53 t/s avg=21.58 t/s 3.660s
0824 01:07:00 ds4-server: chat ctx=0..153:153 prefill chunk 80/153 (52.3%) chunk=22.93 t/s avg=21.60 t/s 3.704s
0824 01:07:00 ds4-server: chat ctx=0..153:153 prefill chunk 81/153 (52.9%) chunk=23.34 t/s avg=21.62 t/s 3.746s
0824 01:07:00 ds4-server: chat ctx=0..153:153 prefill chunk 82/153 (53.6%) chunk=23.30 t/s avg=21.64 t/s 3.789s
0824 01:07:00 ds4-server: chat ctx=0..153:153 prefill chunk 83/153 (54.2%) chunk=23.67 t/s avg=21.66 t/s 3.832s
0824 01:07:00 ds4-server: chat ctx=0..153:153 prefill chunk 84/153 (54.9%) chunk=22.55 t/s avg=21.67 t/s 3.876s
0824 01:07:00 ds4-server: chat ctx=0..153:153 prefill chunk 85/153 (55.6%) chunk=23.68 t/s avg=21.69 t/s 3.918s
0824 01:07:00 ds4-server: chat ctx=0..153:153 prefill chunk 86/153 (56.2%) chunk=23.50 t/s avg=21.71 t/s 3.961s
0824 01:07:00 ds4-server: chat ctx=0..153:153 prefill chunk 87/153 (56.9%) chunk=22.80 t/s avg=21.73 t/s 4.005s
0824 01:07:00 ds4-server: chat ctx=0..153:153 prefill chunk 88/153 (57.5%) chunk=23.48 t/s avg=21.74 t/s 4.047s
0824 01:07:00 ds4-server: chat ctx=0..153:153 prefill chunk 89/153 (58.2%) chunk=23.39 t/s avg=21.76 t/s 4.090s
0824 01:07:01 ds4-server: chat ctx=0..153:153 prefill chunk 90/153 (58.8%) chunk=23.24 t/s avg=21.78 t/s 4.133s
0824 01:07:01 ds4-server: chat ctx=0..153:153 prefill chunk 91/153 (59.5%) chunk=23.04 t/s avg=21.79 t/s 4.176s
0824 01:07:01 ds4-server: chat ctx=0..153:153 prefill chunk 92/153 (60.1%) chunk=23.53 t/s avg=21.81 t/s 4.219s
0824 01:07:01 ds4-server: chat ctx=0..153:153 prefill chunk 93/153 (60.8%) chunk=23.39 t/s avg=21.82 t/s 4.262s
0824 01:07:01 ds4-server: chat ctx=0..153:153 prefill chunk 94/153 (61.4%) chunk=22.87 t/s avg=21.83 t/s 4.305s
0824 01:07:01 ds4-server: chat ctx=0..153:153 prefill chunk 95/153 (62.1%) chunk=23.28 t/s avg=21.85 t/s 4.348s
0824 01:07:01 ds4-server: chat ctx=0..153:153 prefill chunk 96/153 (62.7%) chunk=23.17 t/s avg=21.86 t/s 4.391s
0824 01:07:01 ds4-server: chat ctx=0..153:153 prefill chunk 97/153 (63.4%) chunk=23.45 t/s avg=21.88 t/s 4.434s
0824 01:07:01 ds4-server: chat ctx=0..153:153 prefill chunk 98/153 (64.1%) chunk=23.14 t/s avg=21.89 t/s 4.477s
0824 01:07:01 ds4-server: chat ctx=0..153:153 prefill chunk 99/153 (64.7%) chunk=23.60 t/s avg=21.90 t/s 4.520s
0824 01:07:01 ds4-server: chat ctx=0..153:153 prefill chunk 100/153 (65.4%) chunk=23.38 t/s avg=21.92 t/s 4.562s
0824 01:07:01 ds4-server: chat ctx=0..153:153 prefill chunk 101/153 (66.0%) chunk=22.48 t/s avg=21.92 t/s 4.607s
0824 01:07:01 ds4-server: chat ctx=0..153:153 prefill chunk 102/153 (66.7%) chunk=23.66 t/s avg=21.94 t/s 4.649s
0824 01:07:01 ds4-server: chat ctx=0..153:153 prefill chunk 103/153 (67.3%) chunk=23.41 t/s avg=21.95 t/s 4.692s
0824 01:07:01 ds4-server: chat ctx=0..153:153 prefill chunk 104/153 (68.0%) chunk=22.70 t/s avg=21.96 t/s 4.736s
0824 01:07:01 ds4-server: chat ctx=0..153:153 prefill chunk 105/153 (68.6%) chunk=23.22 t/s avg=21.97 t/s 4.779s
0824 01:07:01 ds4-server: chat ctx=0..153:153 prefill chunk 106/153 (69.3%) chunk=23.64 t/s avg=21.99 t/s 4.821s
0824 01:07:01 ds4-server: chat ctx=0..153:153 prefill chunk 107/153 (69.9%) chunk=23.44 t/s avg=22.00 t/s 4.864s
0824 01:07:01 ds4-server: chat ctx=0..153:153 prefill chunk 108/153 (70.6%) chunk=22.56 t/s avg=22.00 t/s 4.908s
0824 01:07:01 ds4-server: chat ctx=0..153:153 prefill chunk 109/153 (71.2%) chunk=23.80 t/s avg=22.02 t/s 4.950s
0824 01:07:01 ds4-server: chat ctx=0..153:153 prefill chunk 110/153 (71.9%) chunk=23.38 t/s avg=22.03 t/s 4.993s
0824 01:07:01 ds4-server: chat ctx=0..153:153 prefill chunk 111/153 (72.5%) chunk=22.85 t/s avg=22.04 t/s 5.037s
0824 01:07:01 ds4-server: chat ctx=0..153:153 prefill chunk 112/153 (73.2%) chunk=23.35 t/s avg=22.05 t/s 5.080s
0824 01:07:02 ds4-server: chat ctx=0..153:153 prefill chunk 113/153 (73.9%) chunk=23.68 t/s avg=22.06 t/s 5.122s
0824 01:07:02 ds4-server: chat ctx=0..153:153 prefill chunk 114/153 (74.5%) chunk=23.53 t/s avg=22.07 t/s 5.164s
0824 01:07:02 ds4-server: chat ctx=0..153:153 prefill chunk 115/153 (75.2%) chunk=22.51 t/s avg=22.08 t/s 5.209s
0824 01:07:02 ds4-server: chat ctx=0..153:153 prefill chunk 116/153 (75.8%) chunk=23.65 t/s avg=22.09 t/s 5.251s
0824 01:07:02 ds4-server: chat ctx=0..153:153 prefill chunk 117/153 (76.5%) chunk=23.45 t/s avg=22.10 t/s 5.294s
0824 01:07:02 ds4-server: chat ctx=0..153:153 prefill chunk 118/153 (77.1%) chunk=22.68 t/s avg=22.11 t/s 5.338s
0824 01:07:02 ds4-server: chat ctx=0..153:153 prefill chunk 119/153 (77.8%) chunk=23.31 t/s avg=22.12 t/s 5.381s
0824 01:07:02 ds4-server: chat ctx=0..153:153 prefill chunk 120/153 (78.4%) chunk=23.18 t/s avg=22.12 t/s 5.424s
0824 01:07:02 ds4-server: chat ctx=0..153:153 prefill chunk 121/153 (79.1%) chunk=23.20 t/s avg=22.13 t/s 5.467s
0824 01:07:02 ds4-server: chat ctx=0..153:153 prefill chunk 122/153 (79.7%) chunk=22.96 t/s avg=22.14 t/s 5.511s
0824 01:07:02 ds4-server: chat ctx=0..153:153 prefill chunk 123/153 (80.4%) chunk=23.49 t/s avg=22.15 t/s 5.553s
0824 01:07:02 ds4-server: chat ctx=0..153:153 prefill chunk 124/153 (81.0%) chunk=23.46 t/s avg=22.16 t/s 5.596s
0824 01:07:02 ds4-server: chat ctx=0..153:153 prefill chunk 125/153 (81.7%) chunk=22.52 t/s avg=22.16 t/s 5.640s
0824 01:07:02 ds4-server: chat ctx=0..153:153 prefill chunk 126/153 (82.4%) chunk=23.43 t/s avg=22.17 t/s 5.683s
0824 01:07:02 ds4-server: chat ctx=0..153:153 prefill chunk 127/153 (83.0%) chunk=23.61 t/s avg=22.18 t/s 5.725s
0824 01:07:02 ds4-server: chat ctx=0..153:153 prefill chunk 128/153 (83.7%) chunk=22.60 t/s avg=22.19 t/s 5.769s
0824 01:07:02 ds4-server: chat ctx=0..153:153 prefill chunk 129/153 (84.3%) chunk=23.26 t/s avg=22.19 t/s 5.812s
0824 01:07:02 ds4-server: chat ctx=0..153:153 prefill chunk 130/153 (85.0%) chunk=23.62 t/s avg=22.20 t/s 5.855s
0824 01:07:02 ds4-server: chat ctx=0..153:153 prefill chunk 131/153 (85.6%) chunk=23.23 t/s avg=22.21 t/s 5.898s
0824 01:07:02 ds4-server: chat ctx=0..153:153 prefill chunk 132/153 (86.3%) chunk=22.61 t/s avg=22.21 t/s 5.942s
0824 01:07:02 ds4-server: chat ctx=0..153:153 prefill chunk 133/153 (86.9%) chunk=23.74 t/s avg=22.23 t/s 5.984s
0824 01:07:02 ds4-server: chat ctx=0..153:153 prefill chunk 134/153 (87.6%) chunk=23.48 t/s avg=22.23 t/s 6.027s
0824 01:07:02 ds4-server: chat ctx=0..153:153 prefill chunk 135/153 (88.2%) chunk=22.61 t/s avg=22.24 t/s 6.071s
0824 01:07:03 ds4-server: chat ctx=0..153:153 prefill chunk 136/153 (88.9%) chunk=23.03 t/s avg=22.24 t/s 6.114s
0824 01:07:03 ds4-server: chat ctx=0..153:153 prefill chunk 137/153 (89.5%) chunk=23.29 t/s avg=22.25 t/s 6.157s
0824 01:07:03 ds4-server: chat ctx=0..153:153 prefill chunk 138/153 (90.2%) chunk=23.12 t/s avg=22.26 t/s 6.201s
0824 01:07:03 ds4-server: chat ctx=0..153:153 prefill chunk 139/153 (90.8%) chunk=22.94 t/s avg=22.26 t/s 6.244s
0824 01:07:03 ds4-server: chat ctx=0..153:153 prefill chunk 140/153 (91.5%) chunk=23.55 t/s avg=22.27 t/s 6.287s
0824 01:07:03 ds4-server: chat ctx=0..153:153 prefill chunk 141/153 (92.2%) chunk=23.17 t/s avg=22.28 t/s 6.330s
0824 01:07:03 ds4-server: chat ctx=0..153:153 prefill chunk 142/153 (92.8%) chunk=22.25 t/s avg=22.28 t/s 6.375s
0824 01:07:03 ds4-server: chat ctx=0..153:153 prefill chunk 143/153 (93.5%) chunk=23.51 t/s avg=22.28 t/s 6.417s
0824 01:07:03 ds4-server: chat ctx=0..153:153 prefill chunk 144/153 (94.1%) chunk=23.45 t/s avg=22.29 t/s 6.460s
0824 01:07:03 ds4-server: chat ctx=0..153:153 prefill chunk 145/153 (94.8%) chunk=22.43 t/s avg=22.29 t/s 6.505s
0824 01:07:03 ds4-server: chat ctx=0..153:153 prefill chunk 146/153 (95.4%) chunk=23.29 t/s avg=22.30 t/s 6.547s
0824 01:07:03 ds4-server: chat ctx=0..153:153 prefill chunk 147/153 (96.1%) chunk=23.12 t/s avg=22.30 t/s 6.591s
0824 01:07:03 ds4-server: chat ctx=0..153:153 prefill chunk 148/153 (96.7%) chunk=22.45 t/s avg=22.31 t/s 6.635s
0824 01:07:03 ds4-server: chat ctx=0..153:153 prefill chunk 149/153 (97.4%) chunk=23.35 t/s avg=22.31 t/s 6.678s
0824 01:07:03 ds4-server: chat ctx=0..153:153 prefill chunk 150/153 (98.0%) chunk=23.34 t/s avg=22.32 t/s 6.721s
0824 01:07:03 ds4-server: chat ctx=0..153:153 prefill chunk 151/153 (98.7%) chunk=23.21 t/s avg=22.32 t/s 6.764s
0824 01:07:03 ds4-server: chat ctx=0..153:153 prefill chunk 152/153 (99.3%) chunk=22.35 t/s avg=22.32 t/s 6.809s
0824 01:07:03 ds4-server: chat ctx=0..153:153 prefill chunk 153/153 (100.0%) chunk=23.46 t/s avg=22.33 t/s 6.851s
0824 01:07:03 ds4-server: chat ctx=0..153:153 prompt done 6.851s
0824 01:07:05 ds4-server: chat ctx=153..203:50 gen=50 THINKING decoding chunk=23.02 t/s avg=23.02 t/s 2.172s
0824 01:07:08 ds4-server: chat ctx=203..253:50 gen=100 THINKING decoding chunk=22.82 t/s avg=22.92 t/s 4.363s
0824 01:07:10 ds4-server: chat ctx=253..303:50 gen=150 THINKING decoding chunk=22.67 t/s avg=22.83 t/s 6.569s
0824 01:07:12 ds4-server: chat ctx=303..353:50 gen=200 THINKING decoding chunk=22.55 t/s avg=22.76 t/s 8.786s
0824 01:07:14 ds4-server: chat ctx=353..403:50 gen=250 THINKING decoding chunk=22.39 t/s avg=22.69 t/s 11.019s
0824 01:07:17 ds4-server: chat ctx=403..453:50 gen=300 THINKING decoding chunk=22.23 t/s avg=22.61 t/s 13.269s
0824 01:07:19 ds4-server: chat ctx=453..503:50 gen=350 THINKING decoding chunk=22.04 t/s avg=22.53 t/s 15.538s
0824 01:07:21 ds4-server: chat ctx=503..553:50 gen=400 THINKING decoding chunk=21.90 t/s avg=22.45 t/s 17.821s
0824 01:07:23 ds4-server: chat ctx=553..603:50 gen=450 THINKING decoding chunk=21.84 t/s avg=22.38 t/s 20.111s
0824 01:07:26 ds4-server: chat ctx=603..653:50 gen=500 THINKING decoding chunk=21.65 t/s avg=22.30 t/s 22.420s
0824 01:07:28 ds4-server: chat ctx=653..703:50 gen=550 THINKING decoding chunk=21.51 t/s avg=22.23 t/s 24.744s
0824 01:07:30 ds4-server: chat ctx=703..753:50 gen=600 THINKING decoding chunk=21.37 t/s avg=22.15 t/s 27.084s
0824 01:07:33 ds4-server: chat ctx=753..803:50 gen=650 THINKING decoding chunk=21.29 t/s avg=22.08 t/s 29.432s
0824 01:07:35 ds4-server: chat ctx=803..853:50 gen=700 THINKING decoding chunk=21.14 t/s avg=22.01 t/s 31.797s
0824 01:07:37 ds4-server: chat ctx=853..903:50 gen=750 THINKING decoding chunk=20.99 t/s avg=21.94 t/s 34.179s
0824 01:07:40 ds4-server: chat ctx=903..953:50 gen=800 THINKING decoding chunk=20.84 t/s avg=21.87 t/s 36.578s
0824 01:07:42 ds4-server: chat ctx=953..1003:50 gen=850 THINKING decoding chunk=20.72 t/s avg=21.80 t/s 38.991s
0824 01:07:45 ds4-server: chat ctx=1003..1053:50 gen=900 THINKING decoding chunk=20.59 t/s avg=21.73 t/s 41.419s
0824 01:07:47 ds4-server: chat ctx=1053..1103:50 gen=950 THINKING decoding chunk=20.49 t/s avg=21.66 t/s 43.859s
0824 01:07:50 ds4-server: chat ctx=1103..1153:50 gen=1000 THINKING decoding chunk=20.35 t/s avg=21.59 t/s 46.316s
0824 01:07:52 ds4-server: chat ctx=1153..1203:50 gen=1050 THINKING decoding chunk=20.29 t/s avg=21.53 t/s 48.780s
0824 01:07:55 ds4-server: chat ctx=1203..1253:50 gen=1100 THINKING decoding chunk=20.11 t/s avg=21.46 t/s 51.267s
0824 01:07:57 ds4-server: chat ctx=1253..1303:50 gen=1150 THINKING decoding chunk=19.99 t/s avg=21.39 t/s 53.768s
0824 01:08:00 ds4-server: chat ctx=1303..1353:50 gen=1200 THINKING decoding chunk=19.87 t/s avg=21.32 t/s 56.285s
0824 01:08:02 ds4-server: chat ctx=1353..1403:50 gen=1250 THINKING decoding chunk=19.83 t/s avg=21.26 t/s 58.807s
0824 01:08:05 ds4-server: chat ctx=1403..1453:50 gen=1300 THINKING decoding chunk=19.65 t/s avg=21.19 t/s 61.352s
0824 01:08:07 ds4-server: chat ctx=1453..1503:50 gen=1350 THINKING decoding chunk=19.58 t/s avg=21.12 t/s 63.906s
0824 01:08:10 ds4-server: chat ctx=1503..1553:50 gen=1400 THINKING decoding chunk=19.54 t/s avg=21.06 t/s 66.464s
0824 01:08:12 ds4-server: chat ctx=1553..1603:50 gen=1450 THINKING decoding chunk=19.38 t/s avg=21.00 t/s 69.044s
0824 01:08:15 ds4-server: chat ctx=1603..1653:50 gen=1500 THINKING decoding chunk=19.22 t/s avg=20.94 t/s 71.645s
0824 01:08:18 ds4-server: chat ctx=1653..1703:50 gen=1550 THINKING decoding chunk=19.11 t/s avg=20.87 t/s 74.262s
0824 01:08:20 ds4-server: chat ctx=1703..1753:50 gen=1600 THINKING decoding chunk=19.02 t/s avg=20.81 t/s 76.891s
0824 01:08:23 ds4-server: chat ctx=1753..1803:50 gen=1650 THINKING decoding chunk=18.98 t/s avg=20.75 t/s 79.525s
0824 01:08:25 ds4-server: chat ctx=1803..1853:50 gen=1700 THINKING decoding chunk=18.86 t/s avg=20.69 t/s 82.176s
0824 01:08:28 ds4-server: chat ctx=1853..1903:50 gen=1750 THINKING decoding chunk=18.71 t/s avg=20.62 t/s 84.849s
0824 01:08:31 ds4-server: chat ctx=1903..1953:50 gen=1800 THINKING decoding chunk=18.59 t/s avg=20.56 t/s 87.538s
0824 01:08:33 ds4-server: chat ctx=1953..2003:50 gen=1850 THINKING decoding chunk=18.56 t/s avg=20.50 t/s 90.232s
0824 01:08:36 ds4-server: chat ctx=2003..2053:50 gen=1900 THINKING decoding chunk=18.44 t/s avg=20.44 t/s 92.943s
0824 01:08:39 ds4-server: chat ctx=2053..2103:50 gen=1950 THINKING decoding chunk=18.31 t/s avg=20.38 t/s 95.674s
0824 01:08:42 ds4-server: chat ctx=2103..2153:50 gen=2000 THINKING decoding chunk=18.23 t/s avg=20.32 t/s 98.416s
0824 01:08:44 ds4-server: chat ctx=2153..2203:50 gen=2050 THINKING decoding chunk=18.10 t/s avg=20.26 t/s 101.178s
0824 01:08:47 ds4-server: chat ctx=2203..2253:50 gen=2100 decoding chunk=18.03 t/s avg=20.20 t/s 103.952s
0824 01:08:50 ds4-server: chat ctx=2253..2303:50 gen=2150 decoding chunk=17.97 t/s avg=20.14 t/s 106.734s
0824 01:08:53 ds4-server: chat ctx=2303..2353:50 gen=2200 decoding chunk=17.88 t/s avg=20.09 t/s 109.530s
0824 01:08:53 ds4-server: chat ctx=2353..2365:12 gen=2212 decoding chunk=17.85 t/s avg=20.07 t/s 110.202s
0824 01:08:53 ds4-server: thinking live checkpoint remembered ctx=0..153:153 live=2365 visible=1087
0824 01:08:53 ds4-server: chat ctx=0..153:153 gen=2212 finish=stop 117.054s
0824 01:08:56 ds4-server: live kv cache miss live=2365 prompt=137 common=39 reason=token-mismatch
0824 01:08:56 ds4-server: chat ctx=0..137:137 prompt start
0824 01:08:56 ds4-server: chat ctx=0..137:137 prefill chunk 1/137 (0.7%) chunk=0.00 t/s avg=3.11 t/s 0.322s
0824 01:08:56 ds4-server: chat ctx=0..137:137 prefill chunk 2/137 (1.5%) chunk=22.65 t/s avg=5.47 t/s 0.366s
0824 01:08:56 ds4-server: chat ctx=0..137:137 prefill chunk 3/137 (2.2%) chunk=23.93 t/s avg=7.36 t/s 0.407s
0824 01:08:56 ds4-server: chat ctx=0..137:137 prefill chunk 4/137 (2.9%) chunk=23.52 t/s avg=8.89 t/s 0.450s
0824 01:08:56 ds4-server: chat ctx=0..137:137 prefill chunk 5/137 (3.6%) chunk=23.04 t/s avg=10.13 t/s 0.493s
0824 01:08:56 ds4-server: chat ctx=0..137:137 prefill chunk 6/137 (4.4%) chunk=23.60 t/s avg=11.20 t/s 0.536s
0824 01:08:56 ds4-server: chat ctx=0..137:137 prefill chunk 7/137 (5.1%) chunk=23.67 t/s avg=12.11 t/s 0.578s
0824 01:08:56 ds4-server: chat ctx=0..137:137 prefill chunk 8/137 (5.8%) chunk=23.57 t/s avg=12.89 t/s 0.620s
0824 01:08:57 ds4-server: chat ctx=0..137:137 prefill chunk 9/137 (6.6%) chunk=22.77 t/s avg=13.55 t/s 0.664s
0824 01:08:57 ds4-server: chat ctx=0..137:137 prefill chunk 10/137 (7.3%) chunk=23.91 t/s avg=14.16 t/s 0.706s
0824 01:08:57 ds4-server: chat ctx=0..137:137 prefill chunk 11/137 (8.0%) chunk=23.60 t/s avg=14.70 t/s 0.749s
0824 01:08:57 ds4-server: chat ctx=0..137:137 prefill chunk 12/137 (8.8%) chunk=22.85 t/s avg=15.15 t/s 0.792s
0824 01:08:57 ds4-server: chat ctx=0..137:137 prefill chunk 13/137 (9.5%) chunk=23.50 t/s avg=15.57 t/s 0.835s
0824 01:08:57 ds4-server: chat ctx=0..137:137 prefill chunk 14/137 (10.2%) chunk=23.81 t/s avg=15.97 t/s 0.877s
0824 01:08:57 ds4-server: chat ctx=0..137:137 prefill chunk 15/137 (10.9%) chunk=23.50 t/s avg=16.31 t/s 0.919s
0824 01:08:57 ds4-server: chat ctx=0..137:137 prefill chunk 16/137 (11.7%) chunk=23.08 t/s avg=16.62 t/s 0.963s
0824 01:08:57 ds4-server: chat ctx=0..137:137 prefill chunk 17/137 (12.4%) chunk=23.58 t/s avg=16.91 t/s 1.005s
0824 01:08:57 ds4-server: chat ctx=0..137:137 prefill chunk 18/137 (13.1%) chunk=23.49 t/s avg=17.18 t/s 1.048s
0824 01:08:57 ds4-server: chat ctx=0..137:137 prefill chunk 19/137 (13.9%) chunk=23.34 t/s avg=17.42 t/s 1.091s
0824 01:08:57 ds4-server: chat ctx=0..137:137 prefill chunk 20/137 (14.6%) chunk=23.10 t/s avg=17.64 t/s 1.134s
0824 01:08:57 ds4-server: chat ctx=0..137:137 prefill chunk 21/137 (15.3%) chunk=23.99 t/s avg=17.86 t/s 1.176s
0824 01:08:57 ds4-server: chat ctx=0..137:137 prefill chunk 22/137 (16.1%) chunk=23.41 t/s avg=18.06 t/s 1.218s
0824 01:08:57 ds4-server: chat ctx=0..137:137 prefill chunk 23/137 (16.8%) chunk=23.20 t/s avg=18.23 t/s 1.261s
0824 01:08:57 ds4-server: chat ctx=0..137:137 prefill chunk 24/137 (17.5%) chunk=23.62 t/s avg=18.41 t/s 1.304s
0824 01:08:57 ds4-server: chat ctx=0..137:137 prefill chunk 25/137 (18.2%) chunk=23.79 t/s avg=18.58 t/s 1.346s
0824 01:08:57 ds4-server: chat ctx=0..137:137 prefill chunk 26/137 (19.0%) chunk=23.79 t/s avg=18.73 t/s 1.388s
0824 01:08:57 ds4-server: chat ctx=0..137:137 prefill chunk 27/137 (19.7%) chunk=22.70 t/s avg=18.86 t/s 1.432s
0824 01:08:57 ds4-server: chat ctx=0..137:137 prefill chunk 28/137 (20.4%) chunk=23.90 t/s avg=19.00 t/s 1.474s
0824 01:08:57 ds4-server: chat ctx=0..137:137 prefill chunk 29/137 (21.2%) chunk=23.42 t/s avg=19.12 t/s 1.516s
0824 01:08:57 ds4-server: chat ctx=0..137:137 prefill chunk 30/137 (21.9%) chunk=22.96 t/s avg=19.23 t/s 1.560s
0824 01:08:57 ds4-server: chat ctx=0..137:137 prefill chunk 31/137 (22.6%) chunk=23.60 t/s avg=19.35 t/s 1.602s
0824 01:08:58 ds4-server: chat ctx=0..137:137 prefill chunk 32/137 (23.4%) chunk=23.86 t/s avg=19.46 t/s 1.644s
0824 01:08:58 ds4-server: chat ctx=0..137:137 prefill chunk 33/137 (24.1%) chunk=23.48 t/s avg=19.56 t/s 1.687s
0824 01:08:58 ds4-server: chat ctx=0..137:137 prefill chunk 34/137 (24.8%) chunk=22.78 t/s avg=19.65 t/s 1.731s
0824 01:08:58 ds4-server: chat ctx=0..137:137 prefill chunk 35/137 (25.5%) chunk=23.63 t/s avg=19.74 t/s 1.773s
0824 01:08:58 ds4-server: chat ctx=0..137:137 prefill chunk 36/137 (26.3%) chunk=23.43 t/s avg=19.83 t/s 1.816s
0824 01:08:58 ds4-server: chat ctx=0..137:137 prefill chunk 37/137 (27.0%) chunk=22.59 t/s avg=19.89 t/s 1.860s
0824 01:08:58 ds4-server: chat ctx=0..137:137 prefill chunk 38/137 (27.7%) chunk=23.47 t/s avg=19.97 t/s 1.903s
0824 01:08:58 ds4-server: chat ctx=0..137:137 prefill chunk 39/137 (28.5%) chunk=23.81 t/s avg=20.06 t/s 1.945s
0824 01:08:58 ds4-server: chat ctx=0..137:137 prefill chunk 40/137 (29.2%) chunk=23.56 t/s avg=20.13 t/s 1.987s
0824 01:08:58 ds4-server: chat ctx=0..137:137 prefill chunk 41/137 (29.9%) chunk=22.63 t/s avg=20.19 t/s 2.031s
0824 01:08:58 ds4-server: chat ctx=0..137:137 prefill chunk 42/137 (30.7%) chunk=23.78 t/s avg=20.26 t/s 2.073s
0824 01:08:58 ds4-server: chat ctx=0..137:137 prefill chunk 43/137 (31.4%) chunk=23.64 t/s avg=20.33 t/s 2.116s
0824 01:08:58 ds4-server: chat ctx=0..137:137 prefill chunk 44/137 (32.1%) chunk=22.81 t/s avg=20.38 t/s 2.159s
0824 01:08:58 ds4-server: chat ctx=0..137:137 prefill chunk 45/137 (32.8%) chunk=23.50 t/s avg=20.44 t/s 2.202s
0824 01:08:58 ds4-server: chat ctx=0..137:137 prefill chunk 46/137 (33.6%) chunk=23.92 t/s avg=20.50 t/s 2.244s
0824 01:08:58 ds4-server: chat ctx=0..137:137 prefill chunk 47/137 (34.3%) chunk=23.50 t/s avg=20.56 t/s 2.286s
0824 01:08:58 ds4-server: chat ctx=0..137:137 prefill chunk 48/137 (35.0%) chunk=22.59 t/s avg=20.60 t/s 2.331s
0824 01:08:58 ds4-server: chat ctx=0..137:137 prefill chunk 49/137 (35.8%) chunk=23.65 t/s avg=20.65 t/s 2.373s
0824 01:08:58 ds4-server: chat ctx=0..137:137 prefill chunk 50/137 (36.5%) chunk=23.52 t/s avg=20.70 t/s 2.415s
0824 01:08:58 ds4-server: chat ctx=0..137:137 prefill chunk 51/137 (37.2%) chunk=22.86 t/s avg=20.74 t/s 2.459s
0824 01:08:58 ds4-server: chat ctx=0..137:137 prefill chunk 52/137 (38.0%) chunk=23.36 t/s avg=20.78 t/s 2.502s
0824 01:08:58 ds4-server: chat ctx=0..137:137 prefill chunk 53/137 (38.7%) chunk=23.73 t/s avg=20.83 t/s 2.544s
0824 01:08:58 ds4-server: chat ctx=0..137:137 prefill chunk 54/137 (39.4%) chunk=23.63 t/s avg=20.88 t/s 2.586s
0824 01:08:59 ds4-server: chat ctx=0..137:137 prefill chunk 55/137 (40.1%) chunk=22.53 t/s avg=20.91 t/s 2.631s
0824 01:08:59 ds4-server: chat ctx=0..137:137 prefill chunk 56/137 (40.9%) chunk=23.59 t/s avg=20.95 t/s 2.673s
0824 01:08:59 ds4-server: chat ctx=0..137:137 prefill chunk 57/137 (41.6%) chunk=23.60 t/s avg=20.99 t/s 2.715s
0824 01:08:59 ds4-server: chat ctx=0..137:137 prefill chunk 58/137 (42.3%) chunk=23.36 t/s avg=21.03 t/s 2.758s
0824 01:08:59 ds4-server: chat ctx=0..137:137 prefill chunk 59/137 (43.1%) chunk=23.27 t/s avg=21.06 t/s 2.801s
0824 01:08:59 ds4-server: chat ctx=0..137:137 prefill chunk 60/137 (43.8%) chunk=23.82 t/s avg=21.10 t/s 2.843s
0824 01:08:59 ds4-server: chat ctx=0..137:137 prefill chunk 61/137 (44.5%) chunk=23.31 t/s avg=21.14 t/s 2.886s
0824 01:08:59 ds4-server: chat ctx=0..137:137 prefill chunk 62/137 (45.3%) chunk=23.03 t/s avg=21.16 t/s 2.930s
0824 01:08:59 ds4-server: chat ctx=0..137:137 prefill chunk 63/137 (46.0%) chunk=23.66 t/s avg=21.20 t/s 2.972s
0824 01:08:59 ds4-server: chat ctx=0..137:137 prefill chunk 64/137 (46.7%) chunk=23.37 t/s avg=21.23 t/s 3.015s
0824 01:08:59 ds4-server: chat ctx=0..137:137 prefill chunk 65/137 (47.4%) chunk=23.37 t/s avg=21.26 t/s 3.057s
0824 01:08:59 ds4-server: chat ctx=0..137:137 prefill chunk 66/137 (48.2%) chunk=22.92 t/s avg=21.28 t/s 3.101s
0824 01:08:59 ds4-server: chat ctx=0..137:137 prefill chunk 67/137 (48.9%) chunk=23.56 t/s avg=21.31 t/s 3.143s
0824 01:08:59 ds4-server: chat ctx=0..137:137 prefill chunk 68/137 (49.6%) chunk=23.33 t/s avg=21.34 t/s 3.186s
0824 01:08:59 ds4-server: chat ctx=0..137:137 prefill chunk 69/137 (50.4%) chunk=22.52 t/s avg=21.36 t/s 3.231s
0824 01:08:59 ds4-server: chat ctx=0..137:137 prefill chunk 70/137 (51.1%) chunk=23.81 t/s avg=21.39 t/s 3.273s
0824 01:08:59 ds4-server: chat ctx=0..137:137 prefill chunk 71/137 (51.8%) chunk=23.40 t/s avg=21.41 t/s 3.316s
0824 01:08:59 ds4-server: chat ctx=0..137:137 prefill chunk 72/137 (52.6%) chunk=22.69 t/s avg=21.43 t/s 3.360s
0824 01:08:59 ds4-server: chat ctx=0..137:137 prefill chunk 73/137 (53.3%) chunk=23.57 t/s avg=21.46 t/s 3.402s
0824 01:08:59 ds4-server: chat ctx=0..137:137 prefill chunk 74/137 (54.0%) chunk=23.58 t/s avg=21.48 t/s 3.444s
0824 01:08:59 ds4-server: chat ctx=0..137:137 prefill chunk 75/137 (54.7%) chunk=23.40 t/s avg=21.51 t/s 3.487s
0824 01:08:59 ds4-server: chat ctx=0..137:137 prefill chunk 76/137 (55.5%) chunk=22.39 t/s avg=21.52 t/s 3.532s
0824 01:08:59 ds4-server: chat ctx=0..137:137 prefill chunk 77/137 (56.2%) chunk=23.74 t/s avg=21.54 t/s 3.574s
0824 01:08:59 ds4-server: chat ctx=0..137:137 prefill chunk 78/137 (56.9%) chunk=23.50 t/s avg=21.57 t/s 3.616s
0824 01:09:00 ds4-server: chat ctx=0..137:137 prefill chunk 79/137 (57.7%) chunk=22.55 t/s avg=21.58 t/s 3.661s
0824 01:09:00 ds4-server: chat ctx=0..137:137 prefill chunk 80/137 (58.4%) chunk=23.50 t/s avg=21.60 t/s 3.703s
0824 01:09:00 ds4-server: chat ctx=0..137:137 prefill chunk 81/137 (59.1%) chunk=23.90 t/s avg=21.63 t/s 3.745s
0824 01:09:00 ds4-server: chat ctx=0..137:137 prefill chunk 82/137 (59.9%) chunk=23.06 t/s avg=21.64 t/s 3.789s
0824 01:09:00 ds4-server: chat ctx=0..137:137 prefill chunk 83/137 (60.6%) chunk=22.97 t/s avg=21.66 t/s 3.832s
0824 01:09:00 ds4-server: chat ctx=0..137:137 prefill chunk 84/137 (61.3%) chunk=23.60 t/s avg=21.68 t/s 3.875s
0824 01:09:00 ds4-server: chat ctx=0..137:137 prefill chunk 85/137 (62.0%) chunk=23.31 t/s avg=21.70 t/s 3.917s
0824 01:09:00 ds4-server: chat ctx=0..137:137 prefill chunk 86/137 (62.8%) chunk=22.98 t/s avg=21.71 t/s 3.961s
0824 01:09:00 ds4-server: chat ctx=0..137:137 prefill chunk 87/137 (63.5%) chunk=23.56 t/s avg=21.73 t/s 4.003s
0824 01:09:00 ds4-server: chat ctx=0..137:137 prefill chunk 88/137 (64.2%) chunk=23.84 t/s avg=21.75 t/s 4.045s
0824 01:09:00 ds4-server: chat ctx=0..137:137 prefill chunk 89/137 (65.0%) chunk=23.08 t/s avg=21.77 t/s 4.089s
0824 01:09:00 ds4-server: chat ctx=0..137:137 prefill chunk 90/137 (65.7%) chunk=22.83 t/s avg=21.78 t/s 4.132s
0824 01:09:00 ds4-server: chat ctx=0..137:137 prefill chunk 91/137 (66.4%) chunk=23.87 t/s avg=21.80 t/s 4.174s
0824 01:09:00 ds4-server: chat ctx=0..137:137 prefill chunk 92/137 (67.2%) chunk=23.48 t/s avg=21.82 t/s 4.217s
0824 01:09:00 ds4-server: chat ctx=0..137:137 prefill chunk 93/137 (67.9%) chunk=22.99 t/s avg=21.83 t/s 4.260s
0824 01:09:00 ds4-server: chat ctx=0..137:137 prefill chunk 94/137 (68.6%) chunk=23.25 t/s avg=21.84 t/s 4.303s
0824 01:09:00 ds4-server: chat ctx=0..137:137 prefill chunk 95/137 (69.3%) chunk=23.54 t/s avg=21.86 t/s 4.346s
0824 01:09:00 ds4-server: chat ctx=0..137:137 prefill chunk 96/137 (70.1%) chunk=23.95 t/s avg=21.88 t/s 4.388s
0824 01:09:00 ds4-server: chat ctx=0..137:137 prefill chunk 97/137 (70.8%) chunk=22.67 t/s avg=21.89 t/s 4.432s
0824 01:09:00 ds4-server: chat ctx=0..137:137 prefill chunk 98/137 (71.5%) chunk=23.58 t/s avg=21.90 t/s 4.474s
0824 01:09:00 ds4-server: chat ctx=0..137:137 prefill chunk 99/137 (72.3%) chunk=23.51 t/s avg=21.92 t/s 4.517s
0824 01:09:00 ds4-server: chat ctx=0..137:137 prefill chunk 100/137 (73.0%) chunk=22.82 t/s avg=21.93 t/s 4.561s
0824 01:09:00 ds4-server: chat ctx=0..137:137 prefill chunk 101/137 (73.7%) chunk=23.61 t/s avg=21.94 t/s 4.603s
0824 01:09:01 ds4-server: chat ctx=0..137:137 prefill chunk 102/137 (74.5%) chunk=23.66 t/s avg=21.96 t/s 4.645s
0824 01:09:01 ds4-server: chat ctx=0..137:137 prefill chunk 103/137 (75.2%) chunk=23.47 t/s avg=21.97 t/s 4.688s
0824 01:09:01 ds4-server: chat ctx=0..137:137 prefill chunk 104/137 (75.9%) chunk=22.64 t/s avg=21.98 t/s 4.732s
0824 01:09:01 ds4-server: chat ctx=0..137:137 prefill chunk 105/137 (76.6%) chunk=23.60 t/s avg=21.99 t/s 4.774s
0824 01:09:01 ds4-server: chat ctx=0..137:137 prefill chunk 106/137 (77.4%) chunk=23.44 t/s avg=22.01 t/s 4.817s
0824 01:09:01 ds4-server: chat ctx=0..137:137 prefill chunk 107/137 (78.1%) chunk=22.71 t/s avg=22.01 t/s 4.861s
0824 01:09:01 ds4-server: chat ctx=0..137:137 prefill chunk 108/137 (78.8%) chunk=23.39 t/s avg=22.02 t/s 4.904s
0824 01:09:01 ds4-server: chat ctx=0..137:137 prefill chunk 109/137 (79.6%) chunk=23.51 t/s avg=22.04 t/s 4.946s
0824 01:09:01 ds4-server: chat ctx=0..137:137 prefill chunk 110/137 (80.3%) chunk=23.75 t/s avg=22.05 t/s 4.988s
0824 01:09:01 ds4-server: chat ctx=0..137:137 prefill chunk 111/137 (81.0%) chunk=22.84 t/s avg=22.06 t/s 5.032s
0824 01:09:01 ds4-server: chat ctx=0..137:137 prefill chunk 112/137 (81.8%) chunk=23.71 t/s avg=22.07 t/s 5.074s
0824 01:09:01 ds4-server: chat ctx=0..137:137 prefill chunk 113/137 (82.5%) chunk=23.54 t/s avg=22.08 t/s 5.117s
0824 01:09:01 ds4-server: chat ctx=0..137:137 prefill chunk 114/137 (83.2%) chunk=22.82 t/s avg=22.09 t/s 5.161s
0824 01:09:01 ds4-server: chat ctx=0..137:137 prefill chunk 115/137 (83.9%) chunk=23.41 t/s avg=22.10 t/s 5.203s
0824 01:09:01 ds4-server: chat ctx=0..137:137 prefill chunk 116/137 (84.7%) chunk=23.60 t/s avg=22.11 t/s 5.246s
0824 01:09:01 ds4-server: chat ctx=0..137:137 prefill chunk 117/137 (85.4%) chunk=23.06 t/s avg=22.12 t/s 5.289s
0824 01:09:01 ds4-server: chat ctx=0..137:137 prefill chunk 118/137 (86.1%) chunk=22.90 t/s avg=22.13 t/s 5.333s
0824 01:09:01 ds4-server: chat ctx=0..137:137 prefill chunk 119/137 (86.9%) chunk=23.75 t/s avg=22.14 t/s 5.375s
0824 01:09:01 ds4-server: chat ctx=0..137:137 prefill chunk 120/137 (87.6%) chunk=23.58 t/s avg=22.15 t/s 5.417s
0824 01:09:01 ds4-server: chat ctx=0..137:137 prefill chunk 121/137 (88.3%) chunk=22.92 t/s avg=22.16 t/s 5.461s
0824 01:09:01 ds4-server: chat ctx=0..137:137 prefill chunk 122/137 (89.1%) chunk=23.30 t/s avg=22.17 t/s 5.504s
0824 01:09:01 ds4-server: chat ctx=0..137:137 prefill chunk 123/137 (89.8%) chunk=23.38 t/s avg=22.18 t/s 5.547s
0824 01:09:01 ds4-server: chat ctx=0..137:137 prefill chunk 124/137 (90.5%) chunk=22.97 t/s avg=22.18 t/s 5.590s
0824 01:09:02 ds4-server: chat ctx=0..137:137 prefill chunk 125/137 (91.2%) chunk=22.66 t/s avg=22.19 t/s 5.634s
0824 01:09:02 ds4-server: chat ctx=0..137:137 prefill chunk 126/137 (92.0%) chunk=23.43 t/s avg=22.19 t/s 5.677s
0824 01:09:02 ds4-server: chat ctx=0..137:137 prefill chunk 127/137 (92.7%) chunk=23.30 t/s avg=22.20 t/s 5.720s
0824 01:09:02 ds4-server: chat ctx=0..137:137 prefill chunk 128/137 (93.4%) chunk=22.41 t/s avg=22.20 t/s 5.765s
0824 01:09:02 ds4-server: chat ctx=0..137:137 prefill chunk 129/137 (94.2%) chunk=23.42 t/s avg=22.21 t/s 5.807s
0824 01:09:02 ds4-server: chat ctx=0..137:137 prefill chunk 130/137 (94.9%) chunk=23.42 t/s avg=22.22 t/s 5.850s
0824 01:09:02 ds4-server: chat ctx=0..137:137 prefill chunk 131/137 (95.6%) chunk=22.53 t/s avg=22.22 t/s 5.894s
0824 01:09:02 ds4-server: chat ctx=0..137:137 prefill chunk 132/137 (96.4%) chunk=23.26 t/s avg=22.23 t/s 5.937s
0824 01:09:02 ds4-server: chat ctx=0..137:137 prefill chunk 133/137 (97.1%) chunk=23.63 t/s avg=22.24 t/s 5.980s
0824 01:09:02 ds4-server: chat ctx=0..137:137 prefill chunk 134/137 (97.8%) chunk=23.06 t/s avg=22.25 t/s 6.023s
0824 01:09:02 ds4-server: chat ctx=0..137:137 prefill chunk 135/137 (98.5%) chunk=22.96 t/s avg=22.25 t/s 6.067s
0824 01:09:02 ds4-server: chat ctx=0..137:137 prefill chunk 136/137 (99.3%) chunk=23.59 t/s avg=22.26 t/s 6.109s
0824 01:09:02 ds4-server: chat ctx=0..137:137 prefill chunk 137/137 (100.0%) chunk=23.30 t/s avg=22.27 t/s 6.152s
0824 01:09:02 ds4-server: chat ctx=0..137:137 prompt done 6.152s
0824 01:09:04 ds4-server: chat ctx=137..187:50 gen=50 THINKING decoding chunk=23.02 t/s avg=23.02 t/s 2.172s
0824 01:09:06 ds4-server: chat ctx=187..237:50 gen=100 THINKING decoding chunk=22.87 t/s avg=22.95 t/s 4.358s
0824 01:09:09 ds4-server: chat ctx=237..287:50 gen=150 THINKING decoding chunk=22.71 t/s avg=22.87 t/s 6.560s
0824 01:09:11 ds4-server: chat ctx=287..337:50 gen=200 THINKING decoding chunk=22.59 t/s avg=22.80 t/s 8.773s
0824 01:09:13 ds4-server: chat ctx=337..387:50 gen=250 THINKING decoding chunk=22.40 t/s avg=22.72 t/s 11.006s
0824 01:09:15 ds4-server: chat ctx=387..437:50 gen=300 THINKING decoding chunk=22.25 t/s avg=22.64 t/s 13.253s
0824 01:09:18 ds4-server: chat ctx=437..487:50 gen=350 THINKING decoding chunk=22.09 t/s avg=22.56 t/s 15.516s
0824 01:09:20 ds4-server: chat ctx=487..537:50 gen=400 THINKING decoding chunk=22.02 t/s avg=22.49 t/s 17.787s
0824 01:09:22 ds4-server: chat ctx=537..587:50 gen=450 THINKING decoding chunk=21.89 t/s avg=22.42 t/s 20.071s
0824 01:09:24 ds4-server: chat ctx=587..637:50 gen=500 THINKING decoding chunk=21.69 t/s avg=22.35 t/s 22.376s
0824 01:09:27 ds4-server: chat ctx=637..687:50 gen=550 THINKING decoding chunk=21.60 t/s avg=22.27 t/s 24.691s
0824 01:09:29 ds4-server: chat ctx=687..737:50 gen=600 THINKING decoding chunk=21.42 t/s avg=22.20 t/s 27.026s
0824 01:09:31 ds4-server: chat ctx=737..787:50 gen=650 THINKING decoding chunk=21.29 t/s avg=22.13 t/s 29.374s
0824 01:09:34 ds4-server: chat ctx=787..837:50 gen=700 THINKING decoding chunk=21.21 t/s avg=22.06 t/s 31.732s
0824 01:09:36 ds4-server: chat ctx=837..887:50 gen=750 THINKING decoding chunk=21.01 t/s avg=21.99 t/s 34.112s
0824 01:09:39 ds4-server: chat ctx=887..937:50 gen=800 THINKING decoding chunk=20.87 t/s avg=21.91 t/s 36.508s
0824 01:09:41 ds4-server: chat ctx=937..987:50 gen=850 THINKING decoding chunk=20.77 t/s avg=21.84 t/s 38.915s
0824 01:09:43 ds4-server: chat ctx=987..1037:50 gen=900 THINKING decoding chunk=20.66 t/s avg=21.77 t/s 41.335s
0824 01:09:46 ds4-server: chat ctx=1037..1087:50 gen=950 THINKING decoding chunk=20.74 t/s avg=21.72 t/s 43.747s
0824 01:09:48 ds4-server: chat ctx=1087..1137:50 gen=1000 THINKING decoding chunk=20.46 t/s avg=21.65 t/s 46.191s
0824 01:09:51 ds4-server: chat ctx=1137..1187:50 gen=1050 THINKING decoding chunk=20.24 t/s avg=21.58 t/s 48.661s
0824 01:09:53 ds4-server: chat ctx=1187..1237:50 gen=1100 THINKING decoding chunk=20.16 t/s avg=21.51 t/s 51.141s
0824 01:09:56 ds4-server: chat ctx=1237..1287:50 gen=1150 THINKING decoding chunk=20.09 t/s avg=21.44 t/s 53.630s
0824 01:09:58 ds4-server: chat ctx=1287..1337:50 gen=1200 THINKING decoding chunk=19.92 t/s avg=21.38 t/s 56.140s
0824 01:10:01 ds4-server: chat ctx=1337..1387:50 gen=1250 THINKING decoding chunk=19.79 t/s avg=21.31 t/s 58.666s
0824 01:10:03 ds4-server: chat ctx=1387..1437:50 gen=1300 THINKING decoding chunk=19.69 t/s avg=21.24 t/s 61.206s
0824 01:10:06 ds4-server: chat ctx=1437..1487:50 gen=1350 THINKING decoding chunk=19.57 t/s avg=21.17 t/s 63.761s
0824 01:10:08 ds4-server: chat ctx=1487..1537:50 gen=1400 THINKING decoding chunk=19.49 t/s avg=21.11 t/s 66.327s
0824 01:10:11 ds4-server: chat ctx=1537..1587:50 gen=1450 THINKING decoding chunk=19.35 t/s avg=21.04 t/s 68.911s
0824 01:10:14 ds4-server: chat ctx=1587..1637:50 gen=1500 THINKING decoding chunk=19.28 t/s avg=20.98 t/s 71.504s
0824 01:10:16 ds4-server: chat ctx=1637..1687:50 gen=1550 THINKING decoding chunk=19.16 t/s avg=20.91 t/s 74.114s
0824 01:10:19 ds4-server: chat ctx=1687..1737:50 gen=1600 THINKING decoding chunk=19.08 t/s avg=20.85 t/s 76.735s
0824 01:10:21 ds4-server: chat ctx=1737..1787:50 gen=1650 THINKING decoding chunk=18.94 t/s avg=20.79 t/s 79.374s
0824 01:10:24 ds4-server: chat ctx=1787..1837:50 gen=1700 THINKING decoding chunk=18.89 t/s avg=20.73 t/s 82.022s
0824 01:10:27 ds4-server: chat ctx=1837..1887:50 gen=1750 THINKING decoding chunk=18.79 t/s avg=20.67 t/s 84.683s
0824 01:10:29 ds4-server: chat ctx=1887..1937:50 gen=1800 decoding chunk=18.68 t/s avg=20.60 t/s 87.359s
0824 01:10:31 ds4-server: chat ctx=1937..1960:23 gen=1823 decoding chunk=18.59 t/s avg=20.58 t/s 88.596s
0824 01:10:31 ds4-server: thinking live checkpoint remembered ctx=0..137:137 live=1960 visible=771
0824 01:10:31 ds4-server: chat ctx=0..137:137 gen=1823 finish=stop 94.748s
0824 01:10:33 ds4-server: live kv cache miss live=1960 prompt=187 common=30 reason=token-mismatch
0824 01:10:33 ds4-server: chat ctx=0..187:187 prompt start
0824 01:10:33 ds4-server: chat ctx=0..187:187 prefill chunk 1/187 (0.5%) chunk=0.00 t/s avg=3.12 t/s 0.320s
0824 01:10:33 ds4-server: chat ctx=0..187:187 prefill chunk 2/187 (1.1%) chunk=23.84 t/s avg=5.52 t/s 0.362s
0824 01:10:33 ds4-server: chat ctx=0..187:187 prefill chunk 3/187 (1.6%) chunk=23.93 t/s avg=7.43 t/s 0.404s
0824 01:10:33 ds4-server: chat ctx=0..187:187 prefill chunk 4/187 (2.1%) chunk=23.09 t/s avg=8.95 t/s 0.447s
0824 01:10:34 ds4-server: chat ctx=0..187:187 prefill chunk 5/187 (2.7%) chunk=23.16 t/s avg=10.20 t/s 0.490s
0824 01:10:34 ds4-server: chat ctx=0..187:187 prefill chunk 6/187 (3.2%) chunk=23.83 t/s avg=11.27 t/s 0.532s
0824 01:10:34 ds4-server: chat ctx=0..187:187 prefill chunk 7/187 (3.7%) chunk=23.32 t/s avg=12.17 t/s 0.575s
0824 01:10:34 ds4-server: chat ctx=0..187:187 prefill chunk 8/187 (4.3%) chunk=22.98 t/s avg=12.93 t/s 0.619s
0824 01:10:34 ds4-server: chat ctx=0..187:187 prefill chunk 9/187 (4.8%) chunk=23.59 t/s avg=13.61 t/s 0.661s
0824 01:10:34 ds4-server: chat ctx=0..187:187 prefill chunk 10/187 (5.3%) chunk=23.66 t/s avg=14.22 t/s 0.703s
0824 01:10:34 ds4-server: chat ctx=0..187:187 prefill chunk 11/187 (5.9%) chunk=22.92 t/s avg=14.73 t/s 0.747s
0824 01:10:34 ds4-server: chat ctx=0..187:187 prefill chunk 12/187 (6.4%) chunk=23.06 t/s avg=15.18 t/s 0.790s
0824 01:10:34 ds4-server: chat ctx=0..187:187 prefill chunk 13/187 (7.0%) chunk=23.77 t/s avg=15.62 t/s 0.832s
0824 01:10:34 ds4-server: chat ctx=0..187:187 prefill chunk 14/187 (7.5%) chunk=23.53 t/s avg=16.00 t/s 0.875s
0824 01:10:34 ds4-server: chat ctx=0..187:187 prefill chunk 15/187 (8.0%) chunk=22.95 t/s avg=16.33 t/s 0.918s
0824 01:10:34 ds4-server: chat ctx=0..187:187 prefill chunk 16/187 (8.6%) chunk=23.47 t/s avg=16.65 t/s 0.961s
0824 01:10:34 ds4-server: chat ctx=0..187:187 prefill chunk 17/187 (9.1%) chunk=23.79 t/s avg=16.95 t/s 1.003s
0824 01:10:34 ds4-server: chat ctx=0..187:187 prefill chunk 18/187 (9.6%) chunk=23.15 t/s avg=17.20 t/s 1.046s
0824 01:10:34 ds4-server: chat ctx=0..187:187 prefill chunk 19/187 (10.2%) chunk=22.80 t/s avg=17.43 t/s 1.090s
0824 01:10:34 ds4-server: chat ctx=0..187:187 prefill chunk 20/187 (10.7%) chunk=23.62 t/s avg=17.66 t/s 1.133s
0824 01:10:34 ds4-server: chat ctx=0..187:187 prefill chunk 21/187 (11.2%) chunk=23.14 t/s avg=17.86 t/s 1.176s
0824 01:10:34 ds4-server: chat ctx=0..187:187 prefill chunk 22/187 (11.8%) chunk=22.99 t/s avg=18.04 t/s 1.219s
0824 01:10:34 ds4-server: chat ctx=0..187:187 prefill chunk 23/187 (12.3%) chunk=24.02 t/s avg=18.24 t/s 1.261s
0824 01:10:34 ds4-server: chat ctx=0..187:187 prefill chunk 24/187 (12.8%) chunk=23.63 t/s avg=18.42 t/s 1.303s
0824 01:10:34 ds4-server: chat ctx=0..187:187 prefill chunk 25/187 (13.4%) chunk=23.08 t/s avg=18.57 t/s 1.346s
0824 01:10:34 ds4-server: chat ctx=0..187:187 prefill chunk 26/187 (13.9%) chunk=23.33 t/s avg=18.71 t/s 1.389s
0824 01:10:34 ds4-server: chat ctx=0..187:187 prefill chunk 27/187 (14.4%) chunk=23.75 t/s avg=18.86 t/s 1.431s
0824 01:10:34 ds4-server: chat ctx=0..187:187 prefill chunk 28/187 (15.0%) chunk=23.29 t/s avg=18.99 t/s 1.474s
0824 01:10:35 ds4-server: chat ctx=0..187:187 prefill chunk 29/187 (15.5%) chunk=22.88 t/s avg=19.10 t/s 1.518s
0824 01:10:35 ds4-server: chat ctx=0..187:187 prefill chunk 30/187 (16.0%) chunk=23.34 t/s avg=19.22 t/s 1.561s
0824 01:10:35 ds4-server: chat ctx=0..187:187 prefill chunk 31/187 (16.6%) chunk=23.75 t/s avg=19.34 t/s 1.603s
0824 01:10:35 ds4-server: chat ctx=0..187:187 prefill chunk 32/187 (17.1%) chunk=23.06 t/s avg=19.44 t/s 1.646s
0824 01:10:35 ds4-server: chat ctx=0..187:187 prefill chunk 33/187 (17.6%) chunk=23.02 t/s avg=19.53 t/s 1.690s
0824 01:10:35 ds4-server: chat ctx=0..187:187 prefill chunk 34/187 (18.2%) chunk=23.63 t/s avg=19.63 t/s 1.732s
0824 01:10:35 ds4-server: chat ctx=0..187:187 prefill chunk 35/187 (18.7%) chunk=23.49 t/s avg=19.72 t/s 1.775s
0824 01:10:35 ds4-server: chat ctx=0..187:187 prefill chunk 36/187 (19.3%) chunk=22.86 t/s avg=19.80 t/s 1.818s
0824 01:10:35 ds4-server: chat ctx=0..187:187 prefill chunk 37/187 (19.8%) chunk=23.68 t/s avg=19.88 t/s 1.861s
0824 01:10:35 ds4-server: chat ctx=0..187:187 prefill chunk 38/187 (20.3%) chunk=23.59 t/s avg=19.97 t/s 1.903s
0824 01:10:35 ds4-server: chat ctx=0..187:187 prefill chunk 39/187 (20.9%) chunk=22.97 t/s avg=20.03 t/s 1.947s
0824 01:10:35 ds4-server: chat ctx=0..187:187 prefill chunk 40/187 (21.4%) chunk=22.96 t/s avg=20.10 t/s 1.990s
0824 01:10:35 ds4-server: chat ctx=0..187:187 prefill chunk 41/187 (21.9%) chunk=23.67 t/s avg=20.17 t/s 2.032s
0824 01:10:35 ds4-server: chat ctx=0..187:187 prefill chunk 42/187 (22.5%) chunk=23.29 t/s avg=20.24 t/s 2.075s
0824 01:10:35 ds4-server: chat ctx=0..187:187 prefill chunk 43/187 (23.0%) chunk=22.61 t/s avg=20.29 t/s 2.120s
0824 01:10:35 ds4-server: chat ctx=0..187:187 prefill chunk 44/187 (23.5%) chunk=23.70 t/s avg=20.35 t/s 2.162s
0824 01:10:35 ds4-server: chat ctx=0..187:187 prefill chunk 45/187 (24.1%) chunk=23.50 t/s avg=20.41 t/s 2.204s
0824 01:10:35 ds4-server: chat ctx=0..187:187 prefill chunk 46/187 (24.6%) chunk=22.37 t/s avg=20.45 t/s 2.249s
0824 01:10:35 ds4-server: chat ctx=0..187:187 prefill chunk 47/187 (25.1%) chunk=23.31 t/s avg=20.51 t/s 2.292s
0824 01:10:35 ds4-server: chat ctx=0..187:187 prefill chunk 48/187 (25.7%) chunk=24.05 t/s avg=20.57 t/s 2.334s
0824 01:10:35 ds4-server: chat ctx=0..187:187 prefill chunk 49/187 (26.2%) chunk=23.47 t/s avg=20.62 t/s 2.376s
0824 01:10:35 ds4-server: chat ctx=0..187:187 prefill chunk 50/187 (26.7%) chunk=22.59 t/s avg=20.66 t/s 2.420s
0824 01:10:35 ds4-server: chat ctx=0..187:187 prefill chunk 51/187 (27.3%) chunk=23.75 t/s avg=20.71 t/s 2.462s
0824 01:10:36 ds4-server: chat ctx=0..187:187 prefill chunk 52/187 (27.8%) chunk=23.78 t/s avg=20.76 t/s 2.505s
0824 01:10:36 ds4-server: chat ctx=0..187:187 prefill chunk 53/187 (28.3%) chunk=22.45 t/s avg=20.79 t/s 2.549s
0824 01:10:36 ds4-server: chat ctx=0..187:187 prefill chunk 54/187 (28.9%) chunk=23.40 t/s avg=20.83 t/s 2.592s
0824 01:10:36 ds4-server: chat ctx=0..187:187 prefill chunk 55/187 (29.4%) chunk=23.74 t/s avg=20.88 t/s 2.634s
0824 01:10:36 ds4-server: chat ctx=0..187:187 prefill chunk 56/187 (29.9%) chunk=23.45 t/s avg=20.92 t/s 2.677s
0824 01:10:36 ds4-server: chat ctx=0..187:187 prefill chunk 57/187 (30.5%) chunk=22.52 t/s avg=20.95 t/s 2.721s
0824 01:10:36 ds4-server: chat ctx=0..187:187 prefill chunk 58/187 (31.0%) chunk=23.44 t/s avg=20.99 t/s 2.764s
0824 01:10:36 ds4-server: chat ctx=0..187:187 prefill chunk 59/187 (31.6%) chunk=23.72 t/s avg=21.03 t/s 2.806s
0824 01:10:36 ds4-server: chat ctx=0..187:187 prefill chunk 60/187 (32.1%) chunk=22.44 t/s avg=21.05 t/s 2.850s
0824 01:10:36 ds4-server: chat ctx=0..187:187 prefill chunk 61/187 (32.6%) chunk=23.60 t/s avg=21.09 t/s 2.893s
0824 01:10:36 ds4-server: chat ctx=0..187:187 prefill chunk 62/187 (33.2%) chunk=23.59 t/s avg=21.12 t/s 2.935s
0824 01:10:36 ds4-server: chat ctx=0..187:187 prefill chunk 63/187 (33.7%) chunk=23.33 t/s avg=21.16 t/s 2.978s
0824 01:10:36 ds4-server: chat ctx=0..187:187 prefill chunk 64/187 (34.2%) chunk=22.45 t/s avg=21.17 t/s 3.023s
0824 01:10:36 ds4-server: chat ctx=0..187:187 prefill chunk 65/187 (34.8%) chunk=23.75 t/s avg=21.21 t/s 3.065s
0824 01:10:36 ds4-server: chat ctx=0..187:187 prefill chunk 66/187 (35.3%) chunk=23.38 t/s avg=21.24 t/s 3.107s
0824 01:10:36 ds4-server: chat ctx=0..187:187 prefill chunk 67/187 (35.8%) chunk=22.78 t/s avg=21.26 t/s 3.151s
0824 01:10:36 ds4-server: chat ctx=0..187:187 prefill chunk 68/187 (36.4%) chunk=23.71 t/s avg=21.29 t/s 3.193s
0824 01:10:36 ds4-server: chat ctx=0..187:187 prefill chunk 69/187 (36.9%) chunk=23.69 t/s avg=21.32 t/s 3.236s
0824 01:10:36 ds4-server: chat ctx=0..187:187 prefill chunk 70/187 (37.4%) chunk=23.61 t/s avg=21.35 t/s 3.278s
0824 01:10:36 ds4-server: chat ctx=0..187:187 prefill chunk 71/187 (38.0%) chunk=22.75 t/s avg=21.37 t/s 3.322s
0824 01:10:36 ds4-server: chat ctx=0..187:187 prefill chunk 72/187 (38.5%) chunk=23.82 t/s avg=21.40 t/s 3.364s
0824 01:10:36 ds4-server: chat ctx=0..187:187 prefill chunk 73/187 (39.0%) chunk=23.43 t/s avg=21.43 t/s 3.407s
0824 01:10:36 ds4-server: chat ctx=0..187:187 prefill chunk 74/187 (39.6%) chunk=22.65 t/s avg=21.44 t/s 3.451s
0824 01:10:37 ds4-server: chat ctx=0..187:187 prefill chunk 75/187 (40.1%) chunk=23.55 t/s avg=21.47 t/s 3.493s
0824 01:10:37 ds4-server: chat ctx=0..187:187 prefill chunk 76/187 (40.6%) chunk=23.65 t/s avg=21.50 t/s 3.536s
0824 01:10:37 ds4-server: chat ctx=0..187:187 prefill chunk 77/187 (41.2%) chunk=23.54 t/s avg=21.52 t/s 3.578s
0824 01:10:37 ds4-server: chat ctx=0..187:187 prefill chunk 78/187 (41.7%) chunk=22.50 t/s avg=21.53 t/s 3.622s
0824 01:10:37 ds4-server: chat ctx=0..187:187 prefill chunk 79/187 (42.2%) chunk=23.73 t/s avg=21.56 t/s 3.665s
0824 01:10:37 ds4-server: chat ctx=0..187:187 prefill chunk 80/187 (42.8%) chunk=23.29 t/s avg=21.58 t/s 3.708s
0824 01:10:37 ds4-server: chat ctx=0..187:187 prefill chunk 81/187 (43.3%) chunk=22.92 t/s avg=21.59 t/s 3.751s
0824 01:10:37 ds4-server: chat ctx=0..187:187 prefill chunk 82/187 (43.9%) chunk=23.40 t/s avg=21.61 t/s 3.794s
0824 01:10:37 ds4-server: chat ctx=0..187:187 prefill chunk 83/187 (44.4%) chunk=23.62 t/s avg=21.64 t/s 3.836s
0824 01:10:37 ds4-server: chat ctx=0..187:187 prefill chunk 84/187 (44.9%) chunk=23.08 t/s avg=21.65 t/s 3.880s
0824 01:10:37 ds4-server: chat ctx=0..187:187 prefill chunk 85/187 (45.5%) chunk=23.03 t/s avg=21.67 t/s 3.923s
0824 01:10:37 ds4-server: chat ctx=0..187:187 prefill chunk 86/187 (46.0%) chunk=23.59 t/s avg=21.69 t/s 3.965s
0824 01:10:37 ds4-server: chat ctx=0..187:187 prefill chunk 87/187 (46.5%) chunk=23.31 t/s avg=21.70 t/s 4.008s
0824 01:10:37 ds4-server: chat ctx=0..187:187 prefill chunk 88/187 (47.1%) chunk=22.29 t/s avg=21.71 t/s 4.053s
0824 01:10:37 ds4-server: chat ctx=0..187:187 prefill chunk 89/187 (47.6%) chunk=23.65 t/s avg=21.73 t/s 4.095s
0824 01:10:37 ds4-server: chat ctx=0..187:187 prefill chunk 90/187 (48.1%) chunk=23.83 t/s avg=21.75 t/s 4.137s
0824 01:10:37 ds4-server: chat ctx=0..187:187 prefill chunk 91/187 (48.7%) chunk=23.13 t/s avg=21.77 t/s 4.181s
0824 01:10:37 ds4-server: chat ctx=0..187:187 prefill chunk 92/187 (49.2%) chunk=22.95 t/s avg=21.78 t/s 4.224s
0824 01:10:37 ds4-server: chat ctx=0..187:187 prefill chunk 93/187 (49.7%) chunk=23.78 t/s avg=21.80 t/s 4.266s
0824 01:10:37 ds4-server: chat ctx=0..187:187 prefill chunk 94/187 (50.3%) chunk=23.52 t/s avg=21.82 t/s 4.309s
0824 01:10:37 ds4-server: chat ctx=0..187:187 prefill chunk 95/187 (50.8%) chunk=22.62 t/s avg=21.82 t/s 4.353s
0824 01:10:37 ds4-server: chat ctx=0..187:187 prefill chunk 96/187 (51.3%) chunk=23.75 t/s avg=21.84 t/s 4.395s
0824 01:10:37 ds4-server: chat ctx=0..187:187 prefill chunk 97/187 (51.9%) chunk=23.50 t/s avg=21.86 t/s 4.438s
0824 01:10:37 ds4-server: chat ctx=0..187:187 prefill chunk 98/187 (52.4%) chunk=22.55 t/s avg=21.87 t/s 4.482s
0824 01:10:38 ds4-server: chat ctx=0..187:187 prefill chunk 99/187 (52.9%) chunk=23.20 t/s avg=21.88 t/s 4.525s
0824 01:10:38 ds4-server: chat ctx=0..187:187 prefill chunk 100/187 (53.5%) chunk=23.54 t/s avg=21.89 t/s 4.568s
0824 01:10:38 ds4-server: chat ctx=0..187:187 prefill chunk 101/187 (54.0%) chunk=23.29 t/s avg=21.91 t/s 4.611s
0824 01:10:38 ds4-server: chat ctx=0..187:187 prefill chunk 102/187 (54.5%) chunk=22.42 t/s avg=21.91 t/s 4.655s
0824 01:10:38 ds4-server: chat ctx=0..187:187 prefill chunk 103/187 (55.1%) chunk=23.67 t/s avg=21.93 t/s 4.697s
0824 01:10:38 ds4-server: chat ctx=0..187:187 prefill chunk 104/187 (55.6%) chunk=23.27 t/s avg=21.94 t/s 4.740s
0824 01:10:38 ds4-server: chat ctx=0..187:187 prefill chunk 105/187 (56.1%) chunk=22.71 t/s avg=21.95 t/s 4.784s
0824 01:10:38 ds4-server: chat ctx=0..187:187 prefill chunk 106/187 (56.7%) chunk=23.43 t/s avg=21.96 t/s 4.827s
0824 01:10:38 ds4-server: chat ctx=0..187:187 prefill chunk 107/187 (57.2%) chunk=23.55 t/s avg=21.97 t/s 4.870s
0824 01:10:38 ds4-server: chat ctx=0..187:187 prefill chunk 108/187 (57.8%) chunk=23.02 t/s avg=21.98 t/s 4.913s
0824 01:10:38 ds4-server: chat ctx=0..187:187 prefill chunk 109/187 (58.3%) chunk=22.71 t/s avg=21.99 t/s 4.957s
0824 01:10:38 ds4-server: chat ctx=0..187:187 prefill chunk 110/187 (58.8%) chunk=23.52 t/s avg=22.00 t/s 5.000s
0824 01:10:38 ds4-server: chat ctx=0..187:187 prefill chunk 111/187 (59.4%) chunk=23.28 t/s avg=22.01 t/s 5.042s
0824 01:10:38 ds4-server: chat ctx=0..187:187 prefill chunk 112/187 (59.9%) chunk=22.30 t/s avg=22.02 t/s 5.087s
0824 01:10:38 ds4-server: chat ctx=0..187:187 prefill chunk 113/187 (60.4%) chunk=23.51 t/s avg=22.03 t/s 5.130s
0824 01:10:38 ds4-server: chat ctx=0..187:187 prefill chunk 114/187 (61.0%) chunk=23.57 t/s avg=22.04 t/s 5.172s
0824 01:10:38 ds4-server: chat ctx=0..187:187 prefill chunk 115/187 (61.5%) chunk=22.61 t/s avg=22.05 t/s 5.217s
0824 01:10:38 ds4-server: chat ctx=0..187:187 prefill chunk 116/187 (62.0%) chunk=23.41 t/s avg=22.06 t/s 5.259s
0824 01:10:38 ds4-server: chat ctx=0..187:187 prefill chunk 117/187 (62.6%) chunk=23.67 t/s avg=22.07 t/s 5.301s
0824 01:10:38 ds4-server: chat ctx=0..187:187 prefill chunk 118/187 (63.1%) chunk=23.51 t/s avg=22.08 t/s 5.344s
0824 01:10:38 ds4-server: chat ctx=0..187:187 prefill chunk 119/187 (63.6%) chunk=22.64 t/s avg=22.09 t/s 5.388s
0824 01:10:38 ds4-server: chat ctx=0..187:187 prefill chunk 120/187 (64.2%) chunk=23.55 t/s avg=22.10 t/s 5.431s
0824 01:10:38 ds4-server: chat ctx=0..187:187 prefill chunk 121/187 (64.7%) chunk=23.25 t/s avg=22.11 t/s 5.474s
0824 01:10:39 ds4-server: chat ctx=0..187:187 prefill chunk 122/187 (65.2%) chunk=22.61 t/s avg=22.11 t/s 5.518s
0824 01:10:39 ds4-server: chat ctx=0..187:187 prefill chunk 123/187 (65.8%) chunk=23.28 t/s avg=22.12 t/s 5.561s
0824 01:10:39 ds4-server: chat ctx=0..187:187 prefill chunk 124/187 (66.3%) chunk=23.64 t/s avg=22.13 t/s 5.603s
0824 01:10:39 ds4-server: chat ctx=0..187:187 prefill chunk 125/187 (66.8%) chunk=23.08 t/s avg=22.14 t/s 5.646s
0824 01:10:39 ds4-server: chat ctx=0..187:187 prefill chunk 126/187 (67.4%) chunk=22.80 t/s avg=22.14 t/s 5.690s
0824 01:10:39 ds4-server: chat ctx=0..187:187 prefill chunk 127/187 (67.9%) chunk=23.65 t/s avg=22.15 t/s 5.733s
0824 01:10:39 ds4-server: chat ctx=0..187:187 prefill chunk 128/187 (68.4%) chunk=23.27 t/s avg=22.16 t/s 5.776s
0824 01:10:39 ds4-server: chat ctx=0..187:187 prefill chunk 129/187 (69.0%) chunk=22.23 t/s avg=22.16 t/s 5.821s
0824 01:10:39 ds4-server: chat ctx=0..187:187 prefill chunk 130/187 (69.5%) chunk=23.42 t/s avg=22.17 t/s 5.863s
0824 01:10:39 ds4-server: chat ctx=0..187:187 prefill chunk 131/187 (70.1%) chunk=23.28 t/s avg=22.18 t/s 5.906s
0824 01:10:39 ds4-server: chat ctx=0..187:187 prefill chunk 132/187 (70.6%) chunk=22.64 t/s avg=22.18 t/s 5.950s
0824 01:10:39 ds4-server: chat ctx=0..187:187 prefill chunk 133/187 (71.1%) chunk=23.19 t/s avg=22.19 t/s 5.993s
0824 01:10:39 ds4-server: chat ctx=0..187:187 prefill chunk 134/187 (71.7%) chunk=23.40 t/s avg=22.20 t/s 6.036s
0824 01:10:39 ds4-server: chat ctx=0..187:187 prefill chunk 135/187 (72.2%) chunk=22.87 t/s avg=22.20 t/s 6.080s
0824 01:10:39 ds4-server: chat ctx=0..187:187 prefill chunk 136/187 (72.7%) chunk=22.90 t/s avg=22.21 t/s 6.124s
0824 01:10:39 ds4-server: chat ctx=0..187:187 prefill chunk 137/187 (73.3%) chunk=23.43 t/s avg=22.22 t/s 6.166s
0824 01:10:39 ds4-server: chat ctx=0..187:187 prefill chunk 138/187 (73.8%) chunk=23.42 t/s avg=22.23 t/s 6.209s
0824 01:10:39 ds4-server: chat ctx=0..187:187 prefill chunk 139/187 (74.3%) chunk=22.03 t/s avg=22.22 t/s 6.254s
0824 01:10:39 ds4-server: chat ctx=0..187:187 prefill chunk 140/187 (74.9%) chunk=23.65 t/s avg=22.23 t/s 6.297s
0824 01:10:39 ds4-server: chat ctx=0..187:187 prefill chunk 141/187 (75.4%) chunk=23.35 t/s avg=22.24 t/s 6.340s
0824 01:10:39 ds4-server: chat ctx=0..187:187 prefill chunk 142/187 (75.9%) chunk=22.60 t/s avg=22.24 t/s 6.384s
0824 01:10:39 ds4-server: chat ctx=0..187:187 prefill chunk 143/187 (76.5%) chunk=23.25 t/s avg=22.25 t/s 6.427s
0824 01:10:39 ds4-server: chat ctx=0..187:187 prefill chunk 144/187 (77.0%) chunk=23.39 t/s avg=22.26 t/s 6.470s
0824 01:10:40 ds4-server: chat ctx=0..187:187 prefill chunk 145/187 (77.5%) chunk=23.02 t/s avg=22.26 t/s 6.513s
0824 01:10:40 ds4-server: chat ctx=0..187:187 prefill chunk 146/187 (78.1%) chunk=22.87 t/s avg=22.27 t/s 6.557s
0824 01:10:40 ds4-server: chat ctx=0..187:187 prefill chunk 147/187 (78.6%) chunk=23.50 t/s avg=22.28 t/s 6.599s
0824 01:10:40 ds4-server: chat ctx=0..187:187 prefill chunk 148/187 (79.1%) chunk=23.19 t/s avg=22.28 t/s 6.642s
0824 01:10:40 ds4-server: chat ctx=0..187:187 prefill chunk 149/187 (79.7%) chunk=22.27 t/s avg=22.28 t/s 6.687s
0824 01:10:40 ds4-server: chat ctx=0..187:187 prefill chunk 150/187 (80.2%) chunk=23.44 t/s avg=22.29 t/s 6.730s
0824 01:10:40 ds4-server: chat ctx=0..187:187 prefill chunk 151/187 (80.7%) chunk=23.56 t/s avg=22.30 t/s 6.772s
0824 01:10:40 ds4-server: chat ctx=0..187:187 prefill chunk 152/187 (81.3%) chunk=22.35 t/s avg=22.30 t/s 6.817s
0824 01:10:40 ds4-server: chat ctx=0..187:187 prefill chunk 153/187 (81.8%) chunk=23.22 t/s avg=22.30 t/s 6.860s
0824 01:10:40 ds4-server: chat ctx=0..187:187 prefill chunk 154/187 (82.4%) chunk=23.45 t/s avg=22.31 t/s 6.903s
0824 01:10:40 ds4-server: chat ctx=0..187:187 prefill chunk 155/187 (82.9%) chunk=22.81 t/s avg=22.31 t/s 6.947s
0824 01:10:40 ds4-server: chat ctx=0..187:187 prefill chunk 156/187 (83.4%) chunk=22.64 t/s avg=22.32 t/s 6.991s
0824 01:10:40 ds4-server: chat ctx=0..187:187 prefill chunk 157/187 (84.0%) chunk=23.40 t/s avg=22.32 t/s 7.034s
0824 01:10:40 ds4-server: chat ctx=0..187:187 prefill chunk 158/187 (84.5%) chunk=23.19 t/s avg=22.33 t/s 7.077s
0824 01:10:40 ds4-server: chat ctx=0..187:187 prefill chunk 159/187 (85.0%) chunk=22.48 t/s avg=22.33 t/s 7.121s
0824 01:10:40 ds4-server: chat ctx=0..187:187 prefill chunk 160/187 (85.6%) chunk=23.52 t/s avg=22.33 t/s 7.164s
0824 01:10:40 ds4-server: chat ctx=0..187:187 prefill chunk 161/187 (86.1%) chunk=23.38 t/s avg=22.34 t/s 7.206s
0824 01:10:40 ds4-server: chat ctx=0..187:187 prefill chunk 162/187 (86.6%) chunk=22.70 t/s avg=22.34 t/s 7.250s
0824 01:10:40 ds4-server: chat ctx=0..187:187 prefill chunk 163/187 (87.2%) chunk=23.09 t/s avg=22.35 t/s 7.294s
0824 01:10:40 ds4-server: chat ctx=0..187:187 prefill chunk 164/187 (87.7%) chunk=23.53 t/s avg=22.35 t/s 7.336s
0824 01:10:40 ds4-server: chat ctx=0..187:187 prefill chunk 165/187 (88.2%) chunk=22.78 t/s avg=22.36 t/s 7.380s
0824 01:10:40 ds4-server: chat ctx=0..187:187 prefill chunk 166/187 (88.8%) chunk=22.70 t/s avg=22.36 t/s 7.424s
0824 01:10:40 ds4-server: chat ctx=0..187:187 prefill chunk 167/187 (89.3%) chunk=23.40 t/s avg=22.37 t/s 7.467s
0824 01:10:41 ds4-server: chat ctx=0..187:187 prefill chunk 168/187 (89.8%) chunk=23.14 t/s avg=22.37 t/s 7.510s
0824 01:10:41 ds4-server: chat ctx=0..187:187 prefill chunk 169/187 (90.4%) chunk=22.37 t/s avg=22.37 t/s 7.555s
0824 01:10:41 ds4-server: chat ctx=0..187:187 prefill chunk 170/187 (90.9%) chunk=23.37 t/s avg=22.38 t/s 7.598s
0824 01:10:41 ds4-server: chat ctx=0..187:187 prefill chunk 171/187 (91.4%) chunk=23.04 t/s avg=22.38 t/s 7.641s
0824 01:10:41 ds4-server: chat ctx=0..187:187 prefill chunk 172/187 (92.0%) chunk=22.57 t/s avg=22.38 t/s 7.685s
0824 01:10:41 ds4-server: chat ctx=0..187:187 prefill chunk 173/187 (92.5%) chunk=23.25 t/s avg=22.38 t/s 7.728s
0824 01:10:41 ds4-server: chat ctx=0..187:187 prefill chunk 174/187 (93.0%) chunk=23.48 t/s avg=22.39 t/s 7.771s
0824 01:10:41 ds4-server: chat ctx=0..187:187 prefill chunk 175/187 (93.6%) chunk=22.79 t/s avg=22.39 t/s 7.815s
0824 01:10:41 ds4-server: chat ctx=0..187:187 prefill chunk 176/187 (94.1%) chunk=22.92 t/s avg=22.40 t/s 7.858s
0824 01:10:41 ds4-server: chat ctx=0..187:187 prefill chunk 177/187 (94.7%) chunk=23.46 t/s avg=22.40 t/s 7.901s
0824 01:10:41 ds4-server: chat ctx=0..187:187 prefill chunk 178/187 (95.2%) chunk=23.27 t/s avg=22.41 t/s 7.944s
0824 01:10:41 ds4-server: chat ctx=0..187:187 prefill chunk 179/187 (95.7%) chunk=22.33 t/s avg=22.41 t/s 7.989s
0824 01:10:41 ds4-server: chat ctx=0..187:187 prefill chunk 180/187 (96.3%) chunk=23.32 t/s avg=22.41 t/s 8.032s
0824 01:10:41 ds4-server: chat ctx=0..187:187 prefill chunk 181/187 (96.8%) chunk=23.17 t/s avg=22.42 t/s 8.075s
0824 01:10:41 ds4-server: chat ctx=0..187:187 prefill chunk 182/187 (97.3%) chunk=22.14 t/s avg=22.41 t/s 8.120s
0824 01:10:41 ds4-server: chat ctx=0..187:187 prefill chunk 183/187 (97.9%) chunk=23.20 t/s avg=22.42 t/s 8.163s
0824 01:10:41 ds4-server: chat ctx=0..187:187 prefill chunk 184/187 (98.4%) chunk=23.17 t/s avg=22.42 t/s 8.206s
0824 01:10:41 ds4-server: chat ctx=0..187:187 prefill chunk 185/187 (98.9%) chunk=22.47 t/s avg=22.42 t/s 8.251s
0824 01:10:41 ds4-server: chat ctx=0..187:187 prefill chunk 186/187 (99.5%) chunk=23.14 t/s avg=22.43 t/s 8.294s
0824 01:10:41 ds4-server: chat ctx=0..187:187 prefill chunk 187/187 (100.0%) chunk=23.41 t/s avg=22.43 t/s 8.337s
0824 01:10:41 ds4-server: chat ctx=0..187:187 prompt done 8.337s
0824 01:10:44 ds4-server: chat ctx=187..237:50 gen=50 THINKING decoding chunk=22.82 t/s avg=22.82 t/s 2.191s
0824 01:10:46 ds4-server: chat ctx=237..287:50 gen=100 THINKING decoding chunk=22.71 t/s avg=22.76 t/s 4.393s
0824 01:10:48 ds4-server: chat ctx=287..337:50 gen=150 THINKING decoding chunk=22.51 t/s avg=22.68 t/s 6.614s
0824 01:10:50 ds4-server: chat ctx=337..387:50 gen=200 THINKING decoding chunk=22.43 t/s avg=22.62 t/s 8.843s
0824 01:10:52 ds4-server: chat ctx=387..437:50 gen=250 THINKING decoding chunk=22.27 t/s avg=22.55 t/s 11.088s
0824 01:10:55 ds4-server: chat ctx=437..487:50 gen=300 THINKING decoding chunk=22.11 t/s avg=22.47 t/s 13.350s
0824 01:10:57 ds4-server: chat ctx=487..537:50 gen=350 THINKING decoding chunk=21.99 t/s avg=22.40 t/s 15.624s
0824 01:10:59 ds4-server: chat ctx=537..587:50 gen=400 THINKING decoding chunk=21.81 t/s avg=22.33 t/s 17.916s
0824 01:11:02 ds4-server: chat ctx=587..637:50 gen=450 THINKING decoding chunk=21.66 t/s avg=22.25 t/s 20.224s
0824 01:11:04 ds4-server: chat ctx=637..687:50 gen=500 THINKING decoding chunk=21.58 t/s avg=22.18 t/s 22.541s
0824 01:11:06 ds4-server: chat ctx=687..737:50 gen=550 THINKING decoding chunk=21.44 t/s avg=22.11 t/s 24.874s
0824 01:11:09 ds4-server: chat ctx=737..787:50 gen=600 THINKING decoding chunk=21.24 t/s avg=22.04 t/s 27.228s
0824 01:11:11 ds4-server: chat ctx=787..837:50 gen=650 THINKING decoding chunk=21.13 t/s avg=21.96 t/s 29.594s
0824 01:11:13 ds4-server: chat ctx=837..887:50 gen=700 THINKING decoding chunk=21.05 t/s avg=21.90 t/s 31.969s
0824 01:11:16 ds4-server: chat ctx=887..937:50 gen=750 THINKING decoding chunk=20.89 t/s avg=21.83 t/s 34.363s
0824 01:11:18 ds4-server: chat ctx=937..987:50 gen=800 THINKING decoding chunk=20.80 t/s avg=21.76 t/s 36.767s
0824 01:11:21 ds4-server: chat ctx=987..1037:50 gen=850 THINKING decoding chunk=20.59 t/s avg=21.69 t/s 39.196s
0824 01:11:23 ds4-server: chat ctx=1037..1087:50 gen=900 THINKING decoding chunk=20.49 t/s avg=21.62 t/s 41.636s
0824 01:11:25 ds4-server: chat ctx=1087..1137:50 gen=950 THINKING decoding chunk=20.43 t/s avg=21.55 t/s 44.083s
0824 01:11:28 ds4-server: chat ctx=1137..1187:50 gen=1000 THINKING decoding chunk=20.31 t/s avg=21.48 t/s 46.546s
0824 01:11:30 ds4-server: chat ctx=1187..1237:50 gen=1050 THINKING decoding chunk=20.14 t/s avg=21.42 t/s 49.028s
0824 01:11:33 ds4-server: chat ctx=1237..1287:50 gen=1100 THINKING decoding chunk=20.02 t/s avg=21.35 t/s 51.526s
0824 01:11:35 ds4-server: chat ctx=1287..1337:50 gen=1150 THINKING decoding chunk=19.93 t/s avg=21.28 t/s 54.035s
0824 01:11:38 ds4-server: chat ctx=1337..1387:50 gen=1200 THINKING decoding chunk=19.80 t/s avg=21.22 t/s 56.560s
0824 01:11:40 ds4-server: chat ctx=1387..1437:50 gen=1250 THINKING decoding chunk=19.68 t/s avg=21.15 t/s 59.101s
0824 01:11:43 ds4-server: chat ctx=1437..1487:50 gen=1300 THINKING decoding chunk=19.58 t/s avg=21.09 t/s 61.655s
0824 01:11:46 ds4-server: chat ctx=1487..1537:50 gen=1350 THINKING decoding chunk=19.53 t/s avg=21.02 t/s 64.215s
0824 01:11:48 ds4-server: chat ctx=1537..1587:50 gen=1400 THINKING decoding chunk=19.39 t/s avg=20.96 t/s 66.794s
0824 01:11:51 ds4-server: chat ctx=1587..1637:50 gen=1450 THINKING decoding chunk=19.25 t/s avg=20.90 t/s 69.391s
0824 01:11:53 ds4-server: chat ctx=1637..1687:50 gen=1500 THINKING decoding chunk=19.11 t/s avg=20.83 t/s 72.008s
0824 01:11:56 ds4-server: chat ctx=1687..1737:50 gen=1550 THINKING decoding chunk=19.05 t/s avg=20.77 t/s 74.632s
0824 01:11:59 ds4-server: chat ctx=1737..1787:50 gen=1600 THINKING decoding chunk=19.00 t/s avg=20.71 t/s 77.264s
0824 01:12:01 ds4-server: chat ctx=1787..1837:50 gen=1650 THINKING decoding chunk=18.81 t/s avg=20.65 t/s 79.921s
0824 01:12:04 ds4-server: chat ctx=1837..1887:50 gen=1700 THINKING decoding chunk=18.76 t/s avg=20.58 t/s 82.587s
0824 01:12:07 ds4-server: chat ctx=1887..1937:50 gen=1750 THINKING decoding chunk=18.66 t/s avg=20.52 t/s 85.266s
0824 01:12:09 ds4-server: chat ctx=1937..1987:50 gen=1800 THINKING decoding chunk=18.58 t/s avg=20.46 t/s 87.957s
0824 01:12:12 ds4-server: chat ctx=1987..2037:50 gen=1850 THINKING decoding chunk=18.50 t/s avg=20.41 t/s 90.660s
0824 01:12:15 ds4-server: chat ctx=2037..2087:50 gen=1900 THINKING decoding chunk=18.44 t/s avg=20.35 t/s 93.373s
0824 01:12:17 ds4-server: chat ctx=2087..2137:50 gen=1950 THINKING decoding chunk=18.24 t/s avg=20.29 t/s 96.114s
0824 01:12:20 ds4-server: chat ctx=2137..2187:50 gen=2000 THINKING decoding chunk=18.17 t/s avg=20.23 t/s 98.866s
0824 01:12:23 ds4-server: chat ctx=2187..2237:50 gen=2050 THINKING decoding chunk=18.10 t/s avg=20.17 t/s 101.629s
0824 01:12:26 ds4-server: chat ctx=2237..2287:50 gen=2100 THINKING decoding chunk=18.01 t/s avg=20.11 t/s 104.406s
0824 01:12:29 ds4-server: chat ctx=2287..2337:50 gen=2150 THINKING decoding chunk=17.92 t/s avg=20.06 t/s 107.196s
0824 01:12:31 ds4-server: chat ctx=2337..2387:50 gen=2200 THINKING decoding chunk=17.75 t/s avg=20.00 t/s 110.012s
0824 01:12:34 ds4-server: chat ctx=2387..2437:50 gen=2250 THINKING decoding chunk=17.73 t/s avg=19.94 t/s 112.831s
0824 01:12:37 ds4-server: chat ctx=2437..2487:50 gen=2300 THINKING decoding chunk=17.64 t/s avg=19.88 t/s 115.665s
0824 01:12:40 ds4-server: chat ctx=2487..2537:50 gen=2350 THINKING decoding chunk=17.49 t/s avg=19.83 t/s 118.523s
0824 01:12:43 ds4-server: chat ctx=2537..2587:50 gen=2400 THINKING decoding chunk=17.44 t/s avg=19.77 t/s 121.390s
0824 01:12:46 ds4-server: chat ctx=2587..2637:50 gen=2450 THINKING decoding chunk=17.37 t/s avg=19.72 t/s 124.269s
0824 01:12:49 ds4-server: chat ctx=2637..2687:50 gen=2500 THINKING decoding chunk=17.23 t/s avg=19.66 t/s 127.171s
0824 01:12:51 ds4-server: chat ctx=2687..2737:50 gen=2550 THINKING decoding chunk=17.14 t/s avg=19.60 t/s 130.089s
0824 01:12:54 ds4-server: chat ctx=2737..2787:50 gen=2600 THINKING decoding chunk=17.10 t/s avg=19.55 t/s 133.014s
0824 01:12:57 ds4-server: chat ctx=2787..2837:50 gen=2650 THINKING decoding chunk=16.96 t/s avg=19.49 t/s 135.962s
0824 01:13:00 ds4-server: chat ctx=2837..2887:50 gen=2700 THINKING decoding chunk=16.92 t/s avg=19.44 t/s 138.917s
0824 01:13:03 ds4-server: chat ctx=2887..2937:50 gen=2750 THINKING decoding chunk=16.78 t/s avg=19.38 t/s 141.896s
0824 01:13:06 ds4-server: chat ctx=2937..2987:50 gen=2800 THINKING decoding chunk=16.70 t/s avg=19.32 t/s 144.890s
0824 01:13:09 ds4-server: chat ctx=2987..3037:50 gen=2850 THINKING decoding chunk=16.65 t/s avg=19.27 t/s 147.893s
0824 01:13:12 ds4-server: chat ctx=3037..3087:50 gen=2900 THINKING decoding chunk=16.49 t/s avg=19.21 t/s 150.925s
0824 01:13:15 ds4-server: chat ctx=3087..3137:50 gen=2950 THINKING decoding chunk=16.46 t/s avg=19.16 t/s 153.962s
0824 01:13:18 ds4-server: chat ctx=3137..3187:50 gen=3000 THINKING decoding chunk=16.35 t/s avg=19.11 t/s 157.020s
0824 01:13:21 ds4-server: chat ctx=3187..3237:50 gen=3050 THINKING decoding chunk=16.37 t/s avg=19.05 t/s 160.075s
0824 01:13:24 ds4-server: chat ctx=3237..3287:50 gen=3100 THINKING decoding chunk=16.36 t/s avg=19.00 t/s 163.131s
0824 01:13:28 ds4-server: chat ctx=3287..3337:50 gen=3150 THINKING decoding chunk=16.31 t/s avg=18.95 t/s 166.197s
0824 01:13:31 ds4-server: chat ctx=3337..3387:50 gen=3200 THINKING decoding chunk=16.22 t/s avg=18.90 t/s 169.281s
0824 01:13:34 ds4-server: chat ctx=3387..3437:50 gen=3250 THINKING decoding chunk=16.11 t/s avg=18.85 t/s 172.383s
0824 01:13:37 ds4-server: chat ctx=3437..3487:50 gen=3300 THINKING decoding chunk=16.03 t/s avg=18.80 t/s 175.502s
0824 01:13:40 ds4-server: chat ctx=3487..3537:50 gen=3350 THINKING decoding chunk=15.92 t/s avg=18.75 t/s 178.643s
0824 01:13:43 ds4-server: chat ctx=3537..3587:50 gen=3400 THINKING decoding chunk=15.87 t/s avg=18.70 t/s 181.792s
0824 01:13:46 ds4-server: chat ctx=3587..3637:50 gen=3450 THINKING decoding chunk=15.79 t/s avg=18.65 t/s 184.958s
0824 01:13:50 ds4-server: chat ctx=3637..3687:50 gen=3500 THINKING decoding chunk=15.67 t/s avg=18.60 t/s 188.150s
0824 01:13:53 ds4-server: chat ctx=3687..3737:50 gen=3550 THINKING decoding chunk=15.64 t/s avg=18.55 t/s 191.347s
0824 01:13:56 ds4-server: chat ctx=3737..3787:50 gen=3600 THINKING decoding chunk=15.55 t/s avg=18.50 t/s 194.562s
0824 01:13:59 ds4-server: chat ctx=3787..3837:50 gen=3650 THINKING decoding chunk=15.46 t/s avg=18.45 t/s 197.796s
0824 01:14:02 ds4-server: chat ctx=3837..3887:50 gen=3700 THINKING decoding chunk=15.42 t/s avg=18.40 t/s 201.039s
0824 01:14:06 ds4-server: chat ctx=3887..3937:50 gen=3750 THINKING decoding chunk=15.30 t/s avg=18.35 t/s 204.306s
0824 01:14:09 ds4-server: chat ctx=3937..3987:50 gen=3800 THINKING decoding chunk=15.27 t/s avg=18.31 t/s 207.581s
0824 01:14:12 ds4-server: chat ctx=3987..4037:50 gen=3850 THINKING decoding chunk=15.13 t/s avg=18.26 t/s 210.885s
0824 01:14:16 ds4-server: chat ctx=4037..4087:50 gen=3900 THINKING decoding chunk=15.08 t/s avg=18.21 t/s 214.201s
0824 01:14:19 ds4-server: chat ctx=4087..4137:50 gen=3950 THINKING decoding chunk=15.02 t/s avg=18.16 t/s 217.530s
0824 01:14:22 ds4-server: chat ctx=4137..4187:50 gen=4000 THINKING decoding chunk=14.99 t/s avg=18.11 t/s 220.865s
0824 01:14:26 ds4-server: chat ctx=4187..4237:50 gen=4050 THINKING decoding chunk=15.00 t/s avg=18.06 t/s 224.198s
0824 01:14:29 ds4-server: chat ctx=4237..4283:46 gen=4096 THINKING decoding chunk=15.00 t/s avg=18.02 t/s 227.266s
0824 01:14:29 ds4-server: chat ctx=0..187:187 gen=4096 THINKING finish=length 235.603s
0824 01:14:31 ds4-server: live kv cache miss live=4283 prompt=120 common=30 reason=token-mismatch
0824 01:14:31 ds4-server: chat ctx=0..120:120 prompt start
0824 01:14:31 ds4-server: chat ctx=0..120:120 prefill chunk 1/120 (0.8%) chunk=0.00 t/s avg=3.09 t/s 0.323s
0824 01:14:31 ds4-server: chat ctx=0..120:120 prefill chunk 2/120 (1.7%) chunk=23.58 t/s avg=5.47 t/s 0.366s
0824 01:14:31 ds4-server: chat ctx=0..120:120 prefill chunk 3/120 (2.5%) chunk=23.26 t/s avg=7.34 t/s 0.409s
0824 01:14:31 ds4-server: chat ctx=0..120:120 prefill chunk 4/120 (3.3%) chunk=23.13 t/s avg=8.85 t/s 0.452s
0824 01:14:31 ds4-server: chat ctx=0..120:120 prefill chunk 5/120 (4.2%) chunk=24.05 t/s avg=10.14 t/s 0.493s
0824 01:14:32 ds4-server: chat ctx=0..120:120 prefill chunk 6/120 (5.0%) chunk=23.49 t/s avg=11.20 t/s 0.536s
0824 01:14:32 ds4-server: chat ctx=0..120:120 prefill chunk 7/120 (5.8%) chunk=22.93 t/s avg=12.08 t/s 0.579s
0824 01:14:32 ds4-server: chat ctx=0..120:120 prefill chunk 8/120 (6.7%) chunk=23.57 t/s avg=12.86 t/s 0.622s
0824 01:14:32 ds4-server: chat ctx=0..120:120 prefill chunk 9/120 (7.5%) chunk=23.45 t/s avg=13.54 t/s 0.665s
0824 01:14:32 ds4-server: chat ctx=0..120:120 prefill chunk 10/120 (8.3%) chunk=23.33 t/s avg=14.14 t/s 0.707s
0824 01:14:32 ds4-server: chat ctx=0..120:120 prefill chunk 11/120 (9.2%) chunk=23.29 t/s avg=14.66 t/s 0.750s
0824 01:14:32 ds4-server: chat ctx=0..120:120 prefill chunk 12/120 (10.0%) chunk=23.88 t/s avg=15.15 t/s 0.792s
0824 01:14:32 ds4-server: chat ctx=0..120:120 prefill chunk 13/120 (10.8%) chunk=23.61 t/s avg=15.58 t/s 0.835s
0824 01:14:32 ds4-server: chat ctx=0..120:120 prefill chunk 14/120 (11.7%) chunk=23.01 t/s avg=15.94 t/s 0.878s
0824 01:14:32 ds4-server: chat ctx=0..120:120 prefill chunk 15/120 (12.5%) chunk=23.35 t/s avg=16.29 t/s 0.921s
0824 01:14:32 ds4-server: chat ctx=0..120:120 prefill chunk 16/120 (13.3%) chunk=23.96 t/s avg=16.62 t/s 0.963s
0824 01:14:32 ds4-server: chat ctx=0..120:120 prefill chunk 17/120 (14.2%) chunk=23.65 t/s avg=16.92 t/s 1.005s
0824 01:14:32 ds4-server: chat ctx=0..120:120 prefill chunk 18/120 (15.0%) chunk=22.74 t/s avg=17.16 t/s 1.049s
0824 01:14:32 ds4-server: chat ctx=0..120:120 prefill chunk 19/120 (15.8%) chunk=23.90 t/s avg=17.42 t/s 1.091s
0824 01:14:32 ds4-server: chat ctx=0..120:120 prefill chunk 20/120 (16.7%) chunk=23.56 t/s avg=17.65 t/s 1.133s
0824 01:14:32 ds4-server: chat ctx=0..120:120 prefill chunk 21/120 (17.5%) chunk=23.27 t/s avg=17.85 t/s 1.176s
0824 01:14:32 ds4-server: chat ctx=0..120:120 prefill chunk 22/120 (18.3%) chunk=23.33 t/s avg=18.05 t/s 1.219s
0824 01:14:32 ds4-server: chat ctx=0..120:120 prefill chunk 23/120 (19.2%) chunk=23.57 t/s avg=18.23 t/s 1.261s
0824 01:14:32 ds4-server: chat ctx=0..120:120 prefill chunk 24/120 (20.0%) chunk=23.45 t/s avg=18.40 t/s 1.304s
0824 01:14:32 ds4-server: chat ctx=0..120:120 prefill chunk 25/120 (20.8%) chunk=23.02 t/s avg=18.55 t/s 1.348s
0824 01:14:32 ds4-server: chat ctx=0..120:120 prefill chunk 26/120 (21.7%) chunk=23.54 t/s avg=18.71 t/s 1.390s
0824 01:14:32 ds4-server: chat ctx=0..120:120 prefill chunk 27/120 (22.5%) chunk=23.56 t/s avg=18.85 t/s 1.432s
0824 01:14:32 ds4-server: chat ctx=0..120:120 prefill chunk 28/120 (23.3%) chunk=23.47 t/s avg=18.98 t/s 1.475s
0824 01:14:33 ds4-server: chat ctx=0..120:120 prefill chunk 29/120 (24.2%) chunk=23.01 t/s avg=19.10 t/s 1.519s
0824 01:14:33 ds4-server: chat ctx=0..120:120 prefill chunk 30/120 (25.0%) chunk=23.80 t/s avg=19.22 t/s 1.561s
0824 01:14:33 ds4-server: chat ctx=0..120:120 prefill chunk 31/120 (25.8%) chunk=23.43 t/s avg=19.34 t/s 1.603s
0824 01:14:33 ds4-server: chat ctx=0..120:120 prefill chunk 32/120 (26.7%) chunk=22.66 t/s avg=19.43 t/s 1.647s
0824 01:14:33 ds4-server: chat ctx=0..120:120 prefill chunk 33/120 (27.5%) chunk=23.85 t/s avg=19.54 t/s 1.689s
0824 01:14:33 ds4-server: chat ctx=0..120:120 prefill chunk 34/120 (28.3%) chunk=23.26 t/s avg=19.63 t/s 1.732s
0824 01:14:33 ds4-server: chat ctx=0..120:120 prefill chunk 35/120 (29.2%) chunk=23.26 t/s avg=19.72 t/s 1.775s
0824 01:14:33 ds4-server: chat ctx=0..120:120 prefill chunk 36/120 (30.0%) chunk=23.01 t/s avg=19.79 t/s 1.819s
0824 01:14:33 ds4-server: chat ctx=0..120:120 prefill chunk 37/120 (30.8%) chunk=23.82 t/s avg=19.88 t/s 1.861s
0824 01:14:33 ds4-server: chat ctx=0..120:120 prefill chunk 38/120 (31.7%) chunk=23.52 t/s avg=19.97 t/s 1.903s
0824 01:14:33 ds4-server: chat ctx=0..120:120 prefill chunk 39/120 (32.5%) chunk=22.88 t/s avg=20.03 t/s 1.947s
0824 01:14:33 ds4-server: chat ctx=0..120:120 prefill chunk 40/120 (33.3%) chunk=23.58 t/s avg=20.11 t/s 1.989s
0824 01:14:33 ds4-server: chat ctx=0..120:120 prefill chunk 41/120 (34.2%) chunk=23.32 t/s avg=20.17 t/s 2.032s
0824 01:14:33 ds4-server: chat ctx=0..120:120 prefill chunk 42/120 (35.0%) chunk=23.27 t/s avg=20.24 t/s 2.075s
0824 01:14:33 ds4-server: chat ctx=0..120:120 prefill chunk 43/120 (35.8%) chunk=22.92 t/s avg=20.29 t/s 2.119s
0824 01:14:33 ds4-server: chat ctx=0..120:120 prefill chunk 44/120 (36.7%) chunk=23.84 t/s avg=20.36 t/s 2.161s
0824 01:14:33 ds4-server: chat ctx=0..120:120 prefill chunk 45/120 (37.5%) chunk=23.50 t/s avg=20.42 t/s 2.203s
0824 01:14:33 ds4-server: chat ctx=0..120:120 prefill chunk 46/120 (38.3%) chunk=22.94 t/s avg=20.47 t/s 2.247s
0824 01:14:33 ds4-server: chat ctx=0..120:120 prefill chunk 47/120 (39.2%) chunk=23.60 t/s avg=20.53 t/s 2.289s
0824 01:14:33 ds4-server: chat ctx=0..120:120 prefill chunk 48/120 (40.0%) chunk=23.46 t/s avg=20.58 t/s 2.332s
0824 01:14:33 ds4-server: chat ctx=0..120:120 prefill chunk 49/120 (40.8%) chunk=23.23 t/s avg=20.63 t/s 2.375s
0824 01:14:33 ds4-server: chat ctx=0..120:120 prefill chunk 50/120 (41.7%) chunk=22.94 t/s avg=20.67 t/s 2.419s
0824 01:14:33 ds4-server: chat ctx=0..120:120 prefill chunk 51/120 (42.5%) chunk=23.96 t/s avg=20.73 t/s 2.460s
0824 01:14:33 ds4-server: chat ctx=0..120:120 prefill chunk 52/120 (43.3%) chunk=23.42 t/s avg=20.78 t/s 2.503s
0824 01:14:34 ds4-server: chat ctx=0..120:120 prefill chunk 53/120 (44.2%) chunk=22.79 t/s avg=20.81 t/s 2.547s
0824 01:14:34 ds4-server: chat ctx=0..120:120 prefill chunk 54/120 (45.0%) chunk=23.36 t/s avg=20.85 t/s 2.590s
0824 01:14:34 ds4-server: chat ctx=0..120:120 prefill chunk 55/120 (45.8%) chunk=23.39 t/s avg=20.89 t/s 2.632s
0824 01:14:34 ds4-server: chat ctx=0..120:120 prefill chunk 56/120 (46.7%) chunk=23.27 t/s avg=20.93 t/s 2.675s
0824 01:14:34 ds4-server: chat ctx=0..120:120 prefill chunk 57/120 (47.5%) chunk=23.02 t/s avg=20.96 t/s 2.719s
0824 01:14:34 ds4-server: chat ctx=0..120:120 prefill chunk 58/120 (48.3%) chunk=23.66 t/s avg=21.01 t/s 2.761s
0824 01:14:34 ds4-server: chat ctx=0..120:120 prefill chunk 59/120 (49.2%) chunk=23.43 t/s avg=21.04 t/s 2.804s
0824 01:14:34 ds4-server: chat ctx=0..120:120 prefill chunk 60/120 (50.0%) chunk=22.85 t/s avg=21.07 t/s 2.848s
0824 01:14:34 ds4-server: chat ctx=0..120:120 prefill chunk 61/120 (50.8%) chunk=23.57 t/s avg=21.11 t/s 2.890s
0824 01:14:34 ds4-server: chat ctx=0..120:120 prefill chunk 62/120 (51.7%) chunk=23.25 t/s avg=21.14 t/s 2.933s
0824 01:14:34 ds4-server: chat ctx=0..120:120 prefill chunk 63/120 (52.5%) chunk=22.61 t/s avg=21.16 t/s 2.977s
0824 01:14:34 ds4-server: chat ctx=0..120:120 prefill chunk 64/120 (53.3%) chunk=23.44 t/s avg=21.19 t/s 3.020s
0824 01:14:34 ds4-server: chat ctx=0..120:120 prefill chunk 65/120 (54.2%) chunk=23.73 t/s avg=21.23 t/s 3.062s
0824 01:14:34 ds4-server: chat ctx=0..120:120 prefill chunk 66/120 (55.0%) chunk=23.37 t/s avg=21.26 t/s 3.105s
0824 01:14:34 ds4-server: chat ctx=0..120:120 prefill chunk 67/120 (55.8%) chunk=22.40 t/s avg=21.27 t/s 3.149s
0824 01:14:34 ds4-server: chat ctx=0..120:120 prefill chunk 68/120 (56.7%) chunk=23.59 t/s avg=21.30 t/s 3.192s
0824 01:14:34 ds4-server: chat ctx=0..120:120 prefill chunk 69/120 (57.5%) chunk=23.54 t/s avg=21.33 t/s 3.234s
0824 01:14:34 ds4-server: chat ctx=0..120:120 prefill chunk 70/120 (58.3%) chunk=22.72 t/s avg=21.35 t/s 3.278s
0824 01:14:34 ds4-server: chat ctx=0..120:120 prefill chunk 71/120 (59.2%) chunk=23.72 t/s avg=21.38 t/s 3.320s
0824 01:14:34 ds4-server: chat ctx=0..120:120 prefill chunk 72/120 (60.0%) chunk=23.65 t/s avg=21.41 t/s 3.363s
0824 01:14:34 ds4-server: chat ctx=0..120:120 prefill chunk 73/120 (60.8%) chunk=23.33 t/s avg=21.44 t/s 3.406s
0824 01:14:34 ds4-server: chat ctx=0..120:120 prefill chunk 74/120 (61.7%) chunk=22.56 t/s avg=21.45 t/s 3.450s
0824 01:14:34 ds4-server: chat ctx=0..120:120 prefill chunk 75/120 (62.5%) chunk=23.90 t/s avg=21.48 t/s 3.492s
0824 01:14:35 ds4-server: chat ctx=0..120:120 prefill chunk 76/120 (63.3%) chunk=23.58 t/s avg=21.50 t/s 3.534s
0824 01:14:35 ds4-server: chat ctx=0..120:120 prefill chunk 77/120 (64.2%) chunk=22.80 t/s avg=21.52 t/s 3.578s
0824 01:14:35 ds4-server: chat ctx=0..120:120 prefill chunk 78/120 (65.0%) chunk=23.37 t/s avg=21.54 t/s 3.621s
0824 01:14:35 ds4-server: chat ctx=0..120:120 prefill chunk 79/120 (65.8%) chunk=23.70 t/s avg=21.57 t/s 3.663s
0824 01:14:35 ds4-server: chat ctx=0..120:120 prefill chunk 80/120 (66.7%) chunk=23.48 t/s avg=21.59 t/s 3.706s
0824 01:14:35 ds4-server: chat ctx=0..120:120 prefill chunk 81/120 (67.5%) chunk=22.60 t/s avg=21.60 t/s 3.750s
0824 01:14:35 ds4-server: chat ctx=0..120:120 prefill chunk 82/120 (68.3%) chunk=23.65 t/s avg=21.62 t/s 3.792s
0824 01:14:35 ds4-server: chat ctx=0..120:120 prefill chunk 83/120 (69.2%) chunk=23.46 t/s avg=21.64 t/s 3.835s
0824 01:14:35 ds4-server: chat ctx=0..120:120 prefill chunk 84/120 (70.0%) chunk=22.67 t/s avg=21.66 t/s 3.879s
0824 01:14:35 ds4-server: chat ctx=0..120:120 prefill chunk 85/120 (70.8%) chunk=23.41 t/s avg=21.67 t/s 3.922s
0824 01:14:35 ds4-server: chat ctx=0..120:120 prefill chunk 86/120 (71.7%) chunk=23.55 t/s avg=21.69 t/s 3.964s
0824 01:14:35 ds4-server: chat ctx=0..120:120 prefill chunk 87/120 (72.5%) chunk=23.80 t/s avg=21.72 t/s 4.006s
0824 01:14:35 ds4-server: chat ctx=0..120:120 prefill chunk 88/120 (73.3%) chunk=22.69 t/s avg=21.73 t/s 4.050s
0824 01:14:35 ds4-server: chat ctx=0..120:120 prefill chunk 89/120 (74.2%) chunk=23.79 t/s avg=21.75 t/s 4.092s
0824 01:14:35 ds4-server: chat ctx=0..120:120 prefill chunk 90/120 (75.0%) chunk=23.39 t/s avg=21.77 t/s 4.135s
0824 01:14:35 ds4-server: chat ctx=0..120:120 prefill chunk 91/120 (75.8%) chunk=22.61 t/s avg=21.77 t/s 4.179s
0824 01:14:35 ds4-server: chat ctx=0..120:120 prefill chunk 92/120 (76.7%) chunk=23.34 t/s avg=21.79 t/s 4.222s
0824 01:14:35 ds4-server: chat ctx=0..120:120 prefill chunk 93/120 (77.5%) chunk=23.26 t/s avg=21.81 t/s 4.265s
0824 01:14:35 ds4-server: chat ctx=0..120:120 prefill chunk 94/120 (78.3%) chunk=23.27 t/s avg=21.82 t/s 4.308s
0824 01:14:35 ds4-server: chat ctx=0..120:120 prefill chunk 95/120 (79.2%) chunk=22.99 t/s avg=21.83 t/s 4.351s
0824 01:14:35 ds4-server: chat ctx=0..120:120 prefill chunk 96/120 (80.0%) chunk=23.69 t/s avg=21.85 t/s 4.394s
0824 01:14:35 ds4-server: chat ctx=0..120:120 prefill chunk 97/120 (80.8%) chunk=23.61 t/s avg=21.87 t/s 4.436s
0824 01:14:35 ds4-server: chat ctx=0..120:120 prefill chunk 98/120 (81.7%) chunk=23.09 t/s avg=21.88 t/s 4.479s
0824 01:14:36 ds4-server: chat ctx=0..120:120 prefill chunk 99/120 (82.5%) chunk=23.25 t/s avg=21.89 t/s 4.522s
0824 01:14:36 ds4-server: chat ctx=0..120:120 prefill chunk 100/120 (83.3%) chunk=23.53 t/s avg=21.91 t/s 4.565s
0824 01:14:36 ds4-server: chat ctx=0..120:120 prefill chunk 101/120 (84.2%) chunk=23.13 t/s avg=21.92 t/s 4.608s
0824 01:14:36 ds4-server: chat ctx=0..120:120 prefill chunk 102/120 (85.0%) chunk=22.90 t/s avg=21.93 t/s 4.652s
0824 01:14:36 ds4-server: chat ctx=0..120:120 prefill chunk 103/120 (85.8%) chunk=23.60 t/s avg=21.94 t/s 4.694s
0824 01:14:36 ds4-server: chat ctx=0..120:120 prefill chunk 104/120 (86.7%) chunk=23.48 t/s avg=21.96 t/s 4.737s
0824 01:14:36 ds4-server: chat ctx=0..120:120 prefill chunk 105/120 (87.5%) chunk=22.64 t/s avg=21.96 t/s 4.781s
0824 01:14:36 ds4-server: chat ctx=0..120:120 prefill chunk 106/120 (88.3%) chunk=23.45 t/s avg=21.98 t/s 4.824s
0824 01:14:36 ds4-server: chat ctx=0..120:120 prefill chunk 107/120 (89.2%) chunk=23.47 t/s avg=21.99 t/s 4.866s
0824 01:14:36 ds4-server: chat ctx=0..120:120 prefill chunk 108/120 (90.0%) chunk=23.13 t/s avg=22.00 t/s 4.909s
0824 01:14:36 ds4-server: chat ctx=0..120:120 prefill chunk 109/120 (90.8%) chunk=22.79 t/s avg=22.01 t/s 4.953s
0824 01:14:36 ds4-server: chat ctx=0..120:120 prefill chunk 110/120 (91.7%) chunk=23.68 t/s avg=22.02 t/s 4.995s
0824 01:14:36 ds4-server: chat ctx=0..120:120 prefill chunk 111/120 (92.5%) chunk=23.71 t/s avg=22.03 t/s 5.038s
0824 01:14:36 ds4-server: chat ctx=0..120:120 prefill chunk 112/120 (93.3%) chunk=22.73 t/s avg=22.04 t/s 5.082s
0824 01:14:36 ds4-server: chat ctx=0..120:120 prefill chunk 113/120 (94.2%) chunk=23.48 t/s avg=22.05 t/s 5.124s
0824 01:14:36 ds4-server: chat ctx=0..120:120 prefill chunk 114/120 (95.0%) chunk=23.33 t/s avg=22.06 t/s 5.167s
0824 01:14:36 ds4-server: chat ctx=0..120:120 prefill chunk 115/120 (95.8%) chunk=22.68 t/s avg=22.07 t/s 5.211s
0824 01:14:36 ds4-server: chat ctx=0..120:120 prefill chunk 116/120 (96.7%) chunk=23.42 t/s avg=22.08 t/s 5.254s
0824 01:14:36 ds4-server: chat ctx=0..120:120 prefill chunk 117/120 (97.5%) chunk=23.55 t/s avg=22.09 t/s 5.296s
0824 01:14:36 ds4-server: chat ctx=0..120:120 prefill chunk 118/120 (98.3%) chunk=23.41 t/s avg=22.10 t/s 5.339s
0824 01:14:36 ds4-server: chat ctx=0..120:120 prefill chunk 119/120 (99.2%) chunk=22.54 t/s avg=22.10 t/s 5.383s
0824 01:14:36 ds4-server: chat ctx=0..120:120 prefill chunk 120/120 (100.0%) chunk=23.60 t/s avg=22.12 t/s 5.426s
0824 01:14:36 ds4-server: chat ctx=0..120:120 prompt done 5.426s
0824 01:14:39 ds4-server: chat ctx=120..170:50 gen=50 THINKING decoding chunk=23.10 t/s avg=23.10 t/s 2.164s
0824 01:14:41 ds4-server: chat ctx=170..220:50 gen=100 THINKING decoding chunk=22.86 t/s avg=22.98 t/s 4.352s
0824 01:14:43 ds4-server: chat ctx=220..270:50 gen=150 THINKING decoding chunk=22.75 t/s avg=22.90 t/s 6.549s
0824 01:14:45 ds4-server: chat ctx=270..320:50 gen=200 THINKING decoding chunk=22.59 t/s avg=22.82 t/s 8.763s
0824 01:14:47 ds4-server: chat ctx=320..370:50 gen=250 THINKING decoding chunk=22.45 t/s avg=22.75 t/s 10.990s
0824 01:14:50 ds4-server: chat ctx=370..420:50 gen=300 THINKING decoding chunk=22.31 t/s avg=22.67 t/s 13.231s
0824 01:14:52 ds4-server: chat ctx=420..470:50 gen=350 THINKING decoding chunk=22.14 t/s avg=22.60 t/s 15.489s
0824 01:14:54 ds4-server: chat ctx=470..520:50 gen=400 THINKING decoding chunk=22.02 t/s avg=22.52 t/s 17.760s
0824 01:14:56 ds4-server: chat ctx=520..570:50 gen=450 THINKING decoding chunk=21.90 t/s avg=22.45 t/s 20.043s
0824 01:14:59 ds4-server: chat ctx=570..620:50 gen=500 THINKING decoding chunk=21.73 t/s avg=22.38 t/s 22.344s
0824 01:15:01 ds4-server: chat ctx=620..670:50 gen=550 THINKING decoding chunk=21.58 t/s avg=22.30 t/s 24.661s
0824 01:15:03 ds4-server: chat ctx=670..720:50 gen=600 THINKING decoding chunk=21.48 t/s avg=22.23 t/s 26.989s
0824 01:15:06 ds4-server: chat ctx=720..770:50 gen=650 THINKING decoding chunk=21.38 t/s avg=22.16 t/s 29.328s
0824 01:15:08 ds4-server: chat ctx=770..820:50 gen=700 THINKING decoding chunk=21.21 t/s avg=22.09 t/s 31.685s
0824 01:15:10 ds4-server: chat ctx=820..870:50 gen=750 THINKING decoding chunk=21.05 t/s avg=22.02 t/s 34.061s
0824 01:15:13 ds4-server: chat ctx=870..920:50 gen=800 THINKING decoding chunk=20.94 t/s avg=21.95 t/s 36.449s
0824 01:15:15 ds4-server: chat ctx=920..970:50 gen=850 THINKING decoding chunk=20.86 t/s avg=21.88 t/s 38.846s
0824 01:15:18 ds4-server: chat ctx=970..1020:50 gen=900 THINKING decoding chunk=20.65 t/s avg=21.81 t/s 41.267s
0824 01:15:20 ds4-server: chat ctx=1020..1070:50 gen=950 THINKING decoding chunk=20.54 t/s avg=21.74 t/s 43.701s
0824 01:15:23 ds4-server: chat ctx=1070..1120:50 gen=1000 THINKING decoding chunk=20.39 t/s avg=21.67 t/s 46.153s
0824 01:15:25 ds4-server: chat ctx=1120..1170:50 gen=1050 THINKING decoding chunk=20.37 t/s avg=21.60 t/s 48.608s
0824 01:15:27 ds4-server: chat ctx=1170..1220:50 gen=1100 THINKING decoding chunk=20.24 t/s avg=21.54 t/s 51.078s
0824 01:15:30 ds4-server: chat ctx=1220..1270:50 gen=1150 THINKING decoding chunk=20.03 t/s avg=21.47 t/s 53.574s
0824 01:15:32 ds4-server: chat ctx=1270..1320:50 gen=1200 THINKING decoding chunk=20.00 t/s avg=21.40 t/s 56.075s
0824 01:15:35 ds4-server: chat ctx=1320..1370:50 gen=1250 THINKING decoding chunk=19.86 t/s avg=21.33 t/s 58.592s
0824 01:15:38 ds4-server: chat ctx=1370..1420:50 gen=1300 THINKING decoding chunk=19.81 t/s avg=21.27 t/s 61.116s
0824 01:15:40 ds4-server: chat ctx=1420..1470:50 gen=1350 THINKING decoding chunk=19.62 t/s avg=21.21 t/s 63.664s
0824 01:15:43 ds4-server: chat ctx=1470..1520:50 gen=1400 THINKING decoding chunk=19.53 t/s avg=21.14 t/s 66.224s
0824 01:15:45 ds4-server: chat ctx=1520..1570:50 gen=1450 THINKING decoding chunk=19.42 t/s avg=21.08 t/s 68.798s
0824 01:15:48 ds4-server: chat ctx=1570..1620:50 gen=1500 THINKING decoding chunk=19.28 t/s avg=21.01 t/s 71.391s
0824 01:15:50 ds4-server: chat ctx=1620..1670:50 gen=1550 THINKING decoding chunk=19.13 t/s avg=20.94 t/s 74.004s
0824 01:15:53 ds4-server: chat ctx=1670..1720:50 gen=1600 THINKING decoding chunk=19.07 t/s avg=20.88 t/s 76.626s
0824 01:15:56 ds4-server: chat ctx=1720..1770:50 gen=1650 decoding chunk=18.98 t/s avg=20.82 t/s 79.261s
0824 01:15:58 ds4-server: chat ctx=1770..1820:50 gen=1700 decoding chunk=18.88 t/s avg=20.75 t/s 81.909s
0824 01:16:01 ds4-server: chat ctx=1820..1870:50 gen=1750 decoding chunk=18.75 t/s avg=20.69 t/s 84.576s
0824 01:16:01 ds4-server: chat ctx=1870..1878:8 gen=1758 decoding chunk=18.74 t/s avg=20.68 t/s 85.003s
0824 01:16:01 ds4-server: thinking live checkpoint remembered ctx=0..120:120 live=1878 visible=791
0824 01:16:01 ds4-server: chat ctx=0..120:120 gen=1758 finish=stop 90.429s
0824 01:16:04 ds4-server: live kv cache miss live=1878 prompt=142 common=35 reason=token-mismatch
0824 01:16:04 ds4-server: chat ctx=0..142:142 prompt start
0824 01:16:04 ds4-server: chat ctx=0..142:142 prefill chunk 1/142 (0.7%) chunk=0.00 t/s avg=3.11 t/s 0.321s
0824 01:16:04 ds4-server: chat ctx=0..142:142 prefill chunk 2/142 (1.4%) chunk=23.67 t/s avg=5.50 t/s 0.364s
0824 01:16:04 ds4-server: chat ctx=0..142:142 prefill chunk 3/142 (2.1%) chunk=22.75 t/s avg=7.36 t/s 0.407s
0824 01:16:04 ds4-server: chat ctx=0..142:142 prefill chunk 4/142 (2.8%) chunk=24.01 t/s avg=8.91 t/s 0.449s
0824 01:16:04 ds4-server: chat ctx=0..142:142 prefill chunk 5/142 (3.5%) chunk=23.91 t/s avg=10.18 t/s 0.491s
0824 01:16:04 ds4-server: chat ctx=0..142:142 prefill chunk 6/142 (4.2%) chunk=22.65 t/s avg=11.21 t/s 0.535s
0824 01:16:05 ds4-server: chat ctx=0..142:142 prefill chunk 7/142 (4.9%) chunk=23.75 t/s avg=12.13 t/s 0.577s
0824 01:16:05 ds4-server: chat ctx=0..142:142 prefill chunk 8/142 (5.6%) chunk=23.94 t/s avg=12.92 t/s 0.619s
0824 01:16:05 ds4-server: chat ctx=0..142:142 prefill chunk 9/142 (6.3%) chunk=23.60 t/s avg=13.61 t/s 0.661s
0824 01:16:05 ds4-server: chat ctx=0..142:142 prefill chunk 10/142 (7.0%) chunk=23.23 t/s avg=14.20 t/s 0.704s
0824 01:16:05 ds4-server: chat ctx=0..142:142 prefill chunk 11/142 (7.7%) chunk=23.75 t/s avg=14.73 t/s 0.747s
0824 01:16:05 ds4-server: chat ctx=0..142:142 prefill chunk 12/142 (8.5%) chunk=23.78 t/s avg=15.22 t/s 0.789s
0824 01:16:05 ds4-server: chat ctx=0..142:142 prefill chunk 13/142 (9.2%) chunk=23.09 t/s avg=15.63 t/s 0.832s
0824 01:16:05 ds4-server: chat ctx=0..142:142 prefill chunk 14/142 (9.9%) chunk=23.00 t/s avg=15.99 t/s 0.875s
0824 01:16:05 ds4-server: chat ctx=0..142:142 prefill chunk 15/142 (10.6%) chunk=23.79 t/s avg=16.35 t/s 0.917s
0824 01:16:05 ds4-server: chat ctx=0..142:142 prefill chunk 16/142 (11.3%) chunk=23.63 t/s avg=16.67 t/s 0.960s
0824 01:16:05 ds4-server: chat ctx=0..142:142 prefill chunk 17/142 (12.0%) chunk=22.92 t/s avg=16.94 t/s 1.003s
0824 01:16:05 ds4-server: chat ctx=0..142:142 prefill chunk 18/142 (12.7%) chunk=23.41 t/s avg=17.21 t/s 1.046s
0824 01:16:05 ds4-server: chat ctx=0..142:142 prefill chunk 19/142 (13.4%) chunk=23.89 t/s avg=17.46 t/s 1.088s
0824 01:16:05 ds4-server: chat ctx=0..142:142 prefill chunk 20/142 (14.1%) chunk=23.17 t/s avg=17.68 t/s 1.131s
0824 01:16:05 ds4-server: chat ctx=0..142:142 prefill chunk 21/142 (14.8%) chunk=22.98 t/s avg=17.88 t/s 1.175s
0824 01:16:05 ds4-server: chat ctx=0..142:142 prefill chunk 22/142 (15.5%) chunk=23.84 t/s avg=18.08 t/s 1.217s
0824 01:16:05 ds4-server: chat ctx=0..142:142 prefill chunk 23/142 (16.2%) chunk=23.42 t/s avg=18.26 t/s 1.259s
0824 01:16:05 ds4-server: chat ctx=0..142:142 prefill chunk 24/142 (16.9%) chunk=22.84 t/s avg=18.42 t/s 1.303s
0824 01:16:05 ds4-server: chat ctx=0..142:142 prefill chunk 25/142 (17.6%) chunk=23.71 t/s avg=18.58 t/s 1.345s
0824 01:16:05 ds4-server: chat ctx=0..142:142 prefill chunk 26/142 (18.3%) chunk=23.77 t/s avg=18.74 t/s 1.387s
0824 01:16:05 ds4-server: chat ctx=0..142:142 prefill chunk 27/142 (19.0%) chunk=23.33 t/s avg=18.88 t/s 1.430s
0824 01:16:05 ds4-server: chat ctx=0..142:142 prefill chunk 28/142 (19.7%) chunk=22.82 t/s avg=19.00 t/s 1.474s
0824 01:16:05 ds4-server: chat ctx=0..142:142 prefill chunk 29/142 (20.4%) chunk=23.88 t/s avg=19.13 t/s 1.516s
0824 01:16:05 ds4-server: chat ctx=0..142:142 prefill chunk 30/142 (21.1%) chunk=23.77 t/s avg=19.26 t/s 1.558s
0824 01:16:06 ds4-server: chat ctx=0..142:142 prefill chunk 31/142 (21.8%) chunk=22.50 t/s avg=19.35 t/s 1.602s
0824 01:16:06 ds4-server: chat ctx=0..142:142 prefill chunk 32/142 (22.5%) chunk=23.79 t/s avg=19.46 t/s 1.644s
0824 01:16:06 ds4-server: chat ctx=0..142:142 prefill chunk 33/142 (23.2%) chunk=24.28 t/s avg=19.58 t/s 1.686s
0824 01:16:06 ds4-server: chat ctx=0..142:142 prefill chunk 34/142 (23.9%) chunk=23.81 t/s avg=19.68 t/s 1.728s
0824 01:16:06 ds4-server: chat ctx=0..142:142 prefill chunk 35/142 (24.6%) chunk=22.96 t/s avg=19.76 t/s 1.771s
0824 01:16:06 ds4-server: chat ctx=0..142:142 prefill chunk 36/142 (25.4%) chunk=23.57 t/s avg=19.85 t/s 1.814s
0824 01:16:06 ds4-server: chat ctx=0..142:142 prefill chunk 37/142 (26.1%) chunk=23.61 t/s avg=19.94 t/s 1.856s
0824 01:16:06 ds4-server: chat ctx=0..142:142 prefill chunk 38/142 (26.8%) chunk=23.00 t/s avg=20.01 t/s 1.899s
0824 01:16:06 ds4-server: chat ctx=0..142:142 prefill chunk 39/142 (27.5%) chunk=23.12 t/s avg=20.08 t/s 1.943s
0824 01:16:06 ds4-server: chat ctx=0..142:142 prefill chunk 40/142 (28.2%) chunk=23.77 t/s avg=20.15 t/s 1.985s
0824 01:16:06 ds4-server: chat ctx=0..142:142 prefill chunk 41/142 (28.9%) chunk=23.46 t/s avg=20.22 t/s 2.027s
0824 01:16:06 ds4-server: chat ctx=0..142:142 prefill chunk 42/142 (29.6%) chunk=23.07 t/s avg=20.28 t/s 2.071s
0824 01:16:06 ds4-server: chat ctx=0..142:142 prefill chunk 43/142 (30.3%) chunk=23.41 t/s avg=20.35 t/s 2.113s
0824 01:16:06 ds4-server: chat ctx=0..142:142 prefill chunk 44/142 (31.0%) chunk=23.79 t/s avg=20.41 t/s 2.155s
0824 01:16:06 ds4-server: chat ctx=0..142:142 prefill chunk 45/142 (31.7%) chunk=23.05 t/s avg=20.47 t/s 2.199s
0824 01:16:06 ds4-server: chat ctx=0..142:142 prefill chunk 46/142 (32.4%) chunk=23.25 t/s avg=20.52 t/s 2.242s
0824 01:16:06 ds4-server: chat ctx=0..142:142 prefill chunk 47/142 (33.1%) chunk=23.91 t/s avg=20.58 t/s 2.284s
0824 01:16:06 ds4-server: chat ctx=0..142:142 prefill chunk 48/142 (33.8%) chunk=23.35 t/s avg=20.63 t/s 2.326s
0824 01:16:06 ds4-server: chat ctx=0..142:142 prefill chunk 49/142 (34.5%) chunk=22.99 t/s avg=20.68 t/s 2.370s
0824 01:16:06 ds4-server: chat ctx=0..142:142 prefill chunk 50/142 (35.2%) chunk=23.33 t/s avg=20.72 t/s 2.413s
0824 01:16:06 ds4-server: chat ctx=0..142:142 prefill chunk 51/142 (35.9%) chunk=23.71 t/s avg=20.77 t/s 2.455s
0824 01:16:06 ds4-server: chat ctx=0..142:142 prefill chunk 52/142 (36.6%) chunk=22.98 t/s avg=20.81 t/s 2.499s
0824 01:16:06 ds4-server: chat ctx=0..142:142 prefill chunk 53/142 (37.3%) chunk=22.99 t/s avg=20.85 t/s 2.542s
0824 01:16:07 ds4-server: chat ctx=0..142:142 prefill chunk 54/142 (38.0%) chunk=23.55 t/s avg=20.89 t/s 2.584s
0824 01:16:07 ds4-server: chat ctx=0..142:142 prefill chunk 55/142 (38.7%) chunk=23.38 t/s avg=20.93 t/s 2.627s
0824 01:16:07 ds4-server: chat ctx=0..142:142 prefill chunk 56/142 (39.4%) chunk=22.72 t/s avg=20.96 t/s 2.671s
0824 01:16:07 ds4-server: chat ctx=0..142:142 prefill chunk 57/142 (40.1%) chunk=23.60 t/s avg=21.01 t/s 2.714s
0824 01:16:07 ds4-server: chat ctx=0..142:142 prefill chunk 58/142 (40.8%) chunk=23.59 t/s avg=21.04 t/s 2.756s
0824 01:16:07 ds4-server: chat ctx=0..142:142 prefill chunk 59/142 (41.5%) chunk=22.47 t/s avg=21.07 t/s 2.801s
0824 01:16:07 ds4-server: chat ctx=0..142:142 prefill chunk 60/142 (42.3%) chunk=23.28 t/s avg=21.10 t/s 2.843s
0824 01:16:07 ds4-server: chat ctx=0..142:142 prefill chunk 61/142 (43.0%) chunk=23.78 t/s avg=21.14 t/s 2.886s
0824 01:16:07 ds4-server: chat ctx=0..142:142 prefill chunk 62/142 (43.7%) chunk=23.38 t/s avg=21.17 t/s 2.928s
0824 01:16:07 ds4-server: chat ctx=0..142:142 prefill chunk 63/142 (44.4%) chunk=22.52 t/s avg=21.19 t/s 2.973s
0824 01:16:07 ds4-server: chat ctx=0..142:142 prefill chunk 64/142 (45.1%) chunk=23.49 t/s avg=21.23 t/s 3.015s
0824 01:16:07 ds4-server: chat ctx=0..142:142 prefill chunk 65/142 (45.8%) chunk=23.61 t/s avg=21.26 t/s 3.058s
0824 01:16:07 ds4-server: chat ctx=0..142:142 prefill chunk 66/142 (46.5%) chunk=22.56 t/s avg=21.28 t/s 3.102s
0824 01:16:07 ds4-server: chat ctx=0..142:142 prefill chunk 67/142 (47.2%) chunk=23.40 t/s avg=21.31 t/s 3.145s
0824 01:16:07 ds4-server: chat ctx=0..142:142 prefill chunk 68/142 (47.9%) chunk=23.62 t/s avg=21.34 t/s 3.187s
0824 01:16:07 ds4-server: chat ctx=0..142:142 prefill chunk 69/142 (48.6%) chunk=23.47 t/s avg=21.36 t/s 3.230s
0824 01:16:07 ds4-server: chat ctx=0..142:142 prefill chunk 70/142 (49.3%) chunk=22.78 t/s avg=21.38 t/s 3.274s
0824 01:16:07 ds4-server: chat ctx=0..142:142 prefill chunk 71/142 (50.0%) chunk=23.65 t/s avg=21.41 t/s 3.316s
0824 01:16:07 ds4-server: chat ctx=0..142:142 prefill chunk 72/142 (50.7%) chunk=23.67 t/s avg=21.44 t/s 3.358s
0824 01:16:07 ds4-server: chat ctx=0..142:142 prefill chunk 73/142 (51.4%) chunk=22.54 t/s avg=21.46 t/s 3.402s
0824 01:16:07 ds4-server: chat ctx=0..142:142 prefill chunk 74/142 (52.1%) chunk=23.35 t/s avg=21.48 t/s 3.445s
0824 01:16:07 ds4-server: chat ctx=0..142:142 prefill chunk 75/142 (52.8%) chunk=23.73 t/s avg=21.51 t/s 3.487s
0824 01:16:07 ds4-server: chat ctx=0..142:142 prefill chunk 76/142 (53.5%) chunk=23.39 t/s avg=21.53 t/s 3.530s
0824 01:16:08 ds4-server: chat ctx=0..142:142 prefill chunk 77/142 (54.2%) chunk=22.80 t/s avg=21.54 t/s 3.574s
0824 01:16:08 ds4-server: chat ctx=0..142:142 prefill chunk 78/142 (54.9%) chunk=23.59 t/s avg=21.57 t/s 3.616s
0824 01:16:08 ds4-server: chat ctx=0..142:142 prefill chunk 79/142 (55.6%) chunk=23.42 t/s avg=21.59 t/s 3.659s
0824 01:16:08 ds4-server: chat ctx=0..142:142 prefill chunk 80/142 (56.3%) chunk=22.76 t/s avg=21.60 t/s 3.703s
0824 01:16:08 ds4-server: chat ctx=0..142:142 prefill chunk 81/142 (57.0%) chunk=23.41 t/s avg=21.62 t/s 3.746s
0824 01:16:08 ds4-server: chat ctx=0..142:142 prefill chunk 82/142 (57.7%) chunk=23.80 t/s avg=21.65 t/s 3.788s
0824 01:16:08 ds4-server: chat ctx=0..142:142 prefill chunk 83/142 (58.5%) chunk=23.62 t/s avg=21.67 t/s 3.830s
0824 01:16:08 ds4-server: chat ctx=0..142:142 prefill chunk 84/142 (59.2%) chunk=22.41 t/s avg=21.68 t/s 3.875s
0824 01:16:08 ds4-server: chat ctx=0..142:142 prefill chunk 85/142 (59.9%) chunk=23.72 t/s avg=21.70 t/s 3.917s
0824 01:16:08 ds4-server: chat ctx=0..142:142 prefill chunk 86/142 (60.6%) chunk=23.30 t/s avg=21.72 t/s 3.960s
0824 01:16:08 ds4-server: chat ctx=0..142:142 prefill chunk 87/142 (61.3%) chunk=22.67 t/s avg=21.73 t/s 4.004s
0824 01:16:08 ds4-server: chat ctx=0..142:142 prefill chunk 88/142 (62.0%) chunk=23.48 t/s avg=21.75 t/s 4.047s
0824 01:16:08 ds4-server: chat ctx=0..142:142 prefill chunk 89/142 (62.7%) chunk=23.72 t/s avg=21.77 t/s 4.089s
0824 01:16:08 ds4-server: chat ctx=0..142:142 prefill chunk 90/142 (63.4%) chunk=23.08 t/s avg=21.78 t/s 4.132s
0824 01:16:08 ds4-server: chat ctx=0..142:142 prefill chunk 91/142 (64.1%) chunk=22.82 t/s avg=21.79 t/s 4.176s
0824 01:16:08 ds4-server: chat ctx=0..142:142 prefill chunk 92/142 (64.8%) chunk=23.69 t/s avg=21.81 t/s 4.218s
0824 01:16:08 ds4-server: chat ctx=0..142:142 prefill chunk 93/142 (65.5%) chunk=23.33 t/s avg=21.83 t/s 4.261s
0824 01:16:08 ds4-server: chat ctx=0..142:142 prefill chunk 94/142 (66.2%) chunk=22.57 t/s avg=21.83 t/s 4.305s
0824 01:16:08 ds4-server: chat ctx=0..142:142 prefill chunk 95/142 (66.9%) chunk=23.69 t/s avg=21.85 t/s 4.347s
0824 01:16:08 ds4-server: chat ctx=0..142:142 prefill chunk 96/142 (67.6%) chunk=23.57 t/s avg=21.87 t/s 4.390s
0824 01:16:08 ds4-server: chat ctx=0..142:142 prefill chunk 97/142 (68.3%) chunk=22.55 t/s avg=21.88 t/s 4.434s
0824 01:16:08 ds4-server: chat ctx=0..142:142 prefill chunk 98/142 (69.0%) chunk=23.41 t/s avg=21.89 t/s 4.477s
0824 01:16:08 ds4-server: chat ctx=0..142:142 prefill chunk 99/142 (69.7%) chunk=23.79 t/s avg=21.91 t/s 4.519s
0824 01:16:08 ds4-server: chat ctx=0..142:142 prefill chunk 100/142 (70.4%) chunk=23.44 t/s avg=21.92 t/s 4.562s
0824 01:16:09 ds4-server: chat ctx=0..142:142 prefill chunk 101/142 (71.1%) chunk=22.51 t/s avg=21.93 t/s 4.606s
0824 01:16:09 ds4-server: chat ctx=0..142:142 prefill chunk 102/142 (71.8%) chunk=23.74 t/s avg=21.94 t/s 4.648s
0824 01:16:09 ds4-server: chat ctx=0..142:142 prefill chunk 103/142 (72.5%) chunk=23.66 t/s avg=21.96 t/s 4.690s
0824 01:16:09 ds4-server: chat ctx=0..142:142 prefill chunk 104/142 (73.2%) chunk=22.53 t/s avg=21.96 t/s 4.735s
0824 01:16:09 ds4-server: chat ctx=0..142:142 prefill chunk 105/142 (73.9%) chunk=23.46 t/s avg=21.98 t/s 4.777s
0824 01:16:09 ds4-server: chat ctx=0..142:142 prefill chunk 106/142 (74.6%) chunk=23.70 t/s avg=21.99 t/s 4.820s
0824 01:16:09 ds4-server: chat ctx=0..142:142 prefill chunk 107/142 (75.4%) chunk=23.55 t/s avg=22.01 t/s 4.862s
0824 01:16:09 ds4-server: chat ctx=0..142:142 prefill chunk 108/142 (76.1%) chunk=22.43 t/s avg=22.01 t/s 4.907s
0824 01:16:09 ds4-server: chat ctx=0..142:142 prefill chunk 109/142 (76.8%) chunk=23.52 t/s avg=22.02 t/s 4.949s
0824 01:16:09 ds4-server: chat ctx=0..142:142 prefill chunk 110/142 (77.5%) chunk=23.70 t/s avg=22.04 t/s 4.991s
0824 01:16:09 ds4-server: chat ctx=0..142:142 prefill chunk 111/142 (78.2%) chunk=22.56 t/s avg=22.04 t/s 5.036s
0824 01:16:09 ds4-server: chat ctx=0..142:142 prefill chunk 112/142 (78.9%) chunk=23.41 t/s avg=22.05 t/s 5.078s
0824 01:16:09 ds4-server: chat ctx=0..142:142 prefill chunk 113/142 (79.6%) chunk=23.58 t/s avg=22.07 t/s 5.121s
0824 01:16:09 ds4-server: chat ctx=0..142:142 prefill chunk 114/142 (80.3%) chunk=23.37 t/s avg=22.08 t/s 5.164s
0824 01:16:09 ds4-server: chat ctx=0..142:142 prefill chunk 115/142 (81.0%) chunk=22.50 t/s avg=22.08 t/s 5.208s
0824 01:16:09 ds4-server: chat ctx=0..142:142 prefill chunk 116/142 (81.7%) chunk=23.57 t/s avg=22.09 t/s 5.251s
0824 01:16:09 ds4-server: chat ctx=0..142:142 prefill chunk 117/142 (82.4%) chunk=23.18 t/s avg=22.10 t/s 5.294s
0824 01:16:09 ds4-server: chat ctx=0..142:142 prefill chunk 118/142 (83.1%) chunk=22.72 t/s avg=22.11 t/s 5.338s
0824 01:16:09 ds4-server: chat ctx=0..142:142 prefill chunk 119/142 (83.8%) chunk=23.37 t/s avg=22.12 t/s 5.380s
0824 01:16:09 ds4-server: chat ctx=0..142:142 prefill chunk 120/142 (84.5%) chunk=23.56 t/s avg=22.13 t/s 5.423s
0824 01:16:09 ds4-server: chat ctx=0..142:142 prefill chunk 121/142 (85.2%) chunk=22.31 t/s avg=22.13 t/s 5.468s
0824 01:16:09 ds4-server: chat ctx=0..142:142 prefill chunk 122/142 (85.9%) chunk=23.29 t/s avg=22.14 t/s 5.511s
0824 01:16:09 ds4-server: chat ctx=0..142:142 prefill chunk 123/142 (86.6%) chunk=23.63 t/s avg=22.15 t/s 5.553s
0824 01:16:10 ds4-server: chat ctx=0..142:142 prefill chunk 124/142 (87.3%) chunk=23.42 t/s avg=22.16 t/s 5.596s
0824 01:16:10 ds4-server: chat ctx=0..142:142 prefill chunk 125/142 (88.0%) chunk=22.45 t/s avg=22.16 t/s 5.640s
0824 01:16:10 ds4-server: chat ctx=0..142:142 prefill chunk 126/142 (88.7%) chunk=23.68 t/s avg=22.17 t/s 5.682s
0824 01:16:10 ds4-server: chat ctx=0..142:142 prefill chunk 127/142 (89.4%) chunk=23.24 t/s avg=22.18 t/s 5.725s
0824 01:16:10 ds4-server: chat ctx=0..142:142 prefill chunk 128/142 (90.1%) chunk=22.66 t/s avg=22.19 t/s 5.770s
0824 01:16:10 ds4-server: chat ctx=0..142:142 prefill chunk 129/142 (90.8%) chunk=23.38 t/s avg=22.19 t/s 5.812s
0824 01:16:10 ds4-server: chat ctx=0..142:142 prefill chunk 130/142 (91.5%) chunk=23.39 t/s avg=22.20 t/s 5.855s
0824 01:16:10 ds4-server: chat ctx=0..142:142 prefill chunk 131/142 (92.3%) chunk=22.82 t/s avg=22.21 t/s 5.899s
0824 01:16:10 ds4-server: chat ctx=0..142:142 prefill chunk 132/142 (93.0%) chunk=22.73 t/s avg=22.21 t/s 5.943s
0824 01:16:10 ds4-server: chat ctx=0..142:142 prefill chunk 133/142 (93.7%) chunk=23.37 t/s avg=22.22 t/s 5.986s
0824 01:16:10 ds4-server: chat ctx=0..142:142 prefill chunk 134/142 (94.4%) chunk=23.37 t/s avg=22.23 t/s 6.029s
0824 01:16:10 ds4-server: chat ctx=0..142:142 prefill chunk 135/142 (95.1%) chunk=22.35 t/s avg=22.23 t/s 6.073s
0824 01:16:10 ds4-server: chat ctx=0..142:142 prefill chunk 136/142 (95.8%) chunk=23.65 t/s avg=22.24 t/s 6.116s
0824 01:16:10 ds4-server: chat ctx=0..142:142 prefill chunk 137/142 (96.5%) chunk=23.30 t/s avg=22.25 t/s 6.158s
0824 01:16:10 ds4-server: chat ctx=0..142:142 prefill chunk 138/142 (97.2%) chunk=22.50 t/s avg=22.25 t/s 6.203s
0824 01:16:10 ds4-server: chat ctx=0..142:142 prefill chunk 139/142 (97.9%) chunk=23.41 t/s avg=22.26 t/s 6.246s
0824 01:16:10 ds4-server: chat ctx=0..142:142 prefill chunk 140/142 (98.6%) chunk=23.66 t/s avg=22.27 t/s 6.288s
0824 01:16:10 ds4-server: chat ctx=0..142:142 prefill chunk 141/142 (99.3%) chunk=22.71 t/s avg=22.27 t/s 6.332s
0824 01:16:10 ds4-server: chat ctx=0..142:142 prefill chunk 142/142 (100.0%) chunk=22.77 t/s avg=22.27 t/s 6.376s
0824 01:16:10 ds4-server: chat ctx=0..142:142 prompt done 6.376s
0824 01:16:12 ds4-server: chat ctx=142..192:50 gen=50 THINKING decoding chunk=23.00 t/s avg=23.00 t/s 2.174s
0824 01:16:15 ds4-server: chat ctx=192..242:50 gen=100 THINKING decoding chunk=22.88 t/s avg=22.94 t/s 4.359s
0824 01:16:17 ds4-server: chat ctx=242..292:50 gen=150 THINKING decoding chunk=22.73 t/s avg=22.87 t/s 6.559s
0824 01:16:19 ds4-server: chat ctx=292..342:50 gen=200 THINKING decoding chunk=22.56 t/s avg=22.79 t/s 8.775s
0824 01:16:21 ds4-server: chat ctx=342..392:50 gen=250 THINKING decoding chunk=22.43 t/s avg=22.72 t/s 11.005s
0824 01:16:24 ds4-server: chat ctx=392..442:50 gen=300 THINKING decoding chunk=22.30 t/s avg=22.65 t/s 13.247s
0824 01:16:26 ds4-server: chat ctx=442..492:50 gen=350 THINKING decoding chunk=22.13 t/s avg=22.57 t/s 15.506s
0824 01:16:28 ds4-server: chat ctx=492..542:50 gen=400 THINKING decoding chunk=21.97 t/s avg=22.49 t/s 17.782s
0824 01:16:30 ds4-server: chat ctx=542..592:50 gen=450 THINKING decoding chunk=21.82 t/s avg=22.42 t/s 20.074s
0824 01:16:33 ds4-server: chat ctx=592..642:50 gen=500 THINKING decoding chunk=21.70 t/s avg=22.34 t/s 22.378s
0824 01:16:35 ds4-server: chat ctx=642..692:50 gen=550 THINKING decoding chunk=21.53 t/s avg=22.27 t/s 24.700s
0824 01:16:37 ds4-server: chat ctx=692..742:50 gen=600 THINKING decoding chunk=21.41 t/s avg=22.19 t/s 27.036s
0824 01:16:40 ds4-server: chat ctx=742..792:50 gen=650 THINKING decoding chunk=21.24 t/s avg=22.12 t/s 29.390s
0824 01:16:42 ds4-server: chat ctx=792..842:50 gen=700 THINKING decoding chunk=21.14 t/s avg=22.04 t/s 31.756s
0824 01:16:44 ds4-server: chat ctx=842..892:50 gen=750 THINKING decoding chunk=21.00 t/s avg=21.97 t/s 34.136s
0824 01:16:47 ds4-server: chat ctx=892..942:50 gen=800 THINKING decoding chunk=20.88 t/s avg=21.90 t/s 36.531s
0824 01:16:49 ds4-server: chat ctx=942..992:50 gen=850 THINKING decoding chunk=20.63 t/s avg=21.82 t/s 38.954s
0824 01:16:52 ds4-server: chat ctx=992..1042:50 gen=900 THINKING decoding chunk=20.53 t/s avg=21.74 t/s 41.389s
0824 01:16:54 ds4-server: chat ctx=1042..1092:50 gen=950 THINKING decoding chunk=20.53 t/s avg=21.68 t/s 43.825s
0824 01:16:57 ds4-server: chat ctx=1092..1142:50 gen=1000 THINKING decoding chunk=20.40 t/s avg=21.61 t/s 46.276s
0824 01:16:59 ds4-server: chat ctx=1142..1192:50 gen=1050 THINKING decoding chunk=20.26 t/s avg=21.54 t/s 48.744s
0824 01:17:02 ds4-server: chat ctx=1192..1242:50 gen=1100 THINKING decoding chunk=20.11 t/s avg=21.47 t/s 51.229s
0824 01:17:04 ds4-server: chat ctx=1242..1292:50 gen=1150 THINKING decoding chunk=20.01 t/s avg=21.40 t/s 53.728s
0824 01:17:07 ds4-server: chat ctx=1292..1342:50 gen=1200 THINKING decoding chunk=19.92 t/s avg=21.34 t/s 56.239s
0824 01:17:09 ds4-server: chat ctx=1342..1392:50 gen=1250 THINKING decoding chunk=19.80 t/s avg=21.27 t/s 58.764s
0824 01:17:12 ds4-server: chat ctx=1392..1442:50 gen=1300 THINKING decoding chunk=19.65 t/s avg=21.20 t/s 61.308s
0824 01:17:14 ds4-server: chat ctx=1442..1492:50 gen=1350 decoding chunk=19.55 t/s avg=21.14 t/s 63.865s
0824 01:17:15 ds4-server: chat ctx=1492..1502:10 gen=1360 decoding chunk=19.54 t/s avg=21.13 t/s 64.377s
0824 01:17:15 ds4-server: thinking live checkpoint remembered ctx=0..142:142 live=1502 visible=733
0824 01:17:15 ds4-server: chat ctx=0..142:142 gen=1360 finish=stop 70.753s
0824 01:17:17 ds4-server: live kv cache miss live=1502 prompt=108 common=30 reason=token-mismatch
0824 01:17:17 ds4-server: chat ctx=0..108:108 prompt start
0824 01:17:18 ds4-server: chat ctx=0..108:108 prefill chunk 1/108 (0.9%) chunk=0.00 t/s avg=3.13 t/s 0.320s
0824 01:17:18 ds4-server: chat ctx=0..108:108 prefill chunk 2/108 (1.9%) chunk=22.70 t/s avg=5.50 t/s 0.364s
0824 01:17:18 ds4-server: chat ctx=0..108:108 prefill chunk 3/108 (2.8%) chunk=23.85 t/s avg=7.39 t/s 0.406s
0824 01:17:18 ds4-server: chat ctx=0..108:108 prefill chunk 4/108 (3.7%) chunk=23.57 t/s avg=8.92 t/s 0.448s
0824 01:17:18 ds4-server: chat ctx=0..108:108 prefill chunk 5/108 (4.6%) chunk=23.40 t/s avg=10.18 t/s 0.491s
0824 01:17:18 ds4-server: chat ctx=0..108:108 prefill chunk 6/108 (5.6%) chunk=23.13 t/s avg=11.23 t/s 0.534s
0824 01:17:18 ds4-server: chat ctx=0..108:108 prefill chunk 7/108 (6.5%) chunk=23.76 t/s avg=12.15 t/s 0.576s
0824 01:17:18 ds4-server: chat ctx=0..108:108 prefill chunk 8/108 (7.4%) chunk=23.53 t/s avg=12.93 t/s 0.619s
0824 01:17:18 ds4-server: chat ctx=0..108:108 prefill chunk 9/108 (8.3%) chunk=22.83 t/s avg=13.58 t/s 0.663s
0824 01:17:18 ds4-server: chat ctx=0..108:108 prefill chunk 10/108 (9.3%) chunk=23.75 t/s avg=14.19 t/s 0.705s
0824 01:17:18 ds4-server: chat ctx=0..108:108 prefill chunk 11/108 (10.2%) chunk=23.31 t/s avg=14.71 t/s 0.748s
0824 01:17:18 ds4-server: chat ctx=0..108:108 prefill chunk 12/108 (11.1%) chunk=23.31 t/s avg=15.18 t/s 0.790s
0824 01:17:18 ds4-server: chat ctx=0..108:108 prefill chunk 13/108 (12.0%) chunk=23.08 t/s avg=15.59 t/s 0.834s
0824 01:17:18 ds4-server: chat ctx=0..108:108 prefill chunk 14/108 (13.0%) chunk=24.15 t/s avg=16.00 t/s 0.875s
0824 01:17:18 ds4-server: chat ctx=0..108:108 prefill chunk 15/108 (13.9%) chunk=23.67 t/s avg=16.35 t/s 0.917s
0824 01:17:18 ds4-server: chat ctx=0..108:108 prefill chunk 16/108 (14.8%) chunk=22.99 t/s avg=16.65 t/s 0.961s
0824 01:17:18 ds4-server: chat ctx=0..108:108 prefill chunk 17/108 (15.7%) chunk=23.54 t/s avg=16.94 t/s 1.003s
0824 01:17:18 ds4-server: chat ctx=0..108:108 prefill chunk 18/108 (16.7%) chunk=23.94 t/s avg=17.22 t/s 1.045s
0824 01:17:19 ds4-server: chat ctx=0..108:108 prefill chunk 19/108 (17.6%) chunk=23.66 t/s avg=17.47 t/s 1.087s
0824 01:17:19 ds4-server: chat ctx=0..108:108 prefill chunk 20/108 (18.5%) chunk=22.70 t/s avg=17.68 t/s 1.131s
0824 01:17:19 ds4-server: chat ctx=0..108:108 prefill chunk 21/108 (19.4%) chunk=23.70 t/s avg=17.89 t/s 1.174s
0824 01:17:19 ds4-server: chat ctx=0..108:108 prefill chunk 22/108 (20.4%) chunk=23.66 t/s avg=18.09 t/s 1.216s
0824 01:17:19 ds4-server: chat ctx=0..108:108 prefill chunk 23/108 (21.3%) chunk=22.70 t/s avg=18.25 t/s 1.260s
0824 01:17:19 ds4-server: chat ctx=0..108:108 prefill chunk 24/108 (22.2%) chunk=23.36 t/s avg=18.42 t/s 1.303s
0824 01:17:19 ds4-server: chat ctx=0..108:108 prefill chunk 25/108 (23.1%) chunk=23.71 t/s avg=18.59 t/s 1.345s
0824 01:17:19 ds4-server: chat ctx=0..108:108 prefill chunk 26/108 (24.1%) chunk=23.42 t/s avg=18.74 t/s 1.388s
0824 01:17:19 ds4-server: chat ctx=0..108:108 prefill chunk 27/108 (25.0%) chunk=22.67 t/s avg=18.86 t/s 1.432s
0824 01:17:19 ds4-server: chat ctx=0..108:108 prefill chunk 28/108 (25.9%) chunk=23.94 t/s avg=19.00 t/s 1.474s
0824 01:17:19 ds4-server: chat ctx=0..108:108 prefill chunk 29/108 (26.9%) chunk=23.55 t/s avg=19.13 t/s 1.516s
0824 01:17:19 ds4-server: chat ctx=0..108:108 prefill chunk 30/108 (27.8%) chunk=22.82 t/s avg=19.23 t/s 1.560s
0824 01:17:19 ds4-server: chat ctx=0..108:108 prefill chunk 31/108 (28.7%) chunk=24.07 t/s avg=19.36 t/s 1.601s
0824 01:17:19 ds4-server: chat ctx=0..108:108 prefill chunk 32/108 (29.6%) chunk=24.15 t/s avg=19.48 t/s 1.643s
0824 01:17:19 ds4-server: chat ctx=0..108:108 prefill chunk 33/108 (30.6%) chunk=23.58 t/s avg=19.58 t/s 1.685s
0824 01:17:19 ds4-server: chat ctx=0..108:108 prefill chunk 34/108 (31.5%) chunk=23.10 t/s avg=19.67 t/s 1.729s
0824 01:17:19 ds4-server: chat ctx=0..108:108 prefill chunk 35/108 (32.4%) chunk=23.63 t/s avg=19.76 t/s 1.771s
0824 01:17:19 ds4-server: chat ctx=0..108:108 prefill chunk 36/108 (33.3%) chunk=23.24 t/s avg=19.85 t/s 1.814s
0824 01:17:19 ds4-server: chat ctx=0..108:108 prefill chunk 37/108 (34.3%) chunk=23.57 t/s avg=19.93 t/s 1.856s
0824 01:17:19 ds4-server: chat ctx=0..108:108 prefill chunk 38/108 (35.2%) chunk=23.47 t/s avg=20.01 t/s 1.899s
0824 01:17:19 ds4-server: chat ctx=0..108:108 prefill chunk 39/108 (36.1%) chunk=23.96 t/s avg=20.10 t/s 1.941s
0824 01:17:19 ds4-server: chat ctx=0..108:108 prefill chunk 40/108 (37.0%) chunk=23.35 t/s avg=20.17 t/s 1.983s
0824 01:17:19 ds4-server: chat ctx=0..108:108 prefill chunk 41/108 (38.0%) chunk=22.55 t/s avg=20.22 t/s 2.028s
0824 01:17:20 ds4-server: chat ctx=0..108:108 prefill chunk 42/108 (38.9%) chunk=23.85 t/s avg=20.29 t/s 2.070s
0824 01:17:20 ds4-server: chat ctx=0..108:108 prefill chunk 43/108 (39.8%) chunk=23.95 t/s avg=20.37 t/s 2.111s
0824 01:17:20 ds4-server: chat ctx=0..108:108 prefill chunk 44/108 (40.7%) chunk=23.22 t/s avg=20.42 t/s 2.155s
0824 01:17:20 ds4-server: chat ctx=0..108:108 prefill chunk 45/108 (41.7%) chunk=22.96 t/s avg=20.47 t/s 2.198s
0824 01:17:20 ds4-server: chat ctx=0..108:108 prefill chunk 46/108 (42.6%) chunk=23.82 t/s avg=20.54 t/s 2.240s
0824 01:17:20 ds4-server: chat ctx=0..108:108 prefill chunk 47/108 (43.5%) chunk=23.92 t/s avg=20.60 t/s 2.282s
0824 01:17:20 ds4-server: chat ctx=0..108:108 prefill chunk 48/108 (44.4%) chunk=22.57 t/s avg=20.63 t/s 2.326s
0824 01:17:20 ds4-server: chat ctx=0..108:108 prefill chunk 49/108 (45.4%) chunk=23.56 t/s avg=20.69 t/s 2.369s
0824 01:17:20 ds4-server: chat ctx=0..108:108 prefill chunk 50/108 (46.3%) chunk=23.82 t/s avg=20.74 t/s 2.411s
0824 01:17:20 ds4-server: chat ctx=0..108:108 prefill chunk 51/108 (47.2%) chunk=22.33 t/s avg=20.77 t/s 2.455s
0824 01:17:20 ds4-server: chat ctx=0..108:108 prefill chunk 52/108 (48.1%) chunk=23.73 t/s avg=20.82 t/s 2.498s
0824 01:17:20 ds4-server: chat ctx=0..108:108 prefill chunk 53/108 (49.1%) chunk=23.83 t/s avg=20.87 t/s 2.539s
0824 01:17:20 ds4-server: chat ctx=0..108:108 prefill chunk 54/108 (50.0%) chunk=23.44 t/s avg=20.91 t/s 2.582s
0824 01:17:20 ds4-server: chat ctx=0..108:108 prefill chunk 55/108 (50.9%) chunk=22.58 t/s avg=20.94 t/s 2.626s
0824 01:17:20 ds4-server: chat ctx=0..108:108 prefill chunk 56/108 (51.9%) chunk=23.71 t/s avg=20.98 t/s 2.669s
0824 01:17:20 ds4-server: chat ctx=0..108:108 prefill chunk 57/108 (52.8%) chunk=23.87 t/s avg=21.03 t/s 2.711s
0824 01:17:20 ds4-server: chat ctx=0..108:108 prefill chunk 58/108 (53.7%) chunk=22.33 t/s avg=21.05 t/s 2.755s
0824 01:17:20 ds4-server: chat ctx=0..108:108 prefill chunk 59/108 (54.6%) chunk=23.32 t/s avg=21.09 t/s 2.798s
0824 01:17:20 ds4-server: chat ctx=0..108:108 prefill chunk 60/108 (55.6%) chunk=23.60 t/s avg=21.12 t/s 2.841s
0824 01:17:20 ds4-server: chat ctx=0..108:108 prefill chunk 61/108 (56.5%) chunk=23.53 t/s avg=21.16 t/s 2.883s
0824 01:17:20 ds4-server: chat ctx=0..108:108 prefill chunk 62/108 (57.4%) chunk=22.52 t/s avg=21.18 t/s 2.927s
0824 01:17:20 ds4-server: chat ctx=0..108:108 prefill chunk 63/108 (58.3%) chunk=23.67 t/s avg=21.21 t/s 2.970s
0824 01:17:20 ds4-server: chat ctx=0..108:108 prefill chunk 64/108 (59.3%) chunk=23.77 t/s avg=21.25 t/s 3.012s
0824 01:17:20 ds4-server: chat ctx=0..108:108 prefill chunk 65/108 (60.2%) chunk=22.49 t/s avg=21.27 t/s 3.056s
0824 01:17:21 ds4-server: chat ctx=0..108:108 prefill chunk 66/108 (61.1%) chunk=23.27 t/s avg=21.30 t/s 3.099s
0824 01:17:21 ds4-server: chat ctx=0..108:108 prefill chunk 67/108 (62.0%) chunk=23.68 t/s avg=21.33 t/s 3.141s
0824 01:17:21 ds4-server: chat ctx=0..108:108 prefill chunk 68/108 (63.0%) chunk=23.29 t/s avg=21.35 t/s 3.184s
0824 01:17:21 ds4-server: chat ctx=0..108:108 prefill chunk 69/108 (63.9%) chunk=22.57 t/s avg=21.37 t/s 3.229s
0824 01:17:21 ds4-server: chat ctx=0..108:108 prefill chunk 70/108 (64.8%) chunk=23.63 t/s avg=21.40 t/s 3.271s
0824 01:17:21 ds4-server: chat ctx=0..108:108 prefill chunk 71/108 (65.7%) chunk=23.38 t/s avg=21.43 t/s 3.314s
0824 01:17:21 ds4-server: chat ctx=0..108:108 prefill chunk 72/108 (66.7%) chunk=22.77 t/s avg=21.44 t/s 3.358s
0824 01:17:21 ds4-server: chat ctx=0..108:108 prefill chunk 73/108 (67.6%) chunk=23.52 t/s avg=21.47 t/s 3.400s
0824 01:17:21 ds4-server: chat ctx=0..108:108 prefill chunk 74/108 (68.5%) chunk=23.83 t/s avg=21.50 t/s 3.442s
0824 01:17:21 ds4-server: chat ctx=0..108:108 prefill chunk 75/108 (69.4%) chunk=23.65 t/s avg=21.52 t/s 3.484s
0824 01:17:21 ds4-server: chat ctx=0..108:108 prefill chunk 76/108 (70.4%) chunk=22.53 t/s avg=21.54 t/s 3.529s
0824 01:17:21 ds4-server: chat ctx=0..108:108 prefill chunk 77/108 (71.3%) chunk=23.68 t/s avg=21.56 t/s 3.571s
0824 01:17:21 ds4-server: chat ctx=0..108:108 prefill chunk 78/108 (72.2%) chunk=23.61 t/s avg=21.59 t/s 3.613s
0824 01:17:21 ds4-server: chat ctx=0..108:108 prefill chunk 79/108 (73.1%) chunk=22.93 t/s avg=21.60 t/s 3.657s
0824 01:17:21 ds4-server: chat ctx=0..108:108 prefill chunk 80/108 (74.1%) chunk=23.35 t/s avg=21.62 t/s 3.700s
0824 01:17:21 ds4-server: chat ctx=0..108:108 prefill chunk 81/108 (75.0%) chunk=23.77 t/s avg=21.65 t/s 3.742s
0824 01:17:21 ds4-server: chat ctx=0..108:108 prefill chunk 82/108 (75.9%) chunk=23.45 t/s avg=21.67 t/s 3.785s
0824 01:17:21 ds4-server: chat ctx=0..108:108 prefill chunk 83/108 (76.9%) chunk=22.48 t/s avg=21.68 t/s 3.829s
0824 01:17:21 ds4-server: chat ctx=0..108:108 prefill chunk 84/108 (77.8%) chunk=23.72 t/s avg=21.70 t/s 3.871s
0824 01:17:21 ds4-server: chat ctx=0..108:108 prefill chunk 85/108 (78.7%) chunk=23.57 t/s avg=21.72 t/s 3.914s
0824 01:17:21 ds4-server: chat ctx=0..108:108 prefill chunk 86/108 (79.6%) chunk=22.89 t/s avg=21.73 t/s 3.957s
0824 01:17:21 ds4-server: chat ctx=0..108:108 prefill chunk 87/108 (80.6%) chunk=23.39 t/s avg=21.75 t/s 4.000s
0824 01:17:21 ds4-server: chat ctx=0..108:108 prefill chunk 88/108 (81.5%) chunk=23.77 t/s avg=21.77 t/s 4.042s
0824 01:17:22 ds4-server: chat ctx=0..108:108 prefill chunk 89/108 (82.4%) chunk=23.52 t/s avg=21.79 t/s 4.085s
0824 01:17:22 ds4-server: chat ctx=0..108:108 prefill chunk 90/108 (83.3%) chunk=22.55 t/s avg=21.80 t/s 4.129s
0824 01:17:22 ds4-server: chat ctx=0..108:108 prefill chunk 91/108 (84.3%) chunk=22.53 t/s avg=21.80 t/s 4.173s
0824 01:17:22 ds4-server: chat ctx=0..108:108 prefill chunk 92/108 (85.2%) chunk=23.48 t/s avg=21.82 t/s 4.216s
0824 01:17:22 ds4-server: chat ctx=0..108:108 prefill chunk 93/108 (86.1%) chunk=22.14 t/s avg=21.83 t/s 4.261s
0824 01:17:22 ds4-server: chat ctx=0..108:108 prefill chunk 94/108 (87.0%) chunk=23.45 t/s avg=21.84 t/s 4.304s
0824 01:17:22 ds4-server: chat ctx=0..108:108 prefill chunk 95/108 (88.0%) chunk=23.21 t/s avg=21.85 t/s 4.347s
0824 01:17:22 ds4-server: chat ctx=0..108:108 prefill chunk 96/108 (88.9%) chunk=22.80 t/s avg=21.86 t/s 4.391s
0824 01:17:22 ds4-server: chat ctx=0..108:108 prefill chunk 97/108 (89.8%) chunk=23.56 t/s avg=21.88 t/s 4.433s
0824 01:17:22 ds4-server: chat ctx=0..108:108 prefill chunk 98/108 (90.7%) chunk=23.41 t/s avg=21.90 t/s 4.476s
0824 01:17:22 ds4-server: chat ctx=0..108:108 prefill chunk 99/108 (91.7%) chunk=23.02 t/s avg=21.91 t/s 4.519s
0824 01:17:22 ds4-server: chat ctx=0..108:108 prefill chunk 100/108 (92.6%) chunk=22.80 t/s avg=21.91 t/s 4.563s
0824 01:17:22 ds4-server: chat ctx=0..108:108 prefill chunk 101/108 (93.5%) chunk=23.59 t/s avg=21.93 t/s 4.606s
0824 01:17:22 ds4-server: chat ctx=0..108:108 prefill chunk 102/108 (94.4%) chunk=23.34 t/s avg=21.94 t/s 4.648s
0824 01:17:22 ds4-server: chat ctx=0..108:108 prefill chunk 103/108 (95.4%) chunk=22.40 t/s avg=21.95 t/s 4.693s
0824 01:17:22 ds4-server: chat ctx=0..108:108 prefill chunk 104/108 (96.3%) chunk=23.46 t/s avg=21.96 t/s 4.736s
0824 01:17:22 ds4-server: chat ctx=0..108:108 prefill chunk 105/108 (97.2%) chunk=23.58 t/s avg=21.98 t/s 4.778s
0824 01:17:22 ds4-server: chat ctx=0..108:108 prefill chunk 106/108 (98.1%) chunk=22.25 t/s avg=21.98 t/s 4.823s
0824 01:17:22 ds4-server: chat ctx=0..108:108 prefill chunk 107/108 (99.1%) chunk=23.31 t/s avg=21.99 t/s 4.866s
0824 01:17:22 ds4-server: chat ctx=0..108:108 prefill chunk 108/108 (100.0%) chunk=23.68 t/s avg=22.00 t/s 4.908s
0824 01:17:22 ds4-server: chat ctx=0..108:108 prompt done 4.908s
0824 01:17:25 ds4-server: chat ctx=108..158:50 gen=50 THINKING decoding chunk=23.04 t/s avg=23.04 t/s 2.171s
0824 01:17:27 ds4-server: chat ctx=158..208:50 gen=100 THINKING decoding chunk=22.97 t/s avg=23.00 t/s 4.347s
0824 01:17:29 ds4-server: chat ctx=208..258:50 gen=150 THINKING decoding chunk=22.87 t/s avg=22.96 t/s 6.533s
0824 01:17:31 ds4-server: chat ctx=258..308:50 gen=200 THINKING decoding chunk=22.69 t/s avg=22.89 t/s 8.737s
0824 01:17:33 ds4-server: chat ctx=308..358:50 gen=250 THINKING decoding chunk=22.49 t/s avg=22.81 t/s 10.960s
0824 01:17:36 ds4-server: chat ctx=358..408:50 gen=300 THINKING decoding chunk=22.38 t/s avg=22.74 t/s 13.194s
0824 01:17:38 ds4-server: chat ctx=408..458:50 gen=350 THINKING decoding chunk=22.25 t/s avg=22.67 t/s 15.441s
0824 01:17:40 ds4-server: chat ctx=458..508:50 gen=400 THINKING decoding chunk=22.05 t/s avg=22.59 t/s 17.709s
0824 01:17:42 ds4-server: chat ctx=508..558:50 gen=450 THINKING decoding chunk=21.89 t/s avg=22.51 t/s 19.994s
0824 01:17:45 ds4-server: chat ctx=558..608:50 gen=500 THINKING decoding chunk=21.76 t/s avg=22.43 t/s 22.291s
0824 01:17:47 ds4-server: chat ctx=608..658:50 gen=550 THINKING decoding chunk=21.63 t/s avg=22.35 t/s 24.603s
0824 01:17:49 ds4-server: chat ctx=658..708:50 gen=600 THINKING decoding chunk=21.51 t/s avg=22.28 t/s 26.927s
0824 01:17:52 ds4-server: chat ctx=708..758:50 gen=650 THINKING decoding chunk=21.37 t/s avg=22.21 t/s 29.267s
0824 01:17:54 ds4-server: chat ctx=758..808:50 gen=700 THINKING decoding chunk=21.24 t/s avg=22.14 t/s 31.621s
0824 01:17:56 ds4-server: chat ctx=808..858:50 gen=750 THINKING decoding chunk=21.08 t/s avg=22.06 t/s 33.993s
0824 01:17:59 ds4-server: chat ctx=858..908:50 gen=800 THINKING decoding chunk=20.96 t/s avg=21.99 t/s 36.378s
0824 01:18:01 ds4-server: chat ctx=908..958:50 gen=850 THINKING decoding chunk=20.80 t/s avg=21.92 t/s 38.782s
0824 01:18:04 ds4-server: chat ctx=958..1008:50 gen=900 THINKING decoding chunk=20.73 t/s avg=21.85 t/s 41.194s
0824 01:18:06 ds4-server: chat ctx=1008..1058:50 gen=950 THINKING decoding chunk=20.60 t/s avg=21.78 t/s 43.621s
0824 01:18:08 ds4-server: chat ctx=1058..1108:50 gen=1000 THINKING decoding chunk=20.46 t/s avg=21.71 t/s 46.065s
0824 01:18:11 ds4-server: chat ctx=1108..1158:50 gen=1050 THINKING decoding chunk=20.36 t/s avg=21.64 t/s 48.521s
0824 01:18:13 ds4-server: chat ctx=1158..1208:50 gen=1100 THINKING decoding chunk=20.28 t/s avg=21.57 t/s 50.987s
0824 01:18:16 ds4-server: chat ctx=1208..1258:50 gen=1150 THINKING decoding chunk=20.15 t/s avg=21.51 t/s 53.467s
0824 01:18:18 ds4-server: chat ctx=1258..1308:50 gen=1200 THINKING decoding chunk=20.06 t/s avg=21.44 t/s 55.960s
0824 01:18:21 ds4-server: chat ctx=1308..1358:50 gen=1250 THINKING decoding chunk=19.89 t/s avg=21.38 t/s 58.474s
0824 01:18:23 ds4-server: chat ctx=1358..1408:50 gen=1300 THINKING decoding chunk=19.80 t/s avg=21.31 t/s 60.998s
0824 01:18:26 ds4-server: chat ctx=1408..1458:50 gen=1350 decoding chunk=19.63 t/s avg=21.24 t/s 63.545s
0824 01:18:28 ds4-server: chat ctx=1458..1491:33 gen=1383 decoding chunk=19.52 t/s avg=21.20 t/s 65.236s
0824 01:18:28 ds4-server: thinking live checkpoint remembered ctx=0..108:108 live=1491 visible=539
0824 01:18:28 ds4-server: chat ctx=0..108:108 gen=1383 finish=stop 70.144s
0824 01:18:45 ds4-server: live kv cache miss live=1491 prompt=95 common=30 reason=token-mismatch
0824 01:18:45 ds4-server: chat ctx=0..95:95 prompt start
0824 01:18:46 ds4-server: chat ctx=0..95:95 prefill chunk 1/95 (1.1%) chunk=0.00 t/s avg=3.11 t/s 0.322s
0824 01:18:46 ds4-server: chat ctx=0..95:95 prefill chunk 2/95 (2.1%) chunk=23.70 t/s avg=5.50 t/s 0.364s
0824 01:18:46 ds4-server: chat ctx=0..95:95 prefill chunk 3/95 (3.2%) chunk=23.64 t/s avg=7.38 t/s 0.406s
0824 01:18:46 ds4-server: chat ctx=0..95:95 prefill chunk 4/95 (4.2%) chunk=23.04 t/s avg=8.90 t/s 0.450s
0824 01:18:46 ds4-server: chat ctx=0..95:95 prefill chunk 5/95 (5.3%) chunk=23.09 t/s avg=10.14 t/s 0.493s
0824 01:18:46 ds4-server: chat ctx=0..95:95 prefill chunk 6/95 (6.3%) chunk=23.84 t/s avg=11.22 t/s 0.535s
0824 01:18:46 ds4-server: chat ctx=0..95:95 prefill chunk 7/95 (7.4%) chunk=23.34 t/s avg=12.12 t/s 0.578s
0824 01:18:46 ds4-server: chat ctx=0..95:95 prefill chunk 8/95 (8.4%) chunk=23.17 t/s avg=12.88 t/s 0.621s
0824 01:18:46 ds4-server: chat ctx=0..95:95 prefill chunk 9/95 (9.5%) chunk=23.56 t/s avg=13.57 t/s 0.663s
0824 01:18:46 ds4-server: chat ctx=0..95:95 prefill chunk 10/95 (10.5%) chunk=23.63 t/s avg=14.17 t/s 0.706s
0824 01:18:46 ds4-server: chat ctx=0..95:95 prefill chunk 11/95 (11.6%) chunk=23.65 t/s avg=14.71 t/s 0.748s
0824 01:18:46 ds4-server: chat ctx=0..95:95 prefill chunk 12/95 (12.6%) chunk=22.65 t/s avg=15.15 t/s 0.792s
0824 01:18:46 ds4-server: chat ctx=0..95:95 prefill chunk 13/95 (13.7%) chunk=23.86 t/s avg=15.59 t/s 0.834s
0824 01:18:46 ds4-server: chat ctx=0..95:95 prefill chunk 14/95 (14.7%) chunk=24.04 t/s avg=15.99 t/s 0.876s
0824 01:18:46 ds4-server: chat ctx=0..95:95 prefill chunk 15/95 (15.8%) chunk=22.65 t/s avg=16.31 t/s 0.920s
0824 01:18:46 ds4-server: chat ctx=0..95:95 prefill chunk 16/95 (16.8%) chunk=23.47 t/s avg=16.63 t/s 0.962s
0824 01:18:46 ds4-server: chat ctx=0..95:95 prefill chunk 17/95 (17.9%) chunk=23.78 t/s avg=16.92 t/s 1.004s
0824 01:18:46 ds4-server: chat ctx=0..95:95 prefill chunk 18/95 (18.9%) chunk=23.54 t/s avg=17.19 t/s 1.047s
0824 01:18:46 ds4-server: chat ctx=0..95:95 prefill chunk 19/95 (20.0%) chunk=22.69 t/s avg=17.42 t/s 1.091s
0824 01:18:46 ds4-server: chat ctx=0..95:95 prefill chunk 20/95 (21.1%) chunk=23.88 t/s avg=17.65 t/s 1.133s
0824 01:18:46 ds4-server: chat ctx=0..95:95 prefill chunk 21/95 (22.1%) chunk=23.59 t/s avg=17.87 t/s 1.175s
0824 01:18:46 ds4-server: chat ctx=0..95:95 prefill chunk 22/95 (23.2%) chunk=23.32 t/s avg=18.06 t/s 1.218s
0824 01:18:46 ds4-server: chat ctx=0..95:95 prefill chunk 23/95 (24.2%) chunk=22.96 t/s avg=18.23 t/s 1.262s
0824 01:18:47 ds4-server: chat ctx=0..95:95 prefill chunk 24/95 (25.3%) chunk=23.63 t/s avg=18.40 t/s 1.304s
0824 01:18:47 ds4-server: chat ctx=0..95:95 prefill chunk 25/95 (26.3%) chunk=23.51 t/s avg=18.57 t/s 1.347s
0824 01:18:47 ds4-server: chat ctx=0..95:95 prefill chunk 26/95 (27.4%) chunk=22.75 t/s avg=18.70 t/s 1.391s
0824 01:18:47 ds4-server: chat ctx=0..95:95 prefill chunk 27/95 (28.4%) chunk=23.59 t/s avg=18.84 t/s 1.433s
0824 01:18:47 ds4-server: chat ctx=0..95:95 prefill chunk 28/95 (29.5%) chunk=23.67 t/s avg=18.98 t/s 1.475s
0824 01:18:47 ds4-server: chat ctx=0..95:95 prefill chunk 29/95 (30.5%) chunk=22.71 t/s avg=19.09 t/s 1.519s
0824 01:18:47 ds4-server: chat ctx=0..95:95 prefill chunk 30/95 (31.6%) chunk=23.62 t/s avg=19.21 t/s 1.562s
0824 01:18:47 ds4-server: chat ctx=0..95:95 prefill chunk 31/95 (32.6%) chunk=23.74 t/s avg=19.33 t/s 1.604s
0824 01:18:47 ds4-server: chat ctx=0..95:95 prefill chunk 32/95 (33.7%) chunk=23.75 t/s avg=19.44 t/s 1.646s
0824 01:18:47 ds4-server: chat ctx=0..95:95 prefill chunk 33/95 (34.7%) chunk=22.48 t/s avg=19.52 t/s 1.690s
0824 01:18:47 ds4-server: chat ctx=0..95:95 prefill chunk 34/95 (35.8%) chunk=23.74 t/s avg=19.63 t/s 1.732s
0824 01:18:47 ds4-server: chat ctx=0..95:95 prefill chunk 35/95 (36.8%) chunk=23.93 t/s avg=19.73 t/s 1.774s
0824 01:18:47 ds4-server: chat ctx=0..95:95 prefill chunk 36/95 (37.9%) chunk=22.88 t/s avg=19.80 t/s 1.818s
0824 01:18:47 ds4-server: chat ctx=0..95:95 prefill chunk 37/95 (38.9%) chunk=22.83 t/s avg=19.87 t/s 1.862s
0824 01:18:47 ds4-server: chat ctx=0..95:95 prefill chunk 38/95 (40.0%) chunk=23.68 t/s avg=19.96 t/s 1.904s
0824 01:18:47 ds4-server: chat ctx=0..95:95 prefill chunk 39/95 (41.1%) chunk=23.46 t/s avg=20.04 t/s 1.947s
0824 01:18:47 ds4-server: chat ctx=0..95:95 prefill chunk 40/95 (42.1%) chunk=22.57 t/s avg=20.09 t/s 1.991s
0824 01:18:47 ds4-server: chat ctx=0..95:95 prefill chunk 41/95 (43.2%) chunk=23.84 t/s avg=20.17 t/s 2.033s
0824 01:18:47 ds4-server: chat ctx=0..95:95 prefill chunk 42/95 (44.2%) chunk=23.67 t/s avg=20.24 t/s 2.075s
0824 01:18:47 ds4-server: chat ctx=0..95:95 prefill chunk 43/95 (45.3%) chunk=22.50 t/s avg=20.29 t/s 2.119s
0824 01:18:47 ds4-server: chat ctx=0..95:95 prefill chunk 44/95 (46.3%) chunk=23.45 t/s avg=20.35 t/s 2.162s
0824 01:18:47 ds4-server: chat ctx=0..95:95 prefill chunk 45/95 (47.4%) chunk=23.88 t/s avg=20.42 t/s 2.204s
0824 01:18:47 ds4-server: chat ctx=0..95:95 prefill chunk 46/95 (48.4%) chunk=23.42 t/s avg=20.47 t/s 2.247s
0824 01:18:48 ds4-server: chat ctx=0..95:95 prefill chunk 47/95 (49.5%) chunk=22.41 t/s avg=20.51 t/s 2.291s
0824 01:18:48 ds4-server: chat ctx=0..95:95 prefill chunk 48/95 (50.5%) chunk=23.92 t/s avg=20.57 t/s 2.333s
0824 01:18:48 ds4-server: chat ctx=0..95:95 prefill chunk 49/95 (51.6%) chunk=23.73 t/s avg=20.63 t/s 2.375s
0824 01:18:48 ds4-server: chat ctx=0..95:95 prefill chunk 50/95 (52.6%) chunk=22.65 t/s avg=20.67 t/s 2.419s
0824 01:18:48 ds4-server: chat ctx=0..95:95 prefill chunk 51/95 (53.7%) chunk=23.43 t/s avg=20.71 t/s 2.462s
0824 01:18:48 ds4-server: chat ctx=0..95:95 prefill chunk 52/95 (54.7%) chunk=23.56 t/s avg=20.76 t/s 2.505s
0824 01:18:48 ds4-server: chat ctx=0..95:95 prefill chunk 53/95 (55.8%) chunk=23.30 t/s avg=20.81 t/s 2.547s
0824 01:18:48 ds4-server: chat ctx=0..95:95 prefill chunk 54/95 (56.8%) chunk=22.56 t/s avg=20.84 t/s 2.592s
0824 01:18:48 ds4-server: chat ctx=0..95:95 prefill chunk 55/95 (57.9%) chunk=23.84 t/s avg=20.88 t/s 2.634s
0824 01:18:48 ds4-server: chat ctx=0..95:95 prefill chunk 56/95 (58.9%) chunk=23.46 t/s avg=20.92 t/s 2.676s
0824 01:18:48 ds4-server: chat ctx=0..95:95 prefill chunk 57/95 (60.0%) chunk=22.66 t/s avg=20.95 t/s 2.720s
0824 01:18:48 ds4-server: chat ctx=0..95:95 prefill chunk 58/95 (61.1%) chunk=23.63 t/s avg=20.99 t/s 2.763s
0824 01:18:48 ds4-server: chat ctx=0..95:95 prefill chunk 59/95 (62.1%) chunk=23.72 t/s avg=21.03 t/s 2.805s
0824 01:18:48 ds4-server: chat ctx=0..95:95 prefill chunk 60/95 (63.2%) chunk=23.34 t/s avg=21.07 t/s 2.848s
0824 01:18:48 ds4-server: chat ctx=0..95:95 prefill chunk 61/95 (64.2%) chunk=22.71 t/s avg=21.09 t/s 2.892s
0824 01:18:48 ds4-server: chat ctx=0..95:95 prefill chunk 62/95 (65.3%) chunk=23.67 t/s avg=21.13 t/s 2.934s
0824 01:18:48 ds4-server: chat ctx=0..95:95 prefill chunk 63/95 (66.3%) chunk=23.44 t/s avg=21.16 t/s 2.977s
0824 01:18:48 ds4-server: chat ctx=0..95:95 prefill chunk 64/95 (67.4%) chunk=22.89 t/s avg=21.19 t/s 3.020s
0824 01:18:48 ds4-server: chat ctx=0..95:95 prefill chunk 65/95 (68.4%) chunk=23.37 t/s avg=21.22 t/s 3.063s
0824 01:18:48 ds4-server: chat ctx=0..95:95 prefill chunk 66/95 (69.5%) chunk=23.48 t/s avg=21.25 t/s 3.106s
0824 01:18:48 ds4-server: chat ctx=0..95:95 prefill chunk 67/95 (70.5%) chunk=22.98 t/s avg=21.27 t/s 3.149s
0824 01:18:48 ds4-server: chat ctx=0..95:95 prefill chunk 68/95 (71.6%) chunk=22.98 t/s avg=21.30 t/s 3.193s
0824 01:18:48 ds4-server: chat ctx=0..95:95 prefill chunk 69/95 (72.6%) chunk=23.87 t/s avg=21.33 t/s 3.235s
0824 01:18:48 ds4-server: chat ctx=0..95:95 prefill chunk 70/95 (73.7%) chunk=23.34 t/s avg=21.36 t/s 3.278s
0824 01:18:49 ds4-server: chat ctx=0..95:95 prefill chunk 71/95 (74.7%) chunk=22.69 t/s avg=21.37 t/s 3.322s
0824 01:18:49 ds4-server: chat ctx=0..95:95 prefill chunk 72/95 (75.8%) chunk=23.49 t/s avg=21.40 t/s 3.364s
0824 01:18:49 ds4-server: chat ctx=0..95:95 prefill chunk 73/95 (76.8%) chunk=23.73 t/s avg=21.43 t/s 3.406s
0824 01:18:49 ds4-server: chat ctx=0..95:95 prefill chunk 74/95 (77.9%) chunk=23.06 t/s avg=21.45 t/s 3.450s
0824 01:18:49 ds4-server: chat ctx=0..95:95 prefill chunk 75/95 (78.9%) chunk=23.07 t/s avg=21.47 t/s 3.493s
0824 01:18:49 ds4-server: chat ctx=0..95:95 prefill chunk 76/95 (80.0%) chunk=23.80 t/s avg=21.50 t/s 3.535s
0824 01:18:49 ds4-server: chat ctx=0..95:95 prefill chunk 77/95 (81.1%) chunk=23.39 t/s avg=21.52 t/s 3.578s
0824 01:18:49 ds4-server: chat ctx=0..95:95 prefill chunk 78/95 (82.1%) chunk=22.67 t/s avg=21.54 t/s 3.622s
0824 01:18:49 ds4-server: chat ctx=0..95:95 prefill chunk 79/95 (83.2%) chunk=23.86 t/s avg=21.56 t/s 3.664s
0824 01:18:49 ds4-server: chat ctx=0..95:95 prefill chunk 80/95 (84.2%) chunk=23.75 t/s avg=21.59 t/s 3.706s
0824 01:18:49 ds4-server: chat ctx=0..95:95 prefill chunk 81/95 (85.3%) chunk=22.97 t/s avg=21.60 t/s 3.749s
0824 01:18:49 ds4-server: chat ctx=0..95:95 prefill chunk 82/95 (86.3%) chunk=23.22 t/s avg=21.62 t/s 3.793s
0824 01:18:49 ds4-server: chat ctx=0..95:95 prefill chunk 83/95 (87.4%) chunk=23.74 t/s avg=21.64 t/s 3.835s
0824 01:18:49 ds4-server: chat ctx=0..95:95 prefill chunk 84/95 (88.4%) chunk=23.51 t/s avg=21.67 t/s 3.877s
0824 01:18:49 ds4-server: chat ctx=0..95:95 prefill chunk 85/95 (89.5%) chunk=22.82 t/s avg=21.68 t/s 3.921s
0824 01:18:49 ds4-server: chat ctx=0..95:95 prefill chunk 86/95 (90.5%) chunk=23.36 t/s avg=21.70 t/s 3.964s
0824 01:18:49 ds4-server: chat ctx=0..95:95 prefill chunk 87/95 (91.6%) chunk=23.63 t/s avg=21.72 t/s 4.006s
0824 01:18:49 ds4-server: chat ctx=0..95:95 prefill chunk 88/95 (92.6%) chunk=22.95 t/s avg=21.73 t/s 4.050s
0824 01:18:49 ds4-server: chat ctx=0..95:95 prefill chunk 89/95 (93.7%) chunk=22.92 t/s avg=21.74 t/s 4.093s
0824 01:18:49 ds4-server: chat ctx=0..95:95 prefill chunk 90/95 (94.7%) chunk=23.80 t/s avg=21.76 t/s 4.135s
0824 01:18:49 ds4-server: chat ctx=0..95:95 prefill chunk 91/95 (95.8%) chunk=23.47 t/s avg=21.78 t/s 4.178s
0824 01:18:49 ds4-server: chat ctx=0..95:95 prefill chunk 92/95 (96.8%) chunk=22.79 t/s avg=21.79 t/s 4.222s
0824 01:18:49 ds4-server: chat ctx=0..95:95 prefill chunk 93/95 (97.9%) chunk=23.48 t/s avg=21.81 t/s 4.264s
0824 01:18:50 ds4-server: chat ctx=0..95:95 prefill chunk 94/95 (98.9%) chunk=23.77 t/s avg=21.83 t/s 4.307s
0824 01:18:50 ds4-server: chat ctx=0..95:95 prefill chunk 95/95 (100.0%) chunk=23.05 t/s avg=21.84 t/s 4.350s
0824 01:18:50 ds4-server: chat ctx=0..95:95 prompt done 4.350s
0824 01:18:52 ds4-server: chat ctx=95..145:50 gen=50 THINKING decoding chunk=23.19 t/s avg=23.19 t/s 2.156s
0824 01:18:54 ds4-server: chat ctx=145..195:50 gen=100 THINKING decoding chunk=23.03 t/s avg=23.11 t/s 4.327s
0824 01:18:56 ds4-server: chat ctx=195..245:50 gen=150 THINKING decoding chunk=22.87 t/s avg=23.03 t/s 6.513s
0824 01:18:58 ds4-server: chat ctx=245..295:50 gen=200 THINKING decoding chunk=22.69 t/s avg=22.94 t/s 8.717s
0824 01:19:00 ds4-server: chat ctx=295..345:50 gen=250 THINKING decoding chunk=22.52 t/s avg=22.86 t/s 10.937s
0824 01:19:03 ds4-server: chat ctx=345..395:50 gen=300 THINKING decoding chunk=22.36 t/s avg=22.77 t/s 13.173s
0824 01:19:05 ds4-server: chat ctx=395..445:50 gen=350 THINKING decoding chunk=22.24 t/s avg=22.70 t/s 15.422s
0824 01:19:07 ds4-server: chat ctx=445..495:50 gen=400 THINKING decoding chunk=22.11 t/s avg=22.62 t/s 17.683s
0824 01:19:10 ds4-server: chat ctx=495..545:50 gen=450 THINKING decoding chunk=21.94 t/s avg=22.54 t/s 19.962s
0824 01:19:12 ds4-server: chat ctx=545..595:50 gen=500 THINKING decoding chunk=21.81 t/s avg=22.47 t/s 22.254s
0824 01:19:14 ds4-server: chat ctx=595..645:50 gen=550 THINKING decoding chunk=21.67 t/s avg=22.39 t/s 24.562s
0824 01:19:16 ds4-server: chat ctx=645..695:50 gen=600 decoding chunk=21.56 t/s avg=22.32 t/s 26.881s
0824 01:19:17 ds4-server: chat ctx=695..704:9 gen=609 decoding chunk=21.51 t/s avg=22.31 t/s 27.299s
0824 01:19:17 ds4-server: thinking live checkpoint remembered ctx=0..95:95 live=704 visible=533
0824 01:19:17 ds4-server: chat ctx=0..95:95 gen=609 finish=stop 31.650s
0824 01:19:19 ds4-server: live kv cache miss live=704 prompt=107 common=30 reason=token-mismatch
0824 01:19:19 ds4-server: chat ctx=0..107:107 prompt start
0824 01:19:20 ds4-server: chat ctx=0..107:107 prefill chunk 1/107 (0.9%) chunk=0.00 t/s avg=2.97 t/s 0.336s
0824 01:19:20 ds4-server: chat ctx=0..107:107 prefill chunk 2/107 (1.9%) chunk=24.09 t/s avg=5.30 t/s 0.378s
0824 01:19:20 ds4-server: chat ctx=0..107:107 prefill chunk 3/107 (2.8%) chunk=23.89 t/s avg=7.15 t/s 0.420s
0824 01:19:20 ds4-server: chat ctx=0..107:107 prefill chunk 4/107 (3.7%) chunk=22.44 t/s avg=8.62 t/s 0.464s
0824 01:19:20 ds4-server: chat ctx=0..107:107 prefill chunk 5/107 (4.7%) chunk=24.08 t/s avg=9.89 t/s 0.506s
0824 01:19:20 ds4-server: chat ctx=0..107:107 prefill chunk 6/107 (5.6%) chunk=23.80 t/s avg=10.96 t/s 0.548s
0824 01:19:20 ds4-server: chat ctx=0..107:107 prefill chunk 7/107 (6.5%) chunk=22.70 t/s avg=11.83 t/s 0.592s
0824 01:19:20 ds4-server: chat ctx=0..107:107 prefill chunk 8/107 (7.5%) chunk=23.59 t/s avg=12.62 t/s 0.634s
0824 01:19:20 ds4-server: chat ctx=0..107:107 prefill chunk 9/107 (8.4%) chunk=23.94 t/s avg=13.32 t/s 0.676s
0824 01:19:20 ds4-server: chat ctx=0..107:107 prefill chunk 10/107 (9.3%) chunk=23.36 t/s avg=13.92 t/s 0.719s
0824 01:19:20 ds4-server: chat ctx=0..107:107 prefill chunk 11/107 (10.3%) chunk=23.00 t/s avg=14.43 t/s 0.762s
0824 01:19:20 ds4-server: chat ctx=0..107:107 prefill chunk 12/107 (11.2%) chunk=23.77 t/s avg=14.92 t/s 0.804s
0824 01:19:20 ds4-server: chat ctx=0..107:107 prefill chunk 13/107 (12.1%) chunk=23.90 t/s avg=15.37 t/s 0.846s
0824 01:19:20 ds4-server: chat ctx=0..107:107 prefill chunk 14/107 (13.1%) chunk=23.22 t/s avg=15.75 t/s 0.889s
0824 01:19:20 ds4-server: chat ctx=0..107:107 prefill chunk 15/107 (14.0%) chunk=23.11 t/s avg=16.09 t/s 0.932s
0824 01:19:20 ds4-server: chat ctx=0..107:107 prefill chunk 16/107 (15.0%) chunk=23.76 t/s avg=16.42 t/s 0.974s
0824 01:19:20 ds4-server: chat ctx=0..107:107 prefill chunk 17/107 (15.9%) chunk=23.56 t/s avg=16.72 t/s 1.017s
0824 01:19:20 ds4-server: chat ctx=0..107:107 prefill chunk 18/107 (16.8%) chunk=22.80 t/s avg=16.97 t/s 1.061s
0824 01:19:20 ds4-server: chat ctx=0..107:107 prefill chunk 19/107 (17.8%) chunk=23.59 t/s avg=17.22 t/s 1.103s
0824 01:19:20 ds4-server: chat ctx=0..107:107 prefill chunk 20/107 (18.7%) chunk=23.90 t/s avg=17.47 t/s 1.145s
0824 01:19:20 ds4-server: chat ctx=0..107:107 prefill chunk 21/107 (19.6%) chunk=23.03 t/s avg=17.67 t/s 1.188s
0824 01:19:21 ds4-server: chat ctx=0..107:107 prefill chunk 22/107 (20.6%) chunk=23.09 t/s avg=17.86 t/s 1.232s
0824 01:19:21 ds4-server: chat ctx=0..107:107 prefill chunk 23/107 (21.5%) chunk=23.72 t/s avg=18.06 t/s 1.274s
0824 01:19:21 ds4-server: chat ctx=0..107:107 prefill chunk 24/107 (22.4%) chunk=23.31 t/s avg=18.23 t/s 1.317s
0824 01:19:21 ds4-server: chat ctx=0..107:107 prefill chunk 25/107 (23.4%) chunk=23.17 t/s avg=18.38 t/s 1.360s
0824 01:19:21 ds4-server: chat ctx=0..107:107 prefill chunk 26/107 (24.3%) chunk=23.54 t/s avg=18.54 t/s 1.402s
0824 01:19:21 ds4-server: chat ctx=0..107:107 prefill chunk 27/107 (25.2%) chunk=23.73 t/s avg=18.69 t/s 1.445s
0824 01:19:21 ds4-server: chat ctx=0..107:107 prefill chunk 28/107 (26.2%) chunk=23.46 t/s avg=18.83 t/s 1.487s
0824 01:19:21 ds4-server: chat ctx=0..107:107 prefill chunk 29/107 (27.1%) chunk=22.75 t/s avg=18.94 t/s 1.531s
0824 01:19:21 ds4-server: chat ctx=0..107:107 prefill chunk 30/107 (28.0%) chunk=23.88 t/s avg=19.07 t/s 1.573s
0824 01:19:21 ds4-server: chat ctx=0..107:107 prefill chunk 31/107 (29.0%) chunk=23.34 t/s avg=19.18 t/s 1.616s
0824 01:19:21 ds4-server: chat ctx=0..107:107 prefill chunk 32/107 (29.9%) chunk=22.83 t/s avg=19.28 t/s 1.660s
0824 01:19:21 ds4-server: chat ctx=0..107:107 prefill chunk 33/107 (30.8%) chunk=23.63 t/s avg=19.39 t/s 1.702s
0824 01:19:21 ds4-server: chat ctx=0..107:107 prefill chunk 34/107 (31.8%) chunk=23.63 t/s avg=19.49 t/s 1.744s
0824 01:19:21 ds4-server: chat ctx=0..107:107 prefill chunk 35/107 (32.7%) chunk=23.56 t/s avg=19.59 t/s 1.787s
0824 01:19:21 ds4-server: chat ctx=0..107:107 prefill chunk 36/107 (33.6%) chunk=22.71 t/s avg=19.66 t/s 1.831s
0824 01:19:21 ds4-server: chat ctx=0..107:107 prefill chunk 37/107 (34.6%) chunk=23.92 t/s avg=19.76 t/s 1.873s
0824 01:19:21 ds4-server: chat ctx=0..107:107 prefill chunk 38/107 (35.5%) chunk=23.91 t/s avg=19.85 t/s 1.914s
0824 01:19:21 ds4-server: chat ctx=0..107:107 prefill chunk 39/107 (36.4%) chunk=22.39 t/s avg=19.91 t/s 1.959s
0824 01:19:21 ds4-server: chat ctx=0..107:107 prefill chunk 40/107 (37.4%) chunk=23.38 t/s avg=19.98 t/s 2.002s
0824 01:19:21 ds4-server: chat ctx=0..107:107 prefill chunk 41/107 (38.3%) chunk=23.81 t/s avg=20.06 t/s 2.044s
0824 01:19:21 ds4-server: chat ctx=0..107:107 prefill chunk 42/107 (39.3%) chunk=23.36 t/s avg=20.13 t/s 2.087s
0824 01:19:21 ds4-server: chat ctx=0..107:107 prefill chunk 43/107 (40.2%) chunk=22.56 t/s avg=20.18 t/s 2.131s
0824 01:19:21 ds4-server: chat ctx=0..107:107 prefill chunk 44/107 (41.1%) chunk=23.59 t/s avg=20.24 t/s 2.173s
0824 01:19:21 ds4-server: chat ctx=0..107:107 prefill chunk 45/107 (42.1%) chunk=23.46 t/s avg=20.31 t/s 2.216s
0824 01:19:22 ds4-server: chat ctx=0..107:107 prefill chunk 46/107 (43.0%) chunk=22.71 t/s avg=20.35 t/s 2.260s
0824 01:19:22 ds4-server: chat ctx=0..107:107 prefill chunk 47/107 (43.9%) chunk=23.54 t/s avg=20.41 t/s 2.303s
0824 01:19:22 ds4-server: chat ctx=0..107:107 prefill chunk 48/107 (44.9%) chunk=23.80 t/s avg=20.47 t/s 2.345s
0824 01:19:22 ds4-server: chat ctx=0..107:107 prefill chunk 49/107 (45.8%) chunk=23.41 t/s avg=20.53 t/s 2.387s
0824 01:19:22 ds4-server: chat ctx=0..107:107 prefill chunk 50/107 (46.7%) chunk=22.71 t/s avg=20.57 t/s 2.431s
0824 01:19:22 ds4-server: chat ctx=0..107:107 prefill chunk 51/107 (47.7%) chunk=23.50 t/s avg=20.62 t/s 2.474s
0824 01:19:22 ds4-server: chat ctx=0..107:107 prefill chunk 52/107 (48.6%) chunk=23.06 t/s avg=20.66 t/s 2.517s
0824 01:19:22 ds4-server: chat ctx=0..107:107 prefill chunk 53/107 (49.5%) chunk=22.37 t/s avg=20.69 t/s 2.562s
0824 01:19:22 ds4-server: chat ctx=0..107:107 prefill chunk 54/107 (50.5%) chunk=23.75 t/s avg=20.74 t/s 2.604s
0824 01:19:22 ds4-server: chat ctx=0..107:107 prefill chunk 55/107 (51.4%) chunk=23.45 t/s avg=20.78 t/s 2.647s
0824 01:19:22 ds4-server: chat ctx=0..107:107 prefill chunk 56/107 (52.3%) chunk=22.44 t/s avg=20.81 t/s 2.691s
0824 01:19:22 ds4-server: chat ctx=0..107:107 prefill chunk 57/107 (53.3%) chunk=23.27 t/s avg=20.85 t/s 2.734s
0824 01:19:22 ds4-server: chat ctx=0..107:107 prefill chunk 58/107 (54.2%) chunk=23.58 t/s avg=20.89 t/s 2.777s
0824 01:19:22 ds4-server: chat ctx=0..107:107 prefill chunk 59/107 (55.1%) chunk=23.31 t/s avg=20.93 t/s 2.820s
0824 01:19:22 ds4-server: chat ctx=0..107:107 prefill chunk 60/107 (56.1%) chunk=22.59 t/s avg=20.95 t/s 2.864s
0824 01:19:22 ds4-server: chat ctx=0..107:107 prefill chunk 61/107 (57.0%) chunk=23.53 t/s avg=20.99 t/s 2.906s
0824 01:19:22 ds4-server: chat ctx=0..107:107 prefill chunk 62/107 (57.9%) chunk=23.78 t/s avg=21.03 t/s 2.948s
0824 01:19:22 ds4-server: chat ctx=0..107:107 prefill chunk 63/107 (58.9%) chunk=22.58 t/s avg=21.05 t/s 2.993s
0824 01:19:22 ds4-server: chat ctx=0..107:107 prefill chunk 64/107 (59.8%) chunk=23.43 t/s avg=21.09 t/s 3.035s
0824 01:19:22 ds4-server: chat ctx=0..107:107 prefill chunk 65/107 (60.7%) chunk=23.75 t/s avg=21.12 t/s 3.077s
0824 01:19:22 ds4-server: chat ctx=0..107:107 prefill chunk 66/107 (61.7%) chunk=23.35 t/s avg=21.15 t/s 3.120s
0824 01:19:22 ds4-server: chat ctx=0..107:107 prefill chunk 67/107 (62.6%) chunk=22.76 t/s avg=21.17 t/s 3.164s
0824 01:19:22 ds4-server: chat ctx=0..107:107 prefill chunk 68/107 (63.6%) chunk=23.77 t/s avg=21.21 t/s 3.206s
0824 01:19:23 ds4-server: chat ctx=0..107:107 prefill chunk 69/107 (64.5%) chunk=23.74 t/s avg=21.24 t/s 3.248s
0824 01:19:23 ds4-server: chat ctx=0..107:107 prefill chunk 70/107 (65.4%) chunk=22.92 t/s avg=21.26 t/s 3.292s
0824 01:19:23 ds4-server: chat ctx=0..107:107 prefill chunk 71/107 (66.4%) chunk=23.56 t/s avg=21.29 t/s 3.334s
0824 01:19:23 ds4-server: chat ctx=0..107:107 prefill chunk 72/107 (67.3%) chunk=23.74 t/s avg=21.32 t/s 3.377s
0824 01:19:23 ds4-server: chat ctx=0..107:107 prefill chunk 73/107 (68.2%) chunk=23.49 t/s avg=21.35 t/s 3.419s
0824 01:19:23 ds4-server: chat ctx=0..107:107 prefill chunk 74/107 (69.2%) chunk=22.79 t/s avg=21.37 t/s 3.463s
0824 01:19:23 ds4-server: chat ctx=0..107:107 prefill chunk 75/107 (70.1%) chunk=23.76 t/s avg=21.40 t/s 3.505s
0824 01:19:23 ds4-server: chat ctx=0..107:107 prefill chunk 76/107 (71.0%) chunk=23.91 t/s avg=21.43 t/s 3.547s
0824 01:19:23 ds4-server: chat ctx=0..107:107 prefill chunk 77/107 (72.0%) chunk=22.60 t/s avg=21.44 t/s 3.591s
0824 01:19:23 ds4-server: chat ctx=0..107:107 prefill chunk 78/107 (72.9%) chunk=23.40 t/s avg=21.46 t/s 3.634s
0824 01:19:23 ds4-server: chat ctx=0..107:107 prefill chunk 79/107 (73.8%) chunk=23.79 t/s avg=21.49 t/s 3.676s
0824 01:19:23 ds4-server: chat ctx=0..107:107 prefill chunk 80/107 (74.8%) chunk=23.72 t/s avg=21.52 t/s 3.718s
0824 01:19:23 ds4-server: chat ctx=0..107:107 prefill chunk 81/107 (75.7%) chunk=22.53 t/s avg=21.53 t/s 3.763s
0824 01:19:23 ds4-server: chat ctx=0..107:107 prefill chunk 82/107 (76.6%) chunk=23.69 t/s avg=21.55 t/s 3.805s
0824 01:19:23 ds4-server: chat ctx=0..107:107 prefill chunk 83/107 (77.6%) chunk=23.69 t/s avg=21.58 t/s 3.847s
0824 01:19:23 ds4-server: chat ctx=0..107:107 prefill chunk 84/107 (78.5%) chunk=22.64 t/s avg=21.59 t/s 3.891s
0824 01:19:23 ds4-server: chat ctx=0..107:107 prefill chunk 85/107 (79.4%) chunk=23.53 t/s avg=21.61 t/s 3.934s
0824 01:19:23 ds4-server: chat ctx=0..107:107 prefill chunk 86/107 (80.4%) chunk=23.64 t/s avg=21.63 t/s 3.976s
0824 01:19:23 ds4-server: chat ctx=0..107:107 prefill chunk 87/107 (81.3%) chunk=23.62 t/s avg=21.65 t/s 4.018s
0824 01:19:23 ds4-server: chat ctx=0..107:107 prefill chunk 88/107 (82.2%) chunk=22.43 t/s avg=21.66 t/s 4.063s
0824 01:19:23 ds4-server: chat ctx=0..107:107 prefill chunk 89/107 (83.2%) chunk=23.45 t/s avg=21.68 t/s 4.105s
0824 01:19:23 ds4-server: chat ctx=0..107:107 prefill chunk 90/107 (84.1%) chunk=23.62 t/s avg=21.70 t/s 4.148s
0824 01:19:23 ds4-server: chat ctx=0..107:107 prefill chunk 91/107 (85.0%) chunk=22.56 t/s avg=21.71 t/s 4.192s
0824 01:19:24 ds4-server: chat ctx=0..107:107 prefill chunk 92/107 (86.0%) chunk=23.60 t/s avg=21.73 t/s 4.234s
0824 01:19:24 ds4-server: chat ctx=0..107:107 prefill chunk 93/107 (86.9%) chunk=23.75 t/s avg=21.75 t/s 4.277s
0824 01:19:24 ds4-server: chat ctx=0..107:107 prefill chunk 94/107 (87.9%) chunk=23.33 t/s avg=21.76 t/s 4.319s
0824 01:19:24 ds4-server: chat ctx=0..107:107 prefill chunk 95/107 (88.8%) chunk=22.61 t/s avg=21.77 t/s 4.364s
0824 01:19:24 ds4-server: chat ctx=0..107:107 prefill chunk 96/107 (89.7%) chunk=23.83 t/s avg=21.79 t/s 4.406s
0824 01:19:24 ds4-server: chat ctx=0..107:107 prefill chunk 97/107 (90.7%) chunk=23.63 t/s avg=21.81 t/s 4.448s
0824 01:19:24 ds4-server: chat ctx=0..107:107 prefill chunk 98/107 (91.6%) chunk=22.41 t/s avg=21.81 t/s 4.493s
0824 01:19:24 ds4-server: chat ctx=0..107:107 prefill chunk 99/107 (92.5%) chunk=23.37 t/s avg=21.83 t/s 4.535s
0824 01:19:24 ds4-server: chat ctx=0..107:107 prefill chunk 100/107 (93.5%) chunk=23.72 t/s avg=21.85 t/s 4.578s
0824 01:19:24 ds4-server: chat ctx=0..107:107 prefill chunk 101/107 (94.4%) chunk=23.36 t/s avg=21.86 t/s 4.620s
0824 01:19:24 ds4-server: chat ctx=0..107:107 prefill chunk 102/107 (95.3%) chunk=22.67 t/s avg=21.87 t/s 4.664s
0824 01:19:24 ds4-server: chat ctx=0..107:107 prefill chunk 103/107 (96.3%) chunk=23.71 t/s avg=21.88 t/s 4.707s
0824 01:19:24 ds4-server: chat ctx=0..107:107 prefill chunk 104/107 (97.2%) chunk=23.39 t/s avg=21.90 t/s 4.749s
0824 01:19:24 ds4-server: chat ctx=0..107:107 prefill chunk 105/107 (98.1%) chunk=22.77 t/s avg=21.91 t/s 4.793s
0824 01:19:24 ds4-server: chat ctx=0..107:107 prefill chunk 106/107 (99.1%) chunk=23.19 t/s avg=21.92 t/s 4.836s
0824 01:19:24 ds4-server: chat ctx=0..107:107 prefill chunk 107/107 (100.0%) chunk=23.68 t/s avg=21.93 t/s 4.879s
0824 01:19:24 ds4-server: chat ctx=0..107:107 prompt done 4.879s
0824 01:19:26 ds4-server: chat ctx=107..157:50 gen=50 THINKING decoding chunk=23.14 t/s avg=23.14 t/s 2.161s
0824 01:19:28 ds4-server: chat ctx=157..207:50 gen=100 THINKING decoding chunk=22.98 t/s avg=23.06 t/s 4.337s
0824 01:19:31 ds4-server: chat ctx=207..257:50 gen=150 THINKING decoding chunk=22.82 t/s avg=22.98 t/s 6.528s
0824 01:19:33 ds4-server: chat ctx=257..307:50 gen=200 THINKING decoding chunk=22.69 t/s avg=22.90 t/s 8.732s
0824 01:19:35 ds4-server: chat ctx=307..357:50 gen=250 THINKING decoding chunk=22.52 t/s avg=22.83 t/s 10.952s
0824 01:19:37 ds4-server: chat ctx=357..407:50 gen=300 THINKING decoding chunk=22.39 t/s avg=22.75 t/s 13.185s
0824 01:19:40 ds4-server: chat ctx=407..457:50 gen=350 THINKING decoding chunk=22.21 t/s avg=22.67 t/s 15.437s
0824 01:19:42 ds4-server: chat ctx=457..507:50 gen=400 THINKING decoding chunk=22.05 t/s avg=22.59 t/s 17.705s
0824 01:19:44 ds4-server: chat ctx=507..557:50 gen=450 THINKING decoding chunk=21.94 t/s avg=22.52 t/s 19.983s
0824 01:19:46 ds4-server: chat ctx=557..607:50 gen=500 THINKING decoding chunk=21.80 t/s avg=22.44 t/s 22.277s
0824 01:19:49 ds4-server: chat ctx=607..657:50 gen=550 THINKING decoding chunk=21.65 t/s avg=22.37 t/s 24.586s
0824 01:19:51 ds4-server: chat ctx=657..707:50 gen=600 THINKING decoding chunk=21.48 t/s avg=22.29 t/s 26.914s
0824 01:19:53 ds4-server: chat ctx=707..757:50 gen=650 THINKING decoding chunk=21.36 t/s avg=22.22 t/s 29.256s
0824 01:19:56 ds4-server: chat ctx=757..807:50 gen=700 THINKING decoding chunk=21.21 t/s avg=22.14 t/s 31.613s
0824 01:19:58 ds4-server: chat ctx=807..857:50 gen=750 THINKING decoding chunk=21.07 t/s avg=22.07 t/s 33.987s
0824 01:20:01 ds4-server: chat ctx=857..907:50 gen=800 THINKING decoding chunk=20.94 t/s avg=21.99 t/s 36.374s
0824 01:20:03 ds4-server: chat ctx=907..957:50 gen=850 decoding chunk=20.85 t/s avg=21.92 t/s 38.773s
0824 01:20:05 ds4-server: chat ctx=957..1007:50 gen=900 decoding chunk=20.71 t/s avg=21.85 t/s 41.187s
0824 01:20:07 ds4-server: chat ctx=1007..1033:26 gen=926 decoding chunk=20.61 t/s avg=21.81 t/s 42.448s
0824 01:20:07 ds4-server: thinking live checkpoint remembered ctx=0..107:107 live=1033 visible=706
0824 01:20:07 ds4-server: chat ctx=0..107:107 gen=926 finish=stop 47.327s
0824 01:20:09 ds4-server: live kv cache miss live=1033 prompt=106 common=32 reason=token-mismatch
0824 01:20:09 ds4-server: chat ctx=0..106:106 prompt start
0824 01:20:09 ds4-server: chat ctx=0..106:106 prefill chunk 1/106 (0.9%) chunk=0.00 t/s avg=2.80 t/s 0.357s
0824 01:20:09 ds4-server: chat ctx=0..106:106 prefill chunk 2/106 (1.9%) chunk=23.50 t/s avg=5.00 t/s 0.400s
0824 01:20:09 ds4-server: chat ctx=0..106:106 prefill chunk 3/106 (2.8%) chunk=22.66 t/s avg=6.76 t/s 0.444s
0824 01:20:09 ds4-server: chat ctx=0..106:106 prefill chunk 4/106 (3.8%) chunk=24.08 t/s avg=8.24 t/s 0.485s
0824 01:20:10 ds4-server: chat ctx=0..106:106 prefill chunk 5/106 (4.7%) chunk=23.74 t/s avg=9.48 t/s 0.528s
0824 01:20:10 ds4-server: chat ctx=0..106:106 prefill chunk 6/106 (5.7%) chunk=22.72 t/s avg=10.50 t/s 0.572s
0824 01:20:10 ds4-server: chat ctx=0..106:106 prefill chunk 7/106 (6.6%) chunk=23.59 t/s avg=11.40 t/s 0.614s
0824 01:20:10 ds4-server: chat ctx=0..106:106 prefill chunk 8/106 (7.5%) chunk=23.93 t/s avg=12.20 t/s 0.656s
0824 01:20:10 ds4-server: chat ctx=0..106:106 prefill chunk 9/106 (8.5%) chunk=23.65 t/s avg=12.89 t/s 0.698s
0824 01:20:10 ds4-server: chat ctx=0..106:106 prefill chunk 10/106 (9.4%) chunk=22.63 t/s avg=13.47 t/s 0.742s
0824 01:20:10 ds4-server: chat ctx=0..106:106 prefill chunk 11/106 (10.4%) chunk=23.75 t/s avg=14.02 t/s 0.784s
0824 01:20:10 ds4-server: chat ctx=0..106:106 prefill chunk 12/106 (11.3%) chunk=23.78 t/s avg=14.52 t/s 0.826s
0824 01:20:10 ds4-server: chat ctx=0..106:106 prefill chunk 13/106 (12.3%) chunk=23.19 t/s avg=14.95 t/s 0.870s
0824 01:20:10 ds4-server: chat ctx=0..106:106 prefill chunk 14/106 (13.2%) chunk=23.09 t/s avg=15.34 t/s 0.913s
0824 01:20:10 ds4-server: chat ctx=0..106:106 prefill chunk 15/106 (14.2%) chunk=23.92 t/s avg=15.71 t/s 0.955s
0824 01:20:10 ds4-server: chat ctx=0..106:106 prefill chunk 16/106 (15.1%) chunk=23.67 t/s avg=16.05 t/s 0.997s
0824 01:20:10 ds4-server: chat ctx=0..106:106 prefill chunk 17/106 (16.0%) chunk=23.05 t/s avg=16.34 t/s 1.040s
0824 01:20:10 ds4-server: chat ctx=0..106:106 prefill chunk 18/106 (17.0%) chunk=23.60 t/s avg=16.63 t/s 1.083s
0824 01:20:10 ds4-server: chat ctx=0..106:106 prefill chunk 19/106 (17.9%) chunk=23.83 t/s avg=16.89 t/s 1.125s
0824 01:20:10 ds4-server: chat ctx=0..106:106 prefill chunk 20/106 (18.9%) chunk=23.61 t/s avg=17.14 t/s 1.167s
0824 01:20:10 ds4-server: chat ctx=0..106:106 prefill chunk 21/106 (19.8%) chunk=22.53 t/s avg=17.34 t/s 1.211s
0824 01:20:10 ds4-server: chat ctx=0..106:106 prefill chunk 22/106 (20.8%) chunk=23.70 t/s avg=17.55 t/s 1.254s
0824 01:20:10 ds4-server: chat ctx=0..106:106 prefill chunk 23/106 (21.7%) chunk=23.57 t/s avg=17.75 t/s 1.296s
0824 01:20:10 ds4-server: chat ctx=0..106:106 prefill chunk 24/106 (22.6%) chunk=22.84 t/s avg=17.91 t/s 1.340s
0824 01:20:10 ds4-server: chat ctx=0..106:106 prefill chunk 25/106 (23.6%) chunk=23.43 t/s avg=18.08 t/s 1.382s
0824 01:20:10 ds4-server: chat ctx=0..106:106 prefill chunk 26/106 (24.5%) chunk=23.78 t/s avg=18.25 t/s 1.425s
0824 01:20:10 ds4-server: chat ctx=0..106:106 prefill chunk 27/106 (25.5%) chunk=23.58 t/s avg=18.41 t/s 1.467s
0824 01:20:11 ds4-server: chat ctx=0..106:106 prefill chunk 28/106 (26.4%) chunk=22.66 t/s avg=18.53 t/s 1.511s
0824 01:20:11 ds4-server: chat ctx=0..106:106 prefill chunk 29/106 (27.4%) chunk=23.74 t/s avg=18.67 t/s 1.553s
0824 01:20:11 ds4-server: chat ctx=0..106:106 prefill chunk 30/106 (28.3%) chunk=23.98 t/s avg=18.81 t/s 1.595s
0824 01:20:11 ds4-server: chat ctx=0..106:106 prefill chunk 31/106 (29.2%) chunk=22.82 t/s avg=18.92 t/s 1.639s
0824 01:20:11 ds4-server: chat ctx=0..106:106 prefill chunk 32/106 (30.2%) chunk=23.63 t/s avg=19.04 t/s 1.681s
0824 01:20:11 ds4-server: chat ctx=0..106:106 prefill chunk 33/106 (31.1%) chunk=23.70 t/s avg=19.15 t/s 1.723s
0824 01:20:11 ds4-server: chat ctx=0..106:106 prefill chunk 34/106 (32.1%) chunk=23.53 t/s avg=19.26 t/s 1.766s
0824 01:20:11 ds4-server: chat ctx=0..106:106 prefill chunk 35/106 (33.0%) chunk=22.62 t/s avg=19.34 t/s 1.810s
0824 01:20:11 ds4-server: chat ctx=0..106:106 prefill chunk 36/106 (34.0%) chunk=23.95 t/s avg=19.44 t/s 1.852s
0824 01:20:11 ds4-server: chat ctx=0..106:106 prefill chunk 37/106 (34.9%) chunk=23.77 t/s avg=19.54 t/s 1.894s
0824 01:20:11 ds4-server: chat ctx=0..106:106 prefill chunk 38/106 (35.8%) chunk=22.59 t/s avg=19.61 t/s 1.938s
0824 01:20:11 ds4-server: chat ctx=0..106:106 prefill chunk 39/106 (36.8%) chunk=23.33 t/s avg=19.69 t/s 1.981s
0824 01:20:11 ds4-server: chat ctx=0..106:106 prefill chunk 40/106 (37.7%) chunk=23.75 t/s avg=19.77 t/s 2.023s
0824 01:20:11 ds4-server: chat ctx=0..106:106 prefill chunk 41/106 (38.7%) chunk=23.39 t/s avg=19.85 t/s 2.066s
0824 01:20:11 ds4-server: chat ctx=0..106:106 prefill chunk 42/106 (39.6%) chunk=22.63 t/s avg=19.91 t/s 2.110s
0824 01:20:11 ds4-server: chat ctx=0..106:106 prefill chunk 43/106 (40.6%) chunk=23.79 t/s avg=19.98 t/s 2.152s
0824 01:20:11 ds4-server: chat ctx=0..106:106 prefill chunk 44/106 (41.5%) chunk=23.78 t/s avg=20.05 t/s 2.194s
0824 01:20:11 ds4-server: chat ctx=0..106:106 prefill chunk 45/106 (42.5%) chunk=22.51 t/s avg=20.10 t/s 2.238s
0824 01:20:11 ds4-server: chat ctx=0..106:106 prefill chunk 46/106 (43.4%) chunk=23.66 t/s avg=20.17 t/s 2.281s
0824 01:20:11 ds4-server: chat ctx=0..106:106 prefill chunk 47/106 (44.3%) chunk=23.60 t/s avg=20.23 t/s 2.323s
0824 01:20:11 ds4-server: chat ctx=0..106:106 prefill chunk 48/106 (45.3%) chunk=23.53 t/s avg=20.29 t/s 2.366s
0824 01:20:11 ds4-server: chat ctx=0..106:106 prefill chunk 49/106 (46.2%) chunk=22.69 t/s avg=20.34 t/s 2.410s
0824 01:20:11 ds4-server: chat ctx=0..106:106 prefill chunk 50/106 (47.2%) chunk=23.72 t/s avg=20.39 t/s 2.452s
0824 01:20:11 ds4-server: chat ctx=0..106:106 prefill chunk 51/106 (48.1%) chunk=23.56 t/s avg=20.45 t/s 2.494s
0824 01:20:12 ds4-server: chat ctx=0..106:106 prefill chunk 52/106 (49.1%) chunk=22.51 t/s avg=20.48 t/s 2.539s
0824 01:20:12 ds4-server: chat ctx=0..106:106 prefill chunk 53/106 (50.0%) chunk=23.61 t/s avg=20.53 t/s 2.581s
0824 01:20:12 ds4-server: chat ctx=0..106:106 prefill chunk 54/106 (50.9%) chunk=23.71 t/s avg=20.59 t/s 2.623s
0824 01:20:12 ds4-server: chat ctx=0..106:106 prefill chunk 55/106 (51.9%) chunk=23.59 t/s avg=20.63 t/s 2.666s
0824 01:20:12 ds4-server: chat ctx=0..106:106 prefill chunk 56/106 (52.8%) chunk=22.66 t/s avg=20.67 t/s 2.710s
0824 01:20:12 ds4-server: chat ctx=0..106:106 prefill chunk 57/106 (53.8%) chunk=23.61 t/s avg=20.71 t/s 2.752s
0824 01:20:12 ds4-server: chat ctx=0..106:106 prefill chunk 58/106 (54.7%) chunk=23.61 t/s avg=20.76 t/s 2.794s
0824 01:20:12 ds4-server: chat ctx=0..106:106 prefill chunk 59/106 (55.7%) chunk=22.35 t/s avg=20.78 t/s 2.839s
0824 01:20:12 ds4-server: chat ctx=0..106:106 prefill chunk 60/106 (56.6%) chunk=23.42 t/s avg=20.82 t/s 2.882s
0824 01:20:12 ds4-server: chat ctx=0..106:106 prefill chunk 61/106 (57.5%) chunk=23.63 t/s avg=20.86 t/s 2.924s
0824 01:20:12 ds4-server: chat ctx=0..106:106 prefill chunk 62/106 (58.5%) chunk=23.35 t/s avg=20.90 t/s 2.967s
0824 01:20:12 ds4-server: chat ctx=0..106:106 prefill chunk 63/106 (59.4%) chunk=22.73 t/s avg=20.92 t/s 3.011s
0824 01:20:12 ds4-server: chat ctx=0..106:106 prefill chunk 64/106 (60.4%) chunk=23.66 t/s avg=20.96 t/s 3.053s
0824 01:20:12 ds4-server: chat ctx=0..106:106 prefill chunk 65/106 (61.3%) chunk=23.46 t/s avg=21.00 t/s 3.096s
0824 01:20:12 ds4-server: chat ctx=0..106:106 prefill chunk 66/106 (62.3%) chunk=22.81 t/s avg=21.02 t/s 3.140s
0824 01:20:12 ds4-server: chat ctx=0..106:106 prefill chunk 67/106 (63.2%) chunk=23.35 t/s avg=21.05 t/s 3.183s
0824 01:20:12 ds4-server: chat ctx=0..106:106 prefill chunk 68/106 (64.2%) chunk=23.76 t/s avg=21.09 t/s 3.225s
0824 01:20:12 ds4-server: chat ctx=0..106:106 prefill chunk 69/106 (65.1%) chunk=23.11 t/s avg=21.11 t/s 3.268s
0824 01:20:12 ds4-server: chat ctx=0..106:106 prefill chunk 70/106 (66.0%) chunk=23.08 t/s avg=21.14 t/s 3.311s
0824 01:20:12 ds4-server: chat ctx=0..106:106 prefill chunk 71/106 (67.0%) chunk=23.89 t/s avg=21.17 t/s 3.353s
0824 01:20:12 ds4-server: chat ctx=0..106:106 prefill chunk 72/106 (67.9%) chunk=23.73 t/s avg=21.21 t/s 3.395s
0824 01:20:12 ds4-server: chat ctx=0..106:106 prefill chunk 73/106 (68.9%) chunk=22.79 t/s avg=21.23 t/s 3.439s
0824 01:20:12 ds4-server: chat ctx=0..106:106 prefill chunk 74/106 (69.8%) chunk=23.44 t/s avg=21.25 t/s 3.482s
0824 01:20:13 ds4-server: chat ctx=0..106:106 prefill chunk 75/106 (70.8%) chunk=23.67 t/s avg=21.28 t/s 3.524s
0824 01:20:13 ds4-server: chat ctx=0..106:106 prefill chunk 76/106 (71.7%) chunk=23.57 t/s avg=21.31 t/s 3.566s
0824 01:20:13 ds4-server: chat ctx=0..106:106 prefill chunk 77/106 (72.6%) chunk=22.49 t/s avg=21.32 t/s 3.611s
0824 01:20:13 ds4-server: chat ctx=0..106:106 prefill chunk 78/106 (73.6%) chunk=23.83 t/s avg=21.35 t/s 3.653s
0824 01:20:13 ds4-server: chat ctx=0..106:106 prefill chunk 79/106 (74.5%) chunk=23.67 t/s avg=21.38 t/s 3.695s
0824 01:20:13 ds4-server: chat ctx=0..106:106 prefill chunk 80/106 (75.5%) chunk=22.81 t/s avg=21.40 t/s 3.739s
0824 01:20:13 ds4-server: chat ctx=0..106:106 prefill chunk 81/106 (76.4%) chunk=23.35 t/s avg=21.42 t/s 3.782s
0824 01:20:13 ds4-server: chat ctx=0..106:106 prefill chunk 82/106 (77.4%) chunk=23.68 t/s avg=21.44 t/s 3.824s
0824 01:20:13 ds4-server: chat ctx=0..106:106 prefill chunk 83/106 (78.3%) chunk=23.37 t/s avg=21.46 t/s 3.867s
0824 01:20:13 ds4-server: chat ctx=0..106:106 prefill chunk 84/106 (79.2%) chunk=22.37 t/s avg=21.47 t/s 3.912s
0824 01:20:13 ds4-server: chat ctx=0..106:106 prefill chunk 85/106 (80.2%) chunk=23.69 t/s avg=21.50 t/s 3.954s
0824 01:20:13 ds4-server: chat ctx=0..106:106 prefill chunk 86/106 (81.1%) chunk=23.32 t/s avg=21.52 t/s 3.997s
0824 01:20:13 ds4-server: chat ctx=0..106:106 prefill chunk 87/106 (82.1%) chunk=22.85 t/s avg=21.53 t/s 4.040s
0824 01:20:13 ds4-server: chat ctx=0..106:106 prefill chunk 88/106 (83.0%) chunk=23.51 t/s avg=21.55 t/s 4.083s
0824 01:20:13 ds4-server: chat ctx=0..106:106 prefill chunk 89/106 (84.0%) chunk=23.73 t/s avg=21.58 t/s 4.125s
0824 01:20:13 ds4-server: chat ctx=0..106:106 prefill chunk 90/106 (84.9%) chunk=23.00 t/s avg=21.59 t/s 4.169s
0824 01:20:13 ds4-server: chat ctx=0..106:106 prefill chunk 91/106 (85.8%) chunk=23.15 t/s avg=21.61 t/s 4.212s
0824 01:20:13 ds4-server: chat ctx=0..106:106 prefill chunk 92/106 (86.8%) chunk=23.66 t/s avg=21.63 t/s 4.254s
0824 01:20:13 ds4-server: chat ctx=0..106:106 prefill chunk 93/106 (87.7%) chunk=23.32 t/s avg=21.64 t/s 4.297s
0824 01:20:13 ds4-server: chat ctx=0..106:106 prefill chunk 94/106 (88.7%) chunk=22.84 t/s avg=21.66 t/s 4.341s
0824 01:20:13 ds4-server: chat ctx=0..106:106 prefill chunk 95/106 (89.6%) chunk=23.53 t/s avg=21.67 t/s 4.383s
0824 01:20:13 ds4-server: chat ctx=0..106:106 prefill chunk 96/106 (90.6%) chunk=23.74 t/s avg=21.69 t/s 4.425s
0824 01:20:13 ds4-server: chat ctx=0..106:106 prefill chunk 97/106 (91.5%) chunk=23.07 t/s avg=21.71 t/s 4.469s
0824 01:20:14 ds4-server: chat ctx=0..106:106 prefill chunk 98/106 (92.5%) chunk=22.96 t/s avg=21.72 t/s 4.512s
0824 01:20:14 ds4-server: chat ctx=0..106:106 prefill chunk 99/106 (93.4%) chunk=23.69 t/s avg=21.74 t/s 4.554s
0824 01:20:14 ds4-server: chat ctx=0..106:106 prefill chunk 100/106 (94.3%) chunk=23.43 t/s avg=21.75 t/s 4.597s
0824 01:20:14 ds4-server: chat ctx=0..106:106 prefill chunk 101/106 (95.3%) chunk=22.75 t/s avg=21.76 t/s 4.641s
0824 01:20:14 ds4-server: chat ctx=0..106:106 prefill chunk 102/106 (96.2%) chunk=23.43 t/s avg=21.78 t/s 4.684s
0824 01:20:14 ds4-server: chat ctx=0..106:106 prefill chunk 103/106 (97.2%) chunk=23.59 t/s avg=21.79 t/s 4.726s
0824 01:20:14 ds4-server: chat ctx=0..106:106 prefill chunk 104/106 (98.1%) chunk=23.01 t/s avg=21.80 t/s 4.770s
0824 01:20:14 ds4-server: chat ctx=0..106:106 prefill chunk 105/106 (99.1%) chunk=22.91 t/s avg=21.81 t/s 4.813s
0824 01:20:14 ds4-server: chat ctx=0..106:106 prefill chunk 106/106 (100.0%) chunk=23.56 t/s avg=21.83 t/s 4.856s
0824 01:20:14 ds4-server: chat ctx=0..106:106 prompt done 4.856s
0824 01:20:16 ds4-server: chat ctx=106..156:50 gen=50 THINKING decoding chunk=23.15 t/s avg=23.15 t/s 2.160s
0824 01:20:18 ds4-server: chat ctx=156..206:50 gen=100 THINKING decoding chunk=23.02 t/s avg=23.09 t/s 4.332s
0824 01:20:20 ds4-server: chat ctx=206..256:50 gen=150 THINKING decoding chunk=22.80 t/s avg=22.99 t/s 6.524s
0824 01:20:23 ds4-server: chat ctx=256..306:50 gen=200 THINKING decoding chunk=22.66 t/s avg=22.91 t/s 8.730s
0824 01:20:25 ds4-server: chat ctx=306..356:50 gen=250 THINKING decoding chunk=22.52 t/s avg=22.83 t/s 10.950s
0824 01:20:27 ds4-server: chat ctx=356..406:50 gen=300 THINKING decoding chunk=22.34 t/s avg=22.75 t/s 13.189s
0824 01:20:29 ds4-server: chat ctx=406..456:50 gen=350 THINKING decoding chunk=22.24 t/s avg=22.67 t/s 15.437s
0824 01:20:32 ds4-server: chat ctx=456..506:50 gen=400 THINKING decoding chunk=22.07 t/s avg=22.60 t/s 17.702s
0824 01:20:34 ds4-server: chat ctx=506..556:50 gen=450 THINKING decoding chunk=21.94 t/s avg=22.52 t/s 19.981s
0824 01:20:36 ds4-server: chat ctx=556..606:50 gen=500 THINKING decoding chunk=21.77 t/s avg=22.44 t/s 22.278s
0824 01:20:38 ds4-server: chat ctx=606..656:50 gen=550 THINKING decoding chunk=21.63 t/s avg=22.37 t/s 24.590s
0824 01:20:41 ds4-server: chat ctx=656..706:50 gen=600 THINKING decoding chunk=21.49 t/s avg=22.29 t/s 26.916s
0824 01:20:43 ds4-server: chat ctx=706..756:50 gen=650 THINKING decoding chunk=21.35 t/s avg=22.22 t/s 29.258s
0824 01:20:45 ds4-server: chat ctx=756..806:50 gen=700 THINKING decoding chunk=21.23 t/s avg=22.14 t/s 31.613s
0824 01:20:48 ds4-server: chat ctx=806..856:50 gen=750 THINKING decoding chunk=21.06 t/s avg=22.07 t/s 33.988s
0824 01:20:50 ds4-server: chat ctx=856..906:50 gen=800 THINKING decoding chunk=20.96 t/s avg=21.99 t/s 36.374s
0824 01:20:53 ds4-server: chat ctx=906..956:50 gen=850 THINKING decoding chunk=20.84 t/s avg=21.92 t/s 38.773s
0824 01:20:55 ds4-server: chat ctx=956..1006:50 gen=900 THINKING decoding chunk=20.71 t/s avg=21.85 t/s 41.187s
0824 01:20:57 ds4-server: chat ctx=1006..1056:50 gen=950 THINKING decoding chunk=20.61 t/s avg=21.78 t/s 43.613s
0824 01:21:00 ds4-server: chat ctx=1056..1106:50 gen=1000 THINKING decoding chunk=20.46 t/s avg=21.71 t/s 46.057s
0824 01:21:02 ds4-server: chat ctx=1106..1156:50 gen=1050 THINKING decoding chunk=20.33 t/s avg=21.64 t/s 48.516s
0824 01:21:05 ds4-server: chat ctx=1156..1206:50 gen=1100 THINKING decoding chunk=20.22 t/s avg=21.57 t/s 50.988s
0824 01:21:07 ds4-server: chat ctx=1206..1256:50 gen=1150 decoding chunk=20.08 t/s avg=21.50 t/s 53.478s
0824 01:21:10 ds4-server: chat ctx=1256..1306:50 gen=1200 decoding chunk=19.95 t/s avg=21.43 t/s 55.984s
0824 01:21:11 ds4-server: chat ctx=1306..1325:19 gen=1219 decoding chunk=19.90 t/s avg=21.41 t/s 56.939s
0824 01:21:11 ds4-server: thinking live checkpoint remembered ctx=0..106:106 live=1325 visible=792
0824 01:21:11 ds4-server: chat ctx=0..106:106 gen=1219 finish=stop 61.795s
0824 01:21:13 ds4-server: live kv cache miss live=1325 prompt=211 common=30 reason=token-mismatch
0824 01:21:13 ds4-server: chat ctx=0..211:211 prompt start
0824 01:21:14 ds4-server: chat ctx=0..211:211 prefill chunk 1/211 (0.5%) chunk=0.00 t/s avg=3.17 t/s 0.315s
0824 01:21:14 ds4-server: chat ctx=0..211:211 prefill chunk 2/211 (0.9%) chunk=23.48 t/s avg=5.59 t/s 0.358s
0824 01:21:14 ds4-server: chat ctx=0..211:211 prefill chunk 3/211 (1.4%) chunk=22.98 t/s avg=7.47 t/s 0.401s
0824 01:21:14 ds4-server: chat ctx=0..211:211 prefill chunk 4/211 (1.9%) chunk=24.43 t/s avg=9.04 t/s 0.442s
0824 01:21:14 ds4-server: chat ctx=0..211:211 prefill chunk 5/211 (2.4%) chunk=24.04 t/s avg=10.33 t/s 0.484s
0824 01:21:14 ds4-server: chat ctx=0..211:211 prefill chunk 6/211 (2.8%) chunk=23.12 t/s avg=11.38 t/s 0.527s
0824 01:21:14 ds4-server: chat ctx=0..211:211 prefill chunk 7/211 (3.3%) chunk=23.23 t/s avg=12.28 t/s 0.570s
0824 01:21:14 ds4-server: chat ctx=0..211:211 prefill chunk 8/211 (3.8%) chunk=23.81 t/s avg=13.07 t/s 0.612s
0824 01:21:14 ds4-server: chat ctx=0..211:211 prefill chunk 9/211 (4.3%) chunk=23.48 t/s avg=13.74 t/s 0.655s
0824 01:21:14 ds4-server: chat ctx=0..211:211 prefill chunk 10/211 (4.7%) chunk=22.97 t/s avg=14.32 t/s 0.698s
0824 01:21:14 ds4-server: chat ctx=0..211:211 prefill chunk 11/211 (5.2%) chunk=23.66 t/s avg=14.85 t/s 0.741s
0824 01:21:14 ds4-server: chat ctx=0..211:211 prefill chunk 12/211 (5.7%) chunk=24.01 t/s avg=15.34 t/s 0.782s
0824 01:21:14 ds4-server: chat ctx=0..211:211 prefill chunk 13/211 (6.2%) chunk=23.68 t/s avg=15.77 t/s 0.825s
0824 01:21:14 ds4-server: chat ctx=0..211:211 prefill chunk 14/211 (6.6%) chunk=22.85 t/s avg=16.12 t/s 0.868s
0824 01:21:14 ds4-server: chat ctx=0..211:211 prefill chunk 15/211 (7.1%) chunk=23.63 t/s avg=16.47 t/s 0.911s
0824 01:21:14 ds4-server: chat ctx=0..211:211 prefill chunk 16/211 (7.6%) chunk=24.10 t/s avg=16.81 t/s 0.952s
0824 01:21:14 ds4-server: chat ctx=0..211:211 prefill chunk 17/211 (8.1%) chunk=22.77 t/s avg=17.07 t/s 0.996s
0824 01:21:14 ds4-server: chat ctx=0..211:211 prefill chunk 18/211 (8.5%) chunk=23.72 t/s avg=17.34 t/s 1.038s
0824 01:21:14 ds4-server: chat ctx=0..211:211 prefill chunk 19/211 (9.0%) chunk=23.88 t/s avg=17.59 t/s 1.080s
0824 01:21:14 ds4-server: chat ctx=0..211:211 prefill chunk 20/211 (9.5%) chunk=23.64 t/s avg=17.82 t/s 1.122s
0824 01:21:15 ds4-server: chat ctx=0..211:211 prefill chunk 21/211 (10.0%) chunk=22.43 t/s avg=18.00 t/s 1.167s
0824 01:21:15 ds4-server: chat ctx=0..211:211 prefill chunk 22/211 (10.4%) chunk=23.89 t/s avg=18.20 t/s 1.209s
0824 01:21:15 ds4-server: chat ctx=0..211:211 prefill chunk 23/211 (10.9%) chunk=23.71 t/s avg=18.39 t/s 1.251s
0824 01:21:15 ds4-server: chat ctx=0..211:211 prefill chunk 24/211 (11.4%) chunk=22.50 t/s avg=18.53 t/s 1.295s
0824 01:21:15 ds4-server: chat ctx=0..211:211 prefill chunk 25/211 (11.8%) chunk=23.52 t/s avg=18.69 t/s 1.338s
0824 01:21:15 ds4-server: chat ctx=0..211:211 prefill chunk 26/211 (12.3%) chunk=23.93 t/s avg=18.84 t/s 1.380s
0824 01:21:15 ds4-server: chat ctx=0..211:211 prefill chunk 27/211 (12.8%) chunk=23.52 t/s avg=18.98 t/s 1.422s
0824 01:21:15 ds4-server: chat ctx=0..211:211 prefill chunk 28/211 (13.3%) chunk=22.64 t/s avg=19.09 t/s 1.466s
0824 01:21:15 ds4-server: chat ctx=0..211:211 prefill chunk 29/211 (13.7%) chunk=23.57 t/s avg=19.22 t/s 1.509s
0824 01:21:15 ds4-server: chat ctx=0..211:211 prefill chunk 30/211 (14.2%) chunk=23.79 t/s avg=19.34 t/s 1.551s
0824 01:21:15 ds4-server: chat ctx=0..211:211 prefill chunk 31/211 (14.7%) chunk=23.24 t/s avg=19.45 t/s 1.594s
0824 01:21:15 ds4-server: chat ctx=0..211:211 prefill chunk 32/211 (15.2%) chunk=23.11 t/s avg=19.55 t/s 1.637s
0824 01:21:15 ds4-server: chat ctx=0..211:211 prefill chunk 33/211 (15.6%) chunk=23.96 t/s avg=19.66 t/s 1.679s
0824 01:21:15 ds4-server: chat ctx=0..211:211 prefill chunk 34/211 (16.1%) chunk=23.54 t/s avg=19.75 t/s 1.721s
0824 01:21:15 ds4-server: chat ctx=0..211:211 prefill chunk 35/211 (16.6%) chunk=22.86 t/s avg=19.83 t/s 1.765s
0824 01:21:15 ds4-server: chat ctx=0..211:211 prefill chunk 36/211 (17.1%) chunk=23.74 t/s avg=19.92 t/s 1.807s
0824 01:21:15 ds4-server: chat ctx=0..211:211 prefill chunk 37/211 (17.5%) chunk=24.05 t/s avg=20.01 t/s 1.849s
0824 01:21:15 ds4-server: chat ctx=0..211:211 prefill chunk 38/211 (18.0%) chunk=23.46 t/s avg=20.09 t/s 1.891s
0824 01:21:15 ds4-server: chat ctx=0..211:211 prefill chunk 39/211 (18.5%) chunk=23.05 t/s avg=20.16 t/s 1.935s
0824 01:21:15 ds4-server: chat ctx=0..211:211 prefill chunk 40/211 (19.0%) chunk=23.66 t/s avg=20.23 t/s 1.977s
0824 01:21:15 ds4-server: chat ctx=0..211:211 prefill chunk 41/211 (19.4%) chunk=23.81 t/s avg=20.31 t/s 2.019s
0824 01:21:15 ds4-server: chat ctx=0..211:211 prefill chunk 42/211 (19.9%) chunk=22.71 t/s avg=20.36 t/s 2.063s
0824 01:21:15 ds4-server: chat ctx=0..211:211 prefill chunk 43/211 (20.4%) chunk=23.48 t/s avg=20.42 t/s 2.106s
0824 01:21:15 ds4-server: chat ctx=0..211:211 prefill chunk 44/211 (20.9%) chunk=23.76 t/s avg=20.49 t/s 2.148s
0824 01:21:16 ds4-server: chat ctx=0..211:211 prefill chunk 45/211 (21.3%) chunk=23.63 t/s avg=20.55 t/s 2.190s
0824 01:21:16 ds4-server: chat ctx=0..211:211 prefill chunk 46/211 (21.8%) chunk=22.62 t/s avg=20.59 t/s 2.234s
0824 01:21:16 ds4-server: chat ctx=0..211:211 prefill chunk 47/211 (22.3%) chunk=23.69 t/s avg=20.65 t/s 2.277s
0824 01:21:16 ds4-server: chat ctx=0..211:211 prefill chunk 48/211 (22.7%) chunk=23.87 t/s avg=20.70 t/s 2.318s
0824 01:21:16 ds4-server: chat ctx=0..211:211 prefill chunk 49/211 (23.2%) chunk=22.42 t/s avg=20.74 t/s 2.363s
0824 01:21:16 ds4-server: chat ctx=0..211:211 prefill chunk 50/211 (23.7%) chunk=23.67 t/s avg=20.79 t/s 2.405s
0824 01:21:16 ds4-server: chat ctx=0..211:211 prefill chunk 51/211 (24.2%) chunk=23.64 t/s avg=20.84 t/s 2.448s
0824 01:21:16 ds4-server: chat ctx=0..211:211 prefill chunk 52/211 (24.6%) chunk=23.40 t/s avg=20.88 t/s 2.490s
0824 01:21:16 ds4-server: chat ctx=0..211:211 prefill chunk 53/211 (25.1%) chunk=22.45 t/s avg=20.91 t/s 2.535s
0824 01:21:16 ds4-server: chat ctx=0..211:211 prefill chunk 54/211 (25.6%) chunk=23.93 t/s avg=20.96 t/s 2.577s
0824 01:21:16 ds4-server: chat ctx=0..211:211 prefill chunk 55/211 (26.1%) chunk=23.54 t/s avg=21.00 t/s 2.619s
0824 01:21:16 ds4-server: chat ctx=0..211:211 prefill chunk 56/211 (26.5%) chunk=22.53 t/s avg=21.02 t/s 2.664s
0824 01:21:16 ds4-server: chat ctx=0..211:211 prefill chunk 57/211 (27.0%) chunk=23.46 t/s avg=21.06 t/s 2.706s
0824 01:21:16 ds4-server: chat ctx=0..211:211 prefill chunk 58/211 (27.5%) chunk=23.72 t/s avg=21.10 t/s 2.748s
0824 01:21:16 ds4-server: chat ctx=0..211:211 prefill chunk 59/211 (28.0%) chunk=23.36 t/s avg=21.14 t/s 2.791s
0824 01:21:16 ds4-server: chat ctx=0..211:211 prefill chunk 60/211 (28.4%) chunk=22.64 t/s avg=21.16 t/s 2.835s
0824 01:21:16 ds4-server: chat ctx=0..211:211 prefill chunk 61/211 (28.9%) chunk=23.65 t/s avg=21.20 t/s 2.878s
0824 01:21:16 ds4-server: chat ctx=0..211:211 prefill chunk 62/211 (29.4%) chunk=23.36 t/s avg=21.23 t/s 2.920s
0824 01:21:16 ds4-server: chat ctx=0..211:211 prefill chunk 63/211 (29.9%) chunk=22.69 t/s avg=21.25 t/s 2.964s
0824 01:21:16 ds4-server: chat ctx=0..211:211 prefill chunk 64/211 (30.3%) chunk=23.57 t/s avg=21.28 t/s 3.007s
0824 01:21:16 ds4-server: chat ctx=0..211:211 prefill chunk 65/211 (30.8%) chunk=23.79 t/s avg=21.32 t/s 3.049s
0824 01:21:16 ds4-server: chat ctx=0..211:211 prefill chunk 66/211 (31.3%) chunk=23.47 t/s avg=21.35 t/s 3.092s
0824 01:21:16 ds4-server: chat ctx=0..211:211 prefill chunk 67/211 (31.8%) chunk=22.88 t/s avg=21.37 t/s 3.135s
0824 01:21:17 ds4-server: chat ctx=0..211:211 prefill chunk 68/211 (32.2%) chunk=23.59 t/s avg=21.40 t/s 3.178s
0824 01:21:17 ds4-server: chat ctx=0..211:211 prefill chunk 69/211 (32.7%) chunk=23.25 t/s avg=21.42 t/s 3.221s
0824 01:21:17 ds4-server: chat ctx=0..211:211 prefill chunk 70/211 (33.2%) chunk=22.82 t/s avg=21.44 t/s 3.264s
0824 01:21:17 ds4-server: chat ctx=0..211:211 prefill chunk 71/211 (33.6%) chunk=23.39 t/s avg=21.47 t/s 3.307s
0824 01:21:17 ds4-server: chat ctx=0..211:211 prefill chunk 72/211 (34.1%) chunk=23.80 t/s avg=21.50 t/s 3.349s
0824 01:21:17 ds4-server: chat ctx=0..211:211 prefill chunk 73/211 (34.6%) chunk=23.73 t/s avg=21.53 t/s 3.391s
0824 01:21:17 ds4-server: chat ctx=0..211:211 prefill chunk 74/211 (35.1%) chunk=22.71 t/s avg=21.54 t/s 3.435s
0824 01:21:17 ds4-server: chat ctx=0..211:211 prefill chunk 75/211 (35.5%) chunk=23.84 t/s avg=21.57 t/s 3.477s
0824 01:21:17 ds4-server: chat ctx=0..211:211 prefill chunk 76/211 (36.0%) chunk=23.58 t/s avg=21.59 t/s 3.520s
0824 01:21:17 ds4-server: chat ctx=0..211:211 prefill chunk 77/211 (36.5%) chunk=22.98 t/s avg=21.61 t/s 3.563s
0824 01:21:17 ds4-server: chat ctx=0..211:211 prefill chunk 78/211 (37.0%) chunk=23.36 t/s avg=21.63 t/s 3.606s
0824 01:21:17 ds4-server: chat ctx=0..211:211 prefill chunk 79/211 (37.4%) chunk=23.77 t/s avg=21.65 t/s 3.648s
0824 01:21:17 ds4-server: chat ctx=0..211:211 prefill chunk 80/211 (37.9%) chunk=23.60 t/s avg=21.68 t/s 3.691s
0824 01:21:17 ds4-server: chat ctx=0..211:211 prefill chunk 81/211 (38.4%) chunk=22.59 t/s avg=21.69 t/s 3.735s
0824 01:21:17 ds4-server: chat ctx=0..211:211 prefill chunk 82/211 (38.9%) chunk=23.69 t/s avg=21.71 t/s 3.777s
0824 01:21:17 ds4-server: chat ctx=0..211:211 prefill chunk 83/211 (39.3%) chunk=23.86 t/s avg=21.73 t/s 3.819s
0824 01:21:17 ds4-server: chat ctx=0..211:211 prefill chunk 84/211 (39.8%) chunk=22.58 t/s avg=21.74 t/s 3.863s
0824 01:21:17 ds4-server: chat ctx=0..211:211 prefill chunk 85/211 (40.3%) chunk=23.24 t/s avg=21.76 t/s 3.906s
0824 01:21:17 ds4-server: chat ctx=0..211:211 prefill chunk 86/211 (40.8%) chunk=23.62 t/s avg=21.78 t/s 3.949s
0824 01:21:17 ds4-server: chat ctx=0..211:211 prefill chunk 87/211 (41.2%) chunk=23.52 t/s avg=21.80 t/s 3.991s
0824 01:21:17 ds4-server: chat ctx=0..211:211 prefill chunk 88/211 (41.7%) chunk=22.72 t/s avg=21.81 t/s 4.035s
0824 01:21:17 ds4-server: chat ctx=0..211:211 prefill chunk 89/211 (42.2%) chunk=23.88 t/s avg=21.83 t/s 4.077s
0824 01:21:17 ds4-server: chat ctx=0..211:211 prefill chunk 90/211 (42.7%) chunk=23.56 t/s avg=21.85 t/s 4.119s
0824 01:21:17 ds4-server: chat ctx=0..211:211 prefill chunk 91/211 (43.1%) chunk=22.92 t/s avg=21.86 t/s 4.163s
0824 01:21:18 ds4-server: chat ctx=0..211:211 prefill chunk 92/211 (43.6%) chunk=23.62 t/s avg=21.88 t/s 4.205s
0824 01:21:18 ds4-server: chat ctx=0..211:211 prefill chunk 93/211 (44.1%) chunk=24.13 t/s avg=21.90 t/s 4.247s
0824 01:21:18 ds4-server: chat ctx=0..211:211 prefill chunk 94/211 (44.5%) chunk=23.81 t/s avg=21.92 t/s 4.289s
0824 01:21:18 ds4-server: chat ctx=0..211:211 prefill chunk 95/211 (45.0%) chunk=22.79 t/s avg=21.93 t/s 4.333s
0824 01:21:18 ds4-server: chat ctx=0..211:211 prefill chunk 96/211 (45.5%) chunk=23.27 t/s avg=21.94 t/s 4.376s
0824 01:21:18 ds4-server: chat ctx=0..211:211 prefill chunk 97/211 (46.0%) chunk=23.92 t/s avg=21.96 t/s 4.418s
0824 01:21:18 ds4-server: chat ctx=0..211:211 prefill chunk 98/211 (46.4%) chunk=23.25 t/s avg=21.97 t/s 4.461s
0824 01:21:18 ds4-server: chat ctx=0..211:211 prefill chunk 99/211 (46.9%) chunk=22.90 t/s avg=21.98 t/s 4.504s
0824 01:21:18 ds4-server: chat ctx=0..211:211 prefill chunk 100/211 (47.4%) chunk=23.67 t/s avg=22.00 t/s 4.546s
0824 01:21:18 ds4-server: chat ctx=0..211:211 prefill chunk 101/211 (47.9%) chunk=23.48 t/s avg=22.01 t/s 4.589s
0824 01:21:18 ds4-server: chat ctx=0..211:211 prefill chunk 102/211 (48.3%) chunk=22.80 t/s avg=22.02 t/s 4.633s
0824 01:21:18 ds4-server: chat ctx=0..211:211 prefill chunk 103/211 (48.8%) chunk=23.45 t/s avg=22.03 t/s 4.676s
0824 01:21:18 ds4-server: chat ctx=0..211:211 prefill chunk 104/211 (49.3%) chunk=23.64 t/s avg=22.04 t/s 4.718s
0824 01:21:18 ds4-server: chat ctx=0..211:211 prefill chunk 105/211 (49.8%) chunk=22.91 t/s avg=22.05 t/s 4.761s
0824 01:21:18 ds4-server: chat ctx=0..211:211 prefill chunk 106/211 (50.2%) chunk=23.45 t/s avg=22.06 t/s 4.804s
0824 01:21:18 ds4-server: chat ctx=0..211:211 prefill chunk 107/211 (50.7%) chunk=23.74 t/s avg=22.08 t/s 4.846s
0824 01:21:18 ds4-server: chat ctx=0..211:211 prefill chunk 108/211 (51.2%) chunk=23.45 t/s avg=22.09 t/s 4.889s
0824 01:21:18 ds4-server: chat ctx=0..211:211 prefill chunk 109/211 (51.7%) chunk=22.36 t/s avg=22.09 t/s 4.934s
0824 01:21:18 ds4-server: chat ctx=0..211:211 prefill chunk 110/211 (52.1%) chunk=23.58 t/s avg=22.11 t/s 4.976s
0824 01:21:18 ds4-server: chat ctx=0..211:211 prefill chunk 111/211 (52.6%) chunk=23.67 t/s avg=22.12 t/s 5.018s
0824 01:21:18 ds4-server: chat ctx=0..211:211 prefill chunk 112/211 (53.1%) chunk=22.58 t/s avg=22.12 t/s 5.063s
0824 01:21:18 ds4-server: chat ctx=0..211:211 prefill chunk 113/211 (53.6%) chunk=23.39 t/s avg=22.13 t/s 5.105s
0824 01:21:18 ds4-server: chat ctx=0..211:211 prefill chunk 114/211 (54.0%) chunk=23.55 t/s avg=22.15 t/s 5.148s
0824 01:21:19 ds4-server: chat ctx=0..211:211 prefill chunk 115/211 (54.5%) chunk=23.47 t/s avg=22.16 t/s 5.190s
0824 01:21:19 ds4-server: chat ctx=0..211:211 prefill chunk 116/211 (55.0%) chunk=22.40 t/s avg=22.16 t/s 5.235s
0824 01:21:19 ds4-server: chat ctx=0..211:211 prefill chunk 117/211 (55.5%) chunk=23.46 t/s avg=22.17 t/s 5.278s
0824 01:21:19 ds4-server: chat ctx=0..211:211 prefill chunk 118/211 (55.9%) chunk=23.15 t/s avg=22.18 t/s 5.321s
0824 01:21:19 ds4-server: chat ctx=0..211:211 prefill chunk 119/211 (56.4%) chunk=22.81 t/s avg=22.18 t/s 5.365s
0824 01:21:19 ds4-server: chat ctx=0..211:211 prefill chunk 120/211 (56.9%) chunk=23.47 t/s avg=22.19 t/s 5.407s
0824 01:21:19 ds4-server: chat ctx=0..211:211 prefill chunk 121/211 (57.3%) chunk=23.58 t/s avg=22.20 t/s 5.450s
0824 01:21:19 ds4-server: chat ctx=0..211:211 prefill chunk 122/211 (57.8%) chunk=22.84 t/s avg=22.21 t/s 5.493s
0824 01:21:19 ds4-server: chat ctx=0..211:211 prefill chunk 123/211 (58.3%) chunk=22.82 t/s avg=22.21 t/s 5.537s
0824 01:21:19 ds4-server: chat ctx=0..211:211 prefill chunk 124/211 (58.8%) chunk=23.47 t/s avg=22.22 t/s 5.580s
0824 01:21:19 ds4-server: chat ctx=0..211:211 prefill chunk 125/211 (59.2%) chunk=23.41 t/s avg=22.23 t/s 5.623s
0824 01:21:19 ds4-server: chat ctx=0..211:211 prefill chunk 126/211 (59.7%) chunk=22.39 t/s avg=22.23 t/s 5.667s
0824 01:21:19 ds4-server: chat ctx=0..211:211 prefill chunk 127/211 (60.2%) chunk=23.50 t/s avg=22.24 t/s 5.710s
0824 01:21:19 ds4-server: chat ctx=0..211:211 prefill chunk 128/211 (60.7%) chunk=23.68 t/s avg=22.25 t/s 5.752s
0824 01:21:19 ds4-server: chat ctx=0..211:211 prefill chunk 129/211 (61.1%) chunk=22.56 t/s avg=22.26 t/s 5.796s
0824 01:21:19 ds4-server: chat ctx=0..211:211 prefill chunk 130/211 (61.6%) chunk=23.39 t/s avg=22.26 t/s 5.839s
0824 01:21:19 ds4-server: chat ctx=0..211:211 prefill chunk 131/211 (62.1%) chunk=23.54 t/s avg=22.27 t/s 5.882s
0824 01:21:19 ds4-server: chat ctx=0..211:211 prefill chunk 132/211 (62.6%) chunk=23.30 t/s avg=22.28 t/s 5.925s
0824 01:21:19 ds4-server: chat ctx=0..211:211 prefill chunk 133/211 (63.0%) chunk=22.60 t/s avg=22.28 t/s 5.969s
0824 01:21:19 ds4-server: chat ctx=0..211:211 prefill chunk 134/211 (63.5%) chunk=23.43 t/s avg=22.29 t/s 6.011s
0824 01:21:19 ds4-server: chat ctx=0..211:211 prefill chunk 135/211 (64.0%) chunk=23.03 t/s avg=22.30 t/s 6.055s
0824 01:21:19 ds4-server: chat ctx=0..211:211 prefill chunk 136/211 (64.5%) chunk=22.33 t/s avg=22.30 t/s 6.100s
0824 01:21:19 ds4-server: chat ctx=0..211:211 prefill chunk 137/211 (64.9%) chunk=23.73 t/s avg=22.31 t/s 6.142s
0824 01:21:20 ds4-server: chat ctx=0..211:211 prefill chunk 138/211 (65.4%) chunk=23.42 t/s avg=22.31 t/s 6.184s
0824 01:21:20 ds4-server: chat ctx=0..211:211 prefill chunk 139/211 (65.9%) chunk=22.87 t/s avg=22.32 t/s 6.228s
0824 01:21:20 ds4-server: chat ctx=0..211:211 prefill chunk 140/211 (66.4%) chunk=23.09 t/s avg=22.32 t/s 6.272s
0824 01:21:20 ds4-server: chat ctx=0..211:211 prefill chunk 141/211 (66.8%) chunk=23.55 t/s avg=22.33 t/s 6.314s
0824 01:21:20 ds4-server: chat ctx=0..211:211 prefill chunk 142/211 (67.3%) chunk=23.41 t/s avg=22.34 t/s 6.357s
0824 01:21:20 ds4-server: chat ctx=0..211:211 prefill chunk 143/211 (67.8%) chunk=22.49 t/s avg=22.34 t/s 6.401s
0824 01:21:20 ds4-server: chat ctx=0..211:211 prefill chunk 144/211 (68.2%) chunk=23.44 t/s avg=22.35 t/s 6.444s
0824 01:21:20 ds4-server: chat ctx=0..211:211 prefill chunk 145/211 (68.7%) chunk=23.28 t/s avg=22.35 t/s 6.487s
0824 01:21:20 ds4-server: chat ctx=0..211:211 prefill chunk 146/211 (69.2%) chunk=22.54 t/s avg=22.35 t/s 6.531s
0824 01:21:20 ds4-server: chat ctx=0..211:211 prefill chunk 147/211 (69.7%) chunk=23.14 t/s avg=22.36 t/s 6.574s
0824 01:21:20 ds4-server: chat ctx=0..211:211 prefill chunk 148/211 (70.1%) chunk=23.34 t/s avg=22.37 t/s 6.617s
0824 01:21:20 ds4-server: chat ctx=0..211:211 prefill chunk 149/211 (70.6%) chunk=23.09 t/s avg=22.37 t/s 6.661s
0824 01:21:20 ds4-server: chat ctx=0..211:211 prefill chunk 150/211 (71.1%) chunk=22.62 t/s avg=22.37 t/s 6.705s
0824 01:21:20 ds4-server: chat ctx=0..211:211 prefill chunk 151/211 (71.6%) chunk=23.65 t/s avg=22.38 t/s 6.747s
0824 01:21:20 ds4-server: chat ctx=0..211:211 prefill chunk 152/211 (72.0%) chunk=23.21 t/s avg=22.39 t/s 6.790s
0824 01:21:20 ds4-server: chat ctx=0..211:211 prefill chunk 153/211 (72.5%) chunk=22.26 t/s avg=22.38 t/s 6.835s
0824 01:21:20 ds4-server: chat ctx=0..211:211 prefill chunk 154/211 (73.0%) chunk=23.63 t/s avg=22.39 t/s 6.877s
0824 01:21:20 ds4-server: chat ctx=0..211:211 prefill chunk 155/211 (73.5%) chunk=23.28 t/s avg=22.40 t/s 6.920s
0824 01:21:20 ds4-server: chat ctx=0..211:211 prefill chunk 156/211 (73.9%) chunk=22.63 t/s avg=22.40 t/s 6.964s
0824 01:21:20 ds4-server: chat ctx=0..211:211 prefill chunk 157/211 (74.4%) chunk=23.27 t/s avg=22.40 t/s 7.007s
0824 01:21:20 ds4-server: chat ctx=0..211:211 prefill chunk 158/211 (74.9%) chunk=23.48 t/s avg=22.41 t/s 7.050s
0824 01:21:20 ds4-server: chat ctx=0..211:211 prefill chunk 159/211 (75.4%) chunk=22.93 t/s avg=22.41 t/s 7.094s
0824 01:21:20 ds4-server: chat ctx=0..211:211 prefill chunk 160/211 (75.8%) chunk=23.00 t/s avg=22.42 t/s 7.137s
0824 01:21:21 ds4-server: chat ctx=0..211:211 prefill chunk 161/211 (76.3%) chunk=23.44 t/s avg=22.42 t/s 7.180s
0824 01:21:21 ds4-server: chat ctx=0..211:211 prefill chunk 162/211 (76.8%) chunk=23.43 t/s avg=22.43 t/s 7.222s
0824 01:21:21 ds4-server: chat ctx=0..211:211 prefill chunk 163/211 (77.3%) chunk=22.53 t/s avg=22.43 t/s 7.267s
0824 01:21:21 ds4-server: chat ctx=0..211:211 prefill chunk 164/211 (77.7%) chunk=23.43 t/s avg=22.44 t/s 7.310s
0824 01:21:21 ds4-server: chat ctx=0..211:211 prefill chunk 165/211 (78.2%) chunk=23.35 t/s avg=22.44 t/s 7.352s
0824 01:21:21 ds4-server: chat ctx=0..211:211 prefill chunk 166/211 (78.7%) chunk=22.39 t/s avg=22.44 t/s 7.397s
0824 01:21:21 ds4-server: chat ctx=0..211:211 prefill chunk 167/211 (79.1%) chunk=23.11 t/s avg=22.45 t/s 7.440s
0824 01:21:21 ds4-server: chat ctx=0..211:211 prefill chunk 168/211 (79.6%) chunk=23.52 t/s avg=22.45 t/s 7.483s
0824 01:21:21 ds4-server: chat ctx=0..211:211 prefill chunk 169/211 (80.1%) chunk=22.88 t/s avg=22.45 t/s 7.526s
0824 01:21:21 ds4-server: chat ctx=0..211:211 prefill chunk 170/211 (80.6%) chunk=22.77 t/s avg=22.46 t/s 7.570s
0824 01:21:21 ds4-server: chat ctx=0..211:211 prefill chunk 171/211 (81.0%) chunk=23.38 t/s avg=22.46 t/s 7.613s
0824 01:21:21 ds4-server: chat ctx=0..211:211 prefill chunk 172/211 (81.5%) chunk=23.20 t/s avg=22.47 t/s 7.656s
0824 01:21:21 ds4-server: chat ctx=0..211:211 prefill chunk 173/211 (82.0%) chunk=22.32 t/s avg=22.46 t/s 7.701s
0824 01:21:21 ds4-server: chat ctx=0..211:211 prefill chunk 174/211 (82.5%) chunk=23.46 t/s avg=22.47 t/s 7.744s
0824 01:21:21 ds4-server: chat ctx=0..211:211 prefill chunk 175/211 (82.9%) chunk=23.14 t/s avg=22.47 t/s 7.787s
0824 01:21:21 ds4-server: chat ctx=0..211:211 prefill chunk 176/211 (83.4%) chunk=22.63 t/s avg=22.47 t/s 7.831s
0824 01:21:21 ds4-server: chat ctx=0..211:211 prefill chunk 177/211 (83.9%) chunk=23.24 t/s avg=22.48 t/s 7.874s
0824 01:21:21 ds4-server: chat ctx=0..211:211 prefill chunk 178/211 (84.4%) chunk=23.29 t/s avg=22.48 t/s 7.917s
0824 01:21:21 ds4-server: chat ctx=0..211:211 prefill chunk 179/211 (84.8%) chunk=22.23 t/s avg=22.48 t/s 7.962s
0824 01:21:21 ds4-server: chat ctx=0..211:211 prefill chunk 180/211 (85.3%) chunk=23.14 t/s avg=22.49 t/s 8.005s
0824 01:21:21 ds4-server: chat ctx=0..211:211 prefill chunk 181/211 (85.8%) chunk=23.45 t/s avg=22.49 t/s 8.048s
0824 01:21:21 ds4-server: chat ctx=0..211:211 prefill chunk 182/211 (86.3%) chunk=22.65 t/s avg=22.49 t/s 8.092s
0824 01:21:21 ds4-server: chat ctx=0..211:211 prefill chunk 183/211 (86.7%) chunk=22.73 t/s avg=22.49 t/s 8.136s
0824 01:21:22 ds4-server: chat ctx=0..211:211 prefill chunk 184/211 (87.2%) chunk=23.39 t/s avg=22.50 t/s 8.179s
0824 01:21:22 ds4-server: chat ctx=0..211:211 prefill chunk 185/211 (87.7%) chunk=23.12 t/s avg=22.50 t/s 8.222s
0824 01:21:22 ds4-server: chat ctx=0..211:211 prefill chunk 186/211 (88.2%) chunk=22.33 t/s avg=22.50 t/s 8.267s
0824 01:21:22 ds4-server: chat ctx=0..211:211 prefill chunk 187/211 (88.6%) chunk=23.33 t/s avg=22.50 t/s 8.310s
0824 01:21:22 ds4-server: chat ctx=0..211:211 prefill chunk 188/211 (89.1%) chunk=23.39 t/s avg=22.51 t/s 8.352s
0824 01:21:22 ds4-server: chat ctx=0..211:211 prefill chunk 189/211 (89.6%) chunk=22.42 t/s avg=22.51 t/s 8.397s
0824 01:21:22 ds4-server: chat ctx=0..211:211 prefill chunk 190/211 (90.0%) chunk=23.12 t/s avg=22.51 t/s 8.440s
0824 01:21:22 ds4-server: chat ctx=0..211:211 prefill chunk 191/211 (90.5%) chunk=23.43 t/s avg=22.52 t/s 8.483s
0824 01:21:22 ds4-server: chat ctx=0..211:211 prefill chunk 192/211 (91.0%) chunk=22.90 t/s avg=22.52 t/s 8.527s
0824 01:21:22 ds4-server: chat ctx=0..211:211 prefill chunk 193/211 (91.5%) chunk=22.58 t/s avg=22.52 t/s 8.571s
0824 01:21:22 ds4-server: chat ctx=0..211:211 prefill chunk 194/211 (91.9%) chunk=23.40 t/s avg=22.52 t/s 8.614s
0824 01:21:22 ds4-server: chat ctx=0..211:211 prefill chunk 195/211 (92.4%) chunk=23.12 t/s avg=22.53 t/s 8.657s
0824 01:21:22 ds4-server: chat ctx=0..211:211 prefill chunk 196/211 (92.9%) chunk=22.22 t/s avg=22.52 t/s 8.702s
0824 01:21:22 ds4-server: chat ctx=0..211:211 prefill chunk 197/211 (93.4%) chunk=23.29 t/s avg=22.53 t/s 8.745s
0824 01:21:22 ds4-server: chat ctx=0..211:211 prefill chunk 198/211 (93.8%) chunk=23.00 t/s avg=22.53 t/s 8.788s
0824 01:21:22 ds4-server: chat ctx=0..211:211 prefill chunk 199/211 (94.3%) chunk=22.49 t/s avg=22.53 t/s 8.833s
0824 01:21:22 ds4-server: chat ctx=0..211:211 prefill chunk 200/211 (94.8%) chunk=23.33 t/s avg=22.53 t/s 8.876s
0824 01:21:22 ds4-server: chat ctx=0..211:211 prefill chunk 201/211 (95.3%) chunk=23.39 t/s avg=22.54 t/s 8.918s
0824 01:21:22 ds4-server: chat ctx=0..211:211 prefill chunk 202/211 (95.7%) chunk=22.37 t/s avg=22.54 t/s 8.963s
0824 01:21:22 ds4-server: chat ctx=0..211:211 prefill chunk 203/211 (96.2%) chunk=23.13 t/s avg=22.54 t/s 9.006s
0824 01:21:22 ds4-server: chat ctx=0..211:211 prefill chunk 204/211 (96.7%) chunk=23.32 t/s avg=22.54 t/s 9.049s
0824 01:21:22 ds4-server: chat ctx=0..211:211 prefill chunk 205/211 (97.2%) chunk=22.68 t/s avg=22.54 t/s 9.093s
0824 01:21:22 ds4-server: chat ctx=0..211:211 prefill chunk 206/211 (97.6%) chunk=22.70 t/s avg=22.54 t/s 9.137s
0824 01:21:23 ds4-server: chat ctx=0..211:211 prefill chunk 207/211 (98.1%) chunk=23.23 t/s avg=22.55 t/s 9.180s
0824 01:21:23 ds4-server: chat ctx=0..211:211 prefill chunk 208/211 (98.6%) chunk=23.22 t/s avg=22.55 t/s 9.224s
0824 01:21:23 ds4-server: chat ctx=0..211:211 prefill chunk 209/211 (99.1%) chunk=22.11 t/s avg=22.55 t/s 9.269s
0824 01:21:23 ds4-server: chat ctx=0..211:211 prefill chunk 210/211 (99.5%) chunk=23.20 t/s avg=22.55 t/s 9.312s
0824 01:21:23 ds4-server: chat ctx=0..211:211 prefill chunk 211/211 (100.0%) chunk=23.10 t/s avg=22.55 t/s 9.355s
0824 01:21:23 ds4-server: chat ctx=0..211:211 prompt done 9.355s
0824 01:21:25 ds4-server: chat ctx=211..261:50 gen=50 THINKING decoding chunk=22.78 t/s avg=22.78 t/s 2.195s
0824 01:21:27 ds4-server: chat ctx=261..311:50 gen=100 THINKING decoding chunk=22.62 t/s avg=22.70 t/s 4.406s
0824 01:21:29 ds4-server: chat ctx=311..361:50 gen=150 THINKING decoding chunk=22.52 t/s avg=22.64 t/s 6.626s
0824 01:21:32 ds4-server: chat ctx=361..411:50 gen=200 THINKING decoding chunk=22.32 t/s avg=22.56 t/s 8.865s
0824 01:21:34 ds4-server: chat ctx=411..461:50 gen=250 THINKING decoding chunk=22.21 t/s avg=22.49 t/s 11.116s
0824 01:21:36 ds4-server: chat ctx=461..511:50 gen=300 THINKING decoding chunk=22.05 t/s avg=22.41 t/s 13.384s
0824 01:21:38 ds4-server: chat ctx=511..561:50 gen=350 THINKING decoding chunk=21.91 t/s avg=22.34 t/s 15.666s
0824 01:21:41 ds4-server: chat ctx=561..611:50 gen=400 THINKING decoding chunk=21.76 t/s avg=22.27 t/s 17.964s
0824 01:21:43 ds4-server: chat ctx=611..661:50 gen=450 THINKING decoding chunk=21.59 t/s avg=22.19 t/s 20.279s
0824 01:21:45 ds4-server: chat ctx=661..711:50 gen=500 THINKING decoding chunk=21.47 t/s avg=22.12 t/s 22.608s
0824 01:21:48 ds4-server: chat ctx=711..761:50 gen=550 THINKING decoding chunk=21.36 t/s avg=22.05 t/s 24.948s
0824 01:21:50 ds4-server: chat ctx=761..811:50 gen=600 THINKING decoding chunk=21.18 t/s avg=21.97 t/s 27.309s
0824 01:21:52 ds4-server: chat ctx=811..861:50 gen=650 THINKING decoding chunk=21.07 t/s avg=21.90 t/s 29.682s
0824 01:21:55 ds4-server: chat ctx=861..911:50 gen=700 THINKING decoding chunk=20.95 t/s avg=21.83 t/s 32.068s
0824 01:21:57 ds4-server: chat ctx=911..961:50 gen=750 THINKING decoding chunk=20.84 t/s avg=21.76 t/s 34.467s
0824 01:22:00 ds4-server: chat ctx=961..1011:50 gen=800 THINKING decoding chunk=20.70 t/s avg=21.69 t/s 36.882s
0824 01:22:02 ds4-server: chat ctx=1011..1061:50 gen=850 THINKING decoding chunk=20.57 t/s avg=21.62 t/s 39.313s
0824 01:22:04 ds4-server: chat ctx=1061..1111:50 gen=900 THINKING decoding chunk=20.48 t/s avg=21.55 t/s 41.755s
0824 01:22:07 ds4-server: chat ctx=1111..1161:50 gen=950 THINKING decoding chunk=20.35 t/s avg=21.49 t/s 44.211s
0824 01:22:09 ds4-server: chat ctx=1161..1211:50 gen=1000 THINKING decoding chunk=20.24 t/s avg=21.42 t/s 46.682s
0824 01:22:12 ds4-server: chat ctx=1211..1261:50 gen=1050 THINKING decoding chunk=20.09 t/s avg=21.35 t/s 49.171s
0824 01:22:14 ds4-server: chat ctx=1261..1311:50 gen=1100 decoding chunk=19.97 t/s avg=21.29 t/s 51.676s
0824 01:22:16 ds4-server: chat ctx=1311..1337:26 gen=1126 decoding chunk=19.93 t/s avg=21.25 t/s 52.980s
0824 01:22:16 ds4-server: thinking live checkpoint remembered ctx=0..211:211 live=1337 visible=903
0824 01:22:16 ds4-server: chat ctx=0..211:211 gen=1126 finish=stop 62.336s
0824 01:22:18 ds4-server: live kv cache miss live=1337 prompt=126 common=30 reason=token-mismatch
0824 01:22:18 ds4-server: chat ctx=0..126:126 prompt start
0824 01:22:19 ds4-server: chat ctx=0..126:126 prefill chunk 1/126 (0.8%) chunk=0.00 t/s avg=3.17 t/s 0.315s
0824 01:22:19 ds4-server: chat ctx=0..126:126 prefill chunk 2/126 (1.6%) chunk=23.61 t/s avg=5.60 t/s 0.357s
0824 01:22:19 ds4-server: chat ctx=0..126:126 prefill chunk 3/126 (2.4%) chunk=23.60 t/s avg=7.50 t/s 0.400s
0824 01:22:19 ds4-server: chat ctx=0..126:126 prefill chunk 4/126 (3.2%) chunk=22.80 t/s avg=9.02 t/s 0.444s
0824 01:22:19 ds4-server: chat ctx=0..126:126 prefill chunk 5/126 (4.0%) chunk=23.60 t/s avg=10.29 t/s 0.486s
0824 01:22:19 ds4-server: chat ctx=0..126:126 prefill chunk 6/126 (4.8%) chunk=23.92 t/s avg=11.37 t/s 0.528s
0824 01:22:19 ds4-server: chat ctx=0..126:126 prefill chunk 7/126 (5.6%) chunk=23.62 t/s avg=12.28 t/s 0.570s
0824 01:22:19 ds4-server: chat ctx=0..126:126 prefill chunk 8/126 (6.3%) chunk=22.53 t/s avg=13.02 t/s 0.615s
0824 01:22:19 ds4-server: chat ctx=0..126:126 prefill chunk 9/126 (7.1%) chunk=23.86 t/s avg=13.71 t/s 0.656s
0824 01:22:19 ds4-server: chat ctx=0..126:126 prefill chunk 10/126 (7.9%) chunk=24.07 t/s avg=14.33 t/s 0.698s
0824 01:22:19 ds4-server: chat ctx=0..126:126 prefill chunk 11/126 (8.7%) chunk=23.09 t/s avg=14.84 t/s 0.741s
0824 01:22:19 ds4-server: chat ctx=0..126:126 prefill chunk 12/126 (9.5%) chunk=23.24 t/s avg=15.30 t/s 0.784s
0824 01:22:19 ds4-server: chat ctx=0..126:126 prefill chunk 13/126 (10.3%) chunk=23.86 t/s avg=15.73 t/s 0.826s
0824 01:22:19 ds4-server: chat ctx=0..126:126 prefill chunk 14/126 (11.1%) chunk=23.70 t/s avg=16.12 t/s 0.868s
0824 01:22:19 ds4-server: chat ctx=0..126:126 prefill chunk 15/126 (11.9%) chunk=23.22 t/s avg=16.46 t/s 0.912s
0824 01:22:19 ds4-server: chat ctx=0..126:126 prefill chunk 16/126 (12.7%) chunk=23.59 t/s avg=16.77 t/s 0.954s
0824 01:22:19 ds4-server: chat ctx=0..126:126 prefill chunk 17/126 (13.5%) chunk=23.73 t/s avg=17.07 t/s 0.996s
0824 01:22:19 ds4-server: chat ctx=0..126:126 prefill chunk 18/126 (14.3%) chunk=23.32 t/s avg=17.33 t/s 1.039s
0824 01:22:19 ds4-server: chat ctx=0..126:126 prefill chunk 19/126 (15.1%) chunk=22.61 t/s avg=17.54 t/s 1.083s
0824 01:22:19 ds4-server: chat ctx=0..126:126 prefill chunk 20/126 (15.9%) chunk=23.97 t/s avg=17.78 t/s 1.125s
0824 01:22:19 ds4-server: chat ctx=0..126:126 prefill chunk 21/126 (16.7%) chunk=24.00 t/s avg=18.00 t/s 1.167s
0824 01:22:19 ds4-server: chat ctx=0..126:126 prefill chunk 22/126 (17.5%) chunk=23.43 t/s avg=18.19 t/s 1.209s
0824 01:22:19 ds4-server: chat ctx=0..126:126 prefill chunk 23/126 (18.3%) chunk=23.08 t/s avg=18.36 t/s 1.253s
0824 01:22:20 ds4-server: chat ctx=0..126:126 prefill chunk 24/126 (19.0%) chunk=23.87 t/s avg=18.54 t/s 1.294s
0824 01:22:20 ds4-server: chat ctx=0..126:126 prefill chunk 25/126 (19.8%) chunk=23.50 t/s avg=18.70 t/s 1.337s
0824 01:22:20 ds4-server: chat ctx=0..126:126 prefill chunk 26/126 (20.6%) chunk=22.87 t/s avg=18.83 t/s 1.381s
0824 01:22:20 ds4-server: chat ctx=0..126:126 prefill chunk 27/126 (21.4%) chunk=23.70 t/s avg=18.98 t/s 1.423s
0824 01:22:20 ds4-server: chat ctx=0..126:126 prefill chunk 28/126 (22.2%) chunk=23.82 t/s avg=19.11 t/s 1.465s
0824 01:22:20 ds4-server: chat ctx=0..126:126 prefill chunk 29/126 (23.0%) chunk=23.32 t/s avg=19.23 t/s 1.508s
0824 01:22:20 ds4-server: chat ctx=0..126:126 prefill chunk 30/126 (23.8%) chunk=23.16 t/s avg=19.34 t/s 1.551s
0824 01:22:20 ds4-server: chat ctx=0..126:126 prefill chunk 31/126 (24.6%) chunk=23.79 t/s avg=19.46 t/s 1.593s
0824 01:22:20 ds4-server: chat ctx=0..126:126 prefill chunk 32/126 (25.4%) chunk=23.45 t/s avg=19.56 t/s 1.636s
0824 01:22:20 ds4-server: chat ctx=0..126:126 prefill chunk 33/126 (26.2%) chunk=22.92 t/s avg=19.65 t/s 1.679s
0824 01:22:20 ds4-server: chat ctx=0..126:126 prefill chunk 34/126 (27.0%) chunk=23.54 t/s avg=19.75 t/s 1.722s
0824 01:22:20 ds4-server: chat ctx=0..126:126 prefill chunk 35/126 (27.8%) chunk=23.84 t/s avg=19.85 t/s 1.764s
0824 01:22:20 ds4-server: chat ctx=0..126:126 prefill chunk 36/126 (28.6%) chunk=22.92 t/s avg=19.92 t/s 1.807s
0824 01:22:20 ds4-server: chat ctx=0..126:126 prefill chunk 37/126 (29.4%) chunk=23.16 t/s avg=20.00 t/s 1.850s
0824 01:22:20 ds4-server: chat ctx=0..126:126 prefill chunk 38/126 (30.2%) chunk=23.84 t/s avg=20.08 t/s 1.892s
0824 01:22:20 ds4-server: chat ctx=0..126:126 prefill chunk 39/126 (31.0%) chunk=23.45 t/s avg=20.15 t/s 1.935s
0824 01:22:20 ds4-server: chat ctx=0..126:126 prefill chunk 40/126 (31.7%) chunk=22.78 t/s avg=20.21 t/s 1.979s
0824 01:22:20 ds4-server: chat ctx=0..126:126 prefill chunk 41/126 (32.5%) chunk=23.79 t/s avg=20.29 t/s 2.021s
0824 01:22:20 ds4-server: chat ctx=0..126:126 prefill chunk 42/126 (33.3%) chunk=23.80 t/s avg=20.36 t/s 2.063s
0824 01:22:20 ds4-server: chat ctx=0..126:126 prefill chunk 43/126 (34.1%) chunk=23.40 t/s avg=20.42 t/s 2.106s
0824 01:22:20 ds4-server: chat ctx=0..126:126 prefill chunk 44/126 (34.9%) chunk=22.58 t/s avg=20.46 t/s 2.150s
0824 01:22:20 ds4-server: chat ctx=0..126:126 prefill chunk 45/126 (35.7%) chunk=23.81 t/s avg=20.53 t/s 2.192s
0824 01:22:20 ds4-server: chat ctx=0..126:126 prefill chunk 46/126 (36.5%) chunk=23.70 t/s avg=20.59 t/s 2.234s
0824 01:22:20 ds4-server: chat ctx=0..126:126 prefill chunk 47/126 (37.3%) chunk=22.87 t/s avg=20.63 t/s 2.278s
0824 01:22:21 ds4-server: chat ctx=0..126:126 prefill chunk 48/126 (38.1%) chunk=23.41 t/s avg=20.68 t/s 2.321s
0824 01:22:21 ds4-server: chat ctx=0..126:126 prefill chunk 49/126 (38.9%) chunk=23.68 t/s avg=20.74 t/s 2.363s
0824 01:22:21 ds4-server: chat ctx=0..126:126 prefill chunk 50/126 (39.7%) chunk=23.31 t/s avg=20.78 t/s 2.406s
0824 01:22:21 ds4-server: chat ctx=0..126:126 prefill chunk 51/126 (40.5%) chunk=22.41 t/s avg=20.81 t/s 2.450s
0824 01:22:21 ds4-server: chat ctx=0..126:126 prefill chunk 52/126 (41.3%) chunk=23.72 t/s avg=20.86 t/s 2.493s
0824 01:22:21 ds4-server: chat ctx=0..126:126 prefill chunk 53/126 (42.1%) chunk=23.48 t/s avg=20.91 t/s 2.535s
0824 01:22:21 ds4-server: chat ctx=0..126:126 prefill chunk 54/126 (42.9%) chunk=22.93 t/s avg=20.94 t/s 2.579s
0824 01:22:21 ds4-server: chat ctx=0..126:126 prefill chunk 55/126 (43.7%) chunk=23.64 t/s avg=20.98 t/s 2.621s
0824 01:22:21 ds4-server: chat ctx=0..126:126 prefill chunk 56/126 (44.4%) chunk=23.81 t/s avg=21.03 t/s 2.663s
0824 01:22:21 ds4-server: chat ctx=0..126:126 prefill chunk 57/126 (45.2%) chunk=23.35 t/s avg=21.07 t/s 2.706s
0824 01:22:21 ds4-server: chat ctx=0..126:126 prefill chunk 58/126 (46.0%) chunk=22.80 t/s avg=21.09 t/s 2.750s
0824 01:22:21 ds4-server: chat ctx=0..126:126 prefill chunk 59/126 (46.8%) chunk=23.66 t/s avg=21.13 t/s 2.792s
0824 01:22:21 ds4-server: chat ctx=0..126:126 prefill chunk 60/126 (47.6%) chunk=23.47 t/s avg=21.17 t/s 2.835s
0824 01:22:21 ds4-server: chat ctx=0..126:126 prefill chunk 61/126 (48.4%) chunk=22.79 t/s avg=21.19 t/s 2.878s
0824 01:22:21 ds4-server: chat ctx=0..126:126 prefill chunk 62/126 (49.2%) chunk=23.62 t/s avg=21.23 t/s 2.921s
0824 01:22:21 ds4-server: chat ctx=0..126:126 prefill chunk 63/126 (50.0%) chunk=23.75 t/s avg=21.26 t/s 2.963s
0824 01:22:21 ds4-server: chat ctx=0..126:126 prefill chunk 64/126 (50.8%) chunk=23.24 t/s avg=21.29 t/s 3.006s
0824 01:22:21 ds4-server: chat ctx=0..126:126 prefill chunk 65/126 (51.6%) chunk=22.68 t/s avg=21.31 t/s 3.050s
0824 01:22:21 ds4-server: chat ctx=0..126:126 prefill chunk 66/126 (52.4%) chunk=23.93 t/s avg=21.35 t/s 3.092s
0824 01:22:21 ds4-server: chat ctx=0..126:126 prefill chunk 67/126 (53.2%) chunk=23.49 t/s avg=21.38 t/s 3.134s
0824 01:22:21 ds4-server: chat ctx=0..126:126 prefill chunk 68/126 (54.0%) chunk=22.83 t/s avg=21.40 t/s 3.178s
0824 01:22:21 ds4-server: chat ctx=0..126:126 prefill chunk 69/126 (54.8%) chunk=23.65 t/s avg=21.43 t/s 3.220s
0824 01:22:21 ds4-server: chat ctx=0..126:126 prefill chunk 70/126 (55.6%) chunk=23.74 t/s avg=21.46 t/s 3.263s
0824 01:22:22 ds4-server: chat ctx=0..126:126 prefill chunk 71/126 (56.3%) chunk=23.34 t/s avg=21.48 t/s 3.305s
0824 01:22:22 ds4-server: chat ctx=0..126:126 prefill chunk 72/126 (57.1%) chunk=22.55 t/s avg=21.49 t/s 3.350s
0824 01:22:22 ds4-server: chat ctx=0..126:126 prefill chunk 73/126 (57.9%) chunk=23.89 t/s avg=21.52 t/s 3.392s
0824 01:22:22 ds4-server: chat ctx=0..126:126 prefill chunk 74/126 (58.7%) chunk=23.58 t/s avg=21.55 t/s 3.434s
0824 01:22:22 ds4-server: chat ctx=0..126:126 prefill chunk 75/126 (59.5%) chunk=22.79 t/s avg=21.56 t/s 3.478s
0824 01:22:22 ds4-server: chat ctx=0..126:126 prefill chunk 76/126 (60.3%) chunk=23.43 t/s avg=21.59 t/s 3.521s
0824 01:22:22 ds4-server: chat ctx=0..126:126 prefill chunk 77/126 (61.1%) chunk=23.55 t/s avg=21.61 t/s 3.563s
0824 01:22:22 ds4-server: chat ctx=0..126:126 prefill chunk 78/126 (61.9%) chunk=23.41 t/s avg=21.63 t/s 3.606s
0824 01:22:22 ds4-server: chat ctx=0..126:126 prefill chunk 79/126 (62.7%) chunk=22.71 t/s avg=21.64 t/s 3.650s
0824 01:22:22 ds4-server: chat ctx=0..126:126 prefill chunk 80/126 (63.5%) chunk=23.70 t/s avg=21.67 t/s 3.692s
0824 01:22:22 ds4-server: chat ctx=0..126:126 prefill chunk 81/126 (64.3%) chunk=23.55 t/s avg=21.69 t/s 3.735s
0824 01:22:22 ds4-server: chat ctx=0..126:126 prefill chunk 82/126 (65.1%) chunk=22.66 t/s avg=21.70 t/s 3.779s
0824 01:22:22 ds4-server: chat ctx=0..126:126 prefill chunk 83/126 (65.9%) chunk=23.33 t/s avg=21.72 t/s 3.822s
0824 01:22:22 ds4-server: chat ctx=0..126:126 prefill chunk 84/126 (66.7%) chunk=23.64 t/s avg=21.74 t/s 3.864s
0824 01:22:22 ds4-server: chat ctx=0..126:126 prefill chunk 85/126 (67.5%) chunk=22.97 t/s avg=21.75 t/s 3.907s
0824 01:22:22 ds4-server: chat ctx=0..126:126 prefill chunk 86/126 (68.3%) chunk=23.18 t/s avg=21.77 t/s 3.950s
0824 01:22:22 ds4-server: chat ctx=0..126:126 prefill chunk 87/126 (69.0%) chunk=23.71 t/s avg=21.79 t/s 3.993s
0824 01:22:22 ds4-server: chat ctx=0..126:126 prefill chunk 88/126 (69.8%) chunk=23.46 t/s avg=21.81 t/s 4.035s
0824 01:22:22 ds4-server: chat ctx=0..126:126 prefill chunk 89/126 (70.6%) chunk=22.81 t/s avg=21.82 t/s 4.079s
0824 01:22:22 ds4-server: chat ctx=0..126:126 prefill chunk 90/126 (71.4%) chunk=23.41 t/s avg=21.83 t/s 4.122s
0824 01:22:22 ds4-server: chat ctx=0..126:126 prefill chunk 91/126 (72.2%) chunk=23.75 t/s avg=21.85 t/s 4.164s
0824 01:22:22 ds4-server: chat ctx=0..126:126 prefill chunk 92/126 (73.0%) chunk=23.11 t/s avg=21.87 t/s 4.207s
0824 01:22:22 ds4-server: chat ctx=0..126:126 prefill chunk 93/126 (73.8%) chunk=22.83 t/s avg=21.88 t/s 4.251s
0824 01:22:23 ds4-server: chat ctx=0..126:126 prefill chunk 94/126 (74.6%) chunk=23.92 t/s avg=21.90 t/s 4.293s
0824 01:22:23 ds4-server: chat ctx=0..126:126 prefill chunk 95/126 (75.4%) chunk=23.41 t/s avg=21.91 t/s 4.336s
0824 01:22:23 ds4-server: chat ctx=0..126:126 prefill chunk 96/126 (76.2%) chunk=22.67 t/s avg=21.92 t/s 4.380s
0824 01:22:23 ds4-server: chat ctx=0..126:126 prefill chunk 97/126 (77.0%) chunk=23.28 t/s avg=21.93 t/s 4.423s
0824 01:22:23 ds4-server: chat ctx=0..126:126 prefill chunk 98/126 (77.8%) chunk=23.57 t/s avg=21.95 t/s 4.465s
0824 01:22:23 ds4-server: chat ctx=0..126:126 prefill chunk 99/126 (78.6%) chunk=22.52 t/s avg=21.95 t/s 4.509s
0824 01:22:23 ds4-server: chat ctx=0..126:126 prefill chunk 100/126 (79.4%) chunk=23.24 t/s avg=21.97 t/s 4.552s
0824 01:22:23 ds4-server: chat ctx=0..126:126 prefill chunk 101/126 (80.2%) chunk=23.71 t/s avg=21.98 t/s 4.595s
0824 01:22:23 ds4-server: chat ctx=0..126:126 prefill chunk 102/126 (81.0%) chunk=23.49 t/s avg=22.00 t/s 4.637s
0824 01:22:23 ds4-server: chat ctx=0..126:126 prefill chunk 103/126 (81.7%) chunk=22.48 t/s avg=22.00 t/s 4.682s
0824 01:22:23 ds4-server: chat ctx=0..126:126 prefill chunk 104/126 (82.5%) chunk=23.77 t/s avg=22.02 t/s 4.724s
0824 01:22:23 ds4-server: chat ctx=0..126:126 prefill chunk 105/126 (83.3%) chunk=23.83 t/s avg=22.03 t/s 4.766s
0824 01:22:23 ds4-server: chat ctx=0..126:126 prefill chunk 106/126 (84.1%) chunk=22.67 t/s avg=22.04 t/s 4.810s
0824 01:22:23 ds4-server: chat ctx=0..126:126 prefill chunk 107/126 (84.9%) chunk=23.20 t/s avg=22.05 t/s 4.853s
0824 01:22:23 ds4-server: chat ctx=0..126:126 prefill chunk 108/126 (85.7%) chunk=23.85 t/s avg=22.06 t/s 4.895s
0824 01:22:23 ds4-server: chat ctx=0..126:126 prefill chunk 109/126 (86.5%) chunk=23.30 t/s avg=22.07 t/s 4.938s
0824 01:22:23 ds4-server: chat ctx=0..126:126 prefill chunk 110/126 (87.3%) chunk=22.55 t/s avg=22.08 t/s 4.982s
0824 01:22:23 ds4-server: chat ctx=0..126:126 prefill chunk 111/126 (88.1%) chunk=23.63 t/s avg=22.09 t/s 5.024s
0824 01:22:23 ds4-server: chat ctx=0..126:126 prefill chunk 112/126 (88.9%) chunk=23.38 t/s avg=22.10 t/s 5.067s
0824 01:22:23 ds4-server: chat ctx=0..126:126 prefill chunk 113/126 (89.7%) chunk=22.61 t/s avg=22.11 t/s 5.111s
0824 01:22:23 ds4-server: chat ctx=0..126:126 prefill chunk 114/126 (90.5%) chunk=23.51 t/s avg=22.12 t/s 5.154s
0824 01:22:23 ds4-server: chat ctx=0..126:126 prefill chunk 115/126 (91.3%) chunk=23.54 t/s avg=22.13 t/s 5.196s
0824 01:22:23 ds4-server: chat ctx=0..126:126 prefill chunk 116/126 (92.1%) chunk=22.75 t/s avg=22.14 t/s 5.240s
0824 01:22:24 ds4-server: chat ctx=0..126:126 prefill chunk 117/126 (92.9%) chunk=23.03 t/s avg=22.14 t/s 5.284s
0824 01:22:24 ds4-server: chat ctx=0..126:126 prefill chunk 118/126 (93.7%) chunk=23.45 t/s avg=22.15 t/s 5.326s
0824 01:22:24 ds4-server: chat ctx=0..126:126 prefill chunk 119/126 (94.4%) chunk=23.42 t/s avg=22.16 t/s 5.369s
0824 01:22:24 ds4-server: chat ctx=0..126:126 prefill chunk 120/126 (95.2%) chunk=22.26 t/s avg=22.16 t/s 5.414s
0824 01:22:24 ds4-server: chat ctx=0..126:126 prefill chunk 121/126 (96.0%) chunk=23.42 t/s avg=22.17 t/s 5.457s
0824 01:22:24 ds4-server: chat ctx=0..126:126 prefill chunk 122/126 (96.8%) chunk=23.65 t/s avg=22.19 t/s 5.499s
0824 01:22:24 ds4-server: chat ctx=0..126:126 prefill chunk 123/126 (97.6%) chunk=22.42 t/s avg=22.19 t/s 5.544s
0824 01:22:24 ds4-server: chat ctx=0..126:126 prefill chunk 124/126 (98.4%) chunk=23.42 t/s avg=22.20 t/s 5.586s
0824 01:22:24 ds4-server: chat ctx=0..126:126 prefill chunk 125/126 (99.2%) chunk=23.69 t/s avg=22.21 t/s 5.629s
0824 01:22:24 ds4-server: chat ctx=0..126:126 prefill chunk 126/126 (100.0%) chunk=23.30 t/s avg=22.22 t/s 5.672s
0824 01:22:24 ds4-server: chat ctx=0..126:126 prompt done 5.672s
0824 01:22:26 ds4-server: chat ctx=126..176:50 gen=50 THINKING decoding chunk=23.05 t/s avg=23.05 t/s 2.169s
0824 01:22:28 ds4-server: chat ctx=176..226:50 gen=100 THINKING decoding chunk=22.91 t/s avg=22.98 t/s 4.351s
0824 01:22:30 ds4-server: chat ctx=226..276:50 gen=150 THINKING decoding chunk=22.75 t/s avg=22.91 t/s 6.549s
0824 01:22:33 ds4-server: chat ctx=276..326:50 gen=200 THINKING decoding chunk=22.61 t/s avg=22.83 t/s 8.760s
0824 01:22:35 ds4-server: chat ctx=326..376:50 gen=250 THINKING decoding chunk=22.44 t/s avg=22.75 t/s 10.988s
0824 01:22:37 ds4-server: chat ctx=376..426:50 gen=300 THINKING decoding chunk=22.32 t/s avg=22.68 t/s 13.228s
0824 01:22:39 ds4-server: chat ctx=426..476:50 gen=350 THINKING decoding chunk=22.09 t/s avg=22.59 t/s 15.492s
0824 01:22:42 ds4-server: chat ctx=476..526:50 gen=400 THINKING decoding chunk=21.99 t/s avg=22.52 t/s 17.765s
0824 01:22:44 ds4-server: chat ctx=526..576:50 gen=450 THINKING decoding chunk=21.86 t/s avg=22.44 t/s 20.053s
0824 01:22:46 ds4-server: chat ctx=576..626:50 gen=500 THINKING decoding chunk=21.72 t/s avg=22.37 t/s 22.355s
0824 01:22:49 ds4-server: chat ctx=626..676:50 gen=550 THINKING decoding chunk=21.63 t/s avg=22.30 t/s 24.667s
0824 01:22:51 ds4-server: chat ctx=676..726:50 gen=600 THINKING decoding chunk=21.45 t/s avg=22.22 t/s 26.998s
0824 01:22:53 ds4-server: chat ctx=726..776:50 gen=650 THINKING decoding chunk=21.30 t/s avg=22.15 t/s 29.345s
0824 01:22:56 ds4-server: chat ctx=776..826:50 gen=700 THINKING decoding chunk=21.20 t/s avg=22.08 t/s 31.703s
0824 01:22:58 ds4-server: chat ctx=826..876:50 gen=750 THINKING decoding chunk=21.06 t/s avg=22.01 t/s 34.078s
0824 01:23:00 ds4-server: chat ctx=876..926:50 gen=800 THINKING decoding chunk=20.89 t/s avg=21.93 t/s 36.472s
0824 01:23:03 ds4-server: chat ctx=926..976:50 gen=850 THINKING decoding chunk=20.78 t/s avg=21.86 t/s 38.878s
0824 01:23:05 ds4-server: chat ctx=976..1026:50 gen=900 THINKING decoding chunk=20.72 t/s avg=21.80 t/s 41.291s
0824 01:23:08 ds4-server: chat ctx=1026..1076:50 gen=950 THINKING decoding chunk=20.56 t/s avg=21.73 t/s 43.723s
0824 01:23:10 ds4-server: chat ctx=1076..1126:50 gen=1000 THINKING decoding chunk=20.40 t/s avg=21.66 t/s 46.174s
0824 01:23:13 ds4-server: chat ctx=1126..1176:50 gen=1050 THINKING decoding chunk=20.28 t/s avg=21.59 t/s 48.640s
0824 01:23:15 ds4-server: chat ctx=1176..1226:50 gen=1100 THINKING decoding chunk=20.17 t/s avg=21.52 t/s 51.118s
0824 01:23:18 ds4-server: chat ctx=1226..1276:50 gen=1150 THINKING decoding chunk=20.02 t/s avg=21.45 t/s 53.616s
0824 01:23:20 ds4-server: chat ctx=1276..1326:50 gen=1200 THINKING decoding chunk=19.99 t/s avg=21.38 t/s 56.117s
0824 01:23:23 ds4-server: chat ctx=1326..1376:50 gen=1250 THINKING decoding chunk=19.85 t/s avg=21.32 t/s 58.636s
0824 01:23:25 ds4-server: chat ctx=1376..1426:50 gen=1300 THINKING decoding chunk=19.71 t/s avg=21.25 t/s 61.172s
0824 01:23:28 ds4-server: chat ctx=1426..1476:50 gen=1350 THINKING decoding chunk=19.66 t/s avg=21.19 t/s 63.716s
0824 01:23:30 ds4-server: chat ctx=1476..1526:50 gen=1400 THINKING decoding chunk=19.53 t/s avg=21.12 t/s 66.277s
0824 01:23:33 ds4-server: chat ctx=1526..1576:50 gen=1450 THINKING decoding chunk=19.43 t/s avg=21.06 t/s 68.850s
0824 01:23:35 ds4-server: chat ctx=1576..1626:50 gen=1500 THINKING decoding chunk=19.30 t/s avg=21.00 t/s 71.441s
0824 01:23:38 ds4-server: chat ctx=1626..1676:50 gen=1550 THINKING decoding chunk=19.11 t/s avg=20.93 t/s 74.058s
0824 01:23:41 ds4-server: chat ctx=1676..1726:50 gen=1600 THINKING decoding chunk=19.07 t/s avg=20.87 t/s 76.679s
0824 01:23:43 ds4-server: chat ctx=1726..1776:50 gen=1650 THINKING decoding chunk=18.96 t/s avg=20.80 t/s 79.316s
0824 01:23:46 ds4-server: chat ctx=1776..1826:50 gen=1700 THINKING decoding chunk=18.89 t/s avg=20.74 t/s 81.962s
0824 01:23:49 ds4-server: chat ctx=1826..1876:50 gen=1750 THINKING decoding chunk=18.76 t/s avg=20.68 t/s 84.627s
0824 01:23:51 ds4-server: chat ctx=1876..1926:50 gen=1800 THINKING decoding chunk=18.67 t/s avg=20.62 t/s 87.305s
0824 01:23:54 ds4-server: chat ctx=1926..1976:50 gen=1850 THINKING decoding chunk=18.56 t/s avg=20.56 t/s 89.999s
0824 01:23:57 ds4-server: chat ctx=1976..2026:50 gen=1900 THINKING decoding chunk=18.46 t/s avg=20.49 t/s 92.708s
0824 01:23:59 ds4-server: chat ctx=2026..2076:50 gen=1950 THINKING decoding chunk=18.39 t/s avg=20.43 t/s 95.426s
0824 01:24:02 ds4-server: chat ctx=2076..2126:50 gen=2000 THINKING decoding chunk=18.23 t/s avg=20.37 t/s 98.170s
0824 01:24:05 ds4-server: chat ctx=2126..2176:50 gen=2050 THINKING decoding chunk=18.17 t/s avg=20.31 t/s 100.922s
0824 01:24:08 ds4-server: chat ctx=2176..2226:50 gen=2100 THINKING decoding chunk=18.07 t/s avg=20.25 t/s 103.689s
0824 01:24:10 ds4-server: chat ctx=2226..2276:50 gen=2150 THINKING decoding chunk=18.01 t/s avg=20.19 t/s 106.466s
0824 01:24:13 ds4-server: chat ctx=2276..2326:50 gen=2200 THINKING decoding chunk=17.95 t/s avg=20.14 t/s 109.251s
0824 01:24:16 ds4-server: chat ctx=2326..2376:50 gen=2250 THINKING decoding chunk=17.83 t/s avg=20.08 t/s 112.056s
0824 01:24:19 ds4-server: chat ctx=2376..2426:50 gen=2300 THINKING decoding chunk=17.75 t/s avg=20.02 t/s 114.873s
0824 01:24:22 ds4-server: chat ctx=2426..2476:50 gen=2350 THINKING decoding chunk=17.68 t/s avg=19.97 t/s 117.701s
0824 01:24:24 ds4-server: chat ctx=2476..2526:50 gen=2400 THINKING decoding chunk=17.55 t/s avg=19.91 t/s 120.549s
0824 01:24:27 ds4-server: chat ctx=2526..2576:50 gen=2450 THINKING decoding chunk=17.46 t/s avg=19.85 t/s 123.412s
0824 01:24:30 ds4-server: chat ctx=2576..2626:50 gen=2500 THINKING decoding chunk=17.35 t/s avg=19.80 t/s 126.294s
0824 01:24:33 ds4-server: chat ctx=2626..2676:50 gen=2550 THINKING decoding chunk=17.26 t/s avg=19.74 t/s 129.191s
0824 01:24:36 ds4-server: chat ctx=2676..2726:50 gen=2600 THINKING decoding chunk=17.17 t/s avg=19.68 t/s 132.104s
0824 01:24:39 ds4-server: chat ctx=2726..2776:50 gen=2650 THINKING decoding chunk=17.07 t/s avg=19.62 t/s 135.033s
0824 01:24:42 ds4-server: chat ctx=2776..2826:50 gen=2700 THINKING decoding chunk=16.99 t/s avg=19.57 t/s 137.975s
0824 01:24:45 ds4-server: chat ctx=2826..2876:50 gen=2750 THINKING decoding chunk=16.95 t/s avg=19.51 t/s 140.925s
0824 01:24:48 ds4-server: chat ctx=2876..2926:50 gen=2800 THINKING decoding chunk=16.86 t/s avg=19.46 t/s 143.891s
0824 01:24:51 ds4-server: chat ctx=2926..2976:50 gen=2850 THINKING decoding chunk=16.76 t/s avg=19.40 t/s 146.873s
0824 01:24:54 ds4-server: chat ctx=2976..3026:50 gen=2900 THINKING decoding chunk=16.67 t/s avg=19.35 t/s 149.873s
0824 01:24:57 ds4-server: chat ctx=3026..3076:50 gen=2950 THINKING decoding chunk=16.60 t/s avg=19.30 t/s 152.884s
0824 01:25:00 ds4-server: chat ctx=3076..3126:50 gen=3000 THINKING decoding chunk=16.49 t/s avg=19.24 t/s 155.917s
0824 01:25:03 ds4-server: chat ctx=3126..3176:50 gen=3050 THINKING decoding chunk=16.39 t/s avg=19.19 t/s 158.967s
0824 01:25:06 ds4-server: chat ctx=3176..3226:50 gen=3100 THINKING decoding chunk=16.35 t/s avg=19.13 t/s 162.025s
0824 01:25:09 ds4-server: chat ctx=3226..3276:50 gen=3150 THINKING decoding chunk=16.37 t/s avg=19.08 t/s 165.080s
0824 01:25:12 ds4-server: chat ctx=3276..3326:50 gen=3200 THINKING decoding chunk=16.33 t/s avg=19.03 t/s 168.142s
0824 01:25:15 ds4-server: chat ctx=3326..3376:50 gen=3250 THINKING decoding chunk=16.23 t/s avg=18.98 t/s 171.224s
0824 01:25:18 ds4-server: chat ctx=3376..3426:50 gen=3300 decoding chunk=16.11 t/s avg=18.93 t/s 174.328s
0824 01:25:21 ds4-server: chat ctx=3426..3476:50 gen=3350 decoding chunk=16.01 t/s avg=18.88 t/s 177.452s
0824 01:25:24 ds4-server: chat ctx=3476..3526:50 gen=3400 decoding chunk=15.93 t/s avg=18.83 t/s 180.590s
0824 01:25:26 ds4-server: chat ctx=3526..3543:17 gen=3417 decoding chunk=15.89 t/s avg=18.81 t/s 181.660s
0824 01:25:26 ds4-server: thinking live checkpoint remembered ctx=0..126:126 live=3543 visible=1010
0824 01:25:26 ds4-server: chat ctx=0..126:126 gen=3417 finish=stop 187.331s
0824 01:25:28 ds4-server: live kv cache miss live=3543 prompt=143 common=30 reason=token-mismatch
0824 01:25:28 ds4-server: chat ctx=0..143:143 prompt start
0824 01:25:28 ds4-server: chat ctx=0..143:143 prefill chunk 1/143 (0.7%) chunk=0.00 t/s avg=3.13 t/s 0.320s
0824 01:25:28 ds4-server: chat ctx=0..143:143 prefill chunk 2/143 (1.4%) chunk=23.45 t/s avg=5.52 t/s 0.362s
0824 01:25:28 ds4-server: chat ctx=0..143:143 prefill chunk 3/143 (2.1%) chunk=23.02 t/s avg=7.39 t/s 0.406s
0824 01:25:28 ds4-server: chat ctx=0..143:143 prefill chunk 4/143 (2.8%) chunk=23.39 t/s avg=8.92 t/s 0.449s
0824 01:25:28 ds4-server: chat ctx=0..143:143 prefill chunk 5/143 (3.5%) chunk=23.42 t/s avg=10.18 t/s 0.491s
0824 01:25:28 ds4-server: chat ctx=0..143:143 prefill chunk 6/143 (4.2%) chunk=23.99 t/s avg=11.26 t/s 0.533s
0824 01:25:29 ds4-server: chat ctx=0..143:143 prefill chunk 7/143 (4.9%) chunk=22.91 t/s avg=12.14 t/s 0.577s
0824 01:25:29 ds4-server: chat ctx=0..143:143 prefill chunk 8/143 (5.6%) chunk=23.86 t/s avg=12.93 t/s 0.618s
0824 01:25:29 ds4-server: chat ctx=0..143:143 prefill chunk 9/143 (6.3%) chunk=23.53 t/s avg=13.62 t/s 0.661s
0824 01:25:29 ds4-server: chat ctx=0..143:143 prefill chunk 10/143 (7.0%) chunk=22.61 t/s avg=14.18 t/s 0.705s
0824 01:25:29 ds4-server: chat ctx=0..143:143 prefill chunk 11/143 (7.7%) chunk=23.60 t/s avg=14.71 t/s 0.748s
0824 01:25:29 ds4-server: chat ctx=0..143:143 prefill chunk 12/143 (8.4%) chunk=23.74 t/s avg=15.20 t/s 0.790s
0824 01:25:29 ds4-server: chat ctx=0..143:143 prefill chunk 13/143 (9.1%) chunk=23.55 t/s avg=15.62 t/s 0.832s
0824 01:25:29 ds4-server: chat ctx=0..143:143 prefill chunk 14/143 (9.8%) chunk=22.74 t/s avg=15.98 t/s 0.876s
0824 01:25:29 ds4-server: chat ctx=0..143:143 prefill chunk 15/143 (10.5%) chunk=23.67 t/s avg=16.33 t/s 0.918s
0824 01:25:29 ds4-server: chat ctx=0..143:143 prefill chunk 16/143 (11.2%) chunk=23.46 t/s avg=16.65 t/s 0.961s
0824 01:25:29 ds4-server: chat ctx=0..143:143 prefill chunk 17/143 (11.9%) chunk=23.34 t/s avg=16.93 t/s 1.004s
0824 01:25:29 ds4-server: chat ctx=0..143:143 prefill chunk 18/143 (12.6%) chunk=22.85 t/s avg=17.18 t/s 1.048s
0824 01:25:29 ds4-server: chat ctx=0..143:143 prefill chunk 19/143 (13.3%) chunk=23.48 t/s avg=17.43 t/s 1.090s
0824 01:25:29 ds4-server: chat ctx=0..143:143 prefill chunk 20/143 (14.0%) chunk=23.90 t/s avg=17.67 t/s 1.132s
0824 01:25:29 ds4-server: chat ctx=0..143:143 prefill chunk 21/143 (14.7%) chunk=22.69 t/s avg=17.86 t/s 1.176s
0824 01:25:29 ds4-server: chat ctx=0..143:143 prefill chunk 22/143 (15.4%) chunk=23.95 t/s avg=18.06 t/s 1.218s
0824 01:25:29 ds4-server: chat ctx=0..143:143 prefill chunk 23/143 (16.1%) chunk=23.38 t/s avg=18.24 t/s 1.261s
0824 01:25:29 ds4-server: chat ctx=0..143:143 prefill chunk 24/143 (16.8%) chunk=22.83 t/s avg=18.40 t/s 1.304s
0824 01:25:29 ds4-server: chat ctx=0..143:143 prefill chunk 25/143 (17.5%) chunk=23.64 t/s avg=18.56 t/s 1.347s
0824 01:25:29 ds4-server: chat ctx=0..143:143 prefill chunk 26/143 (18.2%) chunk=23.65 t/s avg=18.72 t/s 1.389s
0824 01:25:29 ds4-server: chat ctx=0..143:143 prefill chunk 27/143 (18.9%) chunk=23.65 t/s avg=18.86 t/s 1.431s
0824 01:25:29 ds4-server: chat ctx=0..143:143 prefill chunk 28/143 (19.6%) chunk=22.57 t/s avg=18.98 t/s 1.476s
0824 01:25:29 ds4-server: chat ctx=0..143:143 prefill chunk 29/143 (20.3%) chunk=23.73 t/s avg=19.11 t/s 1.518s
0824 01:25:30 ds4-server: chat ctx=0..143:143 prefill chunk 30/143 (21.0%) chunk=23.36 t/s avg=19.22 t/s 1.561s
0824 01:25:30 ds4-server: chat ctx=0..143:143 prefill chunk 31/143 (21.7%) chunk=22.70 t/s avg=19.32 t/s 1.605s
0824 01:25:30 ds4-server: chat ctx=0..143:143 prefill chunk 32/143 (22.4%) chunk=23.48 t/s avg=19.43 t/s 1.647s
0824 01:25:30 ds4-server: chat ctx=0..143:143 prefill chunk 33/143 (23.1%) chunk=23.75 t/s avg=19.53 t/s 1.689s
0824 01:25:30 ds4-server: chat ctx=0..143:143 prefill chunk 34/143 (23.8%) chunk=23.52 t/s avg=19.63 t/s 1.732s
0824 01:25:30 ds4-server: chat ctx=0..143:143 prefill chunk 35/143 (24.5%) chunk=22.64 t/s avg=19.71 t/s 1.776s
0824 01:25:30 ds4-server: chat ctx=0..143:143 prefill chunk 36/143 (25.2%) chunk=23.55 t/s avg=19.80 t/s 1.818s
0824 01:25:30 ds4-server: chat ctx=0..143:143 prefill chunk 37/143 (25.9%) chunk=23.56 t/s avg=19.88 t/s 1.861s
0824 01:25:30 ds4-server: chat ctx=0..143:143 prefill chunk 38/143 (26.6%) chunk=22.72 t/s avg=19.95 t/s 1.905s
0824 01:25:30 ds4-server: chat ctx=0..143:143 prefill chunk 39/143 (27.3%) chunk=23.43 t/s avg=20.02 t/s 1.948s
0824 01:25:30 ds4-server: chat ctx=0..143:143 prefill chunk 40/143 (28.0%) chunk=23.15 t/s avg=20.09 t/s 1.991s
0824 01:25:30 ds4-server: chat ctx=0..143:143 prefill chunk 41/143 (28.7%) chunk=23.31 t/s avg=20.16 t/s 2.034s
0824 01:25:30 ds4-server: chat ctx=0..143:143 prefill chunk 42/143 (29.4%) chunk=23.13 t/s avg=20.22 t/s 2.077s
0824 01:25:30 ds4-server: chat ctx=0..143:143 prefill chunk 43/143 (30.1%) chunk=23.76 t/s avg=20.29 t/s 2.119s
0824 01:25:30 ds4-server: chat ctx=0..143:143 prefill chunk 44/143 (30.8%) chunk=23.30 t/s avg=20.35 t/s 2.162s
0824 01:25:30 ds4-server: chat ctx=0..143:143 prefill chunk 45/143 (31.5%) chunk=22.72 t/s avg=20.40 t/s 2.206s
0824 01:25:30 ds4-server: chat ctx=0..143:143 prefill chunk 46/143 (32.2%) chunk=23.51 t/s avg=20.46 t/s 2.249s
0824 01:25:30 ds4-server: chat ctx=0..143:143 prefill chunk 47/143 (32.9%) chunk=23.37 t/s avg=20.51 t/s 2.291s
0824 01:25:30 ds4-server: chat ctx=0..143:143 prefill chunk 48/143 (33.6%) chunk=23.26 t/s avg=20.56 t/s 2.334s
0824 01:25:30 ds4-server: chat ctx=0..143:143 prefill chunk 49/143 (34.3%) chunk=22.97 t/s avg=20.61 t/s 2.378s
0824 01:25:30 ds4-server: chat ctx=0..143:143 prefill chunk 50/143 (35.0%) chunk=23.75 t/s avg=20.66 t/s 2.420s
0824 01:25:30 ds4-server: chat ctx=0..143:143 prefill chunk 51/143 (35.7%) chunk=23.48 t/s avg=20.71 t/s 2.462s
0824 01:25:30 ds4-server: chat ctx=0..143:143 prefill chunk 52/143 (36.4%) chunk=22.76 t/s avg=20.75 t/s 2.506s
0824 01:25:31 ds4-server: chat ctx=0..143:143 prefill chunk 53/143 (37.1%) chunk=23.41 t/s avg=20.79 t/s 2.549s
0824 01:25:31 ds4-server: chat ctx=0..143:143 prefill chunk 54/143 (37.8%) chunk=23.38 t/s avg=20.83 t/s 2.592s
0824 01:25:31 ds4-server: chat ctx=0..143:143 prefill chunk 55/143 (38.5%) chunk=22.86 t/s avg=20.87 t/s 2.636s
0824 01:25:31 ds4-server: chat ctx=0..143:143 prefill chunk 56/143 (39.2%) chunk=23.42 t/s avg=20.91 t/s 2.678s
0824 01:25:31 ds4-server: chat ctx=0..143:143 prefill chunk 57/143 (39.9%) chunk=23.67 t/s avg=20.95 t/s 2.721s
0824 01:25:31 ds4-server: chat ctx=0..143:143 prefill chunk 58/143 (40.6%) chunk=23.51 t/s avg=20.99 t/s 2.763s
0824 01:25:31 ds4-server: chat ctx=0..143:143 prefill chunk 59/143 (41.3%) chunk=22.84 t/s avg=21.02 t/s 2.807s
0824 01:25:31 ds4-server: chat ctx=0..143:143 prefill chunk 60/143 (42.0%) chunk=23.62 t/s avg=21.06 t/s 2.849s
0824 01:25:31 ds4-server: chat ctx=0..143:143 prefill chunk 61/143 (42.7%) chunk=23.41 t/s avg=21.09 t/s 2.892s
0824 01:25:31 ds4-server: chat ctx=0..143:143 prefill chunk 62/143 (43.4%) chunk=23.18 t/s avg=21.12 t/s 2.935s
0824 01:25:31 ds4-server: chat ctx=0..143:143 prefill chunk 63/143 (44.1%) chunk=23.08 t/s avg=21.15 t/s 2.978s
0824 01:25:31 ds4-server: chat ctx=0..143:143 prefill chunk 64/143 (44.8%) chunk=23.78 t/s avg=21.19 t/s 3.020s
0824 01:25:31 ds4-server: chat ctx=0..143:143 prefill chunk 65/143 (45.5%) chunk=23.44 t/s avg=21.22 t/s 3.063s
0824 01:25:31 ds4-server: chat ctx=0..143:143 prefill chunk 66/143 (46.2%) chunk=22.92 t/s avg=21.24 t/s 3.107s
0824 01:25:31 ds4-server: chat ctx=0..143:143 prefill chunk 67/143 (46.9%) chunk=23.65 t/s avg=21.28 t/s 3.149s
0824 01:25:31 ds4-server: chat ctx=0..143:143 prefill chunk 68/143 (47.6%) chunk=23.58 t/s avg=21.31 t/s 3.191s
0824 01:25:31 ds4-server: chat ctx=0..143:143 prefill chunk 69/143 (48.3%) chunk=23.45 t/s avg=21.34 t/s 3.234s
0824 01:25:31 ds4-server: chat ctx=0..143:143 prefill chunk 70/143 (49.0%) chunk=23.04 t/s avg=21.36 t/s 3.278s
0824 01:25:31 ds4-server: chat ctx=0..143:143 prefill chunk 71/143 (49.7%) chunk=23.63 t/s avg=21.39 t/s 3.320s
0824 01:25:31 ds4-server: chat ctx=0..143:143 prefill chunk 72/143 (50.3%) chunk=23.50 t/s avg=21.41 t/s 3.362s
0824 01:25:31 ds4-server: chat ctx=0..143:143 prefill chunk 73/143 (51.0%) chunk=22.81 t/s avg=21.43 t/s 3.406s
0824 01:25:31 ds4-server: chat ctx=0..143:143 prefill chunk 74/143 (51.7%) chunk=23.41 t/s avg=21.46 t/s 3.449s
0824 01:25:31 ds4-server: chat ctx=0..143:143 prefill chunk 75/143 (52.4%) chunk=23.35 t/s avg=21.48 t/s 3.492s
0824 01:25:32 ds4-server: chat ctx=0..143:143 prefill chunk 76/143 (53.1%) chunk=23.25 t/s avg=21.50 t/s 3.535s
0824 01:25:32 ds4-server: chat ctx=0..143:143 prefill chunk 77/143 (53.8%) chunk=23.01 t/s avg=21.52 t/s 3.578s
0824 01:25:32 ds4-server: chat ctx=0..143:143 prefill chunk 78/143 (54.5%) chunk=23.69 t/s avg=21.54 t/s 3.620s
0824 01:25:32 ds4-server: chat ctx=0..143:143 prefill chunk 79/143 (55.2%) chunk=23.49 t/s avg=21.57 t/s 3.663s
0824 01:25:32 ds4-server: chat ctx=0..143:143 prefill chunk 80/143 (55.9%) chunk=22.85 t/s avg=21.58 t/s 3.707s
0824 01:25:32 ds4-server: chat ctx=0..143:143 prefill chunk 81/143 (56.6%) chunk=23.39 t/s avg=21.60 t/s 3.750s
0824 01:25:32 ds4-server: chat ctx=0..143:143 prefill chunk 82/143 (57.3%) chunk=23.34 t/s avg=21.62 t/s 3.792s
0824 01:25:32 ds4-server: chat ctx=0..143:143 prefill chunk 83/143 (58.0%) chunk=23.38 t/s avg=21.64 t/s 3.835s
0824 01:25:32 ds4-server: chat ctx=0..143:143 prefill chunk 84/143 (58.7%) chunk=23.08 t/s avg=21.66 t/s 3.878s
0824 01:25:32 ds4-server: chat ctx=0..143:143 prefill chunk 85/143 (59.4%) chunk=23.56 t/s avg=21.68 t/s 3.921s
0824 01:25:32 ds4-server: chat ctx=0..143:143 prefill chunk 86/143 (60.1%) chunk=23.43 t/s avg=21.70 t/s 3.964s
0824 01:25:32 ds4-server: chat ctx=0..143:143 prefill chunk 87/143 (60.8%) chunk=22.55 t/s avg=21.71 t/s 4.008s
0824 01:25:32 ds4-server: chat ctx=0..143:143 prefill chunk 88/143 (61.5%) chunk=23.61 t/s avg=21.73 t/s 4.050s
0824 01:25:32 ds4-server: chat ctx=0..143:143 prefill chunk 89/143 (62.2%) chunk=23.55 t/s avg=21.75 t/s 4.093s
0824 01:25:32 ds4-server: chat ctx=0..143:143 prefill chunk 90/143 (62.9%) chunk=22.78 t/s avg=21.76 t/s 4.137s
0824 01:25:32 ds4-server: chat ctx=0..143:143 prefill chunk 91/143 (63.6%) chunk=23.38 t/s avg=21.77 t/s 4.179s
0824 01:25:32 ds4-server: chat ctx=0..143:143 prefill chunk 92/143 (64.3%) chunk=23.71 t/s avg=21.79 t/s 4.222s
0824 01:25:32 ds4-server: chat ctx=0..143:143 prefill chunk 93/143 (65.0%) chunk=23.39 t/s avg=21.81 t/s 4.264s
0824 01:25:32 ds4-server: chat ctx=0..143:143 prefill chunk 94/143 (65.7%) chunk=22.34 t/s avg=21.81 t/s 4.309s
0824 01:25:32 ds4-server: chat ctx=0..143:143 prefill chunk 95/143 (66.4%) chunk=23.75 t/s avg=21.83 t/s 4.351s
0824 01:25:32 ds4-server: chat ctx=0..143:143 prefill chunk 96/143 (67.1%) chunk=23.54 t/s avg=21.85 t/s 4.394s
0824 01:25:32 ds4-server: chat ctx=0..143:143 prefill chunk 97/143 (67.8%) chunk=22.75 t/s avg=21.86 t/s 4.438s
0824 01:25:32 ds4-server: chat ctx=0..143:143 prefill chunk 98/143 (68.5%) chunk=23.46 t/s avg=21.87 t/s 4.480s
0824 01:25:32 ds4-server: chat ctx=0..143:143 prefill chunk 99/143 (69.2%) chunk=23.72 t/s avg=21.89 t/s 4.522s
0824 01:25:33 ds4-server: chat ctx=0..143:143 prefill chunk 100/143 (69.9%) chunk=23.36 t/s avg=21.90 t/s 4.565s
0824 01:25:33 ds4-server: chat ctx=0..143:143 prefill chunk 101/143 (70.6%) chunk=22.36 t/s avg=21.91 t/s 4.610s
0824 01:25:33 ds4-server: chat ctx=0..143:143 prefill chunk 102/143 (71.3%) chunk=23.67 t/s avg=21.93 t/s 4.652s
0824 01:25:33 ds4-server: chat ctx=0..143:143 prefill chunk 103/143 (72.0%) chunk=23.44 t/s avg=21.94 t/s 4.695s
0824 01:25:33 ds4-server: chat ctx=0..143:143 prefill chunk 104/143 (72.7%) chunk=22.81 t/s avg=21.95 t/s 4.739s
0824 01:25:33 ds4-server: chat ctx=0..143:143 prefill chunk 105/143 (73.4%) chunk=23.33 t/s avg=21.96 t/s 4.782s
0824 01:25:33 ds4-server: chat ctx=0..143:143 prefill chunk 106/143 (74.1%) chunk=23.19 t/s avg=21.97 t/s 4.825s
0824 01:25:33 ds4-server: chat ctx=0..143:143 prefill chunk 107/143 (74.8%) chunk=23.12 t/s avg=21.98 t/s 4.868s
0824 01:25:33 ds4-server: chat ctx=0..143:143 prefill chunk 108/143 (75.5%) chunk=22.93 t/s avg=21.99 t/s 4.912s
0824 01:25:33 ds4-server: chat ctx=0..143:143 prefill chunk 109/143 (76.2%) chunk=23.71 t/s avg=22.00 t/s 4.954s
0824 01:25:33 ds4-server: chat ctx=0..143:143 prefill chunk 110/143 (76.9%) chunk=23.36 t/s avg=22.02 t/s 4.997s
0824 01:25:33 ds4-server: chat ctx=0..143:143 prefill chunk 111/143 (77.6%) chunk=22.90 t/s avg=22.02 t/s 5.040s
0824 01:25:33 ds4-server: chat ctx=0..143:143 prefill chunk 112/143 (78.3%) chunk=23.62 t/s avg=22.04 t/s 5.083s
0824 01:25:33 ds4-server: chat ctx=0..143:143 prefill chunk 113/143 (79.0%) chunk=23.23 t/s avg=22.05 t/s 5.126s
0824 01:25:33 ds4-server: chat ctx=0..143:143 prefill chunk 114/143 (79.7%) chunk=23.25 t/s avg=22.06 t/s 5.169s
0824 01:25:33 ds4-server: chat ctx=0..143:143 prefill chunk 115/143 (80.4%) chunk=22.96 t/s avg=22.06 t/s 5.212s
0824 01:25:33 ds4-server: chat ctx=0..143:143 prefill chunk 116/143 (81.1%) chunk=23.79 t/s avg=22.08 t/s 5.254s
0824 01:25:33 ds4-server: chat ctx=0..143:143 prefill chunk 117/143 (81.8%) chunk=23.33 t/s avg=22.09 t/s 5.297s
0824 01:25:33 ds4-server: chat ctx=0..143:143 prefill chunk 118/143 (82.5%) chunk=22.42 t/s avg=22.09 t/s 5.342s
0824 01:25:33 ds4-server: chat ctx=0..143:143 prefill chunk 119/143 (83.2%) chunk=23.66 t/s avg=22.10 t/s 5.384s
0824 01:25:33 ds4-server: chat ctx=0..143:143 prefill chunk 120/143 (83.9%) chunk=23.35 t/s avg=22.11 t/s 5.427s
0824 01:25:33 ds4-server: chat ctx=0..143:143 prefill chunk 121/143 (84.6%) chunk=22.62 t/s avg=22.12 t/s 5.471s
0824 01:25:33 ds4-server: chat ctx=0..143:143 prefill chunk 122/143 (85.3%) chunk=23.36 t/s avg=22.13 t/s 5.514s
0824 01:25:34 ds4-server: chat ctx=0..143:143 prefill chunk 123/143 (86.0%) chunk=23.63 t/s avg=22.14 t/s 5.556s
0824 01:25:34 ds4-server: chat ctx=0..143:143 prefill chunk 124/143 (86.7%) chunk=23.32 t/s avg=22.15 t/s 5.599s
0824 01:25:34 ds4-server: chat ctx=0..143:143 prefill chunk 125/143 (87.4%) chunk=22.52 t/s avg=22.15 t/s 5.643s
0824 01:25:34 ds4-server: chat ctx=0..143:143 prefill chunk 126/143 (88.1%) chunk=23.45 t/s avg=22.16 t/s 5.686s
0824 01:25:34 ds4-server: chat ctx=0..143:143 prefill chunk 127/143 (88.8%) chunk=23.39 t/s avg=22.17 t/s 5.729s
0824 01:25:34 ds4-server: chat ctx=0..143:143 prefill chunk 128/143 (89.5%) chunk=22.70 t/s avg=22.17 t/s 5.773s
0824 01:25:34 ds4-server: chat ctx=0..143:143 prefill chunk 129/143 (90.2%) chunk=23.52 t/s avg=22.18 t/s 5.815s
0824 01:25:34 ds4-server: chat ctx=0..143:143 prefill chunk 130/143 (90.9%) chunk=23.18 t/s avg=22.19 t/s 5.859s
0824 01:25:34 ds4-server: chat ctx=0..143:143 prefill chunk 131/143 (91.6%) chunk=23.19 t/s avg=22.20 t/s 5.902s
0824 01:25:34 ds4-server: chat ctx=0..143:143 prefill chunk 132/143 (92.3%) chunk=23.24 t/s avg=22.20 t/s 5.945s
0824 01:25:34 ds4-server: chat ctx=0..143:143 prefill chunk 133/143 (93.0%) chunk=23.52 t/s avg=22.21 t/s 5.987s
0824 01:25:34 ds4-server: chat ctx=0..143:143 prefill chunk 134/143 (93.7%) chunk=23.23 t/s avg=22.22 t/s 6.030s
0824 01:25:34 ds4-server: chat ctx=0..143:143 prefill chunk 135/143 (94.4%) chunk=22.37 t/s avg=22.22 t/s 6.075s
0824 01:25:34 ds4-server: chat ctx=0..143:143 prefill chunk 136/143 (95.1%) chunk=23.65 t/s avg=22.23 t/s 6.117s
0824 01:25:34 ds4-server: chat ctx=0..143:143 prefill chunk 137/143 (95.8%) chunk=23.42 t/s avg=22.24 t/s 6.160s
0824 01:25:34 ds4-server: chat ctx=0..143:143 prefill chunk 138/143 (96.5%) chunk=22.46 t/s avg=22.24 t/s 6.204s
0824 01:25:34 ds4-server: chat ctx=0..143:143 prefill chunk 139/143 (97.2%) chunk=23.17 t/s avg=22.25 t/s 6.248s
0824 01:25:34 ds4-server: chat ctx=0..143:143 prefill chunk 140/143 (97.9%) chunk=23.06 t/s avg=22.25 t/s 6.291s
0824 01:25:34 ds4-server: chat ctx=0..143:143 prefill chunk 141/143 (98.6%) chunk=23.57 t/s avg=22.26 t/s 6.333s
0824 01:25:34 ds4-server: chat ctx=0..143:143 prefill chunk 142/143 (99.3%) chunk=22.27 t/s avg=22.26 t/s 6.378s
0824 01:25:34 ds4-server: chat ctx=0..143:143 prefill chunk 143/143 (100.0%) chunk=23.67 t/s avg=22.27 t/s 6.421s
0824 01:25:34 ds4-server: chat ctx=0..143:143 prompt done 6.421s
0824 01:25:37 ds4-server: chat ctx=143..193:50 gen=50 THINKING decoding chunk=23.03 t/s avg=23.03 t/s 2.171s
0824 01:25:39 ds4-server: chat ctx=193..243:50 gen=100 THINKING decoding chunk=22.88 t/s avg=22.95 t/s 4.357s
0824 01:25:41 ds4-server: chat ctx=243..293:50 gen=150 THINKING decoding chunk=22.71 t/s avg=22.87 t/s 6.558s
0824 01:25:43 ds4-server: chat ctx=293..343:50 gen=200 THINKING decoding chunk=22.59 t/s avg=22.80 t/s 8.772s
0824 01:25:45 ds4-server: chat ctx=343..393:50 gen=250 THINKING decoding chunk=22.44 t/s avg=22.73 t/s 11.000s
0824 01:25:48 ds4-server: chat ctx=393..443:50 gen=300 THINKING decoding chunk=22.27 t/s avg=22.65 t/s 13.245s
0824 01:25:50 ds4-server: chat ctx=443..493:50 gen=350 THINKING decoding chunk=22.15 t/s avg=22.58 t/s 15.503s
0824 01:25:52 ds4-server: chat ctx=493..543:50 gen=400 THINKING decoding chunk=21.93 t/s avg=22.49 t/s 17.782s
0824 01:25:54 ds4-server: chat ctx=543..593:50 gen=450 THINKING decoding chunk=21.82 t/s avg=22.42 t/s 20.074s
0824 01:25:57 ds4-server: chat ctx=593..643:50 gen=500 THINKING decoding chunk=21.74 t/s avg=22.35 t/s 22.374s
0824 01:25:59 ds4-server: chat ctx=643..693:50 gen=550 THINKING decoding chunk=21.60 t/s avg=22.28 t/s 24.689s
0824 01:26:01 ds4-server: chat ctx=693..743:50 gen=600 THINKING decoding chunk=21.39 t/s avg=22.20 t/s 27.026s
0824 01:26:04 ds4-server: chat ctx=743..793:50 gen=650 THINKING decoding chunk=21.26 t/s avg=22.13 t/s 29.378s
0824 01:26:06 ds4-server: chat ctx=793..843:50 gen=700 THINKING decoding chunk=21.11 t/s avg=22.05 t/s 31.747s
0824 01:26:09 ds4-server: chat ctx=843..893:50 gen=750 THINKING decoding chunk=21.01 t/s avg=21.98 t/s 34.128s
0824 01:26:11 ds4-server: chat ctx=893..943:50 gen=800 THINKING decoding chunk=20.91 t/s avg=21.91 t/s 36.519s
0824 01:26:13 ds4-server: chat ctx=943..993:50 gen=850 THINKING decoding chunk=20.76 t/s avg=21.84 t/s 38.927s
0824 01:26:16 ds4-server: chat ctx=993..1043:50 gen=900 THINKING decoding chunk=20.62 t/s avg=21.76 t/s 41.353s
0824 01:26:18 ds4-server: chat ctx=1043..1093:50 gen=950 THINKING decoding chunk=20.55 t/s avg=21.70 t/s 43.786s
0824 01:26:21 ds4-server: chat ctx=1093..1143:50 gen=1000 THINKING decoding chunk=20.39 t/s avg=21.63 t/s 46.239s
0824 01:26:23 ds4-server: chat ctx=1143..1193:50 gen=1050 THINKING decoding chunk=20.30 t/s avg=21.56 t/s 48.702s
0824 01:26:26 ds4-server: chat ctx=1193..1243:50 gen=1100 THINKING decoding chunk=20.13 t/s avg=21.49 t/s 51.186s
0824 01:26:28 ds4-server: chat ctx=1243..1293:50 gen=1150 THINKING decoding chunk=20.00 t/s avg=21.42 t/s 53.686s
0824 01:26:31 ds4-server: chat ctx=1293..1343:50 gen=1200 THINKING decoding chunk=19.94 t/s avg=21.35 t/s 56.193s
0824 01:26:33 ds4-server: chat ctx=1343..1393:50 gen=1250 THINKING decoding chunk=19.81 t/s avg=21.29 t/s 58.717s
0824 01:26:36 ds4-server: chat ctx=1393..1443:50 gen=1300 THINKING decoding chunk=19.68 t/s avg=21.22 t/s 61.257s
0824 01:26:38 ds4-server: chat ctx=1443..1493:50 gen=1350 THINKING decoding chunk=19.61 t/s avg=21.16 t/s 63.807s
0824 01:26:41 ds4-server: chat ctx=1493..1543:50 gen=1400 THINKING decoding chunk=19.54 t/s avg=21.10 t/s 66.366s
0824 01:26:43 ds4-server: chat ctx=1543..1593:50 gen=1450 THINKING decoding chunk=19.42 t/s avg=21.03 t/s 68.940s
0824 01:26:46 ds4-server: chat ctx=1593..1643:50 gen=1500 decoding chunk=19.23 t/s avg=20.97 t/s 71.541s
0824 01:26:49 ds4-server: chat ctx=1643..1693:50 gen=1550 decoding chunk=19.03 t/s avg=20.90 t/s 74.168s
0824 01:26:50 ds4-server: chat ctx=1693..1720:27 gen=1577 decoding chunk=18.98 t/s avg=20.86 t/s 75.591s
0824 01:26:50 ds4-server: thinking live checkpoint remembered ctx=0..143:143 live=1720 visible=896
0824 01:26:50 ds4-server: chat ctx=0..143:143 gen=1577 finish=stop 82.011s
0824 01:26:52 ds4-server: live kv cache miss live=1720 prompt=205 common=35 reason=token-mismatch
0824 01:26:52 ds4-server: chat ctx=0..205:205 prompt start
0824 01:26:53 ds4-server: chat ctx=0..205:205 prefill chunk 1/205 (0.5%) chunk=0.00 t/s avg=3.13 t/s 0.319s
0824 01:26:53 ds4-server: chat ctx=0..205:205 prefill chunk 2/205 (1.0%) chunk=23.43 t/s avg=5.52 t/s 0.362s
0824 01:26:53 ds4-server: chat ctx=0..205:205 prefill chunk 3/205 (1.5%) chunk=23.09 t/s avg=7.40 t/s 0.405s
0824 01:26:53 ds4-server: chat ctx=0..205:205 prefill chunk 4/205 (2.0%) chunk=23.64 t/s avg=8.93 t/s 0.448s
0824 01:26:53 ds4-server: chat ctx=0..205:205 prefill chunk 5/205 (2.4%) chunk=23.32 t/s avg=10.19 t/s 0.491s
0824 01:26:53 ds4-server: chat ctx=0..205:205 prefill chunk 6/205 (2.9%) chunk=23.72 t/s avg=11.26 t/s 0.533s
0824 01:26:53 ds4-server: chat ctx=0..205:205 prefill chunk 7/205 (3.4%) chunk=22.87 t/s avg=12.14 t/s 0.576s
0824 01:26:53 ds4-server: chat ctx=0..205:205 prefill chunk 8/205 (3.9%) chunk=23.81 t/s avg=12.93 t/s 0.618s
0824 01:26:53 ds4-server: chat ctx=0..205:205 prefill chunk 9/205 (4.4%) chunk=23.45 t/s avg=13.61 t/s 0.661s
0824 01:26:53 ds4-server: chat ctx=0..205:205 prefill chunk 10/205 (4.9%) chunk=22.91 t/s avg=14.19 t/s 0.705s
0824 01:26:53 ds4-server: chat ctx=0..205:205 prefill chunk 11/205 (5.4%) chunk=23.69 t/s avg=14.73 t/s 0.747s
0824 01:26:53 ds4-server: chat ctx=0..205:205 prefill chunk 12/205 (5.9%) chunk=24.08 t/s avg=15.22 t/s 0.789s
0824 01:26:53 ds4-server: chat ctx=0..205:205 prefill chunk 13/205 (6.3%) chunk=23.46 t/s avg=15.64 t/s 0.831s
0824 01:26:53 ds4-server: chat ctx=0..205:205 prefill chunk 14/205 (6.8%) chunk=22.56 t/s avg=15.99 t/s 0.875s
0824 01:26:53 ds4-server: chat ctx=0..205:205 prefill chunk 15/205 (7.3%) chunk=24.08 t/s avg=16.36 t/s 0.917s
0824 01:26:53 ds4-server: chat ctx=0..205:205 prefill chunk 16/205 (7.8%) chunk=23.45 t/s avg=16.67 t/s 0.960s
0824 01:26:54 ds4-server: chat ctx=0..205:205 prefill chunk 17/205 (8.3%) chunk=23.19 t/s avg=16.95 t/s 1.003s
0824 01:26:54 ds4-server: chat ctx=0..205:205 prefill chunk 18/205 (8.8%) chunk=23.73 t/s avg=17.23 t/s 1.045s
0824 01:26:54 ds4-server: chat ctx=0..205:205 prefill chunk 19/205 (9.3%) chunk=23.65 t/s avg=17.48 t/s 1.087s
0824 01:26:54 ds4-server: chat ctx=0..205:205 prefill chunk 20/205 (9.8%) chunk=23.25 t/s avg=17.70 t/s 1.130s
0824 01:26:54 ds4-server: chat ctx=0..205:205 prefill chunk 21/205 (10.2%) chunk=23.24 t/s avg=17.90 t/s 1.173s
0824 01:26:54 ds4-server: chat ctx=0..205:205 prefill chunk 22/205 (10.7%) chunk=23.82 t/s avg=18.10 t/s 1.215s
0824 01:26:54 ds4-server: chat ctx=0..205:205 prefill chunk 23/205 (11.2%) chunk=23.49 t/s avg=18.29 t/s 1.258s
0824 01:26:54 ds4-server: chat ctx=0..205:205 prefill chunk 24/205 (11.7%) chunk=23.04 t/s avg=18.44 t/s 1.301s
0824 01:26:54 ds4-server: chat ctx=0..205:205 prefill chunk 25/205 (12.2%) chunk=23.49 t/s avg=18.60 t/s 1.344s
0824 01:26:54 ds4-server: chat ctx=0..205:205 prefill chunk 26/205 (12.7%) chunk=23.80 t/s avg=18.76 t/s 1.386s
0824 01:26:54 ds4-server: chat ctx=0..205:205 prefill chunk 27/205 (13.2%) chunk=23.60 t/s avg=18.91 t/s 1.428s
0824 01:26:54 ds4-server: chat ctx=0..205:205 prefill chunk 28/205 (13.7%) chunk=22.85 t/s avg=19.02 t/s 1.472s
0824 01:26:54 ds4-server: chat ctx=0..205:205 prefill chunk 29/205 (14.1%) chunk=23.89 t/s avg=19.16 t/s 1.514s
0824 01:26:54 ds4-server: chat ctx=0..205:205 prefill chunk 30/205 (14.6%) chunk=23.60 t/s avg=19.28 t/s 1.556s
0824 01:26:54 ds4-server: chat ctx=0..205:205 prefill chunk 31/205 (15.1%) chunk=22.56 t/s avg=19.37 t/s 1.600s
0824 01:26:54 ds4-server: chat ctx=0..205:205 prefill chunk 32/205 (15.6%) chunk=23.74 t/s avg=19.48 t/s 1.643s
0824 01:26:54 ds4-server: chat ctx=0..205:205 prefill chunk 33/205 (16.1%) chunk=23.64 t/s avg=19.59 t/s 1.685s
0824 01:26:54 ds4-server: chat ctx=0..205:205 prefill chunk 34/205 (16.6%) chunk=23.60 t/s avg=19.68 t/s 1.727s
0824 01:26:54 ds4-server: chat ctx=0..205:205 prefill chunk 35/205 (17.1%) chunk=22.47 t/s avg=19.75 t/s 1.772s
0824 01:26:54 ds4-server: chat ctx=0..205:205 prefill chunk 36/205 (17.6%) chunk=23.60 t/s avg=19.84 t/s 1.814s
0824 01:26:54 ds4-server: chat ctx=0..205:205 prefill chunk 37/205 (18.0%) chunk=23.34 t/s avg=19.92 t/s 1.857s
0824 01:26:54 ds4-server: chat ctx=0..205:205 prefill chunk 38/205 (18.5%) chunk=22.74 t/s avg=19.99 t/s 1.901s
0824 01:26:54 ds4-server: chat ctx=0..205:205 prefill chunk 39/205 (19.0%) chunk=23.41 t/s avg=20.07 t/s 1.944s
0824 01:26:54 ds4-server: chat ctx=0..205:205 prefill chunk 40/205 (19.5%) chunk=23.79 t/s avg=20.14 t/s 1.986s
0824 01:26:55 ds4-server: chat ctx=0..205:205 prefill chunk 41/205 (20.0%) chunk=23.57 t/s avg=20.22 t/s 2.028s
0824 01:26:55 ds4-server: chat ctx=0..205:205 prefill chunk 42/205 (20.5%) chunk=22.55 t/s avg=20.27 t/s 2.072s
0824 01:26:55 ds4-server: chat ctx=0..205:205 prefill chunk 43/205 (21.0%) chunk=23.83 t/s avg=20.34 t/s 2.114s
0824 01:26:55 ds4-server: chat ctx=0..205:205 prefill chunk 44/205 (21.5%) chunk=23.50 t/s avg=20.40 t/s 2.157s
0824 01:26:55 ds4-server: chat ctx=0..205:205 prefill chunk 45/205 (22.0%) chunk=22.73 t/s avg=20.45 t/s 2.201s
0824 01:26:55 ds4-server: chat ctx=0..205:205 prefill chunk 46/205 (22.4%) chunk=23.50 t/s avg=20.50 t/s 2.244s
0824 01:26:55 ds4-server: chat ctx=0..205:205 prefill chunk 47/205 (22.9%) chunk=23.61 t/s avg=20.56 t/s 2.286s
0824 01:26:55 ds4-server: chat ctx=0..205:205 prefill chunk 48/205 (23.4%) chunk=22.93 t/s avg=20.61 t/s 2.329s
0824 01:26:55 ds4-server: chat ctx=0..205:205 prefill chunk 49/205 (23.9%) chunk=22.99 t/s avg=20.65 t/s 2.373s
0824 01:26:55 ds4-server: chat ctx=0..205:205 prefill chunk 50/205 (24.4%) chunk=23.82 t/s avg=20.70 t/s 2.415s
0824 01:26:55 ds4-server: chat ctx=0..205:205 prefill chunk 51/205 (24.9%) chunk=23.45 t/s avg=20.75 t/s 2.458s
0824 01:26:55 ds4-server: chat ctx=0..205:205 prefill chunk 52/205 (25.4%) chunk=23.03 t/s avg=20.79 t/s 2.501s
0824 01:26:55 ds4-server: chat ctx=0..205:205 prefill chunk 53/205 (25.9%) chunk=23.39 t/s avg=20.83 t/s 2.544s
0824 01:26:55 ds4-server: chat ctx=0..205:205 prefill chunk 54/205 (26.3%) chunk=23.59 t/s avg=20.88 t/s 2.586s
0824 01:26:55 ds4-server: chat ctx=0..205:205 prefill chunk 55/205 (26.8%) chunk=22.93 t/s avg=20.91 t/s 2.630s
0824 01:26:55 ds4-server: chat ctx=0..205:205 prefill chunk 56/205 (27.3%) chunk=22.69 t/s avg=20.94 t/s 2.674s
0824 01:26:55 ds4-server: chat ctx=0..205:205 prefill chunk 57/205 (27.8%) chunk=23.93 t/s avg=20.99 t/s 2.716s
0824 01:26:55 ds4-server: chat ctx=0..205:205 prefill chunk 58/205 (28.3%) chunk=23.42 t/s avg=21.03 t/s 2.758s
0824 01:26:55 ds4-server: chat ctx=0..205:205 prefill chunk 59/205 (28.8%) chunk=23.00 t/s avg=21.06 t/s 2.802s
0824 01:26:55 ds4-server: chat ctx=0..205:205 prefill chunk 60/205 (29.3%) chunk=23.62 t/s avg=21.10 t/s 2.844s
0824 01:26:55 ds4-server: chat ctx=0..205:205 prefill chunk 61/205 (29.8%) chunk=23.70 t/s avg=21.13 t/s 2.886s
0824 01:26:55 ds4-server: chat ctx=0..205:205 prefill chunk 62/205 (30.2%) chunk=22.90 t/s avg=21.16 t/s 2.930s
0824 01:26:55 ds4-server: chat ctx=0..205:205 prefill chunk 63/205 (30.7%) chunk=23.20 t/s avg=21.19 t/s 2.973s
0824 01:26:56 ds4-server: chat ctx=0..205:205 prefill chunk 64/205 (31.2%) chunk=23.52 t/s avg=21.22 t/s 3.016s
0824 01:26:56 ds4-server: chat ctx=0..205:205 prefill chunk 65/205 (31.7%) chunk=23.27 t/s avg=21.25 t/s 3.059s
0824 01:26:56 ds4-server: chat ctx=0..205:205 prefill chunk 66/205 (32.2%) chunk=22.45 t/s avg=21.27 t/s 3.103s
0824 01:26:56 ds4-server: chat ctx=0..205:205 prefill chunk 67/205 (32.7%) chunk=23.70 t/s avg=21.30 t/s 3.145s
0824 01:26:56 ds4-server: chat ctx=0..205:205 prefill chunk 68/205 (33.2%) chunk=23.82 t/s avg=21.33 t/s 3.187s
0824 01:26:56 ds4-server: chat ctx=0..205:205 prefill chunk 69/205 (33.7%) chunk=23.05 t/s avg=21.36 t/s 3.231s
0824 01:26:56 ds4-server: chat ctx=0..205:205 prefill chunk 70/205 (34.1%) chunk=23.16 t/s avg=21.38 t/s 3.274s
0824 01:26:56 ds4-server: chat ctx=0..205:205 prefill chunk 71/205 (34.6%) chunk=23.66 t/s avg=21.41 t/s 3.316s
0824 01:26:56 ds4-server: chat ctx=0..205:205 prefill chunk 72/205 (35.1%) chunk=23.54 t/s avg=21.44 t/s 3.359s
0824 01:26:56 ds4-server: chat ctx=0..205:205 prefill chunk 73/205 (35.6%) chunk=22.77 t/s avg=21.45 t/s 3.403s
0824 01:26:56 ds4-server: chat ctx=0..205:205 prefill chunk 74/205 (36.1%) chunk=23.75 t/s avg=21.48 t/s 3.445s
0824 01:26:56 ds4-server: chat ctx=0..205:205 prefill chunk 75/205 (36.6%) chunk=23.68 t/s avg=21.51 t/s 3.487s
0824 01:26:56 ds4-server: chat ctx=0..205:205 prefill chunk 76/205 (37.1%) chunk=22.95 t/s avg=21.53 t/s 3.531s
0824 01:26:56 ds4-server: chat ctx=0..205:205 prefill chunk 77/205 (37.6%) chunk=23.04 t/s avg=21.54 t/s 3.574s
0824 01:26:56 ds4-server: chat ctx=0..205:205 prefill chunk 78/205 (38.0%) chunk=23.63 t/s avg=21.57 t/s 3.616s
0824 01:26:56 ds4-server: chat ctx=0..205:205 prefill chunk 79/205 (38.5%) chunk=23.43 t/s avg=21.59 t/s 3.659s
0824 01:26:56 ds4-server: chat ctx=0..205:205 prefill chunk 80/205 (39.0%) chunk=22.63 t/s avg=21.60 t/s 3.703s
0824 01:26:56 ds4-server: chat ctx=0..205:205 prefill chunk 81/205 (39.5%) chunk=23.63 t/s avg=21.63 t/s 3.745s
0824 01:26:56 ds4-server: chat ctx=0..205:205 prefill chunk 82/205 (40.0%) chunk=23.81 t/s avg=21.65 t/s 3.787s
0824 01:26:56 ds4-server: chat ctx=0..205:205 prefill chunk 83/205 (40.5%) chunk=23.09 t/s avg=21.67 t/s 3.831s
0824 01:26:56 ds4-server: chat ctx=0..205:205 prefill chunk 84/205 (41.0%) chunk=22.83 t/s avg=21.68 t/s 3.875s
0824 01:26:56 ds4-server: chat ctx=0..205:205 prefill chunk 85/205 (41.5%) chunk=23.55 t/s avg=21.70 t/s 3.917s
0824 01:26:56 ds4-server: chat ctx=0..205:205 prefill chunk 86/205 (42.0%) chunk=23.57 t/s avg=21.72 t/s 3.959s
0824 01:26:57 ds4-server: chat ctx=0..205:205 prefill chunk 87/205 (42.4%) chunk=22.52 t/s avg=21.73 t/s 4.004s
0824 01:26:57 ds4-server: chat ctx=0..205:205 prefill chunk 88/205 (42.9%) chunk=23.83 t/s avg=21.75 t/s 4.046s
0824 01:26:57 ds4-server: chat ctx=0..205:205 prefill chunk 89/205 (43.4%) chunk=23.56 t/s avg=21.77 t/s 4.088s
0824 01:26:57 ds4-server: chat ctx=0..205:205 prefill chunk 90/205 (43.9%) chunk=22.35 t/s avg=21.78 t/s 4.133s
0824 01:26:57 ds4-server: chat ctx=0..205:205 prefill chunk 91/205 (44.4%) chunk=23.30 t/s avg=21.79 t/s 4.176s
0824 01:26:57 ds4-server: chat ctx=0..205:205 prefill chunk 92/205 (44.9%) chunk=23.56 t/s avg=21.81 t/s 4.218s
0824 01:26:57 ds4-server: chat ctx=0..205:205 prefill chunk 93/205 (45.4%) chunk=23.43 t/s avg=21.83 t/s 4.261s
0824 01:26:57 ds4-server: chat ctx=0..205:205 prefill chunk 94/205 (45.9%) chunk=22.59 t/s avg=21.83 t/s 4.305s
0824 01:26:57 ds4-server: chat ctx=0..205:205 prefill chunk 95/205 (46.3%) chunk=23.48 t/s avg=21.85 t/s 4.348s
0824 01:26:57 ds4-server: chat ctx=0..205:205 prefill chunk 96/205 (46.8%) chunk=23.37 t/s avg=21.86 t/s 4.391s
0824 01:26:57 ds4-server: chat ctx=0..205:205 prefill chunk 97/205 (47.3%) chunk=22.88 t/s avg=21.87 t/s 4.434s
0824 01:26:57 ds4-server: chat ctx=0..205:205 prefill chunk 98/205 (47.8%) chunk=23.32 t/s avg=21.89 t/s 4.477s
0824 01:26:57 ds4-server: chat ctx=0..205:205 prefill chunk 99/205 (48.3%) chunk=23.56 t/s avg=21.90 t/s 4.520s
0824 01:26:57 ds4-server: chat ctx=0..205:205 prefill chunk 100/205 (48.8%) chunk=23.26 t/s avg=21.92 t/s 4.563s
0824 01:26:57 ds4-server: chat ctx=0..205:205 prefill chunk 101/205 (49.3%) chunk=22.80 t/s avg=21.93 t/s 4.607s
0824 01:26:57 ds4-server: chat ctx=0..205:205 prefill chunk 102/205 (49.8%) chunk=23.56 t/s avg=21.94 t/s 4.649s
0824 01:26:57 ds4-server: chat ctx=0..205:205 prefill chunk 103/205 (50.2%) chunk=23.41 t/s avg=21.95 t/s 4.692s
0824 01:26:57 ds4-server: chat ctx=0..205:205 prefill chunk 104/205 (50.7%) chunk=22.67 t/s avg=21.96 t/s 4.736s
0824 01:26:57 ds4-server: chat ctx=0..205:205 prefill chunk 105/205 (51.2%) chunk=23.32 t/s avg=21.97 t/s 4.779s
0824 01:26:57 ds4-server: chat ctx=0..205:205 prefill chunk 106/205 (51.7%) chunk=23.64 t/s avg=21.99 t/s 4.821s
0824 01:26:57 ds4-server: chat ctx=0..205:205 prefill chunk 107/205 (52.2%) chunk=22.91 t/s avg=22.00 t/s 4.865s
0824 01:26:57 ds4-server: chat ctx=0..205:205 prefill chunk 108/205 (52.7%) chunk=22.90 t/s avg=22.00 t/s 4.908s
0824 01:26:57 ds4-server: chat ctx=0..205:205 prefill chunk 109/205 (53.2%) chunk=23.53 t/s avg=22.02 t/s 4.951s
0824 01:26:57 ds4-server: chat ctx=0..205:205 prefill chunk 110/205 (53.7%) chunk=23.33 t/s avg=22.03 t/s 4.994s
0824 01:26:58 ds4-server: chat ctx=0..205:205 prefill chunk 111/205 (54.1%) chunk=22.50 t/s avg=22.03 t/s 5.038s
0824 01:26:58 ds4-server: chat ctx=0..205:205 prefill chunk 112/205 (54.6%) chunk=23.72 t/s avg=22.05 t/s 5.080s
0824 01:26:58 ds4-server: chat ctx=0..205:205 prefill chunk 113/205 (55.1%) chunk=23.60 t/s avg=22.06 t/s 5.123s
0824 01:26:58 ds4-server: chat ctx=0..205:205 prefill chunk 114/205 (55.6%) chunk=22.50 t/s avg=22.06 t/s 5.167s
0824 01:26:58 ds4-server: chat ctx=0..205:205 prefill chunk 115/205 (56.1%) chunk=23.37 t/s avg=22.07 t/s 5.210s
0824 01:26:58 ds4-server: chat ctx=0..205:205 prefill chunk 116/205 (56.6%) chunk=23.58 t/s avg=22.09 t/s 5.252s
0824 01:26:58 ds4-server: chat ctx=0..205:205 prefill chunk 117/205 (57.1%) chunk=22.92 t/s avg=22.09 t/s 5.296s
0824 01:26:58 ds4-server: chat ctx=0..205:205 prefill chunk 118/205 (57.6%) chunk=22.67 t/s avg=22.10 t/s 5.340s
0824 01:26:58 ds4-server: chat ctx=0..205:205 prefill chunk 119/205 (58.0%) chunk=23.66 t/s avg=22.11 t/s 5.382s
0824 01:26:58 ds4-server: chat ctx=0..205:205 prefill chunk 120/205 (58.5%) chunk=23.32 t/s avg=22.12 t/s 5.425s
0824 01:26:58 ds4-server: chat ctx=0..205:205 prefill chunk 121/205 (59.0%) chunk=22.69 t/s avg=22.12 t/s 5.469s
0824 01:26:58 ds4-server: chat ctx=0..205:205 prefill chunk 122/205 (59.5%) chunk=23.43 t/s avg=22.13 t/s 5.512s
0824 01:26:58 ds4-server: chat ctx=0..205:205 prefill chunk 123/205 (60.0%) chunk=23.47 t/s avg=22.14 t/s 5.555s
0824 01:26:58 ds4-server: chat ctx=0..205:205 prefill chunk 124/205 (60.5%) chunk=22.43 t/s avg=22.15 t/s 5.599s
0824 01:26:58 ds4-server: chat ctx=0..205:205 prefill chunk 125/205 (61.0%) chunk=23.26 t/s avg=22.15 t/s 5.642s
0824 01:26:58 ds4-server: chat ctx=0..205:205 prefill chunk 126/205 (61.5%) chunk=23.54 t/s avg=22.17 t/s 5.685s
0824 01:26:58 ds4-server: chat ctx=0..205:205 prefill chunk 127/205 (62.0%) chunk=23.37 t/s avg=22.17 t/s 5.727s
0824 01:26:58 ds4-server: chat ctx=0..205:205 prefill chunk 128/205 (62.4%) chunk=22.30 t/s avg=22.18 t/s 5.772s
0824 01:26:58 ds4-server: chat ctx=0..205:205 prefill chunk 129/205 (62.9%) chunk=23.36 t/s avg=22.18 t/s 5.815s
0824 01:26:58 ds4-server: chat ctx=0..205:205 prefill chunk 130/205 (63.4%) chunk=23.31 t/s avg=22.19 t/s 5.858s
0824 01:26:58 ds4-server: chat ctx=0..205:205 prefill chunk 131/205 (63.9%) chunk=22.95 t/s avg=22.20 t/s 5.902s
0824 01:26:58 ds4-server: chat ctx=0..205:205 prefill chunk 132/205 (64.4%) chunk=23.58 t/s avg=22.21 t/s 5.944s
0824 01:26:58 ds4-server: chat ctx=0..205:205 prefill chunk 133/205 (64.9%) chunk=23.67 t/s avg=22.22 t/s 5.986s
0824 01:26:59 ds4-server: chat ctx=0..205:205 prefill chunk 134/205 (65.4%) chunk=22.83 t/s avg=22.22 t/s 6.030s
0824 01:26:59 ds4-server: chat ctx=0..205:205 prefill chunk 135/205 (65.9%) chunk=22.66 t/s avg=22.23 t/s 6.074s
0824 01:26:59 ds4-server: chat ctx=0..205:205 prefill chunk 136/205 (66.3%) chunk=23.37 t/s avg=22.23 t/s 6.117s
0824 01:26:59 ds4-server: chat ctx=0..205:205 prefill chunk 137/205 (66.8%) chunk=23.29 t/s avg=22.24 t/s 6.160s
0824 01:26:59 ds4-server: chat ctx=0..205:205 prefill chunk 138/205 (67.3%) chunk=22.61 t/s avg=22.24 t/s 6.204s
0824 01:26:59 ds4-server: chat ctx=0..205:205 prefill chunk 139/205 (67.8%) chunk=23.40 t/s avg=22.25 t/s 6.247s
0824 01:26:59 ds4-server: chat ctx=0..205:205 prefill chunk 140/205 (68.3%) chunk=23.66 t/s avg=22.26 t/s 6.289s
0824 01:26:59 ds4-server: chat ctx=0..205:205 prefill chunk 141/205 (68.8%) chunk=22.25 t/s avg=22.26 t/s 6.334s
0824 01:26:59 ds4-server: chat ctx=0..205:205 prefill chunk 142/205 (69.3%) chunk=23.19 t/s avg=22.27 t/s 6.377s
0824 01:26:59 ds4-server: chat ctx=0..205:205 prefill chunk 143/205 (69.8%) chunk=23.50 t/s avg=22.28 t/s 6.420s
0824 01:26:59 ds4-server: chat ctx=0..205:205 prefill chunk 144/205 (70.2%) chunk=23.00 t/s avg=22.28 t/s 6.463s
0824 01:26:59 ds4-server: chat ctx=0..205:205 prefill chunk 145/205 (70.7%) chunk=22.84 t/s avg=22.28 t/s 6.507s
0824 01:26:59 ds4-server: chat ctx=0..205:205 prefill chunk 146/205 (71.2%) chunk=23.40 t/s avg=22.29 t/s 6.550s
0824 01:26:59 ds4-server: chat ctx=0..205:205 prefill chunk 147/205 (71.7%) chunk=23.30 t/s avg=22.30 t/s 6.593s
0824 01:26:59 ds4-server: chat ctx=0..205:205 prefill chunk 148/205 (72.2%) chunk=22.46 t/s avg=22.30 t/s 6.637s
0824 01:26:59 ds4-server: chat ctx=0..205:205 prefill chunk 149/205 (72.7%) chunk=23.51 t/s avg=22.31 t/s 6.680s
0824 01:26:59 ds4-server: chat ctx=0..205:205 prefill chunk 150/205 (73.2%) chunk=23.38 t/s avg=22.31 t/s 6.722s
0824 01:26:59 ds4-server: chat ctx=0..205:205 prefill chunk 151/205 (73.7%) chunk=22.22 t/s avg=22.31 t/s 6.767s
0824 01:26:59 ds4-server: chat ctx=0..205:205 prefill chunk 152/205 (74.1%) chunk=23.22 t/s avg=22.32 t/s 6.810s
0824 01:26:59 ds4-server: chat ctx=0..205:205 prefill chunk 153/205 (74.6%) chunk=23.39 t/s avg=22.33 t/s 6.853s
0824 01:26:59 ds4-server: chat ctx=0..205:205 prefill chunk 154/205 (75.1%) chunk=22.88 t/s avg=22.33 t/s 6.897s
0824 01:26:59 ds4-server: chat ctx=0..205:205 prefill chunk 155/205 (75.6%) chunk=22.82 t/s avg=22.33 t/s 6.941s
0824 01:26:59 ds4-server: chat ctx=0..205:205 prefill chunk 156/205 (76.1%) chunk=23.43 t/s avg=22.34 t/s 6.983s
0824 01:27:00 ds4-server: chat ctx=0..205:205 prefill chunk 157/205 (76.6%) chunk=22.92 t/s avg=22.34 t/s 7.027s
0824 01:27:00 ds4-server: chat ctx=0..205:205 prefill chunk 158/205 (77.1%) chunk=22.37 t/s avg=22.34 t/s 7.072s
0824 01:27:00 ds4-server: chat ctx=0..205:205 prefill chunk 159/205 (77.6%) chunk=23.42 t/s avg=22.35 t/s 7.114s
0824 01:27:00 ds4-server: chat ctx=0..205:205 prefill chunk 160/205 (78.0%) chunk=23.24 t/s avg=22.35 t/s 7.157s
0824 01:27:00 ds4-server: chat ctx=0..205:205 prefill chunk 161/205 (78.5%) chunk=22.64 t/s avg=22.36 t/s 7.202s
0824 01:27:00 ds4-server: chat ctx=0..205:205 prefill chunk 162/205 (79.0%) chunk=23.36 t/s avg=22.36 t/s 7.244s
0824 01:27:00 ds4-server: chat ctx=0..205:205 prefill chunk 163/205 (79.5%) chunk=23.34 t/s avg=22.37 t/s 7.287s
0824 01:27:00 ds4-server: chat ctx=0..205:205 prefill chunk 164/205 (80.0%) chunk=22.66 t/s avg=22.37 t/s 7.331s
0824 01:27:00 ds4-server: chat ctx=0..205:205 prefill chunk 165/205 (80.5%) chunk=22.86 t/s avg=22.37 t/s 7.375s
0824 01:27:00 ds4-server: chat ctx=0..205:205 prefill chunk 166/205 (81.0%) chunk=23.28 t/s avg=22.38 t/s 7.418s
0824 01:27:00 ds4-server: chat ctx=0..205:205 prefill chunk 167/205 (81.5%) chunk=23.27 t/s avg=22.38 t/s 7.461s
0824 01:27:00 ds4-server: chat ctx=0..205:205 prefill chunk 168/205 (82.0%) chunk=22.26 t/s avg=22.38 t/s 7.506s
0824 01:27:00 ds4-server: chat ctx=0..205:205 prefill chunk 169/205 (82.4%) chunk=23.39 t/s avg=22.39 t/s 7.549s
0824 01:27:00 ds4-server: chat ctx=0..205:205 prefill chunk 170/205 (82.9%) chunk=23.05 t/s avg=22.39 t/s 7.592s
0824 01:27:00 ds4-server: chat ctx=0..205:205 prefill chunk 171/205 (83.4%) chunk=22.34 t/s avg=22.39 t/s 7.637s
0824 01:27:00 ds4-server: chat ctx=0..205:205 prefill chunk 172/205 (83.9%) chunk=23.42 t/s avg=22.40 t/s 7.680s
0824 01:27:00 ds4-server: chat ctx=0..205:205 prefill chunk 173/205 (84.4%) chunk=23.55 t/s avg=22.40 t/s 7.722s
0824 01:27:00 ds4-server: chat ctx=0..205:205 prefill chunk 174/205 (84.9%) chunk=22.39 t/s avg=22.40 t/s 7.767s
0824 01:27:00 ds4-server: chat ctx=0..205:205 prefill chunk 175/205 (85.4%) chunk=23.05 t/s avg=22.41 t/s 7.810s
0824 01:27:00 ds4-server: chat ctx=0..205:205 prefill chunk 176/205 (85.9%) chunk=23.36 t/s avg=22.41 t/s 7.853s
0824 01:27:00 ds4-server: chat ctx=0..205:205 prefill chunk 177/205 (86.3%) chunk=22.18 t/s avg=22.41 t/s 7.898s
0824 01:27:00 ds4-server: chat ctx=0..205:205 prefill chunk 178/205 (86.8%) chunk=23.01 t/s avg=22.41 t/s 7.941s
0824 01:27:00 ds4-server: chat ctx=0..205:205 prefill chunk 179/205 (87.3%) chunk=23.52 t/s avg=22.42 t/s 7.984s
0824 01:27:01 ds4-server: chat ctx=0..205:205 prefill chunk 180/205 (87.8%) chunk=23.23 t/s avg=22.42 t/s 8.027s
0824 01:27:01 ds4-server: chat ctx=0..205:205 prefill chunk 181/205 (88.3%) chunk=22.25 t/s avg=22.42 t/s 8.072s
0824 01:27:01 ds4-server: chat ctx=0..205:205 prefill chunk 182/205 (88.8%) chunk=23.54 t/s avg=22.43 t/s 8.114s
0824 01:27:01 ds4-server: chat ctx=0..205:205 prefill chunk 183/205 (89.3%) chunk=23.06 t/s avg=22.43 t/s 8.158s
0824 01:27:01 ds4-server: chat ctx=0..205:205 prefill chunk 184/205 (89.8%) chunk=22.32 t/s avg=22.43 t/s 8.203s
0824 01:27:01 ds4-server: chat ctx=0..205:205 prefill chunk 185/205 (90.2%) chunk=23.41 t/s avg=22.44 t/s 8.245s
0824 01:27:01 ds4-server: chat ctx=0..205:205 prefill chunk 186/205 (90.7%) chunk=23.49 t/s avg=22.44 t/s 8.288s
0824 01:27:01 ds4-server: chat ctx=0..205:205 prefill chunk 187/205 (91.2%) chunk=22.82 t/s avg=22.44 t/s 8.332s
0824 01:27:01 ds4-server: chat ctx=0..205:205 prefill chunk 188/205 (91.7%) chunk=22.51 t/s avg=22.44 t/s 8.376s
0824 01:27:01 ds4-server: chat ctx=0..205:205 prefill chunk 189/205 (92.2%) chunk=23.29 t/s avg=22.45 t/s 8.419s
0824 01:27:01 ds4-server: chat ctx=0..205:205 prefill chunk 190/205 (92.7%) chunk=22.78 t/s avg=22.45 t/s 8.463s
0824 01:27:01 ds4-server: chat ctx=0..205:205 prefill chunk 191/205 (93.2%) chunk=22.75 t/s avg=22.45 t/s 8.507s
0824 01:27:01 ds4-server: chat ctx=0..205:205 prefill chunk 192/205 (93.7%) chunk=23.31 t/s avg=22.46 t/s 8.550s
0824 01:27:01 ds4-server: chat ctx=0..205:205 prefill chunk 193/205 (94.1%) chunk=23.24 t/s avg=22.46 t/s 8.593s
0824 01:27:01 ds4-server: chat ctx=0..205:205 prefill chunk 194/205 (94.6%) chunk=22.35 t/s avg=22.46 t/s 8.638s
0824 01:27:01 ds4-server: chat ctx=0..205:205 prefill chunk 195/205 (95.1%) chunk=23.36 t/s avg=22.46 t/s 8.680s
0824 01:27:01 ds4-server: chat ctx=0..205:205 prefill chunk 196/205 (95.6%) chunk=23.29 t/s avg=22.47 t/s 8.723s
0824 01:27:01 ds4-server: chat ctx=0..205:205 prefill chunk 197/205 (96.1%) chunk=22.35 t/s avg=22.47 t/s 8.768s
0824 01:27:01 ds4-server: chat ctx=0..205:205 prefill chunk 198/205 (96.6%) chunk=22.99 t/s avg=22.47 t/s 8.812s
0824 01:27:01 ds4-server: chat ctx=0..205:205 prefill chunk 199/205 (97.1%) chunk=23.40 t/s avg=22.47 t/s 8.854s
0824 01:27:01 ds4-server: chat ctx=0..205:205 prefill chunk 200/205 (97.6%) chunk=22.21 t/s avg=22.47 t/s 8.899s
0824 01:27:01 ds4-server: chat ctx=0..205:205 prefill chunk 201/205 (98.0%) chunk=23.11 t/s avg=22.48 t/s 8.943s
0824 01:27:01 ds4-server: chat ctx=0..205:205 prefill chunk 202/205 (98.5%) chunk=23.43 t/s avg=22.48 t/s 8.985s
0824 01:27:02 ds4-server: chat ctx=0..205:205 prefill chunk 203/205 (99.0%) chunk=22.70 t/s avg=22.48 t/s 9.029s
0824 01:27:02 ds4-server: chat ctx=0..205:205 prefill chunk 204/205 (99.5%) chunk=22.59 t/s avg=22.48 t/s 9.074s
0824 01:27:02 ds4-server: chat ctx=0..205:205 prefill chunk 205/205 (100.0%) chunk=23.19 t/s avg=22.49 t/s 9.117s
0824 01:27:02 ds4-server: chat ctx=0..205:205 prompt done 9.117s
0824 01:27:04 ds4-server: chat ctx=205..255:50 gen=50 THINKING decoding chunk=22.83 t/s avg=22.83 t/s 2.190s
0824 01:27:06 ds4-server: chat ctx=255..305:50 gen=100 THINKING decoding chunk=22.67 t/s avg=22.75 t/s 4.395s
0824 01:27:08 ds4-server: chat ctx=305..355:50 gen=150 THINKING decoding chunk=22.50 t/s avg=22.67 t/s 6.617s
0824 01:27:10 ds4-server: chat ctx=355..405:50 gen=200 THINKING decoding chunk=22.40 t/s avg=22.60 t/s 8.849s
0824 01:27:13 ds4-server: chat ctx=405..455:50 gen=250 THINKING decoding chunk=22.24 t/s avg=22.53 t/s 11.098s
0824 01:27:15 ds4-server: chat ctx=455..505:50 gen=300 THINKING decoding chunk=22.07 t/s avg=22.45 t/s 13.364s
0824 01:27:17 ds4-server: chat ctx=505..555:50 gen=350 THINKING decoding chunk=21.92 t/s avg=22.37 t/s 15.645s
0824 01:27:20 ds4-server: chat ctx=555..605:50 gen=400 THINKING decoding chunk=21.76 t/s avg=22.29 t/s 17.942s
0824 01:27:22 ds4-server: chat ctx=605..655:50 gen=450 THINKING decoding chunk=21.63 t/s avg=22.22 t/s 20.253s
0824 01:27:24 ds4-server: chat ctx=655..705:50 gen=500 THINKING decoding chunk=21.52 t/s avg=22.15 t/s 22.577s
0824 01:27:27 ds4-server: chat ctx=705..755:50 gen=550 THINKING decoding chunk=21.36 t/s avg=22.07 t/s 24.918s
0824 01:27:29 ds4-server: chat ctx=755..805:50 gen=600 THINKING decoding chunk=21.25 t/s avg=22.00 t/s 27.271s
0824 01:27:31 ds4-server: chat ctx=805..855:50 gen=650 THINKING decoding chunk=21.13 t/s avg=21.93 t/s 29.638s
0824 01:27:34 ds4-server: chat ctx=855..905:50 gen=700 THINKING decoding chunk=21.00 t/s avg=21.86 t/s 32.018s
0824 01:27:36 ds4-server: chat ctx=905..955:50 gen=750 THINKING decoding chunk=20.84 t/s avg=21.79 t/s 34.418s
0824 01:27:38 ds4-server: chat ctx=955..1005:50 gen=800 THINKING decoding chunk=20.73 t/s avg=21.72 t/s 36.830s
0824 01:27:41 ds4-server: chat ctx=1005..1055:50 gen=850 THINKING decoding chunk=20.57 t/s avg=21.65 t/s 39.260s
0824 01:27:43 ds4-server: chat ctx=1055..1105:50 gen=900 THINKING decoding chunk=20.49 t/s avg=21.58 t/s 41.700s
0824 01:27:46 ds4-server: chat ctx=1105..1155:50 gen=950 THINKING decoding chunk=20.37 t/s avg=21.52 t/s 44.155s
0824 01:27:48 ds4-server: chat ctx=1155..1205:50 gen=1000 THINKING decoding chunk=20.29 t/s avg=21.45 t/s 46.620s
0824 01:27:51 ds4-server: chat ctx=1205..1255:50 gen=1050 THINKING decoding chunk=20.09 t/s avg=21.38 t/s 49.108s
0824 01:27:53 ds4-server: chat ctx=1255..1305:50 gen=1100 THINKING decoding chunk=19.96 t/s avg=21.31 t/s 51.614s
0824 01:27:56 ds4-server: chat ctx=1305..1355:50 gen=1150 THINKING decoding chunk=19.84 t/s avg=21.24 t/s 54.133s
0824 01:27:58 ds4-server: chat ctx=1355..1405:50 gen=1200 THINKING decoding chunk=19.74 t/s avg=21.18 t/s 56.667s
0824 01:28:01 ds4-server: chat ctx=1405..1455:50 gen=1250 THINKING decoding chunk=19.66 t/s avg=21.11 t/s 59.210s
0824 01:28:03 ds4-server: chat ctx=1455..1505:50 gen=1300 THINKING decoding chunk=19.55 t/s avg=21.05 t/s 61.769s
0824 01:28:06 ds4-server: chat ctx=1505..1555:50 gen=1350 THINKING decoding chunk=19.41 t/s avg=20.98 t/s 64.345s
0824 01:28:09 ds4-server: chat ctx=1555..1605:50 gen=1400 THINKING decoding chunk=19.31 t/s avg=20.92 t/s 66.934s
0824 01:28:11 ds4-server: chat ctx=1605..1655:50 gen=1450 THINKING decoding chunk=19.22 t/s avg=20.85 t/s 69.535s
0824 01:28:14 ds4-server: chat ctx=1655..1705:50 gen=1500 THINKING decoding chunk=19.07 t/s avg=20.79 t/s 72.157s
0824 01:28:16 ds4-server: chat ctx=1705..1755:50 gen=1550 THINKING decoding chunk=19.09 t/s avg=20.73 t/s 74.776s
0824 01:28:19 ds4-server: chat ctx=1755..1805:50 gen=1600 THINKING decoding chunk=18.96 t/s avg=20.67 t/s 77.413s
0824 01:28:22 ds4-server: chat ctx=1805..1855:50 gen=1650 THINKING decoding chunk=19.04 t/s avg=20.61 t/s 80.039s
0824 01:28:24 ds4-server: chat ctx=1855..1905:50 gen=1700 THINKING decoding chunk=18.73 t/s avg=20.55 t/s 82.709s
0824 01:28:27 ds4-server: chat ctx=1905..1955:50 gen=1750 THINKING decoding chunk=18.61 t/s avg=20.49 t/s 85.396s
0824 01:28:30 ds4-server: chat ctx=1955..2005:50 gen=1800 THINKING decoding chunk=18.55 t/s avg=20.43 t/s 88.091s
0824 01:28:32 ds4-server: chat ctx=2005..2055:50 gen=1850 THINKING decoding chunk=18.43 t/s avg=20.37 t/s 90.805s
0824 01:28:35 ds4-server: chat ctx=2055..2105:50 gen=1900 THINKING decoding chunk=18.31 t/s avg=20.31 t/s 93.535s
0824 01:28:38 ds4-server: chat ctx=2105..2155:50 gen=1950 THINKING decoding chunk=18.16 t/s avg=20.25 t/s 96.288s
0824 01:28:41 ds4-server: chat ctx=2155..2205:50 gen=2000 THINKING decoding chunk=18.11 t/s avg=20.19 t/s 99.049s
0824 01:28:43 ds4-server: chat ctx=2205..2255:50 gen=2050 THINKING decoding chunk=18.00 t/s avg=20.13 t/s 101.827s
0824 01:28:46 ds4-server: chat ctx=2255..2305:50 gen=2100 THINKING decoding chunk=17.98 t/s avg=20.07 t/s 104.608s
0824 01:28:49 ds4-server: chat ctx=2305..2355:50 gen=2150 THINKING decoding chunk=17.88 t/s avg=20.02 t/s 107.404s
0824 01:28:52 ds4-server: chat ctx=2355..2405:50 gen=2200 THINKING decoding chunk=17.77 t/s avg=19.96 t/s 110.217s
0824 01:28:55 ds4-server: chat ctx=2405..2455:50 gen=2250 THINKING decoding chunk=17.68 t/s avg=19.90 t/s 113.045s
0824 01:28:58 ds4-server: chat ctx=2455..2505:50 gen=2300 THINKING decoding chunk=17.59 t/s avg=19.85 t/s 115.887s
0824 01:29:00 ds4-server: chat ctx=2505..2555:50 gen=2350 THINKING decoding chunk=17.53 t/s avg=19.79 t/s 118.739s
0824 01:29:03 ds4-server: chat ctx=2555..2605:50 gen=2400 THINKING decoding chunk=17.40 t/s avg=19.73 t/s 121.613s
0824 01:29:06 ds4-server: chat ctx=2605..2655:50 gen=2450 THINKING decoding chunk=17.30 t/s avg=19.68 t/s 124.503s
0824 01:29:09 ds4-server: chat ctx=2655..2705:50 gen=2500 THINKING decoding chunk=17.21 t/s avg=19.62 t/s 127.408s
0824 01:29:12 ds4-server: chat ctx=2705..2755:50 gen=2550 THINKING decoding chunk=17.13 t/s avg=19.57 t/s 130.327s
0824 01:29:15 ds4-server: chat ctx=2755..2805:50 gen=2600 THINKING decoding chunk=17.05 t/s avg=19.51 t/s 133.260s
0824 01:29:18 ds4-server: chat ctx=2805..2855:50 gen=2650 THINKING decoding chunk=16.94 t/s avg=19.46 t/s 136.211s
0824 01:29:21 ds4-server: chat ctx=2855..2905:50 gen=2700 THINKING decoding chunk=16.86 t/s avg=19.40 t/s 139.177s
0824 01:29:24 ds4-server: chat ctx=2905..2955:50 gen=2750 THINKING decoding chunk=16.78 t/s avg=19.34 t/s 142.157s
0824 01:29:27 ds4-server: chat ctx=2955..3005:50 gen=2800 THINKING decoding chunk=16.67 t/s avg=19.29 t/s 145.156s
0824 01:29:30 ds4-server: chat ctx=3005..3055:50 gen=2850 THINKING decoding chunk=16.62 t/s avg=19.24 t/s 148.165s
0824 01:29:33 ds4-server: chat ctx=3055..3105:50 gen=2900 THINKING decoding chunk=16.48 t/s avg=19.18 t/s 151.199s
0824 01:29:36 ds4-server: chat ctx=3105..3155:50 gen=2950 THINKING decoding chunk=16.38 t/s avg=19.12 t/s 154.251s
0824 01:29:39 ds4-server: chat ctx=3155..3205:50 gen=3000 THINKING decoding chunk=16.37 t/s avg=19.07 t/s 157.306s
0824 01:29:42 ds4-server: chat ctx=3205..3255:50 gen=3050 THINKING decoding chunk=16.35 t/s avg=19.02 t/s 160.363s
0824 01:29:45 ds4-server: chat ctx=3255..3305:50 gen=3100 THINKING decoding chunk=16.34 t/s avg=18.97 t/s 163.424s
0824 01:29:48 ds4-server: chat ctx=3305..3355:50 gen=3150 THINKING decoding chunk=16.26 t/s avg=18.92 t/s 166.500s
0824 01:29:51 ds4-server: chat ctx=3355..3405:50 gen=3200 THINKING decoding chunk=16.15 t/s avg=18.87 t/s 169.597s
0824 01:29:54 ds4-server: chat ctx=3405..3455:50 gen=3250 THINKING decoding chunk=16.06 t/s avg=18.82 t/s 172.709s
0824 01:29:57 ds4-server: chat ctx=3455..3505:50 gen=3300 THINKING decoding chunk=16.00 t/s avg=18.77 t/s 175.834s
0824 01:30:01 ds4-server: chat ctx=3505..3555:50 gen=3350 THINKING decoding chunk=15.86 t/s avg=18.72 t/s 178.986s
0824 01:30:04 ds4-server: chat ctx=3555..3605:50 gen=3400 THINKING decoding chunk=15.78 t/s avg=18.67 t/s 182.155s
0824 01:30:07 ds4-server: chat ctx=3605..3655:50 gen=3450 THINKING decoding chunk=15.73 t/s avg=18.62 t/s 185.333s
0824 01:30:10 ds4-server: chat ctx=3655..3705:50 gen=3500 THINKING decoding chunk=15.68 t/s avg=18.57 t/s 188.521s
0824 01:30:13 ds4-server: chat ctx=3705..3755:50 gen=3550 THINKING decoding chunk=15.60 t/s avg=18.52 t/s 191.727s
0824 01:30:17 ds4-server: chat ctx=3755..3805:50 gen=3600 THINKING decoding chunk=15.55 t/s avg=18.47 t/s 194.943s
0824 01:30:20 ds4-server: chat ctx=3805..3855:50 gen=3650 THINKING decoding chunk=15.45 t/s avg=18.42 t/s 198.178s
0824 01:30:23 ds4-server: chat ctx=3855..3905:50 gen=3700 decoding chunk=15.38 t/s avg=18.37 t/s 201.429s
0824 01:30:26 ds4-server: chat ctx=3905..3955:50 gen=3750 decoding chunk=15.31 t/s avg=18.32 t/s 204.694s
0824 01:30:29 ds4-server: chat ctx=3955..4002:47 gen=3797 decoding chunk=15.24 t/s avg=18.27 t/s 207.779s
0824 01:30:29 ds4-server: thinking live checkpoint remembered ctx=0..205:205 live=4002 visible=1082
0824 01:30:29 ds4-server: chat ctx=0..205:205 gen=3797 finish=stop 216.896s
0824 01:30:32 ds4-server: live kv cache miss live=4002 prompt=162 common=35 reason=token-mismatch
0824 01:30:32 ds4-server: chat ctx=0..162:162 prompt start
0824 01:30:32 ds4-server: chat ctx=0..162:162 prefill chunk 1/162 (0.6%) chunk=0.00 t/s avg=2.79 t/s 0.359s
0824 01:30:32 ds4-server: chat ctx=0..162:162 prefill chunk 2/162 (1.2%) chunk=23.50 t/s avg=4.99 t/s 0.401s
0824 01:30:32 ds4-server: chat ctx=0..162:162 prefill chunk 3/162 (1.9%) chunk=22.90 t/s avg=6.74 t/s 0.445s
0824 01:30:32 ds4-server: chat ctx=0..162:162 prefill chunk 4/162 (2.5%) chunk=23.78 t/s avg=8.22 t/s 0.487s
0824 01:30:32 ds4-server: chat ctx=0..162:162 prefill chunk 5/162 (3.1%) chunk=23.74 t/s avg=9.45 t/s 0.529s
0824 01:30:32 ds4-server: chat ctx=0..162:162 prefill chunk 6/162 (3.7%) chunk=22.88 t/s avg=10.48 t/s 0.573s
0824 01:30:32 ds4-server: chat ctx=0..162:162 prefill chunk 7/162 (4.3%) chunk=23.69 t/s avg=11.38 t/s 0.615s
0824 01:30:33 ds4-server: chat ctx=0..162:162 prefill chunk 8/162 (4.9%) chunk=23.85 t/s avg=12.18 t/s 0.657s
0824 01:30:33 ds4-server: chat ctx=0..162:162 prefill chunk 9/162 (5.6%) chunk=23.68 t/s avg=12.87 t/s 0.699s
0824 01:30:33 ds4-server: chat ctx=0..162:162 prefill chunk 10/162 (6.2%) chunk=23.07 t/s avg=13.47 t/s 0.742s
0824 01:30:33 ds4-server: chat ctx=0..162:162 prefill chunk 11/162 (6.8%) chunk=23.77 t/s avg=14.02 t/s 0.784s
0824 01:30:33 ds4-server: chat ctx=0..162:162 prefill chunk 12/162 (7.4%) chunk=23.87 t/s avg=14.52 t/s 0.826s
0824 01:30:33 ds4-server: chat ctx=0..162:162 prefill chunk 13/162 (8.0%) chunk=23.09 t/s avg=14.95 t/s 0.870s
0824 01:30:33 ds4-server: chat ctx=0..162:162 prefill chunk 14/162 (8.6%) chunk=22.81 t/s avg=15.33 t/s 0.914s
0824 01:30:33 ds4-server: chat ctx=0..162:162 prefill chunk 15/162 (9.3%) chunk=23.74 t/s avg=15.70 t/s 0.956s
0824 01:30:33 ds4-server: chat ctx=0..162:162 prefill chunk 16/162 (9.9%) chunk=23.60 t/s avg=16.03 t/s 0.998s
0824 01:30:33 ds4-server: chat ctx=0..162:162 prefill chunk 17/162 (10.5%) chunk=23.09 t/s avg=16.33 t/s 1.041s
0824 01:30:33 ds4-server: chat ctx=0..162:162 prefill chunk 18/162 (11.1%) chunk=23.65 t/s avg=16.61 t/s 1.084s
0824 01:30:33 ds4-server: chat ctx=0..162:162 prefill chunk 19/162 (11.7%) chunk=23.87 t/s avg=16.88 t/s 1.125s
0824 01:30:33 ds4-server: chat ctx=0..162:162 prefill chunk 20/162 (12.3%) chunk=23.56 t/s avg=17.12 t/s 1.168s
0824 01:30:33 ds4-server: chat ctx=0..162:162 prefill chunk 21/162 (13.0%) chunk=22.84 t/s avg=17.33 t/s 1.212s
0824 01:30:33 ds4-server: chat ctx=0..162:162 prefill chunk 22/162 (13.6%) chunk=23.70 t/s avg=17.55 t/s 1.254s
0824 01:30:33 ds4-server: chat ctx=0..162:162 prefill chunk 23/162 (14.2%) chunk=23.80 t/s avg=17.75 t/s 1.296s
0824 01:30:33 ds4-server: chat ctx=0..162:162 prefill chunk 24/162 (14.8%) chunk=22.80 t/s avg=17.91 t/s 1.340s
0824 01:30:33 ds4-server: chat ctx=0..162:162 prefill chunk 25/162 (15.4%) chunk=23.41 t/s avg=18.08 t/s 1.383s
0824 01:30:33 ds4-server: chat ctx=0..162:162 prefill chunk 26/162 (16.0%) chunk=23.83 t/s avg=18.25 t/s 1.424s
0824 01:30:33 ds4-server: chat ctx=0..162:162 prefill chunk 27/162 (16.7%) chunk=23.61 t/s avg=18.41 t/s 1.467s
0824 01:30:33 ds4-server: chat ctx=0..162:162 prefill chunk 28/162 (17.3%) chunk=22.53 t/s avg=18.53 t/s 1.511s
0824 01:30:33 ds4-server: chat ctx=0..162:162 prefill chunk 29/162 (17.9%) chunk=23.82 t/s avg=18.67 t/s 1.553s
0824 01:30:33 ds4-server: chat ctx=0..162:162 prefill chunk 30/162 (18.5%) chunk=23.73 t/s avg=18.80 t/s 1.595s
0824 01:30:33 ds4-server: chat ctx=0..162:162 prefill chunk 31/162 (19.1%) chunk=22.55 t/s avg=18.91 t/s 1.640s
0824 01:30:34 ds4-server: chat ctx=0..162:162 prefill chunk 32/162 (19.8%) chunk=23.65 t/s avg=19.03 t/s 1.682s
0824 01:30:34 ds4-server: chat ctx=0..162:162 prefill chunk 33/162 (20.4%) chunk=23.74 t/s avg=19.14 t/s 1.724s
0824 01:30:34 ds4-server: chat ctx=0..162:162 prefill chunk 34/162 (21.0%) chunk=23.40 t/s avg=19.24 t/s 1.767s
0824 01:30:34 ds4-server: chat ctx=0..162:162 prefill chunk 35/162 (21.6%) chunk=22.45 t/s avg=19.32 t/s 1.811s
0824 01:30:34 ds4-server: chat ctx=0..162:162 prefill chunk 36/162 (22.2%) chunk=23.56 t/s avg=19.42 t/s 1.854s
0824 01:30:34 ds4-server: chat ctx=0..162:162 prefill chunk 37/162 (22.8%) chunk=23.70 t/s avg=19.51 t/s 1.896s
0824 01:30:34 ds4-server: chat ctx=0..162:162 prefill chunk 38/162 (23.5%) chunk=22.54 t/s avg=19.58 t/s 1.940s
0824 01:30:34 ds4-server: chat ctx=0..162:162 prefill chunk 39/162 (24.1%) chunk=23.45 t/s avg=19.67 t/s 1.983s
0824 01:30:34 ds4-server: chat ctx=0..162:162 prefill chunk 40/162 (24.7%) chunk=23.82 t/s avg=19.75 t/s 2.025s
0824 01:30:34 ds4-server: chat ctx=0..162:162 prefill chunk 41/162 (25.3%) chunk=23.54 t/s avg=19.83 t/s 2.067s
0824 01:30:34 ds4-server: chat ctx=0..162:162 prefill chunk 42/162 (25.9%) chunk=22.45 t/s avg=19.89 t/s 2.112s
0824 01:30:34 ds4-server: chat ctx=0..162:162 prefill chunk 43/162 (26.5%) chunk=23.70 t/s avg=19.96 t/s 2.154s
0824 01:30:34 ds4-server: chat ctx=0..162:162 prefill chunk 44/162 (27.2%) chunk=23.34 t/s avg=20.03 t/s 2.197s
0824 01:30:34 ds4-server: chat ctx=0..162:162 prefill chunk 45/162 (27.8%) chunk=22.87 t/s avg=20.08 t/s 2.241s
0824 01:30:34 ds4-server: chat ctx=0..162:162 prefill chunk 46/162 (28.4%) chunk=23.63 t/s avg=20.15 t/s 2.283s
0824 01:30:34 ds4-server: chat ctx=0..162:162 prefill chunk 47/162 (29.0%) chunk=23.69 t/s avg=20.21 t/s 2.325s
0824 01:30:34 ds4-server: chat ctx=0..162:162 prefill chunk 48/162 (29.6%) chunk=23.41 t/s avg=20.27 t/s 2.368s
0824 01:30:34 ds4-server: chat ctx=0..162:162 prefill chunk 49/162 (30.2%) chunk=22.58 t/s avg=20.31 t/s 2.412s
0824 01:30:34 ds4-server: chat ctx=0..162:162 prefill chunk 50/162 (30.9%) chunk=23.81 t/s avg=20.37 t/s 2.454s
0824 01:30:34 ds4-server: chat ctx=0..162:162 prefill chunk 51/162 (31.5%) chunk=23.42 t/s avg=20.42 t/s 2.497s
0824 01:30:34 ds4-server: chat ctx=0..162:162 prefill chunk 52/162 (32.1%) chunk=22.87 t/s avg=20.47 t/s 2.541s
0824 01:30:34 ds4-server: chat ctx=0..162:162 prefill chunk 53/162 (32.7%) chunk=23.32 t/s avg=20.51 t/s 2.584s
0824 01:30:34 ds4-server: chat ctx=0..162:162 prefill chunk 54/162 (33.3%) chunk=23.74 t/s avg=20.57 t/s 2.626s
0824 01:30:35 ds4-server: chat ctx=0..162:162 prefill chunk 55/162 (34.0%) chunk=23.60 t/s avg=20.61 t/s 2.668s
0824 01:30:35 ds4-server: chat ctx=0..162:162 prefill chunk 56/162 (34.6%) chunk=22.64 t/s avg=20.65 t/s 2.712s
0824 01:30:35 ds4-server: chat ctx=0..162:162 prefill chunk 57/162 (35.2%) chunk=23.56 t/s avg=20.69 t/s 2.755s
0824 01:30:35 ds4-server: chat ctx=0..162:162 prefill chunk 58/162 (35.8%) chunk=23.24 t/s avg=20.73 t/s 2.798s
0824 01:30:35 ds4-server: chat ctx=0..162:162 prefill chunk 59/162 (36.4%) chunk=22.68 t/s avg=20.76 t/s 2.842s
0824 01:30:35 ds4-server: chat ctx=0..162:162 prefill chunk 60/162 (37.0%) chunk=23.64 t/s avg=20.80 t/s 2.884s
0824 01:30:35 ds4-server: chat ctx=0..162:162 prefill chunk 61/162 (37.7%) chunk=23.74 t/s avg=20.85 t/s 2.926s
0824 01:30:35 ds4-server: chat ctx=0..162:162 prefill chunk 62/162 (38.3%) chunk=23.02 t/s avg=20.88 t/s 2.970s
0824 01:30:35 ds4-server: chat ctx=0..162:162 prefill chunk 63/162 (38.9%) chunk=23.02 t/s avg=20.91 t/s 3.013s
0824 01:30:35 ds4-server: chat ctx=0..162:162 prefill chunk 64/162 (39.5%) chunk=23.50 t/s avg=20.94 t/s 3.056s
0824 01:30:35 ds4-server: chat ctx=0..162:162 prefill chunk 65/162 (40.1%) chunk=23.32 t/s avg=20.98 t/s 3.099s
0824 01:30:35 ds4-server: chat ctx=0..162:162 prefill chunk 66/162 (40.7%) chunk=22.89 t/s avg=21.00 t/s 3.142s
0824 01:30:35 ds4-server: chat ctx=0..162:162 prefill chunk 67/162 (41.4%) chunk=23.62 t/s avg=21.04 t/s 3.185s
0824 01:30:35 ds4-server: chat ctx=0..162:162 prefill chunk 68/162 (42.0%) chunk=23.55 t/s avg=21.07 t/s 3.227s
0824 01:30:35 ds4-server: chat ctx=0..162:162 prefill chunk 69/162 (42.6%) chunk=23.06 t/s avg=21.10 t/s 3.270s
0824 01:30:35 ds4-server: chat ctx=0..162:162 prefill chunk 70/162 (43.2%) chunk=23.06 t/s avg=21.12 t/s 3.314s
0824 01:30:35 ds4-server: chat ctx=0..162:162 prefill chunk 71/162 (43.8%) chunk=23.82 t/s avg=21.16 t/s 3.356s
0824 01:30:35 ds4-server: chat ctx=0..162:162 prefill chunk 72/162 (44.4%) chunk=23.46 t/s avg=21.19 t/s 3.398s
0824 01:30:35 ds4-server: chat ctx=0..162:162 prefill chunk 73/162 (45.1%) chunk=22.73 t/s avg=21.21 t/s 3.442s
0824 01:30:35 ds4-server: chat ctx=0..162:162 prefill chunk 74/162 (45.7%) chunk=23.73 t/s avg=21.24 t/s 3.485s
0824 01:30:35 ds4-server: chat ctx=0..162:162 prefill chunk 75/162 (46.3%) chunk=23.79 t/s avg=21.27 t/s 3.527s
0824 01:30:35 ds4-server: chat ctx=0..162:162 prefill chunk 76/162 (46.9%) chunk=22.58 t/s avg=21.28 t/s 3.571s
0824 01:30:35 ds4-server: chat ctx=0..162:162 prefill chunk 77/162 (47.5%) chunk=23.68 t/s avg=21.31 t/s 3.613s
0824 01:30:36 ds4-server: chat ctx=0..162:162 prefill chunk 78/162 (48.1%) chunk=23.79 t/s avg=21.34 t/s 3.655s
0824 01:30:36 ds4-server: chat ctx=0..162:162 prefill chunk 79/162 (48.8%) chunk=23.26 t/s avg=21.36 t/s 3.698s
0824 01:30:36 ds4-server: chat ctx=0..162:162 prefill chunk 80/162 (49.4%) chunk=22.98 t/s avg=21.38 t/s 3.742s
0824 01:30:36 ds4-server: chat ctx=0..162:162 prefill chunk 81/162 (50.0%) chunk=23.51 t/s avg=21.41 t/s 3.784s
0824 01:30:36 ds4-server: chat ctx=0..162:162 prefill chunk 82/162 (50.6%) chunk=23.55 t/s avg=21.43 t/s 3.827s
0824 01:30:36 ds4-server: chat ctx=0..162:162 prefill chunk 83/162 (51.2%) chunk=23.18 t/s avg=21.45 t/s 3.870s
0824 01:30:36 ds4-server: chat ctx=0..162:162 prefill chunk 84/162 (51.9%) chunk=22.72 t/s avg=21.46 t/s 3.914s
0824 01:30:36 ds4-server: chat ctx=0..162:162 prefill chunk 85/162 (52.5%) chunk=23.64 t/s avg=21.49 t/s 3.956s
0824 01:30:36 ds4-server: chat ctx=0..162:162 prefill chunk 86/162 (53.1%) chunk=23.53 t/s avg=21.51 t/s 3.999s
0824 01:30:36 ds4-server: chat ctx=0..162:162 prefill chunk 87/162 (53.7%) chunk=22.69 t/s avg=21.52 t/s 4.043s
0824 01:30:36 ds4-server: chat ctx=0..162:162 prefill chunk 88/162 (54.3%) chunk=23.29 t/s avg=21.54 t/s 4.086s
0824 01:30:36 ds4-server: chat ctx=0..162:162 prefill chunk 89/162 (54.9%) chunk=23.65 t/s avg=21.56 t/s 4.128s
0824 01:30:36 ds4-server: chat ctx=0..162:162 prefill chunk 90/162 (55.6%) chunk=22.62 t/s avg=21.57 t/s 4.172s
0824 01:30:36 ds4-server: chat ctx=0..162:162 prefill chunk 91/162 (56.2%) chunk=23.31 t/s avg=21.59 t/s 4.215s
0824 01:30:36 ds4-server: chat ctx=0..162:162 prefill chunk 92/162 (56.8%) chunk=23.53 t/s avg=21.61 t/s 4.257s
0824 01:30:36 ds4-server: chat ctx=0..162:162 prefill chunk 93/162 (57.4%) chunk=23.58 t/s avg=21.63 t/s 4.300s
0824 01:30:36 ds4-server: chat ctx=0..162:162 prefill chunk 94/162 (58.0%) chunk=22.36 t/s avg=21.64 t/s 4.345s
0824 01:30:36 ds4-server: chat ctx=0..162:162 prefill chunk 95/162 (58.6%) chunk=23.77 t/s avg=21.66 t/s 4.387s
0824 01:30:36 ds4-server: chat ctx=0..162:162 prefill chunk 96/162 (59.3%) chunk=23.68 t/s avg=21.68 t/s 4.429s
0824 01:30:36 ds4-server: chat ctx=0..162:162 prefill chunk 97/162 (59.9%) chunk=22.63 t/s avg=21.69 t/s 4.473s
0824 01:30:36 ds4-server: chat ctx=0..162:162 prefill chunk 98/162 (60.5%) chunk=23.47 t/s avg=21.70 t/s 4.516s
0824 01:30:36 ds4-server: chat ctx=0..162:162 prefill chunk 99/162 (61.1%) chunk=23.67 t/s avg=21.72 t/s 4.558s
0824 01:30:36 ds4-server: chat ctx=0..162:162 prefill chunk 100/162 (61.7%) chunk=23.46 t/s avg=21.74 t/s 4.601s
0824 01:30:37 ds4-server: chat ctx=0..162:162 prefill chunk 101/162 (62.3%) chunk=22.49 t/s avg=21.74 t/s 4.645s
0824 01:30:37 ds4-server: chat ctx=0..162:162 prefill chunk 102/162 (63.0%) chunk=23.65 t/s avg=21.76 t/s 4.687s
0824 01:30:37 ds4-server: chat ctx=0..162:162 prefill chunk 103/162 (63.6%) chunk=23.70 t/s avg=21.78 t/s 4.730s
0824 01:30:37 ds4-server: chat ctx=0..162:162 prefill chunk 104/162 (64.2%) chunk=22.70 t/s avg=21.79 t/s 4.774s
0824 01:30:37 ds4-server: chat ctx=0..162:162 prefill chunk 105/162 (64.8%) chunk=23.37 t/s avg=21.80 t/s 4.816s
0824 01:30:37 ds4-server: chat ctx=0..162:162 prefill chunk 106/162 (65.4%) chunk=23.72 t/s avg=21.82 t/s 4.859s
0824 01:30:37 ds4-server: chat ctx=0..162:162 prefill chunk 107/162 (66.0%) chunk=23.42 t/s avg=21.83 t/s 4.901s
0824 01:30:37 ds4-server: chat ctx=0..162:162 prefill chunk 108/162 (66.7%) chunk=22.61 t/s avg=21.84 t/s 4.945s
0824 01:30:37 ds4-server: chat ctx=0..162:162 prefill chunk 109/162 (67.3%) chunk=23.62 t/s avg=21.85 t/s 4.988s
0824 01:30:37 ds4-server: chat ctx=0..162:162 prefill chunk 110/162 (67.9%) chunk=23.21 t/s avg=21.87 t/s 5.031s
0824 01:30:37 ds4-server: chat ctx=0..162:162 prefill chunk 111/162 (68.5%) chunk=22.54 t/s avg=21.87 t/s 5.075s
0824 01:30:37 ds4-server: chat ctx=0..162:162 prefill chunk 112/162 (69.1%) chunk=23.37 t/s avg=21.88 t/s 5.118s
0824 01:30:37 ds4-server: chat ctx=0..162:162 prefill chunk 113/162 (69.8%) chunk=23.48 t/s avg=21.90 t/s 5.161s
0824 01:30:37 ds4-server: chat ctx=0..162:162 prefill chunk 114/162 (70.4%) chunk=22.47 t/s avg=21.90 t/s 5.205s
0824 01:30:37 ds4-server: chat ctx=0..162:162 prefill chunk 115/162 (71.0%) chunk=23.46 t/s avg=21.91 t/s 5.248s
0824 01:30:37 ds4-server: chat ctx=0..162:162 prefill chunk 116/162 (71.6%) chunk=23.74 t/s avg=21.93 t/s 5.290s
0824 01:30:37 ds4-server: chat ctx=0..162:162 prefill chunk 117/162 (72.2%) chunk=23.46 t/s avg=21.94 t/s 5.332s
0824 01:30:37 ds4-server: chat ctx=0..162:162 prefill chunk 118/162 (72.8%) chunk=22.31 t/s avg=21.94 t/s 5.377s
0824 01:30:37 ds4-server: chat ctx=0..162:162 prefill chunk 119/162 (73.5%) chunk=23.44 t/s avg=21.96 t/s 5.420s
0824 01:30:37 ds4-server: chat ctx=0..162:162 prefill chunk 120/162 (74.1%) chunk=23.68 t/s avg=21.97 t/s 5.462s
0824 01:30:37 ds4-server: chat ctx=0..162:162 prefill chunk 121/162 (74.7%) chunk=22.58 t/s avg=21.97 t/s 5.506s
0824 01:30:37 ds4-server: chat ctx=0..162:162 prefill chunk 122/162 (75.3%) chunk=23.18 t/s avg=21.98 t/s 5.550s
0824 01:30:37 ds4-server: chat ctx=0..162:162 prefill chunk 123/162 (75.9%) chunk=23.56 t/s avg=22.00 t/s 5.592s
0824 01:30:37 ds4-server: chat ctx=0..162:162 prefill chunk 124/162 (76.5%) chunk=23.35 t/s avg=22.01 t/s 5.635s
0824 01:30:38 ds4-server: chat ctx=0..162:162 prefill chunk 125/162 (77.2%) chunk=22.54 t/s avg=22.01 t/s 5.679s
0824 01:30:38 ds4-server: chat ctx=0..162:162 prefill chunk 126/162 (77.8%) chunk=23.72 t/s avg=22.02 t/s 5.721s
0824 01:30:38 ds4-server: chat ctx=0..162:162 prefill chunk 127/162 (78.4%) chunk=23.33 t/s avg=22.03 t/s 5.764s
0824 01:30:38 ds4-server: chat ctx=0..162:162 prefill chunk 128/162 (79.0%) chunk=22.80 t/s avg=22.04 t/s 5.808s
0824 01:30:38 ds4-server: chat ctx=0..162:162 prefill chunk 129/162 (79.6%) chunk=23.17 t/s avg=22.05 t/s 5.851s
0824 01:30:38 ds4-server: chat ctx=0..162:162 prefill chunk 130/162 (80.2%) chunk=23.43 t/s avg=22.06 t/s 5.894s
0824 01:30:38 ds4-server: chat ctx=0..162:162 prefill chunk 131/162 (80.9%) chunk=22.65 t/s avg=22.06 t/s 5.938s
0824 01:30:38 ds4-server: chat ctx=0..162:162 prefill chunk 132/162 (81.5%) chunk=23.29 t/s avg=22.07 t/s 5.981s
0824 01:30:38 ds4-server: chat ctx=0..162:162 prefill chunk 133/162 (82.1%) chunk=23.57 t/s avg=22.08 t/s 6.023s
0824 01:30:38 ds4-server: chat ctx=0..162:162 prefill chunk 134/162 (82.7%) chunk=23.38 t/s avg=22.09 t/s 6.066s
0824 01:30:38 ds4-server: chat ctx=0..162:162 prefill chunk 135/162 (83.3%) chunk=22.38 t/s avg=22.09 t/s 6.111s
0824 01:30:38 ds4-server: chat ctx=0..162:162 prefill chunk 136/162 (84.0%) chunk=23.56 t/s avg=22.10 t/s 6.153s
0824 01:30:38 ds4-server: chat ctx=0..162:162 prefill chunk 137/162 (84.6%) chunk=23.37 t/s avg=22.11 t/s 6.196s
0824 01:30:38 ds4-server: chat ctx=0..162:162 prefill chunk 138/162 (85.2%) chunk=22.54 t/s avg=22.11 t/s 6.241s
0824 01:30:38 ds4-server: chat ctx=0..162:162 prefill chunk 139/162 (85.8%) chunk=23.23 t/s avg=22.12 t/s 6.284s
0824 01:30:38 ds4-server: chat ctx=0..162:162 prefill chunk 140/162 (86.4%) chunk=23.37 t/s avg=22.13 t/s 6.326s
0824 01:30:38 ds4-server: chat ctx=0..162:162 prefill chunk 141/162 (87.0%) chunk=22.98 t/s avg=22.14 t/s 6.370s
0824 01:30:38 ds4-server: chat ctx=0..162:162 prefill chunk 142/162 (87.7%) chunk=22.80 t/s avg=22.14 t/s 6.414s
0824 01:30:38 ds4-server: chat ctx=0..162:162 prefill chunk 143/162 (88.3%) chunk=23.66 t/s avg=22.15 t/s 6.456s
0824 01:30:38 ds4-server: chat ctx=0..162:162 prefill chunk 144/162 (88.9%) chunk=23.24 t/s avg=22.16 t/s 6.499s
0824 01:30:38 ds4-server: chat ctx=0..162:162 prefill chunk 145/162 (89.5%) chunk=22.54 t/s avg=22.16 t/s 6.543s
0824 01:30:38 ds4-server: chat ctx=0..162:162 prefill chunk 146/162 (90.1%) chunk=23.63 t/s avg=22.17 t/s 6.586s
0824 01:30:38 ds4-server: chat ctx=0..162:162 prefill chunk 147/162 (90.7%) chunk=23.58 t/s avg=22.18 t/s 6.628s
0824 01:30:39 ds4-server: chat ctx=0..162:162 prefill chunk 148/162 (91.4%) chunk=22.45 t/s avg=22.18 t/s 6.673s
0824 01:30:39 ds4-server: chat ctx=0..162:162 prefill chunk 149/162 (92.0%) chunk=23.36 t/s avg=22.19 t/s 6.715s
0824 01:30:39 ds4-server: chat ctx=0..162:162 prefill chunk 150/162 (92.6%) chunk=23.63 t/s avg=22.20 t/s 6.758s
0824 01:30:39 ds4-server: chat ctx=0..162:162 prefill chunk 151/162 (93.2%) chunk=23.30 t/s avg=22.20 t/s 6.801s
0824 01:30:39 ds4-server: chat ctx=0..162:162 prefill chunk 152/162 (93.8%) chunk=22.51 t/s avg=22.21 t/s 6.845s
0824 01:30:39 ds4-server: chat ctx=0..162:162 prefill chunk 153/162 (94.4%) chunk=23.62 t/s avg=22.21 t/s 6.887s
0824 01:30:39 ds4-server: chat ctx=0..162:162 prefill chunk 154/162 (95.1%) chunk=23.05 t/s avg=22.22 t/s 6.931s
0824 01:30:39 ds4-server: chat ctx=0..162:162 prefill chunk 155/162 (95.7%) chunk=22.81 t/s avg=22.22 t/s 6.975s
0824 01:30:39 ds4-server: chat ctx=0..162:162 prefill chunk 156/162 (96.3%) chunk=23.36 t/s avg=22.23 t/s 7.018s
0824 01:30:39 ds4-server: chat ctx=0..162:162 prefill chunk 157/162 (96.9%) chunk=23.46 t/s avg=22.24 t/s 7.060s
0824 01:30:39 ds4-server: chat ctx=0..162:162 prefill chunk 158/162 (97.5%) chunk=22.15 t/s avg=22.24 t/s 7.105s
0824 01:30:39 ds4-server: chat ctx=0..162:162 prefill chunk 159/162 (98.1%) chunk=23.31 t/s avg=22.24 t/s 7.148s
0824 01:30:39 ds4-server: chat ctx=0..162:162 prefill chunk 160/162 (98.8%) chunk=23.65 t/s avg=22.25 t/s 7.190s
0824 01:30:39 ds4-server: chat ctx=0..162:162 prefill chunk 161/162 (99.4%) chunk=23.25 t/s avg=22.26 t/s 7.234s
0824 01:30:39 ds4-server: chat ctx=0..162:162 prefill chunk 162/162 (100.0%) chunk=22.33 t/s avg=22.26 t/s 7.278s
0824 01:30:39 ds4-server: chat ctx=0..162:162 prompt done 7.278s
0824 01:30:41 ds4-server: chat ctx=162..212:50 gen=50 THINKING decoding chunk=22.97 t/s avg=22.97 t/s 2.177s
0824 01:30:44 ds4-server: chat ctx=212..262:50 gen=100 THINKING decoding chunk=22.79 t/s avg=22.88 t/s 4.371s
0824 01:30:46 ds4-server: chat ctx=262..312:50 gen=150 THINKING decoding chunk=22.63 t/s avg=22.80 t/s 6.580s
0824 01:30:48 ds4-server: chat ctx=312..362:50 gen=200 THINKING decoding chunk=22.47 t/s avg=22.71 t/s 8.806s
0824 01:30:50 ds4-server: chat ctx=362..412:50 gen=250 THINKING decoding chunk=22.38 t/s avg=22.64 t/s 11.040s
0824 01:30:52 ds4-server: chat ctx=412..462:50 gen=300 THINKING decoding chunk=22.21 t/s avg=22.57 t/s 13.291s
0824 01:30:55 ds4-server: chat ctx=462..512:50 gen=350 THINKING decoding chunk=22.11 t/s avg=22.50 t/s 15.553s
0824 01:30:57 ds4-server: chat ctx=512..562:50 gen=400 THINKING decoding chunk=21.89 t/s avg=22.43 t/s 17.837s
0824 01:30:59 ds4-server: chat ctx=562..612:50 gen=450 THINKING decoding chunk=21.76 t/s avg=22.35 t/s 20.134s
0824 01:31:02 ds4-server: chat ctx=612..662:50 gen=500 THINKING decoding chunk=21.62 t/s avg=22.27 t/s 22.447s
0824 01:31:04 ds4-server: chat ctx=662..712:50 gen=550 THINKING decoding chunk=21.49 t/s avg=22.20 t/s 24.774s
0824 01:31:06 ds4-server: chat ctx=712..762:50 gen=600 THINKING decoding chunk=21.38 t/s avg=22.13 t/s 27.113s
0824 01:31:09 ds4-server: chat ctx=762..812:50 gen=650 THINKING decoding chunk=21.21 t/s avg=22.06 t/s 29.470s
0824 01:31:11 ds4-server: chat ctx=812..862:50 gen=700 THINKING decoding chunk=21.12 t/s avg=21.99 t/s 31.838s
0824 01:31:13 ds4-server: chat ctx=862..912:50 gen=750 THINKING decoding chunk=20.92 t/s avg=21.91 t/s 34.228s
0824 01:31:16 ds4-server: chat ctx=912..962:50 gen=800 THINKING decoding chunk=20.82 t/s avg=21.84 t/s 36.630s
0824 01:31:18 ds4-server: chat ctx=962..1012:50 gen=850 THINKING decoding chunk=20.68 t/s avg=21.77 t/s 39.047s
0824 01:31:21 ds4-server: chat ctx=1012..1062:50 gen=900 THINKING decoding chunk=20.57 t/s avg=21.70 t/s 41.478s
0824 01:31:23 ds4-server: chat ctx=1062..1112:50 gen=950 THINKING decoding chunk=20.46 t/s avg=21.63 t/s 43.921s
0824 01:31:26 ds4-server: chat ctx=1112..1162:50 gen=1000 THINKING decoding chunk=20.36 t/s avg=21.56 t/s 46.378s
0824 01:31:28 ds4-server: chat ctx=1162..1212:50 gen=1050 THINKING decoding chunk=20.23 t/s avg=21.49 t/s 48.849s
0824 01:31:30 ds4-server: chat ctx=1212..1262:50 gen=1100 THINKING decoding chunk=20.10 t/s avg=21.43 t/s 51.337s
0824 01:31:33 ds4-server: chat ctx=1262..1312:50 gen=1150 THINKING decoding chunk=19.98 t/s avg=21.36 t/s 53.839s
0824 01:31:35 ds4-server: chat ctx=1312..1362:50 gen=1200 THINKING decoding chunk=19.90 t/s avg=21.29 t/s 56.352s
0824 01:31:38 ds4-server: chat ctx=1362..1412:50 gen=1250 THINKING decoding chunk=19.80 t/s avg=21.23 t/s 58.877s
0824 01:31:41 ds4-server: chat ctx=1412..1462:50 gen=1300 THINKING decoding chunk=19.63 t/s avg=21.16 t/s 61.425s
0824 01:31:43 ds4-server: chat ctx=1462..1512:50 gen=1350 THINKING decoding chunk=19.57 t/s avg=21.10 t/s 63.980s
0824 01:31:46 ds4-server: chat ctx=1512..1562:50 gen=1400 THINKING decoding chunk=19.44 t/s avg=21.04 t/s 66.552s
0824 01:31:48 ds4-server: chat ctx=1562..1612:50 gen=1450 THINKING decoding chunk=19.34 t/s avg=20.97 t/s 69.136s
0824 01:31:51 ds4-server: chat ctx=1612..1662:50 gen=1500 THINKING decoding chunk=19.15 t/s avg=20.91 t/s 71.747s
0824 01:31:54 ds4-server: chat ctx=1662..1712:50 gen=1550 THINKING decoding chunk=19.07 t/s avg=20.84 t/s 74.369s
0824 01:31:56 ds4-server: chat ctx=1712..1762:50 gen=1600 THINKING decoding chunk=19.02 t/s avg=20.78 t/s 76.998s
0824 01:31:59 ds4-server: chat ctx=1762..1812:50 gen=1650 THINKING decoding chunk=18.91 t/s avg=20.72 t/s 79.642s
0824 01:32:01 ds4-server: chat ctx=1812..1862:50 gen=1700 THINKING decoding chunk=18.84 t/s avg=20.66 t/s 82.296s
0824 01:32:04 ds4-server: chat ctx=1862..1912:50 gen=1750 THINKING decoding chunk=18.75 t/s avg=20.60 t/s 84.964s
0824 01:32:07 ds4-server: chat ctx=1912..1962:50 gen=1800 THINKING decoding chunk=18.63 t/s avg=20.54 t/s 87.648s
0824 01:32:09 ds4-server: chat ctx=1962..2012:50 gen=1850 THINKING decoding chunk=18.50 t/s avg=20.48 t/s 90.351s
0824 01:32:12 ds4-server: chat ctx=2012..2062:50 gen=1900 THINKING decoding chunk=18.41 t/s avg=20.42 t/s 93.066s
0824 01:32:15 ds4-server: chat ctx=2062..2112:50 gen=1950 THINKING decoding chunk=18.31 t/s avg=20.36 t/s 95.798s
0824 01:32:18 ds4-server: chat ctx=2112..2162:50 gen=2000 THINKING decoding chunk=18.20 t/s avg=20.30 t/s 98.544s
0824 01:32:20 ds4-server: chat ctx=2162..2212:50 gen=2050 THINKING decoding chunk=18.13 t/s avg=20.24 t/s 101.303s
0824 01:32:23 ds4-server: chat ctx=2212..2262:50 gen=2100 THINKING decoding chunk=18.04 t/s avg=20.18 t/s 104.074s
0824 01:32:26 ds4-server: chat ctx=2262..2312:50 gen=2150 THINKING decoding chunk=17.98 t/s avg=20.12 t/s 106.855s
0824 01:32:29 ds4-server: chat ctx=2312..2362:50 gen=2200 THINKING decoding chunk=17.90 t/s avg=20.06 t/s 109.648s
0824 01:32:32 ds4-server: chat ctx=2362..2412:50 gen=2250 THINKING decoding chunk=17.79 t/s avg=20.01 t/s 112.458s
0824 01:32:34 ds4-server: chat ctx=2412..2462:50 gen=2300 decoding chunk=17.71 t/s avg=19.95 t/s 115.282s
0824 01:32:37 ds4-server: chat ctx=2462..2512:50 gen=2350 decoding chunk=17.57 t/s avg=19.89 t/s 118.128s
0824 01:32:37 ds4-server: chat ctx=2512..2514:2 gen=2352 decoding chunk=17.74 t/s avg=19.89 t/s 118.241s
0824 01:32:37 ds4-server: thinking live checkpoint remembered ctx=0..162:162 live=2514 visible=811
0824 01:32:37 ds4-server: chat ctx=0..162:162 gen=2352 finish=stop 125.519s
0824 01:32:40 ds4-server: live kv cache miss live=2514 prompt=130 common=35 reason=token-mismatch
0824 01:32:40 ds4-server: chat ctx=0..130:130 prompt start
0824 01:32:40 ds4-server: chat ctx=0..130:130 prefill chunk 1/130 (0.8%) chunk=0.00 t/s avg=3.11 t/s 0.322s
0824 01:32:40 ds4-server: chat ctx=0..130:130 prefill chunk 2/130 (1.5%) chunk=23.60 t/s avg=5.50 t/s 0.364s
0824 01:32:40 ds4-server: chat ctx=0..130:130 prefill chunk 3/130 (2.3%) chunk=23.97 t/s avg=7.40 t/s 0.406s
0824 01:32:40 ds4-server: chat ctx=0..130:130 prefill chunk 4/130 (3.1%) chunk=23.19 t/s avg=8.91 t/s 0.449s
0824 01:32:40 ds4-server: chat ctx=0..130:130 prefill chunk 5/130 (3.8%) chunk=23.27 t/s avg=10.17 t/s 0.492s
0824 01:32:40 ds4-server: chat ctx=0..130:130 prefill chunk 6/130 (4.6%) chunk=23.91 t/s avg=11.25 t/s 0.534s
0824 01:32:40 ds4-server: chat ctx=0..130:130 prefill chunk 7/130 (5.4%) chunk=23.36 t/s avg=12.14 t/s 0.576s
0824 01:32:41 ds4-server: chat ctx=0..130:130 prefill chunk 8/130 (6.2%) chunk=22.86 t/s avg=12.90 t/s 0.620s
0824 01:32:41 ds4-server: chat ctx=0..130:130 prefill chunk 9/130 (6.9%) chunk=24.05 t/s avg=13.60 t/s 0.662s
0824 01:32:41 ds4-server: chat ctx=0..130:130 prefill chunk 10/130 (7.7%) chunk=23.90 t/s avg=14.21 t/s 0.704s
0824 01:32:41 ds4-server: chat ctx=0..130:130 prefill chunk 11/130 (8.5%) chunk=23.36 t/s avg=14.74 t/s 0.746s
0824 01:32:41 ds4-server: chat ctx=0..130:130 prefill chunk 12/130 (9.2%) chunk=22.64 t/s avg=15.18 t/s 0.791s
0824 01:32:41 ds4-server: chat ctx=0..130:130 prefill chunk 13/130 (10.0%) chunk=23.90 t/s avg=15.62 t/s 0.832s
0824 01:32:41 ds4-server: chat ctx=0..130:130 prefill chunk 14/130 (10.8%) chunk=23.34 t/s avg=16.00 t/s 0.875s
0824 01:32:41 ds4-server: chat ctx=0..130:130 prefill chunk 15/130 (11.5%) chunk=23.16 t/s avg=16.33 t/s 0.918s
0824 01:32:41 ds4-server: chat ctx=0..130:130 prefill chunk 16/130 (12.3%) chunk=23.52 t/s avg=16.65 t/s 0.961s
0824 01:32:41 ds4-server: chat ctx=0..130:130 prefill chunk 17/130 (13.1%) chunk=23.76 t/s avg=16.95 t/s 1.003s
0824 01:32:41 ds4-server: chat ctx=0..130:130 prefill chunk 18/130 (13.8%) chunk=23.51 t/s avg=17.22 t/s 1.046s
0824 01:32:41 ds4-server: chat ctx=0..130:130 prefill chunk 19/130 (14.6%) chunk=22.55 t/s avg=17.43 t/s 1.090s
0824 01:32:41 ds4-server: chat ctx=0..130:130 prefill chunk 20/130 (15.4%) chunk=23.73 t/s avg=17.67 t/s 1.132s
0824 01:32:41 ds4-server: chat ctx=0..130:130 prefill chunk 21/130 (16.2%) chunk=23.66 t/s avg=17.88 t/s 1.174s
0824 01:32:41 ds4-server: chat ctx=0..130:130 prefill chunk 22/130 (16.9%) chunk=22.74 t/s avg=18.06 t/s 1.218s
0824 01:32:41 ds4-server: chat ctx=0..130:130 prefill chunk 23/130 (17.7%) chunk=23.48 t/s avg=18.24 t/s 1.261s
0824 01:32:41 ds4-server: chat ctx=0..130:130 prefill chunk 24/130 (18.5%) chunk=23.82 t/s avg=18.42 t/s 1.303s
0824 01:32:41 ds4-server: chat ctx=0..130:130 prefill chunk 25/130 (19.2%) chunk=23.56 t/s avg=18.58 t/s 1.345s
0824 01:32:41 ds4-server: chat ctx=0..130:130 prefill chunk 26/130 (20.0%) chunk=22.64 t/s avg=18.71 t/s 1.389s
0824 01:32:41 ds4-server: chat ctx=0..130:130 prefill chunk 27/130 (20.8%) chunk=23.80 t/s avg=18.86 t/s 1.431s
0824 01:32:41 ds4-server: chat ctx=0..130:130 prefill chunk 28/130 (21.5%) chunk=23.67 t/s avg=19.00 t/s 1.474s
0824 01:32:41 ds4-server: chat ctx=0..130:130 prefill chunk 29/130 (22.3%) chunk=22.45 t/s avg=19.10 t/s 1.518s
0824 01:32:41 ds4-server: chat ctx=0..130:130 prefill chunk 30/130 (23.1%) chunk=23.40 t/s avg=19.22 t/s 1.561s
0824 01:32:41 ds4-server: chat ctx=0..130:130 prefill chunk 31/130 (23.8%) chunk=23.79 t/s avg=19.34 t/s 1.603s
0824 01:32:42 ds4-server: chat ctx=0..130:130 prefill chunk 32/130 (24.6%) chunk=23.65 t/s avg=19.45 t/s 1.645s
0824 01:32:42 ds4-server: chat ctx=0..130:130 prefill chunk 33/130 (25.4%) chunk=22.74 t/s avg=19.53 t/s 1.689s
0824 01:32:42 ds4-server: chat ctx=0..130:130 prefill chunk 34/130 (26.2%) chunk=23.73 t/s avg=19.64 t/s 1.731s
0824 01:32:42 ds4-server: chat ctx=0..130:130 prefill chunk 35/130 (26.9%) chunk=23.79 t/s avg=19.74 t/s 1.773s
0824 01:32:42 ds4-server: chat ctx=0..130:130 prefill chunk 36/130 (27.7%) chunk=22.66 t/s avg=19.81 t/s 1.818s
0824 01:32:42 ds4-server: chat ctx=0..130:130 prefill chunk 37/130 (28.5%) chunk=23.65 t/s avg=19.89 t/s 1.860s
0824 01:32:42 ds4-server: chat ctx=0..130:130 prefill chunk 38/130 (29.2%) chunk=23.77 t/s avg=19.98 t/s 1.902s
0824 01:32:42 ds4-server: chat ctx=0..130:130 prefill chunk 39/130 (30.0%) chunk=23.57 t/s avg=20.06 t/s 1.944s
0824 01:32:42 ds4-server: chat ctx=0..130:130 prefill chunk 40/130 (30.8%) chunk=22.66 t/s avg=20.12 t/s 1.989s
0824 01:32:42 ds4-server: chat ctx=0..130:130 prefill chunk 41/130 (31.5%) chunk=23.74 t/s avg=20.19 t/s 2.031s
0824 01:32:42 ds4-server: chat ctx=0..130:130 prefill chunk 42/130 (32.3%) chunk=23.76 t/s avg=20.26 t/s 2.073s
0824 01:32:42 ds4-server: chat ctx=0..130:130 prefill chunk 43/130 (33.1%) chunk=22.46 t/s avg=20.31 t/s 2.117s
0824 01:32:42 ds4-server: chat ctx=0..130:130 prefill chunk 44/130 (33.8%) chunk=23.52 t/s avg=20.37 t/s 2.160s
0824 01:32:42 ds4-server: chat ctx=0..130:130 prefill chunk 45/130 (34.6%) chunk=23.83 t/s avg=20.44 t/s 2.202s
0824 01:32:42 ds4-server: chat ctx=0..130:130 prefill chunk 46/130 (35.4%) chunk=23.39 t/s avg=20.49 t/s 2.245s
0824 01:32:42 ds4-server: chat ctx=0..130:130 prefill chunk 47/130 (36.2%) chunk=22.51 t/s avg=20.53 t/s 2.289s
0824 01:32:42 ds4-server: chat ctx=0..130:130 prefill chunk 48/130 (36.9%) chunk=23.71 t/s avg=20.59 t/s 2.331s
0824 01:32:42 ds4-server: chat ctx=0..130:130 prefill chunk 49/130 (37.7%) chunk=23.72 t/s avg=20.65 t/s 2.373s
0824 01:32:42 ds4-server: chat ctx=0..130:130 prefill chunk 50/130 (38.5%) chunk=22.59 t/s avg=20.68 t/s 2.418s
0824 01:32:42 ds4-server: chat ctx=0..130:130 prefill chunk 51/130 (39.2%) chunk=23.39 t/s avg=20.73 t/s 2.460s
0824 01:32:42 ds4-server: chat ctx=0..130:130 prefill chunk 52/130 (40.0%) chunk=23.73 t/s avg=20.78 t/s 2.502s
0824 01:32:42 ds4-server: chat ctx=0..130:130 prefill chunk 53/130 (40.8%) chunk=23.22 t/s avg=20.82 t/s 2.545s
0824 01:32:42 ds4-server: chat ctx=0..130:130 prefill chunk 54/130 (41.5%) chunk=22.51 t/s avg=20.85 t/s 2.590s
0824 01:32:43 ds4-server: chat ctx=0..130:130 prefill chunk 55/130 (42.3%) chunk=23.94 t/s avg=20.90 t/s 2.632s
0824 01:32:43 ds4-server: chat ctx=0..130:130 prefill chunk 56/130 (43.1%) chunk=23.74 t/s avg=20.94 t/s 2.674s
0824 01:32:43 ds4-server: chat ctx=0..130:130 prefill chunk 57/130 (43.8%) chunk=22.49 t/s avg=20.97 t/s 2.718s
0824 01:32:43 ds4-server: chat ctx=0..130:130 prefill chunk 58/130 (44.6%) chunk=23.38 t/s avg=21.01 t/s 2.761s
0824 01:32:43 ds4-server: chat ctx=0..130:130 prefill chunk 59/130 (45.4%) chunk=23.71 t/s avg=21.05 t/s 2.803s
0824 01:32:43 ds4-server: chat ctx=0..130:130 prefill chunk 60/130 (46.2%) chunk=23.30 t/s avg=21.08 t/s 2.846s
0824 01:32:43 ds4-server: chat ctx=0..130:130 prefill chunk 61/130 (46.9%) chunk=22.72 t/s avg=21.11 t/s 2.890s
0824 01:32:43 ds4-server: chat ctx=0..130:130 prefill chunk 62/130 (47.7%) chunk=23.73 t/s avg=21.14 t/s 2.932s
0824 01:32:43 ds4-server: chat ctx=0..130:130 prefill chunk 63/130 (48.5%) chunk=23.30 t/s avg=21.18 t/s 2.975s
0824 01:32:43 ds4-server: chat ctx=0..130:130 prefill chunk 64/130 (49.2%) chunk=22.85 t/s avg=21.20 t/s 3.019s
0824 01:32:43 ds4-server: chat ctx=0..130:130 prefill chunk 65/130 (50.0%) chunk=23.56 t/s avg=21.23 t/s 3.061s
0824 01:32:43 ds4-server: chat ctx=0..130:130 prefill chunk 66/130 (50.8%) chunk=23.65 t/s avg=21.27 t/s 3.104s
0824 01:32:43 ds4-server: chat ctx=0..130:130 prefill chunk 67/130 (51.5%) chunk=23.42 t/s avg=21.29 t/s 3.146s
0824 01:32:43 ds4-server: chat ctx=0..130:130 prefill chunk 68/130 (52.3%) chunk=22.50 t/s avg=21.31 t/s 3.191s
0824 01:32:43 ds4-server: chat ctx=0..130:130 prefill chunk 69/130 (53.1%) chunk=23.53 t/s avg=21.34 t/s 3.233s
0824 01:32:43 ds4-server: chat ctx=0..130:130 prefill chunk 70/130 (53.8%) chunk=23.45 t/s avg=21.37 t/s 3.276s
0824 01:32:43 ds4-server: chat ctx=0..130:130 prefill chunk 71/130 (54.6%) chunk=22.89 t/s avg=21.39 t/s 3.320s
0824 01:32:43 ds4-server: chat ctx=0..130:130 prefill chunk 72/130 (55.4%) chunk=23.54 t/s avg=21.42 t/s 3.362s
0824 01:32:43 ds4-server: chat ctx=0..130:130 prefill chunk 73/130 (56.2%) chunk=23.61 t/s avg=21.44 t/s 3.404s
0824 01:32:43 ds4-server: chat ctx=0..130:130 prefill chunk 74/130 (56.9%) chunk=23.10 t/s avg=21.46 t/s 3.448s
0824 01:32:43 ds4-server: chat ctx=0..130:130 prefill chunk 75/130 (57.7%) chunk=22.86 t/s avg=21.48 t/s 3.492s
0824 01:32:43 ds4-server: chat ctx=0..130:130 prefill chunk 76/130 (58.5%) chunk=23.73 t/s avg=21.51 t/s 3.534s
0824 01:32:43 ds4-server: chat ctx=0..130:130 prefill chunk 77/130 (59.2%) chunk=23.30 t/s avg=21.53 t/s 3.577s
0824 01:32:44 ds4-server: chat ctx=0..130:130 prefill chunk 78/130 (60.0%) chunk=22.84 t/s avg=21.54 t/s 3.620s
0824 01:32:44 ds4-server: chat ctx=0..130:130 prefill chunk 79/130 (60.8%) chunk=23.52 t/s avg=21.57 t/s 3.663s
0824 01:32:44 ds4-server: chat ctx=0..130:130 prefill chunk 80/130 (61.5%) chunk=23.73 t/s avg=21.59 t/s 3.705s
0824 01:32:44 ds4-server: chat ctx=0..130:130 prefill chunk 81/130 (62.3%) chunk=23.05 t/s avg=21.61 t/s 3.748s
0824 01:32:44 ds4-server: chat ctx=0..130:130 prefill chunk 82/130 (63.1%) chunk=22.89 t/s avg=21.62 t/s 3.792s
0824 01:32:44 ds4-server: chat ctx=0..130:130 prefill chunk 83/130 (63.8%) chunk=23.71 t/s avg=21.65 t/s 3.834s
0824 01:32:44 ds4-server: chat ctx=0..130:130 prefill chunk 84/130 (64.6%) chunk=23.44 t/s avg=21.67 t/s 3.877s
0824 01:32:44 ds4-server: chat ctx=0..130:130 prefill chunk 85/130 (65.4%) chunk=22.81 t/s avg=21.68 t/s 3.921s
0824 01:32:44 ds4-server: chat ctx=0..130:130 prefill chunk 86/130 (66.2%) chunk=23.66 t/s avg=21.70 t/s 3.963s
0824 01:32:44 ds4-server: chat ctx=0..130:130 prefill chunk 87/130 (66.9%) chunk=23.69 t/s avg=21.72 t/s 4.005s
0824 01:32:44 ds4-server: chat ctx=0..130:130 prefill chunk 88/130 (67.7%) chunk=22.93 t/s avg=21.73 t/s 4.049s
0824 01:32:44 ds4-server: chat ctx=0..130:130 prefill chunk 89/130 (68.5%) chunk=22.94 t/s avg=21.75 t/s 4.092s
0824 01:32:44 ds4-server: chat ctx=0..130:130 prefill chunk 90/130 (69.2%) chunk=23.83 t/s avg=21.77 t/s 4.134s
0824 01:32:44 ds4-server: chat ctx=0..130:130 prefill chunk 91/130 (70.0%) chunk=23.31 t/s avg=21.78 t/s 4.177s
0824 01:32:44 ds4-server: chat ctx=0..130:130 prefill chunk 92/130 (70.8%) chunk=22.61 t/s avg=21.79 t/s 4.221s
0824 01:32:44 ds4-server: chat ctx=0..130:130 prefill chunk 93/130 (71.5%) chunk=23.57 t/s avg=21.81 t/s 4.264s
0824 01:32:44 ds4-server: chat ctx=0..130:130 prefill chunk 94/130 (72.3%) chunk=23.90 t/s avg=21.83 t/s 4.306s
0824 01:32:44 ds4-server: chat ctx=0..130:130 prefill chunk 95/130 (73.1%) chunk=23.11 t/s avg=21.84 t/s 4.349s
0824 01:32:44 ds4-server: chat ctx=0..130:130 prefill chunk 96/130 (73.8%) chunk=22.93 t/s avg=21.85 t/s 4.393s
0824 01:32:44 ds4-server: chat ctx=0..130:130 prefill chunk 97/130 (74.6%) chunk=23.71 t/s avg=21.87 t/s 4.435s
0824 01:32:44 ds4-server: chat ctx=0..130:130 prefill chunk 98/130 (75.4%) chunk=23.43 t/s avg=21.89 t/s 4.477s
0824 01:32:44 ds4-server: chat ctx=0..130:130 prefill chunk 99/130 (76.2%) chunk=22.47 t/s avg=21.89 t/s 4.522s
0824 01:32:44 ds4-server: chat ctx=0..130:130 prefill chunk 100/130 (76.9%) chunk=23.75 t/s avg=21.91 t/s 4.564s
0824 01:32:44 ds4-server: chat ctx=0..130:130 prefill chunk 101/130 (77.7%) chunk=23.63 t/s avg=21.93 t/s 4.606s
0824 01:32:45 ds4-server: chat ctx=0..130:130 prefill chunk 102/130 (78.5%) chunk=22.49 t/s avg=21.93 t/s 4.651s
0824 01:32:45 ds4-server: chat ctx=0..130:130 prefill chunk 103/130 (79.2%) chunk=23.34 t/s avg=21.94 t/s 4.694s
0824 01:32:45 ds4-server: chat ctx=0..130:130 prefill chunk 104/130 (80.0%) chunk=23.55 t/s avg=21.96 t/s 4.736s
0824 01:32:45 ds4-server: chat ctx=0..130:130 prefill chunk 105/130 (80.8%) chunk=23.37 t/s avg=21.97 t/s 4.779s
0824 01:32:45 ds4-server: chat ctx=0..130:130 prefill chunk 106/130 (81.5%) chunk=22.63 t/s avg=21.98 t/s 4.823s
0824 01:32:45 ds4-server: chat ctx=0..130:130 prefill chunk 107/130 (82.3%) chunk=23.64 t/s avg=21.99 t/s 4.865s
0824 01:32:45 ds4-server: chat ctx=0..130:130 prefill chunk 108/130 (83.1%) chunk=23.52 t/s avg=22.00 t/s 4.908s
0824 01:32:45 ds4-server: chat ctx=0..130:130 prefill chunk 109/130 (83.8%) chunk=22.70 t/s avg=22.01 t/s 4.952s
0824 01:32:45 ds4-server: chat ctx=0..130:130 prefill chunk 110/130 (84.6%) chunk=23.45 t/s avg=22.02 t/s 4.995s
0824 01:32:45 ds4-server: chat ctx=0..130:130 prefill chunk 111/130 (85.4%) chunk=23.61 t/s avg=22.04 t/s 5.037s
0824 01:32:45 ds4-server: chat ctx=0..130:130 prefill chunk 112/130 (86.2%) chunk=23.62 t/s avg=22.05 t/s 5.079s
0824 01:32:45 ds4-server: chat ctx=0..130:130 prefill chunk 113/130 (86.9%) chunk=22.46 t/s avg=22.05 t/s 5.124s
0824 01:32:45 ds4-server: chat ctx=0..130:130 prefill chunk 114/130 (87.7%) chunk=23.88 t/s avg=22.07 t/s 5.166s
0824 01:32:45 ds4-server: chat ctx=0..130:130 prefill chunk 115/130 (88.5%) chunk=23.37 t/s avg=22.08 t/s 5.209s
0824 01:32:45 ds4-server: chat ctx=0..130:130 prefill chunk 116/130 (89.2%) chunk=22.76 t/s avg=22.08 t/s 5.252s
0824 01:32:45 ds4-server: chat ctx=0..130:130 prefill chunk 117/130 (90.0%) chunk=23.31 t/s avg=22.09 t/s 5.295s
0824 01:32:45 ds4-server: chat ctx=0..130:130 prefill chunk 118/130 (90.8%) chunk=23.81 t/s avg=22.11 t/s 5.337s
0824 01:32:45 ds4-server: chat ctx=0..130:130 prefill chunk 119/130 (91.5%) chunk=23.52 t/s avg=22.12 t/s 5.380s
0824 01:32:45 ds4-server: chat ctx=0..130:130 prefill chunk 120/130 (92.3%) chunk=22.77 t/s avg=22.12 t/s 5.424s
0824 01:32:45 ds4-server: chat ctx=0..130:130 prefill chunk 121/130 (93.1%) chunk=23.39 t/s avg=22.13 t/s 5.467s
0824 01:32:45 ds4-server: chat ctx=0..130:130 prefill chunk 122/130 (93.8%) chunk=23.15 t/s avg=22.14 t/s 5.510s
0824 01:32:45 ds4-server: chat ctx=0..130:130 prefill chunk 123/130 (94.6%) chunk=22.33 t/s avg=22.14 t/s 5.555s
0824 01:32:45 ds4-server: chat ctx=0..130:130 prefill chunk 124/130 (95.4%) chunk=23.49 t/s avg=22.15 t/s 5.597s
0824 01:32:46 ds4-server: chat ctx=0..130:130 prefill chunk 125/130 (96.2%) chunk=23.59 t/s avg=22.17 t/s 5.640s
0824 01:32:46 ds4-server: chat ctx=0..130:130 prefill chunk 126/130 (96.9%) chunk=22.49 t/s avg=22.17 t/s 5.684s
0824 01:32:46 ds4-server: chat ctx=0..130:130 prefill chunk 127/130 (97.7%) chunk=23.29 t/s avg=22.18 t/s 5.727s
0824 01:32:46 ds4-server: chat ctx=0..130:130 prefill chunk 128/130 (98.5%) chunk=23.68 t/s avg=22.19 t/s 5.769s
0824 01:32:46 ds4-server: chat ctx=0..130:130 prefill chunk 129/130 (99.2%) chunk=23.42 t/s avg=22.20 t/s 5.812s
0824 01:32:46 ds4-server: chat ctx=0..130:130 prefill chunk 130/130 (100.0%) chunk=22.39 t/s avg=22.20 t/s 5.857s
0824 01:32:46 ds4-server: chat ctx=0..130:130 prompt done 5.857s
0824 01:32:48 ds4-server: chat ctx=130..180:50 gen=50 THINKING decoding chunk=23.07 t/s avg=23.07 t/s 2.167s
0824 01:32:50 ds4-server: chat ctx=180..230:50 gen=100 THINKING decoding chunk=22.93 t/s avg=23.00 t/s 4.347s
0824 01:32:52 ds4-server: chat ctx=230..280:50 gen=150 THINKING decoding chunk=22.74 t/s avg=22.92 t/s 6.546s
0824 01:32:54 ds4-server: chat ctx=280..330:50 gen=200 THINKING decoding chunk=22.57 t/s avg=22.83 t/s 8.761s
0824 01:32:57 ds4-server: chat ctx=330..380:50 gen=250 THINKING decoding chunk=22.48 t/s avg=22.76 t/s 10.985s
0824 01:32:59 ds4-server: chat ctx=380..430:50 gen=300 THINKING decoding chunk=22.32 t/s avg=22.68 t/s 13.225s
0824 01:33:01 ds4-server: chat ctx=430..480:50 gen=350 THINKING decoding chunk=22.12 t/s avg=22.60 t/s 15.485s
0824 01:33:03 ds4-server: chat ctx=480..530:50 gen=400 THINKING decoding chunk=22.04 t/s avg=22.53 t/s 17.754s
0824 01:33:06 ds4-server: chat ctx=530..580:50 gen=450 THINKING decoding chunk=21.85 t/s avg=22.45 t/s 20.042s
0824 01:33:08 ds4-server: chat ctx=580..630:50 gen=500 THINKING decoding chunk=21.70 t/s avg=22.37 t/s 22.347s
0824 01:33:10 ds4-server: chat ctx=630..680:50 gen=550 THINKING decoding chunk=21.54 t/s avg=22.30 t/s 24.667s
0824 01:33:13 ds4-server: chat ctx=680..730:50 gen=600 THINKING decoding chunk=21.43 t/s avg=22.22 t/s 27.000s
0824 01:33:15 ds4-server: chat ctx=730..780:50 gen=650 THINKING decoding chunk=21.29 t/s avg=22.15 t/s 29.349s
0824 01:33:17 ds4-server: chat ctx=780..830:50 gen=700 THINKING decoding chunk=21.13 t/s avg=22.07 t/s 31.715s
0824 01:33:20 ds4-server: chat ctx=830..880:50 gen=750 THINKING decoding chunk=21.01 t/s avg=22.00 t/s 34.094s
0824 01:33:22 ds4-server: chat ctx=880..930:50 gen=800 THINKING decoding chunk=20.89 t/s avg=21.93 t/s 36.488s
0824 01:33:25 ds4-server: chat ctx=930..980:50 gen=850 THINKING decoding chunk=20.73 t/s avg=21.85 t/s 38.899s
0824 01:33:27 ds4-server: chat ctx=980..1030:50 gen=900 THINKING decoding chunk=20.65 t/s avg=21.78 t/s 41.321s
0824 01:33:29 ds4-server: chat ctx=1030..1080:50 gen=950 THINKING decoding chunk=20.51 t/s avg=21.71 t/s 43.759s
0824 01:33:32 ds4-server: chat ctx=1080..1130:50 gen=1000 THINKING decoding chunk=20.44 t/s avg=21.64 t/s 46.205s
0824 01:33:34 ds4-server: chat ctx=1130..1180:50 gen=1050 THINKING decoding chunk=20.28 t/s avg=21.57 t/s 48.671s
0824 01:33:37 ds4-server: chat ctx=1180..1230:50 gen=1100 THINKING decoding chunk=20.14 t/s avg=21.50 t/s 51.154s
0824 01:33:39 ds4-server: chat ctx=1230..1280:50 gen=1150 THINKING decoding chunk=20.07 t/s avg=21.44 t/s 53.645s
0824 01:33:42 ds4-server: chat ctx=1280..1330:50 gen=1200 THINKING decoding chunk=19.94 t/s avg=21.37 t/s 56.153s
0824 01:33:44 ds4-server: chat ctx=1330..1380:50 gen=1250 THINKING decoding chunk=19.83 t/s avg=21.30 t/s 58.674s
0824 01:33:47 ds4-server: chat ctx=1380..1430:50 gen=1300 THINKING decoding chunk=19.73 t/s avg=21.24 t/s 61.209s
0824 01:33:49 ds4-server: chat ctx=1430..1480:50 gen=1350 THINKING decoding chunk=19.61 t/s avg=21.17 t/s 63.758s
0824 01:33:52 ds4-server: chat ctx=1480..1530:50 gen=1400 THINKING decoding chunk=19.50 t/s avg=21.11 t/s 66.323s
0824 01:33:55 ds4-server: chat ctx=1530..1580:50 gen=1450 THINKING decoding chunk=19.42 t/s avg=21.05 t/s 68.897s
0824 01:33:57 ds4-server: chat ctx=1580..1630:50 gen=1500 decoding chunk=19.28 t/s avg=20.98 t/s 71.491s
0824 01:33:58 ds4-server: chat ctx=1630..1651:21 gen=1521 decoding chunk=19.18 t/s avg=20.95 t/s 72.586s
0824 01:33:58 ds4-server: thinking live checkpoint remembered ctx=0..130:130 live=1651 visible=605
0824 01:33:58 ds4-server: chat ctx=0..130:130 gen=1521 finish=stop 78.443s
0824 01:34:01 ds4-server: live kv cache miss live=1651 prompt=80 common=30 reason=token-mismatch
0824 01:34:01 ds4-server: chat ctx=0..80:80 prompt start
0824 01:34:01 ds4-server: chat ctx=0..80:80 prefill chunk 1/80 (1.2%) chunk=0.00 t/s avg=3.10 t/s 0.323s
0824 01:34:01 ds4-server: chat ctx=0..80:80 prefill chunk 2/80 (2.5%) chunk=23.86 t/s avg=5.49 t/s 0.364s
0824 01:34:01 ds4-server: chat ctx=0..80:80 prefill chunk 3/80 (3.8%) chunk=23.68 t/s avg=7.38 t/s 0.407s
0824 01:34:01 ds4-server: chat ctx=0..80:80 prefill chunk 4/80 (5.0%) chunk=22.36 t/s avg=8.86 t/s 0.451s
0824 01:34:01 ds4-server: chat ctx=0..80:80 prefill chunk 5/80 (6.2%) chunk=23.84 t/s avg=10.13 t/s 0.493s
0824 01:34:01 ds4-server: chat ctx=0..80:80 prefill chunk 6/80 (7.5%) chunk=23.75 t/s avg=11.20 t/s 0.536s
0824 01:34:01 ds4-server: chat ctx=0..80:80 prefill chunk 7/80 (8.8%) chunk=22.49 t/s avg=12.07 t/s 0.580s
0824 01:34:01 ds4-server: chat ctx=0..80:80 prefill chunk 8/80 (10.0%) chunk=23.65 t/s avg=12.86 t/s 0.622s
0824 01:34:01 ds4-server: chat ctx=0..80:80 prefill chunk 9/80 (11.2%) chunk=23.88 t/s avg=13.55 t/s 0.664s
0824 01:34:01 ds4-server: chat ctx=0..80:80 prefill chunk 10/80 (12.5%) chunk=23.53 t/s avg=14.15 t/s 0.707s
0824 01:34:02 ds4-server: chat ctx=0..80:80 prefill chunk 11/80 (13.8%) chunk=23.10 t/s avg=14.67 t/s 0.750s
0824 01:34:02 ds4-server: chat ctx=0..80:80 prefill chunk 12/80 (15.0%) chunk=23.81 t/s avg=15.15 t/s 0.792s
0824 01:34:02 ds4-server: chat ctx=0..80:80 prefill chunk 13/80 (16.2%) chunk=23.82 t/s avg=15.59 t/s 0.834s
0824 01:34:02 ds4-server: chat ctx=0..80:80 prefill chunk 14/80 (17.5%) chunk=23.00 t/s avg=15.96 t/s 0.877s
0824 01:34:02 ds4-server: chat ctx=0..80:80 prefill chunk 15/80 (18.8%) chunk=22.93 t/s avg=16.29 t/s 0.921s
0824 01:34:02 ds4-server: chat ctx=0..80:80 prefill chunk 16/80 (20.0%) chunk=23.84 t/s avg=16.62 t/s 0.963s
0824 01:34:02 ds4-server: chat ctx=0..80:80 prefill chunk 17/80 (21.2%) chunk=23.57 t/s avg=16.91 t/s 1.005s
0824 01:34:02 ds4-server: chat ctx=0..80:80 prefill chunk 18/80 (22.5%) chunk=22.54 t/s avg=17.15 t/s 1.050s
0824 01:34:02 ds4-server: chat ctx=0..80:80 prefill chunk 19/80 (23.8%) chunk=23.76 t/s avg=17.40 t/s 1.092s
0824 01:34:02 ds4-server: chat ctx=0..80:80 prefill chunk 20/80 (25.0%) chunk=23.79 t/s avg=17.64 t/s 1.134s
0824 01:34:02 ds4-server: chat ctx=0..80:80 prefill chunk 21/80 (26.2%) chunk=22.97 t/s avg=17.84 t/s 1.177s
0824 01:34:02 ds4-server: chat ctx=0..80:80 prefill chunk 22/80 (27.5%) chunk=23.21 t/s avg=18.03 t/s 1.220s
0824 01:34:02 ds4-server: chat ctx=0..80:80 prefill chunk 23/80 (28.8%) chunk=23.73 t/s avg=18.22 t/s 1.263s
0824 01:34:02 ds4-server: chat ctx=0..80:80 prefill chunk 24/80 (30.0%) chunk=23.43 t/s avg=18.39 t/s 1.305s
0824 01:34:02 ds4-server: chat ctx=0..80:80 prefill chunk 25/80 (31.2%) chunk=22.97 t/s avg=18.54 t/s 1.349s
0824 01:34:02 ds4-server: chat ctx=0..80:80 prefill chunk 26/80 (32.5%) chunk=23.50 t/s avg=18.69 t/s 1.391s
0824 01:34:02 ds4-server: chat ctx=0..80:80 prefill chunk 27/80 (33.8%) chunk=24.00 t/s avg=18.84 t/s 1.433s
0824 01:34:02 ds4-server: chat ctx=0..80:80 prefill chunk 28/80 (35.0%) chunk=23.85 t/s avg=18.98 t/s 1.475s
0824 01:34:02 ds4-server: chat ctx=0..80:80 prefill chunk 29/80 (36.2%) chunk=22.57 t/s avg=19.09 t/s 1.519s
0824 01:34:02 ds4-server: chat ctx=0..80:80 prefill chunk 30/80 (37.5%) chunk=23.72 t/s avg=19.21 t/s 1.561s
0824 01:34:02 ds4-server: chat ctx=0..80:80 prefill chunk 31/80 (38.8%) chunk=23.80 t/s avg=19.33 t/s 1.603s
0824 01:34:02 ds4-server: chat ctx=0..80:80 prefill chunk 32/80 (40.0%) chunk=22.53 t/s avg=19.42 t/s 1.648s
0824 01:34:02 ds4-server: chat ctx=0..80:80 prefill chunk 33/80 (41.2%) chunk=23.72 t/s avg=19.53 t/s 1.690s
0824 01:34:03 ds4-server: chat ctx=0..80:80 prefill chunk 34/80 (42.5%) chunk=23.73 t/s avg=19.63 t/s 1.732s
0824 01:34:03 ds4-server: chat ctx=0..80:80 prefill chunk 35/80 (43.8%) chunk=23.67 t/s avg=19.73 t/s 1.774s
0824 01:34:03 ds4-server: chat ctx=0..80:80 prefill chunk 36/80 (45.0%) chunk=22.86 t/s avg=19.80 t/s 1.818s
0824 01:34:03 ds4-server: chat ctx=0..80:80 prefill chunk 37/80 (46.2%) chunk=23.83 t/s avg=19.89 t/s 1.860s
0824 01:34:03 ds4-server: chat ctx=0..80:80 prefill chunk 38/80 (47.5%) chunk=23.95 t/s avg=19.98 t/s 1.902s
0824 01:34:03 ds4-server: chat ctx=0..80:80 prefill chunk 39/80 (48.8%) chunk=23.16 t/s avg=20.05 t/s 1.945s
0824 01:34:03 ds4-server: chat ctx=0..80:80 prefill chunk 40/80 (50.0%) chunk=23.26 t/s avg=20.12 t/s 1.988s
0824 01:34:03 ds4-server: chat ctx=0..80:80 prefill chunk 41/80 (51.2%) chunk=23.76 t/s avg=20.20 t/s 2.030s
0824 01:34:03 ds4-server: chat ctx=0..80:80 prefill chunk 42/80 (52.5%) chunk=23.43 t/s avg=20.26 t/s 2.073s
0824 01:34:03 ds4-server: chat ctx=0..80:80 prefill chunk 43/80 (53.8%) chunk=22.83 t/s avg=20.32 t/s 2.117s
0824 01:34:03 ds4-server: chat ctx=0..80:80 prefill chunk 44/80 (55.0%) chunk=23.60 t/s avg=20.38 t/s 2.159s
0824 01:34:03 ds4-server: chat ctx=0..80:80 prefill chunk 45/80 (56.2%) chunk=23.46 t/s avg=20.44 t/s 2.202s
0824 01:34:03 ds4-server: chat ctx=0..80:80 prefill chunk 46/80 (57.5%) chunk=23.29 t/s avg=20.49 t/s 2.244s
0824 01:34:03 ds4-server: chat ctx=0..80:80 prefill chunk 47/80 (58.8%) chunk=22.92 t/s avg=20.54 t/s 2.288s
0824 01:34:03 ds4-server: chat ctx=0..80:80 prefill chunk 48/80 (60.0%) chunk=23.61 t/s avg=20.60 t/s 2.330s
0824 01:34:03 ds4-server: chat ctx=0..80:80 prefill chunk 49/80 (61.2%) chunk=23.57 t/s avg=20.65 t/s 2.373s
0824 01:34:03 ds4-server: chat ctx=0..80:80 prefill chunk 50/80 (62.5%) chunk=22.40 t/s avg=20.68 t/s 2.418s
0824 01:34:03 ds4-server: chat ctx=0..80:80 prefill chunk 51/80 (63.8%) chunk=23.63 t/s avg=20.73 t/s 2.460s
0824 01:34:03 ds4-server: chat ctx=0..80:80 prefill chunk 52/80 (65.0%) chunk=23.69 t/s avg=20.78 t/s 2.502s
0824 01:34:03 ds4-server: chat ctx=0..80:80 prefill chunk 53/80 (66.2%) chunk=22.33 t/s avg=20.81 t/s 2.547s
0824 01:34:03 ds4-server: chat ctx=0..80:80 prefill chunk 54/80 (67.5%) chunk=23.53 t/s avg=20.85 t/s 2.589s
0824 01:34:03 ds4-server: chat ctx=0..80:80 prefill chunk 55/80 (68.8%) chunk=23.71 t/s avg=20.90 t/s 2.632s
0824 01:34:03 ds4-server: chat ctx=0..80:80 prefill chunk 56/80 (70.0%) chunk=23.54 t/s avg=20.94 t/s 2.674s
0824 01:34:04 ds4-server: chat ctx=0..80:80 prefill chunk 57/80 (71.2%) chunk=22.77 t/s avg=20.97 t/s 2.718s
0824 01:34:04 ds4-server: chat ctx=0..80:80 prefill chunk 58/80 (72.5%) chunk=23.78 t/s avg=21.01 t/s 2.760s
0824 01:34:04 ds4-server: chat ctx=0..80:80 prefill chunk 59/80 (73.8%) chunk=23.68 t/s avg=21.05 t/s 2.802s
0824 01:34:04 ds4-server: chat ctx=0..80:80 prefill chunk 60/80 (75.0%) chunk=22.36 t/s avg=21.08 t/s 2.847s
0824 01:34:04 ds4-server: chat ctx=0..80:80 prefill chunk 61/80 (76.2%) chunk=23.51 t/s avg=21.11 t/s 2.889s
0824 01:34:04 ds4-server: chat ctx=0..80:80 prefill chunk 62/80 (77.5%) chunk=23.56 t/s avg=21.15 t/s 2.932s
0824 01:34:04 ds4-server: chat ctx=0..80:80 prefill chunk 63/80 (78.8%) chunk=23.42 t/s avg=21.18 t/s 2.975s
0824 01:34:04 ds4-server: chat ctx=0..80:80 prefill chunk 64/80 (80.0%) chunk=22.52 t/s avg=21.20 t/s 3.019s
0824 01:34:04 ds4-server: chat ctx=0..80:80 prefill chunk 65/80 (81.2%) chunk=23.64 t/s avg=21.23 t/s 3.061s
0824 01:34:04 ds4-server: chat ctx=0..80:80 prefill chunk 66/80 (82.5%) chunk=23.79 t/s avg=21.27 t/s 3.103s
0824 01:34:04 ds4-server: chat ctx=0..80:80 prefill chunk 67/80 (83.8%) chunk=22.63 t/s avg=21.29 t/s 3.148s
0824 01:34:04 ds4-server: chat ctx=0..80:80 prefill chunk 68/80 (85.0%) chunk=23.23 t/s avg=21.31 t/s 3.191s
0824 01:34:04 ds4-server: chat ctx=0..80:80 prefill chunk 69/80 (86.2%) chunk=23.80 t/s avg=21.35 t/s 3.233s
0824 01:34:04 ds4-server: chat ctx=0..80:80 prefill chunk 70/80 (87.5%) chunk=23.43 t/s avg=21.37 t/s 3.275s
0824 01:34:04 ds4-server: chat ctx=0..80:80 prefill chunk 71/80 (88.8%) chunk=22.41 t/s avg=21.39 t/s 3.320s
0824 01:34:04 ds4-server: chat ctx=0..80:80 prefill chunk 72/80 (90.0%) chunk=23.64 t/s avg=21.41 t/s 3.362s
0824 01:34:04 ds4-server: chat ctx=0..80:80 prefill chunk 73/80 (91.2%) chunk=23.48 t/s avg=21.44 t/s 3.405s
0824 01:34:04 ds4-server: chat ctx=0..80:80 prefill chunk 74/80 (92.5%) chunk=22.73 t/s avg=21.46 t/s 3.449s
0824 01:34:04 ds4-server: chat ctx=0..80:80 prefill chunk 75/80 (93.8%) chunk=23.35 t/s avg=21.48 t/s 3.492s
0824 01:34:04 ds4-server: chat ctx=0..80:80 prefill chunk 76/80 (95.0%) chunk=23.65 t/s avg=21.51 t/s 3.534s
0824 01:34:04 ds4-server: chat ctx=0..80:80 prefill chunk 77/80 (96.2%) chunk=23.08 t/s avg=21.53 t/s 3.577s
0824 01:34:04 ds4-server: chat ctx=0..80:80 prefill chunk 78/80 (97.5%) chunk=22.94 t/s avg=21.54 t/s 3.621s
0824 01:34:04 ds4-server: chat ctx=0..80:80 prefill chunk 79/80 (98.8%) chunk=23.53 t/s avg=21.57 t/s 3.663s
0824 01:34:04 ds4-server: chat ctx=0..80:80 prefill chunk 80/80 (100.0%) chunk=23.54 t/s avg=21.59 t/s 3.706s
0824 01:34:04 ds4-server: chat ctx=0..80:80 prompt done 3.706s
0824 01:34:07 ds4-server: chat ctx=80..130:50 gen=50 THINKING decoding chunk=23.20 t/s avg=23.20 t/s 2.156s
0824 01:34:09 ds4-server: chat ctx=130..180:50 gen=100 THINKING decoding chunk=23.06 t/s avg=23.13 t/s 4.324s
0824 01:34:11 ds4-server: chat ctx=180..230:50 gen=150 THINKING decoding chunk=22.89 t/s avg=23.05 t/s 6.508s
0824 01:34:13 ds4-server: chat ctx=230..280:50 gen=200 THINKING decoding chunk=22.76 t/s avg=22.98 t/s 8.705s
0824 01:34:15 ds4-server: chat ctx=280..330:50 gen=250 THINKING decoding chunk=22.59 t/s avg=22.90 t/s 10.918s
0824 01:34:18 ds4-server: chat ctx=330..380:50 gen=300 THINKING decoding chunk=22.45 t/s avg=22.82 t/s 13.145s
0824 01:34:20 ds4-server: chat ctx=380..430:50 gen=350 THINKING decoding chunk=22.29 t/s avg=22.75 t/s 15.388s
0824 01:34:22 ds4-server: chat ctx=430..480:50 gen=400 THINKING decoding chunk=22.15 t/s avg=22.67 t/s 17.645s
0824 01:34:24 ds4-server: chat ctx=480..530:50 gen=450 decoding chunk=22.00 t/s avg=22.59 t/s 19.918s
0824 01:34:26 ds4-server: chat ctx=530..570:40 gen=490 decoding chunk=21.87 t/s avg=22.53 t/s 21.747s
0824 01:34:26 ds4-server: thinking live checkpoint remembered ctx=0..80:80 live=570 visible=507
0824 01:34:26 ds4-server: chat ctx=0..80:80 gen=490 finish=stop 25.453s
0824 01:34:29 ds4-server: live kv cache miss live=570 prompt=88 common=32 reason=token-mismatch
0824 01:34:29 ds4-server: chat ctx=0..88:88 prompt start
0824 01:34:29 ds4-server: chat ctx=0..88:88 prefill chunk 1/88 (1.1%) chunk=0.00 t/s avg=3.09 t/s 0.323s
0824 01:34:29 ds4-server: chat ctx=0..88:88 prefill chunk 2/88 (2.3%) chunk=23.06 t/s avg=5.45 t/s 0.367s
0824 01:34:29 ds4-server: chat ctx=0..88:88 prefill chunk 3/88 (3.4%) chunk=23.65 t/s avg=7.33 t/s 0.409s
0824 01:34:29 ds4-server: chat ctx=0..88:88 prefill chunk 4/88 (4.5%) chunk=23.91 t/s avg=8.87 t/s 0.451s
0824 01:34:29 ds4-server: chat ctx=0..88:88 prefill chunk 5/88 (5.7%) chunk=23.49 t/s avg=10.13 t/s 0.494s
0824 01:34:29 ds4-server: chat ctx=0..88:88 prefill chunk 6/88 (6.8%) chunk=22.81 t/s avg=11.17 t/s 0.537s
0824 01:34:29 ds4-server: chat ctx=0..88:88 prefill chunk 7/88 (8.0%) chunk=24.05 t/s avg=12.09 t/s 0.579s
0824 01:34:29 ds4-server: chat ctx=0..88:88 prefill chunk 8/88 (9.1%) chunk=23.28 t/s avg=12.86 t/s 0.622s
0824 01:34:29 ds4-server: chat ctx=0..88:88 prefill chunk 9/88 (10.2%) chunk=23.22 t/s avg=13.53 t/s 0.665s
0824 01:34:30 ds4-server: chat ctx=0..88:88 prefill chunk 10/88 (11.4%) chunk=23.14 t/s avg=14.12 t/s 0.708s
0824 01:34:30 ds4-server: chat ctx=0..88:88 prefill chunk 11/88 (12.5%) chunk=24.13 t/s avg=14.67 t/s 0.750s
0824 01:34:30 ds4-server: chat ctx=0..88:88 prefill chunk 12/88 (13.6%) chunk=23.45 t/s avg=15.15 t/s 0.792s
0824 01:34:30 ds4-server: chat ctx=0..88:88 prefill chunk 13/88 (14.8%) chunk=22.94 t/s avg=15.55 t/s 0.836s
0824 01:34:30 ds4-server: chat ctx=0..88:88 prefill chunk 14/88 (15.9%) chunk=23.68 t/s avg=15.94 t/s 0.878s
0824 01:34:30 ds4-server: chat ctx=0..88:88 prefill chunk 15/88 (17.0%) chunk=23.49 t/s avg=16.29 t/s 0.921s
0824 01:34:30 ds4-server: chat ctx=0..88:88 prefill chunk 16/88 (18.2%) chunk=23.44 t/s avg=16.61 t/s 0.963s
0824 01:34:30 ds4-server: chat ctx=0..88:88 prefill chunk 17/88 (19.3%) chunk=23.12 t/s avg=16.89 t/s 1.007s
0824 01:34:30 ds4-server: chat ctx=0..88:88 prefill chunk 18/88 (20.5%) chunk=23.74 t/s avg=17.16 t/s 1.049s
0824 01:34:30 ds4-server: chat ctx=0..88:88 prefill chunk 19/88 (21.6%) chunk=23.50 t/s avg=17.41 t/s 1.091s
0824 01:34:30 ds4-server: chat ctx=0..88:88 prefill chunk 20/88 (22.7%) chunk=22.72 t/s avg=17.62 t/s 1.135s
0824 01:34:30 ds4-server: chat ctx=0..88:88 prefill chunk 21/88 (23.9%) chunk=23.64 t/s avg=17.83 t/s 1.178s
0824 01:34:30 ds4-server: chat ctx=0..88:88 prefill chunk 22/88 (25.0%) chunk=23.51 t/s avg=18.03 t/s 1.220s
0824 01:34:30 ds4-server: chat ctx=0..88:88 prefill chunk 23/88 (26.1%) chunk=23.76 t/s avg=18.22 t/s 1.262s
0824 01:34:30 ds4-server: chat ctx=0..88:88 prefill chunk 24/88 (27.3%) chunk=22.54 t/s avg=18.37 t/s 1.307s
0824 01:34:30 ds4-server: chat ctx=0..88:88 prefill chunk 25/88 (28.4%) chunk=23.76 t/s avg=18.54 t/s 1.349s
0824 01:34:30 ds4-server: chat ctx=0..88:88 prefill chunk 26/88 (29.5%) chunk=23.41 t/s avg=18.69 t/s 1.391s
0824 01:34:30 ds4-server: chat ctx=0..88:88 prefill chunk 27/88 (30.7%) chunk=22.73 t/s avg=18.81 t/s 1.435s
0824 01:34:30 ds4-server: chat ctx=0..88:88 prefill chunk 28/88 (31.8%) chunk=23.61 t/s avg=18.95 t/s 1.478s
0824 01:34:30 ds4-server: chat ctx=0..88:88 prefill chunk 29/88 (33.0%) chunk=23.28 t/s avg=19.07 t/s 1.521s
0824 01:34:30 ds4-server: chat ctx=0..88:88 prefill chunk 30/88 (34.1%) chunk=23.32 t/s avg=19.19 t/s 1.564s
0824 01:34:30 ds4-server: chat ctx=0..88:88 prefill chunk 31/88 (35.2%) chunk=22.92 t/s avg=19.29 t/s 1.607s
0824 01:34:30 ds4-server: chat ctx=0..88:88 prefill chunk 32/88 (36.4%) chunk=23.71 t/s avg=19.40 t/s 1.649s
0824 01:34:30 ds4-server: chat ctx=0..88:88 prefill chunk 33/88 (37.5%) chunk=23.53 t/s avg=19.51 t/s 1.692s
0824 01:34:31 ds4-server: chat ctx=0..88:88 prefill chunk 34/88 (38.6%) chunk=22.73 t/s avg=19.59 t/s 1.736s
0824 01:34:31 ds4-server: chat ctx=0..88:88 prefill chunk 35/88 (39.8%) chunk=23.43 t/s avg=19.68 t/s 1.779s
0824 01:34:31 ds4-server: chat ctx=0..88:88 prefill chunk 36/88 (40.9%) chunk=23.51 t/s avg=19.77 t/s 1.821s
0824 01:34:31 ds4-server: chat ctx=0..88:88 prefill chunk 37/88 (42.0%) chunk=23.21 t/s avg=19.85 t/s 1.864s
0824 01:34:31 ds4-server: chat ctx=0..88:88 prefill chunk 38/88 (43.2%) chunk=23.19 t/s avg=19.92 t/s 1.907s
0824 01:34:31 ds4-server: chat ctx=0..88:88 prefill chunk 39/88 (44.3%) chunk=23.66 t/s avg=20.00 t/s 1.950s
0824 01:34:31 ds4-server: chat ctx=0..88:88 prefill chunk 40/88 (45.5%) chunk=23.56 t/s avg=20.08 t/s 1.992s
0824 01:34:31 ds4-server: chat ctx=0..88:88 prefill chunk 41/88 (46.6%) chunk=22.94 t/s avg=20.14 t/s 2.036s
0824 01:34:31 ds4-server: chat ctx=0..88:88 prefill chunk 42/88 (47.7%) chunk=23.42 t/s avg=20.21 t/s 2.078s
0824 01:34:31 ds4-server: chat ctx=0..88:88 prefill chunk 43/88 (48.9%) chunk=23.31 t/s avg=20.27 t/s 2.121s
0824 01:34:31 ds4-server: chat ctx=0..88:88 prefill chunk 44/88 (50.0%) chunk=23.27 t/s avg=20.33 t/s 2.164s
0824 01:34:31 ds4-server: chat ctx=0..88:88 prefill chunk 45/88 (51.1%) chunk=22.92 t/s avg=20.38 t/s 2.208s
0824 01:34:31 ds4-server: chat ctx=0..88:88 prefill chunk 46/88 (52.3%) chunk=23.68 t/s avg=20.44 t/s 2.250s
0824 01:34:31 ds4-server: chat ctx=0..88:88 prefill chunk 47/88 (53.4%) chunk=23.52 t/s avg=20.50 t/s 2.293s
0824 01:34:31 ds4-server: chat ctx=0..88:88 prefill chunk 48/88 (54.5%) chunk=22.85 t/s avg=20.55 t/s 2.336s
0824 01:34:31 ds4-server: chat ctx=0..88:88 prefill chunk 49/88 (55.7%) chunk=23.44 t/s avg=20.60 t/s 2.379s
0824 01:34:31 ds4-server: chat ctx=0..88:88 prefill chunk 50/88 (56.8%) chunk=23.35 t/s avg=20.65 t/s 2.422s
0824 01:34:31 ds4-server: chat ctx=0..88:88 prefill chunk 51/88 (58.0%) chunk=23.24 t/s avg=20.69 t/s 2.465s
0824 01:34:31 ds4-server: chat ctx=0..88:88 prefill chunk 52/88 (59.1%) chunk=23.05 t/s avg=20.73 t/s 2.508s
0824 01:34:31 ds4-server: chat ctx=0..88:88 prefill chunk 53/88 (60.2%) chunk=23.68 t/s avg=20.78 t/s 2.550s
0824 01:34:31 ds4-server: chat ctx=0..88:88 prefill chunk 54/88 (61.4%) chunk=23.46 t/s avg=20.82 t/s 2.593s
0824 01:34:31 ds4-server: chat ctx=0..88:88 prefill chunk 55/88 (62.5%) chunk=22.76 t/s avg=20.86 t/s 2.637s
0824 01:34:31 ds4-server: chat ctx=0..88:88 prefill chunk 56/88 (63.6%) chunk=23.51 t/s avg=20.90 t/s 2.680s
0824 01:34:32 ds4-server: chat ctx=0..88:88 prefill chunk 57/88 (64.8%) chunk=23.29 t/s avg=20.94 t/s 2.722s
0824 01:34:32 ds4-server: chat ctx=0..88:88 prefill chunk 58/88 (65.9%) chunk=22.91 t/s avg=20.97 t/s 2.766s
0824 01:34:32 ds4-server: chat ctx=0..88:88 prefill chunk 59/88 (67.0%) chunk=23.46 t/s avg=21.01 t/s 2.809s
0824 01:34:32 ds4-server: chat ctx=0..88:88 prefill chunk 60/88 (68.2%) chunk=23.87 t/s avg=21.05 t/s 2.851s
0824 01:34:32 ds4-server: chat ctx=0..88:88 prefill chunk 61/88 (69.3%) chunk=23.34 t/s avg=21.08 t/s 2.893s
0824 01:34:32 ds4-server: chat ctx=0..88:88 prefill chunk 62/88 (70.5%) chunk=22.57 t/s avg=21.10 t/s 2.938s
0824 01:34:32 ds4-server: chat ctx=0..88:88 prefill chunk 63/88 (71.6%) chunk=23.61 t/s avg=21.14 t/s 2.980s
0824 01:34:32 ds4-server: chat ctx=0..88:88 prefill chunk 64/88 (72.7%) chunk=23.29 t/s avg=21.17 t/s 3.023s
0824 01:34:32 ds4-server: chat ctx=0..88:88 prefill chunk 65/88 (73.9%) chunk=22.81 t/s avg=21.19 t/s 3.067s
0824 01:34:32 ds4-server: chat ctx=0..88:88 prefill chunk 66/88 (75.0%) chunk=23.40 t/s avg=21.22 t/s 3.110s
0824 01:34:32 ds4-server: chat ctx=0..88:88 prefill chunk 67/88 (76.1%) chunk=23.70 t/s avg=21.26 t/s 3.152s
0824 01:34:32 ds4-server: chat ctx=0..88:88 prefill chunk 68/88 (77.3%) chunk=23.42 t/s avg=21.29 t/s 3.195s
0824 01:34:32 ds4-server: chat ctx=0..88:88 prefill chunk 69/88 (78.4%) chunk=22.65 t/s avg=21.30 t/s 3.239s
0824 01:34:32 ds4-server: chat ctx=0..88:88 prefill chunk 70/88 (79.5%) chunk=23.89 t/s avg=21.34 t/s 3.281s
0824 01:34:32 ds4-server: chat ctx=0..88:88 prefill chunk 71/88 (80.7%) chunk=23.54 t/s avg=21.37 t/s 3.323s
0824 01:34:32 ds4-server: chat ctx=0..88:88 prefill chunk 72/88 (81.8%) chunk=22.78 t/s avg=21.38 t/s 3.367s
0824 01:34:32 ds4-server: chat ctx=0..88:88 prefill chunk 73/88 (83.0%) chunk=23.43 t/s avg=21.41 t/s 3.410s
0824 01:34:32 ds4-server: chat ctx=0..88:88 prefill chunk 74/88 (84.1%) chunk=23.63 t/s avg=21.44 t/s 3.452s
0824 01:34:32 ds4-server: chat ctx=0..88:88 prefill chunk 75/88 (85.2%) chunk=23.55 t/s avg=21.46 t/s 3.494s
0824 01:34:32 ds4-server: chat ctx=0..88:88 prefill chunk 76/88 (86.4%) chunk=22.64 t/s avg=21.48 t/s 3.539s
0824 01:34:32 ds4-server: chat ctx=0..88:88 prefill chunk 77/88 (87.5%) chunk=23.68 t/s avg=21.50 t/s 3.581s
0824 01:34:32 ds4-server: chat ctx=0..88:88 prefill chunk 78/88 (88.6%) chunk=23.51 t/s avg=21.53 t/s 3.623s
0824 01:34:32 ds4-server: chat ctx=0..88:88 prefill chunk 79/88 (89.8%) chunk=22.86 t/s avg=21.54 t/s 3.667s
0824 01:34:33 ds4-server: chat ctx=0..88:88 prefill chunk 80/88 (90.9%) chunk=23.47 t/s avg=21.57 t/s 3.710s
0824 01:34:33 ds4-server: chat ctx=0..88:88 prefill chunk 81/88 (92.0%) chunk=23.67 t/s avg=21.59 t/s 3.752s
0824 01:34:33 ds4-server: chat ctx=0..88:88 prefill chunk 82/88 (93.2%) chunk=23.44 t/s avg=21.61 t/s 3.795s
0824 01:34:33 ds4-server: chat ctx=0..88:88 prefill chunk 83/88 (94.3%) chunk=22.58 t/s avg=21.62 t/s 3.839s
0824 01:34:33 ds4-server: chat ctx=0..88:88 prefill chunk 84/88 (95.5%) chunk=23.66 t/s avg=21.64 t/s 3.881s
0824 01:34:33 ds4-server: chat ctx=0..88:88 prefill chunk 85/88 (96.6%) chunk=23.50 t/s avg=21.66 t/s 3.924s
0824 01:34:33 ds4-server: chat ctx=0..88:88 prefill chunk 86/88 (97.7%) chunk=22.70 t/s avg=21.67 t/s 3.968s
0824 01:34:33 ds4-server: chat ctx=0..88:88 prefill chunk 87/88 (98.9%) chunk=23.52 t/s avg=21.69 t/s 4.010s
0824 01:34:33 ds4-server: chat ctx=0..88:88 prefill chunk 88/88 (100.0%) chunk=23.86 t/s avg=21.72 t/s 4.052s
0824 01:34:33 ds4-server: chat ctx=0..88:88 prompt done 4.052s
0824 01:34:35 ds4-server: chat ctx=88..138:50 gen=50 THINKING decoding chunk=23.20 t/s avg=23.20 t/s 2.156s
0824 01:34:37 ds4-server: chat ctx=138..188:50 gen=100 THINKING decoding chunk=22.99 t/s avg=23.09 t/s 4.330s
0824 01:34:39 ds4-server: chat ctx=188..238:50 gen=150 THINKING decoding chunk=22.83 t/s avg=23.01 t/s 6.520s
0824 01:34:42 ds4-server: chat ctx=238..288:50 gen=200 THINKING decoding chunk=22.69 t/s avg=22.93 t/s 8.724s
0824 01:34:44 ds4-server: chat ctx=288..338:50 gen=250 THINKING decoding chunk=22.56 t/s avg=22.85 t/s 10.940s
0824 01:34:46 ds4-server: chat ctx=338..388:50 gen=300 THINKING decoding chunk=22.40 t/s avg=22.77 t/s 13.173s
0824 01:34:48 ds4-server: chat ctx=388..438:50 gen=350 THINKING decoding chunk=22.24 t/s avg=22.70 t/s 15.421s
0824 01:34:51 ds4-server: chat ctx=438..488:50 gen=400 THINKING decoding chunk=22.08 t/s avg=22.62 t/s 17.686s
0824 01:34:53 ds4-server: chat ctx=488..538:50 gen=450 THINKING decoding chunk=21.95 t/s avg=22.54 t/s 19.964s
0824 01:34:55 ds4-server: chat ctx=538..588:50 gen=500 THINKING decoding chunk=21.82 t/s avg=22.47 t/s 22.255s
0824 01:34:57 ds4-server: chat ctx=588..638:50 gen=550 THINKING decoding chunk=21.67 t/s avg=22.39 t/s 24.563s
0824 01:35:00 ds4-server: chat ctx=638..688:50 gen=600 THINKING decoding chunk=21.54 t/s avg=22.32 t/s 26.884s
0824 01:35:02 ds4-server: chat ctx=688..738:50 gen=650 THINKING decoding chunk=21.40 t/s avg=22.25 t/s 29.220s
0824 01:35:04 ds4-server: chat ctx=738..788:50 gen=700 THINKING decoding chunk=21.26 t/s avg=22.17 t/s 31.571s
0824 01:35:07 ds4-server: chat ctx=788..838:50 gen=750 THINKING decoding chunk=21.14 t/s avg=22.10 t/s 33.936s
0824 01:35:09 ds4-server: chat ctx=838..888:50 gen=800 THINKING decoding chunk=20.99 t/s avg=22.03 t/s 36.319s
0824 01:35:12 ds4-server: chat ctx=888..938:50 gen=850 THINKING decoding chunk=20.86 t/s avg=21.95 t/s 38.716s
0824 01:35:14 ds4-server: chat ctx=938..988:50 gen=900 THINKING decoding chunk=20.74 t/s avg=21.88 t/s 41.127s
0824 01:35:16 ds4-server: chat ctx=988..1038:50 gen=950 THINKING decoding chunk=20.64 t/s avg=21.81 t/s 43.549s
0824 01:35:19 ds4-server: chat ctx=1038..1088:50 gen=1000 THINKING decoding chunk=20.52 t/s avg=21.75 t/s 45.986s
0824 01:35:21 ds4-server: chat ctx=1088..1138:50 gen=1050 THINKING decoding chunk=20.41 t/s avg=21.68 t/s 48.436s
0824 01:35:24 ds4-server: chat ctx=1138..1188:50 gen=1100 THINKING decoding chunk=20.28 t/s avg=21.61 t/s 50.902s
0824 01:35:26 ds4-server: chat ctx=1188..1238:50 gen=1150 THINKING decoding chunk=20.13 t/s avg=21.54 t/s 53.386s
0824 01:35:29 ds4-server: chat ctx=1238..1288:50 gen=1200 THINKING decoding chunk=20.00 t/s avg=21.47 t/s 55.886s
0824 01:35:31 ds4-server: chat ctx=1288..1338:50 gen=1250 THINKING decoding chunk=19.91 t/s avg=21.41 t/s 58.397s
0824 01:35:34 ds4-server: chat ctx=1338..1388:50 gen=1300 THINKING decoding chunk=19.82 t/s avg=21.34 t/s 60.920s
0824 01:35:36 ds4-server: chat ctx=1388..1438:50 gen=1350 THINKING decoding chunk=19.72 t/s avg=21.27 t/s 63.455s
0824 01:35:39 ds4-server: chat ctx=1438..1488:50 gen=1400 THINKING decoding chunk=19.60 t/s avg=21.21 t/s 66.006s
0824 01:35:41 ds4-server: chat ctx=1488..1538:50 gen=1450 THINKING decoding chunk=19.49 t/s avg=21.15 t/s 68.572s
0824 01:35:44 ds4-server: chat ctx=1538..1588:50 gen=1500 THINKING decoding chunk=19.38 t/s avg=21.08 t/s 71.152s
0824 01:35:47 ds4-server: chat ctx=1588..1638:50 gen=1550 THINKING decoding chunk=19.26 t/s avg=21.02 t/s 73.748s
0824 01:35:49 ds4-server: chat ctx=1638..1688:50 gen=1600 THINKING decoding chunk=19.12 t/s avg=20.95 t/s 76.363s
0824 01:35:52 ds4-server: chat ctx=1688..1738:50 gen=1650 THINKING decoding chunk=19.07 t/s avg=20.89 t/s 78.985s
0824 01:35:54 ds4-server: chat ctx=1738..1788:50 gen=1700 THINKING decoding chunk=18.99 t/s avg=20.83 t/s 81.618s
0824 01:35:57 ds4-server: chat ctx=1788..1838:50 gen=1750 THINKING decoding chunk=18.79 t/s avg=20.76 t/s 84.278s
0824 01:36:00 ds4-server: chat ctx=1838..1888:50 gen=1800 THINKING decoding chunk=18.76 t/s avg=20.70 t/s 86.943s
0824 01:36:02 ds4-server: chat ctx=1888..1938:50 gen=1850 THINKING decoding chunk=18.61 t/s avg=20.64 t/s 89.630s
0824 01:36:05 ds4-server: chat ctx=1938..1988:50 gen=1900 THINKING decoding chunk=18.58 t/s avg=20.58 t/s 92.321s
0824 01:36:08 ds4-server: chat ctx=1988..2038:50 gen=1950 THINKING decoding chunk=18.48 t/s avg=20.52 t/s 95.027s
0824 01:36:11 ds4-server: chat ctx=2038..2088:50 gen=2000 THINKING decoding chunk=18.36 t/s avg=20.46 t/s 97.751s
0824 01:36:13 ds4-server: chat ctx=2088..2138:50 gen=2050 THINKING decoding chunk=18.22 t/s avg=20.40 t/s 100.496s
0824 01:36:16 ds4-server: chat ctx=2138..2188:50 gen=2100 THINKING decoding chunk=18.14 t/s avg=20.34 t/s 103.253s
0824 01:36:19 ds4-server: chat ctx=2188..2238:50 gen=2150 THINKING decoding chunk=18.00 t/s avg=20.28 t/s 106.030s
0824 01:36:22 ds4-server: chat ctx=2238..2288:50 gen=2200 THINKING decoding chunk=17.96 t/s avg=20.22 t/s 108.814s
0824 01:36:24 ds4-server: chat ctx=2288..2338:50 gen=2250 THINKING decoding chunk=17.93 t/s avg=20.16 t/s 111.603s
0824 01:36:27 ds4-server: chat ctx=2338..2388:50 gen=2300 THINKING decoding chunk=17.80 t/s avg=20.10 t/s 114.411s
0824 01:36:30 ds4-server: chat ctx=2388..2438:50 gen=2350 THINKING decoding chunk=17.75 t/s avg=20.05 t/s 117.228s
0824 01:36:33 ds4-server: chat ctx=2438..2488:50 gen=2400 THINKING decoding chunk=17.63 t/s avg=19.99 t/s 120.064s
0824 01:36:36 ds4-server: chat ctx=2488..2538:50 gen=2450 THINKING decoding chunk=17.53 t/s avg=19.93 t/s 122.917s
0824 01:36:39 ds4-server: chat ctx=2538..2588:50 gen=2500 THINKING decoding chunk=17.42 t/s avg=19.87 t/s 125.787s
0824 01:36:42 ds4-server: chat ctx=2588..2638:50 gen=2550 THINKING decoding chunk=17.30 t/s avg=19.82 t/s 128.677s
0824 01:36:44 ds4-server: chat ctx=2638..2688:50 gen=2600 THINKING decoding chunk=17.24 t/s avg=19.76 t/s 131.577s
0824 01:36:47 ds4-server: chat ctx=2688..2738:50 gen=2650 THINKING decoding chunk=17.18 t/s avg=19.70 t/s 134.488s
0824 01:36:50 ds4-server: chat ctx=2738..2788:50 gen=2700 THINKING decoding chunk=16.98 t/s avg=19.65 t/s 137.433s
0824 01:36:53 ds4-server: chat ctx=2788..2838:50 gen=2750 THINKING decoding chunk=16.97 t/s avg=19.59 t/s 140.380s
0824 01:36:56 ds4-server: chat ctx=2838..2888:50 gen=2800 THINKING decoding chunk=16.88 t/s avg=19.53 t/s 143.341s
0824 01:36:59 ds4-server: chat ctx=2888..2938:50 gen=2850 THINKING decoding chunk=16.81 t/s avg=19.48 t/s 146.315s
0824 01:37:02 ds4-server: chat ctx=2938..2988:50 gen=2900 THINKING decoding chunk=16.75 t/s avg=19.42 t/s 149.301s
0824 01:37:05 ds4-server: chat ctx=2988..3038:50 gen=2950 THINKING decoding chunk=16.65 t/s avg=19.37 t/s 152.304s
0824 01:37:08 ds4-server: chat ctx=3038..3088:50 gen=3000 THINKING decoding chunk=16.59 t/s avg=19.32 t/s 155.318s
0824 01:37:11 ds4-server: chat ctx=3088..3138:50 gen=3050 THINKING decoding chunk=16.43 t/s avg=19.26 t/s 158.361s
0824 01:37:14 ds4-server: chat ctx=3138..3188:50 gen=3100 THINKING decoding chunk=16.36 t/s avg=19.20 t/s 161.418s
0824 01:37:17 ds4-server: chat ctx=3188..3238:50 gen=3150 THINKING decoding chunk=16.37 t/s avg=19.15 t/s 164.472s
0824 01:37:20 ds4-server: chat ctx=3238..3288:50 gen=3200 THINKING decoding chunk=16.36 t/s avg=19.10 t/s 167.529s
0824 01:37:23 ds4-server: chat ctx=3288..3338:50 gen=3250 THINKING decoding chunk=16.33 t/s avg=19.05 t/s 170.591s
0824 01:37:27 ds4-server: chat ctx=3338..3388:50 gen=3300 THINKING decoding chunk=16.21 t/s avg=19.00 t/s 173.674s
0824 01:37:30 ds4-server: chat ctx=3388..3438:50 gen=3350 THINKING decoding chunk=16.11 t/s avg=18.95 t/s 176.777s
0824 01:37:33 ds4-server: chat ctx=3438..3488:50 gen=3400 THINKING decoding chunk=16.04 t/s avg=18.90 t/s 179.895s
0824 01:37:36 ds4-server: chat ctx=3488..3538:50 gen=3450 decoding chunk=15.95 t/s avg=18.85 t/s 183.030s
0824 01:37:39 ds4-server: chat ctx=3538..3588:50 gen=3500 decoding chunk=15.84 t/s avg=18.80 t/s 186.186s
0824 01:37:40 ds4-server: chat ctx=3588..3597:9 gen=3509 decoding chunk=15.76 t/s avg=18.79 t/s 186.758s
0824 01:37:40 ds4-server: thinking live checkpoint remembered ctx=0..88:88 live=3597 visible=685
0824 01:37:40 ds4-server: chat ctx=0..88:88 gen=3509 finish=stop 190.810s
0824 01:37:42 ds4-server: live kv cache miss live=3597 prompt=170 common=30 reason=token-mismatch
0824 01:37:42 ds4-server: chat ctx=0..170:170 prompt start
0824 01:37:42 ds4-server: chat ctx=0..170:170 prefill chunk 1/170 (0.6%) chunk=0.00 t/s avg=2.62 t/s 0.382s
0824 01:37:42 ds4-server: chat ctx=0..170:170 prefill chunk 2/170 (1.2%) chunk=22.78 t/s avg=4.69 t/s 0.426s
0824 01:37:42 ds4-server: chat ctx=0..170:170 prefill chunk 3/170 (1.8%) chunk=23.92 t/s avg=6.41 t/s 0.468s
0824 01:37:42 ds4-server: chat ctx=0..170:170 prefill chunk 4/170 (2.4%) chunk=24.04 t/s avg=7.85 t/s 0.509s
0824 01:37:43 ds4-server: chat ctx=0..170:170 prefill chunk 5/170 (2.9%) chunk=23.25 t/s avg=9.05 t/s 0.553s
0824 01:37:43 ds4-server: chat ctx=0..170:170 prefill chunk 6/170 (3.5%) chunk=23.27 t/s avg=10.08 t/s 0.595s
0824 01:37:43 ds4-server: chat ctx=0..170:170 prefill chunk 7/170 (4.1%) chunk=23.88 t/s avg=10.98 t/s 0.637s
0824 01:37:43 ds4-server: chat ctx=0..170:170 prefill chunk 8/170 (4.7%) chunk=23.43 t/s avg=11.76 t/s 0.680s
0824 01:37:43 ds4-server: chat ctx=0..170:170 prefill chunk 9/170 (5.3%) chunk=23.00 t/s avg=12.44 t/s 0.724s
0824 01:37:43 ds4-server: chat ctx=0..170:170 prefill chunk 10/170 (5.9%) chunk=23.74 t/s avg=13.06 t/s 0.766s
0824 01:37:43 ds4-server: chat ctx=0..170:170 prefill chunk 11/170 (6.5%) chunk=23.97 t/s avg=13.62 t/s 0.807s
0824 01:37:43 ds4-server: chat ctx=0..170:170 prefill chunk 12/170 (7.1%) chunk=23.61 t/s avg=14.12 t/s 0.850s
0824 01:37:43 ds4-server: chat ctx=0..170:170 prefill chunk 13/170 (7.6%) chunk=22.71 t/s avg=14.55 t/s 0.894s
0824 01:37:43 ds4-server: chat ctx=0..170:170 prefill chunk 14/170 (8.2%) chunk=23.90 t/s avg=14.96 t/s 0.936s
0824 01:37:43 ds4-server: chat ctx=0..170:170 prefill chunk 15/170 (8.8%) chunk=24.18 t/s avg=15.35 t/s 0.977s
0824 01:37:43 ds4-server: chat ctx=0..170:170 prefill chunk 16/170 (9.4%) chunk=22.74 t/s avg=15.67 t/s 1.021s
0824 01:37:43 ds4-server: chat ctx=0..170:170 prefill chunk 17/170 (10.0%) chunk=23.47 t/s avg=15.98 t/s 1.064s
0824 01:37:43 ds4-server: chat ctx=0..170:170 prefill chunk 18/170 (10.6%) chunk=24.03 t/s avg=16.29 t/s 1.105s
0824 01:37:43 ds4-server: chat ctx=0..170:170 prefill chunk 19/170 (11.2%) chunk=23.43 t/s avg=16.55 t/s 1.148s
0824 01:37:43 ds4-server: chat ctx=0..170:170 prefill chunk 20/170 (11.8%) chunk=22.87 t/s avg=16.78 t/s 1.192s
0824 01:37:43 ds4-server: chat ctx=0..170:170 prefill chunk 21/170 (12.4%) chunk=23.69 t/s avg=17.02 t/s 1.234s
0824 01:37:43 ds4-server: chat ctx=0..170:170 prefill chunk 22/170 (12.9%) chunk=24.04 t/s avg=17.25 t/s 1.275s
0824 01:37:43 ds4-server: chat ctx=0..170:170 prefill chunk 23/170 (13.5%) chunk=23.15 t/s avg=17.44 t/s 1.319s
0824 01:37:43 ds4-server: chat ctx=0..170:170 prefill chunk 24/170 (14.1%) chunk=23.11 t/s avg=17.62 t/s 1.362s
0824 01:37:43 ds4-server: chat ctx=0..170:170 prefill chunk 25/170 (14.7%) chunk=23.74 t/s avg=17.81 t/s 1.404s
0824 01:37:43 ds4-server: chat ctx=0..170:170 prefill chunk 26/170 (15.3%) chunk=23.41 t/s avg=17.97 t/s 1.447s
0824 01:37:43 ds4-server: chat ctx=0..170:170 prefill chunk 27/170 (15.9%) chunk=23.05 t/s avg=18.12 t/s 1.490s
0824 01:37:44 ds4-server: chat ctx=0..170:170 prefill chunk 28/170 (16.5%) chunk=23.54 t/s avg=18.27 t/s 1.533s
0824 01:37:44 ds4-server: chat ctx=0..170:170 prefill chunk 29/170 (17.1%) chunk=24.30 t/s avg=18.43 t/s 1.574s
0824 01:37:44 ds4-server: chat ctx=0..170:170 prefill chunk 30/170 (17.6%) chunk=23.70 t/s avg=18.57 t/s 1.616s
0824 01:37:44 ds4-server: chat ctx=0..170:170 prefill chunk 31/170 (18.2%) chunk=22.65 t/s avg=18.67 t/s 1.660s
0824 01:37:44 ds4-server: chat ctx=0..170:170 prefill chunk 32/170 (18.8%) chunk=23.81 t/s avg=18.80 t/s 1.702s
0824 01:37:44 ds4-server: chat ctx=0..170:170 prefill chunk 33/170 (19.4%) chunk=23.77 t/s avg=18.92 t/s 1.744s
0824 01:37:44 ds4-server: chat ctx=0..170:170 prefill chunk 34/170 (20.0%) chunk=22.91 t/s avg=19.02 t/s 1.788s
0824 01:37:44 ds4-server: chat ctx=0..170:170 prefill chunk 35/170 (20.6%) chunk=23.23 t/s avg=19.12 t/s 1.831s
0824 01:37:44 ds4-server: chat ctx=0..170:170 prefill chunk 36/170 (21.2%) chunk=23.61 t/s avg=19.22 t/s 1.873s
0824 01:37:44 ds4-server: chat ctx=0..170:170 prefill chunk 37/170 (21.8%) chunk=23.47 t/s avg=19.31 t/s 1.916s
0824 01:37:44 ds4-server: chat ctx=0..170:170 prefill chunk 38/170 (22.4%) chunk=23.20 t/s avg=19.40 t/s 1.959s
0824 01:37:44 ds4-server: chat ctx=0..170:170 prefill chunk 39/170 (22.9%) chunk=23.82 t/s avg=19.49 t/s 2.001s
0824 01:37:44 ds4-server: chat ctx=0..170:170 prefill chunk 40/170 (23.5%) chunk=23.62 t/s avg=19.58 t/s 2.043s
0824 01:37:44 ds4-server: chat ctx=0..170:170 prefill chunk 41/170 (24.1%) chunk=23.07 t/s avg=19.65 t/s 2.087s
0824 01:37:44 ds4-server: chat ctx=0..170:170 prefill chunk 42/170 (24.7%) chunk=23.08 t/s avg=19.72 t/s 2.130s
0824 01:37:44 ds4-server: chat ctx=0..170:170 prefill chunk 43/170 (25.3%) chunk=23.60 t/s avg=19.80 t/s 2.172s
0824 01:37:44 ds4-server: chat ctx=0..170:170 prefill chunk 44/170 (25.9%) chunk=23.50 t/s avg=19.87 t/s 2.215s
0824 01:37:44 ds4-server: chat ctx=0..170:170 prefill chunk 45/170 (26.5%) chunk=22.77 t/s avg=19.92 t/s 2.259s
0824 01:37:44 ds4-server: chat ctx=0..170:170 prefill chunk 46/170 (27.1%) chunk=23.57 t/s avg=19.99 t/s 2.301s
0824 01:37:44 ds4-server: chat ctx=0..170:170 prefill chunk 47/170 (27.6%) chunk=23.61 t/s avg=20.06 t/s 2.344s
0824 01:37:44 ds4-server: chat ctx=0..170:170 prefill chunk 48/170 (28.2%) chunk=23.08 t/s avg=20.11 t/s 2.387s
0824 01:37:44 ds4-server: chat ctx=0..170:170 prefill chunk 49/170 (28.8%) chunk=23.03 t/s avg=20.16 t/s 2.430s
0824 01:37:44 ds4-server: chat ctx=0..170:170 prefill chunk 50/170 (29.4%) chunk=23.75 t/s avg=20.22 t/s 2.472s
0824 01:37:44 ds4-server: chat ctx=0..170:170 prefill chunk 51/170 (30.0%) chunk=23.35 t/s avg=20.28 t/s 2.515s
0824 01:37:45 ds4-server: chat ctx=0..170:170 prefill chunk 52/170 (30.6%) chunk=22.80 t/s avg=20.32 t/s 2.559s
0824 01:37:45 ds4-server: chat ctx=0..170:170 prefill chunk 53/170 (31.2%) chunk=23.60 t/s avg=20.37 t/s 2.601s
0824 01:37:45 ds4-server: chat ctx=0..170:170 prefill chunk 54/170 (31.8%) chunk=23.81 t/s avg=20.43 t/s 2.643s
0824 01:37:45 ds4-server: chat ctx=0..170:170 prefill chunk 55/170 (32.4%) chunk=23.22 t/s avg=20.47 t/s 2.686s
0824 01:37:45 ds4-server: chat ctx=0..170:170 prefill chunk 56/170 (32.9%) chunk=22.93 t/s avg=20.51 t/s 2.730s
0824 01:37:45 ds4-server: chat ctx=0..170:170 prefill chunk 57/170 (33.5%) chunk=23.94 t/s avg=20.56 t/s 2.772s
0824 01:37:45 ds4-server: chat ctx=0..170:170 prefill chunk 58/170 (34.1%) chunk=23.61 t/s avg=20.61 t/s 2.814s
0824 01:37:45 ds4-server: chat ctx=0..170:170 prefill chunk 59/170 (34.7%) chunk=22.89 t/s avg=20.64 t/s 2.858s
0824 01:37:45 ds4-server: chat ctx=0..170:170 prefill chunk 60/170 (35.3%) chunk=23.56 t/s avg=20.69 t/s 2.900s
0824 01:37:45 ds4-server: chat ctx=0..170:170 prefill chunk 61/170 (35.9%) chunk=23.92 t/s avg=20.73 t/s 2.942s
0824 01:37:45 ds4-server: chat ctx=0..170:170 prefill chunk 62/170 (36.5%) chunk=23.57 t/s avg=20.77 t/s 2.985s
0824 01:37:45 ds4-server: chat ctx=0..170:170 prefill chunk 63/170 (37.1%) chunk=22.89 t/s avg=20.80 t/s 3.028s
0824 01:37:45 ds4-server: chat ctx=0..170:170 prefill chunk 64/170 (37.6%) chunk=23.60 t/s avg=20.84 t/s 3.071s
0824 01:37:45 ds4-server: chat ctx=0..170:170 prefill chunk 65/170 (38.2%) chunk=23.52 t/s avg=20.88 t/s 3.113s
0824 01:37:45 ds4-server: chat ctx=0..170:170 prefill chunk 66/170 (38.8%) chunk=22.68 t/s avg=20.90 t/s 3.157s
0824 01:37:45 ds4-server: chat ctx=0..170:170 prefill chunk 67/170 (39.4%) chunk=23.44 t/s avg=20.94 t/s 3.200s
0824 01:37:45 ds4-server: chat ctx=0..170:170 prefill chunk 68/170 (40.0%) chunk=23.72 t/s avg=20.97 t/s 3.242s
0824 01:37:45 ds4-server: chat ctx=0..170:170 prefill chunk 69/170 (40.6%) chunk=23.54 t/s avg=21.01 t/s 3.285s
0824 01:37:45 ds4-server: chat ctx=0..170:170 prefill chunk 70/170 (41.2%) chunk=22.50 t/s avg=21.03 t/s 3.329s
0824 01:37:45 ds4-server: chat ctx=0..170:170 prefill chunk 71/170 (41.8%) chunk=23.65 t/s avg=21.06 t/s 3.371s
0824 01:37:45 ds4-server: chat ctx=0..170:170 prefill chunk 72/170 (42.4%) chunk=23.52 t/s avg=21.09 t/s 3.414s
0824 01:37:45 ds4-server: chat ctx=0..170:170 prefill chunk 73/170 (42.9%) chunk=22.81 t/s avg=21.11 t/s 3.458s
0824 01:37:45 ds4-server: chat ctx=0..170:170 prefill chunk 74/170 (43.5%) chunk=23.60 t/s avg=21.14 t/s 3.500s
0824 01:37:46 ds4-server: chat ctx=0..170:170 prefill chunk 75/170 (44.1%) chunk=23.54 t/s avg=21.17 t/s 3.543s
0824 01:37:46 ds4-server: chat ctx=0..170:170 prefill chunk 76/170 (44.7%) chunk=22.88 t/s avg=21.19 t/s 3.586s
0824 01:37:46 ds4-server: chat ctx=0..170:170 prefill chunk 77/170 (45.3%) chunk=23.01 t/s avg=21.21 t/s 3.630s
0824 01:37:46 ds4-server: chat ctx=0..170:170 prefill chunk 78/170 (45.9%) chunk=23.68 t/s avg=21.24 t/s 3.672s
0824 01:37:46 ds4-server: chat ctx=0..170:170 prefill chunk 79/170 (46.5%) chunk=23.44 t/s avg=21.27 t/s 3.715s
0824 01:37:46 ds4-server: chat ctx=0..170:170 prefill chunk 80/170 (47.1%) chunk=22.81 t/s avg=21.29 t/s 3.758s
0824 01:37:46 ds4-server: chat ctx=0..170:170 prefill chunk 81/170 (47.6%) chunk=23.58 t/s avg=21.31 t/s 3.801s
0824 01:37:46 ds4-server: chat ctx=0..170:170 prefill chunk 82/170 (48.2%) chunk=23.56 t/s avg=21.34 t/s 3.843s
0824 01:37:46 ds4-server: chat ctx=0..170:170 prefill chunk 83/170 (48.8%) chunk=23.12 t/s avg=21.36 t/s 3.887s
0824 01:37:46 ds4-server: chat ctx=0..170:170 prefill chunk 84/170 (49.4%) chunk=22.99 t/s avg=21.37 t/s 3.930s
0824 01:37:46 ds4-server: chat ctx=0..170:170 prefill chunk 85/170 (50.0%) chunk=23.64 t/s avg=21.40 t/s 3.972s
0824 01:37:46 ds4-server: chat ctx=0..170:170 prefill chunk 86/170 (50.6%) chunk=23.35 t/s avg=21.42 t/s 4.015s
0824 01:37:46 ds4-server: chat ctx=0..170:170 prefill chunk 87/170 (51.2%) chunk=22.30 t/s avg=21.43 t/s 4.060s
0824 01:37:46 ds4-server: chat ctx=0..170:170 prefill chunk 88/170 (51.8%) chunk=23.65 t/s avg=21.45 t/s 4.102s
0824 01:37:46 ds4-server: chat ctx=0..170:170 prefill chunk 89/170 (52.4%) chunk=23.72 t/s avg=21.47 t/s 4.144s
0824 01:37:46 ds4-server: chat ctx=0..170:170 prefill chunk 90/170 (52.9%) chunk=22.90 t/s avg=21.49 t/s 4.188s
0824 01:37:46 ds4-server: chat ctx=0..170:170 prefill chunk 91/170 (53.5%) chunk=22.94 t/s avg=21.50 t/s 4.232s
0824 01:37:46 ds4-server: chat ctx=0..170:170 prefill chunk 92/170 (54.1%) chunk=23.60 t/s avg=21.53 t/s 4.274s
0824 01:37:46 ds4-server: chat ctx=0..170:170 prefill chunk 93/170 (54.7%) chunk=23.42 t/s avg=21.54 t/s 4.317s
0824 01:37:46 ds4-server: chat ctx=0..170:170 prefill chunk 94/170 (55.3%) chunk=22.57 t/s avg=21.55 t/s 4.361s
0824 01:37:46 ds4-server: chat ctx=0..170:170 prefill chunk 95/170 (55.9%) chunk=23.74 t/s avg=21.58 t/s 4.403s
0824 01:37:46 ds4-server: chat ctx=0..170:170 prefill chunk 96/170 (56.5%) chunk=23.66 t/s avg=21.59 t/s 4.445s
0824 01:37:46 ds4-server: chat ctx=0..170:170 prefill chunk 97/170 (57.1%) chunk=22.42 t/s avg=21.60 t/s 4.490s
0824 01:37:47 ds4-server: chat ctx=0..170:170 prefill chunk 98/170 (57.6%) chunk=23.35 t/s avg=21.62 t/s 4.533s
0824 01:37:47 ds4-server: chat ctx=0..170:170 prefill chunk 99/170 (58.2%) chunk=23.66 t/s avg=21.64 t/s 4.575s
0824 01:37:47 ds4-server: chat ctx=0..170:170 prefill chunk 100/170 (58.8%) chunk=23.38 t/s avg=21.65 t/s 4.618s
0824 01:37:47 ds4-server: chat ctx=0..170:170 prefill chunk 101/170 (59.4%) chunk=22.76 t/s avg=21.67 t/s 4.662s
0824 01:37:47 ds4-server: chat ctx=0..170:170 prefill chunk 102/170 (60.0%) chunk=23.63 t/s avg=21.68 t/s 4.704s
0824 01:37:47 ds4-server: chat ctx=0..170:170 prefill chunk 103/170 (60.6%) chunk=23.35 t/s avg=21.70 t/s 4.747s
0824 01:37:47 ds4-server: chat ctx=0..170:170 prefill chunk 104/170 (61.2%) chunk=22.76 t/s avg=21.71 t/s 4.791s
0824 01:37:47 ds4-server: chat ctx=0..170:170 prefill chunk 105/170 (61.8%) chunk=23.37 t/s avg=21.72 t/s 4.834s
0824 01:37:47 ds4-server: chat ctx=0..170:170 prefill chunk 106/170 (62.4%) chunk=23.53 t/s avg=21.74 t/s 4.876s
0824 01:37:47 ds4-server: chat ctx=0..170:170 prefill chunk 107/170 (62.9%) chunk=23.01 t/s avg=21.75 t/s 4.920s
0824 01:37:47 ds4-server: chat ctx=0..170:170 prefill chunk 108/170 (63.5%) chunk=22.82 t/s avg=21.76 t/s 4.964s
0824 01:37:47 ds4-server: chat ctx=0..170:170 prefill chunk 109/170 (64.1%) chunk=23.73 t/s avg=21.78 t/s 5.006s
0824 01:37:47 ds4-server: chat ctx=0..170:170 prefill chunk 110/170 (64.7%) chunk=23.35 t/s avg=21.79 t/s 5.049s
0824 01:37:47 ds4-server: chat ctx=0..170:170 prefill chunk 111/170 (65.3%) chunk=22.81 t/s avg=21.80 t/s 5.092s
0824 01:37:47 ds4-server: chat ctx=0..170:170 prefill chunk 112/170 (65.9%) chunk=23.64 t/s avg=21.81 t/s 5.135s
0824 01:37:47 ds4-server: chat ctx=0..170:170 prefill chunk 113/170 (66.5%) chunk=23.49 t/s avg=21.83 t/s 5.177s
0824 01:37:47 ds4-server: chat ctx=0..170:170 prefill chunk 114/170 (67.1%) chunk=22.99 t/s avg=21.84 t/s 5.221s
0824 01:37:47 ds4-server: chat ctx=0..170:170 prefill chunk 115/170 (67.6%) chunk=23.29 t/s avg=21.85 t/s 5.264s
0824 01:37:47 ds4-server: chat ctx=0..170:170 prefill chunk 116/170 (68.2%) chunk=23.53 t/s avg=21.86 t/s 5.306s
0824 01:37:47 ds4-server: chat ctx=0..170:170 prefill chunk 117/170 (68.8%) chunk=23.42 t/s avg=21.87 t/s 5.349s
0824 01:37:47 ds4-server: chat ctx=0..170:170 prefill chunk 118/170 (69.4%) chunk=22.53 t/s avg=21.88 t/s 5.393s
0824 01:37:47 ds4-server: chat ctx=0..170:170 prefill chunk 119/170 (70.0%) chunk=23.77 t/s avg=21.89 t/s 5.435s
0824 01:37:47 ds4-server: chat ctx=0..170:170 prefill chunk 120/170 (70.6%) chunk=23.58 t/s avg=21.91 t/s 5.478s
0824 01:37:47 ds4-server: chat ctx=0..170:170 prefill chunk 121/170 (71.2%) chunk=22.52 t/s avg=21.91 t/s 5.522s
0824 01:37:48 ds4-server: chat ctx=0..170:170 prefill chunk 122/170 (71.8%) chunk=23.20 t/s avg=21.92 t/s 5.565s
0824 01:37:48 ds4-server: chat ctx=0..170:170 prefill chunk 123/170 (72.4%) chunk=23.63 t/s avg=21.93 t/s 5.608s
0824 01:37:48 ds4-server: chat ctx=0..170:170 prefill chunk 124/170 (72.9%) chunk=23.41 t/s avg=21.95 t/s 5.650s
0824 01:37:48 ds4-server: chat ctx=0..170:170 prefill chunk 125/170 (73.5%) chunk=22.56 t/s avg=21.95 t/s 5.695s
0824 01:37:48 ds4-server: chat ctx=0..170:170 prefill chunk 126/170 (74.1%) chunk=23.56 t/s avg=21.96 t/s 5.737s
0824 01:37:48 ds4-server: chat ctx=0..170:170 prefill chunk 127/170 (74.7%) chunk=23.22 t/s avg=21.97 t/s 5.780s
0824 01:37:48 ds4-server: chat ctx=0..170:170 prefill chunk 128/170 (75.3%) chunk=22.83 t/s avg=21.98 t/s 5.824s
0824 01:37:48 ds4-server: chat ctx=0..170:170 prefill chunk 129/170 (75.9%) chunk=23.18 t/s avg=21.99 t/s 5.867s
0824 01:37:48 ds4-server: chat ctx=0..170:170 prefill chunk 130/170 (76.5%) chunk=23.54 t/s avg=22.00 t/s 5.909s
0824 01:37:48 ds4-server: chat ctx=0..170:170 prefill chunk 131/170 (77.1%) chunk=22.91 t/s avg=22.01 t/s 5.953s
0824 01:37:48 ds4-server: chat ctx=0..170:170 prefill chunk 132/170 (77.6%) chunk=22.82 t/s avg=22.01 t/s 5.997s
0824 01:37:48 ds4-server: chat ctx=0..170:170 prefill chunk 133/170 (78.2%) chunk=23.47 t/s avg=22.02 t/s 6.040s
0824 01:37:48 ds4-server: chat ctx=0..170:170 prefill chunk 134/170 (78.8%) chunk=23.36 t/s avg=22.03 t/s 6.082s
0824 01:37:48 ds4-server: chat ctx=0..170:170 prefill chunk 135/170 (79.4%) chunk=22.46 t/s avg=22.03 t/s 6.127s
0824 01:37:48 ds4-server: chat ctx=0..170:170 prefill chunk 136/170 (80.0%) chunk=23.61 t/s avg=22.04 t/s 6.169s
0824 01:37:48 ds4-server: chat ctx=0..170:170 prefill chunk 137/170 (80.6%) chunk=23.52 t/s avg=22.05 t/s 6.212s
0824 01:37:48 ds4-server: chat ctx=0..170:170 prefill chunk 138/170 (81.2%) chunk=22.47 t/s avg=22.06 t/s 6.256s
0824 01:37:48 ds4-server: chat ctx=0..170:170 prefill chunk 139/170 (81.8%) chunk=23.15 t/s avg=22.07 t/s 6.299s
0824 01:37:48 ds4-server: chat ctx=0..170:170 prefill chunk 140/170 (82.4%) chunk=23.57 t/s avg=22.08 t/s 6.342s
0824 01:37:48 ds4-server: chat ctx=0..170:170 prefill chunk 141/170 (82.9%) chunk=23.33 t/s avg=22.08 t/s 6.385s
0824 01:37:48 ds4-server: chat ctx=0..170:170 prefill chunk 142/170 (83.5%) chunk=22.69 t/s avg=22.09 t/s 6.429s
0824 01:37:48 ds4-server: chat ctx=0..170:170 prefill chunk 143/170 (84.1%) chunk=23.42 t/s avg=22.10 t/s 6.472s
0824 01:37:48 ds4-server: chat ctx=0..170:170 prefill chunk 144/170 (84.7%) chunk=23.17 t/s avg=22.10 t/s 6.515s
0824 01:37:49 ds4-server: chat ctx=0..170:170 prefill chunk 145/170 (85.3%) chunk=22.83 t/s avg=22.11 t/s 6.559s
0824 01:37:49 ds4-server: chat ctx=0..170:170 prefill chunk 146/170 (85.9%) chunk=23.19 t/s avg=22.12 t/s 6.602s
0824 01:37:49 ds4-server: chat ctx=0..170:170 prefill chunk 147/170 (86.5%) chunk=23.63 t/s avg=22.13 t/s 6.644s
0824 01:37:49 ds4-server: chat ctx=0..170:170 prefill chunk 148/170 (87.1%) chunk=22.31 t/s avg=22.13 t/s 6.689s
0824 01:37:49 ds4-server: chat ctx=0..170:170 prefill chunk 149/170 (87.6%) chunk=23.21 t/s avg=22.13 t/s 6.732s
0824 01:37:49 ds4-server: chat ctx=0..170:170 prefill chunk 150/170 (88.2%) chunk=23.56 t/s avg=22.14 t/s 6.774s
0824 01:37:49 ds4-server: chat ctx=0..170:170 prefill chunk 151/170 (88.8%) chunk=23.34 t/s avg=22.15 t/s 6.817s
0824 01:37:49 ds4-server: chat ctx=0..170:170 prefill chunk 152/170 (89.4%) chunk=22.34 t/s avg=22.15 t/s 6.862s
0824 01:37:49 ds4-server: chat ctx=0..170:170 prefill chunk 153/170 (90.0%) chunk=23.49 t/s avg=22.16 t/s 6.905s
0824 01:37:49 ds4-server: chat ctx=0..170:170 prefill chunk 154/170 (90.6%) chunk=23.28 t/s avg=22.17 t/s 6.947s
0824 01:37:49 ds4-server: chat ctx=0..170:170 prefill chunk 155/170 (91.2%) chunk=22.73 t/s avg=22.17 t/s 6.991s
0824 01:37:49 ds4-server: chat ctx=0..170:170 prefill chunk 156/170 (91.8%) chunk=23.25 t/s avg=22.18 t/s 7.034s
0824 01:37:49 ds4-server: chat ctx=0..170:170 prefill chunk 157/170 (92.4%) chunk=23.66 t/s avg=22.19 t/s 7.077s
0824 01:37:49 ds4-server: chat ctx=0..170:170 prefill chunk 158/170 (92.9%) chunk=22.33 t/s avg=22.19 t/s 7.122s
0824 01:37:49 ds4-server: chat ctx=0..170:170 prefill chunk 159/170 (93.5%) chunk=23.24 t/s avg=22.19 t/s 7.165s
0824 01:37:49 ds4-server: chat ctx=0..170:170 prefill chunk 160/170 (94.1%) chunk=23.49 t/s avg=22.20 t/s 7.207s
0824 01:37:49 ds4-server: chat ctx=0..170:170 prefill chunk 161/170 (94.7%) chunk=23.32 t/s avg=22.21 t/s 7.250s
0824 01:37:49 ds4-server: chat ctx=0..170:170 prefill chunk 162/170 (95.3%) chunk=22.27 t/s avg=22.21 t/s 7.295s
0824 01:37:49 ds4-server: chat ctx=0..170:170 prefill chunk 163/170 (95.9%) chunk=23.45 t/s avg=22.21 t/s 7.338s
0824 01:37:49 ds4-server: chat ctx=0..170:170 prefill chunk 164/170 (96.5%) chunk=23.06 t/s avg=22.22 t/s 7.381s
0824 01:37:49 ds4-server: chat ctx=0..170:170 prefill chunk 165/170 (97.1%) chunk=22.70 t/s avg=22.22 t/s 7.425s
0824 01:37:49 ds4-server: chat ctx=0..170:170 prefill chunk 166/170 (97.6%) chunk=23.09 t/s avg=22.23 t/s 7.468s
0824 01:37:49 ds4-server: chat ctx=0..170:170 prefill chunk 167/170 (98.2%) chunk=23.58 t/s avg=22.23 t/s 7.511s
0824 01:37:50 ds4-server: chat ctx=0..170:170 prefill chunk 168/170 (98.8%) chunk=22.34 t/s avg=22.24 t/s 7.555s
0824 01:37:50 ds4-server: chat ctx=0..170:170 prefill chunk 169/170 (99.4%) chunk=23.10 t/s avg=22.24 t/s 7.599s
0824 01:37:50 ds4-server: chat ctx=0..170:170 prefill chunk 170/170 (100.0%) chunk=23.25 t/s avg=22.25 t/s 7.642s
0824 01:37:50 ds4-server: chat ctx=0..170:170 prompt done 7.642s
0824 01:37:52 ds4-server: chat ctx=170..220:50 gen=50 THINKING decoding chunk=22.95 t/s avg=22.95 t/s 2.179s
0824 01:37:54 ds4-server: chat ctx=220..270:50 gen=100 THINKING decoding chunk=22.77 t/s avg=22.86 t/s 4.375s
0824 01:37:56 ds4-server: chat ctx=270..320:50 gen=150 THINKING decoding chunk=22.62 t/s avg=22.78 t/s 6.586s
0824 01:37:58 ds4-server: chat ctx=320..370:50 gen=200 THINKING decoding chunk=22.49 t/s avg=22.70 t/s 8.809s
0824 01:38:01 ds4-server: chat ctx=370..420:50 gen=250 THINKING decoding chunk=22.27 t/s avg=22.61 t/s 11.055s
0824 01:38:03 ds4-server: chat ctx=420..470:50 gen=300 THINKING decoding chunk=22.19 t/s avg=22.54 t/s 13.308s
0824 01:38:05 ds4-server: chat ctx=470..520:50 gen=350 THINKING decoding chunk=22.00 t/s avg=22.46 t/s 15.581s
0824 01:38:07 ds4-server: chat ctx=520..570:50 gen=400 THINKING decoding chunk=22.08 t/s avg=22.41 t/s 17.846s
0824 01:38:10 ds4-server: chat ctx=570..620:50 gen=450 THINKING decoding chunk=21.85 t/s avg=22.35 t/s 20.134s
0824 01:38:12 ds4-server: chat ctx=620..670:50 gen=500 THINKING decoding chunk=21.60 t/s avg=22.27 t/s 22.449s
0824 01:38:14 ds4-server: chat ctx=670..720:50 gen=550 THINKING decoding chunk=21.47 t/s avg=22.20 t/s 24.778s
0824 01:38:17 ds4-server: chat ctx=720..770:50 gen=600 THINKING decoding chunk=21.33 t/s avg=22.12 t/s 27.122s
0824 01:38:19 ds4-server: chat ctx=770..820:50 gen=650 THINKING decoding chunk=21.23 t/s avg=22.05 t/s 29.477s
0824 01:38:21 ds4-server: chat ctx=820..870:50 gen=700 THINKING decoding chunk=21.05 t/s avg=21.98 t/s 31.852s
0824 01:38:24 ds4-server: chat ctx=870..920:50 gen=750 THINKING decoding chunk=20.95 t/s avg=21.90 t/s 34.239s
0824 01:38:26 ds4-server: chat ctx=920..970:50 gen=800 THINKING decoding chunk=20.82 t/s avg=21.83 t/s 36.641s
0824 01:38:29 ds4-server: chat ctx=970..1020:50 gen=850 THINKING decoding chunk=20.72 t/s avg=21.76 t/s 39.054s
0824 01:38:31 ds4-server: chat ctx=1020..1070:50 gen=900 THINKING decoding chunk=20.59 t/s avg=21.70 t/s 41.483s
0824 01:38:34 ds4-server: chat ctx=1070..1120:50 gen=950 THINKING decoding chunk=20.42 t/s avg=21.62 t/s 43.931s
0824 01:38:36 ds4-server: chat ctx=1120..1170:50 gen=1000 THINKING decoding chunk=20.33 t/s avg=21.56 t/s 46.391s
0824 01:38:38 ds4-server: chat ctx=1170..1220:50 gen=1050 THINKING decoding chunk=20.18 t/s avg=21.49 t/s 48.869s
0824 01:38:41 ds4-server: chat ctx=1220..1270:50 gen=1100 THINKING decoding chunk=20.09 t/s avg=21.42 t/s 51.358s
0824 01:38:43 ds4-server: chat ctx=1270..1320:50 gen=1150 THINKING decoding chunk=19.96 t/s avg=21.35 t/s 53.863s
0824 01:38:46 ds4-server: chat ctx=1320..1370:50 gen=1200 THINKING decoding chunk=19.86 t/s avg=21.28 t/s 56.381s
0824 01:38:49 ds4-server: chat ctx=1370..1420:50 gen=1250 THINKING decoding chunk=19.75 t/s avg=21.22 t/s 58.913s
0824 01:38:51 ds4-server: chat ctx=1420..1470:50 gen=1300 THINKING decoding chunk=19.63 t/s avg=21.15 t/s 61.460s
0824 01:38:54 ds4-server: chat ctx=1470..1520:50 gen=1350 THINKING decoding chunk=19.53 t/s avg=21.09 t/s 64.020s
0824 01:38:56 ds4-server: chat ctx=1520..1570:50 gen=1400 THINKING decoding chunk=19.43 t/s avg=21.02 t/s 66.594s
0824 01:38:59 ds4-server: chat ctx=1570..1620:50 gen=1450 THINKING decoding chunk=19.31 t/s avg=20.96 t/s 69.183s
0824 01:39:01 ds4-server: chat ctx=1620..1670:50 gen=1500 THINKING decoding chunk=19.16 t/s avg=20.89 t/s 71.793s
0824 01:39:04 ds4-server: chat ctx=1670..1720:50 gen=1550 THINKING decoding chunk=19.11 t/s avg=20.83 t/s 74.410s
0824 01:39:07 ds4-server: chat ctx=1720..1770:50 gen=1600 THINKING decoding chunk=19.01 t/s avg=20.77 t/s 77.040s
0824 01:39:09 ds4-server: chat ctx=1770..1820:50 gen=1650 THINKING decoding chunk=18.85 t/s avg=20.70 t/s 79.692s
0824 01:39:12 ds4-server: chat ctx=1820..1870:50 gen=1700 THINKING decoding chunk=18.80 t/s avg=20.64 t/s 82.352s
0824 01:39:15 ds4-server: chat ctx=1870..1920:50 gen=1750 THINKING decoding chunk=18.69 t/s avg=20.58 t/s 85.026s
0824 01:39:17 ds4-server: chat ctx=1920..1970:50 gen=1800 THINKING decoding chunk=18.63 t/s avg=20.52 t/s 87.711s
0824 01:39:20 ds4-server: chat ctx=1970..2020:50 gen=1850 THINKING decoding chunk=18.54 t/s avg=20.46 t/s 90.407s
0824 01:39:23 ds4-server: chat ctx=2020..2070:50 gen=1900 THINKING decoding chunk=18.37 t/s avg=20.40 t/s 93.129s
0824 01:39:25 ds4-server: chat ctx=2070..2120:50 gen=1950 THINKING decoding chunk=18.30 t/s avg=20.34 t/s 95.861s
0824 01:39:28 ds4-server: chat ctx=2120..2170:50 gen=2000 THINKING decoding chunk=18.18 t/s avg=20.28 t/s 98.612s
0824 01:39:31 ds4-server: chat ctx=2170..2220:50 gen=2050 THINKING decoding chunk=18.02 t/s avg=20.22 t/s 101.386s
0824 01:39:34 ds4-server: chat ctx=2220..2270:50 gen=2100 THINKING decoding chunk=18.00 t/s avg=20.16 t/s 104.163s
0824 01:39:37 ds4-server: chat ctx=2270..2320:50 gen=2150 THINKING decoding chunk=17.92 t/s avg=20.10 t/s 106.953s
0824 01:39:39 ds4-server: chat ctx=2320..2370:50 gen=2200 THINKING decoding chunk=17.81 t/s avg=20.04 t/s 109.760s
0824 01:39:42 ds4-server: chat ctx=2370..2420:50 gen=2250 THINKING decoding chunk=17.72 t/s avg=19.99 t/s 112.582s
0824 01:39:45 ds4-server: chat ctx=2420..2470:50 gen=2300 THINKING decoding chunk=17.65 t/s avg=19.93 t/s 115.414s
0824 01:39:48 ds4-server: chat ctx=2470..2520:50 gen=2350 THINKING decoding chunk=17.56 t/s avg=19.87 t/s 118.261s
0824 01:39:51 ds4-server: chat ctx=2520..2570:50 gen=2400 THINKING decoding chunk=17.51 t/s avg=19.82 t/s 121.117s
0824 01:39:54 ds4-server: chat ctx=2570..2620:50 gen=2450 THINKING decoding chunk=17.37 t/s avg=19.76 t/s 123.994s
0824 01:39:57 ds4-server: chat ctx=2620..2670:50 gen=2500 decoding chunk=17.29 t/s avg=19.70 t/s 126.887s
0824 01:39:59 ds4-server: chat ctx=2670..2714:44 gen=2544 decoding chunk=17.17 t/s avg=19.65 t/s 129.449s
0824 01:39:59 ds4-server: thinking live checkpoint remembered ctx=0..170:170 live=2714 visible=918
0824 01:39:59 ds4-server: chat ctx=0..170:170 gen=2544 finish=stop 137.091s
0824 01:40:02 ds4-server: live kv cache miss live=2714 prompt=122 common=37 reason=token-mismatch
0824 01:40:02 ds4-server: chat ctx=0..122:122 prompt start
0824 01:40:02 ds4-server: chat ctx=0..122:122 prefill chunk 1/122 (0.8%) chunk=0.00 t/s avg=3.10 t/s 0.322s
0824 01:40:02 ds4-server: chat ctx=0..122:122 prefill chunk 2/122 (1.6%) chunk=23.77 t/s avg=5.49 t/s 0.364s
0824 01:40:02 ds4-server: chat ctx=0..122:122 prefill chunk 3/122 (2.5%) chunk=23.79 t/s avg=7.38 t/s 0.406s
0824 01:40:02 ds4-server: chat ctx=0..122:122 prefill chunk 4/122 (3.3%) chunk=23.18 t/s avg=8.90 t/s 0.450s
0824 01:40:02 ds4-server: chat ctx=0..122:122 prefill chunk 5/122 (4.1%) chunk=23.27 t/s avg=10.15 t/s 0.493s
0824 01:40:02 ds4-server: chat ctx=0..122:122 prefill chunk 6/122 (4.9%) chunk=23.85 t/s avg=11.23 t/s 0.535s
0824 01:40:02 ds4-server: chat ctx=0..122:122 prefill chunk 7/122 (5.7%) chunk=23.49 t/s avg=12.13 t/s 0.577s
0824 01:40:02 ds4-server: chat ctx=0..122:122 prefill chunk 8/122 (6.6%) chunk=23.34 t/s avg=12.90 t/s 0.620s
0824 01:40:02 ds4-server: chat ctx=0..122:122 prefill chunk 9/122 (7.4%) chunk=23.47 t/s avg=13.58 t/s 0.663s
0824 01:40:02 ds4-server: chat ctx=0..122:122 prefill chunk 10/122 (8.2%) chunk=23.66 t/s avg=14.19 t/s 0.705s
0824 01:40:02 ds4-server: chat ctx=0..122:122 prefill chunk 11/122 (9.0%) chunk=23.60 t/s avg=14.72 t/s 0.747s
0824 01:40:02 ds4-server: chat ctx=0..122:122 prefill chunk 12/122 (9.8%) chunk=22.70 t/s avg=15.17 t/s 0.791s
0824 01:40:02 ds4-server: chat ctx=0..122:122 prefill chunk 13/122 (10.7%) chunk=23.88 t/s avg=15.60 t/s 0.833s
0824 01:40:02 ds4-server: chat ctx=0..122:122 prefill chunk 14/122 (11.5%) chunk=23.57 t/s avg=15.99 t/s 0.876s
0824 01:40:02 ds4-server: chat ctx=0..122:122 prefill chunk 15/122 (12.3%) chunk=23.21 t/s avg=16.33 t/s 0.919s
0824 01:40:03 ds4-server: chat ctx=0..122:122 prefill chunk 16/122 (13.1%) chunk=23.50 t/s avg=16.65 t/s 0.961s
0824 01:40:03 ds4-server: chat ctx=0..122:122 prefill chunk 17/122 (13.9%) chunk=24.05 t/s avg=16.95 t/s 1.003s
0824 01:40:03 ds4-server: chat ctx=0..122:122 prefill chunk 18/122 (14.8%) chunk=23.39 t/s avg=17.22 t/s 1.046s
0824 01:40:03 ds4-server: chat ctx=0..122:122 prefill chunk 19/122 (15.6%) chunk=22.63 t/s avg=17.44 t/s 1.090s
0824 01:40:03 ds4-server: chat ctx=0..122:122 prefill chunk 20/122 (16.4%) chunk=24.02 t/s avg=17.68 t/s 1.131s
0824 01:40:03 ds4-server: chat ctx=0..122:122 prefill chunk 21/122 (17.2%) chunk=24.09 t/s avg=17.90 t/s 1.173s
0824 01:40:03 ds4-server: chat ctx=0..122:122 prefill chunk 22/122 (18.0%) chunk=23.17 t/s avg=18.09 t/s 1.216s
0824 01:40:03 ds4-server: chat ctx=0..122:122 prefill chunk 23/122 (18.9%) chunk=23.22 t/s avg=18.27 t/s 1.259s
0824 01:40:03 ds4-server: chat ctx=0..122:122 prefill chunk 24/122 (19.7%) chunk=23.91 t/s avg=18.45 t/s 1.301s
0824 01:40:03 ds4-server: chat ctx=0..122:122 prefill chunk 25/122 (20.5%) chunk=23.27 t/s avg=18.60 t/s 1.344s
0824 01:40:03 ds4-server: chat ctx=0..122:122 prefill chunk 26/122 (21.3%) chunk=22.80 t/s avg=18.74 t/s 1.388s
0824 01:40:03 ds4-server: chat ctx=0..122:122 prefill chunk 27/122 (22.1%) chunk=23.39 t/s avg=18.87 t/s 1.431s
0824 01:40:03 ds4-server: chat ctx=0..122:122 prefill chunk 28/122 (23.0%) chunk=23.60 t/s avg=19.01 t/s 1.473s
0824 01:40:03 ds4-server: chat ctx=0..122:122 prefill chunk 29/122 (23.8%) chunk=22.98 t/s avg=19.12 t/s 1.516s
0824 01:40:03 ds4-server: chat ctx=0..122:122 prefill chunk 30/122 (24.6%) chunk=23.34 t/s avg=19.24 t/s 1.559s
0824 01:40:03 ds4-server: chat ctx=0..122:122 prefill chunk 31/122 (25.4%) chunk=23.66 t/s avg=19.36 t/s 1.602s
0824 01:40:03 ds4-server: chat ctx=0..122:122 prefill chunk 32/122 (26.2%) chunk=23.39 t/s avg=19.46 t/s 1.644s
0824 01:40:03 ds4-server: chat ctx=0..122:122 prefill chunk 33/122 (27.0%) chunk=22.82 t/s avg=19.55 t/s 1.688s
0824 01:40:03 ds4-server: chat ctx=0..122:122 prefill chunk 34/122 (27.9%) chunk=23.59 t/s avg=19.65 t/s 1.731s
0824 01:40:03 ds4-server: chat ctx=0..122:122 prefill chunk 35/122 (28.7%) chunk=23.81 t/s avg=19.75 t/s 1.773s
0824 01:40:03 ds4-server: chat ctx=0..122:122 prefill chunk 36/122 (29.5%) chunk=23.04 t/s avg=19.82 t/s 1.816s
0824 01:40:03 ds4-server: chat ctx=0..122:122 prefill chunk 37/122 (30.3%) chunk=23.16 t/s avg=19.90 t/s 1.859s
0824 01:40:03 ds4-server: chat ctx=0..122:122 prefill chunk 38/122 (31.1%) chunk=23.71 t/s avg=19.99 t/s 1.901s
0824 01:40:03 ds4-server: chat ctx=0..122:122 prefill chunk 39/122 (32.0%) chunk=23.72 t/s avg=20.07 t/s 1.943s
0824 01:40:04 ds4-server: chat ctx=0..122:122 prefill chunk 40/122 (32.8%) chunk=22.89 t/s avg=20.13 t/s 1.987s
0824 01:40:04 ds4-server: chat ctx=0..122:122 prefill chunk 41/122 (33.6%) chunk=23.68 t/s avg=20.20 t/s 2.029s
0824 01:40:04 ds4-server: chat ctx=0..122:122 prefill chunk 42/122 (34.4%) chunk=23.74 t/s avg=20.28 t/s 2.071s
0824 01:40:04 ds4-server: chat ctx=0..122:122 prefill chunk 43/122 (35.2%) chunk=23.60 t/s avg=20.34 t/s 2.114s
0824 01:40:04 ds4-server: chat ctx=0..122:122 prefill chunk 44/122 (36.1%) chunk=22.73 t/s avg=20.39 t/s 2.158s
0824 01:40:04 ds4-server: chat ctx=0..122:122 prefill chunk 45/122 (36.9%) chunk=23.83 t/s avg=20.46 t/s 2.200s
0824 01:40:04 ds4-server: chat ctx=0..122:122 prefill chunk 46/122 (37.7%) chunk=23.23 t/s avg=20.51 t/s 2.243s
0824 01:40:04 ds4-server: chat ctx=0..122:122 prefill chunk 47/122 (38.5%) chunk=22.73 t/s avg=20.55 t/s 2.287s
0824 01:40:04 ds4-server: chat ctx=0..122:122 prefill chunk 48/122 (39.3%) chunk=23.43 t/s avg=20.61 t/s 2.330s
0824 01:40:04 ds4-server: chat ctx=0..122:122 prefill chunk 49/122 (40.2%) chunk=23.65 t/s avg=20.66 t/s 2.372s
0824 01:40:04 ds4-server: chat ctx=0..122:122 prefill chunk 50/122 (41.0%) chunk=22.80 t/s avg=20.70 t/s 2.416s
0824 01:40:04 ds4-server: chat ctx=0..122:122 prefill chunk 51/122 (41.8%) chunk=22.96 t/s avg=20.74 t/s 2.459s
0824 01:40:04 ds4-server: chat ctx=0..122:122 prefill chunk 52/122 (42.6%) chunk=23.56 t/s avg=20.79 t/s 2.502s
0824 01:40:04 ds4-server: chat ctx=0..122:122 prefill chunk 53/122 (43.4%) chunk=23.34 t/s avg=20.83 t/s 2.545s
0824 01:40:04 ds4-server: chat ctx=0..122:122 prefill chunk 54/122 (44.3%) chunk=22.62 t/s avg=20.86 t/s 2.589s
0824 01:40:04 ds4-server: chat ctx=0..122:122 prefill chunk 55/122 (45.1%) chunk=23.60 t/s avg=20.90 t/s 2.631s
0824 01:40:04 ds4-server: chat ctx=0..122:122 prefill chunk 56/122 (45.9%) chunk=23.75 t/s avg=20.95 t/s 2.673s
0824 01:40:04 ds4-server: chat ctx=0..122:122 prefill chunk 57/122 (46.7%) chunk=22.80 t/s avg=20.98 t/s 2.717s
0824 01:40:04 ds4-server: chat ctx=0..122:122 prefill chunk 58/122 (47.5%) chunk=23.12 t/s avg=21.01 t/s 2.760s
0824 01:40:04 ds4-server: chat ctx=0..122:122 prefill chunk 59/122 (48.4%) chunk=23.59 t/s avg=21.05 t/s 2.803s
0824 01:40:04 ds4-server: chat ctx=0..122:122 prefill chunk 60/122 (49.2%) chunk=23.47 t/s avg=21.09 t/s 2.845s
0824 01:40:04 ds4-server: chat ctx=0..122:122 prefill chunk 61/122 (50.0%) chunk=22.36 t/s avg=21.11 t/s 2.890s
0824 01:40:04 ds4-server: chat ctx=0..122:122 prefill chunk 62/122 (50.8%) chunk=23.57 t/s avg=21.14 t/s 2.932s
0824 01:40:05 ds4-server: chat ctx=0..122:122 prefill chunk 63/122 (51.6%) chunk=23.57 t/s avg=21.18 t/s 2.975s
0824 01:40:05 ds4-server: chat ctx=0..122:122 prefill chunk 64/122 (52.5%) chunk=22.38 t/s avg=21.20 t/s 3.020s
0824 01:40:05 ds4-server: chat ctx=0..122:122 prefill chunk 65/122 (53.3%) chunk=23.42 t/s avg=21.23 t/s 3.062s
0824 01:40:05 ds4-server: chat ctx=0..122:122 prefill chunk 66/122 (54.1%) chunk=23.82 t/s avg=21.26 t/s 3.104s
0824 01:40:05 ds4-server: chat ctx=0..122:122 prefill chunk 67/122 (54.9%) chunk=23.32 t/s avg=21.29 t/s 3.147s
0824 01:40:05 ds4-server: chat ctx=0..122:122 prefill chunk 68/122 (55.7%) chunk=22.37 t/s avg=21.30 t/s 3.192s
0824 01:40:05 ds4-server: chat ctx=0..122:122 prefill chunk 69/122 (56.6%) chunk=23.61 t/s avg=21.33 t/s 3.234s
0824 01:40:05 ds4-server: chat ctx=0..122:122 prefill chunk 70/122 (57.4%) chunk=23.38 t/s avg=21.36 t/s 3.277s
0824 01:40:05 ds4-server: chat ctx=0..122:122 prefill chunk 71/122 (58.2%) chunk=22.61 t/s avg=21.38 t/s 3.321s
0824 01:40:05 ds4-server: chat ctx=0..122:122 prefill chunk 72/122 (59.0%) chunk=23.45 t/s avg=21.40 t/s 3.364s
0824 01:40:05 ds4-server: chat ctx=0..122:122 prefill chunk 73/122 (59.8%) chunk=23.72 t/s avg=21.43 t/s 3.406s
0824 01:40:05 ds4-server: chat ctx=0..122:122 prefill chunk 74/122 (60.7%) chunk=23.23 t/s avg=21.46 t/s 3.449s
0824 01:40:05 ds4-server: chat ctx=0..122:122 prefill chunk 75/122 (61.5%) chunk=22.93 t/s avg=21.47 t/s 3.493s
0824 01:40:05 ds4-server: chat ctx=0..122:122 prefill chunk 76/122 (62.3%) chunk=23.55 t/s avg=21.50 t/s 3.535s
0824 01:40:05 ds4-server: chat ctx=0..122:122 prefill chunk 77/122 (63.1%) chunk=23.25 t/s avg=21.52 t/s 3.578s
0824 01:40:05 ds4-server: chat ctx=0..122:122 prefill chunk 78/122 (63.9%) chunk=22.93 t/s avg=21.54 t/s 3.622s
0824 01:40:05 ds4-server: chat ctx=0..122:122 prefill chunk 79/122 (64.8%) chunk=23.60 t/s avg=21.56 t/s 3.664s
0824 01:40:05 ds4-server: chat ctx=0..122:122 prefill chunk 80/122 (65.6%) chunk=23.55 t/s avg=21.58 t/s 3.707s
0824 01:40:05 ds4-server: chat ctx=0..122:122 prefill chunk 81/122 (66.4%) chunk=23.08 t/s avg=21.60 t/s 3.750s
0824 01:40:05 ds4-server: chat ctx=0..122:122 prefill chunk 82/122 (67.2%) chunk=23.06 t/s avg=21.62 t/s 3.793s
0824 01:40:05 ds4-server: chat ctx=0..122:122 prefill chunk 83/122 (68.0%) chunk=23.60 t/s avg=21.64 t/s 3.836s
0824 01:40:05 ds4-server: chat ctx=0..122:122 prefill chunk 84/122 (68.9%) chunk=23.34 t/s avg=21.66 t/s 3.878s
0824 01:40:05 ds4-server: chat ctx=0..122:122 prefill chunk 85/122 (69.7%) chunk=22.88 t/s avg=21.67 t/s 3.922s
0824 01:40:06 ds4-server: chat ctx=0..122:122 prefill chunk 86/122 (70.5%) chunk=23.81 t/s avg=21.69 t/s 3.964s
0824 01:40:06 ds4-server: chat ctx=0..122:122 prefill chunk 87/122 (71.3%) chunk=23.66 t/s avg=21.72 t/s 4.006s
0824 01:40:06 ds4-server: chat ctx=0..122:122 prefill chunk 88/122 (72.1%) chunk=22.48 t/s avg=21.72 t/s 4.051s
0824 01:40:06 ds4-server: chat ctx=0..122:122 prefill chunk 89/122 (73.0%) chunk=23.31 t/s avg=21.74 t/s 4.094s
0824 01:40:06 ds4-server: chat ctx=0..122:122 prefill chunk 90/122 (73.8%) chunk=23.88 t/s avg=21.76 t/s 4.136s
0824 01:40:06 ds4-server: chat ctx=0..122:122 prefill chunk 91/122 (74.6%) chunk=23.55 t/s avg=21.78 t/s 4.178s
0824 01:40:06 ds4-server: chat ctx=0..122:122 prefill chunk 92/122 (75.4%) chunk=23.00 t/s avg=21.79 t/s 4.222s
0824 01:40:06 ds4-server: chat ctx=0..122:122 prefill chunk 93/122 (76.2%) chunk=23.52 t/s avg=21.81 t/s 4.264s
0824 01:40:06 ds4-server: chat ctx=0..122:122 prefill chunk 94/122 (77.0%) chunk=23.55 t/s avg=21.83 t/s 4.307s
0824 01:40:06 ds4-server: chat ctx=0..122:122 prefill chunk 95/122 (77.9%) chunk=23.07 t/s avg=21.84 t/s 4.350s
0824 01:40:06 ds4-server: chat ctx=0..122:122 prefill chunk 96/122 (78.7%) chunk=23.16 t/s avg=21.85 t/s 4.393s
0824 01:40:06 ds4-server: chat ctx=0..122:122 prefill chunk 97/122 (79.5%) chunk=23.71 t/s avg=21.87 t/s 4.435s
0824 01:40:06 ds4-server: chat ctx=0..122:122 prefill chunk 98/122 (80.3%) chunk=23.37 t/s avg=21.88 t/s 4.478s
0824 01:40:06 ds4-server: chat ctx=0..122:122 prefill chunk 99/122 (81.1%) chunk=22.48 t/s avg=21.89 t/s 4.523s
0824 01:40:06 ds4-server: chat ctx=0..122:122 prefill chunk 100/122 (82.0%) chunk=23.71 t/s avg=21.91 t/s 4.565s
0824 01:40:06 ds4-server: chat ctx=0..122:122 prefill chunk 101/122 (82.8%) chunk=23.60 t/s avg=21.92 t/s 4.607s
0824 01:40:06 ds4-server: chat ctx=0..122:122 prefill chunk 102/122 (83.6%) chunk=22.38 t/s avg=21.93 t/s 4.652s
0824 01:40:06 ds4-server: chat ctx=0..122:122 prefill chunk 103/122 (84.4%) chunk=23.33 t/s avg=21.94 t/s 4.695s
0824 01:40:06 ds4-server: chat ctx=0..122:122 prefill chunk 104/122 (85.2%) chunk=23.68 t/s avg=21.96 t/s 4.737s
0824 01:40:06 ds4-server: chat ctx=0..122:122 prefill chunk 105/122 (86.1%) chunk=23.65 t/s avg=21.97 t/s 4.779s
0824 01:40:06 ds4-server: chat ctx=0..122:122 prefill chunk 106/122 (86.9%) chunk=22.45 t/s avg=21.97 t/s 4.824s
0824 01:40:06 ds4-server: chat ctx=0..122:122 prefill chunk 107/122 (87.7%) chunk=23.82 t/s avg=21.99 t/s 4.866s
0824 01:40:06 ds4-server: chat ctx=0..122:122 prefill chunk 108/122 (88.5%) chunk=23.83 t/s avg=22.01 t/s 4.908s
0824 01:40:06 ds4-server: chat ctx=0..122:122 prefill chunk 109/122 (89.3%) chunk=22.53 t/s avg=22.01 t/s 4.952s
0824 01:40:07 ds4-server: chat ctx=0..122:122 prefill chunk 110/122 (90.2%) chunk=23.22 t/s avg=22.02 t/s 4.995s
0824 01:40:07 ds4-server: chat ctx=0..122:122 prefill chunk 111/122 (91.0%) chunk=23.63 t/s avg=22.03 t/s 5.037s
0824 01:40:07 ds4-server: chat ctx=0..122:122 prefill chunk 112/122 (91.8%) chunk=23.35 t/s avg=22.05 t/s 5.080s
0824 01:40:07 ds4-server: chat ctx=0..122:122 prefill chunk 113/122 (92.6%) chunk=22.47 t/s avg=22.05 t/s 5.125s
0824 01:40:07 ds4-server: chat ctx=0..122:122 prefill chunk 114/122 (93.4%) chunk=23.67 t/s avg=22.06 t/s 5.167s
0824 01:40:07 ds4-server: chat ctx=0..122:122 prefill chunk 115/122 (94.3%) chunk=23.42 t/s avg=22.07 t/s 5.210s
0824 01:40:07 ds4-server: chat ctx=0..122:122 prefill chunk 116/122 (95.1%) chunk=22.68 t/s avg=22.08 t/s 5.254s
0824 01:40:07 ds4-server: chat ctx=0..122:122 prefill chunk 117/122 (95.9%) chunk=23.34 t/s avg=22.09 t/s 5.297s
0824 01:40:07 ds4-server: chat ctx=0..122:122 prefill chunk 118/122 (96.7%) chunk=23.46 t/s avg=22.10 t/s 5.339s
0824 01:40:07 ds4-server: chat ctx=0..122:122 prefill chunk 119/122 (97.5%) chunk=23.14 t/s avg=22.11 t/s 5.383s
0824 01:40:07 ds4-server: chat ctx=0..122:122 prefill chunk 120/122 (98.4%) chunk=22.82 t/s avg=22.11 t/s 5.426s
0824 01:40:07 ds4-server: chat ctx=0..122:122 prefill chunk 121/122 (99.2%) chunk=23.56 t/s avg=22.13 t/s 5.469s
0824 01:40:07 ds4-server: chat ctx=0..122:122 prefill chunk 122/122 (100.0%) chunk=23.33 t/s avg=22.13 t/s 5.512s
0824 01:40:07 ds4-server: chat ctx=0..122:122 prompt done 5.512s
0824 01:40:09 ds4-server: chat ctx=122..172:50 gen=50 THINKING decoding chunk=23.06 t/s avg=23.06 t/s 2.168s
0824 01:40:11 ds4-server: chat ctx=172..222:50 gen=100 THINKING decoding chunk=22.87 t/s avg=22.96 t/s 4.355s
0824 01:40:14 ds4-server: chat ctx=222..272:50 gen=150 THINKING decoding chunk=22.81 t/s avg=22.91 t/s 6.547s
0824 01:40:16 ds4-server: chat ctx=272..322:50 gen=200 THINKING decoding chunk=22.56 t/s avg=22.82 t/s 8.763s
0824 01:40:18 ds4-server: chat ctx=322..372:50 gen=250 THINKING decoding chunk=22.44 t/s avg=22.75 t/s 10.991s
0824 01:40:20 ds4-server: chat ctx=372..422:50 gen=300 THINKING decoding chunk=22.29 t/s avg=22.67 t/s 13.234s
0824 01:40:23 ds4-server: chat ctx=422..472:50 gen=350 THINKING decoding chunk=22.16 t/s avg=22.59 t/s 15.490s
0824 01:40:25 ds4-server: chat ctx=472..522:50 gen=400 THINKING decoding chunk=22.02 t/s avg=22.52 t/s 17.761s
0824 01:40:27 ds4-server: chat ctx=522..572:50 gen=450 THINKING decoding chunk=21.87 t/s avg=22.45 t/s 20.047s
0824 01:40:29 ds4-server: chat ctx=572..622:50 gen=500 THINKING decoding chunk=21.73 t/s avg=22.37 t/s 22.348s
0824 01:40:32 ds4-server: chat ctx=622..672:50 gen=550 THINKING decoding chunk=21.58 t/s avg=22.30 t/s 24.665s
0824 01:40:34 ds4-server: chat ctx=672..722:50 gen=600 THINKING decoding chunk=21.46 t/s avg=22.23 t/s 26.995s
0824 01:40:36 ds4-server: chat ctx=722..772:50 gen=650 THINKING decoding chunk=21.31 t/s avg=22.15 t/s 29.341s
0824 01:40:39 ds4-server: chat ctx=772..822:50 gen=700 THINKING decoding chunk=21.13 t/s avg=22.08 t/s 31.707s
0824 01:40:41 ds4-server: chat ctx=822..872:50 gen=750 THINKING decoding chunk=21.04 t/s avg=22.00 t/s 34.084s
0824 01:40:44 ds4-server: chat ctx=872..922:50 gen=800 THINKING decoding chunk=20.92 t/s avg=21.93 t/s 36.474s
0824 01:40:46 ds4-server: chat ctx=922..972:50 gen=850 THINKING decoding chunk=20.82 t/s avg=21.86 t/s 38.876s
0824 01:40:48 ds4-server: chat ctx=972..1022:50 gen=900 THINKING decoding chunk=20.71 t/s avg=21.80 t/s 41.289s
0824 01:40:51 ds4-server: chat ctx=1022..1072:50 gen=950 THINKING decoding chunk=20.52 t/s avg=21.73 t/s 43.726s
0824 01:40:53 ds4-server: chat ctx=1072..1122:50 gen=1000 THINKING decoding chunk=20.48 t/s avg=21.66 t/s 46.167s
0824 01:40:56 ds4-server: chat ctx=1122..1172:50 gen=1050 THINKING decoding chunk=20.41 t/s avg=21.60 t/s 48.618s
0824 01:40:58 ds4-server: chat ctx=1172..1222:50 gen=1100 THINKING decoding chunk=20.26 t/s avg=21.53 t/s 51.086s
0824 01:41:01 ds4-server: chat ctx=1222..1272:50 gen=1150 THINKING decoding chunk=20.10 t/s avg=21.47 t/s 53.574s
0824 01:41:03 ds4-server: chat ctx=1272..1322:50 gen=1200 THINKING decoding chunk=19.95 t/s avg=21.40 t/s 56.080s
0824 01:41:06 ds4-server: chat ctx=1322..1372:50 gen=1250 THINKING decoding chunk=19.97 t/s avg=21.34 t/s 58.584s
0824 01:41:08 ds4-server: chat ctx=1372..1422:50 gen=1300 THINKING decoding chunk=19.73 t/s avg=21.27 t/s 61.118s
0824 01:41:11 ds4-server: chat ctx=1422..1472:50 gen=1350 THINKING decoding chunk=19.68 t/s avg=21.21 t/s 63.659s
0824 01:41:13 ds4-server: chat ctx=1472..1522:50 gen=1400 THINKING decoding chunk=19.54 t/s avg=21.14 t/s 66.218s
0824 01:41:16 ds4-server: chat ctx=1522..1572:50 gen=1450 THINKING decoding chunk=19.43 t/s avg=21.08 t/s 68.791s
0824 01:41:18 ds4-server: chat ctx=1572..1622:50 gen=1500 THINKING decoding chunk=19.28 t/s avg=21.01 t/s 71.385s
0824 01:41:21 ds4-server: chat ctx=1622..1672:50 gen=1550 THINKING decoding chunk=19.10 t/s avg=20.95 t/s 74.002s
0824 01:41:24 ds4-server: chat ctx=1672..1722:50 gen=1600 THINKING decoding chunk=19.06 t/s avg=20.88 t/s 76.625s
0824 01:41:26 ds4-server: chat ctx=1722..1772:50 gen=1650 THINKING decoding chunk=19.00 t/s avg=20.82 t/s 79.257s
0824 01:41:29 ds4-server: chat ctx=1772..1822:50 gen=1700 THINKING decoding chunk=18.82 t/s avg=20.75 t/s 81.914s
0824 01:41:32 ds4-server: chat ctx=1822..1872:50 gen=1750 THINKING decoding chunk=18.81 t/s avg=20.69 t/s 84.572s
0824 01:41:34 ds4-server: chat ctx=1872..1922:50 gen=1800 THINKING decoding chunk=18.70 t/s avg=20.63 t/s 87.245s
0824 01:41:37 ds4-server: chat ctx=1922..1972:50 gen=1850 THINKING decoding chunk=18.54 t/s avg=20.57 t/s 89.943s
0824 01:41:40 ds4-server: chat ctx=1972..2022:50 gen=1900 THINKING decoding chunk=18.44 t/s avg=20.51 t/s 92.654s
0824 01:41:42 ds4-server: chat ctx=2022..2072:50 gen=1950 THINKING decoding chunk=18.41 t/s avg=20.45 t/s 95.370s
0824 01:41:45 ds4-server: chat ctx=2072..2122:50 gen=2000 THINKING decoding chunk=18.26 t/s avg=20.39 t/s 98.108s
0824 01:41:48 ds4-server: chat ctx=2122..2172:50 gen=2050 THINKING decoding chunk=18.21 t/s avg=20.33 t/s 100.854s
0824 01:41:51 ds4-server: chat ctx=2172..2222:50 gen=2100 THINKING decoding chunk=18.13 t/s avg=20.27 t/s 103.612s
0824 01:41:53 ds4-server: chat ctx=2222..2272:50 gen=2150 THINKING decoding chunk=18.00 t/s avg=20.21 t/s 106.389s
0824 01:41:56 ds4-server: chat ctx=2272..2322:50 gen=2200 decoding chunk=17.91 t/s avg=20.15 t/s 109.180s
0824 01:41:59 ds4-server: chat ctx=2322..2372:50 gen=2250 decoding chunk=17.85 t/s avg=20.09 t/s 111.981s
0824 01:41:59 ds4-server: chat ctx=2372..2373:1 gen=2251 decoding chunk=17.72 t/s avg=20.09 t/s 112.038s
0824 01:41:59 ds4-server: thinking live checkpoint remembered ctx=0..122:122 live=2373 visible=716
0824 01:41:59 ds4-server: chat ctx=0..122:122 gen=2251 finish=stop 117.549s
0824 01:42:02 ds4-server: live kv cache miss live=2373 prompt=84 common=30 reason=token-mismatch
0824 01:42:02 ds4-server: chat ctx=0..84:84 prompt start
0824 01:42:02 ds4-server: chat ctx=0..84:84 prefill chunk 1/84 (1.2%) chunk=0.00 t/s avg=3.08 t/s 0.325s
0824 01:42:02 ds4-server: chat ctx=0..84:84 prefill chunk 2/84 (2.4%) chunk=23.92 t/s avg=5.46 t/s 0.366s
0824 01:42:02 ds4-server: chat ctx=0..84:84 prefill chunk 3/84 (3.6%) chunk=23.87 t/s avg=7.35 t/s 0.408s
0824 01:42:02 ds4-server: chat ctx=0..84:84 prefill chunk 4/84 (4.8%) chunk=22.97 t/s avg=8.85 t/s 0.452s
0824 01:42:02 ds4-server: chat ctx=0..84:84 prefill chunk 5/84 (6.0%) chunk=22.94 t/s avg=10.09 t/s 0.495s
0824 01:42:02 ds4-server: chat ctx=0..84:84 prefill chunk 6/84 (7.1%) chunk=23.68 t/s avg=11.16 t/s 0.538s
0824 01:42:02 ds4-server: chat ctx=0..84:84 prefill chunk 7/84 (8.3%) chunk=23.59 t/s avg=12.07 t/s 0.580s
0824 01:42:02 ds4-server: chat ctx=0..84:84 prefill chunk 8/84 (9.5%) chunk=23.08 t/s avg=12.83 t/s 0.623s
0824 01:42:02 ds4-server: chat ctx=0..84:84 prefill chunk 9/84 (10.7%) chunk=23.48 t/s avg=13.51 t/s 0.666s
0824 01:42:02 ds4-server: chat ctx=0..84:84 prefill chunk 10/84 (11.9%) chunk=23.65 t/s avg=14.12 t/s 0.708s
0824 01:42:02 ds4-server: chat ctx=0..84:84 prefill chunk 11/84 (13.1%) chunk=23.07 t/s avg=14.64 t/s 0.752s
0824 01:42:02 ds4-server: chat ctx=0..84:84 prefill chunk 12/84 (14.3%) chunk=23.02 t/s avg=15.09 t/s 0.795s
0824 01:42:02 ds4-server: chat ctx=0..84:84 prefill chunk 13/84 (15.5%) chunk=23.77 t/s avg=15.53 t/s 0.837s
0824 01:42:02 ds4-server: chat ctx=0..84:84 prefill chunk 14/84 (16.7%) chunk=23.41 t/s avg=15.91 t/s 0.880s
0824 01:42:03 ds4-server: chat ctx=0..84:84 prefill chunk 15/84 (17.9%) chunk=23.24 t/s avg=16.25 t/s 0.923s
0824 01:42:03 ds4-server: chat ctx=0..84:84 prefill chunk 16/84 (19.0%) chunk=23.56 t/s avg=16.58 t/s 0.965s
0824 01:42:03 ds4-server: chat ctx=0..84:84 prefill chunk 17/84 (20.2%) chunk=24.04 t/s avg=16.88 t/s 1.007s
0824 01:42:03 ds4-server: chat ctx=0..84:84 prefill chunk 18/84 (21.4%) chunk=23.93 t/s avg=17.16 t/s 1.049s
0824 01:42:03 ds4-server: chat ctx=0..84:84 prefill chunk 19/84 (22.6%) chunk=22.72 t/s avg=17.39 t/s 1.093s
0824 01:42:03 ds4-server: chat ctx=0..84:84 prefill chunk 20/84 (23.8%) chunk=23.76 t/s avg=17.62 t/s 1.135s
0824 01:42:03 ds4-server: chat ctx=0..84:84 prefill chunk 21/84 (25.0%) chunk=23.99 t/s avg=17.85 t/s 1.176s
0824 01:42:03 ds4-server: chat ctx=0..84:84 prefill chunk 22/84 (26.2%) chunk=22.69 t/s avg=18.02 t/s 1.221s
0824 01:42:03 ds4-server: chat ctx=0..84:84 prefill chunk 23/84 (27.4%) chunk=23.83 t/s avg=18.22 t/s 1.263s
0824 01:42:03 ds4-server: chat ctx=0..84:84 prefill chunk 24/84 (28.6%) chunk=24.08 t/s avg=18.40 t/s 1.304s
0824 01:42:03 ds4-server: chat ctx=0..84:84 prefill chunk 25/84 (29.8%) chunk=23.43 t/s avg=18.56 t/s 1.347s
0824 01:42:03 ds4-server: chat ctx=0..84:84 prefill chunk 26/84 (31.0%) chunk=22.93 t/s avg=18.70 t/s 1.390s
0824 01:42:03 ds4-server: chat ctx=0..84:84 prefill chunk 27/84 (32.1%) chunk=23.94 t/s avg=18.85 t/s 1.432s
0824 01:42:03 ds4-server: chat ctx=0..84:84 prefill chunk 28/84 (33.3%) chunk=23.77 t/s avg=18.99 t/s 1.474s
0824 01:42:03 ds4-server: chat ctx=0..84:84 prefill chunk 29/84 (34.5%) chunk=22.98 t/s avg=19.11 t/s 1.518s
0824 01:42:03 ds4-server: chat ctx=0..84:84 prefill chunk 30/84 (35.7%) chunk=23.19 t/s avg=19.22 t/s 1.561s
0824 01:42:03 ds4-server: chat ctx=0..84:84 prefill chunk 31/84 (36.9%) chunk=23.79 t/s avg=19.34 t/s 1.603s
0824 01:42:03 ds4-server: chat ctx=0..84:84 prefill chunk 32/84 (38.1%) chunk=23.48 t/s avg=19.45 t/s 1.645s
0824 01:42:03 ds4-server: chat ctx=0..84:84 prefill chunk 33/84 (39.3%) chunk=23.05 t/s avg=19.54 t/s 1.689s
0824 01:42:03 ds4-server: chat ctx=0..84:84 prefill chunk 34/84 (40.5%) chunk=23.30 t/s avg=19.63 t/s 1.732s
0824 01:42:03 ds4-server: chat ctx=0..84:84 prefill chunk 35/84 (41.7%) chunk=23.59 t/s avg=19.73 t/s 1.774s
0824 01:42:03 ds4-server: chat ctx=0..84:84 prefill chunk 36/84 (42.9%) chunk=22.92 t/s avg=19.80 t/s 1.818s
0824 01:42:03 ds4-server: chat ctx=0..84:84 prefill chunk 37/84 (44.0%) chunk=22.97 t/s avg=19.88 t/s 1.861s
0824 01:42:03 ds4-server: chat ctx=0..84:84 prefill chunk 38/84 (45.2%) chunk=23.77 t/s avg=19.96 t/s 1.903s
0824 01:42:04 ds4-server: chat ctx=0..84:84 prefill chunk 39/84 (46.4%) chunk=23.33 t/s avg=20.04 t/s 1.946s
0824 01:42:04 ds4-server: chat ctx=0..84:84 prefill chunk 40/84 (47.6%) chunk=22.78 t/s avg=20.10 t/s 1.990s
0824 01:42:04 ds4-server: chat ctx=0..84:84 prefill chunk 41/84 (48.8%) chunk=23.60 t/s avg=20.17 t/s 2.032s
0824 01:42:04 ds4-server: chat ctx=0..84:84 prefill chunk 42/84 (50.0%) chunk=23.60 t/s avg=20.24 t/s 2.075s
0824 01:42:04 ds4-server: chat ctx=0..84:84 prefill chunk 43/84 (51.2%) chunk=23.00 t/s avg=20.30 t/s 2.118s
0824 01:42:04 ds4-server: chat ctx=0..84:84 prefill chunk 44/84 (52.4%) chunk=23.02 t/s avg=20.35 t/s 2.162s
0824 01:42:04 ds4-server: chat ctx=0..84:84 prefill chunk 45/84 (53.6%) chunk=23.75 t/s avg=20.42 t/s 2.204s
0824 01:42:04 ds4-server: chat ctx=0..84:84 prefill chunk 46/84 (54.8%) chunk=23.38 t/s avg=20.47 t/s 2.247s
0824 01:42:04 ds4-server: chat ctx=0..84:84 prefill chunk 47/84 (56.0%) chunk=22.92 t/s avg=20.52 t/s 2.290s
0824 01:42:04 ds4-server: chat ctx=0..84:84 prefill chunk 48/84 (57.1%) chunk=23.34 t/s avg=20.57 t/s 2.333s
0824 01:42:04 ds4-server: chat ctx=0..84:84 prefill chunk 49/84 (58.3%) chunk=23.72 t/s avg=20.63 t/s 2.375s
0824 01:42:04 ds4-server: chat ctx=0..84:84 prefill chunk 50/84 (59.5%) chunk=22.50 t/s avg=20.66 t/s 2.420s
0824 01:42:04 ds4-server: chat ctx=0..84:84 prefill chunk 51/84 (60.7%) chunk=23.25 t/s avg=20.71 t/s 2.463s
0824 01:42:04 ds4-server: chat ctx=0..84:84 prefill chunk 52/84 (61.9%) chunk=23.75 t/s avg=20.76 t/s 2.505s
0824 01:42:04 ds4-server: chat ctx=0..84:84 prefill chunk 53/84 (63.1%) chunk=23.31 t/s avg=20.80 t/s 2.548s
0824 01:42:04 ds4-server: chat ctx=0..84:84 prefill chunk 54/84 (64.3%) chunk=22.54 t/s avg=20.83 t/s 2.592s
0824 01:42:04 ds4-server: chat ctx=0..84:84 prefill chunk 55/84 (65.5%) chunk=23.55 t/s avg=20.88 t/s 2.635s
0824 01:42:04 ds4-server: chat ctx=0..84:84 prefill chunk 56/84 (66.7%) chunk=23.56 t/s avg=20.92 t/s 2.677s
0824 01:42:04 ds4-server: chat ctx=0..84:84 prefill chunk 57/84 (67.9%) chunk=22.37 t/s avg=20.94 t/s 2.722s
0824 01:42:04 ds4-server: chat ctx=0..84:84 prefill chunk 58/84 (69.0%) chunk=23.42 t/s avg=20.98 t/s 2.764s
0824 01:42:04 ds4-server: chat ctx=0..84:84 prefill chunk 59/84 (70.2%) chunk=23.70 t/s avg=21.02 t/s 2.807s
0824 01:42:04 ds4-server: chat ctx=0..84:84 prefill chunk 60/84 (71.4%) chunk=23.37 t/s avg=21.06 t/s 2.849s
0824 01:42:04 ds4-server: chat ctx=0..84:84 prefill chunk 61/84 (72.6%) chunk=22.62 t/s avg=21.08 t/s 2.894s
0824 01:42:05 ds4-server: chat ctx=0..84:84 prefill chunk 62/84 (73.8%) chunk=23.49 t/s avg=21.12 t/s 2.936s
0824 01:42:05 ds4-server: chat ctx=0..84:84 prefill chunk 63/84 (75.0%) chunk=23.41 t/s avg=21.15 t/s 2.979s
0824 01:42:05 ds4-server: chat ctx=0..84:84 prefill chunk 64/84 (76.2%) chunk=22.78 t/s avg=21.17 t/s 3.023s
0824 01:42:05 ds4-server: chat ctx=0..84:84 prefill chunk 65/84 (77.4%) chunk=23.43 t/s avg=21.20 t/s 3.065s
0824 01:42:05 ds4-server: chat ctx=0..84:84 prefill chunk 66/84 (78.6%) chunk=23.50 t/s avg=21.24 t/s 3.108s
0824 01:42:05 ds4-server: chat ctx=0..84:84 prefill chunk 67/84 (79.8%) chunk=23.04 t/s avg=21.26 t/s 3.151s
0824 01:42:05 ds4-server: chat ctx=0..84:84 prefill chunk 68/84 (81.0%) chunk=22.99 t/s avg=21.28 t/s 3.195s
0824 01:42:05 ds4-server: chat ctx=0..84:84 prefill chunk 69/84 (82.1%) chunk=23.67 t/s avg=21.31 t/s 3.237s
0824 01:42:05 ds4-server: chat ctx=0..84:84 prefill chunk 70/84 (83.3%) chunk=23.36 t/s avg=21.34 t/s 3.280s
0824 01:42:05 ds4-server: chat ctx=0..84:84 prefill chunk 71/84 (84.5%) chunk=22.85 t/s avg=21.36 t/s 3.324s
0824 01:42:05 ds4-server: chat ctx=0..84:84 prefill chunk 72/84 (85.7%) chunk=23.67 t/s avg=21.39 t/s 3.366s
0824 01:42:05 ds4-server: chat ctx=0..84:84 prefill chunk 73/84 (86.9%) chunk=23.54 t/s avg=21.42 t/s 3.408s
0824 01:42:05 ds4-server: chat ctx=0..84:84 prefill chunk 74/84 (88.1%) chunk=23.06 t/s avg=21.44 t/s 3.452s
0824 01:42:05 ds4-server: chat ctx=0..84:84 prefill chunk 75/84 (89.3%) chunk=22.88 t/s avg=21.46 t/s 3.496s
0824 01:42:05 ds4-server: chat ctx=0..84:84 prefill chunk 76/84 (90.5%) chunk=23.83 t/s avg=21.48 t/s 3.538s
0824 01:42:05 ds4-server: chat ctx=0..84:84 prefill chunk 77/84 (91.7%) chunk=23.37 t/s avg=21.51 t/s 3.580s
0824 01:42:05 ds4-server: chat ctx=0..84:84 prefill chunk 78/84 (92.9%) chunk=22.63 t/s avg=21.52 t/s 3.624s
0824 01:42:05 ds4-server: chat ctx=0..84:84 prefill chunk 79/84 (94.0%) chunk=23.78 t/s avg=21.55 t/s 3.667s
0824 01:42:05 ds4-server: chat ctx=0..84:84 prefill chunk 80/84 (95.2%) chunk=23.75 t/s avg=21.57 t/s 3.709s
0824 01:42:05 ds4-server: chat ctx=0..84:84 prefill chunk 81/84 (96.4%) chunk=23.06 t/s avg=21.59 t/s 3.752s
0824 01:42:05 ds4-server: chat ctx=0..84:84 prefill chunk 82/84 (97.6%) chunk=22.84 t/s avg=21.60 t/s 3.796s
0824 01:42:05 ds4-server: chat ctx=0..84:84 prefill chunk 83/84 (98.8%) chunk=23.74 t/s avg=21.63 t/s 3.838s
0824 01:42:05 ds4-server: chat ctx=0..84:84 prefill chunk 84/84 (100.0%) chunk=23.42 t/s avg=21.65 t/s 3.881s
0824 01:42:05 ds4-server: chat ctx=0..84:84 prompt done 3.881s
0824 01:42:08 ds4-server: chat ctx=84..134:50 gen=50 THINKING decoding chunk=23.20 t/s avg=23.20 t/s 2.155s
0824 01:42:10 ds4-server: chat ctx=134..184:50 gen=100 THINKING decoding chunk=23.05 t/s avg=23.13 t/s 4.324s
0824 01:42:12 ds4-server: chat ctx=184..234:50 gen=150 THINKING decoding chunk=22.89 t/s avg=23.05 t/s 6.508s
0824 01:42:14 ds4-server: chat ctx=234..284:50 gen=200 THINKING decoding chunk=22.73 t/s avg=22.97 t/s 8.708s
0824 01:42:16 ds4-server: chat ctx=284..334:50 gen=250 THINKING decoding chunk=22.58 t/s avg=22.89 t/s 10.922s
0824 01:42:19 ds4-server: chat ctx=334..384:50 gen=300 THINKING decoding chunk=22.43 t/s avg=22.81 t/s 13.151s
0824 01:42:21 ds4-server: chat ctx=384..434:50 gen=350 THINKING decoding chunk=22.31 t/s avg=22.74 t/s 15.392s
0824 01:42:23 ds4-server: chat ctx=434..484:50 gen=400 THINKING decoding chunk=22.15 t/s avg=22.66 t/s 17.650s
0824 01:42:25 ds4-server: chat ctx=484..534:50 gen=450 THINKING decoding chunk=22.00 t/s avg=22.59 t/s 19.923s
0824 01:42:28 ds4-server: chat ctx=534..584:50 gen=500 THINKING decoding chunk=21.84 t/s avg=22.51 t/s 22.212s
0824 01:42:30 ds4-server: chat ctx=584..634:50 gen=550 THINKING decoding chunk=21.70 t/s avg=22.43 t/s 24.516s
0824 01:42:32 ds4-server: chat ctx=634..684:50 gen=600 THINKING decoding chunk=21.60 t/s avg=22.36 t/s 26.831s
0824 01:42:35 ds4-server: chat ctx=684..734:50 gen=650 THINKING decoding chunk=21.45 t/s avg=22.29 t/s 29.161s
0824 01:42:37 ds4-server: chat ctx=734..784:50 gen=700 THINKING decoding chunk=21.26 t/s avg=22.21 t/s 31.513s
0824 01:42:39 ds4-server: chat ctx=784..834:50 gen=750 THINKING decoding chunk=21.14 t/s avg=22.14 t/s 33.879s
0824 01:42:42 ds4-server: chat ctx=834..884:50 gen=800 THINKING decoding chunk=21.05 t/s avg=22.07 t/s 36.255s
0824 01:42:44 ds4-server: chat ctx=884..934:50 gen=850 THINKING decoding chunk=20.88 t/s avg=21.99 t/s 38.649s
0824 01:42:47 ds4-server: chat ctx=934..984:50 gen=900 THINKING decoding chunk=20.73 t/s avg=21.92 t/s 41.060s
0824 01:42:49 ds4-server: chat ctx=984..1034:50 gen=950 THINKING decoding chunk=20.67 t/s avg=21.85 t/s 43.479s
0824 01:42:51 ds4-server: chat ctx=1034..1084:50 gen=1000 decoding chunk=20.54 t/s avg=21.78 t/s 45.914s
0824 01:42:54 ds4-server: chat ctx=1084..1130:46 gen=1046 decoding chunk=20.44 t/s avg=21.72 t/s 48.164s
0824 01:42:54 ds4-server: thinking live checkpoint remembered ctx=0..84:84 live=1130 visible=619
0824 01:42:54 ds4-server: chat ctx=0..84:84 gen=1046 finish=stop 52.045s
0824 01:42:56 ds4-server: live kv cache miss live=1130 prompt=96 common=30 reason=token-mismatch
0824 01:42:56 ds4-server: chat ctx=0..96:96 prompt start
0824 01:42:57 ds4-server: chat ctx=0..96:96 prefill chunk 1/96 (1.0%) chunk=0.00 t/s avg=3.08 t/s 0.325s
0824 01:42:57 ds4-server: chat ctx=0..96:96 prefill chunk 2/96 (2.1%) chunk=23.81 t/s avg=5.45 t/s 0.367s
0824 01:42:57 ds4-server: chat ctx=0..96:96 prefill chunk 3/96 (3.1%) chunk=23.73 t/s avg=7.34 t/s 0.409s
0824 01:42:57 ds4-server: chat ctx=0..96:96 prefill chunk 4/96 (4.2%) chunk=23.45 t/s avg=8.86 t/s 0.452s
0824 01:42:57 ds4-server: chat ctx=0..96:96 prefill chunk 5/96 (5.2%) chunk=23.12 t/s avg=10.11 t/s 0.495s
0824 01:42:57 ds4-server: chat ctx=0..96:96 prefill chunk 6/96 (6.2%) chunk=23.77 t/s avg=11.18 t/s 0.537s
0824 01:42:57 ds4-server: chat ctx=0..96:96 prefill chunk 7/96 (7.3%) chunk=23.77 t/s avg=12.09 t/s 0.579s
0824 01:42:57 ds4-server: chat ctx=0..96:96 prefill chunk 8/96 (8.3%) chunk=22.91 t/s avg=12.85 t/s 0.623s
0824 01:42:57 ds4-server: chat ctx=0..96:96 prefill chunk 9/96 (9.4%) chunk=23.74 t/s avg=13.54 t/s 0.665s
0824 01:42:57 ds4-server: chat ctx=0..96:96 prefill chunk 10/96 (10.4%) chunk=23.61 t/s avg=14.14 t/s 0.707s
0824 01:42:57 ds4-server: chat ctx=0..96:96 prefill chunk 11/96 (11.5%) chunk=24.02 t/s avg=14.69 t/s 0.749s
0824 01:42:57 ds4-server: chat ctx=0..96:96 prefill chunk 12/96 (12.5%) chunk=22.97 t/s avg=15.15 t/s 0.792s
0824 01:42:57 ds4-server: chat ctx=0..96:96 prefill chunk 13/96 (13.5%) chunk=23.69 t/s avg=15.58 t/s 0.834s
0824 01:42:57 ds4-server: chat ctx=0..96:96 prefill chunk 14/96 (14.6%) chunk=23.65 t/s avg=15.97 t/s 0.877s
0824 01:42:57 ds4-server: chat ctx=0..96:96 prefill chunk 15/96 (15.6%) chunk=22.91 t/s avg=16.30 t/s 0.920s
0824 01:42:57 ds4-server: chat ctx=0..96:96 prefill chunk 16/96 (16.7%) chunk=23.52 t/s avg=16.62 t/s 0.963s
0824 01:42:57 ds4-server: chat ctx=0..96:96 prefill chunk 17/96 (17.7%) chunk=23.71 t/s avg=16.91 t/s 1.005s
0824 01:42:57 ds4-server: chat ctx=0..96:96 prefill chunk 18/96 (18.8%) chunk=23.58 t/s avg=17.18 t/s 1.047s
0824 01:42:57 ds4-server: chat ctx=0..96:96 prefill chunk 19/96 (19.8%) chunk=22.81 t/s avg=17.41 t/s 1.091s
0824 01:42:57 ds4-server: chat ctx=0..96:96 prefill chunk 20/96 (20.8%) chunk=23.90 t/s avg=17.65 t/s 1.133s
0824 01:42:57 ds4-server: chat ctx=0..96:96 prefill chunk 21/96 (21.9%) chunk=23.70 t/s avg=17.87 t/s 1.175s
0824 01:42:58 ds4-server: chat ctx=0..96:96 prefill chunk 22/96 (22.9%) chunk=22.94 t/s avg=18.05 t/s 1.219s
0824 01:42:58 ds4-server: chat ctx=0..96:96 prefill chunk 23/96 (24.0%) chunk=23.67 t/s avg=18.24 t/s 1.261s
0824 01:42:58 ds4-server: chat ctx=0..96:96 prefill chunk 24/96 (25.0%) chunk=23.69 t/s avg=18.41 t/s 1.303s
0824 01:42:58 ds4-server: chat ctx=0..96:96 prefill chunk 25/96 (26.0%) chunk=23.60 t/s avg=18.58 t/s 1.346s
0824 01:42:58 ds4-server: chat ctx=0..96:96 prefill chunk 26/96 (27.1%) chunk=23.00 t/s avg=18.72 t/s 1.389s
0824 01:42:58 ds4-server: chat ctx=0..96:96 prefill chunk 27/96 (28.1%) chunk=23.62 t/s avg=18.86 t/s 1.432s
0824 01:42:58 ds4-server: chat ctx=0..96:96 prefill chunk 28/96 (29.2%) chunk=23.44 t/s avg=18.99 t/s 1.474s
0824 01:42:58 ds4-server: chat ctx=0..96:96 prefill chunk 29/96 (30.2%) chunk=23.31 t/s avg=19.12 t/s 1.517s
0824 01:42:58 ds4-server: chat ctx=0..96:96 prefill chunk 30/96 (31.2%) chunk=23.08 t/s avg=19.23 t/s 1.560s
0824 01:42:58 ds4-server: chat ctx=0..96:96 prefill chunk 31/96 (32.3%) chunk=23.84 t/s avg=19.35 t/s 1.602s
0824 01:42:58 ds4-server: chat ctx=0..96:96 prefill chunk 32/96 (33.3%) chunk=23.45 t/s avg=19.45 t/s 1.645s
0824 01:42:58 ds4-server: chat ctx=0..96:96 prefill chunk 33/96 (34.4%) chunk=22.80 t/s avg=19.54 t/s 1.689s
0824 01:42:58 ds4-server: chat ctx=0..96:96 prefill chunk 34/96 (35.4%) chunk=23.60 t/s avg=19.64 t/s 1.731s
0824 01:42:58 ds4-server: chat ctx=0..96:96 prefill chunk 35/96 (36.5%) chunk=23.47 t/s avg=19.73 t/s 1.774s
0824 01:42:58 ds4-server: chat ctx=0..96:96 prefill chunk 36/96 (37.5%) chunk=23.39 t/s avg=19.82 t/s 1.817s
0824 01:42:58 ds4-server: chat ctx=0..96:96 prefill chunk 37/96 (38.5%) chunk=23.10 t/s avg=19.89 t/s 1.860s
0824 01:42:58 ds4-server: chat ctx=0..96:96 prefill chunk 38/96 (39.6%) chunk=23.70 t/s avg=19.98 t/s 1.902s
0824 01:42:58 ds4-server: chat ctx=0..96:96 prefill chunk 39/96 (40.6%) chunk=23.69 t/s avg=20.06 t/s 1.944s
0824 01:42:58 ds4-server: chat ctx=0..96:96 prefill chunk 40/96 (41.7%) chunk=23.03 t/s avg=20.12 t/s 1.988s
0824 01:42:58 ds4-server: chat ctx=0..96:96 prefill chunk 41/96 (42.7%) chunk=23.63 t/s avg=20.20 t/s 2.030s
0824 01:42:58 ds4-server: chat ctx=0..96:96 prefill chunk 42/96 (43.8%) chunk=23.72 t/s avg=20.27 t/s 2.072s
0824 01:42:58 ds4-server: chat ctx=0..96:96 prefill chunk 43/96 (44.8%) chunk=23.62 t/s avg=20.34 t/s 2.115s
0824 01:42:58 ds4-server: chat ctx=0..96:96 prefill chunk 44/96 (45.8%) chunk=22.75 t/s avg=20.38 t/s 2.158s
0824 01:42:59 ds4-server: chat ctx=0..96:96 prefill chunk 45/96 (46.9%) chunk=23.83 t/s avg=20.45 t/s 2.200s
0824 01:42:59 ds4-server: chat ctx=0..96:96 prefill chunk 46/96 (47.9%) chunk=23.29 t/s avg=20.50 t/s 2.243s
0824 01:42:59 ds4-server: chat ctx=0..96:96 prefill chunk 47/96 (49.0%) chunk=22.83 t/s avg=20.55 t/s 2.287s
0824 01:42:59 ds4-server: chat ctx=0..96:96 prefill chunk 48/96 (50.0%) chunk=23.36 t/s avg=20.60 t/s 2.330s
0824 01:42:59 ds4-server: chat ctx=0..96:96 prefill chunk 49/96 (51.0%) chunk=23.31 t/s avg=20.65 t/s 2.373s
0824 01:42:59 ds4-server: chat ctx=0..96:96 prefill chunk 50/96 (52.1%) chunk=23.89 t/s avg=20.71 t/s 2.415s
0824 01:42:59 ds4-server: chat ctx=0..96:96 prefill chunk 51/96 (53.1%) chunk=22.46 t/s avg=20.74 t/s 2.459s
0824 01:42:59 ds4-server: chat ctx=0..96:96 prefill chunk 52/96 (54.2%) chunk=23.72 t/s avg=20.79 t/s 2.501s
0824 01:42:59 ds4-server: chat ctx=0..96:96 prefill chunk 53/96 (55.2%) chunk=23.76 t/s avg=20.84 t/s 2.544s
0824 01:42:59 ds4-server: chat ctx=0..96:96 prefill chunk 54/96 (56.2%) chunk=22.67 t/s avg=20.87 t/s 2.588s
0824 01:42:59 ds4-server: chat ctx=0..96:96 prefill chunk 55/96 (57.3%) chunk=23.31 t/s avg=20.91 t/s 2.631s
0824 01:42:59 ds4-server: chat ctx=0..96:96 prefill chunk 56/96 (58.3%) chunk=23.69 t/s avg=20.95 t/s 2.673s
0824 01:42:59 ds4-server: chat ctx=0..96:96 prefill chunk 57/96 (59.4%) chunk=23.03 t/s avg=20.99 t/s 2.716s
0824 01:42:59 ds4-server: chat ctx=0..96:96 prefill chunk 58/96 (60.4%) chunk=22.94 t/s avg=21.02 t/s 2.760s
0824 01:42:59 ds4-server: chat ctx=0..96:96 prefill chunk 59/96 (61.5%) chunk=23.73 t/s avg=21.06 t/s 2.802s
0824 01:42:59 ds4-server: chat ctx=0..96:96 prefill chunk 60/96 (62.5%) chunk=23.57 t/s avg=21.09 t/s 2.844s
0824 01:42:59 ds4-server: chat ctx=0..96:96 prefill chunk 61/96 (63.5%) chunk=22.92 t/s avg=21.12 t/s 2.888s
0824 01:42:59 ds4-server: chat ctx=0..96:96 prefill chunk 62/96 (64.6%) chunk=23.34 t/s avg=21.15 t/s 2.931s
0824 01:42:59 ds4-server: chat ctx=0..96:96 prefill chunk 63/96 (65.6%) chunk=23.48 t/s avg=21.19 t/s 2.973s
0824 01:42:59 ds4-server: chat ctx=0..96:96 prefill chunk 64/96 (66.7%) chunk=23.73 t/s avg=21.22 t/s 3.016s
0824 01:42:59 ds4-server: chat ctx=0..96:96 prefill chunk 65/96 (67.7%) chunk=22.60 t/s avg=21.24 t/s 3.060s
0824 01:42:59 ds4-server: chat ctx=0..96:96 prefill chunk 66/96 (68.8%) chunk=23.89 t/s avg=21.28 t/s 3.102s
0824 01:42:59 ds4-server: chat ctx=0..96:96 prefill chunk 67/96 (69.8%) chunk=23.46 t/s avg=21.31 t/s 3.144s
0824 01:43:00 ds4-server: chat ctx=0..96:96 prefill chunk 68/96 (70.8%) chunk=22.83 t/s avg=21.33 t/s 3.188s
0824 01:43:00 ds4-server: chat ctx=0..96:96 prefill chunk 69/96 (71.9%) chunk=23.42 t/s avg=21.36 t/s 3.231s
0824 01:43:00 ds4-server: chat ctx=0..96:96 prefill chunk 70/96 (72.9%) chunk=23.37 t/s avg=21.38 t/s 3.274s
0824 01:43:00 ds4-server: chat ctx=0..96:96 prefill chunk 71/96 (74.0%) chunk=22.82 t/s avg=21.40 t/s 3.317s
0824 01:43:00 ds4-server: chat ctx=0..96:96 prefill chunk 72/96 (75.0%) chunk=23.56 t/s avg=21.43 t/s 3.360s
0824 01:43:00 ds4-server: chat ctx=0..96:96 prefill chunk 73/96 (76.0%) chunk=23.74 t/s avg=21.46 t/s 3.402s
0824 01:43:00 ds4-server: chat ctx=0..96:96 prefill chunk 74/96 (77.1%) chunk=23.53 t/s avg=21.48 t/s 3.444s
0824 01:43:00 ds4-server: chat ctx=0..96:96 prefill chunk 75/96 (78.1%) chunk=22.81 t/s avg=21.50 t/s 3.488s
0824 01:43:00 ds4-server: chat ctx=0..96:96 prefill chunk 76/96 (79.2%) chunk=23.41 t/s avg=21.52 t/s 3.531s
0824 01:43:00 ds4-server: chat ctx=0..96:96 prefill chunk 77/96 (80.2%) chunk=23.58 t/s avg=21.55 t/s 3.573s
0824 01:43:00 ds4-server: chat ctx=0..96:96 prefill chunk 78/96 (81.2%) chunk=22.68 t/s avg=21.56 t/s 3.618s
0824 01:43:00 ds4-server: chat ctx=0..96:96 prefill chunk 79/96 (82.3%) chunk=23.62 t/s avg=21.59 t/s 3.660s
0824 01:43:00 ds4-server: chat ctx=0..96:96 prefill chunk 80/96 (83.3%) chunk=23.81 t/s avg=21.61 t/s 3.702s
0824 01:43:00 ds4-server: chat ctx=0..96:96 prefill chunk 81/96 (84.4%) chunk=23.64 t/s avg=21.63 t/s 3.744s
0824 01:43:00 ds4-server: chat ctx=0..96:96 prefill chunk 82/96 (85.4%) chunk=22.84 t/s avg=21.65 t/s 3.788s
0824 01:43:00 ds4-server: chat ctx=0..96:96 prefill chunk 83/96 (86.5%) chunk=23.47 t/s avg=21.67 t/s 3.831s
0824 01:43:00 ds4-server: chat ctx=0..96:96 prefill chunk 84/96 (87.5%) chunk=23.47 t/s avg=21.69 t/s 3.873s
0824 01:43:00 ds4-server: chat ctx=0..96:96 prefill chunk 85/96 (88.5%) chunk=22.76 t/s avg=21.70 t/s 3.917s
0824 01:43:00 ds4-server: chat ctx=0..96:96 prefill chunk 86/96 (89.6%) chunk=23.48 t/s avg=21.72 t/s 3.960s
0824 01:43:00 ds4-server: chat ctx=0..96:96 prefill chunk 87/96 (90.6%) chunk=23.52 t/s avg=21.74 t/s 4.002s
0824 01:43:00 ds4-server: chat ctx=0..96:96 prefill chunk 88/96 (91.7%) chunk=23.33 t/s avg=21.75 t/s 4.045s
0824 01:43:00 ds4-server: chat ctx=0..96:96 prefill chunk 89/96 (92.7%) chunk=22.98 t/s avg=21.77 t/s 4.089s
0824 01:43:00 ds4-server: chat ctx=0..96:96 prefill chunk 90/96 (93.8%) chunk=23.26 t/s avg=21.78 t/s 4.132s
0824 01:43:00 ds4-server: chat ctx=0..96:96 prefill chunk 91/96 (94.8%) chunk=23.37 t/s avg=21.80 t/s 4.174s
0824 01:43:01 ds4-server: chat ctx=0..96:96 prefill chunk 92/96 (95.8%) chunk=22.82 t/s avg=21.81 t/s 4.218s
0824 01:43:01 ds4-server: chat ctx=0..96:96 prefill chunk 93/96 (96.9%) chunk=23.54 t/s avg=21.83 t/s 4.261s
0824 01:43:01 ds4-server: chat ctx=0..96:96 prefill chunk 94/96 (97.9%) chunk=23.64 t/s avg=21.85 t/s 4.303s
0824 01:43:01 ds4-server: chat ctx=0..96:96 prefill chunk 95/96 (99.0%) chunk=22.90 t/s avg=21.86 t/s 4.347s
0824 01:43:01 ds4-server: chat ctx=0..96:96 prefill chunk 96/96 (100.0%) chunk=22.90 t/s avg=21.87 t/s 4.390s
0824 01:43:01 ds4-server: chat ctx=0..96:96 prompt done 4.390s
0824 01:43:03 ds4-server: chat ctx=96..146:50 gen=50 THINKING decoding chunk=23.15 t/s avg=23.15 t/s 2.160s
0824 01:43:05 ds4-server: chat ctx=146..196:50 gen=100 THINKING decoding chunk=22.97 t/s avg=23.06 t/s 4.336s
0824 01:43:07 ds4-server: chat ctx=196..246:50 gen=150 THINKING decoding chunk=22.85 t/s avg=22.99 t/s 6.524s
0824 01:43:09 ds4-server: chat ctx=246..296:50 gen=200 THINKING decoding chunk=22.66 t/s avg=22.91 t/s 8.731s
0824 01:43:12 ds4-server: chat ctx=296..346:50 gen=250 THINKING decoding chunk=22.51 t/s avg=22.83 t/s 10.952s
0824 01:43:14 ds4-server: chat ctx=346..396:50 gen=300 THINKING decoding chunk=22.41 t/s avg=22.76 t/s 13.183s
0824 01:43:16 ds4-server: chat ctx=396..446:50 gen=350 THINKING decoding chunk=22.26 t/s avg=22.68 t/s 15.429s
0824 01:43:18 ds4-server: chat ctx=446..496:50 gen=400 THINKING decoding chunk=22.10 t/s avg=22.61 t/s 17.691s
0824 01:43:21 ds4-server: chat ctx=496..546:50 gen=450 THINKING decoding chunk=21.95 t/s avg=22.54 t/s 19.969s
0824 01:43:23 ds4-server: chat ctx=546..596:50 gen=500 THINKING decoding chunk=21.78 t/s avg=22.46 t/s 22.264s
0824 01:43:25 ds4-server: chat ctx=596..646:50 gen=550 THINKING decoding chunk=21.70 t/s avg=22.39 t/s 24.569s
0824 01:43:28 ds4-server: chat ctx=646..696:50 gen=600 THINKING decoding chunk=21.56 t/s avg=22.31 t/s 26.888s
0824 01:43:30 ds4-server: chat ctx=696..746:50 gen=650 THINKING decoding chunk=21.36 t/s avg=22.24 t/s 29.229s
0824 01:43:32 ds4-server: chat ctx=746..796:50 gen=700 THINKING decoding chunk=21.25 t/s avg=22.16 t/s 31.582s
0824 01:43:35 ds4-server: chat ctx=796..846:50 gen=750 THINKING decoding chunk=21.11 t/s avg=22.09 t/s 33.950s
0824 01:43:37 ds4-server: chat ctx=846..896:50 gen=800 THINKING decoding chunk=21.00 t/s avg=22.02 t/s 36.331s
0824 01:43:39 ds4-server: chat ctx=896..946:50 gen=850 THINKING decoding chunk=20.85 t/s avg=21.95 t/s 38.729s
0824 01:43:42 ds4-server: chat ctx=946..996:50 gen=900 THINKING decoding chunk=20.76 t/s avg=21.88 t/s 41.137s
0824 01:43:44 ds4-server: chat ctx=996..1036:40 gen=940 decoding chunk=20.66 t/s avg=21.82 t/s 43.074s
0824 01:43:44 ds4-server: thinking live checkpoint remembered ctx=0..96:96 live=1036 visible=505
0824 01:43:44 ds4-server: chat ctx=0..96:96 gen=940 finish=stop 47.464s
0824 01:43:46 ds4-server: live kv cache miss live=1036 prompt=126 common=37 reason=token-mismatch
0824 01:43:46 ds4-server: chat ctx=0..126:126 prompt start
0824 01:43:47 ds4-server: chat ctx=0..126:126 prefill chunk 1/126 (0.8%) chunk=0.00 t/s avg=3.10 t/s 0.323s
0824 01:43:47 ds4-server: chat ctx=0..126:126 prefill chunk 2/126 (1.6%) chunk=23.92 t/s avg=5.49 t/s 0.364s
0824 01:43:47 ds4-server: chat ctx=0..126:126 prefill chunk 3/126 (2.4%) chunk=23.36 t/s avg=7.37 t/s 0.407s
0824 01:43:47 ds4-server: chat ctx=0..126:126 prefill chunk 4/126 (3.2%) chunk=23.64 t/s avg=8.90 t/s 0.450s
0824 01:43:47 ds4-server: chat ctx=0..126:126 prefill chunk 5/126 (4.0%) chunk=23.13 t/s avg=10.15 t/s 0.493s
0824 01:43:47 ds4-server: chat ctx=0..126:126 prefill chunk 6/126 (4.8%) chunk=23.90 t/s avg=11.22 t/s 0.535s
0824 01:43:47 ds4-server: chat ctx=0..126:126 prefill chunk 7/126 (5.6%) chunk=23.51 t/s avg=12.13 t/s 0.577s
0824 01:43:47 ds4-server: chat ctx=0..126:126 prefill chunk 8/126 (6.3%) chunk=23.09 t/s avg=12.89 t/s 0.621s
0824 01:43:47 ds4-server: chat ctx=0..126:126 prefill chunk 9/126 (7.1%) chunk=23.62 t/s avg=13.58 t/s 0.663s
0824 01:43:47 ds4-server: chat ctx=0..126:126 prefill chunk 10/126 (7.9%) chunk=24.06 t/s avg=14.20 t/s 0.704s
0824 01:43:47 ds4-server: chat ctx=0..126:126 prefill chunk 11/126 (8.7%) chunk=23.58 t/s avg=14.73 t/s 0.747s
0824 01:43:47 ds4-server: chat ctx=0..126:126 prefill chunk 12/126 (9.5%) chunk=22.55 t/s avg=15.17 t/s 0.791s
0824 01:43:47 ds4-server: chat ctx=0..126:126 prefill chunk 13/126 (10.3%) chunk=23.78 t/s avg=15.60 t/s 0.833s
0824 01:43:47 ds4-server: chat ctx=0..126:126 prefill chunk 14/126 (11.1%) chunk=23.71 t/s avg=15.99 t/s 0.875s
0824 01:43:47 ds4-server: chat ctx=0..126:126 prefill chunk 15/126 (11.9%) chunk=22.80 t/s avg=16.32 t/s 0.919s
0824 01:43:47 ds4-server: chat ctx=0..126:126 prefill chunk 16/126 (12.7%) chunk=23.65 t/s avg=16.64 t/s 0.962s
0824 01:43:47 ds4-server: chat ctx=0..126:126 prefill chunk 17/126 (13.5%) chunk=23.71 t/s avg=16.94 t/s 1.004s
0824 01:43:47 ds4-server: chat ctx=0..126:126 prefill chunk 18/126 (14.3%) chunk=23.77 t/s avg=17.21 t/s 1.046s
0824 01:43:47 ds4-server: chat ctx=0..126:126 prefill chunk 19/126 (15.1%) chunk=23.05 t/s avg=17.45 t/s 1.089s
0824 01:43:47 ds4-server: chat ctx=0..126:126 prefill chunk 20/126 (15.9%) chunk=23.48 t/s avg=17.67 t/s 1.132s
0824 01:43:47 ds4-server: chat ctx=0..126:126 prefill chunk 21/126 (16.7%) chunk=23.41 t/s avg=17.88 t/s 1.174s
0824 01:43:47 ds4-server: chat ctx=0..126:126 prefill chunk 22/126 (17.5%) chunk=23.21 t/s avg=18.07 t/s 1.218s
0824 01:43:47 ds4-server: chat ctx=0..126:126 prefill chunk 23/126 (18.3%) chunk=23.40 t/s avg=18.25 t/s 1.260s
0824 01:43:47 ds4-server: chat ctx=0..126:126 prefill chunk 24/126 (19.0%) chunk=24.01 t/s avg=18.43 t/s 1.302s
0824 01:43:48 ds4-server: chat ctx=0..126:126 prefill chunk 25/126 (19.8%) chunk=23.32 t/s avg=18.59 t/s 1.345s
0824 01:43:48 ds4-server: chat ctx=0..126:126 prefill chunk 26/126 (20.6%) chunk=23.05 t/s avg=18.73 t/s 1.388s
0824 01:43:48 ds4-server: chat ctx=0..126:126 prefill chunk 27/126 (21.4%) chunk=23.67 t/s avg=18.88 t/s 1.430s
0824 01:43:48 ds4-server: chat ctx=0..126:126 prefill chunk 28/126 (22.2%) chunk=23.46 t/s avg=19.01 t/s 1.473s
0824 01:43:48 ds4-server: chat ctx=0..126:126 prefill chunk 29/126 (23.0%) chunk=23.30 t/s avg=19.13 t/s 1.516s
0824 01:43:48 ds4-server: chat ctx=0..126:126 prefill chunk 30/126 (23.8%) chunk=23.13 t/s avg=19.24 t/s 1.559s
0824 01:43:48 ds4-server: chat ctx=0..126:126 prefill chunk 31/126 (24.6%) chunk=23.82 t/s avg=19.36 t/s 1.601s
0824 01:43:48 ds4-server: chat ctx=0..126:126 prefill chunk 32/126 (25.4%) chunk=23.37 t/s avg=19.46 t/s 1.644s
0824 01:43:48 ds4-server: chat ctx=0..126:126 prefill chunk 33/126 (26.2%) chunk=22.94 t/s avg=19.55 t/s 1.688s
0824 01:43:48 ds4-server: chat ctx=0..126:126 prefill chunk 34/126 (27.0%) chunk=23.43 t/s avg=19.65 t/s 1.730s
0824 01:43:48 ds4-server: chat ctx=0..126:126 prefill chunk 35/126 (27.8%) chunk=23.53 t/s avg=19.74 t/s 1.773s
0824 01:43:48 ds4-server: chat ctx=0..126:126 prefill chunk 36/126 (28.6%) chunk=23.76 t/s avg=19.84 t/s 1.815s
0824 01:43:48 ds4-server: chat ctx=0..126:126 prefill chunk 37/126 (29.4%) chunk=22.74 t/s avg=19.91 t/s 1.859s
0824 01:43:48 ds4-server: chat ctx=0..126:126 prefill chunk 38/126 (30.2%) chunk=23.79 t/s avg=19.99 t/s 1.901s
0824 01:43:48 ds4-server: chat ctx=0..126:126 prefill chunk 39/126 (31.0%) chunk=23.55 t/s avg=20.07 t/s 1.943s
0824 01:43:48 ds4-server: chat ctx=0..126:126 prefill chunk 40/126 (31.7%) chunk=22.77 t/s avg=20.13 t/s 1.987s
0824 01:43:48 ds4-server: chat ctx=0..126:126 prefill chunk 41/126 (32.5%) chunk=23.53 t/s avg=20.20 t/s 2.030s
0824 01:43:48 ds4-server: chat ctx=0..126:126 prefill chunk 42/126 (33.3%) chunk=23.35 t/s avg=20.26 t/s 2.073s
0824 01:43:48 ds4-server: chat ctx=0..126:126 prefill chunk 43/126 (34.1%) chunk=23.58 t/s avg=20.33 t/s 2.115s
0824 01:43:48 ds4-server: chat ctx=0..126:126 prefill chunk 44/126 (34.9%) chunk=22.73 t/s avg=20.38 t/s 2.159s
0824 01:43:48 ds4-server: chat ctx=0..126:126 prefill chunk 45/126 (35.7%) chunk=23.66 t/s avg=20.44 t/s 2.201s
0824 01:43:48 ds4-server: chat ctx=0..126:126 prefill chunk 46/126 (36.5%) chunk=23.41 t/s avg=20.50 t/s 2.244s
0824 01:43:48 ds4-server: chat ctx=0..126:126 prefill chunk 47/126 (37.3%) chunk=22.80 t/s avg=20.54 t/s 2.288s
0824 01:43:49 ds4-server: chat ctx=0..126:126 prefill chunk 48/126 (38.1%) chunk=23.48 t/s avg=20.60 t/s 2.330s
0824 01:43:49 ds4-server: chat ctx=0..126:126 prefill chunk 49/126 (38.9%) chunk=23.48 t/s avg=20.65 t/s 2.373s
0824 01:43:49 ds4-server: chat ctx=0..126:126 prefill chunk 50/126 (39.7%) chunk=23.25 t/s avg=20.70 t/s 2.416s
0824 01:43:49 ds4-server: chat ctx=0..126:126 prefill chunk 51/126 (40.5%) chunk=23.08 t/s avg=20.74 t/s 2.459s
0824 01:43:49 ds4-server: chat ctx=0..126:126 prefill chunk 52/126 (41.3%) chunk=23.63 t/s avg=20.79 t/s 2.502s
0824 01:43:49 ds4-server: chat ctx=0..126:126 prefill chunk 53/126 (42.1%) chunk=23.54 t/s avg=20.83 t/s 2.544s
0824 01:43:49 ds4-server: chat ctx=0..126:126 prefill chunk 54/126 (42.9%) chunk=22.87 t/s avg=20.87 t/s 2.588s
0824 01:43:49 ds4-server: chat ctx=0..126:126 prefill chunk 55/126 (43.7%) chunk=23.41 t/s avg=20.91 t/s 2.631s
0824 01:43:49 ds4-server: chat ctx=0..126:126 prefill chunk 56/126 (44.4%) chunk=23.41 t/s avg=20.95 t/s 2.673s
0824 01:43:49 ds4-server: chat ctx=0..126:126 prefill chunk 57/126 (45.2%) chunk=23.78 t/s avg=20.99 t/s 2.715s
0824 01:43:49 ds4-server: chat ctx=0..126:126 prefill chunk 58/126 (46.0%) chunk=22.87 t/s avg=21.02 t/s 2.759s
0824 01:43:49 ds4-server: chat ctx=0..126:126 prefill chunk 59/126 (46.8%) chunk=23.52 t/s avg=21.06 t/s 2.802s
0824 01:43:49 ds4-server: chat ctx=0..126:126 prefill chunk 60/126 (47.6%) chunk=23.39 t/s avg=21.09 t/s 2.844s
0824 01:43:49 ds4-server: chat ctx=0..126:126 prefill chunk 61/126 (48.4%) chunk=22.83 t/s avg=21.12 t/s 2.888s
0824 01:43:49 ds4-server: chat ctx=0..126:126 prefill chunk 62/126 (49.2%) chunk=23.37 t/s avg=21.15 t/s 2.931s
0824 01:43:49 ds4-server: chat ctx=0..126:126 prefill chunk 63/126 (50.0%) chunk=23.40 t/s avg=21.19 t/s 2.974s
0824 01:43:49 ds4-server: chat ctx=0..126:126 prefill chunk 64/126 (50.8%) chunk=23.26 t/s avg=21.22 t/s 3.017s
0824 01:43:49 ds4-server: chat ctx=0..126:126 prefill chunk 65/126 (51.6%) chunk=22.76 t/s avg=21.24 t/s 3.061s
0824 01:43:49 ds4-server: chat ctx=0..126:126 prefill chunk 66/126 (52.4%) chunk=23.48 t/s avg=21.27 t/s 3.103s
0824 01:43:49 ds4-server: chat ctx=0..126:126 prefill chunk 67/126 (53.2%) chunk=23.63 t/s avg=21.30 t/s 3.145s
0824 01:43:49 ds4-server: chat ctx=0..126:126 prefill chunk 68/126 (54.0%) chunk=22.85 t/s avg=21.32 t/s 3.189s
0824 01:43:49 ds4-server: chat ctx=0..126:126 prefill chunk 69/126 (54.8%) chunk=23.63 t/s avg=21.35 t/s 3.232s
0824 01:43:49 ds4-server: chat ctx=0..126:126 prefill chunk 70/126 (55.6%) chunk=23.41 t/s avg=21.38 t/s 3.274s
0824 01:43:50 ds4-server: chat ctx=0..126:126 prefill chunk 71/126 (56.3%) chunk=23.73 t/s avg=21.41 t/s 3.316s
0824 01:43:50 ds4-server: chat ctx=0..126:126 prefill chunk 72/126 (57.1%) chunk=22.64 t/s avg=21.42 t/s 3.361s
0824 01:43:50 ds4-server: chat ctx=0..126:126 prefill chunk 73/126 (57.9%) chunk=23.70 t/s avg=21.45 t/s 3.403s
0824 01:43:50 ds4-server: chat ctx=0..126:126 prefill chunk 74/126 (58.7%) chunk=23.58 t/s avg=21.48 t/s 3.445s
0824 01:43:50 ds4-server: chat ctx=0..126:126 prefill chunk 75/126 (59.5%) chunk=22.99 t/s avg=21.50 t/s 3.489s
0824 01:43:50 ds4-server: chat ctx=0..126:126 prefill chunk 76/126 (60.3%) chunk=23.57 t/s avg=21.52 t/s 3.531s
0824 01:43:50 ds4-server: chat ctx=0..126:126 prefill chunk 77/126 (61.1%) chunk=23.49 t/s avg=21.55 t/s 3.574s
0824 01:43:50 ds4-server: chat ctx=0..126:126 prefill chunk 78/126 (61.9%) chunk=23.32 t/s avg=21.57 t/s 3.617s
0824 01:43:50 ds4-server: chat ctx=0..126:126 prefill chunk 79/126 (62.7%) chunk=23.22 t/s avg=21.59 t/s 3.660s
0824 01:43:50 ds4-server: chat ctx=0..126:126 prefill chunk 80/126 (63.5%) chunk=23.72 t/s avg=21.61 t/s 3.702s
0824 01:43:50 ds4-server: chat ctx=0..126:126 prefill chunk 81/126 (64.3%) chunk=23.60 t/s avg=21.63 t/s 3.744s
0824 01:43:50 ds4-server: chat ctx=0..126:126 prefill chunk 82/126 (65.1%) chunk=22.73 t/s avg=21.65 t/s 3.788s
0824 01:43:50 ds4-server: chat ctx=0..126:126 prefill chunk 83/126 (65.9%) chunk=23.60 t/s avg=21.67 t/s 3.831s
0824 01:43:50 ds4-server: chat ctx=0..126:126 prefill chunk 84/126 (66.7%) chunk=23.32 t/s avg=21.69 t/s 3.873s
0824 01:43:50 ds4-server: chat ctx=0..126:126 prefill chunk 85/126 (67.5%) chunk=23.17 t/s avg=21.70 t/s 3.917s
0824 01:43:50 ds4-server: chat ctx=0..126:126 prefill chunk 86/126 (68.3%) chunk=23.04 t/s avg=21.72 t/s 3.960s
0824 01:43:50 ds4-server: chat ctx=0..126:126 prefill chunk 87/126 (69.0%) chunk=23.71 t/s avg=21.74 t/s 4.002s
0824 01:43:50 ds4-server: chat ctx=0..126:126 prefill chunk 88/126 (69.8%) chunk=23.49 t/s avg=21.76 t/s 4.045s
0824 01:43:50 ds4-server: chat ctx=0..126:126 prefill chunk 89/126 (70.6%) chunk=22.74 t/s avg=21.77 t/s 4.089s
0824 01:43:50 ds4-server: chat ctx=0..126:126 prefill chunk 90/126 (71.4%) chunk=23.46 t/s avg=21.78 t/s 4.131s
0824 01:43:50 ds4-server: chat ctx=0..126:126 prefill chunk 91/126 (72.2%) chunk=23.39 t/s avg=21.80 t/s 4.174s
0824 01:43:50 ds4-server: chat ctx=0..126:126 prefill chunk 92/126 (73.0%) chunk=23.29 t/s avg=21.82 t/s 4.217s
0824 01:43:50 ds4-server: chat ctx=0..126:126 prefill chunk 93/126 (73.8%) chunk=22.91 t/s avg=21.83 t/s 4.261s
0824 01:43:50 ds4-server: chat ctx=0..126:126 prefill chunk 94/126 (74.6%) chunk=23.70 t/s avg=21.85 t/s 4.303s
0824 01:43:51 ds4-server: chat ctx=0..126:126 prefill chunk 95/126 (75.4%) chunk=23.50 t/s avg=21.86 t/s 4.345s
0824 01:43:51 ds4-server: chat ctx=0..126:126 prefill chunk 96/126 (76.2%) chunk=22.83 t/s avg=21.87 t/s 4.389s
0824 01:43:51 ds4-server: chat ctx=0..126:126 prefill chunk 97/126 (77.0%) chunk=23.48 t/s avg=21.89 t/s 4.432s
0824 01:43:51 ds4-server: chat ctx=0..126:126 prefill chunk 98/126 (77.8%) chunk=23.24 t/s avg=21.90 t/s 4.475s
0824 01:43:51 ds4-server: chat ctx=0..126:126 prefill chunk 99/126 (78.6%) chunk=22.70 t/s avg=21.91 t/s 4.519s
0824 01:43:51 ds4-server: chat ctx=0..126:126 prefill chunk 100/126 (79.4%) chunk=23.33 t/s avg=21.92 t/s 4.562s
0824 01:43:51 ds4-server: chat ctx=0..126:126 prefill chunk 101/126 (80.2%) chunk=23.77 t/s avg=21.94 t/s 4.604s
0824 01:43:51 ds4-server: chat ctx=0..126:126 prefill chunk 102/126 (81.0%) chunk=23.44 t/s avg=21.95 t/s 4.647s
0824 01:43:51 ds4-server: chat ctx=0..126:126 prefill chunk 103/126 (81.7%) chunk=22.26 t/s avg=21.95 t/s 4.691s
0824 01:43:51 ds4-server: chat ctx=0..126:126 prefill chunk 104/126 (82.5%) chunk=23.77 t/s avg=21.97 t/s 4.734s
0824 01:43:51 ds4-server: chat ctx=0..126:126 prefill chunk 105/126 (83.3%) chunk=23.58 t/s avg=21.99 t/s 4.776s
0824 01:43:51 ds4-server: chat ctx=0..126:126 prefill chunk 106/126 (84.1%) chunk=22.82 t/s avg=21.99 t/s 4.820s
0824 01:43:51 ds4-server: chat ctx=0..126:126 prefill chunk 107/126 (84.9%) chunk=23.31 t/s avg=22.00 t/s 4.863s
0824 01:43:51 ds4-server: chat ctx=0..126:126 prefill chunk 108/126 (85.7%) chunk=23.63 t/s avg=22.02 t/s 4.905s
0824 01:43:51 ds4-server: chat ctx=0..126:126 prefill chunk 109/126 (86.5%) chunk=23.31 t/s avg=22.03 t/s 4.948s
0824 01:43:51 ds4-server: chat ctx=0..126:126 prefill chunk 110/126 (87.3%) chunk=22.30 t/s avg=22.03 t/s 4.993s
0824 01:43:51 ds4-server: chat ctx=0..126:126 prefill chunk 111/126 (88.1%) chunk=23.62 t/s avg=22.05 t/s 5.035s
0824 01:43:51 ds4-server: chat ctx=0..126:126 prefill chunk 112/126 (88.9%) chunk=23.27 t/s avg=22.06 t/s 5.078s
0824 01:43:51 ds4-server: chat ctx=0..126:126 prefill chunk 113/126 (89.7%) chunk=22.33 t/s avg=22.06 t/s 5.123s
0824 01:43:51 ds4-server: chat ctx=0..126:126 prefill chunk 114/126 (90.5%) chunk=23.54 t/s avg=22.07 t/s 5.165s
0824 01:43:51 ds4-server: chat ctx=0..126:126 prefill chunk 115/126 (91.3%) chunk=23.42 t/s avg=22.08 t/s 5.208s
0824 01:43:51 ds4-server: chat ctx=0..126:126 prefill chunk 116/126 (92.1%) chunk=23.25 t/s avg=22.09 t/s 5.251s
0824 01:43:51 ds4-server: chat ctx=0..126:126 prefill chunk 117/126 (92.9%) chunk=22.62 t/s avg=22.10 t/s 5.295s
0824 01:43:52 ds4-server: chat ctx=0..126:126 prefill chunk 118/126 (93.7%) chunk=23.55 t/s avg=22.11 t/s 5.338s
0824 01:43:52 ds4-server: chat ctx=0..126:126 prefill chunk 119/126 (94.4%) chunk=23.41 t/s avg=22.12 t/s 5.380s
0824 01:43:52 ds4-server: chat ctx=0..126:126 prefill chunk 120/126 (95.2%) chunk=22.36 t/s avg=22.12 t/s 5.425s
0824 01:43:52 ds4-server: chat ctx=0..126:126 prefill chunk 121/126 (96.0%) chunk=23.51 t/s avg=22.13 t/s 5.468s
0824 01:43:52 ds4-server: chat ctx=0..126:126 prefill chunk 122/126 (96.8%) chunk=23.32 t/s avg=22.14 t/s 5.511s
0824 01:43:52 ds4-server: chat ctx=0..126:126 prefill chunk 123/126 (97.6%) chunk=22.78 t/s avg=22.14 t/s 5.554s
0824 01:43:52 ds4-server: chat ctx=0..126:126 prefill chunk 124/126 (98.4%) chunk=23.37 t/s avg=22.15 t/s 5.597s
0824 01:43:52 ds4-server: chat ctx=0..126:126 prefill chunk 125/126 (99.2%) chunk=23.15 t/s avg=22.16 t/s 5.640s
0824 01:43:52 ds4-server: chat ctx=0..126:126 prefill chunk 126/126 (100.0%) chunk=23.24 t/s avg=22.17 t/s 5.683s
0824 01:43:52 ds4-server: chat ctx=0..126:126 prompt done 5.684s
0824 01:43:54 ds4-server: chat ctx=126..176:50 gen=50 THINKING decoding chunk=23.05 t/s avg=23.05 t/s 2.169s
0824 01:43:56 ds4-server: chat ctx=176..226:50 gen=100 THINKING decoding chunk=23.15 t/s avg=23.10 t/s 4.329s
0824 01:43:58 ds4-server: chat ctx=226..276:50 gen=150 THINKING decoding chunk=22.75 t/s avg=22.98 t/s 6.527s
0824 01:44:01 ds4-server: chat ctx=276..326:50 gen=200 THINKING decoding chunk=22.61 t/s avg=22.89 t/s 8.738s
0824 01:44:03 ds4-server: chat ctx=326..376:50 gen=250 THINKING decoding chunk=22.49 t/s avg=22.81 t/s 10.961s
0824 01:44:05 ds4-server: chat ctx=376..426:50 gen=300 THINKING decoding chunk=22.29 t/s avg=22.72 t/s 13.204s
0824 01:44:07 ds4-server: chat ctx=426..476:50 gen=350 THINKING decoding chunk=22.15 t/s avg=22.64 t/s 15.461s
0824 01:44:10 ds4-server: chat ctx=476..526:50 gen=400 THINKING decoding chunk=22.01 t/s avg=22.56 t/s 17.733s
0824 01:44:12 ds4-server: chat ctx=526..576:50 gen=450 THINKING decoding chunk=21.90 t/s avg=22.48 t/s 20.016s
0824 01:44:14 ds4-server: chat ctx=576..626:50 gen=500 decoding chunk=21.73 t/s avg=22.40 t/s 22.317s
0824 01:44:16 ds4-server: chat ctx=626..676:50 gen=550 decoding chunk=21.62 t/s avg=22.33 t/s 24.629s
0824 01:44:18 ds4-server: chat ctx=676..709:33 gen=583 decoding chunk=21.49 t/s avg=22.28 t/s 26.165s
0824 01:44:18 ds4-server: thinking live checkpoint remembered ctx=0..126:126 live=709 visible=874
0824 01:44:18 ds4-server: chat ctx=0..126:126 gen=583 finish=stop 31.848s
