ds4: Metal device Apple M4 Pro, 48.00 GiB RAM
ds4: Metal 4 tensor API disabled for pre-M5/pre-A19 devices
ds4: drift-patch flags hc_stable=on norm_unify=on kv_raw_f32=off rope_exp2_log2=off math_safe=off tensor_matmul=off
ds4: Metal model views created in 1.887 ms, residency requested in 269.619 ms, warmup 2.794 ms (mapped 30358.12 MiB from offset 10.48 MiB)
ds4: Metal mapped mmaped model as 2 overlapping shared buffers
ds4: metal backend initialized for graph diagnostics
ds4: memory: KV 0.17 GiB (raw 0.17 + compressed 0.00) + buffers 0.00 GiB + resident model 29.65 GiB = 29.81 GiB planned
ds4: memory detail: ctx=32768 prefill_cap=4096 raw_kv_rows=4352 compressed_kv_rows=3 backend=metal
0823 21:59:48 ds4-server: context buffers 170.10 MiB (ctx=32768, backend=metal, prefill_chunk=4096, raw_kv_rows=4352, compressed_kv_rows=3)
0823 21:59:48 ds4-server: listening on http://127.0.0.1:8000
0823 21:59:57 ds4-server: chat ctx=0..108:108 prompt start
0823 21:59:58 ds4-server: chat ctx=0..108:108 prefill chunk 1/108 (0.9%) chunk=0.00 t/s avg=2.73 t/s 0.366s
0823 21:59:58 ds4-server: chat ctx=0..108:108 prefill chunk 2/108 (1.9%) chunk=23.65 t/s avg=4.90 t/s 0.408s
0823 21:59:58 ds4-server: chat ctx=0..108:108 prefill chunk 3/108 (2.8%) chunk=23.39 t/s avg=6.65 t/s 0.451s
0823 21:59:58 ds4-server: chat ctx=0..108:108 prefill chunk 4/108 (3.7%) chunk=22.61 t/s avg=8.08 t/s 0.495s
0823 21:59:58 ds4-server: chat ctx=0..108:108 prefill chunk 5/108 (4.6%) chunk=23.86 t/s avg=9.31 t/s 0.537s
0823 21:59:58 ds4-server: chat ctx=0..108:108 prefill chunk 6/108 (5.6%) chunk=23.87 t/s avg=10.36 t/s 0.579s
0823 21:59:58 ds4-server: chat ctx=0..108:108 prefill chunk 7/108 (6.5%) chunk=23.36 t/s avg=11.26 t/s 0.622s
0823 21:59:58 ds4-server: chat ctx=0..108:108 prefill chunk 8/108 (7.4%) chunk=23.02 t/s avg=12.03 t/s 0.665s
0823 21:59:58 ds4-server: chat ctx=0..108:108 prefill chunk 9/108 (8.3%) chunk=24.04 t/s avg=12.73 t/s 0.707s
0823 21:59:58 ds4-server: chat ctx=0..108:108 prefill chunk 10/108 (9.3%) chunk=23.65 t/s avg=13.35 t/s 0.749s
0823 21:59:58 ds4-server: chat ctx=0..108:108 prefill chunk 11/108 (10.2%) chunk=23.15 t/s avg=13.88 t/s 0.792s
0823 21:59:58 ds4-server: chat ctx=0..108:108 prefill chunk 12/108 (11.1%) chunk=23.54 t/s avg=14.38 t/s 0.835s
0823 21:59:58 ds4-server: chat ctx=0..108:108 prefill chunk 13/108 (12.0%) chunk=23.75 t/s avg=14.83 t/s 0.877s
0823 21:59:58 ds4-server: chat ctx=0..108:108 prefill chunk 14/108 (13.0%) chunk=23.88 t/s avg=15.24 t/s 0.919s
0823 21:59:58 ds4-server: chat ctx=0..108:108 prefill chunk 15/108 (13.9%) chunk=22.64 t/s avg=15.58 t/s 0.963s
0823 21:59:58 ds4-server: chat ctx=0..108:108 prefill chunk 16/108 (14.8%) chunk=23.86 t/s avg=15.92 t/s 1.005s
0823 21:59:58 ds4-server: chat ctx=0..108:108 prefill chunk 17/108 (15.7%) chunk=23.83 t/s avg=16.24 t/s 1.047s
0823 21:59:58 ds4-server: chat ctx=0..108:108 prefill chunk 18/108 (16.7%) chunk=23.51 t/s avg=16.52 t/s 1.089s
0823 21:59:58 ds4-server: chat ctx=0..108:108 prefill chunk 19/108 (17.6%) chunk=23.50 t/s avg=16.79 t/s 1.132s
0823 21:59:59 ds4-server: chat ctx=0..108:108 prefill chunk 20/108 (18.5%) chunk=23.09 t/s avg=17.02 t/s 1.175s
0823 21:59:59 ds4-server: chat ctx=0..108:108 prefill chunk 21/108 (19.4%) chunk=23.52 t/s avg=17.25 t/s 1.218s
0823 21:59:59 ds4-server: chat ctx=0..108:108 prefill chunk 22/108 (20.4%) chunk=22.67 t/s avg=17.44 t/s 1.262s
0823 21:59:59 ds4-server: chat ctx=0..108:108 prefill chunk 23/108 (21.3%) chunk=23.89 t/s avg=17.64 t/s 1.304s
0823 21:59:59 ds4-server: chat ctx=0..108:108 prefill chunk 24/108 (22.2%) chunk=23.51 t/s avg=17.83 t/s 1.346s
0823 21:59:59 ds4-server: chat ctx=0..108:108 prefill chunk 25/108 (23.1%) chunk=23.33 t/s avg=18.00 t/s 1.389s
0823 21:59:59 ds4-server: chat ctx=0..108:108 prefill chunk 26/108 (24.1%) chunk=23.37 t/s avg=18.16 t/s 1.432s
0823 21:59:59 ds4-server: chat ctx=0..108:108 prefill chunk 27/108 (25.0%) chunk=23.86 t/s avg=18.32 t/s 1.474s
0823 21:59:59 ds4-server: chat ctx=0..108:108 prefill chunk 28/108 (25.9%) chunk=23.52 t/s avg=18.47 t/s 1.516s
0823 21:59:59 ds4-server: chat ctx=0..108:108 prefill chunk 29/108 (26.9%) chunk=22.86 t/s avg=18.59 t/s 1.560s
0823 21:59:59 ds4-server: chat ctx=0..108:108 prefill chunk 30/108 (27.8%) chunk=23.58 t/s avg=18.72 t/s 1.602s
0823 21:59:59 ds4-server: chat ctx=0..108:108 prefill chunk 31/108 (28.7%) chunk=23.67 t/s avg=18.85 t/s 1.645s
0823 21:59:59 ds4-server: chat ctx=0..108:108 prefill chunk 32/108 (29.6%) chunk=23.93 t/s avg=18.97 t/s 1.686s
0823 21:59:59 ds4-server: chat ctx=0..108:108 prefill chunk 33/108 (30.6%) chunk=22.57 t/s avg=19.07 t/s 1.731s
0823 21:59:59 ds4-server: chat ctx=0..108:108 prefill chunk 34/108 (31.5%) chunk=23.98 t/s avg=19.18 t/s 1.772s
0823 21:59:59 ds4-server: chat ctx=0..108:108 prefill chunk 35/108 (32.4%) chunk=23.64 t/s avg=19.29 t/s 1.815s
0823 21:59:59 ds4-server: chat ctx=0..108:108 prefill chunk 36/108 (33.3%) chunk=22.80 t/s avg=19.37 t/s 1.859s
0823 21:59:59 ds4-server: chat ctx=0..108:108 prefill chunk 37/108 (34.3%) chunk=23.42 t/s avg=19.46 t/s 1.901s
0823 21:59:59 ds4-server: chat ctx=0..108:108 prefill chunk 38/108 (35.2%) chunk=23.34 t/s avg=19.55 t/s 1.944s
0823 21:59:59 ds4-server: chat ctx=0..108:108 prefill chunk 39/108 (36.1%) chunk=23.93 t/s avg=19.64 t/s 1.986s
0823 21:59:59 ds4-server: chat ctx=0..108:108 prefill chunk 40/108 (37.0%) chunk=22.55 t/s avg=19.70 t/s 2.030s
0823 21:59:59 ds4-server: chat ctx=0..108:108 prefill chunk 41/108 (38.0%) chunk=23.94 t/s avg=19.79 t/s 2.072s
0823 21:59:59 ds4-server: chat ctx=0..108:108 prefill chunk 42/108 (38.9%) chunk=23.48 t/s avg=19.86 t/s 2.115s
0823 22:00:00 ds4-server: chat ctx=0..108:108 prefill chunk 43/108 (39.8%) chunk=22.61 t/s avg=19.92 t/s 2.159s
0823 22:00:00 ds4-server: chat ctx=0..108:108 prefill chunk 44/108 (40.7%) chunk=23.41 t/s avg=19.99 t/s 2.202s
0823 22:00:00 ds4-server: chat ctx=0..108:108 prefill chunk 45/108 (41.7%) chunk=23.50 t/s avg=20.05 t/s 2.244s
0823 22:00:00 ds4-server: chat ctx=0..108:108 prefill chunk 46/108 (42.6%) chunk=23.45 t/s avg=20.12 t/s 2.287s
0823 22:00:00 ds4-server: chat ctx=0..108:108 prefill chunk 47/108 (43.5%) chunk=22.91 t/s avg=20.17 t/s 2.330s
0823 22:00:00 ds4-server: chat ctx=0..108:108 prefill chunk 48/108 (44.4%) chunk=23.68 t/s avg=20.23 t/s 2.373s
0823 22:00:00 ds4-server: chat ctx=0..108:108 prefill chunk 49/108 (45.4%) chunk=23.66 t/s avg=20.29 t/s 2.415s
0823 22:00:00 ds4-server: chat ctx=0..108:108 prefill chunk 50/108 (46.3%) chunk=23.14 t/s avg=20.34 t/s 2.458s
0823 22:00:00 ds4-server: chat ctx=0..108:108 prefill chunk 51/108 (47.2%) chunk=23.31 t/s avg=20.39 t/s 2.501s
0823 22:00:00 ds4-server: chat ctx=0..108:108 prefill chunk 52/108 (48.1%) chunk=23.70 t/s avg=20.45 t/s 2.543s
0823 22:00:00 ds4-server: chat ctx=0..108:108 prefill chunk 53/108 (49.1%) chunk=23.81 t/s avg=20.50 t/s 2.585s
0823 22:00:00 ds4-server: chat ctx=0..108:108 prefill chunk 54/108 (50.0%) chunk=22.38 t/s avg=20.53 t/s 2.630s
0823 22:00:00 ds4-server: chat ctx=0..108:108 prefill chunk 55/108 (50.9%) chunk=23.65 t/s avg=20.58 t/s 2.672s
0823 22:00:00 ds4-server: chat ctx=0..108:108 prefill chunk 56/108 (51.9%) chunk=23.38 t/s avg=20.63 t/s 2.715s
0823 22:00:00 ds4-server: chat ctx=0..108:108 prefill chunk 57/108 (52.8%) chunk=22.73 t/s avg=20.66 t/s 2.759s
0823 22:00:00 ds4-server: chat ctx=0..108:108 prefill chunk 58/108 (53.7%) chunk=23.48 t/s avg=20.70 t/s 2.802s
0823 22:00:00 ds4-server: chat ctx=0..108:108 prefill chunk 59/108 (54.6%) chunk=23.74 t/s avg=20.75 t/s 2.844s
0823 22:00:00 ds4-server: chat ctx=0..108:108 prefill chunk 60/108 (55.6%) chunk=22.95 t/s avg=20.78 t/s 2.887s
0823 22:00:00 ds4-server: chat ctx=0..108:108 prefill chunk 61/108 (56.5%) chunk=23.01 t/s avg=20.81 t/s 2.931s
0823 22:00:00 ds4-server: chat ctx=0..108:108 prefill chunk 62/108 (57.4%) chunk=23.86 t/s avg=20.86 t/s 2.973s
0823 22:00:00 ds4-server: chat ctx=0..108:108 prefill chunk 63/108 (58.3%) chunk=23.48 t/s avg=20.89 t/s 3.015s
0823 22:00:00 ds4-server: chat ctx=0..108:108 prefill chunk 64/108 (59.3%) chunk=22.96 t/s avg=20.92 t/s 3.059s
0823 22:00:00 ds4-server: chat ctx=0..108:108 prefill chunk 65/108 (60.2%) chunk=23.66 t/s avg=20.96 t/s 3.101s
0823 22:00:00 ds4-server: chat ctx=0..108:108 prefill chunk 66/108 (61.1%) chunk=23.62 t/s avg=21.00 t/s 3.143s
0823 22:00:01 ds4-server: chat ctx=0..108:108 prefill chunk 67/108 (62.0%) chunk=22.71 t/s avg=21.02 t/s 3.187s
0823 22:00:01 ds4-server: chat ctx=0..108:108 prefill chunk 68/108 (63.0%) chunk=23.34 t/s avg=21.05 t/s 3.230s
0823 22:00:01 ds4-server: chat ctx=0..108:108 prefill chunk 69/108 (63.9%) chunk=23.77 t/s avg=21.09 t/s 3.272s
0823 22:00:01 ds4-server: chat ctx=0..108:108 prefill chunk 70/108 (64.8%) chunk=23.46 t/s avg=21.12 t/s 3.315s
0823 22:00:01 ds4-server: chat ctx=0..108:108 prefill chunk 71/108 (65.7%) chunk=22.59 t/s avg=21.14 t/s 3.359s
0823 22:00:01 ds4-server: chat ctx=0..108:108 prefill chunk 72/108 (66.7%) chunk=23.58 t/s avg=21.17 t/s 3.402s
0823 22:00:01 ds4-server: chat ctx=0..108:108 prefill chunk 73/108 (67.6%) chunk=23.88 t/s avg=21.20 t/s 3.443s
0823 22:00:01 ds4-server: chat ctx=0..108:108 prefill chunk 74/108 (68.5%) chunk=23.09 t/s avg=21.22 t/s 3.487s
0823 22:00:01 ds4-server: chat ctx=0..108:108 prefill chunk 75/108 (69.4%) chunk=23.03 t/s avg=21.25 t/s 3.530s
0823 22:00:01 ds4-server: chat ctx=0..108:108 prefill chunk 76/108 (70.4%) chunk=23.85 t/s avg=21.28 t/s 3.572s
0823 22:00:01 ds4-server: chat ctx=0..108:108 prefill chunk 77/108 (71.3%) chunk=23.41 t/s avg=21.30 t/s 3.615s
0823 22:00:01 ds4-server: chat ctx=0..108:108 prefill chunk 78/108 (72.2%) chunk=23.01 t/s avg=21.32 t/s 3.658s
0823 22:00:01 ds4-server: chat ctx=0..108:108 prefill chunk 79/108 (73.1%) chunk=23.45 t/s avg=21.35 t/s 3.701s
0823 22:00:01 ds4-server: chat ctx=0..108:108 prefill chunk 80/108 (74.1%) chunk=23.63 t/s avg=21.37 t/s 3.743s
0823 22:00:01 ds4-server: chat ctx=0..108:108 prefill chunk 81/108 (75.0%) chunk=22.58 t/s avg=21.39 t/s 3.788s
0823 22:00:01 ds4-server: chat ctx=0..108:108 prefill chunk 82/108 (75.9%) chunk=23.32 t/s avg=21.41 t/s 3.830s
0823 22:00:01 ds4-server: chat ctx=0..108:108 prefill chunk 83/108 (76.9%) chunk=23.55 t/s avg=21.43 t/s 3.873s
0823 22:00:01 ds4-server: chat ctx=0..108:108 prefill chunk 84/108 (77.8%) chunk=23.57 t/s avg=21.45 t/s 3.915s
0823 22:00:01 ds4-server: chat ctx=0..108:108 prefill chunk 85/108 (78.7%) chunk=22.67 t/s avg=21.47 t/s 3.959s
0823 22:00:01 ds4-server: chat ctx=0..108:108 prefill chunk 86/108 (79.6%) chunk=23.32 t/s avg=21.49 t/s 4.002s
0823 22:00:01 ds4-server: chat ctx=0..108:108 prefill chunk 87/108 (80.6%) chunk=23.67 t/s avg=21.51 t/s 4.045s
0823 22:00:01 ds4-server: chat ctx=0..108:108 prefill chunk 88/108 (81.5%) chunk=22.90 t/s avg=21.53 t/s 4.088s
0823 22:00:01 ds4-server: chat ctx=0..108:108 prefill chunk 89/108 (82.4%) chunk=23.65 t/s avg=21.55 t/s 4.131s
0823 22:00:02 ds4-server: chat ctx=0..108:108 prefill chunk 90/108 (83.3%) chunk=23.59 t/s avg=21.57 t/s 4.173s
0823 22:00:02 ds4-server: chat ctx=0..108:108 prefill chunk 91/108 (84.3%) chunk=23.43 t/s avg=21.59 t/s 4.216s
0823 22:00:02 ds4-server: chat ctx=0..108:108 prefill chunk 92/108 (85.2%) chunk=22.71 t/s avg=21.60 t/s 4.260s
0823 22:00:02 ds4-server: chat ctx=0..108:108 prefill chunk 93/108 (86.1%) chunk=23.32 t/s avg=21.62 t/s 4.303s
0823 22:00:02 ds4-server: chat ctx=0..108:108 prefill chunk 94/108 (87.0%) chunk=23.56 t/s avg=21.63 t/s 4.345s
0823 22:00:02 ds4-server: chat ctx=0..108:108 prefill chunk 95/108 (88.0%) chunk=23.11 t/s avg=21.65 t/s 4.388s
0823 22:00:02 ds4-server: chat ctx=0..108:108 prefill chunk 96/108 (88.9%) chunk=22.75 t/s avg=21.66 t/s 4.432s
0823 22:00:02 ds4-server: chat ctx=0..108:108 prefill chunk 97/108 (89.8%) chunk=23.73 t/s avg=21.68 t/s 4.474s
0823 22:00:02 ds4-server: chat ctx=0..108:108 prefill chunk 98/108 (90.7%) chunk=23.58 t/s avg=21.70 t/s 4.517s
0823 22:00:02 ds4-server: chat ctx=0..108:108 prefill chunk 99/108 (91.7%) chunk=22.73 t/s avg=21.71 t/s 4.561s
0823 22:00:02 ds4-server: chat ctx=0..108:108 prefill chunk 100/108 (92.6%) chunk=23.74 t/s avg=21.73 t/s 4.603s
0823 22:00:02 ds4-server: chat ctx=0..108:108 prefill chunk 101/108 (93.5%) chunk=23.63 t/s avg=21.74 t/s 4.645s
0823 22:00:02 ds4-server: chat ctx=0..108:108 prefill chunk 102/108 (94.4%) chunk=23.79 t/s avg=21.76 t/s 4.687s
0823 22:00:02 ds4-server: chat ctx=0..108:108 prefill chunk 103/108 (95.4%) chunk=22.87 t/s avg=21.77 t/s 4.731s
0823 22:00:02 ds4-server: chat ctx=0..108:108 prefill chunk 104/108 (96.3%) chunk=23.84 t/s avg=21.79 t/s 4.773s
0823 22:00:02 ds4-server: chat ctx=0..108:108 prefill chunk 105/108 (97.2%) chunk=23.35 t/s avg=21.80 t/s 4.816s
0823 22:00:02 ds4-server: chat ctx=0..108:108 prefill chunk 106/108 (98.1%) chunk=22.99 t/s avg=21.81 t/s 4.859s
0823 22:00:02 ds4-server: chat ctx=0..108:108 prefill chunk 107/108 (99.1%) chunk=23.41 t/s avg=21.83 t/s 4.902s
0823 22:00:02 ds4-server: chat ctx=0..108:108 prefill chunk 108/108 (100.0%) chunk=23.45 t/s avg=21.84 t/s 4.945s
0823 22:00:02 ds4-server: chat ctx=0..108:108 prompt done 4.945s
0823 22:00:04 ds4-server: chat ctx=108..158:50 gen=50 THINKING decoding chunk=23.14 t/s avg=23.14 t/s 2.161s
0823 22:00:07 ds4-server: chat ctx=158..208:50 gen=100 THINKING decoding chunk=22.99 t/s avg=23.06 t/s 4.336s
0823 22:00:09 ds4-server: chat ctx=208..258:50 gen=150 THINKING decoding chunk=22.84 t/s avg=22.99 t/s 6.524s
0823 22:00:11 ds4-server: chat ctx=258..308:50 gen=200 THINKING decoding chunk=22.64 t/s avg=22.90 t/s 8.733s
0823 22:00:13 ds4-server: chat ctx=308..358:50 gen=250 THINKING decoding chunk=22.53 t/s avg=22.83 t/s 10.952s
0823 22:00:15 ds4-server: chat ctx=358..408:50 gen=300 THINKING decoding chunk=22.37 t/s avg=22.75 t/s 13.188s
0823 22:00:18 ds4-server: chat ctx=408..458:50 gen=350 THINKING decoding chunk=22.24 t/s avg=22.67 t/s 15.436s
0823 22:00:20 ds4-server: chat ctx=458..508:50 gen=400 THINKING decoding chunk=22.10 t/s avg=22.60 t/s 17.698s
0823 22:00:22 ds4-server: chat ctx=508..558:50 gen=450 THINKING decoding chunk=21.91 t/s avg=22.52 t/s 19.980s
0823 22:00:25 ds4-server: chat ctx=558..608:50 gen=500 THINKING decoding chunk=21.84 t/s avg=22.45 t/s 22.270s
0823 22:00:27 ds4-server: chat ctx=608..658:50 gen=550 THINKING decoding chunk=21.69 t/s avg=22.38 t/s 24.575s
0823 22:00:29 ds4-server: chat ctx=658..708:50 gen=600 THINKING decoding chunk=21.52 t/s avg=22.31 t/s 26.898s
0823 22:00:32 ds4-server: chat ctx=708..758:50 gen=650 THINKING decoding chunk=21.37 t/s avg=22.23 t/s 29.238s
0823 22:00:34 ds4-server: chat ctx=758..808:50 gen=700 THINKING decoding chunk=21.21 t/s avg=22.16 t/s 31.595s
0823 22:00:36 ds4-server: chat ctx=808..858:50 gen=750 THINKING decoding chunk=21.13 t/s avg=22.08 t/s 33.962s
0823 22:00:39 ds4-server: chat ctx=858..908:50 gen=800 THINKING decoding chunk=20.96 t/s avg=22.01 t/s 36.347s
0823 22:00:41 ds4-server: chat ctx=908..958:50 gen=850 THINKING decoding chunk=20.94 t/s avg=21.94 t/s 38.734s
0823 22:00:43 ds4-server: chat ctx=958..1008:50 gen=900 THINKING decoding chunk=20.81 t/s avg=21.88 t/s 41.137s
0823 22:00:46 ds4-server: chat ctx=1008..1058:50 gen=950 THINKING decoding chunk=20.63 t/s avg=21.81 t/s 43.560s
0823 22:00:48 ds4-server: chat ctx=1058..1108:50 gen=1000 THINKING decoding chunk=20.49 t/s avg=21.74 t/s 46.000s
0823 22:00:51 ds4-server: chat ctx=1108..1158:50 gen=1050 THINKING decoding chunk=20.48 t/s avg=21.68 t/s 48.442s
0823 22:00:53 ds4-server: chat ctx=1158..1208:50 gen=1100 THINKING decoding chunk=20.34 t/s avg=21.61 t/s 50.899s
0823 22:00:56 ds4-server: chat ctx=1208..1258:50 gen=1150 THINKING decoding chunk=20.26 t/s avg=21.55 t/s 53.367s
0823 22:00:58 ds4-server: chat ctx=1258..1308:50 gen=1200 THINKING decoding chunk=20.09 t/s avg=21.48 t/s 55.856s
0823 22:01:01 ds4-server: chat ctx=1308..1358:50 gen=1250 THINKING decoding chunk=19.97 t/s avg=21.42 t/s 58.359s
0823 22:01:03 ds4-server: chat ctx=1358..1408:50 gen=1300 THINKING decoding chunk=19.81 t/s avg=21.35 t/s 60.883s
0823 22:01:06 ds4-server: chat ctx=1408..1458:50 gen=1350 THINKING decoding chunk=19.69 t/s avg=21.29 t/s 63.423s
0823 22:01:08 ds4-server: chat ctx=1458..1508:50 gen=1400 THINKING decoding chunk=19.71 t/s avg=21.23 t/s 65.959s
0823 22:01:11 ds4-server: chat ctx=1508..1558:50 gen=1450 THINKING decoding chunk=19.50 t/s avg=21.16 t/s 68.522s
0823 22:01:13 ds4-server: chat ctx=1558..1608:50 gen=1500 THINKING decoding chunk=19.33 t/s avg=21.09 t/s 71.109s
0823 22:01:16 ds4-server: chat ctx=1608..1658:50 gen=1550 THINKING decoding chunk=19.27 t/s avg=21.03 t/s 73.704s
0823 22:01:19 ds4-server: chat ctx=1658..1708:50 gen=1600 THINKING decoding chunk=19.09 t/s avg=20.96 t/s 76.324s
0823 22:01:21 ds4-server: chat ctx=1708..1758:50 gen=1650 THINKING decoding chunk=19.07 t/s avg=20.90 t/s 78.946s
0823 22:01:24 ds4-server: chat ctx=1758..1808:50 gen=1700 THINKING decoding chunk=19.01 t/s avg=20.84 t/s 81.577s
0823 22:01:27 ds4-server: chat ctx=1808..1858:50 gen=1750 THINKING decoding chunk=18.96 t/s avg=20.78 t/s 84.215s
0823 22:01:29 ds4-server: chat ctx=1858..1908:50 gen=1800 THINKING decoding chunk=18.82 t/s avg=20.72 t/s 86.871s
0823 22:01:32 ds4-server: chat ctx=1908..1958:50 gen=1850 THINKING decoding chunk=18.70 t/s avg=20.66 t/s 89.545s
0823 22:01:35 ds4-server: chat ctx=1958..2008:50 gen=1900 THINKING decoding chunk=18.52 t/s avg=20.60 t/s 92.245s
0823 22:01:37 ds4-server: chat ctx=2008..2058:50 gen=1950 THINKING decoding chunk=18.54 t/s avg=20.54 t/s 94.942s
0823 22:01:40 ds4-server: chat ctx=2058..2108:50 gen=2000 THINKING decoding chunk=18.41 t/s avg=20.48 t/s 97.657s
0823 22:01:43 ds4-server: chat ctx=2108..2158:50 gen=2050 THINKING decoding chunk=18.28 t/s avg=20.42 t/s 100.393s
0823 22:01:45 ds4-server: chat ctx=2158..2208:50 gen=2100 THINKING decoding chunk=18.17 t/s avg=20.36 t/s 103.145s
0823 22:01:48 ds4-server: chat ctx=2208..2258:50 gen=2150 THINKING decoding chunk=18.16 t/s avg=20.30 t/s 105.899s
0823 22:01:51 ds4-server: chat ctx=2258..2308:50 gen=2200 THINKING decoding chunk=18.08 t/s avg=20.25 t/s 108.664s
0823 22:01:54 ds4-server: chat ctx=2308..2358:50 gen=2250 THINKING decoding chunk=17.91 t/s avg=20.19 t/s 111.455s
0823 22:01:57 ds4-server: chat ctx=2358..2408:50 gen=2300 THINKING decoding chunk=17.83 t/s avg=20.13 t/s 114.259s
0823 22:01:59 ds4-server: chat ctx=2408..2458:50 gen=2350 THINKING decoding chunk=17.70 t/s avg=20.07 t/s 117.084s
0823 22:02:02 ds4-server: chat ctx=2458..2508:50 gen=2400 THINKING decoding chunk=17.64 t/s avg=20.01 t/s 119.919s
0823 22:02:05 ds4-server: chat ctx=2508..2558:50 gen=2450 THINKING decoding chunk=17.51 t/s avg=19.96 t/s 122.775s
0823 22:02:08 ds4-server: chat ctx=2558..2608:50 gen=2500 THINKING decoding chunk=17.45 t/s avg=19.90 t/s 125.640s
0823 22:02:11 ds4-server: chat ctx=2608..2658:50 gen=2550 THINKING decoding chunk=17.36 t/s avg=19.84 t/s 128.521s
0823 22:02:14 ds4-server: chat ctx=2658..2708:50 gen=2600 THINKING decoding chunk=17.27 t/s avg=19.78 t/s 131.417s
0823 22:02:17 ds4-server: chat ctx=2708..2758:50 gen=2650 THINKING decoding chunk=17.20 t/s avg=19.73 t/s 134.324s
0823 22:02:20 ds4-server: chat ctx=2758..2808:50 gen=2700 THINKING decoding chunk=17.12 t/s avg=19.67 t/s 137.244s
0823 22:02:22 ds4-server: chat ctx=2808..2858:50 gen=2750 THINKING decoding chunk=17.17 t/s avg=19.62 t/s 140.156s
0823 22:02:25 ds4-server: chat ctx=2858..2908:50 gen=2800 THINKING decoding chunk=16.98 t/s avg=19.57 t/s 143.101s
0823 22:02:28 ds4-server: chat ctx=2908..2958:50 gen=2850 THINKING decoding chunk=16.90 t/s avg=19.51 t/s 146.060s
0823 22:02:31 ds4-server: chat ctx=2958..3008:50 gen=2900 THINKING decoding chunk=16.77 t/s avg=19.46 t/s 149.040s
0823 22:02:34 ds4-server: chat ctx=3008..3058:50 gen=2950 THINKING decoding chunk=16.65 t/s avg=19.40 t/s 152.043s
0823 22:02:37 ds4-server: chat ctx=3058..3108:50 gen=3000 THINKING decoding chunk=16.63 t/s avg=19.35 t/s 155.049s
0823 22:02:40 ds4-server: chat ctx=3108..3158:50 gen=3050 THINKING decoding chunk=16.46 t/s avg=19.29 t/s 158.086s
0823 22:02:43 ds4-server: chat ctx=3158..3208:50 gen=3100 THINKING decoding chunk=16.37 t/s avg=19.24 t/s 161.141s
0823 22:02:46 ds4-server: chat ctx=3208..3258:50 gen=3150 THINKING decoding chunk=16.36 t/s avg=19.18 t/s 164.198s
0823 22:02:50 ds4-server: chat ctx=3258..3308:50 gen=3200 THINKING decoding chunk=16.34 t/s avg=19.13 t/s 167.258s
0823 22:02:53 ds4-server: chat ctx=3308..3358:50 gen=3250 THINKING decoding chunk=16.32 t/s avg=19.08 t/s 170.322s
0823 22:02:56 ds4-server: chat ctx=3358..3408:50 gen=3300 THINKING decoding chunk=16.30 t/s avg=19.03 t/s 173.390s
0823 22:02:59 ds4-server: chat ctx=3408..3458:50 gen=3350 THINKING decoding chunk=16.15 t/s avg=18.98 t/s 176.486s
0823 22:03:02 ds4-server: chat ctx=3458..3508:50 gen=3400 THINKING decoding chunk=16.01 t/s avg=18.93 t/s 179.610s
0823 22:03:05 ds4-server: chat ctx=3508..3558:50 gen=3450 THINKING decoding chunk=15.95 t/s avg=18.88 t/s 182.745s
0823 22:03:08 ds4-server: chat ctx=3558..3608:50 gen=3500 THINKING decoding chunk=15.88 t/s avg=18.83 t/s 185.893s
0823 22:03:11 ds4-server: chat ctx=3608..3658:50 gen=3550 THINKING decoding chunk=15.81 t/s avg=18.78 t/s 189.057s
0823 22:03:15 ds4-server: chat ctx=3658..3708:50 gen=3600 THINKING decoding chunk=15.73 t/s avg=18.73 t/s 192.236s
0823 22:03:18 ds4-server: chat ctx=3708..3758:50 gen=3650 THINKING decoding chunk=15.68 t/s avg=18.68 t/s 195.425s
0823 22:03:21 ds4-server: chat ctx=3758..3808:50 gen=3700 THINKING decoding chunk=15.57 t/s avg=18.63 t/s 198.636s
0823 22:03:24 ds4-server: chat ctx=3808..3858:50 gen=3750 THINKING decoding chunk=15.51 t/s avg=18.58 t/s 201.860s
0823 22:03:27 ds4-server: chat ctx=3858..3908:50 gen=3800 THINKING decoding chunk=15.44 t/s avg=18.53 t/s 205.099s
0823 22:03:31 ds4-server: chat ctx=3908..3958:50 gen=3850 decoding chunk=15.34 t/s avg=18.48 t/s 208.357s
0823 22:03:34 ds4-server: chat ctx=3958..4008:50 gen=3900 decoding chunk=15.28 t/s avg=18.43 t/s 211.630s
0823 22:03:37 ds4-server: chat ctx=4008..4058:50 gen=3950 decoding chunk=15.24 t/s avg=18.38 t/s 214.911s
0823 22:03:41 ds4-server: chat ctx=4058..4108:50 gen=4000 decoding chunk=15.11 t/s avg=18.33 t/s 218.221s
0823 22:03:44 ds4-server: chat ctx=4108..4158:50 gen=4050 decoding chunk=15.03 t/s avg=18.28 t/s 221.547s
0823 22:03:47 ds4-server: chat ctx=4158..4204:46 gen=4096 decoding chunk=14.99 t/s avg=18.24 t/s 224.616s
0823 22:03:47 ds4-server: chat ctx=0..108:108 gen=4096 finish=length 229.561s
0823 22:03:47 ds4-server: live kv cache miss live=4204 prompt=161 common=3 reason=token-mismatch
0823 22:03:47 ds4-server: chat ctx=0..161:161 prompt start
0823 22:03:47 ds4-server: chat ctx=0..161:161 prefill chunk 1/161 (0.6%) chunk=0.00 t/s avg=24.36 t/s 0.041s
0823 22:03:47 ds4-server: chat ctx=0..161:161 prefill chunk 2/161 (1.2%) chunk=24.21 t/s avg=24.29 t/s 0.082s
0823 22:03:47 ds4-server: chat ctx=0..161:161 prefill chunk 3/161 (1.9%) chunk=22.77 t/s avg=23.76 t/s 0.126s
0823 22:03:47 ds4-server: chat ctx=0..161:161 prefill chunk 4/161 (2.5%) chunk=23.74 t/s avg=23.75 t/s 0.168s
0823 22:03:47 ds4-server: chat ctx=0..161:161 prefill chunk 5/161 (3.1%) chunk=23.91 t/s avg=23.78 t/s 0.210s
0823 22:03:47 ds4-server: chat ctx=0..161:161 prefill chunk 6/161 (3.7%) chunk=24.23 t/s avg=23.86 t/s 0.252s
0823 22:03:47 ds4-server: chat ctx=0..161:161 prefill chunk 7/161 (4.3%) chunk=23.03 t/s avg=23.74 t/s 0.295s
0823 22:03:47 ds4-server: chat ctx=0..161:161 prefill chunk 8/161 (5.0%) chunk=23.74 t/s avg=23.74 t/s 0.337s
0823 22:03:47 ds4-server: chat ctx=0..161:161 prefill chunk 9/161 (5.6%) chunk=24.00 t/s avg=23.76 t/s 0.379s
0823 22:03:47 ds4-server: chat ctx=0..161:161 prefill chunk 10/161 (6.2%) chunk=23.83 t/s avg=23.77 t/s 0.421s
0823 22:03:47 ds4-server: chat ctx=0..161:161 prefill chunk 11/161 (6.8%) chunk=22.80 t/s avg=23.68 t/s 0.465s
0823 22:03:47 ds4-server: chat ctx=0..161:161 prefill chunk 12/161 (7.5%) chunk=24.03 t/s avg=23.71 t/s 0.506s
0823 22:03:47 ds4-server: chat ctx=0..161:161 prefill chunk 13/161 (8.1%) chunk=23.92 t/s avg=23.72 t/s 0.548s
0823 22:03:48 ds4-server: chat ctx=0..161:161 prefill chunk 14/161 (8.7%) chunk=23.33 t/s avg=23.69 t/s 0.591s
0823 22:03:48 ds4-server: chat ctx=0..161:161 prefill chunk 15/161 (9.3%) chunk=23.15 t/s avg=23.66 t/s 0.634s
0823 22:03:48 ds4-server: chat ctx=0..161:161 prefill chunk 16/161 (9.9%) chunk=23.93 t/s avg=23.68 t/s 0.676s
0823 22:03:48 ds4-server: chat ctx=0..161:161 prefill chunk 17/161 (10.6%) chunk=23.55 t/s avg=23.67 t/s 0.718s
0823 22:03:48 ds4-server: chat ctx=0..161:161 prefill chunk 18/161 (11.2%) chunk=22.99 t/s avg=23.63 t/s 0.762s
0823 22:03:48 ds4-server: chat ctx=0..161:161 prefill chunk 19/161 (11.8%) chunk=23.68 t/s avg=23.63 t/s 0.804s
0823 22:03:48 ds4-server: chat ctx=0..161:161 prefill chunk 20/161 (12.4%) chunk=23.89 t/s avg=23.64 t/s 0.846s
0823 22:03:48 ds4-server: chat ctx=0..161:161 prefill chunk 21/161 (13.0%) chunk=23.91 t/s avg=23.66 t/s 0.888s
0823 22:03:48 ds4-server: chat ctx=0..161:161 prefill chunk 22/161 (13.7%) chunk=22.73 t/s avg=23.61 t/s 0.932s
0823 22:03:48 ds4-server: chat ctx=0..161:161 prefill chunk 23/161 (14.3%) chunk=23.82 t/s avg=23.62 t/s 0.974s
0823 22:03:48 ds4-server: chat ctx=0..161:161 prefill chunk 24/161 (14.9%) chunk=23.86 t/s avg=23.63 t/s 1.016s
0823 22:03:48 ds4-server: chat ctx=0..161:161 prefill chunk 25/161 (15.5%) chunk=22.73 t/s avg=23.60 t/s 1.060s
0823 22:03:48 ds4-server: chat ctx=0..161:161 prefill chunk 26/161 (16.1%) chunk=23.96 t/s avg=23.61 t/s 1.101s
0823 22:03:48 ds4-server: chat ctx=0..161:161 prefill chunk 27/161 (16.8%) chunk=24.09 t/s avg=23.63 t/s 1.143s
0823 22:03:48 ds4-server: chat ctx=0..161:161 prefill chunk 28/161 (17.4%) chunk=23.65 t/s avg=23.63 t/s 1.185s
0823 22:03:48 ds4-server: chat ctx=0..161:161 prefill chunk 29/161 (18.0%) chunk=23.18 t/s avg=23.61 t/s 1.228s
0823 22:03:48 ds4-server: chat ctx=0..161:161 prefill chunk 30/161 (18.6%) chunk=23.82 t/s avg=23.62 t/s 1.270s
0823 22:03:48 ds4-server: chat ctx=0..161:161 prefill chunk 31/161 (19.3%) chunk=24.18 t/s avg=23.64 t/s 1.312s
0823 22:03:48 ds4-server: chat ctx=0..161:161 prefill chunk 32/161 (19.9%) chunk=23.84 t/s avg=23.64 t/s 1.353s
0823 22:03:48 ds4-server: chat ctx=0..161:161 prefill chunk 33/161 (20.5%) chunk=22.76 t/s avg=23.61 t/s 1.397s
0823 22:03:48 ds4-server: chat ctx=0..161:161 prefill chunk 34/161 (21.1%) chunk=24.19 t/s avg=23.63 t/s 1.439s
0823 22:03:48 ds4-server: chat ctx=0..161:161 prefill chunk 35/161 (21.7%) chunk=23.77 t/s avg=23.64 t/s 1.481s
0823 22:03:48 ds4-server: chat ctx=0..161:161 prefill chunk 36/161 (22.4%) chunk=23.15 t/s avg=23.62 t/s 1.524s
0823 22:03:48 ds4-server: chat ctx=0..161:161 prefill chunk 37/161 (23.0%) chunk=23.22 t/s avg=23.61 t/s 1.567s
0823 22:03:49 ds4-server: chat ctx=0..161:161 prefill chunk 38/161 (23.6%) chunk=23.89 t/s avg=23.62 t/s 1.609s
0823 22:03:49 ds4-server: chat ctx=0..161:161 prefill chunk 39/161 (24.2%) chunk=23.53 t/s avg=23.62 t/s 1.651s
0823 22:03:49 ds4-server: chat ctx=0..161:161 prefill chunk 40/161 (24.8%) chunk=23.46 t/s avg=23.61 t/s 1.694s
0823 22:03:49 ds4-server: chat ctx=0..161:161 prefill chunk 41/161 (25.5%) chunk=23.84 t/s avg=23.62 t/s 1.736s
0823 22:03:49 ds4-server: chat ctx=0..161:161 prefill chunk 42/161 (26.1%) chunk=23.89 t/s avg=23.62 t/s 1.778s
0823 22:03:49 ds4-server: chat ctx=0..161:161 prefill chunk 43/161 (26.7%) chunk=23.64 t/s avg=23.62 t/s 1.820s
0823 22:03:49 ds4-server: chat ctx=0..161:161 prefill chunk 44/161 (27.3%) chunk=22.55 t/s avg=23.60 t/s 1.865s
0823 22:03:49 ds4-server: chat ctx=0..161:161 prefill chunk 45/161 (28.0%) chunk=23.92 t/s avg=23.61 t/s 1.906s
0823 22:03:49 ds4-server: chat ctx=0..161:161 prefill chunk 46/161 (28.6%) chunk=23.91 t/s avg=23.61 t/s 1.948s
0823 22:03:49 ds4-server: chat ctx=0..161:161 prefill chunk 47/161 (29.2%) chunk=22.63 t/s avg=23.59 t/s 1.992s
0823 22:03:49 ds4-server: chat ctx=0..161:161 prefill chunk 48/161 (29.8%) chunk=23.69 t/s avg=23.59 t/s 2.035s
0823 22:03:49 ds4-server: chat ctx=0..161:161 prefill chunk 49/161 (30.4%) chunk=23.76 t/s avg=23.60 t/s 2.077s
0823 22:03:49 ds4-server: chat ctx=0..161:161 prefill chunk 50/161 (31.1%) chunk=23.55 t/s avg=23.59 t/s 2.119s
0823 22:03:49 ds4-server: chat ctx=0..161:161 prefill chunk 51/161 (31.7%) chunk=23.10 t/s avg=23.59 t/s 2.162s
0823 22:03:49 ds4-server: chat ctx=0..161:161 prefill chunk 52/161 (32.3%) chunk=23.48 t/s avg=23.58 t/s 2.205s
0823 22:03:49 ds4-server: chat ctx=0..161:161 prefill chunk 53/161 (32.9%) chunk=24.01 t/s avg=23.59 t/s 2.247s
0823 22:03:49 ds4-server: chat ctx=0..161:161 prefill chunk 54/161 (33.5%) chunk=23.85 t/s avg=23.60 t/s 2.289s
0823 22:03:49 ds4-server: chat ctx=0..161:161 prefill chunk 55/161 (34.2%) chunk=22.63 t/s avg=23.58 t/s 2.333s
0823 22:03:49 ds4-server: chat ctx=0..161:161 prefill chunk 56/161 (34.8%) chunk=24.00 t/s avg=23.58 t/s 2.374s
0823 22:03:49 ds4-server: chat ctx=0..161:161 prefill chunk 57/161 (35.4%) chunk=23.93 t/s avg=23.59 t/s 2.416s
0823 22:03:49 ds4-server: chat ctx=0..161:161 prefill chunk 58/161 (36.0%) chunk=22.83 t/s avg=23.58 t/s 2.460s
0823 22:03:49 ds4-server: chat ctx=0..161:161 prefill chunk 59/161 (36.6%) chunk=23.63 t/s avg=23.58 t/s 2.502s
0823 22:03:49 ds4-server: chat ctx=0..161:161 prefill chunk 60/161 (37.3%) chunk=23.80 t/s avg=23.58 t/s 2.544s
0823 22:03:50 ds4-server: chat ctx=0..161:161 prefill chunk 61/161 (37.9%) chunk=23.65 t/s avg=23.58 t/s 2.587s
0823 22:03:50 ds4-server: chat ctx=0..161:161 prefill chunk 62/161 (38.5%) chunk=22.68 t/s avg=23.57 t/s 2.631s
0823 22:03:50 ds4-server: chat ctx=0..161:161 prefill chunk 63/161 (39.1%) chunk=23.84 t/s avg=23.57 t/s 2.673s
0823 22:03:50 ds4-server: chat ctx=0..161:161 prefill chunk 64/161 (39.8%) chunk=23.85 t/s avg=23.58 t/s 2.715s
0823 22:03:50 ds4-server: chat ctx=0..161:161 prefill chunk 65/161 (40.4%) chunk=22.60 t/s avg=23.56 t/s 2.759s
0823 22:03:50 ds4-server: chat ctx=0..161:161 prefill chunk 66/161 (41.0%) chunk=23.56 t/s avg=23.56 t/s 2.801s
0823 22:03:50 ds4-server: chat ctx=0..161:161 prefill chunk 67/161 (41.6%) chunk=23.68 t/s avg=23.56 t/s 2.844s
0823 22:03:50 ds4-server: chat ctx=0..161:161 prefill chunk 68/161 (42.2%) chunk=23.45 t/s avg=23.56 t/s 2.886s
0823 22:03:50 ds4-server: chat ctx=0..161:161 prefill chunk 69/161 (42.9%) chunk=22.76 t/s avg=23.55 t/s 2.930s
0823 22:03:50 ds4-server: chat ctx=0..161:161 prefill chunk 70/161 (43.5%) chunk=23.87 t/s avg=23.55 t/s 2.972s
0823 22:03:50 ds4-server: chat ctx=0..161:161 prefill chunk 71/161 (44.1%) chunk=23.87 t/s avg=23.56 t/s 3.014s
0823 22:03:50 ds4-server: chat ctx=0..161:161 prefill chunk 72/161 (44.7%) chunk=23.21 t/s avg=23.55 t/s 3.057s
0823 22:03:50 ds4-server: chat ctx=0..161:161 prefill chunk 73/161 (45.3%) chunk=23.36 t/s avg=23.55 t/s 3.100s
0823 22:03:50 ds4-server: chat ctx=0..161:161 prefill chunk 74/161 (46.0%) chunk=23.93 t/s avg=23.56 t/s 3.142s
0823 22:03:50 ds4-server: chat ctx=0..161:161 prefill chunk 75/161 (46.6%) chunk=23.47 t/s avg=23.55 t/s 3.184s
0823 22:03:50 ds4-server: chat ctx=0..161:161 prefill chunk 76/161 (47.2%) chunk=22.82 t/s avg=23.54 t/s 3.228s
0823 22:03:50 ds4-server: chat ctx=0..161:161 prefill chunk 77/161 (47.8%) chunk=23.87 t/s avg=23.55 t/s 3.270s
0823 22:03:50 ds4-server: chat ctx=0..161:161 prefill chunk 78/161 (48.4%) chunk=23.89 t/s avg=23.55 t/s 3.312s
0823 22:03:50 ds4-server: chat ctx=0..161:161 prefill chunk 79/161 (49.1%) chunk=23.79 t/s avg=23.56 t/s 3.354s
0823 22:03:50 ds4-server: chat ctx=0..161:161 prefill chunk 80/161 (49.7%) chunk=22.52 t/s avg=23.54 t/s 3.398s
0823 22:03:50 ds4-server: chat ctx=0..161:161 prefill chunk 81/161 (50.3%) chunk=23.91 t/s avg=23.55 t/s 3.440s
0823 22:03:50 ds4-server: chat ctx=0..161:161 prefill chunk 82/161 (50.9%) chunk=23.80 t/s avg=23.55 t/s 3.482s
0823 22:03:50 ds4-server: chat ctx=0..161:161 prefill chunk 83/161 (51.6%) chunk=22.80 t/s avg=23.54 t/s 3.526s
0823 22:03:50 ds4-server: chat ctx=0..161:161 prefill chunk 84/161 (52.2%) chunk=23.45 t/s avg=23.54 t/s 3.569s
0823 22:03:51 ds4-server: chat ctx=0..161:161 prefill chunk 85/161 (52.8%) chunk=23.64 t/s avg=23.54 t/s 3.611s
0823 22:03:51 ds4-server: chat ctx=0..161:161 prefill chunk 86/161 (53.4%) chunk=23.73 t/s avg=23.54 t/s 3.653s
0823 22:03:51 ds4-server: chat ctx=0..161:161 prefill chunk 87/161 (54.0%) chunk=22.96 t/s avg=23.54 t/s 3.697s
0823 22:03:51 ds4-server: chat ctx=0..161:161 prefill chunk 88/161 (54.7%) chunk=23.72 t/s avg=23.54 t/s 3.739s
0823 22:03:51 ds4-server: chat ctx=0..161:161 prefill chunk 89/161 (55.3%) chunk=24.13 t/s avg=23.54 t/s 3.780s
0823 22:03:51 ds4-server: chat ctx=0..161:161 prefill chunk 90/161 (55.9%) chunk=22.58 t/s avg=23.53 t/s 3.824s
0823 22:03:51 ds4-server: chat ctx=0..161:161 prefill chunk 91/161 (56.5%) chunk=23.37 t/s avg=23.53 t/s 3.867s
0823 22:03:51 ds4-server: chat ctx=0..161:161 prefill chunk 92/161 (57.1%) chunk=23.76 t/s avg=23.53 t/s 3.909s
0823 22:03:51 ds4-server: chat ctx=0..161:161 prefill chunk 93/161 (57.8%) chunk=23.33 t/s avg=23.53 t/s 3.952s
0823 22:03:51 ds4-server: chat ctx=0..161:161 prefill chunk 94/161 (58.4%) chunk=22.78 t/s avg=23.52 t/s 3.996s
0823 22:03:51 ds4-server: chat ctx=0..161:161 prefill chunk 95/161 (59.0%) chunk=23.74 t/s avg=23.53 t/s 4.038s
0823 22:03:51 ds4-server: chat ctx=0..161:161 prefill chunk 96/161 (59.6%) chunk=23.68 t/s avg=23.53 t/s 4.080s
0823 22:03:51 ds4-server: chat ctx=0..161:161 prefill chunk 97/161 (60.2%) chunk=23.31 t/s avg=23.52 t/s 4.123s
0823 22:03:51 ds4-server: chat ctx=0..161:161 prefill chunk 98/161 (60.9%) chunk=23.27 t/s avg=23.52 t/s 4.166s
0823 22:03:51 ds4-server: chat ctx=0..161:161 prefill chunk 99/161 (61.5%) chunk=23.53 t/s avg=23.52 t/s 4.209s
0823 22:03:51 ds4-server: chat ctx=0..161:161 prefill chunk 100/161 (62.1%) chunk=23.78 t/s avg=23.52 t/s 4.251s
0823 22:03:51 ds4-server: chat ctx=0..161:161 prefill chunk 101/161 (62.7%) chunk=23.04 t/s avg=23.52 t/s 4.294s
0823 22:03:51 ds4-server: chat ctx=0..161:161 prefill chunk 102/161 (63.4%) chunk=23.27 t/s avg=23.52 t/s 4.337s
0823 22:03:51 ds4-server: chat ctx=0..161:161 prefill chunk 103/161 (64.0%) chunk=23.67 t/s avg=23.52 t/s 4.379s
0823 22:03:51 ds4-server: chat ctx=0..161:161 prefill chunk 104/161 (64.6%) chunk=23.66 t/s avg=23.52 t/s 4.422s
0823 22:03:51 ds4-server: chat ctx=0..161:161 prefill chunk 105/161 (65.2%) chunk=22.54 t/s avg=23.51 t/s 4.466s
0823 22:03:51 ds4-server: chat ctx=0..161:161 prefill chunk 106/161 (65.8%) chunk=23.50 t/s avg=23.51 t/s 4.509s
0823 22:03:51 ds4-server: chat ctx=0..161:161 prefill chunk 107/161 (66.5%) chunk=23.58 t/s avg=23.51 t/s 4.551s
0823 22:03:52 ds4-server: chat ctx=0..161:161 prefill chunk 108/161 (67.1%) chunk=22.69 t/s avg=23.50 t/s 4.595s
0823 22:03:52 ds4-server: chat ctx=0..161:161 prefill chunk 109/161 (67.7%) chunk=23.39 t/s avg=23.50 t/s 4.638s
0823 22:03:52 ds4-server: chat ctx=0..161:161 prefill chunk 110/161 (68.3%) chunk=23.59 t/s avg=23.50 t/s 4.680s
0823 22:03:52 ds4-server: chat ctx=0..161:161 prefill chunk 111/161 (68.9%) chunk=23.80 t/s avg=23.51 t/s 4.722s
0823 22:03:52 ds4-server: chat ctx=0..161:161 prefill chunk 112/161 (69.6%) chunk=22.80 t/s avg=23.50 t/s 4.766s
0823 22:03:52 ds4-server: chat ctx=0..161:161 prefill chunk 113/161 (70.2%) chunk=23.77 t/s avg=23.50 t/s 4.808s
0823 22:03:52 ds4-server: chat ctx=0..161:161 prefill chunk 114/161 (70.8%) chunk=23.36 t/s avg=23.50 t/s 4.851s
0823 22:03:52 ds4-server: chat ctx=0..161:161 prefill chunk 115/161 (71.4%) chunk=22.92 t/s avg=23.50 t/s 4.895s
0823 22:03:52 ds4-server: chat ctx=0..161:161 prefill chunk 116/161 (72.0%) chunk=23.38 t/s avg=23.49 t/s 4.937s
0823 22:03:52 ds4-server: chat ctx=0..161:161 prefill chunk 117/161 (72.7%) chunk=23.54 t/s avg=23.49 t/s 4.980s
0823 22:03:52 ds4-server: chat ctx=0..161:161 prefill chunk 118/161 (73.3%) chunk=22.86 t/s avg=23.49 t/s 5.024s
0823 22:03:52 ds4-server: chat ctx=0..161:161 prefill chunk 119/161 (73.9%) chunk=22.80 t/s avg=23.48 t/s 5.068s
0823 22:03:52 ds4-server: chat ctx=0..161:161 prefill chunk 120/161 (74.5%) chunk=23.68 t/s avg=23.48 t/s 5.110s
0823 22:03:52 ds4-server: chat ctx=0..161:161 prefill chunk 121/161 (75.2%) chunk=23.25 t/s avg=23.48 t/s 5.153s
0823 22:03:52 ds4-server: chat ctx=0..161:161 prefill chunk 122/161 (75.8%) chunk=22.62 t/s avg=23.48 t/s 5.197s
0823 22:03:52 ds4-server: chat ctx=0..161:161 prefill chunk 123/161 (76.4%) chunk=23.83 t/s avg=23.48 t/s 5.239s
0823 22:03:52 ds4-server: chat ctx=0..161:161 prefill chunk 124/161 (77.0%) chunk=24.01 t/s avg=23.48 t/s 5.281s
0823 22:03:52 ds4-server: chat ctx=0..161:161 prefill chunk 125/161 (77.6%) chunk=23.27 t/s avg=23.48 t/s 5.324s
0823 22:03:52 ds4-server: chat ctx=0..161:161 prefill chunk 126/161 (78.3%) chunk=22.98 t/s avg=23.48 t/s 5.367s
0823 22:03:52 ds4-server: chat ctx=0..161:161 prefill chunk 127/161 (78.9%) chunk=23.93 t/s avg=23.48 t/s 5.409s
0823 22:03:52 ds4-server: chat ctx=0..161:161 prefill chunk 128/161 (79.5%) chunk=23.28 t/s avg=23.48 t/s 5.452s
0823 22:03:52 ds4-server: chat ctx=0..161:161 prefill chunk 129/161 (80.1%) chunk=22.80 t/s avg=23.47 t/s 5.496s
0823 22:03:52 ds4-server: chat ctx=0..161:161 prefill chunk 130/161 (80.7%) chunk=23.40 t/s avg=23.47 t/s 5.538s
0823 22:03:52 ds4-server: chat ctx=0..161:161 prefill chunk 131/161 (81.4%) chunk=23.72 t/s avg=23.47 t/s 5.581s
0823 22:03:53 ds4-server: chat ctx=0..161:161 prefill chunk 132/161 (82.0%) chunk=22.34 t/s avg=23.47 t/s 5.625s
0823 22:03:53 ds4-server: chat ctx=0..161:161 prefill chunk 133/161 (82.6%) chunk=23.25 t/s avg=23.46 t/s 5.668s
0823 22:03:53 ds4-server: chat ctx=0..161:161 prefill chunk 134/161 (83.2%) chunk=23.61 t/s avg=23.46 t/s 5.711s
0823 22:03:53 ds4-server: chat ctx=0..161:161 prefill chunk 135/161 (83.9%) chunk=23.51 t/s avg=23.47 t/s 5.753s
0823 22:03:53 ds4-server: chat ctx=0..161:161 prefill chunk 136/161 (84.5%) chunk=22.25 t/s avg=23.46 t/s 5.798s
0823 22:03:53 ds4-server: chat ctx=0..161:161 prefill chunk 137/161 (85.1%) chunk=23.50 t/s avg=23.46 t/s 5.841s
0823 22:03:53 ds4-server: chat ctx=0..161:161 prefill chunk 138/161 (85.7%) chunk=23.51 t/s avg=23.46 t/s 5.883s
0823 22:03:53 ds4-server: chat ctx=0..161:161 prefill chunk 139/161 (86.3%) chunk=22.74 t/s avg=23.45 t/s 5.927s
0823 22:03:53 ds4-server: chat ctx=0..161:161 prefill chunk 140/161 (87.0%) chunk=23.45 t/s avg=23.45 t/s 5.970s
0823 22:03:53 ds4-server: chat ctx=0..161:161 prefill chunk 141/161 (87.6%) chunk=23.58 t/s avg=23.45 t/s 6.012s
0823 22:03:53 ds4-server: chat ctx=0..161:161 prefill chunk 142/161 (88.2%) chunk=23.45 t/s avg=23.45 t/s 6.055s
0823 22:03:53 ds4-server: chat ctx=0..161:161 prefill chunk 143/161 (88.8%) chunk=22.60 t/s avg=23.45 t/s 6.099s
0823 22:03:53 ds4-server: chat ctx=0..161:161 prefill chunk 144/161 (89.4%) chunk=23.55 t/s avg=23.45 t/s 6.142s
0823 22:03:53 ds4-server: chat ctx=0..161:161 prefill chunk 145/161 (90.1%) chunk=23.22 t/s avg=23.44 t/s 6.185s
0823 22:03:53 ds4-server: chat ctx=0..161:161 prefill chunk 146/161 (90.7%) chunk=22.70 t/s avg=23.44 t/s 6.229s
0823 22:03:53 ds4-server: chat ctx=0..161:161 prefill chunk 147/161 (91.3%) chunk=23.47 t/s avg=23.44 t/s 6.271s
0823 22:03:53 ds4-server: chat ctx=0..161:161 prefill chunk 148/161 (91.9%) chunk=23.64 t/s avg=23.44 t/s 6.314s
0823 22:03:53 ds4-server: chat ctx=0..161:161 prefill chunk 149/161 (92.5%) chunk=22.93 t/s avg=23.44 t/s 6.357s
0823 22:03:53 ds4-server: chat ctx=0..161:161 prefill chunk 150/161 (93.2%) chunk=22.65 t/s avg=23.43 t/s 6.401s
0823 22:03:53 ds4-server: chat ctx=0..161:161 prefill chunk 151/161 (93.8%) chunk=23.47 t/s avg=23.43 t/s 6.444s
0823 22:03:53 ds4-server: chat ctx=0..161:161 prefill chunk 152/161 (94.4%) chunk=23.20 t/s avg=23.43 t/s 6.487s
0823 22:03:53 ds4-server: chat ctx=0..161:161 prefill chunk 153/161 (95.0%) chunk=22.36 t/s avg=23.42 t/s 6.532s
0823 22:03:53 ds4-server: chat ctx=0..161:161 prefill chunk 154/161 (95.7%) chunk=23.94 t/s avg=23.43 t/s 6.574s
0823 22:03:54 ds4-server: chat ctx=0..161:161 prefill chunk 155/161 (96.3%) chunk=23.57 t/s avg=23.43 t/s 6.616s
0823 22:03:54 ds4-server: chat ctx=0..161:161 prefill chunk 156/161 (96.9%) chunk=22.38 t/s avg=23.42 t/s 6.661s
0823 22:03:54 ds4-server: chat ctx=0..161:161 prefill chunk 157/161 (97.5%) chunk=23.23 t/s avg=23.42 t/s 6.704s
0823 22:03:54 ds4-server: chat ctx=0..161:161 prefill chunk 158/161 (98.1%) chunk=23.52 t/s avg=23.42 t/s 6.746s
0823 22:03:54 ds4-server: chat ctx=0..161:161 prefill chunk 159/161 (98.8%) chunk=22.85 t/s avg=23.42 t/s 6.790s
0823 22:03:54 ds4-server: chat ctx=0..161:161 prefill chunk 160/161 (99.4%) chunk=22.92 t/s avg=23.41 t/s 6.834s
0823 22:03:54 ds4-server: chat ctx=0..161:161 prefill chunk 161/161 (100.0%) chunk=23.40 t/s avg=23.41 t/s 6.877s
0823 22:03:54 ds4-server: chat ctx=0..161:161 prompt done 6.877s
0823 22:03:56 ds4-server: chat ctx=161..211:50 gen=50 THINKING decoding chunk=22.75 t/s avg=22.75 t/s 2.198s
0823 22:03:58 ds4-server: chat ctx=211..261:50 gen=100 THINKING decoding chunk=22.75 t/s avg=22.75 t/s 4.396s
0823 22:04:00 ds4-server: chat ctx=261..311:50 gen=150 THINKING decoding chunk=22.71 t/s avg=22.73 t/s 6.598s
0823 22:04:03 ds4-server: chat ctx=311..361:50 gen=200 THINKING decoding chunk=22.64 t/s avg=22.71 t/s 8.806s
0823 22:04:05 ds4-server: chat ctx=361..411:50 gen=250 THINKING decoding chunk=22.42 t/s avg=22.65 t/s 11.036s
0823 22:04:07 ds4-server: chat ctx=411..461:50 gen=300 THINKING decoding chunk=22.27 t/s avg=22.59 t/s 13.282s
0823 22:04:09 ds4-server: chat ctx=461..511:50 gen=350 THINKING decoding chunk=22.19 t/s avg=22.53 t/s 15.535s
0823 22:04:12 ds4-server: chat ctx=511..561:50 gen=400 THINKING decoding chunk=22.00 t/s avg=22.46 t/s 17.808s
0823 22:04:14 ds4-server: chat ctx=561..611:50 gen=450 THINKING decoding chunk=21.86 t/s avg=22.39 t/s 20.095s
0823 22:04:16 ds4-server: chat ctx=611..661:50 gen=500 THINKING decoding chunk=21.72 t/s avg=22.32 t/s 22.397s
0823 22:04:19 ds4-server: chat ctx=661..711:50 gen=550 THINKING decoding chunk=21.57 t/s avg=22.25 t/s 24.715s
0823 22:04:21 ds4-server: chat ctx=711..761:50 gen=600 THINKING decoding chunk=21.46 t/s avg=22.19 t/s 27.045s
0823 22:04:23 ds4-server: chat ctx=761..811:50 gen=650 THINKING decoding chunk=21.32 t/s avg=22.12 t/s 29.390s
0823 22:04:26 ds4-server: chat ctx=811..861:50 gen=700 THINKING decoding chunk=21.23 t/s avg=22.05 t/s 31.746s
0823 22:04:28 ds4-server: chat ctx=861..911:50 gen=750 THINKING decoding chunk=21.04 t/s avg=21.98 t/s 34.122s
0823 22:04:30 ds4-server: chat ctx=911..961:50 gen=800 THINKING decoding chunk=20.91 t/s avg=21.91 t/s 36.513s
0823 22:04:33 ds4-server: chat ctx=961..1011:50 gen=850 THINKING decoding chunk=20.79 t/s avg=21.84 t/s 38.918s
0823 22:04:35 ds4-server: chat ctx=1011..1061:50 gen=900 THINKING decoding chunk=20.67 t/s avg=21.77 t/s 41.337s
0823 22:04:38 ds4-server: chat ctx=1061..1111:50 gen=950 THINKING decoding chunk=20.56 t/s avg=21.70 t/s 43.770s
0823 22:04:40 ds4-server: chat ctx=1111..1161:50 gen=1000 THINKING decoding chunk=20.42 t/s avg=21.64 t/s 46.219s
0823 22:04:42 ds4-server: chat ctx=1161..1211:50 gen=1050 THINKING decoding chunk=20.30 t/s avg=21.57 t/s 48.682s
0823 22:04:45 ds4-server: chat ctx=1211..1261:50 gen=1100 THINKING decoding chunk=20.19 t/s avg=21.50 t/s 51.159s
0823 22:04:47 ds4-server: chat ctx=1261..1311:50 gen=1150 THINKING decoding chunk=20.03 t/s avg=21.43 t/s 53.655s
0823 22:04:50 ds4-server: chat ctx=1311..1361:50 gen=1200 THINKING decoding chunk=19.96 t/s avg=21.37 t/s 56.160s
0823 22:04:52 ds4-server: chat ctx=1361..1411:50 gen=1250 THINKING decoding chunk=19.86 t/s avg=21.30 t/s 58.677s
0823 22:04:55 ds4-server: chat ctx=1411..1461:50 gen=1300 THINKING decoding chunk=19.68 t/s avg=21.24 t/s 61.219s
0823 22:04:58 ds4-server: chat ctx=1461..1511:50 gen=1350 THINKING decoding chunk=19.65 t/s avg=21.17 t/s 63.764s
0823 22:05:00 ds4-server: chat ctx=1511..1561:50 gen=1400 THINKING decoding chunk=19.54 t/s avg=21.11 t/s 66.322s
0823 22:05:03 ds4-server: chat ctx=1561..1611:50 gen=1450 THINKING decoding chunk=19.38 t/s avg=21.04 t/s 68.902s
0823 22:05:05 ds4-server: chat ctx=1611..1661:50 gen=1500 THINKING decoding chunk=19.27 t/s avg=20.98 t/s 71.497s
0823 22:05:08 ds4-server: chat ctx=1661..1711:50 gen=1550 THINKING decoding chunk=19.16 t/s avg=20.92 t/s 74.107s
0823 22:05:11 ds4-server: chat ctx=1711..1761:50 gen=1600 THINKING decoding chunk=19.06 t/s avg=20.85 t/s 76.729s
0823 22:05:13 ds4-server: chat ctx=1761..1811:50 gen=1650 THINKING decoding chunk=18.99 t/s avg=20.79 t/s 79.362s
0823 22:05:16 ds4-server: chat ctx=1811..1861:50 gen=1700 THINKING decoding chunk=18.83 t/s avg=20.73 t/s 82.018s
0823 22:05:18 ds4-server: chat ctx=1861..1911:50 gen=1750 THINKING decoding chunk=18.82 t/s avg=20.67 t/s 84.674s
0823 22:05:21 ds4-server: chat ctx=1911..1961:50 gen=1800 THINKING decoding chunk=18.68 t/s avg=20.61 t/s 87.351s
0823 22:05:24 ds4-server: chat ctx=1961..2011:50 gen=1850 THINKING decoding chunk=18.58 t/s avg=20.55 t/s 90.042s
0823 22:05:27 ds4-server: chat ctx=2011..2061:50 gen=1900 THINKING decoding chunk=18.51 t/s avg=20.49 t/s 92.743s
0823 22:05:29 ds4-server: chat ctx=2061..2111:50 gen=1950 THINKING decoding chunk=18.37 t/s avg=20.43 t/s 95.466s
0823 22:05:32 ds4-server: chat ctx=2111..2161:50 gen=2000 THINKING decoding chunk=18.27 t/s avg=20.37 t/s 98.202s
0823 22:05:35 ds4-server: chat ctx=2161..2211:50 gen=2050 THINKING decoding chunk=18.16 t/s avg=20.31 t/s 100.955s
0823 22:05:38 ds4-server: chat ctx=2211..2261:50 gen=2100 THINKING decoding chunk=18.08 t/s avg=20.25 t/s 103.720s
0823 22:05:40 ds4-server: chat ctx=2261..2311:50 gen=2150 THINKING decoding chunk=18.00 t/s avg=20.19 t/s 106.498s
0823 22:05:43 ds4-server: chat ctx=2311..2361:50 gen=2200 THINKING decoding chunk=17.89 t/s avg=20.13 t/s 109.293s
0823 22:05:46 ds4-server: chat ctx=2361..2411:50 gen=2250 THINKING decoding chunk=17.78 t/s avg=20.07 t/s 112.106s
0823 22:05:49 ds4-server: chat ctx=2411..2461:50 gen=2300 decoding chunk=17.73 t/s avg=20.01 t/s 114.926s
0823 22:05:52 ds4-server: chat ctx=2461..2511:50 gen=2350 decoding chunk=17.63 t/s avg=19.96 t/s 117.762s
0823 22:05:52 ds4-server: chat ctx=2511..2515:4 gen=2354 decoding chunk=17.54 t/s avg=19.95 t/s 117.990s
0823 22:05:52 ds4-server: thinking live checkpoint remembered ctx=0..161:161 live=2515 visible=815
0823 22:05:52 ds4-server: chat ctx=0..161:161 gen=2354 finish=stop 124.867s
0823 22:05:52 ds4-server: live kv cache miss live=2515 prompt=123 common=3 reason=token-mismatch
0823 22:05:52 ds4-server: chat ctx=0..123:123 prompt start
0823 22:05:52 ds4-server: chat ctx=0..123:123 prefill chunk 1/123 (0.8%) chunk=0.00 t/s avg=24.08 t/s 0.042s
0823 22:05:52 ds4-server: chat ctx=0..123:123 prefill chunk 2/123 (1.6%) chunk=24.33 t/s avg=24.20 t/s 0.083s
0823 22:05:52 ds4-server: chat ctx=0..123:123 prefill chunk 3/123 (2.4%) chunk=23.28 t/s avg=23.89 t/s 0.126s
0823 22:05:52 ds4-server: chat ctx=0..123:123 prefill chunk 4/123 (3.3%) chunk=24.02 t/s avg=23.92 t/s 0.167s
0823 22:05:52 ds4-server: chat ctx=0..123:123 prefill chunk 5/123 (4.1%) chunk=23.93 t/s avg=23.92 t/s 0.209s
0823 22:05:52 ds4-server: chat ctx=0..123:123 prefill chunk 6/123 (4.9%) chunk=22.78 t/s avg=23.73 t/s 0.253s
0823 22:05:52 ds4-server: chat ctx=0..123:123 prefill chunk 7/123 (5.7%) chunk=23.27 t/s avg=23.66 t/s 0.296s
0823 22:05:52 ds4-server: chat ctx=0..123:123 prefill chunk 8/123 (6.5%) chunk=23.86 t/s avg=23.69 t/s 0.338s
0823 22:05:52 ds4-server: chat ctx=0..123:123 prefill chunk 9/123 (7.3%) chunk=24.02 t/s avg=23.72 t/s 0.379s
0823 22:05:52 ds4-server: chat ctx=0..123:123 prefill chunk 10/123 (8.1%) chunk=23.84 t/s avg=23.73 t/s 0.421s
0823 22:05:52 ds4-server: chat ctx=0..123:123 prefill chunk 11/123 (8.9%) chunk=22.94 t/s avg=23.66 t/s 0.465s
0823 22:05:52 ds4-server: chat ctx=0..123:123 prefill chunk 12/123 (9.8%) chunk=24.27 t/s avg=23.71 t/s 0.506s
0823 22:05:52 ds4-server: chat ctx=0..123:123 prefill chunk 13/123 (10.6%) chunk=23.92 t/s avg=23.73 t/s 0.548s
0823 22:05:52 ds4-server: chat ctx=0..123:123 prefill chunk 14/123 (11.4%) chunk=23.44 t/s avg=23.70 t/s 0.591s
0823 22:05:52 ds4-server: chat ctx=0..123:123 prefill chunk 15/123 (12.2%) chunk=23.55 t/s avg=23.69 t/s 0.633s
0823 22:05:52 ds4-server: chat ctx=0..123:123 prefill chunk 16/123 (13.0%) chunk=24.40 t/s avg=23.74 t/s 0.674s
0823 22:05:52 ds4-server: chat ctx=0..123:123 prefill chunk 17/123 (13.8%) chunk=24.45 t/s avg=23.78 t/s 0.715s
0823 22:05:53 ds4-server: chat ctx=0..123:123 prefill chunk 18/123 (14.6%) chunk=22.79 t/s avg=23.72 t/s 0.759s
0823 22:05:53 ds4-server: chat ctx=0..123:123 prefill chunk 19/123 (15.4%) chunk=23.95 t/s avg=23.73 t/s 0.801s
0823 22:05:53 ds4-server: chat ctx=0..123:123 prefill chunk 20/123 (16.3%) chunk=24.15 t/s avg=23.75 t/s 0.842s
0823 22:05:53 ds4-server: chat ctx=0..123:123 prefill chunk 21/123 (17.1%) chunk=23.76 t/s avg=23.75 t/s 0.884s
0823 22:05:53 ds4-server: chat ctx=0..123:123 prefill chunk 22/123 (17.9%) chunk=23.17 t/s avg=23.73 t/s 0.927s
0823 22:05:53 ds4-server: chat ctx=0..123:123 prefill chunk 23/123 (18.7%) chunk=23.98 t/s avg=23.74 t/s 0.969s
0823 22:05:53 ds4-server: chat ctx=0..123:123 prefill chunk 24/123 (19.5%) chunk=24.14 t/s avg=23.75 t/s 1.010s
0823 22:05:53 ds4-server: chat ctx=0..123:123 prefill chunk 25/123 (20.3%) chunk=23.83 t/s avg=23.76 t/s 1.052s
0823 22:05:53 ds4-server: chat ctx=0..123:123 prefill chunk 26/123 (21.1%) chunk=23.16 t/s avg=23.73 t/s 1.096s
0823 22:05:53 ds4-server: chat ctx=0..123:123 prefill chunk 27/123 (22.0%) chunk=24.09 t/s avg=23.75 t/s 1.137s
0823 22:05:53 ds4-server: chat ctx=0..123:123 prefill chunk 28/123 (22.8%) chunk=24.33 t/s avg=23.77 t/s 1.178s
0823 22:05:53 ds4-server: chat ctx=0..123:123 prefill chunk 29/123 (23.6%) chunk=24.02 t/s avg=23.78 t/s 1.220s
0823 22:05:53 ds4-server: chat ctx=0..123:123 prefill chunk 30/123 (24.4%) chunk=22.82 t/s avg=23.74 t/s 1.264s
0823 22:05:53 ds4-server: chat ctx=0..123:123 prefill chunk 31/123 (25.2%) chunk=24.37 t/s avg=23.76 t/s 1.305s
0823 22:05:53 ds4-server: chat ctx=0..123:123 prefill chunk 32/123 (26.0%) chunk=24.20 t/s avg=23.78 t/s 1.346s
0823 22:05:53 ds4-server: chat ctx=0..123:123 prefill chunk 33/123 (26.8%) chunk=24.06 t/s avg=23.78 t/s 1.388s
0823 22:05:53 ds4-server: chat ctx=0..123:123 prefill chunk 34/123 (27.6%) chunk=23.15 t/s avg=23.76 t/s 1.431s
0823 22:05:53 ds4-server: chat ctx=0..123:123 prefill chunk 35/123 (28.5%) chunk=24.00 t/s avg=23.77 t/s 1.472s
0823 22:05:53 ds4-server: chat ctx=0..123:123 prefill chunk 36/123 (29.3%) chunk=23.96 t/s avg=23.78 t/s 1.514s
0823 22:05:53 ds4-server: chat ctx=0..123:123 prefill chunk 37/123 (30.1%) chunk=23.20 t/s avg=23.76 t/s 1.557s
0823 22:05:53 ds4-server: chat ctx=0..123:123 prefill chunk 38/123 (30.9%) chunk=23.31 t/s avg=23.75 t/s 1.600s
0823 22:05:53 ds4-server: chat ctx=0..123:123 prefill chunk 39/123 (31.7%) chunk=24.47 t/s avg=23.77 t/s 1.641s
0823 22:05:53 ds4-server: chat ctx=0..123:123 prefill chunk 40/123 (32.5%) chunk=24.05 t/s avg=23.77 t/s 1.683s
0823 22:05:54 ds4-server: chat ctx=0..123:123 prefill chunk 41/123 (33.3%) chunk=22.98 t/s avg=23.75 t/s 1.726s
0823 22:05:54 ds4-server: chat ctx=0..123:123 prefill chunk 42/123 (34.1%) chunk=23.66 t/s avg=23.75 t/s 1.768s
0823 22:05:54 ds4-server: chat ctx=0..123:123 prefill chunk 43/123 (35.0%) chunk=24.38 t/s avg=23.77 t/s 1.809s
0823 22:05:54 ds4-server: chat ctx=0..123:123 prefill chunk 44/123 (35.8%) chunk=23.88 t/s avg=23.77 t/s 1.851s
0823 22:05:54 ds4-server: chat ctx=0..123:123 prefill chunk 45/123 (36.6%) chunk=23.49 t/s avg=23.76 t/s 1.894s
0823 22:05:54 ds4-server: chat ctx=0..123:123 prefill chunk 46/123 (37.4%) chunk=23.79 t/s avg=23.76 t/s 1.936s
0823 22:05:54 ds4-server: chat ctx=0..123:123 prefill chunk 47/123 (38.2%) chunk=24.32 t/s avg=23.77 t/s 1.977s
0823 22:05:54 ds4-server: chat ctx=0..123:123 prefill chunk 48/123 (39.0%) chunk=23.96 t/s avg=23.78 t/s 2.019s
0823 22:05:54 ds4-server: chat ctx=0..123:123 prefill chunk 49/123 (39.8%) chunk=23.06 t/s avg=23.76 t/s 2.062s
0823 22:05:54 ds4-server: chat ctx=0..123:123 prefill chunk 50/123 (40.7%) chunk=24.00 t/s avg=23.77 t/s 2.104s
0823 22:05:54 ds4-server: chat ctx=0..123:123 prefill chunk 51/123 (41.5%) chunk=24.04 t/s avg=23.77 t/s 2.145s
0823 22:05:54 ds4-server: chat ctx=0..123:123 prefill chunk 52/123 (42.3%) chunk=23.80 t/s avg=23.77 t/s 2.187s
0823 22:05:54 ds4-server: chat ctx=0..123:123 prefill chunk 53/123 (43.1%) chunk=22.84 t/s avg=23.75 t/s 2.231s
0823 22:05:54 ds4-server: chat ctx=0..123:123 prefill chunk 54/123 (43.9%) chunk=24.14 t/s avg=23.76 t/s 2.273s
0823 22:05:54 ds4-server: chat ctx=0..123:123 prefill chunk 55/123 (44.7%) chunk=24.11 t/s avg=23.77 t/s 2.314s
0823 22:05:54 ds4-server: chat ctx=0..123:123 prefill chunk 56/123 (45.5%) chunk=23.34 t/s avg=23.76 t/s 2.357s
0823 22:05:54 ds4-server: chat ctx=0..123:123 prefill chunk 57/123 (46.3%) chunk=23.26 t/s avg=23.75 t/s 2.400s
0823 22:05:54 ds4-server: chat ctx=0..123:123 prefill chunk 58/123 (47.2%) chunk=23.94 t/s avg=23.75 t/s 2.442s
0823 22:05:54 ds4-server: chat ctx=0..123:123 prefill chunk 59/123 (48.0%) chunk=23.69 t/s avg=23.75 t/s 2.484s
0823 22:05:54 ds4-server: chat ctx=0..123:123 prefill chunk 60/123 (48.8%) chunk=23.03 t/s avg=23.74 t/s 2.527s
0823 22:05:54 ds4-server: chat ctx=0..123:123 prefill chunk 61/123 (49.6%) chunk=23.87 t/s avg=23.74 t/s 2.569s
0823 22:05:54 ds4-server: chat ctx=0..123:123 prefill chunk 62/123 (50.4%) chunk=24.04 t/s avg=23.75 t/s 2.611s
0823 22:05:54 ds4-server: chat ctx=0..123:123 prefill chunk 63/123 (51.2%) chunk=23.49 t/s avg=23.74 t/s 2.653s
0823 22:05:54 ds4-server: chat ctx=0..123:123 prefill chunk 64/123 (52.0%) chunk=22.82 t/s avg=23.73 t/s 2.697s
0823 22:05:55 ds4-server: chat ctx=0..123:123 prefill chunk 65/123 (52.8%) chunk=24.20 t/s avg=23.74 t/s 2.738s
0823 22:05:55 ds4-server: chat ctx=0..123:123 prefill chunk 66/123 (53.7%) chunk=24.23 t/s avg=23.74 t/s 2.780s
0823 22:05:55 ds4-server: chat ctx=0..123:123 prefill chunk 67/123 (54.5%) chunk=23.13 t/s avg=23.73 t/s 2.823s
0823 22:05:55 ds4-server: chat ctx=0..123:123 prefill chunk 68/123 (55.3%) chunk=23.44 t/s avg=23.73 t/s 2.866s
0823 22:05:55 ds4-server: chat ctx=0..123:123 prefill chunk 69/123 (56.1%) chunk=24.22 t/s avg=23.74 t/s 2.907s
0823 22:05:55 ds4-server: chat ctx=0..123:123 prefill chunk 70/123 (56.9%) chunk=24.00 t/s avg=23.74 t/s 2.949s
0823 22:05:55 ds4-server: chat ctx=0..123:123 prefill chunk 71/123 (57.7%) chunk=22.77 t/s avg=23.73 t/s 2.993s
0823 22:05:55 ds4-server: chat ctx=0..123:123 prefill chunk 72/123 (58.5%) chunk=23.86 t/s avg=23.73 t/s 3.034s
0823 22:05:55 ds4-server: chat ctx=0..123:123 prefill chunk 73/123 (59.3%) chunk=23.76 t/s avg=23.73 t/s 3.077s
0823 22:05:55 ds4-server: chat ctx=0..123:123 prefill chunk 74/123 (60.2%) chunk=23.52 t/s avg=23.73 t/s 3.119s
0823 22:05:55 ds4-server: chat ctx=0..123:123 prefill chunk 75/123 (61.0%) chunk=22.92 t/s avg=23.71 t/s 3.163s
0823 22:05:55 ds4-server: chat ctx=0..123:123 prefill chunk 76/123 (61.8%) chunk=23.40 t/s avg=23.71 t/s 3.205s
0823 22:05:55 ds4-server: chat ctx=0..123:123 prefill chunk 77/123 (62.6%) chunk=23.80 t/s avg=23.71 t/s 3.247s
0823 22:05:55 ds4-server: chat ctx=0..123:123 prefill chunk 78/123 (63.4%) chunk=23.11 t/s avg=23.70 t/s 3.291s
0823 22:05:55 ds4-server: chat ctx=0..123:123 prefill chunk 79/123 (64.2%) chunk=23.34 t/s avg=23.70 t/s 3.334s
0823 22:05:55 ds4-server: chat ctx=0..123:123 prefill chunk 80/123 (65.0%) chunk=24.25 t/s avg=23.71 t/s 3.375s
0823 22:05:55 ds4-server: chat ctx=0..123:123 prefill chunk 81/123 (65.9%) chunk=23.59 t/s avg=23.70 t/s 3.417s
0823 22:05:55 ds4-server: chat ctx=0..123:123 prefill chunk 82/123 (66.7%) chunk=22.63 t/s avg=23.69 t/s 3.461s
0823 22:05:55 ds4-server: chat ctx=0..123:123 prefill chunk 83/123 (67.5%) chunk=23.73 t/s avg=23.69 t/s 3.503s
0823 22:05:55 ds4-server: chat ctx=0..123:123 prefill chunk 84/123 (68.3%) chunk=24.05 t/s avg=23.69 t/s 3.545s
0823 22:05:55 ds4-server: chat ctx=0..123:123 prefill chunk 85/123 (69.1%) chunk=23.95 t/s avg=23.70 t/s 3.587s
0823 22:05:55 ds4-server: chat ctx=0..123:123 prefill chunk 86/123 (69.9%) chunk=23.17 t/s avg=23.69 t/s 3.630s
0823 22:05:55 ds4-server: chat ctx=0..123:123 prefill chunk 87/123 (70.7%) chunk=24.15 t/s avg=23.70 t/s 3.671s
0823 22:05:55 ds4-server: chat ctx=0..123:123 prefill chunk 88/123 (71.5%) chunk=24.12 t/s avg=23.70 t/s 3.713s
0823 22:05:56 ds4-server: chat ctx=0..123:123 prefill chunk 89/123 (72.4%) chunk=23.57 t/s avg=23.70 t/s 3.755s
0823 22:05:56 ds4-server: chat ctx=0..123:123 prefill chunk 90/123 (73.2%) chunk=22.76 t/s avg=23.69 t/s 3.799s
0823 22:05:56 ds4-server: chat ctx=0..123:123 prefill chunk 91/123 (74.0%) chunk=23.76 t/s avg=23.69 t/s 3.841s
0823 22:05:56 ds4-server: chat ctx=0..123:123 prefill chunk 92/123 (74.8%) chunk=23.52 t/s avg=23.69 t/s 3.884s
0823 22:05:56 ds4-server: chat ctx=0..123:123 prefill chunk 93/123 (75.6%) chunk=22.73 t/s avg=23.68 t/s 3.928s
0823 22:05:56 ds4-server: chat ctx=0..123:123 prefill chunk 94/123 (76.4%) chunk=23.67 t/s avg=23.68 t/s 3.970s
0823 22:05:56 ds4-server: chat ctx=0..123:123 prefill chunk 95/123 (77.2%) chunk=23.74 t/s avg=23.68 t/s 4.012s
0823 22:05:56 ds4-server: chat ctx=0..123:123 prefill chunk 96/123 (78.0%) chunk=23.49 t/s avg=23.68 t/s 4.055s
0823 22:05:56 ds4-server: chat ctx=0..123:123 prefill chunk 97/123 (78.9%) chunk=22.79 t/s avg=23.67 t/s 4.099s
0823 22:05:56 ds4-server: chat ctx=0..123:123 prefill chunk 98/123 (79.7%) chunk=23.80 t/s avg=23.67 t/s 4.141s
0823 22:05:56 ds4-server: chat ctx=0..123:123 prefill chunk 99/123 (80.5%) chunk=23.72 t/s avg=23.67 t/s 4.183s
0823 22:05:56 ds4-server: chat ctx=0..123:123 prefill chunk 100/123 (81.3%) chunk=22.71 t/s avg=23.66 t/s 4.227s
0823 22:05:56 ds4-server: chat ctx=0..123:123 prefill chunk 101/123 (82.1%) chunk=23.68 t/s avg=23.66 t/s 4.269s
0823 22:05:56 ds4-server: chat ctx=0..123:123 prefill chunk 102/123 (82.9%) chunk=23.77 t/s avg=23.66 t/s 4.311s
0823 22:05:56 ds4-server: chat ctx=0..123:123 prefill chunk 103/123 (83.7%) chunk=23.78 t/s avg=23.66 t/s 4.353s
0823 22:05:56 ds4-server: chat ctx=0..123:123 prefill chunk 104/123 (84.6%) chunk=22.63 t/s avg=23.65 t/s 4.397s
0823 22:05:56 ds4-server: chat ctx=0..123:123 prefill chunk 105/123 (85.4%) chunk=23.90 t/s avg=23.65 t/s 4.439s
0823 22:05:56 ds4-server: chat ctx=0..123:123 prefill chunk 106/123 (86.2%) chunk=24.04 t/s avg=23.66 t/s 4.481s
0823 22:05:56 ds4-server: chat ctx=0..123:123 prefill chunk 107/123 (87.0%) chunk=23.54 t/s avg=23.66 t/s 4.523s
0823 22:05:56 ds4-server: chat ctx=0..123:123 prefill chunk 108/123 (87.8%) chunk=23.21 t/s avg=23.65 t/s 4.566s
0823 22:05:56 ds4-server: chat ctx=0..123:123 prefill chunk 109/123 (88.6%) chunk=23.64 t/s avg=23.65 t/s 4.609s
0823 22:05:56 ds4-server: chat ctx=0..123:123 prefill chunk 110/123 (89.4%) chunk=23.26 t/s avg=23.65 t/s 4.652s
0823 22:05:56 ds4-server: chat ctx=0..123:123 prefill chunk 111/123 (90.2%) chunk=22.80 t/s avg=23.64 t/s 4.696s
0823 22:05:57 ds4-server: chat ctx=0..123:123 prefill chunk 112/123 (91.1%) chunk=23.21 t/s avg=23.64 t/s 4.739s
0823 22:05:57 ds4-server: chat ctx=0..123:123 prefill chunk 113/123 (91.9%) chunk=23.59 t/s avg=23.64 t/s 4.781s
0823 22:05:57 ds4-server: chat ctx=0..123:123 prefill chunk 114/123 (92.7%) chunk=22.32 t/s avg=23.62 t/s 4.826s
0823 22:05:57 ds4-server: chat ctx=0..123:123 prefill chunk 115/123 (93.5%) chunk=23.18 t/s avg=23.62 t/s 4.869s
0823 22:05:57 ds4-server: chat ctx=0..123:123 prefill chunk 116/123 (94.3%) chunk=23.86 t/s avg=23.62 t/s 4.911s
0823 22:05:57 ds4-server: chat ctx=0..123:123 prefill chunk 117/123 (95.1%) chunk=23.86 t/s avg=23.62 t/s 4.953s
0823 22:05:57 ds4-server: chat ctx=0..123:123 prefill chunk 118/123 (95.9%) chunk=22.38 t/s avg=23.61 t/s 4.997s
0823 22:05:57 ds4-server: chat ctx=0..123:123 prefill chunk 119/123 (96.7%) chunk=23.99 t/s avg=23.62 t/s 5.039s
0823 22:05:57 ds4-server: chat ctx=0..123:123 prefill chunk 120/123 (97.6%) chunk=23.46 t/s avg=23.61 t/s 5.082s
0823 22:05:57 ds4-server: chat ctx=0..123:123 prefill chunk 121/123 (98.4%) chunk=22.47 t/s avg=23.60 t/s 5.126s
0823 22:05:57 ds4-server: chat ctx=0..123:123 prefill chunk 122/123 (99.2%) chunk=23.37 t/s avg=23.60 t/s 5.169s
0823 22:05:57 ds4-server: chat ctx=0..123:123 prefill chunk 123/123 (100.0%) chunk=23.44 t/s avg=23.60 t/s 5.212s
0823 22:05:57 ds4-server: chat ctx=0..123:123 prompt done 5.212s
0823 22:05:59 ds4-server: chat ctx=123..173:50 gen=50 THINKING decoding chunk=23.11 t/s avg=23.11 t/s 2.164s
0823 22:06:01 ds4-server: chat ctx=173..223:50 gen=100 THINKING decoding chunk=22.96 t/s avg=23.03 t/s 4.342s
0823 22:06:04 ds4-server: chat ctx=223..273:50 gen=150 THINKING decoding chunk=22.83 t/s avg=22.97 t/s 6.531s
0823 22:06:06 ds4-server: chat ctx=273..323:50 gen=200 THINKING decoding chunk=22.67 t/s avg=22.89 t/s 8.737s
0823 22:06:08 ds4-server: chat ctx=323..373:50 gen=250 THINKING decoding chunk=22.53 t/s avg=22.82 t/s 10.956s
0823 22:06:10 ds4-server: chat ctx=373..423:50 gen=300 THINKING decoding chunk=22.56 t/s avg=22.77 t/s 13.173s
0823 22:06:12 ds4-server: chat ctx=423..473:50 gen=350 THINKING decoding chunk=22.45 t/s avg=22.73 t/s 15.400s
0823 22:06:15 ds4-server: chat ctx=473..523:50 gen=400 THINKING decoding chunk=22.18 t/s avg=22.66 t/s 17.654s
0823 22:06:17 ds4-server: chat ctx=523..573:50 gen=450 THINKING decoding chunk=22.00 t/s avg=22.58 t/s 19.927s
0823 22:06:19 ds4-server: chat ctx=573..623:50 gen=500 THINKING decoding chunk=21.78 t/s avg=22.50 t/s 22.223s
0823 22:06:22 ds4-server: chat ctx=623..673:50 gen=550 THINKING decoding chunk=21.68 t/s avg=22.42 t/s 24.529s
0823 22:06:24 ds4-server: chat ctx=673..723:50 gen=600 THINKING decoding chunk=21.50 t/s avg=22.34 t/s 26.855s
0823 22:06:26 ds4-server: chat ctx=723..773:50 gen=650 THINKING decoding chunk=21.38 t/s avg=22.27 t/s 29.194s
0823 22:06:29 ds4-server: chat ctx=773..823:50 gen=700 THINKING decoding chunk=21.22 t/s avg=22.19 t/s 31.550s
0823 22:06:31 ds4-server: chat ctx=823..873:50 gen=750 THINKING decoding chunk=21.08 t/s avg=22.11 t/s 33.922s
0823 22:06:33 ds4-server: chat ctx=873..923:50 gen=800 THINKING decoding chunk=20.98 t/s avg=22.03 t/s 36.306s
0823 22:06:36 ds4-server: chat ctx=923..973:50 gen=850 THINKING decoding chunk=20.81 t/s avg=21.96 t/s 38.708s
0823 22:06:38 ds4-server: chat ctx=973..1023:50 gen=900 THINKING decoding chunk=20.71 t/s avg=21.89 t/s 41.123s
0823 22:06:41 ds4-server: chat ctx=1023..1073:50 gen=950 THINKING decoding chunk=20.56 t/s avg=21.81 t/s 43.555s
0823 22:06:43 ds4-server: chat ctx=1073..1123:50 gen=1000 THINKING decoding chunk=20.44 t/s avg=21.74 t/s 46.001s
0823 22:06:45 ds4-server: chat ctx=1123..1173:50 gen=1050 THINKING decoding chunk=20.30 t/s avg=21.67 t/s 48.463s
0823 22:06:48 ds4-server: chat ctx=1173..1223:50 gen=1100 THINKING decoding chunk=20.22 t/s avg=21.60 t/s 50.936s
0823 22:06:50 ds4-server: chat ctx=1223..1273:50 gen=1150 THINKING decoding chunk=20.07 t/s avg=21.52 t/s 53.427s
0823 22:06:53 ds4-server: chat ctx=1273..1323:50 gen=1200 THINKING decoding chunk=20.00 t/s avg=21.46 t/s 55.927s
0823 22:06:55 ds4-server: chat ctx=1323..1373:50 gen=1250 THINKING decoding chunk=19.90 t/s avg=21.39 t/s 58.439s
0823 22:06:58 ds4-server: chat ctx=1373..1423:50 gen=1300 THINKING decoding chunk=19.73 t/s avg=21.32 t/s 60.973s
0823 22:07:01 ds4-server: chat ctx=1423..1473:50 gen=1350 THINKING decoding chunk=19.62 t/s avg=21.25 t/s 63.522s
0823 22:07:03 ds4-server: chat ctx=1473..1523:50 gen=1400 THINKING decoding chunk=19.57 t/s avg=21.19 t/s 66.076s
0823 22:07:06 ds4-server: chat ctx=1523..1573:50 gen=1450 THINKING decoding chunk=19.44 t/s avg=21.12 t/s 68.648s
0823 22:07:08 ds4-server: chat ctx=1573..1623:50 gen=1500 THINKING decoding chunk=19.32 t/s avg=21.06 t/s 71.236s
0823 22:07:11 ds4-server: chat ctx=1623..1673:50 gen=1550 THINKING decoding chunk=19.22 t/s avg=20.99 t/s 73.838s
0823 22:07:13 ds4-server: chat ctx=1673..1723:50 gen=1600 THINKING decoding chunk=19.11 t/s avg=20.93 t/s 76.455s
0823 22:07:16 ds4-server: chat ctx=1723..1773:50 gen=1650 THINKING decoding chunk=19.08 t/s avg=20.87 t/s 79.076s
0823 22:07:19 ds4-server: chat ctx=1773..1823:50 gen=1700 THINKING decoding chunk=18.87 t/s avg=20.80 t/s 81.726s
0823 22:07:21 ds4-server: chat ctx=1823..1873:50 gen=1750 THINKING decoding chunk=18.79 t/s avg=20.74 t/s 84.387s
0823 22:07:24 ds4-server: chat ctx=1873..1923:50 gen=1800 THINKING decoding chunk=18.69 t/s avg=20.68 t/s 87.062s
0823 22:07:27 ds4-server: chat ctx=1923..1973:50 gen=1850 decoding chunk=18.53 t/s avg=20.61 t/s 89.760s
0823 22:07:29 ds4-server: chat ctx=1973..2023:50 gen=1900 decoding chunk=18.50 t/s avg=20.55 t/s 92.462s
0823 22:07:32 ds4-server: chat ctx=2023..2073:50 gen=1950 decoding chunk=18.43 t/s avg=20.49 t/s 95.175s
0823 22:07:35 ds4-server: chat ctx=2073..2123:50 gen=2000 decoding chunk=18.30 t/s avg=20.43 t/s 97.908s
0823 22:07:38 ds4-server: chat ctx=2123..2173:50 gen=2050 decoding chunk=18.21 t/s avg=20.37 t/s 100.653s
0823 22:07:40 ds4-server: chat ctx=2173..2223:50 gen=2100 decoding chunk=18.08 t/s avg=20.31 t/s 103.419s
0823 22:07:43 ds4-server: chat ctx=2223..2273:50 gen=2150 decoding chunk=18.00 t/s avg=20.25 t/s 106.197s
0823 22:07:46 ds4-server: chat ctx=2273..2323:50 gen=2200 decoding chunk=17.92 t/s avg=20.19 t/s 108.987s
0823 22:07:49 ds4-server: chat ctx=2323..2373:50 gen=2250 decoding chunk=17.85 t/s avg=20.13 t/s 111.789s
0823 22:07:52 ds4-server: chat ctx=2373..2423:50 gen=2300 decoding chunk=17.74 t/s avg=20.07 t/s 114.607s
0823 22:07:54 ds4-server: chat ctx=2423..2473:50 gen=2350 decoding chunk=17.69 t/s avg=20.01 t/s 117.434s
0823 22:07:55 ds4-server: chat ctx=2473..2475:2 gen=2352 decoding chunk=17.45 t/s avg=20.01 t/s 117.548s
0823 22:07:55 ds4-server: thinking live checkpoint remembered ctx=0..123:123 live=2475 visible=1713
0823 22:07:55 ds4-server: chat ctx=0..123:123 gen=2352 finish=stop 122.760s
0823 22:07:55 ds4-server: live kv cache miss live=2475 prompt=126 common=56 reason=token-mismatch
0823 22:07:55 ds4-server: chat ctx=0..126:126 prompt start
0823 22:07:55 ds4-server: chat ctx=0..126:126 prefill chunk 1/126 (0.8%) chunk=0.00 t/s avg=23.53 t/s 0.042s
0823 22:07:55 ds4-server: chat ctx=0..126:126 prefill chunk 2/126 (1.6%) chunk=23.66 t/s avg=23.60 t/s 0.085s
0823 22:07:55 ds4-server: chat ctx=0..126:126 prefill chunk 3/126 (2.4%) chunk=22.84 t/s avg=23.34 t/s 0.129s
0823 22:07:55 ds4-server: chat ctx=0..126:126 prefill chunk 4/126 (3.2%) chunk=23.60 t/s avg=23.40 t/s 0.171s
0823 22:07:55 ds4-server: chat ctx=0..126:126 prefill chunk 5/126 (4.0%) chunk=23.86 t/s avg=23.49 t/s 0.213s
0823 22:07:55 ds4-server: chat ctx=0..126:126 prefill chunk 6/126 (4.8%) chunk=23.50 t/s avg=23.50 t/s 0.255s
0823 22:07:55 ds4-server: chat ctx=0..126:126 prefill chunk 7/126 (5.6%) chunk=23.46 t/s avg=23.49 t/s 0.298s
0823 22:07:55 ds4-server: chat ctx=0..126:126 prefill chunk 8/126 (6.3%) chunk=23.91 t/s avg=23.54 t/s 0.340s
0823 22:07:55 ds4-server: chat ctx=0..126:126 prefill chunk 9/126 (7.1%) chunk=23.68 t/s avg=23.56 t/s 0.382s
0823 22:07:55 ds4-server: chat ctx=0..126:126 prefill chunk 10/126 (7.9%) chunk=22.92 t/s avg=23.49 t/s 0.426s
0823 22:07:55 ds4-server: chat ctx=0..126:126 prefill chunk 11/126 (8.7%) chunk=23.20 t/s avg=23.47 t/s 0.469s
0823 22:07:55 ds4-server: chat ctx=0..126:126 prefill chunk 12/126 (9.5%) chunk=23.71 t/s avg=23.49 t/s 0.511s
0823 22:07:55 ds4-server: chat ctx=0..126:126 prefill chunk 13/126 (10.3%) chunk=23.66 t/s avg=23.50 t/s 0.553s
0823 22:07:55 ds4-server: chat ctx=0..126:126 prefill chunk 14/126 (11.1%) chunk=23.17 t/s avg=23.48 t/s 0.596s
0823 22:07:55 ds4-server: chat ctx=0..126:126 prefill chunk 15/126 (11.9%) chunk=23.37 t/s avg=23.47 t/s 0.639s
0823 22:07:55 ds4-server: chat ctx=0..126:126 prefill chunk 16/126 (12.7%) chunk=23.80 t/s avg=23.49 t/s 0.681s
0823 22:07:55 ds4-server: chat ctx=0..126:126 prefill chunk 17/126 (13.5%) chunk=23.75 t/s avg=23.50 t/s 0.723s
0823 22:07:55 ds4-server: chat ctx=0..126:126 prefill chunk 18/126 (14.3%) chunk=22.90 t/s avg=23.47 t/s 0.767s
0823 22:07:55 ds4-server: chat ctx=0..126:126 prefill chunk 19/126 (15.1%) chunk=23.97 t/s avg=23.50 t/s 0.809s
0823 22:07:55 ds4-server: chat ctx=0..126:126 prefill chunk 20/126 (15.9%) chunk=24.02 t/s avg=23.52 t/s 0.850s
0823 22:07:55 ds4-server: chat ctx=0..126:126 prefill chunk 21/126 (16.7%) chunk=22.95 t/s avg=23.49 t/s 0.894s
0823 22:07:55 ds4-server: chat ctx=0..126:126 prefill chunk 22/126 (17.5%) chunk=22.98 t/s avg=23.47 t/s 0.937s
0823 22:07:56 ds4-server: chat ctx=0..126:126 prefill chunk 23/126 (18.3%) chunk=23.88 t/s avg=23.49 t/s 0.979s
0823 22:07:56 ds4-server: chat ctx=0..126:126 prefill chunk 24/126 (19.0%) chunk=23.43 t/s avg=23.49 t/s 1.022s
0823 22:07:56 ds4-server: chat ctx=0..126:126 prefill chunk 25/126 (19.8%) chunk=23.10 t/s avg=23.47 t/s 1.065s
0823 22:07:56 ds4-server: chat ctx=0..126:126 prefill chunk 26/126 (20.6%) chunk=23.73 t/s avg=23.48 t/s 1.107s
0823 22:07:56 ds4-server: chat ctx=0..126:126 prefill chunk 27/126 (21.4%) chunk=23.77 t/s avg=23.49 t/s 1.149s
0823 22:07:56 ds4-server: chat ctx=0..126:126 prefill chunk 28/126 (22.2%) chunk=23.07 t/s avg=23.47 t/s 1.193s
0823 22:07:56 ds4-server: chat ctx=0..126:126 prefill chunk 29/126 (23.0%) chunk=22.98 t/s avg=23.46 t/s 1.236s
0823 22:07:56 ds4-server: chat ctx=0..126:126 prefill chunk 30/126 (23.8%) chunk=24.01 t/s avg=23.47 t/s 1.278s
0823 22:07:56 ds4-server: chat ctx=0..126:126 prefill chunk 31/126 (24.6%) chunk=23.20 t/s avg=23.47 t/s 1.321s
0823 22:07:56 ds4-server: chat ctx=0..126:126 prefill chunk 32/126 (25.4%) chunk=22.65 t/s avg=23.44 t/s 1.365s
0823 22:07:56 ds4-server: chat ctx=0..126:126 prefill chunk 33/126 (26.2%) chunk=23.73 t/s avg=23.45 t/s 1.407s
0823 22:07:56 ds4-server: chat ctx=0..126:126 prefill chunk 34/126 (27.0%) chunk=23.65 t/s avg=23.45 t/s 1.450s
0823 22:07:56 ds4-server: chat ctx=0..126:126 prefill chunk 35/126 (27.8%) chunk=23.09 t/s avg=23.44 t/s 1.493s
0823 22:07:56 ds4-server: chat ctx=0..126:126 prefill chunk 36/126 (28.6%) chunk=23.22 t/s avg=23.44 t/s 1.536s
0823 22:07:56 ds4-server: chat ctx=0..126:126 prefill chunk 37/126 (29.4%) chunk=23.67 t/s avg=23.44 t/s 1.578s
0823 22:07:56 ds4-server: chat ctx=0..126:126 prefill chunk 38/126 (30.2%) chunk=23.43 t/s avg=23.44 t/s 1.621s
0823 22:07:56 ds4-server: chat ctx=0..126:126 prefill chunk 39/126 (31.0%) chunk=23.08 t/s avg=23.43 t/s 1.664s
0823 22:07:56 ds4-server: chat ctx=0..126:126 prefill chunk 40/126 (31.7%) chunk=23.45 t/s avg=23.43 t/s 1.707s
0823 22:07:56 ds4-server: chat ctx=0..126:126 prefill chunk 41/126 (32.5%) chunk=23.76 t/s avg=23.44 t/s 1.749s
0823 22:07:56 ds4-server: chat ctx=0..126:126 prefill chunk 42/126 (33.3%) chunk=23.71 t/s avg=23.45 t/s 1.791s
0823 22:07:56 ds4-server: chat ctx=0..126:126 prefill chunk 43/126 (34.1%) chunk=22.71 t/s avg=23.43 t/s 1.835s
0823 22:07:56 ds4-server: chat ctx=0..126:126 prefill chunk 44/126 (34.9%) chunk=23.75 t/s avg=23.44 t/s 1.877s
0823 22:07:56 ds4-server: chat ctx=0..126:126 prefill chunk 45/126 (35.7%) chunk=23.24 t/s avg=23.43 t/s 1.920s
0823 22:07:57 ds4-server: chat ctx=0..126:126 prefill chunk 46/126 (36.5%) chunk=22.83 t/s avg=23.42 t/s 1.964s
0823 22:07:57 ds4-server: chat ctx=0..126:126 prefill chunk 47/126 (37.3%) chunk=23.56 t/s avg=23.42 t/s 2.007s
0823 22:07:57 ds4-server: chat ctx=0..126:126 prefill chunk 48/126 (38.1%) chunk=23.57 t/s avg=23.43 t/s 2.049s
0823 22:07:57 ds4-server: chat ctx=0..126:126 prefill chunk 49/126 (38.9%) chunk=23.09 t/s avg=23.42 t/s 2.092s
0823 22:07:57 ds4-server: chat ctx=0..126:126 prefill chunk 50/126 (39.7%) chunk=23.16 t/s avg=23.41 t/s 2.135s
0823 22:07:57 ds4-server: chat ctx=0..126:126 prefill chunk 51/126 (40.5%) chunk=23.56 t/s avg=23.42 t/s 2.178s
0823 22:07:57 ds4-server: chat ctx=0..126:126 prefill chunk 52/126 (41.3%) chunk=23.29 t/s avg=23.41 t/s 2.221s
0823 22:07:57 ds4-server: chat ctx=0..126:126 prefill chunk 53/126 (42.1%) chunk=22.69 t/s avg=23.40 t/s 2.265s
0823 22:07:57 ds4-server: chat ctx=0..126:126 prefill chunk 54/126 (42.9%) chunk=23.41 t/s avg=23.40 t/s 2.308s
0823 22:07:57 ds4-server: chat ctx=0..126:126 prefill chunk 55/126 (43.7%) chunk=23.60 t/s avg=23.40 t/s 2.350s
0823 22:07:57 ds4-server: chat ctx=0..126:126 prefill chunk 56/126 (44.4%) chunk=23.00 t/s avg=23.40 t/s 2.393s
0823 22:07:57 ds4-server: chat ctx=0..126:126 prefill chunk 57/126 (45.2%) chunk=23.32 t/s avg=23.40 t/s 2.436s
0823 22:07:57 ds4-server: chat ctx=0..126:126 prefill chunk 58/126 (46.0%) chunk=23.57 t/s avg=23.40 t/s 2.479s
0823 22:07:57 ds4-server: chat ctx=0..126:126 prefill chunk 59/126 (46.8%) chunk=23.51 t/s avg=23.40 t/s 2.521s
0823 22:07:57 ds4-server: chat ctx=0..126:126 prefill chunk 60/126 (47.6%) chunk=22.87 t/s avg=23.39 t/s 2.565s
0823 22:07:57 ds4-server: chat ctx=0..126:126 prefill chunk 61/126 (48.4%) chunk=23.67 t/s avg=23.40 t/s 2.607s
0823 22:07:57 ds4-server: chat ctx=0..126:126 prefill chunk 62/126 (49.2%) chunk=23.71 t/s avg=23.40 t/s 2.649s
0823 22:07:57 ds4-server: chat ctx=0..126:126 prefill chunk 63/126 (50.0%) chunk=22.50 t/s avg=23.39 t/s 2.694s
0823 22:07:57 ds4-server: chat ctx=0..126:126 prefill chunk 64/126 (50.8%) chunk=23.42 t/s avg=23.39 t/s 2.737s
0823 22:07:57 ds4-server: chat ctx=0..126:126 prefill chunk 65/126 (51.6%) chunk=23.73 t/s avg=23.39 t/s 2.779s
0823 22:07:57 ds4-server: chat ctx=0..126:126 prefill chunk 66/126 (52.4%) chunk=23.75 t/s avg=23.40 t/s 2.821s
0823 22:07:57 ds4-server: chat ctx=0..126:126 prefill chunk 67/126 (53.2%) chunk=22.96 t/s avg=23.39 t/s 2.864s
0823 22:07:57 ds4-server: chat ctx=0..126:126 prefill chunk 68/126 (54.0%) chunk=23.45 t/s avg=23.39 t/s 2.907s
0823 22:07:57 ds4-server: chat ctx=0..126:126 prefill chunk 69/126 (54.8%) chunk=23.73 t/s avg=23.40 t/s 2.949s
0823 22:07:58 ds4-server: chat ctx=0..126:126 prefill chunk 70/126 (55.6%) chunk=23.11 t/s avg=23.39 t/s 2.992s
0823 22:07:58 ds4-server: chat ctx=0..126:126 prefill chunk 71/126 (56.3%) chunk=23.24 t/s avg=23.39 t/s 3.036s
0823 22:07:58 ds4-server: chat ctx=0..126:126 prefill chunk 72/126 (57.1%) chunk=23.77 t/s avg=23.40 t/s 3.078s
0823 22:07:58 ds4-server: chat ctx=0..126:126 prefill chunk 73/126 (57.9%) chunk=23.41 t/s avg=23.40 t/s 3.120s
0823 22:07:58 ds4-server: chat ctx=0..126:126 prefill chunk 74/126 (58.7%) chunk=22.77 t/s avg=23.39 t/s 3.164s
0823 22:07:58 ds4-server: chat ctx=0..126:126 prefill chunk 75/126 (59.5%) chunk=23.45 t/s avg=23.39 t/s 3.207s
0823 22:07:58 ds4-server: chat ctx=0..126:126 prefill chunk 76/126 (60.3%) chunk=23.72 t/s avg=23.39 t/s 3.249s
0823 22:07:58 ds4-server: chat ctx=0..126:126 prefill chunk 77/126 (61.1%) chunk=23.11 t/s avg=23.39 t/s 3.292s
0823 22:07:58 ds4-server: chat ctx=0..126:126 prefill chunk 78/126 (61.9%) chunk=23.10 t/s avg=23.38 t/s 3.336s
0823 22:07:58 ds4-server: chat ctx=0..126:126 prefill chunk 79/126 (62.7%) chunk=23.66 t/s avg=23.39 t/s 3.378s
0823 22:07:58 ds4-server: chat ctx=0..126:126 prefill chunk 80/126 (63.5%) chunk=23.20 t/s avg=23.39 t/s 3.421s
0823 22:07:58 ds4-server: chat ctx=0..126:126 prefill chunk 81/126 (64.3%) chunk=22.84 t/s avg=23.38 t/s 3.465s
0823 22:07:58 ds4-server: chat ctx=0..126:126 prefill chunk 82/126 (65.1%) chunk=23.45 t/s avg=23.38 t/s 3.507s
0823 22:07:58 ds4-server: chat ctx=0..126:126 prefill chunk 83/126 (65.9%) chunk=23.75 t/s avg=23.38 t/s 3.549s
0823 22:07:58 ds4-server: chat ctx=0..126:126 prefill chunk 84/126 (66.7%) chunk=22.99 t/s avg=23.38 t/s 3.593s
0823 22:07:58 ds4-server: chat ctx=0..126:126 prefill chunk 85/126 (67.5%) chunk=23.09 t/s avg=23.38 t/s 3.636s
0823 22:07:58 ds4-server: chat ctx=0..126:126 prefill chunk 86/126 (68.3%) chunk=23.76 t/s avg=23.38 t/s 3.678s
0823 22:07:58 ds4-server: chat ctx=0..126:126 prefill chunk 87/126 (69.0%) chunk=23.43 t/s avg=23.38 t/s 3.721s
0823 22:07:58 ds4-server: chat ctx=0..126:126 prefill chunk 88/126 (69.8%) chunk=22.66 t/s avg=23.37 t/s 3.765s
0823 22:07:58 ds4-server: chat ctx=0..126:126 prefill chunk 89/126 (70.6%) chunk=23.55 t/s avg=23.37 t/s 3.808s
0823 22:07:58 ds4-server: chat ctx=0..126:126 prefill chunk 90/126 (71.4%) chunk=23.50 t/s avg=23.38 t/s 3.850s
0823 22:07:58 ds4-server: chat ctx=0..126:126 prefill chunk 91/126 (72.2%) chunk=22.58 t/s avg=23.37 t/s 3.894s
0823 22:07:58 ds4-server: chat ctx=0..126:126 prefill chunk 92/126 (73.0%) chunk=23.56 t/s avg=23.37 t/s 3.937s
0823 22:07:59 ds4-server: chat ctx=0..126:126 prefill chunk 93/126 (73.8%) chunk=23.65 t/s avg=23.37 t/s 3.979s
0823 22:07:59 ds4-server: chat ctx=0..126:126 prefill chunk 94/126 (74.6%) chunk=23.31 t/s avg=23.37 t/s 4.022s
0823 22:07:59 ds4-server: chat ctx=0..126:126 prefill chunk 95/126 (75.4%) chunk=22.69 t/s avg=23.36 t/s 4.066s
0823 22:07:59 ds4-server: chat ctx=0..126:126 prefill chunk 96/126 (76.2%) chunk=23.57 t/s avg=23.37 t/s 4.109s
0823 22:07:59 ds4-server: chat ctx=0..126:126 prefill chunk 97/126 (77.0%) chunk=23.74 t/s avg=23.37 t/s 4.151s
0823 22:07:59 ds4-server: chat ctx=0..126:126 prefill chunk 98/126 (77.8%) chunk=22.87 t/s avg=23.36 t/s 4.194s
0823 22:07:59 ds4-server: chat ctx=0..126:126 prefill chunk 99/126 (78.6%) chunk=22.88 t/s avg=23.36 t/s 4.238s
0823 22:07:59 ds4-server: chat ctx=0..126:126 prefill chunk 100/126 (79.4%) chunk=23.60 t/s avg=23.36 t/s 4.281s
0823 22:07:59 ds4-server: chat ctx=0..126:126 prefill chunk 101/126 (80.2%) chunk=23.59 t/s avg=23.36 t/s 4.323s
0823 22:07:59 ds4-server: chat ctx=0..126:126 prefill chunk 102/126 (81.0%) chunk=22.52 t/s avg=23.36 t/s 4.367s
0823 22:07:59 ds4-server: chat ctx=0..126:126 prefill chunk 103/126 (81.7%) chunk=23.64 t/s avg=23.36 t/s 4.410s
0823 22:07:59 ds4-server: chat ctx=0..126:126 prefill chunk 104/126 (82.5%) chunk=23.57 t/s avg=23.36 t/s 4.452s
0823 22:07:59 ds4-server: chat ctx=0..126:126 prefill chunk 105/126 (83.3%) chunk=22.55 t/s avg=23.35 t/s 4.496s
0823 22:07:59 ds4-server: chat ctx=0..126:126 prefill chunk 106/126 (84.1%) chunk=23.40 t/s avg=23.35 t/s 4.539s
0823 22:07:59 ds4-server: chat ctx=0..126:126 prefill chunk 107/126 (84.9%) chunk=23.64 t/s avg=23.36 t/s 4.581s
0823 22:07:59 ds4-server: chat ctx=0..126:126 prefill chunk 108/126 (85.7%) chunk=23.38 t/s avg=23.36 t/s 4.624s
0823 22:07:59 ds4-server: chat ctx=0..126:126 prefill chunk 109/126 (86.5%) chunk=22.43 t/s avg=23.35 t/s 4.669s
0823 22:07:59 ds4-server: chat ctx=0..126:126 prefill chunk 110/126 (87.3%) chunk=23.46 t/s avg=23.35 t/s 4.711s
0823 22:07:59 ds4-server: chat ctx=0..126:126 prefill chunk 111/126 (88.1%) chunk=23.32 t/s avg=23.35 t/s 4.754s
0823 22:07:59 ds4-server: chat ctx=0..126:126 prefill chunk 112/126 (88.9%) chunk=22.70 t/s avg=23.34 t/s 4.798s
0823 22:07:59 ds4-server: chat ctx=0..126:126 prefill chunk 113/126 (89.7%) chunk=23.52 t/s avg=23.34 t/s 4.841s
0823 22:07:59 ds4-server: chat ctx=0..126:126 prefill chunk 114/126 (90.5%) chunk=23.71 t/s avg=23.35 t/s 4.883s
0823 22:07:59 ds4-server: chat ctx=0..126:126 prefill chunk 115/126 (91.3%) chunk=22.88 t/s avg=23.34 t/s 4.927s
0823 22:08:00 ds4-server: chat ctx=0..126:126 prefill chunk 116/126 (92.1%) chunk=23.06 t/s avg=23.34 t/s 4.970s
0823 22:08:00 ds4-server: chat ctx=0..126:126 prefill chunk 117/126 (92.9%) chunk=23.32 t/s avg=23.34 t/s 5.013s
0823 22:08:00 ds4-server: chat ctx=0..126:126 prefill chunk 118/126 (93.7%) chunk=23.40 t/s avg=23.34 t/s 5.056s
0823 22:08:00 ds4-server: chat ctx=0..126:126 prefill chunk 119/126 (94.4%) chunk=22.32 t/s avg=23.33 t/s 5.101s
0823 22:08:00 ds4-server: chat ctx=0..126:126 prefill chunk 120/126 (95.2%) chunk=23.48 t/s avg=23.33 t/s 5.143s
0823 22:08:00 ds4-server: chat ctx=0..126:126 prefill chunk 121/126 (96.0%) chunk=23.61 t/s avg=23.33 t/s 5.185s
0823 22:08:00 ds4-server: chat ctx=0..126:126 prefill chunk 122/126 (96.8%) chunk=22.34 t/s avg=23.33 t/s 5.230s
0823 22:08:00 ds4-server: chat ctx=0..126:126 prefill chunk 123/126 (97.6%) chunk=23.13 t/s avg=23.32 t/s 5.273s
0823 22:08:00 ds4-server: chat ctx=0..126:126 prefill chunk 124/126 (98.4%) chunk=23.58 t/s avg=23.33 t/s 5.316s
0823 22:08:00 ds4-server: chat ctx=0..126:126 prefill chunk 125/126 (99.2%) chunk=22.85 t/s avg=23.32 t/s 5.360s
0823 22:08:00 ds4-server: chat ctx=0..126:126 prefill chunk 126/126 (100.0%) chunk=22.76 t/s avg=23.32 t/s 5.404s
0823 22:08:00 ds4-server: chat ctx=0..126:126 prompt done 5.404s
0823 22:08:02 ds4-server: chat ctx=126..176:50 gen=50 THINKING decoding chunk=23.09 t/s avg=23.09 t/s 2.165s
0823 22:08:04 ds4-server: chat ctx=176..226:50 gen=100 THINKING decoding chunk=22.91 t/s avg=23.00 t/s 4.348s
0823 22:08:06 ds4-server: chat ctx=226..276:50 gen=150 THINKING decoding chunk=22.79 t/s avg=22.93 t/s 6.541s
0823 22:08:09 ds4-server: chat ctx=276..326:50 gen=200 THINKING decoding chunk=22.62 t/s avg=22.85 t/s 8.751s
0823 22:08:11 ds4-server: chat ctx=326..376:50 gen=250 THINKING decoding chunk=22.46 t/s avg=22.77 t/s 10.977s
0823 22:08:13 ds4-server: chat ctx=376..426:50 gen=300 THINKING decoding chunk=22.35 t/s avg=22.70 t/s 13.215s
0823 22:08:15 ds4-server: chat ctx=426..476:50 gen=350 THINKING decoding chunk=22.15 t/s avg=22.62 t/s 15.472s
0823 22:08:18 ds4-server: chat ctx=476..526:50 gen=400 THINKING decoding chunk=22.05 t/s avg=22.55 t/s 17.740s
0823 22:08:20 ds4-server: chat ctx=526..576:50 gen=450 THINKING decoding chunk=21.86 t/s avg=22.47 t/s 20.027s
0823 22:08:22 ds4-server: chat ctx=576..626:50 gen=500 THINKING decoding chunk=21.76 t/s avg=22.40 t/s 22.324s
0823 22:08:25 ds4-server: chat ctx=626..676:50 gen=550 THINKING decoding chunk=21.64 t/s avg=22.33 t/s 24.634s
0823 22:08:27 ds4-server: chat ctx=676..726:50 gen=600 THINKING decoding chunk=21.51 t/s avg=22.26 t/s 26.959s
0823 22:08:29 ds4-server: chat ctx=726..776:50 gen=650 THINKING decoding chunk=21.34 t/s avg=22.18 t/s 29.301s
0823 22:08:32 ds4-server: chat ctx=776..826:50 gen=700 THINKING decoding chunk=21.19 t/s avg=22.11 t/s 31.661s
0823 22:08:34 ds4-server: chat ctx=826..876:50 gen=750 THINKING decoding chunk=21.07 t/s avg=22.04 t/s 34.034s
0823 22:08:36 ds4-server: chat ctx=876..926:50 gen=800 THINKING decoding chunk=20.96 t/s avg=21.97 t/s 36.420s
0823 22:08:39 ds4-server: chat ctx=926..976:50 gen=850 THINKING decoding chunk=20.86 t/s avg=21.90 t/s 38.817s
0823 22:08:41 ds4-server: chat ctx=976..1026:50 gen=900 THINKING decoding chunk=20.70 t/s avg=21.83 t/s 41.232s
0823 22:08:44 ds4-server: chat ctx=1026..1076:50 gen=950 THINKING decoding chunk=20.61 t/s avg=21.76 t/s 43.658s
0823 22:08:46 ds4-server: chat ctx=1076..1126:50 gen=1000 THINKING decoding chunk=20.54 t/s avg=21.70 t/s 46.093s
0823 22:08:49 ds4-server: chat ctx=1126..1176:50 gen=1050 THINKING decoding chunk=20.36 t/s avg=21.63 t/s 48.549s
0823 22:08:51 ds4-server: chat ctx=1176..1226:50 gen=1100 THINKING decoding chunk=20.25 t/s avg=21.56 t/s 51.018s
0823 22:08:53 ds4-server: chat ctx=1226..1276:50 gen=1150 THINKING decoding chunk=20.09 t/s avg=21.49 t/s 53.507s
0823 22:08:56 ds4-server: chat ctx=1276..1326:50 gen=1200 THINKING decoding chunk=19.97 t/s avg=21.42 t/s 56.011s
0823 22:08:58 ds4-server: chat ctx=1326..1376:50 gen=1250 THINKING decoding chunk=19.87 t/s avg=21.36 t/s 58.527s
0823 22:09:01 ds4-server: chat ctx=1376..1426:50 gen=1300 THINKING decoding chunk=19.70 t/s avg=21.29 t/s 61.066s
0823 22:09:04 ds4-server: chat ctx=1426..1476:50 gen=1350 THINKING decoding chunk=19.62 t/s avg=21.22 t/s 63.614s
0823 22:09:06 ds4-server: chat ctx=1476..1526:50 gen=1400 THINKING decoding chunk=19.51 t/s avg=21.16 t/s 66.177s
0823 22:09:09 ds4-server: chat ctx=1526..1576:50 gen=1450 THINKING decoding chunk=19.42 t/s avg=21.09 t/s 68.752s
0823 22:09:11 ds4-server: chat ctx=1576..1626:50 gen=1500 THINKING decoding chunk=19.26 t/s avg=21.02 t/s 71.348s
0823 22:09:14 ds4-server: chat ctx=1626..1676:50 gen=1550 THINKING decoding chunk=19.14 t/s avg=20.96 t/s 73.960s
0823 22:09:17 ds4-server: chat ctx=1676..1726:50 gen=1600 THINKING decoding chunk=19.10 t/s avg=20.89 t/s 76.578s
0823 22:09:19 ds4-server: chat ctx=1726..1776:50 gen=1650 THINKING decoding chunk=19.02 t/s avg=20.83 t/s 79.206s
0823 22:09:22 ds4-server: chat ctx=1776..1826:50 gen=1700 THINKING decoding chunk=18.90 t/s avg=20.77 t/s 81.851s
0823 22:09:24 ds4-server: chat ctx=1826..1876:50 gen=1750 THINKING decoding chunk=18.85 t/s avg=20.71 t/s 84.504s
0823 22:09:27 ds4-server: chat ctx=1876..1926:50 gen=1800 THINKING decoding chunk=18.73 t/s avg=20.65 t/s 87.174s
0823 22:09:30 ds4-server: chat ctx=1926..1976:50 gen=1850 decoding chunk=18.65 t/s avg=20.59 t/s 89.854s
0823 22:09:32 ds4-server: chat ctx=1976..2026:50 gen=1900 decoding chunk=18.66 t/s avg=20.53 t/s 92.533s
0823 22:09:35 ds4-server: chat ctx=2026..2076:50 gen=1950 decoding chunk=18.48 t/s avg=20.47 t/s 95.239s
0823 22:09:38 ds4-server: chat ctx=2076..2126:50 gen=2000 decoding chunk=18.34 t/s avg=20.42 t/s 97.965s
0823 22:09:41 ds4-server: chat ctx=2126..2176:50 gen=2050 decoding chunk=18.25 t/s avg=20.36 t/s 100.704s
0823 22:09:43 ds4-server: chat ctx=2176..2226:50 gen=2100 decoding chunk=18.12 t/s avg=20.30 t/s 103.464s
0823 22:09:46 ds4-server: chat ctx=2226..2276:50 gen=2150 decoding chunk=18.01 t/s avg=20.24 t/s 106.241s
0823 22:09:49 ds4-server: chat ctx=2276..2326:50 gen=2200 decoding chunk=17.95 t/s avg=20.18 t/s 109.026s
0823 22:09:52 ds4-server: chat ctx=2326..2376:50 gen=2250 decoding chunk=17.82 t/s avg=20.12 t/s 111.833s
0823 22:09:55 ds4-server: chat ctx=2376..2426:50 gen=2300 decoding chunk=17.75 t/s avg=20.06 t/s 114.650s
0823 22:09:56 ds4-server: chat ctx=2426..2453:27 gen=2327 decoding chunk=17.67 t/s avg=20.03 t/s 116.178s
0823 22:09:56 ds4-server: thinking live checkpoint remembered ctx=0..126:126 live=2453 visible=1455
0823 22:09:56 ds4-server: chat ctx=0..126:126 gen=2327 finish=stop 121.582s
0823 22:09:56 ds4-server: live kv cache miss live=2453 prompt=137 common=56 reason=token-mismatch
0823 22:09:56 ds4-server: chat ctx=0..137:137 prompt start
0823 22:09:56 ds4-server: chat ctx=0..137:137 prefill chunk 1/137 (0.7%) chunk=0.00 t/s avg=22.01 t/s 0.045s
0823 22:09:56 ds4-server: chat ctx=0..137:137 prefill chunk 2/137 (1.5%) chunk=23.54 t/s avg=22.75 t/s 0.088s
0823 22:09:56 ds4-server: chat ctx=0..137:137 prefill chunk 3/137 (2.2%) chunk=23.76 t/s avg=23.08 t/s 0.130s
0823 22:09:56 ds4-server: chat ctx=0..137:137 prefill chunk 4/137 (2.9%) chunk=23.73 t/s avg=23.24 t/s 0.172s
0823 22:09:56 ds4-server: chat ctx=0..137:137 prefill chunk 5/137 (3.6%) chunk=22.58 t/s avg=23.10 t/s 0.216s
0823 22:09:56 ds4-server: chat ctx=0..137:137 prefill chunk 6/137 (4.4%) chunk=23.92 t/s avg=23.23 t/s 0.258s
0823 22:09:56 ds4-server: chat ctx=0..137:137 prefill chunk 7/137 (5.1%) chunk=23.70 t/s avg=23.30 t/s 0.300s
0823 22:09:56 ds4-server: chat ctx=0..137:137 prefill chunk 8/137 (5.8%) chunk=22.56 t/s avg=23.20 t/s 0.345s
0823 22:09:57 ds4-server: chat ctx=0..137:137 prefill chunk 9/137 (6.6%) chunk=23.67 t/s avg=23.26 t/s 0.387s
0823 22:09:57 ds4-server: chat ctx=0..137:137 prefill chunk 10/137 (7.3%) chunk=23.87 t/s avg=23.32 t/s 0.429s
0823 22:09:57 ds4-server: chat ctx=0..137:137 prefill chunk 11/137 (8.0%) chunk=23.59 t/s avg=23.34 t/s 0.471s
0823 22:09:57 ds4-server: chat ctx=0..137:137 prefill chunk 12/137 (8.8%) chunk=22.87 t/s avg=23.30 t/s 0.515s
0823 22:09:57 ds4-server: chat ctx=0..137:137 prefill chunk 13/137 (9.5%) chunk=23.68 t/s avg=23.33 t/s 0.557s
0823 22:09:57 ds4-server: chat ctx=0..137:137 prefill chunk 14/137 (10.2%) chunk=23.75 t/s avg=23.36 t/s 0.599s
0823 22:09:57 ds4-server: chat ctx=0..137:137 prefill chunk 15/137 (10.9%) chunk=23.14 t/s avg=23.34 t/s 0.643s
0823 22:09:57 ds4-server: chat ctx=0..137:137 prefill chunk 16/137 (11.7%) chunk=23.05 t/s avg=23.32 t/s 0.686s
0823 22:09:57 ds4-server: chat ctx=0..137:137 prefill chunk 17/137 (12.4%) chunk=23.76 t/s avg=23.35 t/s 0.728s
0823 22:09:57 ds4-server: chat ctx=0..137:137 prefill chunk 18/137 (13.1%) chunk=23.57 t/s avg=23.36 t/s 0.770s
0823 22:09:57 ds4-server: chat ctx=0..137:137 prefill chunk 19/137 (13.9%) chunk=22.99 t/s avg=23.34 t/s 0.814s
0823 22:09:57 ds4-server: chat ctx=0..137:137 prefill chunk 20/137 (14.6%) chunk=23.91 t/s avg=23.37 t/s 0.856s
0823 22:09:57 ds4-server: chat ctx=0..137:137 prefill chunk 21/137 (15.3%) chunk=23.84 t/s avg=23.39 t/s 0.898s
0823 22:09:57 ds4-server: chat ctx=0..137:137 prefill chunk 22/137 (16.1%) chunk=22.91 t/s avg=23.37 t/s 0.941s
0823 22:09:57 ds4-server: chat ctx=0..137:137 prefill chunk 23/137 (16.8%) chunk=22.90 t/s avg=23.35 t/s 0.985s
0823 22:09:57 ds4-server: chat ctx=0..137:137 prefill chunk 24/137 (17.5%) chunk=23.77 t/s avg=23.37 t/s 1.027s
0823 22:09:57 ds4-server: chat ctx=0..137:137 prefill chunk 25/137 (18.2%) chunk=23.47 t/s avg=23.37 t/s 1.070s
0823 22:09:57 ds4-server: chat ctx=0..137:137 prefill chunk 26/137 (19.0%) chunk=23.16 t/s avg=23.36 t/s 1.113s
0823 22:09:57 ds4-server: chat ctx=0..137:137 prefill chunk 27/137 (19.7%) chunk=23.58 t/s avg=23.37 t/s 1.155s
0823 22:09:57 ds4-server: chat ctx=0..137:137 prefill chunk 28/137 (20.4%) chunk=23.78 t/s avg=23.38 t/s 1.197s
0823 22:09:57 ds4-server: chat ctx=0..137:137 prefill chunk 29/137 (21.2%) chunk=23.59 t/s avg=23.39 t/s 1.240s
0823 22:09:57 ds4-server: chat ctx=0..137:137 prefill chunk 30/137 (21.9%) chunk=22.46 t/s avg=23.36 t/s 1.284s
0823 22:09:57 ds4-server: chat ctx=0..137:137 prefill chunk 31/137 (22.6%) chunk=23.59 t/s avg=23.37 t/s 1.327s
0823 22:09:58 ds4-server: chat ctx=0..137:137 prefill chunk 32/137 (23.4%) chunk=23.52 t/s avg=23.37 t/s 1.369s
0823 22:09:58 ds4-server: chat ctx=0..137:137 prefill chunk 33/137 (24.1%) chunk=23.06 t/s avg=23.36 t/s 1.413s
0823 22:09:58 ds4-server: chat ctx=0..137:137 prefill chunk 34/137 (24.8%) chunk=23.65 t/s avg=23.37 t/s 1.455s
0823 22:09:58 ds4-server: chat ctx=0..137:137 prefill chunk 35/137 (25.5%) chunk=23.80 t/s avg=23.38 t/s 1.497s
0823 22:09:58 ds4-server: chat ctx=0..137:137 prefill chunk 36/137 (26.3%) chunk=23.45 t/s avg=23.38 t/s 1.540s
0823 22:09:58 ds4-server: chat ctx=0..137:137 prefill chunk 37/137 (27.0%) chunk=22.53 t/s avg=23.36 t/s 1.584s
0823 22:09:58 ds4-server: chat ctx=0..137:137 prefill chunk 38/137 (27.7%) chunk=23.72 t/s avg=23.37 t/s 1.626s
0823 22:09:58 ds4-server: chat ctx=0..137:137 prefill chunk 39/137 (28.5%) chunk=24.01 t/s avg=23.39 t/s 1.668s
0823 22:09:58 ds4-server: chat ctx=0..137:137 prefill chunk 40/137 (29.2%) chunk=22.73 t/s avg=23.37 t/s 1.712s
0823 22:09:58 ds4-server: chat ctx=0..137:137 prefill chunk 41/137 (29.9%) chunk=23.48 t/s avg=23.37 t/s 1.754s
0823 22:09:58 ds4-server: chat ctx=0..137:137 prefill chunk 42/137 (30.7%) chunk=24.08 t/s avg=23.39 t/s 1.796s
0823 22:09:58 ds4-server: chat ctx=0..137:137 prefill chunk 43/137 (31.4%) chunk=23.48 t/s avg=23.39 t/s 1.838s
0823 22:09:58 ds4-server: chat ctx=0..137:137 prefill chunk 44/137 (32.1%) chunk=22.74 t/s avg=23.37 t/s 1.882s
0823 22:09:58 ds4-server: chat ctx=0..137:137 prefill chunk 45/137 (32.8%) chunk=23.66 t/s avg=23.38 t/s 1.925s
0823 22:09:58 ds4-server: chat ctx=0..137:137 prefill chunk 46/137 (33.6%) chunk=23.56 t/s avg=23.38 t/s 1.967s
0823 22:09:58 ds4-server: chat ctx=0..137:137 prefill chunk 47/137 (34.3%) chunk=22.70 t/s avg=23.37 t/s 2.011s
0823 22:09:58 ds4-server: chat ctx=0..137:137 prefill chunk 48/137 (35.0%) chunk=23.55 t/s avg=23.37 t/s 2.054s
0823 22:09:58 ds4-server: chat ctx=0..137:137 prefill chunk 49/137 (35.8%) chunk=23.72 t/s avg=23.38 t/s 2.096s
0823 22:09:58 ds4-server: chat ctx=0..137:137 prefill chunk 50/137 (36.5%) chunk=23.44 t/s avg=23.38 t/s 2.138s
0823 22:09:58 ds4-server: chat ctx=0..137:137 prefill chunk 51/137 (37.2%) chunk=22.43 t/s avg=23.36 t/s 2.183s
0823 22:09:58 ds4-server: chat ctx=0..137:137 prefill chunk 52/137 (38.0%) chunk=23.77 t/s avg=23.37 t/s 2.225s
0823 22:09:58 ds4-server: chat ctx=0..137:137 prefill chunk 53/137 (38.7%) chunk=23.73 t/s avg=23.38 t/s 2.267s
0823 22:09:58 ds4-server: chat ctx=0..137:137 prefill chunk 54/137 (39.4%) chunk=22.56 t/s avg=23.36 t/s 2.312s
0823 22:09:58 ds4-server: chat ctx=0..137:137 prefill chunk 55/137 (40.1%) chunk=23.52 t/s avg=23.36 t/s 2.354s
0823 22:09:59 ds4-server: chat ctx=0..137:137 prefill chunk 56/137 (40.9%) chunk=23.82 t/s avg=23.37 t/s 2.396s
0823 22:09:59 ds4-server: chat ctx=0..137:137 prefill chunk 57/137 (41.6%) chunk=23.36 t/s avg=23.37 t/s 2.439s
0823 22:09:59 ds4-server: chat ctx=0..137:137 prefill chunk 58/137 (42.3%) chunk=22.49 t/s avg=23.36 t/s 2.483s
0823 22:09:59 ds4-server: chat ctx=0..137:137 prefill chunk 59/137 (43.1%) chunk=23.75 t/s avg=23.36 t/s 2.525s
0823 22:09:59 ds4-server: chat ctx=0..137:137 prefill chunk 60/137 (43.8%) chunk=23.68 t/s avg=23.37 t/s 2.568s
0823 22:09:59 ds4-server: chat ctx=0..137:137 prefill chunk 61/137 (44.5%) chunk=22.71 t/s avg=23.36 t/s 2.612s
0823 22:09:59 ds4-server: chat ctx=0..137:137 prefill chunk 62/137 (45.3%) chunk=23.23 t/s avg=23.35 t/s 2.655s
0823 22:09:59 ds4-server: chat ctx=0..137:137 prefill chunk 63/137 (46.0%) chunk=23.78 t/s avg=23.36 t/s 2.697s
0823 22:09:59 ds4-server: chat ctx=0..137:137 prefill chunk 64/137 (46.7%) chunk=23.69 t/s avg=23.37 t/s 2.739s
0823 22:09:59 ds4-server: chat ctx=0..137:137 prefill chunk 65/137 (47.4%) chunk=22.64 t/s avg=23.35 t/s 2.783s
0823 22:09:59 ds4-server: chat ctx=0..137:137 prefill chunk 66/137 (48.2%) chunk=23.60 t/s avg=23.36 t/s 2.826s
0823 22:09:59 ds4-server: chat ctx=0..137:137 prefill chunk 67/137 (48.9%) chunk=23.69 t/s avg=23.36 t/s 2.868s
0823 22:09:59 ds4-server: chat ctx=0..137:137 prefill chunk 68/137 (49.6%) chunk=22.72 t/s avg=23.35 t/s 2.912s
0823 22:09:59 ds4-server: chat ctx=0..137:137 prefill chunk 69/137 (50.4%) chunk=23.57 t/s avg=23.36 t/s 2.954s
0823 22:09:59 ds4-server: chat ctx=0..137:137 prefill chunk 70/137 (51.1%) chunk=23.87 t/s avg=23.36 t/s 2.996s
0823 22:09:59 ds4-server: chat ctx=0..137:137 prefill chunk 71/137 (51.8%) chunk=23.59 t/s avg=23.37 t/s 3.038s
0823 22:09:59 ds4-server: chat ctx=0..137:137 prefill chunk 72/137 (52.6%) chunk=22.46 t/s avg=23.35 t/s 3.083s
0823 22:09:59 ds4-server: chat ctx=0..137:137 prefill chunk 73/137 (53.3%) chunk=23.79 t/s avg=23.36 t/s 3.125s
0823 22:09:59 ds4-server: chat ctx=0..137:137 prefill chunk 74/137 (54.0%) chunk=23.73 t/s avg=23.36 t/s 3.167s
0823 22:09:59 ds4-server: chat ctx=0..137:137 prefill chunk 75/137 (54.7%) chunk=22.54 t/s avg=23.35 t/s 3.212s
0823 22:09:59 ds4-server: chat ctx=0..137:137 prefill chunk 76/137 (55.5%) chunk=23.45 t/s avg=23.35 t/s 3.254s
0823 22:09:59 ds4-server: chat ctx=0..137:137 prefill chunk 77/137 (56.2%) chunk=23.86 t/s avg=23.36 t/s 3.296s
0823 22:09:59 ds4-server: chat ctx=0..137:137 prefill chunk 78/137 (56.9%) chunk=23.60 t/s avg=23.36 t/s 3.338s
0823 22:10:00 ds4-server: chat ctx=0..137:137 prefill chunk 79/137 (57.7%) chunk=22.69 t/s avg=23.36 t/s 3.383s
0823 22:10:00 ds4-server: chat ctx=0..137:137 prefill chunk 80/137 (58.4%) chunk=23.41 t/s avg=23.36 t/s 3.425s
0823 22:10:00 ds4-server: chat ctx=0..137:137 prefill chunk 81/137 (59.1%) chunk=23.60 t/s avg=23.36 t/s 3.468s
0823 22:10:00 ds4-server: chat ctx=0..137:137 prefill chunk 82/137 (59.9%) chunk=22.45 t/s avg=23.35 t/s 3.512s
0823 22:10:00 ds4-server: chat ctx=0..137:137 prefill chunk 83/137 (60.6%) chunk=23.47 t/s avg=23.35 t/s 3.555s
0823 22:10:00 ds4-server: chat ctx=0..137:137 prefill chunk 84/137 (61.3%) chunk=23.69 t/s avg=23.35 t/s 3.597s
0823 22:10:00 ds4-server: chat ctx=0..137:137 prefill chunk 85/137 (62.0%) chunk=23.54 t/s avg=23.35 t/s 3.639s
0823 22:10:00 ds4-server: chat ctx=0..137:137 prefill chunk 86/137 (62.8%) chunk=22.64 t/s avg=23.35 t/s 3.684s
0823 22:10:00 ds4-server: chat ctx=0..137:137 prefill chunk 87/137 (63.5%) chunk=23.44 t/s avg=23.35 t/s 3.726s
0823 22:10:00 ds4-server: chat ctx=0..137:137 prefill chunk 88/137 (64.2%) chunk=23.48 t/s avg=23.35 t/s 3.769s
0823 22:10:00 ds4-server: chat ctx=0..137:137 prefill chunk 89/137 (65.0%) chunk=22.79 t/s avg=23.34 t/s 3.813s
0823 22:10:00 ds4-server: chat ctx=0..137:137 prefill chunk 90/137 (65.7%) chunk=23.45 t/s avg=23.34 t/s 3.855s
0823 22:10:00 ds4-server: chat ctx=0..137:137 prefill chunk 91/137 (66.4%) chunk=23.64 t/s avg=23.35 t/s 3.898s
0823 22:10:00 ds4-server: chat ctx=0..137:137 prefill chunk 92/137 (67.2%) chunk=23.45 t/s avg=23.35 t/s 3.940s
0823 22:10:00 ds4-server: chat ctx=0..137:137 prefill chunk 93/137 (67.9%) chunk=22.77 t/s avg=23.34 t/s 3.984s
0823 22:10:00 ds4-server: chat ctx=0..137:137 prefill chunk 94/137 (68.6%) chunk=23.77 t/s avg=23.35 t/s 4.026s
0823 22:10:00 ds4-server: chat ctx=0..137:137 prefill chunk 95/137 (69.3%) chunk=23.48 t/s avg=23.35 t/s 4.069s
0823 22:10:00 ds4-server: chat ctx=0..137:137 prefill chunk 96/137 (70.1%) chunk=22.76 t/s avg=23.34 t/s 4.113s
0823 22:10:00 ds4-server: chat ctx=0..137:137 prefill chunk 97/137 (70.8%) chunk=23.48 t/s avg=23.34 t/s 4.155s
0823 22:10:00 ds4-server: chat ctx=0..137:137 prefill chunk 98/137 (71.5%) chunk=23.63 t/s avg=23.35 t/s 4.198s
0823 22:10:00 ds4-server: chat ctx=0..137:137 prefill chunk 99/137 (72.3%) chunk=22.89 t/s avg=23.34 t/s 4.241s
0823 22:10:00 ds4-server: chat ctx=0..137:137 prefill chunk 100/137 (73.0%) chunk=22.84 t/s avg=23.34 t/s 4.285s
0823 22:10:00 ds4-server: chat ctx=0..137:137 prefill chunk 101/137 (73.7%) chunk=23.73 t/s avg=23.34 t/s 4.327s
0823 22:10:01 ds4-server: chat ctx=0..137:137 prefill chunk 102/137 (74.5%) chunk=23.35 t/s avg=23.34 t/s 4.370s
0823 22:10:01 ds4-server: chat ctx=0..137:137 prefill chunk 103/137 (75.2%) chunk=22.67 t/s avg=23.33 t/s 4.414s
0823 22:10:01 ds4-server: chat ctx=0..137:137 prefill chunk 104/137 (75.9%) chunk=23.43 t/s avg=23.33 t/s 4.457s
0823 22:10:01 ds4-server: chat ctx=0..137:137 prefill chunk 105/137 (76.6%) chunk=23.63 t/s avg=23.34 t/s 4.499s
0823 22:10:01 ds4-server: chat ctx=0..137:137 prefill chunk 106/137 (77.4%) chunk=22.35 t/s avg=23.33 t/s 4.544s
0823 22:10:01 ds4-server: chat ctx=0..137:137 prefill chunk 107/137 (78.1%) chunk=23.12 t/s avg=23.32 t/s 4.587s
0823 22:10:01 ds4-server: chat ctx=0..137:137 prefill chunk 108/137 (78.8%) chunk=23.64 t/s avg=23.33 t/s 4.630s
0823 22:10:01 ds4-server: chat ctx=0..137:137 prefill chunk 109/137 (79.6%) chunk=23.37 t/s avg=23.33 t/s 4.672s
0823 22:10:01 ds4-server: chat ctx=0..137:137 prefill chunk 110/137 (80.3%) chunk=22.21 t/s avg=23.32 t/s 4.717s
0823 22:10:01 ds4-server: chat ctx=0..137:137 prefill chunk 111/137 (81.0%) chunk=23.68 t/s avg=23.32 t/s 4.760s
0823 22:10:01 ds4-server: chat ctx=0..137:137 prefill chunk 112/137 (81.8%) chunk=23.47 t/s avg=23.32 t/s 4.802s
0823 22:10:01 ds4-server: chat ctx=0..137:137 prefill chunk 113/137 (82.5%) chunk=22.76 t/s avg=23.32 t/s 4.846s
0823 22:10:01 ds4-server: chat ctx=0..137:137 prefill chunk 114/137 (83.2%) chunk=23.43 t/s avg=23.32 t/s 4.889s
0823 22:10:01 ds4-server: chat ctx=0..137:137 prefill chunk 115/137 (83.9%) chunk=23.46 t/s avg=23.32 t/s 4.932s
0823 22:10:01 ds4-server: chat ctx=0..137:137 prefill chunk 116/137 (84.7%) chunk=22.95 t/s avg=23.32 t/s 4.975s
0823 22:10:01 ds4-server: chat ctx=0..137:137 prefill chunk 117/137 (85.4%) chunk=23.05 t/s avg=23.31 t/s 5.019s
0823 22:10:01 ds4-server: chat ctx=0..137:137 prefill chunk 118/137 (86.1%) chunk=23.48 t/s avg=23.32 t/s 5.061s
0823 22:10:01 ds4-server: chat ctx=0..137:137 prefill chunk 119/137 (86.9%) chunk=23.27 t/s avg=23.31 t/s 5.104s
0823 22:10:01 ds4-server: chat ctx=0..137:137 prefill chunk 120/137 (87.6%) chunk=22.52 t/s avg=23.31 t/s 5.149s
0823 22:10:01 ds4-server: chat ctx=0..137:137 prefill chunk 121/137 (88.3%) chunk=23.86 t/s avg=23.31 t/s 5.190s
0823 22:10:01 ds4-server: chat ctx=0..137:137 prefill chunk 122/137 (89.1%) chunk=23.59 t/s avg=23.31 t/s 5.233s
0823 22:10:01 ds4-server: chat ctx=0..137:137 prefill chunk 123/137 (89.8%) chunk=22.69 t/s avg=23.31 t/s 5.277s
0823 22:10:01 ds4-server: chat ctx=0..137:137 prefill chunk 124/137 (90.5%) chunk=23.23 t/s avg=23.31 t/s 5.320s
0823 22:10:01 ds4-server: chat ctx=0..137:137 prefill chunk 125/137 (91.2%) chunk=23.36 t/s avg=23.31 t/s 5.363s
0823 22:10:02 ds4-server: chat ctx=0..137:137 prefill chunk 126/137 (92.0%) chunk=23.26 t/s avg=23.31 t/s 5.406s
0823 22:10:02 ds4-server: chat ctx=0..137:137 prefill chunk 127/137 (92.7%) chunk=22.49 t/s avg=23.30 t/s 5.450s
0823 22:10:02 ds4-server: chat ctx=0..137:137 prefill chunk 128/137 (93.4%) chunk=23.50 t/s avg=23.30 t/s 5.493s
0823 22:10:02 ds4-server: chat ctx=0..137:137 prefill chunk 129/137 (94.2%) chunk=23.33 t/s avg=23.30 t/s 5.536s
0823 22:10:02 ds4-server: chat ctx=0..137:137 prefill chunk 130/137 (94.9%) chunk=22.56 t/s avg=23.30 t/s 5.580s
0823 22:10:02 ds4-server: chat ctx=0..137:137 prefill chunk 131/137 (95.6%) chunk=23.42 t/s avg=23.30 t/s 5.623s
0823 22:10:02 ds4-server: chat ctx=0..137:137 prefill chunk 132/137 (96.4%) chunk=23.47 t/s avg=23.30 t/s 5.665s
0823 22:10:02 ds4-server: chat ctx=0..137:137 prefill chunk 133/137 (97.1%) chunk=22.81 t/s avg=23.30 t/s 5.709s
0823 22:10:02 ds4-server: chat ctx=0..137:137 prefill chunk 134/137 (97.8%) chunk=22.84 t/s avg=23.29 t/s 5.753s
0823 22:10:02 ds4-server: chat ctx=0..137:137 prefill chunk 135/137 (98.5%) chunk=23.87 t/s avg=23.30 t/s 5.795s
0823 22:10:02 ds4-server: chat ctx=0..137:137 prefill chunk 136/137 (99.3%) chunk=23.33 t/s avg=23.30 t/s 5.838s
0823 22:10:02 ds4-server: chat ctx=0..137:137 prefill chunk 137/137 (100.0%) chunk=22.72 t/s avg=23.29 t/s 5.882s
0823 22:10:02 ds4-server: chat ctx=0..137:137 prompt done 5.882s
0823 22:10:04 ds4-server: chat ctx=137..187:50 gen=50 THINKING decoding chunk=23.05 t/s avg=23.05 t/s 2.169s
0823 22:10:06 ds4-server: chat ctx=187..237:50 gen=100 THINKING decoding chunk=22.88 t/s avg=22.97 t/s 4.354s
0823 22:10:09 ds4-server: chat ctx=237..287:50 gen=150 THINKING decoding chunk=22.76 t/s avg=22.90 t/s 6.552s
0823 22:10:11 ds4-server: chat ctx=287..337:50 gen=200 THINKING decoding chunk=22.57 t/s avg=22.81 t/s 8.767s
0823 22:10:13 ds4-server: chat ctx=337..387:50 gen=250 THINKING decoding chunk=22.43 t/s avg=22.74 t/s 10.996s
0823 22:10:15 ds4-server: chat ctx=387..437:50 gen=300 THINKING decoding chunk=22.29 t/s avg=22.66 t/s 13.239s
0823 22:10:18 ds4-server: chat ctx=437..487:50 gen=350 THINKING decoding chunk=22.14 t/s avg=22.59 t/s 15.497s
0823 22:10:20 ds4-server: chat ctx=487..537:50 gen=400 THINKING decoding chunk=22.00 t/s avg=22.51 t/s 17.769s
0823 22:10:22 ds4-server: chat ctx=537..587:50 gen=450 THINKING decoding chunk=21.92 t/s avg=22.44 t/s 20.051s
0823 22:10:24 ds4-server: chat ctx=587..637:50 gen=500 THINKING decoding chunk=21.72 t/s avg=22.37 t/s 22.353s
0823 22:10:27 ds4-server: chat ctx=637..687:50 gen=550 THINKING decoding chunk=21.58 t/s avg=22.29 t/s 24.669s
0823 22:10:29 ds4-server: chat ctx=687..737:50 gen=600 THINKING decoding chunk=21.45 t/s avg=22.22 t/s 27.000s
0823 22:10:31 ds4-server: chat ctx=737..787:50 gen=650 THINKING decoding chunk=21.28 t/s avg=22.15 t/s 29.349s
0823 22:10:34 ds4-server: chat ctx=787..837:50 gen=700 THINKING decoding chunk=21.15 t/s avg=22.07 t/s 31.714s
0823 22:10:36 ds4-server: chat ctx=837..887:50 gen=750 THINKING decoding chunk=21.03 t/s avg=22.00 t/s 34.092s
0823 22:10:38 ds4-server: chat ctx=887..937:50 gen=800 THINKING decoding chunk=20.91 t/s avg=21.93 t/s 36.483s
0823 22:10:41 ds4-server: chat ctx=937..987:50 gen=850 THINKING decoding chunk=20.77 t/s avg=21.86 t/s 38.891s
0823 22:10:43 ds4-server: chat ctx=987..1037:50 gen=900 THINKING decoding chunk=20.66 t/s avg=21.79 t/s 41.311s
0823 22:10:46 ds4-server: chat ctx=1037..1087:50 gen=950 THINKING decoding chunk=20.54 t/s avg=21.72 t/s 43.745s
0823 22:10:48 ds4-server: chat ctx=1087..1137:50 gen=1000 THINKING decoding chunk=20.39 t/s avg=21.65 t/s 46.198s
0823 22:10:51 ds4-server: chat ctx=1137..1187:50 gen=1050 THINKING decoding chunk=20.33 t/s avg=21.58 t/s 48.657s
0823 22:10:53 ds4-server: chat ctx=1187..1237:50 gen=1100 THINKING decoding chunk=20.22 t/s avg=21.51 t/s 51.129s
0823 22:10:56 ds4-server: chat ctx=1237..1287:50 gen=1150 THINKING decoding chunk=20.10 t/s avg=21.45 t/s 53.617s
0823 22:10:58 ds4-server: chat ctx=1287..1337:50 gen=1200 THINKING decoding chunk=19.96 t/s avg=21.38 t/s 56.122s
0823 22:11:01 ds4-server: chat ctx=1337..1387:50 gen=1250 THINKING decoding chunk=19.85 t/s avg=21.32 t/s 58.641s
0823 22:11:03 ds4-server: chat ctx=1387..1437:50 gen=1300 THINKING decoding chunk=19.72 t/s avg=21.25 t/s 61.177s
0823 22:11:06 ds4-server: chat ctx=1437..1487:50 gen=1350 THINKING decoding chunk=19.62 t/s avg=21.18 t/s 63.725s
0823 22:11:08 ds4-server: chat ctx=1487..1537:50 gen=1400 THINKING decoding chunk=19.53 t/s avg=21.12 t/s 66.286s
0823 22:11:11 ds4-server: chat ctx=1537..1587:50 gen=1450 THINKING decoding chunk=19.42 t/s avg=21.06 t/s 68.861s
0823 22:11:13 ds4-server: chat ctx=1587..1637:50 gen=1500 THINKING decoding chunk=19.25 t/s avg=20.99 t/s 71.458s
0823 22:11:16 ds4-server: chat ctx=1637..1687:50 gen=1550 THINKING decoding chunk=19.12 t/s avg=20.93 t/s 74.073s
0823 22:11:19 ds4-server: chat ctx=1687..1737:50 gen=1600 THINKING decoding chunk=19.07 t/s avg=20.86 t/s 76.695s
0823 22:11:21 ds4-server: chat ctx=1737..1787:50 gen=1650 THINKING decoding chunk=19.01 t/s avg=20.80 t/s 79.325s
0823 22:11:24 ds4-server: chat ctx=1787..1837:50 gen=1700 THINKING decoding chunk=18.92 t/s avg=20.74 t/s 81.968s
0823 22:11:27 ds4-server: chat ctx=1837..1887:50 gen=1750 THINKING decoding chunk=18.80 t/s avg=20.68 t/s 84.627s
0823 22:11:29 ds4-server: chat ctx=1887..1937:50 gen=1800 THINKING decoding chunk=18.67 t/s avg=20.62 t/s 87.305s
0823 22:11:32 ds4-server: chat ctx=1937..1987:50 gen=1850 THINKING decoding chunk=18.57 t/s avg=20.56 t/s 89.998s
0823 22:11:35 ds4-server: chat ctx=1987..2037:50 gen=1900 THINKING decoding chunk=18.52 t/s avg=20.50 t/s 92.698s
0823 22:11:37 ds4-server: chat ctx=2037..2087:50 gen=1950 THINKING decoding chunk=18.37 t/s avg=20.44 t/s 95.419s
0823 22:11:40 ds4-server: chat ctx=2087..2137:50 gen=2000 THINKING decoding chunk=18.29 t/s avg=20.38 t/s 98.153s
0823 22:11:43 ds4-server: chat ctx=2137..2187:50 gen=2050 THINKING decoding chunk=18.19 t/s avg=20.32 t/s 100.903s
0823 22:11:46 ds4-server: chat ctx=2187..2237:50 gen=2100 THINKING decoding chunk=18.06 t/s avg=20.26 t/s 103.672s
0823 22:11:48 ds4-server: chat ctx=2237..2287:50 gen=2150 THINKING decoding chunk=18.00 t/s avg=20.20 t/s 106.450s
0823 22:11:51 ds4-server: chat ctx=2287..2337:50 gen=2200 THINKING decoding chunk=17.95 t/s avg=20.14 t/s 109.235s
0823 22:11:54 ds4-server: chat ctx=2337..2387:50 gen=2250 THINKING decoding chunk=17.81 t/s avg=20.08 t/s 112.042s
0823 22:11:57 ds4-server: chat ctx=2387..2437:50 gen=2300 THINKING decoding chunk=17.76 t/s avg=20.02 t/s 114.857s
0823 22:12:00 ds4-server: chat ctx=2437..2487:50 gen=2350 THINKING decoding chunk=17.65 t/s avg=19.97 t/s 117.689s
0823 22:12:03 ds4-server: chat ctx=2487..2537:50 gen=2400 THINKING decoding chunk=17.54 t/s avg=19.91 t/s 120.541s
0823 22:12:05 ds4-server: chat ctx=2537..2587:50 gen=2450 decoding chunk=17.46 t/s avg=19.85 t/s 123.404s
0823 22:12:08 ds4-server: chat ctx=2587..2637:50 gen=2500 decoding chunk=17.35 t/s avg=19.80 t/s 126.286s
0823 22:12:11 ds4-server: chat ctx=2637..2687:50 gen=2550 decoding chunk=17.28 t/s avg=19.74 t/s 129.180s
0823 22:12:14 ds4-server: chat ctx=2687..2737:50 gen=2600 decoding chunk=17.17 t/s avg=19.68 t/s 132.092s
0823 22:12:17 ds4-server: chat ctx=2737..2787:50 gen=2650 decoding chunk=17.07 t/s avg=19.63 t/s 135.022s
0823 22:12:20 ds4-server: chat ctx=2787..2837:50 gen=2700 decoding chunk=16.99 t/s avg=19.57 t/s 137.965s
0823 22:12:23 ds4-server: chat ctx=2837..2887:50 gen=2750 decoding chunk=16.95 t/s avg=19.52 t/s 140.915s
0823 22:12:26 ds4-server: chat ctx=2887..2937:50 gen=2800 decoding chunk=16.83 t/s avg=19.46 t/s 143.885s
0823 22:12:29 ds4-server: chat ctx=2937..2987:50 gen=2850 decoding chunk=16.75 t/s avg=19.40 t/s 146.869s
0823 22:12:31 ds4-server: chat ctx=2987..3027:40 gen=2890 decoding chunk=16.67 t/s avg=19.36 t/s 149.270s
0823 22:12:31 ds4-server: thinking live checkpoint remembered ctx=0..137:137 live=3027 visible=2004
0823 22:12:31 ds4-server: chat ctx=0..137:137 gen=2890 finish=stop 155.151s
0823 22:12:31 ds4-server: live kv cache miss live=3027 prompt=124 common=59 reason=token-mismatch
0823 22:12:31 ds4-server: chat ctx=0..124:124 prompt start
0823 22:12:31 ds4-server: chat ctx=0..124:124 prefill chunk 1/124 (0.8%) chunk=0.00 t/s avg=23.04 t/s 0.043s
0823 22:12:31 ds4-server: chat ctx=0..124:124 prefill chunk 2/124 (1.6%) chunk=23.17 t/s avg=23.10 t/s 0.087s
0823 22:12:31 ds4-server: chat ctx=0..124:124 prefill chunk 3/124 (2.4%) chunk=23.26 t/s avg=23.16 t/s 0.130s
0823 22:12:31 ds4-server: chat ctx=0..124:124 prefill chunk 4/124 (3.2%) chunk=24.02 t/s avg=23.37 t/s 0.171s
0823 22:12:32 ds4-server: chat ctx=0..124:124 prefill chunk 5/124 (4.0%) chunk=23.53 t/s avg=23.40 t/s 0.214s
0823 22:12:32 ds4-server: chat ctx=0..124:124 prefill chunk 6/124 (4.8%) chunk=23.06 t/s avg=23.34 t/s 0.257s
0823 22:12:32 ds4-server: chat ctx=0..124:124 prefill chunk 7/124 (5.6%) chunk=23.48 t/s avg=23.36 t/s 0.300s
0823 22:12:32 ds4-server: chat ctx=0..124:124 prefill chunk 8/124 (6.5%) chunk=23.90 t/s avg=23.43 t/s 0.341s
0823 22:12:32 ds4-server: chat ctx=0..124:124 prefill chunk 9/124 (7.3%) chunk=23.53 t/s avg=23.44 t/s 0.384s
0823 22:12:32 ds4-server: chat ctx=0..124:124 prefill chunk 10/124 (8.1%) chunk=22.74 t/s avg=23.37 t/s 0.428s
0823 22:12:32 ds4-server: chat ctx=0..124:124 prefill chunk 11/124 (8.9%) chunk=24.21 t/s avg=23.44 t/s 0.469s
0823 22:12:32 ds4-server: chat ctx=0..124:124 prefill chunk 12/124 (9.7%) chunk=23.67 t/s avg=23.46 t/s 0.511s
0823 22:12:32 ds4-server: chat ctx=0..124:124 prefill chunk 13/124 (10.5%) chunk=22.57 t/s avg=23.39 t/s 0.556s
0823 22:12:32 ds4-server: chat ctx=0..124:124 prefill chunk 14/124 (11.3%) chunk=23.68 t/s avg=23.41 t/s 0.598s
0823 22:12:32 ds4-server: chat ctx=0..124:124 prefill chunk 15/124 (12.1%) chunk=23.95 t/s avg=23.45 t/s 0.640s
0823 22:12:32 ds4-server: chat ctx=0..124:124 prefill chunk 16/124 (12.9%) chunk=23.63 t/s avg=23.46 t/s 0.682s
0823 22:12:32 ds4-server: chat ctx=0..124:124 prefill chunk 17/124 (13.7%) chunk=22.84 t/s avg=23.42 t/s 0.726s
0823 22:12:32 ds4-server: chat ctx=0..124:124 prefill chunk 18/124 (14.5%) chunk=23.82 t/s avg=23.44 t/s 0.768s
0823 22:12:32 ds4-server: chat ctx=0..124:124 prefill chunk 19/124 (15.3%) chunk=23.78 t/s avg=23.46 t/s 0.810s
0823 22:12:32 ds4-server: chat ctx=0..124:124 prefill chunk 20/124 (16.1%) chunk=23.27 t/s avg=23.45 t/s 0.853s
0823 22:12:32 ds4-server: chat ctx=0..124:124 prefill chunk 21/124 (16.9%) chunk=23.14 t/s avg=23.43 t/s 0.896s
0823 22:12:32 ds4-server: chat ctx=0..124:124 prefill chunk 22/124 (17.7%) chunk=23.79 t/s avg=23.45 t/s 0.938s
0823 22:12:32 ds4-server: chat ctx=0..124:124 prefill chunk 23/124 (18.5%) chunk=23.49 t/s avg=23.45 t/s 0.981s
0823 22:12:32 ds4-server: chat ctx=0..124:124 prefill chunk 24/124 (19.4%) chunk=22.97 t/s avg=23.43 t/s 1.024s
0823 22:12:32 ds4-server: chat ctx=0..124:124 prefill chunk 25/124 (20.2%) chunk=23.65 t/s avg=23.44 t/s 1.067s
0823 22:12:32 ds4-server: chat ctx=0..124:124 prefill chunk 26/124 (21.0%) chunk=23.82 t/s avg=23.45 t/s 1.109s
0823 22:12:32 ds4-server: chat ctx=0..124:124 prefill chunk 27/124 (21.8%) chunk=23.71 t/s avg=23.46 t/s 1.151s
0823 22:12:32 ds4-server: chat ctx=0..124:124 prefill chunk 28/124 (22.6%) chunk=22.62 t/s avg=23.43 t/s 1.195s
0823 22:12:33 ds4-server: chat ctx=0..124:124 prefill chunk 29/124 (23.4%) chunk=23.68 t/s avg=23.44 t/s 1.237s
0823 22:12:33 ds4-server: chat ctx=0..124:124 prefill chunk 30/124 (24.2%) chunk=23.45 t/s avg=23.44 t/s 1.280s
0823 22:12:33 ds4-server: chat ctx=0..124:124 prefill chunk 31/124 (25.0%) chunk=22.76 t/s avg=23.42 t/s 1.324s
0823 22:12:33 ds4-server: chat ctx=0..124:124 prefill chunk 32/124 (25.8%) chunk=23.73 t/s avg=23.43 t/s 1.366s
0823 22:12:33 ds4-server: chat ctx=0..124:124 prefill chunk 33/124 (26.6%) chunk=23.76 t/s avg=23.44 t/s 1.408s
0823 22:12:33 ds4-server: chat ctx=0..124:124 prefill chunk 34/124 (27.4%) chunk=23.84 t/s avg=23.45 t/s 1.450s
0823 22:12:33 ds4-server: chat ctx=0..124:124 prefill chunk 35/124 (28.2%) chunk=22.60 t/s avg=23.42 t/s 1.494s
0823 22:12:33 ds4-server: chat ctx=0..124:124 prefill chunk 36/124 (29.0%) chunk=23.83 t/s avg=23.44 t/s 1.536s
0823 22:12:33 ds4-server: chat ctx=0..124:124 prefill chunk 37/124 (29.8%) chunk=23.76 t/s avg=23.44 t/s 1.578s
0823 22:12:33 ds4-server: chat ctx=0..124:124 prefill chunk 38/124 (30.6%) chunk=22.46 t/s avg=23.42 t/s 1.623s
0823 22:12:33 ds4-server: chat ctx=0..124:124 prefill chunk 39/124 (31.5%) chunk=23.50 t/s avg=23.42 t/s 1.665s
0823 22:12:33 ds4-server: chat ctx=0..124:124 prefill chunk 40/124 (32.3%) chunk=23.82 t/s avg=23.43 t/s 1.707s
0823 22:12:33 ds4-server: chat ctx=0..124:124 prefill chunk 41/124 (33.1%) chunk=23.55 t/s avg=23.43 t/s 1.750s
0823 22:12:33 ds4-server: chat ctx=0..124:124 prefill chunk 42/124 (33.9%) chunk=22.56 t/s avg=23.41 t/s 1.794s
0823 22:12:33 ds4-server: chat ctx=0..124:124 prefill chunk 43/124 (34.7%) chunk=23.94 t/s avg=23.42 t/s 1.836s
0823 22:12:33 ds4-server: chat ctx=0..124:124 prefill chunk 44/124 (35.5%) chunk=23.60 t/s avg=23.43 t/s 1.878s
0823 22:12:33 ds4-server: chat ctx=0..124:124 prefill chunk 45/124 (36.3%) chunk=22.50 t/s avg=23.41 t/s 1.923s
0823 22:12:33 ds4-server: chat ctx=0..124:124 prefill chunk 46/124 (37.1%) chunk=23.43 t/s avg=23.41 t/s 1.965s
0823 22:12:33 ds4-server: chat ctx=0..124:124 prefill chunk 47/124 (37.9%) chunk=23.67 t/s avg=23.41 t/s 2.008s
0823 22:12:33 ds4-server: chat ctx=0..124:124 prefill chunk 48/124 (38.7%) chunk=23.61 t/s avg=23.42 t/s 2.050s
0823 22:12:33 ds4-server: chat ctx=0..124:124 prefill chunk 49/124 (39.5%) chunk=22.53 t/s avg=23.40 t/s 2.094s
0823 22:12:33 ds4-server: chat ctx=0..124:124 prefill chunk 50/124 (40.3%) chunk=23.62 t/s avg=23.40 t/s 2.137s
0823 22:12:33 ds4-server: chat ctx=0..124:124 prefill chunk 51/124 (41.1%) chunk=23.64 t/s avg=23.41 t/s 2.179s
0823 22:12:34 ds4-server: chat ctx=0..124:124 prefill chunk 52/124 (41.9%) chunk=22.77 t/s avg=23.39 t/s 2.223s
0823 22:12:34 ds4-server: chat ctx=0..124:124 prefill chunk 53/124 (42.7%) chunk=23.52 t/s avg=23.40 t/s 2.265s
0823 22:12:34 ds4-server: chat ctx=0..124:124 prefill chunk 54/124 (43.5%) chunk=23.67 t/s avg=23.40 t/s 2.308s
0823 22:12:34 ds4-server: chat ctx=0..124:124 prefill chunk 55/124 (44.4%) chunk=23.53 t/s avg=23.40 t/s 2.350s
0823 22:12:34 ds4-server: chat ctx=0..124:124 prefill chunk 56/124 (45.2%) chunk=22.56 t/s avg=23.39 t/s 2.394s
0823 22:12:34 ds4-server: chat ctx=0..124:124 prefill chunk 57/124 (46.0%) chunk=23.72 t/s avg=23.39 t/s 2.437s
0823 22:12:34 ds4-server: chat ctx=0..124:124 prefill chunk 58/124 (46.8%) chunk=23.83 t/s avg=23.40 t/s 2.479s
0823 22:12:34 ds4-server: chat ctx=0..124:124 prefill chunk 59/124 (47.6%) chunk=22.53 t/s avg=23.39 t/s 2.523s
0823 22:12:34 ds4-server: chat ctx=0..124:124 prefill chunk 60/124 (48.4%) chunk=23.30 t/s avg=23.38 t/s 2.566s
0823 22:12:34 ds4-server: chat ctx=0..124:124 prefill chunk 61/124 (49.2%) chunk=23.72 t/s avg=23.39 t/s 2.608s
0823 22:12:34 ds4-server: chat ctx=0..124:124 prefill chunk 62/124 (50.0%) chunk=23.42 t/s avg=23.39 t/s 2.651s
0823 22:12:34 ds4-server: chat ctx=0..124:124 prefill chunk 63/124 (50.8%) chunk=22.56 t/s avg=23.38 t/s 2.695s
0823 22:12:34 ds4-server: chat ctx=0..124:124 prefill chunk 64/124 (51.6%) chunk=23.64 t/s avg=23.38 t/s 2.737s
0823 22:12:34 ds4-server: chat ctx=0..124:124 prefill chunk 65/124 (52.4%) chunk=23.44 t/s avg=23.38 t/s 2.780s
0823 22:12:34 ds4-server: chat ctx=0..124:124 prefill chunk 66/124 (53.2%) chunk=22.78 t/s avg=23.37 t/s 2.824s
0823 22:12:34 ds4-server: chat ctx=0..124:124 prefill chunk 67/124 (54.0%) chunk=23.49 t/s avg=23.37 t/s 2.866s
0823 22:12:34 ds4-server: chat ctx=0..124:124 prefill chunk 68/124 (54.8%) chunk=23.73 t/s avg=23.38 t/s 2.909s
0823 22:12:34 ds4-server: chat ctx=0..124:124 prefill chunk 69/124 (55.6%) chunk=23.33 t/s avg=23.38 t/s 2.951s
0823 22:12:34 ds4-server: chat ctx=0..124:124 prefill chunk 70/124 (56.5%) chunk=22.74 t/s avg=23.37 t/s 2.995s
0823 22:12:34 ds4-server: chat ctx=0..124:124 prefill chunk 71/124 (57.3%) chunk=23.91 t/s avg=23.38 t/s 3.037s
0823 22:12:34 ds4-server: chat ctx=0..124:124 prefill chunk 72/124 (58.1%) chunk=23.65 t/s avg=23.38 t/s 3.080s
0823 22:12:34 ds4-server: chat ctx=0..124:124 prefill chunk 73/124 (58.9%) chunk=22.81 t/s avg=23.37 t/s 3.123s
0823 22:12:34 ds4-server: chat ctx=0..124:124 prefill chunk 74/124 (59.7%) chunk=23.54 t/s avg=23.37 t/s 3.166s
0823 22:12:34 ds4-server: chat ctx=0..124:124 prefill chunk 75/124 (60.5%) chunk=23.63 t/s avg=23.38 t/s 3.208s
0823 22:12:35 ds4-server: chat ctx=0..124:124 prefill chunk 76/124 (61.3%) chunk=23.49 t/s avg=23.38 t/s 3.251s
0823 22:12:35 ds4-server: chat ctx=0..124:124 prefill chunk 77/124 (62.1%) chunk=22.67 t/s avg=23.37 t/s 3.295s
0823 22:12:35 ds4-server: chat ctx=0..124:124 prefill chunk 78/124 (62.9%) chunk=23.81 t/s avg=23.38 t/s 3.337s
0823 22:12:35 ds4-server: chat ctx=0..124:124 prefill chunk 79/124 (63.7%) chunk=23.72 t/s avg=23.38 t/s 3.379s
0823 22:12:35 ds4-server: chat ctx=0..124:124 prefill chunk 80/124 (64.5%) chunk=22.90 t/s avg=23.37 t/s 3.423s
0823 22:12:35 ds4-server: chat ctx=0..124:124 prefill chunk 81/124 (65.3%) chunk=23.77 t/s avg=23.38 t/s 3.465s
0823 22:12:35 ds4-server: chat ctx=0..124:124 prefill chunk 82/124 (66.1%) chunk=23.60 t/s avg=23.38 t/s 3.507s
0823 22:12:35 ds4-server: chat ctx=0..124:124 prefill chunk 83/124 (66.9%) chunk=23.56 t/s avg=23.38 t/s 3.550s
0823 22:12:35 ds4-server: chat ctx=0..124:124 prefill chunk 84/124 (67.7%) chunk=22.76 t/s avg=23.38 t/s 3.593s
0823 22:12:35 ds4-server: chat ctx=0..124:124 prefill chunk 85/124 (68.5%) chunk=23.64 t/s avg=23.38 t/s 3.636s
0823 22:12:35 ds4-server: chat ctx=0..124:124 prefill chunk 86/124 (69.4%) chunk=23.92 t/s avg=23.39 t/s 3.678s
0823 22:12:35 ds4-server: chat ctx=0..124:124 prefill chunk 87/124 (70.2%) chunk=23.13 t/s avg=23.38 t/s 3.721s
0823 22:12:35 ds4-server: chat ctx=0..124:124 prefill chunk 88/124 (71.0%) chunk=22.97 t/s avg=23.38 t/s 3.764s
0823 22:12:35 ds4-server: chat ctx=0..124:124 prefill chunk 89/124 (71.8%) chunk=23.91 t/s avg=23.38 t/s 3.806s
0823 22:12:35 ds4-server: chat ctx=0..124:124 prefill chunk 90/124 (72.6%) chunk=23.44 t/s avg=23.38 t/s 3.849s
0823 22:12:35 ds4-server: chat ctx=0..124:124 prefill chunk 91/124 (73.4%) chunk=22.48 t/s avg=23.37 t/s 3.893s
0823 22:12:35 ds4-server: chat ctx=0..124:124 prefill chunk 92/124 (74.2%) chunk=23.62 t/s avg=23.38 t/s 3.936s
0823 22:12:35 ds4-server: chat ctx=0..124:124 prefill chunk 93/124 (75.0%) chunk=23.68 t/s avg=23.38 t/s 3.978s
0823 22:12:35 ds4-server: chat ctx=0..124:124 prefill chunk 94/124 (75.8%) chunk=22.66 t/s avg=23.37 t/s 4.022s
0823 22:12:35 ds4-server: chat ctx=0..124:124 prefill chunk 95/124 (76.6%) chunk=23.42 t/s avg=23.37 t/s 4.065s
0823 22:12:35 ds4-server: chat ctx=0..124:124 prefill chunk 96/124 (77.4%) chunk=23.60 t/s avg=23.37 t/s 4.107s
0823 22:12:35 ds4-server: chat ctx=0..124:124 prefill chunk 97/124 (78.2%) chunk=23.48 t/s avg=23.38 t/s 4.150s
0823 22:12:35 ds4-server: chat ctx=0..124:124 prefill chunk 98/124 (79.0%) chunk=22.64 t/s avg=23.37 t/s 4.194s
0823 22:12:36 ds4-server: chat ctx=0..124:124 prefill chunk 99/124 (79.8%) chunk=23.74 t/s avg=23.37 t/s 4.236s
0823 22:12:36 ds4-server: chat ctx=0..124:124 prefill chunk 100/124 (80.6%) chunk=23.55 t/s avg=23.37 t/s 4.278s
0823 22:12:36 ds4-server: chat ctx=0..124:124 prefill chunk 101/124 (81.5%) chunk=22.52 t/s avg=23.36 t/s 4.323s
0823 22:12:36 ds4-server: chat ctx=0..124:124 prefill chunk 102/124 (82.3%) chunk=23.46 t/s avg=23.37 t/s 4.365s
0823 22:12:36 ds4-server: chat ctx=0..124:124 prefill chunk 103/124 (83.1%) chunk=23.65 t/s avg=23.37 t/s 4.408s
0823 22:12:36 ds4-server: chat ctx=0..124:124 prefill chunk 104/124 (83.9%) chunk=23.84 t/s avg=23.37 t/s 4.450s
0823 22:12:36 ds4-server: chat ctx=0..124:124 prefill chunk 105/124 (84.7%) chunk=22.51 t/s avg=23.36 t/s 4.494s
0823 22:12:36 ds4-server: chat ctx=0..124:124 prefill chunk 106/124 (85.5%) chunk=23.69 t/s avg=23.37 t/s 4.536s
0823 22:12:36 ds4-server: chat ctx=0..124:124 prefill chunk 107/124 (86.3%) chunk=23.75 t/s avg=23.37 t/s 4.578s
0823 22:12:36 ds4-server: chat ctx=0..124:124 prefill chunk 108/124 (87.1%) chunk=22.51 t/s avg=23.36 t/s 4.623s
0823 22:12:36 ds4-server: chat ctx=0..124:124 prefill chunk 109/124 (87.9%) chunk=23.50 t/s avg=23.36 t/s 4.665s
0823 22:12:36 ds4-server: chat ctx=0..124:124 prefill chunk 110/124 (88.7%) chunk=23.85 t/s avg=23.37 t/s 4.707s
0823 22:12:36 ds4-server: chat ctx=0..124:124 prefill chunk 111/124 (89.5%) chunk=23.61 t/s avg=23.37 t/s 4.750s
0823 22:12:36 ds4-server: chat ctx=0..124:124 prefill chunk 112/124 (90.3%) chunk=22.41 t/s avg=23.36 t/s 4.794s
0823 22:12:36 ds4-server: chat ctx=0..124:124 prefill chunk 113/124 (91.1%) chunk=23.60 t/s avg=23.36 t/s 4.837s
0823 22:12:36 ds4-server: chat ctx=0..124:124 prefill chunk 114/124 (91.9%) chunk=23.71 t/s avg=23.37 t/s 4.879s
0823 22:12:36 ds4-server: chat ctx=0..124:124 prefill chunk 115/124 (92.7%) chunk=22.63 t/s avg=23.36 t/s 4.923s
0823 22:12:36 ds4-server: chat ctx=0..124:124 prefill chunk 116/124 (93.5%) chunk=23.38 t/s avg=23.36 t/s 4.966s
0823 22:12:36 ds4-server: chat ctx=0..124:124 prefill chunk 117/124 (94.4%) chunk=23.77 t/s avg=23.36 t/s 5.008s
0823 22:12:36 ds4-server: chat ctx=0..124:124 prefill chunk 118/124 (95.2%) chunk=23.58 t/s avg=23.37 t/s 5.050s
0823 22:12:36 ds4-server: chat ctx=0..124:124 prefill chunk 119/124 (96.0%) chunk=22.44 t/s avg=23.36 t/s 5.095s
0823 22:12:36 ds4-server: chat ctx=0..124:124 prefill chunk 120/124 (96.8%) chunk=23.71 t/s avg=23.36 t/s 5.137s
0823 22:12:36 ds4-server: chat ctx=0..124:124 prefill chunk 121/124 (97.6%) chunk=23.54 t/s avg=23.36 t/s 5.179s
0823 22:12:37 ds4-server: chat ctx=0..124:124 prefill chunk 122/124 (98.4%) chunk=22.76 t/s avg=23.36 t/s 5.223s
0823 22:12:37 ds4-server: chat ctx=0..124:124 prefill chunk 123/124 (99.2%) chunk=23.18 t/s avg=23.35 t/s 5.267s
0823 22:12:37 ds4-server: chat ctx=0..124:124 prefill chunk 124/124 (100.0%) chunk=23.42 t/s avg=23.36 t/s 5.309s
0823 22:12:37 ds4-server: chat ctx=0..124:124 prompt done 5.309s
0823 22:12:39 ds4-server: chat ctx=124..174:50 gen=50 THINKING decoding chunk=23.19 t/s avg=23.19 t/s 2.156s
0823 22:12:41 ds4-server: chat ctx=174..224:50 gen=100 THINKING decoding chunk=22.98 t/s avg=23.08 t/s 4.333s
0823 22:12:43 ds4-server: chat ctx=224..274:50 gen=150 THINKING decoding chunk=22.78 t/s avg=22.98 t/s 6.528s
0823 22:12:45 ds4-server: chat ctx=274..324:50 gen=200 THINKING decoding chunk=22.62 t/s avg=22.89 t/s 8.738s
0823 22:12:48 ds4-server: chat ctx=324..374:50 gen=250 THINKING decoding chunk=22.48 t/s avg=22.81 t/s 10.962s
0823 22:12:50 ds4-server: chat ctx=374..424:50 gen=300 THINKING decoding chunk=22.37 t/s avg=22.73 t/s 13.197s
0823 22:12:52 ds4-server: chat ctx=424..474:50 gen=350 THINKING decoding chunk=22.15 t/s avg=22.65 t/s 15.454s
0823 22:12:54 ds4-server: chat ctx=474..524:50 gen=400 THINKING decoding chunk=22.05 t/s avg=22.57 t/s 17.721s
0823 22:12:57 ds4-server: chat ctx=524..574:50 gen=450 THINKING decoding chunk=21.93 t/s avg=22.50 t/s 20.001s
0823 22:12:59 ds4-server: chat ctx=574..624:50 gen=500 THINKING decoding chunk=21.79 t/s avg=22.43 t/s 22.296s
0823 22:13:01 ds4-server: chat ctx=624..674:50 gen=550 THINKING decoding chunk=21.63 t/s avg=22.35 t/s 24.607s
0823 22:13:04 ds4-server: chat ctx=674..724:50 gen=600 THINKING decoding chunk=21.51 t/s avg=22.28 t/s 26.931s
0823 22:13:06 ds4-server: chat ctx=724..774:50 gen=650 THINKING decoding chunk=21.34 t/s avg=22.20 t/s 29.274s
0823 22:13:08 ds4-server: chat ctx=774..824:50 gen=700 THINKING decoding chunk=21.21 t/s avg=22.13 t/s 31.631s
0823 22:13:11 ds4-server: chat ctx=824..874:50 gen=750 THINKING decoding chunk=21.05 t/s avg=22.05 t/s 34.007s
0823 22:13:13 ds4-server: chat ctx=874..924:50 gen=800 THINKING decoding chunk=20.92 t/s avg=21.98 t/s 36.397s
0823 22:13:15 ds4-server: chat ctx=924..974:50 gen=850 THINKING decoding chunk=20.85 t/s avg=21.91 t/s 38.795s
0823 22:13:18 ds4-server: chat ctx=974..1024:50 gen=900 THINKING decoding chunk=20.67 t/s avg=21.84 t/s 41.213s
0823 22:13:20 ds4-server: chat ctx=1024..1074:50 gen=950 THINKING decoding chunk=20.57 t/s avg=21.77 t/s 43.644s
0823 22:13:23 ds4-server: chat ctx=1074..1124:50 gen=1000 THINKING decoding chunk=20.45 t/s avg=21.70 t/s 46.089s
0823 22:13:25 ds4-server: chat ctx=1124..1174:50 gen=1050 THINKING decoding chunk=20.40 t/s avg=21.63 t/s 48.540s
0823 22:13:28 ds4-server: chat ctx=1174..1224:50 gen=1100 THINKING decoding chunk=20.21 t/s avg=21.56 t/s 51.013s
0823 22:13:30 ds4-server: chat ctx=1224..1274:50 gen=1150 THINKING decoding chunk=20.10 t/s avg=21.49 t/s 53.501s
0823 22:13:33 ds4-server: chat ctx=1274..1324:50 gen=1200 THINKING decoding chunk=19.99 t/s avg=21.43 t/s 56.003s
0823 22:13:35 ds4-server: chat ctx=1324..1374:50 gen=1250 THINKING decoding chunk=19.88 t/s avg=21.36 t/s 58.518s
0823 22:13:38 ds4-server: chat ctx=1374..1424:50 gen=1300 THINKING decoding chunk=19.79 t/s avg=21.30 t/s 61.045s
0823 22:13:40 ds4-server: chat ctx=1424..1474:50 gen=1350 THINKING decoding chunk=19.67 t/s avg=21.23 t/s 63.587s
0823 22:13:43 ds4-server: chat ctx=1474..1524:50 gen=1400 THINKING decoding chunk=19.56 t/s avg=21.17 t/s 66.144s
0823 22:13:45 ds4-server: chat ctx=1524..1574:50 gen=1450 THINKING decoding chunk=19.46 t/s avg=21.10 t/s 68.714s
0823 22:13:48 ds4-server: chat ctx=1574..1624:50 gen=1500 THINKING decoding chunk=19.31 t/s avg=21.04 t/s 71.303s
0823 22:13:51 ds4-server: chat ctx=1624..1674:50 gen=1550 THINKING decoding chunk=19.20 t/s avg=20.97 t/s 73.908s
0823 22:13:53 ds4-server: chat ctx=1674..1724:50 gen=1600 THINKING decoding chunk=19.08 t/s avg=20.91 t/s 76.528s
0823 22:13:56 ds4-server: chat ctx=1724..1774:50 gen=1650 THINKING decoding chunk=19.02 t/s avg=20.84 t/s 79.156s
0823 22:13:58 ds4-server: chat ctx=1774..1824:50 gen=1700 THINKING decoding chunk=18.92 t/s avg=20.78 t/s 81.799s
0823 22:14:01 ds4-server: chat ctx=1824..1874:50 gen=1750 THINKING decoding chunk=18.75 t/s avg=20.72 t/s 84.466s
0823 22:14:04 ds4-server: chat ctx=1874..1924:50 gen=1800 THINKING decoding chunk=18.69 t/s avg=20.66 t/s 87.141s
0823 22:14:06 ds4-server: chat ctx=1924..1974:50 gen=1850 THINKING decoding chunk=18.60 t/s avg=20.59 t/s 89.830s
0823 22:14:09 ds4-server: chat ctx=1974..2024:50 gen=1900 THINKING decoding chunk=18.49 t/s avg=20.53 t/s 92.533s
0823 22:14:12 ds4-server: chat ctx=2024..2074:50 gen=1950 THINKING decoding chunk=18.39 t/s avg=20.47 t/s 95.251s
0823 22:14:15 ds4-server: chat ctx=2074..2124:50 gen=2000 THINKING decoding chunk=18.27 t/s avg=20.41 t/s 97.988s
0823 22:14:17 ds4-server: chat ctx=2124..2174:50 gen=2050 THINKING decoding chunk=18.14 t/s avg=20.35 t/s 100.744s
0823 22:14:20 ds4-server: chat ctx=2174..2224:50 gen=2100 THINKING decoding chunk=18.10 t/s avg=20.29 t/s 103.507s
0823 22:14:23 ds4-server: chat ctx=2224..2274:50 gen=2150 THINKING decoding chunk=18.00 t/s avg=20.23 t/s 106.285s
0823 22:14:26 ds4-server: chat ctx=2274..2324:50 gen=2200 THINKING decoding chunk=17.98 t/s avg=20.17 t/s 109.065s
0823 22:14:28 ds4-server: chat ctx=2324..2374:50 gen=2250 THINKING decoding chunk=17.83 t/s avg=20.11 t/s 111.869s
0823 22:14:31 ds4-server: chat ctx=2374..2424:50 gen=2300 THINKING decoding chunk=17.75 t/s avg=20.05 t/s 114.686s
0823 22:14:34 ds4-server: chat ctx=2424..2474:50 gen=2350 THINKING decoding chunk=17.71 t/s avg=20.00 t/s 117.509s
0823 22:14:37 ds4-server: chat ctx=2474..2524:50 gen=2400 THINKING decoding chunk=17.56 t/s avg=19.94 t/s 120.356s
0823 22:14:40 ds4-server: chat ctx=2524..2574:50 gen=2450 THINKING decoding chunk=17.45 t/s avg=19.88 t/s 123.221s
0823 22:14:43 ds4-server: chat ctx=2574..2624:50 gen=2500 THINKING decoding chunk=17.39 t/s avg=19.83 t/s 126.096s
0823 22:14:46 ds4-server: chat ctx=2624..2674:50 gen=2550 THINKING decoding chunk=17.27 t/s avg=19.77 t/s 128.991s
0823 22:14:48 ds4-server: chat ctx=2674..2724:50 gen=2600 THINKING decoding chunk=17.22 t/s avg=19.71 t/s 131.895s
0823 22:14:51 ds4-server: chat ctx=2724..2774:50 gen=2650 THINKING decoding chunk=17.11 t/s avg=19.66 t/s 134.816s
0823 22:14:54 ds4-server: chat ctx=2774..2824:50 gen=2700 THINKING decoding chunk=17.03 t/s avg=19.60 t/s 137.752s
0823 22:14:57 ds4-server: chat ctx=2824..2874:50 gen=2750 decoding chunk=16.92 t/s avg=19.54 t/s 140.706s
0823 22:15:00 ds4-server: chat ctx=2874..2924:50 gen=2800 decoding chunk=16.83 t/s avg=19.49 t/s 143.677s
0823 22:15:03 ds4-server: chat ctx=2924..2974:50 gen=2850 decoding chunk=16.74 t/s avg=19.43 t/s 146.665s
0823 22:15:06 ds4-server: chat ctx=2974..3024:50 gen=2900 decoding chunk=16.66 t/s avg=19.38 t/s 149.666s
0823 22:15:09 ds4-server: chat ctx=3024..3074:50 gen=2950 decoding chunk=16.57 t/s avg=19.32 t/s 152.685s
0823 22:15:12 ds4-server: chat ctx=3074..3124:50 gen=3000 decoding chunk=16.47 t/s avg=19.27 t/s 155.720s
0823 22:15:15 ds4-server: chat ctx=3124..3174:50 gen=3050 decoding chunk=16.40 t/s avg=19.21 t/s 158.768s
0823 22:15:17 ds4-server: chat ctx=3174..3207:33 gen=3083 decoding chunk=16.34 t/s avg=19.17 t/s 160.788s
0823 22:15:17 ds4-server: thinking live checkpoint remembered ctx=0..124:124 live=3207 visible=2084
0823 22:15:17 ds4-server: chat ctx=0..124:124 gen=3083 finish=stop 166.097s
0823 22:15:17 ds4-server: live kv cache miss live=3207 prompt=137 common=60 reason=token-mismatch
0823 22:15:17 ds4-server: chat ctx=0..137:137 prompt start
0823 22:15:17 ds4-server: chat ctx=0..137:137 prefill chunk 1/137 (0.7%) chunk=0.00 t/s avg=23.21 t/s 0.043s
0823 22:15:17 ds4-server: chat ctx=0..137:137 prefill chunk 2/137 (1.5%) chunk=23.17 t/s avg=23.19 t/s 0.086s
0823 22:15:18 ds4-server: chat ctx=0..137:137 prefill chunk 3/137 (2.2%) chunk=23.15 t/s avg=23.18 t/s 0.129s
0823 22:15:18 ds4-server: chat ctx=0..137:137 prefill chunk 4/137 (2.9%) chunk=23.90 t/s avg=23.35 t/s 0.171s
0823 22:15:18 ds4-server: chat ctx=0..137:137 prefill chunk 5/137 (3.6%) chunk=23.49 t/s avg=23.38 t/s 0.214s
0823 22:15:18 ds4-server: chat ctx=0..137:137 prefill chunk 6/137 (4.4%) chunk=23.04 t/s avg=23.32 t/s 0.257s
0823 22:15:18 ds4-server: chat ctx=0..137:137 prefill chunk 7/137 (5.1%) chunk=24.08 t/s avg=23.43 t/s 0.299s
0823 22:15:18 ds4-server: chat ctx=0..137:137 prefill chunk 8/137 (5.8%) chunk=23.74 t/s avg=23.47 t/s 0.341s
0823 22:15:18 ds4-server: chat ctx=0..137:137 prefill chunk 9/137 (6.6%) chunk=23.12 t/s avg=23.43 t/s 0.384s
0823 22:15:18 ds4-server: chat ctx=0..137:137 prefill chunk 10/137 (7.3%) chunk=23.02 t/s avg=23.39 t/s 0.428s
0823 22:15:18 ds4-server: chat ctx=0..137:137 prefill chunk 11/137 (8.0%) chunk=23.82 t/s avg=23.43 t/s 0.470s
0823 22:15:18 ds4-server: chat ctx=0..137:137 prefill chunk 12/137 (8.8%) chunk=23.69 t/s avg=23.45 t/s 0.512s
0823 22:15:18 ds4-server: chat ctx=0..137:137 prefill chunk 13/137 (9.5%) chunk=22.91 t/s avg=23.40 t/s 0.555s
0823 22:15:18 ds4-server: chat ctx=0..137:137 prefill chunk 14/137 (10.2%) chunk=23.99 t/s avg=23.45 t/s 0.597s
0823 22:15:18 ds4-server: chat ctx=0..137:137 prefill chunk 15/137 (10.9%) chunk=23.86 t/s avg=23.47 t/s 0.639s
0823 22:15:18 ds4-server: chat ctx=0..137:137 prefill chunk 16/137 (11.7%) chunk=23.54 t/s avg=23.48 t/s 0.682s
0823 22:15:18 ds4-server: chat ctx=0..137:137 prefill chunk 17/137 (12.4%) chunk=22.51 t/s avg=23.42 t/s 0.726s
0823 22:15:18 ds4-server: chat ctx=0..137:137 prefill chunk 18/137 (13.1%) chunk=23.96 t/s avg=23.45 t/s 0.768s
0823 22:15:18 ds4-server: chat ctx=0..137:137 prefill chunk 19/137 (13.9%) chunk=23.70 t/s avg=23.46 t/s 0.810s
0823 22:15:18 ds4-server: chat ctx=0..137:137 prefill chunk 20/137 (14.6%) chunk=22.45 t/s avg=23.41 t/s 0.854s
0823 22:15:18 ds4-server: chat ctx=0..137:137 prefill chunk 21/137 (15.3%) chunk=23.71 t/s avg=23.42 t/s 0.897s
0823 22:15:18 ds4-server: chat ctx=0..137:137 prefill chunk 22/137 (16.1%) chunk=23.93 t/s avg=23.45 t/s 0.938s
0823 22:15:18 ds4-server: chat ctx=0..137:137 prefill chunk 23/137 (16.8%) chunk=23.42 t/s avg=23.44 t/s 0.981s
0823 22:15:18 ds4-server: chat ctx=0..137:137 prefill chunk 24/137 (17.5%) chunk=22.63 t/s avg=23.41 t/s 1.025s
0823 22:15:18 ds4-server: chat ctx=0..137:137 prefill chunk 25/137 (18.2%) chunk=23.74 t/s avg=23.42 t/s 1.067s
0823 22:15:18 ds4-server: chat ctx=0..137:137 prefill chunk 26/137 (19.0%) chunk=23.83 t/s avg=23.44 t/s 1.109s
0823 22:15:19 ds4-server: chat ctx=0..137:137 prefill chunk 27/137 (19.7%) chunk=22.64 t/s avg=23.41 t/s 1.154s
0823 22:15:19 ds4-server: chat ctx=0..137:137 prefill chunk 28/137 (20.4%) chunk=23.25 t/s avg=23.40 t/s 1.197s
0823 22:15:19 ds4-server: chat ctx=0..137:137 prefill chunk 29/137 (21.2%) chunk=23.69 t/s avg=23.41 t/s 1.239s
0823 22:15:19 ds4-server: chat ctx=0..137:137 prefill chunk 30/137 (21.9%) chunk=23.57 t/s avg=23.42 t/s 1.281s
0823 22:15:19 ds4-server: chat ctx=0..137:137 prefill chunk 31/137 (22.6%) chunk=22.48 t/s avg=23.39 t/s 1.326s
0823 22:15:19 ds4-server: chat ctx=0..137:137 prefill chunk 32/137 (23.4%) chunk=23.81 t/s avg=23.40 t/s 1.368s
0823 22:15:19 ds4-server: chat ctx=0..137:137 prefill chunk 33/137 (24.1%) chunk=23.75 t/s avg=23.41 t/s 1.410s
0823 22:15:19 ds4-server: chat ctx=0..137:137 prefill chunk 34/137 (24.8%) chunk=22.68 t/s avg=23.39 t/s 1.454s
0823 22:15:19 ds4-server: chat ctx=0..137:137 prefill chunk 35/137 (25.5%) chunk=23.38 t/s avg=23.39 t/s 1.497s
0823 22:15:19 ds4-server: chat ctx=0..137:137 prefill chunk 36/137 (26.3%) chunk=23.70 t/s avg=23.40 t/s 1.539s
0823 22:15:19 ds4-server: chat ctx=0..137:137 prefill chunk 37/137 (27.0%) chunk=23.36 t/s avg=23.39 t/s 1.582s
0823 22:15:19 ds4-server: chat ctx=0..137:137 prefill chunk 38/137 (27.7%) chunk=22.51 t/s avg=23.37 t/s 1.626s
0823 22:15:19 ds4-server: chat ctx=0..137:137 prefill chunk 39/137 (28.5%) chunk=23.76 t/s avg=23.38 t/s 1.668s
0823 22:15:19 ds4-server: chat ctx=0..137:137 prefill chunk 40/137 (29.2%) chunk=23.72 t/s avg=23.39 t/s 1.710s
0823 22:15:19 ds4-server: chat ctx=0..137:137 prefill chunk 41/137 (29.9%) chunk=22.55 t/s avg=23.37 t/s 1.755s
0823 22:15:19 ds4-server: chat ctx=0..137:137 prefill chunk 42/137 (30.7%) chunk=23.49 t/s avg=23.37 t/s 1.797s
0823 22:15:19 ds4-server: chat ctx=0..137:137 prefill chunk 43/137 (31.4%) chunk=23.42 t/s avg=23.37 t/s 1.840s
0823 22:15:19 ds4-server: chat ctx=0..137:137 prefill chunk 44/137 (32.1%) chunk=23.42 t/s avg=23.37 t/s 1.883s
0823 22:15:19 ds4-server: chat ctx=0..137:137 prefill chunk 45/137 (32.8%) chunk=22.68 t/s avg=23.36 t/s 1.927s
0823 22:15:19 ds4-server: chat ctx=0..137:137 prefill chunk 46/137 (33.6%) chunk=23.83 t/s avg=23.37 t/s 1.969s
0823 22:15:19 ds4-server: chat ctx=0..137:137 prefill chunk 47/137 (34.3%) chunk=23.80 t/s avg=23.38 t/s 2.011s
0823 22:15:19 ds4-server: chat ctx=0..137:137 prefill chunk 48/137 (35.0%) chunk=22.69 t/s avg=23.36 t/s 2.055s
0823 22:15:19 ds4-server: chat ctx=0..137:137 prefill chunk 49/137 (35.8%) chunk=23.51 t/s avg=23.36 t/s 2.097s
0823 22:15:20 ds4-server: chat ctx=0..137:137 prefill chunk 50/137 (36.5%) chunk=23.58 t/s avg=23.37 t/s 2.140s
0823 22:15:20 ds4-server: chat ctx=0..137:137 prefill chunk 51/137 (37.2%) chunk=23.45 t/s avg=23.37 t/s 2.182s
0823 22:15:20 ds4-server: chat ctx=0..137:137 prefill chunk 52/137 (38.0%) chunk=22.51 t/s avg=23.35 t/s 2.227s
0823 22:15:20 ds4-server: chat ctx=0..137:137 prefill chunk 53/137 (38.7%) chunk=23.65 t/s avg=23.36 t/s 2.269s
0823 22:15:20 ds4-server: chat ctx=0..137:137 prefill chunk 54/137 (39.4%) chunk=23.21 t/s avg=23.35 t/s 2.312s
0823 22:15:20 ds4-server: chat ctx=0..137:137 prefill chunk 55/137 (40.1%) chunk=22.96 t/s avg=23.35 t/s 2.356s
0823 22:15:20 ds4-server: chat ctx=0..137:137 prefill chunk 56/137 (40.9%) chunk=23.49 t/s avg=23.35 t/s 2.398s
0823 22:15:20 ds4-server: chat ctx=0..137:137 prefill chunk 57/137 (41.6%) chunk=23.65 t/s avg=23.36 t/s 2.441s
0823 22:15:20 ds4-server: chat ctx=0..137:137 prefill chunk 58/137 (42.3%) chunk=23.65 t/s avg=23.36 t/s 2.483s
0823 22:15:20 ds4-server: chat ctx=0..137:137 prefill chunk 59/137 (43.1%) chunk=22.61 t/s avg=23.35 t/s 2.527s
0823 22:15:20 ds4-server: chat ctx=0..137:137 prefill chunk 60/137 (43.8%) chunk=23.73 t/s avg=23.35 t/s 2.569s
0823 22:15:20 ds4-server: chat ctx=0..137:137 prefill chunk 61/137 (44.5%) chunk=23.48 t/s avg=23.36 t/s 2.612s
0823 22:15:20 ds4-server: chat ctx=0..137:137 prefill chunk 62/137 (45.3%) chunk=22.76 t/s avg=23.35 t/s 2.656s
0823 22:15:20 ds4-server: chat ctx=0..137:137 prefill chunk 63/137 (46.0%) chunk=23.52 t/s avg=23.35 t/s 2.698s
0823 22:15:20 ds4-server: chat ctx=0..137:137 prefill chunk 64/137 (46.7%) chunk=23.68 t/s avg=23.35 t/s 2.740s
0823 22:15:20 ds4-server: chat ctx=0..137:137 prefill chunk 65/137 (47.4%) chunk=23.56 t/s avg=23.36 t/s 2.783s
0823 22:15:20 ds4-server: chat ctx=0..137:137 prefill chunk 66/137 (48.2%) chunk=22.44 t/s avg=23.34 t/s 2.827s
0823 22:15:20 ds4-server: chat ctx=0..137:137 prefill chunk 67/137 (48.9%) chunk=23.76 t/s avg=23.35 t/s 2.870s
0823 22:15:20 ds4-server: chat ctx=0..137:137 prefill chunk 68/137 (49.6%) chunk=23.35 t/s avg=23.35 t/s 2.912s
0823 22:15:20 ds4-server: chat ctx=0..137:137 prefill chunk 69/137 (50.4%) chunk=22.83 t/s avg=23.34 t/s 2.956s
0823 22:15:20 ds4-server: chat ctx=0..137:137 prefill chunk 70/137 (51.1%) chunk=23.58 t/s avg=23.34 t/s 2.999s
0823 22:15:20 ds4-server: chat ctx=0..137:137 prefill chunk 71/137 (51.8%) chunk=23.82 t/s avg=23.35 t/s 3.041s
0823 22:15:20 ds4-server: chat ctx=0..137:137 prefill chunk 72/137 (52.6%) chunk=23.57 t/s avg=23.35 t/s 3.083s
0823 22:15:21 ds4-server: chat ctx=0..137:137 prefill chunk 73/137 (53.3%) chunk=22.85 t/s avg=23.35 t/s 3.127s
0823 22:15:21 ds4-server: chat ctx=0..137:137 prefill chunk 74/137 (54.0%) chunk=23.73 t/s avg=23.35 t/s 3.169s
0823 22:15:21 ds4-server: chat ctx=0..137:137 prefill chunk 75/137 (54.7%) chunk=23.55 t/s avg=23.35 t/s 3.211s
0823 22:15:21 ds4-server: chat ctx=0..137:137 prefill chunk 76/137 (55.5%) chunk=22.66 t/s avg=23.35 t/s 3.255s
0823 22:15:21 ds4-server: chat ctx=0..137:137 prefill chunk 77/137 (56.2%) chunk=23.61 t/s avg=23.35 t/s 3.298s
0823 22:15:21 ds4-server: chat ctx=0..137:137 prefill chunk 78/137 (56.9%) chunk=23.62 t/s avg=23.35 t/s 3.340s
0823 22:15:21 ds4-server: chat ctx=0..137:137 prefill chunk 79/137 (57.7%) chunk=23.37 t/s avg=23.35 t/s 3.383s
0823 22:15:21 ds4-server: chat ctx=0..137:137 prefill chunk 80/137 (58.4%) chunk=22.57 t/s avg=23.34 t/s 3.427s
0823 22:15:21 ds4-server: chat ctx=0..137:137 prefill chunk 81/137 (59.1%) chunk=23.50 t/s avg=23.34 t/s 3.470s
0823 22:15:21 ds4-server: chat ctx=0..137:137 prefill chunk 82/137 (59.9%) chunk=23.32 t/s avg=23.34 t/s 3.513s
0823 22:15:21 ds4-server: chat ctx=0..137:137 prefill chunk 83/137 (60.6%) chunk=22.63 t/s avg=23.34 t/s 3.557s
0823 22:15:21 ds4-server: chat ctx=0..137:137 prefill chunk 84/137 (61.3%) chunk=23.46 t/s avg=23.34 t/s 3.599s
0823 22:15:21 ds4-server: chat ctx=0..137:137 prefill chunk 85/137 (62.0%) chunk=23.66 t/s avg=23.34 t/s 3.642s
0823 22:15:21 ds4-server: chat ctx=0..137:137 prefill chunk 86/137 (62.8%) chunk=22.46 t/s avg=23.33 t/s 3.686s
0823 22:15:21 ds4-server: chat ctx=0..137:137 prefill chunk 87/137 (63.5%) chunk=23.43 t/s avg=23.33 t/s 3.729s
0823 22:15:21 ds4-server: chat ctx=0..137:137 prefill chunk 88/137 (64.2%) chunk=23.70 t/s avg=23.34 t/s 3.771s
0823 22:15:21 ds4-server: chat ctx=0..137:137 prefill chunk 89/137 (65.0%) chunk=23.48 t/s avg=23.34 t/s 3.814s
0823 22:15:21 ds4-server: chat ctx=0..137:137 prefill chunk 90/137 (65.7%) chunk=22.52 t/s avg=23.33 t/s 3.858s
0823 22:15:21 ds4-server: chat ctx=0..137:137 prefill chunk 91/137 (66.4%) chunk=23.63 t/s avg=23.33 t/s 3.900s
0823 22:15:21 ds4-server: chat ctx=0..137:137 prefill chunk 92/137 (67.2%) chunk=23.61 t/s avg=23.33 t/s 3.943s
0823 22:15:21 ds4-server: chat ctx=0..137:137 prefill chunk 93/137 (67.9%) chunk=22.60 t/s avg=23.33 t/s 3.987s
0823 22:15:21 ds4-server: chat ctx=0..137:137 prefill chunk 94/137 (68.6%) chunk=23.15 t/s avg=23.32 t/s 4.030s
0823 22:15:21 ds4-server: chat ctx=0..137:137 prefill chunk 95/137 (69.3%) chunk=23.50 t/s avg=23.33 t/s 4.073s
0823 22:15:22 ds4-server: chat ctx=0..137:137 prefill chunk 96/137 (70.1%) chunk=23.44 t/s avg=23.33 t/s 4.115s
0823 22:15:22 ds4-server: chat ctx=0..137:137 prefill chunk 97/137 (70.8%) chunk=22.48 t/s avg=23.32 t/s 4.160s
0823 22:15:22 ds4-server: chat ctx=0..137:137 prefill chunk 98/137 (71.5%) chunk=23.62 t/s avg=23.32 t/s 4.202s
0823 22:15:22 ds4-server: chat ctx=0..137:137 prefill chunk 99/137 (72.3%) chunk=23.80 t/s avg=23.33 t/s 4.244s
0823 22:15:22 ds4-server: chat ctx=0..137:137 prefill chunk 100/137 (73.0%) chunk=22.65 t/s avg=23.32 t/s 4.288s
0823 22:15:22 ds4-server: chat ctx=0..137:137 prefill chunk 101/137 (73.7%) chunk=23.43 t/s avg=23.32 t/s 4.331s
0823 22:15:22 ds4-server: chat ctx=0..137:137 prefill chunk 102/137 (74.5%) chunk=23.68 t/s avg=23.32 t/s 4.373s
0823 22:15:22 ds4-server: chat ctx=0..137:137 prefill chunk 103/137 (75.2%) chunk=23.39 t/s avg=23.32 t/s 4.416s
0823 22:15:22 ds4-server: chat ctx=0..137:137 prefill chunk 104/137 (75.9%) chunk=22.59 t/s avg=23.32 t/s 4.460s
0823 22:15:22 ds4-server: chat ctx=0..137:137 prefill chunk 105/137 (76.6%) chunk=23.67 t/s avg=23.32 t/s 4.503s
0823 22:15:22 ds4-server: chat ctx=0..137:137 prefill chunk 106/137 (77.4%) chunk=23.43 t/s avg=23.32 t/s 4.545s
0823 22:15:22 ds4-server: chat ctx=0..137:137 prefill chunk 107/137 (78.1%) chunk=22.79 t/s avg=23.32 t/s 4.589s
0823 22:15:22 ds4-server: chat ctx=0..137:137 prefill chunk 108/137 (78.8%) chunk=23.38 t/s avg=23.32 t/s 4.632s
0823 22:15:22 ds4-server: chat ctx=0..137:137 prefill chunk 109/137 (79.6%) chunk=23.50 t/s avg=23.32 t/s 4.675s
0823 22:15:22 ds4-server: chat ctx=0..137:137 prefill chunk 110/137 (80.3%) chunk=23.01 t/s avg=23.32 t/s 4.718s
0823 22:15:22 ds4-server: chat ctx=0..137:137 prefill chunk 111/137 (81.0%) chunk=22.94 t/s avg=23.31 t/s 4.762s
0823 22:15:22 ds4-server: chat ctx=0..137:137 prefill chunk 112/137 (81.8%) chunk=23.56 t/s avg=23.31 t/s 4.804s
0823 22:15:22 ds4-server: chat ctx=0..137:137 prefill chunk 113/137 (82.5%) chunk=23.33 t/s avg=23.31 t/s 4.847s
0823 22:15:22 ds4-server: chat ctx=0..137:137 prefill chunk 114/137 (83.2%) chunk=22.56 t/s avg=23.31 t/s 4.891s
0823 22:15:22 ds4-server: chat ctx=0..137:137 prefill chunk 115/137 (83.9%) chunk=23.68 t/s avg=23.31 t/s 4.933s
0823 22:15:22 ds4-server: chat ctx=0..137:137 prefill chunk 116/137 (84.7%) chunk=23.80 t/s avg=23.31 t/s 4.975s
0823 22:15:22 ds4-server: chat ctx=0..137:137 prefill chunk 117/137 (85.4%) chunk=23.01 t/s avg=23.31 t/s 5.019s
0823 22:15:22 ds4-server: chat ctx=0..137:137 prefill chunk 118/137 (86.1%) chunk=22.88 t/s avg=23.31 t/s 5.063s
0823 22:15:22 ds4-server: chat ctx=0..137:137 prefill chunk 119/137 (86.9%) chunk=23.50 t/s avg=23.31 t/s 5.105s
0823 22:15:23 ds4-server: chat ctx=0..137:137 prefill chunk 120/137 (87.6%) chunk=23.49 t/s avg=23.31 t/s 5.148s
0823 22:15:23 ds4-server: chat ctx=0..137:137 prefill chunk 121/137 (88.3%) chunk=22.46 t/s avg=23.30 t/s 5.192s
0823 22:15:23 ds4-server: chat ctx=0..137:137 prefill chunk 122/137 (89.1%) chunk=23.56 t/s avg=23.31 t/s 5.235s
0823 22:15:23 ds4-server: chat ctx=0..137:137 prefill chunk 123/137 (89.8%) chunk=23.53 t/s avg=23.31 t/s 5.277s
0823 22:15:23 ds4-server: chat ctx=0..137:137 prefill chunk 124/137 (90.5%) chunk=22.39 t/s avg=23.30 t/s 5.322s
0823 22:15:23 ds4-server: chat ctx=0..137:137 prefill chunk 125/137 (91.2%) chunk=23.46 t/s avg=23.30 t/s 5.365s
0823 22:15:23 ds4-server: chat ctx=0..137:137 prefill chunk 126/137 (92.0%) chunk=23.59 t/s avg=23.30 t/s 5.407s
0823 22:15:23 ds4-server: chat ctx=0..137:137 prefill chunk 127/137 (92.7%) chunk=23.29 t/s avg=23.30 t/s 5.450s
0823 22:15:23 ds4-server: chat ctx=0..137:137 prefill chunk 128/137 (93.4%) chunk=22.54 t/s avg=23.30 t/s 5.494s
0823 22:15:23 ds4-server: chat ctx=0..137:137 prefill chunk 129/137 (94.2%) chunk=23.58 t/s avg=23.30 t/s 5.537s
0823 22:15:23 ds4-server: chat ctx=0..137:137 prefill chunk 130/137 (94.9%) chunk=23.16 t/s avg=23.30 t/s 5.580s
0823 22:15:23 ds4-server: chat ctx=0..137:137 prefill chunk 131/137 (95.6%) chunk=22.72 t/s avg=23.29 t/s 5.624s
0823 22:15:23 ds4-server: chat ctx=0..137:137 prefill chunk 132/137 (96.4%) chunk=23.09 t/s avg=23.29 t/s 5.667s
0823 22:15:23 ds4-server: chat ctx=0..137:137 prefill chunk 133/137 (97.1%) chunk=23.66 t/s avg=23.29 t/s 5.709s
0823 22:15:23 ds4-server: chat ctx=0..137:137 prefill chunk 134/137 (97.8%) chunk=22.44 t/s avg=23.29 t/s 5.754s
0823 22:15:23 ds4-server: chat ctx=0..137:137 prefill chunk 135/137 (98.5%) chunk=23.23 t/s avg=23.29 t/s 5.797s
0823 22:15:23 ds4-server: chat ctx=0..137:137 prefill chunk 136/137 (99.3%) chunk=23.58 t/s avg=23.29 t/s 5.839s
0823 22:15:23 ds4-server: chat ctx=0..137:137 prefill chunk 137/137 (100.0%) chunk=23.30 t/s avg=23.29 t/s 5.882s
0823 22:15:23 ds4-server: chat ctx=0..137:137 prompt done 5.882s
0823 22:15:25 ds4-server: chat ctx=137..187:50 gen=50 THINKING decoding chunk=23.10 t/s avg=23.10 t/s 2.165s
0823 22:15:28 ds4-server: chat ctx=187..237:50 gen=100 THINKING decoding chunk=22.91 t/s avg=23.00 t/s 4.347s
0823 22:15:30 ds4-server: chat ctx=237..287:50 gen=150 THINKING decoding chunk=22.76 t/s avg=22.92 t/s 6.544s
0823 22:15:32 ds4-server: chat ctx=287..337:50 gen=200 THINKING decoding chunk=22.60 t/s avg=22.84 t/s 8.757s
0823 22:15:34 ds4-server: chat ctx=337..387:50 gen=250 THINKING decoding chunk=22.48 t/s avg=22.77 t/s 10.982s
0823 22:15:36 ds4-server: chat ctx=387..437:50 gen=300 THINKING decoding chunk=22.29 t/s avg=22.68 t/s 13.225s
0823 22:15:39 ds4-server: chat ctx=437..487:50 gen=350 THINKING decoding chunk=22.13 t/s avg=22.60 t/s 15.484s
0823 22:15:41 ds4-server: chat ctx=487..537:50 gen=400 THINKING decoding chunk=22.00 t/s avg=22.53 t/s 17.757s
0823 22:15:43 ds4-server: chat ctx=537..587:50 gen=450 THINKING decoding chunk=21.85 t/s avg=22.45 t/s 20.045s
0823 22:15:46 ds4-server: chat ctx=587..637:50 gen=500 THINKING decoding chunk=21.77 t/s avg=22.38 t/s 22.342s
0823 22:15:48 ds4-server: chat ctx=637..687:50 gen=550 THINKING decoding chunk=21.57 t/s avg=22.30 t/s 24.660s
0823 22:15:50 ds4-server: chat ctx=687..737:50 gen=600 THINKING decoding chunk=21.49 t/s avg=22.23 t/s 26.987s
0823 22:15:53 ds4-server: chat ctx=737..787:50 gen=650 THINKING decoding chunk=21.38 t/s avg=22.17 t/s 29.325s
0823 22:15:55 ds4-server: chat ctx=787..837:50 gen=700 THINKING decoding chunk=21.23 t/s avg=22.10 t/s 31.680s
0823 22:15:57 ds4-server: chat ctx=837..887:50 gen=750 THINKING decoding chunk=21.07 t/s avg=22.02 t/s 34.053s
0823 22:16:00 ds4-server: chat ctx=887..937:50 gen=800 THINKING decoding chunk=20.88 t/s avg=21.95 t/s 36.448s
0823 22:16:02 ds4-server: chat ctx=937..987:50 gen=850 THINKING decoding chunk=20.81 t/s avg=21.88 t/s 38.851s
0823 22:16:05 ds4-server: chat ctx=987..1037:50 gen=900 THINKING decoding chunk=20.62 t/s avg=21.80 t/s 41.276s
0823 22:16:07 ds4-server: chat ctx=1037..1087:50 gen=950 THINKING decoding chunk=20.49 t/s avg=21.73 t/s 43.716s
0823 22:16:09 ds4-server: chat ctx=1087..1137:50 gen=1000 THINKING decoding chunk=20.44 t/s avg=21.66 t/s 46.163s
0823 22:16:12 ds4-server: chat ctx=1137..1187:50 gen=1050 THINKING decoding chunk=20.33 t/s avg=21.59 t/s 48.622s
0823 22:16:14 ds4-server: chat ctx=1187..1237:50 gen=1100 THINKING decoding chunk=20.16 t/s avg=21.53 t/s 51.103s
0823 22:16:17 ds4-server: chat ctx=1237..1287:50 gen=1150 THINKING decoding chunk=20.03 t/s avg=21.46 t/s 53.599s
0823 22:16:19 ds4-server: chat ctx=1287..1337:50 gen=1200 THINKING decoding chunk=19.90 t/s avg=21.39 t/s 56.111s
0823 22:16:22 ds4-server: chat ctx=1337..1387:50 gen=1250 decoding chunk=19.89 t/s avg=21.32 t/s 58.625s
0823 22:16:24 ds4-server: chat ctx=1387..1437:50 gen=1300 decoding chunk=19.74 t/s avg=21.26 t/s 61.158s
0823 22:16:27 ds4-server: chat ctx=1437..1487:50 gen=1350 decoding chunk=19.65 t/s avg=21.19 t/s 63.702s
0823 22:16:30 ds4-server: chat ctx=1487..1537:50 gen=1400 decoding chunk=19.52 t/s avg=21.13 t/s 66.264s
0823 22:16:32 ds4-server: chat ctx=1537..1587:50 gen=1450 decoding chunk=19.42 t/s avg=21.06 t/s 68.839s
0823 22:16:35 ds4-server: chat ctx=1587..1637:50 gen=1500 decoding chunk=19.30 t/s avg=21.00 t/s 71.429s
0823 22:16:35 ds4-server: chat ctx=1637..1642:5 gen=1505 decoding chunk=19.17 t/s avg=20.99 t/s 71.690s
0823 22:16:35 ds4-server: thinking live checkpoint remembered ctx=0..137:137 live=1642 visible=1696
0823 22:16:35 ds4-server: chat ctx=0..137:137 gen=1505 finish=stop 77.573s
0823 22:16:35 ds4-server: live kv cache miss live=1642 prompt=142 common=60 reason=token-mismatch
0823 22:16:35 ds4-server: chat ctx=0..142:142 prompt start
0823 22:16:35 ds4-server: chat ctx=0..142:142 prefill chunk 1/142 (0.7%) chunk=0.00 t/s avg=22.53 t/s 0.044s
0823 22:16:35 ds4-server: chat ctx=0..142:142 prefill chunk 2/142 (1.4%) chunk=23.68 t/s avg=23.09 t/s 0.087s
0823 22:16:35 ds4-server: chat ctx=0..142:142 prefill chunk 3/142 (2.1%) chunk=23.93 t/s avg=23.36 t/s 0.128s
0823 22:16:35 ds4-server: chat ctx=0..142:142 prefill chunk 4/142 (2.8%) chunk=23.71 t/s avg=23.45 t/s 0.171s
0823 22:16:35 ds4-server: chat ctx=0..142:142 prefill chunk 5/142 (3.5%) chunk=23.07 t/s avg=23.37 t/s 0.214s
0823 22:16:35 ds4-server: chat ctx=0..142:142 prefill chunk 6/142 (4.2%) chunk=23.80 t/s avg=23.44 t/s 0.256s
0823 22:16:35 ds4-server: chat ctx=0..142:142 prefill chunk 7/142 (4.9%) chunk=24.02 t/s avg=23.52 t/s 0.298s
0823 22:16:35 ds4-server: chat ctx=0..142:142 prefill chunk 8/142 (5.6%) chunk=23.17 t/s avg=23.48 t/s 0.341s
0823 22:16:35 ds4-server: chat ctx=0..142:142 prefill chunk 9/142 (6.3%) chunk=23.24 t/s avg=23.45 t/s 0.384s
0823 22:16:35 ds4-server: chat ctx=0..142:142 prefill chunk 10/142 (7.0%) chunk=24.00 t/s avg=23.51 t/s 0.425s
0823 22:16:35 ds4-server: chat ctx=0..142:142 prefill chunk 11/142 (7.7%) chunk=23.34 t/s avg=23.49 t/s 0.468s
0823 22:16:35 ds4-server: chat ctx=0..142:142 prefill chunk 12/142 (8.5%) chunk=23.10 t/s avg=23.46 t/s 0.512s
0823 22:16:36 ds4-server: chat ctx=0..142:142 prefill chunk 13/142 (9.2%) chunk=23.57 t/s avg=23.47 t/s 0.554s
0823 22:16:36 ds4-server: chat ctx=0..142:142 prefill chunk 14/142 (9.9%) chunk=24.12 t/s avg=23.51 t/s 0.595s
0823 22:16:36 ds4-server: chat ctx=0..142:142 prefill chunk 15/142 (10.6%) chunk=23.59 t/s avg=23.52 t/s 0.638s
0823 22:16:36 ds4-server: chat ctx=0..142:142 prefill chunk 16/142 (11.3%) chunk=22.54 t/s avg=23.45 t/s 0.682s
0823 22:16:36 ds4-server: chat ctx=0..142:142 prefill chunk 17/142 (12.0%) chunk=23.85 t/s avg=23.48 t/s 0.724s
0823 22:16:36 ds4-server: chat ctx=0..142:142 prefill chunk 18/142 (12.7%) chunk=23.90 t/s avg=23.50 t/s 0.766s
0823 22:16:36 ds4-server: chat ctx=0..142:142 prefill chunk 19/142 (13.4%) chunk=22.57 t/s avg=23.45 t/s 0.810s
0823 22:16:36 ds4-server: chat ctx=0..142:142 prefill chunk 20/142 (14.1%) chunk=23.60 t/s avg=23.46 t/s 0.853s
0823 22:16:36 ds4-server: chat ctx=0..142:142 prefill chunk 21/142 (14.8%) chunk=23.79 t/s avg=23.47 t/s 0.895s
0823 22:16:36 ds4-server: chat ctx=0..142:142 prefill chunk 22/142 (15.5%) chunk=23.65 t/s avg=23.48 t/s 0.937s
0823 22:16:36 ds4-server: chat ctx=0..142:142 prefill chunk 23/142 (16.2%) chunk=22.98 t/s avg=23.46 t/s 0.981s
0823 22:16:36 ds4-server: chat ctx=0..142:142 prefill chunk 24/142 (16.9%) chunk=23.78 t/s avg=23.47 t/s 1.023s
0823 22:16:36 ds4-server: chat ctx=0..142:142 prefill chunk 25/142 (17.6%) chunk=23.75 t/s avg=23.48 t/s 1.065s
0823 22:16:36 ds4-server: chat ctx=0..142:142 prefill chunk 26/142 (18.3%) chunk=23.11 t/s avg=23.47 t/s 1.108s
0823 22:16:36 ds4-server: chat ctx=0..142:142 prefill chunk 27/142 (19.0%) chunk=23.00 t/s avg=23.45 t/s 1.151s
0823 22:16:36 ds4-server: chat ctx=0..142:142 prefill chunk 28/142 (19.7%) chunk=23.76 t/s avg=23.46 t/s 1.194s
0823 22:16:36 ds4-server: chat ctx=0..142:142 prefill chunk 29/142 (20.4%) chunk=23.67 t/s avg=23.47 t/s 1.236s
0823 22:16:36 ds4-server: chat ctx=0..142:142 prefill chunk 30/142 (21.1%) chunk=22.97 t/s avg=23.45 t/s 1.279s
0823 22:16:36 ds4-server: chat ctx=0..142:142 prefill chunk 31/142 (21.8%) chunk=23.64 t/s avg=23.46 t/s 1.322s
0823 22:16:36 ds4-server: chat ctx=0..142:142 prefill chunk 32/142 (22.5%) chunk=23.68 t/s avg=23.46 t/s 1.364s
0823 22:16:36 ds4-server: chat ctx=0..142:142 prefill chunk 33/142 (23.2%) chunk=23.62 t/s avg=23.47 t/s 1.406s
0823 22:16:36 ds4-server: chat ctx=0..142:142 prefill chunk 34/142 (23.9%) chunk=22.77 t/s avg=23.45 t/s 1.450s
0823 22:16:36 ds4-server: chat ctx=0..142:142 prefill chunk 35/142 (24.6%) chunk=23.87 t/s avg=23.46 t/s 1.492s
0823 22:16:37 ds4-server: chat ctx=0..142:142 prefill chunk 36/142 (25.4%) chunk=23.78 t/s avg=23.47 t/s 1.534s
0823 22:16:37 ds4-server: chat ctx=0..142:142 prefill chunk 37/142 (26.1%) chunk=22.62 t/s avg=23.44 t/s 1.578s
0823 22:16:37 ds4-server: chat ctx=0..142:142 prefill chunk 38/142 (26.8%) chunk=23.38 t/s avg=23.44 t/s 1.621s
0823 22:16:37 ds4-server: chat ctx=0..142:142 prefill chunk 39/142 (27.5%) chunk=23.71 t/s avg=23.45 t/s 1.663s
0823 22:16:37 ds4-server: chat ctx=0..142:142 prefill chunk 40/142 (28.2%) chunk=23.51 t/s avg=23.45 t/s 1.706s
0823 22:16:37 ds4-server: chat ctx=0..142:142 prefill chunk 41/142 (28.9%) chunk=22.67 t/s avg=23.43 t/s 1.750s
0823 22:16:37 ds4-server: chat ctx=0..142:142 prefill chunk 42/142 (29.6%) chunk=23.55 t/s avg=23.43 t/s 1.792s
0823 22:16:37 ds4-server: chat ctx=0..142:142 prefill chunk 43/142 (30.3%) chunk=23.50 t/s avg=23.44 t/s 1.835s
0823 22:16:37 ds4-server: chat ctx=0..142:142 prefill chunk 44/142 (31.0%) chunk=22.73 t/s avg=23.42 t/s 1.879s
0823 22:16:37 ds4-server: chat ctx=0..142:142 prefill chunk 45/142 (31.7%) chunk=23.66 t/s avg=23.42 t/s 1.921s
0823 22:16:37 ds4-server: chat ctx=0..142:142 prefill chunk 46/142 (32.4%) chunk=23.74 t/s avg=23.43 t/s 1.963s
0823 22:16:37 ds4-server: chat ctx=0..142:142 prefill chunk 47/142 (33.1%) chunk=23.42 t/s avg=23.43 t/s 2.006s
0823 22:16:37 ds4-server: chat ctx=0..142:142 prefill chunk 48/142 (33.8%) chunk=22.79 t/s avg=23.42 t/s 2.050s
0823 22:16:37 ds4-server: chat ctx=0..142:142 prefill chunk 49/142 (34.5%) chunk=23.73 t/s avg=23.42 t/s 2.092s
0823 22:16:37 ds4-server: chat ctx=0..142:142 prefill chunk 50/142 (35.2%) chunk=23.76 t/s avg=23.43 t/s 2.134s
0823 22:16:37 ds4-server: chat ctx=0..142:142 prefill chunk 51/142 (35.9%) chunk=22.72 t/s avg=23.42 t/s 2.178s
0823 22:16:37 ds4-server: chat ctx=0..142:142 prefill chunk 52/142 (36.6%) chunk=23.48 t/s avg=23.42 t/s 2.221s
0823 22:16:37 ds4-server: chat ctx=0..142:142 prefill chunk 53/142 (37.3%) chunk=23.91 t/s avg=23.43 t/s 2.262s
0823 22:16:37 ds4-server: chat ctx=0..142:142 prefill chunk 54/142 (38.0%) chunk=23.49 t/s avg=23.43 t/s 2.305s
0823 22:16:37 ds4-server: chat ctx=0..142:142 prefill chunk 55/142 (38.7%) chunk=22.55 t/s avg=23.41 t/s 2.349s
0823 22:16:37 ds4-server: chat ctx=0..142:142 prefill chunk 56/142 (39.4%) chunk=23.79 t/s avg=23.42 t/s 2.391s
0823 22:16:37 ds4-server: chat ctx=0..142:142 prefill chunk 57/142 (40.1%) chunk=23.68 t/s avg=23.42 t/s 2.434s
0823 22:16:37 ds4-server: chat ctx=0..142:142 prefill chunk 58/142 (40.8%) chunk=22.50 t/s avg=23.41 t/s 2.478s
0823 22:16:37 ds4-server: chat ctx=0..142:142 prefill chunk 59/142 (41.5%) chunk=23.23 t/s avg=23.40 t/s 2.521s
0823 22:16:38 ds4-server: chat ctx=0..142:142 prefill chunk 60/142 (42.3%) chunk=23.87 t/s avg=23.41 t/s 2.563s
0823 22:16:38 ds4-server: chat ctx=0..142:142 prefill chunk 61/142 (43.0%) chunk=23.36 t/s avg=23.41 t/s 2.606s
0823 22:16:38 ds4-server: chat ctx=0..142:142 prefill chunk 62/142 (43.7%) chunk=22.88 t/s avg=23.40 t/s 2.650s
0823 22:16:38 ds4-server: chat ctx=0..142:142 prefill chunk 63/142 (44.4%) chunk=23.64 t/s avg=23.40 t/s 2.692s
0823 22:16:38 ds4-server: chat ctx=0..142:142 prefill chunk 64/142 (45.1%) chunk=23.45 t/s avg=23.41 t/s 2.734s
0823 22:16:38 ds4-server: chat ctx=0..142:142 prefill chunk 65/142 (45.8%) chunk=22.72 t/s avg=23.39 t/s 2.778s
0823 22:16:38 ds4-server: chat ctx=0..142:142 prefill chunk 66/142 (46.5%) chunk=23.40 t/s avg=23.39 t/s 2.821s
0823 22:16:38 ds4-server: chat ctx=0..142:142 prefill chunk 67/142 (47.2%) chunk=23.51 t/s avg=23.40 t/s 2.864s
0823 22:16:38 ds4-server: chat ctx=0..142:142 prefill chunk 68/142 (47.9%) chunk=23.60 t/s avg=23.40 t/s 2.906s
0823 22:16:38 ds4-server: chat ctx=0..142:142 prefill chunk 69/142 (48.6%) chunk=22.65 t/s avg=23.39 t/s 2.950s
0823 22:16:38 ds4-server: chat ctx=0..142:142 prefill chunk 70/142 (49.3%) chunk=23.82 t/s avg=23.39 t/s 2.992s
0823 22:16:38 ds4-server: chat ctx=0..142:142 prefill chunk 71/142 (50.0%) chunk=23.89 t/s avg=23.40 t/s 3.034s
0823 22:16:38 ds4-server: chat ctx=0..142:142 prefill chunk 72/142 (50.7%) chunk=22.71 t/s avg=23.39 t/s 3.078s
0823 22:16:38 ds4-server: chat ctx=0..142:142 prefill chunk 73/142 (51.4%) chunk=23.54 t/s avg=23.39 t/s 3.121s
0823 22:16:38 ds4-server: chat ctx=0..142:142 prefill chunk 74/142 (52.1%) chunk=23.70 t/s avg=23.40 t/s 3.163s
0823 22:16:38 ds4-server: chat ctx=0..142:142 prefill chunk 75/142 (52.8%) chunk=23.50 t/s avg=23.40 t/s 3.205s
0823 22:16:38 ds4-server: chat ctx=0..142:142 prefill chunk 76/142 (53.5%) chunk=22.59 t/s avg=23.39 t/s 3.250s
0823 22:16:38 ds4-server: chat ctx=0..142:142 prefill chunk 77/142 (54.2%) chunk=23.57 t/s avg=23.39 t/s 3.292s
0823 22:16:38 ds4-server: chat ctx=0..142:142 prefill chunk 78/142 (54.9%) chunk=23.66 t/s avg=23.39 t/s 3.334s
0823 22:16:38 ds4-server: chat ctx=0..142:142 prefill chunk 79/142 (55.6%) chunk=22.80 t/s avg=23.39 t/s 3.378s
0823 22:16:38 ds4-server: chat ctx=0..142:142 prefill chunk 80/142 (56.3%) chunk=23.51 t/s avg=23.39 t/s 3.421s
0823 22:16:38 ds4-server: chat ctx=0..142:142 prefill chunk 81/142 (57.0%) chunk=23.74 t/s avg=23.39 t/s 3.463s
0823 22:16:38 ds4-server: chat ctx=0..142:142 prefill chunk 82/142 (57.7%) chunk=23.69 t/s avg=23.39 t/s 3.505s
0823 22:16:39 ds4-server: chat ctx=0..142:142 prefill chunk 83/142 (58.5%) chunk=22.60 t/s avg=23.39 t/s 3.549s
0823 22:16:39 ds4-server: chat ctx=0..142:142 prefill chunk 84/142 (59.2%) chunk=23.79 t/s avg=23.39 t/s 3.591s
0823 22:16:39 ds4-server: chat ctx=0..142:142 prefill chunk 85/142 (59.9%) chunk=23.73 t/s avg=23.39 t/s 3.633s
0823 22:16:39 ds4-server: chat ctx=0..142:142 prefill chunk 86/142 (60.6%) chunk=22.57 t/s avg=23.38 t/s 3.678s
0823 22:16:39 ds4-server: chat ctx=0..142:142 prefill chunk 87/142 (61.3%) chunk=23.57 t/s avg=23.39 t/s 3.720s
0823 22:16:39 ds4-server: chat ctx=0..142:142 prefill chunk 88/142 (62.0%) chunk=23.84 t/s avg=23.39 t/s 3.762s
0823 22:16:39 ds4-server: chat ctx=0..142:142 prefill chunk 89/142 (62.7%) chunk=23.59 t/s avg=23.39 t/s 3.805s
0823 22:16:39 ds4-server: chat ctx=0..142:142 prefill chunk 90/142 (63.4%) chunk=22.27 t/s avg=23.38 t/s 3.849s
0823 22:16:39 ds4-server: chat ctx=0..142:142 prefill chunk 91/142 (64.1%) chunk=23.71 t/s avg=23.38 t/s 3.892s
0823 22:16:39 ds4-server: chat ctx=0..142:142 prefill chunk 92/142 (64.8%) chunk=23.82 t/s avg=23.39 t/s 3.934s
0823 22:16:39 ds4-server: chat ctx=0..142:142 prefill chunk 93/142 (65.5%) chunk=22.99 t/s avg=23.38 t/s 3.977s
0823 22:16:39 ds4-server: chat ctx=0..142:142 prefill chunk 94/142 (66.2%) chunk=22.83 t/s avg=23.38 t/s 4.021s
0823 22:16:39 ds4-server: chat ctx=0..142:142 prefill chunk 95/142 (66.9%) chunk=23.58 t/s avg=23.38 t/s 4.063s
0823 22:16:39 ds4-server: chat ctx=0..142:142 prefill chunk 96/142 (67.6%) chunk=23.42 t/s avg=23.38 t/s 4.106s
0823 22:16:39 ds4-server: chat ctx=0..142:142 prefill chunk 97/142 (68.3%) chunk=22.37 t/s avg=23.37 t/s 4.151s
0823 22:16:39 ds4-server: chat ctx=0..142:142 prefill chunk 98/142 (69.0%) chunk=23.67 t/s avg=23.37 t/s 4.193s
0823 22:16:39 ds4-server: chat ctx=0..142:142 prefill chunk 99/142 (69.7%) chunk=23.24 t/s avg=23.37 t/s 4.236s
0823 22:16:39 ds4-server: chat ctx=0..142:142 prefill chunk 100/142 (70.4%) chunk=22.60 t/s avg=23.36 t/s 4.280s
0823 22:16:39 ds4-server: chat ctx=0..142:142 prefill chunk 101/142 (71.1%) chunk=23.44 t/s avg=23.36 t/s 4.323s
0823 22:16:39 ds4-server: chat ctx=0..142:142 prefill chunk 102/142 (71.8%) chunk=23.58 t/s avg=23.37 t/s 4.365s
0823 22:16:39 ds4-server: chat ctx=0..142:142 prefill chunk 103/142 (72.5%) chunk=22.99 t/s avg=23.36 t/s 4.409s
0823 22:16:39 ds4-server: chat ctx=0..142:142 prefill chunk 104/142 (73.2%) chunk=23.10 t/s avg=23.36 t/s 4.452s
0823 22:16:39 ds4-server: chat ctx=0..142:142 prefill chunk 105/142 (73.9%) chunk=23.52 t/s avg=23.36 t/s 4.495s
0823 22:16:40 ds4-server: chat ctx=0..142:142 prefill chunk 106/142 (74.6%) chunk=23.40 t/s avg=23.36 t/s 4.537s
0823 22:16:40 ds4-server: chat ctx=0..142:142 prefill chunk 107/142 (75.4%) chunk=22.37 t/s avg=23.35 t/s 4.582s
0823 22:16:40 ds4-server: chat ctx=0..142:142 prefill chunk 108/142 (76.1%) chunk=23.67 t/s avg=23.36 t/s 4.624s
0823 22:16:40 ds4-server: chat ctx=0..142:142 prefill chunk 109/142 (76.8%) chunk=23.47 t/s avg=23.36 t/s 4.667s
0823 22:16:40 ds4-server: chat ctx=0..142:142 prefill chunk 110/142 (77.5%) chunk=22.59 t/s avg=23.35 t/s 4.711s
0823 22:16:40 ds4-server: chat ctx=0..142:142 prefill chunk 111/142 (78.2%) chunk=23.35 t/s avg=23.35 t/s 4.754s
0823 22:16:40 ds4-server: chat ctx=0..142:142 prefill chunk 112/142 (78.9%) chunk=23.62 t/s avg=23.35 t/s 4.796s
0823 22:16:40 ds4-server: chat ctx=0..142:142 prefill chunk 113/142 (79.6%) chunk=23.58 t/s avg=23.35 t/s 4.839s
0823 22:16:40 ds4-server: chat ctx=0..142:142 prefill chunk 114/142 (80.3%) chunk=22.53 t/s avg=23.35 t/s 4.883s
0823 22:16:40 ds4-server: chat ctx=0..142:142 prefill chunk 115/142 (81.0%) chunk=23.77 t/s avg=23.35 t/s 4.925s
0823 22:16:40 ds4-server: chat ctx=0..142:142 prefill chunk 116/142 (81.7%) chunk=23.53 t/s avg=23.35 t/s 4.968s
0823 22:16:40 ds4-server: chat ctx=0..142:142 prefill chunk 117/142 (82.4%) chunk=22.57 t/s avg=23.34 t/s 5.012s
0823 22:16:40 ds4-server: chat ctx=0..142:142 prefill chunk 118/142 (83.1%) chunk=23.21 t/s avg=23.34 t/s 5.055s
0823 22:16:40 ds4-server: chat ctx=0..142:142 prefill chunk 119/142 (83.8%) chunk=23.63 t/s avg=23.35 t/s 5.097s
0823 22:16:40 ds4-server: chat ctx=0..142:142 prefill chunk 120/142 (84.5%) chunk=22.87 t/s avg=23.34 t/s 5.141s
0823 22:16:40 ds4-server: chat ctx=0..142:142 prefill chunk 121/142 (85.2%) chunk=22.91 t/s avg=23.34 t/s 5.185s
0823 22:16:40 ds4-server: chat ctx=0..142:142 prefill chunk 122/142 (85.9%) chunk=23.50 t/s avg=23.34 t/s 5.227s
0823 22:16:40 ds4-server: chat ctx=0..142:142 prefill chunk 123/142 (86.6%) chunk=23.36 t/s avg=23.34 t/s 5.270s
0823 22:16:40 ds4-server: chat ctx=0..142:142 prefill chunk 124/142 (87.3%) chunk=22.44 t/s avg=23.33 t/s 5.315s
0823 22:16:40 ds4-server: chat ctx=0..142:142 prefill chunk 125/142 (88.0%) chunk=23.57 t/s avg=23.33 t/s 5.357s
0823 22:16:40 ds4-server: chat ctx=0..142:142 prefill chunk 126/142 (88.7%) chunk=23.74 t/s avg=23.34 t/s 5.399s
0823 22:16:40 ds4-server: chat ctx=0..142:142 prefill chunk 127/142 (89.4%) chunk=22.95 t/s avg=23.33 t/s 5.443s
0823 22:16:40 ds4-server: chat ctx=0..142:142 prefill chunk 128/142 (90.1%) chunk=23.11 t/s avg=23.33 t/s 5.486s
0823 22:16:40 ds4-server: chat ctx=0..142:142 prefill chunk 129/142 (90.8%) chunk=23.68 t/s avg=23.33 t/s 5.528s
0823 22:16:41 ds4-server: chat ctx=0..142:142 prefill chunk 130/142 (91.5%) chunk=23.52 t/s avg=23.34 t/s 5.571s
0823 22:16:41 ds4-server: chat ctx=0..142:142 prefill chunk 131/142 (92.3%) chunk=22.33 t/s avg=23.33 t/s 5.616s
0823 22:16:41 ds4-server: chat ctx=0..142:142 prefill chunk 132/142 (93.0%) chunk=23.48 t/s avg=23.33 t/s 5.658s
0823 22:16:41 ds4-server: chat ctx=0..142:142 prefill chunk 133/142 (93.7%) chunk=23.61 t/s avg=23.33 t/s 5.701s
0823 22:16:41 ds4-server: chat ctx=0..142:142 prefill chunk 134/142 (94.4%) chunk=22.37 t/s avg=23.32 t/s 5.745s
0823 22:16:41 ds4-server: chat ctx=0..142:142 prefill chunk 135/142 (95.1%) chunk=23.48 t/s avg=23.32 t/s 5.788s
0823 22:16:41 ds4-server: chat ctx=0..142:142 prefill chunk 136/142 (95.8%) chunk=23.44 t/s avg=23.33 t/s 5.831s
0823 22:16:41 ds4-server: chat ctx=0..142:142 prefill chunk 137/142 (96.5%) chunk=23.40 t/s avg=23.33 t/s 5.873s
0823 22:16:41 ds4-server: chat ctx=0..142:142 prefill chunk 138/142 (97.2%) chunk=22.58 t/s avg=23.32 t/s 5.918s
0823 22:16:41 ds4-server: chat ctx=0..142:142 prefill chunk 139/142 (97.9%) chunk=23.54 t/s avg=23.32 t/s 5.960s
0823 22:16:41 ds4-server: chat ctx=0..142:142 prefill chunk 140/142 (98.6%) chunk=23.22 t/s avg=23.32 t/s 6.003s
0823 22:16:41 ds4-server: chat ctx=0..142:142 prefill chunk 141/142 (99.3%) chunk=22.26 t/s avg=23.31 t/s 6.048s
0823 22:16:41 ds4-server: chat ctx=0..142:142 prefill chunk 142/142 (100.0%) chunk=23.45 t/s avg=23.31 t/s 6.091s
0823 22:16:41 ds4-server: chat ctx=0..142:142 prompt done 6.091s
0823 22:16:43 ds4-server: chat ctx=142..192:50 gen=50 THINKING decoding chunk=23.03 t/s avg=23.03 t/s 2.171s
0823 22:16:45 ds4-server: chat ctx=192..242:50 gen=100 THINKING decoding chunk=22.87 t/s avg=22.95 t/s 4.358s
0823 22:16:48 ds4-server: chat ctx=242..292:50 gen=150 THINKING decoding chunk=22.73 t/s avg=22.88 t/s 6.557s
0823 22:16:50 ds4-server: chat ctx=292..342:50 gen=200 THINKING decoding chunk=22.36 t/s avg=22.75 t/s 8.793s
0823 22:16:52 ds4-server: chat ctx=342..392:50 gen=250 THINKING decoding chunk=22.38 t/s avg=22.67 t/s 11.028s
0823 22:16:54 ds4-server: chat ctx=392..442:50 gen=300 THINKING decoding chunk=22.29 t/s avg=22.61 t/s 13.271s
0823 22:16:57 ds4-server: chat ctx=442..492:50 gen=350 THINKING decoding chunk=22.15 t/s avg=22.54 t/s 15.528s
0823 22:16:59 ds4-server: chat ctx=492..542:50 gen=400 THINKING decoding chunk=22.01 t/s avg=22.47 t/s 17.799s
0823 22:17:01 ds4-server: chat ctx=542..592:50 gen=450 THINKING decoding chunk=21.83 t/s avg=22.40 t/s 20.090s
0823 22:17:03 ds4-server: chat ctx=592..642:50 gen=500 THINKING decoding chunk=21.74 t/s avg=22.33 t/s 22.390s
0823 22:17:06 ds4-server: chat ctx=642..692:50 gen=550 THINKING decoding chunk=21.62 t/s avg=22.26 t/s 24.702s
0823 22:17:08 ds4-server: chat ctx=692..742:50 gen=600 THINKING decoding chunk=21.43 t/s avg=22.19 t/s 27.036s
0823 22:17:10 ds4-server: chat ctx=742..792:50 gen=650 THINKING decoding chunk=21.29 t/s avg=22.12 t/s 29.385s
0823 22:17:13 ds4-server: chat ctx=792..842:50 gen=700 THINKING decoding chunk=21.17 t/s avg=22.05 t/s 31.747s
0823 22:17:15 ds4-server: chat ctx=842..892:50 gen=750 THINKING decoding chunk=21.00 t/s avg=21.98 t/s 34.127s
0823 22:17:18 ds4-server: chat ctx=892..942:50 gen=800 THINKING decoding chunk=20.91 t/s avg=21.91 t/s 36.518s
0823 22:17:20 ds4-server: chat ctx=942..992:50 gen=850 THINKING decoding chunk=20.75 t/s avg=21.84 t/s 38.927s
0823 22:17:22 ds4-server: chat ctx=992..1042:50 gen=900 THINKING decoding chunk=20.65 t/s avg=21.77 t/s 41.348s
0823 22:17:25 ds4-server: chat ctx=1042..1092:50 gen=950 THINKING decoding chunk=20.48 t/s avg=21.69 t/s 43.790s
0823 22:17:27 ds4-server: chat ctx=1092..1142:50 gen=1000 THINKING decoding chunk=20.42 t/s avg=21.63 t/s 46.238s
0823 22:17:30 ds4-server: chat ctx=1142..1192:50 gen=1050 THINKING decoding chunk=20.31 t/s avg=21.56 t/s 48.699s
0823 22:17:32 ds4-server: chat ctx=1192..1242:50 gen=1100 THINKING decoding chunk=20.19 t/s avg=21.49 t/s 51.176s
0823 22:17:35 ds4-server: chat ctx=1242..1292:50 gen=1150 THINKING decoding chunk=20.02 t/s avg=21.43 t/s 53.674s
0823 22:17:37 ds4-server: chat ctx=1292..1342:50 gen=1200 THINKING decoding chunk=19.96 t/s avg=21.36 t/s 56.179s
0823 22:17:40 ds4-server: chat ctx=1342..1392:50 gen=1250 THINKING decoding chunk=19.85 t/s avg=21.30 t/s 58.698s
0823 22:17:42 ds4-server: chat ctx=1392..1442:50 gen=1300 decoding chunk=19.71 t/s avg=21.23 t/s 61.234s
0823 22:17:45 ds4-server: chat ctx=1442..1492:50 gen=1350 decoding chunk=19.63 t/s avg=21.17 t/s 63.782s
0823 22:17:47 ds4-server: chat ctx=1492..1542:50 gen=1400 decoding chunk=19.49 t/s avg=21.10 t/s 66.347s
0823 22:17:50 ds4-server: chat ctx=1542..1592:50 gen=1450 decoding chunk=19.37 t/s avg=21.04 t/s 68.928s
0823 22:17:53 ds4-server: chat ctx=1592..1642:50 gen=1500 decoding chunk=19.25 t/s avg=20.97 t/s 71.526s
0823 22:17:55 ds4-server: chat ctx=1642..1692:50 gen=1550 decoding chunk=19.16 t/s avg=20.91 t/s 74.136s
0823 22:17:58 ds4-server: chat ctx=1692..1742:50 gen=1600 decoding chunk=19.08 t/s avg=20.85 t/s 76.756s
0823 22:17:59 ds4-server: chat ctx=1742..1763:21 gen=1621 decoding chunk=19.09 t/s avg=20.82 t/s 77.856s
0823 22:17:59 ds4-server: thinking live checkpoint remembered ctx=0..142:142 live=1763 visible=2321
0823 22:17:59 ds4-server: chat ctx=0..142:142 gen=1621 finish=stop 83.947s
0823 22:17:59 ds4-server: live kv cache miss live=1763 prompt=134 common=56 reason=token-mismatch
0823 22:17:59 ds4-server: chat ctx=0..134:134 prompt start
0823 22:17:59 ds4-server: chat ctx=0..134:134 prefill chunk 1/134 (0.7%) chunk=0.00 t/s avg=23.07 t/s 0.043s
0823 22:17:59 ds4-server: chat ctx=0..134:134 prefill chunk 2/134 (1.5%) chunk=23.53 t/s avg=23.30 t/s 0.086s
0823 22:17:59 ds4-server: chat ctx=0..134:134 prefill chunk 3/134 (2.2%) chunk=22.92 t/s avg=23.17 t/s 0.129s
0823 22:17:59 ds4-server: chat ctx=0..134:134 prefill chunk 4/134 (3.0%) chunk=23.50 t/s avg=23.25 t/s 0.172s
0823 22:17:59 ds4-server: chat ctx=0..134:134 prefill chunk 5/134 (3.7%) chunk=24.03 t/s avg=23.40 t/s 0.214s
0823 22:17:59 ds4-server: chat ctx=0..134:134 prefill chunk 6/134 (4.5%) chunk=23.52 t/s avg=23.42 t/s 0.256s
0823 22:17:59 ds4-server: chat ctx=0..134:134 prefill chunk 7/134 (5.2%) chunk=22.71 t/s avg=23.32 t/s 0.300s
0823 22:17:59 ds4-server: chat ctx=0..134:134 prefill chunk 8/134 (6.0%) chunk=23.93 t/s avg=23.39 t/s 0.342s
0823 22:17:59 ds4-server: chat ctx=0..134:134 prefill chunk 9/134 (6.7%) chunk=23.96 t/s avg=23.46 t/s 0.384s
0823 22:17:59 ds4-server: chat ctx=0..134:134 prefill chunk 10/134 (7.5%) chunk=22.66 t/s avg=23.37 t/s 0.428s
0823 22:17:59 ds4-server: chat ctx=0..134:134 prefill chunk 11/134 (8.2%) chunk=23.65 t/s avg=23.40 t/s 0.470s
0823 22:17:59 ds4-server: chat ctx=0..134:134 prefill chunk 12/134 (9.0%) chunk=24.05 t/s avg=23.45 t/s 0.512s
0823 22:17:59 ds4-server: chat ctx=0..134:134 prefill chunk 13/134 (9.7%) chunk=23.44 t/s avg=23.45 t/s 0.554s
0823 22:18:00 ds4-server: chat ctx=0..134:134 prefill chunk 14/134 (10.4%) chunk=22.51 t/s avg=23.38 t/s 0.599s
0823 22:18:00 ds4-server: chat ctx=0..134:134 prefill chunk 15/134 (11.2%) chunk=23.54 t/s avg=23.39 t/s 0.641s
0823 22:18:00 ds4-server: chat ctx=0..134:134 prefill chunk 16/134 (11.9%) chunk=23.68 t/s avg=23.41 t/s 0.683s
0823 22:18:00 ds4-server: chat ctx=0..134:134 prefill chunk 17/134 (12.7%) chunk=22.50 t/s avg=23.35 t/s 0.728s
0823 22:18:00 ds4-server: chat ctx=0..134:134 prefill chunk 18/134 (13.4%) chunk=23.82 t/s avg=23.38 t/s 0.770s
0823 22:18:00 ds4-server: chat ctx=0..134:134 prefill chunk 19/134 (14.2%) chunk=23.82 t/s avg=23.40 t/s 0.812s
0823 22:18:00 ds4-server: chat ctx=0..134:134 prefill chunk 20/134 (14.9%) chunk=23.56 t/s avg=23.41 t/s 0.854s
0823 22:18:00 ds4-server: chat ctx=0..134:134 prefill chunk 21/134 (15.7%) chunk=22.68 t/s avg=23.37 t/s 0.898s
0823 22:18:00 ds4-server: chat ctx=0..134:134 prefill chunk 22/134 (16.4%) chunk=23.86 t/s avg=23.40 t/s 0.940s
0823 22:18:00 ds4-server: chat ctx=0..134:134 prefill chunk 23/134 (17.2%) chunk=23.62 t/s avg=23.41 t/s 0.983s
0823 22:18:00 ds4-server: chat ctx=0..134:134 prefill chunk 24/134 (17.9%) chunk=22.50 t/s avg=23.37 t/s 1.027s
0823 22:18:00 ds4-server: chat ctx=0..134:134 prefill chunk 25/134 (18.7%) chunk=23.71 t/s avg=23.38 t/s 1.069s
0823 22:18:00 ds4-server: chat ctx=0..134:134 prefill chunk 26/134 (19.4%) chunk=23.71 t/s avg=23.39 t/s 1.111s
0823 22:18:00 ds4-server: chat ctx=0..134:134 prefill chunk 27/134 (20.1%) chunk=23.58 t/s avg=23.40 t/s 1.154s
0823 22:18:00 ds4-server: chat ctx=0..134:134 prefill chunk 28/134 (20.9%) chunk=22.83 t/s avg=23.38 t/s 1.198s
0823 22:18:00 ds4-server: chat ctx=0..134:134 prefill chunk 29/134 (21.6%) chunk=23.52 t/s avg=23.38 t/s 1.240s
0823 22:18:00 ds4-server: chat ctx=0..134:134 prefill chunk 30/134 (22.4%) chunk=23.89 t/s avg=23.40 t/s 1.282s
0823 22:18:00 ds4-server: chat ctx=0..134:134 prefill chunk 31/134 (23.1%) chunk=22.91 t/s avg=23.38 t/s 1.326s
0823 22:18:00 ds4-server: chat ctx=0..134:134 prefill chunk 32/134 (23.9%) chunk=22.99 t/s avg=23.37 t/s 1.369s
0823 22:18:00 ds4-server: chat ctx=0..134:134 prefill chunk 33/134 (24.6%) chunk=23.68 t/s avg=23.38 t/s 1.411s
0823 22:18:00 ds4-server: chat ctx=0..134:134 prefill chunk 34/134 (25.4%) chunk=23.41 t/s avg=23.38 t/s 1.454s
0823 22:18:00 ds4-server: chat ctx=0..134:134 prefill chunk 35/134 (26.1%) chunk=22.99 t/s avg=23.37 t/s 1.498s
0823 22:18:00 ds4-server: chat ctx=0..134:134 prefill chunk 36/134 (26.9%) chunk=23.44 t/s avg=23.37 t/s 1.540s
0823 22:18:00 ds4-server: chat ctx=0..134:134 prefill chunk 37/134 (27.6%) chunk=23.67 t/s avg=23.38 t/s 1.583s
0823 22:18:01 ds4-server: chat ctx=0..134:134 prefill chunk 38/134 (28.4%) chunk=22.46 t/s avg=23.35 t/s 1.627s
0823 22:18:01 ds4-server: chat ctx=0..134:134 prefill chunk 39/134 (29.1%) chunk=23.67 t/s avg=23.36 t/s 1.669s
0823 22:18:01 ds4-server: chat ctx=0..134:134 prefill chunk 40/134 (29.9%) chunk=23.79 t/s avg=23.37 t/s 1.711s
0823 22:18:01 ds4-server: chat ctx=0..134:134 prefill chunk 41/134 (30.6%) chunk=23.44 t/s avg=23.37 t/s 1.754s
0823 22:18:01 ds4-server: chat ctx=0..134:134 prefill chunk 42/134 (31.3%) chunk=22.97 t/s avg=23.37 t/s 1.798s
0823 22:18:01 ds4-server: chat ctx=0..134:134 prefill chunk 43/134 (32.1%) chunk=23.50 t/s avg=23.37 t/s 1.840s
0823 22:18:01 ds4-server: chat ctx=0..134:134 prefill chunk 44/134 (32.8%) chunk=23.86 t/s avg=23.38 t/s 1.882s
0823 22:18:01 ds4-server: chat ctx=0..134:134 prefill chunk 45/134 (33.6%) chunk=22.93 t/s avg=23.37 t/s 1.926s
0823 22:18:01 ds4-server: chat ctx=0..134:134 prefill chunk 46/134 (34.3%) chunk=22.99 t/s avg=23.36 t/s 1.969s
0823 22:18:01 ds4-server: chat ctx=0..134:134 prefill chunk 47/134 (35.1%) chunk=23.61 t/s avg=23.37 t/s 2.011s
0823 22:18:01 ds4-server: chat ctx=0..134:134 prefill chunk 48/134 (35.8%) chunk=23.37 t/s avg=23.37 t/s 2.054s
0823 22:18:01 ds4-server: chat ctx=0..134:134 prefill chunk 49/134 (36.6%) chunk=22.38 t/s avg=23.34 t/s 2.099s
0823 22:18:01 ds4-server: chat ctx=0..134:134 prefill chunk 50/134 (37.3%) chunk=23.55 t/s avg=23.35 t/s 2.141s
0823 22:18:01 ds4-server: chat ctx=0..134:134 prefill chunk 51/134 (38.1%) chunk=23.95 t/s avg=23.36 t/s 2.183s
0823 22:18:01 ds4-server: chat ctx=0..134:134 prefill chunk 52/134 (38.8%) chunk=22.49 t/s avg=23.34 t/s 2.228s
0823 22:18:01 ds4-server: chat ctx=0..134:134 prefill chunk 53/134 (39.6%) chunk=23.39 t/s avg=23.34 t/s 2.270s
0823 22:18:01 ds4-server: chat ctx=0..134:134 prefill chunk 54/134 (40.3%) chunk=23.81 t/s avg=23.35 t/s 2.312s
0823 22:18:01 ds4-server: chat ctx=0..134:134 prefill chunk 55/134 (41.0%) chunk=23.45 t/s avg=23.35 t/s 2.355s
0823 22:18:01 ds4-server: chat ctx=0..134:134 prefill chunk 56/134 (41.8%) chunk=22.65 t/s avg=23.34 t/s 2.399s
0823 22:18:01 ds4-server: chat ctx=0..134:134 prefill chunk 57/134 (42.5%) chunk=23.84 t/s avg=23.35 t/s 2.441s
0823 22:18:01 ds4-server: chat ctx=0..134:134 prefill chunk 58/134 (43.3%) chunk=24.02 t/s avg=23.36 t/s 2.483s
0823 22:18:01 ds4-server: chat ctx=0..134:134 prefill chunk 59/134 (44.0%) chunk=22.52 t/s avg=23.35 t/s 2.527s
0823 22:18:01 ds4-server: chat ctx=0..134:134 prefill chunk 60/134 (44.8%) chunk=23.39 t/s avg=23.35 t/s 2.570s
0823 22:18:02 ds4-server: chat ctx=0..134:134 prefill chunk 61/134 (45.5%) chunk=23.75 t/s avg=23.35 t/s 2.612s
0823 22:18:02 ds4-server: chat ctx=0..134:134 prefill chunk 62/134 (46.3%) chunk=23.42 t/s avg=23.35 t/s 2.655s
0823 22:18:02 ds4-server: chat ctx=0..134:134 prefill chunk 63/134 (47.0%) chunk=22.53 t/s avg=23.34 t/s 2.699s
0823 22:18:02 ds4-server: chat ctx=0..134:134 prefill chunk 64/134 (47.8%) chunk=23.92 t/s avg=23.35 t/s 2.741s
0823 22:18:02 ds4-server: chat ctx=0..134:134 prefill chunk 65/134 (48.5%) chunk=23.79 t/s avg=23.36 t/s 2.783s
0823 22:18:02 ds4-server: chat ctx=0..134:134 prefill chunk 66/134 (49.3%) chunk=22.57 t/s avg=23.34 t/s 2.827s
0823 22:18:02 ds4-server: chat ctx=0..134:134 prefill chunk 67/134 (50.0%) chunk=23.43 t/s avg=23.35 t/s 2.870s
0823 22:18:02 ds4-server: chat ctx=0..134:134 prefill chunk 68/134 (50.7%) chunk=23.76 t/s avg=23.35 t/s 2.912s
0823 22:18:02 ds4-server: chat ctx=0..134:134 prefill chunk 69/134 (51.5%) chunk=23.68 t/s avg=23.36 t/s 2.954s
0823 22:18:02 ds4-server: chat ctx=0..134:134 prefill chunk 70/134 (52.2%) chunk=22.55 t/s avg=23.34 t/s 2.999s
0823 22:18:02 ds4-server: chat ctx=0..134:134 prefill chunk 71/134 (53.0%) chunk=23.79 t/s avg=23.35 t/s 3.041s
0823 22:18:02 ds4-server: chat ctx=0..134:134 prefill chunk 72/134 (53.7%) chunk=23.76 t/s avg=23.36 t/s 3.083s
0823 22:18:02 ds4-server: chat ctx=0..134:134 prefill chunk 73/134 (54.5%) chunk=23.25 t/s avg=23.35 t/s 3.126s
0823 22:18:02 ds4-server: chat ctx=0..134:134 prefill chunk 74/134 (55.2%) chunk=23.05 t/s avg=23.35 t/s 3.169s
0823 22:18:02 ds4-server: chat ctx=0..134:134 prefill chunk 75/134 (56.0%) chunk=23.80 t/s avg=23.36 t/s 3.211s
0823 22:18:02 ds4-server: chat ctx=0..134:134 prefill chunk 76/134 (56.7%) chunk=23.54 t/s avg=23.36 t/s 3.254s
0823 22:18:02 ds4-server: chat ctx=0..134:134 prefill chunk 77/134 (57.5%) chunk=23.01 t/s avg=23.35 t/s 3.297s
0823 22:18:02 ds4-server: chat ctx=0..134:134 prefill chunk 78/134 (58.2%) chunk=23.45 t/s avg=23.36 t/s 3.340s
0823 22:18:02 ds4-server: chat ctx=0..134:134 prefill chunk 79/134 (59.0%) chunk=23.59 t/s avg=23.36 t/s 3.382s
0823 22:18:02 ds4-server: chat ctx=0..134:134 prefill chunk 80/134 (59.7%) chunk=23.06 t/s avg=23.35 t/s 3.425s
0823 22:18:02 ds4-server: chat ctx=0..134:134 prefill chunk 81/134 (60.4%) chunk=22.89 t/s avg=23.35 t/s 3.469s
0823 22:18:02 ds4-server: chat ctx=0..134:134 prefill chunk 82/134 (61.2%) chunk=23.64 t/s avg=23.35 t/s 3.511s
0823 22:18:02 ds4-server: chat ctx=0..134:134 prefill chunk 83/134 (61.9%) chunk=23.37 t/s avg=23.35 t/s 3.554s
0823 22:18:03 ds4-server: chat ctx=0..134:134 prefill chunk 84/134 (62.7%) chunk=22.43 t/s avg=23.34 t/s 3.599s
0823 22:18:03 ds4-server: chat ctx=0..134:134 prefill chunk 85/134 (63.4%) chunk=23.63 t/s avg=23.34 t/s 3.641s
0823 22:18:03 ds4-server: chat ctx=0..134:134 prefill chunk 86/134 (64.2%) chunk=23.65 t/s avg=23.35 t/s 3.683s
0823 22:18:03 ds4-server: chat ctx=0..134:134 prefill chunk 87/134 (64.9%) chunk=22.54 t/s avg=23.34 t/s 3.728s
0823 22:18:03 ds4-server: chat ctx=0..134:134 prefill chunk 88/134 (65.7%) chunk=23.54 t/s avg=23.34 t/s 3.770s
0823 22:18:03 ds4-server: chat ctx=0..134:134 prefill chunk 89/134 (66.4%) chunk=23.72 t/s avg=23.34 t/s 3.812s
0823 22:18:03 ds4-server: chat ctx=0..134:134 prefill chunk 90/134 (67.2%) chunk=23.68 t/s avg=23.35 t/s 3.855s
0823 22:18:03 ds4-server: chat ctx=0..134:134 prefill chunk 91/134 (67.9%) chunk=22.54 t/s avg=23.34 t/s 3.899s
0823 22:18:03 ds4-server: chat ctx=0..134:134 prefill chunk 92/134 (68.7%) chunk=23.59 t/s avg=23.34 t/s 3.941s
0823 22:18:03 ds4-server: chat ctx=0..134:134 prefill chunk 93/134 (69.4%) chunk=23.63 t/s avg=23.34 t/s 3.984s
0823 22:18:03 ds4-server: chat ctx=0..134:134 prefill chunk 94/134 (70.1%) chunk=22.49 t/s avg=23.34 t/s 4.028s
0823 22:18:03 ds4-server: chat ctx=0..134:134 prefill chunk 95/134 (70.9%) chunk=23.47 t/s avg=23.34 t/s 4.071s
0823 22:18:03 ds4-server: chat ctx=0..134:134 prefill chunk 96/134 (71.6%) chunk=23.82 t/s avg=23.34 t/s 4.113s
0823 22:18:03 ds4-server: chat ctx=0..134:134 prefill chunk 97/134 (72.4%) chunk=23.32 t/s avg=23.34 t/s 4.156s
0823 22:18:03 ds4-server: chat ctx=0..134:134 prefill chunk 98/134 (73.1%) chunk=22.52 t/s avg=23.33 t/s 4.200s
0823 22:18:03 ds4-server: chat ctx=0..134:134 prefill chunk 99/134 (73.9%) chunk=23.79 t/s avg=23.34 t/s 4.242s
0823 22:18:03 ds4-server: chat ctx=0..134:134 prefill chunk 100/134 (74.6%) chunk=23.49 t/s avg=23.34 t/s 4.285s
0823 22:18:03 ds4-server: chat ctx=0..134:134 prefill chunk 101/134 (75.4%) chunk=22.69 t/s avg=23.33 t/s 4.329s
0823 22:18:03 ds4-server: chat ctx=0..134:134 prefill chunk 102/134 (76.1%) chunk=23.47 t/s avg=23.33 t/s 4.371s
0823 22:18:03 ds4-server: chat ctx=0..134:134 prefill chunk 103/134 (76.9%) chunk=23.63 t/s avg=23.34 t/s 4.414s
0823 22:18:03 ds4-server: chat ctx=0..134:134 prefill chunk 104/134 (77.6%) chunk=22.89 t/s avg=23.33 t/s 4.457s
0823 22:18:03 ds4-server: chat ctx=0..134:134 prefill chunk 105/134 (78.4%) chunk=22.87 t/s avg=23.33 t/s 4.501s
0823 22:18:03 ds4-server: chat ctx=0..134:134 prefill chunk 106/134 (79.1%) chunk=23.52 t/s avg=23.33 t/s 4.544s
0823 22:18:04 ds4-server: chat ctx=0..134:134 prefill chunk 107/134 (79.9%) chunk=23.16 t/s avg=23.33 t/s 4.587s
0823 22:18:04 ds4-server: chat ctx=0..134:134 prefill chunk 108/134 (80.6%) chunk=22.88 t/s avg=23.32 t/s 4.631s
0823 22:18:04 ds4-server: chat ctx=0..134:134 prefill chunk 109/134 (81.3%) chunk=23.39 t/s avg=23.32 t/s 4.673s
0823 22:18:04 ds4-server: chat ctx=0..134:134 prefill chunk 110/134 (82.1%) chunk=23.51 t/s avg=23.33 t/s 4.716s
0823 22:18:04 ds4-server: chat ctx=0..134:134 prefill chunk 111/134 (82.8%) chunk=22.53 t/s avg=23.32 t/s 4.760s
0823 22:18:04 ds4-server: chat ctx=0..134:134 prefill chunk 112/134 (83.6%) chunk=23.49 t/s avg=23.32 t/s 4.803s
0823 22:18:04 ds4-server: chat ctx=0..134:134 prefill chunk 113/134 (84.3%) chunk=23.66 t/s avg=23.32 t/s 4.845s
0823 22:18:04 ds4-server: chat ctx=0..134:134 prefill chunk 114/134 (85.1%) chunk=23.48 t/s avg=23.32 t/s 4.888s
0823 22:18:04 ds4-server: chat ctx=0..134:134 prefill chunk 115/134 (85.8%) chunk=22.60 t/s avg=23.32 t/s 4.932s
0823 22:18:04 ds4-server: chat ctx=0..134:134 prefill chunk 116/134 (86.6%) chunk=23.57 t/s avg=23.32 t/s 4.974s
0823 22:18:04 ds4-server: chat ctx=0..134:134 prefill chunk 117/134 (87.3%) chunk=23.65 t/s avg=23.32 t/s 5.017s
0823 22:18:04 ds4-server: chat ctx=0..134:134 prefill chunk 118/134 (88.1%) chunk=22.41 t/s avg=23.31 t/s 5.061s
0823 22:18:04 ds4-server: chat ctx=0..134:134 prefill chunk 119/134 (88.8%) chunk=23.44 t/s avg=23.32 t/s 5.104s
0823 22:18:04 ds4-server: chat ctx=0..134:134 prefill chunk 120/134 (89.6%) chunk=23.42 t/s avg=23.32 t/s 5.147s
0823 22:18:04 ds4-server: chat ctx=0..134:134 prefill chunk 121/134 (90.3%) chunk=23.52 t/s avg=23.32 t/s 5.189s
0823 22:18:04 ds4-server: chat ctx=0..134:134 prefill chunk 122/134 (91.0%) chunk=22.64 t/s avg=23.31 t/s 5.233s
0823 22:18:04 ds4-server: chat ctx=0..134:134 prefill chunk 123/134 (91.8%) chunk=23.50 t/s avg=23.31 t/s 5.276s
0823 22:18:04 ds4-server: chat ctx=0..134:134 prefill chunk 124/134 (92.5%) chunk=23.13 t/s avg=23.31 t/s 5.319s
0823 22:18:04 ds4-server: chat ctx=0..134:134 prefill chunk 125/134 (93.3%) chunk=22.69 t/s avg=23.31 t/s 5.363s
0823 22:18:04 ds4-server: chat ctx=0..134:134 prefill chunk 126/134 (94.0%) chunk=23.51 t/s avg=23.31 t/s 5.406s
0823 22:18:04 ds4-server: chat ctx=0..134:134 prefill chunk 127/134 (94.8%) chunk=23.48 t/s avg=23.31 t/s 5.448s
0823 22:18:04 ds4-server: chat ctx=0..134:134 prefill chunk 128/134 (95.5%) chunk=22.95 t/s avg=23.31 t/s 5.492s
0823 22:18:04 ds4-server: chat ctx=0..134:134 prefill chunk 129/134 (96.3%) chunk=22.83 t/s avg=23.30 t/s 5.536s
0823 22:18:04 ds4-server: chat ctx=0..134:134 prefill chunk 130/134 (97.0%) chunk=23.39 t/s avg=23.30 t/s 5.578s
0823 22:18:05 ds4-server: chat ctx=0..134:134 prefill chunk 131/134 (97.8%) chunk=23.50 t/s avg=23.31 t/s 5.621s
0823 22:18:05 ds4-server: chat ctx=0..134:134 prefill chunk 132/134 (98.5%) chunk=22.31 t/s avg=23.30 t/s 5.666s
0823 22:18:05 ds4-server: chat ctx=0..134:134 prefill chunk 133/134 (99.3%) chunk=23.38 t/s avg=23.30 t/s 5.708s
0823 22:18:05 ds4-server: chat ctx=0..134:134 prefill chunk 134/134 (100.0%) chunk=23.56 t/s avg=23.30 t/s 5.751s
0823 22:18:05 ds4-server: chat ctx=0..134:134 prompt done 5.751s
0823 22:18:07 ds4-server: chat ctx=134..184:50 gen=50 THINKING decoding chunk=23.05 t/s avg=23.05 t/s 2.169s
0823 22:18:09 ds4-server: chat ctx=184..234:50 gen=100 THINKING decoding chunk=22.90 t/s avg=22.97 t/s 4.353s
0823 22:18:11 ds4-server: chat ctx=234..284:50 gen=150 THINKING decoding chunk=22.74 t/s avg=22.89 t/s 6.552s
0823 22:18:13 ds4-server: chat ctx=284..334:50 gen=200 THINKING decoding chunk=22.62 t/s avg=22.83 t/s 8.762s
0823 22:18:16 ds4-server: chat ctx=334..384:50 gen=250 THINKING decoding chunk=22.45 t/s avg=22.75 t/s 10.989s
0823 22:18:18 ds4-server: chat ctx=384..434:50 gen=300 THINKING decoding chunk=22.33 t/s avg=22.68 t/s 13.228s
0823 22:18:20 ds4-server: chat ctx=434..484:50 gen=350 THINKING decoding chunk=22.14 t/s avg=22.60 t/s 15.487s
0823 22:18:22 ds4-server: chat ctx=484..534:50 gen=400 THINKING decoding chunk=22.02 t/s avg=22.53 t/s 17.758s
0823 22:18:25 ds4-server: chat ctx=534..584:50 gen=450 THINKING decoding chunk=21.86 t/s avg=22.45 t/s 20.046s
0823 22:18:27 ds4-server: chat ctx=584..634:50 gen=500 THINKING decoding chunk=21.77 t/s avg=22.38 t/s 22.342s
0823 22:18:29 ds4-server: chat ctx=634..684:50 gen=550 THINKING decoding chunk=21.61 t/s avg=22.31 t/s 24.656s
0823 22:18:32 ds4-server: chat ctx=684..734:50 gen=600 THINKING decoding chunk=21.47 t/s avg=22.23 t/s 26.985s
0823 22:18:34 ds4-server: chat ctx=734..784:50 gen=650 THINKING decoding chunk=21.34 t/s avg=22.16 t/s 29.328s
0823 22:18:36 ds4-server: chat ctx=784..834:50 gen=700 THINKING decoding chunk=21.19 t/s avg=22.09 t/s 31.688s
0823 22:18:39 ds4-server: chat ctx=834..884:50 gen=750 THINKING decoding chunk=21.04 t/s avg=22.02 t/s 34.064s
0823 22:18:41 ds4-server: chat ctx=884..934:50 gen=800 THINKING decoding chunk=20.91 t/s avg=21.94 t/s 36.455s
0823 22:18:44 ds4-server: chat ctx=934..984:50 gen=850 THINKING decoding chunk=20.79 t/s avg=21.87 t/s 38.860s
0823 22:18:46 ds4-server: chat ctx=984..1034:50 gen=900 THINKING decoding chunk=20.63 t/s avg=21.80 t/s 41.284s
0823 22:18:48 ds4-server: chat ctx=1034..1084:50 gen=950 THINKING decoding chunk=20.52 t/s avg=21.73 t/s 43.721s
0823 22:18:51 ds4-server: chat ctx=1084..1134:50 gen=1000 THINKING decoding chunk=20.39 t/s avg=21.66 t/s 46.172s
0823 22:18:53 ds4-server: chat ctx=1134..1184:50 gen=1050 THINKING decoding chunk=20.30 t/s avg=21.59 t/s 48.635s
0823 22:18:56 ds4-server: chat ctx=1184..1234:50 gen=1100 THINKING decoding chunk=20.16 t/s avg=21.52 t/s 51.116s
0823 22:18:58 ds4-server: chat ctx=1234..1284:50 gen=1150 THINKING decoding chunk=20.14 t/s avg=21.46 t/s 53.598s
0823 22:19:01 ds4-server: chat ctx=1284..1334:50 gen=1200 THINKING decoding chunk=19.96 t/s avg=21.39 t/s 56.103s
0823 22:19:03 ds4-server: chat ctx=1334..1384:50 gen=1250 THINKING decoding chunk=19.89 t/s avg=21.32 t/s 58.617s
0823 22:19:06 ds4-server: chat ctx=1384..1434:50 gen=1300 THINKING decoding chunk=19.73 t/s avg=21.26 t/s 61.151s
0823 22:19:08 ds4-server: chat ctx=1434..1484:50 gen=1350 THINKING decoding chunk=19.63 t/s avg=21.19 t/s 63.698s
0823 22:19:11 ds4-server: chat ctx=1484..1534:50 gen=1400 THINKING decoding chunk=19.49 t/s avg=21.13 t/s 66.264s
0823 22:19:14 ds4-server: chat ctx=1534..1584:50 gen=1450 decoding chunk=19.38 t/s avg=21.06 t/s 68.844s
0823 22:19:16 ds4-server: chat ctx=1584..1634:50 gen=1500 decoding chunk=19.28 t/s avg=21.00 t/s 71.437s
0823 22:19:19 ds4-server: chat ctx=1634..1684:50 gen=1550 decoding chunk=19.11 t/s avg=20.93 t/s 74.054s
0823 22:19:21 ds4-server: chat ctx=1684..1734:50 gen=1600 decoding chunk=19.08 t/s avg=20.87 t/s 76.675s
0823 22:19:22 ds4-server: chat ctx=1734..1743:9 gen=1609 decoding chunk=19.12 t/s avg=20.86 t/s 77.146s
0823 22:19:22 ds4-server: thinking live checkpoint remembered ctx=0..134:134 live=1743 visible=1197
0823 22:19:22 ds4-server: chat ctx=0..134:134 gen=1609 finish=stop 82.897s
0823 22:19:22 ds4-server: live kv cache miss live=1743 prompt=111 common=57 reason=token-mismatch
0823 22:19:22 ds4-server: chat ctx=0..111:111 prompt start
0823 22:19:22 ds4-server: chat ctx=0..111:111 prefill chunk 1/111 (0.9%) chunk=0.00 t/s avg=22.94 t/s 0.044s
0823 22:19:22 ds4-server: chat ctx=0..111:111 prefill chunk 2/111 (1.8%) chunk=23.43 t/s avg=23.18 t/s 0.086s
0823 22:19:22 ds4-server: chat ctx=0..111:111 prefill chunk 3/111 (2.7%) chunk=22.98 t/s avg=23.11 t/s 0.130s
0823 22:19:22 ds4-server: chat ctx=0..111:111 prefill chunk 4/111 (3.6%) chunk=23.63 t/s avg=23.24 t/s 0.172s
0823 22:19:22 ds4-server: chat ctx=0..111:111 prefill chunk 5/111 (4.5%) chunk=24.08 t/s avg=23.40 t/s 0.214s
0823 22:19:22 ds4-server: chat ctx=0..111:111 prefill chunk 6/111 (5.4%) chunk=23.68 t/s avg=23.45 t/s 0.256s
0823 22:19:22 ds4-server: chat ctx=0..111:111 prefill chunk 7/111 (6.3%) chunk=22.81 t/s avg=23.36 t/s 0.300s
0823 22:19:22 ds4-server: chat ctx=0..111:111 prefill chunk 8/111 (7.2%) chunk=23.94 t/s avg=23.43 t/s 0.341s
0823 22:19:22 ds4-server: chat ctx=0..111:111 prefill chunk 9/111 (8.1%) chunk=23.72 t/s avg=23.46 t/s 0.384s
0823 22:19:22 ds4-server: chat ctx=0..111:111 prefill chunk 10/111 (9.0%) chunk=22.81 t/s avg=23.39 t/s 0.427s
0823 22:19:22 ds4-server: chat ctx=0..111:111 prefill chunk 11/111 (9.9%) chunk=23.63 t/s avg=23.41 t/s 0.470s
0823 22:19:22 ds4-server: chat ctx=0..111:111 prefill chunk 12/111 (10.8%) chunk=23.89 t/s avg=23.45 t/s 0.512s
0823 22:19:22 ds4-server: chat ctx=0..111:111 prefill chunk 13/111 (11.7%) chunk=23.64 t/s avg=23.47 t/s 0.554s
0823 22:19:22 ds4-server: chat ctx=0..111:111 prefill chunk 14/111 (12.6%) chunk=22.96 t/s avg=23.43 t/s 0.597s
0823 22:19:22 ds4-server: chat ctx=0..111:111 prefill chunk 15/111 (13.5%) chunk=23.47 t/s avg=23.43 t/s 0.640s
0823 22:19:22 ds4-server: chat ctx=0..111:111 prefill chunk 16/111 (14.4%) chunk=23.78 t/s avg=23.45 t/s 0.682s
0823 22:19:23 ds4-server: chat ctx=0..111:111 prefill chunk 17/111 (15.3%) chunk=23.23 t/s avg=23.44 t/s 0.725s
0823 22:19:23 ds4-server: chat ctx=0..111:111 prefill chunk 18/111 (16.2%) chunk=23.47 t/s avg=23.44 t/s 0.768s
0823 22:19:23 ds4-server: chat ctx=0..111:111 prefill chunk 19/111 (17.1%) chunk=23.80 t/s avg=23.46 t/s 0.810s
0823 22:19:23 ds4-server: chat ctx=0..111:111 prefill chunk 20/111 (18.0%) chunk=23.38 t/s avg=23.46 t/s 0.853s
0823 22:19:23 ds4-server: chat ctx=0..111:111 prefill chunk 21/111 (18.9%) chunk=22.82 t/s avg=23.43 t/s 0.896s
0823 22:19:23 ds4-server: chat ctx=0..111:111 prefill chunk 22/111 (19.8%) chunk=23.53 t/s avg=23.43 t/s 0.939s
0823 22:19:23 ds4-server: chat ctx=0..111:111 prefill chunk 23/111 (20.7%) chunk=23.80 t/s avg=23.45 t/s 0.981s
0823 22:19:23 ds4-server: chat ctx=0..111:111 prefill chunk 24/111 (21.6%) chunk=23.52 t/s avg=23.45 t/s 1.023s
0823 22:19:23 ds4-server: chat ctx=0..111:111 prefill chunk 25/111 (22.5%) chunk=22.78 t/s avg=23.42 t/s 1.067s
0823 22:19:23 ds4-server: chat ctx=0..111:111 prefill chunk 26/111 (23.4%) chunk=23.85 t/s avg=23.44 t/s 1.109s
0823 22:19:23 ds4-server: chat ctx=0..111:111 prefill chunk 27/111 (24.3%) chunk=23.77 t/s avg=23.45 t/s 1.151s
0823 22:19:23 ds4-server: chat ctx=0..111:111 prefill chunk 28/111 (25.2%) chunk=23.06 t/s avg=23.44 t/s 1.195s
0823 22:19:23 ds4-server: chat ctx=0..111:111 prefill chunk 29/111 (26.1%) chunk=23.10 t/s avg=23.42 t/s 1.238s
0823 22:19:23 ds4-server: chat ctx=0..111:111 prefill chunk 30/111 (27.0%) chunk=23.76 t/s avg=23.44 t/s 1.280s
0823 22:19:23 ds4-server: chat ctx=0..111:111 prefill chunk 31/111 (27.9%) chunk=23.93 t/s avg=23.45 t/s 1.322s
0823 22:19:23 ds4-server: chat ctx=0..111:111 prefill chunk 32/111 (28.8%) chunk=22.47 t/s avg=23.42 t/s 1.366s
0823 22:19:23 ds4-server: chat ctx=0..111:111 prefill chunk 33/111 (29.7%) chunk=23.87 t/s avg=23.43 t/s 1.408s
0823 22:19:23 ds4-server: chat ctx=0..111:111 prefill chunk 34/111 (30.6%) chunk=23.71 t/s avg=23.44 t/s 1.450s
0823 22:19:23 ds4-server: chat ctx=0..111:111 prefill chunk 35/111 (31.5%) chunk=22.58 t/s avg=23.42 t/s 1.495s
0823 22:19:23 ds4-server: chat ctx=0..111:111 prefill chunk 36/111 (32.4%) chunk=23.34 t/s avg=23.41 t/s 1.538s
0823 22:19:23 ds4-server: chat ctx=0..111:111 prefill chunk 37/111 (33.3%) chunk=23.64 t/s avg=23.42 t/s 1.580s
0823 22:19:23 ds4-server: chat ctx=0..111:111 prefill chunk 38/111 (34.2%) chunk=23.54 t/s avg=23.42 t/s 1.622s
0823 22:19:23 ds4-server: chat ctx=0..111:111 prefill chunk 39/111 (35.1%) chunk=22.55 t/s avg=23.40 t/s 1.667s
0823 22:19:24 ds4-server: chat ctx=0..111:111 prefill chunk 40/111 (36.0%) chunk=23.87 t/s avg=23.41 t/s 1.709s
0823 22:19:24 ds4-server: chat ctx=0..111:111 prefill chunk 41/111 (36.9%) chunk=23.84 t/s avg=23.42 t/s 1.751s
0823 22:19:24 ds4-server: chat ctx=0..111:111 prefill chunk 42/111 (37.8%) chunk=22.51 t/s avg=23.40 t/s 1.795s
0823 22:19:24 ds4-server: chat ctx=0..111:111 prefill chunk 43/111 (38.7%) chunk=23.53 t/s avg=23.40 t/s 1.837s
0823 22:19:24 ds4-server: chat ctx=0..111:111 prefill chunk 44/111 (39.6%) chunk=23.58 t/s avg=23.41 t/s 1.880s
0823 22:19:24 ds4-server: chat ctx=0..111:111 prefill chunk 45/111 (40.5%) chunk=23.43 t/s avg=23.41 t/s 1.923s
0823 22:19:24 ds4-server: chat ctx=0..111:111 prefill chunk 46/111 (41.4%) chunk=22.49 t/s avg=23.39 t/s 1.967s
0823 22:19:24 ds4-server: chat ctx=0..111:111 prefill chunk 47/111 (42.3%) chunk=23.86 t/s avg=23.40 t/s 2.009s
0823 22:19:24 ds4-server: chat ctx=0..111:111 prefill chunk 48/111 (43.2%) chunk=23.66 t/s avg=23.40 t/s 2.051s
0823 22:19:24 ds4-server: chat ctx=0..111:111 prefill chunk 49/111 (44.1%) chunk=22.60 t/s avg=23.38 t/s 2.095s
0823 22:19:24 ds4-server: chat ctx=0..111:111 prefill chunk 50/111 (45.0%) chunk=23.51 t/s avg=23.39 t/s 2.138s
0823 22:19:24 ds4-server: chat ctx=0..111:111 prefill chunk 51/111 (45.9%) chunk=23.56 t/s avg=23.39 t/s 2.180s
0823 22:19:24 ds4-server: chat ctx=0..111:111 prefill chunk 52/111 (46.8%) chunk=23.56 t/s avg=23.39 t/s 2.223s
0823 22:19:24 ds4-server: chat ctx=0..111:111 prefill chunk 53/111 (47.7%) chunk=22.51 t/s avg=23.38 t/s 2.267s
0823 22:19:24 ds4-server: chat ctx=0..111:111 prefill chunk 54/111 (48.6%) chunk=23.87 t/s avg=23.38 t/s 2.309s
0823 22:19:24 ds4-server: chat ctx=0..111:111 prefill chunk 55/111 (49.5%) chunk=23.84 t/s avg=23.39 t/s 2.351s
0823 22:19:24 ds4-server: chat ctx=0..111:111 prefill chunk 56/111 (50.5%) chunk=22.55 t/s avg=23.38 t/s 2.396s
0823 22:19:24 ds4-server: chat ctx=0..111:111 prefill chunk 57/111 (51.4%) chunk=23.38 t/s avg=23.38 t/s 2.438s
0823 22:19:24 ds4-server: chat ctx=0..111:111 prefill chunk 58/111 (52.3%) chunk=23.72 t/s avg=23.38 t/s 2.480s
0823 22:19:24 ds4-server: chat ctx=0..111:111 prefill chunk 59/111 (53.2%) chunk=23.59 t/s avg=23.39 t/s 2.523s
0823 22:19:24 ds4-server: chat ctx=0..111:111 prefill chunk 60/111 (54.1%) chunk=22.45 t/s avg=23.37 t/s 2.567s
0823 22:19:24 ds4-server: chat ctx=0..111:111 prefill chunk 61/111 (55.0%) chunk=23.80 t/s avg=23.38 t/s 2.609s
0823 22:19:24 ds4-server: chat ctx=0..111:111 prefill chunk 62/111 (55.9%) chunk=23.20 t/s avg=23.37 t/s 2.652s
0823 22:19:25 ds4-server: chat ctx=0..111:111 prefill chunk 63/111 (56.8%) chunk=22.94 t/s avg=23.37 t/s 2.696s
0823 22:19:25 ds4-server: chat ctx=0..111:111 prefill chunk 64/111 (57.7%) chunk=23.47 t/s avg=23.37 t/s 2.739s
0823 22:19:25 ds4-server: chat ctx=0..111:111 prefill chunk 65/111 (58.6%) chunk=23.66 t/s avg=23.37 t/s 2.781s
0823 22:19:25 ds4-server: chat ctx=0..111:111 prefill chunk 66/111 (59.5%) chunk=23.28 t/s avg=23.37 t/s 2.824s
0823 22:19:25 ds4-server: chat ctx=0..111:111 prefill chunk 67/111 (60.4%) chunk=22.84 t/s avg=23.36 t/s 2.868s
0823 22:19:25 ds4-server: chat ctx=0..111:111 prefill chunk 68/111 (61.3%) chunk=23.74 t/s avg=23.37 t/s 2.910s
0823 22:19:25 ds4-server: chat ctx=0..111:111 prefill chunk 69/111 (62.2%) chunk=23.52 t/s avg=23.37 t/s 2.952s
0823 22:19:25 ds4-server: chat ctx=0..111:111 prefill chunk 70/111 (63.1%) chunk=22.83 t/s avg=23.36 t/s 2.996s
0823 22:19:25 ds4-server: chat ctx=0..111:111 prefill chunk 71/111 (64.0%) chunk=23.56 t/s avg=23.37 t/s 3.039s
0823 22:19:25 ds4-server: chat ctx=0..111:111 prefill chunk 72/111 (64.9%) chunk=23.92 t/s avg=23.37 t/s 3.080s
0823 22:19:25 ds4-server: chat ctx=0..111:111 prefill chunk 73/111 (65.8%) chunk=23.59 t/s avg=23.38 t/s 3.123s
0823 22:19:25 ds4-server: chat ctx=0..111:111 prefill chunk 74/111 (66.7%) chunk=22.72 t/s avg=23.37 t/s 3.167s
0823 22:19:25 ds4-server: chat ctx=0..111:111 prefill chunk 75/111 (67.6%) chunk=23.81 t/s avg=23.37 t/s 3.209s
0823 22:19:25 ds4-server: chat ctx=0..111:111 prefill chunk 76/111 (68.5%) chunk=23.62 t/s avg=23.38 t/s 3.251s
0823 22:19:25 ds4-server: chat ctx=0..111:111 prefill chunk 77/111 (69.4%) chunk=22.71 t/s avg=23.37 t/s 3.295s
0823 22:19:25 ds4-server: chat ctx=0..111:111 prefill chunk 78/111 (70.3%) chunk=23.45 t/s avg=23.37 t/s 3.338s
0823 22:19:25 ds4-server: chat ctx=0..111:111 prefill chunk 79/111 (71.2%) chunk=23.97 t/s avg=23.38 t/s 3.380s
0823 22:19:25 ds4-server: chat ctx=0..111:111 prefill chunk 80/111 (72.1%) chunk=23.73 t/s avg=23.38 t/s 3.422s
0823 22:19:25 ds4-server: chat ctx=0..111:111 prefill chunk 81/111 (73.0%) chunk=22.46 t/s avg=23.37 t/s 3.466s
0823 22:19:25 ds4-server: chat ctx=0..111:111 prefill chunk 82/111 (73.9%) chunk=23.77 t/s avg=23.37 t/s 3.508s
0823 22:19:25 ds4-server: chat ctx=0..111:111 prefill chunk 83/111 (74.8%) chunk=23.77 t/s avg=23.38 t/s 3.550s
0823 22:19:25 ds4-server: chat ctx=0..111:111 prefill chunk 84/111 (75.7%) chunk=23.27 t/s avg=23.38 t/s 3.593s
0823 22:19:25 ds4-server: chat ctx=0..111:111 prefill chunk 85/111 (76.6%) chunk=23.30 t/s avg=23.38 t/s 3.636s
0823 22:19:25 ds4-server: chat ctx=0..111:111 prefill chunk 86/111 (77.5%) chunk=23.84 t/s avg=23.38 t/s 3.678s
0823 22:19:26 ds4-server: chat ctx=0..111:111 prefill chunk 87/111 (78.4%) chunk=23.32 t/s avg=23.38 t/s 3.721s
0823 22:19:26 ds4-server: chat ctx=0..111:111 prefill chunk 88/111 (79.3%) chunk=22.54 t/s avg=23.37 t/s 3.765s
0823 22:19:26 ds4-server: chat ctx=0..111:111 prefill chunk 89/111 (80.2%) chunk=23.86 t/s avg=23.38 t/s 3.807s
0823 22:19:26 ds4-server: chat ctx=0..111:111 prefill chunk 90/111 (81.1%) chunk=23.72 t/s avg=23.38 t/s 3.849s
0823 22:19:26 ds4-server: chat ctx=0..111:111 prefill chunk 91/111 (82.0%) chunk=23.04 t/s avg=23.38 t/s 3.893s
0823 22:19:26 ds4-server: chat ctx=0..111:111 prefill chunk 92/111 (82.9%) chunk=22.95 t/s avg=23.37 t/s 3.936s
0823 22:19:26 ds4-server: chat ctx=0..111:111 prefill chunk 93/111 (83.8%) chunk=23.68 t/s avg=23.37 t/s 3.979s
0823 22:19:26 ds4-server: chat ctx=0..111:111 prefill chunk 94/111 (84.7%) chunk=23.41 t/s avg=23.38 t/s 4.021s
0823 22:19:26 ds4-server: chat ctx=0..111:111 prefill chunk 95/111 (85.6%) chunk=22.97 t/s avg=23.37 t/s 4.065s
0823 22:19:26 ds4-server: chat ctx=0..111:111 prefill chunk 96/111 (86.5%) chunk=23.39 t/s avg=23.37 t/s 4.108s
0823 22:19:26 ds4-server: chat ctx=0..111:111 prefill chunk 97/111 (87.4%) chunk=23.59 t/s avg=23.37 t/s 4.150s
0823 22:19:26 ds4-server: chat ctx=0..111:111 prefill chunk 98/111 (88.3%) chunk=23.20 t/s avg=23.37 t/s 4.193s
0823 22:19:26 ds4-server: chat ctx=0..111:111 prefill chunk 99/111 (89.2%) chunk=23.24 t/s avg=23.37 t/s 4.236s
0823 22:19:26 ds4-server: chat ctx=0..111:111 prefill chunk 100/111 (90.1%) chunk=23.85 t/s avg=23.37 t/s 4.278s
0823 22:19:26 ds4-server: chat ctx=0..111:111 prefill chunk 101/111 (91.0%) chunk=23.84 t/s avg=23.38 t/s 4.320s
0823 22:19:26 ds4-server: chat ctx=0..111:111 prefill chunk 102/111 (91.9%) chunk=22.80 t/s avg=23.37 t/s 4.364s
0823 22:19:26 ds4-server: chat ctx=0..111:111 prefill chunk 103/111 (92.8%) chunk=23.20 t/s avg=23.37 t/s 4.407s
0823 22:19:26 ds4-server: chat ctx=0..111:111 prefill chunk 104/111 (93.7%) chunk=23.99 t/s avg=23.38 t/s 4.449s
0823 22:19:26 ds4-server: chat ctx=0..111:111 prefill chunk 105/111 (94.6%) chunk=23.33 t/s avg=23.38 t/s 4.492s
0823 22:19:26 ds4-server: chat ctx=0..111:111 prefill chunk 106/111 (95.5%) chunk=23.02 t/s avg=23.37 t/s 4.535s
0823 22:19:26 ds4-server: chat ctx=0..111:111 prefill chunk 107/111 (96.4%) chunk=23.64 t/s avg=23.38 t/s 4.577s
0823 22:19:26 ds4-server: chat ctx=0..111:111 prefill chunk 108/111 (97.3%) chunk=23.13 t/s avg=23.37 t/s 4.621s
0823 22:19:26 ds4-server: chat ctx=0..111:111 prefill chunk 109/111 (98.2%) chunk=22.65 t/s avg=23.37 t/s 4.665s
0823 22:19:27 ds4-server: chat ctx=0..111:111 prefill chunk 110/111 (99.1%) chunk=23.65 t/s avg=23.37 t/s 4.707s
0823 22:19:27 ds4-server: chat ctx=0..111:111 prefill chunk 111/111 (100.0%) chunk=23.70 t/s avg=23.37 t/s 4.749s
0823 22:19:27 ds4-server: chat ctx=0..111:111 prompt done 4.749s
0823 22:19:29 ds4-server: chat ctx=111..161:50 gen=50 THINKING decoding chunk=23.17 t/s avg=23.17 t/s 2.158s
0823 22:19:31 ds4-server: chat ctx=161..211:50 gen=100 THINKING decoding chunk=22.95 t/s avg=23.06 t/s 4.337s
0823 22:19:33 ds4-server: chat ctx=211..261:50 gen=150 THINKING decoding chunk=22.83 t/s avg=22.98 t/s 6.527s
0823 22:19:35 ds4-server: chat ctx=261..311:50 gen=200 THINKING decoding chunk=22.64 t/s avg=22.89 t/s 8.736s
0823 22:19:38 ds4-server: chat ctx=311..361:50 gen=250 THINKING decoding chunk=22.51 t/s avg=22.82 t/s 10.957s
0823 22:19:40 ds4-server: chat ctx=361..411:50 gen=300 THINKING decoding chunk=22.38 t/s avg=22.74 t/s 13.191s
0823 22:19:42 ds4-server: chat ctx=411..461:50 gen=350 THINKING decoding chunk=22.24 t/s avg=22.67 t/s 15.439s
0823 22:19:44 ds4-server: chat ctx=461..511:50 gen=400 THINKING decoding chunk=22.08 t/s avg=22.59 t/s 17.703s
0823 22:19:47 ds4-server: chat ctx=511..561:50 gen=450 THINKING decoding chunk=21.94 t/s avg=22.52 t/s 19.982s
0823 22:19:49 ds4-server: chat ctx=561..611:50 gen=500 THINKING decoding chunk=21.82 t/s avg=22.45 t/s 22.273s
0823 22:19:51 ds4-server: chat ctx=611..661:50 gen=550 decoding chunk=21.67 t/s avg=22.37 t/s 24.581s
0823 22:19:53 ds4-server: chat ctx=661..711:50 gen=600 decoding chunk=21.53 t/s avg=22.30 t/s 26.903s
0823 22:19:56 ds4-server: chat ctx=711..761:50 gen=650 decoding chunk=21.40 t/s avg=22.23 t/s 29.240s
0823 22:19:58 ds4-server: chat ctx=761..811:50 gen=700 decoding chunk=21.25 t/s avg=22.16 t/s 31.592s
0823 22:20:01 ds4-server: chat ctx=811..861:50 gen=750 decoding chunk=21.06 t/s avg=22.08 t/s 33.966s
0823 22:20:02 ds4-server: chat ctx=861..894:33 gen=783 decoding chunk=21.03 t/s avg=22.03 t/s 35.536s
0823 22:20:02 ds4-server: thinking live checkpoint remembered ctx=0..111:111 live=894 visible=1020
0823 22:20:02 ds4-server: chat ctx=0..111:111 gen=783 finish=stop 40.285s
0823 22:20:02 ds4-server: live kv cache miss live=894 prompt=100 common=57 reason=token-mismatch
0823 22:20:02 ds4-server: chat ctx=0..100:100 prompt start
0823 22:20:02 ds4-server: chat ctx=0..100:100 prefill chunk 1/100 (1.0%) chunk=0.00 t/s avg=21.84 t/s 0.046s
0823 22:20:02 ds4-server: chat ctx=0..100:100 prefill chunk 2/100 (2.0%) chunk=23.75 t/s avg=22.76 t/s 0.088s
0823 22:20:02 ds4-server: chat ctx=0..100:100 prefill chunk 3/100 (3.0%) chunk=23.48 t/s avg=22.99 t/s 0.130s
0823 22:20:02 ds4-server: chat ctx=0..100:100 prefill chunk 4/100 (4.0%) chunk=22.83 t/s avg=22.95 t/s 0.174s
0823 22:20:02 ds4-server: chat ctx=0..100:100 prefill chunk 5/100 (5.0%) chunk=23.73 t/s avg=23.10 t/s 0.216s
0823 22:20:02 ds4-server: chat ctx=0..100:100 prefill chunk 6/100 (6.0%) chunk=23.79 t/s avg=23.22 t/s 0.258s
0823 22:20:02 ds4-server: chat ctx=0..100:100 prefill chunk 7/100 (7.0%) chunk=23.45 t/s avg=23.25 t/s 0.301s
0823 22:20:02 ds4-server: chat ctx=0..100:100 prefill chunk 8/100 (8.0%) chunk=22.71 t/s avg=23.18 t/s 0.345s
0823 22:20:02 ds4-server: chat ctx=0..100:100 prefill chunk 9/100 (9.0%) chunk=23.89 t/s avg=23.26 t/s 0.387s
0823 22:20:03 ds4-server: chat ctx=0..100:100 prefill chunk 10/100 (10.0%) chunk=23.86 t/s avg=23.32 t/s 0.429s
0823 22:20:03 ds4-server: chat ctx=0..100:100 prefill chunk 11/100 (11.0%) chunk=22.43 t/s avg=23.23 t/s 0.473s
0823 22:20:03 ds4-server: chat ctx=0..100:100 prefill chunk 12/100 (12.0%) chunk=23.45 t/s avg=23.25 t/s 0.516s
0823 22:20:03 ds4-server: chat ctx=0..100:100 prefill chunk 13/100 (13.0%) chunk=23.95 t/s avg=23.30 t/s 0.558s
0823 22:20:03 ds4-server: chat ctx=0..100:100 prefill chunk 14/100 (14.0%) chunk=23.83 t/s avg=23.34 t/s 0.600s
0823 22:20:03 ds4-server: chat ctx=0..100:100 prefill chunk 15/100 (15.0%) chunk=22.73 t/s avg=23.30 t/s 0.644s
0823 22:20:03 ds4-server: chat ctx=0..100:100 prefill chunk 16/100 (16.0%) chunk=23.88 t/s avg=23.33 t/s 0.686s
0823 22:20:03 ds4-server: chat ctx=0..100:100 prefill chunk 17/100 (17.0%) chunk=23.76 t/s avg=23.36 t/s 0.728s
0823 22:20:03 ds4-server: chat ctx=0..100:100 prefill chunk 18/100 (18.0%) chunk=23.21 t/s avg=23.35 t/s 0.771s
0823 22:20:03 ds4-server: chat ctx=0..100:100 prefill chunk 19/100 (19.0%) chunk=23.41 t/s avg=23.35 t/s 0.814s
0823 22:20:03 ds4-server: chat ctx=0..100:100 prefill chunk 20/100 (20.0%) chunk=23.75 t/s avg=23.37 t/s 0.856s
0823 22:20:03 ds4-server: chat ctx=0..100:100 prefill chunk 21/100 (21.0%) chunk=23.51 t/s avg=23.38 t/s 0.898s
0823 22:20:03 ds4-server: chat ctx=0..100:100 prefill chunk 22/100 (22.0%) chunk=22.92 t/s avg=23.36 t/s 0.942s
0823 22:20:03 ds4-server: chat ctx=0..100:100 prefill chunk 23/100 (23.0%) chunk=23.60 t/s avg=23.37 t/s 0.984s
0823 22:20:03 ds4-server: chat ctx=0..100:100 prefill chunk 24/100 (24.0%) chunk=24.07 t/s avg=23.40 t/s 1.026s
0823 22:20:03 ds4-server: chat ctx=0..100:100 prefill chunk 25/100 (25.0%) chunk=23.54 t/s avg=23.40 t/s 1.068s
0823 22:20:03 ds4-server: chat ctx=0..100:100 prefill chunk 26/100 (26.0%) chunk=22.48 t/s avg=23.37 t/s 1.113s
0823 22:20:03 ds4-server: chat ctx=0..100:100 prefill chunk 27/100 (27.0%) chunk=23.95 t/s avg=23.39 t/s 1.155s
0823 22:20:03 ds4-server: chat ctx=0..100:100 prefill chunk 28/100 (28.0%) chunk=23.69 t/s avg=23.40 t/s 1.197s
0823 22:20:03 ds4-server: chat ctx=0..100:100 prefill chunk 29/100 (29.0%) chunk=23.06 t/s avg=23.39 t/s 1.240s
0823 22:20:03 ds4-server: chat ctx=0..100:100 prefill chunk 30/100 (30.0%) chunk=23.69 t/s avg=23.40 t/s 1.282s
0823 22:20:03 ds4-server: chat ctx=0..100:100 prefill chunk 31/100 (31.0%) chunk=24.07 t/s avg=23.42 t/s 1.324s
0823 22:20:03 ds4-server: chat ctx=0..100:100 prefill chunk 32/100 (32.0%) chunk=23.58 t/s avg=23.42 t/s 1.366s
0823 22:20:04 ds4-server: chat ctx=0..100:100 prefill chunk 33/100 (33.0%) chunk=22.49 t/s avg=23.39 t/s 1.411s
0823 22:20:04 ds4-server: chat ctx=0..100:100 prefill chunk 34/100 (34.0%) chunk=23.70 t/s avg=23.40 t/s 1.453s
0823 22:20:04 ds4-server: chat ctx=0..100:100 prefill chunk 35/100 (35.0%) chunk=23.79 t/s avg=23.41 t/s 1.495s
0823 22:20:04 ds4-server: chat ctx=0..100:100 prefill chunk 36/100 (36.0%) chunk=22.61 t/s avg=23.39 t/s 1.539s
0823 22:20:04 ds4-server: chat ctx=0..100:100 prefill chunk 37/100 (37.0%) chunk=23.36 t/s avg=23.39 t/s 1.582s
0823 22:20:04 ds4-server: chat ctx=0..100:100 prefill chunk 38/100 (38.0%) chunk=23.83 t/s avg=23.40 t/s 1.624s
0823 22:20:04 ds4-server: chat ctx=0..100:100 prefill chunk 39/100 (39.0%) chunk=23.70 t/s avg=23.41 t/s 1.666s
0823 22:20:04 ds4-server: chat ctx=0..100:100 prefill chunk 40/100 (40.0%) chunk=22.54 t/s avg=23.39 t/s 1.710s
0823 22:20:04 ds4-server: chat ctx=0..100:100 prefill chunk 41/100 (41.0%) chunk=23.83 t/s avg=23.40 t/s 1.752s
0823 22:20:04 ds4-server: chat ctx=0..100:100 prefill chunk 42/100 (42.0%) chunk=23.76 t/s avg=23.40 t/s 1.795s
0823 22:20:04 ds4-server: chat ctx=0..100:100 prefill chunk 43/100 (43.0%) chunk=22.52 t/s avg=23.38 t/s 1.839s
0823 22:20:04 ds4-server: chat ctx=0..100:100 prefill chunk 44/100 (44.0%) chunk=23.44 t/s avg=23.38 t/s 1.882s
0823 22:20:04 ds4-server: chat ctx=0..100:100 prefill chunk 45/100 (45.0%) chunk=23.90 t/s avg=23.40 t/s 1.923s
0823 22:20:04 ds4-server: chat ctx=0..100:100 prefill chunk 46/100 (46.0%) chunk=23.43 t/s avg=23.40 t/s 1.966s
0823 22:20:04 ds4-server: chat ctx=0..100:100 prefill chunk 47/100 (47.0%) chunk=22.36 t/s avg=23.37 t/s 2.011s
0823 22:20:04 ds4-server: chat ctx=0..100:100 prefill chunk 48/100 (48.0%) chunk=23.72 t/s avg=23.38 t/s 2.053s
0823 22:20:04 ds4-server: chat ctx=0..100:100 prefill chunk 49/100 (49.0%) chunk=23.93 t/s avg=23.39 t/s 2.095s
0823 22:20:04 ds4-server: chat ctx=0..100:100 prefill chunk 50/100 (50.0%) chunk=22.89 t/s avg=23.38 t/s 2.138s
0823 22:20:04 ds4-server: chat ctx=0..100:100 prefill chunk 51/100 (51.0%) chunk=23.20 t/s avg=23.38 t/s 2.182s
0823 22:20:04 ds4-server: chat ctx=0..100:100 prefill chunk 52/100 (52.0%) chunk=23.74 t/s avg=23.38 t/s 2.224s
0823 22:20:04 ds4-server: chat ctx=0..100:100 prefill chunk 53/100 (53.0%) chunk=23.41 t/s avg=23.38 t/s 2.266s
0823 22:20:04 ds4-server: chat ctx=0..100:100 prefill chunk 54/100 (54.0%) chunk=22.57 t/s avg=23.37 t/s 2.311s
0823 22:20:04 ds4-server: chat ctx=0..100:100 prefill chunk 55/100 (55.0%) chunk=23.68 t/s avg=23.37 t/s 2.353s
0823 22:20:04 ds4-server: chat ctx=0..100:100 prefill chunk 56/100 (56.0%) chunk=23.68 t/s avg=23.38 t/s 2.395s
0823 22:20:05 ds4-server: chat ctx=0..100:100 prefill chunk 57/100 (57.0%) chunk=22.57 t/s avg=23.37 t/s 2.440s
0823 22:20:05 ds4-server: chat ctx=0..100:100 prefill chunk 58/100 (58.0%) chunk=23.35 t/s avg=23.37 t/s 2.482s
0823 22:20:05 ds4-server: chat ctx=0..100:100 prefill chunk 59/100 (59.0%) chunk=23.77 t/s avg=23.37 t/s 2.524s
0823 22:20:05 ds4-server: chat ctx=0..100:100 prefill chunk 60/100 (60.0%) chunk=23.32 t/s avg=23.37 t/s 2.567s
0823 22:20:05 ds4-server: chat ctx=0..100:100 prefill chunk 61/100 (61.0%) chunk=22.56 t/s avg=23.36 t/s 2.612s
0823 22:20:05 ds4-server: chat ctx=0..100:100 prefill chunk 62/100 (62.0%) chunk=23.73 t/s avg=23.36 t/s 2.654s
0823 22:20:05 ds4-server: chat ctx=0..100:100 prefill chunk 63/100 (63.0%) chunk=23.60 t/s avg=23.37 t/s 2.696s
0823 22:20:05 ds4-server: chat ctx=0..100:100 prefill chunk 64/100 (64.0%) chunk=22.58 t/s avg=23.35 t/s 2.740s
0823 22:20:05 ds4-server: chat ctx=0..100:100 prefill chunk 65/100 (65.0%) chunk=23.43 t/s avg=23.36 t/s 2.783s
0823 22:20:05 ds4-server: chat ctx=0..100:100 prefill chunk 66/100 (66.0%) chunk=23.78 t/s avg=23.36 t/s 2.825s
0823 22:20:05 ds4-server: chat ctx=0..100:100 prefill chunk 67/100 (67.0%) chunk=23.33 t/s avg=23.36 t/s 2.868s
0823 22:20:05 ds4-server: chat ctx=0..100:100 prefill chunk 68/100 (68.0%) chunk=22.58 t/s avg=23.35 t/s 2.912s
0823 22:20:05 ds4-server: chat ctx=0..100:100 prefill chunk 69/100 (69.0%) chunk=23.85 t/s avg=23.36 t/s 2.954s
0823 22:20:05 ds4-server: chat ctx=0..100:100 prefill chunk 70/100 (70.0%) chunk=23.76 t/s avg=23.36 t/s 2.996s
0823 22:20:05 ds4-server: chat ctx=0..100:100 prefill chunk 71/100 (71.0%) chunk=22.77 t/s avg=23.35 t/s 3.040s
0823 22:20:05 ds4-server: chat ctx=0..100:100 prefill chunk 72/100 (72.0%) chunk=23.54 t/s avg=23.36 t/s 3.083s
0823 22:20:05 ds4-server: chat ctx=0..100:100 prefill chunk 73/100 (73.0%) chunk=23.68 t/s avg=23.36 t/s 3.125s
0823 22:20:05 ds4-server: chat ctx=0..100:100 prefill chunk 74/100 (74.0%) chunk=23.56 t/s avg=23.36 t/s 3.167s
0823 22:20:05 ds4-server: chat ctx=0..100:100 prefill chunk 75/100 (75.0%) chunk=22.63 t/s avg=23.35 t/s 3.212s
0823 22:20:05 ds4-server: chat ctx=0..100:100 prefill chunk 76/100 (76.0%) chunk=23.84 t/s avg=23.36 t/s 3.253s
0823 22:20:05 ds4-server: chat ctx=0..100:100 prefill chunk 77/100 (77.0%) chunk=23.63 t/s avg=23.36 t/s 3.296s
0823 22:20:05 ds4-server: chat ctx=0..100:100 prefill chunk 78/100 (78.0%) chunk=22.66 t/s avg=23.35 t/s 3.340s
0823 22:20:05 ds4-server: chat ctx=0..100:100 prefill chunk 79/100 (79.0%) chunk=23.58 t/s avg=23.36 t/s 3.382s
0823 22:20:06 ds4-server: chat ctx=0..100:100 prefill chunk 80/100 (80.0%) chunk=23.82 t/s avg=23.36 t/s 3.424s
0823 22:20:06 ds4-server: chat ctx=0..100:100 prefill chunk 81/100 (81.0%) chunk=23.52 t/s avg=23.36 t/s 3.467s
0823 22:20:06 ds4-server: chat ctx=0..100:100 prefill chunk 82/100 (82.0%) chunk=22.47 t/s avg=23.35 t/s 3.511s
0823 22:20:06 ds4-server: chat ctx=0..100:100 prefill chunk 83/100 (83.0%) chunk=23.71 t/s avg=23.36 t/s 3.554s
0823 22:20:06 ds4-server: chat ctx=0..100:100 prefill chunk 84/100 (84.0%) chunk=23.87 t/s avg=23.36 t/s 3.595s
0823 22:20:06 ds4-server: chat ctx=0..100:100 prefill chunk 85/100 (85.0%) chunk=22.63 t/s avg=23.35 t/s 3.640s
0823 22:20:06 ds4-server: chat ctx=0..100:100 prefill chunk 86/100 (86.0%) chunk=23.49 t/s avg=23.36 t/s 3.682s
0823 22:20:06 ds4-server: chat ctx=0..100:100 prefill chunk 87/100 (87.0%) chunk=23.85 t/s avg=23.36 t/s 3.724s
0823 22:20:06 ds4-server: chat ctx=0..100:100 prefill chunk 88/100 (88.0%) chunk=23.72 t/s avg=23.37 t/s 3.766s
0823 22:20:06 ds4-server: chat ctx=0..100:100 prefill chunk 89/100 (89.0%) chunk=22.48 t/s avg=23.36 t/s 3.811s
0823 22:20:06 ds4-server: chat ctx=0..100:100 prefill chunk 90/100 (90.0%) chunk=23.68 t/s avg=23.36 t/s 3.853s
0823 22:20:06 ds4-server: chat ctx=0..100:100 prefill chunk 91/100 (91.0%) chunk=23.84 t/s avg=23.36 t/s 3.895s
0823 22:20:06 ds4-server: chat ctx=0..100:100 prefill chunk 92/100 (92.0%) chunk=22.62 t/s avg=23.36 t/s 3.939s
0823 22:20:06 ds4-server: chat ctx=0..100:100 prefill chunk 93/100 (93.0%) chunk=23.40 t/s avg=23.36 t/s 3.982s
0823 22:20:06 ds4-server: chat ctx=0..100:100 prefill chunk 94/100 (94.0%) chunk=23.79 t/s avg=23.36 t/s 4.024s
0823 22:20:06 ds4-server: chat ctx=0..100:100 prefill chunk 95/100 (95.0%) chunk=23.68 t/s avg=23.36 t/s 4.066s
0823 22:20:06 ds4-server: chat ctx=0..100:100 prefill chunk 96/100 (96.0%) chunk=22.70 t/s avg=23.36 t/s 4.110s
0823 22:20:06 ds4-server: chat ctx=0..100:100 prefill chunk 97/100 (97.0%) chunk=23.61 t/s avg=23.36 t/s 4.153s
0823 22:20:06 ds4-server: chat ctx=0..100:100 prefill chunk 98/100 (98.0%) chunk=23.63 t/s avg=23.36 t/s 4.195s
0823 22:20:06 ds4-server: chat ctx=0..100:100 prefill chunk 99/100 (99.0%) chunk=22.56 t/s avg=23.35 t/s 4.239s
0823 22:20:06 ds4-server: chat ctx=0..100:100 prefill chunk 100/100 (100.0%) chunk=23.35 t/s avg=23.35 t/s 4.282s
0823 22:20:06 ds4-server: chat ctx=0..100:100 prompt done 4.282s
0823 22:20:09 ds4-server: chat ctx=100..150:50 gen=50 THINKING decoding chunk=23.16 t/s avg=23.16 t/s 2.159s
0823 22:20:11 ds4-server: chat ctx=150..200:50 gen=100 THINKING decoding chunk=23.01 t/s avg=23.09 t/s 4.332s
0823 22:20:13 ds4-server: chat ctx=200..250:50 gen=150 THINKING decoding chunk=22.86 t/s avg=23.01 t/s 6.519s
0823 22:20:15 ds4-server: chat ctx=250..300:50 gen=200 THINKING decoding chunk=22.68 t/s avg=22.92 t/s 8.724s
0823 22:20:17 ds4-server: chat ctx=300..350:50 gen=250 THINKING decoding chunk=22.56 t/s avg=22.85 t/s 10.940s
0823 22:20:20 ds4-server: chat ctx=350..400:50 gen=300 THINKING decoding chunk=22.43 t/s avg=22.78 t/s 13.170s
0823 22:20:22 ds4-server: chat ctx=400..450:50 gen=350 THINKING decoding chunk=22.26 t/s avg=22.70 t/s 15.416s
0823 22:20:24 ds4-server: chat ctx=450..500:50 gen=400 THINKING decoding chunk=22.14 t/s avg=22.63 t/s 17.674s
0823 22:20:26 ds4-server: chat ctx=500..550:50 gen=450 THINKING decoding chunk=21.95 t/s avg=22.55 t/s 19.952s
0823 22:20:29 ds4-server: chat ctx=550..600:50 gen=500 THINKING decoding chunk=21.85 t/s avg=22.48 t/s 22.241s
0823 22:20:31 ds4-server: chat ctx=600..650:50 gen=550 THINKING decoding chunk=21.72 t/s avg=22.41 t/s 24.543s
0823 22:20:33 ds4-server: chat ctx=650..700:50 gen=600 THINKING decoding chunk=21.55 t/s avg=22.33 t/s 26.864s
0823 22:20:36 ds4-server: chat ctx=700..750:50 gen=650 THINKING decoding chunk=21.47 t/s avg=22.27 t/s 29.193s
0823 22:20:38 ds4-server: chat ctx=750..800:50 gen=700 THINKING decoding chunk=21.29 t/s avg=22.19 t/s 31.541s
0823 22:20:40 ds4-server: chat ctx=800..850:50 gen=750 THINKING decoding chunk=21.13 t/s avg=22.12 t/s 33.907s
0823 22:20:43 ds4-server: chat ctx=850..900:50 gen=800 THINKING decoding chunk=21.05 t/s avg=22.05 t/s 36.282s
0823 22:20:45 ds4-server: chat ctx=900..950:50 gen=850 THINKING decoding chunk=20.90 t/s avg=21.98 t/s 38.675s
0823 22:20:47 ds4-server: chat ctx=950..1000:50 gen=900 THINKING decoding chunk=20.74 t/s avg=21.91 t/s 41.086s
0823 22:20:50 ds4-server: chat ctx=1000..1050:50 gen=950 THINKING decoding chunk=20.60 t/s avg=21.83 t/s 43.512s
0823 22:20:52 ds4-server: chat ctx=1050..1100:50 gen=1000 THINKING decoding chunk=20.49 t/s avg=21.76 t/s 45.953s
0823 22:20:55 ds4-server: chat ctx=1100..1150:50 gen=1050 THINKING decoding chunk=20.40 t/s avg=21.69 t/s 48.403s
0823 22:20:57 ds4-server: chat ctx=1150..1200:50 gen=1100 THINKING decoding chunk=20.29 t/s avg=21.62 t/s 50.868s
0823 22:21:00 ds4-server: chat ctx=1200..1250:50 gen=1150 THINKING decoding chunk=20.11 t/s avg=21.55 t/s 53.354s
0823 22:21:02 ds4-server: chat ctx=1250..1300:50 gen=1200 THINKING decoding chunk=20.03 t/s avg=21.49 t/s 55.850s
0823 22:21:05 ds4-server: chat ctx=1300..1350:50 gen=1250 THINKING decoding chunk=19.95 t/s avg=21.42 t/s 58.357s
0823 22:21:07 ds4-server: chat ctx=1350..1400:50 gen=1300 THINKING decoding chunk=19.78 t/s avg=21.35 t/s 60.885s
0823 22:21:10 ds4-server: chat ctx=1400..1450:50 gen=1350 THINKING decoding chunk=19.68 t/s avg=21.28 t/s 63.425s
0823 22:21:12 ds4-server: chat ctx=1450..1500:50 gen=1400 THINKING decoding chunk=19.59 t/s avg=21.22 t/s 65.977s
0823 22:21:15 ds4-server: chat ctx=1500..1550:50 gen=1450 decoding chunk=19.49 t/s avg=21.15 t/s 68.543s
0823 22:21:18 ds4-server: chat ctx=1550..1600:50 gen=1500 decoding chunk=19.38 t/s avg=21.09 t/s 71.124s
0823 22:21:20 ds4-server: chat ctx=1600..1650:50 gen=1550 decoding chunk=19.24 t/s avg=21.02 t/s 73.723s
0823 22:21:23 ds4-server: chat ctx=1650..1700:50 gen=1600 decoding chunk=19.11 t/s avg=20.96 t/s 76.340s
0823 22:21:25 ds4-server: chat ctx=1700..1750:50 gen=1650 decoding chunk=19.08 t/s avg=20.90 t/s 78.960s
0823 22:21:28 ds4-server: chat ctx=1750..1800:50 gen=1700 decoding chunk=18.97 t/s avg=20.83 t/s 81.595s
0823 22:21:31 ds4-server: chat ctx=1800..1850:50 gen=1750 decoding chunk=18.85 t/s avg=20.77 t/s 84.248s
0823 22:21:32 ds4-server: chat ctx=1850..1868:18 gen=1768 decoding chunk=18.78 t/s avg=20.75 t/s 85.207s
0823 22:21:32 ds4-server: thinking live checkpoint remembered ctx=0..100:100 live=1868 visible=1898
0823 22:21:32 ds4-server: chat ctx=0..100:100 gen=1768 finish=stop 89.489s
0823 22:21:32 ds4-server: live kv cache miss live=1868 prompt=116 common=56 reason=token-mismatch
0823 22:21:32 ds4-server: chat ctx=0..116:116 prompt start
0823 22:21:32 ds4-server: chat ctx=0..116:116 prefill chunk 1/116 (0.9%) chunk=0.00 t/s avg=22.87 t/s 0.044s
0823 22:21:32 ds4-server: chat ctx=0..116:116 prefill chunk 2/116 (1.7%) chunk=23.02 t/s avg=22.94 t/s 0.087s
0823 22:21:32 ds4-server: chat ctx=0..116:116 prefill chunk 3/116 (2.6%) chunk=23.69 t/s avg=23.19 t/s 0.129s
0823 22:21:32 ds4-server: chat ctx=0..116:116 prefill chunk 4/116 (3.4%) chunk=23.57 t/s avg=23.28 t/s 0.172s
0823 22:21:32 ds4-server: chat ctx=0..116:116 prefill chunk 5/116 (4.3%) chunk=24.04 t/s avg=23.43 t/s 0.213s
0823 22:21:32 ds4-server: chat ctx=0..116:116 prefill chunk 6/116 (5.2%) chunk=22.82 t/s avg=23.33 t/s 0.257s
0823 22:21:32 ds4-server: chat ctx=0..116:116 prefill chunk 7/116 (6.0%) chunk=23.82 t/s avg=23.40 t/s 0.299s
0823 22:21:32 ds4-server: chat ctx=0..116:116 prefill chunk 8/116 (6.9%) chunk=23.57 t/s avg=23.42 t/s 0.342s
0823 22:21:32 ds4-server: chat ctx=0..116:116 prefill chunk 9/116 (7.8%) chunk=22.83 t/s avg=23.35 t/s 0.385s
0823 22:21:32 ds4-server: chat ctx=0..116:116 prefill chunk 10/116 (8.6%) chunk=23.55 t/s avg=23.37 t/s 0.428s
0823 22:21:32 ds4-server: chat ctx=0..116:116 prefill chunk 11/116 (9.5%) chunk=23.82 t/s avg=23.41 t/s 0.470s
0823 22:21:32 ds4-server: chat ctx=0..116:116 prefill chunk 12/116 (10.3%) chunk=23.94 t/s avg=23.45 t/s 0.512s
0823 22:21:32 ds4-server: chat ctx=0..116:116 prefill chunk 13/116 (11.2%) chunk=23.24 t/s avg=23.44 t/s 0.555s
0823 22:21:32 ds4-server: chat ctx=0..116:116 prefill chunk 14/116 (12.1%) chunk=23.63 t/s avg=23.45 t/s 0.597s
0823 22:21:32 ds4-server: chat ctx=0..116:116 prefill chunk 15/116 (12.9%) chunk=23.40 t/s avg=23.45 t/s 0.640s
0823 22:21:32 ds4-server: chat ctx=0..116:116 prefill chunk 16/116 (13.8%) chunk=23.63 t/s avg=23.46 t/s 0.682s
0823 22:21:32 ds4-server: chat ctx=0..116:116 prefill chunk 17/116 (14.7%) chunk=23.09 t/s avg=23.44 t/s 0.725s
0823 22:21:32 ds4-server: chat ctx=0..116:116 prefill chunk 18/116 (15.5%) chunk=23.83 t/s avg=23.46 t/s 0.767s
0823 22:21:32 ds4-server: chat ctx=0..116:116 prefill chunk 19/116 (16.4%) chunk=23.69 t/s avg=23.47 t/s 0.810s
0823 22:21:32 ds4-server: chat ctx=0..116:116 prefill chunk 20/116 (17.2%) chunk=23.04 t/s avg=23.45 t/s 0.853s
0823 22:21:32 ds4-server: chat ctx=0..116:116 prefill chunk 21/116 (18.1%) chunk=23.65 t/s avg=23.46 t/s 0.895s
0823 22:21:33 ds4-server: chat ctx=0..116:116 prefill chunk 22/116 (19.0%) chunk=23.84 t/s avg=23.47 t/s 0.937s
0823 22:21:33 ds4-server: chat ctx=0..116:116 prefill chunk 23/116 (19.8%) chunk=23.69 t/s avg=23.48 t/s 0.979s
0823 22:21:33 ds4-server: chat ctx=0..116:116 prefill chunk 24/116 (20.7%) chunk=22.81 t/s avg=23.46 t/s 1.023s
0823 22:21:33 ds4-server: chat ctx=0..116:116 prefill chunk 25/116 (21.6%) chunk=23.79 t/s avg=23.47 t/s 1.065s
0823 22:21:33 ds4-server: chat ctx=0..116:116 prefill chunk 26/116 (22.4%) chunk=23.59 t/s avg=23.47 t/s 1.108s
0823 22:21:33 ds4-server: chat ctx=0..116:116 prefill chunk 27/116 (23.3%) chunk=23.01 t/s avg=23.46 t/s 1.151s
0823 22:21:33 ds4-server: chat ctx=0..116:116 prefill chunk 28/116 (24.1%) chunk=23.51 t/s avg=23.46 t/s 1.194s
0823 22:21:33 ds4-server: chat ctx=0..116:116 prefill chunk 29/116 (25.0%) chunk=23.88 t/s avg=23.47 t/s 1.236s
0823 22:21:33 ds4-server: chat ctx=0..116:116 prefill chunk 30/116 (25.9%) chunk=23.63 t/s avg=23.48 t/s 1.278s
0823 22:21:33 ds4-server: chat ctx=0..116:116 prefill chunk 31/116 (26.7%) chunk=23.25 t/s avg=23.47 t/s 1.321s
0823 22:21:33 ds4-server: chat ctx=0..116:116 prefill chunk 32/116 (27.6%) chunk=23.75 t/s avg=23.48 t/s 1.363s
0823 22:21:33 ds4-server: chat ctx=0..116:116 prefill chunk 33/116 (28.4%) chunk=23.36 t/s avg=23.47 t/s 1.406s
0823 22:21:33 ds4-server: chat ctx=0..116:116 prefill chunk 34/116 (29.3%) chunk=23.92 t/s avg=23.49 t/s 1.448s
0823 22:21:33 ds4-server: chat ctx=0..116:116 prefill chunk 35/116 (30.2%) chunk=22.82 t/s avg=23.47 t/s 1.491s
0823 22:21:33 ds4-server: chat ctx=0..116:116 prefill chunk 36/116 (31.0%) chunk=23.88 t/s avg=23.48 t/s 1.533s
0823 22:21:33 ds4-server: chat ctx=0..116:116 prefill chunk 37/116 (31.9%) chunk=23.69 t/s avg=23.49 t/s 1.575s
0823 22:21:33 ds4-server: chat ctx=0..116:116 prefill chunk 38/116 (32.8%) chunk=22.71 t/s avg=23.46 t/s 1.619s
0823 22:21:33 ds4-server: chat ctx=0..116:116 prefill chunk 39/116 (33.6%) chunk=23.51 t/s avg=23.47 t/s 1.662s
0823 22:21:33 ds4-server: chat ctx=0..116:116 prefill chunk 40/116 (34.5%) chunk=23.83 t/s avg=23.47 t/s 1.704s
0823 22:21:33 ds4-server: chat ctx=0..116:116 prefill chunk 41/116 (35.3%) chunk=23.59 t/s avg=23.48 t/s 1.746s
0823 22:21:33 ds4-server: chat ctx=0..116:116 prefill chunk 42/116 (36.2%) chunk=22.64 t/s avg=23.46 t/s 1.791s
0823 22:21:33 ds4-server: chat ctx=0..116:116 prefill chunk 43/116 (37.1%) chunk=23.86 t/s avg=23.47 t/s 1.832s
0823 22:21:33 ds4-server: chat ctx=0..116:116 prefill chunk 44/116 (37.9%) chunk=23.38 t/s avg=23.46 t/s 1.875s
0823 22:21:34 ds4-server: chat ctx=0..116:116 prefill chunk 45/116 (38.8%) chunk=22.72 t/s avg=23.45 t/s 1.919s
0823 22:21:34 ds4-server: chat ctx=0..116:116 prefill chunk 46/116 (39.7%) chunk=23.57 t/s avg=23.45 t/s 1.962s
0823 22:21:34 ds4-server: chat ctx=0..116:116 prefill chunk 47/116 (40.5%) chunk=23.82 t/s avg=23.46 t/s 2.004s
0823 22:21:34 ds4-server: chat ctx=0..116:116 prefill chunk 48/116 (41.4%) chunk=23.65 t/s avg=23.46 t/s 2.046s
0823 22:21:34 ds4-server: chat ctx=0..116:116 prefill chunk 49/116 (42.2%) chunk=22.63 t/s avg=23.44 t/s 2.090s
0823 22:21:34 ds4-server: chat ctx=0..116:116 prefill chunk 50/116 (43.1%) chunk=23.70 t/s avg=23.45 t/s 2.132s
0823 22:21:34 ds4-server: chat ctx=0..116:116 prefill chunk 51/116 (44.0%) chunk=23.42 t/s avg=23.45 t/s 2.175s
0823 22:21:34 ds4-server: chat ctx=0..116:116 prefill chunk 52/116 (44.8%) chunk=22.90 t/s avg=23.44 t/s 2.219s
0823 22:21:34 ds4-server: chat ctx=0..116:116 prefill chunk 53/116 (45.7%) chunk=23.50 t/s avg=23.44 t/s 2.261s
0823 22:21:34 ds4-server: chat ctx=0..116:116 prefill chunk 54/116 (46.6%) chunk=23.79 t/s avg=23.44 t/s 2.303s
0823 22:21:34 ds4-server: chat ctx=0..116:116 prefill chunk 55/116 (47.4%) chunk=23.48 t/s avg=23.45 t/s 2.346s
0823 22:21:34 ds4-server: chat ctx=0..116:116 prefill chunk 56/116 (48.3%) chunk=22.68 t/s avg=23.43 t/s 2.390s
0823 22:21:34 ds4-server: chat ctx=0..116:116 prefill chunk 57/116 (49.1%) chunk=23.97 t/s avg=23.44 t/s 2.432s
0823 22:21:34 ds4-server: chat ctx=0..116:116 prefill chunk 58/116 (50.0%) chunk=23.48 t/s avg=23.44 t/s 2.474s
0823 22:21:34 ds4-server: chat ctx=0..116:116 prefill chunk 59/116 (50.9%) chunk=22.99 t/s avg=23.43 t/s 2.518s
0823 22:21:34 ds4-server: chat ctx=0..116:116 prefill chunk 60/116 (51.7%) chunk=23.32 t/s avg=23.43 t/s 2.561s
0823 22:21:34 ds4-server: chat ctx=0..116:116 prefill chunk 61/116 (52.6%) chunk=23.83 t/s avg=23.44 t/s 2.603s
0823 22:21:34 ds4-server: chat ctx=0..116:116 prefill chunk 62/116 (53.4%) chunk=23.18 t/s avg=23.43 t/s 2.646s
0823 22:21:34 ds4-server: chat ctx=0..116:116 prefill chunk 63/116 (54.3%) chunk=22.47 t/s avg=23.42 t/s 2.690s
0823 22:21:34 ds4-server: chat ctx=0..116:116 prefill chunk 64/116 (55.2%) chunk=23.69 t/s avg=23.42 t/s 2.732s
0823 22:21:34 ds4-server: chat ctx=0..116:116 prefill chunk 65/116 (56.0%) chunk=23.34 t/s avg=23.42 t/s 2.775s
0823 22:21:34 ds4-server: chat ctx=0..116:116 prefill chunk 66/116 (56.9%) chunk=22.62 t/s avg=23.41 t/s 2.820s
0823 22:21:34 ds4-server: chat ctx=0..116:116 prefill chunk 67/116 (57.8%) chunk=23.39 t/s avg=23.41 t/s 2.862s
0823 22:21:35 ds4-server: chat ctx=0..116:116 prefill chunk 68/116 (58.6%) chunk=23.19 t/s avg=23.40 t/s 2.905s
0823 22:21:35 ds4-server: chat ctx=0..116:116 prefill chunk 69/116 (59.5%) chunk=23.96 t/s avg=23.41 t/s 2.947s
0823 22:21:35 ds4-server: chat ctx=0..116:116 prefill chunk 70/116 (60.3%) chunk=22.55 t/s avg=23.40 t/s 2.992s
0823 22:21:35 ds4-server: chat ctx=0..116:116 prefill chunk 71/116 (61.2%) chunk=23.82 t/s avg=23.41 t/s 3.033s
0823 22:21:35 ds4-server: chat ctx=0..116:116 prefill chunk 72/116 (62.1%) chunk=23.41 t/s avg=23.41 t/s 3.076s
0823 22:21:35 ds4-server: chat ctx=0..116:116 prefill chunk 73/116 (62.9%) chunk=22.83 t/s avg=23.40 t/s 3.120s
0823 22:21:35 ds4-server: chat ctx=0..116:116 prefill chunk 74/116 (63.8%) chunk=23.62 t/s avg=23.40 t/s 3.162s
0823 22:21:35 ds4-server: chat ctx=0..116:116 prefill chunk 75/116 (64.7%) chunk=23.62 t/s avg=23.40 t/s 3.205s
0823 22:21:35 ds4-server: chat ctx=0..116:116 prefill chunk 76/116 (65.5%) chunk=23.79 t/s avg=23.41 t/s 3.247s
0823 22:21:35 ds4-server: chat ctx=0..116:116 prefill chunk 77/116 (66.4%) chunk=22.67 t/s avg=23.40 t/s 3.291s
0823 22:21:35 ds4-server: chat ctx=0..116:116 prefill chunk 78/116 (67.2%) chunk=23.92 t/s avg=23.40 t/s 3.333s
0823 22:21:35 ds4-server: chat ctx=0..116:116 prefill chunk 79/116 (68.1%) chunk=23.57 t/s avg=23.41 t/s 3.375s
0823 22:21:35 ds4-server: chat ctx=0..116:116 prefill chunk 80/116 (69.0%) chunk=23.32 t/s avg=23.41 t/s 3.418s
0823 22:21:35 ds4-server: chat ctx=0..116:116 prefill chunk 81/116 (69.8%) chunk=23.00 t/s avg=23.40 t/s 3.461s
0823 22:21:35 ds4-server: chat ctx=0..116:116 prefill chunk 82/116 (70.7%) chunk=23.78 t/s avg=23.41 t/s 3.503s
0823 22:21:35 ds4-server: chat ctx=0..116:116 prefill chunk 83/116 (71.6%) chunk=23.56 t/s avg=23.41 t/s 3.546s
0823 22:21:35 ds4-server: chat ctx=0..116:116 prefill chunk 84/116 (72.4%) chunk=22.46 t/s avg=23.40 t/s 3.590s
0823 22:21:35 ds4-server: chat ctx=0..116:116 prefill chunk 85/116 (73.3%) chunk=23.71 t/s avg=23.40 t/s 3.633s
0823 22:21:35 ds4-server: chat ctx=0..116:116 prefill chunk 86/116 (74.1%) chunk=23.49 t/s avg=23.40 t/s 3.675s
0823 22:21:35 ds4-server: chat ctx=0..116:116 prefill chunk 87/116 (75.0%) chunk=22.69 t/s avg=23.39 t/s 3.719s
0823 22:21:35 ds4-server: chat ctx=0..116:116 prefill chunk 88/116 (75.9%) chunk=23.59 t/s avg=23.39 t/s 3.762s
0823 22:21:35 ds4-server: chat ctx=0..116:116 prefill chunk 89/116 (76.7%) chunk=23.73 t/s avg=23.40 t/s 3.804s
0823 22:21:35 ds4-server: chat ctx=0..116:116 prefill chunk 90/116 (77.6%) chunk=23.43 t/s avg=23.40 t/s 3.846s
0823 22:21:35 ds4-server: chat ctx=0..116:116 prefill chunk 91/116 (78.4%) chunk=22.55 t/s avg=23.39 t/s 3.891s
0823 22:21:36 ds4-server: chat ctx=0..116:116 prefill chunk 92/116 (79.3%) chunk=23.58 t/s avg=23.39 t/s 3.933s
0823 22:21:36 ds4-server: chat ctx=0..116:116 prefill chunk 93/116 (80.2%) chunk=23.58 t/s avg=23.39 t/s 3.976s
0823 22:21:36 ds4-server: chat ctx=0..116:116 prefill chunk 94/116 (81.0%) chunk=22.74 t/s avg=23.39 t/s 4.020s
0823 22:21:36 ds4-server: chat ctx=0..116:116 prefill chunk 95/116 (81.9%) chunk=23.45 t/s avg=23.39 t/s 4.062s
0823 22:21:36 ds4-server: chat ctx=0..116:116 prefill chunk 96/116 (82.8%) chunk=23.63 t/s avg=23.39 t/s 4.105s
0823 22:21:36 ds4-server: chat ctx=0..116:116 prefill chunk 97/116 (83.6%) chunk=23.67 t/s avg=23.39 t/s 4.147s
0823 22:21:36 ds4-server: chat ctx=0..116:116 prefill chunk 98/116 (84.5%) chunk=22.69 t/s avg=23.38 t/s 4.191s
0823 22:21:36 ds4-server: chat ctx=0..116:116 prefill chunk 99/116 (85.3%) chunk=23.77 t/s avg=23.39 t/s 4.233s
0823 22:21:36 ds4-server: chat ctx=0..116:116 prefill chunk 100/116 (86.2%) chunk=23.33 t/s avg=23.39 t/s 4.276s
0823 22:21:36 ds4-server: chat ctx=0..116:116 prefill chunk 101/116 (87.1%) chunk=22.78 t/s avg=23.38 t/s 4.320s
0823 22:21:36 ds4-server: chat ctx=0..116:116 prefill chunk 102/116 (87.9%) chunk=23.46 t/s avg=23.38 t/s 4.362s
0823 22:21:36 ds4-server: chat ctx=0..116:116 prefill chunk 103/116 (88.8%) chunk=23.84 t/s avg=23.39 t/s 4.404s
0823 22:21:36 ds4-server: chat ctx=0..116:116 prefill chunk 104/116 (89.7%) chunk=23.51 t/s avg=23.39 t/s 4.447s
0823 22:21:36 ds4-server: chat ctx=0..116:116 prefill chunk 105/116 (90.5%) chunk=22.73 t/s avg=23.38 t/s 4.491s
0823 22:21:36 ds4-server: chat ctx=0..116:116 prefill chunk 106/116 (91.4%) chunk=23.75 t/s avg=23.38 t/s 4.533s
0823 22:21:36 ds4-server: chat ctx=0..116:116 prefill chunk 107/116 (92.2%) chunk=23.57 t/s avg=23.39 t/s 4.575s
0823 22:21:36 ds4-server: chat ctx=0..116:116 prefill chunk 108/116 (93.1%) chunk=22.64 t/s avg=23.38 t/s 4.620s
0823 22:21:36 ds4-server: chat ctx=0..116:116 prefill chunk 109/116 (94.0%) chunk=23.39 t/s avg=23.38 t/s 4.662s
0823 22:21:36 ds4-server: chat ctx=0..116:116 prefill chunk 110/116 (94.8%) chunk=23.45 t/s avg=23.38 t/s 4.705s
0823 22:21:36 ds4-server: chat ctx=0..116:116 prefill chunk 111/116 (95.7%) chunk=23.72 t/s avg=23.38 t/s 4.747s
0823 22:21:36 ds4-server: chat ctx=0..116:116 prefill chunk 112/116 (96.6%) chunk=22.53 t/s avg=23.37 t/s 4.792s
0823 22:21:36 ds4-server: chat ctx=0..116:116 prefill chunk 113/116 (97.4%) chunk=23.71 t/s avg=23.38 t/s 4.834s
0823 22:21:36 ds4-server: chat ctx=0..116:116 prefill chunk 114/116 (98.3%) chunk=23.50 t/s avg=23.38 t/s 4.876s
0823 22:21:37 ds4-server: chat ctx=0..116:116 prefill chunk 115/116 (99.1%) chunk=22.73 t/s avg=23.37 t/s 4.920s
0823 22:21:37 ds4-server: chat ctx=0..116:116 prefill chunk 116/116 (100.0%) chunk=23.34 t/s avg=23.37 t/s 4.963s
0823 22:21:37 ds4-server: chat ctx=0..116:116 prompt done 4.963s
0823 22:21:39 ds4-server: chat ctx=116..166:50 gen=50 THINKING decoding chunk=23.14 t/s avg=23.14 t/s 2.161s
0823 22:21:41 ds4-server: chat ctx=166..216:50 gen=100 THINKING decoding chunk=23.01 t/s avg=23.07 t/s 4.334s
0823 22:21:43 ds4-server: chat ctx=216..266:50 gen=150 THINKING decoding chunk=22.79 t/s avg=22.98 t/s 6.528s
0823 22:21:45 ds4-server: chat ctx=266..316:50 gen=200 THINKING decoding chunk=22.66 t/s avg=22.90 t/s 8.734s
0823 22:21:48 ds4-server: chat ctx=316..366:50 gen=250 THINKING decoding chunk=22.50 t/s avg=22.82 t/s 10.957s
0823 22:21:50 ds4-server: chat ctx=366..416:50 gen=300 THINKING decoding chunk=22.38 t/s avg=22.74 t/s 13.191s
0823 22:21:52 ds4-server: chat ctx=416..466:50 gen=350 THINKING decoding chunk=22.24 t/s avg=22.67 t/s 15.439s
0823 22:21:54 ds4-server: chat ctx=466..516:50 gen=400 THINKING decoding chunk=22.07 t/s avg=22.59 t/s 17.704s
0823 22:21:57 ds4-server: chat ctx=516..566:50 gen=450 THINKING decoding chunk=21.93 t/s avg=22.52 t/s 19.984s
0823 22:21:59 ds4-server: chat ctx=566..616:50 gen=500 THINKING decoding chunk=21.79 t/s avg=22.44 t/s 22.279s
0823 22:22:01 ds4-server: chat ctx=616..666:50 gen=550 THINKING decoding chunk=21.61 t/s avg=22.36 t/s 24.593s
0823 22:22:03 ds4-server: chat ctx=666..716:50 gen=600 THINKING decoding chunk=21.49 t/s avg=22.29 t/s 26.920s
0823 22:22:06 ds4-server: chat ctx=716..766:50 gen=650 THINKING decoding chunk=21.38 t/s avg=22.22 t/s 29.259s
0823 22:22:08 ds4-server: chat ctx=766..816:50 gen=700 THINKING decoding chunk=21.19 t/s avg=22.14 t/s 31.618s
0823 22:22:11 ds4-server: chat ctx=816..866:50 gen=750 THINKING decoding chunk=21.08 t/s avg=22.07 t/s 33.989s
0823 22:22:13 ds4-server: chat ctx=866..916:50 gen=800 THINKING decoding chunk=20.97 t/s avg=21.99 t/s 36.374s
0823 22:22:15 ds4-server: chat ctx=916..966:50 gen=850 THINKING decoding chunk=20.86 t/s avg=21.92 t/s 38.770s
0823 22:22:18 ds4-server: chat ctx=966..1016:50 gen=900 THINKING decoding chunk=20.72 t/s avg=21.85 t/s 41.184s
0823 22:22:20 ds4-server: chat ctx=1016..1066:50 gen=950 THINKING decoding chunk=20.64 t/s avg=21.79 t/s 43.606s
0823 22:22:23 ds4-server: chat ctx=1066..1116:50 gen=1000 THINKING decoding chunk=20.49 t/s avg=21.72 t/s 46.046s
0823 22:22:25 ds4-server: chat ctx=1116..1166:50 gen=1050 THINKING decoding chunk=20.35 t/s avg=21.65 t/s 48.503s
0823 22:22:28 ds4-server: chat ctx=1166..1216:50 gen=1100 THINKING decoding chunk=20.25 t/s avg=21.58 t/s 50.972s
0823 22:22:30 ds4-server: chat ctx=1216..1266:50 gen=1150 THINKING decoding chunk=20.10 t/s avg=21.51 t/s 53.460s
0823 22:22:33 ds4-server: chat ctx=1266..1316:50 gen=1200 THINKING decoding chunk=20.01 t/s avg=21.44 t/s 55.958s
0823 22:22:35 ds4-server: chat ctx=1316..1366:50 gen=1250 THINKING decoding chunk=19.87 t/s avg=21.38 t/s 58.474s
0823 22:22:38 ds4-server: chat ctx=1366..1416:50 gen=1300 THINKING decoding chunk=19.79 t/s avg=21.31 t/s 61.001s
0823 22:22:40 ds4-server: chat ctx=1416..1466:50 gen=1350 THINKING decoding chunk=19.69 t/s avg=21.25 t/s 63.540s
0823 22:22:43 ds4-server: chat ctx=1466..1516:50 gen=1400 THINKING decoding chunk=19.59 t/s avg=21.18 t/s 66.093s
0823 22:22:45 ds4-server: chat ctx=1516..1566:50 gen=1450 THINKING decoding chunk=19.47 t/s avg=21.12 t/s 68.661s
0823 22:22:48 ds4-server: chat ctx=1566..1616:50 gen=1500 THINKING decoding chunk=19.41 t/s avg=21.06 t/s 71.237s
0823 22:22:50 ds4-server: chat ctx=1616..1666:50 gen=1550 THINKING decoding chunk=19.24 t/s avg=20.99 t/s 73.836s
0823 22:22:53 ds4-server: chat ctx=1666..1716:50 gen=1600 THINKING decoding chunk=19.16 t/s avg=20.93 t/s 76.446s
0823 22:22:56 ds4-server: chat ctx=1716..1766:50 gen=1650 THINKING decoding chunk=19.00 t/s avg=20.87 t/s 79.077s
0823 22:22:58 ds4-server: chat ctx=1766..1816:50 gen=1700 THINKING decoding chunk=19.00 t/s avg=20.81 t/s 81.709s
0823 22:23:01 ds4-server: chat ctx=1816..1866:50 gen=1750 THINKING decoding chunk=18.83 t/s avg=20.74 t/s 84.365s
0823 22:23:04 ds4-server: chat ctx=1866..1916:50 gen=1800 THINKING decoding chunk=18.76 t/s avg=20.68 t/s 87.030s
0823 22:23:06 ds4-server: chat ctx=1916..1966:50 gen=1850 THINKING decoding chunk=18.65 t/s avg=20.62 t/s 89.711s
0823 22:23:09 ds4-server: chat ctx=1966..2016:50 gen=1900 THINKING decoding chunk=18.53 t/s avg=20.56 t/s 92.409s
0823 22:23:12 ds4-server: chat ctx=2016..2066:50 gen=1950 THINKING decoding chunk=18.45 t/s avg=20.50 t/s 95.120s
0823 22:23:14 ds4-server: chat ctx=2066..2116:50 gen=2000 THINKING decoding chunk=18.35 t/s avg=20.44 t/s 97.845s
0823 22:23:17 ds4-server: chat ctx=2116..2166:50 gen=2050 decoding chunk=18.21 t/s avg=20.38 t/s 100.590s
0823 22:23:20 ds4-server: chat ctx=2166..2216:50 gen=2100 decoding chunk=18.13 t/s avg=20.32 t/s 103.348s
0823 22:23:23 ds4-server: chat ctx=2216..2266:50 gen=2150 decoding chunk=18.20 t/s avg=20.26 t/s 106.094s
0823 22:23:25 ds4-server: chat ctx=2266..2316:50 gen=2200 decoding chunk=17.96 t/s avg=20.21 t/s 108.878s
0823 22:23:28 ds4-server: chat ctx=2316..2366:50 gen=2250 decoding chunk=17.85 t/s avg=20.15 t/s 111.678s
0823 22:23:31 ds4-server: chat ctx=2366..2416:50 gen=2300 decoding chunk=17.81 t/s avg=20.09 t/s 114.486s
0823 22:23:34 ds4-server: chat ctx=2416..2466:50 gen=2350 decoding chunk=17.70 t/s avg=20.03 t/s 117.312s
0823 22:23:35 ds4-server: chat ctx=2466..2489:23 gen=2373 decoding chunk=17.63 t/s avg=20.01 t/s 118.616s
0823 22:23:35 ds4-server: thinking live checkpoint remembered ctx=0..116:116 live=2489 visible=1739
0823 22:23:35 ds4-server: chat ctx=0..116:116 gen=2373 finish=stop 123.580s
0823 22:23:35 ds4-server: live kv cache miss live=2489 prompt=104 common=56 reason=token-mismatch
0823 22:23:35 ds4-server: chat ctx=0..104:104 prompt start
0823 22:23:35 ds4-server: chat ctx=0..104:104 prefill chunk 1/104 (1.0%) chunk=0.00 t/s avg=22.77 t/s 0.044s
0823 22:23:35 ds4-server: chat ctx=0..104:104 prefill chunk 2/104 (1.9%) chunk=23.94 t/s avg=23.34 t/s 0.086s
0823 22:23:35 ds4-server: chat ctx=0..104:104 prefill chunk 3/104 (2.9%) chunk=23.53 t/s avg=23.40 t/s 0.128s
0823 22:23:35 ds4-server: chat ctx=0..104:104 prefill chunk 4/104 (3.8%) chunk=23.07 t/s avg=23.32 t/s 0.172s
0823 22:23:35 ds4-server: chat ctx=0..104:104 prefill chunk 5/104 (4.8%) chunk=23.64 t/s avg=23.38 t/s 0.214s
0823 22:23:35 ds4-server: chat ctx=0..104:104 prefill chunk 6/104 (5.8%) chunk=23.49 t/s avg=23.40 t/s 0.256s
0823 22:23:35 ds4-server: chat ctx=0..104:104 prefill chunk 7/104 (6.7%) chunk=23.53 t/s avg=23.42 t/s 0.299s
0823 22:23:36 ds4-server: chat ctx=0..104:104 prefill chunk 8/104 (7.7%) chunk=23.28 t/s avg=23.40 t/s 0.342s
0823 22:23:36 ds4-server: chat ctx=0..104:104 prefill chunk 9/104 (8.7%) chunk=24.04 t/s avg=23.47 t/s 0.383s
0823 22:23:36 ds4-server: chat ctx=0..104:104 prefill chunk 10/104 (9.6%) chunk=23.67 t/s avg=23.49 t/s 0.426s
0823 22:23:36 ds4-server: chat ctx=0..104:104 prefill chunk 11/104 (10.6%) chunk=22.97 t/s avg=23.44 t/s 0.469s
0823 22:23:36 ds4-server: chat ctx=0..104:104 prefill chunk 12/104 (11.5%) chunk=23.49 t/s avg=23.45 t/s 0.512s
0823 22:23:36 ds4-server: chat ctx=0..104:104 prefill chunk 13/104 (12.5%) chunk=24.03 t/s avg=23.49 t/s 0.553s
0823 22:23:36 ds4-server: chat ctx=0..104:104 prefill chunk 14/104 (13.5%) chunk=23.58 t/s avg=23.50 t/s 0.596s
0823 22:23:36 ds4-server: chat ctx=0..104:104 prefill chunk 15/104 (14.4%) chunk=22.94 t/s avg=23.46 t/s 0.639s
0823 22:23:36 ds4-server: chat ctx=0..104:104 prefill chunk 16/104 (15.4%) chunk=24.00 t/s avg=23.49 t/s 0.681s
0823 22:23:36 ds4-server: chat ctx=0..104:104 prefill chunk 17/104 (16.3%) chunk=23.59 t/s avg=23.50 t/s 0.723s
0823 22:23:36 ds4-server: chat ctx=0..104:104 prefill chunk 18/104 (17.3%) chunk=23.23 t/s avg=23.48 t/s 0.767s
0823 22:23:36 ds4-server: chat ctx=0..104:104 prefill chunk 19/104 (18.3%) chunk=23.37 t/s avg=23.48 t/s 0.809s
0823 22:23:36 ds4-server: chat ctx=0..104:104 prefill chunk 20/104 (19.2%) chunk=23.85 t/s avg=23.50 t/s 0.851s
0823 22:23:36 ds4-server: chat ctx=0..104:104 prefill chunk 21/104 (20.2%) chunk=23.45 t/s avg=23.49 t/s 0.894s
0823 22:23:36 ds4-server: chat ctx=0..104:104 prefill chunk 22/104 (21.2%) chunk=22.91 t/s avg=23.47 t/s 0.938s
0823 22:23:36 ds4-server: chat ctx=0..104:104 prefill chunk 23/104 (22.1%) chunk=23.47 t/s avg=23.47 t/s 0.980s
0823 22:23:36 ds4-server: chat ctx=0..104:104 prefill chunk 24/104 (23.1%) chunk=23.50 t/s avg=23.47 t/s 1.023s
0823 22:23:36 ds4-server: chat ctx=0..104:104 prefill chunk 25/104 (24.0%) chunk=23.26 t/s avg=23.46 t/s 1.066s
0823 22:23:36 ds4-server: chat ctx=0..104:104 prefill chunk 26/104 (25.0%) chunk=23.30 t/s avg=23.45 t/s 1.109s
0823 22:23:36 ds4-server: chat ctx=0..104:104 prefill chunk 27/104 (26.0%) chunk=23.80 t/s avg=23.47 t/s 1.151s
0823 22:23:36 ds4-server: chat ctx=0..104:104 prefill chunk 28/104 (26.9%) chunk=23.40 t/s avg=23.46 t/s 1.193s
0823 22:23:36 ds4-server: chat ctx=0..104:104 prefill chunk 29/104 (27.9%) chunk=22.80 t/s avg=23.44 t/s 1.237s
0823 22:23:36 ds4-server: chat ctx=0..104:104 prefill chunk 30/104 (28.8%) chunk=23.57 t/s avg=23.44 t/s 1.280s
0823 22:23:37 ds4-server: chat ctx=0..104:104 prefill chunk 31/104 (29.8%) chunk=23.87 t/s avg=23.46 t/s 1.322s
0823 22:23:37 ds4-server: chat ctx=0..104:104 prefill chunk 32/104 (30.8%) chunk=23.87 t/s avg=23.47 t/s 1.363s
0823 22:23:37 ds4-server: chat ctx=0..104:104 prefill chunk 33/104 (31.7%) chunk=22.43 t/s avg=23.44 t/s 1.408s
0823 22:23:37 ds4-server: chat ctx=0..104:104 prefill chunk 34/104 (32.7%) chunk=23.73 t/s avg=23.45 t/s 1.450s
0823 22:23:37 ds4-server: chat ctx=0..104:104 prefill chunk 35/104 (33.7%) chunk=23.42 t/s avg=23.45 t/s 1.493s
0823 22:23:37 ds4-server: chat ctx=0..104:104 prefill chunk 36/104 (34.6%) chunk=22.72 t/s avg=23.42 t/s 1.537s
0823 22:23:37 ds4-server: chat ctx=0..104:104 prefill chunk 37/104 (35.6%) chunk=23.80 t/s avg=23.43 t/s 1.579s
0823 22:23:37 ds4-server: chat ctx=0..104:104 prefill chunk 38/104 (36.5%) chunk=23.71 t/s avg=23.44 t/s 1.621s
0823 22:23:37 ds4-server: chat ctx=0..104:104 prefill chunk 39/104 (37.5%) chunk=23.60 t/s avg=23.45 t/s 1.663s
0823 22:23:37 ds4-server: chat ctx=0..104:104 prefill chunk 40/104 (38.5%) chunk=22.84 t/s avg=23.43 t/s 1.707s
0823 22:23:37 ds4-server: chat ctx=0..104:104 prefill chunk 41/104 (39.4%) chunk=23.80 t/s avg=23.44 t/s 1.749s
0823 22:23:37 ds4-server: chat ctx=0..104:104 prefill chunk 42/104 (40.4%) chunk=23.39 t/s avg=23.44 t/s 1.792s
0823 22:23:37 ds4-server: chat ctx=0..104:104 prefill chunk 43/104 (41.3%) chunk=22.93 t/s avg=23.43 t/s 1.836s
0823 22:23:37 ds4-server: chat ctx=0..104:104 prefill chunk 44/104 (42.3%) chunk=23.40 t/s avg=23.43 t/s 1.878s
0823 22:23:37 ds4-server: chat ctx=0..104:104 prefill chunk 45/104 (43.3%) chunk=23.89 t/s avg=23.44 t/s 1.920s
0823 22:23:37 ds4-server: chat ctx=0..104:104 prefill chunk 46/104 (44.2%) chunk=23.52 t/s avg=23.44 t/s 1.963s
0823 22:23:37 ds4-server: chat ctx=0..104:104 prefill chunk 47/104 (45.2%) chunk=22.69 t/s avg=23.42 t/s 2.007s
0823 22:23:37 ds4-server: chat ctx=0..104:104 prefill chunk 48/104 (46.2%) chunk=23.69 t/s avg=23.43 t/s 2.049s
0823 22:23:37 ds4-server: chat ctx=0..104:104 prefill chunk 49/104 (47.1%) chunk=23.62 t/s avg=23.43 t/s 2.091s
0823 22:23:37 ds4-server: chat ctx=0..104:104 prefill chunk 50/104 (48.1%) chunk=22.69 t/s avg=23.41 t/s 2.135s
0823 22:23:37 ds4-server: chat ctx=0..104:104 prefill chunk 51/104 (49.0%) chunk=23.58 t/s avg=23.42 t/s 2.178s
0823 22:23:37 ds4-server: chat ctx=0..104:104 prefill chunk 52/104 (50.0%) chunk=23.68 t/s avg=23.42 t/s 2.220s
0823 22:23:37 ds4-server: chat ctx=0..104:104 prefill chunk 53/104 (51.0%) chunk=23.62 t/s avg=23.43 t/s 2.262s
0823 22:23:37 ds4-server: chat ctx=0..104:104 prefill chunk 54/104 (51.9%) chunk=22.36 t/s avg=23.41 t/s 2.307s
0823 22:23:38 ds4-server: chat ctx=0..104:104 prefill chunk 55/104 (52.9%) chunk=23.75 t/s avg=23.41 t/s 2.349s
0823 22:23:38 ds4-server: chat ctx=0..104:104 prefill chunk 56/104 (53.8%) chunk=23.36 t/s avg=23.41 t/s 2.392s
0823 22:23:38 ds4-server: chat ctx=0..104:104 prefill chunk 57/104 (54.8%) chunk=22.94 t/s avg=23.40 t/s 2.436s
0823 22:23:38 ds4-server: chat ctx=0..104:104 prefill chunk 58/104 (55.8%) chunk=23.39 t/s avg=23.40 t/s 2.478s
0823 22:23:38 ds4-server: chat ctx=0..104:104 prefill chunk 59/104 (56.7%) chunk=23.76 t/s avg=23.41 t/s 2.520s
0823 22:23:38 ds4-server: chat ctx=0..104:104 prefill chunk 60/104 (57.7%) chunk=23.69 t/s avg=23.41 t/s 2.563s
0823 22:23:38 ds4-server: chat ctx=0..104:104 prefill chunk 61/104 (58.7%) chunk=22.84 t/s avg=23.40 t/s 2.606s
0823 22:23:38 ds4-server: chat ctx=0..104:104 prefill chunk 62/104 (59.6%) chunk=23.73 t/s avg=23.41 t/s 2.649s
0823 22:23:38 ds4-server: chat ctx=0..104:104 prefill chunk 63/104 (60.6%) chunk=23.47 t/s avg=23.41 t/s 2.691s
0823 22:23:38 ds4-server: chat ctx=0..104:104 prefill chunk 64/104 (61.5%) chunk=22.67 t/s avg=23.40 t/s 2.735s
0823 22:23:38 ds4-server: chat ctx=0..104:104 prefill chunk 65/104 (62.5%) chunk=23.59 t/s avg=23.40 t/s 2.778s
0823 22:23:38 ds4-server: chat ctx=0..104:104 prefill chunk 66/104 (63.5%) chunk=23.61 t/s avg=23.40 t/s 2.820s
0823 22:23:38 ds4-server: chat ctx=0..104:104 prefill chunk 67/104 (64.4%) chunk=23.49 t/s avg=23.41 t/s 2.863s
0823 22:23:38 ds4-server: chat ctx=0..104:104 prefill chunk 68/104 (65.4%) chunk=22.49 t/s avg=23.39 t/s 2.907s
0823 22:23:38 ds4-server: chat ctx=0..104:104 prefill chunk 69/104 (66.3%) chunk=23.75 t/s avg=23.40 t/s 2.949s
0823 22:23:38 ds4-server: chat ctx=0..104:104 prefill chunk 70/104 (67.3%) chunk=23.61 t/s avg=23.40 t/s 2.992s
0823 22:23:38 ds4-server: chat ctx=0..104:104 prefill chunk 71/104 (68.3%) chunk=22.74 t/s avg=23.39 t/s 3.036s
0823 22:23:38 ds4-server: chat ctx=0..104:104 prefill chunk 72/104 (69.2%) chunk=23.55 t/s avg=23.39 t/s 3.078s
0823 22:23:38 ds4-server: chat ctx=0..104:104 prefill chunk 73/104 (70.2%) chunk=23.77 t/s avg=23.40 t/s 3.120s
0823 22:23:38 ds4-server: chat ctx=0..104:104 prefill chunk 74/104 (71.2%) chunk=23.69 t/s avg=23.40 t/s 3.162s
0823 22:23:38 ds4-server: chat ctx=0..104:104 prefill chunk 75/104 (72.1%) chunk=22.49 t/s avg=23.39 t/s 3.207s
0823 22:23:38 ds4-server: chat ctx=0..104:104 prefill chunk 76/104 (73.1%) chunk=23.86 t/s avg=23.39 t/s 3.249s
0823 22:23:38 ds4-server: chat ctx=0..104:104 prefill chunk 77/104 (74.0%) chunk=23.57 t/s avg=23.40 t/s 3.291s
0823 22:23:39 ds4-server: chat ctx=0..104:104 prefill chunk 78/104 (75.0%) chunk=22.82 t/s avg=23.39 t/s 3.335s
0823 22:23:39 ds4-server: chat ctx=0..104:104 prefill chunk 79/104 (76.0%) chunk=23.55 t/s avg=23.39 t/s 3.377s
0823 22:23:39 ds4-server: chat ctx=0..104:104 prefill chunk 80/104 (76.9%) chunk=23.71 t/s avg=23.39 t/s 3.420s
0823 22:23:39 ds4-server: chat ctx=0..104:104 prefill chunk 81/104 (77.9%) chunk=23.46 t/s avg=23.40 t/s 3.462s
0823 22:23:39 ds4-server: chat ctx=0..104:104 prefill chunk 82/104 (78.8%) chunk=22.48 t/s avg=23.38 t/s 3.507s
0823 22:23:39 ds4-server: chat ctx=0..104:104 prefill chunk 83/104 (79.8%) chunk=23.81 t/s avg=23.39 t/s 3.549s
0823 22:23:39 ds4-server: chat ctx=0..104:104 prefill chunk 84/104 (80.8%) chunk=23.66 t/s avg=23.39 t/s 3.591s
0823 22:23:39 ds4-server: chat ctx=0..104:104 prefill chunk 85/104 (81.7%) chunk=22.71 t/s avg=23.38 t/s 3.635s
0823 22:23:39 ds4-server: chat ctx=0..104:104 prefill chunk 86/104 (82.7%) chunk=23.32 t/s avg=23.38 t/s 3.678s
0823 22:23:39 ds4-server: chat ctx=0..104:104 prefill chunk 87/104 (83.7%) chunk=23.65 t/s avg=23.39 t/s 3.720s
0823 22:23:39 ds4-server: chat ctx=0..104:104 prefill chunk 88/104 (84.6%) chunk=23.37 t/s avg=23.39 t/s 3.763s
0823 22:23:39 ds4-server: chat ctx=0..104:104 prefill chunk 89/104 (85.6%) chunk=22.46 t/s avg=23.38 t/s 3.807s
0823 22:23:39 ds4-server: chat ctx=0..104:104 prefill chunk 90/104 (86.5%) chunk=23.89 t/s avg=23.38 t/s 3.849s
0823 22:23:39 ds4-server: chat ctx=0..104:104 prefill chunk 91/104 (87.5%) chunk=23.57 t/s avg=23.38 t/s 3.892s
0823 22:23:39 ds4-server: chat ctx=0..104:104 prefill chunk 92/104 (88.5%) chunk=22.85 t/s avg=23.38 t/s 3.935s
0823 22:23:39 ds4-server: chat ctx=0..104:104 prefill chunk 93/104 (89.4%) chunk=23.30 t/s avg=23.38 t/s 3.978s
0823 22:23:39 ds4-server: chat ctx=0..104:104 prefill chunk 94/104 (90.4%) chunk=23.71 t/s avg=23.38 t/s 4.021s
0823 22:23:39 ds4-server: chat ctx=0..104:104 prefill chunk 95/104 (91.3%) chunk=23.34 t/s avg=23.38 t/s 4.063s
0823 22:23:39 ds4-server: chat ctx=0..104:104 prefill chunk 96/104 (92.3%) chunk=22.80 t/s avg=23.37 t/s 4.107s
0823 22:23:39 ds4-server: chat ctx=0..104:104 prefill chunk 97/104 (93.3%) chunk=23.56 t/s avg=23.37 t/s 4.150s
0823 22:23:39 ds4-server: chat ctx=0..104:104 prefill chunk 98/104 (94.2%) chunk=23.56 t/s avg=23.38 t/s 4.192s
0823 22:23:39 ds4-server: chat ctx=0..104:104 prefill chunk 99/104 (95.2%) chunk=22.70 t/s avg=23.37 t/s 4.236s
0823 22:23:39 ds4-server: chat ctx=0..104:104 prefill chunk 100/104 (96.2%) chunk=23.42 t/s avg=23.37 t/s 4.279s
0823 22:23:40 ds4-server: chat ctx=0..104:104 prefill chunk 101/104 (97.1%) chunk=23.62 t/s avg=23.37 t/s 4.321s
0823 22:23:40 ds4-server: chat ctx=0..104:104 prefill chunk 102/104 (98.1%) chunk=23.59 t/s avg=23.37 t/s 4.364s
0823 22:23:40 ds4-server: chat ctx=0..104:104 prefill chunk 103/104 (99.0%) chunk=22.53 t/s avg=23.37 t/s 4.408s
0823 22:23:40 ds4-server: chat ctx=0..104:104 prefill chunk 104/104 (100.0%) chunk=23.66 t/s avg=23.37 t/s 4.450s
0823 22:23:40 ds4-server: chat ctx=0..104:104 prompt done 4.450s
0823 22:23:42 ds4-server: chat ctx=104..154:50 gen=50 THINKING decoding chunk=23.16 t/s avg=23.16 t/s 2.159s
0823 22:23:44 ds4-server: chat ctx=154..204:50 gen=100 THINKING decoding chunk=23.02 t/s avg=23.09 t/s 4.331s
0823 22:23:46 ds4-server: chat ctx=204..254:50 gen=150 THINKING decoding chunk=22.82 t/s avg=23.00 t/s 6.523s
0823 22:23:48 ds4-server: chat ctx=254..304:50 gen=200 THINKING decoding chunk=22.69 t/s avg=22.92 t/s 8.726s
0823 22:23:51 ds4-server: chat ctx=304..354:50 gen=250 THINKING decoding chunk=22.57 t/s avg=22.85 t/s 10.942s
0823 22:23:53 ds4-server: chat ctx=354..404:50 gen=300 THINKING decoding chunk=22.40 t/s avg=22.77 t/s 13.174s
0823 22:23:55 ds4-server: chat ctx=404..454:50 gen=350 THINKING decoding chunk=22.23 t/s avg=22.69 t/s 15.423s
0823 22:23:57 ds4-server: chat ctx=454..504:50 gen=400 THINKING decoding chunk=22.32 t/s avg=22.65 t/s 17.663s
0823 22:24:00 ds4-server: chat ctx=504..554:50 gen=450 THINKING decoding chunk=21.97 t/s avg=22.57 t/s 19.938s
0823 22:24:02 ds4-server: chat ctx=554..604:50 gen=500 THINKING decoding chunk=21.82 t/s avg=22.49 t/s 22.230s
0823 22:24:04 ds4-server: chat ctx=604..654:50 gen=550 THINKING decoding chunk=21.68 t/s avg=22.42 t/s 24.537s
0823 22:24:06 ds4-server: chat ctx=654..704:50 gen=600 THINKING decoding chunk=21.53 t/s avg=22.34 t/s 26.859s
0823 22:24:09 ds4-server: chat ctx=704..754:50 gen=650 THINKING decoding chunk=21.42 t/s avg=22.27 t/s 29.194s
0823 22:24:11 ds4-server: chat ctx=754..804:50 gen=700 THINKING decoding chunk=21.28 t/s avg=22.19 t/s 31.543s
0823 22:24:14 ds4-server: chat ctx=804..854:50 gen=750 THINKING decoding chunk=21.15 t/s avg=22.12 t/s 33.908s
0823 22:24:16 ds4-server: chat ctx=854..904:50 gen=800 THINKING decoding chunk=20.98 t/s avg=22.04 t/s 36.291s
0823 22:24:18 ds4-server: chat ctx=904..954:50 gen=850 THINKING decoding chunk=20.88 t/s avg=21.97 t/s 38.686s
0823 22:24:21 ds4-server: chat ctx=954..1004:50 gen=900 THINKING decoding chunk=20.74 t/s avg=21.90 t/s 41.096s
0823 22:24:23 ds4-server: chat ctx=1004..1054:50 gen=950 THINKING decoding chunk=20.64 t/s avg=21.83 t/s 43.519s
0823 22:24:26 ds4-server: chat ctx=1054..1104:50 gen=1000 THINKING decoding chunk=20.50 t/s avg=21.76 t/s 45.958s
0823 22:24:28 ds4-server: chat ctx=1104..1154:50 gen=1050 THINKING decoding chunk=20.41 t/s avg=21.69 t/s 48.407s
0823 22:24:31 ds4-server: chat ctx=1154..1204:50 gen=1100 THINKING decoding chunk=20.27 t/s avg=21.62 t/s 50.873s
0823 22:24:33 ds4-server: chat ctx=1204..1254:50 gen=1150 THINKING decoding chunk=20.15 t/s avg=21.55 t/s 53.354s
0823 22:24:35 ds4-server: chat ctx=1254..1304:50 gen=1200 THINKING decoding chunk=20.00 t/s avg=21.48 t/s 55.854s
0823 22:24:38 ds4-server: chat ctx=1304..1354:50 gen=1250 THINKING decoding chunk=19.93 t/s avg=21.42 t/s 58.363s
0823 22:24:41 ds4-server: chat ctx=1354..1404:50 gen=1300 THINKING decoding chunk=19.85 t/s avg=21.35 t/s 60.882s
0823 22:24:43 ds4-server: chat ctx=1404..1454:50 gen=1350 THINKING decoding chunk=19.68 t/s avg=21.29 t/s 63.423s
0823 22:24:46 ds4-server: chat ctx=1454..1504:50 gen=1400 THINKING decoding chunk=19.57 t/s avg=21.22 t/s 65.978s
0823 22:24:48 ds4-server: chat ctx=1504..1554:50 gen=1450 THINKING decoding chunk=19.47 t/s avg=21.15 t/s 68.546s
0823 22:24:51 ds4-server: chat ctx=1554..1604:50 gen=1500 THINKING decoding chunk=19.36 t/s avg=21.09 t/s 71.129s
0823 22:24:53 ds4-server: chat ctx=1604..1654:50 gen=1550 THINKING decoding chunk=19.18 t/s avg=21.02 t/s 73.736s
0823 22:24:56 ds4-server: chat ctx=1654..1704:50 gen=1600 THINKING decoding chunk=19.11 t/s avg=20.96 t/s 76.353s
0823 22:24:59 ds4-server: chat ctx=1704..1754:50 gen=1650 THINKING decoding chunk=19.08 t/s avg=20.89 t/s 78.973s
0823 22:25:01 ds4-server: chat ctx=1754..1804:50 gen=1700 THINKING decoding chunk=19.02 t/s avg=20.83 t/s 81.603s
0823 22:25:04 ds4-server: chat ctx=1804..1854:50 gen=1750 THINKING decoding chunk=18.87 t/s avg=20.77 t/s 84.253s
0823 22:25:07 ds4-server: chat ctx=1854..1904:50 gen=1800 THINKING decoding chunk=18.73 t/s avg=20.71 t/s 86.923s
0823 22:25:09 ds4-server: chat ctx=1904..1954:50 gen=1850 THINKING decoding chunk=18.60 t/s avg=20.64 t/s 89.611s
0823 22:25:12 ds4-server: chat ctx=1954..2004:50 gen=1900 THINKING decoding chunk=18.54 t/s avg=20.58 t/s 92.307s
0823 22:25:15 ds4-server: chat ctx=2004..2054:50 gen=1950 THINKING decoding chunk=18.42 t/s avg=20.52 t/s 95.021s
0823 22:25:17 ds4-server: chat ctx=2054..2104:50 gen=2000 decoding chunk=18.33 t/s avg=20.46 t/s 97.749s
0823 22:25:20 ds4-server: chat ctx=2104..2154:50 gen=2050 decoding chunk=18.22 t/s avg=20.40 t/s 100.494s
0823 22:25:23 ds4-server: chat ctx=2154..2204:50 gen=2100 decoding chunk=18.14 t/s avg=20.34 t/s 103.251s
0823 22:25:26 ds4-server: chat ctx=2204..2254:50 gen=2150 decoding chunk=18.03 t/s avg=20.28 t/s 106.024s
0823 22:25:28 ds4-server: chat ctx=2254..2304:50 gen=2200 decoding chunk=17.97 t/s avg=20.22 t/s 108.807s
0823 22:25:29 ds4-server: chat ctx=2304..2309:5 gen=2205 decoding chunk=17.88 t/s avg=20.21 t/s 109.086s
0823 22:25:29 ds4-server: thinking live checkpoint remembered ctx=0..104:104 live=2309 visible=1388
0823 22:25:29 ds4-server: chat ctx=0..104:104 gen=2205 finish=stop 113.537s
0823 22:25:29 ds4-server: live kv cache miss live=2309 prompt=267 common=56 reason=token-mismatch
0823 22:25:29 ds4-server: chat ctx=0..267:267 prompt start
0823 22:25:29 ds4-server: chat ctx=0..267:267 prefill chunk 1/267 (0.4%) chunk=0.00 t/s avg=23.49 t/s 0.043s
0823 22:25:29 ds4-server: chat ctx=0..267:267 prefill chunk 2/267 (0.7%) chunk=23.93 t/s avg=23.71 t/s 0.084s
0823 22:25:29 ds4-server: chat ctx=0..267:267 prefill chunk 3/267 (1.1%) chunk=23.57 t/s avg=23.66 t/s 0.127s
0823 22:25:29 ds4-server: chat ctx=0..267:267 prefill chunk 4/267 (1.5%) chunk=23.22 t/s avg=23.55 t/s 0.170s
0823 22:25:29 ds4-server: chat ctx=0..267:267 prefill chunk 5/267 (1.9%) chunk=23.85 t/s avg=23.61 t/s 0.212s
0823 22:25:29 ds4-server: chat ctx=0..267:267 prefill chunk 6/267 (2.2%) chunk=23.57 t/s avg=23.60 t/s 0.254s
0823 22:25:29 ds4-server: chat ctx=0..267:267 prefill chunk 7/267 (2.6%) chunk=23.05 t/s avg=23.52 t/s 0.298s
0823 22:25:29 ds4-server: chat ctx=0..267:267 prefill chunk 8/267 (3.0%) chunk=23.63 t/s avg=23.54 t/s 0.340s
0823 22:25:29 ds4-server: chat ctx=0..267:267 prefill chunk 9/267 (3.4%) chunk=23.61 t/s avg=23.54 t/s 0.382s
0823 22:25:29 ds4-server: chat ctx=0..267:267 prefill chunk 10/267 (3.7%) chunk=23.76 t/s avg=23.56 t/s 0.424s
0823 22:25:29 ds4-server: chat ctx=0..267:267 prefill chunk 11/267 (4.1%) chunk=22.82 t/s avg=23.49 t/s 0.468s
0823 22:25:29 ds4-server: chat ctx=0..267:267 prefill chunk 12/267 (4.5%) chunk=23.68 t/s avg=23.51 t/s 0.510s
0823 22:25:29 ds4-server: chat ctx=0..267:267 prefill chunk 13/267 (4.9%) chunk=23.81 t/s avg=23.53 t/s 0.552s
0823 22:25:29 ds4-server: chat ctx=0..267:267 prefill chunk 14/267 (5.2%) chunk=22.81 t/s avg=23.48 t/s 0.596s
0823 22:25:29 ds4-server: chat ctx=0..267:267 prefill chunk 15/267 (5.6%) chunk=23.73 t/s avg=23.50 t/s 0.638s
0823 22:25:29 ds4-server: chat ctx=0..267:267 prefill chunk 16/267 (6.0%) chunk=23.75 t/s avg=23.51 t/s 0.681s
0823 22:25:29 ds4-server: chat ctx=0..267:267 prefill chunk 17/267 (6.4%) chunk=23.69 t/s avg=23.52 t/s 0.723s
0823 22:25:29 ds4-server: chat ctx=0..267:267 prefill chunk 18/267 (6.7%) chunk=22.67 t/s avg=23.47 t/s 0.767s
0823 22:25:30 ds4-server: chat ctx=0..267:267 prefill chunk 19/267 (7.1%) chunk=24.01 t/s avg=23.50 t/s 0.808s
0823 22:25:30 ds4-server: chat ctx=0..267:267 prefill chunk 20/267 (7.5%) chunk=23.61 t/s avg=23.51 t/s 0.851s
0823 22:25:30 ds4-server: chat ctx=0..267:267 prefill chunk 21/267 (7.9%) chunk=23.71 t/s avg=23.52 t/s 0.893s
0823 22:25:30 ds4-server: chat ctx=0..267:267 prefill chunk 22/267 (8.2%) chunk=22.87 t/s avg=23.49 t/s 0.937s
0823 22:25:30 ds4-server: chat ctx=0..267:267 prefill chunk 23/267 (8.6%) chunk=23.45 t/s avg=23.48 t/s 0.979s
0823 22:25:30 ds4-server: chat ctx=0..267:267 prefill chunk 24/267 (9.0%) chunk=23.45 t/s avg=23.48 t/s 1.022s
0823 22:25:30 ds4-server: chat ctx=0..267:267 prefill chunk 25/267 (9.4%) chunk=23.29 t/s avg=23.47 t/s 1.065s
0823 22:25:30 ds4-server: chat ctx=0..267:267 prefill chunk 26/267 (9.7%) chunk=23.48 t/s avg=23.47 t/s 1.108s
0823 22:25:30 ds4-server: chat ctx=0..267:267 prefill chunk 27/267 (10.1%) chunk=23.50 t/s avg=23.48 t/s 1.150s
0823 22:25:30 ds4-server: chat ctx=0..267:267 prefill chunk 28/267 (10.5%) chunk=23.34 t/s avg=23.47 t/s 1.193s
0823 22:25:30 ds4-server: chat ctx=0..267:267 prefill chunk 29/267 (10.9%) chunk=23.10 t/s avg=23.46 t/s 1.236s
0823 22:25:30 ds4-server: chat ctx=0..267:267 prefill chunk 30/267 (11.2%) chunk=23.70 t/s avg=23.47 t/s 1.278s
0823 22:25:30 ds4-server: chat ctx=0..267:267 prefill chunk 31/267 (11.6%) chunk=23.57 t/s avg=23.47 t/s 1.321s
0823 22:25:30 ds4-server: chat ctx=0..267:267 prefill chunk 32/267 (12.0%) chunk=23.03 t/s avg=23.46 t/s 1.364s
0823 22:25:30 ds4-server: chat ctx=0..267:267 prefill chunk 33/267 (12.4%) chunk=23.68 t/s avg=23.46 t/s 1.407s
0823 22:25:30 ds4-server: chat ctx=0..267:267 prefill chunk 34/267 (12.7%) chunk=23.48 t/s avg=23.46 t/s 1.449s
0823 22:25:30 ds4-server: chat ctx=0..267:267 prefill chunk 35/267 (13.1%) chunk=23.26 t/s avg=23.46 t/s 1.492s
0823 22:25:30 ds4-server: chat ctx=0..267:267 prefill chunk 36/267 (13.5%) chunk=23.22 t/s avg=23.45 t/s 1.535s
0823 22:25:30 ds4-server: chat ctx=0..267:267 prefill chunk 37/267 (13.9%) chunk=23.86 t/s avg=23.46 t/s 1.577s
0823 22:25:30 ds4-server: chat ctx=0..267:267 prefill chunk 38/267 (14.2%) chunk=23.83 t/s avg=23.47 t/s 1.619s
0823 22:25:30 ds4-server: chat ctx=0..267:267 prefill chunk 39/267 (14.6%) chunk=22.76 t/s avg=23.45 t/s 1.663s
0823 22:25:30 ds4-server: chat ctx=0..267:267 prefill chunk 40/267 (15.0%) chunk=23.95 t/s avg=23.46 t/s 1.705s
0823 22:25:30 ds4-server: chat ctx=0..267:267 prefill chunk 41/267 (15.4%) chunk=24.08 t/s avg=23.48 t/s 1.746s
0823 22:25:31 ds4-server: chat ctx=0..267:267 prefill chunk 42/267 (15.7%) chunk=23.61 t/s avg=23.48 t/s 1.789s
0823 22:25:31 ds4-server: chat ctx=0..267:267 prefill chunk 43/267 (16.1%) chunk=23.16 t/s avg=23.47 t/s 1.832s
0823 22:25:31 ds4-server: chat ctx=0..267:267 prefill chunk 44/267 (16.5%) chunk=23.61 t/s avg=23.48 t/s 1.874s
0823 22:25:31 ds4-server: chat ctx=0..267:267 prefill chunk 45/267 (16.9%) chunk=23.46 t/s avg=23.48 t/s 1.917s
0823 22:25:31 ds4-server: chat ctx=0..267:267 prefill chunk 46/267 (17.2%) chunk=23.34 t/s avg=23.47 t/s 1.960s
0823 22:25:31 ds4-server: chat ctx=0..267:267 prefill chunk 47/267 (17.6%) chunk=22.92 t/s avg=23.46 t/s 2.003s
0823 22:25:31 ds4-server: chat ctx=0..267:267 prefill chunk 48/267 (18.0%) chunk=23.75 t/s avg=23.47 t/s 2.045s
0823 22:25:31 ds4-server: chat ctx=0..267:267 prefill chunk 49/267 (18.4%) chunk=23.71 t/s avg=23.47 t/s 2.088s
0823 22:25:31 ds4-server: chat ctx=0..267:267 prefill chunk 50/267 (18.7%) chunk=22.81 t/s avg=23.46 t/s 2.131s
0823 22:25:31 ds4-server: chat ctx=0..267:267 prefill chunk 51/267 (19.1%) chunk=23.65 t/s avg=23.46 t/s 2.174s
0823 22:25:31 ds4-server: chat ctx=0..267:267 prefill chunk 52/267 (19.5%) chunk=23.41 t/s avg=23.46 t/s 2.216s
0823 22:25:31 ds4-server: chat ctx=0..267:267 prefill chunk 53/267 (19.9%) chunk=23.27 t/s avg=23.46 t/s 2.259s
0823 22:25:31 ds4-server: chat ctx=0..267:267 prefill chunk 54/267 (20.2%) chunk=22.97 t/s avg=23.45 t/s 2.303s
0823 22:25:31 ds4-server: chat ctx=0..267:267 prefill chunk 55/267 (20.6%) chunk=23.82 t/s avg=23.46 t/s 2.345s
0823 22:25:31 ds4-server: chat ctx=0..267:267 prefill chunk 56/267 (21.0%) chunk=23.53 t/s avg=23.46 t/s 2.387s
0823 22:25:31 ds4-server: chat ctx=0..267:267 prefill chunk 57/267 (21.3%) chunk=22.72 t/s avg=23.44 t/s 2.431s
0823 22:25:31 ds4-server: chat ctx=0..267:267 prefill chunk 58/267 (21.7%) chunk=23.40 t/s avg=23.44 t/s 2.474s
0823 22:25:31 ds4-server: chat ctx=0..267:267 prefill chunk 59/267 (22.1%) chunk=23.41 t/s avg=23.44 t/s 2.517s
0823 22:25:31 ds4-server: chat ctx=0..267:267 prefill chunk 60/267 (22.5%) chunk=23.14 t/s avg=23.44 t/s 2.560s
0823 22:25:31 ds4-server: chat ctx=0..267:267 prefill chunk 61/267 (22.8%) chunk=23.12 t/s avg=23.43 t/s 2.603s
0823 22:25:31 ds4-server: chat ctx=0..267:267 prefill chunk 62/267 (23.2%) chunk=23.69 t/s avg=23.44 t/s 2.646s
0823 22:25:31 ds4-server: chat ctx=0..267:267 prefill chunk 63/267 (23.6%) chunk=23.54 t/s avg=23.44 t/s 2.688s
0823 22:25:31 ds4-server: chat ctx=0..267:267 prefill chunk 64/267 (24.0%) chunk=22.88 t/s avg=23.43 t/s 2.732s
0823 22:25:31 ds4-server: chat ctx=0..267:267 prefill chunk 65/267 (24.3%) chunk=23.50 t/s avg=23.43 t/s 2.774s
0823 22:25:32 ds4-server: chat ctx=0..267:267 prefill chunk 66/267 (24.7%) chunk=23.27 t/s avg=23.43 t/s 2.817s
0823 22:25:32 ds4-server: chat ctx=0..267:267 prefill chunk 67/267 (25.1%) chunk=22.84 t/s avg=23.42 t/s 2.861s
0823 22:25:32 ds4-server: chat ctx=0..267:267 prefill chunk 68/267 (25.5%) chunk=23.49 t/s avg=23.42 t/s 2.904s
0823 22:25:32 ds4-server: chat ctx=0..267:267 prefill chunk 69/267 (25.8%) chunk=23.64 t/s avg=23.42 t/s 2.946s
0823 22:25:32 ds4-server: chat ctx=0..267:267 prefill chunk 70/267 (26.2%) chunk=23.66 t/s avg=23.43 t/s 2.988s
0823 22:25:32 ds4-server: chat ctx=0..267:267 prefill chunk 71/267 (26.6%) chunk=22.58 t/s avg=23.41 t/s 3.032s
0823 22:25:32 ds4-server: chat ctx=0..267:267 prefill chunk 72/267 (27.0%) chunk=23.67 t/s avg=23.42 t/s 3.075s
0823 22:25:32 ds4-server: chat ctx=0..267:267 prefill chunk 73/267 (27.3%) chunk=23.44 t/s avg=23.42 t/s 3.117s
0823 22:25:32 ds4-server: chat ctx=0..267:267 prefill chunk 74/267 (27.7%) chunk=23.33 t/s avg=23.42 t/s 3.160s
0823 22:25:32 ds4-server: chat ctx=0..267:267 prefill chunk 75/267 (28.1%) chunk=23.23 t/s avg=23.41 t/s 3.203s
0823 22:25:32 ds4-server: chat ctx=0..267:267 prefill chunk 76/267 (28.5%) chunk=23.72 t/s avg=23.42 t/s 3.245s
0823 22:25:32 ds4-server: chat ctx=0..267:267 prefill chunk 77/267 (28.8%) chunk=23.41 t/s avg=23.42 t/s 3.288s
0823 22:25:32 ds4-server: chat ctx=0..267:267 prefill chunk 78/267 (29.2%) chunk=23.10 t/s avg=23.41 t/s 3.331s
0823 22:25:32 ds4-server: chat ctx=0..267:267 prefill chunk 79/267 (29.6%) chunk=23.56 t/s avg=23.42 t/s 3.374s
0823 22:25:32 ds4-server: chat ctx=0..267:267 prefill chunk 80/267 (30.0%) chunk=23.47 t/s avg=23.42 t/s 3.416s
0823 22:25:32 ds4-server: chat ctx=0..267:267 prefill chunk 81/267 (30.3%) chunk=23.32 t/s avg=23.41 t/s 3.459s
0823 22:25:32 ds4-server: chat ctx=0..267:267 prefill chunk 82/267 (30.7%) chunk=23.02 t/s avg=23.41 t/s 3.503s
0823 22:25:32 ds4-server: chat ctx=0..267:267 prefill chunk 83/267 (31.1%) chunk=23.67 t/s avg=23.41 t/s 3.545s
0823 22:25:32 ds4-server: chat ctx=0..267:267 prefill chunk 84/267 (31.5%) chunk=23.49 t/s avg=23.41 t/s 3.588s
0823 22:25:32 ds4-server: chat ctx=0..267:267 prefill chunk 85/267 (31.8%) chunk=22.83 t/s avg=23.41 t/s 3.631s
0823 22:25:32 ds4-server: chat ctx=0..267:267 prefill chunk 86/267 (32.2%) chunk=23.46 t/s avg=23.41 t/s 3.674s
0823 22:25:32 ds4-server: chat ctx=0..267:267 prefill chunk 87/267 (32.6%) chunk=23.36 t/s avg=23.41 t/s 3.717s
0823 22:25:32 ds4-server: chat ctx=0..267:267 prefill chunk 88/267 (33.0%) chunk=23.37 t/s avg=23.41 t/s 3.760s
0823 22:25:33 ds4-server: chat ctx=0..267:267 prefill chunk 89/267 (33.3%) chunk=23.08 t/s avg=23.40 t/s 3.803s
0823 22:25:33 ds4-server: chat ctx=0..267:267 prefill chunk 90/267 (33.7%) chunk=23.96 t/s avg=23.41 t/s 3.845s
0823 22:25:33 ds4-server: chat ctx=0..267:267 prefill chunk 91/267 (34.1%) chunk=23.57 t/s avg=23.41 t/s 3.887s
0823 22:25:33 ds4-server: chat ctx=0..267:267 prefill chunk 92/267 (34.5%) chunk=22.85 t/s avg=23.40 t/s 3.931s
0823 22:25:33 ds4-server: chat ctx=0..267:267 prefill chunk 93/267 (34.8%) chunk=23.44 t/s avg=23.40 t/s 3.974s
0823 22:25:33 ds4-server: chat ctx=0..267:267 prefill chunk 94/267 (35.2%) chunk=23.48 t/s avg=23.41 t/s 4.016s
0823 22:25:33 ds4-server: chat ctx=0..267:267 prefill chunk 95/267 (35.6%) chunk=23.23 t/s avg=23.40 t/s 4.059s
0823 22:25:33 ds4-server: chat ctx=0..267:267 prefill chunk 96/267 (36.0%) chunk=22.86 t/s avg=23.40 t/s 4.103s
0823 22:25:33 ds4-server: chat ctx=0..267:267 prefill chunk 97/267 (36.3%) chunk=23.52 t/s avg=23.40 t/s 4.145s
0823 22:25:33 ds4-server: chat ctx=0..267:267 prefill chunk 98/267 (36.7%) chunk=23.39 t/s avg=23.40 t/s 4.188s
0823 22:25:33 ds4-server: chat ctx=0..267:267 prefill chunk 99/267 (37.1%) chunk=22.82 t/s avg=23.39 t/s 4.232s
0823 22:25:33 ds4-server: chat ctx=0..267:267 prefill chunk 100/267 (37.5%) chunk=23.62 t/s avg=23.40 t/s 4.274s
0823 22:25:33 ds4-server: chat ctx=0..267:267 prefill chunk 101/267 (37.8%) chunk=23.49 t/s avg=23.40 t/s 4.317s
0823 22:25:33 ds4-server: chat ctx=0..267:267 prefill chunk 102/267 (38.2%) chunk=23.22 t/s avg=23.39 t/s 4.360s
0823 22:25:33 ds4-server: chat ctx=0..267:267 prefill chunk 103/267 (38.6%) chunk=23.29 t/s avg=23.39 t/s 4.403s
0823 22:25:33 ds4-server: chat ctx=0..267:267 prefill chunk 104/267 (39.0%) chunk=23.64 t/s avg=23.40 t/s 4.445s
0823 22:25:33 ds4-server: chat ctx=0..267:267 prefill chunk 105/267 (39.3%) chunk=23.37 t/s avg=23.40 t/s 4.488s
0823 22:25:33 ds4-server: chat ctx=0..267:267 prefill chunk 106/267 (39.7%) chunk=22.43 t/s avg=23.39 t/s 4.533s
0823 22:25:33 ds4-server: chat ctx=0..267:267 prefill chunk 107/267 (40.1%) chunk=23.81 t/s avg=23.39 t/s 4.575s
0823 22:25:33 ds4-server: chat ctx=0..267:267 prefill chunk 108/267 (40.4%) chunk=23.35 t/s avg=23.39 t/s 4.617s
0823 22:25:33 ds4-server: chat ctx=0..267:267 prefill chunk 109/267 (40.8%) chunk=22.59 t/s avg=23.38 t/s 4.662s
0823 22:25:33 ds4-server: chat ctx=0..267:267 prefill chunk 110/267 (41.2%) chunk=23.46 t/s avg=23.38 t/s 4.704s
0823 22:25:33 ds4-server: chat ctx=0..267:267 prefill chunk 111/267 (41.6%) chunk=23.69 t/s avg=23.39 t/s 4.747s
0823 22:25:34 ds4-server: chat ctx=0..267:267 prefill chunk 112/267 (41.9%) chunk=23.48 t/s avg=23.39 t/s 4.789s
0823 22:25:34 ds4-server: chat ctx=0..267:267 prefill chunk 113/267 (42.3%) chunk=22.83 t/s avg=23.38 t/s 4.833s
0823 22:25:34 ds4-server: chat ctx=0..267:267 prefill chunk 114/267 (42.7%) chunk=23.58 t/s avg=23.38 t/s 4.875s
0823 22:25:34 ds4-server: chat ctx=0..267:267 prefill chunk 115/267 (43.1%) chunk=23.55 t/s avg=23.38 t/s 4.918s
0823 22:25:34 ds4-server: chat ctx=0..267:267 prefill chunk 116/267 (43.4%) chunk=23.14 t/s avg=23.38 t/s 4.961s
0823 22:25:34 ds4-server: chat ctx=0..267:267 prefill chunk 117/267 (43.8%) chunk=22.77 t/s avg=23.38 t/s 5.005s
0823 22:25:34 ds4-server: chat ctx=0..267:267 prefill chunk 118/267 (44.2%) chunk=23.63 t/s avg=23.38 t/s 5.047s
0823 22:25:34 ds4-server: chat ctx=0..267:267 prefill chunk 119/267 (44.6%) chunk=23.50 t/s avg=23.38 t/s 5.090s
0823 22:25:34 ds4-server: chat ctx=0..267:267 prefill chunk 120/267 (44.9%) chunk=22.38 t/s avg=23.37 t/s 5.134s
0823 22:25:34 ds4-server: chat ctx=0..267:267 prefill chunk 121/267 (45.3%) chunk=23.47 t/s avg=23.37 t/s 5.177s
0823 22:25:34 ds4-server: chat ctx=0..267:267 prefill chunk 122/267 (45.7%) chunk=23.43 t/s avg=23.37 t/s 5.220s
0823 22:25:34 ds4-server: chat ctx=0..267:267 prefill chunk 123/267 (46.1%) chunk=22.83 t/s avg=23.37 t/s 5.264s
0823 22:25:34 ds4-server: chat ctx=0..267:267 prefill chunk 124/267 (46.4%) chunk=23.47 t/s avg=23.37 t/s 5.306s
0823 22:25:34 ds4-server: chat ctx=0..267:267 prefill chunk 125/267 (46.8%) chunk=23.15 t/s avg=23.37 t/s 5.349s
0823 22:25:34 ds4-server: chat ctx=0..267:267 prefill chunk 126/267 (47.2%) chunk=23.09 t/s avg=23.36 t/s 5.393s
0823 22:25:34 ds4-server: chat ctx=0..267:267 prefill chunk 127/267 (47.6%) chunk=22.76 t/s avg=23.36 t/s 5.437s
0823 22:25:34 ds4-server: chat ctx=0..267:267 prefill chunk 128/267 (47.9%) chunk=23.67 t/s avg=23.36 t/s 5.479s
0823 22:25:34 ds4-server: chat ctx=0..267:267 prefill chunk 129/267 (48.3%) chunk=23.31 t/s avg=23.36 t/s 5.522s
0823 22:25:34 ds4-server: chat ctx=0..267:267 prefill chunk 130/267 (48.7%) chunk=22.53 t/s avg=23.36 t/s 5.566s
0823 22:25:34 ds4-server: chat ctx=0..267:267 prefill chunk 131/267 (49.1%) chunk=23.72 t/s avg=23.36 t/s 5.608s
0823 22:25:34 ds4-server: chat ctx=0..267:267 prefill chunk 132/267 (49.4%) chunk=23.44 t/s avg=23.36 t/s 5.651s
0823 22:25:34 ds4-server: chat ctx=0..267:267 prefill chunk 133/267 (49.8%) chunk=22.54 t/s avg=23.35 t/s 5.695s
0823 22:25:34 ds4-server: chat ctx=0..267:267 prefill chunk 134/267 (50.2%) chunk=23.11 t/s avg=23.35 t/s 5.739s
0823 22:25:35 ds4-server: chat ctx=0..267:267 prefill chunk 135/267 (50.6%) chunk=23.56 t/s avg=23.35 t/s 5.781s
0823 22:25:35 ds4-server: chat ctx=0..267:267 prefill chunk 136/267 (50.9%) chunk=23.59 t/s avg=23.35 t/s 5.823s
0823 22:25:35 ds4-server: chat ctx=0..267:267 prefill chunk 137/267 (51.3%) chunk=22.51 t/s avg=23.35 t/s 5.868s
0823 22:25:35 ds4-server: chat ctx=0..267:267 prefill chunk 138/267 (51.7%) chunk=23.50 t/s avg=23.35 t/s 5.910s
0823 22:25:35 ds4-server: chat ctx=0..267:267 prefill chunk 139/267 (52.1%) chunk=23.38 t/s avg=23.35 t/s 5.953s
0823 22:25:35 ds4-server: chat ctx=0..267:267 prefill chunk 140/267 (52.4%) chunk=22.80 t/s avg=23.34 t/s 5.997s
0823 22:25:35 ds4-server: chat ctx=0..267:267 prefill chunk 141/267 (52.8%) chunk=23.32 t/s avg=23.34 t/s 6.040s
0823 22:25:35 ds4-server: chat ctx=0..267:267 prefill chunk 142/267 (53.2%) chunk=23.17 t/s avg=23.34 t/s 6.083s
0823 22:25:35 ds4-server: chat ctx=0..267:267 prefill chunk 143/267 (53.6%) chunk=23.00 t/s avg=23.34 t/s 6.127s
0823 22:25:35 ds4-server: chat ctx=0..267:267 prefill chunk 144/267 (53.9%) chunk=23.03 t/s avg=23.34 t/s 6.170s
0823 22:25:35 ds4-server: chat ctx=0..267:267 prefill chunk 145/267 (54.3%) chunk=23.46 t/s avg=23.34 t/s 6.213s
0823 22:25:35 ds4-server: chat ctx=0..267:267 prefill chunk 146/267 (54.7%) chunk=23.17 t/s avg=23.34 t/s 6.256s
0823 22:25:35 ds4-server: chat ctx=0..267:267 prefill chunk 147/267 (55.1%) chunk=22.59 t/s avg=23.33 t/s 6.300s
0823 22:25:35 ds4-server: chat ctx=0..267:267 prefill chunk 148/267 (55.4%) chunk=23.62 t/s avg=23.33 t/s 6.342s
0823 22:25:35 ds4-server: chat ctx=0..267:267 prefill chunk 149/267 (55.8%) chunk=23.21 t/s avg=23.33 t/s 6.386s
0823 22:25:35 ds4-server: chat ctx=0..267:267 prefill chunk 150/267 (56.2%) chunk=22.54 t/s avg=23.33 t/s 6.430s
0823 22:25:35 ds4-server: chat ctx=0..267:267 prefill chunk 151/267 (56.6%) chunk=23.41 t/s avg=23.33 t/s 6.473s
0823 22:25:35 ds4-server: chat ctx=0..267:267 prefill chunk 152/267 (56.9%) chunk=23.16 t/s avg=23.33 t/s 6.516s
0823 22:25:35 ds4-server: chat ctx=0..267:267 prefill chunk 153/267 (57.3%) chunk=23.14 t/s avg=23.33 t/s 6.559s
0823 22:25:35 ds4-server: chat ctx=0..267:267 prefill chunk 154/267 (57.7%) chunk=22.78 t/s avg=23.32 t/s 6.603s
0823 22:25:35 ds4-server: chat ctx=0..267:267 prefill chunk 155/267 (58.1%) chunk=23.43 t/s avg=23.32 t/s 6.646s
0823 22:25:35 ds4-server: chat ctx=0..267:267 prefill chunk 156/267 (58.4%) chunk=23.37 t/s avg=23.32 t/s 6.688s
0823 22:25:35 ds4-server: chat ctx=0..267:267 prefill chunk 157/267 (58.8%) chunk=22.74 t/s avg=23.32 t/s 6.732s
0823 22:25:35 ds4-server: chat ctx=0..267:267 prefill chunk 158/267 (59.2%) chunk=23.32 t/s avg=23.32 t/s 6.775s
0823 22:25:36 ds4-server: chat ctx=0..267:267 prefill chunk 159/267 (59.6%) chunk=23.38 t/s avg=23.32 t/s 6.818s
0823 22:25:36 ds4-server: chat ctx=0..267:267 prefill chunk 160/267 (59.9%) chunk=22.45 t/s avg=23.32 t/s 6.863s
0823 22:25:36 ds4-server: chat ctx=0..267:267 prefill chunk 161/267 (60.3%) chunk=23.36 t/s avg=23.32 t/s 6.905s
0823 22:25:36 ds4-server: chat ctx=0..267:267 prefill chunk 162/267 (60.7%) chunk=23.49 t/s avg=23.32 t/s 6.948s
0823 22:25:36 ds4-server: chat ctx=0..267:267 prefill chunk 163/267 (61.0%) chunk=23.36 t/s avg=23.32 t/s 6.991s
0823 22:25:36 ds4-server: chat ctx=0..267:267 prefill chunk 164/267 (61.4%) chunk=22.55 t/s avg=23.31 t/s 7.035s
0823 22:25:36 ds4-server: chat ctx=0..267:267 prefill chunk 165/267 (61.8%) chunk=23.36 t/s avg=23.31 t/s 7.078s
0823 22:25:36 ds4-server: chat ctx=0..267:267 prefill chunk 166/267 (62.2%) chunk=23.14 t/s avg=23.31 t/s 7.121s
0823 22:25:36 ds4-server: chat ctx=0..267:267 prefill chunk 167/267 (62.5%) chunk=22.71 t/s avg=23.31 t/s 7.165s
0823 22:25:36 ds4-server: chat ctx=0..267:267 prefill chunk 168/267 (62.9%) chunk=23.31 t/s avg=23.31 t/s 7.208s
0823 22:25:36 ds4-server: chat ctx=0..267:267 prefill chunk 169/267 (63.3%) chunk=23.22 t/s avg=23.31 t/s 7.251s
0823 22:25:36 ds4-server: chat ctx=0..267:267 prefill chunk 170/267 (63.7%) chunk=22.50 t/s avg=23.30 t/s 7.296s
0823 22:25:36 ds4-server: chat ctx=0..267:267 prefill chunk 171/267 (64.0%) chunk=23.09 t/s avg=23.30 t/s 7.339s
0823 22:25:36 ds4-server: chat ctx=0..267:267 prefill chunk 172/267 (64.4%) chunk=23.28 t/s avg=23.30 t/s 7.382s
0823 22:25:36 ds4-server: chat ctx=0..267:267 prefill chunk 173/267 (64.8%) chunk=23.63 t/s avg=23.30 t/s 7.424s
0823 22:25:36 ds4-server: chat ctx=0..267:267 prefill chunk 174/267 (65.2%) chunk=22.54 t/s avg=23.30 t/s 7.468s
0823 22:25:36 ds4-server: chat ctx=0..267:267 prefill chunk 175/267 (65.5%) chunk=23.41 t/s avg=23.30 t/s 7.511s
0823 22:25:36 ds4-server: chat ctx=0..267:267 prefill chunk 176/267 (65.9%) chunk=23.36 t/s avg=23.30 t/s 7.554s
0823 22:25:36 ds4-server: chat ctx=0..267:267 prefill chunk 177/267 (66.3%) chunk=22.58 t/s avg=23.29 t/s 7.598s
0823 22:25:36 ds4-server: chat ctx=0..267:267 prefill chunk 178/267 (66.7%) chunk=23.25 t/s avg=23.29 t/s 7.641s
0823 22:25:36 ds4-server: chat ctx=0..267:267 prefill chunk 179/267 (67.0%) chunk=23.15 t/s avg=23.29 t/s 7.685s
0823 22:25:36 ds4-server: chat ctx=0..267:267 prefill chunk 180/267 (67.4%) chunk=22.56 t/s avg=23.29 t/s 7.729s
0823 22:25:36 ds4-server: chat ctx=0..267:267 prefill chunk 181/267 (67.8%) chunk=23.15 t/s avg=23.29 t/s 7.772s
0823 22:25:37 ds4-server: chat ctx=0..267:267 prefill chunk 182/267 (68.2%) chunk=23.63 t/s avg=23.29 t/s 7.814s
0823 22:25:37 ds4-server: chat ctx=0..267:267 prefill chunk 183/267 (68.5%) chunk=23.20 t/s avg=23.29 t/s 7.857s
0823 22:25:37 ds4-server: chat ctx=0..267:267 prefill chunk 184/267 (68.9%) chunk=22.33 t/s avg=23.28 t/s 7.902s
0823 22:25:37 ds4-server: chat ctx=0..267:267 prefill chunk 185/267 (69.3%) chunk=23.31 t/s avg=23.28 t/s 7.945s
0823 22:25:37 ds4-server: chat ctx=0..267:267 prefill chunk 186/267 (69.7%) chunk=23.04 t/s avg=23.28 t/s 7.989s
0823 22:25:37 ds4-server: chat ctx=0..267:267 prefill chunk 187/267 (70.0%) chunk=22.28 t/s avg=23.28 t/s 8.033s
0823 22:25:37 ds4-server: chat ctx=0..267:267 prefill chunk 188/267 (70.4%) chunk=23.50 t/s avg=23.28 t/s 8.076s
0823 22:25:37 ds4-server: chat ctx=0..267:267 prefill chunk 189/267 (70.8%) chunk=23.28 t/s avg=23.28 t/s 8.119s
0823 22:25:37 ds4-server: chat ctx=0..267:267 prefill chunk 190/267 (71.2%) chunk=23.25 t/s avg=23.28 t/s 8.162s
0823 22:25:37 ds4-server: chat ctx=0..267:267 prefill chunk 191/267 (71.5%) chunk=22.80 t/s avg=23.28 t/s 8.206s
0823 22:25:37 ds4-server: chat ctx=0..267:267 prefill chunk 192/267 (71.9%) chunk=23.19 t/s avg=23.28 t/s 8.249s
0823 22:25:37 ds4-server: chat ctx=0..267:267 prefill chunk 193/267 (72.3%) chunk=22.84 t/s avg=23.27 t/s 8.293s
0823 22:25:37 ds4-server: chat ctx=0..267:267 prefill chunk 194/267 (72.7%) chunk=22.61 t/s avg=23.27 t/s 8.337s
0823 22:25:37 ds4-server: chat ctx=0..267:267 prefill chunk 195/267 (73.0%) chunk=23.35 t/s avg=23.27 t/s 8.380s
0823 22:25:37 ds4-server: chat ctx=0..267:267 prefill chunk 196/267 (73.4%) chunk=23.27 t/s avg=23.27 t/s 8.423s
0823 22:25:37 ds4-server: chat ctx=0..267:267 prefill chunk 197/267 (73.8%) chunk=22.16 t/s avg=23.26 t/s 8.468s
0823 22:25:37 ds4-server: chat ctx=0..267:267 prefill chunk 198/267 (74.2%) chunk=23.44 t/s avg=23.27 t/s 8.510s
0823 22:25:37 ds4-server: chat ctx=0..267:267 prefill chunk 199/267 (74.5%) chunk=23.25 t/s avg=23.27 t/s 8.553s
0823 22:25:37 ds4-server: chat ctx=0..267:267 prefill chunk 200/267 (74.9%) chunk=22.52 t/s avg=23.26 t/s 8.598s
0823 22:25:37 ds4-server: chat ctx=0..267:267 prefill chunk 201/267 (75.3%) chunk=23.16 t/s avg=23.26 t/s 8.641s
0823 22:25:37 ds4-server: chat ctx=0..267:267 prefill chunk 202/267 (75.7%) chunk=23.07 t/s avg=23.26 t/s 8.684s
0823 22:25:37 ds4-server: chat ctx=0..267:267 prefill chunk 203/267 (76.0%) chunk=22.53 t/s avg=23.26 t/s 8.729s
0823 22:25:37 ds4-server: chat ctx=0..267:267 prefill chunk 204/267 (76.4%) chunk=23.11 t/s avg=23.26 t/s 8.772s
0823 22:25:38 ds4-server: chat ctx=0..267:267 prefill chunk 205/267 (76.8%) chunk=23.45 t/s avg=23.26 t/s 8.815s
0823 22:25:38 ds4-server: chat ctx=0..267:267 prefill chunk 206/267 (77.2%) chunk=23.31 t/s avg=23.26 t/s 8.858s
0823 22:25:38 ds4-server: chat ctx=0..267:267 prefill chunk 207/267 (77.5%) chunk=22.27 t/s avg=23.25 t/s 8.903s
0823 22:25:38 ds4-server: chat ctx=0..267:267 prefill chunk 208/267 (77.9%) chunk=23.19 t/s avg=23.25 t/s 8.946s
0823 22:25:38 ds4-server: chat ctx=0..267:267 prefill chunk 209/267 (78.3%) chunk=23.26 t/s avg=23.25 t/s 8.989s
0823 22:25:38 ds4-server: chat ctx=0..267:267 prefill chunk 210/267 (78.7%) chunk=22.39 t/s avg=23.25 t/s 9.033s
0823 22:25:38 ds4-server: chat ctx=0..267:267 prefill chunk 211/267 (79.0%) chunk=23.57 t/s avg=23.25 t/s 9.076s
0823 22:25:38 ds4-server: chat ctx=0..267:267 prefill chunk 212/267 (79.4%) chunk=23.24 t/s avg=23.25 t/s 9.119s
0823 22:25:38 ds4-server: chat ctx=0..267:267 prefill chunk 213/267 (79.8%) chunk=22.35 t/s avg=23.24 t/s 9.163s
0823 22:25:38 ds4-server: chat ctx=0..267:267 prefill chunk 214/267 (80.1%) chunk=23.08 t/s avg=23.24 t/s 9.207s
0823 22:25:38 ds4-server: chat ctx=0..267:267 prefill chunk 215/267 (80.5%) chunk=22.94 t/s avg=23.24 t/s 9.250s
0823 22:25:38 ds4-server: chat ctx=0..267:267 prefill chunk 216/267 (80.9%) chunk=22.40 t/s avg=23.24 t/s 9.295s
0823 22:25:38 ds4-server: chat ctx=0..267:267 prefill chunk 217/267 (81.3%) chunk=23.05 t/s avg=23.24 t/s 9.338s
0823 22:25:38 ds4-server: chat ctx=0..267:267 prefill chunk 218/267 (81.6%) chunk=23.32 t/s avg=23.24 t/s 9.381s
0823 22:25:38 ds4-server: chat ctx=0..267:267 prefill chunk 219/267 (82.0%) chunk=22.74 t/s avg=23.24 t/s 9.425s
0823 22:25:38 ds4-server: chat ctx=0..267:267 prefill chunk 220/267 (82.4%) chunk=22.65 t/s avg=23.23 t/s 9.469s
0823 22:25:38 ds4-server: chat ctx=0..267:267 prefill chunk 221/267 (82.8%) chunk=23.29 t/s avg=23.23 t/s 9.512s
0823 22:25:38 ds4-server: chat ctx=0..267:267 prefill chunk 222/267 (83.1%) chunk=23.18 t/s avg=23.23 t/s 9.556s
0823 22:25:38 ds4-server: chat ctx=0..267:267 prefill chunk 223/267 (83.5%) chunk=22.08 t/s avg=23.23 t/s 9.601s
0823 22:25:38 ds4-server: chat ctx=0..267:267 prefill chunk 224/267 (83.9%) chunk=23.29 t/s avg=23.23 t/s 9.644s
0823 22:25:38 ds4-server: chat ctx=0..267:267 prefill chunk 225/267 (84.3%) chunk=22.99 t/s avg=23.23 t/s 9.687s
0823 22:25:38 ds4-server: chat ctx=0..267:267 prefill chunk 226/267 (84.6%) chunk=22.41 t/s avg=23.22 t/s 9.732s
0823 22:25:38 ds4-server: chat ctx=0..267:267 prefill chunk 227/267 (85.0%) chunk=23.33 t/s avg=23.22 t/s 9.775s
0823 22:25:39 ds4-server: chat ctx=0..267:267 prefill chunk 228/267 (85.4%) chunk=23.24 t/s avg=23.22 t/s 9.818s
0823 22:25:39 ds4-server: chat ctx=0..267:267 prefill chunk 229/267 (85.8%) chunk=22.25 t/s avg=23.22 t/s 9.863s
0823 22:25:39 ds4-server: chat ctx=0..267:267 prefill chunk 230/267 (86.1%) chunk=23.14 t/s avg=23.22 t/s 9.906s
0823 22:25:39 ds4-server: chat ctx=0..267:267 prefill chunk 231/267 (86.5%) chunk=22.88 t/s avg=23.22 t/s 9.950s
0823 22:25:39 ds4-server: chat ctx=0..267:267 prefill chunk 232/267 (86.9%) chunk=22.82 t/s avg=23.22 t/s 9.993s
0823 22:25:39 ds4-server: chat ctx=0..267:267 prefill chunk 233/267 (87.3%) chunk=22.61 t/s avg=23.21 t/s 10.038s
0823 22:25:39 ds4-server: chat ctx=0..267:267 prefill chunk 234/267 (87.6%) chunk=23.20 t/s avg=23.21 t/s 10.081s
0823 22:25:39 ds4-server: chat ctx=0..267:267 prefill chunk 235/267 (88.0%) chunk=22.95 t/s avg=23.21 t/s 10.124s
0823 22:25:39 ds4-server: chat ctx=0..267:267 prefill chunk 236/267 (88.4%) chunk=22.38 t/s avg=23.21 t/s 10.169s
0823 22:25:39 ds4-server: chat ctx=0..267:267 prefill chunk 237/267 (88.8%) chunk=23.14 t/s avg=23.21 t/s 10.212s
0823 22:25:39 ds4-server: chat ctx=0..267:267 prefill chunk 238/267 (89.1%) chunk=22.93 t/s avg=23.21 t/s 10.256s
0823 22:25:39 ds4-server: chat ctx=0..267:267 prefill chunk 239/267 (89.5%) chunk=22.21 t/s avg=23.20 t/s 10.301s
0823 22:25:39 ds4-server: chat ctx=0..267:267 prefill chunk 240/267 (89.9%) chunk=23.28 t/s avg=23.20 t/s 10.344s
0823 22:25:39 ds4-server: chat ctx=0..267:267 prefill chunk 241/267 (90.3%) chunk=22.94 t/s avg=23.20 t/s 10.387s
0823 22:25:39 ds4-server: chat ctx=0..267:267 prefill chunk 242/267 (90.6%) chunk=22.55 t/s avg=23.20 t/s 10.432s
0823 22:25:39 ds4-server: chat ctx=0..267:267 prefill chunk 243/267 (91.0%) chunk=22.94 t/s avg=23.20 t/s 10.475s
0823 22:25:39 ds4-server: chat ctx=0..267:267 prefill chunk 244/267 (91.4%) chunk=22.94 t/s avg=23.20 t/s 10.519s
0823 22:25:39 ds4-server: chat ctx=0..267:267 prefill chunk 245/267 (91.8%) chunk=22.33 t/s avg=23.19 t/s 10.564s
0823 22:25:39 ds4-server: chat ctx=0..267:267 prefill chunk 246/267 (92.1%) chunk=22.97 t/s avg=23.19 t/s 10.607s
0823 22:25:39 ds4-server: chat ctx=0..267:267 prefill chunk 247/267 (92.5%) chunk=22.86 t/s avg=23.19 t/s 10.651s
0823 22:25:39 ds4-server: chat ctx=0..267:267 prefill chunk 248/267 (92.9%) chunk=22.50 t/s avg=23.19 t/s 10.695s
0823 22:25:39 ds4-server: chat ctx=0..267:267 prefill chunk 249/267 (93.3%) chunk=23.13 t/s avg=23.19 t/s 10.739s
0823 22:25:40 ds4-server: chat ctx=0..267:267 prefill chunk 250/267 (93.6%) chunk=23.17 t/s avg=23.19 t/s 10.782s
0823 22:25:40 ds4-server: chat ctx=0..267:267 prefill chunk 251/267 (94.0%) chunk=22.69 t/s avg=23.19 t/s 10.826s
0823 22:25:40 ds4-server: chat ctx=0..267:267 prefill chunk 252/267 (94.4%) chunk=22.53 t/s avg=23.18 t/s 10.870s
0823 22:25:40 ds4-server: chat ctx=0..267:267 prefill chunk 253/267 (94.8%) chunk=23.28 t/s avg=23.18 t/s 10.913s
0823 22:25:40 ds4-server: chat ctx=0..267:267 prefill chunk 254/267 (95.1%) chunk=23.01 t/s avg=23.18 t/s 10.957s
0823 22:25:40 ds4-server: chat ctx=0..267:267 prefill chunk 255/267 (95.5%) chunk=22.11 t/s avg=23.18 t/s 11.002s
0823 22:25:40 ds4-server: chat ctx=0..267:267 prefill chunk 256/267 (95.9%) chunk=23.32 t/s avg=23.18 t/s 11.045s
0823 22:25:40 ds4-server: chat ctx=0..267:267 prefill chunk 257/267 (96.3%) chunk=22.89 t/s avg=23.18 t/s 11.089s
0823 22:25:40 ds4-server: chat ctx=0..267:267 prefill chunk 258/267 (96.6%) chunk=22.17 t/s avg=23.17 t/s 11.134s
0823 22:25:40 ds4-server: chat ctx=0..267:267 prefill chunk 259/267 (97.0%) chunk=23.00 t/s avg=23.17 t/s 11.177s
0823 22:25:40 ds4-server: chat ctx=0..267:267 prefill chunk 260/267 (97.4%) chunk=22.88 t/s avg=23.17 t/s 11.221s
0823 22:25:40 ds4-server: chat ctx=0..267:267 prefill chunk 261/267 (97.8%) chunk=22.20 t/s avg=23.17 t/s 11.266s
0823 22:25:40 ds4-server: chat ctx=0..267:267 prefill chunk 262/267 (98.1%) chunk=23.21 t/s avg=23.17 t/s 11.309s
0823 22:25:40 ds4-server: chat ctx=0..267:267 prefill chunk 263/267 (98.5%) chunk=22.94 t/s avg=23.17 t/s 11.353s
0823 22:25:40 ds4-server: chat ctx=0..267:267 prefill chunk 264/267 (98.9%) chunk=22.40 t/s avg=23.16 t/s 11.397s
0823 22:25:40 ds4-server: chat ctx=0..267:267 prefill chunk 265/267 (99.3%) chunk=23.01 t/s avg=23.16 t/s 11.441s
0823 22:25:40 ds4-server: chat ctx=0..267:267 prefill chunk 266/267 (99.6%) chunk=22.89 t/s avg=23.16 t/s 11.484s
0823 22:25:40 ds4-server: chat ctx=0..267:267 prefill chunk 267/267 (100.0%) chunk=22.24 t/s avg=23.16 t/s 11.529s
0823 22:25:40 ds4-server: chat ctx=0..267:267 prompt done 11.529s
0823 22:25:42 ds4-server: chat ctx=267..317:50 gen=50 THINKING decoding chunk=22.66 t/s avg=22.66 t/s 2.207s
0823 22:25:45 ds4-server: chat ctx=317..367:50 gen=100 THINKING decoding chunk=22.51 t/s avg=22.58 t/s 4.428s
0823 22:25:47 ds4-server: chat ctx=367..417:50 gen=150 THINKING decoding chunk=22.38 t/s avg=22.51 t/s 6.662s
0823 22:25:49 ds4-server: chat ctx=417..467:50 gen=200 THINKING decoding chunk=22.20 t/s avg=22.43 t/s 8.915s
0823 22:25:51 ds4-server: chat ctx=467..517:50 gen=250 THINKING decoding chunk=22.08 t/s avg=22.36 t/s 11.180s
0823 22:25:54 ds4-server: chat ctx=517..567:50 gen=300 THINKING decoding chunk=21.89 t/s avg=22.28 t/s 13.464s
0823 22:25:56 ds4-server: chat ctx=567..617:50 gen=350 THINKING decoding chunk=21.80 t/s avg=22.21 t/s 15.757s
0823 22:25:58 ds4-server: chat ctx=617..667:50 gen=400 THINKING decoding chunk=21.66 t/s avg=22.14 t/s 18.066s
0823 22:26:01 ds4-server: chat ctx=667..717:50 gen=450 THINKING decoding chunk=21.50 t/s avg=22.07 t/s 20.392s
0823 22:26:03 ds4-server: chat ctx=717..767:50 gen=500 THINKING decoding chunk=21.34 t/s avg=21.99 t/s 22.735s
0823 22:26:05 ds4-server: chat ctx=767..817:50 gen=550 THINKING decoding chunk=21.20 t/s avg=21.92 t/s 25.093s
0823 22:26:08 ds4-server: chat ctx=817..867:50 gen=600 THINKING decoding chunk=21.07 t/s avg=21.85 t/s 27.466s
0823 22:26:10 ds4-server: chat ctx=867..917:50 gen=650 THINKING decoding chunk=20.91 t/s avg=21.77 t/s 29.857s
0823 22:26:13 ds4-server: chat ctx=917..967:50 gen=700 THINKING decoding chunk=20.81 t/s avg=21.70 t/s 32.260s
0823 22:26:15 ds4-server: chat ctx=967..1017:50 gen=750 THINKING decoding chunk=20.71 t/s avg=21.63 t/s 34.674s
0823 22:26:17 ds4-server: chat ctx=1017..1067:50 gen=800 THINKING decoding chunk=20.56 t/s avg=21.56 t/s 37.106s
0823 22:26:20 ds4-server: chat ctx=1067..1117:50 gen=850 THINKING decoding chunk=20.44 t/s avg=21.49 t/s 39.553s
0823 22:26:22 ds4-server: chat ctx=1117..1167:50 gen=900 THINKING decoding chunk=20.40 t/s avg=21.43 t/s 42.004s
0823 22:26:25 ds4-server: chat ctx=1167..1217:50 gen=950 THINKING decoding chunk=20.22 t/s avg=21.36 t/s 44.476s
0823 22:26:27 ds4-server: chat ctx=1217..1267:50 gen=1000 THINKING decoding chunk=20.12 t/s avg=21.29 t/s 46.961s
0823 22:26:30 ds4-server: chat ctx=1267..1317:50 gen=1050 THINKING decoding chunk=19.96 t/s avg=21.23 t/s 49.466s
0823 22:26:32 ds4-server: chat ctx=1317..1367:50 gen=1100 THINKING decoding chunk=19.91 t/s avg=21.16 t/s 51.978s
0823 22:26:35 ds4-server: chat ctx=1367..1417:50 gen=1150 THINKING decoding chunk=19.77 t/s avg=21.10 t/s 54.507s
0823 22:26:37 ds4-server: chat ctx=1417..1467:50 gen=1200 THINKING decoding chunk=19.67 t/s avg=21.03 t/s 57.049s
0823 22:26:40 ds4-server: chat ctx=1467..1517:50 gen=1250 THINKING decoding chunk=19.56 t/s avg=20.97 t/s 59.605s
0823 22:26:42 ds4-server: chat ctx=1517..1567:50 gen=1300 THINKING decoding chunk=19.45 t/s avg=20.91 t/s 62.176s
0823 22:26:45 ds4-server: chat ctx=1567..1617:50 gen=1350 THINKING decoding chunk=19.31 t/s avg=20.84 t/s 64.765s
0823 22:26:48 ds4-server: chat ctx=1617..1667:50 gen=1400 THINKING decoding chunk=19.22 t/s avg=20.78 t/s 67.367s
0823 22:26:50 ds4-server: chat ctx=1667..1717:50 gen=1450 THINKING decoding chunk=18.94 t/s avg=20.71 t/s 70.007s
0823 22:26:53 ds4-server: chat ctx=1717..1767:50 gen=1500 THINKING decoding chunk=19.02 t/s avg=20.65 t/s 72.636s
0823 22:26:56 ds4-server: chat ctx=1767..1817:50 gen=1550 THINKING decoding chunk=18.97 t/s avg=20.59 t/s 75.272s
0823 22:26:58 ds4-server: chat ctx=1817..1867:50 gen=1600 THINKING decoding chunk=18.86 t/s avg=20.53 t/s 77.923s
0823 22:27:01 ds4-server: chat ctx=1867..1917:50 gen=1650 THINKING decoding chunk=18.69 t/s avg=20.47 t/s 80.599s
0823 22:27:04 ds4-server: chat ctx=1917..1967:50 gen=1700 THINKING decoding chunk=18.57 t/s avg=20.41 t/s 83.291s
0823 22:27:06 ds4-server: chat ctx=1967..2017:50 gen=1750 THINKING decoding chunk=18.50 t/s avg=20.35 t/s 85.993s
0823 22:27:09 ds4-server: chat ctx=2017..2067:50 gen=1800 decoding chunk=18.42 t/s avg=20.29 t/s 88.707s
0823 22:27:12 ds4-server: chat ctx=2067..2117:50 gen=1850 decoding chunk=18.30 t/s avg=20.23 t/s 91.438s
0823 22:27:14 ds4-server: chat ctx=2117..2167:50 gen=1900 decoding chunk=18.25 t/s avg=20.17 t/s 94.179s
0823 22:27:17 ds4-server: chat ctx=2167..2217:50 gen=1950 decoding chunk=18.14 t/s avg=20.12 t/s 96.935s
0823 22:27:20 ds4-server: chat ctx=2217..2267:50 gen=2000 decoding chunk=18.02 t/s avg=20.06 t/s 99.711s
0823 22:27:21 ds4-server: chat ctx=2267..2281:14 gen=2014 decoding chunk=18.01 t/s avg=20.04 t/s 100.488s
0823 22:27:21 ds4-server: thinking live checkpoint remembered ctx=0..267:267 live=2281 visible=2637
0823 22:27:21 ds4-server: chat ctx=0..267:267 gen=2014 finish=stop 112.018s
0823 22:27:21 ds4-server: live kv cache miss live=2281 prompt=112 common=56 reason=token-mismatch
0823 22:27:21 ds4-server: chat ctx=0..112:112 prompt start
0823 22:27:21 ds4-server: chat ctx=0..112:112 prefill chunk 1/112 (0.9%) chunk=0.00 t/s avg=22.02 t/s 0.045s
0823 22:27:21 ds4-server: chat ctx=0..112:112 prefill chunk 2/112 (1.8%) chunk=23.86 t/s avg=22.90 t/s 0.087s
0823 22:27:21 ds4-server: chat ctx=0..112:112 prefill chunk 3/112 (2.7%) chunk=23.72 t/s avg=23.17 t/s 0.129s
0823 22:27:21 ds4-server: chat ctx=0..112:112 prefill chunk 4/112 (3.6%) chunk=22.72 t/s avg=23.05 t/s 0.174s
0823 22:27:21 ds4-server: chat ctx=0..112:112 prefill chunk 5/112 (4.5%) chunk=23.59 t/s avg=23.16 t/s 0.216s
0823 22:27:21 ds4-server: chat ctx=0..112:112 prefill chunk 6/112 (5.4%) chunk=23.78 t/s avg=23.26 t/s 0.258s
0823 22:27:21 ds4-server: chat ctx=0..112:112 prefill chunk 7/112 (6.2%) chunk=23.45 t/s avg=23.29 t/s 0.301s
0823 22:27:21 ds4-server: chat ctx=0..112:112 prefill chunk 8/112 (7.1%) chunk=22.77 t/s avg=23.22 t/s 0.345s
0823 22:27:21 ds4-server: chat ctx=0..112:112 prefill chunk 9/112 (8.0%) chunk=23.65 t/s avg=23.27 t/s 0.387s
0823 22:27:21 ds4-server: chat ctx=0..112:112 prefill chunk 10/112 (8.9%) chunk=23.53 t/s avg=23.29 t/s 0.429s
0823 22:27:21 ds4-server: chat ctx=0..112:112 prefill chunk 11/112 (9.8%) chunk=23.54 t/s avg=23.32 t/s 0.472s
0823 22:27:21 ds4-server: chat ctx=0..112:112 prefill chunk 12/112 (10.7%) chunk=23.11 t/s avg=23.30 t/s 0.515s
0823 22:27:21 ds4-server: chat ctx=0..112:112 prefill chunk 13/112 (11.6%) chunk=23.88 t/s avg=23.34 t/s 0.557s
0823 22:27:21 ds4-server: chat ctx=0..112:112 prefill chunk 14/112 (12.5%) chunk=23.66 t/s avg=23.37 t/s 0.599s
0823 22:27:21 ds4-server: chat ctx=0..112:112 prefill chunk 15/112 (13.4%) chunk=22.91 t/s avg=23.33 t/s 0.643s
0823 22:27:21 ds4-server: chat ctx=0..112:112 prefill chunk 16/112 (14.3%) chunk=23.79 t/s avg=23.36 t/s 0.685s
0823 22:27:21 ds4-server: chat ctx=0..112:112 prefill chunk 17/112 (15.2%) chunk=23.50 t/s avg=23.37 t/s 0.727s
0823 22:27:22 ds4-server: chat ctx=0..112:112 prefill chunk 18/112 (16.1%) chunk=23.81 t/s avg=23.40 t/s 0.769s
0823 22:27:22 ds4-server: chat ctx=0..112:112 prefill chunk 19/112 (17.0%) chunk=22.78 t/s avg=23.36 t/s 0.813s
0823 22:27:22 ds4-server: chat ctx=0..112:112 prefill chunk 20/112 (17.9%) chunk=23.62 t/s avg=23.37 t/s 0.856s
0823 22:27:22 ds4-server: chat ctx=0..112:112 prefill chunk 21/112 (18.8%) chunk=23.39 t/s avg=23.38 t/s 0.898s
0823 22:27:22 ds4-server: chat ctx=0..112:112 prefill chunk 22/112 (19.6%) chunk=23.08 t/s avg=23.36 t/s 0.942s
0823 22:27:22 ds4-server: chat ctx=0..112:112 prefill chunk 23/112 (20.5%) chunk=23.60 t/s avg=23.37 t/s 0.984s
0823 22:27:22 ds4-server: chat ctx=0..112:112 prefill chunk 24/112 (21.4%) chunk=23.76 t/s avg=23.39 t/s 1.026s
0823 22:27:22 ds4-server: chat ctx=0..112:112 prefill chunk 25/112 (22.3%) chunk=23.72 t/s avg=23.40 t/s 1.068s
0823 22:27:22 ds4-server: chat ctx=0..112:112 prefill chunk 26/112 (23.2%) chunk=22.64 t/s avg=23.37 t/s 1.113s
0823 22:27:22 ds4-server: chat ctx=0..112:112 prefill chunk 27/112 (24.1%) chunk=23.81 t/s avg=23.39 t/s 1.155s
0823 22:27:22 ds4-server: chat ctx=0..112:112 prefill chunk 28/112 (25.0%) chunk=23.64 t/s avg=23.40 t/s 1.197s
0823 22:27:22 ds4-server: chat ctx=0..112:112 prefill chunk 29/112 (25.9%) chunk=22.75 t/s avg=23.37 t/s 1.241s
0823 22:27:22 ds4-server: chat ctx=0..112:112 prefill chunk 30/112 (26.8%) chunk=23.42 t/s avg=23.37 t/s 1.283s
0823 22:27:22 ds4-server: chat ctx=0..112:112 prefill chunk 31/112 (27.7%) chunk=23.68 t/s avg=23.38 t/s 1.326s
0823 22:27:22 ds4-server: chat ctx=0..112:112 prefill chunk 32/112 (28.6%) chunk=23.74 t/s avg=23.39 t/s 1.368s
0823 22:27:22 ds4-server: chat ctx=0..112:112 prefill chunk 33/112 (29.5%) chunk=22.48 t/s avg=23.37 t/s 1.412s
0823 22:27:22 ds4-server: chat ctx=0..112:112 prefill chunk 34/112 (30.4%) chunk=23.73 t/s avg=23.38 t/s 1.454s
0823 22:27:22 ds4-server: chat ctx=0..112:112 prefill chunk 35/112 (31.2%) chunk=23.82 t/s avg=23.39 t/s 1.496s
0823 22:27:22 ds4-server: chat ctx=0..112:112 prefill chunk 36/112 (32.1%) chunk=23.30 t/s avg=23.39 t/s 1.539s
0823 22:27:22 ds4-server: chat ctx=0..112:112 prefill chunk 37/112 (33.0%) chunk=23.09 t/s avg=23.38 t/s 1.583s
0823 22:27:22 ds4-server: chat ctx=0..112:112 prefill chunk 38/112 (33.9%) chunk=23.76 t/s avg=23.39 t/s 1.625s
0823 22:27:22 ds4-server: chat ctx=0..112:112 prefill chunk 39/112 (34.8%) chunk=23.44 t/s avg=23.39 t/s 1.667s
0823 22:27:22 ds4-server: chat ctx=0..112:112 prefill chunk 40/112 (35.7%) chunk=22.86 t/s avg=23.38 t/s 1.711s
0823 22:27:22 ds4-server: chat ctx=0..112:112 prefill chunk 41/112 (36.6%) chunk=23.72 t/s avg=23.38 t/s 1.753s
0823 22:27:23 ds4-server: chat ctx=0..112:112 prefill chunk 42/112 (37.5%) chunk=23.36 t/s avg=23.38 t/s 1.796s
0823 22:27:23 ds4-server: chat ctx=0..112:112 prefill chunk 43/112 (38.4%) chunk=22.90 t/s avg=23.37 t/s 1.840s
0823 22:27:23 ds4-server: chat ctx=0..112:112 prefill chunk 44/112 (39.3%) chunk=23.43 t/s avg=23.37 t/s 1.882s
0823 22:27:23 ds4-server: chat ctx=0..112:112 prefill chunk 45/112 (40.2%) chunk=23.64 t/s avg=23.38 t/s 1.925s
0823 22:27:23 ds4-server: chat ctx=0..112:112 prefill chunk 46/112 (41.1%) chunk=23.34 t/s avg=23.38 t/s 1.968s
0823 22:27:23 ds4-server: chat ctx=0..112:112 prefill chunk 47/112 (42.0%) chunk=22.39 t/s avg=23.36 t/s 2.012s
0823 22:27:23 ds4-server: chat ctx=0..112:112 prefill chunk 48/112 (42.9%) chunk=23.74 t/s avg=23.36 t/s 2.054s
0823 22:27:23 ds4-server: chat ctx=0..112:112 prefill chunk 49/112 (43.8%) chunk=23.38 t/s avg=23.36 t/s 2.097s
0823 22:27:23 ds4-server: chat ctx=0..112:112 prefill chunk 50/112 (44.6%) chunk=22.81 t/s avg=23.35 t/s 2.141s
0823 22:27:23 ds4-server: chat ctx=0..112:112 prefill chunk 51/112 (45.5%) chunk=23.49 t/s avg=23.36 t/s 2.184s
0823 22:27:23 ds4-server: chat ctx=0..112:112 prefill chunk 52/112 (46.4%) chunk=23.88 t/s avg=23.37 t/s 2.225s
0823 22:27:23 ds4-server: chat ctx=0..112:112 prefill chunk 53/112 (47.3%) chunk=23.56 t/s avg=23.37 t/s 2.268s
0823 22:27:23 ds4-server: chat ctx=0..112:112 prefill chunk 54/112 (48.2%) chunk=22.80 t/s avg=23.36 t/s 2.312s
0823 22:27:23 ds4-server: chat ctx=0..112:112 prefill chunk 55/112 (49.1%) chunk=23.81 t/s avg=23.37 t/s 2.354s
0823 22:27:23 ds4-server: chat ctx=0..112:112 prefill chunk 56/112 (50.0%) chunk=23.56 t/s avg=23.37 t/s 2.396s
0823 22:27:23 ds4-server: chat ctx=0..112:112 prefill chunk 57/112 (50.9%) chunk=22.80 t/s avg=23.36 t/s 2.440s
0823 22:27:23 ds4-server: chat ctx=0..112:112 prefill chunk 58/112 (51.8%) chunk=23.54 t/s avg=23.36 t/s 2.483s
0823 22:27:23 ds4-server: chat ctx=0..112:112 prefill chunk 59/112 (52.7%) chunk=23.69 t/s avg=23.37 t/s 2.525s
0823 22:27:23 ds4-server: chat ctx=0..112:112 prefill chunk 60/112 (53.6%) chunk=23.32 t/s avg=23.37 t/s 2.568s
0823 22:27:23 ds4-server: chat ctx=0..112:112 prefill chunk 61/112 (54.5%) chunk=22.54 t/s avg=23.35 t/s 2.612s
0823 22:27:23 ds4-server: chat ctx=0..112:112 prefill chunk 62/112 (55.4%) chunk=23.54 t/s avg=23.36 t/s 2.655s
0823 22:27:23 ds4-server: chat ctx=0..112:112 prefill chunk 63/112 (56.2%) chunk=23.59 t/s avg=23.36 t/s 2.697s
0823 22:27:23 ds4-server: chat ctx=0..112:112 prefill chunk 64/112 (57.1%) chunk=22.95 t/s avg=23.35 t/s 2.740s
0823 22:27:24 ds4-server: chat ctx=0..112:112 prefill chunk 65/112 (58.0%) chunk=23.40 t/s avg=23.35 t/s 2.783s
0823 22:27:24 ds4-server: chat ctx=0..112:112 prefill chunk 66/112 (58.9%) chunk=23.66 t/s avg=23.36 t/s 2.825s
0823 22:27:24 ds4-server: chat ctx=0..112:112 prefill chunk 67/112 (59.8%) chunk=23.30 t/s avg=23.36 t/s 2.868s
0823 22:27:24 ds4-server: chat ctx=0..112:112 prefill chunk 68/112 (60.7%) chunk=22.57 t/s avg=23.35 t/s 2.913s
0823 22:27:24 ds4-server: chat ctx=0..112:112 prefill chunk 69/112 (61.6%) chunk=23.66 t/s avg=23.35 t/s 2.955s
0823 22:27:24 ds4-server: chat ctx=0..112:112 prefill chunk 70/112 (62.5%) chunk=23.52 t/s avg=23.35 t/s 2.998s
0823 22:27:24 ds4-server: chat ctx=0..112:112 prefill chunk 71/112 (63.4%) chunk=22.83 t/s avg=23.35 t/s 3.041s
0823 22:27:24 ds4-server: chat ctx=0..112:112 prefill chunk 72/112 (64.3%) chunk=23.27 t/s avg=23.34 t/s 3.084s
0823 22:27:24 ds4-server: chat ctx=0..112:112 prefill chunk 73/112 (65.2%) chunk=23.65 t/s avg=23.35 t/s 3.127s
0823 22:27:24 ds4-server: chat ctx=0..112:112 prefill chunk 74/112 (66.1%) chunk=23.79 t/s avg=23.35 t/s 3.169s
0823 22:27:24 ds4-server: chat ctx=0..112:112 prefill chunk 75/112 (67.0%) chunk=22.62 t/s avg=23.34 t/s 3.213s
0823 22:27:24 ds4-server: chat ctx=0..112:112 prefill chunk 76/112 (67.9%) chunk=23.51 t/s avg=23.35 t/s 3.255s
0823 22:27:24 ds4-server: chat ctx=0..112:112 prefill chunk 77/112 (68.8%) chunk=23.73 t/s avg=23.35 t/s 3.297s
0823 22:27:24 ds4-server: chat ctx=0..112:112 prefill chunk 78/112 (69.6%) chunk=22.98 t/s avg=23.35 t/s 3.341s
0823 22:27:24 ds4-server: chat ctx=0..112:112 prefill chunk 79/112 (70.5%) chunk=23.46 t/s avg=23.35 t/s 3.384s
0823 22:27:24 ds4-server: chat ctx=0..112:112 prefill chunk 80/112 (71.4%) chunk=23.64 t/s avg=23.35 t/s 3.426s
0823 22:27:24 ds4-server: chat ctx=0..112:112 prefill chunk 81/112 (72.3%) chunk=23.55 t/s avg=23.35 t/s 3.468s
0823 22:27:24 ds4-server: chat ctx=0..112:112 prefill chunk 82/112 (73.2%) chunk=22.28 t/s avg=23.34 t/s 3.513s
0823 22:27:24 ds4-server: chat ctx=0..112:112 prefill chunk 83/112 (74.1%) chunk=23.63 t/s avg=23.34 t/s 3.556s
0823 22:27:24 ds4-server: chat ctx=0..112:112 prefill chunk 84/112 (75.0%) chunk=23.64 t/s avg=23.35 t/s 3.598s
0823 22:27:24 ds4-server: chat ctx=0..112:112 prefill chunk 85/112 (75.9%) chunk=22.72 t/s avg=23.34 t/s 3.642s
0823 22:27:24 ds4-server: chat ctx=0..112:112 prefill chunk 86/112 (76.8%) chunk=23.62 t/s avg=23.34 t/s 3.684s
0823 22:27:24 ds4-server: chat ctx=0..112:112 prefill chunk 87/112 (77.7%) chunk=23.64 t/s avg=23.35 t/s 3.727s
0823 22:27:25 ds4-server: chat ctx=0..112:112 prefill chunk 88/112 (78.6%) chunk=23.61 t/s avg=23.35 t/s 3.769s
0823 22:27:25 ds4-server: chat ctx=0..112:112 prefill chunk 89/112 (79.5%) chunk=22.48 t/s avg=23.34 t/s 3.813s
0823 22:27:25 ds4-server: chat ctx=0..112:112 prefill chunk 90/112 (80.4%) chunk=23.78 t/s avg=23.34 t/s 3.855s
0823 22:27:25 ds4-server: chat ctx=0..112:112 prefill chunk 91/112 (81.2%) chunk=23.42 t/s avg=23.34 t/s 3.898s
0823 22:27:25 ds4-server: chat ctx=0..112:112 prefill chunk 92/112 (82.1%) chunk=22.76 t/s avg=23.34 t/s 3.942s
0823 22:27:25 ds4-server: chat ctx=0..112:112 prefill chunk 93/112 (83.0%) chunk=23.46 t/s avg=23.34 t/s 3.985s
0823 22:27:25 ds4-server: chat ctx=0..112:112 prefill chunk 94/112 (83.9%) chunk=23.68 t/s avg=23.34 t/s 4.027s
0823 22:27:25 ds4-server: chat ctx=0..112:112 prefill chunk 95/112 (84.8%) chunk=23.49 t/s avg=23.34 t/s 4.069s
0823 22:27:25 ds4-server: chat ctx=0..112:112 prefill chunk 96/112 (85.7%) chunk=22.69 t/s avg=23.34 t/s 4.114s
0823 22:27:25 ds4-server: chat ctx=0..112:112 prefill chunk 97/112 (86.6%) chunk=23.77 t/s avg=23.34 t/s 4.156s
0823 22:27:25 ds4-server: chat ctx=0..112:112 prefill chunk 98/112 (87.5%) chunk=23.50 t/s avg=23.34 t/s 4.198s
0823 22:27:25 ds4-server: chat ctx=0..112:112 prefill chunk 99/112 (88.4%) chunk=22.74 t/s avg=23.34 t/s 4.242s
0823 22:27:25 ds4-server: chat ctx=0..112:112 prefill chunk 100/112 (89.3%) chunk=23.41 t/s avg=23.34 t/s 4.285s
0823 22:27:25 ds4-server: chat ctx=0..112:112 prefill chunk 101/112 (90.2%) chunk=23.35 t/s avg=23.34 t/s 4.328s
0823 22:27:25 ds4-server: chat ctx=0..112:112 prefill chunk 102/112 (91.1%) chunk=23.21 t/s avg=23.34 t/s 4.371s
0823 22:27:25 ds4-server: chat ctx=0..112:112 prefill chunk 103/112 (92.0%) chunk=22.88 t/s avg=23.33 t/s 4.414s
0823 22:27:25 ds4-server: chat ctx=0..112:112 prefill chunk 104/112 (92.9%) chunk=23.64 t/s avg=23.34 t/s 4.457s
0823 22:27:25 ds4-server: chat ctx=0..112:112 prefill chunk 105/112 (93.8%) chunk=23.41 t/s avg=23.34 t/s 4.500s
0823 22:27:25 ds4-server: chat ctx=0..112:112 prefill chunk 106/112 (94.6%) chunk=22.77 t/s avg=23.33 t/s 4.543s
0823 22:27:25 ds4-server: chat ctx=0..112:112 prefill chunk 107/112 (95.5%) chunk=23.61 t/s avg=23.33 t/s 4.586s
0823 22:27:25 ds4-server: chat ctx=0..112:112 prefill chunk 108/112 (96.4%) chunk=23.43 t/s avg=23.33 t/s 4.628s
0823 22:27:25 ds4-server: chat ctx=0..112:112 prefill chunk 109/112 (97.3%) chunk=23.23 t/s avg=23.33 t/s 4.672s
0823 22:27:25 ds4-server: chat ctx=0..112:112 prefill chunk 110/112 (98.2%) chunk=23.04 t/s avg=23.33 t/s 4.715s
0823 22:27:25 ds4-server: chat ctx=0..112:112 prefill chunk 111/112 (99.1%) chunk=23.66 t/s avg=23.33 t/s 4.757s
0823 22:27:26 ds4-server: chat ctx=0..112:112 prefill chunk 112/112 (100.0%) chunk=23.54 t/s avg=23.34 t/s 4.800s
0823 22:27:26 ds4-server: chat ctx=0..112:112 prompt done 4.800s
0823 22:27:28 ds4-server: chat ctx=112..162:50 gen=50 THINKING decoding chunk=23.13 t/s avg=23.13 t/s 2.162s
0823 22:27:30 ds4-server: chat ctx=162..212:50 gen=100 THINKING decoding chunk=22.93 t/s avg=23.03 t/s 4.342s
0823 22:27:32 ds4-server: chat ctx=212..262:50 gen=150 THINKING decoding chunk=22.82 t/s avg=22.96 t/s 6.533s
0823 22:27:34 ds4-server: chat ctx=262..312:50 gen=200 THINKING decoding chunk=22.64 t/s avg=22.88 t/s 8.741s
0823 22:27:37 ds4-server: chat ctx=312..362:50 gen=250 THINKING decoding chunk=22.52 t/s avg=22.81 t/s 10.961s
0823 22:27:39 ds4-server: chat ctx=362..412:50 gen=300 THINKING decoding chunk=22.40 t/s avg=22.74 t/s 13.193s
0823 22:27:41 ds4-server: chat ctx=412..462:50 gen=350 THINKING decoding chunk=22.25 t/s avg=22.67 t/s 15.440s
0823 22:27:43 ds4-server: chat ctx=462..512:50 gen=400 THINKING decoding chunk=22.08 t/s avg=22.59 t/s 17.705s
0823 22:27:46 ds4-server: chat ctx=512..562:50 gen=450 THINKING decoding chunk=21.98 t/s avg=22.52 t/s 19.980s
0823 22:27:48 ds4-server: chat ctx=562..612:50 gen=500 THINKING decoding chunk=21.84 t/s avg=22.45 t/s 22.269s
0823 22:27:50 ds4-server: chat ctx=612..662:50 gen=550 decoding chunk=21.64 t/s avg=22.38 t/s 24.579s
0823 22:27:52 ds4-server: chat ctx=662..712:50 gen=600 decoding chunk=21.51 t/s avg=22.30 t/s 26.904s
0823 22:27:55 ds4-server: chat ctx=712..762:50 gen=650 decoding chunk=21.39 t/s avg=22.23 t/s 29.242s
0823 22:27:57 ds4-server: chat ctx=762..812:50 gen=700 decoding chunk=21.24 t/s avg=22.16 t/s 31.595s
0823 22:28:00 ds4-server: chat ctx=812..862:50 gen=750 decoding chunk=21.11 t/s avg=22.08 t/s 33.964s
0823 22:28:00 ds4-server: chat ctx=862..873:11 gen=761 decoding chunk=20.96 t/s avg=22.06 t/s 34.489s
0823 22:28:00 ds4-server: thinking live checkpoint remembered ctx=0..112:112 live=873 visible=1322
0823 22:28:00 ds4-server: chat ctx=0..112:112 gen=761 finish=stop 39.289s
0823 22:28:00 ds4-server: live kv cache miss live=873 prompt=177 common=56 reason=token-mismatch
0823 22:28:00 ds4-server: chat ctx=0..177:177 prompt start
0823 22:28:00 ds4-server: chat ctx=0..177:177 prefill chunk 1/177 (0.6%) chunk=0.00 t/s avg=22.89 t/s 0.044s
0823 22:28:00 ds4-server: chat ctx=0..177:177 prefill chunk 2/177 (1.1%) chunk=23.18 t/s avg=23.03 t/s 0.087s
0823 22:28:00 ds4-server: chat ctx=0..177:177 prefill chunk 3/177 (1.7%) chunk=23.91 t/s avg=23.32 t/s 0.129s
0823 22:28:00 ds4-server: chat ctx=0..177:177 prefill chunk 4/177 (2.3%) chunk=23.60 t/s avg=23.39 t/s 0.171s
0823 22:28:00 ds4-server: chat ctx=0..177:177 prefill chunk 5/177 (2.8%) chunk=23.18 t/s avg=23.35 t/s 0.214s
0823 22:28:00 ds4-server: chat ctx=0..177:177 prefill chunk 6/177 (3.4%) chunk=23.51 t/s avg=23.37 t/s 0.257s
0823 22:28:00 ds4-server: chat ctx=0..177:177 prefill chunk 7/177 (4.0%) chunk=23.83 t/s avg=23.44 t/s 0.299s
0823 22:28:00 ds4-server: chat ctx=0..177:177 prefill chunk 8/177 (4.5%) chunk=23.53 t/s avg=23.45 t/s 0.341s
0823 22:28:00 ds4-server: chat ctx=0..177:177 prefill chunk 9/177 (5.1%) chunk=23.16 t/s avg=23.42 t/s 0.384s
0823 22:28:00 ds4-server: chat ctx=0..177:177 prefill chunk 10/177 (5.6%) chunk=23.55 t/s avg=23.43 t/s 0.427s
0823 22:28:01 ds4-server: chat ctx=0..177:177 prefill chunk 11/177 (6.2%) chunk=23.37 t/s avg=23.42 t/s 0.470s
0823 22:28:01 ds4-server: chat ctx=0..177:177 prefill chunk 12/177 (6.8%) chunk=22.82 t/s avg=23.37 t/s 0.513s
0823 22:28:01 ds4-server: chat ctx=0..177:177 prefill chunk 13/177 (7.3%) chunk=23.62 t/s avg=23.39 t/s 0.556s
0823 22:28:01 ds4-server: chat ctx=0..177:177 prefill chunk 14/177 (7.9%) chunk=23.83 t/s avg=23.42 t/s 0.598s
0823 22:28:01 ds4-server: chat ctx=0..177:177 prefill chunk 15/177 (8.5%) chunk=23.51 t/s avg=23.43 t/s 0.640s
0823 22:28:01 ds4-server: chat ctx=0..177:177 prefill chunk 16/177 (9.0%) chunk=23.17 t/s avg=23.41 t/s 0.683s
0823 22:28:01 ds4-server: chat ctx=0..177:177 prefill chunk 17/177 (9.6%) chunk=23.58 t/s avg=23.42 t/s 0.726s
0823 22:28:01 ds4-server: chat ctx=0..177:177 prefill chunk 18/177 (10.2%) chunk=23.90 t/s avg=23.45 t/s 0.768s
0823 22:28:01 ds4-server: chat ctx=0..177:177 prefill chunk 19/177 (10.7%) chunk=23.10 t/s avg=23.43 t/s 0.811s
0823 22:28:01 ds4-server: chat ctx=0..177:177 prefill chunk 20/177 (11.3%) chunk=23.26 t/s avg=23.42 t/s 0.854s
0823 22:28:01 ds4-server: chat ctx=0..177:177 prefill chunk 21/177 (11.9%) chunk=23.87 t/s avg=23.44 t/s 0.896s
0823 22:28:01 ds4-server: chat ctx=0..177:177 prefill chunk 22/177 (12.4%) chunk=23.61 t/s avg=23.45 t/s 0.938s
0823 22:28:01 ds4-server: chat ctx=0..177:177 prefill chunk 23/177 (13.0%) chunk=22.99 t/s avg=23.43 t/s 0.982s
0823 22:28:01 ds4-server: chat ctx=0..177:177 prefill chunk 24/177 (13.6%) chunk=23.68 t/s avg=23.44 t/s 1.024s
0823 22:28:01 ds4-server: chat ctx=0..177:177 prefill chunk 25/177 (14.1%) chunk=23.89 t/s avg=23.46 t/s 1.066s
0823 22:28:01 ds4-server: chat ctx=0..177:177 prefill chunk 26/177 (14.7%) chunk=23.30 t/s avg=23.45 t/s 1.109s
0823 22:28:01 ds4-server: chat ctx=0..177:177 prefill chunk 27/177 (15.3%) chunk=23.28 t/s avg=23.44 t/s 1.152s
0823 22:28:01 ds4-server: chat ctx=0..177:177 prefill chunk 28/177 (15.8%) chunk=23.36 t/s avg=23.44 t/s 1.194s
0823 22:28:01 ds4-server: chat ctx=0..177:177 prefill chunk 29/177 (16.4%) chunk=23.40 t/s avg=23.44 t/s 1.237s
0823 22:28:01 ds4-server: chat ctx=0..177:177 prefill chunk 30/177 (16.9%) chunk=22.83 t/s avg=23.42 t/s 1.281s
0823 22:28:01 ds4-server: chat ctx=0..177:177 prefill chunk 31/177 (17.5%) chunk=23.62 t/s avg=23.43 t/s 1.323s
0823 22:28:01 ds4-server: chat ctx=0..177:177 prefill chunk 32/177 (18.1%) chunk=23.85 t/s avg=23.44 t/s 1.365s
0823 22:28:01 ds4-server: chat ctx=0..177:177 prefill chunk 33/177 (18.6%) chunk=23.59 t/s avg=23.44 t/s 1.408s
0823 22:28:01 ds4-server: chat ctx=0..177:177 prefill chunk 34/177 (19.2%) chunk=22.93 t/s avg=23.43 t/s 1.451s
0823 22:28:02 ds4-server: chat ctx=0..177:177 prefill chunk 35/177 (19.8%) chunk=23.56 t/s avg=23.43 t/s 1.494s
0823 22:28:02 ds4-server: chat ctx=0..177:177 prefill chunk 36/177 (20.3%) chunk=23.28 t/s avg=23.43 t/s 1.537s
0823 22:28:02 ds4-server: chat ctx=0..177:177 prefill chunk 37/177 (20.9%) chunk=23.45 t/s avg=23.43 t/s 1.579s
0823 22:28:02 ds4-server: chat ctx=0..177:177 prefill chunk 38/177 (21.5%) chunk=23.23 t/s avg=23.42 t/s 1.622s
0823 22:28:02 ds4-server: chat ctx=0..177:177 prefill chunk 39/177 (22.0%) chunk=23.76 t/s avg=23.43 t/s 1.664s
0823 22:28:02 ds4-server: chat ctx=0..177:177 prefill chunk 40/177 (22.6%) chunk=23.46 t/s avg=23.43 t/s 1.707s
0823 22:28:02 ds4-server: chat ctx=0..177:177 prefill chunk 41/177 (23.2%) chunk=22.98 t/s avg=23.42 t/s 1.751s
0823 22:28:02 ds4-server: chat ctx=0..177:177 prefill chunk 42/177 (23.7%) chunk=23.74 t/s avg=23.43 t/s 1.793s
0823 22:28:02 ds4-server: chat ctx=0..177:177 prefill chunk 43/177 (24.3%) chunk=23.45 t/s avg=23.43 t/s 1.835s
0823 22:28:02 ds4-server: chat ctx=0..177:177 prefill chunk 44/177 (24.9%) chunk=23.77 t/s avg=23.44 t/s 1.877s
0823 22:28:02 ds4-server: chat ctx=0..177:177 prefill chunk 45/177 (25.4%) chunk=22.58 t/s avg=23.42 t/s 1.922s
0823 22:28:02 ds4-server: chat ctx=0..177:177 prefill chunk 46/177 (26.0%) chunk=23.83 t/s avg=23.43 t/s 1.964s
0823 22:28:02 ds4-server: chat ctx=0..177:177 prefill chunk 47/177 (26.6%) chunk=23.64 t/s avg=23.43 t/s 2.006s
0823 22:28:02 ds4-server: chat ctx=0..177:177 prefill chunk 48/177 (27.1%) chunk=22.70 t/s avg=23.41 t/s 2.050s
0823 22:28:02 ds4-server: chat ctx=0..177:177 prefill chunk 49/177 (27.7%) chunk=23.38 t/s avg=23.41 t/s 2.093s
0823 22:28:02 ds4-server: chat ctx=0..177:177 prefill chunk 50/177 (28.2%) chunk=23.13 t/s avg=23.41 t/s 2.136s
0823 22:28:02 ds4-server: chat ctx=0..177:177 prefill chunk 51/177 (28.8%) chunk=23.34 t/s avg=23.41 t/s 2.179s
0823 22:28:02 ds4-server: chat ctx=0..177:177 prefill chunk 52/177 (29.4%) chunk=22.97 t/s avg=23.40 t/s 2.222s
0823 22:28:02 ds4-server: chat ctx=0..177:177 prefill chunk 53/177 (29.9%) chunk=23.61 t/s avg=23.40 t/s 2.265s
0823 22:28:02 ds4-server: chat ctx=0..177:177 prefill chunk 54/177 (30.5%) chunk=23.48 t/s avg=23.40 t/s 2.307s
0823 22:28:02 ds4-server: chat ctx=0..177:177 prefill chunk 55/177 (31.1%) chunk=22.96 t/s avg=23.40 t/s 2.351s
0823 22:28:02 ds4-server: chat ctx=0..177:177 prefill chunk 56/177 (31.6%) chunk=23.53 t/s avg=23.40 t/s 2.393s
0823 22:28:02 ds4-server: chat ctx=0..177:177 prefill chunk 57/177 (32.2%) chunk=23.52 t/s avg=23.40 t/s 2.436s
0823 22:28:03 ds4-server: chat ctx=0..177:177 prefill chunk 58/177 (32.8%) chunk=23.74 t/s avg=23.41 t/s 2.478s
0823 22:28:03 ds4-server: chat ctx=0..177:177 prefill chunk 59/177 (33.3%) chunk=22.78 t/s avg=23.39 t/s 2.522s
0823 22:28:03 ds4-server: chat ctx=0..177:177 prefill chunk 60/177 (33.9%) chunk=23.71 t/s avg=23.40 t/s 2.564s
0823 22:28:03 ds4-server: chat ctx=0..177:177 prefill chunk 61/177 (34.5%) chunk=23.39 t/s avg=23.40 t/s 2.607s
0823 22:28:03 ds4-server: chat ctx=0..177:177 prefill chunk 62/177 (35.0%) chunk=22.94 t/s avg=23.39 t/s 2.650s
0823 22:28:03 ds4-server: chat ctx=0..177:177 prefill chunk 63/177 (35.6%) chunk=23.66 t/s avg=23.40 t/s 2.693s
0823 22:28:03 ds4-server: chat ctx=0..177:177 prefill chunk 64/177 (36.2%) chunk=23.21 t/s avg=23.39 t/s 2.736s
0823 22:28:03 ds4-server: chat ctx=0..177:177 prefill chunk 65/177 (36.7%) chunk=23.68 t/s avg=23.40 t/s 2.778s
0823 22:28:03 ds4-server: chat ctx=0..177:177 prefill chunk 66/177 (37.3%) chunk=22.65 t/s avg=23.39 t/s 2.822s
0823 22:28:03 ds4-server: chat ctx=0..177:177 prefill chunk 67/177 (37.9%) chunk=23.79 t/s avg=23.39 t/s 2.864s
0823 22:28:03 ds4-server: chat ctx=0..177:177 prefill chunk 68/177 (38.4%) chunk=23.60 t/s avg=23.40 t/s 2.907s
0823 22:28:03 ds4-server: chat ctx=0..177:177 prefill chunk 69/177 (39.0%) chunk=22.88 t/s avg=23.39 t/s 2.950s
0823 22:28:03 ds4-server: chat ctx=0..177:177 prefill chunk 70/177 (39.5%) chunk=23.75 t/s avg=23.39 t/s 2.992s
0823 22:28:03 ds4-server: chat ctx=0..177:177 prefill chunk 71/177 (40.1%) chunk=23.99 t/s avg=23.40 t/s 3.034s
0823 22:28:03 ds4-server: chat ctx=0..177:177 prefill chunk 72/177 (40.7%) chunk=23.63 t/s avg=23.40 t/s 3.076s
0823 22:28:03 ds4-server: chat ctx=0..177:177 prefill chunk 73/177 (41.2%) chunk=22.84 t/s avg=23.40 t/s 3.120s
0823 22:28:03 ds4-server: chat ctx=0..177:177 prefill chunk 74/177 (41.8%) chunk=23.65 t/s avg=23.40 t/s 3.162s
0823 22:28:03 ds4-server: chat ctx=0..177:177 prefill chunk 75/177 (42.4%) chunk=23.66 t/s avg=23.40 t/s 3.205s
0823 22:28:03 ds4-server: chat ctx=0..177:177 prefill chunk 76/177 (42.9%) chunk=23.26 t/s avg=23.40 t/s 3.248s
0823 22:28:03 ds4-server: chat ctx=0..177:177 prefill chunk 77/177 (43.5%) chunk=23.17 t/s avg=23.40 t/s 3.291s
0823 22:28:03 ds4-server: chat ctx=0..177:177 prefill chunk 78/177 (44.1%) chunk=23.80 t/s avg=23.40 t/s 3.333s
0823 22:28:03 ds4-server: chat ctx=0..177:177 prefill chunk 79/177 (44.6%) chunk=23.51 t/s avg=23.40 t/s 3.375s
0823 22:28:03 ds4-server: chat ctx=0..177:177 prefill chunk 80/177 (45.2%) chunk=22.46 t/s avg=23.39 t/s 3.420s
0823 22:28:03 ds4-server: chat ctx=0..177:177 prefill chunk 81/177 (45.8%) chunk=23.78 t/s avg=23.40 t/s 3.462s
0823 22:28:04 ds4-server: chat ctx=0..177:177 prefill chunk 82/177 (46.3%) chunk=23.39 t/s avg=23.40 t/s 3.505s
0823 22:28:04 ds4-server: chat ctx=0..177:177 prefill chunk 83/177 (46.9%) chunk=23.11 t/s avg=23.39 t/s 3.548s
0823 22:28:04 ds4-server: chat ctx=0..177:177 prefill chunk 84/177 (47.5%) chunk=22.93 t/s avg=23.39 t/s 3.592s
0823 22:28:04 ds4-server: chat ctx=0..177:177 prefill chunk 85/177 (48.0%) chunk=23.79 t/s avg=23.39 t/s 3.634s
0823 22:28:04 ds4-server: chat ctx=0..177:177 prefill chunk 86/177 (48.6%) chunk=23.51 t/s avg=23.39 t/s 3.676s
0823 22:28:04 ds4-server: chat ctx=0..177:177 prefill chunk 87/177 (49.2%) chunk=22.58 t/s avg=23.38 t/s 3.720s
0823 22:28:04 ds4-server: chat ctx=0..177:177 prefill chunk 88/177 (49.7%) chunk=23.69 t/s avg=23.39 t/s 3.763s
0823 22:28:04 ds4-server: chat ctx=0..177:177 prefill chunk 89/177 (50.3%) chunk=23.61 t/s avg=23.39 t/s 3.805s
0823 22:28:04 ds4-server: chat ctx=0..177:177 prefill chunk 90/177 (50.8%) chunk=22.77 t/s avg=23.38 t/s 3.849s
0823 22:28:04 ds4-server: chat ctx=0..177:177 prefill chunk 91/177 (51.4%) chunk=23.49 t/s avg=23.38 t/s 3.892s
0823 22:28:04 ds4-server: chat ctx=0..177:177 prefill chunk 92/177 (52.0%) chunk=23.63 t/s avg=23.39 t/s 3.934s
0823 22:28:04 ds4-server: chat ctx=0..177:177 prefill chunk 93/177 (52.5%) chunk=23.50 t/s avg=23.39 t/s 3.976s
0823 22:28:04 ds4-server: chat ctx=0..177:177 prefill chunk 94/177 (53.1%) chunk=22.73 t/s avg=23.38 t/s 4.020s
0823 22:28:04 ds4-server: chat ctx=0..177:177 prefill chunk 95/177 (53.7%) chunk=23.82 t/s avg=23.39 t/s 4.062s
0823 22:28:04 ds4-server: chat ctx=0..177:177 prefill chunk 96/177 (54.2%) chunk=23.66 t/s avg=23.39 t/s 4.105s
0823 22:28:04 ds4-server: chat ctx=0..177:177 prefill chunk 97/177 (54.8%) chunk=22.73 t/s avg=23.38 t/s 4.149s
0823 22:28:04 ds4-server: chat ctx=0..177:177 prefill chunk 98/177 (55.4%) chunk=23.26 t/s avg=23.38 t/s 4.192s
0823 22:28:04 ds4-server: chat ctx=0..177:177 prefill chunk 99/177 (55.9%) chunk=23.72 t/s avg=23.38 t/s 4.234s
0823 22:28:04 ds4-server: chat ctx=0..177:177 prefill chunk 100/177 (56.5%) chunk=23.63 t/s avg=23.39 t/s 4.276s
0823 22:28:04 ds4-server: chat ctx=0..177:177 prefill chunk 101/177 (57.1%) chunk=22.58 t/s avg=23.38 t/s 4.320s
0823 22:28:04 ds4-server: chat ctx=0..177:177 prefill chunk 102/177 (57.6%) chunk=23.53 t/s avg=23.38 t/s 4.363s
0823 22:28:04 ds4-server: chat ctx=0..177:177 prefill chunk 103/177 (58.2%) chunk=23.46 t/s avg=23.38 t/s 4.406s
0823 22:28:04 ds4-server: chat ctx=0..177:177 prefill chunk 104/177 (58.8%) chunk=22.68 t/s avg=23.37 t/s 4.450s
0823 22:28:05 ds4-server: chat ctx=0..177:177 prefill chunk 105/177 (59.3%) chunk=23.26 t/s avg=23.37 t/s 4.493s
0823 22:28:05 ds4-server: chat ctx=0..177:177 prefill chunk 106/177 (59.9%) chunk=23.66 t/s avg=23.37 t/s 4.535s
0823 22:28:05 ds4-server: chat ctx=0..177:177 prefill chunk 107/177 (60.5%) chunk=23.46 t/s avg=23.38 t/s 4.577s
0823 22:28:05 ds4-server: chat ctx=0..177:177 prefill chunk 108/177 (61.0%) chunk=22.58 t/s avg=23.37 t/s 4.622s
0823 22:28:05 ds4-server: chat ctx=0..177:177 prefill chunk 109/177 (61.6%) chunk=23.67 t/s avg=23.37 t/s 4.664s
0823 22:28:05 ds4-server: chat ctx=0..177:177 prefill chunk 110/177 (62.1%) chunk=23.43 t/s avg=23.37 t/s 4.707s
0823 22:28:05 ds4-server: chat ctx=0..177:177 prefill chunk 111/177 (62.7%) chunk=22.79 t/s avg=23.37 t/s 4.751s
0823 22:28:05 ds4-server: chat ctx=0..177:177 prefill chunk 112/177 (63.3%) chunk=23.42 t/s avg=23.37 t/s 4.793s
0823 22:28:05 ds4-server: chat ctx=0..177:177 prefill chunk 113/177 (63.8%) chunk=23.29 t/s avg=23.37 t/s 4.836s
0823 22:28:05 ds4-server: chat ctx=0..177:177 prefill chunk 114/177 (64.4%) chunk=23.18 t/s avg=23.36 t/s 4.879s
0823 22:28:05 ds4-server: chat ctx=0..177:177 prefill chunk 115/177 (65.0%) chunk=22.66 t/s avg=23.36 t/s 4.923s
0823 22:28:05 ds4-server: chat ctx=0..177:177 prefill chunk 116/177 (65.5%) chunk=23.67 t/s avg=23.36 t/s 4.966s
0823 22:28:05 ds4-server: chat ctx=0..177:177 prefill chunk 117/177 (66.1%) chunk=23.52 t/s avg=23.36 t/s 5.008s
0823 22:28:05 ds4-server: chat ctx=0..177:177 prefill chunk 118/177 (66.7%) chunk=22.79 t/s avg=23.36 t/s 5.052s
0823 22:28:05 ds4-server: chat ctx=0..177:177 prefill chunk 119/177 (67.2%) chunk=23.55 t/s avg=23.36 t/s 5.095s
0823 22:28:05 ds4-server: chat ctx=0..177:177 prefill chunk 120/177 (67.8%) chunk=23.37 t/s avg=23.36 t/s 5.137s
0823 22:28:05 ds4-server: chat ctx=0..177:177 prefill chunk 121/177 (68.4%) chunk=23.21 t/s avg=23.36 t/s 5.180s
0823 22:28:05 ds4-server: chat ctx=0..177:177 prefill chunk 122/177 (68.9%) chunk=22.93 t/s avg=23.35 t/s 5.224s
0823 22:28:05 ds4-server: chat ctx=0..177:177 prefill chunk 123/177 (69.5%) chunk=23.44 t/s avg=23.35 t/s 5.267s
0823 22:28:05 ds4-server: chat ctx=0..177:177 prefill chunk 124/177 (70.1%) chunk=23.30 t/s avg=23.35 t/s 5.310s
0823 22:28:05 ds4-server: chat ctx=0..177:177 prefill chunk 125/177 (70.6%) chunk=22.36 t/s avg=23.35 t/s 5.354s
0823 22:28:05 ds4-server: chat ctx=0..177:177 prefill chunk 126/177 (71.2%) chunk=23.78 t/s avg=23.35 t/s 5.396s
0823 22:28:05 ds4-server: chat ctx=0..177:177 prefill chunk 127/177 (71.8%) chunk=23.32 t/s avg=23.35 t/s 5.439s
0823 22:28:06 ds4-server: chat ctx=0..177:177 prefill chunk 128/177 (72.3%) chunk=22.58 t/s avg=23.34 t/s 5.484s
0823 22:28:06 ds4-server: chat ctx=0..177:177 prefill chunk 129/177 (72.9%) chunk=23.31 t/s avg=23.34 t/s 5.527s
0823 22:28:06 ds4-server: chat ctx=0..177:177 prefill chunk 130/177 (73.4%) chunk=23.36 t/s avg=23.34 t/s 5.569s
0823 22:28:06 ds4-server: chat ctx=0..177:177 prefill chunk 131/177 (74.0%) chunk=23.17 t/s avg=23.34 t/s 5.613s
0823 22:28:06 ds4-server: chat ctx=0..177:177 prefill chunk 132/177 (74.6%) chunk=22.72 t/s avg=23.34 t/s 5.657s
0823 22:28:06 ds4-server: chat ctx=0..177:177 prefill chunk 133/177 (75.1%) chunk=23.53 t/s avg=23.34 t/s 5.699s
0823 22:28:06 ds4-server: chat ctx=0..177:177 prefill chunk 134/177 (75.7%) chunk=23.29 t/s avg=23.34 t/s 5.742s
0823 22:28:06 ds4-server: chat ctx=0..177:177 prefill chunk 135/177 (76.3%) chunk=22.59 t/s avg=23.33 t/s 5.786s
0823 22:28:06 ds4-server: chat ctx=0..177:177 prefill chunk 136/177 (76.8%) chunk=23.46 t/s avg=23.33 t/s 5.829s
0823 22:28:06 ds4-server: chat ctx=0..177:177 prefill chunk 137/177 (77.4%) chunk=23.51 t/s avg=23.33 t/s 5.871s
0823 22:28:06 ds4-server: chat ctx=0..177:177 prefill chunk 138/177 (78.0%) chunk=22.52 t/s avg=23.33 t/s 5.916s
0823 22:28:06 ds4-server: chat ctx=0..177:177 prefill chunk 139/177 (78.5%) chunk=23.43 t/s avg=23.33 t/s 5.958s
0823 22:28:06 ds4-server: chat ctx=0..177:177 prefill chunk 140/177 (79.1%) chunk=23.43 t/s avg=23.33 t/s 6.001s
0823 22:28:06 ds4-server: chat ctx=0..177:177 prefill chunk 141/177 (79.7%) chunk=23.50 t/s avg=23.33 t/s 6.044s
0823 22:28:06 ds4-server: chat ctx=0..177:177 prefill chunk 142/177 (80.2%) chunk=22.50 t/s avg=23.32 t/s 6.088s
0823 22:28:06 ds4-server: chat ctx=0..177:177 prefill chunk 143/177 (80.8%) chunk=23.61 t/s avg=23.33 t/s 6.130s
0823 22:28:06 ds4-server: chat ctx=0..177:177 prefill chunk 144/177 (81.4%) chunk=23.51 t/s avg=23.33 t/s 6.173s
0823 22:28:06 ds4-server: chat ctx=0..177:177 prefill chunk 145/177 (81.9%) chunk=22.54 t/s avg=23.32 t/s 6.217s
0823 22:28:06 ds4-server: chat ctx=0..177:177 prefill chunk 146/177 (82.5%) chunk=23.19 t/s avg=23.32 t/s 6.261s
0823 22:28:06 ds4-server: chat ctx=0..177:177 prefill chunk 147/177 (83.1%) chunk=23.12 t/s avg=23.32 t/s 6.304s
0823 22:28:06 ds4-server: chat ctx=0..177:177 prefill chunk 148/177 (83.6%) chunk=23.15 t/s avg=23.32 t/s 6.347s
0823 22:28:06 ds4-server: chat ctx=0..177:177 prefill chunk 149/177 (84.2%) chunk=22.76 t/s avg=23.31 t/s 6.391s
0823 22:28:06 ds4-server: chat ctx=0..177:177 prefill chunk 150/177 (84.7%) chunk=23.48 t/s avg=23.32 t/s 6.433s
0823 22:28:07 ds4-server: chat ctx=0..177:177 prefill chunk 151/177 (85.3%) chunk=23.21 t/s avg=23.31 t/s 6.477s
0823 22:28:07 ds4-server: chat ctx=0..177:177 prefill chunk 152/177 (85.9%) chunk=22.36 t/s avg=23.31 t/s 6.521s
0823 22:28:07 ds4-server: chat ctx=0..177:177 prefill chunk 153/177 (86.4%) chunk=23.54 t/s avg=23.31 t/s 6.564s
0823 22:28:07 ds4-server: chat ctx=0..177:177 prefill chunk 154/177 (87.0%) chunk=23.23 t/s avg=23.31 t/s 6.607s
0823 22:28:07 ds4-server: chat ctx=0..177:177 prefill chunk 155/177 (87.6%) chunk=22.61 t/s avg=23.30 t/s 6.651s
0823 22:28:07 ds4-server: chat ctx=0..177:177 prefill chunk 156/177 (88.1%) chunk=23.33 t/s avg=23.30 t/s 6.694s
0823 22:28:07 ds4-server: chat ctx=0..177:177 prefill chunk 157/177 (88.7%) chunk=23.17 t/s avg=23.30 t/s 6.737s
0823 22:28:07 ds4-server: chat ctx=0..177:177 prefill chunk 158/177 (89.3%) chunk=23.20 t/s avg=23.30 t/s 6.780s
0823 22:28:07 ds4-server: chat ctx=0..177:177 prefill chunk 159/177 (89.8%) chunk=22.79 t/s avg=23.30 t/s 6.824s
0823 22:28:07 ds4-server: chat ctx=0..177:177 prefill chunk 160/177 (90.4%) chunk=23.46 t/s avg=23.30 t/s 6.867s
0823 22:28:07 ds4-server: chat ctx=0..177:177 prefill chunk 161/177 (91.0%) chunk=23.32 t/s avg=23.30 t/s 6.910s
0823 22:28:07 ds4-server: chat ctx=0..177:177 prefill chunk 162/177 (91.5%) chunk=22.22 t/s avg=23.29 t/s 6.955s
0823 22:28:07 ds4-server: chat ctx=0..177:177 prefill chunk 163/177 (92.1%) chunk=23.51 t/s avg=23.30 t/s 6.997s
0823 22:28:07 ds4-server: chat ctx=0..177:177 prefill chunk 164/177 (92.7%) chunk=23.32 t/s avg=23.30 t/s 7.040s
0823 22:28:07 ds4-server: chat ctx=0..177:177 prefill chunk 165/177 (93.2%) chunk=22.40 t/s avg=23.29 t/s 7.085s
0823 22:28:07 ds4-server: chat ctx=0..177:177 prefill chunk 166/177 (93.8%) chunk=23.22 t/s avg=23.29 t/s 7.128s
0823 22:28:07 ds4-server: chat ctx=0..177:177 prefill chunk 167/177 (94.4%) chunk=23.34 t/s avg=23.29 t/s 7.171s
0823 22:28:07 ds4-server: chat ctx=0..177:177 prefill chunk 168/177 (94.9%) chunk=23.14 t/s avg=23.29 t/s 7.214s
0823 22:28:07 ds4-server: chat ctx=0..177:177 prefill chunk 169/177 (95.5%) chunk=22.62 t/s avg=23.28 t/s 7.258s
0823 22:28:07 ds4-server: chat ctx=0..177:177 prefill chunk 170/177 (96.0%) chunk=23.37 t/s avg=23.29 t/s 7.301s
0823 22:28:07 ds4-server: chat ctx=0..177:177 prefill chunk 171/177 (96.6%) chunk=23.20 t/s avg=23.28 t/s 7.344s
0823 22:28:07 ds4-server: chat ctx=0..177:177 prefill chunk 172/177 (97.2%) chunk=22.38 t/s avg=23.28 t/s 7.389s
0823 22:28:07 ds4-server: chat ctx=0..177:177 prefill chunk 173/177 (97.7%) chunk=23.40 t/s avg=23.28 t/s 7.431s
0823 22:28:08 ds4-server: chat ctx=0..177:177 prefill chunk 174/177 (98.3%) chunk=23.16 t/s avg=23.28 t/s 7.475s
0823 22:28:08 ds4-server: chat ctx=0..177:177 prefill chunk 175/177 (98.9%) chunk=22.60 t/s avg=23.28 t/s 7.519s
0823 22:28:08 ds4-server: chat ctx=0..177:177 prefill chunk 176/177 (99.4%) chunk=23.36 t/s avg=23.28 t/s 7.562s
0823 22:28:08 ds4-server: chat ctx=0..177:177 prefill chunk 177/177 (100.0%) chunk=23.21 t/s avg=23.28 t/s 7.605s
0823 22:28:08 ds4-server: chat ctx=0..177:177 prompt done 7.605s
0823 22:28:10 ds4-server: chat ctx=177..227:50 gen=50 THINKING decoding chunk=22.94 t/s avg=22.94 t/s 2.179s
0823 22:28:12 ds4-server: chat ctx=227..277:50 gen=100 THINKING decoding chunk=22.76 t/s avg=22.85 t/s 4.376s
0823 22:28:14 ds4-server: chat ctx=277..327:50 gen=150 THINKING decoding chunk=22.59 t/s avg=22.76 t/s 6.589s
0823 22:28:16 ds4-server: chat ctx=327..377:50 gen=200 THINKING decoding chunk=22.44 t/s avg=22.68 t/s 8.817s
0823 22:28:19 ds4-server: chat ctx=377..427:50 gen=250 THINKING decoding chunk=22.35 t/s avg=22.61 t/s 11.055s
0823 22:28:21 ds4-server: chat ctx=427..477:50 gen=300 THINKING decoding chunk=22.14 t/s avg=22.53 t/s 13.313s
0823 22:28:23 ds4-server: chat ctx=477..527:50 gen=350 THINKING decoding chunk=22.06 t/s avg=22.47 t/s 15.579s
0823 22:28:25 ds4-server: chat ctx=527..577:50 gen=400 THINKING decoding chunk=21.92 t/s avg=22.40 t/s 17.860s
0823 22:28:28 ds4-server: chat ctx=577..627:50 gen=450 THINKING decoding chunk=21.76 t/s avg=22.32 t/s 20.157s
0823 22:28:30 ds4-server: chat ctx=627..677:50 gen=500 THINKING decoding chunk=21.61 t/s avg=22.25 t/s 22.471s
0823 22:28:32 ds4-server: chat ctx=677..727:50 gen=550 THINKING decoding chunk=21.51 t/s avg=22.18 t/s 24.795s
0823 22:28:35 ds4-server: chat ctx=727..777:50 gen=600 THINKING decoding chunk=21.37 t/s avg=22.11 t/s 27.135s
0823 22:28:37 ds4-server: chat ctx=777..827:50 gen=650 THINKING decoding chunk=21.21 t/s avg=22.04 t/s 29.491s
0823 22:28:39 ds4-server: chat ctx=827..877:50 gen=700 THINKING decoding chunk=21.10 t/s avg=21.97 t/s 31.861s
0823 22:28:42 ds4-server: chat ctx=877..927:50 gen=750 THINKING decoding chunk=20.92 t/s avg=21.90 t/s 34.251s
0823 22:28:44 ds4-server: chat ctx=927..977:50 gen=800 THINKING decoding chunk=20.82 t/s avg=21.83 t/s 36.653s
0823 22:28:47 ds4-server: chat ctx=977..1027:50 gen=850 THINKING decoding chunk=20.70 t/s avg=21.76 t/s 39.068s
0823 22:28:49 ds4-server: chat ctx=1027..1077:50 gen=900 THINKING decoding chunk=20.55 t/s avg=21.69 t/s 41.501s
0823 22:28:52 ds4-server: chat ctx=1077..1127:50 gen=950 THINKING decoding chunk=20.41 t/s avg=21.61 t/s 43.952s
0823 22:28:54 ds4-server: chat ctx=1127..1177:50 gen=1000 THINKING decoding chunk=20.32 t/s avg=21.55 t/s 46.412s
0823 22:28:57 ds4-server: chat ctx=1177..1227:50 gen=1050 THINKING decoding chunk=20.23 t/s avg=21.48 t/s 48.884s
0823 22:28:59 ds4-server: chat ctx=1227..1277:50 gen=1100 THINKING decoding chunk=20.12 t/s avg=21.41 t/s 51.369s
0823 22:29:02 ds4-server: chat ctx=1277..1327:50 gen=1150 THINKING decoding chunk=19.95 t/s avg=21.35 t/s 53.875s
0823 22:29:04 ds4-server: chat ctx=1327..1377:50 gen=1200 THINKING decoding chunk=19.91 t/s avg=21.28 t/s 56.386s
0823 22:29:07 ds4-server: chat ctx=1377..1427:50 gen=1250 THINKING decoding chunk=19.78 t/s avg=21.22 t/s 58.915s
0823 22:29:09 ds4-server: chat ctx=1427..1477:50 gen=1300 THINKING decoding chunk=19.69 t/s avg=21.15 t/s 61.454s
0823 22:29:12 ds4-server: chat ctx=1477..1527:50 gen=1350 THINKING decoding chunk=19.55 t/s avg=21.09 t/s 64.012s
0823 22:29:14 ds4-server: chat ctx=1527..1577:50 gen=1400 THINKING decoding chunk=19.44 t/s avg=21.03 t/s 66.584s
0823 22:29:17 ds4-server: chat ctx=1577..1627:50 gen=1450 THINKING decoding chunk=19.27 t/s avg=20.96 t/s 69.179s
0823 22:29:19 ds4-server: chat ctx=1627..1677:50 gen=1500 THINKING decoding chunk=19.16 t/s avg=20.89 t/s 71.788s
0823 22:29:22 ds4-server: chat ctx=1677..1727:50 gen=1550 THINKING decoding chunk=19.08 t/s avg=20.83 t/s 74.409s
0823 22:29:25 ds4-server: chat ctx=1727..1777:50 gen=1600 decoding chunk=19.02 t/s avg=20.77 t/s 77.038s
0823 22:29:27 ds4-server: chat ctx=1777..1827:50 gen=1650 decoding chunk=18.94 t/s avg=20.71 t/s 79.678s
0823 22:29:30 ds4-server: chat ctx=1827..1877:50 gen=1700 decoding chunk=18.73 t/s avg=20.64 t/s 82.347s
0823 22:29:33 ds4-server: chat ctx=1877..1927:50 gen=1750 decoding chunk=18.73 t/s avg=20.58 t/s 85.016s
0823 22:29:35 ds4-server: chat ctx=1927..1977:50 gen=1800 decoding chunk=18.60 t/s avg=20.52 t/s 87.704s
0823 22:29:38 ds4-server: chat ctx=1977..2027:50 gen=1850 decoding chunk=18.53 t/s avg=20.46 t/s 90.403s
0823 22:29:41 ds4-server: chat ctx=2027..2077:50 gen=1900 decoding chunk=18.42 t/s avg=20.40 t/s 93.118s
0823 22:29:41 ds4-server: chat ctx=2077..2090:13 gen=1913 decoding chunk=18.32 t/s avg=20.39 t/s 93.827s
0823 22:29:41 ds4-server: thinking live checkpoint remembered ctx=0..177:177 live=2090 visible=1934
0823 22:29:41 ds4-server: chat ctx=0..177:177 gen=1913 finish=stop 101.432s
0823 22:29:41 ds4-server: live kv cache miss live=2090 prompt=172 common=56 reason=token-mismatch
0823 22:29:41 ds4-server: chat ctx=0..172:172 prompt start
0823 22:29:42 ds4-server: chat ctx=0..172:172 prefill chunk 1/172 (0.6%) chunk=0.00 t/s avg=22.74 t/s 0.044s
0823 22:29:42 ds4-server: chat ctx=0..172:172 prefill chunk 2/172 (1.2%) chunk=23.60 t/s avg=23.16 t/s 0.086s
0823 22:29:42 ds4-server: chat ctx=0..172:172 prefill chunk 3/172 (1.7%) chunk=23.92 t/s avg=23.41 t/s 0.128s
0823 22:29:42 ds4-server: chat ctx=0..172:172 prefill chunk 4/172 (2.3%) chunk=23.66 t/s avg=23.47 t/s 0.170s
0823 22:29:42 ds4-server: chat ctx=0..172:172 prefill chunk 5/172 (2.9%) chunk=23.38 t/s avg=23.45 t/s 0.213s
0823 22:29:42 ds4-server: chat ctx=0..172:172 prefill chunk 6/172 (3.5%) chunk=23.86 t/s avg=23.52 t/s 0.255s
0823 22:29:42 ds4-server: chat ctx=0..172:172 prefill chunk 7/172 (4.1%) chunk=23.86 t/s avg=23.57 t/s 0.297s
0823 22:29:42 ds4-server: chat ctx=0..172:172 prefill chunk 8/172 (4.7%) chunk=23.97 t/s avg=23.62 t/s 0.339s
0823 22:29:42 ds4-server: chat ctx=0..172:172 prefill chunk 9/172 (5.2%) chunk=22.64 t/s avg=23.50 t/s 0.383s
0823 22:29:42 ds4-server: chat ctx=0..172:172 prefill chunk 10/172 (5.8%) chunk=24.00 t/s avg=23.55 t/s 0.425s
0823 22:29:42 ds4-server: chat ctx=0..172:172 prefill chunk 11/172 (6.4%) chunk=23.78 t/s avg=23.57 t/s 0.467s
0823 22:29:42 ds4-server: chat ctx=0..172:172 prefill chunk 12/172 (7.0%) chunk=22.77 t/s avg=23.50 t/s 0.511s
0823 22:29:42 ds4-server: chat ctx=0..172:172 prefill chunk 13/172 (7.6%) chunk=23.74 t/s avg=23.52 t/s 0.553s
0823 22:29:42 ds4-server: chat ctx=0..172:172 prefill chunk 14/172 (8.1%) chunk=23.80 t/s avg=23.54 t/s 0.595s
0823 22:29:42 ds4-server: chat ctx=0..172:172 prefill chunk 15/172 (8.7%) chunk=23.56 t/s avg=23.54 t/s 0.637s
0823 22:29:42 ds4-server: chat ctx=0..172:172 prefill chunk 16/172 (9.3%) chunk=22.88 t/s avg=23.50 t/s 0.681s
0823 22:29:42 ds4-server: chat ctx=0..172:172 prefill chunk 17/172 (9.9%) chunk=23.88 t/s avg=23.52 t/s 0.723s
0823 22:29:42 ds4-server: chat ctx=0..172:172 prefill chunk 18/172 (10.5%) chunk=23.67 t/s avg=23.53 t/s 0.765s
0823 22:29:42 ds4-server: chat ctx=0..172:172 prefill chunk 19/172 (11.0%) chunk=22.65 t/s avg=23.48 t/s 0.809s
0823 22:29:42 ds4-server: chat ctx=0..172:172 prefill chunk 20/172 (11.6%) chunk=23.69 t/s avg=23.49 t/s 0.851s
0823 22:29:42 ds4-server: chat ctx=0..172:172 prefill chunk 21/172 (12.2%) chunk=23.88 t/s avg=23.51 t/s 0.893s
0823 22:29:42 ds4-server: chat ctx=0..172:172 prefill chunk 22/172 (12.8%) chunk=23.39 t/s avg=23.50 t/s 0.936s
0823 22:29:42 ds4-server: chat ctx=0..172:172 prefill chunk 23/172 (13.4%) chunk=22.87 t/s avg=23.48 t/s 0.980s
0823 22:29:42 ds4-server: chat ctx=0..172:172 prefill chunk 24/172 (14.0%) chunk=23.74 t/s avg=23.49 t/s 1.022s
0823 22:29:43 ds4-server: chat ctx=0..172:172 prefill chunk 25/172 (14.5%) chunk=23.78 t/s avg=23.50 t/s 1.064s
0823 22:29:43 ds4-server: chat ctx=0..172:172 prefill chunk 26/172 (15.1%) chunk=23.17 t/s avg=23.49 t/s 1.107s
0823 22:29:43 ds4-server: chat ctx=0..172:172 prefill chunk 27/172 (15.7%) chunk=23.28 t/s avg=23.48 t/s 1.150s
0823 22:29:43 ds4-server: chat ctx=0..172:172 prefill chunk 28/172 (16.3%) chunk=23.78 t/s avg=23.49 t/s 1.192s
0823 22:29:43 ds4-server: chat ctx=0..172:172 prefill chunk 29/172 (16.9%) chunk=23.38 t/s avg=23.49 t/s 1.235s
0823 22:29:43 ds4-server: chat ctx=0..172:172 prefill chunk 30/172 (17.4%) chunk=22.86 t/s avg=23.46 t/s 1.279s
0823 22:29:43 ds4-server: chat ctx=0..172:172 prefill chunk 31/172 (18.0%) chunk=23.61 t/s avg=23.47 t/s 1.321s
0823 22:29:43 ds4-server: chat ctx=0..172:172 prefill chunk 32/172 (18.6%) chunk=23.83 t/s avg=23.48 t/s 1.363s
0823 22:29:43 ds4-server: chat ctx=0..172:172 prefill chunk 33/172 (19.2%) chunk=23.49 t/s avg=23.48 t/s 1.405s
0823 22:29:43 ds4-server: chat ctx=0..172:172 prefill chunk 34/172 (19.8%) chunk=22.72 t/s avg=23.46 t/s 1.449s
0823 22:29:43 ds4-server: chat ctx=0..172:172 prefill chunk 35/172 (20.3%) chunk=23.72 t/s avg=23.46 t/s 1.492s
0823 22:29:43 ds4-server: chat ctx=0..172:172 prefill chunk 36/172 (20.9%) chunk=23.44 t/s avg=23.46 t/s 1.534s
0823 22:29:43 ds4-server: chat ctx=0..172:172 prefill chunk 37/172 (21.5%) chunk=23.03 t/s avg=23.45 t/s 1.578s
0823 22:29:43 ds4-server: chat ctx=0..172:172 prefill chunk 38/172 (22.1%) chunk=23.50 t/s avg=23.45 t/s 1.620s
0823 22:29:43 ds4-server: chat ctx=0..172:172 prefill chunk 39/172 (22.7%) chunk=23.74 t/s avg=23.46 t/s 1.662s
0823 22:29:43 ds4-server: chat ctx=0..172:172 prefill chunk 40/172 (23.3%) chunk=23.52 t/s avg=23.46 t/s 1.705s
0823 22:29:43 ds4-server: chat ctx=0..172:172 prefill chunk 41/172 (23.8%) chunk=22.48 t/s avg=23.44 t/s 1.749s
0823 22:29:43 ds4-server: chat ctx=0..172:172 prefill chunk 42/172 (24.4%) chunk=23.84 t/s avg=23.45 t/s 1.791s
0823 22:29:43 ds4-server: chat ctx=0..172:172 prefill chunk 43/172 (25.0%) chunk=23.37 t/s avg=23.44 t/s 1.834s
0823 22:29:43 ds4-server: chat ctx=0..172:172 prefill chunk 44/172 (25.6%) chunk=22.92 t/s avg=23.43 t/s 1.878s
0823 22:29:43 ds4-server: chat ctx=0..172:172 prefill chunk 45/172 (26.2%) chunk=23.48 t/s avg=23.43 t/s 1.920s
0823 22:29:43 ds4-server: chat ctx=0..172:172 prefill chunk 46/172 (26.7%) chunk=23.92 t/s avg=23.44 t/s 1.962s
0823 22:29:43 ds4-server: chat ctx=0..172:172 prefill chunk 47/172 (27.3%) chunk=23.39 t/s avg=23.44 t/s 2.005s
0823 22:29:44 ds4-server: chat ctx=0..172:172 prefill chunk 48/172 (27.9%) chunk=22.80 t/s avg=23.43 t/s 2.049s
0823 22:29:44 ds4-server: chat ctx=0..172:172 prefill chunk 49/172 (28.5%) chunk=23.57 t/s avg=23.43 t/s 2.091s
0823 22:29:44 ds4-server: chat ctx=0..172:172 prefill chunk 50/172 (29.1%) chunk=23.19 t/s avg=23.43 t/s 2.134s
0823 22:29:44 ds4-server: chat ctx=0..172:172 prefill chunk 51/172 (29.7%) chunk=22.71 t/s avg=23.41 t/s 2.178s
0823 22:29:44 ds4-server: chat ctx=0..172:172 prefill chunk 52/172 (30.2%) chunk=23.46 t/s avg=23.41 t/s 2.221s
0823 22:29:44 ds4-server: chat ctx=0..172:172 prefill chunk 53/172 (30.8%) chunk=23.63 t/s avg=23.42 t/s 2.263s
0823 22:29:44 ds4-server: chat ctx=0..172:172 prefill chunk 54/172 (31.4%) chunk=22.84 t/s avg=23.41 t/s 2.307s
0823 22:29:44 ds4-server: chat ctx=0..172:172 prefill chunk 55/172 (32.0%) chunk=23.06 t/s avg=23.40 t/s 2.351s
0823 22:29:44 ds4-server: chat ctx=0..172:172 prefill chunk 56/172 (32.6%) chunk=23.67 t/s avg=23.40 t/s 2.393s
0823 22:29:44 ds4-server: chat ctx=0..172:172 prefill chunk 57/172 (33.1%) chunk=23.40 t/s avg=23.40 t/s 2.435s
0823 22:29:44 ds4-server: chat ctx=0..172:172 prefill chunk 58/172 (33.7%) chunk=22.87 t/s avg=23.39 t/s 2.479s
0823 22:29:44 ds4-server: chat ctx=0..172:172 prefill chunk 59/172 (34.3%) chunk=23.31 t/s avg=23.39 t/s 2.522s
0823 22:29:44 ds4-server: chat ctx=0..172:172 prefill chunk 60/172 (34.9%) chunk=23.82 t/s avg=23.40 t/s 2.564s
0823 22:29:44 ds4-server: chat ctx=0..172:172 prefill chunk 61/172 (35.5%) chunk=23.06 t/s avg=23.39 t/s 2.607s
0823 22:29:44 ds4-server: chat ctx=0..172:172 prefill chunk 62/172 (36.0%) chunk=22.88 t/s avg=23.39 t/s 2.651s
0823 22:29:44 ds4-server: chat ctx=0..172:172 prefill chunk 63/172 (36.6%) chunk=23.64 t/s avg=23.39 t/s 2.693s
0823 22:29:44 ds4-server: chat ctx=0..172:172 prefill chunk 64/172 (37.2%) chunk=23.42 t/s avg=23.39 t/s 2.736s
0823 22:29:44 ds4-server: chat ctx=0..172:172 prefill chunk 65/172 (37.8%) chunk=22.42 t/s avg=23.38 t/s 2.781s
0823 22:29:44 ds4-server: chat ctx=0..172:172 prefill chunk 66/172 (38.4%) chunk=23.64 t/s avg=23.38 t/s 2.823s
0823 22:29:44 ds4-server: chat ctx=0..172:172 prefill chunk 67/172 (39.0%) chunk=23.67 t/s avg=23.38 t/s 2.865s
0823 22:29:44 ds4-server: chat ctx=0..172:172 prefill chunk 68/172 (39.5%) chunk=22.31 t/s avg=23.37 t/s 2.910s
0823 22:29:44 ds4-server: chat ctx=0..172:172 prefill chunk 69/172 (40.1%) chunk=23.47 t/s avg=23.37 t/s 2.953s
0823 22:29:44 ds4-server: chat ctx=0..172:172 prefill chunk 70/172 (40.7%) chunk=23.67 t/s avg=23.37 t/s 2.995s
0823 22:29:45 ds4-server: chat ctx=0..172:172 prefill chunk 71/172 (41.3%) chunk=23.62 t/s avg=23.38 t/s 3.037s
0823 22:29:45 ds4-server: chat ctx=0..172:172 prefill chunk 72/172 (41.9%) chunk=22.67 t/s avg=23.37 t/s 3.081s
0823 22:29:45 ds4-server: chat ctx=0..172:172 prefill chunk 73/172 (42.4%) chunk=23.77 t/s avg=23.37 t/s 3.123s
0823 22:29:45 ds4-server: chat ctx=0..172:172 prefill chunk 74/172 (43.0%) chunk=23.80 t/s avg=23.38 t/s 3.166s
0823 22:29:45 ds4-server: chat ctx=0..172:172 prefill chunk 75/172 (43.6%) chunk=22.74 t/s avg=23.37 t/s 3.209s
0823 22:29:45 ds4-server: chat ctx=0..172:172 prefill chunk 76/172 (44.2%) chunk=23.36 t/s avg=23.37 t/s 3.252s
0823 22:29:45 ds4-server: chat ctx=0..172:172 prefill chunk 77/172 (44.8%) chunk=23.71 t/s avg=23.37 t/s 3.294s
0823 22:29:45 ds4-server: chat ctx=0..172:172 prefill chunk 78/172 (45.3%) chunk=23.67 t/s avg=23.38 t/s 3.337s
0823 22:29:45 ds4-server: chat ctx=0..172:172 prefill chunk 79/172 (45.9%) chunk=22.47 t/s avg=23.36 t/s 3.381s
0823 22:29:45 ds4-server: chat ctx=0..172:172 prefill chunk 80/172 (46.5%) chunk=23.66 t/s avg=23.37 t/s 3.424s
0823 22:29:45 ds4-server: chat ctx=0..172:172 prefill chunk 81/172 (47.1%) chunk=23.86 t/s avg=23.37 t/s 3.465s
0823 22:29:45 ds4-server: chat ctx=0..172:172 prefill chunk 82/172 (47.7%) chunk=22.63 t/s avg=23.36 t/s 3.510s
0823 22:29:45 ds4-server: chat ctx=0..172:172 prefill chunk 83/172 (48.3%) chunk=23.40 t/s avg=23.36 t/s 3.552s
0823 22:29:45 ds4-server: chat ctx=0..172:172 prefill chunk 84/172 (48.8%) chunk=23.79 t/s avg=23.37 t/s 3.594s
0823 22:29:45 ds4-server: chat ctx=0..172:172 prefill chunk 85/172 (49.4%) chunk=23.50 t/s avg=23.37 t/s 3.637s
0823 22:29:45 ds4-server: chat ctx=0..172:172 prefill chunk 86/172 (50.0%) chunk=22.73 t/s avg=23.36 t/s 3.681s
0823 22:29:45 ds4-server: chat ctx=0..172:172 prefill chunk 87/172 (50.6%) chunk=23.67 t/s avg=23.37 t/s 3.723s
0823 22:29:45 ds4-server: chat ctx=0..172:172 prefill chunk 88/172 (51.2%) chunk=23.66 t/s avg=23.37 t/s 3.765s
0823 22:29:45 ds4-server: chat ctx=0..172:172 prefill chunk 89/172 (51.7%) chunk=22.53 t/s avg=23.36 t/s 3.810s
0823 22:29:45 ds4-server: chat ctx=0..172:172 prefill chunk 90/172 (52.3%) chunk=23.49 t/s avg=23.36 t/s 3.852s
0823 22:29:45 ds4-server: chat ctx=0..172:172 prefill chunk 91/172 (52.9%) chunk=23.54 t/s avg=23.36 t/s 3.895s
0823 22:29:45 ds4-server: chat ctx=0..172:172 prefill chunk 92/172 (53.5%) chunk=23.52 t/s avg=23.37 t/s 3.937s
0823 22:29:45 ds4-server: chat ctx=0..172:172 prefill chunk 93/172 (54.1%) chunk=22.47 t/s avg=23.36 t/s 3.982s
0823 22:29:45 ds4-server: chat ctx=0..172:172 prefill chunk 94/172 (54.7%) chunk=23.72 t/s avg=23.36 t/s 4.024s
0823 22:29:46 ds4-server: chat ctx=0..172:172 prefill chunk 95/172 (55.2%) chunk=23.61 t/s avg=23.36 t/s 4.066s
0823 22:29:46 ds4-server: chat ctx=0..172:172 prefill chunk 96/172 (55.8%) chunk=22.72 t/s avg=23.36 t/s 4.110s
0823 22:29:46 ds4-server: chat ctx=0..172:172 prefill chunk 97/172 (56.4%) chunk=23.41 t/s avg=23.36 t/s 4.153s
0823 22:29:46 ds4-server: chat ctx=0..172:172 prefill chunk 98/172 (57.0%) chunk=23.63 t/s avg=23.36 t/s 4.195s
0823 22:29:46 ds4-server: chat ctx=0..172:172 prefill chunk 99/172 (57.6%) chunk=23.55 t/s avg=23.36 t/s 4.238s
0823 22:29:46 ds4-server: chat ctx=0..172:172 prefill chunk 100/172 (58.1%) chunk=22.77 t/s avg=23.35 t/s 4.282s
0823 22:29:46 ds4-server: chat ctx=0..172:172 prefill chunk 101/172 (58.7%) chunk=23.69 t/s avg=23.36 t/s 4.324s
0823 22:29:46 ds4-server: chat ctx=0..172:172 prefill chunk 102/172 (59.3%) chunk=23.77 t/s avg=23.36 t/s 4.366s
0823 22:29:46 ds4-server: chat ctx=0..172:172 prefill chunk 103/172 (59.9%) chunk=22.68 t/s avg=23.35 t/s 4.410s
0823 22:29:46 ds4-server: chat ctx=0..172:172 prefill chunk 104/172 (60.5%) chunk=23.56 t/s avg=23.36 t/s 4.453s
0823 22:29:46 ds4-server: chat ctx=0..172:172 prefill chunk 105/172 (61.0%) chunk=23.68 t/s avg=23.36 t/s 4.495s
0823 22:29:46 ds4-server: chat ctx=0..172:172 prefill chunk 106/172 (61.6%) chunk=23.52 t/s avg=23.36 t/s 4.537s
0823 22:29:46 ds4-server: chat ctx=0..172:172 prefill chunk 107/172 (62.2%) chunk=22.56 t/s avg=23.35 t/s 4.582s
0823 22:29:46 ds4-server: chat ctx=0..172:172 prefill chunk 108/172 (62.8%) chunk=23.67 t/s avg=23.36 t/s 4.624s
0823 22:29:46 ds4-server: chat ctx=0..172:172 prefill chunk 109/172 (63.4%) chunk=23.63 t/s avg=23.36 t/s 4.666s
0823 22:29:46 ds4-server: chat ctx=0..172:172 prefill chunk 110/172 (64.0%) chunk=23.07 t/s avg=23.36 t/s 4.710s
0823 22:29:46 ds4-server: chat ctx=0..172:172 prefill chunk 111/172 (64.5%) chunk=22.99 t/s avg=23.35 t/s 4.753s
0823 22:29:46 ds4-server: chat ctx=0..172:172 prefill chunk 112/172 (65.1%) chunk=23.62 t/s avg=23.36 t/s 4.795s
0823 22:29:46 ds4-server: chat ctx=0..172:172 prefill chunk 113/172 (65.7%) chunk=23.40 t/s avg=23.36 t/s 4.838s
0823 22:29:46 ds4-server: chat ctx=0..172:172 prefill chunk 114/172 (66.3%) chunk=22.71 t/s avg=23.35 t/s 4.882s
0823 22:29:46 ds4-server: chat ctx=0..172:172 prefill chunk 115/172 (66.9%) chunk=23.60 t/s avg=23.35 t/s 4.925s
0823 22:29:46 ds4-server: chat ctx=0..172:172 prefill chunk 116/172 (67.4%) chunk=23.71 t/s avg=23.36 t/s 4.967s
0823 22:29:46 ds4-server: chat ctx=0..172:172 prefill chunk 117/172 (68.0%) chunk=22.53 t/s avg=23.35 t/s 5.011s
0823 22:29:47 ds4-server: chat ctx=0..172:172 prefill chunk 118/172 (68.6%) chunk=23.47 t/s avg=23.35 t/s 5.054s
0823 22:29:47 ds4-server: chat ctx=0..172:172 prefill chunk 119/172 (69.2%) chunk=23.66 t/s avg=23.35 t/s 5.096s
0823 22:29:47 ds4-server: chat ctx=0..172:172 prefill chunk 120/172 (69.8%) chunk=23.30 t/s avg=23.35 t/s 5.139s
0823 22:29:47 ds4-server: chat ctx=0..172:172 prefill chunk 121/172 (70.3%) chunk=22.74 t/s avg=23.35 t/s 5.183s
0823 22:29:47 ds4-server: chat ctx=0..172:172 prefill chunk 122/172 (70.9%) chunk=23.70 t/s avg=23.35 t/s 5.225s
0823 22:29:47 ds4-server: chat ctx=0..172:172 prefill chunk 123/172 (71.5%) chunk=23.39 t/s avg=23.35 t/s 5.268s
0823 22:29:47 ds4-server: chat ctx=0..172:172 prefill chunk 124/172 (72.1%) chunk=22.64 t/s avg=23.34 t/s 5.312s
0823 22:29:47 ds4-server: chat ctx=0..172:172 prefill chunk 125/172 (72.7%) chunk=23.59 t/s avg=23.35 t/s 5.354s
0823 22:29:47 ds4-server: chat ctx=0..172:172 prefill chunk 126/172 (73.3%) chunk=23.46 t/s avg=23.35 t/s 5.397s
0823 22:29:47 ds4-server: chat ctx=0..172:172 prefill chunk 127/172 (73.8%) chunk=23.04 t/s avg=23.34 t/s 5.440s
0823 22:29:47 ds4-server: chat ctx=0..172:172 prefill chunk 128/172 (74.4%) chunk=22.90 t/s avg=23.34 t/s 5.484s
0823 22:29:47 ds4-server: chat ctx=0..172:172 prefill chunk 129/172 (75.0%) chunk=23.51 t/s avg=23.34 t/s 5.527s
0823 22:29:47 ds4-server: chat ctx=0..172:172 prefill chunk 130/172 (75.6%) chunk=23.32 t/s avg=23.34 t/s 5.570s
0823 22:29:47 ds4-server: chat ctx=0..172:172 prefill chunk 131/172 (76.2%) chunk=22.72 t/s avg=23.34 t/s 5.614s
0823 22:29:47 ds4-server: chat ctx=0..172:172 prefill chunk 132/172 (76.7%) chunk=23.37 t/s avg=23.34 t/s 5.656s
0823 22:29:47 ds4-server: chat ctx=0..172:172 prefill chunk 133/172 (77.3%) chunk=23.47 t/s avg=23.34 t/s 5.699s
0823 22:29:47 ds4-server: chat ctx=0..172:172 prefill chunk 134/172 (77.9%) chunk=22.49 t/s avg=23.33 t/s 5.743s
0823 22:29:47 ds4-server: chat ctx=0..172:172 prefill chunk 135/172 (78.5%) chunk=23.31 t/s avg=23.33 t/s 5.786s
0823 22:29:47 ds4-server: chat ctx=0..172:172 prefill chunk 136/172 (79.1%) chunk=23.71 t/s avg=23.33 t/s 5.828s
0823 22:29:47 ds4-server: chat ctx=0..172:172 prefill chunk 137/172 (79.7%) chunk=23.25 t/s avg=23.33 t/s 5.871s
0823 22:29:47 ds4-server: chat ctx=0..172:172 prefill chunk 138/172 (80.2%) chunk=22.27 t/s avg=23.33 t/s 5.916s
0823 22:29:47 ds4-server: chat ctx=0..172:172 prefill chunk 139/172 (80.8%) chunk=23.44 t/s avg=23.33 t/s 5.959s
0823 22:29:47 ds4-server: chat ctx=0..172:172 prefill chunk 140/172 (81.4%) chunk=23.26 t/s avg=23.33 t/s 6.002s
0823 22:29:48 ds4-server: chat ctx=0..172:172 prefill chunk 141/172 (82.0%) chunk=22.52 t/s avg=23.32 t/s 6.046s
0823 22:29:48 ds4-server: chat ctx=0..172:172 prefill chunk 142/172 (82.6%) chunk=23.41 t/s avg=23.32 t/s 6.089s
0823 22:29:48 ds4-server: chat ctx=0..172:172 prefill chunk 143/172 (83.1%) chunk=23.45 t/s avg=23.32 t/s 6.132s
0823 22:29:48 ds4-server: chat ctx=0..172:172 prefill chunk 144/172 (83.7%) chunk=22.43 t/s avg=23.31 t/s 6.176s
0823 22:29:48 ds4-server: chat ctx=0..172:172 prefill chunk 145/172 (84.3%) chunk=23.34 t/s avg=23.31 t/s 6.219s
0823 22:29:48 ds4-server: chat ctx=0..172:172 prefill chunk 146/172 (84.9%) chunk=23.45 t/s avg=23.32 t/s 6.262s
0823 22:29:48 ds4-server: chat ctx=0..172:172 prefill chunk 147/172 (85.5%) chunk=23.44 t/s avg=23.32 t/s 6.305s
0823 22:29:48 ds4-server: chat ctx=0..172:172 prefill chunk 148/172 (86.0%) chunk=22.24 t/s avg=23.31 t/s 6.350s
0823 22:29:48 ds4-server: chat ctx=0..172:172 prefill chunk 149/172 (86.6%) chunk=23.61 t/s avg=23.31 t/s 6.392s
0823 22:29:48 ds4-server: chat ctx=0..172:172 prefill chunk 150/172 (87.2%) chunk=23.35 t/s avg=23.31 t/s 6.435s
0823 22:29:48 ds4-server: chat ctx=0..172:172 prefill chunk 151/172 (87.8%) chunk=22.75 t/s avg=23.31 t/s 6.479s
0823 22:29:48 ds4-server: chat ctx=0..172:172 prefill chunk 152/172 (88.4%) chunk=23.31 t/s avg=23.31 t/s 6.522s
0823 22:29:48 ds4-server: chat ctx=0..172:172 prefill chunk 153/172 (89.0%) chunk=23.46 t/s avg=23.31 t/s 6.564s
0823 22:29:48 ds4-server: chat ctx=0..172:172 prefill chunk 154/172 (89.5%) chunk=22.78 t/s avg=23.30 t/s 6.608s
0823 22:29:48 ds4-server: chat ctx=0..172:172 prefill chunk 155/172 (90.1%) chunk=22.87 t/s avg=23.30 t/s 6.652s
0823 22:29:48 ds4-server: chat ctx=0..172:172 prefill chunk 156/172 (90.7%) chunk=23.45 t/s avg=23.30 t/s 6.694s
0823 22:29:48 ds4-server: chat ctx=0..172:172 prefill chunk 157/172 (91.3%) chunk=23.21 t/s avg=23.30 t/s 6.738s
0823 22:29:48 ds4-server: chat ctx=0..172:172 prefill chunk 158/172 (91.9%) chunk=22.30 t/s avg=23.30 t/s 6.782s
0823 22:29:48 ds4-server: chat ctx=0..172:172 prefill chunk 159/172 (92.4%) chunk=23.44 t/s avg=23.30 t/s 6.825s
0823 22:29:48 ds4-server: chat ctx=0..172:172 prefill chunk 160/172 (93.0%) chunk=23.31 t/s avg=23.30 t/s 6.868s
0823 22:29:48 ds4-server: chat ctx=0..172:172 prefill chunk 161/172 (93.6%) chunk=22.73 t/s avg=23.29 t/s 6.912s
0823 22:29:48 ds4-server: chat ctx=0..172:172 prefill chunk 162/172 (94.2%) chunk=23.30 t/s avg=23.29 t/s 6.955s
0823 22:29:48 ds4-server: chat ctx=0..172:172 prefill chunk 163/172 (94.8%) chunk=23.61 t/s avg=23.30 t/s 6.997s
0823 22:29:49 ds4-server: chat ctx=0..172:172 prefill chunk 164/172 (95.3%) chunk=22.96 t/s avg=23.29 t/s 7.041s
0823 22:29:49 ds4-server: chat ctx=0..172:172 prefill chunk 165/172 (95.9%) chunk=22.95 t/s avg=23.29 t/s 7.084s
0823 22:29:49 ds4-server: chat ctx=0..172:172 prefill chunk 166/172 (96.5%) chunk=23.43 t/s avg=23.29 t/s 7.127s
0823 22:29:49 ds4-server: chat ctx=0..172:172 prefill chunk 167/172 (97.1%) chunk=23.35 t/s avg=23.29 t/s 7.170s
0823 22:29:49 ds4-server: chat ctx=0..172:172 prefill chunk 168/172 (97.7%) chunk=22.37 t/s avg=23.29 t/s 7.215s
0823 22:29:49 ds4-server: chat ctx=0..172:172 prefill chunk 169/172 (98.3%) chunk=23.30 t/s avg=23.29 t/s 7.257s
0823 22:29:49 ds4-server: chat ctx=0..172:172 prefill chunk 170/172 (98.8%) chunk=23.41 t/s avg=23.29 t/s 7.300s
0823 22:29:49 ds4-server: chat ctx=0..172:172 prefill chunk 171/172 (99.4%) chunk=22.45 t/s avg=23.28 t/s 7.345s
0823 22:29:49 ds4-server: chat ctx=0..172:172 prefill chunk 172/172 (100.0%) chunk=23.16 t/s avg=23.28 t/s 7.388s
0823 22:29:49 ds4-server: chat ctx=0..172:172 prompt done 7.388s
0823 22:29:51 ds4-server: chat ctx=172..222:50 gen=50 THINKING decoding chunk=22.94 t/s avg=22.94 t/s 2.180s
0823 22:29:53 ds4-server: chat ctx=222..272:50 gen=100 THINKING decoding chunk=22.79 t/s avg=22.86 t/s 4.374s
0823 22:29:55 ds4-server: chat ctx=272..322:50 gen=150 THINKING decoding chunk=22.64 t/s avg=22.79 t/s 6.583s
0823 22:29:58 ds4-server: chat ctx=322..372:50 gen=200 THINKING decoding chunk=22.49 t/s avg=22.71 t/s 8.806s
0823 22:30:00 ds4-server: chat ctx=372..422:50 gen=250 THINKING decoding chunk=22.33 t/s avg=22.63 t/s 11.046s
0823 22:30:02 ds4-server: chat ctx=422..472:50 gen=300 THINKING decoding chunk=22.16 t/s avg=22.55 t/s 13.302s
0823 22:30:04 ds4-server: chat ctx=472..522:50 gen=350 THINKING decoding chunk=22.05 t/s avg=22.48 t/s 15.570s
0823 22:30:07 ds4-server: chat ctx=522..572:50 gen=400 THINKING decoding chunk=21.87 t/s avg=22.40 t/s 17.856s
0823 22:30:09 ds4-server: chat ctx=572..622:50 gen=450 THINKING decoding chunk=21.75 t/s avg=22.33 t/s 20.156s
0823 22:30:11 ds4-server: chat ctx=622..672:50 gen=500 THINKING decoding chunk=21.62 t/s avg=22.25 t/s 22.469s
0823 22:30:14 ds4-server: chat ctx=672..722:50 gen=550 THINKING decoding chunk=21.48 t/s avg=22.18 t/s 24.797s
0823 22:30:16 ds4-server: chat ctx=722..772:50 gen=600 THINKING decoding chunk=21.35 t/s avg=22.11 t/s 27.138s
0823 22:30:18 ds4-server: chat ctx=772..822:50 gen=650 THINKING decoding chunk=21.21 t/s avg=22.04 t/s 29.496s
0823 22:30:21 ds4-server: chat ctx=822..872:50 gen=700 THINKING decoding chunk=20.93 t/s avg=21.95 t/s 31.884s
0823 22:30:23 ds4-server: chat ctx=872..922:50 gen=750 THINKING decoding chunk=20.92 t/s avg=21.88 t/s 34.274s
0823 22:30:26 ds4-server: chat ctx=922..972:50 gen=800 THINKING decoding chunk=20.83 t/s avg=21.81 t/s 36.675s
0823 22:30:28 ds4-server: chat ctx=972..1022:50 gen=850 THINKING decoding chunk=20.69 t/s avg=21.74 t/s 39.092s
0823 22:30:30 ds4-server: chat ctx=1022..1072:50 gen=900 THINKING decoding chunk=20.55 t/s avg=21.67 t/s 41.525s
0823 22:30:33 ds4-server: chat ctx=1072..1122:50 gen=950 THINKING decoding chunk=20.45 t/s avg=21.61 t/s 43.969s
0823 22:30:35 ds4-server: chat ctx=1122..1172:50 gen=1000 THINKING decoding chunk=20.36 t/s avg=21.54 t/s 46.425s
0823 22:30:38 ds4-server: chat ctx=1172..1222:50 gen=1050 THINKING decoding chunk=20.23 t/s avg=21.47 t/s 48.897s
0823 22:30:40 ds4-server: chat ctx=1222..1272:50 gen=1100 THINKING decoding chunk=20.08 t/s avg=21.41 t/s 51.386s
0823 22:30:43 ds4-server: chat ctx=1272..1322:50 gen=1150 THINKING decoding chunk=19.96 t/s avg=21.34 t/s 53.891s
0823 22:30:45 ds4-server: chat ctx=1322..1372:50 gen=1200 THINKING decoding chunk=19.87 t/s avg=21.27 t/s 56.408s
0823 22:30:48 ds4-server: chat ctx=1372..1422:50 gen=1250 THINKING decoding chunk=19.72 t/s avg=21.21 t/s 58.944s
0823 22:30:50 ds4-server: chat ctx=1422..1472:50 gen=1300 THINKING decoding chunk=19.64 t/s avg=21.14 t/s 61.490s
0823 22:30:53 ds4-server: chat ctx=1472..1522:50 gen=1350 THINKING decoding chunk=19.56 t/s avg=21.08 t/s 64.046s
0823 22:30:55 ds4-server: chat ctx=1522..1572:50 gen=1400 THINKING decoding chunk=19.48 t/s avg=21.02 t/s 66.613s
0823 22:30:58 ds4-server: chat ctx=1572..1622:50 gen=1450 THINKING decoding chunk=19.27 t/s avg=20.95 t/s 69.207s
0823 22:31:01 ds4-server: chat ctx=1622..1672:50 gen=1500 THINKING decoding chunk=19.16 t/s avg=20.89 t/s 71.817s
0823 22:31:03 ds4-server: chat ctx=1672..1722:50 gen=1550 THINKING decoding chunk=19.08 t/s avg=20.82 t/s 74.437s
0823 22:31:06 ds4-server: chat ctx=1722..1772:50 gen=1600 THINKING decoding chunk=19.01 t/s avg=20.76 t/s 77.067s
0823 22:31:09 ds4-server: chat ctx=1772..1822:50 gen=1650 THINKING decoding chunk=18.92 t/s avg=20.70 t/s 79.710s
0823 22:31:11 ds4-server: chat ctx=1822..1872:50 gen=1700 THINKING decoding chunk=18.81 t/s avg=20.64 t/s 82.369s
0823 22:31:14 ds4-server: chat ctx=1872..1922:50 gen=1750 THINKING decoding chunk=18.74 t/s avg=20.58 t/s 85.036s
0823 22:31:17 ds4-server: chat ctx=1922..1972:50 gen=1800 THINKING decoding chunk=18.61 t/s avg=20.52 t/s 87.723s
0823 22:31:19 ds4-server: chat ctx=1972..2022:50 gen=1850 THINKING decoding chunk=18.48 t/s avg=20.46 t/s 90.428s
0823 22:31:22 ds4-server: chat ctx=2022..2072:50 gen=1900 THINKING decoding chunk=18.43 t/s avg=20.40 t/s 93.141s
0823 22:31:25 ds4-server: chat ctx=2072..2122:50 gen=1950 THINKING decoding chunk=18.34 t/s avg=20.34 t/s 95.868s
0823 22:31:27 ds4-server: chat ctx=2122..2172:50 gen=2000 THINKING decoding chunk=18.22 t/s avg=20.28 t/s 98.611s
0823 22:31:30 ds4-server: chat ctx=2172..2222:50 gen=2050 decoding chunk=18.09 t/s avg=20.22 t/s 101.375s
0823 22:31:33 ds4-server: chat ctx=2222..2272:50 gen=2100 decoding chunk=17.99 t/s avg=20.16 t/s 104.154s
0823 22:31:36 ds4-server: chat ctx=2272..2322:50 gen=2150 decoding chunk=17.95 t/s avg=20.10 t/s 106.939s
0823 22:31:39 ds4-server: chat ctx=2322..2372:50 gen=2200 decoding chunk=17.84 t/s avg=20.05 t/s 109.742s
0823 22:31:41 ds4-server: chat ctx=2372..2422:50 gen=2250 decoding chunk=17.77 t/s avg=19.99 t/s 112.556s
0823 22:31:44 ds4-server: chat ctx=2422..2472:50 gen=2300 decoding chunk=17.65 t/s avg=19.93 t/s 115.390s
0823 22:31:47 ds4-server: chat ctx=2472..2522:50 gen=2350 decoding chunk=17.56 t/s avg=19.88 t/s 118.237s
0823 22:31:50 ds4-server: chat ctx=2522..2572:50 gen=2400 decoding chunk=17.47 t/s avg=19.82 t/s 121.099s
0823 22:31:53 ds4-server: chat ctx=2572..2622:50 gen=2450 decoding chunk=17.38 t/s avg=19.76 t/s 123.976s
0823 22:31:54 ds4-server: chat ctx=2622..2643:21 gen=2471 decoding chunk=17.30 t/s avg=19.74 t/s 125.189s
0823 22:31:54 ds4-server: thinking live checkpoint remembered ctx=0..172:172 live=2643 visible=2284
0823 22:31:54 ds4-server: chat ctx=0..172:172 gen=2471 finish=stop 132.577s
0823 22:31:54 ds4-server: live kv cache miss live=2643 prompt=101 common=56 reason=token-mismatch
0823 22:31:54 ds4-server: chat ctx=0..101:101 prompt start
0823 22:31:54 ds4-server: chat ctx=0..101:101 prefill chunk 1/101 (1.0%) chunk=0.00 t/s avg=22.75 t/s 0.044s
0823 22:31:54 ds4-server: chat ctx=0..101:101 prefill chunk 2/101 (2.0%) chunk=24.15 t/s avg=23.43 t/s 0.085s
0823 22:31:54 ds4-server: chat ctx=0..101:101 prefill chunk 3/101 (3.0%) chunk=23.09 t/s avg=23.31 t/s 0.129s
0823 22:31:54 ds4-server: chat ctx=0..101:101 prefill chunk 4/101 (4.0%) chunk=23.48 t/s avg=23.35 t/s 0.171s
0823 22:31:54 ds4-server: chat ctx=0..101:101 prefill chunk 5/101 (5.0%) chunk=23.77 t/s avg=23.44 t/s 0.213s
0823 22:31:54 ds4-server: chat ctx=0..101:101 prefill chunk 6/101 (5.9%) chunk=23.58 t/s avg=23.46 t/s 0.256s
0823 22:31:54 ds4-server: chat ctx=0..101:101 prefill chunk 7/101 (6.9%) chunk=22.97 t/s avg=23.39 t/s 0.299s
0823 22:31:54 ds4-server: chat ctx=0..101:101 prefill chunk 8/101 (7.9%) chunk=23.85 t/s avg=23.45 t/s 0.341s
0823 22:31:54 ds4-server: chat ctx=0..101:101 prefill chunk 9/101 (8.9%) chunk=24.01 t/s avg=23.51 t/s 0.383s
0823 22:31:54 ds4-server: chat ctx=0..101:101 prefill chunk 10/101 (9.9%) chunk=23.78 t/s avg=23.53 t/s 0.425s
0823 22:31:55 ds4-server: chat ctx=0..101:101 prefill chunk 11/101 (10.9%) chunk=23.04 t/s avg=23.49 t/s 0.468s
0823 22:31:55 ds4-server: chat ctx=0..101:101 prefill chunk 12/101 (11.9%) chunk=23.82 t/s avg=23.51 t/s 0.510s
0823 22:31:55 ds4-server: chat ctx=0..101:101 prefill chunk 13/101 (12.9%) chunk=23.94 t/s avg=23.55 t/s 0.552s
0823 22:31:55 ds4-server: chat ctx=0..101:101 prefill chunk 14/101 (13.9%) chunk=23.10 t/s avg=23.51 t/s 0.595s
0823 22:31:55 ds4-server: chat ctx=0..101:101 prefill chunk 15/101 (14.9%) chunk=23.11 t/s avg=23.49 t/s 0.639s
0823 22:31:55 ds4-server: chat ctx=0..101:101 prefill chunk 16/101 (15.8%) chunk=23.92 t/s avg=23.51 t/s 0.680s
0823 22:31:55 ds4-server: chat ctx=0..101:101 prefill chunk 17/101 (16.8%) chunk=23.56 t/s avg=23.52 t/s 0.723s
0823 22:31:55 ds4-server: chat ctx=0..101:101 prefill chunk 18/101 (17.8%) chunk=23.02 t/s avg=23.49 t/s 0.766s
0823 22:31:55 ds4-server: chat ctx=0..101:101 prefill chunk 19/101 (18.8%) chunk=23.68 t/s avg=23.50 t/s 0.809s
0823 22:31:55 ds4-server: chat ctx=0..101:101 prefill chunk 20/101 (19.8%) chunk=23.84 t/s avg=23.51 t/s 0.851s
0823 22:31:55 ds4-server: chat ctx=0..101:101 prefill chunk 21/101 (20.8%) chunk=22.95 t/s avg=23.49 t/s 0.894s
0823 22:31:55 ds4-server: chat ctx=0..101:101 prefill chunk 22/101 (21.8%) chunk=22.99 t/s avg=23.46 t/s 0.938s
0823 22:31:55 ds4-server: chat ctx=0..101:101 prefill chunk 23/101 (22.8%) chunk=23.77 t/s avg=23.48 t/s 0.980s
0823 22:31:55 ds4-server: chat ctx=0..101:101 prefill chunk 24/101 (23.8%) chunk=23.79 t/s avg=23.49 t/s 1.022s
0823 22:31:55 ds4-server: chat ctx=0..101:101 prefill chunk 25/101 (24.8%) chunk=22.77 t/s avg=23.46 t/s 1.066s
0823 22:31:55 ds4-server: chat ctx=0..101:101 prefill chunk 26/101 (25.7%) chunk=23.58 t/s avg=23.46 t/s 1.108s
0823 22:31:55 ds4-server: chat ctx=0..101:101 prefill chunk 27/101 (26.7%) chunk=23.89 t/s avg=23.48 t/s 1.150s
0823 22:31:55 ds4-server: chat ctx=0..101:101 prefill chunk 28/101 (27.7%) chunk=23.55 t/s avg=23.48 t/s 1.192s
0823 22:31:55 ds4-server: chat ctx=0..101:101 prefill chunk 29/101 (28.7%) chunk=22.61 t/s avg=23.45 t/s 1.237s
0823 22:31:55 ds4-server: chat ctx=0..101:101 prefill chunk 30/101 (29.7%) chunk=23.56 t/s avg=23.45 t/s 1.279s
0823 22:31:55 ds4-server: chat ctx=0..101:101 prefill chunk 31/101 (30.7%) chunk=23.70 t/s avg=23.46 t/s 1.321s
0823 22:31:55 ds4-server: chat ctx=0..101:101 prefill chunk 32/101 (31.7%) chunk=23.25 t/s avg=23.46 t/s 1.364s
0823 22:31:55 ds4-server: chat ctx=0..101:101 prefill chunk 33/101 (32.7%) chunk=23.38 t/s avg=23.45 t/s 1.407s
0823 22:31:55 ds4-server: chat ctx=0..101:101 prefill chunk 34/101 (33.7%) chunk=24.07 t/s avg=23.47 t/s 1.449s
0823 22:31:56 ds4-server: chat ctx=0..101:101 prefill chunk 35/101 (34.7%) chunk=23.38 t/s avg=23.47 t/s 1.491s
0823 22:31:56 ds4-server: chat ctx=0..101:101 prefill chunk 36/101 (35.6%) chunk=22.48 t/s avg=23.44 t/s 1.536s
0823 22:31:56 ds4-server: chat ctx=0..101:101 prefill chunk 37/101 (36.6%) chunk=24.02 t/s avg=23.46 t/s 1.577s
0823 22:31:56 ds4-server: chat ctx=0..101:101 prefill chunk 38/101 (37.6%) chunk=24.02 t/s avg=23.47 t/s 1.619s
0823 22:31:56 ds4-server: chat ctx=0..101:101 prefill chunk 39/101 (38.6%) chunk=22.63 t/s avg=23.45 t/s 1.663s
0823 22:31:56 ds4-server: chat ctx=0..101:101 prefill chunk 40/101 (39.6%) chunk=23.36 t/s avg=23.45 t/s 1.706s
0823 22:31:56 ds4-server: chat ctx=0..101:101 prefill chunk 41/101 (40.6%) chunk=23.74 t/s avg=23.45 t/s 1.748s
0823 22:31:56 ds4-server: chat ctx=0..101:101 prefill chunk 42/101 (41.6%) chunk=23.61 t/s avg=23.46 t/s 1.791s
0823 22:31:56 ds4-server: chat ctx=0..101:101 prefill chunk 43/101 (42.6%) chunk=22.55 t/s avg=23.43 t/s 1.835s
0823 22:31:56 ds4-server: chat ctx=0..101:101 prefill chunk 44/101 (43.6%) chunk=23.75 t/s avg=23.44 t/s 1.877s
0823 22:31:56 ds4-server: chat ctx=0..101:101 prefill chunk 45/101 (44.6%) chunk=23.87 t/s avg=23.45 t/s 1.919s
0823 22:31:56 ds4-server: chat ctx=0..101:101 prefill chunk 46/101 (45.5%) chunk=22.45 t/s avg=23.43 t/s 1.963s
0823 22:31:56 ds4-server: chat ctx=0..101:101 prefill chunk 47/101 (46.5%) chunk=23.31 t/s avg=23.43 t/s 2.006s
0823 22:31:56 ds4-server: chat ctx=0..101:101 prefill chunk 48/101 (47.5%) chunk=23.86 t/s avg=23.43 t/s 2.048s
0823 22:31:56 ds4-server: chat ctx=0..101:101 prefill chunk 49/101 (48.5%) chunk=23.78 t/s avg=23.44 t/s 2.090s
0823 22:31:56 ds4-server: chat ctx=0..101:101 prefill chunk 50/101 (49.5%) chunk=22.42 t/s avg=23.42 t/s 2.135s
0823 22:31:56 ds4-server: chat ctx=0..101:101 prefill chunk 51/101 (50.5%) chunk=23.76 t/s avg=23.43 t/s 2.177s
0823 22:31:56 ds4-server: chat ctx=0..101:101 prefill chunk 52/101 (51.5%) chunk=23.87 t/s avg=23.44 t/s 2.219s
0823 22:31:56 ds4-server: chat ctx=0..101:101 prefill chunk 53/101 (52.5%) chunk=22.42 t/s avg=23.42 t/s 2.263s
0823 22:31:56 ds4-server: chat ctx=0..101:101 prefill chunk 54/101 (53.5%) chunk=23.42 t/s avg=23.42 t/s 2.306s
0823 22:31:56 ds4-server: chat ctx=0..101:101 prefill chunk 55/101 (54.5%) chunk=23.86 t/s avg=23.42 t/s 2.348s
0823 22:31:56 ds4-server: chat ctx=0..101:101 prefill chunk 56/101 (55.4%) chunk=23.72 t/s avg=23.43 t/s 2.390s
0823 22:31:56 ds4-server: chat ctx=0..101:101 prefill chunk 57/101 (56.4%) chunk=22.71 t/s avg=23.42 t/s 2.434s
0823 22:31:57 ds4-server: chat ctx=0..101:101 prefill chunk 58/101 (57.4%) chunk=23.70 t/s avg=23.42 t/s 2.476s
0823 22:31:57 ds4-server: chat ctx=0..101:101 prefill chunk 59/101 (58.4%) chunk=23.56 t/s avg=23.42 t/s 2.519s
0823 22:31:57 ds4-server: chat ctx=0..101:101 prefill chunk 60/101 (59.4%) chunk=22.35 t/s avg=23.40 t/s 2.564s
0823 22:31:57 ds4-server: chat ctx=0..101:101 prefill chunk 61/101 (60.4%) chunk=23.54 t/s avg=23.41 t/s 2.606s
0823 22:31:57 ds4-server: chat ctx=0..101:101 prefill chunk 62/101 (61.4%) chunk=23.60 t/s avg=23.41 t/s 2.649s
0823 22:31:57 ds4-server: chat ctx=0..101:101 prefill chunk 63/101 (62.4%) chunk=23.41 t/s avg=23.41 t/s 2.691s
0823 22:31:57 ds4-server: chat ctx=0..101:101 prefill chunk 64/101 (63.4%) chunk=22.45 t/s avg=23.39 t/s 2.736s
0823 22:31:57 ds4-server: chat ctx=0..101:101 prefill chunk 65/101 (64.4%) chunk=23.86 t/s avg=23.40 t/s 2.778s
0823 22:31:57 ds4-server: chat ctx=0..101:101 prefill chunk 66/101 (65.3%) chunk=23.64 t/s avg=23.40 t/s 2.820s
0823 22:31:57 ds4-server: chat ctx=0..101:101 prefill chunk 67/101 (66.3%) chunk=22.81 t/s avg=23.40 t/s 2.864s
0823 22:31:57 ds4-server: chat ctx=0..101:101 prefill chunk 68/101 (67.3%) chunk=23.54 t/s avg=23.40 t/s 2.906s
0823 22:31:57 ds4-server: chat ctx=0..101:101 prefill chunk 69/101 (68.3%) chunk=23.97 t/s avg=23.41 t/s 2.948s
0823 22:31:57 ds4-server: chat ctx=0..101:101 prefill chunk 70/101 (69.3%) chunk=23.66 t/s avg=23.41 t/s 2.990s
0823 22:31:57 ds4-server: chat ctx=0..101:101 prefill chunk 71/101 (70.3%) chunk=22.78 t/s avg=23.40 t/s 3.034s
0823 22:31:57 ds4-server: chat ctx=0..101:101 prefill chunk 72/101 (71.3%) chunk=23.64 t/s avg=23.40 t/s 3.077s
0823 22:31:57 ds4-server: chat ctx=0..101:101 prefill chunk 73/101 (72.3%) chunk=23.91 t/s avg=23.41 t/s 3.118s
0823 22:31:57 ds4-server: chat ctx=0..101:101 prefill chunk 74/101 (73.3%) chunk=23.14 t/s avg=23.41 t/s 3.162s
0823 22:31:57 ds4-server: chat ctx=0..101:101 prefill chunk 75/101 (74.3%) chunk=23.12 t/s avg=23.40 t/s 3.205s
0823 22:31:57 ds4-server: chat ctx=0..101:101 prefill chunk 76/101 (75.2%) chunk=23.82 t/s avg=23.41 t/s 3.247s
0823 22:31:57 ds4-server: chat ctx=0..101:101 prefill chunk 77/101 (76.2%) chunk=23.70 t/s avg=23.41 t/s 3.289s
0823 22:31:57 ds4-server: chat ctx=0..101:101 prefill chunk 78/101 (77.2%) chunk=22.87 t/s avg=23.40 t/s 3.333s
0823 22:31:57 ds4-server: chat ctx=0..101:101 prefill chunk 79/101 (78.2%) chunk=23.38 t/s avg=23.40 t/s 3.376s
0823 22:31:57 ds4-server: chat ctx=0..101:101 prefill chunk 80/101 (79.2%) chunk=23.74 t/s avg=23.41 t/s 3.418s
0823 22:31:58 ds4-server: chat ctx=0..101:101 prefill chunk 81/101 (80.2%) chunk=23.15 t/s avg=23.40 t/s 3.461s
0823 22:31:58 ds4-server: chat ctx=0..101:101 prefill chunk 82/101 (81.2%) chunk=23.00 t/s avg=23.40 t/s 3.504s
0823 22:31:58 ds4-server: chat ctx=0..101:101 prefill chunk 83/101 (82.2%) chunk=23.56 t/s avg=23.40 t/s 3.547s
0823 22:31:58 ds4-server: chat ctx=0..101:101 prefill chunk 84/101 (83.2%) chunk=23.37 t/s avg=23.40 t/s 3.590s
0823 22:31:58 ds4-server: chat ctx=0..101:101 prefill chunk 85/101 (84.2%) chunk=22.81 t/s avg=23.39 t/s 3.633s
0823 22:31:58 ds4-server: chat ctx=0..101:101 prefill chunk 86/101 (85.1%) chunk=23.71 t/s avg=23.40 t/s 3.676s
0823 22:31:58 ds4-server: chat ctx=0..101:101 prefill chunk 87/101 (86.1%) chunk=23.69 t/s avg=23.40 t/s 3.718s
0823 22:31:58 ds4-server: chat ctx=0..101:101 prefill chunk 88/101 (87.1%) chunk=23.25 t/s avg=23.40 t/s 3.761s
0823 22:31:58 ds4-server: chat ctx=0..101:101 prefill chunk 89/101 (88.1%) chunk=22.90 t/s avg=23.39 t/s 3.804s
0823 22:31:58 ds4-server: chat ctx=0..101:101 prefill chunk 90/101 (89.1%) chunk=23.71 t/s avg=23.40 t/s 3.847s
0823 22:31:58 ds4-server: chat ctx=0..101:101 prefill chunk 91/101 (90.1%) chunk=23.26 t/s avg=23.40 t/s 3.890s
0823 22:31:58 ds4-server: chat ctx=0..101:101 prefill chunk 92/101 (91.1%) chunk=22.80 t/s avg=23.39 t/s 3.933s
0823 22:31:58 ds4-server: chat ctx=0..101:101 prefill chunk 93/101 (92.1%) chunk=23.62 t/s avg=23.39 t/s 3.976s
0823 22:31:58 ds4-server: chat ctx=0..101:101 prefill chunk 94/101 (93.1%) chunk=23.52 t/s avg=23.39 t/s 4.018s
0823 22:31:58 ds4-server: chat ctx=0..101:101 prefill chunk 95/101 (94.1%) chunk=23.13 t/s avg=23.39 t/s 4.062s
0823 22:31:58 ds4-server: chat ctx=0..101:101 prefill chunk 96/101 (95.0%) chunk=23.10 t/s avg=23.39 t/s 4.105s
0823 22:31:58 ds4-server: chat ctx=0..101:101 prefill chunk 97/101 (96.0%) chunk=23.68 t/s avg=23.39 t/s 4.147s
0823 22:31:58 ds4-server: chat ctx=0..101:101 prefill chunk 98/101 (97.0%) chunk=23.38 t/s avg=23.39 t/s 4.190s
0823 22:31:58 ds4-server: chat ctx=0..101:101 prefill chunk 99/101 (98.0%) chunk=22.68 t/s avg=23.38 t/s 4.234s
0823 22:31:58 ds4-server: chat ctx=0..101:101 prefill chunk 100/101 (99.0%) chunk=23.48 t/s avg=23.38 t/s 4.277s
0823 22:31:58 ds4-server: chat ctx=0..101:101 prefill chunk 101/101 (100.0%) chunk=23.74 t/s avg=23.39 t/s 4.319s
0823 22:31:58 ds4-server: chat ctx=0..101:101 prompt done 4.319s
0823 22:32:01 ds4-server: chat ctx=101..151:50 gen=50 THINKING decoding chunk=23.21 t/s avg=23.21 t/s 2.154s
0823 22:32:03 ds4-server: chat ctx=151..201:50 gen=100 THINKING decoding chunk=23.01 t/s avg=23.11 t/s 4.327s
0823 22:32:05 ds4-server: chat ctx=201..251:50 gen=150 THINKING decoding chunk=22.83 t/s avg=23.02 t/s 6.516s
0823 22:32:07 ds4-server: chat ctx=251..301:50 gen=200 THINKING decoding chunk=22.68 t/s avg=22.93 t/s 8.720s
0823 22:32:09 ds4-server: chat ctx=301..351:50 gen=250 THINKING decoding chunk=22.54 t/s avg=22.85 t/s 10.939s
0823 22:32:12 ds4-server: chat ctx=351..401:50 gen=300 THINKING decoding chunk=22.37 t/s avg=22.77 t/s 13.174s
0823 22:32:14 ds4-server: chat ctx=401..451:50 gen=350 THINKING decoding chunk=22.22 t/s avg=22.69 t/s 15.424s
0823 22:32:16 ds4-server: chat ctx=451..501:50 gen=400 THINKING decoding chunk=22.10 t/s avg=22.62 t/s 17.686s
0823 22:32:18 ds4-server: chat ctx=501..551:50 gen=450 THINKING decoding chunk=21.97 t/s avg=22.54 t/s 19.962s
0823 22:32:21 ds4-server: chat ctx=551..601:50 gen=500 THINKING decoding chunk=21.81 t/s avg=22.47 t/s 22.255s
0823 22:32:23 ds4-server: chat ctx=601..651:50 gen=550 THINKING decoding chunk=21.68 t/s avg=22.39 t/s 24.561s
0823 22:32:25 ds4-server: chat ctx=651..701:50 gen=600 THINKING decoding chunk=21.54 t/s avg=22.32 t/s 26.882s
0823 22:32:28 ds4-server: chat ctx=701..751:50 gen=650 THINKING decoding chunk=21.45 t/s avg=22.25 t/s 29.213s
0823 22:32:30 ds4-server: chat ctx=751..801:50 gen=700 THINKING decoding chunk=21.29 t/s avg=22.18 t/s 31.562s
0823 22:32:32 ds4-server: chat ctx=801..851:50 gen=750 decoding chunk=21.13 t/s avg=22.11 t/s 33.928s
0823 22:32:35 ds4-server: chat ctx=851..901:50 gen=800 decoding chunk=21.03 t/s avg=22.04 t/s 36.306s
0823 22:32:37 ds4-server: chat ctx=901..951:50 gen=850 decoding chunk=20.88 t/s avg=21.96 t/s 38.701s
0823 22:32:39 ds4-server: chat ctx=951..1001:50 gen=900 decoding chunk=20.80 t/s avg=21.90 t/s 41.105s
0823 22:32:40 ds4-server: chat ctx=1001..1009:8 gen=908 decoding chunk=20.64 t/s avg=21.88 t/s 41.492s
0823 22:32:40 ds4-server: thinking live checkpoint remembered ctx=0..101:101 live=1009 visible=1484
0823 22:32:40 ds4-server: chat ctx=0..101:101 gen=908 finish=stop 45.811s
0823 22:32:40 ds4-server: live kv cache miss live=1009 prompt=106 common=56 reason=token-mismatch
0823 22:32:40 ds4-server: chat ctx=0..106:106 prompt start
0823 22:32:40 ds4-server: chat ctx=0..106:106 prefill chunk 1/106 (0.9%) chunk=0.00 t/s avg=23.12 t/s 0.043s
0823 22:32:40 ds4-server: chat ctx=0..106:106 prefill chunk 2/106 (1.9%) chunk=22.99 t/s avg=23.05 t/s 0.087s
0823 22:32:40 ds4-server: chat ctx=0..106:106 prefill chunk 3/106 (2.8%) chunk=23.08 t/s avg=23.06 t/s 0.130s
0823 22:32:40 ds4-server: chat ctx=0..106:106 prefill chunk 4/106 (3.8%) chunk=23.94 t/s avg=23.28 t/s 0.172s
0823 22:32:40 ds4-server: chat ctx=0..106:106 prefill chunk 5/106 (4.7%) chunk=23.49 t/s avg=23.32 t/s 0.214s
0823 22:32:40 ds4-server: chat ctx=0..106:106 prefill chunk 6/106 (5.7%) chunk=23.53 t/s avg=23.35 t/s 0.257s
0823 22:32:40 ds4-server: chat ctx=0..106:106 prefill chunk 7/106 (6.6%) chunk=23.51 t/s avg=23.37 t/s 0.299s
0823 22:32:40 ds4-server: chat ctx=0..106:106 prefill chunk 8/106 (7.5%) chunk=24.01 t/s avg=23.45 t/s 0.341s
0823 22:32:40 ds4-server: chat ctx=0..106:106 prefill chunk 9/106 (8.5%) chunk=23.34 t/s avg=23.44 t/s 0.384s
0823 22:32:40 ds4-server: chat ctx=0..106:106 prefill chunk 10/106 (9.4%) chunk=22.88 t/s avg=23.38 t/s 0.428s
0823 22:32:40 ds4-server: chat ctx=0..106:106 prefill chunk 11/106 (10.4%) chunk=23.83 t/s avg=23.42 t/s 0.470s
0823 22:32:40 ds4-server: chat ctx=0..106:106 prefill chunk 12/106 (11.3%) chunk=23.77 t/s avg=23.45 t/s 0.512s
0823 22:32:40 ds4-server: chat ctx=0..106:106 prefill chunk 13/106 (12.3%) chunk=22.56 t/s avg=23.38 t/s 0.556s
0823 22:32:40 ds4-server: chat ctx=0..106:106 prefill chunk 14/106 (13.2%) chunk=23.65 t/s avg=23.40 t/s 0.598s
0823 22:32:41 ds4-server: chat ctx=0..106:106 prefill chunk 15/106 (14.2%) chunk=23.98 t/s avg=23.44 t/s 0.640s
0823 22:32:41 ds4-server: chat ctx=0..106:106 prefill chunk 16/106 (15.1%) chunk=23.59 t/s avg=23.45 t/s 0.682s
0823 22:32:41 ds4-server: chat ctx=0..106:106 prefill chunk 17/106 (16.0%) chunk=22.89 t/s avg=23.41 t/s 0.726s
0823 22:32:41 ds4-server: chat ctx=0..106:106 prefill chunk 18/106 (17.0%) chunk=23.50 t/s avg=23.42 t/s 0.769s
0823 22:32:41 ds4-server: chat ctx=0..106:106 prefill chunk 19/106 (17.9%) chunk=23.79 t/s avg=23.44 t/s 0.811s
0823 22:32:41 ds4-server: chat ctx=0..106:106 prefill chunk 20/106 (18.9%) chunk=23.24 t/s avg=23.43 t/s 0.854s
0823 22:32:41 ds4-server: chat ctx=0..106:106 prefill chunk 21/106 (19.8%) chunk=23.34 t/s avg=23.42 t/s 0.897s
0823 22:32:41 ds4-server: chat ctx=0..106:106 prefill chunk 22/106 (20.8%) chunk=23.86 t/s avg=23.44 t/s 0.938s
0823 22:32:41 ds4-server: chat ctx=0..106:106 prefill chunk 23/106 (21.7%) chunk=23.52 t/s avg=23.45 t/s 0.981s
0823 22:32:41 ds4-server: chat ctx=0..106:106 prefill chunk 24/106 (22.6%) chunk=22.91 t/s avg=23.42 t/s 1.025s
0823 22:32:41 ds4-server: chat ctx=0..106:106 prefill chunk 25/106 (23.6%) chunk=23.47 t/s avg=23.42 t/s 1.067s
0823 22:32:41 ds4-server: chat ctx=0..106:106 prefill chunk 26/106 (24.5%) chunk=23.80 t/s avg=23.44 t/s 1.109s
0823 22:32:41 ds4-server: chat ctx=0..106:106 prefill chunk 27/106 (25.5%) chunk=23.50 t/s avg=23.44 t/s 1.152s
0823 22:32:41 ds4-server: chat ctx=0..106:106 prefill chunk 28/106 (26.4%) chunk=22.75 t/s avg=23.42 t/s 1.196s
0823 22:32:41 ds4-server: chat ctx=0..106:106 prefill chunk 29/106 (27.4%) chunk=23.76 t/s avg=23.43 t/s 1.238s
0823 22:32:41 ds4-server: chat ctx=0..106:106 prefill chunk 30/106 (28.3%) chunk=23.37 t/s avg=23.43 t/s 1.281s
0823 22:32:41 ds4-server: chat ctx=0..106:106 prefill chunk 31/106 (29.2%) chunk=22.76 t/s avg=23.40 t/s 1.325s
0823 22:32:41 ds4-server: chat ctx=0..106:106 prefill chunk 32/106 (30.2%) chunk=23.46 t/s avg=23.40 t/s 1.367s
0823 22:32:41 ds4-server: chat ctx=0..106:106 prefill chunk 33/106 (31.1%) chunk=23.67 t/s avg=23.41 t/s 1.409s
0823 22:32:41 ds4-server: chat ctx=0..106:106 prefill chunk 34/106 (32.1%) chunk=23.45 t/s avg=23.41 t/s 1.452s
0823 22:32:41 ds4-server: chat ctx=0..106:106 prefill chunk 35/106 (33.0%) chunk=22.88 t/s avg=23.40 t/s 1.496s
0823 22:32:41 ds4-server: chat ctx=0..106:106 prefill chunk 36/106 (34.0%) chunk=23.83 t/s avg=23.41 t/s 1.538s
0823 22:32:41 ds4-server: chat ctx=0..106:106 prefill chunk 37/106 (34.9%) chunk=23.89 t/s avg=23.42 t/s 1.580s
0823 22:32:42 ds4-server: chat ctx=0..106:106 prefill chunk 38/106 (35.8%) chunk=22.83 t/s avg=23.41 t/s 1.623s
0823 22:32:42 ds4-server: chat ctx=0..106:106 prefill chunk 39/106 (36.8%) chunk=23.69 t/s avg=23.41 t/s 1.666s
0823 22:32:42 ds4-server: chat ctx=0..106:106 prefill chunk 40/106 (37.7%) chunk=23.61 t/s avg=23.42 t/s 1.708s
0823 22:32:42 ds4-server: chat ctx=0..106:106 prefill chunk 41/106 (38.7%) chunk=23.40 t/s avg=23.42 t/s 1.751s
0823 22:32:42 ds4-server: chat ctx=0..106:106 prefill chunk 42/106 (39.6%) chunk=22.59 t/s avg=23.40 t/s 1.795s
0823 22:32:42 ds4-server: chat ctx=0..106:106 prefill chunk 43/106 (40.6%) chunk=23.85 t/s avg=23.41 t/s 1.837s
0823 22:32:42 ds4-server: chat ctx=0..106:106 prefill chunk 44/106 (41.5%) chunk=23.77 t/s avg=23.42 t/s 1.879s
0823 22:32:42 ds4-server: chat ctx=0..106:106 prefill chunk 45/106 (42.5%) chunk=22.49 t/s avg=23.39 t/s 1.923s
0823 22:32:42 ds4-server: chat ctx=0..106:106 prefill chunk 46/106 (43.4%) chunk=23.49 t/s avg=23.40 t/s 1.966s
0823 22:32:42 ds4-server: chat ctx=0..106:106 prefill chunk 47/106 (44.3%) chunk=23.84 t/s avg=23.41 t/s 2.008s
0823 22:32:42 ds4-server: chat ctx=0..106:106 prefill chunk 48/106 (45.3%) chunk=23.38 t/s avg=23.41 t/s 2.051s
0823 22:32:42 ds4-server: chat ctx=0..106:106 prefill chunk 49/106 (46.2%) chunk=22.40 t/s avg=23.38 t/s 2.095s
0823 22:32:42 ds4-server: chat ctx=0..106:106 prefill chunk 50/106 (47.2%) chunk=23.65 t/s avg=23.39 t/s 2.138s
0823 22:32:42 ds4-server: chat ctx=0..106:106 prefill chunk 51/106 (48.1%) chunk=23.86 t/s avg=23.40 t/s 2.180s
0823 22:32:42 ds4-server: chat ctx=0..106:106 prefill chunk 52/106 (49.1%) chunk=22.62 t/s avg=23.38 t/s 2.224s
0823 22:32:42 ds4-server: chat ctx=0..106:106 prefill chunk 53/106 (50.0%) chunk=23.40 t/s avg=23.38 t/s 2.267s
0823 22:32:42 ds4-server: chat ctx=0..106:106 prefill chunk 54/106 (50.9%) chunk=23.70 t/s avg=23.39 t/s 2.309s
0823 22:32:42 ds4-server: chat ctx=0..106:106 prefill chunk 55/106 (51.9%) chunk=23.39 t/s avg=23.39 t/s 2.352s
0823 22:32:42 ds4-server: chat ctx=0..106:106 prefill chunk 56/106 (52.8%) chunk=22.58 t/s avg=23.37 t/s 2.396s
0823 22:32:42 ds4-server: chat ctx=0..106:106 prefill chunk 57/106 (53.8%) chunk=23.64 t/s avg=23.38 t/s 2.438s
0823 22:32:42 ds4-server: chat ctx=0..106:106 prefill chunk 58/106 (54.7%) chunk=23.42 t/s avg=23.38 t/s 2.481s
0823 22:32:42 ds4-server: chat ctx=0..106:106 prefill chunk 59/106 (55.7%) chunk=22.90 t/s avg=23.37 t/s 2.524s
0823 22:32:42 ds4-server: chat ctx=0..106:106 prefill chunk 60/106 (56.6%) chunk=23.37 t/s avg=23.37 t/s 2.567s
0823 22:32:42 ds4-server: chat ctx=0..106:106 prefill chunk 61/106 (57.5%) chunk=23.80 t/s avg=23.38 t/s 2.609s
0823 22:32:43 ds4-server: chat ctx=0..106:106 prefill chunk 62/106 (58.5%) chunk=23.54 t/s avg=23.38 t/s 2.652s
0823 22:32:43 ds4-server: chat ctx=0..106:106 prefill chunk 63/106 (59.4%) chunk=22.72 t/s avg=23.37 t/s 2.696s
0823 22:32:43 ds4-server: chat ctx=0..106:106 prefill chunk 64/106 (60.4%) chunk=23.66 t/s avg=23.37 t/s 2.738s
0823 22:32:43 ds4-server: chat ctx=0..106:106 prefill chunk 65/106 (61.3%) chunk=23.36 t/s avg=23.37 t/s 2.781s
0823 22:32:43 ds4-server: chat ctx=0..106:106 prefill chunk 66/106 (62.3%) chunk=22.77 t/s avg=23.36 t/s 2.825s
0823 22:32:43 ds4-server: chat ctx=0..106:106 prefill chunk 67/106 (63.2%) chunk=23.44 t/s avg=23.37 t/s 2.867s
0823 22:32:43 ds4-server: chat ctx=0..106:106 prefill chunk 68/106 (64.2%) chunk=23.73 t/s avg=23.37 t/s 2.910s
0823 22:32:43 ds4-server: chat ctx=0..106:106 prefill chunk 69/106 (65.1%) chunk=23.60 t/s avg=23.37 t/s 2.952s
0823 22:32:43 ds4-server: chat ctx=0..106:106 prefill chunk 70/106 (66.0%) chunk=22.72 t/s avg=23.36 t/s 2.996s
0823 22:32:43 ds4-server: chat ctx=0..106:106 prefill chunk 71/106 (67.0%) chunk=23.63 t/s avg=23.37 t/s 3.038s
0823 22:32:43 ds4-server: chat ctx=0..106:106 prefill chunk 72/106 (67.9%) chunk=23.67 t/s avg=23.37 t/s 3.081s
0823 22:32:43 ds4-server: chat ctx=0..106:106 prefill chunk 73/106 (68.9%) chunk=22.74 t/s avg=23.36 t/s 3.124s
0823 22:32:43 ds4-server: chat ctx=0..106:106 prefill chunk 74/106 (69.8%) chunk=23.52 t/s avg=23.37 t/s 3.167s
0823 22:32:43 ds4-server: chat ctx=0..106:106 prefill chunk 75/106 (70.8%) chunk=23.88 t/s avg=23.37 t/s 3.209s
0823 22:32:43 ds4-server: chat ctx=0..106:106 prefill chunk 76/106 (71.7%) chunk=23.65 t/s avg=23.38 t/s 3.251s
0823 22:32:43 ds4-server: chat ctx=0..106:106 prefill chunk 77/106 (72.6%) chunk=22.68 t/s avg=23.37 t/s 3.295s
0823 22:32:43 ds4-server: chat ctx=0..106:106 prefill chunk 78/106 (73.6%) chunk=23.66 t/s avg=23.37 t/s 3.338s
0823 22:32:43 ds4-server: chat ctx=0..106:106 prefill chunk 79/106 (74.5%) chunk=23.66 t/s avg=23.37 t/s 3.380s
0823 22:32:43 ds4-server: chat ctx=0..106:106 prefill chunk 80/106 (75.5%) chunk=22.77 t/s avg=23.37 t/s 3.424s
0823 22:32:43 ds4-server: chat ctx=0..106:106 prefill chunk 81/106 (76.4%) chunk=23.50 t/s avg=23.37 t/s 3.466s
0823 22:32:43 ds4-server: chat ctx=0..106:106 prefill chunk 82/106 (77.4%) chunk=23.95 t/s avg=23.37 t/s 3.508s
0823 22:32:43 ds4-server: chat ctx=0..106:106 prefill chunk 83/106 (78.3%) chunk=23.40 t/s avg=23.38 t/s 3.551s
0823 22:32:43 ds4-server: chat ctx=0..106:106 prefill chunk 84/106 (79.2%) chunk=22.50 t/s avg=23.36 t/s 3.595s
0823 22:32:44 ds4-server: chat ctx=0..106:106 prefill chunk 85/106 (80.2%) chunk=23.60 t/s avg=23.37 t/s 3.638s
0823 22:32:44 ds4-server: chat ctx=0..106:106 prefill chunk 86/106 (81.1%) chunk=23.62 t/s avg=23.37 t/s 3.680s
0823 22:32:44 ds4-server: chat ctx=0..106:106 prefill chunk 87/106 (82.1%) chunk=22.83 t/s avg=23.36 t/s 3.724s
0823 22:32:44 ds4-server: chat ctx=0..106:106 prefill chunk 88/106 (83.0%) chunk=23.48 t/s avg=23.36 t/s 3.766s
0823 22:32:44 ds4-server: chat ctx=0..106:106 prefill chunk 89/106 (84.0%) chunk=23.66 t/s avg=23.37 t/s 3.809s
0823 22:32:44 ds4-server: chat ctx=0..106:106 prefill chunk 90/106 (84.9%) chunk=23.54 t/s avg=23.37 t/s 3.851s
0823 22:32:44 ds4-server: chat ctx=0..106:106 prefill chunk 91/106 (85.8%) chunk=22.81 t/s avg=23.36 t/s 3.895s
0823 22:32:44 ds4-server: chat ctx=0..106:106 prefill chunk 92/106 (86.8%) chunk=23.76 t/s avg=23.37 t/s 3.937s
0823 22:32:44 ds4-server: chat ctx=0..106:106 prefill chunk 93/106 (87.7%) chunk=23.59 t/s avg=23.37 t/s 3.979s
0823 22:32:44 ds4-server: chat ctx=0..106:106 prefill chunk 94/106 (88.7%) chunk=22.61 t/s avg=23.36 t/s 4.024s
0823 22:32:44 ds4-server: chat ctx=0..106:106 prefill chunk 95/106 (89.6%) chunk=23.55 t/s avg=23.36 t/s 4.066s
0823 22:32:44 ds4-server: chat ctx=0..106:106 prefill chunk 96/106 (90.6%) chunk=23.63 t/s avg=23.37 t/s 4.108s
0823 22:32:44 ds4-server: chat ctx=0..106:106 prefill chunk 97/106 (91.5%) chunk=23.62 t/s avg=23.37 t/s 4.151s
0823 22:32:44 ds4-server: chat ctx=0..106:106 prefill chunk 98/106 (92.5%) chunk=22.54 t/s avg=23.36 t/s 4.195s
0823 22:32:44 ds4-server: chat ctx=0..106:106 prefill chunk 99/106 (93.4%) chunk=23.66 t/s avg=23.36 t/s 4.237s
0823 22:32:44 ds4-server: chat ctx=0..106:106 prefill chunk 100/106 (94.3%) chunk=23.57 t/s avg=23.37 t/s 4.280s
0823 22:32:44 ds4-server: chat ctx=0..106:106 prefill chunk 101/106 (95.3%) chunk=22.65 t/s avg=23.36 t/s 4.324s
0823 22:32:44 ds4-server: chat ctx=0..106:106 prefill chunk 102/106 (96.2%) chunk=23.30 t/s avg=23.36 t/s 4.367s
0823 22:32:44 ds4-server: chat ctx=0..106:106 prefill chunk 103/106 (97.2%) chunk=23.72 t/s avg=23.36 t/s 4.409s
0823 22:32:44 ds4-server: chat ctx=0..106:106 prefill chunk 104/106 (98.1%) chunk=23.37 t/s avg=23.36 t/s 4.452s
0823 22:32:44 ds4-server: chat ctx=0..106:106 prefill chunk 105/106 (99.1%) chunk=22.61 t/s avg=23.35 t/s 4.496s
0823 22:32:44 ds4-server: chat ctx=0..106:106 prefill chunk 106/106 (100.0%) chunk=23.57 t/s avg=23.36 t/s 4.539s
0823 22:32:44 ds4-server: chat ctx=0..106:106 prompt done 4.539s
0823 22:32:47 ds4-server: chat ctx=106..156:50 gen=50 THINKING decoding chunk=23.13 t/s avg=23.13 t/s 2.162s
0823 22:32:49 ds4-server: chat ctx=156..206:50 gen=100 THINKING decoding chunk=23.00 t/s avg=23.07 t/s 4.336s
0823 22:32:51 ds4-server: chat ctx=206..256:50 gen=150 THINKING decoding chunk=22.82 t/s avg=22.98 t/s 6.526s
0823 22:32:53 ds4-server: chat ctx=256..306:50 gen=200 THINKING decoding chunk=22.68 t/s avg=22.91 t/s 8.731s
0823 22:32:55 ds4-server: chat ctx=306..356:50 gen=250 THINKING decoding chunk=22.55 t/s avg=22.83 t/s 10.948s
0823 22:32:58 ds4-server: chat ctx=356..406:50 gen=300 THINKING decoding chunk=22.39 t/s avg=22.76 t/s 13.182s
0823 22:33:00 ds4-server: chat ctx=406..456:50 gen=350 THINKING decoding chunk=22.23 t/s avg=22.68 t/s 15.431s
0823 22:33:02 ds4-server: chat ctx=456..506:50 gen=400 THINKING decoding chunk=22.08 t/s avg=22.60 t/s 17.696s
0823 22:33:04 ds4-server: chat ctx=506..556:50 gen=450 THINKING decoding chunk=21.98 t/s avg=22.53 t/s 19.971s
0823 22:33:07 ds4-server: chat ctx=556..606:50 gen=500 THINKING decoding chunk=21.80 t/s avg=22.46 t/s 22.264s
0823 22:33:09 ds4-server: chat ctx=606..656:50 gen=550 THINKING decoding chunk=21.63 t/s avg=22.38 t/s 24.575s
0823 22:33:11 ds4-server: chat ctx=656..706:50 gen=600 THINKING decoding chunk=21.53 t/s avg=22.31 t/s 26.897s
0823 22:33:14 ds4-server: chat ctx=706..756:50 gen=650 THINKING decoding chunk=21.37 t/s avg=22.23 t/s 29.238s
0823 22:33:16 ds4-server: chat ctx=756..806:50 gen=700 THINKING decoding chunk=21.22 t/s avg=22.16 t/s 31.594s
0823 22:33:18 ds4-server: chat ctx=806..856:50 gen=750 THINKING decoding chunk=21.13 t/s avg=22.08 t/s 33.961s
0823 22:33:21 ds4-server: chat ctx=856..906:50 gen=800 THINKING decoding chunk=20.99 t/s avg=22.01 t/s 36.342s
0823 22:33:23 ds4-server: chat ctx=906..956:50 gen=850 THINKING decoding chunk=20.82 t/s avg=21.94 t/s 38.744s
0823 22:33:26 ds4-server: chat ctx=956..1006:50 gen=900 THINKING decoding chunk=20.69 t/s avg=21.87 t/s 41.160s
0823 22:33:28 ds4-server: chat ctx=1006..1056:50 gen=950 THINKING decoding chunk=20.61 t/s avg=21.80 t/s 43.586s
0823 22:33:30 ds4-server: chat ctx=1056..1106:50 gen=1000 THINKING decoding chunk=20.47 t/s avg=21.73 t/s 46.029s
0823 22:33:33 ds4-server: chat ctx=1106..1156:50 gen=1050 THINKING decoding chunk=20.35 t/s avg=21.66 t/s 48.486s
0823 22:33:35 ds4-server: chat ctx=1156..1206:50 gen=1100 THINKING decoding chunk=20.27 t/s avg=21.59 t/s 50.953s
0823 22:33:38 ds4-server: chat ctx=1206..1256:50 gen=1150 THINKING decoding chunk=20.09 t/s avg=21.52 t/s 53.442s
0823 22:33:40 ds4-server: chat ctx=1256..1306:50 gen=1200 THINKING decoding chunk=20.02 t/s avg=21.45 t/s 55.940s
0823 22:33:43 ds4-server: chat ctx=1306..1356:50 gen=1250 decoding chunk=19.91 t/s avg=21.39 t/s 58.451s
0823 22:33:45 ds4-server: chat ctx=1356..1406:50 gen=1300 decoding chunk=19.79 t/s avg=21.32 t/s 60.978s
0823 22:33:48 ds4-server: chat ctx=1406..1456:50 gen=1350 decoding chunk=19.63 t/s avg=21.25 t/s 63.525s
0823 22:33:51 ds4-server: chat ctx=1456..1506:50 gen=1400 decoding chunk=19.58 t/s avg=21.19 t/s 66.078s
0823 22:33:53 ds4-server: chat ctx=1506..1556:50 gen=1450 decoding chunk=19.47 t/s avg=21.12 t/s 68.646s
0823 22:33:56 ds4-server: chat ctx=1556..1606:50 gen=1500 decoding chunk=19.40 t/s avg=21.06 t/s 71.224s
0823 22:33:58 ds4-server: chat ctx=1606..1649:43 gen=1543 decoding chunk=19.21 t/s avg=21.00 t/s 73.462s
0823 22:33:58 ds4-server: thinking live checkpoint remembered ctx=0..106:106 live=1649 visible=1928
0823 22:33:58 ds4-server: chat ctx=0..106:106 gen=1543 finish=stop 78.001s
0823 22:33:58 ds4-server: live kv cache miss live=1649 prompt=99 common=56 reason=token-mismatch
0823 22:33:58 ds4-server: chat ctx=0..99:99 prompt start
0823 22:33:58 ds4-server: chat ctx=0..99:99 prefill chunk 1/99 (1.0%) chunk=0.00 t/s avg=22.67 t/s 0.044s
0823 22:33:58 ds4-server: chat ctx=0..99:99 prefill chunk 2/99 (2.0%) chunk=23.25 t/s avg=22.96 t/s 0.087s
0823 22:33:58 ds4-server: chat ctx=0..99:99 prefill chunk 3/99 (3.0%) chunk=23.76 t/s avg=23.22 t/s 0.129s
0823 22:33:58 ds4-server: chat ctx=0..99:99 prefill chunk 4/99 (4.0%) chunk=23.67 t/s avg=23.33 t/s 0.171s
0823 22:33:58 ds4-server: chat ctx=0..99:99 prefill chunk 5/99 (5.1%) chunk=23.70 t/s avg=23.40 t/s 0.214s
0823 22:33:58 ds4-server: chat ctx=0..99:99 prefill chunk 6/99 (6.1%) chunk=23.05 t/s avg=23.34 t/s 0.257s
0823 22:33:58 ds4-server: chat ctx=0..99:99 prefill chunk 7/99 (7.1%) chunk=23.71 t/s avg=23.40 t/s 0.299s
0823 22:33:58 ds4-server: chat ctx=0..99:99 prefill chunk 8/99 (8.1%) chunk=23.86 t/s avg=23.45 t/s 0.341s
0823 22:33:58 ds4-server: chat ctx=0..99:99 prefill chunk 9/99 (9.1%) chunk=23.49 t/s avg=23.46 t/s 0.384s
0823 22:33:58 ds4-server: chat ctx=0..99:99 prefill chunk 10/99 (10.1%) chunk=23.63 t/s avg=23.47 t/s 0.426s
0823 22:33:58 ds4-server: chat ctx=0..99:99 prefill chunk 11/99 (11.1%) chunk=24.00 t/s avg=23.52 t/s 0.468s
0823 22:33:58 ds4-server: chat ctx=0..99:99 prefill chunk 12/99 (12.1%) chunk=23.78 t/s avg=23.54 t/s 0.510s
0823 22:33:58 ds4-server: chat ctx=0..99:99 prefill chunk 13/99 (13.1%) chunk=22.80 t/s avg=23.48 t/s 0.554s
0823 22:33:58 ds4-server: chat ctx=0..99:99 prefill chunk 14/99 (14.1%) chunk=23.55 t/s avg=23.49 t/s 0.596s
0823 22:33:59 ds4-server: chat ctx=0..99:99 prefill chunk 15/99 (15.2%) chunk=23.99 t/s avg=23.52 t/s 0.638s
0823 22:33:59 ds4-server: chat ctx=0..99:99 prefill chunk 16/99 (16.2%) chunk=23.71 t/s avg=23.53 t/s 0.680s
0823 22:33:59 ds4-server: chat ctx=0..99:99 prefill chunk 17/99 (17.2%) chunk=22.54 t/s avg=23.47 t/s 0.724s
0823 22:33:59 ds4-server: chat ctx=0..99:99 prefill chunk 18/99 (18.2%) chunk=23.76 t/s avg=23.49 t/s 0.766s
0823 22:33:59 ds4-server: chat ctx=0..99:99 prefill chunk 19/99 (19.2%) chunk=23.87 t/s avg=23.51 t/s 0.808s
0823 22:33:59 ds4-server: chat ctx=0..99:99 prefill chunk 20/99 (20.2%) chunk=23.20 t/s avg=23.49 t/s 0.851s
0823 22:33:59 ds4-server: chat ctx=0..99:99 prefill chunk 21/99 (21.2%) chunk=23.03 t/s avg=23.47 t/s 0.895s
0823 22:33:59 ds4-server: chat ctx=0..99:99 prefill chunk 22/99 (22.2%) chunk=23.70 t/s avg=23.48 t/s 0.937s
0823 22:33:59 ds4-server: chat ctx=0..99:99 prefill chunk 23/99 (23.2%) chunk=23.65 t/s avg=23.49 t/s 0.979s
0823 22:33:59 ds4-server: chat ctx=0..99:99 prefill chunk 24/99 (24.2%) chunk=23.06 t/s avg=23.47 t/s 1.023s
0823 22:33:59 ds4-server: chat ctx=0..99:99 prefill chunk 25/99 (25.3%) chunk=23.52 t/s avg=23.47 t/s 1.065s
0823 22:33:59 ds4-server: chat ctx=0..99:99 prefill chunk 26/99 (26.3%) chunk=23.94 t/s avg=23.49 t/s 1.107s
0823 22:33:59 ds4-server: chat ctx=0..99:99 prefill chunk 27/99 (27.3%) chunk=23.00 t/s avg=23.47 t/s 1.150s
0823 22:33:59 ds4-server: chat ctx=0..99:99 prefill chunk 28/99 (28.3%) chunk=23.01 t/s avg=23.45 t/s 1.194s
0823 22:33:59 ds4-server: chat ctx=0..99:99 prefill chunk 29/99 (29.3%) chunk=23.88 t/s avg=23.47 t/s 1.236s
0823 22:33:59 ds4-server: chat ctx=0..99:99 prefill chunk 30/99 (30.3%) chunk=23.33 t/s avg=23.46 t/s 1.279s
0823 22:33:59 ds4-server: chat ctx=0..99:99 prefill chunk 31/99 (31.3%) chunk=22.81 t/s avg=23.44 t/s 1.322s
0823 22:33:59 ds4-server: chat ctx=0..99:99 prefill chunk 32/99 (32.3%) chunk=23.29 t/s avg=23.44 t/s 1.365s
0823 22:33:59 ds4-server: chat ctx=0..99:99 prefill chunk 33/99 (33.3%) chunk=23.85 t/s avg=23.45 t/s 1.407s
0823 22:33:59 ds4-server: chat ctx=0..99:99 prefill chunk 34/99 (34.3%) chunk=23.18 t/s avg=23.44 t/s 1.450s
0823 22:33:59 ds4-server: chat ctx=0..99:99 prefill chunk 35/99 (35.4%) chunk=23.24 t/s avg=23.44 t/s 1.493s
0823 22:33:59 ds4-server: chat ctx=0..99:99 prefill chunk 36/99 (36.4%) chunk=23.80 t/s avg=23.45 t/s 1.535s
0823 22:33:59 ds4-server: chat ctx=0..99:99 prefill chunk 37/99 (37.4%) chunk=23.43 t/s avg=23.45 t/s 1.578s
0823 22:34:00 ds4-server: chat ctx=0..99:99 prefill chunk 38/99 (38.4%) chunk=22.93 t/s avg=23.43 t/s 1.622s
0823 22:34:00 ds4-server: chat ctx=0..99:99 prefill chunk 39/99 (39.4%) chunk=23.06 t/s avg=23.42 t/s 1.665s
0823 22:34:00 ds4-server: chat ctx=0..99:99 prefill chunk 40/99 (40.4%) chunk=23.83 t/s avg=23.43 t/s 1.707s
0823 22:34:00 ds4-server: chat ctx=0..99:99 prefill chunk 41/99 (41.4%) chunk=22.99 t/s avg=23.42 t/s 1.751s
0823 22:34:00 ds4-server: chat ctx=0..99:99 prefill chunk 42/99 (42.4%) chunk=23.12 t/s avg=23.41 t/s 1.794s
0823 22:34:00 ds4-server: chat ctx=0..99:99 prefill chunk 43/99 (43.4%) chunk=23.65 t/s avg=23.42 t/s 1.836s
0823 22:34:00 ds4-server: chat ctx=0..99:99 prefill chunk 44/99 (44.4%) chunk=23.45 t/s avg=23.42 t/s 1.879s
0823 22:34:00 ds4-server: chat ctx=0..99:99 prefill chunk 45/99 (45.5%) chunk=22.97 t/s avg=23.41 t/s 1.922s
0823 22:34:00 ds4-server: chat ctx=0..99:99 prefill chunk 46/99 (46.5%) chunk=23.47 t/s avg=23.41 t/s 1.965s
0823 22:34:00 ds4-server: chat ctx=0..99:99 prefill chunk 47/99 (47.5%) chunk=23.78 t/s avg=23.42 t/s 2.007s
0823 22:34:00 ds4-server: chat ctx=0..99:99 prefill chunk 48/99 (48.5%) chunk=23.80 t/s avg=23.43 t/s 2.049s
0823 22:34:00 ds4-server: chat ctx=0..99:99 prefill chunk 49/99 (49.5%) chunk=22.91 t/s avg=23.42 t/s 2.093s
0823 22:34:00 ds4-server: chat ctx=0..99:99 prefill chunk 50/99 (50.5%) chunk=23.70 t/s avg=23.42 t/s 2.135s
0823 22:34:00 ds4-server: chat ctx=0..99:99 prefill chunk 51/99 (51.5%) chunk=23.28 t/s avg=23.42 t/s 2.178s
0823 22:34:00 ds4-server: chat ctx=0..99:99 prefill chunk 52/99 (52.5%) chunk=22.75 t/s avg=23.41 t/s 2.222s
0823 22:34:00 ds4-server: chat ctx=0..99:99 prefill chunk 53/99 (53.5%) chunk=23.54 t/s avg=23.41 t/s 2.264s
0823 22:34:00 ds4-server: chat ctx=0..99:99 prefill chunk 54/99 (54.5%) chunk=23.70 t/s avg=23.41 t/s 2.306s
0823 22:34:00 ds4-server: chat ctx=0..99:99 prefill chunk 55/99 (55.6%) chunk=23.64 t/s avg=23.42 t/s 2.349s
0823 22:34:00 ds4-server: chat ctx=0..99:99 prefill chunk 56/99 (56.6%) chunk=22.58 t/s avg=23.40 t/s 2.393s
0823 22:34:00 ds4-server: chat ctx=0..99:99 prefill chunk 57/99 (57.6%) chunk=23.70 t/s avg=23.41 t/s 2.435s
0823 22:34:00 ds4-server: chat ctx=0..99:99 prefill chunk 58/99 (58.6%) chunk=23.39 t/s avg=23.41 t/s 2.478s
0823 22:34:00 ds4-server: chat ctx=0..99:99 prefill chunk 59/99 (59.6%) chunk=22.93 t/s avg=23.40 t/s 2.522s
0823 22:34:00 ds4-server: chat ctx=0..99:99 prefill chunk 60/99 (60.6%) chunk=23.32 t/s avg=23.40 t/s 2.564s
0823 22:34:00 ds4-server: chat ctx=0..99:99 prefill chunk 61/99 (61.6%) chunk=23.89 t/s avg=23.41 t/s 2.606s
0823 22:34:01 ds4-server: chat ctx=0..99:99 prefill chunk 62/99 (62.6%) chunk=23.65 t/s avg=23.41 t/s 2.649s
0823 22:34:01 ds4-server: chat ctx=0..99:99 prefill chunk 63/99 (63.6%) chunk=22.67 t/s avg=23.40 t/s 2.693s
0823 22:34:01 ds4-server: chat ctx=0..99:99 prefill chunk 64/99 (64.6%) chunk=23.65 t/s avg=23.40 t/s 2.735s
0823 22:34:01 ds4-server: chat ctx=0..99:99 prefill chunk 65/99 (65.7%) chunk=23.70 t/s avg=23.41 t/s 2.777s
0823 22:34:01 ds4-server: chat ctx=0..99:99 prefill chunk 66/99 (66.7%) chunk=22.85 t/s avg=23.40 t/s 2.821s
0823 22:34:01 ds4-server: chat ctx=0..99:99 prefill chunk 67/99 (67.7%) chunk=23.36 t/s avg=23.40 t/s 2.864s
0823 22:34:01 ds4-server: chat ctx=0..99:99 prefill chunk 68/99 (68.7%) chunk=23.72 t/s avg=23.40 t/s 2.906s
0823 22:34:01 ds4-server: chat ctx=0..99:99 prefill chunk 69/99 (69.7%) chunk=23.63 t/s avg=23.40 t/s 2.948s
0823 22:34:01 ds4-server: chat ctx=0..99:99 prefill chunk 70/99 (70.7%) chunk=22.74 t/s avg=23.39 t/s 2.992s
0823 22:34:01 ds4-server: chat ctx=0..99:99 prefill chunk 71/99 (71.7%) chunk=23.80 t/s avg=23.40 t/s 3.034s
0823 22:34:01 ds4-server: chat ctx=0..99:99 prefill chunk 72/99 (72.7%) chunk=23.74 t/s avg=23.40 t/s 3.076s
0823 22:34:01 ds4-server: chat ctx=0..99:99 prefill chunk 73/99 (73.7%) chunk=22.57 t/s avg=23.39 t/s 3.121s
0823 22:34:01 ds4-server: chat ctx=0..99:99 prefill chunk 74/99 (74.7%) chunk=23.52 t/s avg=23.39 t/s 3.163s
0823 22:34:01 ds4-server: chat ctx=0..99:99 prefill chunk 75/99 (75.8%) chunk=23.85 t/s avg=23.40 t/s 3.205s
0823 22:34:01 ds4-server: chat ctx=0..99:99 prefill chunk 76/99 (76.8%) chunk=23.64 t/s avg=23.40 t/s 3.247s
0823 22:34:01 ds4-server: chat ctx=0..99:99 prefill chunk 77/99 (77.8%) chunk=22.74 t/s avg=23.39 t/s 3.291s
0823 22:34:01 ds4-server: chat ctx=0..99:99 prefill chunk 78/99 (78.8%) chunk=23.85 t/s avg=23.40 t/s 3.333s
0823 22:34:01 ds4-server: chat ctx=0..99:99 prefill chunk 79/99 (79.8%) chunk=23.71 t/s avg=23.40 t/s 3.375s
0823 22:34:01 ds4-server: chat ctx=0..99:99 prefill chunk 80/99 (80.8%) chunk=23.21 t/s avg=23.40 t/s 3.418s
0823 22:34:01 ds4-server: chat ctx=0..99:99 prefill chunk 81/99 (81.8%) chunk=23.04 t/s avg=23.40 t/s 3.462s
0823 22:34:01 ds4-server: chat ctx=0..99:99 prefill chunk 82/99 (82.8%) chunk=23.53 t/s avg=23.40 t/s 3.504s
0823 22:34:01 ds4-server: chat ctx=0..99:99 prefill chunk 83/99 (83.8%) chunk=23.58 t/s avg=23.40 t/s 3.547s
0823 22:34:01 ds4-server: chat ctx=0..99:99 prefill chunk 84/99 (84.8%) chunk=22.70 t/s avg=23.39 t/s 3.591s
0823 22:34:02 ds4-server: chat ctx=0..99:99 prefill chunk 85/99 (85.9%) chunk=23.81 t/s avg=23.40 t/s 3.633s
0823 22:34:02 ds4-server: chat ctx=0..99:99 prefill chunk 86/99 (86.9%) chunk=23.54 t/s avg=23.40 t/s 3.675s
0823 22:34:02 ds4-server: chat ctx=0..99:99 prefill chunk 87/99 (87.9%) chunk=22.55 t/s avg=23.39 t/s 3.720s
0823 22:34:02 ds4-server: chat ctx=0..99:99 prefill chunk 88/99 (88.9%) chunk=23.34 t/s avg=23.39 t/s 3.763s
0823 22:34:02 ds4-server: chat ctx=0..99:99 prefill chunk 89/99 (89.9%) chunk=23.65 t/s avg=23.39 t/s 3.805s
0823 22:34:02 ds4-server: chat ctx=0..99:99 prefill chunk 90/99 (90.9%) chunk=23.40 t/s avg=23.39 t/s 3.848s
0823 22:34:02 ds4-server: chat ctx=0..99:99 prefill chunk 91/99 (91.9%) chunk=22.64 t/s avg=23.38 t/s 3.892s
0823 22:34:02 ds4-server: chat ctx=0..99:99 prefill chunk 92/99 (92.9%) chunk=23.68 t/s avg=23.39 t/s 3.934s
0823 22:34:02 ds4-server: chat ctx=0..99:99 prefill chunk 93/99 (93.9%) chunk=23.74 t/s avg=23.39 t/s 3.976s
0823 22:34:02 ds4-server: chat ctx=0..99:99 prefill chunk 94/99 (94.9%) chunk=22.56 t/s avg=23.38 t/s 4.020s
0823 22:34:02 ds4-server: chat ctx=0..99:99 prefill chunk 95/99 (96.0%) chunk=23.38 t/s avg=23.38 t/s 4.063s
0823 22:34:02 ds4-server: chat ctx=0..99:99 prefill chunk 96/99 (97.0%) chunk=23.83 t/s avg=23.39 t/s 4.105s
0823 22:34:02 ds4-server: chat ctx=0..99:99 prefill chunk 97/99 (98.0%) chunk=23.41 t/s avg=23.39 t/s 4.148s
0823 22:34:02 ds4-server: chat ctx=0..99:99 prefill chunk 98/99 (99.0%) chunk=22.54 t/s avg=23.38 t/s 4.192s
0823 22:34:02 ds4-server: chat ctx=0..99:99 prefill chunk 99/99 (100.0%) chunk=23.41 t/s avg=23.38 t/s 4.235s
0823 22:34:02 ds4-server: chat ctx=0..99:99 prompt done 4.235s
0823 22:34:04 ds4-server: chat ctx=99..149:50 gen=50 THINKING decoding chunk=23.22 t/s avg=23.22 t/s 2.153s
0823 22:34:06 ds4-server: chat ctx=149..199:50 gen=100 THINKING decoding chunk=23.04 t/s avg=23.13 t/s 4.324s
0823 22:34:09 ds4-server: chat ctx=199..249:50 gen=150 THINKING decoding chunk=22.89 t/s avg=23.05 t/s 6.508s
0823 22:34:11 ds4-server: chat ctx=249..299:50 gen=200 THINKING decoding chunk=22.69 t/s avg=22.96 t/s 8.711s
0823 22:34:13 ds4-server: chat ctx=299..349:50 gen=250 THINKING decoding chunk=22.54 t/s avg=22.87 t/s 10.930s
0823 22:34:15 ds4-server: chat ctx=349..399:50 gen=300 THINKING decoding chunk=22.39 t/s avg=22.79 t/s 13.163s
0823 22:34:18 ds4-server: chat ctx=399..449:50 gen=350 THINKING decoding chunk=22.28 t/s avg=22.72 t/s 15.407s
0823 22:34:20 ds4-server: chat ctx=449..499:50 gen=400 THINKING decoding chunk=22.14 t/s avg=22.64 t/s 17.666s
0823 22:34:22 ds4-server: chat ctx=499..549:50 gen=450 THINKING decoding chunk=21.99 t/s avg=22.57 t/s 19.940s
0823 22:34:24 ds4-server: chat ctx=549..599:50 gen=500 THINKING decoding chunk=21.84 t/s avg=22.49 t/s 22.229s
0823 22:34:27 ds4-server: chat ctx=599..649:50 gen=550 THINKING decoding chunk=21.71 t/s avg=22.42 t/s 24.533s
0823 22:34:29 ds4-server: chat ctx=649..699:50 gen=600 THINKING decoding chunk=21.56 t/s avg=22.34 t/s 26.852s
0823 22:34:31 ds4-server: chat ctx=699..749:50 gen=650 THINKING decoding chunk=21.43 t/s avg=22.27 t/s 29.185s
0823 22:34:34 ds4-server: chat ctx=749..799:50 gen=700 THINKING decoding chunk=21.29 t/s avg=22.20 t/s 31.534s
0823 22:34:36 ds4-server: chat ctx=799..849:50 gen=750 THINKING decoding chunk=21.15 t/s avg=22.13 t/s 33.897s
0823 22:34:38 ds4-server: chat ctx=849..899:50 gen=800 THINKING decoding chunk=21.02 t/s avg=22.05 t/s 36.277s
0823 22:34:41 ds4-server: chat ctx=899..949:50 gen=850 THINKING decoding chunk=20.84 t/s avg=21.98 t/s 38.675s
0823 22:34:43 ds4-server: chat ctx=949..999:50 gen=900 THINKING decoding chunk=20.73 t/s avg=21.90 t/s 41.088s
0823 22:34:46 ds4-server: chat ctx=999..1049:50 gen=950 THINKING decoding chunk=20.62 t/s avg=21.83 t/s 43.512s
0823 22:34:48 ds4-server: chat ctx=1049..1099:50 gen=1000 THINKING decoding chunk=20.49 t/s avg=21.76 t/s 45.953s
0823 22:34:51 ds4-server: chat ctx=1099..1149:50 gen=1050 decoding chunk=20.40 t/s avg=21.69 t/s 48.404s
0823 22:34:53 ds4-server: chat ctx=1149..1199:50 gen=1100 decoding chunk=20.26 t/s avg=21.62 t/s 50.872s
0823 22:34:55 ds4-server: chat ctx=1199..1249:50 gen=1150 decoding chunk=20.12 t/s avg=21.55 t/s 53.357s
0823 22:34:58 ds4-server: chat ctx=1249..1299:50 gen=1200 decoding chunk=20.04 t/s avg=21.49 t/s 55.852s
0823 22:35:00 ds4-server: chat ctx=1299..1349:50 gen=1250 decoding chunk=19.90 t/s avg=21.42 t/s 58.365s
0823 22:35:03 ds4-server: chat ctx=1349..1399:50 gen=1300 decoding chunk=19.76 t/s avg=21.35 t/s 60.895s
0823 22:35:06 ds4-server: chat ctx=1399..1449:50 gen=1350 decoding chunk=19.70 t/s avg=21.28 t/s 63.433s
0823 22:35:08 ds4-server: chat ctx=1449..1499:50 gen=1400 decoding chunk=19.56 t/s avg=21.22 t/s 65.989s
0823 22:35:08 ds4-server: thinking live checkpoint remembered ctx=0..99:99 live=1499 visible=2229
0823 22:35:08 ds4-server: chat ctx=0..99:99 gen=1400 finish=stop 70.224s
0823 22:35:08 ds4-server: live kv cache miss live=1499 prompt=100 common=56 reason=token-mismatch
0823 22:35:08 ds4-server: chat ctx=0..100:100 prompt start
0823 22:35:08 ds4-server: chat ctx=0..100:100 prefill chunk 1/100 (1.0%) chunk=0.00 t/s avg=22.83 t/s 0.044s
0823 22:35:08 ds4-server: chat ctx=0..100:100 prefill chunk 2/100 (2.0%) chunk=23.70 t/s avg=23.26 t/s 0.086s
0823 22:35:08 ds4-server: chat ctx=0..100:100 prefill chunk 3/100 (3.0%) chunk=22.89 t/s avg=23.13 t/s 0.130s
0823 22:35:08 ds4-server: chat ctx=0..100:100 prefill chunk 4/100 (4.0%) chunk=23.70 t/s avg=23.27 t/s 0.172s
0823 22:35:08 ds4-server: chat ctx=0..100:100 prefill chunk 5/100 (5.0%) chunk=23.84 t/s avg=23.38 t/s 0.214s
0823 22:35:08 ds4-server: chat ctx=0..100:100 prefill chunk 6/100 (6.0%) chunk=23.60 t/s avg=23.42 t/s 0.256s
0823 22:35:08 ds4-server: chat ctx=0..100:100 prefill chunk 7/100 (7.0%) chunk=22.98 t/s avg=23.36 t/s 0.300s
0823 22:35:08 ds4-server: chat ctx=0..100:100 prefill chunk 8/100 (8.0%) chunk=23.66 t/s avg=23.39 t/s 0.342s
0823 22:35:09 ds4-server: chat ctx=0..100:100 prefill chunk 9/100 (9.0%) chunk=23.48 t/s avg=23.40 t/s 0.385s
0823 22:35:09 ds4-server: chat ctx=0..100:100 prefill chunk 10/100 (10.0%) chunk=24.10 t/s avg=23.47 t/s 0.426s
0823 22:35:09 ds4-server: chat ctx=0..100:100 prefill chunk 11/100 (11.0%) chunk=22.85 t/s avg=23.41 t/s 0.470s
0823 22:35:09 ds4-server: chat ctx=0..100:100 prefill chunk 12/100 (12.0%) chunk=23.85 t/s avg=23.45 t/s 0.512s
0823 22:35:09 ds4-server: chat ctx=0..100:100 prefill chunk 13/100 (13.0%) chunk=23.84 t/s avg=23.48 t/s 0.554s
0823 22:35:09 ds4-server: chat ctx=0..100:100 prefill chunk 14/100 (14.0%) chunk=22.78 t/s avg=23.43 t/s 0.598s
0823 22:35:09 ds4-server: chat ctx=0..100:100 prefill chunk 15/100 (15.0%) chunk=23.70 t/s avg=23.45 t/s 0.640s
0823 22:35:09 ds4-server: chat ctx=0..100:100 prefill chunk 16/100 (16.0%) chunk=23.92 t/s avg=23.47 t/s 0.682s
0823 22:35:09 ds4-server: chat ctx=0..100:100 prefill chunk 17/100 (17.0%) chunk=23.80 t/s avg=23.49 t/s 0.724s
0823 22:35:09 ds4-server: chat ctx=0..100:100 prefill chunk 18/100 (18.0%) chunk=23.03 t/s avg=23.47 t/s 0.767s
0823 22:35:09 ds4-server: chat ctx=0..100:100 prefill chunk 19/100 (19.0%) chunk=23.52 t/s avg=23.47 t/s 0.810s
0823 22:35:09 ds4-server: chat ctx=0..100:100 prefill chunk 20/100 (20.0%) chunk=23.67 t/s avg=23.48 t/s 0.852s
0823 22:35:09 ds4-server: chat ctx=0..100:100 prefill chunk 21/100 (21.0%) chunk=23.85 t/s avg=23.50 t/s 0.894s
0823 22:35:09 ds4-server: chat ctx=0..100:100 prefill chunk 22/100 (22.0%) chunk=22.66 t/s avg=23.46 t/s 0.938s
0823 22:35:09 ds4-server: chat ctx=0..100:100 prefill chunk 23/100 (23.0%) chunk=23.77 t/s avg=23.47 t/s 0.980s
0823 22:35:09 ds4-server: chat ctx=0..100:100 prefill chunk 24/100 (24.0%) chunk=23.64 t/s avg=23.48 t/s 1.022s
0823 22:35:09 ds4-server: chat ctx=0..100:100 prefill chunk 25/100 (25.0%) chunk=22.93 t/s avg=23.46 t/s 1.066s
0823 22:35:09 ds4-server: chat ctx=0..100:100 prefill chunk 26/100 (26.0%) chunk=23.59 t/s avg=23.46 t/s 1.108s
0823 22:35:09 ds4-server: chat ctx=0..100:100 prefill chunk 27/100 (27.0%) chunk=24.06 t/s avg=23.48 t/s 1.150s
0823 22:35:09 ds4-server: chat ctx=0..100:100 prefill chunk 28/100 (28.0%) chunk=23.42 t/s avg=23.48 t/s 1.192s
0823 22:35:09 ds4-server: chat ctx=0..100:100 prefill chunk 29/100 (29.0%) chunk=22.67 t/s avg=23.45 t/s 1.237s
0823 22:35:09 ds4-server: chat ctx=0..100:100 prefill chunk 30/100 (30.0%) chunk=24.20 t/s avg=23.48 t/s 1.278s
0823 22:35:09 ds4-server: chat ctx=0..100:100 prefill chunk 31/100 (31.0%) chunk=23.64 t/s avg=23.48 t/s 1.320s
0823 22:35:09 ds4-server: chat ctx=0..100:100 prefill chunk 32/100 (32.0%) chunk=23.59 t/s avg=23.48 t/s 1.363s
0823 22:35:10 ds4-server: chat ctx=0..100:100 prefill chunk 33/100 (33.0%) chunk=23.30 t/s avg=23.48 t/s 1.406s
0823 22:35:10 ds4-server: chat ctx=0..100:100 prefill chunk 34/100 (34.0%) chunk=23.76 t/s avg=23.49 t/s 1.448s
0823 22:35:10 ds4-server: chat ctx=0..100:100 prefill chunk 35/100 (35.0%) chunk=23.57 t/s avg=23.49 t/s 1.490s
0823 22:35:10 ds4-server: chat ctx=0..100:100 prefill chunk 36/100 (36.0%) chunk=22.96 t/s avg=23.47 t/s 1.534s
0823 22:35:10 ds4-server: chat ctx=0..100:100 prefill chunk 37/100 (37.0%) chunk=23.64 t/s avg=23.48 t/s 1.576s
0823 22:35:10 ds4-server: chat ctx=0..100:100 prefill chunk 38/100 (38.0%) chunk=23.46 t/s avg=23.48 t/s 1.619s
0823 22:35:10 ds4-server: chat ctx=0..100:100 prefill chunk 39/100 (39.0%) chunk=23.26 t/s avg=23.47 t/s 1.662s
0823 22:35:10 ds4-server: chat ctx=0..100:100 prefill chunk 40/100 (40.0%) chunk=23.00 t/s avg=23.46 t/s 1.705s
0823 22:35:10 ds4-server: chat ctx=0..100:100 prefill chunk 41/100 (41.0%) chunk=23.67 t/s avg=23.47 t/s 1.747s
0823 22:35:10 ds4-server: chat ctx=0..100:100 prefill chunk 42/100 (42.0%) chunk=23.45 t/s avg=23.47 t/s 1.790s
0823 22:35:10 ds4-server: chat ctx=0..100:100 prefill chunk 43/100 (43.0%) chunk=23.11 t/s avg=23.46 t/s 1.833s
0823 22:35:10 ds4-server: chat ctx=0..100:100 prefill chunk 44/100 (44.0%) chunk=23.46 t/s avg=23.46 t/s 1.876s
0823 22:35:10 ds4-server: chat ctx=0..100:100 prefill chunk 45/100 (45.0%) chunk=23.55 t/s avg=23.46 t/s 1.918s
0823 22:35:10 ds4-server: chat ctx=0..100:100 prefill chunk 46/100 (46.0%) chunk=23.79 t/s avg=23.47 t/s 1.960s
0823 22:35:10 ds4-server: chat ctx=0..100:100 prefill chunk 47/100 (47.0%) chunk=22.76 t/s avg=23.45 t/s 2.004s
0823 22:35:10 ds4-server: chat ctx=0..100:100 prefill chunk 48/100 (48.0%) chunk=24.04 t/s avg=23.46 t/s 2.046s
0823 22:35:10 ds4-server: chat ctx=0..100:100 prefill chunk 49/100 (49.0%) chunk=23.48 t/s avg=23.46 t/s 2.088s
0823 22:35:10 ds4-server: chat ctx=0..100:100 prefill chunk 50/100 (50.0%) chunk=22.91 t/s avg=23.45 t/s 2.132s
0823 22:35:10 ds4-server: chat ctx=0..100:100 prefill chunk 51/100 (51.0%) chunk=23.69 t/s avg=23.46 t/s 2.174s
0823 22:35:10 ds4-server: chat ctx=0..100:100 prefill chunk 52/100 (52.0%) chunk=23.68 t/s avg=23.46 t/s 2.217s
0823 22:35:10 ds4-server: chat ctx=0..100:100 prefill chunk 53/100 (53.0%) chunk=23.47 t/s avg=23.46 t/s 2.259s
0823 22:35:10 ds4-server: chat ctx=0..100:100 prefill chunk 54/100 (54.0%) chunk=22.74 t/s avg=23.45 t/s 2.303s
0823 22:35:10 ds4-server: chat ctx=0..100:100 prefill chunk 55/100 (55.0%) chunk=23.81 t/s avg=23.45 t/s 2.345s
0823 22:35:11 ds4-server: chat ctx=0..100:100 prefill chunk 56/100 (56.0%) chunk=23.33 t/s avg=23.45 t/s 2.388s
0823 22:35:11 ds4-server: chat ctx=0..100:100 prefill chunk 57/100 (57.0%) chunk=22.91 t/s avg=23.44 t/s 2.432s
0823 22:35:11 ds4-server: chat ctx=0..100:100 prefill chunk 58/100 (58.0%) chunk=23.74 t/s avg=23.45 t/s 2.474s
0823 22:35:11 ds4-server: chat ctx=0..100:100 prefill chunk 59/100 (59.0%) chunk=23.91 t/s avg=23.45 t/s 2.516s
0823 22:35:11 ds4-server: chat ctx=0..100:100 prefill chunk 60/100 (60.0%) chunk=23.43 t/s avg=23.45 t/s 2.558s
0823 22:35:11 ds4-server: chat ctx=0..100:100 prefill chunk 61/100 (61.0%) chunk=22.35 t/s avg=23.43 t/s 2.603s
0823 22:35:11 ds4-server: chat ctx=0..100:100 prefill chunk 62/100 (62.0%) chunk=23.81 t/s avg=23.44 t/s 2.645s
0823 22:35:11 ds4-server: chat ctx=0..100:100 prefill chunk 63/100 (63.0%) chunk=23.70 t/s avg=23.45 t/s 2.687s
0823 22:35:11 ds4-server: chat ctx=0..100:100 prefill chunk 64/100 (64.0%) chunk=22.74 t/s avg=23.43 t/s 2.731s
0823 22:35:11 ds4-server: chat ctx=0..100:100 prefill chunk 65/100 (65.0%) chunk=23.50 t/s avg=23.43 t/s 2.774s
0823 22:35:11 ds4-server: chat ctx=0..100:100 prefill chunk 66/100 (66.0%) chunk=23.66 t/s avg=23.44 t/s 2.816s
0823 22:35:11 ds4-server: chat ctx=0..100:100 prefill chunk 67/100 (67.0%) chunk=23.35 t/s avg=23.44 t/s 2.859s
0823 22:35:11 ds4-server: chat ctx=0..100:100 prefill chunk 68/100 (68.0%) chunk=22.56 t/s avg=23.42 t/s 2.903s
0823 22:35:11 ds4-server: chat ctx=0..100:100 prefill chunk 69/100 (69.0%) chunk=23.74 t/s avg=23.43 t/s 2.945s
0823 22:35:11 ds4-server: chat ctx=0..100:100 prefill chunk 70/100 (70.0%) chunk=23.24 t/s avg=23.43 t/s 2.988s
0823 22:35:11 ds4-server: chat ctx=0..100:100 prefill chunk 71/100 (71.0%) chunk=23.31 t/s avg=23.42 t/s 3.031s
0823 22:35:11 ds4-server: chat ctx=0..100:100 prefill chunk 72/100 (72.0%) chunk=23.18 t/s avg=23.42 t/s 3.074s
0823 22:35:11 ds4-server: chat ctx=0..100:100 prefill chunk 73/100 (73.0%) chunk=23.78 t/s avg=23.42 t/s 3.116s
0823 22:35:11 ds4-server: chat ctx=0..100:100 prefill chunk 74/100 (74.0%) chunk=23.72 t/s avg=23.43 t/s 3.159s
0823 22:35:11 ds4-server: chat ctx=0..100:100 prefill chunk 75/100 (75.0%) chunk=22.57 t/s avg=23.42 t/s 3.203s
0823 22:35:11 ds4-server: chat ctx=0..100:100 prefill chunk 76/100 (76.0%) chunk=23.58 t/s avg=23.42 t/s 3.245s
0823 22:35:11 ds4-server: chat ctx=0..100:100 prefill chunk 77/100 (77.0%) chunk=23.74 t/s avg=23.42 t/s 3.287s
0823 22:35:11 ds4-server: chat ctx=0..100:100 prefill chunk 78/100 (78.0%) chunk=22.77 t/s avg=23.41 t/s 3.331s
0823 22:35:11 ds4-server: chat ctx=0..100:100 prefill chunk 79/100 (79.0%) chunk=23.60 t/s avg=23.42 t/s 3.374s
0823 22:35:12 ds4-server: chat ctx=0..100:100 prefill chunk 80/100 (80.0%) chunk=23.93 t/s avg=23.42 t/s 3.415s
0823 22:35:12 ds4-server: chat ctx=0..100:100 prefill chunk 81/100 (81.0%) chunk=23.52 t/s avg=23.42 t/s 3.458s
0823 22:35:12 ds4-server: chat ctx=0..100:100 prefill chunk 82/100 (82.0%) chunk=22.54 t/s avg=23.41 t/s 3.502s
0823 22:35:12 ds4-server: chat ctx=0..100:100 prefill chunk 83/100 (83.0%) chunk=23.69 t/s avg=23.42 t/s 3.545s
0823 22:35:12 ds4-server: chat ctx=0..100:100 prefill chunk 84/100 (84.0%) chunk=23.52 t/s avg=23.42 t/s 3.587s
0823 22:35:12 ds4-server: chat ctx=0..100:100 prefill chunk 85/100 (85.0%) chunk=22.65 t/s avg=23.41 t/s 3.631s
0823 22:35:12 ds4-server: chat ctx=0..100:100 prefill chunk 86/100 (86.0%) chunk=23.41 t/s avg=23.41 t/s 3.674s
0823 22:35:12 ds4-server: chat ctx=0..100:100 prefill chunk 87/100 (87.0%) chunk=23.85 t/s avg=23.41 t/s 3.716s
0823 22:35:12 ds4-server: chat ctx=0..100:100 prefill chunk 88/100 (88.0%) chunk=23.69 t/s avg=23.42 t/s 3.758s
0823 22:35:12 ds4-server: chat ctx=0..100:100 prefill chunk 89/100 (89.0%) chunk=22.63 t/s avg=23.41 t/s 3.802s
0823 22:35:12 ds4-server: chat ctx=0..100:100 prefill chunk 90/100 (90.0%) chunk=23.67 t/s avg=23.41 t/s 3.844s
0823 22:35:12 ds4-server: chat ctx=0..100:100 prefill chunk 91/100 (91.0%) chunk=23.67 t/s avg=23.41 t/s 3.887s
0823 22:35:12 ds4-server: chat ctx=0..100:100 prefill chunk 92/100 (92.0%) chunk=22.79 t/s avg=23.41 t/s 3.931s
0823 22:35:12 ds4-server: chat ctx=0..100:100 prefill chunk 93/100 (93.0%) chunk=23.58 t/s avg=23.41 t/s 3.973s
0823 22:35:12 ds4-server: chat ctx=0..100:100 prefill chunk 94/100 (94.0%) chunk=23.58 t/s avg=23.41 t/s 4.015s
0823 22:35:12 ds4-server: chat ctx=0..100:100 prefill chunk 95/100 (95.0%) chunk=23.48 t/s avg=23.41 t/s 4.058s
0823 22:35:12 ds4-server: chat ctx=0..100:100 prefill chunk 96/100 (96.0%) chunk=22.73 t/s avg=23.40 t/s 4.102s
0823 22:35:12 ds4-server: chat ctx=0..100:100 prefill chunk 97/100 (97.0%) chunk=23.48 t/s avg=23.40 t/s 4.145s
0823 22:35:12 ds4-server: chat ctx=0..100:100 prefill chunk 98/100 (98.0%) chunk=23.69 t/s avg=23.41 t/s 4.187s
0823 22:35:12 ds4-server: chat ctx=0..100:100 prefill chunk 99/100 (99.0%) chunk=23.20 t/s avg=23.40 t/s 4.230s
0823 22:35:12 ds4-server: chat ctx=0..100:100 prefill chunk 100/100 (100.0%) chunk=22.83 t/s avg=23.40 t/s 4.274s
0823 22:35:12 ds4-server: chat ctx=0..100:100 prompt done 4.274s
0823 22:35:15 ds4-server: chat ctx=100..150:50 gen=50 THINKING decoding chunk=23.16 t/s avg=23.16 t/s 2.159s
0823 22:35:17 ds4-server: chat ctx=150..200:50 gen=100 THINKING decoding chunk=23.02 t/s avg=23.09 t/s 4.331s
0823 22:35:19 ds4-server: chat ctx=200..250:50 gen=150 THINKING decoding chunk=22.86 t/s avg=23.01 t/s 6.518s
0823 22:35:21 ds4-server: chat ctx=250..300:50 gen=200 THINKING decoding chunk=22.72 t/s avg=22.94 t/s 8.719s
0823 22:35:23 ds4-server: chat ctx=300..350:50 gen=250 THINKING decoding chunk=22.54 t/s avg=22.86 t/s 10.937s
0823 22:35:26 ds4-server: chat ctx=350..400:50 gen=300 THINKING decoding chunk=22.38 t/s avg=22.78 t/s 13.171s
0823 22:35:28 ds4-server: chat ctx=400..450:50 gen=350 THINKING decoding chunk=22.24 t/s avg=22.70 t/s 15.419s
0823 22:35:30 ds4-server: chat ctx=450..500:50 gen=400 THINKING decoding chunk=22.07 t/s avg=22.62 t/s 17.685s
0823 22:35:32 ds4-server: chat ctx=500..550:50 gen=450 THINKING decoding chunk=21.92 t/s avg=22.54 t/s 19.966s
0823 22:35:35 ds4-server: chat ctx=550..600:50 gen=500 THINKING decoding chunk=21.84 t/s avg=22.47 t/s 22.255s
0823 22:35:37 ds4-server: chat ctx=600..650:50 gen=550 THINKING decoding chunk=21.70 t/s avg=22.39 t/s 24.559s
0823 22:35:39 ds4-server: chat ctx=650..700:50 gen=600 THINKING decoding chunk=21.58 t/s avg=22.32 t/s 26.876s
0823 22:35:42 ds4-server: chat ctx=700..750:50 gen=650 THINKING decoding chunk=21.43 t/s avg=22.25 t/s 29.210s
0823 22:35:44 ds4-server: chat ctx=750..800:50 gen=700 THINKING decoding chunk=21.26 t/s avg=22.18 t/s 31.562s
0823 22:35:46 ds4-server: chat ctx=800..850:50 gen=750 THINKING decoding chunk=21.16 t/s avg=22.11 t/s 33.924s
0823 22:35:49 ds4-server: chat ctx=850..900:50 gen=800 THINKING decoding chunk=21.00 t/s avg=22.04 t/s 36.305s
0823 22:35:51 ds4-server: chat ctx=900..950:50 gen=850 THINKING decoding chunk=20.88 t/s avg=21.96 t/s 38.700s
0823 22:35:53 ds4-server: chat ctx=950..1000:50 gen=900 THINKING decoding chunk=20.76 t/s avg=21.89 t/s 41.108s
0823 22:35:56 ds4-server: chat ctx=1000..1050:50 gen=950 decoding chunk=20.63 t/s avg=21.82 t/s 43.531s
0823 22:35:58 ds4-server: chat ctx=1050..1100:50 gen=1000 decoding chunk=20.50 t/s avg=21.75 t/s 45.970s
0823 22:36:01 ds4-server: chat ctx=1100..1149:49 gen=1049 decoding chunk=20.38 t/s avg=21.69 t/s 48.374s
0823 22:36:01 ds4-server: thinking live checkpoint remembered ctx=0..100:100 live=1149 visible=1151
0823 22:36:01 ds4-server: chat ctx=0..100:100 gen=1049 finish=stop 52.648s
0823 22:36:01 ds4-server: live kv cache miss live=1149 prompt=175 common=56 reason=token-mismatch
0823 22:36:01 ds4-server: chat ctx=0..175:175 prompt start
0823 22:36:01 ds4-server: chat ctx=0..175:175 prefill chunk 1/175 (0.6%) chunk=0.00 t/s avg=22.54 t/s 0.044s
0823 22:36:01 ds4-server: chat ctx=0..175:175 prefill chunk 2/175 (1.1%) chunk=23.46 t/s avg=22.99 t/s 0.087s
0823 22:36:01 ds4-server: chat ctx=0..175:175 prefill chunk 3/175 (1.7%) chunk=23.78 t/s avg=23.25 t/s 0.129s
0823 22:36:01 ds4-server: chat ctx=0..175:175 prefill chunk 4/175 (2.3%) chunk=23.64 t/s avg=23.35 t/s 0.171s
0823 22:36:01 ds4-server: chat ctx=0..175:175 prefill chunk 5/175 (2.9%) chunk=22.61 t/s avg=23.19 t/s 0.216s
0823 22:36:01 ds4-server: chat ctx=0..175:175 prefill chunk 6/175 (3.4%) chunk=23.95 t/s avg=23.32 t/s 0.257s
0823 22:36:01 ds4-server: chat ctx=0..175:175 prefill chunk 7/175 (4.0%) chunk=23.68 t/s avg=23.37 t/s 0.300s
0823 22:36:01 ds4-server: chat ctx=0..175:175 prefill chunk 8/175 (4.6%) chunk=22.68 t/s avg=23.28 t/s 0.344s
0823 22:36:01 ds4-server: chat ctx=0..175:175 prefill chunk 9/175 (5.1%) chunk=23.75 t/s avg=23.33 t/s 0.386s
0823 22:36:01 ds4-server: chat ctx=0..175:175 prefill chunk 10/175 (5.7%) chunk=23.75 t/s avg=23.37 t/s 0.428s
0823 22:36:01 ds4-server: chat ctx=0..175:175 prefill chunk 11/175 (6.3%) chunk=23.67 t/s avg=23.40 t/s 0.470s
0823 22:36:01 ds4-server: chat ctx=0..175:175 prefill chunk 12/175 (6.9%) chunk=22.92 t/s avg=23.36 t/s 0.514s
0823 22:36:01 ds4-server: chat ctx=0..175:175 prefill chunk 13/175 (7.4%) chunk=23.85 t/s avg=23.40 t/s 0.556s
0823 22:36:01 ds4-server: chat ctx=0..175:175 prefill chunk 14/175 (8.0%) chunk=23.82 t/s avg=23.43 t/s 0.598s
0823 22:36:01 ds4-server: chat ctx=0..175:175 prefill chunk 15/175 (8.6%) chunk=22.96 t/s avg=23.39 t/s 0.641s
0823 22:36:01 ds4-server: chat ctx=0..175:175 prefill chunk 16/175 (9.1%) chunk=23.02 t/s avg=23.37 t/s 0.685s
0823 22:36:01 ds4-server: chat ctx=0..175:175 prefill chunk 17/175 (9.7%) chunk=23.74 t/s avg=23.39 t/s 0.727s
0823 22:36:02 ds4-server: chat ctx=0..175:175 prefill chunk 18/175 (10.3%) chunk=23.58 t/s avg=23.40 t/s 0.769s
0823 22:36:02 ds4-server: chat ctx=0..175:175 prefill chunk 19/175 (10.9%) chunk=22.52 t/s avg=23.35 t/s 0.814s
0823 22:36:02 ds4-server: chat ctx=0..175:175 prefill chunk 20/175 (11.4%) chunk=23.90 t/s avg=23.38 t/s 0.855s
0823 22:36:02 ds4-server: chat ctx=0..175:175 prefill chunk 21/175 (12.0%) chunk=23.75 t/s avg=23.40 t/s 0.897s
0823 22:36:02 ds4-server: chat ctx=0..175:175 prefill chunk 22/175 (12.6%) chunk=22.93 t/s avg=23.38 t/s 0.941s
0823 22:36:02 ds4-server: chat ctx=0..175:175 prefill chunk 23/175 (13.1%) chunk=23.38 t/s avg=23.38 t/s 0.984s
0823 22:36:02 ds4-server: chat ctx=0..175:175 prefill chunk 24/175 (13.7%) chunk=23.63 t/s avg=23.39 t/s 1.026s
0823 22:36:02 ds4-server: chat ctx=0..175:175 prefill chunk 25/175 (14.3%) chunk=23.36 t/s avg=23.39 t/s 1.069s
0823 22:36:02 ds4-server: chat ctx=0..175:175 prefill chunk 26/175 (14.9%) chunk=23.01 t/s avg=23.37 t/s 1.112s
0823 22:36:02 ds4-server: chat ctx=0..175:175 prefill chunk 27/175 (15.4%) chunk=23.58 t/s avg=23.38 t/s 1.155s
0823 22:36:02 ds4-server: chat ctx=0..175:175 prefill chunk 28/175 (16.0%) chunk=23.68 t/s avg=23.39 t/s 1.197s
0823 22:36:02 ds4-server: chat ctx=0..175:175 prefill chunk 29/175 (16.6%) chunk=23.23 t/s avg=23.38 t/s 1.240s
0823 22:36:02 ds4-server: chat ctx=0..175:175 prefill chunk 30/175 (17.1%) chunk=22.88 t/s avg=23.37 t/s 1.284s
0823 22:36:02 ds4-server: chat ctx=0..175:175 prefill chunk 31/175 (17.7%) chunk=23.68 t/s avg=23.38 t/s 1.326s
0823 22:36:02 ds4-server: chat ctx=0..175:175 prefill chunk 32/175 (18.3%) chunk=23.26 t/s avg=23.37 t/s 1.369s
0823 22:36:02 ds4-server: chat ctx=0..175:175 prefill chunk 33/175 (18.9%) chunk=22.89 t/s avg=23.36 t/s 1.413s
0823 22:36:02 ds4-server: chat ctx=0..175:175 prefill chunk 34/175 (19.4%) chunk=23.68 t/s avg=23.37 t/s 1.455s
0823 22:36:02 ds4-server: chat ctx=0..175:175 prefill chunk 35/175 (20.0%) chunk=23.80 t/s avg=23.38 t/s 1.497s
0823 22:36:02 ds4-server: chat ctx=0..175:175 prefill chunk 36/175 (20.6%) chunk=23.11 t/s avg=23.37 t/s 1.540s
0823 22:36:02 ds4-server: chat ctx=0..175:175 prefill chunk 37/175 (21.1%) chunk=23.04 t/s avg=23.36 t/s 1.584s
0823 22:36:02 ds4-server: chat ctx=0..175:175 prefill chunk 38/175 (21.7%) chunk=23.70 t/s avg=23.37 t/s 1.626s
0823 22:36:02 ds4-server: chat ctx=0..175:175 prefill chunk 39/175 (22.3%) chunk=23.40 t/s avg=23.37 t/s 1.669s
0823 22:36:02 ds4-server: chat ctx=0..175:175 prefill chunk 40/175 (22.9%) chunk=22.81 t/s avg=23.36 t/s 1.712s
0823 22:36:03 ds4-server: chat ctx=0..175:175 prefill chunk 41/175 (23.4%) chunk=23.48 t/s avg=23.36 t/s 1.755s
0823 22:36:03 ds4-server: chat ctx=0..175:175 prefill chunk 42/175 (24.0%) chunk=23.80 t/s avg=23.37 t/s 1.797s
0823 22:36:03 ds4-server: chat ctx=0..175:175 prefill chunk 43/175 (24.6%) chunk=22.96 t/s avg=23.36 t/s 1.841s
0823 22:36:03 ds4-server: chat ctx=0..175:175 prefill chunk 44/175 (25.1%) chunk=23.16 t/s avg=23.36 t/s 1.884s
0823 22:36:03 ds4-server: chat ctx=0..175:175 prefill chunk 45/175 (25.7%) chunk=23.80 t/s avg=23.37 t/s 1.926s
0823 22:36:03 ds4-server: chat ctx=0..175:175 prefill chunk 46/175 (26.3%) chunk=23.51 t/s avg=23.37 t/s 1.968s
0823 22:36:03 ds4-server: chat ctx=0..175:175 prefill chunk 47/175 (26.9%) chunk=22.85 t/s avg=23.36 t/s 2.012s
0823 22:36:03 ds4-server: chat ctx=0..175:175 prefill chunk 48/175 (27.4%) chunk=23.38 t/s avg=23.36 t/s 2.055s
0823 22:36:03 ds4-server: chat ctx=0..175:175 prefill chunk 49/175 (28.0%) chunk=23.72 t/s avg=23.37 t/s 2.097s
0823 22:36:03 ds4-server: chat ctx=0..175:175 prefill chunk 50/175 (28.6%) chunk=23.03 t/s avg=23.36 t/s 2.140s
0823 22:36:03 ds4-server: chat ctx=0..175:175 prefill chunk 51/175 (29.1%) chunk=22.83 t/s avg=23.35 t/s 2.184s
0823 22:36:03 ds4-server: chat ctx=0..175:175 prefill chunk 52/175 (29.7%) chunk=23.66 t/s avg=23.36 t/s 2.226s
0823 22:36:03 ds4-server: chat ctx=0..175:175 prefill chunk 53/175 (30.3%) chunk=23.41 t/s avg=23.36 t/s 2.269s
0823 22:36:03 ds4-server: chat ctx=0..175:175 prefill chunk 54/175 (30.9%) chunk=22.43 t/s avg=23.34 t/s 2.314s
0823 22:36:03 ds4-server: chat ctx=0..175:175 prefill chunk 55/175 (31.4%) chunk=23.61 t/s avg=23.34 t/s 2.356s
0823 22:36:03 ds4-server: chat ctx=0..175:175 prefill chunk 56/175 (32.0%) chunk=23.69 t/s avg=23.35 t/s 2.398s
0823 22:36:03 ds4-server: chat ctx=0..175:175 prefill chunk 57/175 (32.6%) chunk=22.46 t/s avg=23.33 t/s 2.443s
0823 22:36:03 ds4-server: chat ctx=0..175:175 prefill chunk 58/175 (33.1%) chunk=23.26 t/s avg=23.33 t/s 2.486s
0823 22:36:03 ds4-server: chat ctx=0..175:175 prefill chunk 59/175 (33.7%) chunk=23.77 t/s avg=23.34 t/s 2.528s
0823 22:36:03 ds4-server: chat ctx=0..175:175 prefill chunk 60/175 (34.3%) chunk=23.31 t/s avg=23.34 t/s 2.571s
0823 22:36:03 ds4-server: chat ctx=0..175:175 prefill chunk 61/175 (34.9%) chunk=22.58 t/s avg=23.33 t/s 2.615s
0823 22:36:03 ds4-server: chat ctx=0..175:175 prefill chunk 62/175 (35.4%) chunk=23.80 t/s avg=23.33 t/s 2.657s
0823 22:36:03 ds4-server: chat ctx=0..175:175 prefill chunk 63/175 (36.0%) chunk=23.67 t/s avg=23.34 t/s 2.699s
0823 22:36:04 ds4-server: chat ctx=0..175:175 prefill chunk 64/175 (36.6%) chunk=22.48 t/s avg=23.32 t/s 2.744s
0823 22:36:04 ds4-server: chat ctx=0..175:175 prefill chunk 65/175 (37.1%) chunk=23.60 t/s avg=23.33 t/s 2.786s
0823 22:36:04 ds4-server: chat ctx=0..175:175 prefill chunk 66/175 (37.7%) chunk=23.81 t/s avg=23.34 t/s 2.828s
0823 22:36:04 ds4-server: chat ctx=0..175:175 prefill chunk 67/175 (38.3%) chunk=23.51 t/s avg=23.34 t/s 2.871s
0823 22:36:04 ds4-server: chat ctx=0..175:175 prefill chunk 68/175 (38.9%) chunk=22.68 t/s avg=23.33 t/s 2.915s
0823 22:36:04 ds4-server: chat ctx=0..175:175 prefill chunk 69/175 (39.4%) chunk=23.62 t/s avg=23.33 t/s 2.957s
0823 22:36:04 ds4-server: chat ctx=0..175:175 prefill chunk 70/175 (40.0%) chunk=23.74 t/s avg=23.34 t/s 2.999s
0823 22:36:04 ds4-server: chat ctx=0..175:175 prefill chunk 71/175 (40.6%) chunk=22.60 t/s avg=23.33 t/s 3.044s
0823 22:36:04 ds4-server: chat ctx=0..175:175 prefill chunk 72/175 (41.1%) chunk=23.60 t/s avg=23.33 t/s 3.086s
0823 22:36:04 ds4-server: chat ctx=0..175:175 prefill chunk 73/175 (41.7%) chunk=23.80 t/s avg=23.34 t/s 3.128s
0823 22:36:04 ds4-server: chat ctx=0..175:175 prefill chunk 74/175 (42.3%) chunk=23.58 t/s avg=23.34 t/s 3.170s
0823 22:36:04 ds4-server: chat ctx=0..175:175 prefill chunk 75/175 (42.9%) chunk=22.64 t/s avg=23.33 t/s 3.215s
0823 22:36:04 ds4-server: chat ctx=0..175:175 prefill chunk 76/175 (43.4%) chunk=23.61 t/s avg=23.34 t/s 3.257s
0823 22:36:04 ds4-server: chat ctx=0..175:175 prefill chunk 77/175 (44.0%) chunk=23.78 t/s avg=23.34 t/s 3.299s
0823 22:36:04 ds4-server: chat ctx=0..175:175 prefill chunk 78/175 (44.6%) chunk=22.64 t/s avg=23.33 t/s 3.343s
0823 22:36:04 ds4-server: chat ctx=0..175:175 prefill chunk 79/175 (45.1%) chunk=23.50 t/s avg=23.33 t/s 3.386s
0823 22:36:04 ds4-server: chat ctx=0..175:175 prefill chunk 80/175 (45.7%) chunk=23.70 t/s avg=23.34 t/s 3.428s
0823 22:36:04 ds4-server: chat ctx=0..175:175 prefill chunk 81/175 (46.3%) chunk=23.36 t/s avg=23.34 t/s 3.471s
0823 22:36:04 ds4-server: chat ctx=0..175:175 prefill chunk 82/175 (46.9%) chunk=22.65 t/s avg=23.33 t/s 3.515s
0823 22:36:04 ds4-server: chat ctx=0..175:175 prefill chunk 83/175 (47.4%) chunk=23.65 t/s avg=23.33 t/s 3.557s
0823 22:36:04 ds4-server: chat ctx=0..175:175 prefill chunk 84/175 (48.0%) chunk=23.66 t/s avg=23.34 t/s 3.599s
0823 22:36:04 ds4-server: chat ctx=0..175:175 prefill chunk 85/175 (48.6%) chunk=22.96 t/s avg=23.33 t/s 3.643s
0823 22:36:04 ds4-server: chat ctx=0..175:175 prefill chunk 86/175 (49.1%) chunk=22.90 t/s avg=23.33 t/s 3.687s
0823 22:36:04 ds4-server: chat ctx=0..175:175 prefill chunk 87/175 (49.7%) chunk=23.76 t/s avg=23.33 t/s 3.729s
0823 22:36:05 ds4-server: chat ctx=0..175:175 prefill chunk 88/175 (50.3%) chunk=23.65 t/s avg=23.34 t/s 3.771s
0823 22:36:05 ds4-server: chat ctx=0..175:175 prefill chunk 89/175 (50.9%) chunk=22.59 t/s avg=23.33 t/s 3.815s
0823 22:36:05 ds4-server: chat ctx=0..175:175 prefill chunk 90/175 (51.4%) chunk=23.88 t/s avg=23.33 t/s 3.857s
0823 22:36:05 ds4-server: chat ctx=0..175:175 prefill chunk 91/175 (52.0%) chunk=23.66 t/s avg=23.34 t/s 3.899s
0823 22:36:05 ds4-server: chat ctx=0..175:175 prefill chunk 92/175 (52.6%) chunk=22.56 t/s avg=23.33 t/s 3.944s
0823 22:36:05 ds4-server: chat ctx=0..175:175 prefill chunk 93/175 (53.1%) chunk=23.23 t/s avg=23.33 t/s 3.987s
0823 22:36:05 ds4-server: chat ctx=0..175:175 prefill chunk 94/175 (53.7%) chunk=23.64 t/s avg=23.33 t/s 4.029s
0823 22:36:05 ds4-server: chat ctx=0..175:175 prefill chunk 95/175 (54.3%) chunk=23.48 t/s avg=23.33 t/s 4.072s
0823 22:36:05 ds4-server: chat ctx=0..175:175 prefill chunk 96/175 (54.9%) chunk=22.55 t/s avg=23.32 t/s 4.116s
0823 22:36:05 ds4-server: chat ctx=0..175:175 prefill chunk 97/175 (55.4%) chunk=23.67 t/s avg=23.33 t/s 4.158s
0823 22:36:05 ds4-server: chat ctx=0..175:175 prefill chunk 98/175 (56.0%) chunk=23.49 t/s avg=23.33 t/s 4.201s
0823 22:36:05 ds4-server: chat ctx=0..175:175 prefill chunk 99/175 (56.6%) chunk=22.80 t/s avg=23.32 t/s 4.245s
0823 22:36:05 ds4-server: chat ctx=0..175:175 prefill chunk 100/175 (57.1%) chunk=23.58 t/s avg=23.33 t/s 4.287s
0823 22:36:05 ds4-server: chat ctx=0..175:175 prefill chunk 101/175 (57.7%) chunk=23.64 t/s avg=23.33 t/s 4.329s
0823 22:36:05 ds4-server: chat ctx=0..175:175 prefill chunk 102/175 (58.3%) chunk=23.44 t/s avg=23.33 t/s 4.372s
0823 22:36:05 ds4-server: chat ctx=0..175:175 prefill chunk 103/175 (58.9%) chunk=22.64 t/s avg=23.32 t/s 4.416s
0823 22:36:05 ds4-server: chat ctx=0..175:175 prefill chunk 104/175 (59.4%) chunk=23.66 t/s avg=23.33 t/s 4.458s
0823 22:36:05 ds4-server: chat ctx=0..175:175 prefill chunk 105/175 (60.0%) chunk=23.56 t/s avg=23.33 t/s 4.501s
0823 22:36:05 ds4-server: chat ctx=0..175:175 prefill chunk 106/175 (60.6%) chunk=22.67 t/s avg=23.32 t/s 4.545s
0823 22:36:05 ds4-server: chat ctx=0..175:175 prefill chunk 107/175 (61.1%) chunk=23.49 t/s avg=23.32 t/s 4.588s
0823 22:36:05 ds4-server: chat ctx=0..175:175 prefill chunk 108/175 (61.7%) chunk=23.55 t/s avg=23.33 t/s 4.630s
0823 22:36:05 ds4-server: chat ctx=0..175:175 prefill chunk 109/175 (62.3%) chunk=22.89 t/s avg=23.32 t/s 4.674s
0823 22:36:05 ds4-server: chat ctx=0..175:175 prefill chunk 110/175 (62.9%) chunk=22.95 t/s avg=23.32 t/s 4.717s
0823 22:36:06 ds4-server: chat ctx=0..175:175 prefill chunk 111/175 (63.4%) chunk=23.54 t/s avg=23.32 t/s 4.760s
0823 22:36:06 ds4-server: chat ctx=0..175:175 prefill chunk 112/175 (64.0%) chunk=23.30 t/s avg=23.32 t/s 4.803s
0823 22:36:06 ds4-server: chat ctx=0..175:175 prefill chunk 113/175 (64.6%) chunk=22.39 t/s avg=23.31 t/s 4.847s
0823 22:36:06 ds4-server: chat ctx=0..175:175 prefill chunk 114/175 (65.1%) chunk=23.65 t/s avg=23.31 t/s 4.890s
0823 22:36:06 ds4-server: chat ctx=0..175:175 prefill chunk 115/175 (65.7%) chunk=23.68 t/s avg=23.32 t/s 4.932s
0823 22:36:06 ds4-server: chat ctx=0..175:175 prefill chunk 116/175 (66.3%) chunk=22.37 t/s avg=23.31 t/s 4.977s
0823 22:36:06 ds4-server: chat ctx=0..175:175 prefill chunk 117/175 (66.9%) chunk=23.38 t/s avg=23.31 t/s 5.019s
0823 22:36:06 ds4-server: chat ctx=0..175:175 prefill chunk 118/175 (67.4%) chunk=23.57 t/s avg=23.31 t/s 5.062s
0823 22:36:06 ds4-server: chat ctx=0..175:175 prefill chunk 119/175 (68.0%) chunk=23.46 t/s avg=23.31 t/s 5.104s
0823 22:36:06 ds4-server: chat ctx=0..175:175 prefill chunk 120/175 (68.6%) chunk=22.52 t/s avg=23.31 t/s 5.149s
0823 22:36:06 ds4-server: chat ctx=0..175:175 prefill chunk 121/175 (69.1%) chunk=23.56 t/s avg=23.31 t/s 5.191s
0823 22:36:06 ds4-server: chat ctx=0..175:175 prefill chunk 122/175 (69.7%) chunk=23.37 t/s avg=23.31 t/s 5.234s
0823 22:36:06 ds4-server: chat ctx=0..175:175 prefill chunk 123/175 (70.3%) chunk=22.67 t/s avg=23.30 t/s 5.278s
0823 22:36:06 ds4-server: chat ctx=0..175:175 prefill chunk 124/175 (70.9%) chunk=23.37 t/s avg=23.30 t/s 5.321s
0823 22:36:06 ds4-server: chat ctx=0..175:175 prefill chunk 125/175 (71.4%) chunk=23.45 t/s avg=23.31 t/s 5.364s
0823 22:36:06 ds4-server: chat ctx=0..175:175 prefill chunk 126/175 (72.0%) chunk=22.86 t/s avg=23.30 t/s 5.407s
0823 22:36:06 ds4-server: chat ctx=0..175:175 prefill chunk 127/175 (72.6%) chunk=22.62 t/s avg=23.30 t/s 5.452s
0823 22:36:06 ds4-server: chat ctx=0..175:175 prefill chunk 128/175 (73.1%) chunk=23.49 t/s avg=23.30 t/s 5.494s
0823 22:36:06 ds4-server: chat ctx=0..175:175 prefill chunk 129/175 (73.7%) chunk=23.55 t/s avg=23.30 t/s 5.537s
0823 22:36:06 ds4-server: chat ctx=0..175:175 prefill chunk 130/175 (74.3%) chunk=22.28 t/s avg=23.29 t/s 5.581s
0823 22:36:06 ds4-server: chat ctx=0..175:175 prefill chunk 131/175 (74.9%) chunk=23.72 t/s avg=23.29 t/s 5.624s
0823 22:36:06 ds4-server: chat ctx=0..175:175 prefill chunk 132/175 (75.4%) chunk=23.81 t/s avg=23.30 t/s 5.666s
0823 22:36:06 ds4-server: chat ctx=0..175:175 prefill chunk 133/175 (76.0%) chunk=22.48 t/s avg=23.29 t/s 5.710s
0823 22:36:07 ds4-server: chat ctx=0..175:175 prefill chunk 134/175 (76.6%) chunk=23.30 t/s avg=23.29 t/s 5.753s
0823 22:36:07 ds4-server: chat ctx=0..175:175 prefill chunk 135/175 (77.1%) chunk=23.52 t/s avg=23.29 t/s 5.796s
0823 22:36:07 ds4-server: chat ctx=0..175:175 prefill chunk 136/175 (77.7%) chunk=23.34 t/s avg=23.29 t/s 5.838s
0823 22:36:07 ds4-server: chat ctx=0..175:175 prefill chunk 137/175 (78.3%) chunk=22.47 t/s avg=23.29 t/s 5.883s
0823 22:36:07 ds4-server: chat ctx=0..175:175 prefill chunk 138/175 (78.9%) chunk=23.47 t/s avg=23.29 t/s 5.926s
0823 22:36:07 ds4-server: chat ctx=0..175:175 prefill chunk 139/175 (79.4%) chunk=23.19 t/s avg=23.29 t/s 5.969s
0823 22:36:07 ds4-server: chat ctx=0..175:175 prefill chunk 140/175 (80.0%) chunk=22.62 t/s avg=23.28 t/s 6.013s
0823 22:36:07 ds4-server: chat ctx=0..175:175 prefill chunk 141/175 (80.6%) chunk=23.41 t/s avg=23.28 t/s 6.056s
0823 22:36:07 ds4-server: chat ctx=0..175:175 prefill chunk 142/175 (81.1%) chunk=23.58 t/s avg=23.29 t/s 6.098s
0823 22:36:07 ds4-server: chat ctx=0..175:175 prefill chunk 143/175 (81.7%) chunk=22.29 t/s avg=23.28 t/s 6.143s
0823 22:36:07 ds4-server: chat ctx=0..175:175 prefill chunk 144/175 (82.3%) chunk=23.28 t/s avg=23.28 t/s 6.186s
0823 22:36:07 ds4-server: chat ctx=0..175:175 prefill chunk 145/175 (82.9%) chunk=23.53 t/s avg=23.28 t/s 6.228s
0823 22:36:07 ds4-server: chat ctx=0..175:175 prefill chunk 146/175 (83.4%) chunk=23.33 t/s avg=23.28 t/s 6.271s
0823 22:36:07 ds4-server: chat ctx=0..175:175 prefill chunk 147/175 (84.0%) chunk=22.34 t/s avg=23.27 t/s 6.316s
0823 22:36:07 ds4-server: chat ctx=0..175:175 prefill chunk 148/175 (84.6%) chunk=23.59 t/s avg=23.28 t/s 6.358s
0823 22:36:07 ds4-server: chat ctx=0..175:175 prefill chunk 149/175 (85.1%) chunk=23.14 t/s avg=23.28 t/s 6.402s
0823 22:36:07 ds4-server: chat ctx=0..175:175 prefill chunk 150/175 (85.7%) chunk=22.64 t/s avg=23.27 t/s 6.446s
0823 22:36:07 ds4-server: chat ctx=0..175:175 prefill chunk 151/175 (86.3%) chunk=23.08 t/s avg=23.27 t/s 6.489s
0823 22:36:07 ds4-server: chat ctx=0..175:175 prefill chunk 152/175 (86.9%) chunk=23.40 t/s avg=23.27 t/s 6.532s
0823 22:36:07 ds4-server: chat ctx=0..175:175 prefill chunk 153/175 (87.4%) chunk=22.34 t/s avg=23.26 t/s 6.576s
0823 22:36:07 ds4-server: chat ctx=0..175:175 prefill chunk 154/175 (88.0%) chunk=23.17 t/s avg=23.26 t/s 6.620s
0823 22:36:07 ds4-server: chat ctx=0..175:175 prefill chunk 155/175 (88.6%) chunk=23.55 t/s avg=23.27 t/s 6.662s
0823 22:36:07 ds4-server: chat ctx=0..175:175 prefill chunk 156/175 (89.1%) chunk=23.30 t/s avg=23.27 t/s 6.705s
0823 22:36:08 ds4-server: chat ctx=0..175:175 prefill chunk 157/175 (89.7%) chunk=22.39 t/s avg=23.26 t/s 6.750s
0823 22:36:08 ds4-server: chat ctx=0..175:175 prefill chunk 158/175 (90.3%) chunk=23.48 t/s avg=23.26 t/s 6.792s
0823 22:36:08 ds4-server: chat ctx=0..175:175 prefill chunk 159/175 (90.9%) chunk=23.18 t/s avg=23.26 t/s 6.835s
0823 22:36:08 ds4-server: chat ctx=0..175:175 prefill chunk 160/175 (91.4%) chunk=22.69 t/s avg=23.26 t/s 6.879s
0823 22:36:08 ds4-server: chat ctx=0..175:175 prefill chunk 161/175 (92.0%) chunk=23.25 t/s avg=23.26 t/s 6.922s
0823 22:36:08 ds4-server: chat ctx=0..175:175 prefill chunk 162/175 (92.6%) chunk=23.65 t/s avg=23.26 t/s 6.965s
0823 22:36:08 ds4-server: chat ctx=0..175:175 prefill chunk 163/175 (93.1%) chunk=22.22 t/s avg=23.25 t/s 7.010s
0823 22:36:08 ds4-server: chat ctx=0..175:175 prefill chunk 164/175 (93.7%) chunk=23.19 t/s avg=23.25 t/s 7.053s
0823 22:36:08 ds4-server: chat ctx=0..175:175 prefill chunk 165/175 (94.3%) chunk=23.52 t/s avg=23.25 t/s 7.095s
0823 22:36:08 ds4-server: chat ctx=0..175:175 prefill chunk 166/175 (94.9%) chunk=23.24 t/s avg=23.25 t/s 7.138s
0823 22:36:08 ds4-server: chat ctx=0..175:175 prefill chunk 167/175 (95.4%) chunk=22.39 t/s avg=23.25 t/s 7.183s
0823 22:36:08 ds4-server: chat ctx=0..175:175 prefill chunk 168/175 (96.0%) chunk=23.51 t/s avg=23.25 t/s 7.226s
0823 22:36:08 ds4-server: chat ctx=0..175:175 prefill chunk 169/175 (96.6%) chunk=23.16 t/s avg=23.25 t/s 7.269s
0823 22:36:08 ds4-server: chat ctx=0..175:175 prefill chunk 170/175 (97.1%) chunk=22.34 t/s avg=23.24 t/s 7.314s
0823 22:36:08 ds4-server: chat ctx=0..175:175 prefill chunk 171/175 (97.7%) chunk=23.43 t/s avg=23.25 t/s 7.356s
0823 22:36:08 ds4-server: chat ctx=0..175:175 prefill chunk 172/175 (98.3%) chunk=23.40 t/s avg=23.25 t/s 7.399s
0823 22:36:08 ds4-server: chat ctx=0..175:175 prefill chunk 173/175 (98.9%) chunk=22.37 t/s avg=23.24 t/s 7.444s
0823 22:36:08 ds4-server: chat ctx=0..175:175 prefill chunk 174/175 (99.4%) chunk=23.19 t/s avg=23.24 t/s 7.487s
0823 22:36:08 ds4-server: chat ctx=0..175:175 prefill chunk 175/175 (100.0%) chunk=23.34 t/s avg=23.24 t/s 7.530s
0823 22:36:08 ds4-server: chat ctx=0..175:175 prompt done 7.530s
0823 22:36:10 ds4-server: chat ctx=175..225:50 gen=50 THINKING decoding chunk=22.91 t/s avg=22.91 t/s 2.182s
0823 22:36:13 ds4-server: chat ctx=225..275:50 gen=100 THINKING decoding chunk=22.80 t/s avg=22.86 t/s 4.375s
0823 22:36:15 ds4-server: chat ctx=275..325:50 gen=150 THINKING decoding chunk=22.57 t/s avg=22.76 t/s 6.591s
0823 22:36:17 ds4-server: chat ctx=325..375:50 gen=200 THINKING decoding chunk=22.48 t/s avg=22.69 t/s 8.815s
0823 22:36:19 ds4-server: chat ctx=375..425:50 gen=250 THINKING decoding chunk=22.33 t/s avg=22.62 t/s 11.054s
0823 22:36:22 ds4-server: chat ctx=425..475:50 gen=300 THINKING decoding chunk=22.23 t/s avg=22.55 t/s 13.303s
0823 22:36:24 ds4-server: chat ctx=475..525:50 gen=350 THINKING decoding chunk=22.03 t/s avg=22.48 t/s 15.572s
0823 22:36:26 ds4-server: chat ctx=525..575:50 gen=400 THINKING decoding chunk=21.91 t/s avg=22.40 t/s 17.855s
0823 22:36:28 ds4-server: chat ctx=575..625:50 gen=450 THINKING decoding chunk=21.86 t/s avg=22.34 t/s 20.141s
0823 22:36:31 ds4-server: chat ctx=625..675:50 gen=500 THINKING decoding chunk=21.65 t/s avg=22.27 t/s 22.451s
0823 22:36:33 ds4-server: chat ctx=675..725:50 gen=550 THINKING decoding chunk=21.49 t/s avg=22.20 t/s 24.778s
0823 22:36:35 ds4-server: chat ctx=725..775:50 gen=600 THINKING decoding chunk=21.31 t/s avg=22.12 t/s 27.124s
0823 22:36:38 ds4-server: chat ctx=775..825:50 gen=650 THINKING decoding chunk=21.27 t/s avg=22.05 t/s 29.475s
0823 22:36:40 ds4-server: chat ctx=825..875:50 gen=700 THINKING decoding chunk=21.07 t/s avg=21.98 t/s 31.848s
0823 22:36:43 ds4-server: chat ctx=875..925:50 gen=750 THINKING decoding chunk=20.96 t/s avg=21.91 t/s 34.234s
0823 22:36:45 ds4-server: chat ctx=925..975:50 gen=800 THINKING decoding chunk=20.79 t/s avg=21.83 t/s 36.639s
0823 22:36:47 ds4-server: chat ctx=975..1025:50 gen=850 THINKING decoding chunk=20.70 t/s avg=21.76 t/s 39.054s
0823 22:36:50 ds4-server: chat ctx=1025..1075:50 gen=900 THINKING decoding chunk=20.60 t/s avg=21.70 t/s 41.481s
0823 22:36:52 ds4-server: chat ctx=1075..1125:50 gen=950 THINKING decoding chunk=20.50 t/s avg=21.63 t/s 43.920s
0823 22:36:55 ds4-server: chat ctx=1125..1175:50 gen=1000 decoding chunk=20.42 t/s avg=21.57 t/s 46.368s
0823 22:36:57 ds4-server: chat ctx=1175..1225:50 gen=1050 decoding chunk=20.21 t/s avg=21.50 t/s 48.842s
0823 22:37:00 ds4-server: chat ctx=1225..1275:50 gen=1100 decoding chunk=20.09 t/s avg=21.43 t/s 51.331s
0823 22:37:02 ds4-server: chat ctx=1275..1325:50 gen=1150 decoding chunk=19.96 t/s avg=21.36 t/s 53.836s
0823 22:37:05 ds4-server: chat ctx=1325..1375:50 gen=1200 decoding chunk=19.86 t/s avg=21.29 t/s 56.353s
0823 22:37:07 ds4-server: chat ctx=1375..1425:50 gen=1250 decoding chunk=19.77 t/s avg=21.23 t/s 58.883s
0823 22:37:09 ds4-server: chat ctx=1425..1462:37 gen=1287 decoding chunk=19.67 t/s avg=21.18 t/s 60.763s
0823 22:37:09 ds4-server: thinking live checkpoint remembered ctx=0..175:175 live=1462 visible=2358
0823 22:37:09 ds4-server: chat ctx=0..175:175 gen=1287 finish=stop 68.293s
0823 22:37:09 ds4-server: live kv cache miss live=1462 prompt=172 common=56 reason=token-mismatch
0823 22:37:09 ds4-server: chat ctx=0..172:172 prompt start
0823 22:37:09 ds4-server: chat ctx=0..172:172 prefill chunk 1/172 (0.6%) chunk=0.00 t/s avg=22.77 t/s 0.044s
0823 22:37:09 ds4-server: chat ctx=0..172:172 prefill chunk 2/172 (1.2%) chunk=23.36 t/s avg=23.06 t/s 0.087s
0823 22:37:09 ds4-server: chat ctx=0..172:172 prefill chunk 3/172 (1.7%) chunk=23.94 t/s avg=23.34 t/s 0.129s
0823 22:37:09 ds4-server: chat ctx=0..172:172 prefill chunk 4/172 (2.3%) chunk=23.65 t/s avg=23.42 t/s 0.171s
0823 22:37:09 ds4-server: chat ctx=0..172:172 prefill chunk 5/172 (2.9%) chunk=23.03 t/s avg=23.34 t/s 0.214s
0823 22:37:09 ds4-server: chat ctx=0..172:172 prefill chunk 6/172 (3.5%) chunk=23.89 t/s avg=23.43 t/s 0.256s
0823 22:37:09 ds4-server: chat ctx=0..172:172 prefill chunk 7/172 (4.1%) chunk=24.03 t/s avg=23.51 t/s 0.298s
0823 22:37:09 ds4-server: chat ctx=0..172:172 prefill chunk 8/172 (4.7%) chunk=23.60 t/s avg=23.53 t/s 0.340s
0823 22:37:09 ds4-server: chat ctx=0..172:172 prefill chunk 9/172 (5.2%) chunk=22.94 t/s avg=23.46 t/s 0.384s
0823 22:37:09 ds4-server: chat ctx=0..172:172 prefill chunk 10/172 (5.8%) chunk=23.89 t/s avg=23.50 t/s 0.426s
0823 22:37:10 ds4-server: chat ctx=0..172:172 prefill chunk 11/172 (6.4%) chunk=23.92 t/s avg=23.54 t/s 0.467s
0823 22:37:10 ds4-server: chat ctx=0..172:172 prefill chunk 12/172 (7.0%) chunk=23.24 t/s avg=23.51 t/s 0.510s
0823 22:37:10 ds4-server: chat ctx=0..172:172 prefill chunk 13/172 (7.6%) chunk=23.39 t/s avg=23.50 t/s 0.553s
0823 22:37:10 ds4-server: chat ctx=0..172:172 prefill chunk 14/172 (8.1%) chunk=23.83 t/s avg=23.53 t/s 0.595s
0823 22:37:10 ds4-server: chat ctx=0..172:172 prefill chunk 15/172 (8.7%) chunk=23.51 t/s avg=23.53 t/s 0.638s
0823 22:37:10 ds4-server: chat ctx=0..172:172 prefill chunk 16/172 (9.3%) chunk=22.97 t/s avg=23.49 t/s 0.681s
0823 22:37:10 ds4-server: chat ctx=0..172:172 prefill chunk 17/172 (9.9%) chunk=23.70 t/s avg=23.50 t/s 0.723s
0823 22:37:10 ds4-server: chat ctx=0..172:172 prefill chunk 18/172 (10.5%) chunk=23.80 t/s avg=23.52 t/s 0.765s
0823 22:37:10 ds4-server: chat ctx=0..172:172 prefill chunk 19/172 (11.0%) chunk=23.66 t/s avg=23.53 t/s 0.808s
0823 22:37:10 ds4-server: chat ctx=0..172:172 prefill chunk 20/172 (11.6%) chunk=22.62 t/s avg=23.48 t/s 0.852s
0823 22:37:10 ds4-server: chat ctx=0..172:172 prefill chunk 21/172 (12.2%) chunk=23.90 t/s avg=23.50 t/s 0.894s
0823 22:37:10 ds4-server: chat ctx=0..172:172 prefill chunk 22/172 (12.8%) chunk=23.89 t/s avg=23.52 t/s 0.936s
0823 22:37:10 ds4-server: chat ctx=0..172:172 prefill chunk 23/172 (13.4%) chunk=22.64 t/s avg=23.48 t/s 0.980s
0823 22:37:10 ds4-server: chat ctx=0..172:172 prefill chunk 24/172 (14.0%) chunk=23.63 t/s avg=23.48 t/s 1.022s
0823 22:37:10 ds4-server: chat ctx=0..172:172 prefill chunk 25/172 (14.5%) chunk=23.90 t/s avg=23.50 t/s 1.064s
0823 22:37:10 ds4-server: chat ctx=0..172:172 prefill chunk 26/172 (15.1%) chunk=23.72 t/s avg=23.51 t/s 1.106s
0823 22:37:10 ds4-server: chat ctx=0..172:172 prefill chunk 27/172 (15.7%) chunk=22.62 t/s avg=23.47 t/s 1.150s
0823 22:37:10 ds4-server: chat ctx=0..172:172 prefill chunk 28/172 (16.3%) chunk=23.89 t/s avg=23.49 t/s 1.192s
0823 22:37:10 ds4-server: chat ctx=0..172:172 prefill chunk 29/172 (16.9%) chunk=23.89 t/s avg=23.50 t/s 1.234s
0823 22:37:10 ds4-server: chat ctx=0..172:172 prefill chunk 30/172 (17.4%) chunk=23.06 t/s avg=23.49 t/s 1.277s
0823 22:37:10 ds4-server: chat ctx=0..172:172 prefill chunk 31/172 (18.0%) chunk=23.40 t/s avg=23.48 t/s 1.320s
0823 22:37:10 ds4-server: chat ctx=0..172:172 prefill chunk 32/172 (18.6%) chunk=23.90 t/s avg=23.50 t/s 1.362s
0823 22:37:10 ds4-server: chat ctx=0..172:172 prefill chunk 33/172 (19.2%) chunk=23.45 t/s avg=23.50 t/s 1.405s
0823 22:37:11 ds4-server: chat ctx=0..172:172 prefill chunk 34/172 (19.8%) chunk=22.95 t/s avg=23.48 t/s 1.448s
0823 22:37:11 ds4-server: chat ctx=0..172:172 prefill chunk 35/172 (20.3%) chunk=23.57 t/s avg=23.48 t/s 1.491s
0823 22:37:11 ds4-server: chat ctx=0..172:172 prefill chunk 36/172 (20.9%) chunk=23.91 t/s avg=23.49 t/s 1.532s
0823 22:37:11 ds4-server: chat ctx=0..172:172 prefill chunk 37/172 (21.5%) chunk=22.88 t/s avg=23.48 t/s 1.576s
0823 22:37:11 ds4-server: chat ctx=0..172:172 prefill chunk 38/172 (22.1%) chunk=22.95 t/s avg=23.46 t/s 1.620s
0823 22:37:11 ds4-server: chat ctx=0..172:172 prefill chunk 39/172 (22.7%) chunk=23.65 t/s avg=23.47 t/s 1.662s
0823 22:37:11 ds4-server: chat ctx=0..172:172 prefill chunk 40/172 (23.3%) chunk=23.29 t/s avg=23.46 t/s 1.705s
0823 22:37:11 ds4-server: chat ctx=0..172:172 prefill chunk 41/172 (23.8%) chunk=23.01 t/s avg=23.45 t/s 1.748s
0823 22:37:11 ds4-server: chat ctx=0..172:172 prefill chunk 42/172 (24.4%) chunk=23.37 t/s avg=23.45 t/s 1.791s
0823 22:37:11 ds4-server: chat ctx=0..172:172 prefill chunk 43/172 (25.0%) chunk=23.53 t/s avg=23.45 t/s 1.834s
0823 22:37:11 ds4-server: chat ctx=0..172:172 prefill chunk 44/172 (25.6%) chunk=22.99 t/s avg=23.44 t/s 1.877s
0823 22:37:11 ds4-server: chat ctx=0..172:172 prefill chunk 45/172 (26.2%) chunk=22.89 t/s avg=23.43 t/s 1.921s
0823 22:37:11 ds4-server: chat ctx=0..172:172 prefill chunk 46/172 (26.7%) chunk=23.63 t/s avg=23.43 t/s 1.963s
0823 22:37:11 ds4-server: chat ctx=0..172:172 prefill chunk 47/172 (27.3%) chunk=23.54 t/s avg=23.43 t/s 2.006s
0823 22:37:11 ds4-server: chat ctx=0..172:172 prefill chunk 48/172 (27.9%) chunk=22.59 t/s avg=23.42 t/s 2.050s
0823 22:37:11 ds4-server: chat ctx=0..172:172 prefill chunk 49/172 (28.5%) chunk=23.82 t/s avg=23.42 t/s 2.092s
0823 22:37:11 ds4-server: chat ctx=0..172:172 prefill chunk 50/172 (29.1%) chunk=23.84 t/s avg=23.43 t/s 2.134s
0823 22:37:11 ds4-server: chat ctx=0..172:172 prefill chunk 51/172 (29.7%) chunk=23.02 t/s avg=23.42 t/s 2.177s
0823 22:37:11 ds4-server: chat ctx=0..172:172 prefill chunk 52/172 (30.2%) chunk=23.04 t/s avg=23.42 t/s 2.221s
0823 22:37:11 ds4-server: chat ctx=0..172:172 prefill chunk 53/172 (30.8%) chunk=23.66 t/s avg=23.42 t/s 2.263s
0823 22:37:11 ds4-server: chat ctx=0..172:172 prefill chunk 54/172 (31.4%) chunk=23.46 t/s avg=23.42 t/s 2.305s
0823 22:37:11 ds4-server: chat ctx=0..172:172 prefill chunk 55/172 (32.0%) chunk=22.60 t/s avg=23.41 t/s 2.350s
0823 22:37:11 ds4-server: chat ctx=0..172:172 prefill chunk 56/172 (32.6%) chunk=23.65 t/s avg=23.41 t/s 2.392s
0823 22:37:11 ds4-server: chat ctx=0..172:172 prefill chunk 57/172 (33.1%) chunk=23.91 t/s avg=23.42 t/s 2.434s
0823 22:37:12 ds4-server: chat ctx=0..172:172 prefill chunk 58/172 (33.7%) chunk=23.15 t/s avg=23.41 t/s 2.477s
0823 22:37:12 ds4-server: chat ctx=0..172:172 prefill chunk 59/172 (34.3%) chunk=22.98 t/s avg=23.41 t/s 2.521s
0823 22:37:12 ds4-server: chat ctx=0..172:172 prefill chunk 60/172 (34.9%) chunk=23.89 t/s avg=23.42 t/s 2.562s
0823 22:37:12 ds4-server: chat ctx=0..172:172 prefill chunk 61/172 (35.5%) chunk=23.47 t/s avg=23.42 t/s 2.605s
0823 22:37:12 ds4-server: chat ctx=0..172:172 prefill chunk 62/172 (36.0%) chunk=22.91 t/s avg=23.41 t/s 2.649s
0823 22:37:12 ds4-server: chat ctx=0..172:172 prefill chunk 63/172 (36.6%) chunk=23.58 t/s avg=23.41 t/s 2.691s
0823 22:37:12 ds4-server: chat ctx=0..172:172 prefill chunk 64/172 (37.2%) chunk=23.70 t/s avg=23.41 t/s 2.733s
0823 22:37:12 ds4-server: chat ctx=0..172:172 prefill chunk 65/172 (37.8%) chunk=22.84 t/s avg=23.41 t/s 2.777s
0823 22:37:12 ds4-server: chat ctx=0..172:172 prefill chunk 66/172 (38.4%) chunk=23.07 t/s avg=23.40 t/s 2.820s
0823 22:37:12 ds4-server: chat ctx=0..172:172 prefill chunk 67/172 (39.0%) chunk=23.63 t/s avg=23.40 t/s 2.863s
0823 22:37:12 ds4-server: chat ctx=0..172:172 prefill chunk 68/172 (39.5%) chunk=23.43 t/s avg=23.40 t/s 2.905s
0823 22:37:12 ds4-server: chat ctx=0..172:172 prefill chunk 69/172 (40.1%) chunk=22.67 t/s avg=23.39 t/s 2.950s
0823 22:37:12 ds4-server: chat ctx=0..172:172 prefill chunk 70/172 (40.7%) chunk=23.70 t/s avg=23.40 t/s 2.992s
0823 22:37:12 ds4-server: chat ctx=0..172:172 prefill chunk 71/172 (41.3%) chunk=23.79 t/s avg=23.40 t/s 3.034s
0823 22:37:12 ds4-server: chat ctx=0..172:172 prefill chunk 72/172 (41.9%) chunk=22.67 t/s avg=23.39 t/s 3.078s
0823 22:37:12 ds4-server: chat ctx=0..172:172 prefill chunk 73/172 (42.4%) chunk=23.56 t/s avg=23.39 t/s 3.120s
0823 22:37:12 ds4-server: chat ctx=0..172:172 prefill chunk 74/172 (43.0%) chunk=23.76 t/s avg=23.40 t/s 3.162s
0823 22:37:12 ds4-server: chat ctx=0..172:172 prefill chunk 75/172 (43.6%) chunk=23.46 t/s avg=23.40 t/s 3.205s
0823 22:37:12 ds4-server: chat ctx=0..172:172 prefill chunk 76/172 (44.2%) chunk=22.80 t/s avg=23.39 t/s 3.249s
0823 22:37:12 ds4-server: chat ctx=0..172:172 prefill chunk 77/172 (44.8%) chunk=23.54 t/s avg=23.39 t/s 3.291s
0823 22:37:12 ds4-server: chat ctx=0..172:172 prefill chunk 78/172 (45.3%) chunk=23.63 t/s avg=23.40 t/s 3.334s
0823 22:37:12 ds4-server: chat ctx=0..172:172 prefill chunk 79/172 (45.9%) chunk=23.12 t/s avg=23.39 t/s 3.377s
0823 22:37:12 ds4-server: chat ctx=0..172:172 prefill chunk 80/172 (46.5%) chunk=22.93 t/s avg=23.39 t/s 3.421s
0823 22:37:13 ds4-server: chat ctx=0..172:172 prefill chunk 81/172 (47.1%) chunk=23.63 t/s avg=23.39 t/s 3.463s
0823 22:37:13 ds4-server: chat ctx=0..172:172 prefill chunk 82/172 (47.7%) chunk=23.42 t/s avg=23.39 t/s 3.506s
0823 22:37:13 ds4-server: chat ctx=0..172:172 prefill chunk 83/172 (48.3%) chunk=22.66 t/s avg=23.38 t/s 3.550s
0823 22:37:13 ds4-server: chat ctx=0..172:172 prefill chunk 84/172 (48.8%) chunk=23.62 t/s avg=23.38 t/s 3.592s
0823 22:37:13 ds4-server: chat ctx=0..172:172 prefill chunk 85/172 (49.4%) chunk=23.59 t/s avg=23.39 t/s 3.634s
0823 22:37:13 ds4-server: chat ctx=0..172:172 prefill chunk 86/172 (50.0%) chunk=22.50 t/s avg=23.38 t/s 3.679s
0823 22:37:13 ds4-server: chat ctx=0..172:172 prefill chunk 87/172 (50.6%) chunk=23.42 t/s avg=23.38 t/s 3.722s
0823 22:37:13 ds4-server: chat ctx=0..172:172 prefill chunk 88/172 (51.2%) chunk=23.71 t/s avg=23.38 t/s 3.764s
0823 22:37:13 ds4-server: chat ctx=0..172:172 prefill chunk 89/172 (51.7%) chunk=23.48 t/s avg=23.38 t/s 3.806s
0823 22:37:13 ds4-server: chat ctx=0..172:172 prefill chunk 90/172 (52.3%) chunk=22.66 t/s avg=23.37 t/s 3.851s
0823 22:37:13 ds4-server: chat ctx=0..172:172 prefill chunk 91/172 (52.9%) chunk=23.76 t/s avg=23.38 t/s 3.893s
0823 22:37:13 ds4-server: chat ctx=0..172:172 prefill chunk 92/172 (53.5%) chunk=23.69 t/s avg=23.38 t/s 3.935s
0823 22:37:13 ds4-server: chat ctx=0..172:172 prefill chunk 93/172 (54.1%) chunk=22.59 t/s avg=23.37 t/s 3.979s
0823 22:37:13 ds4-server: chat ctx=0..172:172 prefill chunk 94/172 (54.7%) chunk=23.68 t/s avg=23.38 t/s 4.021s
0823 22:37:13 ds4-server: chat ctx=0..172:172 prefill chunk 95/172 (55.2%) chunk=23.50 t/s avg=23.38 t/s 4.064s
0823 22:37:13 ds4-server: chat ctx=0..172:172 prefill chunk 96/172 (55.8%) chunk=23.44 t/s avg=23.38 t/s 4.107s
0823 22:37:13 ds4-server: chat ctx=0..172:172 prefill chunk 97/172 (56.4%) chunk=22.54 t/s avg=23.37 t/s 4.151s
0823 22:37:13 ds4-server: chat ctx=0..172:172 prefill chunk 98/172 (57.0%) chunk=23.71 t/s avg=23.37 t/s 4.193s
0823 22:37:13 ds4-server: chat ctx=0..172:172 prefill chunk 99/172 (57.6%) chunk=23.70 t/s avg=23.38 t/s 4.235s
0823 22:37:13 ds4-server: chat ctx=0..172:172 prefill chunk 100/172 (58.1%) chunk=22.56 t/s avg=23.37 t/s 4.280s
0823 22:37:13 ds4-server: chat ctx=0..172:172 prefill chunk 101/172 (58.7%) chunk=23.27 t/s avg=23.37 t/s 4.323s
0823 22:37:13 ds4-server: chat ctx=0..172:172 prefill chunk 102/172 (59.3%) chunk=23.59 t/s avg=23.37 t/s 4.365s
0823 22:37:13 ds4-server: chat ctx=0..172:172 prefill chunk 103/172 (59.9%) chunk=23.44 t/s avg=23.37 t/s 4.408s
0823 22:37:14 ds4-server: chat ctx=0..172:172 prefill chunk 104/172 (60.5%) chunk=22.73 t/s avg=23.36 t/s 4.452s
0823 22:37:14 ds4-server: chat ctx=0..172:172 prefill chunk 105/172 (61.0%) chunk=23.75 t/s avg=23.37 t/s 4.494s
0823 22:37:14 ds4-server: chat ctx=0..172:172 prefill chunk 106/172 (61.6%) chunk=23.39 t/s avg=23.37 t/s 4.536s
0823 22:37:14 ds4-server: chat ctx=0..172:172 prefill chunk 107/172 (62.2%) chunk=22.61 t/s avg=23.36 t/s 4.581s
0823 22:37:14 ds4-server: chat ctx=0..172:172 prefill chunk 108/172 (62.8%) chunk=23.24 t/s avg=23.36 t/s 4.624s
0823 22:37:14 ds4-server: chat ctx=0..172:172 prefill chunk 109/172 (63.4%) chunk=23.61 t/s avg=23.36 t/s 4.666s
0823 22:37:14 ds4-server: chat ctx=0..172:172 prefill chunk 110/172 (64.0%) chunk=23.04 t/s avg=23.36 t/s 4.709s
0823 22:37:14 ds4-server: chat ctx=0..172:172 prefill chunk 111/172 (64.5%) chunk=22.96 t/s avg=23.35 t/s 4.753s
0823 22:37:14 ds4-server: chat ctx=0..172:172 prefill chunk 112/172 (65.1%) chunk=23.45 t/s avg=23.35 t/s 4.796s
0823 22:37:14 ds4-server: chat ctx=0..172:172 prefill chunk 113/172 (65.7%) chunk=23.31 t/s avg=23.35 t/s 4.839s
0823 22:37:14 ds4-server: chat ctx=0..172:172 prefill chunk 114/172 (66.3%) chunk=22.49 t/s avg=23.35 t/s 4.883s
0823 22:37:14 ds4-server: chat ctx=0..172:172 prefill chunk 115/172 (66.9%) chunk=23.67 t/s avg=23.35 t/s 4.925s
0823 22:37:14 ds4-server: chat ctx=0..172:172 prefill chunk 116/172 (67.4%) chunk=23.55 t/s avg=23.35 t/s 4.968s
0823 22:37:14 ds4-server: chat ctx=0..172:172 prefill chunk 117/172 (68.0%) chunk=22.42 t/s avg=23.34 t/s 5.012s
0823 22:37:14 ds4-server: chat ctx=0..172:172 prefill chunk 118/172 (68.6%) chunk=23.34 t/s avg=23.34 t/s 5.055s
0823 22:37:14 ds4-server: chat ctx=0..172:172 prefill chunk 119/172 (69.2%) chunk=23.59 t/s avg=23.34 t/s 5.098s
0823 22:37:14 ds4-server: chat ctx=0..172:172 prefill chunk 120/172 (69.8%) chunk=23.32 t/s avg=23.34 t/s 5.140s
0823 22:37:14 ds4-server: chat ctx=0..172:172 prefill chunk 121/172 (70.3%) chunk=22.29 t/s avg=23.34 t/s 5.185s
0823 22:37:14 ds4-server: chat ctx=0..172:172 prefill chunk 122/172 (70.9%) chunk=23.57 t/s avg=23.34 t/s 5.228s
0823 22:37:14 ds4-server: chat ctx=0..172:172 prefill chunk 123/172 (71.5%) chunk=23.33 t/s avg=23.34 t/s 5.271s
0823 22:37:14 ds4-server: chat ctx=0..172:172 prefill chunk 124/172 (72.1%) chunk=22.83 t/s avg=23.33 t/s 5.314s
0823 22:37:14 ds4-server: chat ctx=0..172:172 prefill chunk 125/172 (72.7%) chunk=23.36 t/s avg=23.33 t/s 5.357s
0823 22:37:14 ds4-server: chat ctx=0..172:172 prefill chunk 126/172 (73.3%) chunk=23.64 t/s avg=23.34 t/s 5.400s
0823 22:37:15 ds4-server: chat ctx=0..172:172 prefill chunk 127/172 (73.8%) chunk=23.00 t/s avg=23.33 t/s 5.443s
0823 22:37:15 ds4-server: chat ctx=0..172:172 prefill chunk 128/172 (74.4%) chunk=22.79 t/s avg=23.33 t/s 5.487s
0823 22:37:15 ds4-server: chat ctx=0..172:172 prefill chunk 129/172 (75.0%) chunk=23.44 t/s avg=23.33 t/s 5.530s
0823 22:37:15 ds4-server: chat ctx=0..172:172 prefill chunk 130/172 (75.6%) chunk=23.45 t/s avg=23.33 t/s 5.572s
0823 22:37:15 ds4-server: chat ctx=0..172:172 prefill chunk 131/172 (76.2%) chunk=22.56 t/s avg=23.32 t/s 5.617s
0823 22:37:15 ds4-server: chat ctx=0..172:172 prefill chunk 132/172 (76.7%) chunk=23.60 t/s avg=23.33 t/s 5.659s
0823 22:37:15 ds4-server: chat ctx=0..172:172 prefill chunk 133/172 (77.3%) chunk=23.38 t/s avg=23.33 t/s 5.702s
0823 22:37:15 ds4-server: chat ctx=0..172:172 prefill chunk 134/172 (77.9%) chunk=22.53 t/s avg=23.32 t/s 5.746s
0823 22:37:15 ds4-server: chat ctx=0..172:172 prefill chunk 135/172 (78.5%) chunk=23.11 t/s avg=23.32 t/s 5.789s
0823 22:37:15 ds4-server: chat ctx=0..172:172 prefill chunk 136/172 (79.1%) chunk=23.66 t/s avg=23.32 t/s 5.832s
0823 22:37:15 ds4-server: chat ctx=0..172:172 prefill chunk 137/172 (79.7%) chunk=23.33 t/s avg=23.32 t/s 5.874s
0823 22:37:15 ds4-server: chat ctx=0..172:172 prefill chunk 138/172 (80.2%) chunk=22.59 t/s avg=23.32 t/s 5.919s
0823 22:37:15 ds4-server: chat ctx=0..172:172 prefill chunk 139/172 (80.8%) chunk=23.42 t/s avg=23.32 t/s 5.961s
0823 22:37:15 ds4-server: chat ctx=0..172:172 prefill chunk 140/172 (81.4%) chunk=23.19 t/s avg=23.32 t/s 6.005s
0823 22:37:15 ds4-server: chat ctx=0..172:172 prefill chunk 141/172 (82.0%) chunk=22.59 t/s avg=23.31 t/s 6.049s
0823 22:37:15 ds4-server: chat ctx=0..172:172 prefill chunk 142/172 (82.6%) chunk=23.37 t/s avg=23.31 t/s 6.092s
0823 22:37:15 ds4-server: chat ctx=0..172:172 prefill chunk 143/172 (83.1%) chunk=23.61 t/s avg=23.31 t/s 6.134s
0823 22:37:15 ds4-server: chat ctx=0..172:172 prefill chunk 144/172 (83.7%) chunk=22.31 t/s avg=23.31 t/s 6.179s
0823 22:37:15 ds4-server: chat ctx=0..172:172 prefill chunk 145/172 (84.3%) chunk=23.27 t/s avg=23.31 t/s 6.222s
0823 22:37:15 ds4-server: chat ctx=0..172:172 prefill chunk 146/172 (84.9%) chunk=23.34 t/s avg=23.31 t/s 6.265s
0823 22:37:15 ds4-server: chat ctx=0..172:172 prefill chunk 147/172 (85.5%) chunk=23.22 t/s avg=23.31 t/s 6.308s
0823 22:37:15 ds4-server: chat ctx=0..172:172 prefill chunk 148/172 (86.0%) chunk=22.32 t/s avg=23.30 t/s 6.352s
0823 22:37:15 ds4-server: chat ctx=0..172:172 prefill chunk 149/172 (86.6%) chunk=23.69 t/s avg=23.30 t/s 6.395s
0823 22:37:16 ds4-server: chat ctx=0..172:172 prefill chunk 150/172 (87.2%) chunk=23.08 t/s avg=23.30 t/s 6.438s
0823 22:37:16 ds4-server: chat ctx=0..172:172 prefill chunk 151/172 (87.8%) chunk=22.66 t/s avg=23.29 t/s 6.482s
0823 22:37:16 ds4-server: chat ctx=0..172:172 prefill chunk 152/172 (88.4%) chunk=23.35 t/s avg=23.30 t/s 6.525s
0823 22:37:16 ds4-server: chat ctx=0..172:172 prefill chunk 153/172 (89.0%) chunk=23.42 t/s avg=23.30 t/s 6.568s
0823 22:37:16 ds4-server: chat ctx=0..172:172 prefill chunk 154/172 (89.5%) chunk=22.34 t/s avg=23.29 t/s 6.612s
0823 22:37:16 ds4-server: chat ctx=0..172:172 prefill chunk 155/172 (90.1%) chunk=23.14 t/s avg=23.29 t/s 6.656s
0823 22:37:16 ds4-server: chat ctx=0..172:172 prefill chunk 156/172 (90.7%) chunk=23.47 t/s avg=23.29 t/s 6.698s
0823 22:37:16 ds4-server: chat ctx=0..172:172 prefill chunk 157/172 (91.3%) chunk=23.22 t/s avg=23.29 t/s 6.741s
0823 22:37:16 ds4-server: chat ctx=0..172:172 prefill chunk 158/172 (91.9%) chunk=22.46 t/s avg=23.28 t/s 6.786s
0823 22:37:16 ds4-server: chat ctx=0..172:172 prefill chunk 159/172 (92.4%) chunk=23.51 t/s avg=23.29 t/s 6.828s
0823 22:37:16 ds4-server: chat ctx=0..172:172 prefill chunk 160/172 (93.0%) chunk=23.18 t/s avg=23.28 t/s 6.871s
0823 22:37:16 ds4-server: chat ctx=0..172:172 prefill chunk 161/172 (93.6%) chunk=22.37 t/s avg=23.28 t/s 6.916s
0823 22:37:16 ds4-server: chat ctx=0..172:172 prefill chunk 162/172 (94.2%) chunk=23.49 t/s avg=23.28 t/s 6.959s
0823 22:37:16 ds4-server: chat ctx=0..172:172 prefill chunk 163/172 (94.8%) chunk=23.28 t/s avg=23.28 t/s 7.002s
0823 22:37:16 ds4-server: chat ctx=0..172:172 prefill chunk 164/172 (95.3%) chunk=22.47 t/s avg=23.27 t/s 7.046s
0823 22:37:16 ds4-server: chat ctx=0..172:172 prefill chunk 165/172 (95.9%) chunk=23.38 t/s avg=23.28 t/s 7.089s
0823 22:37:16 ds4-server: chat ctx=0..172:172 prefill chunk 166/172 (96.5%) chunk=23.29 t/s avg=23.28 t/s 7.132s
0823 22:37:16 ds4-server: chat ctx=0..172:172 prefill chunk 167/172 (97.1%) chunk=22.76 t/s avg=23.27 t/s 7.176s
0823 22:37:16 ds4-server: chat ctx=0..172:172 prefill chunk 168/172 (97.7%) chunk=22.76 t/s avg=23.27 t/s 7.220s
0823 22:37:16 ds4-server: chat ctx=0..172:172 prefill chunk 169/172 (98.3%) chunk=23.40 t/s avg=23.27 t/s 7.263s
0823 22:37:16 ds4-server: chat ctx=0..172:172 prefill chunk 170/172 (98.8%) chunk=23.27 t/s avg=23.27 t/s 7.305s
0823 22:37:16 ds4-server: chat ctx=0..172:172 prefill chunk 171/172 (99.4%) chunk=22.27 t/s avg=23.26 t/s 7.350s
0823 22:37:16 ds4-server: chat ctx=0..172:172 prefill chunk 172/172 (100.0%) chunk=23.38 t/s avg=23.26 t/s 7.393s
0823 22:37:16 ds4-server: chat ctx=0..172:172 prompt done 7.393s
0823 22:37:19 ds4-server: chat ctx=172..222:50 gen=50 THINKING decoding chunk=22.96 t/s avg=22.96 t/s 2.178s
0823 22:37:21 ds4-server: chat ctx=222..272:50 gen=100 THINKING decoding chunk=22.80 t/s avg=22.88 t/s 4.371s
0823 22:37:23 ds4-server: chat ctx=272..322:50 gen=150 THINKING decoding chunk=22.65 t/s avg=22.80 t/s 6.579s
0823 22:37:25 ds4-server: chat ctx=322..372:50 gen=200 THINKING decoding chunk=22.49 t/s avg=22.72 t/s 8.802s
0823 22:37:28 ds4-server: chat ctx=372..422:50 gen=250 THINKING decoding chunk=22.31 t/s avg=22.64 t/s 11.044s
0823 22:37:30 ds4-server: chat ctx=422..472:50 gen=300 THINKING decoding chunk=22.16 t/s avg=22.56 t/s 13.300s
0823 22:37:32 ds4-server: chat ctx=472..522:50 gen=350 THINKING decoding chunk=22.06 t/s avg=22.48 t/s 15.566s
0823 22:37:34 ds4-server: chat ctx=522..572:50 gen=400 THINKING decoding chunk=21.92 t/s avg=22.41 t/s 17.848s
0823 22:37:37 ds4-server: chat ctx=572..622:50 gen=450 THINKING decoding chunk=21.76 t/s avg=22.34 t/s 20.146s
0823 22:37:39 ds4-server: chat ctx=622..672:50 gen=500 THINKING decoding chunk=21.63 t/s avg=22.26 t/s 22.458s
0823 22:37:41 ds4-server: chat ctx=672..722:50 gen=550 THINKING decoding chunk=21.50 t/s avg=22.19 t/s 24.784s
0823 22:37:44 ds4-server: chat ctx=722..772:50 gen=600 THINKING decoding chunk=21.35 t/s avg=22.12 t/s 27.126s
0823 22:37:46 ds4-server: chat ctx=772..822:50 gen=650 THINKING decoding chunk=21.24 t/s avg=22.05 t/s 29.480s
0823 22:37:48 ds4-server: chat ctx=822..872:50 gen=700 THINKING decoding chunk=21.07 t/s avg=21.98 t/s 31.853s
0823 22:37:51 ds4-server: chat ctx=872..922:50 gen=750 THINKING decoding chunk=20.96 t/s avg=21.91 t/s 34.239s
0823 22:37:53 ds4-server: chat ctx=922..972:50 gen=800 THINKING decoding chunk=21.05 t/s avg=21.85 t/s 36.614s
0823 22:37:55 ds4-server: chat ctx=972..1022:50 gen=850 THINKING decoding chunk=20.69 t/s avg=21.78 t/s 39.030s
0823 22:37:58 ds4-server: chat ctx=1022..1072:50 gen=900 THINKING decoding chunk=20.56 t/s avg=21.71 t/s 41.462s
0823 22:38:00 ds4-server: chat ctx=1072..1122:50 gen=950 THINKING decoding chunk=20.46 t/s avg=21.64 t/s 43.906s
0823 22:38:03 ds4-server: chat ctx=1122..1172:50 gen=1000 THINKING decoding chunk=20.35 t/s avg=21.57 t/s 46.363s
0823 22:38:05 ds4-server: chat ctx=1172..1222:50 gen=1050 THINKING decoding chunk=20.25 t/s avg=21.50 t/s 48.832s
0823 22:38:08 ds4-server: chat ctx=1222..1272:50 gen=1100 THINKING decoding chunk=20.05 t/s avg=21.43 t/s 51.326s
0823 22:38:10 ds4-server: chat ctx=1272..1322:50 gen=1150 THINKING decoding chunk=19.97 t/s avg=21.36 t/s 53.829s
0823 22:38:13 ds4-server: chat ctx=1322..1372:50 gen=1200 THINKING decoding chunk=19.88 t/s avg=21.30 t/s 56.344s
0823 22:38:15 ds4-server: chat ctx=1372..1422:50 gen=1250 THINKING decoding chunk=19.77 t/s avg=21.23 t/s 58.873s
0823 22:38:18 ds4-server: chat ctx=1422..1472:50 gen=1300 decoding chunk=19.61 t/s avg=21.16 t/s 61.423s
0823 22:38:20 ds4-server: chat ctx=1472..1522:50 gen=1350 decoding chunk=19.55 t/s avg=21.10 t/s 63.981s
0823 22:38:23 ds4-server: chat ctx=1522..1572:50 gen=1400 decoding chunk=19.41 t/s avg=21.03 t/s 66.557s
0823 22:38:26 ds4-server: chat ctx=1572..1622:50 gen=1450 decoding chunk=19.31 t/s avg=20.97 t/s 69.146s
0823 22:38:28 ds4-server: chat ctx=1622..1672:50 gen=1500 decoding chunk=19.15 t/s avg=20.90 t/s 71.758s
0823 22:38:31 ds4-server: chat ctx=1672..1722:50 gen=1550 decoding chunk=19.08 t/s avg=20.84 t/s 74.379s
0823 22:38:33 ds4-server: chat ctx=1722..1772:50 gen=1600 decoding chunk=19.03 t/s avg=20.78 t/s 77.006s
0823 22:38:36 ds4-server: chat ctx=1772..1822:50 gen=1650 decoding chunk=18.90 t/s avg=20.72 t/s 79.651s
0823 22:38:39 ds4-server: chat ctx=1822..1872:50 gen=1700 decoding chunk=18.82 t/s avg=20.65 t/s 82.307s
0823 22:38:39 ds4-server: chat ctx=1872..1880:8 gen=1708 decoding chunk=18.73 t/s avg=20.64 t/s 82.735s
0823 22:38:39 ds4-server: thinking live checkpoint remembered ctx=0..172:172 live=1880 visible=2902
0823 22:38:39 ds4-server: chat ctx=0..172:172 gen=1708 finish=stop 90.128s
0823 22:38:39 ds4-server: live kv cache miss live=1880 prompt=150 common=56 reason=token-mismatch
0823 22:38:39 ds4-server: chat ctx=0..150:150 prompt start
0823 22:38:39 ds4-server: chat ctx=0..150:150 prefill chunk 1/150 (0.7%) chunk=0.00 t/s avg=22.85 t/s 0.044s
0823 22:38:39 ds4-server: chat ctx=0..150:150 prefill chunk 2/150 (1.3%) chunk=23.00 t/s avg=22.93 t/s 0.087s
0823 22:38:39 ds4-server: chat ctx=0..150:150 prefill chunk 3/150 (2.0%) chunk=23.81 t/s avg=23.21 t/s 0.129s
0823 22:38:39 ds4-server: chat ctx=0..150:150 prefill chunk 4/150 (2.7%) chunk=23.96 t/s avg=23.40 t/s 0.171s
0823 22:38:39 ds4-server: chat ctx=0..150:150 prefill chunk 5/150 (3.3%) chunk=22.70 t/s avg=23.25 t/s 0.215s
0823 22:38:39 ds4-server: chat ctx=0..150:150 prefill chunk 6/150 (4.0%) chunk=23.44 t/s avg=23.28 t/s 0.258s
0823 22:38:39 ds4-server: chat ctx=0..150:150 prefill chunk 7/150 (4.7%) chunk=23.72 t/s avg=23.35 t/s 0.300s
0823 22:38:40 ds4-server: chat ctx=0..150:150 prefill chunk 8/150 (5.3%) chunk=23.79 t/s avg=23.40 t/s 0.342s
0823 22:38:40 ds4-server: chat ctx=0..150:150 prefill chunk 9/150 (6.0%) chunk=22.60 t/s avg=23.31 t/s 0.386s
0823 22:38:40 ds4-server: chat ctx=0..150:150 prefill chunk 10/150 (6.7%) chunk=24.01 t/s avg=23.38 t/s 0.428s
0823 22:38:40 ds4-server: chat ctx=0..150:150 prefill chunk 11/150 (7.3%) chunk=24.04 t/s avg=23.44 t/s 0.469s
0823 22:38:40 ds4-server: chat ctx=0..150:150 prefill chunk 12/150 (8.0%) chunk=23.06 t/s avg=23.40 t/s 0.513s
0823 22:38:40 ds4-server: chat ctx=0..150:150 prefill chunk 13/150 (8.7%) chunk=23.11 t/s avg=23.38 t/s 0.556s
0823 22:38:40 ds4-server: chat ctx=0..150:150 prefill chunk 14/150 (9.3%) chunk=23.96 t/s avg=23.42 t/s 0.598s
0823 22:38:40 ds4-server: chat ctx=0..150:150 prefill chunk 15/150 (10.0%) chunk=23.28 t/s avg=23.41 t/s 0.641s
0823 22:38:40 ds4-server: chat ctx=0..150:150 prefill chunk 16/150 (10.7%) chunk=22.99 t/s avg=23.39 t/s 0.684s
0823 22:38:40 ds4-server: chat ctx=0..150:150 prefill chunk 17/150 (11.3%) chunk=23.56 t/s avg=23.40 t/s 0.727s
0823 22:38:40 ds4-server: chat ctx=0..150:150 prefill chunk 18/150 (12.0%) chunk=23.79 t/s avg=23.42 t/s 0.769s
0823 22:38:40 ds4-server: chat ctx=0..150:150 prefill chunk 19/150 (12.7%) chunk=23.84 t/s avg=23.44 t/s 0.811s
0823 22:38:40 ds4-server: chat ctx=0..150:150 prefill chunk 20/150 (13.3%) chunk=22.82 t/s avg=23.41 t/s 0.854s
0823 22:38:40 ds4-server: chat ctx=0..150:150 prefill chunk 21/150 (14.0%) chunk=23.78 t/s avg=23.42 t/s 0.896s
0823 22:38:40 ds4-server: chat ctx=0..150:150 prefill chunk 22/150 (14.7%) chunk=23.74 t/s avg=23.44 t/s 0.939s
0823 22:38:40 ds4-server: chat ctx=0..150:150 prefill chunk 23/150 (15.3%) chunk=22.55 t/s avg=23.40 t/s 0.983s
0823 22:38:40 ds4-server: chat ctx=0..150:150 prefill chunk 24/150 (16.0%) chunk=23.50 t/s avg=23.40 t/s 1.025s
0823 22:38:40 ds4-server: chat ctx=0..150:150 prefill chunk 25/150 (16.7%) chunk=23.67 t/s avg=23.41 t/s 1.068s
0823 22:38:40 ds4-server: chat ctx=0..150:150 prefill chunk 26/150 (17.3%) chunk=23.50 t/s avg=23.42 t/s 1.110s
0823 22:38:40 ds4-server: chat ctx=0..150:150 prefill chunk 27/150 (18.0%) chunk=22.76 t/s avg=23.39 t/s 1.154s
0823 22:38:40 ds4-server: chat ctx=0..150:150 prefill chunk 28/150 (18.7%) chunk=23.77 t/s avg=23.41 t/s 1.196s
0823 22:38:40 ds4-server: chat ctx=0..150:150 prefill chunk 29/150 (19.3%) chunk=23.74 t/s avg=23.42 t/s 1.238s
0823 22:38:40 ds4-server: chat ctx=0..150:150 prefill chunk 30/150 (20.0%) chunk=22.64 t/s avg=23.39 t/s 1.283s
0823 22:38:41 ds4-server: chat ctx=0..150:150 prefill chunk 31/150 (20.7%) chunk=23.59 t/s avg=23.40 t/s 1.325s
0823 22:38:41 ds4-server: chat ctx=0..150:150 prefill chunk 32/150 (21.3%) chunk=23.69 t/s avg=23.41 t/s 1.367s
0823 22:38:41 ds4-server: chat ctx=0..150:150 prefill chunk 33/150 (22.0%) chunk=23.61 t/s avg=23.41 t/s 1.410s
0823 22:38:41 ds4-server: chat ctx=0..150:150 prefill chunk 34/150 (22.7%) chunk=22.51 t/s avg=23.38 t/s 1.454s
0823 22:38:41 ds4-server: chat ctx=0..150:150 prefill chunk 35/150 (23.3%) chunk=23.62 t/s avg=23.39 t/s 1.496s
0823 22:38:41 ds4-server: chat ctx=0..150:150 prefill chunk 36/150 (24.0%) chunk=23.72 t/s avg=23.40 t/s 1.538s
0823 22:38:41 ds4-server: chat ctx=0..150:150 prefill chunk 37/150 (24.7%) chunk=22.63 t/s avg=23.38 t/s 1.583s
0823 22:38:41 ds4-server: chat ctx=0..150:150 prefill chunk 38/150 (25.3%) chunk=23.41 t/s avg=23.38 t/s 1.625s
0823 22:38:41 ds4-server: chat ctx=0..150:150 prefill chunk 39/150 (26.0%) chunk=23.82 t/s avg=23.39 t/s 1.667s
0823 22:38:41 ds4-server: chat ctx=0..150:150 prefill chunk 40/150 (26.7%) chunk=23.26 t/s avg=23.39 t/s 1.710s
0823 22:38:41 ds4-server: chat ctx=0..150:150 prefill chunk 41/150 (27.3%) chunk=22.67 t/s avg=23.37 t/s 1.754s
0823 22:38:41 ds4-server: chat ctx=0..150:150 prefill chunk 42/150 (28.0%) chunk=23.61 t/s avg=23.37 t/s 1.797s
0823 22:38:41 ds4-server: chat ctx=0..150:150 prefill chunk 43/150 (28.7%) chunk=23.23 t/s avg=23.37 t/s 1.840s
0823 22:38:41 ds4-server: chat ctx=0..150:150 prefill chunk 44/150 (29.3%) chunk=22.90 t/s avg=23.36 t/s 1.883s
0823 22:38:41 ds4-server: chat ctx=0..150:150 prefill chunk 45/150 (30.0%) chunk=23.45 t/s avg=23.36 t/s 1.926s
0823 22:38:41 ds4-server: chat ctx=0..150:150 prefill chunk 46/150 (30.7%) chunk=23.78 t/s avg=23.37 t/s 1.968s
0823 22:38:41 ds4-server: chat ctx=0..150:150 prefill chunk 47/150 (31.3%) chunk=23.01 t/s avg=23.36 t/s 2.012s
0823 22:38:41 ds4-server: chat ctx=0..150:150 prefill chunk 48/150 (32.0%) chunk=22.89 t/s avg=23.35 t/s 2.055s
0823 22:38:41 ds4-server: chat ctx=0..150:150 prefill chunk 49/150 (32.7%) chunk=23.73 t/s avg=23.36 t/s 2.097s
0823 22:38:41 ds4-server: chat ctx=0..150:150 prefill chunk 50/150 (33.3%) chunk=23.37 t/s avg=23.36 t/s 2.140s
0823 22:38:41 ds4-server: chat ctx=0..150:150 prefill chunk 51/150 (34.0%) chunk=22.79 t/s avg=23.35 t/s 2.184s
0823 22:38:41 ds4-server: chat ctx=0..150:150 prefill chunk 52/150 (34.7%) chunk=23.51 t/s avg=23.35 t/s 2.227s
0823 22:38:41 ds4-server: chat ctx=0..150:150 prefill chunk 53/150 (35.3%) chunk=23.81 t/s avg=23.36 t/s 2.269s
0823 22:38:42 ds4-server: chat ctx=0..150:150 prefill chunk 54/150 (36.0%) chunk=22.90 t/s avg=23.35 t/s 2.312s
0823 22:38:42 ds4-server: chat ctx=0..150:150 prefill chunk 55/150 (36.7%) chunk=23.05 t/s avg=23.35 t/s 2.356s
0823 22:38:42 ds4-server: chat ctx=0..150:150 prefill chunk 56/150 (37.3%) chunk=23.48 t/s avg=23.35 t/s 2.398s
0823 22:38:42 ds4-server: chat ctx=0..150:150 prefill chunk 57/150 (38.0%) chunk=23.25 t/s avg=23.35 t/s 2.441s
0823 22:38:42 ds4-server: chat ctx=0..150:150 prefill chunk 58/150 (38.7%) chunk=22.64 t/s avg=23.34 t/s 2.486s
0823 22:38:42 ds4-server: chat ctx=0..150:150 prefill chunk 59/150 (39.3%) chunk=23.69 t/s avg=23.34 t/s 2.528s
0823 22:38:42 ds4-server: chat ctx=0..150:150 prefill chunk 60/150 (40.0%) chunk=23.70 t/s avg=23.35 t/s 2.570s
0823 22:38:42 ds4-server: chat ctx=0..150:150 prefill chunk 61/150 (40.7%) chunk=22.52 t/s avg=23.33 t/s 2.614s
0823 22:38:42 ds4-server: chat ctx=0..150:150 prefill chunk 62/150 (41.3%) chunk=23.38 t/s avg=23.33 t/s 2.657s
0823 22:38:42 ds4-server: chat ctx=0..150:150 prefill chunk 63/150 (42.0%) chunk=23.58 t/s avg=23.34 t/s 2.699s
0823 22:38:42 ds4-server: chat ctx=0..150:150 prefill chunk 64/150 (42.7%) chunk=23.65 t/s avg=23.34 t/s 2.742s
0823 22:38:42 ds4-server: chat ctx=0..150:150 prefill chunk 65/150 (43.3%) chunk=22.36 t/s avg=23.33 t/s 2.787s
0823 22:38:42 ds4-server: chat ctx=0..150:150 prefill chunk 66/150 (44.0%) chunk=23.74 t/s avg=23.33 t/s 2.829s
0823 22:38:42 ds4-server: chat ctx=0..150:150 prefill chunk 67/150 (44.7%) chunk=23.86 t/s avg=23.34 t/s 2.871s
0823 22:38:42 ds4-server: chat ctx=0..150:150 prefill chunk 68/150 (45.3%) chunk=22.37 t/s avg=23.33 t/s 2.915s
0823 22:38:42 ds4-server: chat ctx=0..150:150 prefill chunk 69/150 (46.0%) chunk=23.48 t/s avg=23.33 t/s 2.958s
0823 22:38:42 ds4-server: chat ctx=0..150:150 prefill chunk 70/150 (46.7%) chunk=23.69 t/s avg=23.33 t/s 3.000s
0823 22:38:42 ds4-server: chat ctx=0..150:150 prefill chunk 71/150 (47.3%) chunk=23.58 t/s avg=23.34 t/s 3.042s
0823 22:38:42 ds4-server: chat ctx=0..150:150 prefill chunk 72/150 (48.0%) chunk=22.48 t/s avg=23.32 t/s 3.087s
0823 22:38:42 ds4-server: chat ctx=0..150:150 prefill chunk 73/150 (48.7%) chunk=23.74 t/s avg=23.33 t/s 3.129s
0823 22:38:42 ds4-server: chat ctx=0..150:150 prefill chunk 74/150 (49.3%) chunk=23.63 t/s avg=23.33 t/s 3.171s
0823 22:38:42 ds4-server: chat ctx=0..150:150 prefill chunk 75/150 (50.0%) chunk=22.55 t/s avg=23.32 t/s 3.216s
0823 22:38:42 ds4-server: chat ctx=0..150:150 prefill chunk 76/150 (50.7%) chunk=23.37 t/s avg=23.32 t/s 3.259s
0823 22:38:42 ds4-server: chat ctx=0..150:150 prefill chunk 77/150 (51.3%) chunk=23.73 t/s avg=23.33 t/s 3.301s
0823 22:38:43 ds4-server: chat ctx=0..150:150 prefill chunk 78/150 (52.0%) chunk=23.68 t/s avg=23.33 t/s 3.343s
0823 22:38:43 ds4-server: chat ctx=0..150:150 prefill chunk 79/150 (52.7%) chunk=22.55 t/s avg=23.32 t/s 3.387s
0823 22:38:43 ds4-server: chat ctx=0..150:150 prefill chunk 80/150 (53.3%) chunk=23.82 t/s avg=23.33 t/s 3.429s
0823 22:38:43 ds4-server: chat ctx=0..150:150 prefill chunk 81/150 (54.0%) chunk=23.74 t/s avg=23.33 t/s 3.471s
0823 22:38:43 ds4-server: chat ctx=0..150:150 prefill chunk 82/150 (54.7%) chunk=22.70 t/s avg=23.33 t/s 3.515s
0823 22:38:43 ds4-server: chat ctx=0..150:150 prefill chunk 83/150 (55.3%) chunk=23.57 t/s avg=23.33 t/s 3.558s
0823 22:38:43 ds4-server: chat ctx=0..150:150 prefill chunk 84/150 (56.0%) chunk=23.93 t/s avg=23.34 t/s 3.600s
0823 22:38:43 ds4-server: chat ctx=0..150:150 prefill chunk 85/150 (56.7%) chunk=23.78 t/s avg=23.34 t/s 3.642s
0823 22:38:43 ds4-server: chat ctx=0..150:150 prefill chunk 86/150 (57.3%) chunk=22.53 t/s avg=23.33 t/s 3.686s
0823 22:38:43 ds4-server: chat ctx=0..150:150 prefill chunk 87/150 (58.0%) chunk=23.69 t/s avg=23.34 t/s 3.728s
0823 22:38:43 ds4-server: chat ctx=0..150:150 prefill chunk 88/150 (58.7%) chunk=23.95 t/s avg=23.34 t/s 3.770s
0823 22:38:43 ds4-server: chat ctx=0..150:150 prefill chunk 89/150 (59.3%) chunk=23.10 t/s avg=23.34 t/s 3.813s
0823 22:38:43 ds4-server: chat ctx=0..150:150 prefill chunk 90/150 (60.0%) chunk=23.02 t/s avg=23.34 t/s 3.857s
0823 22:38:43 ds4-server: chat ctx=0..150:150 prefill chunk 91/150 (60.7%) chunk=23.90 t/s avg=23.34 t/s 3.899s
0823 22:38:43 ds4-server: chat ctx=0..150:150 prefill chunk 92/150 (61.3%) chunk=23.40 t/s avg=23.34 t/s 3.941s
0823 22:38:43 ds4-server: chat ctx=0..150:150 prefill chunk 93/150 (62.0%) chunk=22.52 t/s avg=23.33 t/s 3.986s
0823 22:38:43 ds4-server: chat ctx=0..150:150 prefill chunk 94/150 (62.7%) chunk=23.58 t/s avg=23.34 t/s 4.028s
0823 22:38:43 ds4-server: chat ctx=0..150:150 prefill chunk 95/150 (63.3%) chunk=23.74 t/s avg=23.34 t/s 4.070s
0823 22:38:43 ds4-server: chat ctx=0..150:150 prefill chunk 96/150 (64.0%) chunk=22.52 t/s avg=23.33 t/s 4.115s
0823 22:38:43 ds4-server: chat ctx=0..150:150 prefill chunk 97/150 (64.7%) chunk=23.42 t/s avg=23.33 t/s 4.157s
0823 22:38:43 ds4-server: chat ctx=0..150:150 prefill chunk 98/150 (65.3%) chunk=23.70 t/s avg=23.34 t/s 4.200s
0823 22:38:43 ds4-server: chat ctx=0..150:150 prefill chunk 99/150 (66.0%) chunk=23.65 t/s avg=23.34 t/s 4.242s
0823 22:38:43 ds4-server: chat ctx=0..150:150 prefill chunk 100/150 (66.7%) chunk=22.52 t/s avg=23.33 t/s 4.286s
0823 22:38:44 ds4-server: chat ctx=0..150:150 prefill chunk 101/150 (67.3%) chunk=23.58 t/s avg=23.33 t/s 4.329s
0823 22:38:44 ds4-server: chat ctx=0..150:150 prefill chunk 102/150 (68.0%) chunk=23.84 t/s avg=23.34 t/s 4.371s
0823 22:38:44 ds4-server: chat ctx=0..150:150 prefill chunk 103/150 (68.7%) chunk=22.63 t/s avg=23.33 t/s 4.415s
0823 22:38:44 ds4-server: chat ctx=0..150:150 prefill chunk 104/150 (69.3%) chunk=23.24 t/s avg=23.33 t/s 4.458s
0823 22:38:44 ds4-server: chat ctx=0..150:150 prefill chunk 105/150 (70.0%) chunk=23.64 t/s avg=23.33 t/s 4.500s
0823 22:38:44 ds4-server: chat ctx=0..150:150 prefill chunk 106/150 (70.7%) chunk=23.26 t/s avg=23.33 t/s 4.543s
0823 22:38:44 ds4-server: chat ctx=0..150:150 prefill chunk 107/150 (71.3%) chunk=22.39 t/s avg=23.32 t/s 4.588s
0823 22:38:44 ds4-server: chat ctx=0..150:150 prefill chunk 108/150 (72.0%) chunk=23.56 t/s avg=23.32 t/s 4.630s
0823 22:38:44 ds4-server: chat ctx=0..150:150 prefill chunk 109/150 (72.7%) chunk=23.33 t/s avg=23.32 t/s 4.673s
0823 22:38:44 ds4-server: chat ctx=0..150:150 prefill chunk 110/150 (73.3%) chunk=22.89 t/s avg=23.32 t/s 4.717s
0823 22:38:44 ds4-server: chat ctx=0..150:150 prefill chunk 111/150 (74.0%) chunk=23.43 t/s avg=23.32 t/s 4.759s
0823 22:38:44 ds4-server: chat ctx=0..150:150 prefill chunk 112/150 (74.7%) chunk=23.59 t/s avg=23.32 t/s 4.802s
0823 22:38:44 ds4-server: chat ctx=0..150:150 prefill chunk 113/150 (75.3%) chunk=22.83 t/s avg=23.32 t/s 4.846s
0823 22:38:44 ds4-server: chat ctx=0..150:150 prefill chunk 114/150 (76.0%) chunk=22.76 t/s avg=23.31 t/s 4.890s
0823 22:38:44 ds4-server: chat ctx=0..150:150 prefill chunk 115/150 (76.7%) chunk=23.63 t/s avg=23.32 t/s 4.932s
0823 22:38:44 ds4-server: chat ctx=0..150:150 prefill chunk 116/150 (77.3%) chunk=23.32 t/s avg=23.32 t/s 4.975s
0823 22:38:44 ds4-server: chat ctx=0..150:150 prefill chunk 117/150 (78.0%) chunk=22.44 t/s avg=23.31 t/s 5.019s
0823 22:38:44 ds4-server: chat ctx=0..150:150 prefill chunk 118/150 (78.7%) chunk=23.50 t/s avg=23.31 t/s 5.062s
0823 22:38:44 ds4-server: chat ctx=0..150:150 prefill chunk 119/150 (79.3%) chunk=23.76 t/s avg=23.31 t/s 5.104s
0823 22:38:44 ds4-server: chat ctx=0..150:150 prefill chunk 120/150 (80.0%) chunk=22.46 t/s avg=23.31 t/s 5.149s
0823 22:38:44 ds4-server: chat ctx=0..150:150 prefill chunk 121/150 (80.7%) chunk=23.38 t/s avg=23.31 t/s 5.191s
0823 22:38:44 ds4-server: chat ctx=0..150:150 prefill chunk 122/150 (81.3%) chunk=23.62 t/s avg=23.31 t/s 5.234s
0823 22:38:44 ds4-server: chat ctx=0..150:150 prefill chunk 123/150 (82.0%) chunk=23.27 t/s avg=23.31 t/s 5.277s
0823 22:38:45 ds4-server: chat ctx=0..150:150 prefill chunk 124/150 (82.7%) chunk=22.52 t/s avg=23.30 t/s 5.321s
0823 22:38:45 ds4-server: chat ctx=0..150:150 prefill chunk 125/150 (83.3%) chunk=23.58 t/s avg=23.31 t/s 5.363s
0823 22:38:45 ds4-server: chat ctx=0..150:150 prefill chunk 126/150 (84.0%) chunk=23.27 t/s avg=23.31 t/s 5.406s
0823 22:38:45 ds4-server: chat ctx=0..150:150 prefill chunk 127/150 (84.7%) chunk=22.70 t/s avg=23.30 t/s 5.450s
0823 22:38:45 ds4-server: chat ctx=0..150:150 prefill chunk 128/150 (85.3%) chunk=23.48 t/s avg=23.30 t/s 5.493s
0823 22:38:45 ds4-server: chat ctx=0..150:150 prefill chunk 129/150 (86.0%) chunk=23.61 t/s avg=23.30 t/s 5.535s
0823 22:38:45 ds4-server: chat ctx=0..150:150 prefill chunk 130/150 (86.7%) chunk=22.95 t/s avg=23.30 t/s 5.579s
0823 22:38:45 ds4-server: chat ctx=0..150:150 prefill chunk 131/150 (87.3%) chunk=22.85 t/s avg=23.30 t/s 5.623s
0823 22:38:45 ds4-server: chat ctx=0..150:150 prefill chunk 132/150 (88.0%) chunk=23.58 t/s avg=23.30 t/s 5.665s
0823 22:38:45 ds4-server: chat ctx=0..150:150 prefill chunk 133/150 (88.7%) chunk=23.25 t/s avg=23.30 t/s 5.708s
0823 22:38:45 ds4-server: chat ctx=0..150:150 prefill chunk 134/150 (89.3%) chunk=22.48 t/s avg=23.29 t/s 5.753s
0823 22:38:45 ds4-server: chat ctx=0..150:150 prefill chunk 135/150 (90.0%) chunk=23.51 t/s avg=23.30 t/s 5.795s
0823 22:38:45 ds4-server: chat ctx=0..150:150 prefill chunk 136/150 (90.7%) chunk=23.65 t/s avg=23.30 t/s 5.838s
0823 22:38:45 ds4-server: chat ctx=0..150:150 prefill chunk 137/150 (91.3%) chunk=22.54 t/s avg=23.29 t/s 5.882s
0823 22:38:45 ds4-server: chat ctx=0..150:150 prefill chunk 138/150 (92.0%) chunk=23.33 t/s avg=23.29 t/s 5.925s
0823 22:38:45 ds4-server: chat ctx=0..150:150 prefill chunk 139/150 (92.7%) chunk=23.65 t/s avg=23.29 t/s 5.967s
0823 22:38:45 ds4-server: chat ctx=0..150:150 prefill chunk 140/150 (93.3%) chunk=23.19 t/s avg=23.29 t/s 6.010s
0823 22:38:45 ds4-server: chat ctx=0..150:150 prefill chunk 141/150 (94.0%) chunk=22.47 t/s avg=23.29 t/s 6.055s
0823 22:38:45 ds4-server: chat ctx=0..150:150 prefill chunk 142/150 (94.7%) chunk=23.73 t/s avg=23.29 t/s 6.097s
0823 22:38:45 ds4-server: chat ctx=0..150:150 prefill chunk 143/150 (95.3%) chunk=23.22 t/s avg=23.29 t/s 6.140s
0823 22:38:45 ds4-server: chat ctx=0..150:150 prefill chunk 144/150 (96.0%) chunk=22.64 t/s avg=23.29 t/s 6.184s
0823 22:38:45 ds4-server: chat ctx=0..150:150 prefill chunk 145/150 (96.7%) chunk=23.18 t/s avg=23.29 t/s 6.227s
0823 22:38:45 ds4-server: chat ctx=0..150:150 prefill chunk 146/150 (97.3%) chunk=23.41 t/s avg=23.29 t/s 6.270s
0823 22:38:46 ds4-server: chat ctx=0..150:150 prefill chunk 147/150 (98.0%) chunk=22.46 t/s avg=23.28 t/s 6.314s
0823 22:38:46 ds4-server: chat ctx=0..150:150 prefill chunk 148/150 (98.7%) chunk=23.29 t/s avg=23.28 t/s 6.357s
0823 22:38:46 ds4-server: chat ctx=0..150:150 prefill chunk 149/150 (99.3%) chunk=23.60 t/s avg=23.28 t/s 6.400s
0823 22:38:46 ds4-server: chat ctx=0..150:150 prefill chunk 150/150 (100.0%) chunk=23.23 t/s avg=23.28 t/s 6.443s
0823 22:38:46 ds4-server: chat ctx=0..150:150 prompt done 6.443s
0823 22:38:48 ds4-server: chat ctx=150..200:50 gen=50 THINKING decoding chunk=23.02 t/s avg=23.02 t/s 2.172s
0823 22:38:50 ds4-server: chat ctx=200..250:50 gen=100 THINKING decoding chunk=22.87 t/s avg=22.94 t/s 4.359s
0823 22:38:52 ds4-server: chat ctx=250..300:50 gen=150 THINKING decoding chunk=22.73 t/s avg=22.87 t/s 6.559s
0823 22:38:54 ds4-server: chat ctx=300..350:50 gen=200 THINKING decoding chunk=22.53 t/s avg=22.78 t/s 8.778s
0823 22:38:57 ds4-server: chat ctx=350..400:50 gen=250 THINKING decoding chunk=22.44 t/s avg=22.72 t/s 11.006s
0823 22:38:59 ds4-server: chat ctx=400..450:50 gen=300 THINKING decoding chunk=22.30 t/s avg=22.65 t/s 13.248s
0823 22:39:01 ds4-server: chat ctx=450..500:50 gen=350 THINKING decoding chunk=22.08 t/s avg=22.56 t/s 15.512s
0823 22:39:03 ds4-server: chat ctx=500..550:50 gen=400 THINKING decoding chunk=22.00 t/s avg=22.49 t/s 17.784s
0823 22:39:06 ds4-server: chat ctx=550..600:50 gen=450 THINKING decoding chunk=21.81 t/s avg=22.41 t/s 20.076s
0823 22:39:08 ds4-server: chat ctx=600..650:50 gen=500 THINKING decoding chunk=21.68 t/s avg=22.34 t/s 22.383s
0823 22:39:10 ds4-server: chat ctx=650..700:50 gen=550 THINKING decoding chunk=21.56 t/s avg=22.27 t/s 24.701s
0823 22:39:13 ds4-server: chat ctx=700..750:50 gen=600 THINKING decoding chunk=21.44 t/s avg=22.19 t/s 27.033s
0823 22:39:15 ds4-server: chat ctx=750..800:50 gen=650 THINKING decoding chunk=21.23 t/s avg=22.12 t/s 29.388s
0823 22:39:17 ds4-server: chat ctx=800..850:50 gen=700 THINKING decoding chunk=21.15 t/s avg=22.05 t/s 31.753s
0823 22:39:20 ds4-server: chat ctx=850..900:50 gen=750 THINKING decoding chunk=21.02 t/s avg=21.97 t/s 34.131s
0823 22:39:22 ds4-server: chat ctx=900..950:50 gen=800 THINKING decoding chunk=20.88 t/s avg=21.90 t/s 36.526s
0823 22:39:25 ds4-server: chat ctx=950..1000:50 gen=850 THINKING decoding chunk=20.75 t/s avg=21.83 t/s 38.937s
0823 22:39:27 ds4-server: chat ctx=1000..1050:50 gen=900 THINKING decoding chunk=20.66 t/s avg=21.76 t/s 41.357s
0823 22:39:29 ds4-server: chat ctx=1050..1100:50 gen=950 THINKING decoding chunk=20.53 t/s avg=21.69 t/s 43.792s
0823 22:39:32 ds4-server: chat ctx=1100..1150:50 gen=1000 THINKING decoding chunk=20.38 t/s avg=21.62 t/s 46.246s
0823 22:39:34 ds4-server: chat ctx=1150..1200:50 gen=1050 THINKING decoding chunk=20.30 t/s avg=21.56 t/s 48.708s
0823 22:39:37 ds4-server: chat ctx=1200..1250:50 gen=1100 THINKING decoding chunk=20.13 t/s avg=21.49 t/s 51.192s
0823 22:39:39 ds4-server: chat ctx=1250..1300:50 gen=1150 THINKING decoding chunk=20.03 t/s avg=21.42 t/s 53.688s
0823 22:39:42 ds4-server: chat ctx=1300..1350:50 gen=1200 THINKING decoding chunk=19.94 t/s avg=21.35 t/s 56.196s
0823 22:39:44 ds4-server: chat ctx=1350..1400:50 gen=1250 THINKING decoding chunk=19.80 t/s avg=21.29 t/s 58.721s
0823 22:39:47 ds4-server: chat ctx=1400..1450:50 gen=1300 THINKING decoding chunk=19.70 t/s avg=21.22 t/s 61.260s
0823 22:39:49 ds4-server: chat ctx=1450..1500:50 gen=1350 THINKING decoding chunk=19.62 t/s avg=21.16 t/s 63.808s
0823 22:39:52 ds4-server: chat ctx=1500..1550:50 gen=1400 THINKING decoding chunk=19.54 t/s avg=21.09 t/s 66.367s
0823 22:39:55 ds4-server: chat ctx=1550..1600:50 gen=1450 THINKING decoding chunk=19.40 t/s avg=21.03 t/s 68.944s
0823 22:39:57 ds4-server: chat ctx=1600..1650:50 gen=1500 THINKING decoding chunk=19.23 t/s avg=20.97 t/s 71.544s
0823 22:40:00 ds4-server: chat ctx=1650..1700:50 gen=1550 THINKING decoding chunk=19.12 t/s avg=20.90 t/s 74.159s
0823 22:40:02 ds4-server: chat ctx=1700..1750:50 gen=1600 decoding chunk=19.05 t/s avg=20.84 t/s 76.783s
0823 22:40:05 ds4-server: chat ctx=1750..1800:50 gen=1650 decoding chunk=18.99 t/s avg=20.78 t/s 79.417s
0823 22:40:08 ds4-server: chat ctx=1800..1850:50 gen=1700 decoding chunk=18.86 t/s avg=20.71 t/s 82.067s
0823 22:40:10 ds4-server: chat ctx=1850..1900:50 gen=1750 decoding chunk=18.75 t/s avg=20.65 t/s 84.734s
0823 22:40:13 ds4-server: chat ctx=1900..1950:50 gen=1800 decoding chunk=18.65 t/s avg=20.59 t/s 87.415s
0823 22:40:16 ds4-server: chat ctx=1950..2000:50 gen=1850 decoding chunk=18.54 t/s avg=20.53 t/s 90.112s
0823 22:40:18 ds4-server: chat ctx=2000..2050:50 gen=1900 decoding chunk=18.48 t/s avg=20.47 t/s 92.817s
0823 22:40:21 ds4-server: chat ctx=2050..2088:38 gen=1938 decoding chunk=18.36 t/s avg=20.42 t/s 94.887s
0823 22:40:21 ds4-server: thinking live checkpoint remembered ctx=0..150:150 live=2088 visible=2451
0823 22:40:21 ds4-server: chat ctx=0..150:150 gen=1938 finish=stop 101.330s
0823 22:40:21 ds4-server: live kv cache miss live=2088 prompt=163 common=56 reason=token-mismatch
0823 22:40:21 ds4-server: chat ctx=0..163:163 prompt start
0823 22:40:21 ds4-server: chat ctx=0..163:163 prefill chunk 1/163 (0.6%) chunk=0.00 t/s avg=22.72 t/s 0.044s
0823 22:40:21 ds4-server: chat ctx=0..163:163 prefill chunk 2/163 (1.2%) chunk=22.95 t/s avg=22.83 t/s 0.088s
0823 22:40:21 ds4-server: chat ctx=0..163:163 prefill chunk 3/163 (1.8%) chunk=23.97 t/s avg=23.20 t/s 0.129s
0823 22:40:21 ds4-server: chat ctx=0..163:163 prefill chunk 4/163 (2.5%) chunk=23.73 t/s avg=23.33 t/s 0.171s
0823 22:40:21 ds4-server: chat ctx=0..163:163 prefill chunk 5/163 (3.1%) chunk=22.77 t/s avg=23.22 t/s 0.215s
0823 22:40:21 ds4-server: chat ctx=0..163:163 prefill chunk 6/163 (3.7%) chunk=23.62 t/s avg=23.28 t/s 0.258s
0823 22:40:21 ds4-server: chat ctx=0..163:163 prefill chunk 7/163 (4.3%) chunk=23.89 t/s avg=23.37 t/s 0.300s
0823 22:40:21 ds4-server: chat ctx=0..163:163 prefill chunk 8/163 (4.9%) chunk=23.64 t/s avg=23.40 t/s 0.342s
0823 22:40:21 ds4-server: chat ctx=0..163:163 prefill chunk 9/163 (5.5%) chunk=22.60 t/s avg=23.31 t/s 0.386s
0823 22:40:21 ds4-server: chat ctx=0..163:163 prefill chunk 10/163 (6.1%) chunk=23.88 t/s avg=23.36 t/s 0.428s
0823 22:40:21 ds4-server: chat ctx=0..163:163 prefill chunk 11/163 (6.7%) chunk=23.74 t/s avg=23.40 t/s 0.470s
0823 22:40:21 ds4-server: chat ctx=0..163:163 prefill chunk 12/163 (7.4%) chunk=22.71 t/s avg=23.34 t/s 0.514s
0823 22:40:21 ds4-server: chat ctx=0..163:163 prefill chunk 13/163 (8.0%) chunk=23.50 t/s avg=23.35 t/s 0.557s
0823 22:40:21 ds4-server: chat ctx=0..163:163 prefill chunk 14/163 (8.6%) chunk=23.87 t/s avg=23.39 t/s 0.599s
0823 22:40:21 ds4-server: chat ctx=0..163:163 prefill chunk 15/163 (9.2%) chunk=23.52 t/s avg=23.40 t/s 0.641s
0823 22:40:21 ds4-server: chat ctx=0..163:163 prefill chunk 16/163 (9.8%) chunk=23.03 t/s avg=23.37 t/s 0.685s
0823 22:40:21 ds4-server: chat ctx=0..163:163 prefill chunk 17/163 (10.4%) chunk=23.72 t/s avg=23.39 t/s 0.727s
0823 22:40:21 ds4-server: chat ctx=0..163:163 prefill chunk 18/163 (11.0%) chunk=23.85 t/s avg=23.42 t/s 0.769s
0823 22:40:21 ds4-server: chat ctx=0..163:163 prefill chunk 19/163 (11.7%) chunk=23.77 t/s avg=23.44 t/s 0.811s
0823 22:40:21 ds4-server: chat ctx=0..163:163 prefill chunk 20/163 (12.3%) chunk=22.77 t/s avg=23.40 t/s 0.855s
0823 22:40:21 ds4-server: chat ctx=0..163:163 prefill chunk 21/163 (12.9%) chunk=24.03 t/s avg=23.43 t/s 0.896s
0823 22:40:21 ds4-server: chat ctx=0..163:163 prefill chunk 22/163 (13.5%) chunk=23.64 t/s avg=23.44 t/s 0.939s
0823 22:40:22 ds4-server: chat ctx=0..163:163 prefill chunk 23/163 (14.1%) chunk=22.57 t/s avg=23.40 t/s 0.983s
0823 22:40:22 ds4-server: chat ctx=0..163:163 prefill chunk 24/163 (14.7%) chunk=23.56 t/s avg=23.41 t/s 1.025s
0823 22:40:22 ds4-server: chat ctx=0..163:163 prefill chunk 25/163 (15.3%) chunk=23.77 t/s avg=23.42 t/s 1.067s
0823 22:40:22 ds4-server: chat ctx=0..163:163 prefill chunk 26/163 (16.0%) chunk=23.49 t/s avg=23.42 t/s 1.110s
0823 22:40:22 ds4-server: chat ctx=0..163:163 prefill chunk 27/163 (16.6%) chunk=22.55 t/s avg=23.39 t/s 1.154s
0823 22:40:22 ds4-server: chat ctx=0..163:163 prefill chunk 28/163 (17.2%) chunk=23.65 t/s avg=23.40 t/s 1.197s
0823 22:40:22 ds4-server: chat ctx=0..163:163 prefill chunk 29/163 (17.8%) chunk=23.72 t/s avg=23.41 t/s 1.239s
0823 22:40:22 ds4-server: chat ctx=0..163:163 prefill chunk 30/163 (18.4%) chunk=23.01 t/s avg=23.40 t/s 1.282s
0823 22:40:22 ds4-server: chat ctx=0..163:163 prefill chunk 31/163 (19.0%) chunk=23.51 t/s avg=23.40 t/s 1.325s
0823 22:40:22 ds4-server: chat ctx=0..163:163 prefill chunk 32/163 (19.6%) chunk=23.68 t/s avg=23.41 t/s 1.367s
0823 22:40:22 ds4-server: chat ctx=0..163:163 prefill chunk 33/163 (20.2%) chunk=23.47 t/s avg=23.41 t/s 1.410s
0823 22:40:22 ds4-server: chat ctx=0..163:163 prefill chunk 34/163 (20.9%) chunk=22.64 t/s avg=23.39 t/s 1.454s
0823 22:40:22 ds4-server: chat ctx=0..163:163 prefill chunk 35/163 (21.5%) chunk=23.90 t/s avg=23.40 t/s 1.496s
0823 22:40:22 ds4-server: chat ctx=0..163:163 prefill chunk 36/163 (22.1%) chunk=23.84 t/s avg=23.41 t/s 1.538s
0823 22:40:22 ds4-server: chat ctx=0..163:163 prefill chunk 37/163 (22.7%) chunk=22.47 t/s avg=23.39 t/s 1.582s
0823 22:40:22 ds4-server: chat ctx=0..163:163 prefill chunk 38/163 (23.3%) chunk=23.38 t/s avg=23.39 t/s 1.625s
0823 22:40:22 ds4-server: chat ctx=0..163:163 prefill chunk 39/163 (23.9%) chunk=23.67 t/s avg=23.39 t/s 1.667s
0823 22:40:22 ds4-server: chat ctx=0..163:163 prefill chunk 40/163 (24.5%) chunk=23.56 t/s avg=23.40 t/s 1.710s
0823 22:40:22 ds4-server: chat ctx=0..163:163 prefill chunk 41/163 (25.2%) chunk=22.50 t/s avg=23.38 t/s 1.754s
0823 22:40:22 ds4-server: chat ctx=0..163:163 prefill chunk 42/163 (25.8%) chunk=23.59 t/s avg=23.38 t/s 1.796s
0823 22:40:22 ds4-server: chat ctx=0..163:163 prefill chunk 43/163 (26.4%) chunk=23.98 t/s avg=23.39 t/s 1.838s
0823 22:40:22 ds4-server: chat ctx=0..163:163 prefill chunk 44/163 (27.0%) chunk=22.70 t/s avg=23.38 t/s 1.882s
0823 22:40:22 ds4-server: chat ctx=0..163:163 prefill chunk 45/163 (27.6%) chunk=23.40 t/s avg=23.38 t/s 1.925s
0823 22:40:22 ds4-server: chat ctx=0..163:163 prefill chunk 46/163 (28.2%) chunk=24.13 t/s avg=23.39 t/s 1.966s
0823 22:40:23 ds4-server: chat ctx=0..163:163 prefill chunk 47/163 (28.8%) chunk=23.51 t/s avg=23.40 t/s 2.009s
0823 22:40:23 ds4-server: chat ctx=0..163:163 prefill chunk 48/163 (29.4%) chunk=22.70 t/s avg=23.38 t/s 2.053s
0823 22:40:23 ds4-server: chat ctx=0..163:163 prefill chunk 49/163 (30.1%) chunk=23.85 t/s avg=23.39 t/s 2.095s
0823 22:40:23 ds4-server: chat ctx=0..163:163 prefill chunk 50/163 (30.7%) chunk=23.78 t/s avg=23.40 t/s 2.137s
0823 22:40:23 ds4-server: chat ctx=0..163:163 prefill chunk 51/163 (31.3%) chunk=23.00 t/s avg=23.39 t/s 2.180s
0823 22:40:23 ds4-server: chat ctx=0..163:163 prefill chunk 52/163 (31.9%) chunk=23.02 t/s avg=23.38 t/s 2.224s
0823 22:40:23 ds4-server: chat ctx=0..163:163 prefill chunk 53/163 (32.5%) chunk=23.64 t/s avg=23.39 t/s 2.266s
0823 22:40:23 ds4-server: chat ctx=0..163:163 prefill chunk 54/163 (33.1%) chunk=23.49 t/s avg=23.39 t/s 2.309s
0823 22:40:23 ds4-server: chat ctx=0..163:163 prefill chunk 55/163 (33.7%) chunk=22.61 t/s avg=23.38 t/s 2.353s
0823 22:40:23 ds4-server: chat ctx=0..163:163 prefill chunk 56/163 (34.4%) chunk=23.61 t/s avg=23.38 t/s 2.395s
0823 22:40:23 ds4-server: chat ctx=0..163:163 prefill chunk 57/163 (35.0%) chunk=23.73 t/s avg=23.39 t/s 2.437s
0823 22:40:23 ds4-server: chat ctx=0..163:163 prefill chunk 58/163 (35.6%) chunk=22.44 t/s avg=23.37 t/s 2.482s
0823 22:40:23 ds4-server: chat ctx=0..163:163 prefill chunk 59/163 (36.2%) chunk=23.36 t/s avg=23.37 t/s 2.525s
0823 22:40:23 ds4-server: chat ctx=0..163:163 prefill chunk 60/163 (36.8%) chunk=23.62 t/s avg=23.37 t/s 2.567s
0823 22:40:23 ds4-server: chat ctx=0..163:163 prefill chunk 61/163 (37.4%) chunk=23.40 t/s avg=23.37 t/s 2.610s
0823 22:40:23 ds4-server: chat ctx=0..163:163 prefill chunk 62/163 (38.0%) chunk=22.61 t/s avg=23.36 t/s 2.654s
0823 22:40:23 ds4-server: chat ctx=0..163:163 prefill chunk 63/163 (38.7%) chunk=23.77 t/s avg=23.37 t/s 2.696s
0823 22:40:23 ds4-server: chat ctx=0..163:163 prefill chunk 64/163 (39.3%) chunk=23.66 t/s avg=23.37 t/s 2.738s
0823 22:40:23 ds4-server: chat ctx=0..163:163 prefill chunk 65/163 (39.9%) chunk=22.87 t/s avg=23.36 t/s 2.782s
0823 22:40:23 ds4-server: chat ctx=0..163:163 prefill chunk 66/163 (40.5%) chunk=23.17 t/s avg=23.36 t/s 2.825s
0823 22:40:23 ds4-server: chat ctx=0..163:163 prefill chunk 67/163 (41.1%) chunk=23.84 t/s avg=23.37 t/s 2.867s
0823 22:40:23 ds4-server: chat ctx=0..163:163 prefill chunk 68/163 (41.7%) chunk=23.45 t/s avg=23.37 t/s 2.910s
0823 22:40:23 ds4-server: chat ctx=0..163:163 prefill chunk 69/163 (42.3%) chunk=22.80 t/s avg=23.36 t/s 2.954s
0823 22:40:24 ds4-server: chat ctx=0..163:163 prefill chunk 70/163 (42.9%) chunk=23.53 t/s avg=23.36 t/s 2.996s
0823 22:40:24 ds4-server: chat ctx=0..163:163 prefill chunk 71/163 (43.6%) chunk=23.81 t/s avg=23.37 t/s 3.038s
0823 22:40:24 ds4-server: chat ctx=0..163:163 prefill chunk 72/163 (44.2%) chunk=22.79 t/s avg=23.36 t/s 3.082s
0823 22:40:24 ds4-server: chat ctx=0..163:163 prefill chunk 73/163 (44.8%) chunk=23.44 t/s avg=23.36 t/s 3.125s
0823 22:40:24 ds4-server: chat ctx=0..163:163 prefill chunk 74/163 (45.4%) chunk=23.63 t/s avg=23.37 t/s 3.167s
0823 22:40:24 ds4-server: chat ctx=0..163:163 prefill chunk 75/163 (46.0%) chunk=23.57 t/s avg=23.37 t/s 3.210s
0823 22:40:24 ds4-server: chat ctx=0..163:163 prefill chunk 76/163 (46.6%) chunk=22.44 t/s avg=23.36 t/s 3.254s
0823 22:40:24 ds4-server: chat ctx=0..163:163 prefill chunk 77/163 (47.2%) chunk=23.73 t/s avg=23.36 t/s 3.296s
0823 22:40:24 ds4-server: chat ctx=0..163:163 prefill chunk 78/163 (47.9%) chunk=23.65 t/s avg=23.36 t/s 3.339s
0823 22:40:24 ds4-server: chat ctx=0..163:163 prefill chunk 79/163 (48.5%) chunk=22.57 t/s avg=23.35 t/s 3.383s
0823 22:40:24 ds4-server: chat ctx=0..163:163 prefill chunk 80/163 (49.1%) chunk=23.70 t/s avg=23.36 t/s 3.425s
0823 22:40:24 ds4-server: chat ctx=0..163:163 prefill chunk 81/163 (49.7%) chunk=23.64 t/s avg=23.36 t/s 3.467s
0823 22:40:24 ds4-server: chat ctx=0..163:163 prefill chunk 82/163 (50.3%) chunk=23.61 t/s avg=23.36 t/s 3.510s
0823 22:40:24 ds4-server: chat ctx=0..163:163 prefill chunk 83/163 (50.9%) chunk=22.51 t/s avg=23.35 t/s 3.554s
0823 22:40:24 ds4-server: chat ctx=0..163:163 prefill chunk 84/163 (51.5%) chunk=23.73 t/s avg=23.36 t/s 3.596s
0823 22:40:24 ds4-server: chat ctx=0..163:163 prefill chunk 85/163 (52.1%) chunk=23.70 t/s avg=23.36 t/s 3.638s
0823 22:40:24 ds4-server: chat ctx=0..163:163 prefill chunk 86/163 (52.8%) chunk=22.57 t/s avg=23.35 t/s 3.683s
0823 22:40:24 ds4-server: chat ctx=0..163:163 prefill chunk 87/163 (53.4%) chunk=23.34 t/s avg=23.35 t/s 3.726s
0823 22:40:24 ds4-server: chat ctx=0..163:163 prefill chunk 88/163 (54.0%) chunk=23.71 t/s avg=23.36 t/s 3.768s
0823 22:40:24 ds4-server: chat ctx=0..163:163 prefill chunk 89/163 (54.6%) chunk=23.65 t/s avg=23.36 t/s 3.810s
0823 22:40:24 ds4-server: chat ctx=0..163:163 prefill chunk 90/163 (55.2%) chunk=22.53 t/s avg=23.35 t/s 3.854s
0823 22:40:24 ds4-server: chat ctx=0..163:163 prefill chunk 91/163 (55.8%) chunk=23.63 t/s avg=23.35 t/s 3.897s
0823 22:40:24 ds4-server: chat ctx=0..163:163 prefill chunk 92/163 (56.4%) chunk=23.72 t/s avg=23.36 t/s 3.939s
0823 22:40:25 ds4-server: chat ctx=0..163:163 prefill chunk 93/163 (57.1%) chunk=22.68 t/s avg=23.35 t/s 3.983s
0823 22:40:25 ds4-server: chat ctx=0..163:163 prefill chunk 94/163 (57.7%) chunk=23.63 t/s avg=23.35 t/s 4.025s
0823 22:40:25 ds4-server: chat ctx=0..163:163 prefill chunk 95/163 (58.3%) chunk=23.73 t/s avg=23.36 t/s 4.067s
0823 22:40:25 ds4-server: chat ctx=0..163:163 prefill chunk 96/163 (58.9%) chunk=23.38 t/s avg=23.36 t/s 4.110s
0823 22:40:25 ds4-server: chat ctx=0..163:163 prefill chunk 97/163 (59.5%) chunk=22.56 t/s avg=23.35 t/s 4.155s
0823 22:40:25 ds4-server: chat ctx=0..163:163 prefill chunk 98/163 (60.1%) chunk=23.56 t/s avg=23.35 t/s 4.197s
0823 22:40:25 ds4-server: chat ctx=0..163:163 prefill chunk 99/163 (60.7%) chunk=23.69 t/s avg=23.35 t/s 4.239s
0823 22:40:25 ds4-server: chat ctx=0..163:163 prefill chunk 100/163 (61.3%) chunk=22.67 t/s avg=23.35 t/s 4.283s
0823 22:40:25 ds4-server: chat ctx=0..163:163 prefill chunk 101/163 (62.0%) chunk=23.49 t/s avg=23.35 t/s 4.326s
0823 22:40:25 ds4-server: chat ctx=0..163:163 prefill chunk 102/163 (62.6%) chunk=23.77 t/s avg=23.35 t/s 4.368s
0823 22:40:25 ds4-server: chat ctx=0..163:163 prefill chunk 103/163 (63.2%) chunk=23.69 t/s avg=23.35 t/s 4.410s
0823 22:40:25 ds4-server: chat ctx=0..163:163 prefill chunk 104/163 (63.8%) chunk=22.62 t/s avg=23.35 t/s 4.454s
0823 22:40:25 ds4-server: chat ctx=0..163:163 prefill chunk 105/163 (64.4%) chunk=23.84 t/s avg=23.35 t/s 4.496s
0823 22:40:25 ds4-server: chat ctx=0..163:163 prefill chunk 106/163 (65.0%) chunk=23.65 t/s avg=23.36 t/s 4.539s
0823 22:40:25 ds4-server: chat ctx=0..163:163 prefill chunk 107/163 (65.6%) chunk=22.40 t/s avg=23.35 t/s 4.583s
0823 22:40:25 ds4-server: chat ctx=0..163:163 prefill chunk 108/163 (66.3%) chunk=23.48 t/s avg=23.35 t/s 4.626s
0823 22:40:25 ds4-server: chat ctx=0..163:163 prefill chunk 109/163 (66.9%) chunk=23.63 t/s avg=23.35 t/s 4.668s
0823 22:40:25 ds4-server: chat ctx=0..163:163 prefill chunk 110/163 (67.5%) chunk=23.45 t/s avg=23.35 t/s 4.711s
0823 22:40:25 ds4-server: chat ctx=0..163:163 prefill chunk 111/163 (68.1%) chunk=22.58 t/s avg=23.34 t/s 4.755s
0823 22:40:25 ds4-server: chat ctx=0..163:163 prefill chunk 112/163 (68.7%) chunk=23.72 t/s avg=23.35 t/s 4.797s
0823 22:40:25 ds4-server: chat ctx=0..163:163 prefill chunk 113/163 (69.3%) chunk=23.54 t/s avg=23.35 t/s 4.840s
0823 22:40:25 ds4-server: chat ctx=0..163:163 prefill chunk 114/163 (69.9%) chunk=22.79 t/s avg=23.34 t/s 4.884s
0823 22:40:25 ds4-server: chat ctx=0..163:163 prefill chunk 115/163 (70.6%) chunk=23.16 t/s avg=23.34 t/s 4.927s
0823 22:40:25 ds4-server: chat ctx=0..163:163 prefill chunk 116/163 (71.2%) chunk=23.44 t/s avg=23.34 t/s 4.969s
0823 22:40:26 ds4-server: chat ctx=0..163:163 prefill chunk 117/163 (71.8%) chunk=23.09 t/s avg=23.34 t/s 5.013s
0823 22:40:26 ds4-server: chat ctx=0..163:163 prefill chunk 118/163 (72.4%) chunk=22.96 t/s avg=23.34 t/s 5.056s
0823 22:40:26 ds4-server: chat ctx=0..163:163 prefill chunk 119/163 (73.0%) chunk=23.76 t/s avg=23.34 t/s 5.098s
0823 22:40:26 ds4-server: chat ctx=0..163:163 prefill chunk 120/163 (73.6%) chunk=23.34 t/s avg=23.34 t/s 5.141s
0823 22:40:26 ds4-server: chat ctx=0..163:163 prefill chunk 121/163 (74.2%) chunk=22.57 t/s avg=23.33 t/s 5.186s
0823 22:40:26 ds4-server: chat ctx=0..163:163 prefill chunk 122/163 (74.8%) chunk=23.54 t/s avg=23.34 t/s 5.228s
0823 22:40:26 ds4-server: chat ctx=0..163:163 prefill chunk 123/163 (75.5%) chunk=23.72 t/s avg=23.34 t/s 5.270s
0823 22:40:26 ds4-server: chat ctx=0..163:163 prefill chunk 124/163 (76.1%) chunk=23.02 t/s avg=23.34 t/s 5.314s
0823 22:40:26 ds4-server: chat ctx=0..163:163 prefill chunk 125/163 (76.7%) chunk=22.89 t/s avg=23.33 t/s 5.357s
0823 22:40:26 ds4-server: chat ctx=0..163:163 prefill chunk 126/163 (77.3%) chunk=23.50 t/s avg=23.33 t/s 5.400s
0823 22:40:26 ds4-server: chat ctx=0..163:163 prefill chunk 127/163 (77.9%) chunk=23.46 t/s avg=23.33 t/s 5.443s
0823 22:40:26 ds4-server: chat ctx=0..163:163 prefill chunk 128/163 (78.5%) chunk=22.40 t/s avg=23.33 t/s 5.487s
0823 22:40:26 ds4-server: chat ctx=0..163:163 prefill chunk 129/163 (79.1%) chunk=23.53 t/s avg=23.33 t/s 5.530s
0823 22:40:26 ds4-server: chat ctx=0..163:163 prefill chunk 130/163 (79.8%) chunk=23.37 t/s avg=23.33 t/s 5.572s
0823 22:40:26 ds4-server: chat ctx=0..163:163 prefill chunk 131/163 (80.4%) chunk=22.53 t/s avg=23.32 t/s 5.617s
0823 22:40:26 ds4-server: chat ctx=0..163:163 prefill chunk 132/163 (81.0%) chunk=23.22 t/s avg=23.32 t/s 5.660s
0823 22:40:26 ds4-server: chat ctx=0..163:163 prefill chunk 133/163 (81.6%) chunk=23.59 t/s avg=23.32 t/s 5.702s
0823 22:40:26 ds4-server: chat ctx=0..163:163 prefill chunk 134/163 (82.2%) chunk=22.87 t/s avg=23.32 t/s 5.746s
0823 22:40:26 ds4-server: chat ctx=0..163:163 prefill chunk 135/163 (82.8%) chunk=22.70 t/s avg=23.32 t/s 5.790s
0823 22:40:26 ds4-server: chat ctx=0..163:163 prefill chunk 136/163 (83.4%) chunk=23.78 t/s avg=23.32 t/s 5.832s
0823 22:40:26 ds4-server: chat ctx=0..163:163 prefill chunk 137/163 (84.0%) chunk=23.41 t/s avg=23.32 t/s 5.875s
0823 22:40:26 ds4-server: chat ctx=0..163:163 prefill chunk 138/163 (84.7%) chunk=22.39 t/s avg=23.31 t/s 5.919s
0823 22:40:26 ds4-server: chat ctx=0..163:163 prefill chunk 139/163 (85.3%) chunk=23.46 t/s avg=23.31 t/s 5.962s
0823 22:40:27 ds4-server: chat ctx=0..163:163 prefill chunk 140/163 (85.9%) chunk=23.53 t/s avg=23.32 t/s 6.005s
0823 22:40:27 ds4-server: chat ctx=0..163:163 prefill chunk 141/163 (86.5%) chunk=22.38 t/s avg=23.31 t/s 6.049s
0823 22:40:27 ds4-server: chat ctx=0..163:163 prefill chunk 142/163 (87.1%) chunk=23.13 t/s avg=23.31 t/s 6.093s
0823 22:40:27 ds4-server: chat ctx=0..163:163 prefill chunk 143/163 (87.7%) chunk=23.52 t/s avg=23.31 t/s 6.135s
0823 22:40:27 ds4-server: chat ctx=0..163:163 prefill chunk 144/163 (88.3%) chunk=22.87 t/s avg=23.31 t/s 6.179s
0823 22:40:27 ds4-server: chat ctx=0..163:163 prefill chunk 145/163 (89.0%) chunk=22.89 t/s avg=23.30 t/s 6.222s
0823 22:40:27 ds4-server: chat ctx=0..163:163 prefill chunk 146/163 (89.6%) chunk=23.44 t/s avg=23.30 t/s 6.265s
0823 22:40:27 ds4-server: chat ctx=0..163:163 prefill chunk 147/163 (90.2%) chunk=23.32 t/s avg=23.30 t/s 6.308s
0823 22:40:27 ds4-server: chat ctx=0..163:163 prefill chunk 148/163 (90.8%) chunk=22.68 t/s avg=23.30 t/s 6.352s
0823 22:40:27 ds4-server: chat ctx=0..163:163 prefill chunk 149/163 (91.4%) chunk=23.43 t/s avg=23.30 t/s 6.395s
0823 22:40:27 ds4-server: chat ctx=0..163:163 prefill chunk 150/163 (92.0%) chunk=23.40 t/s avg=23.30 t/s 6.437s
0823 22:40:27 ds4-server: chat ctx=0..163:163 prefill chunk 151/163 (92.6%) chunk=22.95 t/s avg=23.30 t/s 6.481s
0823 22:40:27 ds4-server: chat ctx=0..163:163 prefill chunk 152/163 (93.3%) chunk=22.86 t/s avg=23.30 t/s 6.525s
0823 22:40:27 ds4-server: chat ctx=0..163:163 prefill chunk 153/163 (93.9%) chunk=23.49 t/s avg=23.30 t/s 6.567s
0823 22:40:27 ds4-server: chat ctx=0..163:163 prefill chunk 154/163 (94.5%) chunk=23.39 t/s avg=23.30 t/s 6.610s
0823 22:40:27 ds4-server: chat ctx=0..163:163 prefill chunk 155/163 (95.1%) chunk=22.38 t/s avg=23.29 t/s 6.655s
0823 22:40:27 ds4-server: chat ctx=0..163:163 prefill chunk 156/163 (95.7%) chunk=23.44 t/s avg=23.29 t/s 6.697s
0823 22:40:27 ds4-server: chat ctx=0..163:163 prefill chunk 157/163 (96.3%) chunk=23.31 t/s avg=23.29 t/s 6.740s
0823 22:40:27 ds4-server: chat ctx=0..163:163 prefill chunk 158/163 (96.9%) chunk=22.66 t/s avg=23.29 t/s 6.784s
0823 22:40:27 ds4-server: chat ctx=0..163:163 prefill chunk 159/163 (97.5%) chunk=23.46 t/s avg=23.29 t/s 6.827s
0823 22:40:27 ds4-server: chat ctx=0..163:163 prefill chunk 160/163 (98.2%) chunk=23.39 t/s avg=23.29 t/s 6.870s
0823 22:40:27 ds4-server: chat ctx=0..163:163 prefill chunk 161/163 (98.8%) chunk=22.26 t/s avg=23.28 t/s 6.915s
0823 22:40:27 ds4-server: chat ctx=0..163:163 prefill chunk 162/163 (99.4%) chunk=23.27 t/s avg=23.28 t/s 6.958s
0823 22:40:28 ds4-server: chat ctx=0..163:163 prefill chunk 163/163 (100.0%) chunk=23.56 t/s avg=23.29 t/s 7.000s
0823 22:40:28 ds4-server: chat ctx=0..163:163 prompt done 7.000s
0823 22:40:30 ds4-server: chat ctx=163..213:50 gen=50 THINKING decoding chunk=22.96 t/s avg=22.96 t/s 2.178s
0823 22:40:32 ds4-server: chat ctx=213..263:50 gen=100 THINKING decoding chunk=22.81 t/s avg=22.88 t/s 4.370s
0823 22:40:34 ds4-server: chat ctx=263..313:50 gen=150 THINKING decoding chunk=22.64 t/s avg=22.80 t/s 6.579s
0823 22:40:36 ds4-server: chat ctx=313..363:50 gen=200 THINKING decoding chunk=22.49 t/s avg=22.72 t/s 8.802s
0823 22:40:39 ds4-server: chat ctx=363..413:50 gen=250 THINKING decoding chunk=22.41 t/s avg=22.66 t/s 11.033s
0823 22:40:41 ds4-server: chat ctx=413..463:50 gen=300 THINKING decoding chunk=22.18 t/s avg=22.58 t/s 13.287s
0823 22:40:43 ds4-server: chat ctx=463..513:50 gen=350 THINKING decoding chunk=22.05 t/s avg=22.50 t/s 15.555s
0823 22:40:45 ds4-server: chat ctx=513..563:50 gen=400 THINKING decoding chunk=21.95 t/s avg=22.43 t/s 17.833s
0823 22:40:48 ds4-server: chat ctx=563..613:50 gen=450 THINKING decoding chunk=21.77 t/s avg=22.36 t/s 20.129s
0823 22:40:50 ds4-server: chat ctx=613..663:50 gen=500 THINKING decoding chunk=21.65 t/s avg=22.28 t/s 22.438s
0823 22:40:52 ds4-server: chat ctx=663..713:50 gen=550 THINKING decoding chunk=21.51 t/s avg=22.21 t/s 24.763s
0823 22:40:55 ds4-server: chat ctx=713..763:50 gen=600 THINKING decoding chunk=21.37 t/s avg=22.14 t/s 27.102s
0823 22:40:57 ds4-server: chat ctx=763..813:50 gen=650 THINKING decoding chunk=21.22 t/s avg=22.07 t/s 29.458s
0823 22:40:59 ds4-server: chat ctx=813..863:50 gen=700 THINKING decoding chunk=21.09 t/s avg=21.99 t/s 31.829s
0823 22:41:02 ds4-server: chat ctx=863..913:50 gen=750 THINKING decoding chunk=20.94 t/s avg=21.92 t/s 34.217s
0823 22:41:04 ds4-server: chat ctx=913..963:50 gen=800 THINKING decoding chunk=20.85 t/s avg=21.85 t/s 36.615s
0823 22:41:07 ds4-server: chat ctx=963..1013:50 gen=850 THINKING decoding chunk=20.73 t/s avg=21.78 t/s 39.026s
0823 22:41:09 ds4-server: chat ctx=1013..1063:50 gen=900 THINKING decoding chunk=20.62 t/s avg=21.71 t/s 41.451s
0823 22:41:11 ds4-server: chat ctx=1063..1113:50 gen=950 THINKING decoding chunk=20.48 t/s avg=21.64 t/s 43.892s
0823 22:41:14 ds4-server: chat ctx=1113..1163:50 gen=1000 THINKING decoding chunk=20.39 t/s avg=21.58 t/s 46.344s
0823 22:41:16 ds4-server: chat ctx=1163..1213:50 gen=1050 THINKING decoding chunk=20.22 t/s avg=21.51 t/s 48.817s
0823 22:41:19 ds4-server: chat ctx=1213..1263:50 gen=1100 THINKING decoding chunk=20.13 t/s avg=21.44 t/s 51.301s
0823 22:41:21 ds4-server: chat ctx=1263..1313:50 gen=1150 THINKING decoding chunk=20.00 t/s avg=21.38 t/s 53.800s
0823 22:41:24 ds4-server: chat ctx=1313..1363:50 gen=1200 THINKING decoding chunk=19.88 t/s avg=21.31 t/s 56.315s
0823 22:41:26 ds4-server: chat ctx=1363..1413:50 gen=1250 THINKING decoding chunk=19.79 t/s avg=21.24 t/s 58.842s
0823 22:41:29 ds4-server: chat ctx=1413..1463:50 gen=1300 THINKING decoding chunk=19.64 t/s avg=21.18 t/s 61.388s
0823 22:41:31 ds4-server: chat ctx=1463..1513:50 gen=1350 THINKING decoding chunk=19.60 t/s avg=21.11 t/s 63.939s
0823 22:41:34 ds4-server: chat ctx=1513..1563:50 gen=1400 THINKING decoding chunk=19.44 t/s avg=21.05 t/s 66.511s
0823 22:41:37 ds4-server: chat ctx=1563..1613:50 gen=1450 THINKING decoding chunk=19.34 t/s avg=20.99 t/s 69.096s
0823 22:41:39 ds4-server: chat ctx=1613..1663:50 gen=1500 THINKING decoding chunk=19.25 t/s avg=20.92 t/s 71.694s
0823 22:41:42 ds4-server: chat ctx=1663..1713:50 gen=1550 THINKING decoding chunk=19.11 t/s avg=20.86 t/s 74.311s
0823 22:41:44 ds4-server: chat ctx=1713..1763:50 gen=1600 THINKING decoding chunk=19.04 t/s avg=20.80 t/s 76.937s
0823 22:41:47 ds4-server: chat ctx=1763..1813:50 gen=1650 THINKING decoding chunk=18.97 t/s avg=20.74 t/s 79.574s
0823 22:41:50 ds4-server: chat ctx=1813..1863:50 gen=1700 THINKING decoding chunk=18.83 t/s avg=20.67 t/s 82.229s
0823 22:41:52 ds4-server: chat ctx=1863..1913:50 gen=1750 THINKING decoding chunk=18.74 t/s avg=20.61 t/s 84.898s
0823 22:41:55 ds4-server: chat ctx=1913..1963:50 gen=1800 THINKING decoding chunk=18.63 t/s avg=20.55 t/s 87.582s
0823 22:41:58 ds4-server: chat ctx=1963..2013:50 gen=1850 decoding chunk=18.53 t/s avg=20.49 t/s 90.280s
0823 22:42:01 ds4-server: chat ctx=2013..2063:50 gen=1900 decoding chunk=18.42 t/s avg=20.43 t/s 92.994s
0823 22:42:03 ds4-server: chat ctx=2063..2113:50 gen=1950 decoding chunk=18.27 t/s avg=20.37 t/s 95.730s
0823 22:42:06 ds4-server: chat ctx=2113..2163:50 gen=2000 decoding chunk=18.23 t/s avg=20.31 t/s 98.473s
0823 22:42:09 ds4-server: chat ctx=2163..2213:50 gen=2050 decoding chunk=18.11 t/s avg=20.25 t/s 101.235s
0823 22:42:12 ds4-server: chat ctx=2213..2263:50 gen=2100 decoding chunk=18.02 t/s avg=20.19 t/s 104.009s
0823 22:42:14 ds4-server: chat ctx=2263..2313:50 gen=2150 decoding chunk=17.96 t/s avg=20.13 t/s 106.793s
0823 22:42:17 ds4-server: chat ctx=2313..2363:50 gen=2200 decoding chunk=17.84 t/s avg=20.07 t/s 109.596s
0823 22:42:18 ds4-server: chat ctx=2363..2384:21 gen=2221 decoding chunk=17.78 t/s avg=20.05 t/s 110.777s
0823 22:42:18 ds4-server: thinking live checkpoint remembered ctx=0..163:163 live=2384 visible=2566
0823 22:42:18 ds4-server: chat ctx=0..163:163 gen=2221 finish=stop 117.778s
0823 22:42:18 ds4-server: live kv cache miss live=2384 prompt=115 common=56 reason=token-mismatch
0823 22:42:18 ds4-server: chat ctx=0..115:115 prompt start
0823 22:42:18 ds4-server: chat ctx=0..115:115 prefill chunk 1/115 (0.9%) chunk=0.00 t/s avg=23.12 t/s 0.043s
0823 22:42:18 ds4-server: chat ctx=0..115:115 prefill chunk 2/115 (1.7%) chunk=23.80 t/s avg=23.45 t/s 0.085s
0823 22:42:18 ds4-server: chat ctx=0..115:115 prefill chunk 3/115 (2.6%) chunk=23.72 t/s avg=23.54 t/s 0.127s
0823 22:42:18 ds4-server: chat ctx=0..115:115 prefill chunk 4/115 (3.5%) chunk=22.97 t/s avg=23.40 t/s 0.171s
0823 22:42:19 ds4-server: chat ctx=0..115:115 prefill chunk 5/115 (4.3%) chunk=23.82 t/s avg=23.48 t/s 0.213s
0823 22:42:19 ds4-server: chat ctx=0..115:115 prefill chunk 6/115 (5.2%) chunk=24.10 t/s avg=23.58 t/s 0.254s
0823 22:42:19 ds4-server: chat ctx=0..115:115 prefill chunk 7/115 (6.1%) chunk=24.01 t/s avg=23.64 t/s 0.296s
0823 22:42:19 ds4-server: chat ctx=0..115:115 prefill chunk 8/115 (7.0%) chunk=22.86 t/s avg=23.54 t/s 0.340s
0823 22:42:19 ds4-server: chat ctx=0..115:115 prefill chunk 9/115 (7.8%) chunk=23.97 t/s avg=23.59 t/s 0.382s
0823 22:42:19 ds4-server: chat ctx=0..115:115 prefill chunk 10/115 (8.7%) chunk=24.07 t/s avg=23.63 t/s 0.423s
0823 22:42:19 ds4-server: chat ctx=0..115:115 prefill chunk 11/115 (9.6%) chunk=23.33 t/s avg=23.61 t/s 0.466s
0823 22:42:19 ds4-server: chat ctx=0..115:115 prefill chunk 12/115 (10.4%) chunk=23.13 t/s avg=23.57 t/s 0.509s
0823 22:42:19 ds4-server: chat ctx=0..115:115 prefill chunk 13/115 (11.3%) chunk=23.95 t/s avg=23.59 t/s 0.551s
0823 22:42:19 ds4-server: chat ctx=0..115:115 prefill chunk 14/115 (12.2%) chunk=23.69 t/s avg=23.60 t/s 0.593s
0823 22:42:19 ds4-server: chat ctx=0..115:115 prefill chunk 15/115 (13.0%) chunk=22.85 t/s avg=23.55 t/s 0.637s
0823 22:42:19 ds4-server: chat ctx=0..115:115 prefill chunk 16/115 (13.9%) chunk=23.61 t/s avg=23.55 t/s 0.679s
0823 22:42:19 ds4-server: chat ctx=0..115:115 prefill chunk 17/115 (14.8%) chunk=23.97 t/s avg=23.58 t/s 0.721s
0823 22:42:19 ds4-server: chat ctx=0..115:115 prefill chunk 18/115 (15.7%) chunk=23.84 t/s avg=23.59 t/s 0.763s
0823 22:42:19 ds4-server: chat ctx=0..115:115 prefill chunk 19/115 (16.5%) chunk=22.66 t/s avg=23.54 t/s 0.807s
0823 22:42:19 ds4-server: chat ctx=0..115:115 prefill chunk 20/115 (17.4%) chunk=23.83 t/s avg=23.56 t/s 0.849s
0823 22:42:19 ds4-server: chat ctx=0..115:115 prefill chunk 21/115 (18.3%) chunk=23.82 t/s avg=23.57 t/s 0.891s
0823 22:42:19 ds4-server: chat ctx=0..115:115 prefill chunk 22/115 (19.1%) chunk=22.74 t/s avg=23.53 t/s 0.935s
0823 22:42:19 ds4-server: chat ctx=0..115:115 prefill chunk 23/115 (20.0%) chunk=23.61 t/s avg=23.53 t/s 0.977s
0823 22:42:19 ds4-server: chat ctx=0..115:115 prefill chunk 24/115 (20.9%) chunk=23.90 t/s avg=23.55 t/s 1.019s
0823 22:42:19 ds4-server: chat ctx=0..115:115 prefill chunk 25/115 (21.7%) chunk=23.65 t/s avg=23.55 t/s 1.061s
0823 22:42:19 ds4-server: chat ctx=0..115:115 prefill chunk 26/115 (22.6%) chunk=22.97 t/s avg=23.53 t/s 1.105s
0823 22:42:19 ds4-server: chat ctx=0..115:115 prefill chunk 27/115 (23.5%) chunk=23.66 t/s avg=23.53 t/s 1.147s
0823 22:42:19 ds4-server: chat ctx=0..115:115 prefill chunk 28/115 (24.3%) chunk=23.95 t/s avg=23.55 t/s 1.189s
0823 22:42:20 ds4-server: chat ctx=0..115:115 prefill chunk 29/115 (25.2%) chunk=23.81 t/s avg=23.56 t/s 1.231s
0823 22:42:20 ds4-server: chat ctx=0..115:115 prefill chunk 30/115 (26.1%) chunk=22.89 t/s avg=23.53 t/s 1.275s
0823 22:42:20 ds4-server: chat ctx=0..115:115 prefill chunk 31/115 (27.0%) chunk=23.86 t/s avg=23.55 t/s 1.317s
0823 22:42:20 ds4-server: chat ctx=0..115:115 prefill chunk 32/115 (27.8%) chunk=23.88 t/s avg=23.56 t/s 1.358s
0823 22:42:20 ds4-server: chat ctx=0..115:115 prefill chunk 33/115 (28.7%) chunk=22.61 t/s avg=23.53 t/s 1.403s
0823 22:42:20 ds4-server: chat ctx=0..115:115 prefill chunk 34/115 (29.6%) chunk=23.84 t/s avg=23.53 t/s 1.445s
0823 22:42:20 ds4-server: chat ctx=0..115:115 prefill chunk 35/115 (30.4%) chunk=23.89 t/s avg=23.54 t/s 1.487s
0823 22:42:20 ds4-server: chat ctx=0..115:115 prefill chunk 36/115 (31.3%) chunk=23.57 t/s avg=23.55 t/s 1.529s
0823 22:42:20 ds4-server: chat ctx=0..115:115 prefill chunk 37/115 (32.2%) chunk=22.78 t/s avg=23.52 t/s 1.573s
0823 22:42:20 ds4-server: chat ctx=0..115:115 prefill chunk 38/115 (33.0%) chunk=23.75 t/s avg=23.53 t/s 1.615s
0823 22:42:20 ds4-server: chat ctx=0..115:115 prefill chunk 39/115 (33.9%) chunk=23.75 t/s avg=23.54 t/s 1.657s
0823 22:42:20 ds4-server: chat ctx=0..115:115 prefill chunk 40/115 (34.8%) chunk=23.10 t/s avg=23.52 t/s 1.700s
0823 22:42:20 ds4-server: chat ctx=0..115:115 prefill chunk 41/115 (35.7%) chunk=23.08 t/s avg=23.51 t/s 1.744s
0823 22:42:20 ds4-server: chat ctx=0..115:115 prefill chunk 42/115 (36.5%) chunk=23.83 t/s avg=23.52 t/s 1.786s
0823 22:42:20 ds4-server: chat ctx=0..115:115 prefill chunk 43/115 (37.4%) chunk=23.51 t/s avg=23.52 t/s 1.828s
0823 22:42:20 ds4-server: chat ctx=0..115:115 prefill chunk 44/115 (38.3%) chunk=22.83 t/s avg=23.50 t/s 1.872s
0823 22:42:20 ds4-server: chat ctx=0..115:115 prefill chunk 45/115 (39.1%) chunk=23.57 t/s avg=23.51 t/s 1.914s
0823 22:42:20 ds4-server: chat ctx=0..115:115 prefill chunk 46/115 (40.0%) chunk=23.80 t/s avg=23.51 t/s 1.956s
0823 22:42:20 ds4-server: chat ctx=0..115:115 prefill chunk 47/115 (40.9%) chunk=23.09 t/s avg=23.50 t/s 2.000s
0823 22:42:20 ds4-server: chat ctx=0..115:115 prefill chunk 48/115 (41.7%) chunk=23.06 t/s avg=23.49 t/s 2.043s
0823 22:42:20 ds4-server: chat ctx=0..115:115 prefill chunk 49/115 (42.6%) chunk=23.71 t/s avg=23.50 t/s 2.085s
0823 22:42:20 ds4-server: chat ctx=0..115:115 prefill chunk 50/115 (43.5%) chunk=23.50 t/s avg=23.50 t/s 2.128s
0823 22:42:20 ds4-server: chat ctx=0..115:115 prefill chunk 51/115 (44.3%) chunk=22.97 t/s avg=23.49 t/s 2.171s
0823 22:42:21 ds4-server: chat ctx=0..115:115 prefill chunk 52/115 (45.2%) chunk=23.53 t/s avg=23.49 t/s 2.214s
0823 22:42:21 ds4-server: chat ctx=0..115:115 prefill chunk 53/115 (46.1%) chunk=23.98 t/s avg=23.50 t/s 2.256s
0823 22:42:21 ds4-server: chat ctx=0..115:115 prefill chunk 54/115 (47.0%) chunk=23.67 t/s avg=23.50 t/s 2.298s
0823 22:42:21 ds4-server: chat ctx=0..115:115 prefill chunk 55/115 (47.8%) chunk=22.90 t/s avg=23.49 t/s 2.342s
0823 22:42:21 ds4-server: chat ctx=0..115:115 prefill chunk 56/115 (48.7%) chunk=23.76 t/s avg=23.49 t/s 2.384s
0823 22:42:21 ds4-server: chat ctx=0..115:115 prefill chunk 57/115 (49.6%) chunk=23.73 t/s avg=23.50 t/s 2.426s
0823 22:42:21 ds4-server: chat ctx=0..115:115 prefill chunk 58/115 (50.4%) chunk=22.66 t/s avg=23.48 t/s 2.470s
0823 22:42:21 ds4-server: chat ctx=0..115:115 prefill chunk 59/115 (51.3%) chunk=23.67 t/s avg=23.49 t/s 2.512s
0823 22:42:21 ds4-server: chat ctx=0..115:115 prefill chunk 60/115 (52.2%) chunk=23.61 t/s avg=23.49 t/s 2.554s
0823 22:42:21 ds4-server: chat ctx=0..115:115 prefill chunk 61/115 (53.0%) chunk=23.60 t/s avg=23.49 t/s 2.597s
0823 22:42:21 ds4-server: chat ctx=0..115:115 prefill chunk 62/115 (53.9%) chunk=22.53 t/s avg=23.47 t/s 2.641s
0823 22:42:21 ds4-server: chat ctx=0..115:115 prefill chunk 63/115 (54.8%) chunk=23.82 t/s avg=23.48 t/s 2.683s
0823 22:42:21 ds4-server: chat ctx=0..115:115 prefill chunk 64/115 (55.7%) chunk=23.81 t/s avg=23.48 t/s 2.725s
0823 22:42:21 ds4-server: chat ctx=0..115:115 prefill chunk 65/115 (56.5%) chunk=22.76 t/s avg=23.47 t/s 2.769s
0823 22:42:21 ds4-server: chat ctx=0..115:115 prefill chunk 66/115 (57.4%) chunk=23.53 t/s avg=23.47 t/s 2.812s
0823 22:42:21 ds4-server: chat ctx=0..115:115 prefill chunk 67/115 (58.3%) chunk=23.80 t/s avg=23.48 t/s 2.854s
0823 22:42:21 ds4-server: chat ctx=0..115:115 prefill chunk 68/115 (59.1%) chunk=23.72 t/s avg=23.48 t/s 2.896s
0823 22:42:21 ds4-server: chat ctx=0..115:115 prefill chunk 69/115 (60.0%) chunk=23.00 t/s avg=23.47 t/s 2.939s
0823 22:42:21 ds4-server: chat ctx=0..115:115 prefill chunk 70/115 (60.9%) chunk=23.77 t/s avg=23.48 t/s 2.981s
0823 22:42:21 ds4-server: chat ctx=0..115:115 prefill chunk 71/115 (61.7%) chunk=23.82 t/s avg=23.48 t/s 3.023s
0823 22:42:21 ds4-server: chat ctx=0..115:115 prefill chunk 72/115 (62.6%) chunk=23.13 t/s avg=23.48 t/s 3.067s
0823 22:42:21 ds4-server: chat ctx=0..115:115 prefill chunk 73/115 (63.5%) chunk=22.93 t/s avg=23.47 t/s 3.110s
0823 22:42:21 ds4-server: chat ctx=0..115:115 prefill chunk 74/115 (64.3%) chunk=23.78 t/s avg=23.48 t/s 3.152s
0823 22:42:22 ds4-server: chat ctx=0..115:115 prefill chunk 75/115 (65.2%) chunk=23.48 t/s avg=23.48 t/s 3.195s
0823 22:42:22 ds4-server: chat ctx=0..115:115 prefill chunk 76/115 (66.1%) chunk=22.84 t/s avg=23.47 t/s 3.239s
0823 22:42:22 ds4-server: chat ctx=0..115:115 prefill chunk 77/115 (67.0%) chunk=23.45 t/s avg=23.47 t/s 3.281s
0823 22:42:22 ds4-server: chat ctx=0..115:115 prefill chunk 78/115 (67.8%) chunk=23.56 t/s avg=23.47 t/s 3.324s
0823 22:42:22 ds4-server: chat ctx=0..115:115 prefill chunk 79/115 (68.7%) chunk=23.02 t/s avg=23.46 t/s 3.367s
0823 22:42:22 ds4-server: chat ctx=0..115:115 prefill chunk 80/115 (69.6%) chunk=22.88 t/s avg=23.45 t/s 3.411s
0823 22:42:22 ds4-server: chat ctx=0..115:115 prefill chunk 81/115 (70.4%) chunk=23.84 t/s avg=23.46 t/s 3.453s
0823 22:42:22 ds4-server: chat ctx=0..115:115 prefill chunk 82/115 (71.3%) chunk=23.32 t/s avg=23.46 t/s 3.496s
0823 22:42:22 ds4-server: chat ctx=0..115:115 prefill chunk 83/115 (72.2%) chunk=22.61 t/s avg=23.45 t/s 3.540s
0823 22:42:22 ds4-server: chat ctx=0..115:115 prefill chunk 84/115 (73.0%) chunk=23.72 t/s avg=23.45 t/s 3.582s
0823 22:42:22 ds4-server: chat ctx=0..115:115 prefill chunk 85/115 (73.9%) chunk=23.60 t/s avg=23.45 t/s 3.624s
0823 22:42:22 ds4-server: chat ctx=0..115:115 prefill chunk 86/115 (74.8%) chunk=22.57 t/s avg=23.44 t/s 3.669s
0823 22:42:22 ds4-server: chat ctx=0..115:115 prefill chunk 87/115 (75.7%) chunk=23.43 t/s avg=23.44 t/s 3.711s
0823 22:42:22 ds4-server: chat ctx=0..115:115 prefill chunk 88/115 (76.5%) chunk=23.76 t/s avg=23.44 t/s 3.754s
0823 22:42:22 ds4-server: chat ctx=0..115:115 prefill chunk 89/115 (77.4%) chunk=23.76 t/s avg=23.45 t/s 3.796s
0823 22:42:22 ds4-server: chat ctx=0..115:115 prefill chunk 90/115 (78.3%) chunk=22.40 t/s avg=23.44 t/s 3.840s
0823 22:42:22 ds4-server: chat ctx=0..115:115 prefill chunk 91/115 (79.1%) chunk=23.50 t/s avg=23.44 t/s 3.883s
0823 22:42:22 ds4-server: chat ctx=0..115:115 prefill chunk 92/115 (80.0%) chunk=23.61 t/s avg=23.44 t/s 3.925s
0823 22:42:22 ds4-server: chat ctx=0..115:115 prefill chunk 93/115 (80.9%) chunk=22.48 t/s avg=23.43 t/s 3.970s
0823 22:42:22 ds4-server: chat ctx=0..115:115 prefill chunk 94/115 (81.7%) chunk=23.21 t/s avg=23.43 t/s 4.013s
0823 22:42:22 ds4-server: chat ctx=0..115:115 prefill chunk 95/115 (82.6%) chunk=23.55 t/s avg=23.43 t/s 4.055s
0823 22:42:22 ds4-server: chat ctx=0..115:115 prefill chunk 96/115 (83.5%) chunk=23.42 t/s avg=23.43 t/s 4.098s
0823 22:42:22 ds4-server: chat ctx=0..115:115 prefill chunk 97/115 (84.3%) chunk=22.78 t/s avg=23.42 t/s 4.142s
0823 22:42:22 ds4-server: chat ctx=0..115:115 prefill chunk 98/115 (85.2%) chunk=23.83 t/s avg=23.42 t/s 4.184s
0823 22:42:23 ds4-server: chat ctx=0..115:115 prefill chunk 99/115 (86.1%) chunk=23.74 t/s avg=23.43 t/s 4.226s
0823 22:42:23 ds4-server: chat ctx=0..115:115 prefill chunk 100/115 (87.0%) chunk=22.66 t/s avg=23.42 t/s 4.270s
0823 22:42:23 ds4-server: chat ctx=0..115:115 prefill chunk 101/115 (87.8%) chunk=23.24 t/s avg=23.42 t/s 4.313s
0823 22:42:23 ds4-server: chat ctx=0..115:115 prefill chunk 102/115 (88.7%) chunk=23.77 t/s avg=23.42 t/s 4.355s
0823 22:42:23 ds4-server: chat ctx=0..115:115 prefill chunk 103/115 (89.6%) chunk=23.42 t/s avg=23.42 t/s 4.398s
0823 22:42:23 ds4-server: chat ctx=0..115:115 prefill chunk 104/115 (90.4%) chunk=22.58 t/s avg=23.41 t/s 4.442s
0823 22:42:23 ds4-server: chat ctx=0..115:115 prefill chunk 105/115 (91.3%) chunk=23.67 t/s avg=23.41 t/s 4.484s
0823 22:42:23 ds4-server: chat ctx=0..115:115 prefill chunk 106/115 (92.2%) chunk=23.36 t/s avg=23.41 t/s 4.527s
0823 22:42:23 ds4-server: chat ctx=0..115:115 prefill chunk 107/115 (93.0%) chunk=22.80 t/s avg=23.41 t/s 4.571s
0823 22:42:23 ds4-server: chat ctx=0..115:115 prefill chunk 108/115 (93.9%) chunk=23.54 t/s avg=23.41 t/s 4.613s
0823 22:42:23 ds4-server: chat ctx=0..115:115 prefill chunk 109/115 (94.8%) chunk=23.69 t/s avg=23.41 t/s 4.656s
0823 22:42:23 ds4-server: chat ctx=0..115:115 prefill chunk 110/115 (95.7%) chunk=23.60 t/s avg=23.41 t/s 4.698s
0823 22:42:23 ds4-server: chat ctx=0..115:115 prefill chunk 111/115 (96.5%) chunk=22.64 t/s avg=23.41 t/s 4.742s
0823 22:42:23 ds4-server: chat ctx=0..115:115 prefill chunk 112/115 (97.4%) chunk=23.76 t/s avg=23.41 t/s 4.784s
0823 22:42:23 ds4-server: chat ctx=0..115:115 prefill chunk 113/115 (98.3%) chunk=23.42 t/s avg=23.41 t/s 4.827s
0823 22:42:23 ds4-server: chat ctx=0..115:115 prefill chunk 114/115 (99.1%) chunk=22.69 t/s avg=23.40 t/s 4.871s
0823 22:42:23 ds4-server: chat ctx=0..115:115 prefill chunk 115/115 (100.0%) chunk=23.50 t/s avg=23.40 t/s 4.914s
0823 22:42:23 ds4-server: chat ctx=0..115:115 prompt done 4.914s
0823 22:42:25 ds4-server: chat ctx=115..165:50 gen=50 THINKING decoding chunk=23.13 t/s avg=23.13 t/s 2.162s
0823 22:42:28 ds4-server: chat ctx=165..215:50 gen=100 THINKING decoding chunk=23.00 t/s avg=23.06 t/s 4.336s
0823 22:42:30 ds4-server: chat ctx=215..265:50 gen=150 THINKING decoding chunk=22.81 t/s avg=22.98 t/s 6.528s
0823 22:42:32 ds4-server: chat ctx=265..315:50 gen=200 THINKING decoding chunk=22.65 t/s avg=22.90 t/s 8.735s
0823 22:42:34 ds4-server: chat ctx=315..365:50 gen=250 THINKING decoding chunk=22.50 t/s avg=22.81 t/s 10.958s
0823 22:42:36 ds4-server: chat ctx=365..415:50 gen=300 THINKING decoding chunk=22.32 t/s avg=22.73 t/s 13.199s
0823 22:42:39 ds4-server: chat ctx=415..465:50 gen=350 THINKING decoding chunk=22.22 t/s avg=22.65 t/s 15.449s
0823 22:42:41 ds4-server: chat ctx=465..515:50 gen=400 THINKING decoding chunk=22.19 t/s avg=22.60 t/s 17.702s
0823 22:42:43 ds4-server: chat ctx=515..565:50 gen=450 THINKING decoding chunk=21.93 t/s avg=22.52 t/s 19.982s
0823 22:42:46 ds4-server: chat ctx=565..615:50 gen=500 THINKING decoding chunk=21.77 t/s avg=22.44 t/s 22.279s
0823 22:42:48 ds4-server: chat ctx=615..665:50 gen=550 THINKING decoding chunk=21.67 t/s avg=22.37 t/s 24.586s
0823 22:42:50 ds4-server: chat ctx=665..715:50 gen=600 THINKING decoding chunk=21.52 t/s avg=22.30 t/s 26.909s
0823 22:42:52 ds4-server: chat ctx=715..765:50 gen=650 THINKING decoding chunk=21.36 t/s avg=22.22 t/s 29.250s
0823 22:42:55 ds4-server: chat ctx=765..815:50 gen=700 THINKING decoding chunk=21.21 t/s avg=22.15 t/s 31.607s
0823 22:42:57 ds4-server: chat ctx=815..865:50 gen=750 THINKING decoding chunk=21.11 t/s avg=22.07 t/s 33.976s
0823 22:43:00 ds4-server: chat ctx=865..915:50 gen=800 THINKING decoding chunk=20.96 t/s avg=22.00 t/s 36.362s
0823 22:43:02 ds4-server: chat ctx=915..965:50 gen=850 THINKING decoding chunk=20.83 t/s avg=21.93 t/s 38.762s
0823 22:43:04 ds4-server: chat ctx=965..1015:50 gen=900 THINKING decoding chunk=20.76 t/s avg=21.86 t/s 41.171s
0823 22:43:07 ds4-server: chat ctx=1015..1065:50 gen=950 THINKING decoding chunk=20.60 t/s avg=21.79 t/s 43.597s
0823 22:43:09 ds4-server: chat ctx=1065..1115:50 gen=1000 THINKING decoding chunk=20.48 t/s avg=21.72 t/s 46.039s
0823 22:43:12 ds4-server: chat ctx=1115..1165:50 gen=1050 THINKING decoding chunk=20.34 t/s avg=21.65 t/s 48.497s
0823 22:43:14 ds4-server: chat ctx=1165..1215:50 gen=1100 THINKING decoding chunk=20.25 t/s avg=21.58 t/s 50.966s
0823 22:43:17 ds4-server: chat ctx=1215..1265:50 gen=1150 THINKING decoding chunk=20.12 t/s avg=21.52 t/s 53.451s
0823 22:43:19 ds4-server: chat ctx=1265..1315:50 gen=1200 decoding chunk=20.02 t/s avg=21.45 t/s 55.949s
0823 22:43:22 ds4-server: chat ctx=1315..1365:50 gen=1250 decoding chunk=19.93 t/s avg=21.38 t/s 58.458s
0823 22:43:24 ds4-server: chat ctx=1365..1415:50 gen=1300 decoding chunk=19.75 t/s avg=21.32 t/s 60.989s
0823 22:43:24 ds4-server: chat ctx=1415..1420:5 gen=1305 decoding chunk=19.84 t/s avg=21.31 t/s 61.241s
0823 22:43:24 ds4-server: thinking live checkpoint remembered ctx=0..115:115 live=1420 visible=1092
0823 22:43:24 ds4-server: chat ctx=0..115:115 gen=1305 finish=stop 66.155s
0823 22:43:24 ds4-server: live kv cache miss live=1420 prompt=96 common=56 reason=token-mismatch
0823 22:43:24 ds4-server: chat ctx=0..96:96 prompt start
0823 22:43:25 ds4-server: chat ctx=0..96:96 prefill chunk 1/96 (1.0%) chunk=0.00 t/s avg=22.43 t/s 0.045s
0823 22:43:25 ds4-server: chat ctx=0..96:96 prefill chunk 2/96 (2.1%) chunk=23.59 t/s avg=23.00 t/s 0.087s
0823 22:43:25 ds4-server: chat ctx=0..96:96 prefill chunk 3/96 (3.1%) chunk=23.74 t/s avg=23.24 t/s 0.129s
0823 22:43:25 ds4-server: chat ctx=0..96:96 prefill chunk 4/96 (4.2%) chunk=23.58 t/s avg=23.32 t/s 0.172s
0823 22:43:25 ds4-server: chat ctx=0..96:96 prefill chunk 5/96 (5.2%) chunk=22.56 t/s avg=23.17 t/s 0.216s
0823 22:43:25 ds4-server: chat ctx=0..96:96 prefill chunk 6/96 (6.2%) chunk=23.95 t/s avg=23.29 t/s 0.258s
0823 22:43:25 ds4-server: chat ctx=0..96:96 prefill chunk 7/96 (7.3%) chunk=23.67 t/s avg=23.35 t/s 0.300s
0823 22:43:25 ds4-server: chat ctx=0..96:96 prefill chunk 8/96 (8.3%) chunk=22.59 t/s avg=23.25 t/s 0.344s
0823 22:43:25 ds4-server: chat ctx=0..96:96 prefill chunk 9/96 (9.4%) chunk=23.55 t/s avg=23.28 t/s 0.387s
0823 22:43:25 ds4-server: chat ctx=0..96:96 prefill chunk 10/96 (10.4%) chunk=23.86 t/s avg=23.34 t/s 0.428s
0823 22:43:25 ds4-server: chat ctx=0..96:96 prefill chunk 11/96 (11.5%) chunk=23.56 t/s avg=23.36 t/s 0.471s
0823 22:43:25 ds4-server: chat ctx=0..96:96 prefill chunk 12/96 (12.5%) chunk=22.63 t/s avg=23.30 t/s 0.515s
0823 22:43:25 ds4-server: chat ctx=0..96:96 prefill chunk 13/96 (13.5%) chunk=23.97 t/s avg=23.35 t/s 0.557s
0823 22:43:25 ds4-server: chat ctx=0..96:96 prefill chunk 14/96 (14.6%) chunk=23.65 t/s avg=23.37 t/s 0.599s
0823 22:43:25 ds4-server: chat ctx=0..96:96 prefill chunk 15/96 (15.6%) chunk=22.56 t/s avg=23.31 t/s 0.643s
0823 22:43:25 ds4-server: chat ctx=0..96:96 prefill chunk 16/96 (16.7%) chunk=23.86 t/s avg=23.35 t/s 0.685s
0823 22:43:25 ds4-server: chat ctx=0..96:96 prefill chunk 17/96 (17.7%) chunk=23.71 t/s avg=23.37 t/s 0.728s
0823 22:43:25 ds4-server: chat ctx=0..96:96 prefill chunk 18/96 (18.8%) chunk=23.63 t/s avg=23.38 t/s 0.770s
0823 22:43:25 ds4-server: chat ctx=0..96:96 prefill chunk 19/96 (19.8%) chunk=23.15 t/s avg=23.37 t/s 0.813s
0823 22:43:25 ds4-server: chat ctx=0..96:96 prefill chunk 20/96 (20.8%) chunk=23.51 t/s avg=23.38 t/s 0.856s
0823 22:43:25 ds4-server: chat ctx=0..96:96 prefill chunk 21/96 (21.9%) chunk=23.81 t/s avg=23.40 t/s 0.898s
0823 22:43:25 ds4-server: chat ctx=0..96:96 prefill chunk 22/96 (22.9%) chunk=23.03 t/s avg=23.38 t/s 0.941s
0823 22:43:25 ds4-server: chat ctx=0..96:96 prefill chunk 23/96 (24.0%) chunk=22.93 t/s avg=23.36 t/s 0.985s
0823 22:43:25 ds4-server: chat ctx=0..96:96 prefill chunk 24/96 (25.0%) chunk=23.85 t/s avg=23.38 t/s 1.027s
0823 22:43:26 ds4-server: chat ctx=0..96:96 prefill chunk 25/96 (26.0%) chunk=23.54 t/s avg=23.39 t/s 1.069s
0823 22:43:26 ds4-server: chat ctx=0..96:96 prefill chunk 26/96 (27.1%) chunk=22.69 t/s avg=23.36 t/s 1.113s
0823 22:43:26 ds4-server: chat ctx=0..96:96 prefill chunk 27/96 (28.1%) chunk=23.67 t/s avg=23.37 t/s 1.155s
0823 22:43:26 ds4-server: chat ctx=0..96:96 prefill chunk 28/96 (29.2%) chunk=23.82 t/s avg=23.39 t/s 1.197s
0823 22:43:26 ds4-server: chat ctx=0..96:96 prefill chunk 29/96 (30.2%) chunk=23.77 t/s avg=23.40 t/s 1.239s
0823 22:43:26 ds4-server: chat ctx=0..96:96 prefill chunk 30/96 (31.2%) chunk=22.99 t/s avg=23.39 t/s 1.283s
0823 22:43:26 ds4-server: chat ctx=0..96:96 prefill chunk 31/96 (32.3%) chunk=23.69 t/s avg=23.40 t/s 1.325s
0823 22:43:26 ds4-server: chat ctx=0..96:96 prefill chunk 32/96 (33.3%) chunk=23.81 t/s avg=23.41 t/s 1.367s
0823 22:43:26 ds4-server: chat ctx=0..96:96 prefill chunk 33/96 (34.4%) chunk=22.69 t/s avg=23.39 t/s 1.411s
0823 22:43:26 ds4-server: chat ctx=0..96:96 prefill chunk 34/96 (35.4%) chunk=23.27 t/s avg=23.38 t/s 1.454s
0823 22:43:26 ds4-server: chat ctx=0..96:96 prefill chunk 35/96 (36.5%) chunk=23.76 t/s avg=23.39 t/s 1.496s
0823 22:43:26 ds4-server: chat ctx=0..96:96 prefill chunk 36/96 (37.5%) chunk=23.27 t/s avg=23.39 t/s 1.539s
0823 22:43:26 ds4-server: chat ctx=0..96:96 prefill chunk 37/96 (38.5%) chunk=22.64 t/s avg=23.37 t/s 1.583s
0823 22:43:26 ds4-server: chat ctx=0..96:96 prefill chunk 38/96 (39.6%) chunk=23.74 t/s avg=23.38 t/s 1.625s
0823 22:43:26 ds4-server: chat ctx=0..96:96 prefill chunk 39/96 (40.6%) chunk=23.40 t/s avg=23.38 t/s 1.668s
0823 22:43:26 ds4-server: chat ctx=0..96:96 prefill chunk 40/96 (41.7%) chunk=22.90 t/s avg=23.37 t/s 1.712s
0823 22:43:26 ds4-server: chat ctx=0..96:96 prefill chunk 41/96 (42.7%) chunk=23.40 t/s avg=23.37 t/s 1.755s
0823 22:43:26 ds4-server: chat ctx=0..96:96 prefill chunk 42/96 (43.8%) chunk=23.65 t/s avg=23.37 t/s 1.797s
0823 22:43:26 ds4-server: chat ctx=0..96:96 prefill chunk 43/96 (44.8%) chunk=23.52 t/s avg=23.38 t/s 1.839s
0823 22:43:26 ds4-server: chat ctx=0..96:96 prefill chunk 44/96 (45.8%) chunk=22.70 t/s avg=23.36 t/s 1.883s
0823 22:43:26 ds4-server: chat ctx=0..96:96 prefill chunk 45/96 (46.9%) chunk=23.53 t/s avg=23.37 t/s 1.926s
0823 22:43:26 ds4-server: chat ctx=0..96:96 prefill chunk 46/96 (47.9%) chunk=23.41 t/s avg=23.37 t/s 1.969s
0823 22:43:26 ds4-server: chat ctx=0..96:96 prefill chunk 47/96 (49.0%) chunk=22.97 t/s avg=23.36 t/s 2.012s
0823 22:43:27 ds4-server: chat ctx=0..96:96 prefill chunk 48/96 (50.0%) chunk=23.39 t/s avg=23.36 t/s 2.055s
0823 22:43:27 ds4-server: chat ctx=0..96:96 prefill chunk 49/96 (51.0%) chunk=23.77 t/s avg=23.37 t/s 2.097s
0823 22:43:27 ds4-server: chat ctx=0..96:96 prefill chunk 50/96 (52.1%) chunk=23.28 t/s avg=23.36 t/s 2.140s
0823 22:43:27 ds4-server: chat ctx=0..96:96 prefill chunk 51/96 (53.1%) chunk=22.76 t/s avg=23.35 t/s 2.184s
0823 22:43:27 ds4-server: chat ctx=0..96:96 prefill chunk 52/96 (54.2%) chunk=23.81 t/s avg=23.36 t/s 2.226s
0823 22:43:27 ds4-server: chat ctx=0..96:96 prefill chunk 53/96 (55.2%) chunk=23.34 t/s avg=23.36 t/s 2.269s
0823 22:43:27 ds4-server: chat ctx=0..96:96 prefill chunk 54/96 (56.2%) chunk=22.99 t/s avg=23.35 t/s 2.312s
0823 22:43:27 ds4-server: chat ctx=0..96:96 prefill chunk 55/96 (57.3%) chunk=23.50 t/s avg=23.36 t/s 2.355s
0823 22:43:27 ds4-server: chat ctx=0..96:96 prefill chunk 56/96 (58.3%) chunk=23.68 t/s avg=23.36 t/s 2.397s
0823 22:43:27 ds4-server: chat ctx=0..96:96 prefill chunk 57/96 (59.4%) chunk=22.78 t/s avg=23.35 t/s 2.441s
0823 22:43:27 ds4-server: chat ctx=0..96:96 prefill chunk 58/96 (60.4%) chunk=23.00 t/s avg=23.35 t/s 2.484s
0823 22:43:27 ds4-server: chat ctx=0..96:96 prefill chunk 59/96 (61.5%) chunk=23.95 t/s avg=23.36 t/s 2.526s
0823 22:43:27 ds4-server: chat ctx=0..96:96 prefill chunk 60/96 (62.5%) chunk=23.22 t/s avg=23.35 t/s 2.569s
0823 22:43:27 ds4-server: chat ctx=0..96:96 prefill chunk 61/96 (63.5%) chunk=22.83 t/s avg=23.34 t/s 2.613s
0823 22:43:27 ds4-server: chat ctx=0..96:96 prefill chunk 62/96 (64.6%) chunk=23.39 t/s avg=23.34 t/s 2.656s
0823 22:43:27 ds4-server: chat ctx=0..96:96 prefill chunk 63/96 (65.6%) chunk=23.46 t/s avg=23.35 t/s 2.698s
0823 22:43:27 ds4-server: chat ctx=0..96:96 prefill chunk 64/96 (66.7%) chunk=23.39 t/s avg=23.35 t/s 2.741s
0823 22:43:27 ds4-server: chat ctx=0..96:96 prefill chunk 65/96 (67.7%) chunk=23.05 t/s avg=23.34 t/s 2.785s
0823 22:43:27 ds4-server: chat ctx=0..96:96 prefill chunk 66/96 (68.8%) chunk=23.87 t/s avg=23.35 t/s 2.826s
0823 22:43:27 ds4-server: chat ctx=0..96:96 prefill chunk 67/96 (69.8%) chunk=23.45 t/s avg=23.35 t/s 2.869s
0823 22:43:27 ds4-server: chat ctx=0..96:96 prefill chunk 68/96 (70.8%) chunk=23.09 t/s avg=23.35 t/s 2.912s
0823 22:43:27 ds4-server: chat ctx=0..96:96 prefill chunk 69/96 (71.9%) chunk=23.35 t/s avg=23.35 t/s 2.955s
0823 22:43:27 ds4-server: chat ctx=0..96:96 prefill chunk 70/96 (72.9%) chunk=23.80 t/s avg=23.35 t/s 2.997s
0823 22:43:28 ds4-server: chat ctx=0..96:96 prefill chunk 71/96 (74.0%) chunk=23.20 t/s avg=23.35 t/s 3.040s
0823 22:43:28 ds4-server: chat ctx=0..96:96 prefill chunk 72/96 (75.0%) chunk=23.02 t/s avg=23.35 t/s 3.084s
0823 22:43:28 ds4-server: chat ctx=0..96:96 prefill chunk 73/96 (76.0%) chunk=23.94 t/s avg=23.36 t/s 3.126s
0823 22:43:28 ds4-server: chat ctx=0..96:96 prefill chunk 74/96 (77.1%) chunk=23.53 t/s avg=23.36 t/s 3.168s
0823 22:43:28 ds4-server: chat ctx=0..96:96 prefill chunk 75/96 (78.1%) chunk=22.74 t/s avg=23.35 t/s 3.212s
0823 22:43:28 ds4-server: chat ctx=0..96:96 prefill chunk 76/96 (79.2%) chunk=23.44 t/s avg=23.35 t/s 3.255s
0823 22:43:28 ds4-server: chat ctx=0..96:96 prefill chunk 77/96 (80.2%) chunk=23.90 t/s avg=23.36 t/s 3.297s
0823 22:43:28 ds4-server: chat ctx=0..96:96 prefill chunk 78/96 (81.2%) chunk=23.49 t/s avg=23.36 t/s 3.339s
0823 22:43:28 ds4-server: chat ctx=0..96:96 prefill chunk 79/96 (82.3%) chunk=22.87 t/s avg=23.35 t/s 3.383s
0823 22:43:28 ds4-server: chat ctx=0..96:96 prefill chunk 80/96 (83.3%) chunk=23.76 t/s avg=23.36 t/s 3.425s
0823 22:43:28 ds4-server: chat ctx=0..96:96 prefill chunk 81/96 (84.4%) chunk=23.84 t/s avg=23.36 t/s 3.467s
0823 22:43:28 ds4-server: chat ctx=0..96:96 prefill chunk 82/96 (85.4%) chunk=22.46 t/s avg=23.35 t/s 3.511s
0823 22:43:28 ds4-server: chat ctx=0..96:96 prefill chunk 83/96 (86.5%) chunk=23.39 t/s avg=23.35 t/s 3.554s
0823 22:43:28 ds4-server: chat ctx=0..96:96 prefill chunk 84/96 (87.5%) chunk=23.55 t/s avg=23.36 t/s 3.597s
0823 22:43:28 ds4-server: chat ctx=0..96:96 prefill chunk 85/96 (88.5%) chunk=23.51 t/s avg=23.36 t/s 3.639s
0823 22:43:28 ds4-server: chat ctx=0..96:96 prefill chunk 86/96 (89.6%) chunk=22.34 t/s avg=23.35 t/s 3.684s
0823 22:43:28 ds4-server: chat ctx=0..96:96 prefill chunk 87/96 (90.6%) chunk=23.62 t/s avg=23.35 t/s 3.726s
0823 22:43:28 ds4-server: chat ctx=0..96:96 prefill chunk 88/96 (91.7%) chunk=23.31 t/s avg=23.35 t/s 3.769s
0823 22:43:28 ds4-server: chat ctx=0..96:96 prefill chunk 89/96 (92.7%) chunk=22.75 t/s avg=23.34 t/s 3.813s
0823 22:43:28 ds4-server: chat ctx=0..96:96 prefill chunk 90/96 (93.8%) chunk=23.40 t/s avg=23.34 t/s 3.856s
0823 22:43:28 ds4-server: chat ctx=0..96:96 prefill chunk 91/96 (94.8%) chunk=23.73 t/s avg=23.35 t/s 3.898s
0823 22:43:28 ds4-server: chat ctx=0..96:96 prefill chunk 92/96 (95.8%) chunk=23.00 t/s avg=23.34 t/s 3.941s
0823 22:43:28 ds4-server: chat ctx=0..96:96 prefill chunk 93/96 (96.9%) chunk=22.88 t/s avg=23.34 t/s 3.985s
0823 22:43:28 ds4-server: chat ctx=0..96:96 prefill chunk 94/96 (97.9%) chunk=23.72 t/s avg=23.34 t/s 4.027s
0823 22:43:29 ds4-server: chat ctx=0..96:96 prefill chunk 95/96 (99.0%) chunk=23.37 t/s avg=23.34 t/s 4.070s
0823 22:43:29 ds4-server: chat ctx=0..96:96 prefill chunk 96/96 (100.0%) chunk=22.53 t/s avg=23.33 t/s 4.114s
0823 22:43:29 ds4-server: chat ctx=0..96:96 prompt done 4.114s
0823 22:43:31 ds4-server: chat ctx=96..146:50 gen=50 THINKING decoding chunk=23.19 t/s avg=23.19 t/s 2.156s
0823 22:43:33 ds4-server: chat ctx=146..196:50 gen=100 THINKING decoding chunk=23.01 t/s avg=23.10 t/s 4.329s
0823 22:43:35 ds4-server: chat ctx=196..246:50 gen=150 THINKING decoding chunk=22.88 t/s avg=23.03 t/s 6.514s
0823 22:43:37 ds4-server: chat ctx=246..296:50 gen=200 THINKING decoding chunk=22.71 t/s avg=22.95 t/s 8.716s
0823 22:43:40 ds4-server: chat ctx=296..346:50 gen=250 THINKING decoding chunk=22.55 t/s avg=22.87 t/s 10.933s
0823 22:43:42 ds4-server: chat ctx=346..396:50 gen=300 THINKING decoding chunk=22.42 t/s avg=22.79 t/s 13.163s
0823 22:43:44 ds4-server: chat ctx=396..446:50 gen=350 THINKING decoding chunk=22.27 t/s avg=22.71 t/s 15.409s
0823 22:43:46 ds4-server: chat ctx=446..496:50 gen=400 THINKING decoding chunk=22.11 t/s avg=22.64 t/s 17.670s
0823 22:43:49 ds4-server: chat ctx=496..546:50 gen=450 THINKING decoding chunk=22.01 t/s avg=22.57 t/s 19.942s
0823 22:43:51 ds4-server: chat ctx=546..596:50 gen=500 THINKING decoding chunk=21.81 t/s avg=22.49 t/s 22.234s
0823 22:43:53 ds4-server: chat ctx=596..646:50 gen=550 THINKING decoding chunk=21.69 t/s avg=22.41 t/s 24.539s
0823 22:43:55 ds4-server: chat ctx=646..696:50 gen=600 THINKING decoding chunk=21.57 t/s avg=22.34 t/s 26.857s
0823 22:43:58 ds4-server: chat ctx=696..746:50 gen=650 THINKING decoding chunk=21.45 t/s avg=22.27 t/s 29.188s
0823 22:44:00 ds4-server: chat ctx=746..796:50 gen=700 THINKING decoding chunk=21.25 t/s avg=22.19 t/s 31.541s
0823 22:44:02 ds4-server: chat ctx=796..846:50 gen=750 THINKING decoding chunk=21.13 t/s avg=22.12 t/s 33.907s
0823 22:44:05 ds4-server: chat ctx=846..896:50 gen=800 THINKING decoding chunk=21.01 t/s avg=22.05 t/s 36.286s
0823 22:44:07 ds4-server: chat ctx=896..946:50 gen=850 THINKING decoding chunk=20.87 t/s avg=21.97 t/s 38.682s
0823 22:44:10 ds4-server: chat ctx=946..996:50 gen=900 THINKING decoding chunk=20.75 t/s avg=21.90 t/s 41.092s
0823 22:44:12 ds4-server: chat ctx=996..1046:50 gen=950 THINKING decoding chunk=20.62 t/s avg=21.83 t/s 43.517s
0823 22:44:15 ds4-server: chat ctx=1046..1096:50 gen=1000 THINKING decoding chunk=20.50 t/s avg=21.76 t/s 45.956s
0823 22:44:17 ds4-server: chat ctx=1096..1146:50 gen=1050 THINKING decoding chunk=20.41 t/s avg=21.69 t/s 48.405s
0823 22:44:19 ds4-server: chat ctx=1146..1196:50 gen=1100 THINKING decoding chunk=20.30 t/s avg=21.62 t/s 50.868s
0823 22:44:22 ds4-server: chat ctx=1196..1246:50 gen=1150 THINKING decoding chunk=20.15 t/s avg=21.56 t/s 53.349s
0823 22:44:24 ds4-server: chat ctx=1246..1296:50 gen=1200 THINKING decoding chunk=20.02 t/s avg=21.49 t/s 55.847s
0823 22:44:27 ds4-server: chat ctx=1296..1346:50 gen=1250 THINKING decoding chunk=19.93 t/s avg=21.42 t/s 58.356s
0823 22:44:29 ds4-server: chat ctx=1346..1396:50 gen=1300 THINKING decoding chunk=19.81 t/s avg=21.35 t/s 60.880s
0823 22:44:32 ds4-server: chat ctx=1396..1446:50 gen=1350 THINKING decoding chunk=19.72 t/s avg=21.29 t/s 63.415s
0823 22:44:35 ds4-server: chat ctx=1446..1496:50 gen=1400 THINKING decoding chunk=19.61 t/s avg=21.22 t/s 65.965s
0823 22:44:37 ds4-server: chat ctx=1496..1546:50 gen=1450 THINKING decoding chunk=19.50 t/s avg=21.16 t/s 68.529s
0823 22:44:40 ds4-server: chat ctx=1546..1596:50 gen=1500 decoding chunk=19.38 t/s avg=21.09 t/s 71.109s
0823 22:44:42 ds4-server: chat ctx=1596..1646:50 gen=1550 decoding chunk=19.26 t/s avg=21.03 t/s 73.705s
0823 22:44:45 ds4-server: chat ctx=1646..1696:50 gen=1600 decoding chunk=19.12 t/s avg=20.96 t/s 76.320s
0823 22:44:48 ds4-server: chat ctx=1696..1746:50 gen=1650 decoding chunk=19.06 t/s avg=20.90 t/s 78.944s
0823 22:44:50 ds4-server: chat ctx=1746..1796:50 gen=1700 decoding chunk=18.95 t/s avg=20.84 t/s 81.582s
0823 22:44:53 ds4-server: chat ctx=1796..1846:50 gen=1750 decoding chunk=18.85 t/s avg=20.78 t/s 84.235s
0823 22:44:53 ds4-server: chat ctx=1846..1847:1 gen=1751 decoding chunk=19.02 t/s avg=20.77 t/s 84.288s
0823 22:44:53 ds4-server: thinking live checkpoint remembered ctx=0..96:96 live=1847 visible=1671
0823 22:44:53 ds4-server: chat ctx=0..96:96 gen=1751 finish=stop 88.403s
0823 22:44:53 ds4-server: live kv cache miss live=1847 prompt=114 common=56 reason=token-mismatch
0823 22:44:53 ds4-server: chat ctx=0..114:114 prompt start
0823 22:44:53 ds4-server: chat ctx=0..114:114 prefill chunk 1/114 (0.9%) chunk=0.00 t/s avg=21.81 t/s 0.046s
0823 22:44:53 ds4-server: chat ctx=0..114:114 prefill chunk 2/114 (1.8%) chunk=23.90 t/s avg=22.81 t/s 0.088s
0823 22:44:53 ds4-server: chat ctx=0..114:114 prefill chunk 3/114 (2.6%) chunk=23.54 t/s avg=23.05 t/s 0.130s
0823 22:44:53 ds4-server: chat ctx=0..114:114 prefill chunk 4/114 (3.5%) chunk=22.79 t/s avg=22.98 t/s 0.174s
0823 22:44:53 ds4-server: chat ctx=0..114:114 prefill chunk 5/114 (4.4%) chunk=23.77 t/s avg=23.13 t/s 0.216s
0823 22:44:53 ds4-server: chat ctx=0..114:114 prefill chunk 6/114 (5.3%) chunk=23.90 t/s avg=23.26 t/s 0.258s
0823 22:44:53 ds4-server: chat ctx=0..114:114 prefill chunk 7/114 (6.1%) chunk=23.65 t/s avg=23.31 t/s 0.300s
0823 22:44:53 ds4-server: chat ctx=0..114:114 prefill chunk 8/114 (7.0%) chunk=22.86 t/s avg=23.26 t/s 0.344s
0823 22:44:53 ds4-server: chat ctx=0..114:114 prefill chunk 9/114 (7.9%) chunk=23.71 t/s avg=23.31 t/s 0.386s
0823 22:44:53 ds4-server: chat ctx=0..114:114 prefill chunk 10/114 (8.8%) chunk=23.78 t/s avg=23.35 t/s 0.428s
0823 22:44:53 ds4-server: chat ctx=0..114:114 prefill chunk 11/114 (9.6%) chunk=22.54 t/s avg=23.28 t/s 0.473s
0823 22:44:53 ds4-server: chat ctx=0..114:114 prefill chunk 12/114 (10.5%) chunk=23.51 t/s avg=23.30 t/s 0.515s
0823 22:44:53 ds4-server: chat ctx=0..114:114 prefill chunk 13/114 (11.4%) chunk=23.86 t/s avg=23.34 t/s 0.557s
0823 22:44:53 ds4-server: chat ctx=0..114:114 prefill chunk 14/114 (12.3%) chunk=23.79 t/s avg=23.37 t/s 0.599s
0823 22:44:54 ds4-server: chat ctx=0..114:114 prefill chunk 15/114 (13.2%) chunk=22.80 t/s avg=23.33 t/s 0.643s
0823 22:44:54 ds4-server: chat ctx=0..114:114 prefill chunk 16/114 (14.0%) chunk=23.81 t/s avg=23.36 t/s 0.685s
0823 22:44:54 ds4-server: chat ctx=0..114:114 prefill chunk 17/114 (14.9%) chunk=24.07 t/s avg=23.40 t/s 0.726s
0823 22:44:54 ds4-server: chat ctx=0..114:114 prefill chunk 18/114 (15.8%) chunk=23.11 t/s avg=23.38 t/s 0.770s
0823 22:44:54 ds4-server: chat ctx=0..114:114 prefill chunk 19/114 (16.7%) chunk=23.34 t/s avg=23.38 t/s 0.813s
0823 22:44:54 ds4-server: chat ctx=0..114:114 prefill chunk 20/114 (17.5%) chunk=23.91 t/s avg=23.41 t/s 0.854s
0823 22:44:54 ds4-server: chat ctx=0..114:114 prefill chunk 21/114 (18.4%) chunk=23.47 t/s avg=23.41 t/s 0.897s
0823 22:44:54 ds4-server: chat ctx=0..114:114 prefill chunk 22/114 (19.3%) chunk=22.85 t/s avg=23.39 t/s 0.941s
0823 22:44:54 ds4-server: chat ctx=0..114:114 prefill chunk 23/114 (20.2%) chunk=23.76 t/s avg=23.40 t/s 0.983s
0823 22:44:54 ds4-server: chat ctx=0..114:114 prefill chunk 24/114 (21.1%) chunk=23.91 t/s avg=23.42 t/s 1.025s
0823 22:44:54 ds4-server: chat ctx=0..114:114 prefill chunk 25/114 (21.9%) chunk=23.67 t/s avg=23.43 t/s 1.067s
0823 22:44:54 ds4-server: chat ctx=0..114:114 prefill chunk 26/114 (22.8%) chunk=22.88 t/s avg=23.41 t/s 1.111s
0823 22:44:54 ds4-server: chat ctx=0..114:114 prefill chunk 27/114 (23.7%) chunk=23.80 t/s avg=23.42 t/s 1.153s
0823 22:44:54 ds4-server: chat ctx=0..114:114 prefill chunk 28/114 (24.6%) chunk=23.85 t/s avg=23.44 t/s 1.195s
0823 22:44:54 ds4-server: chat ctx=0..114:114 prefill chunk 29/114 (25.4%) chunk=22.43 t/s avg=23.40 t/s 1.239s
0823 22:44:54 ds4-server: chat ctx=0..114:114 prefill chunk 30/114 (26.3%) chunk=23.53 t/s avg=23.41 t/s 1.282s
0823 22:44:54 ds4-server: chat ctx=0..114:114 prefill chunk 31/114 (27.2%) chunk=23.75 t/s avg=23.42 t/s 1.324s
0823 22:44:54 ds4-server: chat ctx=0..114:114 prefill chunk 32/114 (28.1%) chunk=23.32 t/s avg=23.42 t/s 1.367s
0823 22:44:54 ds4-server: chat ctx=0..114:114 prefill chunk 33/114 (28.9%) chunk=22.68 t/s avg=23.39 t/s 1.411s
0823 22:44:54 ds4-server: chat ctx=0..114:114 prefill chunk 34/114 (29.8%) chunk=23.66 t/s avg=23.40 t/s 1.453s
0823 22:44:54 ds4-server: chat ctx=0..114:114 prefill chunk 35/114 (30.7%) chunk=23.74 t/s avg=23.41 t/s 1.495s
0823 22:44:54 ds4-server: chat ctx=0..114:114 prefill chunk 36/114 (31.6%) chunk=22.81 t/s avg=23.39 t/s 1.539s
0823 22:44:54 ds4-server: chat ctx=0..114:114 prefill chunk 37/114 (32.5%) chunk=23.39 t/s avg=23.39 t/s 1.582s
0823 22:44:54 ds4-server: chat ctx=0..114:114 prefill chunk 38/114 (33.3%) chunk=23.98 t/s avg=23.41 t/s 1.623s
0823 22:44:55 ds4-server: chat ctx=0..114:114 prefill chunk 39/114 (34.2%) chunk=23.42 t/s avg=23.41 t/s 1.666s
0823 22:44:55 ds4-server: chat ctx=0..114:114 prefill chunk 40/114 (35.1%) chunk=22.57 t/s avg=23.39 t/s 1.710s
0823 22:44:55 ds4-server: chat ctx=0..114:114 prefill chunk 41/114 (36.0%) chunk=23.77 t/s avg=23.40 t/s 1.752s
0823 22:44:55 ds4-server: chat ctx=0..114:114 prefill chunk 42/114 (36.8%) chunk=23.76 t/s avg=23.40 t/s 1.795s
0823 22:44:55 ds4-server: chat ctx=0..114:114 prefill chunk 43/114 (37.7%) chunk=22.48 t/s avg=23.38 t/s 1.839s
0823 22:44:55 ds4-server: chat ctx=0..114:114 prefill chunk 44/114 (38.6%) chunk=23.74 t/s avg=23.39 t/s 1.881s
0823 22:44:55 ds4-server: chat ctx=0..114:114 prefill chunk 45/114 (39.5%) chunk=23.60 t/s avg=23.39 t/s 1.924s
0823 22:44:55 ds4-server: chat ctx=0..114:114 prefill chunk 46/114 (40.4%) chunk=23.33 t/s avg=23.39 t/s 1.966s
0823 22:44:55 ds4-server: chat ctx=0..114:114 prefill chunk 47/114 (41.2%) chunk=22.66 t/s avg=23.38 t/s 2.011s
0823 22:44:55 ds4-server: chat ctx=0..114:114 prefill chunk 48/114 (42.1%) chunk=23.60 t/s avg=23.38 t/s 2.053s
0823 22:44:55 ds4-server: chat ctx=0..114:114 prefill chunk 49/114 (43.0%) chunk=23.75 t/s avg=23.39 t/s 2.095s
0823 22:44:55 ds4-server: chat ctx=0..114:114 prefill chunk 50/114 (43.9%) chunk=22.48 t/s avg=23.37 t/s 2.140s
0823 22:44:55 ds4-server: chat ctx=0..114:114 prefill chunk 51/114 (44.7%) chunk=23.56 t/s avg=23.37 t/s 2.182s
0823 22:44:55 ds4-server: chat ctx=0..114:114 prefill chunk 52/114 (45.6%) chunk=23.85 t/s avg=23.38 t/s 2.224s
0823 22:44:55 ds4-server: chat ctx=0..114:114 prefill chunk 53/114 (46.5%) chunk=23.64 t/s avg=23.39 t/s 2.266s
0823 22:44:55 ds4-server: chat ctx=0..114:114 prefill chunk 54/114 (47.4%) chunk=22.77 t/s avg=23.38 t/s 2.310s
0823 22:44:55 ds4-server: chat ctx=0..114:114 prefill chunk 55/114 (48.2%) chunk=23.63 t/s avg=23.38 t/s 2.352s
0823 22:44:55 ds4-server: chat ctx=0..114:114 prefill chunk 56/114 (49.1%) chunk=23.63 t/s avg=23.38 t/s 2.395s
0823 22:44:55 ds4-server: chat ctx=0..114:114 prefill chunk 57/114 (50.0%) chunk=22.62 t/s avg=23.37 t/s 2.439s
0823 22:44:55 ds4-server: chat ctx=0..114:114 prefill chunk 58/114 (50.9%) chunk=23.51 t/s avg=23.37 t/s 2.481s
0823 22:44:55 ds4-server: chat ctx=0..114:114 prefill chunk 59/114 (51.8%) chunk=23.87 t/s avg=23.38 t/s 2.523s
0823 22:44:55 ds4-server: chat ctx=0..114:114 prefill chunk 60/114 (52.6%) chunk=23.38 t/s avg=23.38 t/s 2.566s
0823 22:44:55 ds4-server: chat ctx=0..114:114 prefill chunk 61/114 (53.5%) chunk=22.58 t/s avg=23.37 t/s 2.610s
0823 22:44:56 ds4-server: chat ctx=0..114:114 prefill chunk 62/114 (54.4%) chunk=23.72 t/s avg=23.37 t/s 2.653s
0823 22:44:56 ds4-server: chat ctx=0..114:114 prefill chunk 63/114 (55.3%) chunk=23.52 t/s avg=23.38 t/s 2.695s
0823 22:44:56 ds4-server: chat ctx=0..114:114 prefill chunk 64/114 (56.1%) chunk=22.67 t/s avg=23.36 t/s 2.739s
0823 22:44:56 ds4-server: chat ctx=0..114:114 prefill chunk 65/114 (57.0%) chunk=23.30 t/s avg=23.36 t/s 2.782s
0823 22:44:56 ds4-server: chat ctx=0..114:114 prefill chunk 66/114 (57.9%) chunk=23.95 t/s avg=23.37 t/s 2.824s
0823 22:44:56 ds4-server: chat ctx=0..114:114 prefill chunk 67/114 (58.8%) chunk=23.57 t/s avg=23.38 t/s 2.866s
0823 22:44:56 ds4-server: chat ctx=0..114:114 prefill chunk 68/114 (59.6%) chunk=22.54 t/s avg=23.36 t/s 2.911s
0823 22:44:56 ds4-server: chat ctx=0..114:114 prefill chunk 69/114 (60.5%) chunk=24.05 t/s avg=23.37 t/s 2.952s
0823 22:44:56 ds4-server: chat ctx=0..114:114 prefill chunk 70/114 (61.4%) chunk=24.07 t/s avg=23.38 t/s 2.994s
0823 22:44:56 ds4-server: chat ctx=0..114:114 prefill chunk 71/114 (62.3%) chunk=22.50 t/s avg=23.37 t/s 3.038s
0823 22:44:56 ds4-server: chat ctx=0..114:114 prefill chunk 72/114 (63.2%) chunk=23.86 t/s avg=23.38 t/s 3.080s
0823 22:44:56 ds4-server: chat ctx=0..114:114 prefill chunk 73/114 (64.0%) chunk=23.56 t/s avg=23.38 t/s 3.123s
0823 22:44:56 ds4-server: chat ctx=0..114:114 prefill chunk 74/114 (64.9%) chunk=23.31 t/s avg=23.38 t/s 3.166s
0823 22:44:56 ds4-server: chat ctx=0..114:114 prefill chunk 75/114 (65.8%) chunk=22.70 t/s avg=23.37 t/s 3.210s
0823 22:44:56 ds4-server: chat ctx=0..114:114 prefill chunk 76/114 (66.7%) chunk=23.77 t/s avg=23.37 t/s 3.252s
0823 22:44:56 ds4-server: chat ctx=0..114:114 prefill chunk 77/114 (67.5%) chunk=23.87 t/s avg=23.38 t/s 3.294s
0823 22:44:56 ds4-server: chat ctx=0..114:114 prefill chunk 78/114 (68.4%) chunk=22.58 t/s avg=23.37 t/s 3.338s
0823 22:44:56 ds4-server: chat ctx=0..114:114 prefill chunk 79/114 (69.3%) chunk=23.75 t/s avg=23.37 t/s 3.380s
0823 22:44:56 ds4-server: chat ctx=0..114:114 prefill chunk 80/114 (70.2%) chunk=23.83 t/s avg=23.38 t/s 3.422s
0823 22:44:56 ds4-server: chat ctx=0..114:114 prefill chunk 81/114 (71.1%) chunk=23.40 t/s avg=23.38 t/s 3.465s
0823 22:44:56 ds4-server: chat ctx=0..114:114 prefill chunk 82/114 (71.9%) chunk=22.96 t/s avg=23.37 t/s 3.508s
0823 22:44:56 ds4-server: chat ctx=0..114:114 prefill chunk 83/114 (72.8%) chunk=23.62 t/s avg=23.38 t/s 3.550s
0823 22:44:56 ds4-server: chat ctx=0..114:114 prefill chunk 84/114 (73.7%) chunk=23.72 t/s avg=23.38 t/s 3.593s
0823 22:44:57 ds4-server: chat ctx=0..114:114 prefill chunk 85/114 (74.6%) chunk=23.02 t/s avg=23.38 t/s 3.636s
0823 22:44:57 ds4-server: chat ctx=0..114:114 prefill chunk 86/114 (75.4%) chunk=23.00 t/s avg=23.37 t/s 3.680s
0823 22:44:57 ds4-server: chat ctx=0..114:114 prefill chunk 87/114 (76.3%) chunk=23.72 t/s avg=23.38 t/s 3.722s
0823 22:44:57 ds4-server: chat ctx=0..114:114 prefill chunk 88/114 (77.2%) chunk=23.65 t/s avg=23.38 t/s 3.764s
0823 22:44:57 ds4-server: chat ctx=0..114:114 prefill chunk 89/114 (78.1%) chunk=22.66 t/s avg=23.37 t/s 3.808s
0823 22:44:57 ds4-server: chat ctx=0..114:114 prefill chunk 90/114 (78.9%) chunk=23.61 t/s avg=23.37 t/s 3.851s
0823 22:44:57 ds4-server: chat ctx=0..114:114 prefill chunk 91/114 (79.8%) chunk=23.50 t/s avg=23.37 t/s 3.893s
0823 22:44:57 ds4-server: chat ctx=0..114:114 prefill chunk 92/114 (80.7%) chunk=23.17 t/s avg=23.37 t/s 3.936s
0823 22:44:57 ds4-server: chat ctx=0..114:114 prefill chunk 93/114 (81.6%) chunk=22.79 t/s avg=23.37 t/s 3.980s
0823 22:44:57 ds4-server: chat ctx=0..114:114 prefill chunk 94/114 (82.5%) chunk=23.49 t/s avg=23.37 t/s 4.023s
0823 22:44:57 ds4-server: chat ctx=0..114:114 prefill chunk 95/114 (83.3%) chunk=23.63 t/s avg=23.37 t/s 4.065s
0823 22:44:57 ds4-server: chat ctx=0..114:114 prefill chunk 96/114 (84.2%) chunk=22.48 t/s avg=23.36 t/s 4.109s
0823 22:44:57 ds4-server: chat ctx=0..114:114 prefill chunk 97/114 (85.1%) chunk=23.83 t/s avg=23.37 t/s 4.151s
0823 22:44:57 ds4-server: chat ctx=0..114:114 prefill chunk 98/114 (86.0%) chunk=23.65 t/s avg=23.37 t/s 4.194s
0823 22:44:57 ds4-server: chat ctx=0..114:114 prefill chunk 99/114 (86.8%) chunk=22.68 t/s avg=23.36 t/s 4.238s
0823 22:44:57 ds4-server: chat ctx=0..114:114 prefill chunk 100/114 (87.7%) chunk=23.38 t/s avg=23.36 t/s 4.281s
0823 22:44:57 ds4-server: chat ctx=0..114:114 prefill chunk 101/114 (88.6%) chunk=23.74 t/s avg=23.37 t/s 4.323s
0823 22:44:57 ds4-server: chat ctx=0..114:114 prefill chunk 102/114 (89.5%) chunk=23.25 t/s avg=23.36 t/s 4.366s
0823 22:44:57 ds4-server: chat ctx=0..114:114 prefill chunk 103/114 (90.4%) chunk=22.44 t/s avg=23.35 t/s 4.410s
0823 22:44:57 ds4-server: chat ctx=0..114:114 prefill chunk 104/114 (91.2%) chunk=23.66 t/s avg=23.36 t/s 4.453s
0823 22:44:57 ds4-server: chat ctx=0..114:114 prefill chunk 105/114 (92.1%) chunk=23.61 t/s avg=23.36 t/s 4.495s
0823 22:44:57 ds4-server: chat ctx=0..114:114 prefill chunk 106/114 (93.0%) chunk=22.46 t/s avg=23.35 t/s 4.539s
0823 22:44:57 ds4-server: chat ctx=0..114:114 prefill chunk 107/114 (93.9%) chunk=23.37 t/s avg=23.35 t/s 4.582s
0823 22:44:57 ds4-server: chat ctx=0..114:114 prefill chunk 108/114 (94.7%) chunk=23.66 t/s avg=23.35 t/s 4.624s
0823 22:44:58 ds4-server: chat ctx=0..114:114 prefill chunk 109/114 (95.6%) chunk=22.91 t/s avg=23.35 t/s 4.668s
0823 22:44:58 ds4-server: chat ctx=0..114:114 prefill chunk 110/114 (96.5%) chunk=22.91 t/s avg=23.35 t/s 4.712s
0823 22:44:58 ds4-server: chat ctx=0..114:114 prefill chunk 111/114 (97.4%) chunk=23.61 t/s avg=23.35 t/s 4.754s
0823 22:44:58 ds4-server: chat ctx=0..114:114 prefill chunk 112/114 (98.2%) chunk=23.70 t/s avg=23.35 t/s 4.796s
0823 22:44:58 ds4-server: chat ctx=0..114:114 prefill chunk 113/114 (99.1%) chunk=22.69 t/s avg=23.35 t/s 4.840s
0823 22:44:58 ds4-server: chat ctx=0..114:114 prefill chunk 114/114 (100.0%) chunk=23.51 t/s avg=23.35 t/s 4.883s
0823 22:44:58 ds4-server: chat ctx=0..114:114 prompt done 4.883s
0823 22:45:00 ds4-server: chat ctx=114..164:50 gen=50 THINKING decoding chunk=23.13 t/s avg=23.13 t/s 2.162s
0823 22:45:02 ds4-server: chat ctx=164..214:50 gen=100 THINKING decoding chunk=22.96 t/s avg=23.04 t/s 4.339s
0823 22:45:04 ds4-server: chat ctx=214..264:50 gen=150 THINKING decoding chunk=22.81 t/s avg=22.97 t/s 6.531s
0823 22:45:06 ds4-server: chat ctx=264..314:50 gen=200 THINKING decoding chunk=22.68 t/s avg=22.90 t/s 8.735s
0823 22:45:09 ds4-server: chat ctx=314..364:50 gen=250 THINKING decoding chunk=22.55 t/s avg=22.82 t/s 10.953s
0823 22:45:11 ds4-server: chat ctx=364..414:50 gen=300 THINKING decoding chunk=22.39 t/s avg=22.75 t/s 13.186s
0823 22:45:13 ds4-server: chat ctx=414..464:50 gen=350 THINKING decoding chunk=22.21 t/s avg=22.67 t/s 15.438s
0823 22:45:15 ds4-server: chat ctx=464..514:50 gen=400 THINKING decoding chunk=22.04 t/s avg=22.59 t/s 17.706s
0823 22:45:18 ds4-server: chat ctx=514..564:50 gen=450 THINKING decoding chunk=21.94 t/s avg=22.52 t/s 19.985s
0823 22:45:20 ds4-server: chat ctx=564..614:50 gen=500 THINKING decoding chunk=21.75 t/s avg=22.44 t/s 22.284s
0823 22:45:22 ds4-server: chat ctx=614..664:50 gen=550 THINKING decoding chunk=21.66 t/s avg=22.36 t/s 24.593s
0823 22:45:25 ds4-server: chat ctx=664..714:50 gen=600 THINKING decoding chunk=21.51 t/s avg=22.29 t/s 26.918s
0823 22:45:27 ds4-server: chat ctx=714..764:50 gen=650 THINKING decoding chunk=21.38 t/s avg=22.22 t/s 29.256s
0823 22:45:29 ds4-server: chat ctx=764..814:50 gen=700 THINKING decoding chunk=21.23 t/s avg=22.14 t/s 31.612s
0823 22:45:32 ds4-server: chat ctx=814..864:50 gen=750 THINKING decoding chunk=21.10 t/s avg=22.07 t/s 33.982s
0823 22:45:34 ds4-server: chat ctx=864..914:50 gen=800 THINKING decoding chunk=20.96 t/s avg=22.00 t/s 36.368s
0823 22:45:37 ds4-server: chat ctx=914..964:50 gen=850 THINKING decoding chunk=20.83 t/s avg=21.93 t/s 38.768s
0823 22:45:39 ds4-server: chat ctx=964..1014:50 gen=900 THINKING decoding chunk=20.73 t/s avg=21.86 t/s 41.179s
0823 22:45:41 ds4-server: chat ctx=1014..1064:50 gen=950 THINKING decoding chunk=20.62 t/s avg=21.79 t/s 43.604s
0823 22:45:44 ds4-server: chat ctx=1064..1114:50 gen=1000 THINKING decoding chunk=20.47 t/s avg=21.72 t/s 46.046s
0823 22:45:46 ds4-server: chat ctx=1114..1164:50 gen=1050 THINKING decoding chunk=20.38 t/s avg=21.65 t/s 48.500s
0823 22:45:49 ds4-server: chat ctx=1164..1214:50 gen=1100 THINKING decoding chunk=20.24 t/s avg=21.58 t/s 50.971s
0823 22:45:51 ds4-server: chat ctx=1214..1264:50 gen=1150 THINKING decoding chunk=20.12 t/s avg=21.51 t/s 53.456s
0823 22:45:54 ds4-server: chat ctx=1264..1314:50 gen=1200 THINKING decoding chunk=20.02 t/s avg=21.45 t/s 55.954s
0823 22:45:56 ds4-server: chat ctx=1314..1364:50 gen=1250 THINKING decoding chunk=19.89 t/s avg=21.38 t/s 58.468s
0823 22:45:59 ds4-server: chat ctx=1364..1414:50 gen=1300 THINKING decoding chunk=19.77 t/s avg=21.31 t/s 60.997s
0823 22:46:01 ds4-server: chat ctx=1414..1464:50 gen=1350 THINKING decoding chunk=19.68 t/s avg=21.25 t/s 63.537s
0823 22:46:04 ds4-server: chat ctx=1464..1514:50 gen=1400 THINKING decoding chunk=19.52 t/s avg=21.18 t/s 66.099s
0823 22:46:06 ds4-server: chat ctx=1514..1564:50 gen=1450 THINKING decoding chunk=19.47 t/s avg=21.12 t/s 68.667s
0823 22:46:09 ds4-server: chat ctx=1564..1614:50 gen=1500 THINKING decoding chunk=19.36 t/s avg=21.05 t/s 71.250s
0823 22:46:12 ds4-server: chat ctx=1614..1664:50 gen=1550 THINKING decoding chunk=19.26 t/s avg=20.99 t/s 73.846s
0823 22:46:14 ds4-server: chat ctx=1664..1714:50 gen=1600 THINKING decoding chunk=19.07 t/s avg=20.92 t/s 76.467s
0823 22:46:17 ds4-server: chat ctx=1714..1764:50 gen=1650 THINKING decoding chunk=19.05 t/s avg=20.86 t/s 79.092s
0823 22:46:19 ds4-server: chat ctx=1764..1814:50 gen=1700 decoding chunk=18.96 t/s avg=20.80 t/s 81.730s
0823 22:46:22 ds4-server: chat ctx=1814..1864:50 gen=1750 decoding chunk=18.88 t/s avg=20.74 t/s 84.378s
0823 22:46:25 ds4-server: chat ctx=1864..1914:50 gen=1800 decoding chunk=18.74 t/s avg=20.68 t/s 87.046s
0823 22:46:27 ds4-server: chat ctx=1914..1964:50 gen=1850 decoding chunk=18.62 t/s avg=20.62 t/s 89.731s
0823 22:46:30 ds4-server: chat ctx=1964..2014:50 gen=1900 decoding chunk=18.53 t/s avg=20.56 t/s 92.429s
0823 22:46:33 ds4-server: chat ctx=2014..2064:50 gen=1950 decoding chunk=18.48 t/s avg=20.50 t/s 95.135s
0823 22:46:36 ds4-server: chat ctx=2064..2113:49 gen=1999 decoding chunk=18.33 t/s avg=20.44 t/s 97.808s
0823 22:46:36 ds4-server: thinking live checkpoint remembered ctx=0..114:114 live=2113 visible=1917
0823 22:46:36 ds4-server: chat ctx=0..114:114 gen=1999 finish=stop 102.691s
0823 22:46:36 ds4-server: live kv cache miss live=2113 prompt=121 common=56 reason=token-mismatch
0823 22:46:36 ds4-server: chat ctx=0..121:121 prompt start
0823 22:46:36 ds4-server: chat ctx=0..121:121 prefill chunk 1/121 (0.8%) chunk=0.00 t/s avg=22.51 t/s 0.044s
0823 22:46:36 ds4-server: chat ctx=0..121:121 prefill chunk 2/121 (1.7%) chunk=22.72 t/s avg=22.61 t/s 0.088s
0823 22:46:36 ds4-server: chat ctx=0..121:121 prefill chunk 3/121 (2.5%) chunk=23.91 t/s avg=23.03 t/s 0.130s
0823 22:46:36 ds4-server: chat ctx=0..121:121 prefill chunk 4/121 (3.3%) chunk=23.59 t/s avg=23.17 t/s 0.173s
0823 22:46:36 ds4-server: chat ctx=0..121:121 prefill chunk 5/121 (4.1%) chunk=22.87 t/s avg=23.11 t/s 0.216s
0823 22:46:36 ds4-server: chat ctx=0..121:121 prefill chunk 6/121 (5.0%) chunk=23.72 t/s avg=23.21 t/s 0.259s
0823 22:46:36 ds4-server: chat ctx=0..121:121 prefill chunk 7/121 (5.8%) chunk=23.67 t/s avg=23.27 t/s 0.301s
0823 22:46:36 ds4-server: chat ctx=0..121:121 prefill chunk 8/121 (6.6%) chunk=23.48 t/s avg=23.30 t/s 0.343s
0823 22:46:36 ds4-server: chat ctx=0..121:121 prefill chunk 9/121 (7.4%) chunk=22.50 t/s avg=23.21 t/s 0.388s
0823 22:46:36 ds4-server: chat ctx=0..121:121 prefill chunk 10/121 (8.3%) chunk=23.95 t/s avg=23.28 t/s 0.430s
0823 22:46:36 ds4-server: chat ctx=0..121:121 prefill chunk 11/121 (9.1%) chunk=23.64 t/s avg=23.31 t/s 0.472s
0823 22:46:36 ds4-server: chat ctx=0..121:121 prefill chunk 12/121 (9.9%) chunk=22.98 t/s avg=23.28 t/s 0.515s
0823 22:46:36 ds4-server: chat ctx=0..121:121 prefill chunk 13/121 (10.7%) chunk=23.55 t/s avg=23.30 t/s 0.558s
0823 22:46:36 ds4-server: chat ctx=0..121:121 prefill chunk 14/121 (11.6%) chunk=23.91 t/s avg=23.35 t/s 0.600s
0823 22:46:36 ds4-server: chat ctx=0..121:121 prefill chunk 15/121 (12.4%) chunk=23.61 t/s avg=23.36 t/s 0.642s
0823 22:46:36 ds4-server: chat ctx=0..121:121 prefill chunk 16/121 (13.2%) chunk=22.97 t/s avg=23.34 t/s 0.686s
0823 22:46:36 ds4-server: chat ctx=0..121:121 prefill chunk 17/121 (14.0%) chunk=23.87 t/s avg=23.37 t/s 0.727s
0823 22:46:36 ds4-server: chat ctx=0..121:121 prefill chunk 18/121 (14.9%) chunk=23.48 t/s avg=23.37 t/s 0.770s
0823 22:46:36 ds4-server: chat ctx=0..121:121 prefill chunk 19/121 (15.7%) chunk=23.07 t/s avg=23.36 t/s 0.813s
0823 22:46:36 ds4-server: chat ctx=0..121:121 prefill chunk 20/121 (16.5%) chunk=23.07 t/s avg=23.34 t/s 0.857s
0823 22:46:36 ds4-server: chat ctx=0..121:121 prefill chunk 21/121 (17.4%) chunk=23.86 t/s avg=23.37 t/s 0.899s
0823 22:46:37 ds4-server: chat ctx=0..121:121 prefill chunk 22/121 (18.2%) chunk=23.46 t/s avg=23.37 t/s 0.941s
0823 22:46:37 ds4-server: chat ctx=0..121:121 prefill chunk 23/121 (19.0%) chunk=23.04 t/s avg=23.36 t/s 0.985s
0823 22:46:37 ds4-server: chat ctx=0..121:121 prefill chunk 24/121 (19.8%) chunk=23.63 t/s avg=23.37 t/s 1.027s
0823 22:46:37 ds4-server: chat ctx=0..121:121 prefill chunk 25/121 (20.7%) chunk=23.85 t/s avg=23.39 t/s 1.069s
0823 22:46:37 ds4-server: chat ctx=0..121:121 prefill chunk 26/121 (21.5%) chunk=23.49 t/s avg=23.39 t/s 1.112s
0823 22:46:37 ds4-server: chat ctx=0..121:121 prefill chunk 27/121 (22.3%) chunk=22.76 t/s avg=23.37 t/s 1.155s
0823 22:46:37 ds4-server: chat ctx=0..121:121 prefill chunk 28/121 (23.1%) chunk=23.67 t/s avg=23.38 t/s 1.198s
0823 22:46:37 ds4-server: chat ctx=0..121:121 prefill chunk 29/121 (24.0%) chunk=23.44 t/s avg=23.38 t/s 1.240s
0823 22:46:37 ds4-server: chat ctx=0..121:121 prefill chunk 30/121 (24.8%) chunk=22.84 t/s avg=23.36 t/s 1.284s
0823 22:46:37 ds4-server: chat ctx=0..121:121 prefill chunk 31/121 (25.6%) chunk=23.56 t/s avg=23.37 t/s 1.327s
0823 22:46:37 ds4-server: chat ctx=0..121:121 prefill chunk 32/121 (26.4%) chunk=23.82 t/s avg=23.38 t/s 1.369s
0823 22:46:37 ds4-server: chat ctx=0..121:121 prefill chunk 33/121 (27.3%) chunk=23.51 t/s avg=23.39 t/s 1.411s
0823 22:46:37 ds4-server: chat ctx=0..121:121 prefill chunk 34/121 (28.1%) chunk=22.57 t/s avg=23.36 t/s 1.455s
0823 22:46:37 ds4-server: chat ctx=0..121:121 prefill chunk 35/121 (28.9%) chunk=23.69 t/s avg=23.37 t/s 1.498s
0823 22:46:37 ds4-server: chat ctx=0..121:121 prefill chunk 36/121 (29.8%) chunk=23.70 t/s avg=23.38 t/s 1.540s
0823 22:46:37 ds4-server: chat ctx=0..121:121 prefill chunk 37/121 (30.6%) chunk=22.81 t/s avg=23.36 t/s 1.584s
0823 22:46:37 ds4-server: chat ctx=0..121:121 prefill chunk 38/121 (31.4%) chunk=23.46 t/s avg=23.37 t/s 1.626s
0823 22:46:37 ds4-server: chat ctx=0..121:121 prefill chunk 39/121 (32.2%) chunk=23.91 t/s avg=23.38 t/s 1.668s
0823 22:46:37 ds4-server: chat ctx=0..121:121 prefill chunk 40/121 (33.1%) chunk=23.33 t/s avg=23.38 t/s 1.711s
0823 22:46:37 ds4-server: chat ctx=0..121:121 prefill chunk 41/121 (33.9%) chunk=22.77 t/s avg=23.36 t/s 1.755s
0823 22:46:37 ds4-server: chat ctx=0..121:121 prefill chunk 42/121 (34.7%) chunk=23.78 t/s avg=23.37 t/s 1.797s
0823 22:46:37 ds4-server: chat ctx=0..121:121 prefill chunk 43/121 (35.5%) chunk=23.35 t/s avg=23.37 t/s 1.840s
0823 22:46:37 ds4-server: chat ctx=0..121:121 prefill chunk 44/121 (36.4%) chunk=22.97 t/s avg=23.36 t/s 1.883s
0823 22:46:37 ds4-server: chat ctx=0..121:121 prefill chunk 45/121 (37.2%) chunk=23.52 t/s avg=23.37 t/s 1.926s
0823 22:46:38 ds4-server: chat ctx=0..121:121 prefill chunk 46/121 (38.0%) chunk=23.72 t/s avg=23.37 t/s 1.968s
0823 22:46:38 ds4-server: chat ctx=0..121:121 prefill chunk 47/121 (38.8%) chunk=21.84 t/s avg=23.34 t/s 2.014s
0823 22:46:38 ds4-server: chat ctx=0..121:121 prefill chunk 48/121 (39.7%) chunk=22.99 t/s avg=23.33 t/s 2.057s
0823 22:46:38 ds4-server: chat ctx=0..121:121 prefill chunk 49/121 (40.5%) chunk=23.77 t/s avg=23.34 t/s 2.099s
0823 22:46:38 ds4-server: chat ctx=0..121:121 prefill chunk 50/121 (41.3%) chunk=23.36 t/s avg=23.34 t/s 2.142s
0823 22:46:38 ds4-server: chat ctx=0..121:121 prefill chunk 51/121 (42.1%) chunk=22.97 t/s avg=23.33 t/s 2.186s
0823 22:46:38 ds4-server: chat ctx=0..121:121 prefill chunk 52/121 (43.0%) chunk=23.68 t/s avg=23.34 t/s 2.228s
0823 22:46:38 ds4-server: chat ctx=0..121:121 prefill chunk 53/121 (43.8%) chunk=23.70 t/s avg=23.35 t/s 2.270s
0823 22:46:38 ds4-server: chat ctx=0..121:121 prefill chunk 54/121 (44.6%) chunk=22.98 t/s avg=23.34 t/s 2.314s
0823 22:46:38 ds4-server: chat ctx=0..121:121 prefill chunk 55/121 (45.5%) chunk=22.78 t/s avg=23.33 t/s 2.358s
0823 22:46:38 ds4-server: chat ctx=0..121:121 prefill chunk 56/121 (46.3%) chunk=23.68 t/s avg=23.34 t/s 2.400s
0823 22:46:38 ds4-server: chat ctx=0..121:121 prefill chunk 57/121 (47.1%) chunk=23.34 t/s avg=23.34 t/s 2.443s
0823 22:46:38 ds4-server: chat ctx=0..121:121 prefill chunk 58/121 (47.9%) chunk=22.31 t/s avg=23.32 t/s 2.487s
0823 22:46:38 ds4-server: chat ctx=0..121:121 prefill chunk 59/121 (48.8%) chunk=23.75 t/s avg=23.32 t/s 2.530s
0823 22:46:38 ds4-server: chat ctx=0..121:121 prefill chunk 60/121 (49.6%) chunk=23.27 t/s avg=23.32 t/s 2.573s
0823 22:46:38 ds4-server: chat ctx=0..121:121 prefill chunk 61/121 (50.4%) chunk=22.92 t/s avg=23.32 t/s 2.616s
0823 22:46:38 ds4-server: chat ctx=0..121:121 prefill chunk 62/121 (51.2%) chunk=23.71 t/s avg=23.32 t/s 2.658s
0823 22:46:38 ds4-server: chat ctx=0..121:121 prefill chunk 63/121 (52.1%) chunk=23.71 t/s avg=23.33 t/s 2.700s
0823 22:46:38 ds4-server: chat ctx=0..121:121 prefill chunk 64/121 (52.9%) chunk=23.42 t/s avg=23.33 t/s 2.743s
0823 22:46:38 ds4-server: chat ctx=0..121:121 prefill chunk 65/121 (53.7%) chunk=22.65 t/s avg=23.32 t/s 2.787s
0823 22:46:38 ds4-server: chat ctx=0..121:121 prefill chunk 66/121 (54.5%) chunk=23.82 t/s avg=23.33 t/s 2.829s
0823 22:46:38 ds4-server: chat ctx=0..121:121 prefill chunk 67/121 (55.4%) chunk=23.40 t/s avg=23.33 t/s 2.872s
0823 22:46:38 ds4-server: chat ctx=0..121:121 prefill chunk 68/121 (56.2%) chunk=22.85 t/s avg=23.32 t/s 2.916s
0823 22:46:39 ds4-server: chat ctx=0..121:121 prefill chunk 69/121 (57.0%) chunk=23.75 t/s avg=23.33 t/s 2.958s
0823 22:46:39 ds4-server: chat ctx=0..121:121 prefill chunk 70/121 (57.9%) chunk=23.68 t/s avg=23.33 t/s 3.000s
0823 22:46:39 ds4-server: chat ctx=0..121:121 prefill chunk 71/121 (58.7%) chunk=23.42 t/s avg=23.33 t/s 3.043s
0823 22:46:39 ds4-server: chat ctx=0..121:121 prefill chunk 72/121 (59.5%) chunk=22.47 t/s avg=23.32 t/s 3.087s
0823 22:46:39 ds4-server: chat ctx=0..121:121 prefill chunk 73/121 (60.3%) chunk=23.75 t/s avg=23.33 t/s 3.129s
0823 22:46:39 ds4-server: chat ctx=0..121:121 prefill chunk 74/121 (61.2%) chunk=23.43 t/s avg=23.33 t/s 3.172s
0823 22:46:39 ds4-server: chat ctx=0..121:121 prefill chunk 75/121 (62.0%) chunk=22.45 t/s avg=23.32 t/s 3.217s
0823 22:46:39 ds4-server: chat ctx=0..121:121 prefill chunk 76/121 (62.8%) chunk=23.20 t/s avg=23.31 t/s 3.260s
0823 22:46:39 ds4-server: chat ctx=0..121:121 prefill chunk 77/121 (63.6%) chunk=23.69 t/s avg=23.32 t/s 3.302s
0823 22:46:39 ds4-server: chat ctx=0..121:121 prefill chunk 78/121 (64.5%) chunk=23.40 t/s avg=23.32 t/s 3.345s
0823 22:46:39 ds4-server: chat ctx=0..121:121 prefill chunk 79/121 (65.3%) chunk=22.63 t/s avg=23.31 t/s 3.389s
0823 22:46:39 ds4-server: chat ctx=0..121:121 prefill chunk 80/121 (66.1%) chunk=23.41 t/s avg=23.31 t/s 3.432s
0823 22:46:39 ds4-server: chat ctx=0..121:121 prefill chunk 81/121 (66.9%) chunk=23.15 t/s avg=23.31 t/s 3.475s
0823 22:46:39 ds4-server: chat ctx=0..121:121 prefill chunk 82/121 (67.8%) chunk=22.84 t/s avg=23.30 t/s 3.519s
0823 22:46:39 ds4-server: chat ctx=0..121:121 prefill chunk 83/121 (68.6%) chunk=23.48 t/s avg=23.31 t/s 3.561s
0823 22:46:39 ds4-server: chat ctx=0..121:121 prefill chunk 84/121 (69.4%) chunk=23.59 t/s avg=23.31 t/s 3.604s
0823 22:46:39 ds4-server: chat ctx=0..121:121 prefill chunk 85/121 (70.2%) chunk=22.34 t/s avg=23.30 t/s 3.648s
0823 22:46:39 ds4-server: chat ctx=0..121:121 prefill chunk 86/121 (71.1%) chunk=23.10 t/s avg=23.30 t/s 3.692s
0823 22:46:39 ds4-server: chat ctx=0..121:121 prefill chunk 87/121 (71.9%) chunk=23.74 t/s avg=23.30 t/s 3.734s
0823 22:46:39 ds4-server: chat ctx=0..121:121 prefill chunk 88/121 (72.7%) chunk=23.53 t/s avg=23.30 t/s 3.776s
0823 22:46:39 ds4-server: chat ctx=0..121:121 prefill chunk 89/121 (73.6%) chunk=22.41 t/s avg=23.29 t/s 3.821s
0823 22:46:39 ds4-server: chat ctx=0..121:121 prefill chunk 90/121 (74.4%) chunk=23.56 t/s avg=23.30 t/s 3.863s
0823 22:46:39 ds4-server: chat ctx=0..121:121 prefill chunk 91/121 (75.2%) chunk=23.25 t/s avg=23.30 t/s 3.906s
0823 22:46:40 ds4-server: chat ctx=0..121:121 prefill chunk 92/121 (76.0%) chunk=22.64 t/s avg=23.29 t/s 3.951s
0823 22:46:40 ds4-server: chat ctx=0..121:121 prefill chunk 93/121 (76.9%) chunk=23.43 t/s avg=23.29 t/s 3.993s
0823 22:46:40 ds4-server: chat ctx=0..121:121 prefill chunk 94/121 (77.7%) chunk=23.44 t/s avg=23.29 t/s 4.036s
0823 22:46:40 ds4-server: chat ctx=0..121:121 prefill chunk 95/121 (78.5%) chunk=22.85 t/s avg=23.29 t/s 4.080s
0823 22:46:40 ds4-server: chat ctx=0..121:121 prefill chunk 96/121 (79.3%) chunk=22.78 t/s avg=23.28 t/s 4.124s
0823 22:46:40 ds4-server: chat ctx=0..121:121 prefill chunk 97/121 (80.2%) chunk=23.50 t/s avg=23.28 t/s 4.166s
0823 22:46:40 ds4-server: chat ctx=0..121:121 prefill chunk 98/121 (81.0%) chunk=23.28 t/s avg=23.28 t/s 4.209s
0823 22:46:40 ds4-server: chat ctx=0..121:121 prefill chunk 99/121 (81.8%) chunk=22.30 t/s avg=23.27 t/s 4.254s
0823 22:46:40 ds4-server: chat ctx=0..121:121 prefill chunk 100/121 (82.6%) chunk=23.57 t/s avg=23.28 t/s 4.296s
0823 22:46:40 ds4-server: chat ctx=0..121:121 prefill chunk 101/121 (83.5%) chunk=23.09 t/s avg=23.27 t/s 4.340s
0823 22:46:40 ds4-server: chat ctx=0..121:121 prefill chunk 102/121 (84.3%) chunk=22.54 t/s avg=23.27 t/s 4.384s
0823 22:46:40 ds4-server: chat ctx=0..121:121 prefill chunk 103/121 (85.1%) chunk=23.24 t/s avg=23.27 t/s 4.427s
0823 22:46:40 ds4-server: chat ctx=0..121:121 prefill chunk 104/121 (86.0%) chunk=23.56 t/s avg=23.27 t/s 4.469s
0823 22:46:40 ds4-server: chat ctx=0..121:121 prefill chunk 105/121 (86.8%) chunk=22.74 t/s avg=23.26 t/s 4.513s
0823 22:46:40 ds4-server: chat ctx=0..121:121 prefill chunk 106/121 (87.6%) chunk=22.88 t/s avg=23.26 t/s 4.557s
0823 22:46:40 ds4-server: chat ctx=0..121:121 prefill chunk 107/121 (88.4%) chunk=23.42 t/s avg=23.26 t/s 4.600s
0823 22:46:40 ds4-server: chat ctx=0..121:121 prefill chunk 108/121 (89.3%) chunk=23.19 t/s avg=23.26 t/s 4.643s
0823 22:46:40 ds4-server: chat ctx=0..121:121 prefill chunk 109/121 (90.1%) chunk=22.59 t/s avg=23.25 t/s 4.687s
0823 22:46:40 ds4-server: chat ctx=0..121:121 prefill chunk 110/121 (90.9%) chunk=23.68 t/s avg=23.26 t/s 4.729s
0823 22:46:40 ds4-server: chat ctx=0..121:121 prefill chunk 111/121 (91.7%) chunk=23.41 t/s avg=23.26 t/s 4.772s
0823 22:46:40 ds4-server: chat ctx=0..121:121 prefill chunk 112/121 (92.6%) chunk=23.05 t/s avg=23.26 t/s 4.816s
0823 22:46:40 ds4-server: chat ctx=0..121:121 prefill chunk 113/121 (93.4%) chunk=22.97 t/s avg=23.26 t/s 4.859s
0823 22:46:40 ds4-server: chat ctx=0..121:121 prefill chunk 114/121 (94.2%) chunk=23.59 t/s avg=23.26 t/s 4.901s
0823 22:46:41 ds4-server: chat ctx=0..121:121 prefill chunk 115/121 (95.0%) chunk=23.40 t/s avg=23.26 t/s 4.944s
0823 22:46:41 ds4-server: chat ctx=0..121:121 prefill chunk 116/121 (95.9%) chunk=22.51 t/s avg=23.25 t/s 4.989s
0823 22:46:41 ds4-server: chat ctx=0..121:121 prefill chunk 117/121 (96.7%) chunk=23.65 t/s avg=23.26 t/s 5.031s
0823 22:46:41 ds4-server: chat ctx=0..121:121 prefill chunk 118/121 (97.5%) chunk=23.34 t/s avg=23.26 t/s 5.074s
0823 22:46:41 ds4-server: chat ctx=0..121:121 prefill chunk 119/121 (98.3%) chunk=22.85 t/s avg=23.25 t/s 5.118s
0823 22:46:41 ds4-server: chat ctx=0..121:121 prefill chunk 120/121 (99.2%) chunk=23.33 t/s avg=23.25 t/s 5.160s
0823 22:46:41 ds4-server: chat ctx=0..121:121 prefill chunk 121/121 (100.0%) chunk=23.54 t/s avg=23.26 t/s 5.203s
0823 22:46:41 ds4-server: chat ctx=0..121:121 prompt done 5.203s
0823 22:46:43 ds4-server: chat ctx=121..171:50 gen=50 THINKING decoding chunk=23.12 t/s avg=23.12 t/s 2.163s
0823 22:46:45 ds4-server: chat ctx=171..221:50 gen=100 THINKING decoding chunk=22.95 t/s avg=23.04 t/s 4.341s
0823 22:46:47 ds4-server: chat ctx=221..271:50 gen=150 THINKING decoding chunk=22.78 t/s avg=22.95 t/s 6.536s
0823 22:46:50 ds4-server: chat ctx=271..321:50 gen=200 THINKING decoding chunk=22.42 t/s avg=22.81 t/s 8.766s
0823 22:46:52 ds4-server: chat ctx=321..371:50 gen=250 THINKING decoding chunk=22.43 t/s avg=22.74 t/s 10.996s
0823 22:46:54 ds4-server: chat ctx=371..421:50 gen=300 THINKING decoding chunk=22.38 t/s avg=22.68 t/s 13.230s
0823 22:46:56 ds4-server: chat ctx=421..471:50 gen=350 THINKING decoding chunk=22.22 t/s avg=22.61 t/s 15.481s
0823 22:46:59 ds4-server: chat ctx=471..521:50 gen=400 THINKING decoding chunk=22.09 t/s avg=22.54 t/s 17.744s
0823 22:47:01 ds4-server: chat ctx=521..571:50 gen=450 THINKING decoding chunk=21.89 t/s avg=22.47 t/s 20.028s
0823 22:47:03 ds4-server: chat ctx=571..621:50 gen=500 THINKING decoding chunk=21.74 t/s avg=22.39 t/s 22.328s
0823 22:47:05 ds4-server: chat ctx=621..671:50 gen=550 THINKING decoding chunk=21.62 t/s avg=22.32 t/s 24.640s
0823 22:47:08 ds4-server: chat ctx=671..721:50 gen=600 THINKING decoding chunk=21.56 t/s avg=22.26 t/s 26.960s
0823 22:47:10 ds4-server: chat ctx=721..771:50 gen=650 THINKING decoding chunk=21.36 t/s avg=22.18 t/s 29.301s
0823 22:47:12 ds4-server: chat ctx=771..821:50 gen=700 THINKING decoding chunk=21.18 t/s avg=22.11 t/s 31.661s
0823 22:47:15 ds4-server: chat ctx=821..871:50 gen=750 THINKING decoding chunk=21.07 t/s avg=22.04 t/s 34.033s
0823 22:47:17 ds4-server: chat ctx=871..921:50 gen=800 THINKING decoding chunk=20.96 t/s avg=21.97 t/s 36.419s
0823 22:47:20 ds4-server: chat ctx=921..971:50 gen=850 THINKING decoding chunk=20.82 t/s avg=21.90 t/s 38.820s
0823 22:47:22 ds4-server: chat ctx=971..1021:50 gen=900 THINKING decoding chunk=20.74 t/s avg=21.83 t/s 41.231s
0823 22:47:24 ds4-server: chat ctx=1021..1071:50 gen=950 THINKING decoding chunk=20.58 t/s avg=21.76 t/s 43.661s
0823 22:47:27 ds4-server: chat ctx=1071..1121:50 gen=1000 THINKING decoding chunk=20.48 t/s avg=21.69 t/s 46.102s
0823 22:47:29 ds4-server: chat ctx=1121..1171:50 gen=1050 THINKING decoding chunk=20.34 t/s avg=21.62 t/s 48.560s
0823 22:47:32 ds4-server: chat ctx=1171..1221:50 gen=1100 THINKING decoding chunk=20.22 t/s avg=21.55 t/s 51.033s
0823 22:47:34 ds4-server: chat ctx=1221..1271:50 gen=1150 THINKING decoding chunk=20.11 t/s avg=21.49 t/s 53.520s
0823 22:47:37 ds4-server: chat ctx=1271..1321:50 gen=1200 THINKING decoding chunk=19.98 t/s avg=21.42 t/s 56.023s
0823 22:47:39 ds4-server: chat ctx=1321..1371:50 gen=1250 decoding chunk=19.88 t/s avg=21.35 t/s 58.538s
0823 22:47:42 ds4-server: chat ctx=1371..1421:50 gen=1300 decoding chunk=19.74 t/s avg=21.29 t/s 61.072s
0823 22:47:44 ds4-server: chat ctx=1421..1471:50 gen=1350 decoding chunk=19.64 t/s avg=21.22 t/s 63.618s
0823 22:47:47 ds4-server: chat ctx=1471..1521:50 gen=1400 decoding chunk=19.56 t/s avg=21.16 t/s 66.174s
0823 22:47:50 ds4-server: chat ctx=1521..1571:50 gen=1450 decoding chunk=19.43 t/s avg=21.09 t/s 68.747s
0823 22:47:52 ds4-server: chat ctx=1571..1621:50 gen=1500 decoding chunk=19.34 t/s avg=21.03 t/s 71.333s
0823 22:47:54 ds4-server: chat ctx=1621..1654:33 gen=1533 decoding chunk=19.15 t/s avg=20.98 t/s 73.056s
0823 22:47:54 ds4-server: thinking live checkpoint remembered ctx=0..121:121 live=1654 visible=2127
0823 22:47:54 ds4-server: chat ctx=0..121:121 gen=1533 finish=stop 78.259s
0823 22:47:54 ds4-server: live kv cache miss live=1654 prompt=107 common=56 reason=token-mismatch
0823 22:47:54 ds4-server: chat ctx=0..107:107 prompt start
0823 22:47:54 ds4-server: chat ctx=0..107:107 prefill chunk 1/107 (0.9%) chunk=0.00 t/s avg=22.86 t/s 0.044s
0823 22:47:54 ds4-server: chat ctx=0..107:107 prefill chunk 2/107 (1.9%) chunk=22.87 t/s avg=22.86 t/s 0.087s
0823 22:47:54 ds4-server: chat ctx=0..107:107 prefill chunk 3/107 (2.8%) chunk=23.72 t/s avg=23.14 t/s 0.130s
0823 22:47:54 ds4-server: chat ctx=0..107:107 prefill chunk 4/107 (3.7%) chunk=23.67 t/s avg=23.27 t/s 0.172s
0823 22:47:54 ds4-server: chat ctx=0..107:107 prefill chunk 5/107 (4.7%) chunk=23.51 t/s avg=23.32 t/s 0.214s
0823 22:47:54 ds4-server: chat ctx=0..107:107 prefill chunk 6/107 (5.6%) chunk=22.71 t/s avg=23.21 t/s 0.258s
0823 22:47:54 ds4-server: chat ctx=0..107:107 prefill chunk 7/107 (6.5%) chunk=23.77 t/s avg=23.29 t/s 0.301s
0823 22:47:54 ds4-server: chat ctx=0..107:107 prefill chunk 8/107 (7.5%) chunk=23.74 t/s avg=23.35 t/s 0.343s
0823 22:47:54 ds4-server: chat ctx=0..107:107 prefill chunk 9/107 (8.4%) chunk=23.46 t/s avg=23.36 t/s 0.385s
0823 22:47:54 ds4-server: chat ctx=0..107:107 prefill chunk 10/107 (9.3%) chunk=23.03 t/s avg=23.33 t/s 0.429s
0823 22:47:54 ds4-server: chat ctx=0..107:107 prefill chunk 11/107 (10.3%) chunk=23.91 t/s avg=23.38 t/s 0.471s
0823 22:47:54 ds4-server: chat ctx=0..107:107 prefill chunk 12/107 (11.2%) chunk=23.47 t/s avg=23.39 t/s 0.513s
0823 22:47:54 ds4-server: chat ctx=0..107:107 prefill chunk 13/107 (12.1%) chunk=22.82 t/s avg=23.34 t/s 0.557s
0823 22:47:54 ds4-server: chat ctx=0..107:107 prefill chunk 14/107 (13.1%) chunk=23.62 t/s avg=23.36 t/s 0.599s
0823 22:47:54 ds4-server: chat ctx=0..107:107 prefill chunk 15/107 (14.0%) chunk=23.73 t/s avg=23.39 t/s 0.641s
0823 22:47:55 ds4-server: chat ctx=0..107:107 prefill chunk 16/107 (15.0%) chunk=22.99 t/s avg=23.36 t/s 0.685s
0823 22:47:55 ds4-server: chat ctx=0..107:107 prefill chunk 17/107 (15.9%) chunk=23.43 t/s avg=23.36 t/s 0.728s
0823 22:47:55 ds4-server: chat ctx=0..107:107 prefill chunk 18/107 (16.8%) chunk=23.76 t/s avg=23.39 t/s 0.770s
0823 22:47:55 ds4-server: chat ctx=0..107:107 prefill chunk 19/107 (17.8%) chunk=23.64 t/s avg=23.40 t/s 0.812s
0823 22:47:55 ds4-server: chat ctx=0..107:107 prefill chunk 20/107 (18.7%) chunk=23.06 t/s avg=23.38 t/s 0.855s
0823 22:47:55 ds4-server: chat ctx=0..107:107 prefill chunk 21/107 (19.6%) chunk=23.50 t/s avg=23.39 t/s 0.898s
0823 22:47:55 ds4-server: chat ctx=0..107:107 prefill chunk 22/107 (20.6%) chunk=24.01 t/s avg=23.41 t/s 0.940s
0823 22:47:55 ds4-server: chat ctx=0..107:107 prefill chunk 23/107 (21.5%) chunk=23.56 t/s avg=23.42 t/s 0.982s
0823 22:47:55 ds4-server: chat ctx=0..107:107 prefill chunk 24/107 (22.4%) chunk=22.59 t/s avg=23.39 t/s 1.026s
0823 22:47:55 ds4-server: chat ctx=0..107:107 prefill chunk 25/107 (23.4%) chunk=23.86 t/s avg=23.40 t/s 1.068s
0823 22:47:55 ds4-server: chat ctx=0..107:107 prefill chunk 26/107 (24.3%) chunk=23.64 t/s avg=23.41 t/s 1.110s
0823 22:47:55 ds4-server: chat ctx=0..107:107 prefill chunk 27/107 (25.2%) chunk=22.57 t/s avg=23.38 t/s 1.155s
0823 22:47:55 ds4-server: chat ctx=0..107:107 prefill chunk 28/107 (26.2%) chunk=23.66 t/s avg=23.39 t/s 1.197s
0823 22:47:55 ds4-server: chat ctx=0..107:107 prefill chunk 29/107 (27.1%) chunk=23.79 t/s avg=23.40 t/s 1.239s
0823 22:47:55 ds4-server: chat ctx=0..107:107 prefill chunk 30/107 (28.0%) chunk=23.50 t/s avg=23.41 t/s 1.282s
0823 22:47:55 ds4-server: chat ctx=0..107:107 prefill chunk 31/107 (29.0%) chunk=22.66 t/s avg=23.38 t/s 1.326s
0823 22:47:55 ds4-server: chat ctx=0..107:107 prefill chunk 32/107 (29.9%) chunk=23.78 t/s avg=23.39 t/s 1.368s
0823 22:47:55 ds4-server: chat ctx=0..107:107 prefill chunk 33/107 (30.8%) chunk=23.41 t/s avg=23.40 t/s 1.411s
0823 22:47:55 ds4-server: chat ctx=0..107:107 prefill chunk 34/107 (31.8%) chunk=22.95 t/s avg=23.38 t/s 1.454s
0823 22:47:55 ds4-server: chat ctx=0..107:107 prefill chunk 35/107 (32.7%) chunk=23.63 t/s avg=23.39 t/s 1.496s
0823 22:47:55 ds4-server: chat ctx=0..107:107 prefill chunk 36/107 (33.6%) chunk=23.82 t/s avg=23.40 t/s 1.538s
0823 22:47:55 ds4-server: chat ctx=0..107:107 prefill chunk 37/107 (34.6%) chunk=23.47 t/s avg=23.40 t/s 1.581s
0823 22:47:55 ds4-server: chat ctx=0..107:107 prefill chunk 38/107 (35.5%) chunk=22.56 t/s avg=23.38 t/s 1.625s
0823 22:47:55 ds4-server: chat ctx=0..107:107 prefill chunk 39/107 (36.4%) chunk=23.85 t/s avg=23.39 t/s 1.667s
0823 22:47:56 ds4-server: chat ctx=0..107:107 prefill chunk 40/107 (37.4%) chunk=23.44 t/s avg=23.39 t/s 1.710s
0823 22:47:56 ds4-server: chat ctx=0..107:107 prefill chunk 41/107 (38.3%) chunk=23.21 t/s avg=23.39 t/s 1.753s
0823 22:47:56 ds4-server: chat ctx=0..107:107 prefill chunk 42/107 (39.3%) chunk=23.09 t/s avg=23.38 t/s 1.796s
0823 22:47:56 ds4-server: chat ctx=0..107:107 prefill chunk 43/107 (40.2%) chunk=23.84 t/s avg=23.39 t/s 1.838s
0823 22:47:56 ds4-server: chat ctx=0..107:107 prefill chunk 44/107 (41.1%) chunk=23.44 t/s avg=23.39 t/s 1.881s
0823 22:47:56 ds4-server: chat ctx=0..107:107 prefill chunk 45/107 (42.1%) chunk=22.71 t/s avg=23.38 t/s 1.925s
0823 22:47:56 ds4-server: chat ctx=0..107:107 prefill chunk 46/107 (43.0%) chunk=23.74 t/s avg=23.38 t/s 1.967s
0823 22:47:56 ds4-server: chat ctx=0..107:107 prefill chunk 47/107 (43.9%) chunk=23.51 t/s avg=23.39 t/s 2.010s
0823 22:47:56 ds4-server: chat ctx=0..107:107 prefill chunk 48/107 (44.9%) chunk=23.53 t/s avg=23.39 t/s 2.052s
0823 22:47:56 ds4-server: chat ctx=0..107:107 prefill chunk 49/107 (45.8%) chunk=23.13 t/s avg=23.38 t/s 2.095s
0823 22:47:56 ds4-server: chat ctx=0..107:107 prefill chunk 50/107 (46.7%) chunk=23.78 t/s avg=23.39 t/s 2.137s
0823 22:47:56 ds4-server: chat ctx=0..107:107 prefill chunk 51/107 (47.7%) chunk=23.62 t/s avg=23.40 t/s 2.180s
0823 22:47:56 ds4-server: chat ctx=0..107:107 prefill chunk 52/107 (48.6%) chunk=23.17 t/s avg=23.39 t/s 2.223s
0823 22:47:56 ds4-server: chat ctx=0..107:107 prefill chunk 53/107 (49.5%) chunk=23.57 t/s avg=23.40 t/s 2.265s
0823 22:47:56 ds4-server: chat ctx=0..107:107 prefill chunk 54/107 (50.5%) chunk=23.77 t/s avg=23.40 t/s 2.307s
0823 22:47:56 ds4-server: chat ctx=0..107:107 prefill chunk 55/107 (51.4%) chunk=23.54 t/s avg=23.41 t/s 2.350s
0823 22:47:56 ds4-server: chat ctx=0..107:107 prefill chunk 56/107 (52.3%) chunk=22.76 t/s avg=23.39 t/s 2.394s
0823 22:47:56 ds4-server: chat ctx=0..107:107 prefill chunk 57/107 (53.3%) chunk=23.64 t/s avg=23.40 t/s 2.436s
0823 22:47:56 ds4-server: chat ctx=0..107:107 prefill chunk 58/107 (54.2%) chunk=23.69 t/s avg=23.40 t/s 2.478s
0823 22:47:56 ds4-server: chat ctx=0..107:107 prefill chunk 59/107 (55.1%) chunk=22.83 t/s avg=23.39 t/s 2.522s
0823 22:47:56 ds4-server: chat ctx=0..107:107 prefill chunk 60/107 (56.1%) chunk=23.22 t/s avg=23.39 t/s 2.565s
0823 22:47:56 ds4-server: chat ctx=0..107:107 prefill chunk 61/107 (57.0%) chunk=23.78 t/s avg=23.40 t/s 2.607s
0823 22:47:56 ds4-server: chat ctx=0..107:107 prefill chunk 62/107 (57.9%) chunk=23.50 t/s avg=23.40 t/s 2.650s
0823 22:47:57 ds4-server: chat ctx=0..107:107 prefill chunk 63/107 (58.9%) chunk=22.55 t/s avg=23.38 t/s 2.694s
0823 22:47:57 ds4-server: chat ctx=0..107:107 prefill chunk 64/107 (59.8%) chunk=24.09 t/s avg=23.39 t/s 2.736s
0823 22:47:57 ds4-server: chat ctx=0..107:107 prefill chunk 65/107 (60.7%) chunk=23.43 t/s avg=23.39 t/s 2.778s
0823 22:47:57 ds4-server: chat ctx=0..107:107 prefill chunk 66/107 (61.7%) chunk=22.68 t/s avg=23.38 t/s 2.822s
0823 22:47:57 ds4-server: chat ctx=0..107:107 prefill chunk 67/107 (62.6%) chunk=23.46 t/s avg=23.38 t/s 2.865s
0823 22:47:57 ds4-server: chat ctx=0..107:107 prefill chunk 68/107 (63.6%) chunk=23.67 t/s avg=23.39 t/s 2.907s
0823 22:47:57 ds4-server: chat ctx=0..107:107 prefill chunk 69/107 (64.5%) chunk=23.56 t/s avg=23.39 t/s 2.950s
0823 22:47:57 ds4-server: chat ctx=0..107:107 prefill chunk 70/107 (65.4%) chunk=22.72 t/s avg=23.38 t/s 2.994s
0823 22:47:57 ds4-server: chat ctx=0..107:107 prefill chunk 71/107 (66.4%) chunk=23.90 t/s avg=23.39 t/s 3.036s
0823 22:47:57 ds4-server: chat ctx=0..107:107 prefill chunk 72/107 (67.3%) chunk=23.37 t/s avg=23.39 t/s 3.078s
0823 22:47:57 ds4-server: chat ctx=0..107:107 prefill chunk 73/107 (68.2%) chunk=22.87 t/s avg=23.38 t/s 3.122s
0823 22:47:57 ds4-server: chat ctx=0..107:107 prefill chunk 74/107 (69.2%) chunk=23.45 t/s avg=23.38 t/s 3.165s
0823 22:47:57 ds4-server: chat ctx=0..107:107 prefill chunk 75/107 (70.1%) chunk=23.83 t/s avg=23.39 t/s 3.207s
0823 22:47:57 ds4-server: chat ctx=0..107:107 prefill chunk 76/107 (71.0%) chunk=23.60 t/s avg=23.39 t/s 3.249s
0823 22:47:57 ds4-server: chat ctx=0..107:107 prefill chunk 77/107 (72.0%) chunk=22.51 t/s avg=23.38 t/s 3.294s
0823 22:47:57 ds4-server: chat ctx=0..107:107 prefill chunk 78/107 (72.9%) chunk=23.73 t/s avg=23.38 t/s 3.336s
0823 22:47:57 ds4-server: chat ctx=0..107:107 prefill chunk 79/107 (73.8%) chunk=23.44 t/s avg=23.38 t/s 3.378s
0823 22:47:57 ds4-server: chat ctx=0..107:107 prefill chunk 80/107 (74.8%) chunk=22.72 t/s avg=23.38 t/s 3.422s
0823 22:47:57 ds4-server: chat ctx=0..107:107 prefill chunk 81/107 (75.7%) chunk=23.58 t/s avg=23.38 t/s 3.465s
0823 22:47:57 ds4-server: chat ctx=0..107:107 prefill chunk 82/107 (76.6%) chunk=23.64 t/s avg=23.38 t/s 3.507s
0823 22:47:57 ds4-server: chat ctx=0..107:107 prefill chunk 83/107 (77.6%) chunk=23.41 t/s avg=23.38 t/s 3.550s
0823 22:47:57 ds4-server: chat ctx=0..107:107 prefill chunk 84/107 (78.5%) chunk=22.86 t/s avg=23.38 t/s 3.594s
0823 22:47:57 ds4-server: chat ctx=0..107:107 prefill chunk 85/107 (79.4%) chunk=23.84 t/s avg=23.38 t/s 3.636s
0823 22:47:58 ds4-server: chat ctx=0..107:107 prefill chunk 86/107 (80.4%) chunk=23.58 t/s avg=23.38 t/s 3.678s
0823 22:47:58 ds4-server: chat ctx=0..107:107 prefill chunk 87/107 (81.3%) chunk=22.75 t/s avg=23.38 t/s 3.722s
0823 22:47:58 ds4-server: chat ctx=0..107:107 prefill chunk 88/107 (82.2%) chunk=23.41 t/s avg=23.38 t/s 3.765s
0823 22:47:58 ds4-server: chat ctx=0..107:107 prefill chunk 89/107 (83.2%) chunk=23.65 t/s avg=23.38 t/s 3.807s
0823 22:47:58 ds4-server: chat ctx=0..107:107 prefill chunk 90/107 (84.1%) chunk=23.60 t/s avg=23.38 t/s 3.849s
0823 22:47:58 ds4-server: chat ctx=0..107:107 prefill chunk 91/107 (85.0%) chunk=22.65 t/s avg=23.37 t/s 3.893s
0823 22:47:58 ds4-server: chat ctx=0..107:107 prefill chunk 92/107 (86.0%) chunk=23.67 t/s avg=23.38 t/s 3.936s
0823 22:47:58 ds4-server: chat ctx=0..107:107 prefill chunk 93/107 (86.9%) chunk=23.27 t/s avg=23.37 t/s 3.979s
0823 22:47:58 ds4-server: chat ctx=0..107:107 prefill chunk 94/107 (87.9%) chunk=22.83 t/s avg=23.37 t/s 4.022s
0823 22:47:58 ds4-server: chat ctx=0..107:107 prefill chunk 95/107 (88.8%) chunk=23.40 t/s avg=23.37 t/s 4.065s
0823 22:47:58 ds4-server: chat ctx=0..107:107 prefill chunk 96/107 (89.7%) chunk=23.73 t/s avg=23.37 t/s 4.107s
0823 22:47:58 ds4-server: chat ctx=0..107:107 prefill chunk 97/107 (90.7%) chunk=22.89 t/s avg=23.37 t/s 4.151s
0823 22:47:58 ds4-server: chat ctx=0..107:107 prefill chunk 98/107 (91.6%) chunk=22.82 t/s avg=23.36 t/s 4.195s
0823 22:47:58 ds4-server: chat ctx=0..107:107 prefill chunk 99/107 (92.5%) chunk=23.70 t/s avg=23.37 t/s 4.237s
0823 22:47:58 ds4-server: chat ctx=0..107:107 prefill chunk 100/107 (93.5%) chunk=23.35 t/s avg=23.37 t/s 4.280s
0823 22:47:58 ds4-server: chat ctx=0..107:107 prefill chunk 101/107 (94.4%) chunk=22.80 t/s avg=23.36 t/s 4.324s
0823 22:47:58 ds4-server: chat ctx=0..107:107 prefill chunk 102/107 (95.3%) chunk=23.40 t/s avg=23.36 t/s 4.366s
0823 22:47:58 ds4-server: chat ctx=0..107:107 prefill chunk 103/107 (96.3%) chunk=23.80 t/s avg=23.36 t/s 4.408s
0823 22:47:58 ds4-server: chat ctx=0..107:107 prefill chunk 104/107 (97.2%) chunk=23.06 t/s avg=23.36 t/s 4.452s
0823 22:47:58 ds4-server: chat ctx=0..107:107 prefill chunk 105/107 (98.1%) chunk=22.81 t/s avg=23.36 t/s 4.496s
0823 22:47:58 ds4-server: chat ctx=0..107:107 prefill chunk 106/107 (99.1%) chunk=23.71 t/s avg=23.36 t/s 4.538s
0823 22:47:58 ds4-server: chat ctx=0..107:107 prefill chunk 107/107 (100.0%) chunk=23.52 t/s avg=23.36 t/s 4.580s
0823 22:47:58 ds4-server: chat ctx=0..107:107 prompt done 4.580s
0823 22:48:01 ds4-server: chat ctx=107..157:50 gen=50 THINKING decoding chunk=23.17 t/s avg=23.17 t/s 2.158s
0823 22:48:03 ds4-server: chat ctx=157..207:50 gen=100 THINKING decoding chunk=23.00 t/s avg=23.09 t/s 4.332s
0823 22:48:05 ds4-server: chat ctx=207..257:50 gen=150 THINKING decoding chunk=22.80 t/s avg=22.99 t/s 6.525s
0823 22:48:07 ds4-server: chat ctx=257..307:50 gen=200 THINKING decoding chunk=22.67 t/s avg=22.91 t/s 8.730s
0823 22:48:09 ds4-server: chat ctx=307..357:50 gen=250 THINKING decoding chunk=22.46 t/s avg=22.82 t/s 10.956s
0823 22:48:12 ds4-server: chat ctx=357..407:50 gen=300 THINKING decoding chunk=22.36 t/s avg=22.74 t/s 13.192s
0823 22:48:14 ds4-server: chat ctx=407..457:50 gen=350 THINKING decoding chunk=22.26 t/s avg=22.67 t/s 15.438s
0823 22:48:16 ds4-server: chat ctx=457..507:50 gen=400 THINKING decoding chunk=22.11 t/s avg=22.60 t/s 17.699s
0823 22:48:18 ds4-server: chat ctx=507..557:50 gen=450 THINKING decoding chunk=21.93 t/s avg=22.52 t/s 19.979s
0823 22:48:21 ds4-server: chat ctx=557..607:50 gen=500 THINKING decoding chunk=21.81 t/s avg=22.45 t/s 22.272s
0823 22:48:23 ds4-server: chat ctx=607..657:50 gen=550 THINKING decoding chunk=21.65 t/s avg=22.37 t/s 24.581s
0823 22:48:25 ds4-server: chat ctx=657..707:50 gen=600 THINKING decoding chunk=21.52 t/s avg=22.30 t/s 26.904s
0823 22:48:28 ds4-server: chat ctx=707..757:50 gen=650 THINKING decoding chunk=21.37 t/s avg=22.23 t/s 29.244s
0823 22:48:30 ds4-server: chat ctx=757..807:50 gen=700 THINKING decoding chunk=21.23 t/s avg=22.15 t/s 31.599s
0823 22:48:32 ds4-server: chat ctx=807..857:50 gen=750 THINKING decoding chunk=21.11 t/s avg=22.08 t/s 33.968s
0823 22:48:35 ds4-server: chat ctx=857..907:50 gen=800 THINKING decoding chunk=20.98 t/s avg=22.01 t/s 36.351s
0823 22:48:37 ds4-server: chat ctx=907..957:50 gen=850 THINKING decoding chunk=20.83 t/s avg=21.93 t/s 38.751s
0823 22:48:40 ds4-server: chat ctx=957..1007:50 gen=900 THINKING decoding chunk=20.77 t/s avg=21.87 t/s 41.159s
0823 22:48:42 ds4-server: chat ctx=1007..1057:50 gen=950 THINKING decoding chunk=20.61 t/s avg=21.80 t/s 43.585s
0823 22:48:44 ds4-server: chat ctx=1057..1107:50 gen=1000 THINKING decoding chunk=20.49 t/s avg=21.73 t/s 46.025s
0823 22:48:47 ds4-server: chat ctx=1107..1157:50 gen=1050 THINKING decoding chunk=20.43 t/s avg=21.66 t/s 48.472s
0823 22:48:49 ds4-server: chat ctx=1157..1207:50 gen=1100 THINKING decoding chunk=20.58 t/s avg=21.61 t/s 50.903s
0823 22:48:52 ds4-server: chat ctx=1207..1257:50 gen=1150 THINKING decoding chunk=20.43 t/s avg=21.56 t/s 53.350s
0823 22:48:54 ds4-server: chat ctx=1257..1307:50 gen=1200 THINKING decoding chunk=20.38 t/s avg=21.50 t/s 55.804s
0823 22:48:57 ds4-server: chat ctx=1307..1357:50 gen=1250 THINKING decoding chunk=20.05 t/s avg=21.44 t/s 58.298s
0823 22:48:59 ds4-server: chat ctx=1357..1407:50 gen=1300 THINKING decoding chunk=19.90 t/s avg=21.38 t/s 60.810s
0823 22:49:02 ds4-server: chat ctx=1407..1457:50 gen=1350 THINKING decoding chunk=19.66 t/s avg=21.31 t/s 63.354s
0823 22:49:04 ds4-server: chat ctx=1457..1507:50 gen=1400 THINKING decoding chunk=19.58 t/s avg=21.24 t/s 65.908s
0823 22:49:07 ds4-server: chat ctx=1507..1557:50 gen=1450 THINKING decoding chunk=19.47 t/s avg=21.18 t/s 68.477s
0823 22:49:09 ds4-server: chat ctx=1557..1607:50 gen=1500 THINKING decoding chunk=19.37 t/s avg=21.11 t/s 71.057s
0823 22:49:12 ds4-server: chat ctx=1607..1657:50 gen=1550 THINKING decoding chunk=19.20 t/s avg=21.04 t/s 73.661s
0823 22:49:15 ds4-server: chat ctx=1657..1707:50 gen=1600 decoding chunk=19.09 t/s avg=20.98 t/s 76.280s
0823 22:49:17 ds4-server: chat ctx=1707..1757:50 gen=1650 decoding chunk=19.09 t/s avg=20.91 t/s 78.900s
0823 22:49:20 ds4-server: chat ctx=1757..1807:50 gen=1700 decoding chunk=18.95 t/s avg=20.85 t/s 81.539s
0823 22:49:23 ds4-server: chat ctx=1807..1857:50 gen=1750 decoding chunk=18.81 t/s avg=20.78 t/s 84.198s
0823 22:49:25 ds4-server: chat ctx=1857..1907:50 gen=1800 decoding chunk=18.74 t/s avg=20.72 t/s 86.866s
0823 22:49:27 ds4-server: chat ctx=1907..1930:23 gen=1823 decoding chunk=18.70 t/s avg=20.69 t/s 88.096s
0823 22:49:27 ds4-server: thinking live checkpoint remembered ctx=0..107:107 live=1930 visible=1681
0823 22:49:27 ds4-server: chat ctx=0..107:107 gen=1823 finish=stop 92.676s
0823 22:49:27 ds4-server: live kv cache miss live=1930 prompt=134 common=56 reason=token-mismatch
0823 22:49:27 ds4-server: chat ctx=0..134:134 prompt start
0823 22:49:27 ds4-server: chat ctx=0..134:134 prefill chunk 1/134 (0.7%) chunk=0.00 t/s avg=22.00 t/s 0.045s
0823 22:49:27 ds4-server: chat ctx=0..134:134 prefill chunk 2/134 (1.5%) chunk=23.70 t/s avg=22.82 t/s 0.088s
0823 22:49:27 ds4-server: chat ctx=0..134:134 prefill chunk 3/134 (2.2%) chunk=23.29 t/s avg=22.97 t/s 0.131s
0823 22:49:27 ds4-server: chat ctx=0..134:134 prefill chunk 4/134 (3.0%) chunk=23.10 t/s avg=23.00 t/s 0.174s
0823 22:49:27 ds4-server: chat ctx=0..134:134 prefill chunk 5/134 (3.7%) chunk=23.69 t/s avg=23.14 t/s 0.216s
0823 22:49:27 ds4-server: chat ctx=0..134:134 prefill chunk 6/134 (4.5%) chunk=23.88 t/s avg=23.26 t/s 0.258s
0823 22:49:27 ds4-server: chat ctx=0..134:134 prefill chunk 7/134 (5.2%) chunk=23.52 t/s avg=23.30 t/s 0.300s
0823 22:49:27 ds4-server: chat ctx=0..134:134 prefill chunk 8/134 (6.0%) chunk=22.62 t/s avg=23.21 t/s 0.345s
0823 22:49:27 ds4-server: chat ctx=0..134:134 prefill chunk 9/134 (6.7%) chunk=24.00 t/s avg=23.29 t/s 0.386s
0823 22:49:27 ds4-server: chat ctx=0..134:134 prefill chunk 10/134 (7.5%) chunk=23.54 t/s avg=23.32 t/s 0.429s
0823 22:49:27 ds4-server: chat ctx=0..134:134 prefill chunk 11/134 (8.2%) chunk=23.30 t/s avg=23.32 t/s 0.472s
0823 22:49:27 ds4-server: chat ctx=0..134:134 prefill chunk 12/134 (9.0%) chunk=23.38 t/s avg=23.32 t/s 0.515s
0823 22:49:27 ds4-server: chat ctx=0..134:134 prefill chunk 13/134 (9.7%) chunk=23.78 t/s avg=23.36 t/s 0.557s
0823 22:49:27 ds4-server: chat ctx=0..134:134 prefill chunk 14/134 (10.4%) chunk=23.66 t/s avg=23.38 t/s 0.599s
0823 22:49:27 ds4-server: chat ctx=0..134:134 prefill chunk 15/134 (11.2%) chunk=22.91 t/s avg=23.35 t/s 0.642s
0823 22:49:27 ds4-server: chat ctx=0..134:134 prefill chunk 16/134 (11.9%) chunk=23.66 t/s avg=23.37 t/s 0.685s
0823 22:49:27 ds4-server: chat ctx=0..134:134 prefill chunk 17/134 (12.7%) chunk=23.81 t/s avg=23.39 t/s 0.727s
0823 22:49:27 ds4-server: chat ctx=0..134:134 prefill chunk 18/134 (13.4%) chunk=23.64 t/s avg=23.41 t/s 0.769s
0823 22:49:27 ds4-server: chat ctx=0..134:134 prefill chunk 19/134 (14.2%) chunk=22.74 t/s avg=23.37 t/s 0.813s
0823 22:49:27 ds4-server: chat ctx=0..134:134 prefill chunk 20/134 (14.9%) chunk=23.83 t/s avg=23.39 t/s 0.855s
0823 22:49:27 ds4-server: chat ctx=0..134:134 prefill chunk 21/134 (15.7%) chunk=23.38 t/s avg=23.39 t/s 0.898s
0823 22:49:27 ds4-server: chat ctx=0..134:134 prefill chunk 22/134 (16.4%) chunk=22.93 t/s avg=23.37 t/s 0.941s
0823 22:49:27 ds4-server: chat ctx=0..134:134 prefill chunk 23/134 (17.2%) chunk=23.73 t/s avg=23.39 t/s 0.984s
0823 22:49:28 ds4-server: chat ctx=0..134:134 prefill chunk 24/134 (17.9%) chunk=23.67 t/s avg=23.40 t/s 1.026s
0823 22:49:28 ds4-server: chat ctx=0..134:134 prefill chunk 25/134 (18.7%) chunk=23.60 t/s avg=23.41 t/s 1.068s
0823 22:49:28 ds4-server: chat ctx=0..134:134 prefill chunk 26/134 (19.4%) chunk=22.59 t/s avg=23.37 t/s 1.112s
0823 22:49:28 ds4-server: chat ctx=0..134:134 prefill chunk 27/134 (20.1%) chunk=23.92 t/s avg=23.39 t/s 1.154s
0823 22:49:28 ds4-server: chat ctx=0..134:134 prefill chunk 28/134 (20.9%) chunk=23.44 t/s avg=23.39 t/s 1.197s
0823 22:49:28 ds4-server: chat ctx=0..134:134 prefill chunk 29/134 (21.6%) chunk=22.88 t/s avg=23.38 t/s 1.241s
0823 22:49:28 ds4-server: chat ctx=0..134:134 prefill chunk 30/134 (22.4%) chunk=23.53 t/s avg=23.38 t/s 1.283s
0823 22:49:28 ds4-server: chat ctx=0..134:134 prefill chunk 31/134 (23.1%) chunk=24.02 t/s avg=23.40 t/s 1.325s
0823 22:49:28 ds4-server: chat ctx=0..134:134 prefill chunk 32/134 (23.9%) chunk=23.64 t/s avg=23.41 t/s 1.367s
0823 22:49:28 ds4-server: chat ctx=0..134:134 prefill chunk 33/134 (24.6%) chunk=22.58 t/s avg=23.38 t/s 1.411s
0823 22:49:28 ds4-server: chat ctx=0..134:134 prefill chunk 34/134 (25.4%) chunk=23.98 t/s avg=23.40 t/s 1.453s
0823 22:49:28 ds4-server: chat ctx=0..134:134 prefill chunk 35/134 (26.1%) chunk=23.94 t/s avg=23.42 t/s 1.495s
0823 22:49:28 ds4-server: chat ctx=0..134:134 prefill chunk 36/134 (26.9%) chunk=23.08 t/s avg=23.41 t/s 1.538s
0823 22:49:28 ds4-server: chat ctx=0..134:134 prefill chunk 37/134 (27.6%) chunk=23.13 t/s avg=23.40 t/s 1.581s
0823 22:49:28 ds4-server: chat ctx=0..134:134 prefill chunk 38/134 (28.4%) chunk=23.88 t/s avg=23.41 t/s 1.623s
0823 22:49:28 ds4-server: chat ctx=0..134:134 prefill chunk 39/134 (29.1%) chunk=23.71 t/s avg=23.42 t/s 1.665s
0823 22:49:28 ds4-server: chat ctx=0..134:134 prefill chunk 40/134 (29.9%) chunk=22.82 t/s avg=23.40 t/s 1.709s
0823 22:49:28 ds4-server: chat ctx=0..134:134 prefill chunk 41/134 (30.6%) chunk=23.46 t/s avg=23.40 t/s 1.752s
0823 22:49:28 ds4-server: chat ctx=0..134:134 prefill chunk 42/134 (31.3%) chunk=23.74 t/s avg=23.41 t/s 1.794s
0823 22:49:28 ds4-server: chat ctx=0..134:134 prefill chunk 43/134 (32.1%) chunk=23.07 t/s avg=23.40 t/s 1.837s
0823 22:49:28 ds4-server: chat ctx=0..134:134 prefill chunk 44/134 (32.8%) chunk=23.07 t/s avg=23.40 t/s 1.881s
0823 22:49:28 ds4-server: chat ctx=0..134:134 prefill chunk 45/134 (33.6%) chunk=23.95 t/s avg=23.41 t/s 1.922s
0823 22:49:28 ds4-server: chat ctx=0..134:134 prefill chunk 46/134 (34.3%) chunk=23.34 t/s avg=23.41 t/s 1.965s
0823 22:49:29 ds4-server: chat ctx=0..134:134 prefill chunk 47/134 (35.1%) chunk=22.83 t/s avg=23.39 t/s 2.009s
0823 22:49:29 ds4-server: chat ctx=0..134:134 prefill chunk 48/134 (35.8%) chunk=23.90 t/s avg=23.40 t/s 2.051s
0823 22:49:29 ds4-server: chat ctx=0..134:134 prefill chunk 49/134 (36.6%) chunk=24.15 t/s avg=23.42 t/s 2.092s
0823 22:49:29 ds4-server: chat ctx=0..134:134 prefill chunk 50/134 (37.3%) chunk=23.88 t/s avg=23.43 t/s 2.134s
0823 22:49:29 ds4-server: chat ctx=0..134:134 prefill chunk 51/134 (38.1%) chunk=23.35 t/s avg=23.43 t/s 2.177s
0823 22:49:29 ds4-server: chat ctx=0..134:134 prefill chunk 52/134 (38.8%) chunk=23.88 t/s avg=23.44 t/s 2.219s
0823 22:49:29 ds4-server: chat ctx=0..134:134 prefill chunk 53/134 (39.6%) chunk=24.15 t/s avg=23.45 t/s 2.260s
0823 22:49:29 ds4-server: chat ctx=0..134:134 prefill chunk 54/134 (40.3%) chunk=23.88 t/s avg=23.46 t/s 2.302s
0823 22:49:29 ds4-server: chat ctx=0..134:134 prefill chunk 55/134 (41.0%) chunk=22.93 t/s avg=23.45 t/s 2.346s
0823 22:49:29 ds4-server: chat ctx=0..134:134 prefill chunk 56/134 (41.8%) chunk=23.82 t/s avg=23.45 t/s 2.388s
0823 22:49:29 ds4-server: chat ctx=0..134:134 prefill chunk 57/134 (42.5%) chunk=23.47 t/s avg=23.45 t/s 2.430s
0823 22:49:29 ds4-server: chat ctx=0..134:134 prefill chunk 58/134 (43.3%) chunk=22.64 t/s avg=23.44 t/s 2.474s
0823 22:49:29 ds4-server: chat ctx=0..134:134 prefill chunk 59/134 (44.0%) chunk=23.43 t/s avg=23.44 t/s 2.517s
0823 22:49:29 ds4-server: chat ctx=0..134:134 prefill chunk 60/134 (44.8%) chunk=23.49 t/s avg=23.44 t/s 2.560s
0823 22:49:29 ds4-server: chat ctx=0..134:134 prefill chunk 61/134 (45.5%) chunk=23.40 t/s avg=23.44 t/s 2.602s
0823 22:49:29 ds4-server: chat ctx=0..134:134 prefill chunk 62/134 (46.3%) chunk=22.55 t/s avg=23.42 t/s 2.647s
0823 22:49:29 ds4-server: chat ctx=0..134:134 prefill chunk 63/134 (47.0%) chunk=23.63 t/s avg=23.43 t/s 2.689s
0823 22:49:29 ds4-server: chat ctx=0..134:134 prefill chunk 64/134 (47.8%) chunk=23.46 t/s avg=23.43 t/s 2.732s
0823 22:49:29 ds4-server: chat ctx=0..134:134 prefill chunk 65/134 (48.5%) chunk=23.03 t/s avg=23.42 t/s 2.775s
0823 22:49:29 ds4-server: chat ctx=0..134:134 prefill chunk 66/134 (49.3%) chunk=23.28 t/s avg=23.42 t/s 2.818s
0823 22:49:29 ds4-server: chat ctx=0..134:134 prefill chunk 67/134 (50.0%) chunk=23.62 t/s avg=23.42 t/s 2.861s
0823 22:49:29 ds4-server: chat ctx=0..134:134 prefill chunk 68/134 (50.7%) chunk=23.03 t/s avg=23.42 t/s 2.904s
0823 22:49:29 ds4-server: chat ctx=0..134:134 prefill chunk 69/134 (51.5%) chunk=23.08 t/s avg=23.41 t/s 2.947s
0823 22:49:29 ds4-server: chat ctx=0..134:134 prefill chunk 70/134 (52.2%) chunk=23.71 t/s avg=23.42 t/s 2.989s
0823 22:49:30 ds4-server: chat ctx=0..134:134 prefill chunk 71/134 (53.0%) chunk=23.61 t/s avg=23.42 t/s 3.032s
0823 22:49:30 ds4-server: chat ctx=0..134:134 prefill chunk 72/134 (53.7%) chunk=22.95 t/s avg=23.41 t/s 3.075s
0823 22:49:30 ds4-server: chat ctx=0..134:134 prefill chunk 73/134 (54.5%) chunk=23.35 t/s avg=23.41 t/s 3.118s
0823 22:49:30 ds4-server: chat ctx=0..134:134 prefill chunk 74/134 (55.2%) chunk=23.76 t/s avg=23.42 t/s 3.160s
0823 22:49:30 ds4-server: chat ctx=0..134:134 prefill chunk 75/134 (56.0%) chunk=23.54 t/s avg=23.42 t/s 3.203s
0823 22:49:30 ds4-server: chat ctx=0..134:134 prefill chunk 76/134 (56.7%) chunk=22.74 t/s avg=23.41 t/s 3.247s
0823 22:49:30 ds4-server: chat ctx=0..134:134 prefill chunk 77/134 (57.5%) chunk=23.66 t/s avg=23.41 t/s 3.289s
0823 22:49:30 ds4-server: chat ctx=0..134:134 prefill chunk 78/134 (58.2%) chunk=23.46 t/s avg=23.41 t/s 3.332s
0823 22:49:30 ds4-server: chat ctx=0..134:134 prefill chunk 79/134 (59.0%) chunk=22.86 t/s avg=23.40 t/s 3.375s
0823 22:49:30 ds4-server: chat ctx=0..134:134 prefill chunk 80/134 (59.7%) chunk=23.68 t/s avg=23.41 t/s 3.418s
0823 22:49:30 ds4-server: chat ctx=0..134:134 prefill chunk 81/134 (60.4%) chunk=23.96 t/s avg=23.41 t/s 3.459s
0823 22:49:30 ds4-server: chat ctx=0..134:134 prefill chunk 82/134 (61.2%) chunk=23.46 t/s avg=23.42 t/s 3.502s
0823 22:49:30 ds4-server: chat ctx=0..134:134 prefill chunk 83/134 (61.9%) chunk=22.32 t/s avg=23.40 t/s 3.547s
0823 22:49:30 ds4-server: chat ctx=0..134:134 prefill chunk 84/134 (62.7%) chunk=23.68 t/s avg=23.40 t/s 3.589s
0823 22:49:30 ds4-server: chat ctx=0..134:134 prefill chunk 85/134 (63.4%) chunk=23.44 t/s avg=23.41 t/s 3.632s
0823 22:49:30 ds4-server: chat ctx=0..134:134 prefill chunk 86/134 (64.2%) chunk=22.75 t/s avg=23.40 t/s 3.676s
0823 22:49:30 ds4-server: chat ctx=0..134:134 prefill chunk 87/134 (64.9%) chunk=23.44 t/s avg=23.40 t/s 3.718s
0823 22:49:30 ds4-server: chat ctx=0..134:134 prefill chunk 88/134 (65.7%) chunk=23.77 t/s avg=23.40 t/s 3.760s
0823 22:49:30 ds4-server: chat ctx=0..134:134 prefill chunk 89/134 (66.4%) chunk=22.96 t/s avg=23.40 t/s 3.804s
0823 22:49:30 ds4-server: chat ctx=0..134:134 prefill chunk 90/134 (67.2%) chunk=22.80 t/s avg=23.39 t/s 3.848s
0823 22:49:30 ds4-server: chat ctx=0..134:134 prefill chunk 91/134 (67.9%) chunk=23.69 t/s avg=23.39 t/s 3.890s
0823 22:49:30 ds4-server: chat ctx=0..134:134 prefill chunk 92/134 (68.7%) chunk=23.52 t/s avg=23.39 t/s 3.933s
0823 22:49:30 ds4-server: chat ctx=0..134:134 prefill chunk 93/134 (69.4%) chunk=22.81 t/s avg=23.39 t/s 3.976s
0823 22:49:31 ds4-server: chat ctx=0..134:134 prefill chunk 94/134 (70.1%) chunk=23.58 t/s avg=23.39 t/s 4.019s
0823 22:49:31 ds4-server: chat ctx=0..134:134 prefill chunk 95/134 (70.9%) chunk=23.62 t/s avg=23.39 t/s 4.061s
0823 22:49:31 ds4-server: chat ctx=0..134:134 prefill chunk 96/134 (71.6%) chunk=23.05 t/s avg=23.39 t/s 4.104s
0823 22:49:31 ds4-server: chat ctx=0..134:134 prefill chunk 97/134 (72.4%) chunk=23.00 t/s avg=23.38 t/s 4.148s
0823 22:49:31 ds4-server: chat ctx=0..134:134 prefill chunk 98/134 (73.1%) chunk=23.81 t/s avg=23.39 t/s 4.190s
0823 22:49:31 ds4-server: chat ctx=0..134:134 prefill chunk 99/134 (73.9%) chunk=23.45 t/s avg=23.39 t/s 4.233s
0823 22:49:31 ds4-server: chat ctx=0..134:134 prefill chunk 100/134 (74.6%) chunk=22.78 t/s avg=23.38 t/s 4.277s
0823 22:49:31 ds4-server: chat ctx=0..134:134 prefill chunk 101/134 (75.4%) chunk=23.39 t/s avg=23.38 t/s 4.319s
0823 22:49:31 ds4-server: chat ctx=0..134:134 prefill chunk 102/134 (76.1%) chunk=23.45 t/s avg=23.38 t/s 4.362s
0823 22:49:31 ds4-server: chat ctx=0..134:134 prefill chunk 103/134 (76.9%) chunk=23.09 t/s avg=23.38 t/s 4.405s
0823 22:49:31 ds4-server: chat ctx=0..134:134 prefill chunk 104/134 (77.6%) chunk=22.93 t/s avg=23.38 t/s 4.449s
0823 22:49:31 ds4-server: chat ctx=0..134:134 prefill chunk 105/134 (78.4%) chunk=23.68 t/s avg=23.38 t/s 4.491s
0823 22:49:31 ds4-server: chat ctx=0..134:134 prefill chunk 106/134 (79.1%) chunk=23.44 t/s avg=23.38 t/s 4.534s
0823 22:49:31 ds4-server: chat ctx=0..134:134 prefill chunk 107/134 (79.9%) chunk=22.76 t/s avg=23.37 t/s 4.578s
0823 22:49:31 ds4-server: chat ctx=0..134:134 prefill chunk 108/134 (80.6%) chunk=23.40 t/s avg=23.37 t/s 4.620s
0823 22:49:31 ds4-server: chat ctx=0..134:134 prefill chunk 109/134 (81.3%) chunk=23.37 t/s avg=23.37 t/s 4.663s
0823 22:49:31 ds4-server: chat ctx=0..134:134 prefill chunk 110/134 (82.1%) chunk=22.69 t/s avg=23.37 t/s 4.707s
0823 22:49:31 ds4-server: chat ctx=0..134:134 prefill chunk 111/134 (82.8%) chunk=23.37 t/s avg=23.37 t/s 4.750s
0823 22:49:31 ds4-server: chat ctx=0..134:134 prefill chunk 112/134 (83.6%) chunk=23.57 t/s avg=23.37 t/s 4.792s
0823 22:49:31 ds4-server: chat ctx=0..134:134 prefill chunk 113/134 (84.3%) chunk=23.40 t/s avg=23.37 t/s 4.835s
0823 22:49:31 ds4-server: chat ctx=0..134:134 prefill chunk 114/134 (85.1%) chunk=22.47 t/s avg=23.36 t/s 4.880s
0823 22:49:31 ds4-server: chat ctx=0..134:134 prefill chunk 115/134 (85.8%) chunk=23.69 t/s avg=23.36 t/s 4.922s
0823 22:49:31 ds4-server: chat ctx=0..134:134 prefill chunk 116/134 (86.6%) chunk=23.36 t/s avg=23.36 t/s 4.965s
0823 22:49:32 ds4-server: chat ctx=0..134:134 prefill chunk 117/134 (87.3%) chunk=22.68 t/s avg=23.36 t/s 5.009s
0823 22:49:32 ds4-server: chat ctx=0..134:134 prefill chunk 118/134 (88.1%) chunk=23.52 t/s avg=23.36 t/s 5.051s
0823 22:49:32 ds4-server: chat ctx=0..134:134 prefill chunk 119/134 (88.8%) chunk=23.60 t/s avg=23.36 t/s 5.094s
0823 22:49:32 ds4-server: chat ctx=0..134:134 prefill chunk 120/134 (89.6%) chunk=22.83 t/s avg=23.36 t/s 5.138s
0823 22:49:32 ds4-server: chat ctx=0..134:134 prefill chunk 121/134 (90.3%) chunk=22.86 t/s avg=23.35 t/s 5.181s
0823 22:49:32 ds4-server: chat ctx=0..134:134 prefill chunk 122/134 (91.0%) chunk=23.54 t/s avg=23.35 t/s 5.224s
0823 22:49:32 ds4-server: chat ctx=0..134:134 prefill chunk 123/134 (91.8%) chunk=23.29 t/s avg=23.35 t/s 5.267s
0823 22:49:32 ds4-server: chat ctx=0..134:134 prefill chunk 124/134 (92.5%) chunk=22.56 t/s avg=23.35 t/s 5.311s
0823 22:49:32 ds4-server: chat ctx=0..134:134 prefill chunk 125/134 (93.3%) chunk=23.49 t/s avg=23.35 t/s 5.354s
0823 22:49:32 ds4-server: chat ctx=0..134:134 prefill chunk 126/134 (94.0%) chunk=23.31 t/s avg=23.35 t/s 5.396s
0823 22:49:32 ds4-server: chat ctx=0..134:134 prefill chunk 127/134 (94.8%) chunk=22.73 t/s avg=23.34 t/s 5.440s
0823 22:49:32 ds4-server: chat ctx=0..134:134 prefill chunk 128/134 (95.5%) chunk=23.42 t/s avg=23.34 t/s 5.483s
0823 22:49:32 ds4-server: chat ctx=0..134:134 prefill chunk 129/134 (96.3%) chunk=23.71 t/s avg=23.35 t/s 5.525s
0823 22:49:32 ds4-server: chat ctx=0..134:134 prefill chunk 130/134 (97.0%) chunk=23.47 t/s avg=23.35 t/s 5.568s
0823 22:49:32 ds4-server: chat ctx=0..134:134 prefill chunk 131/134 (97.8%) chunk=22.37 t/s avg=23.34 t/s 5.613s
0823 22:49:32 ds4-server: chat ctx=0..134:134 prefill chunk 132/134 (98.5%) chunk=23.54 t/s avg=23.34 t/s 5.655s
0823 22:49:32 ds4-server: chat ctx=0..134:134 prefill chunk 133/134 (99.3%) chunk=23.54 t/s avg=23.34 t/s 5.698s
0823 22:49:32 ds4-server: chat ctx=0..134:134 prefill chunk 134/134 (100.0%) chunk=22.62 t/s avg=23.34 t/s 5.742s
0823 22:49:32 ds4-server: chat ctx=0..134:134 prompt done 5.742s
0823 22:49:34 ds4-server: chat ctx=134..184:50 gen=50 THINKING decoding chunk=23.06 t/s avg=23.06 t/s 2.168s
0823 22:49:37 ds4-server: chat ctx=184..234:50 gen=100 THINKING decoding chunk=22.94 t/s avg=23.00 t/s 4.348s
0823 22:49:39 ds4-server: chat ctx=234..284:50 gen=150 THINKING decoding chunk=22.77 t/s avg=22.92 t/s 6.544s
0823 22:49:41 ds4-server: chat ctx=284..334:50 gen=200 THINKING decoding chunk=22.59 t/s avg=22.84 t/s 8.758s
0823 22:49:43 ds4-server: chat ctx=334..384:50 gen=250 THINKING decoding chunk=22.47 t/s avg=22.76 t/s 10.983s
0823 22:49:45 ds4-server: chat ctx=384..434:50 gen=300 THINKING decoding chunk=22.35 t/s avg=22.69 t/s 13.220s
0823 22:49:48 ds4-server: chat ctx=434..484:50 gen=350 THINKING decoding chunk=22.14 t/s avg=22.61 t/s 15.478s
0823 22:49:50 ds4-server: chat ctx=484..534:50 gen=400 THINKING decoding chunk=22.02 t/s avg=22.54 t/s 17.749s
0823 22:49:52 ds4-server: chat ctx=534..584:50 gen=450 THINKING decoding chunk=21.85 t/s avg=22.46 t/s 20.037s
0823 22:49:55 ds4-server: chat ctx=584..634:50 gen=500 THINKING decoding chunk=21.75 t/s avg=22.39 t/s 22.336s
0823 22:49:57 ds4-server: chat ctx=634..684:50 gen=550 THINKING decoding chunk=21.64 t/s avg=22.32 t/s 24.647s
0823 22:49:59 ds4-server: chat ctx=684..734:50 gen=600 THINKING decoding chunk=21.44 t/s avg=22.24 t/s 26.979s
0823 22:50:02 ds4-server: chat ctx=734..784:50 gen=650 THINKING decoding chunk=21.27 t/s avg=22.16 t/s 29.330s
0823 22:50:04 ds4-server: chat ctx=784..834:50 gen=700 THINKING decoding chunk=21.18 t/s avg=22.09 t/s 31.691s
0823 22:50:06 ds4-server: chat ctx=834..884:50 gen=750 THINKING decoding chunk=21.02 t/s avg=22.01 t/s 34.070s
0823 22:50:09 ds4-server: chat ctx=884..934:50 gen=800 THINKING decoding chunk=20.90 t/s avg=21.94 t/s 36.462s
0823 22:50:11 ds4-server: chat ctx=934..984:50 gen=850 THINKING decoding chunk=20.79 t/s avg=21.87 t/s 38.867s
0823 22:50:14 ds4-server: chat ctx=984..1034:50 gen=900 THINKING decoding chunk=20.67 t/s avg=21.80 t/s 41.286s
0823 22:50:16 ds4-server: chat ctx=1034..1084:50 gen=950 THINKING decoding chunk=20.52 t/s avg=21.73 t/s 43.723s
0823 22:50:18 ds4-server: chat ctx=1084..1134:50 gen=1000 THINKING decoding chunk=20.41 t/s avg=21.66 t/s 46.172s
0823 22:50:21 ds4-server: chat ctx=1134..1184:50 gen=1050 THINKING decoding chunk=20.31 t/s avg=21.59 t/s 48.634s
0823 22:50:23 ds4-server: chat ctx=1184..1234:50 gen=1100 THINKING decoding chunk=20.17 t/s avg=21.52 t/s 51.114s
0823 22:50:26 ds4-server: chat ctx=1234..1284:50 gen=1150 THINKING decoding chunk=20.07 t/s avg=21.45 t/s 53.605s
0823 22:50:28 ds4-server: chat ctx=1284..1334:50 gen=1200 THINKING decoding chunk=19.95 t/s avg=21.39 t/s 56.111s
0823 22:50:31 ds4-server: chat ctx=1334..1384:50 gen=1250 THINKING decoding chunk=19.88 t/s avg=21.32 t/s 58.626s
0823 22:50:33 ds4-server: chat ctx=1384..1434:50 gen=1300 THINKING decoding chunk=19.69 t/s avg=21.25 t/s 61.165s
0823 22:50:36 ds4-server: chat ctx=1434..1484:50 gen=1350 THINKING decoding chunk=19.63 t/s avg=21.19 t/s 63.713s
0823 22:50:39 ds4-server: chat ctx=1484..1534:50 gen=1400 THINKING decoding chunk=19.50 t/s avg=21.12 t/s 66.277s
0823 22:50:41 ds4-server: chat ctx=1534..1584:50 gen=1450 THINKING decoding chunk=19.42 t/s avg=21.06 t/s 68.851s
0823 22:50:44 ds4-server: chat ctx=1584..1634:50 gen=1500 THINKING decoding chunk=19.29 t/s avg=21.00 t/s 71.442s
0823 22:50:46 ds4-server: chat ctx=1634..1684:50 gen=1550 THINKING decoding chunk=19.13 t/s avg=20.93 t/s 74.056s
0823 22:50:49 ds4-server: chat ctx=1684..1734:50 gen=1600 THINKING decoding chunk=19.04 t/s avg=20.87 t/s 76.682s
0823 22:50:52 ds4-server: chat ctx=1734..1784:50 gen=1650 decoding chunk=19.01 t/s avg=20.80 t/s 79.312s
0823 22:50:54 ds4-server: chat ctx=1784..1834:50 gen=1700 decoding chunk=18.89 t/s avg=20.74 t/s 81.959s
0823 22:50:57 ds4-server: chat ctx=1834..1884:50 gen=1750 decoding chunk=18.76 t/s avg=20.68 t/s 84.624s
0823 22:51:00 ds4-server: chat ctx=1884..1934:50 gen=1800 decoding chunk=18.70 t/s avg=20.62 t/s 87.297s
0823 22:51:02 ds4-server: chat ctx=1934..1984:50 gen=1850 decoding chunk=18.64 t/s avg=20.56 t/s 89.980s
0823 22:51:05 ds4-server: chat ctx=1984..2034:50 gen=1900 decoding chunk=18.51 t/s avg=20.50 t/s 92.680s
0823 22:51:08 ds4-server: chat ctx=2034..2084:50 gen=1950 decoding chunk=18.40 t/s avg=20.44 t/s 95.398s
0823 22:51:08 ds4-server: chat ctx=2084..2087:3 gen=1953 decoding chunk=18.48 t/s avg=20.44 t/s 95.560s
0823 22:51:08 ds4-server: thinking live checkpoint remembered ctx=0..134:134 live=2087 visible=2295
0823 22:51:08 ds4-server: chat ctx=0..134:134 gen=1953 finish=stop 101.302s
0823 22:51:08 ds4-server: live kv cache miss live=2087 prompt=155 common=56 reason=token-mismatch
0823 22:51:08 ds4-server: chat ctx=0..155:155 prompt start
0823 22:51:08 ds4-server: chat ctx=0..155:155 prefill chunk 1/155 (0.6%) chunk=0.00 t/s avg=22.91 t/s 0.044s
0823 22:51:08 ds4-server: chat ctx=0..155:155 prefill chunk 2/155 (1.3%) chunk=23.85 t/s avg=23.37 t/s 0.086s
0823 22:51:08 ds4-server: chat ctx=0..155:155 prefill chunk 3/155 (1.9%) chunk=23.12 t/s avg=23.29 t/s 0.129s
0823 22:51:08 ds4-server: chat ctx=0..155:155 prefill chunk 4/155 (2.6%) chunk=23.08 t/s avg=23.23 t/s 0.172s
0823 22:51:08 ds4-server: chat ctx=0..155:155 prefill chunk 5/155 (3.2%) chunk=23.82 t/s avg=23.35 t/s 0.214s
0823 22:51:08 ds4-server: chat ctx=0..155:155 prefill chunk 6/155 (3.9%) chunk=23.85 t/s avg=23.43 t/s 0.256s
0823 22:51:08 ds4-server: chat ctx=0..155:155 prefill chunk 7/155 (4.5%) chunk=22.89 t/s avg=23.35 t/s 0.300s
0823 22:51:08 ds4-server: chat ctx=0..155:155 prefill chunk 8/155 (5.2%) chunk=23.70 t/s avg=23.40 t/s 0.342s
0823 22:51:08 ds4-server: chat ctx=0..155:155 prefill chunk 9/155 (5.8%) chunk=24.00 t/s avg=23.46 t/s 0.384s
0823 22:51:08 ds4-server: chat ctx=0..155:155 prefill chunk 10/155 (6.5%) chunk=23.69 t/s avg=23.48 t/s 0.426s
0823 22:51:08 ds4-server: chat ctx=0..155:155 prefill chunk 11/155 (7.1%) chunk=22.66 t/s avg=23.41 t/s 0.470s
0823 22:51:08 ds4-server: chat ctx=0..155:155 prefill chunk 12/155 (7.7%) chunk=23.88 t/s avg=23.45 t/s 0.512s
0823 22:51:08 ds4-server: chat ctx=0..155:155 prefill chunk 13/155 (8.4%) chunk=24.14 t/s avg=23.50 t/s 0.553s
0823 22:51:08 ds4-server: chat ctx=0..155:155 prefill chunk 14/155 (9.0%) chunk=23.14 t/s avg=23.47 t/s 0.596s
0823 22:51:08 ds4-server: chat ctx=0..155:155 prefill chunk 15/155 (9.7%) chunk=23.04 t/s avg=23.44 t/s 0.640s
0823 22:51:08 ds4-server: chat ctx=0..155:155 prefill chunk 16/155 (10.3%) chunk=23.86 t/s avg=23.47 t/s 0.682s
0823 22:51:09 ds4-server: chat ctx=0..155:155 prefill chunk 17/155 (11.0%) chunk=23.33 t/s avg=23.46 t/s 0.725s
0823 22:51:09 ds4-server: chat ctx=0..155:155 prefill chunk 18/155 (11.6%) chunk=22.68 t/s avg=23.42 t/s 0.769s
0823 22:51:09 ds4-server: chat ctx=0..155:155 prefill chunk 19/155 (12.3%) chunk=23.82 t/s avg=23.44 t/s 0.811s
0823 22:51:09 ds4-server: chat ctx=0..155:155 prefill chunk 20/155 (12.9%) chunk=23.91 t/s avg=23.46 t/s 0.853s
0823 22:51:09 ds4-server: chat ctx=0..155:155 prefill chunk 21/155 (13.5%) chunk=22.99 t/s avg=23.44 t/s 0.896s
0823 22:51:09 ds4-server: chat ctx=0..155:155 prefill chunk 22/155 (14.2%) chunk=23.13 t/s avg=23.42 t/s 0.939s
0823 22:51:09 ds4-server: chat ctx=0..155:155 prefill chunk 23/155 (14.8%) chunk=23.91 t/s avg=23.44 t/s 0.981s
0823 22:51:09 ds4-server: chat ctx=0..155:155 prefill chunk 24/155 (15.5%) chunk=23.69 t/s avg=23.45 t/s 1.023s
0823 22:51:09 ds4-server: chat ctx=0..155:155 prefill chunk 25/155 (16.1%) chunk=23.00 t/s avg=23.44 t/s 1.067s
0823 22:51:09 ds4-server: chat ctx=0..155:155 prefill chunk 26/155 (16.8%) chunk=23.54 t/s avg=23.44 t/s 1.109s
0823 22:51:09 ds4-server: chat ctx=0..155:155 prefill chunk 27/155 (17.4%) chunk=23.92 t/s avg=23.46 t/s 1.151s
0823 22:51:09 ds4-server: chat ctx=0..155:155 prefill chunk 28/155 (18.1%) chunk=23.57 t/s avg=23.46 t/s 1.193s
0823 22:51:09 ds4-server: chat ctx=0..155:155 prefill chunk 29/155 (18.7%) chunk=22.73 t/s avg=23.44 t/s 1.237s
0823 22:51:09 ds4-server: chat ctx=0..155:155 prefill chunk 30/155 (19.4%) chunk=23.79 t/s avg=23.45 t/s 1.279s
0823 22:51:09 ds4-server: chat ctx=0..155:155 prefill chunk 31/155 (20.0%) chunk=23.79 t/s avg=23.46 t/s 1.322s
0823 22:51:09 ds4-server: chat ctx=0..155:155 prefill chunk 32/155 (20.6%) chunk=22.55 t/s avg=23.43 t/s 1.366s
0823 22:51:09 ds4-server: chat ctx=0..155:155 prefill chunk 33/155 (21.3%) chunk=23.35 t/s avg=23.43 t/s 1.409s
0823 22:51:09 ds4-server: chat ctx=0..155:155 prefill chunk 34/155 (21.9%) chunk=23.91 t/s avg=23.44 t/s 1.451s
0823 22:51:09 ds4-server: chat ctx=0..155:155 prefill chunk 35/155 (22.6%) chunk=23.53 t/s avg=23.44 t/s 1.493s
0823 22:51:09 ds4-server: chat ctx=0..155:155 prefill chunk 36/155 (23.2%) chunk=22.68 t/s avg=23.42 t/s 1.537s
0823 22:51:09 ds4-server: chat ctx=0..155:155 prefill chunk 37/155 (23.9%) chunk=23.76 t/s avg=23.43 t/s 1.579s
0823 22:51:09 ds4-server: chat ctx=0..155:155 prefill chunk 38/155 (24.5%) chunk=23.65 t/s avg=23.44 t/s 1.621s
0823 22:51:09 ds4-server: chat ctx=0..155:155 prefill chunk 39/155 (25.2%) chunk=22.79 t/s avg=23.42 t/s 1.665s
0823 22:51:10 ds4-server: chat ctx=0..155:155 prefill chunk 40/155 (25.8%) chunk=23.62 t/s avg=23.42 t/s 1.708s
0823 22:51:10 ds4-server: chat ctx=0..155:155 prefill chunk 41/155 (26.5%) chunk=23.87 t/s avg=23.43 t/s 1.750s
0823 22:51:10 ds4-server: chat ctx=0..155:155 prefill chunk 42/155 (27.1%) chunk=23.35 t/s avg=23.43 t/s 1.792s
0823 22:51:10 ds4-server: chat ctx=0..155:155 prefill chunk 43/155 (27.7%) chunk=22.54 t/s avg=23.41 t/s 1.837s
0823 22:51:10 ds4-server: chat ctx=0..155:155 prefill chunk 44/155 (28.4%) chunk=23.82 t/s avg=23.42 t/s 1.879s
0823 22:51:10 ds4-server: chat ctx=0..155:155 prefill chunk 45/155 (29.0%) chunk=23.92 t/s avg=23.43 t/s 1.921s
0823 22:51:10 ds4-server: chat ctx=0..155:155 prefill chunk 46/155 (29.7%) chunk=22.51 t/s avg=23.41 t/s 1.965s
0823 22:51:10 ds4-server: chat ctx=0..155:155 prefill chunk 47/155 (30.3%) chunk=23.58 t/s avg=23.41 t/s 2.007s
0823 22:51:10 ds4-server: chat ctx=0..155:155 prefill chunk 48/155 (31.0%) chunk=23.76 t/s avg=23.42 t/s 2.050s
0823 22:51:10 ds4-server: chat ctx=0..155:155 prefill chunk 49/155 (31.6%) chunk=23.27 t/s avg=23.42 t/s 2.092s
0823 22:51:10 ds4-server: chat ctx=0..155:155 prefill chunk 50/155 (32.3%) chunk=22.60 t/s avg=23.40 t/s 2.137s
0823 22:51:10 ds4-server: chat ctx=0..155:155 prefill chunk 51/155 (32.9%) chunk=23.65 t/s avg=23.41 t/s 2.179s
0823 22:51:10 ds4-server: chat ctx=0..155:155 prefill chunk 52/155 (33.5%) chunk=23.66 t/s avg=23.41 t/s 2.221s
0823 22:51:10 ds4-server: chat ctx=0..155:155 prefill chunk 53/155 (34.2%) chunk=22.53 t/s avg=23.39 t/s 2.266s
0823 22:51:10 ds4-server: chat ctx=0..155:155 prefill chunk 54/155 (34.8%) chunk=23.36 t/s avg=23.39 t/s 2.308s
0823 22:51:10 ds4-server: chat ctx=0..155:155 prefill chunk 55/155 (35.5%) chunk=23.67 t/s avg=23.40 t/s 2.351s
0823 22:51:10 ds4-server: chat ctx=0..155:155 prefill chunk 56/155 (36.1%) chunk=23.46 t/s avg=23.40 t/s 2.393s
0823 22:51:10 ds4-server: chat ctx=0..155:155 prefill chunk 57/155 (36.8%) chunk=22.68 t/s avg=23.39 t/s 2.437s
0823 22:51:10 ds4-server: chat ctx=0..155:155 prefill chunk 58/155 (37.4%) chunk=23.70 t/s avg=23.39 t/s 2.480s
0823 22:51:10 ds4-server: chat ctx=0..155:155 prefill chunk 59/155 (38.1%) chunk=23.88 t/s avg=23.40 t/s 2.522s
0823 22:51:10 ds4-server: chat ctx=0..155:155 prefill chunk 60/155 (38.7%) chunk=22.63 t/s avg=23.39 t/s 2.566s
0823 22:51:10 ds4-server: chat ctx=0..155:155 prefill chunk 61/155 (39.4%) chunk=23.33 t/s avg=23.38 t/s 2.609s
0823 22:51:10 ds4-server: chat ctx=0..155:155 prefill chunk 62/155 (40.0%) chunk=23.69 t/s avg=23.39 t/s 2.651s
0823 22:51:11 ds4-server: chat ctx=0..155:155 prefill chunk 63/155 (40.6%) chunk=23.41 t/s avg=23.39 t/s 2.693s
0823 22:51:11 ds4-server: chat ctx=0..155:155 prefill chunk 64/155 (41.3%) chunk=22.58 t/s avg=23.38 t/s 2.738s
0823 22:51:11 ds4-server: chat ctx=0..155:155 prefill chunk 65/155 (41.9%) chunk=23.94 t/s avg=23.39 t/s 2.780s
0823 22:51:11 ds4-server: chat ctx=0..155:155 prefill chunk 66/155 (42.6%) chunk=23.64 t/s avg=23.39 t/s 2.822s
0823 22:51:11 ds4-server: chat ctx=0..155:155 prefill chunk 67/155 (43.2%) chunk=22.53 t/s avg=23.38 t/s 2.866s
0823 22:51:11 ds4-server: chat ctx=0..155:155 prefill chunk 68/155 (43.9%) chunk=23.50 t/s avg=23.38 t/s 2.909s
0823 22:51:11 ds4-server: chat ctx=0..155:155 prefill chunk 69/155 (44.5%) chunk=23.75 t/s avg=23.38 t/s 2.951s
0823 22:51:11 ds4-server: chat ctx=0..155:155 prefill chunk 70/155 (45.2%) chunk=23.41 t/s avg=23.38 t/s 2.994s
0823 22:51:11 ds4-server: chat ctx=0..155:155 prefill chunk 71/155 (45.8%) chunk=22.39 t/s avg=23.37 t/s 3.038s
0823 22:51:11 ds4-server: chat ctx=0..155:155 prefill chunk 72/155 (46.5%) chunk=23.76 t/s avg=23.37 t/s 3.080s
0823 22:51:11 ds4-server: chat ctx=0..155:155 prefill chunk 73/155 (47.1%) chunk=23.73 t/s avg=23.38 t/s 3.122s
0823 22:51:11 ds4-server: chat ctx=0..155:155 prefill chunk 74/155 (47.7%) chunk=22.85 t/s avg=23.37 t/s 3.166s
0823 22:51:11 ds4-server: chat ctx=0..155:155 prefill chunk 75/155 (48.4%) chunk=23.39 t/s avg=23.37 t/s 3.209s
0823 22:51:11 ds4-server: chat ctx=0..155:155 prefill chunk 76/155 (49.0%) chunk=23.83 t/s avg=23.38 t/s 3.251s
0823 22:51:11 ds4-server: chat ctx=0..155:155 prefill chunk 77/155 (49.7%) chunk=23.49 t/s avg=23.38 t/s 3.294s
0823 22:51:11 ds4-server: chat ctx=0..155:155 prefill chunk 78/155 (50.3%) chunk=22.63 t/s avg=23.37 t/s 3.338s
0823 22:51:11 ds4-server: chat ctx=0..155:155 prefill chunk 79/155 (51.0%) chunk=23.64 t/s avg=23.37 t/s 3.380s
0823 22:51:11 ds4-server: chat ctx=0..155:155 prefill chunk 80/155 (51.6%) chunk=23.80 t/s avg=23.38 t/s 3.422s
0823 22:51:11 ds4-server: chat ctx=0..155:155 prefill chunk 81/155 (52.3%) chunk=22.53 t/s avg=23.37 t/s 3.466s
0823 22:51:11 ds4-server: chat ctx=0..155:155 prefill chunk 82/155 (52.9%) chunk=23.55 t/s avg=23.37 t/s 3.509s
0823 22:51:11 ds4-server: chat ctx=0..155:155 prefill chunk 83/155 (53.5%) chunk=23.63 t/s avg=23.37 t/s 3.551s
0823 22:51:11 ds4-server: chat ctx=0..155:155 prefill chunk 84/155 (54.2%) chunk=23.54 t/s avg=23.37 t/s 3.594s
0823 22:51:11 ds4-server: chat ctx=0..155:155 prefill chunk 85/155 (54.8%) chunk=22.60 t/s avg=23.37 t/s 3.638s
0823 22:51:11 ds4-server: chat ctx=0..155:155 prefill chunk 86/155 (55.5%) chunk=23.91 t/s avg=23.37 t/s 3.680s
0823 22:51:12 ds4-server: chat ctx=0..155:155 prefill chunk 87/155 (56.1%) chunk=23.68 t/s avg=23.37 t/s 3.722s
0823 22:51:12 ds4-server: chat ctx=0..155:155 prefill chunk 88/155 (56.8%) chunk=22.56 t/s avg=23.37 t/s 3.766s
0823 22:51:12 ds4-server: chat ctx=0..155:155 prefill chunk 89/155 (57.4%) chunk=23.50 t/s avg=23.37 t/s 3.809s
0823 22:51:12 ds4-server: chat ctx=0..155:155 prefill chunk 90/155 (58.1%) chunk=23.59 t/s avg=23.37 t/s 3.851s
0823 22:51:12 ds4-server: chat ctx=0..155:155 prefill chunk 91/155 (58.7%) chunk=23.68 t/s avg=23.37 t/s 3.893s
0823 22:51:12 ds4-server: chat ctx=0..155:155 prefill chunk 92/155 (59.4%) chunk=22.74 t/s avg=23.37 t/s 3.937s
0823 22:51:12 ds4-server: chat ctx=0..155:155 prefill chunk 93/155 (60.0%) chunk=23.73 t/s avg=23.37 t/s 3.980s
0823 22:51:12 ds4-server: chat ctx=0..155:155 prefill chunk 94/155 (60.6%) chunk=23.85 t/s avg=23.37 t/s 4.022s
0823 22:51:12 ds4-server: chat ctx=0..155:155 prefill chunk 95/155 (61.3%) chunk=22.77 t/s avg=23.37 t/s 4.065s
0823 22:51:12 ds4-server: chat ctx=0..155:155 prefill chunk 96/155 (61.9%) chunk=23.55 t/s avg=23.37 t/s 4.108s
0823 22:51:12 ds4-server: chat ctx=0..155:155 prefill chunk 97/155 (62.6%) chunk=23.61 t/s avg=23.37 t/s 4.150s
0823 22:51:12 ds4-server: chat ctx=0..155:155 prefill chunk 98/155 (63.2%) chunk=23.43 t/s avg=23.37 t/s 4.193s
0823 22:51:12 ds4-server: chat ctx=0..155:155 prefill chunk 99/155 (63.9%) chunk=22.56 t/s avg=23.36 t/s 4.237s
0823 22:51:12 ds4-server: chat ctx=0..155:155 prefill chunk 100/155 (64.5%) chunk=23.48 t/s avg=23.37 t/s 4.280s
0823 22:51:12 ds4-server: chat ctx=0..155:155 prefill chunk 101/155 (65.2%) chunk=23.64 t/s avg=23.37 t/s 4.322s
0823 22:51:12 ds4-server: chat ctx=0..155:155 prefill chunk 102/155 (65.8%) chunk=22.59 t/s avg=23.36 t/s 4.366s
0823 22:51:12 ds4-server: chat ctx=0..155:155 prefill chunk 103/155 (66.5%) chunk=23.44 t/s avg=23.36 t/s 4.409s
0823 22:51:12 ds4-server: chat ctx=0..155:155 prefill chunk 104/155 (67.1%) chunk=23.58 t/s avg=23.36 t/s 4.452s
0823 22:51:12 ds4-server: chat ctx=0..155:155 prefill chunk 105/155 (67.7%) chunk=23.14 t/s avg=23.36 t/s 4.495s
0823 22:51:12 ds4-server: chat ctx=0..155:155 prefill chunk 106/155 (68.4%) chunk=22.91 t/s avg=23.36 t/s 4.538s
0823 22:51:12 ds4-server: chat ctx=0..155:155 prefill chunk 107/155 (69.0%) chunk=23.61 t/s avg=23.36 t/s 4.581s
0823 22:51:12 ds4-server: chat ctx=0..155:155 prefill chunk 108/155 (69.7%) chunk=23.54 t/s avg=23.36 t/s 4.623s
0823 22:51:12 ds4-server: chat ctx=0..155:155 prefill chunk 109/155 (70.3%) chunk=22.65 t/s avg=23.35 t/s 4.667s
0823 22:51:13 ds4-server: chat ctx=0..155:155 prefill chunk 110/155 (71.0%) chunk=23.33 t/s avg=23.35 t/s 4.710s
0823 22:51:13 ds4-server: chat ctx=0..155:155 prefill chunk 111/155 (71.6%) chunk=23.73 t/s avg=23.36 t/s 4.752s
0823 22:51:13 ds4-server: chat ctx=0..155:155 prefill chunk 112/155 (72.3%) chunk=23.12 t/s avg=23.35 t/s 4.796s
0823 22:51:13 ds4-server: chat ctx=0..155:155 prefill chunk 113/155 (72.9%) chunk=22.87 t/s avg=23.35 t/s 4.839s
0823 22:51:13 ds4-server: chat ctx=0..155:155 prefill chunk 114/155 (73.5%) chunk=23.66 t/s avg=23.35 t/s 4.882s
0823 22:51:13 ds4-server: chat ctx=0..155:155 prefill chunk 115/155 (74.2%) chunk=23.66 t/s avg=23.36 t/s 4.924s
0823 22:51:13 ds4-server: chat ctx=0..155:155 prefill chunk 116/155 (74.8%) chunk=22.81 t/s avg=23.35 t/s 4.968s
0823 22:51:13 ds4-server: chat ctx=0..155:155 prefill chunk 117/155 (75.5%) chunk=23.64 t/s avg=23.35 t/s 5.010s
0823 22:51:13 ds4-server: chat ctx=0..155:155 prefill chunk 118/155 (76.1%) chunk=23.62 t/s avg=23.36 t/s 5.052s
0823 22:51:13 ds4-server: chat ctx=0..155:155 prefill chunk 119/155 (76.8%) chunk=22.79 t/s avg=23.35 t/s 5.096s
0823 22:51:13 ds4-server: chat ctx=0..155:155 prefill chunk 120/155 (77.4%) chunk=22.99 t/s avg=23.35 t/s 5.140s
0823 22:51:13 ds4-server: chat ctx=0..155:155 prefill chunk 121/155 (78.1%) chunk=23.63 t/s avg=23.35 t/s 5.182s
0823 22:51:13 ds4-server: chat ctx=0..155:155 prefill chunk 122/155 (78.7%) chunk=23.23 t/s avg=23.35 t/s 5.225s
0823 22:51:13 ds4-server: chat ctx=0..155:155 prefill chunk 123/155 (79.4%) chunk=22.33 t/s avg=23.34 t/s 5.270s
0823 22:51:13 ds4-server: chat ctx=0..155:155 prefill chunk 124/155 (80.0%) chunk=23.42 t/s avg=23.34 t/s 5.313s
0823 22:51:13 ds4-server: chat ctx=0..155:155 prefill chunk 125/155 (80.6%) chunk=23.60 t/s avg=23.34 t/s 5.355s
0823 22:51:13 ds4-server: chat ctx=0..155:155 prefill chunk 126/155 (81.3%) chunk=22.57 t/s avg=23.34 t/s 5.399s
0823 22:51:13 ds4-server: chat ctx=0..155:155 prefill chunk 127/155 (81.9%) chunk=23.52 t/s avg=23.34 t/s 5.442s
0823 22:51:13 ds4-server: chat ctx=0..155:155 prefill chunk 128/155 (82.6%) chunk=23.60 t/s avg=23.34 t/s 5.484s
0823 22:51:13 ds4-server: chat ctx=0..155:155 prefill chunk 129/155 (83.2%) chunk=23.39 t/s avg=23.34 t/s 5.527s
0823 22:51:13 ds4-server: chat ctx=0..155:155 prefill chunk 130/155 (83.9%) chunk=22.45 t/s avg=23.33 t/s 5.571s
0823 22:51:13 ds4-server: chat ctx=0..155:155 prefill chunk 131/155 (84.5%) chunk=23.55 t/s avg=23.33 t/s 5.614s
0823 22:51:13 ds4-server: chat ctx=0..155:155 prefill chunk 132/155 (85.2%) chunk=23.67 t/s avg=23.34 t/s 5.656s
0823 22:51:14 ds4-server: chat ctx=0..155:155 prefill chunk 133/155 (85.8%) chunk=22.28 t/s avg=23.33 t/s 5.701s
0823 22:51:14 ds4-server: chat ctx=0..155:155 prefill chunk 134/155 (86.5%) chunk=23.25 t/s avg=23.33 t/s 5.744s
0823 22:51:14 ds4-server: chat ctx=0..155:155 prefill chunk 135/155 (87.1%) chunk=23.40 t/s avg=23.33 t/s 5.787s
0823 22:51:14 ds4-server: chat ctx=0..155:155 prefill chunk 136/155 (87.7%) chunk=22.57 t/s avg=23.32 t/s 5.831s
0823 22:51:14 ds4-server: chat ctx=0..155:155 prefill chunk 137/155 (88.4%) chunk=23.18 t/s avg=23.32 t/s 5.874s
0823 22:51:14 ds4-server: chat ctx=0..155:155 prefill chunk 138/155 (89.0%) chunk=23.54 t/s avg=23.32 t/s 5.917s
0823 22:51:14 ds4-server: chat ctx=0..155:155 prefill chunk 139/155 (89.7%) chunk=23.22 t/s avg=23.32 t/s 5.960s
0823 22:51:14 ds4-server: chat ctx=0..155:155 prefill chunk 140/155 (90.3%) chunk=22.42 t/s avg=23.32 t/s 6.004s
0823 22:51:14 ds4-server: chat ctx=0..155:155 prefill chunk 141/155 (91.0%) chunk=23.60 t/s avg=23.32 t/s 6.047s
0823 22:51:14 ds4-server: chat ctx=0..155:155 prefill chunk 142/155 (91.6%) chunk=23.22 t/s avg=23.32 t/s 6.090s
0823 22:51:14 ds4-server: chat ctx=0..155:155 prefill chunk 143/155 (92.3%) chunk=22.51 t/s avg=23.31 t/s 6.134s
0823 22:51:14 ds4-server: chat ctx=0..155:155 prefill chunk 144/155 (92.9%) chunk=23.37 t/s avg=23.31 t/s 6.177s
0823 22:51:14 ds4-server: chat ctx=0..155:155 prefill chunk 145/155 (93.5%) chunk=23.57 t/s avg=23.31 t/s 6.220s
0823 22:51:14 ds4-server: chat ctx=0..155:155 prefill chunk 146/155 (94.2%) chunk=22.39 t/s avg=23.31 t/s 6.264s
0823 22:51:14 ds4-server: chat ctx=0..155:155 prefill chunk 147/155 (94.8%) chunk=23.33 t/s avg=23.31 t/s 6.307s
0823 22:51:14 ds4-server: chat ctx=0..155:155 prefill chunk 148/155 (95.5%) chunk=23.57 t/s avg=23.31 t/s 6.349s
0823 22:51:14 ds4-server: chat ctx=0..155:155 prefill chunk 149/155 (96.1%) chunk=23.34 t/s avg=23.31 t/s 6.392s
0823 22:51:14 ds4-server: chat ctx=0..155:155 prefill chunk 150/155 (96.8%) chunk=22.11 t/s avg=23.30 t/s 6.438s
0823 22:51:14 ds4-server: chat ctx=0..155:155 prefill chunk 151/155 (97.4%) chunk=23.71 t/s avg=23.30 t/s 6.480s
0823 22:51:14 ds4-server: chat ctx=0..155:155 prefill chunk 152/155 (98.1%) chunk=23.50 t/s avg=23.30 t/s 6.522s
0823 22:51:14 ds4-server: chat ctx=0..155:155 prefill chunk 153/155 (98.7%) chunk=22.46 t/s avg=23.30 t/s 6.567s
0823 22:51:14 ds4-server: chat ctx=0..155:155 prefill chunk 154/155 (99.4%) chunk=23.25 t/s avg=23.30 t/s 6.610s
0823 22:51:14 ds4-server: chat ctx=0..155:155 prefill chunk 155/155 (100.0%) chunk=23.50 t/s avg=23.30 t/s 6.652s
0823 22:51:14 ds4-server: chat ctx=0..155:155 prompt done 6.652s
0823 22:51:17 ds4-server: chat ctx=155..205:50 gen=50 THINKING decoding chunk=23.01 t/s avg=23.01 t/s 2.173s
0823 22:51:19 ds4-server: chat ctx=205..255:50 gen=100 THINKING decoding chunk=22.88 t/s avg=22.94 t/s 4.359s
0823 22:51:21 ds4-server: chat ctx=255..305:50 gen=150 THINKING decoding chunk=22.67 t/s avg=22.85 t/s 6.564s
0823 22:51:23 ds4-server: chat ctx=305..355:50 gen=200 THINKING decoding chunk=22.56 t/s avg=22.78 t/s 8.781s
0823 22:51:25 ds4-server: chat ctx=355..405:50 gen=250 THINKING decoding chunk=22.39 t/s avg=22.70 t/s 11.014s
0823 22:51:28 ds4-server: chat ctx=405..455:50 gen=300 THINKING decoding chunk=22.27 t/s avg=22.63 t/s 13.259s
0823 22:51:30 ds4-server: chat ctx=455..505:50 gen=350 THINKING decoding chunk=22.14 t/s avg=22.55 t/s 15.518s
0823 22:51:32 ds4-server: chat ctx=505..555:50 gen=400 THINKING decoding chunk=21.99 t/s avg=22.48 t/s 17.791s
0823 22:51:35 ds4-server: chat ctx=555..605:50 gen=450 THINKING decoding chunk=21.82 t/s avg=22.41 t/s 20.083s
0823 22:51:37 ds4-server: chat ctx=605..655:50 gen=500 THINKING decoding chunk=21.75 t/s avg=22.34 t/s 22.381s
0823 22:51:39 ds4-server: chat ctx=655..705:50 gen=550 THINKING decoding chunk=21.56 t/s avg=22.27 t/s 24.700s
0823 22:51:42 ds4-server: chat ctx=705..755:50 gen=600 THINKING decoding chunk=21.43 t/s avg=22.19 t/s 27.034s
0823 22:51:44 ds4-server: chat ctx=755..805:50 gen=650 THINKING decoding chunk=21.34 t/s avg=22.13 t/s 29.377s
0823 22:51:46 ds4-server: chat ctx=805..855:50 gen=700 THINKING decoding chunk=21.13 t/s avg=22.05 t/s 31.744s
0823 22:51:49 ds4-server: chat ctx=855..905:50 gen=750 THINKING decoding chunk=21.00 t/s avg=21.98 t/s 34.125s
0823 22:51:51 ds4-server: chat ctx=905..955:50 gen=800 THINKING decoding chunk=20.86 t/s avg=21.91 t/s 36.521s
0823 22:51:53 ds4-server: chat ctx=955..1005:50 gen=850 THINKING decoding chunk=20.75 t/s avg=21.83 t/s 38.931s
0823 22:51:56 ds4-server: chat ctx=1005..1055:50 gen=900 THINKING decoding chunk=20.61 t/s avg=21.76 t/s 41.356s
0823 22:51:58 ds4-server: chat ctx=1055..1105:50 gen=950 THINKING decoding chunk=20.50 t/s avg=21.69 t/s 43.795s
0823 22:52:01 ds4-server: chat ctx=1105..1155:50 gen=1000 THINKING decoding chunk=20.37 t/s avg=21.62 t/s 46.249s
0823 22:52:03 ds4-server: chat ctx=1155..1205:50 gen=1050 THINKING decoding chunk=20.27 t/s avg=21.55 t/s 48.716s
0823 22:52:06 ds4-server: chat ctx=1205..1255:50 gen=1100 THINKING decoding chunk=20.14 t/s avg=21.48 t/s 51.199s
0823 22:52:08 ds4-server: chat ctx=1255..1305:50 gen=1150 THINKING decoding chunk=20.00 t/s avg=21.42 t/s 53.699s
0823 22:52:11 ds4-server: chat ctx=1305..1355:50 gen=1200 THINKING decoding chunk=19.94 t/s avg=21.35 t/s 56.207s
0823 22:52:13 ds4-server: chat ctx=1355..1405:50 gen=1250 THINKING decoding chunk=19.84 t/s avg=21.29 t/s 58.726s
0823 22:52:16 ds4-server: chat ctx=1405..1455:50 gen=1300 THINKING decoding chunk=19.68 t/s avg=21.22 t/s 61.267s
0823 22:52:18 ds4-server: chat ctx=1455..1505:50 gen=1350 THINKING decoding chunk=19.59 t/s avg=21.15 t/s 63.819s
0823 22:52:21 ds4-server: chat ctx=1505..1555:50 gen=1400 THINKING decoding chunk=19.50 t/s avg=21.09 t/s 66.383s
0823 22:52:23 ds4-server: chat ctx=1555..1605:50 gen=1450 THINKING decoding chunk=19.39 t/s avg=21.03 t/s 68.962s
0823 22:52:26 ds4-server: chat ctx=1605..1655:50 gen=1500 THINKING decoding chunk=19.21 t/s avg=20.96 t/s 71.564s
0823 22:52:29 ds4-server: chat ctx=1655..1705:50 gen=1550 THINKING decoding chunk=19.11 t/s avg=20.89 t/s 74.181s
0823 22:52:31 ds4-server: chat ctx=1705..1755:50 gen=1600 THINKING decoding chunk=19.09 t/s avg=20.83 t/s 76.800s
0823 22:52:34 ds4-server: chat ctx=1755..1805:50 gen=1650 THINKING decoding chunk=18.95 t/s avg=20.77 t/s 79.438s
0823 22:52:37 ds4-server: chat ctx=1805..1855:50 gen=1700 THINKING decoding chunk=18.82 t/s avg=20.71 t/s 82.094s
0823 22:52:39 ds4-server: chat ctx=1855..1905:50 gen=1750 THINKING decoding chunk=18.76 t/s avg=20.65 t/s 84.759s
0823 22:52:42 ds4-server: chat ctx=1905..1955:50 gen=1800 THINKING decoding chunk=18.66 t/s avg=20.59 t/s 87.439s
0823 22:52:45 ds4-server: chat ctx=1955..2005:50 gen=1850 THINKING decoding chunk=18.55 t/s avg=20.52 t/s 90.135s
0823 22:52:47 ds4-server: chat ctx=2005..2055:50 gen=1900 THINKING decoding chunk=18.48 t/s avg=20.47 t/s 92.840s
0823 22:52:50 ds4-server: chat ctx=2055..2105:50 gen=1950 THINKING decoding chunk=18.35 t/s avg=20.40 t/s 95.565s
0823 22:52:53 ds4-server: chat ctx=2105..2155:50 gen=2000 THINKING decoding chunk=18.25 t/s avg=20.34 t/s 98.305s
0823 22:52:56 ds4-server: chat ctx=2155..2205:50 gen=2050 THINKING decoding chunk=18.11 t/s avg=20.28 t/s 101.066s
0823 22:52:58 ds4-server: chat ctx=2205..2255:50 gen=2100 THINKING decoding chunk=18.04 t/s avg=20.22 t/s 103.837s
0823 22:53:01 ds4-server: chat ctx=2255..2305:50 gen=2150 THINKING decoding chunk=17.93 t/s avg=20.16 t/s 106.626s
0823 22:53:04 ds4-server: chat ctx=2305..2355:50 gen=2200 THINKING decoding chunk=17.88 t/s avg=20.11 t/s 109.423s
0823 22:53:07 ds4-server: chat ctx=2355..2405:50 gen=2250 THINKING decoding chunk=17.75 t/s avg=20.05 t/s 112.240s
0823 22:53:10 ds4-server: chat ctx=2405..2455:50 gen=2300 THINKING decoding chunk=17.72 t/s avg=19.99 t/s 115.061s
0823 22:53:12 ds4-server: chat ctx=2455..2505:50 gen=2350 THINKING decoding chunk=17.61 t/s avg=19.93 t/s 117.901s
0823 22:53:15 ds4-server: chat ctx=2505..2555:50 gen=2400 THINKING decoding chunk=17.49 t/s avg=19.87 t/s 120.761s
0823 22:53:18 ds4-server: chat ctx=2555..2605:50 gen=2450 THINKING decoding chunk=17.41 t/s avg=19.82 t/s 123.632s
0823 22:53:21 ds4-server: chat ctx=2605..2655:50 gen=2500 decoding chunk=17.33 t/s avg=19.76 t/s 126.518s
0823 22:53:24 ds4-server: chat ctx=2655..2705:50 gen=2550 decoding chunk=17.21 t/s avg=19.70 t/s 129.423s
0823 22:53:27 ds4-server: chat ctx=2705..2755:50 gen=2600 decoding chunk=17.17 t/s avg=19.65 t/s 132.334s
0823 22:53:30 ds4-server: chat ctx=2755..2805:50 gen=2650 decoding chunk=17.03 t/s avg=19.59 t/s 135.270s
0823 22:53:33 ds4-server: chat ctx=2805..2855:50 gen=2700 decoding chunk=16.95 t/s avg=19.53 t/s 138.220s
0823 22:53:36 ds4-server: chat ctx=2855..2905:50 gen=2750 decoding chunk=16.87 t/s avg=19.48 t/s 141.184s
0823 22:53:36 ds4-server: chat ctx=2905..2916:11 gen=2761 decoding chunk=16.77 t/s avg=19.47 t/s 141.840s
0823 22:53:36 ds4-server: thinking live checkpoint remembered ctx=0..155:155 live=2916 visible=1772
0823 22:53:36 ds4-server: chat ctx=0..155:155 gen=2761 finish=stop 148.492s
0823 22:53:36 ds4-server: live kv cache miss live=2916 prompt=114 common=56 reason=token-mismatch
0823 22:53:36 ds4-server: chat ctx=0..114:114 prompt start
0823 22:53:36 ds4-server: chat ctx=0..114:114 prefill chunk 1/114 (0.9%) chunk=0.00 t/s avg=21.65 t/s 0.046s
0823 22:53:36 ds4-server: chat ctx=0..114:114 prefill chunk 2/114 (1.8%) chunk=24.04 t/s avg=22.78 t/s 0.088s
0823 22:53:36 ds4-server: chat ctx=0..114:114 prefill chunk 3/114 (2.6%) chunk=23.50 t/s avg=23.02 t/s 0.130s
0823 22:53:36 ds4-server: chat ctx=0..114:114 prefill chunk 4/114 (3.5%) chunk=22.78 t/s avg=22.96 t/s 0.174s
0823 22:53:37 ds4-server: chat ctx=0..114:114 prefill chunk 5/114 (4.4%) chunk=23.36 t/s avg=23.03 t/s 0.217s
0823 22:53:37 ds4-server: chat ctx=0..114:114 prefill chunk 6/114 (5.3%) chunk=23.80 t/s avg=23.16 t/s 0.259s
0823 22:53:37 ds4-server: chat ctx=0..114:114 prefill chunk 7/114 (6.1%) chunk=23.51 t/s avg=23.21 t/s 0.302s
0823 22:53:37 ds4-server: chat ctx=0..114:114 prefill chunk 8/114 (7.0%) chunk=22.68 t/s avg=23.14 t/s 0.346s
0823 22:53:37 ds4-server: chat ctx=0..114:114 prefill chunk 9/114 (7.9%) chunk=23.88 t/s avg=23.22 t/s 0.388s
0823 22:53:37 ds4-server: chat ctx=0..114:114 prefill chunk 10/114 (8.8%) chunk=23.47 t/s avg=23.25 t/s 0.430s
0823 22:53:37 ds4-server: chat ctx=0..114:114 prefill chunk 11/114 (9.6%) chunk=22.70 t/s avg=23.19 t/s 0.474s
0823 22:53:37 ds4-server: chat ctx=0..114:114 prefill chunk 12/114 (10.5%) chunk=23.56 t/s avg=23.22 t/s 0.517s
0823 22:53:37 ds4-server: chat ctx=0..114:114 prefill chunk 13/114 (11.4%) chunk=23.79 t/s avg=23.27 t/s 0.559s
0823 22:53:37 ds4-server: chat ctx=0..114:114 prefill chunk 14/114 (12.3%) chunk=23.39 t/s avg=23.28 t/s 0.601s
0823 22:53:37 ds4-server: chat ctx=0..114:114 prefill chunk 15/114 (13.2%) chunk=22.68 t/s avg=23.23 t/s 0.646s
0823 22:53:37 ds4-server: chat ctx=0..114:114 prefill chunk 16/114 (14.0%) chunk=23.96 t/s avg=23.28 t/s 0.687s
0823 22:53:37 ds4-server: chat ctx=0..114:114 prefill chunk 17/114 (14.9%) chunk=23.62 t/s avg=23.30 t/s 0.730s
0823 22:53:37 ds4-server: chat ctx=0..114:114 prefill chunk 18/114 (15.8%) chunk=22.92 t/s avg=23.28 t/s 0.773s
0823 22:53:37 ds4-server: chat ctx=0..114:114 prefill chunk 19/114 (16.7%) chunk=23.42 t/s avg=23.29 t/s 0.816s
0823 22:53:37 ds4-server: chat ctx=0..114:114 prefill chunk 20/114 (17.5%) chunk=23.77 t/s avg=23.31 t/s 0.858s
0823 22:53:37 ds4-server: chat ctx=0..114:114 prefill chunk 21/114 (18.4%) chunk=23.72 t/s avg=23.33 t/s 0.900s
0823 22:53:37 ds4-server: chat ctx=0..114:114 prefill chunk 22/114 (19.3%) chunk=23.06 t/s avg=23.32 t/s 0.944s
0823 22:53:37 ds4-server: chat ctx=0..114:114 prefill chunk 23/114 (20.2%) chunk=23.72 t/s avg=23.33 t/s 0.986s
0823 22:53:37 ds4-server: chat ctx=0..114:114 prefill chunk 24/114 (21.1%) chunk=23.81 t/s avg=23.35 t/s 1.028s
0823 22:53:37 ds4-server: chat ctx=0..114:114 prefill chunk 25/114 (21.9%) chunk=23.18 t/s avg=23.35 t/s 1.071s
0823 22:53:37 ds4-server: chat ctx=0..114:114 prefill chunk 26/114 (22.8%) chunk=22.99 t/s avg=23.33 t/s 1.114s
0823 22:53:37 ds4-server: chat ctx=0..114:114 prefill chunk 27/114 (23.7%) chunk=23.74 t/s avg=23.35 t/s 1.156s
0823 22:53:38 ds4-server: chat ctx=0..114:114 prefill chunk 28/114 (24.6%) chunk=23.36 t/s avg=23.35 t/s 1.199s
0823 22:53:38 ds4-server: chat ctx=0..114:114 prefill chunk 29/114 (25.4%) chunk=22.79 t/s avg=23.33 t/s 1.243s
0823 22:53:38 ds4-server: chat ctx=0..114:114 prefill chunk 30/114 (26.3%) chunk=23.45 t/s avg=23.33 t/s 1.286s
0823 22:53:38 ds4-server: chat ctx=0..114:114 prefill chunk 31/114 (27.2%) chunk=23.37 t/s avg=23.33 t/s 1.329s
0823 22:53:38 ds4-server: chat ctx=0..114:114 prefill chunk 32/114 (28.1%) chunk=23.40 t/s avg=23.33 t/s 1.371s
0823 22:53:38 ds4-server: chat ctx=0..114:114 prefill chunk 33/114 (28.9%) chunk=23.14 t/s avg=23.33 t/s 1.415s
0823 22:53:38 ds4-server: chat ctx=0..114:114 prefill chunk 34/114 (29.8%) chunk=23.87 t/s avg=23.34 t/s 1.456s
0823 22:53:38 ds4-server: chat ctx=0..114:114 prefill chunk 35/114 (30.7%) chunk=23.60 t/s avg=23.35 t/s 1.499s
0823 22:53:38 ds4-server: chat ctx=0..114:114 prefill chunk 36/114 (31.6%) chunk=22.69 t/s avg=23.33 t/s 1.543s
0823 22:53:38 ds4-server: chat ctx=0..114:114 prefill chunk 37/114 (32.5%) chunk=23.59 t/s avg=23.34 t/s 1.585s
0823 22:53:38 ds4-server: chat ctx=0..114:114 prefill chunk 38/114 (33.3%) chunk=23.54 t/s avg=23.34 t/s 1.628s
0823 22:53:38 ds4-server: chat ctx=0..114:114 prefill chunk 39/114 (34.2%) chunk=23.20 t/s avg=23.34 t/s 1.671s
0823 22:53:38 ds4-server: chat ctx=0..114:114 prefill chunk 40/114 (35.1%) chunk=23.00 t/s avg=23.33 t/s 1.714s
0823 22:53:38 ds4-server: chat ctx=0..114:114 prefill chunk 41/114 (36.0%) chunk=23.65 t/s avg=23.34 t/s 1.757s
0823 22:53:38 ds4-server: chat ctx=0..114:114 prefill chunk 42/114 (36.8%) chunk=23.36 t/s avg=23.34 t/s 1.799s
0823 22:53:38 ds4-server: chat ctx=0..114:114 prefill chunk 43/114 (37.7%) chunk=22.71 t/s avg=23.33 t/s 1.843s
0823 22:53:38 ds4-server: chat ctx=0..114:114 prefill chunk 44/114 (38.6%) chunk=23.39 t/s avg=23.33 t/s 1.886s
0823 22:53:38 ds4-server: chat ctx=0..114:114 prefill chunk 45/114 (39.5%) chunk=23.65 t/s avg=23.33 t/s 1.929s
0823 22:53:38 ds4-server: chat ctx=0..114:114 prefill chunk 46/114 (40.4%) chunk=23.51 t/s avg=23.34 t/s 1.971s
0823 22:53:38 ds4-server: chat ctx=0..114:114 prefill chunk 47/114 (41.2%) chunk=22.66 t/s avg=23.32 t/s 2.015s
0823 22:53:38 ds4-server: chat ctx=0..114:114 prefill chunk 48/114 (42.1%) chunk=23.79 t/s avg=23.33 t/s 2.057s
0823 22:53:38 ds4-server: chat ctx=0..114:114 prefill chunk 49/114 (43.0%) chunk=23.43 t/s avg=23.33 t/s 2.100s
0823 22:53:38 ds4-server: chat ctx=0..114:114 prefill chunk 50/114 (43.9%) chunk=22.57 t/s avg=23.32 t/s 2.144s
0823 22:53:38 ds4-server: chat ctx=0..114:114 prefill chunk 51/114 (44.7%) chunk=23.77 t/s avg=23.33 t/s 2.186s
0823 22:53:39 ds4-server: chat ctx=0..114:114 prefill chunk 52/114 (45.6%) chunk=23.70 t/s avg=23.33 t/s 2.228s
0823 22:53:39 ds4-server: chat ctx=0..114:114 prefill chunk 53/114 (46.5%) chunk=23.18 t/s avg=23.33 t/s 2.272s
0823 22:53:39 ds4-server: chat ctx=0..114:114 prefill chunk 54/114 (47.4%) chunk=22.84 t/s avg=23.32 t/s 2.315s
0823 22:53:39 ds4-server: chat ctx=0..114:114 prefill chunk 55/114 (48.2%) chunk=23.76 t/s avg=23.33 t/s 2.357s
0823 22:53:39 ds4-server: chat ctx=0..114:114 prefill chunk 56/114 (49.1%) chunk=23.37 t/s avg=23.33 t/s 2.400s
0823 22:53:39 ds4-server: chat ctx=0..114:114 prefill chunk 57/114 (50.0%) chunk=22.48 t/s avg=23.31 t/s 2.445s
0823 22:53:39 ds4-server: chat ctx=0..114:114 prefill chunk 58/114 (50.9%) chunk=23.75 t/s avg=23.32 t/s 2.487s
0823 22:53:39 ds4-server: chat ctx=0..114:114 prefill chunk 59/114 (51.8%) chunk=23.40 t/s avg=23.32 t/s 2.530s
0823 22:53:39 ds4-server: chat ctx=0..114:114 prefill chunk 60/114 (52.6%) chunk=22.68 t/s avg=23.31 t/s 2.574s
0823 22:53:39 ds4-server: chat ctx=0..114:114 prefill chunk 61/114 (53.5%) chunk=23.38 t/s avg=23.31 t/s 2.616s
0823 22:53:39 ds4-server: chat ctx=0..114:114 prefill chunk 62/114 (54.4%) chunk=23.61 t/s avg=23.32 t/s 2.659s
0823 22:53:39 ds4-server: chat ctx=0..114:114 prefill chunk 63/114 (55.3%) chunk=23.54 t/s avg=23.32 t/s 2.701s
0823 22:53:39 ds4-server: chat ctx=0..114:114 prefill chunk 64/114 (56.1%) chunk=22.50 t/s avg=23.31 t/s 2.746s
0823 22:53:39 ds4-server: chat ctx=0..114:114 prefill chunk 65/114 (57.0%) chunk=23.72 t/s avg=23.31 t/s 2.788s
0823 22:53:39 ds4-server: chat ctx=0..114:114 prefill chunk 66/114 (57.9%) chunk=23.42 t/s avg=23.32 t/s 2.831s
0823 22:53:39 ds4-server: chat ctx=0..114:114 prefill chunk 67/114 (58.8%) chunk=22.68 t/s avg=23.31 t/s 2.875s
0823 22:53:39 ds4-server: chat ctx=0..114:114 prefill chunk 68/114 (59.6%) chunk=23.35 t/s avg=23.31 t/s 2.918s
0823 22:53:39 ds4-server: chat ctx=0..114:114 prefill chunk 69/114 (60.5%) chunk=23.69 t/s avg=23.31 t/s 2.960s
0823 22:53:39 ds4-server: chat ctx=0..114:114 prefill chunk 70/114 (61.4%) chunk=23.55 t/s avg=23.32 t/s 3.002s
0823 22:53:39 ds4-server: chat ctx=0..114:114 prefill chunk 71/114 (62.3%) chunk=22.69 t/s avg=23.31 t/s 3.046s
0823 22:53:39 ds4-server: chat ctx=0..114:114 prefill chunk 72/114 (63.2%) chunk=23.87 t/s avg=23.31 t/s 3.088s
0823 22:53:39 ds4-server: chat ctx=0..114:114 prefill chunk 73/114 (64.0%) chunk=23.52 t/s avg=23.32 t/s 3.131s
0823 22:53:39 ds4-server: chat ctx=0..114:114 prefill chunk 74/114 (64.9%) chunk=22.70 t/s avg=23.31 t/s 3.175s
0823 22:53:40 ds4-server: chat ctx=0..114:114 prefill chunk 75/114 (65.8%) chunk=23.44 t/s avg=23.31 t/s 3.217s
0823 22:53:40 ds4-server: chat ctx=0..114:114 prefill chunk 76/114 (66.7%) chunk=23.70 t/s avg=23.32 t/s 3.260s
0823 22:53:40 ds4-server: chat ctx=0..114:114 prefill chunk 77/114 (67.5%) chunk=23.50 t/s avg=23.32 t/s 3.302s
0823 22:53:40 ds4-server: chat ctx=0..114:114 prefill chunk 78/114 (68.4%) chunk=22.62 t/s avg=23.31 t/s 3.346s
0823 22:53:40 ds4-server: chat ctx=0..114:114 prefill chunk 79/114 (69.3%) chunk=23.74 t/s avg=23.31 t/s 3.389s
0823 22:53:40 ds4-server: chat ctx=0..114:114 prefill chunk 80/114 (70.2%) chunk=23.42 t/s avg=23.32 t/s 3.431s
0823 22:53:40 ds4-server: chat ctx=0..114:114 prefill chunk 81/114 (71.1%) chunk=22.72 t/s avg=23.31 t/s 3.475s
0823 22:53:40 ds4-server: chat ctx=0..114:114 prefill chunk 82/114 (71.9%) chunk=23.62 t/s avg=23.31 t/s 3.518s
0823 22:53:40 ds4-server: chat ctx=0..114:114 prefill chunk 83/114 (72.8%) chunk=23.92 t/s avg=23.32 t/s 3.559s
0823 22:53:40 ds4-server: chat ctx=0..114:114 prefill chunk 84/114 (73.7%) chunk=23.52 t/s avg=23.32 t/s 3.602s
0823 22:53:40 ds4-server: chat ctx=0..114:114 prefill chunk 85/114 (74.6%) chunk=22.61 t/s avg=23.31 t/s 3.646s
0823 22:53:40 ds4-server: chat ctx=0..114:114 prefill chunk 86/114 (75.4%) chunk=23.70 t/s avg=23.32 t/s 3.688s
0823 22:53:40 ds4-server: chat ctx=0..114:114 prefill chunk 87/114 (76.3%) chunk=23.57 t/s avg=23.32 t/s 3.731s
0823 22:53:40 ds4-server: chat ctx=0..114:114 prefill chunk 88/114 (77.2%) chunk=22.74 t/s avg=23.31 t/s 3.775s
0823 22:53:40 ds4-server: chat ctx=0..114:114 prefill chunk 89/114 (78.1%) chunk=23.67 t/s avg=23.32 t/s 3.817s
0823 22:53:40 ds4-server: chat ctx=0..114:114 prefill chunk 90/114 (78.9%) chunk=23.47 t/s avg=23.32 t/s 3.860s
0823 22:53:40 ds4-server: chat ctx=0..114:114 prefill chunk 91/114 (79.8%) chunk=23.39 t/s avg=23.32 t/s 3.902s
0823 22:53:40 ds4-server: chat ctx=0..114:114 prefill chunk 92/114 (80.7%) chunk=22.42 t/s avg=23.31 t/s 3.947s
0823 22:53:40 ds4-server: chat ctx=0..114:114 prefill chunk 93/114 (81.6%) chunk=23.58 t/s avg=23.31 t/s 3.989s
0823 22:53:40 ds4-server: chat ctx=0..114:114 prefill chunk 94/114 (82.5%) chunk=23.64 t/s avg=23.32 t/s 4.032s
0823 22:53:40 ds4-server: chat ctx=0..114:114 prefill chunk 95/114 (83.3%) chunk=22.63 t/s avg=23.31 t/s 4.076s
0823 22:53:40 ds4-server: chat ctx=0..114:114 prefill chunk 96/114 (84.2%) chunk=23.25 t/s avg=23.31 t/s 4.119s
0823 22:53:40 ds4-server: chat ctx=0..114:114 prefill chunk 97/114 (85.1%) chunk=23.73 t/s avg=23.31 t/s 4.161s
0823 22:53:41 ds4-server: chat ctx=0..114:114 prefill chunk 98/114 (86.0%) chunk=23.00 t/s avg=23.31 t/s 4.204s
0823 22:53:41 ds4-server: chat ctx=0..114:114 prefill chunk 99/114 (86.8%) chunk=23.09 t/s avg=23.31 t/s 4.248s
0823 22:53:41 ds4-server: chat ctx=0..114:114 prefill chunk 100/114 (87.7%) chunk=23.58 t/s avg=23.31 t/s 4.290s
0823 22:53:41 ds4-server: chat ctx=0..114:114 prefill chunk 101/114 (88.6%) chunk=23.60 t/s avg=23.31 t/s 4.333s
0823 22:53:41 ds4-server: chat ctx=0..114:114 prefill chunk 102/114 (89.5%) chunk=22.95 t/s avg=23.31 t/s 4.376s
0823 22:53:41 ds4-server: chat ctx=0..114:114 prefill chunk 103/114 (90.4%) chunk=23.50 t/s avg=23.31 t/s 4.419s
0823 22:53:41 ds4-server: chat ctx=0..114:114 prefill chunk 104/114 (91.2%) chunk=23.68 t/s avg=23.31 t/s 4.461s
0823 22:53:41 ds4-server: chat ctx=0..114:114 prefill chunk 105/114 (92.1%) chunk=23.02 t/s avg=23.31 t/s 4.504s
0823 22:53:41 ds4-server: chat ctx=0..114:114 prefill chunk 106/114 (93.0%) chunk=22.99 t/s avg=23.31 t/s 4.548s
0823 22:53:41 ds4-server: chat ctx=0..114:114 prefill chunk 107/114 (93.9%) chunk=23.71 t/s avg=23.31 t/s 4.590s
0823 22:53:41 ds4-server: chat ctx=0..114:114 prefill chunk 108/114 (94.7%) chunk=23.55 t/s avg=23.31 t/s 4.632s
0823 22:53:41 ds4-server: chat ctx=0..114:114 prefill chunk 109/114 (95.6%) chunk=22.91 t/s avg=23.31 t/s 4.676s
0823 22:53:41 ds4-server: chat ctx=0..114:114 prefill chunk 110/114 (96.5%) chunk=23.22 t/s avg=23.31 t/s 4.719s
0823 22:53:41 ds4-server: chat ctx=0..114:114 prefill chunk 111/114 (97.4%) chunk=23.54 t/s avg=23.31 t/s 4.762s
0823 22:53:41 ds4-server: chat ctx=0..114:114 prefill chunk 112/114 (98.2%) chunk=23.21 t/s avg=23.31 t/s 4.805s
0823 22:53:41 ds4-server: chat ctx=0..114:114 prefill chunk 113/114 (99.1%) chunk=22.96 t/s avg=23.31 t/s 4.848s
0823 22:53:41 ds4-server: chat ctx=0..114:114 prefill chunk 114/114 (100.0%) chunk=23.51 t/s avg=23.31 t/s 4.891s
0823 22:53:41 ds4-server: chat ctx=0..114:114 prompt done 4.891s
0823 22:53:43 ds4-server: chat ctx=114..164:50 gen=50 THINKING decoding chunk=23.11 t/s avg=23.11 t/s 2.164s
0823 22:53:46 ds4-server: chat ctx=164..214:50 gen=100 THINKING decoding chunk=23.01 t/s avg=23.06 t/s 4.337s
0823 22:53:48 ds4-server: chat ctx=214..264:50 gen=150 THINKING decoding chunk=22.82 t/s avg=22.98 t/s 6.528s
0823 22:53:50 ds4-server: chat ctx=264..314:50 gen=200 THINKING decoding chunk=22.67 t/s avg=22.90 t/s 8.734s
0823 22:53:52 ds4-server: chat ctx=314..364:50 gen=250 THINKING decoding chunk=22.49 t/s avg=22.82 t/s 10.957s
0823 22:53:54 ds4-server: chat ctx=364..414:50 gen=300 THINKING decoding chunk=22.37 t/s avg=22.74 t/s 13.192s
0823 22:53:57 ds4-server: chat ctx=414..464:50 gen=350 THINKING decoding chunk=22.27 t/s avg=22.67 t/s 15.437s
0823 22:53:59 ds4-server: chat ctx=464..514:50 gen=400 THINKING decoding chunk=22.08 t/s avg=22.60 t/s 17.702s
0823 22:54:01 ds4-server: chat ctx=514..564:50 gen=450 THINKING decoding chunk=21.95 t/s avg=22.52 t/s 19.979s
0823 22:54:03 ds4-server: chat ctx=564..614:50 gen=500 THINKING decoding chunk=21.79 t/s avg=22.45 t/s 22.274s
0823 22:54:06 ds4-server: chat ctx=614..664:50 gen=550 THINKING decoding chunk=21.64 t/s avg=22.37 t/s 24.585s
0823 22:54:08 ds4-server: chat ctx=664..714:50 gen=600 THINKING decoding chunk=21.52 t/s avg=22.30 t/s 26.908s
0823 22:54:10 ds4-server: chat ctx=714..764:50 gen=650 THINKING decoding chunk=21.35 t/s avg=22.22 t/s 29.249s
0823 22:54:13 ds4-server: chat ctx=764..814:50 gen=700 THINKING decoding chunk=21.27 t/s avg=22.15 t/s 31.600s
0823 22:54:15 ds4-server: chat ctx=814..864:50 gen=750 THINKING decoding chunk=21.12 t/s avg=22.08 t/s 33.968s
0823 22:54:18 ds4-server: chat ctx=864..914:50 gen=800 THINKING decoding chunk=20.97 t/s avg=22.01 t/s 36.353s
0823 22:54:20 ds4-server: chat ctx=914..964:50 gen=850 THINKING decoding chunk=20.84 t/s avg=21.93 t/s 38.752s
0823 22:54:22 ds4-server: chat ctx=964..1014:50 gen=900 THINKING decoding chunk=20.99 t/s avg=21.88 t/s 41.134s
0823 22:54:25 ds4-server: chat ctx=1014..1064:50 gen=950 THINKING decoding chunk=20.58 t/s avg=21.81 t/s 43.563s
0823 22:54:27 ds4-server: chat ctx=1064..1114:50 gen=1000 THINKING decoding chunk=20.48 t/s avg=21.74 t/s 46.005s
0823 22:54:30 ds4-server: chat ctx=1114..1164:50 gen=1050 THINKING decoding chunk=20.36 t/s avg=21.67 t/s 48.461s
0823 22:54:32 ds4-server: chat ctx=1164..1214:50 gen=1100 THINKING decoding chunk=20.23 t/s avg=21.60 t/s 50.932s
0823 22:54:35 ds4-server: chat ctx=1214..1264:50 gen=1150 THINKING decoding chunk=20.09 t/s avg=21.53 t/s 53.421s
0823 22:54:37 ds4-server: chat ctx=1264..1314:50 gen=1200 THINKING decoding chunk=20.00 t/s avg=21.46 t/s 55.920s
0823 22:54:40 ds4-server: chat ctx=1314..1364:50 gen=1250 THINKING decoding chunk=19.88 t/s avg=21.39 t/s 58.436s
0823 22:54:42 ds4-server: chat ctx=1364..1414:50 gen=1300 THINKING decoding chunk=19.74 t/s avg=21.32 t/s 60.969s
0823 22:54:45 ds4-server: chat ctx=1414..1464:50 gen=1350 decoding chunk=19.62 t/s avg=21.25 t/s 63.516s
0823 22:54:47 ds4-server: chat ctx=1464..1514:50 gen=1400 decoding chunk=19.60 t/s avg=21.19 t/s 66.068s
0823 22:54:50 ds4-server: chat ctx=1514..1564:50 gen=1450 decoding chunk=19.47 t/s avg=21.13 t/s 68.636s
0823 22:54:52 ds4-server: chat ctx=1564..1614:50 gen=1500 decoding chunk=19.34 t/s avg=21.06 t/s 71.222s
0823 22:54:55 ds4-server: chat ctx=1614..1664:50 gen=1550 decoding chunk=19.22 t/s avg=21.00 t/s 73.823s
0823 22:54:58 ds4-server: chat ctx=1664..1714:50 gen=1600 decoding chunk=19.10 t/s avg=20.93 t/s 76.440s
0823 22:54:59 ds4-server: chat ctx=1714..1734:20 gen=1620 decoding chunk=18.99 t/s avg=20.91 t/s 77.493s
0823 22:54:59 ds4-server: thinking live checkpoint remembered ctx=0..114:114 live=1734 visible=2058
0823 22:54:59 ds4-server: chat ctx=0..114:114 gen=1620 finish=stop 82.384s
