ds4: qwen35moe routed experts per token: 20 (model default 8; ranks 9..20 get a linear influence decay 99%..50%)
ds4: qwen35moe expert threshold: keep experts while p >= 0.80 x p(rank 10) (experts 5-20 per token)
ds4: Metal device Apple M4 Pro, 48.00 GiB RAM
ds4: Metal 4 tensor API disabled for pre-M5/pre-A19 devices
ds4: drift-patch flags hc_stable=on norm_unify=on kv_raw_f32=off rope_exp2_log2=off math_safe=off tensor_matmul=off
ds4: Metal model views created in 0.940 ms, residency requested in 259.236 ms, warmup 2.619 ms (mapped 30358.12 MiB from offset 10.48 MiB)
ds4: Metal mapped mmaped model as 2 overlapping shared buffers
ds4: metal backend initialized for graph diagnostics
ds4: memory: KV 0.17 GiB (raw 0.17 + compressed 0.00) + buffers 0.00 GiB + resident model 29.65 GiB = 29.81 GiB planned
ds4: memory detail: ctx=32768 prefill_cap=4096 raw_kv_rows=4352 compressed_kv_rows=3 backend=metal
0824 02:42:58 ds4-server: context buffers 170.10 MiB (ctx=32768, backend=metal, prefill_chunk=4096, raw_kv_rows=4352, compressed_kv_rows=3)
0824 02:42:58 ds4-server: listening on http://127.0.0.1:8000
0824 02:43:16 ds4-server: chat ctx=0..292:292 prompt start
0824 02:43:17 ds4-server: chat ctx=0..292:292 prefill chunk 1/292 (0.3%) chunk=0.00 t/s avg=2.74 t/s 0.365s
0824 02:43:17 ds4-server: chat ctx=0..292:292 prefill chunk 2/292 (0.7%) chunk=19.99 t/s avg=4.82 t/s 0.415s
0824 02:43:17 ds4-server: chat ctx=0..292:292 prefill chunk 3/292 (1.0%) chunk=19.16 t/s avg=6.42 t/s 0.467s
0824 02:43:17 ds4-server: chat ctx=0..292:292 prefill chunk 4/292 (1.4%) chunk=19.39 t/s avg=7.71 t/s 0.519s
0824 02:43:17 ds4-server: chat ctx=0..292:292 prefill chunk 5/292 (1.7%) chunk=19.19 t/s avg=8.76 t/s 0.571s
0824 02:43:17 ds4-server: chat ctx=0..292:292 prefill chunk 6/292 (2.1%) chunk=18.98 t/s avg=9.63 t/s 0.623s
0824 02:43:17 ds4-server: chat ctx=0..292:292 prefill chunk 7/292 (2.4%) chunk=19.85 t/s avg=10.39 t/s 0.674s
0824 02:43:17 ds4-server: chat ctx=0..292:292 prefill chunk 8/292 (2.7%) chunk=18.74 t/s avg=11.00 t/s 0.727s
0824 02:43:17 ds4-server: chat ctx=0..292:292 prefill chunk 9/292 (3.1%) chunk=19.77 t/s avg=11.57 t/s 0.778s
0824 02:43:17 ds4-server: chat ctx=0..292:292 prefill chunk 10/292 (3.4%) chunk=19.28 t/s avg=12.06 t/s 0.829s
0824 02:43:17 ds4-server: chat ctx=0..292:292 prefill chunk 11/292 (3.8%) chunk=19.36 t/s avg=12.48 t/s 0.881s
0824 02:43:17 ds4-server: chat ctx=0..292:292 prefill chunk 12/292 (4.1%) chunk=18.66 t/s avg=12.84 t/s 0.935s
0824 02:43:17 ds4-server: chat ctx=0..292:292 prefill chunk 13/292 (4.5%) chunk=18.70 t/s avg=13.16 t/s 0.988s
0824 02:43:18 ds4-server: chat ctx=0..292:292 prefill chunk 14/292 (4.8%) chunk=19.15 t/s avg=13.46 t/s 1.040s
0824 02:43:18 ds4-server: chat ctx=0..292:292 prefill chunk 15/292 (5.1%) chunk=18.50 t/s avg=13.71 t/s 1.094s
0824 02:43:18 ds4-server: chat ctx=0..292:292 prefill chunk 16/292 (5.5%) chunk=19.07 t/s avg=13.95 t/s 1.147s
0824 02:43:18 ds4-server: chat ctx=0..292:292 prefill chunk 17/292 (5.8%) chunk=18.65 t/s avg=14.16 t/s 1.201s
0824 02:43:18 ds4-server: chat ctx=0..292:292 prefill chunk 18/292 (6.2%) chunk=18.82 t/s avg=14.36 t/s 1.254s
0824 02:43:18 ds4-server: chat ctx=0..292:292 prefill chunk 19/292 (6.5%) chunk=18.90 t/s avg=14.54 t/s 1.307s
0824 02:43:18 ds4-server: chat ctx=0..292:292 prefill chunk 20/292 (6.8%) chunk=17.80 t/s avg=14.68 t/s 1.363s
0824 02:43:18 ds4-server: chat ctx=0..292:292 prefill chunk 21/292 (7.2%) chunk=19.44 t/s avg=14.85 t/s 1.414s
0824 02:43:18 ds4-server: chat ctx=0..292:292 prefill chunk 22/292 (7.5%) chunk=18.95 t/s avg=15.00 t/s 1.467s
0824 02:43:18 ds4-server: chat ctx=0..292:292 prefill chunk 23/292 (7.9%) chunk=18.85 t/s avg=15.13 t/s 1.520s
0824 02:43:18 ds4-server: chat ctx=0..292:292 prefill chunk 24/292 (8.2%) chunk=19.57 t/s avg=15.28 t/s 1.571s
0824 02:43:18 ds4-server: chat ctx=0..292:292 prefill chunk 25/292 (8.6%) chunk=19.18 t/s avg=15.40 t/s 1.623s
0824 02:43:18 ds4-server: chat ctx=0..292:292 prefill chunk 26/292 (8.9%) chunk=19.79 t/s avg=15.53 t/s 1.674s
0824 02:43:18 ds4-server: chat ctx=0..292:292 prefill chunk 27/292 (9.2%) chunk=18.54 t/s avg=15.63 t/s 1.728s
0824 02:43:18 ds4-server: chat ctx=0..292:292 prefill chunk 28/292 (9.6%) chunk=19.35 t/s avg=15.74 t/s 1.779s
0824 02:43:18 ds4-server: chat ctx=0..292:292 prefill chunk 29/292 (9.9%) chunk=18.59 t/s avg=15.82 t/s 1.833s
0824 02:43:18 ds4-server: chat ctx=0..292:292 prefill chunk 30/292 (10.3%) chunk=18.50 t/s avg=15.90 t/s 1.887s
0824 02:43:18 ds4-server: chat ctx=0..292:292 prefill chunk 31/292 (10.6%) chunk=19.08 t/s avg=15.98 t/s 1.940s
0824 02:43:18 ds4-server: chat ctx=0..292:292 prefill chunk 32/292 (11.0%) chunk=18.24 t/s avg=16.04 t/s 1.994s
0824 02:43:19 ds4-server: chat ctx=0..292:292 prefill chunk 33/292 (11.3%) chunk=19.33 t/s avg=16.13 t/s 2.046s
0824 02:43:19 ds4-server: chat ctx=0..292:292 prefill chunk 34/292 (11.6%) chunk=18.74 t/s avg=16.19 t/s 2.100s
0824 02:43:19 ds4-server: chat ctx=0..292:292 prefill chunk 35/292 (12.0%) chunk=17.98 t/s avg=16.24 t/s 2.155s
0824 02:43:19 ds4-server: chat ctx=0..292:292 prefill chunk 36/292 (12.3%) chunk=18.71 t/s avg=16.30 t/s 2.209s
0824 02:43:19 ds4-server: chat ctx=0..292:292 prefill chunk 37/292 (12.7%) chunk=17.69 t/s avg=16.33 t/s 2.265s
0824 02:43:19 ds4-server: chat ctx=0..292:292 prefill chunk 38/292 (13.0%) chunk=18.10 t/s avg=16.38 t/s 2.320s
0824 02:43:19 ds4-server: chat ctx=0..292:292 prefill chunk 39/292 (13.4%) chunk=18.43 t/s avg=16.42 t/s 2.375s
0824 02:43:19 ds4-server: chat ctx=0..292:292 prefill chunk 40/292 (13.7%) chunk=18.29 t/s avg=16.47 t/s 2.429s
0824 02:43:19 ds4-server: chat ctx=0..292:292 prefill chunk 41/292 (14.0%) chunk=18.79 t/s avg=16.52 t/s 2.483s
0824 02:43:19 ds4-server: chat ctx=0..292:292 prefill chunk 42/292 (14.4%) chunk=18.14 t/s avg=16.55 t/s 2.538s
0824 02:43:19 ds4-server: chat ctx=0..292:292 prefill chunk 43/292 (14.7%) chunk=18.87 t/s avg=16.60 t/s 2.591s
0824 02:43:19 ds4-server: chat ctx=0..292:292 prefill chunk 44/292 (15.1%) chunk=19.29 t/s avg=16.65 t/s 2.642s
0824 02:43:19 ds4-server: chat ctx=0..292:292 prefill chunk 45/292 (15.4%) chunk=18.65 t/s avg=16.69 t/s 2.696s
0824 02:43:19 ds4-server: chat ctx=0..292:292 prefill chunk 46/292 (15.8%) chunk=18.75 t/s avg=16.73 t/s 2.749s
0824 02:43:19 ds4-server: chat ctx=0..292:292 prefill chunk 47/292 (16.1%) chunk=17.89 t/s avg=16.75 t/s 2.805s
0824 02:43:19 ds4-server: chat ctx=0..292:292 prefill chunk 48/292 (16.4%) chunk=18.16 t/s avg=16.78 t/s 2.860s
0824 02:43:19 ds4-server: chat ctx=0..292:292 prefill chunk 49/292 (16.8%) chunk=18.73 t/s avg=16.82 t/s 2.914s
0824 02:43:19 ds4-server: chat ctx=0..292:292 prefill chunk 50/292 (17.1%) chunk=18.31 t/s avg=16.84 t/s 2.968s
0824 02:43:20 ds4-server: chat ctx=0..292:292 prefill chunk 51/292 (17.5%) chunk=18.26 t/s avg=16.87 t/s 3.023s
0824 02:43:20 ds4-server: chat ctx=0..292:292 prefill chunk 52/292 (17.8%) chunk=19.36 t/s avg=16.91 t/s 3.075s
0824 02:43:20 ds4-server: chat ctx=0..292:292 prefill chunk 53/292 (18.2%) chunk=18.58 t/s avg=16.94 t/s 3.129s
0824 02:43:20 ds4-server: chat ctx=0..292:292 prefill chunk 54/292 (18.5%) chunk=19.32 t/s avg=16.98 t/s 3.180s
0824 02:43:20 ds4-server: chat ctx=0..292:292 prefill chunk 55/292 (18.8%) chunk=18.86 t/s avg=17.01 t/s 3.233s
0824 02:43:20 ds4-server: chat ctx=0..292:292 prefill chunk 56/292 (19.2%) chunk=18.25 t/s avg=17.03 t/s 3.288s
0824 02:43:20 ds4-server: chat ctx=0..292:292 prefill chunk 57/292 (19.5%) chunk=19.39 t/s avg=17.07 t/s 3.340s
0824 02:43:20 ds4-server: chat ctx=0..292:292 prefill chunk 58/292 (19.9%) chunk=18.92 t/s avg=17.10 t/s 3.393s
0824 02:43:20 ds4-server: chat ctx=0..292:292 prefill chunk 59/292 (20.2%) chunk=20.12 t/s avg=17.14 t/s 3.442s
0824 02:43:20 ds4-server: chat ctx=0..292:292 prefill chunk 60/292 (20.5%) chunk=19.46 t/s avg=17.17 t/s 3.494s
0824 02:43:20 ds4-server: chat ctx=0..292:292 prefill chunk 61/292 (20.9%) chunk=19.65 t/s avg=17.21 t/s 3.545s
0824 02:43:20 ds4-server: chat ctx=0..292:292 prefill chunk 62/292 (21.2%) chunk=19.26 t/s avg=17.24 t/s 3.597s
0824 02:43:20 ds4-server: chat ctx=0..292:292 prefill chunk 63/292 (21.6%) chunk=20.13 t/s avg=17.28 t/s 3.646s
0824 02:43:20 ds4-server: chat ctx=0..292:292 prefill chunk 64/292 (21.9%) chunk=18.45 t/s avg=17.30 t/s 3.700s
0824 02:43:20 ds4-server: chat ctx=0..292:292 prefill chunk 65/292 (22.3%) chunk=18.34 t/s avg=17.31 t/s 3.755s
0824 02:43:20 ds4-server: chat ctx=0..292:292 prefill chunk 66/292 (22.6%) chunk=18.93 t/s avg=17.33 t/s 3.808s
0824 02:43:20 ds4-server: chat ctx=0..292:292 prefill chunk 67/292 (22.9%) chunk=18.13 t/s avg=17.34 t/s 3.863s
0824 02:43:20 ds4-server: chat ctx=0..292:292 prefill chunk 68/292 (23.3%) chunk=18.17 t/s avg=17.36 t/s 3.918s
0824 02:43:20 ds4-server: chat ctx=0..292:292 prefill chunk 69/292 (23.6%) chunk=18.98 t/s avg=17.38 t/s 3.971s
0824 02:43:21 ds4-server: chat ctx=0..292:292 prefill chunk 70/292 (24.0%) chunk=18.37 t/s avg=17.39 t/s 4.025s
0824 02:43:21 ds4-server: chat ctx=0..292:292 prefill chunk 71/292 (24.3%) chunk=19.18 t/s avg=17.41 t/s 4.077s
0824 02:43:21 ds4-server: chat ctx=0..292:292 prefill chunk 72/292 (24.7%) chunk=17.82 t/s avg=17.42 t/s 4.133s
0824 02:43:21 ds4-server: chat ctx=0..292:292 prefill chunk 73/292 (25.0%) chunk=18.55 t/s avg=17.43 t/s 4.187s
0824 02:43:21 ds4-server: chat ctx=0..292:292 prefill chunk 74/292 (25.3%) chunk=19.07 t/s avg=17.45 t/s 4.240s
0824 02:43:21 ds4-server: chat ctx=0..292:292 prefill chunk 75/292 (25.7%) chunk=18.09 t/s avg=17.46 t/s 4.295s
0824 02:43:21 ds4-server: chat ctx=0..292:292 prefill chunk 76/292 (26.0%) chunk=19.21 t/s avg=17.48 t/s 4.347s
0824 02:43:21 ds4-server: chat ctx=0..292:292 prefill chunk 77/292 (26.4%) chunk=18.39 t/s avg=17.49 t/s 4.401s
0824 02:43:21 ds4-server: chat ctx=0..292:292 prefill chunk 78/292 (26.7%) chunk=18.37 t/s avg=17.51 t/s 4.456s
0824 02:43:21 ds4-server: chat ctx=0..292:292 prefill chunk 79/292 (27.1%) chunk=18.80 t/s avg=17.52 t/s 4.509s
0824 02:43:21 ds4-server: chat ctx=0..292:292 prefill chunk 80/292 (27.4%) chunk=18.20 t/s avg=17.53 t/s 4.564s
0824 02:43:21 ds4-server: chat ctx=0..292:292 prefill chunk 81/292 (27.7%) chunk=18.05 t/s avg=17.53 t/s 4.619s
0824 02:43:21 ds4-server: chat ctx=0..292:292 prefill chunk 82/292 (28.1%) chunk=18.75 t/s avg=17.55 t/s 4.673s
0824 02:43:21 ds4-server: chat ctx=0..292:292 prefill chunk 83/292 (28.4%) chunk=18.27 t/s avg=17.56 t/s 4.727s
0824 02:43:21 ds4-server: chat ctx=0..292:292 prefill chunk 84/292 (28.8%) chunk=18.89 t/s avg=17.57 t/s 4.780s
0824 02:43:21 ds4-server: chat ctx=0..292:292 prefill chunk 85/292 (29.1%) chunk=18.21 t/s avg=17.58 t/s 4.835s
0824 02:43:21 ds4-server: chat ctx=0..292:292 prefill chunk 86/292 (29.5%) chunk=17.80 t/s avg=17.58 t/s 4.892s
0824 02:43:21 ds4-server: chat ctx=0..292:292 prefill chunk 87/292 (29.8%) chunk=19.02 t/s avg=17.60 t/s 4.944s
0824 02:43:21 ds4-server: chat ctx=0..292:292 prefill chunk 88/292 (30.1%) chunk=18.17 t/s avg=17.60 t/s 4.999s
0824 02:43:22 ds4-server: chat ctx=0..292:292 prefill chunk 89/292 (30.5%) chunk=18.16 t/s avg=17.61 t/s 5.054s
0824 02:43:22 ds4-server: chat ctx=0..292:292 prefill chunk 90/292 (30.8%) chunk=19.11 t/s avg=17.62 t/s 5.107s
0824 02:43:22 ds4-server: chat ctx=0..292:292 prefill chunk 91/292 (31.2%) chunk=18.45 t/s avg=17.63 t/s 5.161s
0824 02:43:22 ds4-server: chat ctx=0..292:292 prefill chunk 92/292 (31.5%) chunk=18.73 t/s avg=17.64 t/s 5.214s
0824 02:43:22 ds4-server: chat ctx=0..292:292 prefill chunk 93/292 (31.8%) chunk=18.47 t/s avg=17.65 t/s 5.268s
0824 02:43:22 ds4-server: chat ctx=0..292:292 prefill chunk 94/292 (32.2%) chunk=18.42 t/s avg=17.66 t/s 5.323s
0824 02:43:22 ds4-server: chat ctx=0..292:292 prefill chunk 95/292 (32.5%) chunk=19.27 t/s avg=17.68 t/s 5.374s
0824 02:43:22 ds4-server: chat ctx=0..292:292 prefill chunk 96/292 (32.9%) chunk=18.16 t/s avg=17.68 t/s 5.430s
0824 02:43:22 ds4-server: chat ctx=0..292:292 prefill chunk 97/292 (33.2%) chunk=18.26 t/s avg=17.69 t/s 5.484s
0824 02:43:22 ds4-server: chat ctx=0..292:292 prefill chunk 98/292 (33.6%) chunk=18.56 t/s avg=17.70 t/s 5.538s
0824 02:43:22 ds4-server: chat ctx=0..292:292 prefill chunk 99/292 (33.9%) chunk=18.43 t/s avg=17.70 t/s 5.592s
0824 02:43:22 ds4-server: chat ctx=0..292:292 prefill chunk 100/292 (34.2%) chunk=18.23 t/s avg=17.71 t/s 5.647s
0824 02:43:22 ds4-server: chat ctx=0..292:292 prefill chunk 101/292 (34.6%) chunk=18.35 t/s avg=17.71 t/s 5.702s
0824 02:43:22 ds4-server: chat ctx=0..292:292 prefill chunk 102/292 (34.9%) chunk=18.16 t/s avg=17.72 t/s 5.757s
0824 02:43:22 ds4-server: chat ctx=0..292:292 prefill chunk 103/292 (35.3%) chunk=18.47 t/s avg=17.72 t/s 5.811s
0824 02:43:22 ds4-server: chat ctx=0..292:292 prefill chunk 104/292 (35.6%) chunk=18.23 t/s avg=17.73 t/s 5.866s
0824 02:43:22 ds4-server: chat ctx=0..292:292 prefill chunk 105/292 (36.0%) chunk=17.93 t/s avg=17.73 t/s 5.922s
0824 02:43:22 ds4-server: chat ctx=0..292:292 prefill chunk 106/292 (36.3%) chunk=19.08 t/s avg=17.74 t/s 5.974s
0824 02:43:23 ds4-server: chat ctx=0..292:292 prefill chunk 107/292 (36.6%) chunk=17.71 t/s avg=17.74 t/s 6.031s
0824 02:43:23 ds4-server: chat ctx=0..292:292 prefill chunk 108/292 (37.0%) chunk=19.30 t/s avg=17.76 t/s 6.082s
0824 02:43:23 ds4-server: chat ctx=0..292:292 prefill chunk 109/292 (37.3%) chunk=18.19 t/s avg=17.76 t/s 6.137s
0824 02:43:23 ds4-server: chat ctx=0..292:292 prefill chunk 110/292 (37.7%) chunk=18.06 t/s avg=17.76 t/s 6.193s
0824 02:43:23 ds4-server: chat ctx=0..292:292 prefill chunk 111/292 (38.0%) chunk=18.72 t/s avg=17.77 t/s 6.246s
0824 02:43:23 ds4-server: chat ctx=0..292:292 prefill chunk 112/292 (38.4%) chunk=17.77 t/s avg=17.77 t/s 6.302s
0824 02:43:23 ds4-server: chat ctx=0..292:292 prefill chunk 113/292 (38.7%) chunk=18.16 t/s avg=17.77 t/s 6.357s
0824 02:43:23 ds4-server: chat ctx=0..292:292 prefill chunk 114/292 (39.0%) chunk=18.70 t/s avg=17.78 t/s 6.411s
0824 02:43:23 ds4-server: chat ctx=0..292:292 prefill chunk 115/292 (39.4%) chunk=18.36 t/s avg=17.79 t/s 6.465s
0824 02:43:23 ds4-server: chat ctx=0..292:292 prefill chunk 116/292 (39.7%) chunk=18.23 t/s avg=17.79 t/s 6.520s
0824 02:43:23 ds4-server: chat ctx=0..292:292 prefill chunk 117/292 (40.1%) chunk=18.67 t/s avg=17.80 t/s 6.574s
0824 02:43:23 ds4-server: chat ctx=0..292:292 prefill chunk 118/292 (40.4%) chunk=18.48 t/s avg=17.80 t/s 6.628s
0824 02:43:23 ds4-server: chat ctx=0..292:292 prefill chunk 119/292 (40.8%) chunk=19.32 t/s avg=17.82 t/s 6.680s
0824 02:43:23 ds4-server: chat ctx=0..292:292 prefill chunk 120/292 (41.1%) chunk=17.98 t/s avg=17.82 t/s 6.735s
0824 02:43:23 ds4-server: chat ctx=0..292:292 prefill chunk 121/292 (41.4%) chunk=18.90 t/s avg=17.83 t/s 6.788s
0824 02:43:23 ds4-server: chat ctx=0..292:292 prefill chunk 122/292 (41.8%) chunk=18.97 t/s avg=17.83 t/s 6.841s
0824 02:43:23 ds4-server: chat ctx=0..292:292 prefill chunk 123/292 (42.1%) chunk=18.60 t/s avg=17.84 t/s 6.895s
0824 02:43:23 ds4-server: chat ctx=0..292:292 prefill chunk 124/292 (42.5%) chunk=17.78 t/s avg=17.84 t/s 6.951s
0824 02:43:23 ds4-server: chat ctx=0..292:292 prefill chunk 125/292 (42.8%) chunk=18.44 t/s avg=17.84 t/s 7.005s
0824 02:43:24 ds4-server: chat ctx=0..292:292 prefill chunk 126/292 (43.2%) chunk=18.11 t/s avg=17.85 t/s 7.060s
0824 02:43:24 ds4-server: chat ctx=0..292:292 prefill chunk 127/292 (43.5%) chunk=19.04 t/s avg=17.85 t/s 7.113s
ds4: qwen35moe experts/token avg over 128 tokens: 0:13.8 1:14.2 2:13.9 3:14.9 4:14.8 5:14.2 6:14.2 7:15.1 8:15.5 9:15.6 10:14.1 11:13.7 12:15.4 13:14.3 14:14.5 15:14.6 16:14.7 17:14.2 18:14.4 19:14.5 20:15.8 21:15.7 22:14.6 23:14.7 24:15.3 25:14.8 26:15.1 27:15.1 28:15.0 29:16.1 30:15.4 31:16.8 32:15.8 33:15.9 34:15.6 35:18.4 36:18.6 37:18.8 38:19.1 39:18.5 | mean 15.4
0824 02:43:24 ds4-server: chat ctx=0..292:292 prefill chunk 128/292 (43.8%) chunk=17.87 t/s avg=17.86 t/s 7.169s
0824 02:43:24 ds4-server: chat ctx=0..292:292 prefill chunk 129/292 (44.2%) chunk=18.61 t/s avg=17.86 t/s 7.223s
0824 02:43:24 ds4-server: chat ctx=0..292:292 prefill chunk 130/292 (44.5%) chunk=18.54 t/s avg=17.87 t/s 7.276s
0824 02:43:24 ds4-server: chat ctx=0..292:292 prefill chunk 131/292 (44.9%) chunk=17.37 t/s avg=17.86 t/s 7.334s
0824 02:43:24 ds4-server: chat ctx=0..292:292 prefill chunk 132/292 (45.2%) chunk=17.69 t/s avg=17.86 t/s 7.391s
0824 02:43:24 ds4-server: chat ctx=0..292:292 prefill chunk 133/292 (45.5%) chunk=18.59 t/s avg=17.87 t/s 7.444s
0824 02:43:24 ds4-server: chat ctx=0..292:292 prefill chunk 134/292 (45.9%) chunk=17.89 t/s avg=17.87 t/s 7.500s
0824 02:43:24 ds4-server: chat ctx=0..292:292 prefill chunk 135/292 (46.2%) chunk=18.03 t/s avg=17.87 t/s 7.556s
0824 02:43:24 ds4-server: chat ctx=0..292:292 prefill chunk 136/292 (46.6%) chunk=17.94 t/s avg=17.87 t/s 7.612s
0824 02:43:24 ds4-server: chat ctx=0..292:292 prefill chunk 137/292 (46.9%) chunk=18.08 t/s avg=17.87 t/s 7.667s
0824 02:43:24 ds4-server: chat ctx=0..292:292 prefill chunk 138/292 (47.3%) chunk=17.89 t/s avg=17.87 t/s 7.723s
0824 02:43:24 ds4-server: chat ctx=0..292:292 prefill chunk 139/292 (47.6%) chunk=18.58 t/s avg=17.87 t/s 7.777s
0824 02:43:24 ds4-server: chat ctx=0..292:292 prefill chunk 140/292 (47.9%) chunk=17.97 t/s avg=17.87 t/s 7.832s
0824 02:43:24 ds4-server: chat ctx=0..292:292 prefill chunk 141/292 (48.3%) chunk=17.87 t/s avg=17.87 t/s 7.888s
0824 02:43:24 ds4-server: chat ctx=0..292:292 prefill chunk 142/292 (48.6%) chunk=18.78 t/s avg=17.88 t/s 7.941s
0824 02:43:24 ds4-server: chat ctx=0..292:292 prefill chunk 143/292 (49.0%) chunk=18.24 t/s avg=17.88 t/s 7.996s
0824 02:43:25 ds4-server: chat ctx=0..292:292 prefill chunk 144/292 (49.3%) chunk=18.86 t/s avg=17.89 t/s 8.049s
0824 02:43:25 ds4-server: chat ctx=0..292:292 prefill chunk 145/292 (49.7%) chunk=18.27 t/s avg=17.89 t/s 8.104s
0824 02:43:25 ds4-server: chat ctx=0..292:292 prefill chunk 146/292 (50.0%) chunk=18.18 t/s avg=17.89 t/s 8.159s
0824 02:43:25 ds4-server: chat ctx=0..292:292 prefill chunk 147/292 (50.3%) chunk=18.50 t/s avg=17.90 t/s 8.213s
0824 02:43:25 ds4-server: chat ctx=0..292:292 prefill chunk 148/292 (50.7%) chunk=17.95 t/s avg=17.90 t/s 8.269s
0824 02:43:25 ds4-server: chat ctx=0..292:292 prefill chunk 149/292 (51.0%) chunk=18.05 t/s avg=17.90 t/s 8.324s
0824 02:43:25 ds4-server: chat ctx=0..292:292 prefill chunk 150/292 (51.4%) chunk=17.81 t/s avg=17.90 t/s 8.380s
0824 02:43:25 ds4-server: chat ctx=0..292:292 prefill chunk 151/292 (51.7%) chunk=18.19 t/s avg=17.90 t/s 8.435s
0824 02:43:25 ds4-server: chat ctx=0..292:292 prefill chunk 152/292 (52.1%) chunk=17.81 t/s avg=17.90 t/s 8.491s
0824 02:43:25 ds4-server: chat ctx=0..292:292 prefill chunk 153/292 (52.4%) chunk=18.39 t/s avg=17.90 t/s 8.546s
0824 02:43:25 ds4-server: chat ctx=0..292:292 prefill chunk 154/292 (52.7%) chunk=17.31 t/s avg=17.90 t/s 8.604s
0824 02:43:25 ds4-server: chat ctx=0..292:292 prefill chunk 155/292 (53.1%) chunk=17.36 t/s avg=17.90 t/s 8.661s
0824 02:43:25 ds4-server: chat ctx=0..292:292 prefill chunk 156/292 (53.4%) chunk=17.62 t/s avg=17.89 t/s 8.718s
0824 02:43:25 ds4-server: chat ctx=0..292:292 prefill chunk 157/292 (53.8%) chunk=17.38 t/s avg=17.89 t/s 8.775s
0824 02:43:25 ds4-server: chat ctx=0..292:292 prefill chunk 158/292 (54.1%) chunk=17.34 t/s avg=17.89 t/s 8.833s
0824 02:43:25 ds4-server: chat ctx=0..292:292 prefill chunk 159/292 (54.5%) chunk=18.15 t/s avg=17.89 t/s 8.888s
0824 02:43:25 ds4-server: chat ctx=0..292:292 prefill chunk 160/292 (54.8%) chunk=18.14 t/s avg=17.89 t/s 8.943s
0824 02:43:25 ds4-server: chat ctx=0..292:292 prefill chunk 161/292 (55.1%) chunk=17.64 t/s avg=17.89 t/s 9.000s
0824 02:43:26 ds4-server: chat ctx=0..292:292 prefill chunk 162/292 (55.5%) chunk=17.14 t/s avg=17.88 t/s 9.058s
0824 02:43:26 ds4-server: chat ctx=0..292:292 prefill chunk 163/292 (55.8%) chunk=18.38 t/s avg=17.89 t/s 9.113s
0824 02:43:26 ds4-server: chat ctx=0..292:292 prefill chunk 164/292 (56.2%) chunk=18.16 t/s avg=17.89 t/s 9.168s
0824 02:43:26 ds4-server: chat ctx=0..292:292 prefill chunk 165/292 (56.5%) chunk=18.19 t/s avg=17.89 t/s 9.223s
0824 02:43:26 ds4-server: chat ctx=0..292:292 prefill chunk 166/292 (56.8%) chunk=18.24 t/s avg=17.89 t/s 9.278s
0824 02:43:26 ds4-server: chat ctx=0..292:292 prefill chunk 167/292 (57.2%) chunk=17.52 t/s avg=17.89 t/s 9.335s
0824 02:43:26 ds4-server: chat ctx=0..292:292 prefill chunk 168/292 (57.5%) chunk=17.77 t/s avg=17.89 t/s 9.391s
0824 02:43:26 ds4-server: chat ctx=0..292:292 prefill chunk 169/292 (57.9%) chunk=17.78 t/s avg=17.89 t/s 9.447s
0824 02:43:26 ds4-server: chat ctx=0..292:292 prefill chunk 170/292 (58.2%) chunk=17.49 t/s avg=17.89 t/s 9.504s
0824 02:43:26 ds4-server: chat ctx=0..292:292 prefill chunk 171/292 (58.6%) chunk=17.91 t/s avg=17.89 t/s 9.560s
0824 02:43:26 ds4-server: chat ctx=0..292:292 prefill chunk 172/292 (58.9%) chunk=18.23 t/s avg=17.89 t/s 9.615s
0824 02:43:26 ds4-server: chat ctx=0..292:292 prefill chunk 173/292 (59.2%) chunk=18.12 t/s avg=17.89 t/s 9.670s
0824 02:43:26 ds4-server: chat ctx=0..292:292 prefill chunk 174/292 (59.6%) chunk=17.74 t/s avg=17.89 t/s 9.727s
0824 02:43:26 ds4-server: chat ctx=0..292:292 prefill chunk 175/292 (59.9%) chunk=18.94 t/s avg=17.89 t/s 9.779s
0824 02:43:26 ds4-server: chat ctx=0..292:292 prefill chunk 176/292 (60.3%) chunk=17.82 t/s avg=17.89 t/s 9.836s
0824 02:43:26 ds4-server: chat ctx=0..292:292 prefill chunk 177/292 (60.6%) chunk=16.92 t/s avg=17.89 t/s 9.895s
0824 02:43:26 ds4-server: chat ctx=0..292:292 prefill chunk 178/292 (61.0%) chunk=18.19 t/s avg=17.89 t/s 9.950s
0824 02:43:26 ds4-server: chat ctx=0..292:292 prefill chunk 179/292 (61.3%) chunk=17.43 t/s avg=17.89 t/s 10.007s
0824 02:43:27 ds4-server: chat ctx=0..292:292 prefill chunk 180/292 (61.6%) chunk=17.09 t/s avg=17.88 t/s 10.065s
0824 02:43:27 ds4-server: chat ctx=0..292:292 prefill chunk 181/292 (62.0%) chunk=17.37 t/s avg=17.88 t/s 10.123s
0824 02:43:27 ds4-server: chat ctx=0..292:292 prefill chunk 182/292 (62.3%) chunk=18.13 t/s avg=17.88 t/s 10.178s
0824 02:43:27 ds4-server: chat ctx=0..292:292 prefill chunk 183/292 (62.7%) chunk=17.59 t/s avg=17.88 t/s 10.235s
0824 02:43:27 ds4-server: chat ctx=0..292:292 prefill chunk 184/292 (63.0%) chunk=17.79 t/s avg=17.88 t/s 10.291s
0824 02:43:27 ds4-server: chat ctx=0..292:292 prefill chunk 185/292 (63.4%) chunk=18.35 t/s avg=17.88 t/s 10.346s
0824 02:43:27 ds4-server: chat ctx=0..292:292 prefill chunk 186/292 (63.7%) chunk=18.29 t/s avg=17.88 t/s 10.400s
0824 02:43:27 ds4-server: chat ctx=0..292:292 prefill chunk 187/292 (64.0%) chunk=17.94 t/s avg=17.88 t/s 10.456s
0824 02:43:27 ds4-server: chat ctx=0..292:292 prefill chunk 188/292 (64.4%) chunk=17.91 t/s avg=17.88 t/s 10.512s
0824 02:43:27 ds4-server: chat ctx=0..292:292 prefill chunk 189/292 (64.7%) chunk=17.37 t/s avg=17.88 t/s 10.570s
0824 02:43:27 ds4-server: chat ctx=0..292:292 prefill chunk 190/292 (65.1%) chunk=17.00 t/s avg=17.88 t/s 10.628s
0824 02:43:27 ds4-server: chat ctx=0..292:292 prefill chunk 191/292 (65.4%) chunk=18.63 t/s avg=17.88 t/s 10.682s
0824 02:43:27 ds4-server: chat ctx=0..292:292 prefill chunk 192/292 (65.8%) chunk=17.45 t/s avg=17.88 t/s 10.739s
0824 02:43:27 ds4-server: chat ctx=0..292:292 prefill chunk 193/292 (66.1%) chunk=17.35 t/s avg=17.88 t/s 10.797s
0824 02:43:27 ds4-server: chat ctx=0..292:292 prefill chunk 194/292 (66.4%) chunk=17.28 t/s avg=17.87 t/s 10.855s
0824 02:43:27 ds4-server: chat ctx=0..292:292 prefill chunk 195/292 (66.8%) chunk=18.60 t/s avg=17.88 t/s 10.909s
0824 02:43:27 ds4-server: chat ctx=0..292:292 prefill chunk 196/292 (67.1%) chunk=17.72 t/s avg=17.87 t/s 10.965s
0824 02:43:28 ds4-server: chat ctx=0..292:292 prefill chunk 197/292 (67.5%) chunk=17.64 t/s avg=17.87 t/s 11.022s
0824 02:43:28 ds4-server: chat ctx=0..292:292 prefill chunk 198/292 (67.8%) chunk=17.95 t/s avg=17.87 t/s 11.077s
0824 02:43:28 ds4-server: chat ctx=0..292:292 prefill chunk 199/292 (68.2%) chunk=17.44 t/s avg=17.87 t/s 11.135s
0824 02:43:28 ds4-server: chat ctx=0..292:292 prefill chunk 200/292 (68.5%) chunk=18.16 t/s avg=17.87 t/s 11.190s
0824 02:43:28 ds4-server: chat ctx=0..292:292 prefill chunk 201/292 (68.8%) chunk=18.21 t/s avg=17.87 t/s 11.245s
0824 02:43:28 ds4-server: chat ctx=0..292:292 prefill chunk 202/292 (69.2%) chunk=17.46 t/s avg=17.87 t/s 11.302s
0824 02:43:28 ds4-server: chat ctx=0..292:292 prefill chunk 203/292 (69.5%) chunk=17.34 t/s avg=17.87 t/s 11.360s
0824 02:43:28 ds4-server: chat ctx=0..292:292 prefill chunk 204/292 (69.9%) chunk=18.26 t/s avg=17.87 t/s 11.415s
0824 02:43:28 ds4-server: chat ctx=0..292:292 prefill chunk 205/292 (70.2%) chunk=18.00 t/s avg=17.87 t/s 11.470s
0824 02:43:28 ds4-server: chat ctx=0..292:292 prefill chunk 206/292 (70.5%) chunk=17.89 t/s avg=17.87 t/s 11.526s
0824 02:43:28 ds4-server: chat ctx=0..292:292 prefill chunk 207/292 (70.9%) chunk=18.68 t/s avg=17.88 t/s 11.579s
0824 02:43:28 ds4-server: chat ctx=0..292:292 prefill chunk 208/292 (71.2%) chunk=18.69 t/s avg=17.88 t/s 11.633s
0824 02:43:28 ds4-server: chat ctx=0..292:292 prefill chunk 209/292 (71.6%) chunk=18.09 t/s avg=17.88 t/s 11.688s
0824 02:43:28 ds4-server: chat ctx=0..292:292 prefill chunk 210/292 (71.9%) chunk=17.96 t/s avg=17.88 t/s 11.744s
0824 02:43:28 ds4-server: chat ctx=0..292:292 prefill chunk 211/292 (72.3%) chunk=17.42 t/s avg=17.88 t/s 11.801s
0824 02:43:28 ds4-server: chat ctx=0..292:292 prefill chunk 212/292 (72.6%) chunk=16.98 t/s avg=17.87 t/s 11.860s
0824 02:43:28 ds4-server: chat ctx=0..292:292 prefill chunk 213/292 (72.9%) chunk=18.33 t/s avg=17.88 t/s 11.915s
0824 02:43:28 ds4-server: chat ctx=0..292:292 prefill chunk 214/292 (73.3%) chunk=17.28 t/s avg=17.87 t/s 11.973s
0824 02:43:29 ds4-server: chat ctx=0..292:292 prefill chunk 215/292 (73.6%) chunk=17.03 t/s avg=17.87 t/s 12.031s
0824 02:43:29 ds4-server: chat ctx=0..292:292 prefill chunk 216/292 (74.0%) chunk=17.43 t/s avg=17.87 t/s 12.089s
0824 02:43:29 ds4-server: chat ctx=0..292:292 prefill chunk 217/292 (74.3%) chunk=17.77 t/s avg=17.87 t/s 12.145s
0824 02:43:29 ds4-server: chat ctx=0..292:292 prefill chunk 218/292 (74.7%) chunk=17.99 t/s avg=17.87 t/s 12.201s
0824 02:43:29 ds4-server: chat ctx=0..292:292 prefill chunk 219/292 (75.0%) chunk=17.48 t/s avg=17.87 t/s 12.258s
0824 02:43:29 ds4-server: chat ctx=0..292:292 prefill chunk 220/292 (75.3%) chunk=17.58 t/s avg=17.86 t/s 12.315s
0824 02:43:29 ds4-server: chat ctx=0..292:292 prefill chunk 221/292 (75.7%) chunk=17.82 t/s avg=17.86 t/s 12.371s
0824 02:43:29 ds4-server: chat ctx=0..292:292 prefill chunk 222/292 (76.0%) chunk=17.36 t/s avg=17.86 t/s 12.428s
0824 02:43:29 ds4-server: chat ctx=0..292:292 prefill chunk 223/292 (76.4%) chunk=17.40 t/s avg=17.86 t/s 12.486s
0824 02:43:29 ds4-server: chat ctx=0..292:292 prefill chunk 224/292 (76.7%) chunk=18.02 t/s avg=17.86 t/s 12.541s
0824 02:43:29 ds4-server: chat ctx=0..292:292 prefill chunk 225/292 (77.1%) chunk=17.96 t/s avg=17.86 t/s 12.597s
0824 02:43:29 ds4-server: chat ctx=0..292:292 prefill chunk 226/292 (77.4%) chunk=18.28 t/s avg=17.86 t/s 12.652s
0824 02:43:29 ds4-server: chat ctx=0..292:292 prefill chunk 227/292 (77.7%) chunk=18.17 t/s avg=17.86 t/s 12.707s
0824 02:43:29 ds4-server: chat ctx=0..292:292 prefill chunk 228/292 (78.1%) chunk=17.72 t/s avg=17.86 t/s 12.763s
0824 02:43:29 ds4-server: chat ctx=0..292:292 prefill chunk 229/292 (78.4%) chunk=17.22 t/s avg=17.86 t/s 12.821s
0824 02:43:29 ds4-server: chat ctx=0..292:292 prefill chunk 230/292 (78.8%) chunk=17.33 t/s avg=17.86 t/s 12.879s
0824 02:43:29 ds4-server: chat ctx=0..292:292 prefill chunk 231/292 (79.1%) chunk=17.07 t/s avg=17.85 t/s 12.938s
0824 02:43:29 ds4-server: chat ctx=0..292:292 prefill chunk 232/292 (79.5%) chunk=17.67 t/s avg=17.85 t/s 12.994s
0824 02:43:30 ds4-server: chat ctx=0..292:292 prefill chunk 233/292 (79.8%) chunk=18.16 t/s avg=17.86 t/s 13.049s
0824 02:43:30 ds4-server: chat ctx=0..292:292 prefill chunk 234/292 (80.1%) chunk=17.75 t/s avg=17.85 t/s 13.106s
0824 02:43:30 ds4-server: chat ctx=0..292:292 prefill chunk 235/292 (80.5%) chunk=17.32 t/s avg=17.85 t/s 13.163s
0824 02:43:30 ds4-server: chat ctx=0..292:292 prefill chunk 236/292 (80.8%) chunk=17.50 t/s avg=17.85 t/s 13.221s
0824 02:43:30 ds4-server: chat ctx=0..292:292 prefill chunk 237/292 (81.2%) chunk=17.53 t/s avg=17.85 t/s 13.278s
0824 02:43:30 ds4-server: chat ctx=0..292:292 prefill chunk 238/292 (81.5%) chunk=17.33 t/s avg=17.85 t/s 13.335s
0824 02:43:30 ds4-server: chat ctx=0..292:292 prefill chunk 239/292 (81.8%) chunk=17.42 t/s avg=17.85 t/s 13.393s
0824 02:43:30 ds4-server: chat ctx=0..292:292 prefill chunk 240/292 (82.2%) chunk=18.10 t/s avg=17.85 t/s 13.448s
0824 02:43:30 ds4-server: chat ctx=0..292:292 prefill chunk 241/292 (82.5%) chunk=17.83 t/s avg=17.85 t/s 13.504s
0824 02:43:30 ds4-server: chat ctx=0..292:292 prefill chunk 242/292 (82.9%) chunk=17.77 t/s avg=17.85 t/s 13.560s
0824 02:43:30 ds4-server: chat ctx=0..292:292 prefill chunk 243/292 (83.2%) chunk=18.01 t/s avg=17.85 t/s 13.616s
0824 02:43:30 ds4-server: chat ctx=0..292:292 prefill chunk 244/292 (83.6%) chunk=17.12 t/s avg=17.84 t/s 13.674s
0824 02:43:30 ds4-server: chat ctx=0..292:292 prefill chunk 245/292 (83.9%) chunk=17.02 t/s avg=17.84 t/s 13.733s
0824 02:43:30 ds4-server: chat ctx=0..292:292 prefill chunk 246/292 (84.2%) chunk=17.84 t/s avg=17.84 t/s 13.789s
0824 02:43:30 ds4-server: chat ctx=0..292:292 prefill chunk 247/292 (84.6%) chunk=17.50 t/s avg=17.84 t/s 13.846s
0824 02:43:30 ds4-server: chat ctx=0..292:292 prefill chunk 248/292 (84.9%) chunk=17.06 t/s avg=17.84 t/s 13.905s
0824 02:43:30 ds4-server: chat ctx=0..292:292 prefill chunk 249/292 (85.3%) chunk=17.10 t/s avg=17.83 t/s 13.963s
0824 02:43:31 ds4-server: chat ctx=0..292:292 prefill chunk 250/292 (85.6%) chunk=17.05 t/s avg=17.83 t/s 14.022s
0824 02:43:31 ds4-server: chat ctx=0..292:292 prefill chunk 251/292 (86.0%) chunk=18.30 t/s avg=17.83 t/s 14.077s
0824 02:43:31 ds4-server: chat ctx=0..292:292 prefill chunk 252/292 (86.3%) chunk=18.16 t/s avg=17.83 t/s 14.132s
0824 02:43:31 ds4-server: chat ctx=0..292:292 prefill chunk 253/292 (86.6%) chunk=17.93 t/s avg=17.83 t/s 14.187s
0824 02:43:31 ds4-server: chat ctx=0..292:292 prefill chunk 254/292 (87.0%) chunk=18.00 t/s avg=17.83 t/s 14.243s
0824 02:43:31 ds4-server: chat ctx=0..292:292 prefill chunk 255/292 (87.3%) chunk=17.44 t/s avg=17.83 t/s 14.300s
ds4: qwen35moe experts/token avg over 128 tokens: 0:14.5 1:14.5 2:15.5 3:17.2 4:16.1 5:15.9 6:15.8 7:16.6 8:17.1 9:18.1 10:15.6 11:14.8 12:16.3 13:16.1 14:16.3 15:16.4 16:15.7 17:15.5 18:15.1 19:16.1 20:17.2 21:17.4 22:16.3 23:15.2 24:16.6 25:16.1 26:17.0 27:17.2 28:16.3 29:17.9 30:18.2 31:19.0 32:17.6 33:18.7 34:17.9 35:19.4 36:19.8 37:19.8 38:19.9 39:19.4 | mean 16.9
0824 02:43:31 ds4-server: chat ctx=0..292:292 prefill chunk 256/292 (87.7%) chunk=17.26 t/s avg=17.83 t/s 14.358s
0824 02:43:31 ds4-server: chat ctx=0..292:292 prefill chunk 257/292 (88.0%) chunk=18.37 t/s avg=17.83 t/s 14.413s
0824 02:43:31 ds4-server: chat ctx=0..292:292 prefill chunk 258/292 (88.4%) chunk=17.79 t/s avg=17.83 t/s 14.469s
0824 02:43:31 ds4-server: chat ctx=0..292:292 prefill chunk 259/292 (88.7%) chunk=17.53 t/s avg=17.83 t/s 14.526s
0824 02:43:31 ds4-server: chat ctx=0..292:292 prefill chunk 260/292 (89.0%) chunk=18.14 t/s avg=17.83 t/s 14.581s
0824 02:43:31 ds4-server: chat ctx=0..292:292 prefill chunk 261/292 (89.4%) chunk=17.29 t/s avg=17.83 t/s 14.639s
0824 02:43:31 ds4-server: chat ctx=0..292:292 prefill chunk 262/292 (89.7%) chunk=16.93 t/s avg=17.83 t/s 14.698s
0824 02:43:31 ds4-server: chat ctx=0..292:292 prefill chunk 263/292 (90.1%) chunk=18.37 t/s avg=17.83 t/s 14.752s
0824 02:43:31 ds4-server: chat ctx=0..292:292 prefill chunk 264/292 (90.4%) chunk=16.86 t/s avg=17.82 t/s 14.812s
0824 02:43:31 ds4-server: chat ctx=0..292:292 prefill chunk 265/292 (90.8%) chunk=17.61 t/s avg=17.82 t/s 14.868s
0824 02:43:31 ds4-server: chat ctx=0..292:292 prefill chunk 266/292 (91.1%) chunk=17.39 t/s avg=17.82 t/s 14.926s
0824 02:43:31 ds4-server: chat ctx=0..292:292 prefill chunk 267/292 (91.4%) chunk=18.30 t/s avg=17.82 t/s 14.981s
0824 02:43:32 ds4-server: chat ctx=0..292:292 prefill chunk 268/292 (91.8%) chunk=17.82 t/s avg=17.82 t/s 15.037s
0824 02:43:32 ds4-server: chat ctx=0..292:292 prefill chunk 269/292 (92.1%) chunk=16.93 t/s avg=17.82 t/s 15.096s
0824 02:43:32 ds4-server: chat ctx=0..292:292 prefill chunk 270/292 (92.5%) chunk=17.25 t/s avg=17.82 t/s 15.154s
0824 02:43:32 ds4-server: chat ctx=0..292:292 prefill chunk 271/292 (92.8%) chunk=17.63 t/s avg=17.82 t/s 15.210s
0824 02:43:32 ds4-server: chat ctx=0..292:292 prefill chunk 272/292 (93.2%) chunk=17.59 t/s avg=17.82 t/s 15.267s
0824 02:43:32 ds4-server: chat ctx=0..292:292 prefill chunk 273/292 (93.5%) chunk=17.47 t/s avg=17.81 t/s 15.325s
0824 02:43:32 ds4-server: chat ctx=0..292:292 prefill chunk 274/292 (93.8%) chunk=17.94 t/s avg=17.81 t/s 15.380s
0824 02:43:32 ds4-server: chat ctx=0..292:292 prefill chunk 275/292 (94.2%) chunk=17.75 t/s avg=17.81 t/s 15.437s
0824 02:43:32 ds4-server: chat ctx=0..292:292 prefill chunk 276/292 (94.5%) chunk=17.50 t/s avg=17.81 t/s 15.494s
0824 02:43:32 ds4-server: chat ctx=0..292:292 prefill chunk 277/292 (94.9%) chunk=17.55 t/s avg=17.81 t/s 15.551s
0824 02:43:32 ds4-server: chat ctx=0..292:292 prefill chunk 278/292 (95.2%) chunk=17.68 t/s avg=17.81 t/s 15.607s
0824 02:43:32 ds4-server: chat ctx=0..292:292 prefill chunk 279/292 (95.5%) chunk=17.31 t/s avg=17.81 t/s 15.665s
0824 02:43:32 ds4-server: chat ctx=0..292:292 prefill chunk 280/292 (95.9%) chunk=17.29 t/s avg=17.81 t/s 15.723s
0824 02:43:32 ds4-server: chat ctx=0..292:292 prefill chunk 281/292 (96.2%) chunk=17.57 t/s avg=17.81 t/s 15.780s
0824 02:43:32 ds4-server: chat ctx=0..292:292 prefill chunk 282/292 (96.6%) chunk=17.32 t/s avg=17.81 t/s 15.838s
0824 02:43:32 ds4-server: chat ctx=0..292:292 prefill chunk 283/292 (96.9%) chunk=17.60 t/s avg=17.81 t/s 15.894s
0824 02:43:32 ds4-server: chat ctx=0..292:292 prefill chunk 284/292 (97.3%) chunk=18.40 t/s avg=17.81 t/s 15.949s
0824 02:43:32 ds4-server: chat ctx=0..292:292 prefill chunk 285/292 (97.6%) chunk=17.82 t/s avg=17.81 t/s 16.005s
0824 02:43:33 ds4-server: chat ctx=0..292:292 prefill chunk 286/292 (97.9%) chunk=18.37 t/s avg=17.81 t/s 16.059s
0824 02:43:33 ds4-server: chat ctx=0..292:292 prefill chunk 287/292 (98.3%) chunk=18.53 t/s avg=17.81 t/s 16.113s
0824 02:43:33 ds4-server: chat ctx=0..292:292 prefill chunk 288/292 (98.6%) chunk=17.73 t/s avg=17.81 t/s 16.170s
0824 02:43:33 ds4-server: chat ctx=0..292:292 prefill chunk 289/292 (99.0%) chunk=18.54 t/s avg=17.81 t/s 16.224s
0824 02:43:33 ds4-server: chat ctx=0..292:292 prefill chunk 290/292 (99.3%) chunk=18.10 t/s avg=17.81 t/s 16.279s
0824 02:43:33 ds4-server: chat ctx=0..292:292 prefill chunk 291/292 (99.7%) chunk=19.16 t/s avg=17.82 t/s 16.331s
0824 02:43:33 ds4-server: chat ctx=0..292:292 prefill chunk 292/292 (100.0%) chunk=19.69 t/s avg=17.82 t/s 16.382s
0824 02:43:33 ds4-server: chat ctx=0..292:292 prompt done 16.382s
0824 02:43:36 ds4-server: chat ctx=292..342:50 gen=50 THINKING decoding chunk=17.86 t/s avg=17.86 t/s 2.799s
ds4: qwen35moe experts/token avg over 128 tokens: 0:14.4 1:14.2 2:14.5 3:16.3 4:15.4 5:15.2 6:15.1 7:16.0 8:16.6 9:17.1 10:15.2 11:14.3 12:15.7 13:15.3 14:16.2 15:16.0 16:15.7 17:15.4 18:14.9 19:15.7 20:16.7 21:17.8 22:15.3 23:15.6 24:16.9 25:16.4 26:16.6 27:17.4 28:16.6 29:17.0 30:17.1 31:18.1 32:17.7 33:17.7 34:17.4 35:18.8 36:18.8 37:19.4 38:19.5 39:19.3 | mean 16.5
0824 02:43:39 ds4-server: chat ctx=342..392:50 gen=100 THINKING decoding chunk=17.48 t/s avg=17.67 t/s 5.660s
0824 02:43:41 ds4-server: chat ctx=392..442:50 gen=150 THINKING decoding chunk=17.25 t/s avg=17.53 t/s 8.559s
0824 02:43:44 ds4-server: chat ctx=442..492:50 gen=200 THINKING decoding chunk=17.06 t/s avg=17.41 t/s 11.489s
ds4: qwen35moe experts/token avg over 128 tokens: 0:15.2 1:15.6 2:16.2 3:18.0 4:17.1 5:17.1 6:16.6 7:17.2 8:18.1 9:17.8 10:16.0 11:15.2 12:16.9 13:16.1 14:17.1 15:16.8 16:16.0 17:16.0 18:15.6 19:16.1 20:17.4 21:17.9 22:16.0 23:16.5 24:16.6 25:17.0 26:16.5 27:17.8 28:17.2 29:18.4 30:18.4 31:19.3 32:18.8 33:19.2 34:19.6 35:19.8 36:19.8 37:20.0 38:20.0 39:20.0 | mean 17.4
0824 02:43:47 ds4-server: chat ctx=492..542:50 gen=250 THINKING decoding chunk=17.14 t/s avg=17.35 t/s 14.406s
0824 02:43:50 ds4-server: chat ctx=542..592:50 gen=300 THINKING decoding chunk=17.72 t/s avg=17.41 t/s 17.227s
ds4: qwen35moe experts/token avg over 128 tokens: 0:14.6 1:15.1 2:14.5 3:16.7 4:16.2 5:15.7 6:15.1 7:15.9 8:17.3 9:17.2 10:15.3 11:14.3 12:16.1 13:15.7 14:16.0 15:16.2 16:15.2 17:15.9 18:14.5 19:16.0 20:16.3 21:16.5 22:14.9 23:14.5 24:15.4 25:15.3 26:15.8 27:15.7 28:15.4 29:15.9 30:15.3 31:16.2 32:15.3 33:14.9 34:15.2 35:16.4 36:16.0 37:16.9 38:17.8 39:16.7 | mean 15.8
0824 02:43:53 ds4-server: chat ctx=592..642:50 gen=350 THINKING decoding chunk=17.44 t/s avg=17.42 t/s 20.095s
0824 02:43:56 ds4-server: chat ctx=642..692:50 gen=400 THINKING decoding chunk=17.48 t/s avg=17.42 t/s 22.956s
0824 02:43:59 ds4-server: chat ctx=692..742:50 gen=450 THINKING decoding chunk=17.18 t/s avg=17.40 t/s 25.865s
ds4: qwen35moe experts/token avg over 128 tokens: 0:14.5 1:14.8 2:14.9 3:16.8 4:15.9 5:15.9 6:15.3 7:16.3 8:17.2 9:17.2 10:14.7 11:14.4 12:15.9 13:15.3 14:15.9 15:16.1 16:15.5 17:16.3 18:14.5 19:15.9 20:15.9 21:16.4 22:14.8 23:14.5 24:14.7 25:15.1 26:14.7 27:15.9 28:15.3 29:14.7 30:14.9 31:15.9 32:15.1 33:14.3 34:14.5 35:16.2 36:15.2 37:16.1 38:17.5 39:15.8 | mean 15.5
0824 02:44:02 ds4-server: chat ctx=742..792:50 gen=500 THINKING decoding chunk=17.18 t/s avg=17.38 t/s 28.775s
0824 02:44:05 ds4-server: chat ctx=792..842:50 gen=550 THINKING decoding chunk=17.07 t/s avg=17.35 t/s 31.704s
0824 02:44:08 ds4-server: chat ctx=842..892:50 gen=600 THINKING decoding chunk=16.98 t/s avg=17.32 t/s 34.647s
ds4: qwen35moe experts/token avg over 128 tokens: 0:14.4 1:14.9 2:15.0 3:17.0 4:15.7 5:15.2 6:15.4 7:16.2 8:17.6 9:17.1 10:15.1 11:14.8 12:15.5 13:16.3 14:16.7 15:16.1 16:15.9 17:16.2 18:15.4 19:16.4 20:17.2 21:16.5 22:15.3 23:14.5 24:15.8 25:16.1 26:15.9 27:16.1 28:15.1 29:16.1 30:15.5 31:16.4 32:15.6 33:14.9 34:15.0 35:16.1 36:15.9 37:17.2 38:17.7 39:16.7 | mean 15.9
0824 02:44:11 ds4-server: chat ctx=892..942:50 gen=650 THINKING decoding chunk=16.65 t/s avg=17.26 t/s 37.651s
0824 02:44:13 ds4-server: chat ctx=942..992:50 gen=700 THINKING decoding chunk=17.02 t/s avg=17.25 t/s 40.589s
ds4: qwen35moe experts/token avg over 128 tokens: 0:14.6 1:15.0 2:15.1 3:16.7 4:16.4 5:15.5 6:14.7 7:16.3 8:17.0 9:17.0 10:15.0 11:14.9 12:16.0 13:15.3 14:15.8 15:15.6 16:16.2 17:16.1 18:14.9 19:15.9 20:16.5 21:16.7 22:15.5 23:15.3 24:15.5 25:15.2 26:16.4 27:15.7 28:15.7 29:15.4 30:15.8 31:17.0 32:16.0 33:15.1 34:14.8 35:17.2 36:17.0 37:17.6 38:18.3 39:16.9 | mean 15.9
0824 02:44:16 ds4-server: chat ctx=992..1042:50 gen=750 THINKING decoding chunk=16.73 t/s avg=17.21 t/s 43.577s
0824 02:44:19 ds4-server: chat ctx=1042..1092:50 gen=800 THINKING decoding chunk=16.52 t/s avg=17.17 t/s 46.604s
0824 02:44:23 ds4-server: chat ctx=1092..1142:50 gen=850 THINKING decoding chunk=16.48 t/s avg=17.12 t/s 49.638s
ds4: qwen35moe experts/token avg over 128 tokens: 0:14.7 1:15.5 2:14.8 3:16.3 4:16.3 5:15.4 6:15.8 7:16.6 8:17.7 9:17.3 10:15.3 11:15.1 12:16.2 13:16.2 14:16.2 15:16.4 16:16.0 17:16.3 18:15.6 19:15.7 20:17.0 21:16.7 22:15.6 23:15.2 24:15.4 25:15.9 26:15.8 27:15.8 28:15.3 29:15.8 30:15.7 31:16.4 32:15.3 33:14.7 34:14.7 35:16.8 36:16.6 37:17.1 38:18.4 39:16.8 | mean 16.0
0824 02:44:26 ds4-server: chat ctx=1142..1192:50 gen=900 THINKING decoding chunk=16.58 t/s avg=17.09 t/s 52.653s
0824 02:44:29 ds4-server: chat ctx=1192..1242:50 gen=950 THINKING decoding chunk=16.30 t/s avg=17.05 t/s 55.722s
ds4: qwen35moe experts/token avg over 128 tokens: 0:14.5 1:15.2 2:15.4 3:17.3 4:17.0 5:16.5 6:15.9 7:17.6 8:18.2 9:18.2 10:15.9 11:15.1 12:16.9 13:16.7 14:17.1 15:16.5 16:16.1 17:16.7 18:15.4 19:16.6 20:17.5 21:17.2 22:16.1 23:14.7 24:15.9 25:15.8 26:16.1 27:15.7 28:15.2 29:15.4 30:15.1 31:15.9 32:14.7 33:14.7 34:14.6 35:16.1 36:16.3 37:17.0 38:17.9 39:16.9 | mean 16.2
0824 02:44:32 ds4-server: chat ctx=1242..1292:50 gen=1000 THINKING decoding chunk=16.04 t/s avg=17.00 t/s 58.838s
0824 02:44:35 ds4-server: chat ctx=1292..1342:50 gen=1050 THINKING decoding chunk=16.24 t/s avg=16.96 t/s 61.916s
0824 02:44:38 ds4-server: chat ctx=1342..1392:50 gen=1100 decoding chunk=16.07 t/s avg=16.92 t/s 65.027s
ds4: qwen35moe experts/token avg over 128 tokens: 0:14.3 1:15.8 2:15.0 3:17.8 4:17.0 5:16.3 6:16.0 7:17.4 8:18.1 9:17.6 10:15.8 11:15.3 12:16.4 13:16.1 14:16.5 15:16.7 16:16.2 17:16.7 18:15.8 19:15.8 20:17.1 21:16.9 22:15.6 23:14.8 24:15.5 25:16.0 26:16.0 27:15.6 28:15.5 29:16.3 30:15.7 31:16.8 32:15.1 33:14.8 34:14.5 35:16.8 36:16.9 37:16.9 38:18.5 39:17.0 | mean 16.2
0824 02:44:41 ds4-server: chat ctx=1392..1442:50 gen=1150 decoding chunk=15.82 t/s avg=16.87 t/s 68.188s
0824 02:44:44 ds4-server: chat ctx=1442..1492:50 gen=1200 decoding chunk=15.83 t/s avg=16.82 t/s 71.347s
ds4: qwen35moe experts/token avg over 128 tokens: 0:15.0 1:16.6 2:16.2 3:18.0 4:17.5 5:17.4 6:16.1 7:17.8 8:18.6 9:18.5 10:16.2 11:15.5 12:17.3 13:16.9 14:17.2 15:16.9 16:16.3 17:16.5 18:15.2 19:16.9 20:17.8 21:17.3 22:16.1 23:14.5 24:15.5 25:15.6 26:15.8 27:16.4 28:14.9 29:16.0 30:14.9 31:15.8 32:15.4 33:14.4 34:15.0 35:16.1 36:16.7 37:16.6 38:18.1 39:16.7 | mean 16.4
0824 02:44:47 ds4-server: chat ctx=1492..1542:50 gen=1250 decoding chunk=15.76 t/s avg=16.77 t/s 74.520s
0824 02:44:51 ds4-server: chat ctx=1542..1592:50 gen=1300 decoding chunk=15.62 t/s avg=16.73 t/s 77.720s
0824 02:44:51 ds4-server: chat ctx=1592..1606:14 gen=1314 decoding chunk=15.52 t/s avg=16.71 t/s 78.622s
0824 02:44:51 ds4-server: thinking live checkpoint remembered ctx=0..292:292 live=1606 visible=2613
0824 02:44:51 ds4-server: chat ctx=0..292:292 gen=1314 finish=stop 95.004s
0824 02:44:51 ds4-server: live kv cache miss live=1606 prompt=190 common=51 reason=token-mismatch
0824 02:44:51 ds4-server: chat ctx=0..190:190 prompt start
0824 02:44:52 ds4-server: chat ctx=0..190:190 prefill chunk 1/190 (0.5%) chunk=0.00 t/s avg=19.00 t/s 0.053s
0824 02:44:52 ds4-server: chat ctx=0..190:190 prefill chunk 2/190 (1.1%) chunk=19.79 t/s avg=19.38 t/s 0.103s
0824 02:44:52 ds4-server: chat ctx=0..190:190 prefill chunk 3/190 (1.6%) chunk=19.39 t/s avg=19.39 t/s 0.155s
0824 02:44:52 ds4-server: chat ctx=0..190:190 prefill chunk 4/190 (2.1%) chunk=19.54 t/s avg=19.42 t/s 0.206s
0824 02:44:52 ds4-server: chat ctx=0..190:190 prefill chunk 5/190 (2.6%) chunk=19.33 t/s avg=19.41 t/s 0.258s
0824 02:44:52 ds4-server: chat ctx=0..190:190 prefill chunk 6/190 (3.2%) chunk=18.84 t/s avg=19.31 t/s 0.311s
0824 02:44:52 ds4-server: chat ctx=0..190:190 prefill chunk 7/190 (3.7%) chunk=19.80 t/s avg=19.38 t/s 0.361s
0824 02:44:52 ds4-server: chat ctx=0..190:190 prefill chunk 8/190 (4.2%) chunk=18.52 t/s avg=19.27 t/s 0.415s
0824 02:44:52 ds4-server: chat ctx=0..190:190 prefill chunk 9/190 (4.7%) chunk=19.93 t/s avg=19.34 t/s 0.465s
0824 02:44:52 ds4-server: chat ctx=0..190:190 prefill chunk 10/190 (5.3%) chunk=19.08 t/s avg=19.31 t/s 0.518s
0824 02:44:52 ds4-server: chat ctx=0..190:190 prefill chunk 11/190 (5.8%) chunk=19.51 t/s avg=19.33 t/s 0.569s
0824 02:44:52 ds4-server: chat ctx=0..190:190 prefill chunk 12/190 (6.3%) chunk=18.64 t/s avg=19.27 t/s 0.623s
0824 02:44:52 ds4-server: chat ctx=0..190:190 prefill chunk 13/190 (6.8%) chunk=18.56 t/s avg=19.21 t/s 0.677s
0824 02:44:52 ds4-server: chat ctx=0..190:190 prefill chunk 14/190 (7.4%) chunk=18.92 t/s avg=19.19 t/s 0.729s
0824 02:44:52 ds4-server: chat ctx=0..190:190 prefill chunk 15/190 (7.9%) chunk=18.29 t/s avg=19.13 t/s 0.784s
0824 02:44:52 ds4-server: chat ctx=0..190:190 prefill chunk 16/190 (8.4%) chunk=19.00 t/s avg=19.12 t/s 0.837s
0824 02:44:52 ds4-server: chat ctx=0..190:190 prefill chunk 17/190 (8.9%) chunk=18.44 t/s avg=19.08 t/s 0.891s
0824 02:44:52 ds4-server: chat ctx=0..190:190 prefill chunk 18/190 (9.5%) chunk=18.73 t/s avg=19.06 t/s 0.944s
0824 02:44:52 ds4-server: chat ctx=0..190:190 prefill chunk 19/190 (10.0%) chunk=19.11 t/s avg=19.06 t/s 0.997s
0824 02:44:53 ds4-server: chat ctx=0..190:190 prefill chunk 20/190 (10.5%) chunk=18.01 t/s avg=19.01 t/s 1.052s
0824 02:44:53 ds4-server: chat ctx=0..190:190 prefill chunk 21/190 (11.1%) chunk=18.81 t/s avg=19.00 t/s 1.105s
0824 02:44:53 ds4-server: chat ctx=0..190:190 prefill chunk 22/190 (11.6%) chunk=19.16 t/s avg=19.00 t/s 1.158s
0824 02:44:53 ds4-server: chat ctx=0..190:190 prefill chunk 23/190 (12.1%) chunk=18.97 t/s avg=19.00 t/s 1.210s
0824 02:44:53 ds4-server: chat ctx=0..190:190 prefill chunk 24/190 (12.6%) chunk=19.61 t/s avg=19.03 t/s 1.261s
0824 02:44:53 ds4-server: chat ctx=0..190:190 prefill chunk 25/190 (13.2%) chunk=18.52 t/s avg=19.01 t/s 1.315s
0824 02:44:53 ds4-server: chat ctx=0..190:190 prefill chunk 26/190 (13.7%) chunk=19.58 t/s avg=19.03 t/s 1.366s
0824 02:44:53 ds4-server: chat ctx=0..190:190 prefill chunk 27/190 (14.2%) chunk=18.57 t/s avg=19.01 t/s 1.420s
0824 02:44:53 ds4-server: chat ctx=0..190:190 prefill chunk 28/190 (14.7%) chunk=19.20 t/s avg=19.02 t/s 1.472s
0824 02:44:53 ds4-server: chat ctx=0..190:190 prefill chunk 29/190 (15.3%) chunk=18.52 t/s avg=19.00 t/s 1.526s
0824 02:44:53 ds4-server: chat ctx=0..190:190 prefill chunk 30/190 (15.8%) chunk=18.33 t/s avg=18.98 t/s 1.581s
0824 02:44:53 ds4-server: chat ctx=0..190:190 prefill chunk 31/190 (16.3%) chunk=18.78 t/s avg=18.97 t/s 1.634s
0824 02:44:53 ds4-server: chat ctx=0..190:190 prefill chunk 32/190 (16.8%) chunk=18.45 t/s avg=18.95 t/s 1.688s
0824 02:44:53 ds4-server: chat ctx=0..190:190 prefill chunk 33/190 (17.4%) chunk=18.63 t/s avg=18.94 t/s 1.742s
0824 02:44:53 ds4-server: chat ctx=0..190:190 prefill chunk 34/190 (17.9%) chunk=19.08 t/s avg=18.95 t/s 1.794s
0824 02:44:53 ds4-server: chat ctx=0..190:190 prefill chunk 35/190 (18.4%) chunk=17.75 t/s avg=18.91 t/s 1.851s
0824 02:44:53 ds4-server: chat ctx=0..190:190 prefill chunk 36/190 (18.9%) chunk=18.82 t/s avg=18.91 t/s 1.904s
0824 02:44:53 ds4-server: chat ctx=0..190:190 prefill chunk 37/190 (19.5%) chunk=17.66 t/s avg=18.87 t/s 1.961s
0824 02:44:54 ds4-server: chat ctx=0..190:190 prefill chunk 38/190 (20.0%) chunk=17.63 t/s avg=18.84 t/s 2.017s
0824 02:44:54 ds4-server: chat ctx=0..190:190 prefill chunk 39/190 (20.5%) chunk=18.21 t/s avg=18.82 t/s 2.072s
0824 02:44:54 ds4-server: chat ctx=0..190:190 prefill chunk 40/190 (21.1%) chunk=18.41 t/s avg=18.81 t/s 2.126s
0824 02:44:54 ds4-server: chat ctx=0..190:190 prefill chunk 41/190 (21.6%) chunk=17.97 t/s avg=18.79 t/s 2.182s
0824 02:44:54 ds4-server: chat ctx=0..190:190 prefill chunk 42/190 (22.1%) chunk=18.78 t/s avg=18.79 t/s 2.235s
0824 02:44:54 ds4-server: chat ctx=0..190:190 prefill chunk 43/190 (22.6%) chunk=18.88 t/s avg=18.79 t/s 2.288s
0824 02:44:54 ds4-server: chat ctx=0..190:190 prefill chunk 44/190 (23.2%) chunk=18.58 t/s avg=18.79 t/s 2.342s
0824 02:44:54 ds4-server: chat ctx=0..190:190 prefill chunk 45/190 (23.7%) chunk=19.09 t/s avg=18.79 t/s 2.395s
0824 02:44:54 ds4-server: chat ctx=0..190:190 prefill chunk 46/190 (24.2%) chunk=18.07 t/s avg=18.78 t/s 2.450s
0824 02:44:54 ds4-server: chat ctx=0..190:190 prefill chunk 47/190 (24.7%) chunk=18.66 t/s avg=18.77 t/s 2.503s
0824 02:44:54 ds4-server: chat ctx=0..190:190 prefill chunk 48/190 (25.3%) chunk=18.31 t/s avg=18.76 t/s 2.558s
0824 02:44:54 ds4-server: chat ctx=0..190:190 prefill chunk 49/190 (25.8%) chunk=17.98 t/s avg=18.75 t/s 2.614s
0824 02:44:54 ds4-server: chat ctx=0..190:190 prefill chunk 50/190 (26.3%) chunk=18.82 t/s avg=18.75 t/s 2.667s
0824 02:44:54 ds4-server: chat ctx=0..190:190 prefill chunk 51/190 (26.8%) chunk=18.10 t/s avg=18.74 t/s 2.722s
0824 02:44:54 ds4-server: chat ctx=0..190:190 prefill chunk 52/190 (27.4%) chunk=18.13 t/s avg=18.72 t/s 2.777s
0824 02:44:54 ds4-server: chat ctx=0..190:190 prefill chunk 53/190 (27.9%) chunk=18.35 t/s avg=18.72 t/s 2.832s
0824 02:44:54 ds4-server: chat ctx=0..190:190 prefill chunk 54/190 (28.4%) chunk=18.63 t/s avg=18.71 t/s 2.885s
0824 02:44:54 ds4-server: chat ctx=0..190:190 prefill chunk 55/190 (28.9%) chunk=19.60 t/s avg=18.73 t/s 2.936s
0824 02:44:54 ds4-server: chat ctx=0..190:190 prefill chunk 56/190 (29.5%) chunk=18.69 t/s avg=18.73 t/s 2.990s
0824 02:44:55 ds4-server: chat ctx=0..190:190 prefill chunk 57/190 (30.0%) chunk=18.50 t/s avg=18.73 t/s 3.044s
ds4: qwen35moe experts/token avg over 128 tokens: 0:15.0 1:15.7 2:14.8 3:17.0 4:16.4 5:15.9 6:15.5 7:17.0 8:17.6 9:17.2 10:15.5 11:15.0 12:16.4 13:16.3 14:16.6 15:16.2 16:15.6 17:15.8 18:15.1 19:15.5 20:16.9 21:16.2 22:15.4 23:15.2 24:15.1 25:15.0 26:15.8 27:15.6 28:15.1 29:15.1 30:14.6 31:16.4 32:15.8 33:15.6 34:15.4 35:17.3 36:17.9 37:17.9 38:18.4 39:17.7 | mean 16.1
0824 02:44:55 ds4-server: chat ctx=0..190:190 prefill chunk 58/190 (30.5%) chunk=18.29 t/s avg=18.72 t/s 3.099s
0824 02:44:55 ds4-server: chat ctx=0..190:190 prefill chunk 59/190 (31.1%) chunk=18.71 t/s avg=18.72 t/s 3.152s
0824 02:44:55 ds4-server: chat ctx=0..190:190 prefill chunk 60/190 (31.6%) chunk=19.63 t/s avg=18.73 t/s 3.203s
0824 02:44:55 ds4-server: chat ctx=0..190:190 prefill chunk 61/190 (32.1%) chunk=19.35 t/s avg=18.74 t/s 3.255s
0824 02:44:55 ds4-server: chat ctx=0..190:190 prefill chunk 62/190 (32.6%) chunk=19.81 t/s avg=18.76 t/s 3.305s
0824 02:44:55 ds4-server: chat ctx=0..190:190 prefill chunk 63/190 (33.2%) chunk=19.25 t/s avg=18.77 t/s 3.357s
0824 02:44:55 ds4-server: chat ctx=0..190:190 prefill chunk 64/190 (33.7%) chunk=19.22 t/s avg=18.77 t/s 3.409s
0824 02:44:55 ds4-server: chat ctx=0..190:190 prefill chunk 65/190 (34.2%) chunk=19.95 t/s avg=18.79 t/s 3.459s
0824 02:44:55 ds4-server: chat ctx=0..190:190 prefill chunk 66/190 (34.7%) chunk=18.56 t/s avg=18.79 t/s 3.513s
0824 02:44:55 ds4-server: chat ctx=0..190:190 prefill chunk 67/190 (35.3%) chunk=18.74 t/s avg=18.79 t/s 3.567s
0824 02:44:55 ds4-server: chat ctx=0..190:190 prefill chunk 68/190 (35.8%) chunk=18.27 t/s avg=18.78 t/s 3.621s
0824 02:44:55 ds4-server: chat ctx=0..190:190 prefill chunk 69/190 (36.3%) chunk=18.37 t/s avg=18.77 t/s 3.676s
0824 02:44:55 ds4-server: chat ctx=0..190:190 prefill chunk 70/190 (36.8%) chunk=18.62 t/s avg=18.77 t/s 3.729s
0824 02:44:55 ds4-server: chat ctx=0..190:190 prefill chunk 71/190 (37.4%) chunk=18.28 t/s avg=18.76 t/s 3.784s
0824 02:44:55 ds4-server: chat ctx=0..190:190 prefill chunk 72/190 (37.9%) chunk=18.38 t/s avg=18.76 t/s 3.839s
0824 02:44:55 ds4-server: chat ctx=0..190:190 prefill chunk 73/190 (38.4%) chunk=19.05 t/s avg=18.76 t/s 3.891s
0824 02:44:55 ds4-server: chat ctx=0..190:190 prefill chunk 74/190 (38.9%) chunk=18.24 t/s avg=18.75 t/s 3.946s
0824 02:44:55 ds4-server: chat ctx=0..190:190 prefill chunk 75/190 (39.5%) chunk=18.91 t/s avg=18.76 t/s 3.999s
0824 02:44:56 ds4-server: chat ctx=0..190:190 prefill chunk 76/190 (40.0%) chunk=18.47 t/s avg=18.75 t/s 4.053s
0824 02:44:56 ds4-server: chat ctx=0..190:190 prefill chunk 77/190 (40.5%) chunk=17.99 t/s avg=18.74 t/s 4.109s
0824 02:44:56 ds4-server: chat ctx=0..190:190 prefill chunk 78/190 (41.1%) chunk=19.08 t/s avg=18.75 t/s 4.161s
0824 02:44:56 ds4-server: chat ctx=0..190:190 prefill chunk 79/190 (41.6%) chunk=17.98 t/s avg=18.74 t/s 4.217s
0824 02:44:56 ds4-server: chat ctx=0..190:190 prefill chunk 80/190 (42.1%) chunk=19.35 t/s avg=18.74 t/s 4.268s
0824 02:44:56 ds4-server: chat ctx=0..190:190 prefill chunk 81/190 (42.6%) chunk=18.35 t/s avg=18.74 t/s 4.323s
0824 02:44:56 ds4-server: chat ctx=0..190:190 prefill chunk 82/190 (43.2%) chunk=17.72 t/s avg=18.72 t/s 4.379s
0824 02:44:56 ds4-server: chat ctx=0..190:190 prefill chunk 83/190 (43.7%) chunk=18.61 t/s avg=18.72 t/s 4.433s
0824 02:44:56 ds4-server: chat ctx=0..190:190 prefill chunk 84/190 (44.2%) chunk=17.78 t/s avg=18.71 t/s 4.489s
0824 02:44:56 ds4-server: chat ctx=0..190:190 prefill chunk 85/190 (44.7%) chunk=17.56 t/s avg=18.70 t/s 4.546s
0824 02:44:56 ds4-server: chat ctx=0..190:190 prefill chunk 86/190 (45.3%) chunk=18.42 t/s avg=18.69 t/s 4.600s
0824 02:44:56 ds4-server: chat ctx=0..190:190 prefill chunk 87/190 (45.8%) chunk=17.32 t/s avg=18.68 t/s 4.658s
0824 02:44:56 ds4-server: chat ctx=0..190:190 prefill chunk 88/190 (46.3%) chunk=17.76 t/s avg=18.67 t/s 4.714s
0824 02:44:56 ds4-server: chat ctx=0..190:190 prefill chunk 89/190 (46.8%) chunk=18.96 t/s avg=18.67 t/s 4.767s
0824 02:44:56 ds4-server: chat ctx=0..190:190 prefill chunk 90/190 (47.4%) chunk=18.75 t/s avg=18.67 t/s 4.820s
0824 02:44:56 ds4-server: chat ctx=0..190:190 prefill chunk 91/190 (47.9%) chunk=18.87 t/s avg=18.67 t/s 4.873s
0824 02:44:56 ds4-server: chat ctx=0..190:190 prefill chunk 92/190 (48.4%) chunk=18.92 t/s avg=18.68 t/s 4.926s
0824 02:44:56 ds4-server: chat ctx=0..190:190 prefill chunk 93/190 (48.9%) chunk=17.62 t/s avg=18.66 t/s 4.983s
0824 02:44:57 ds4-server: chat ctx=0..190:190 prefill chunk 94/190 (49.5%) chunk=18.66 t/s avg=18.66 t/s 5.037s
0824 02:44:57 ds4-server: chat ctx=0..190:190 prefill chunk 95/190 (50.0%) chunk=18.53 t/s avg=18.66 t/s 5.091s
0824 02:44:57 ds4-server: chat ctx=0..190:190 prefill chunk 96/190 (50.5%) chunk=18.18 t/s avg=18.66 t/s 5.146s
0824 02:44:57 ds4-server: chat ctx=0..190:190 prefill chunk 97/190 (51.1%) chunk=19.28 t/s avg=18.66 t/s 5.197s
0824 02:44:57 ds4-server: chat ctx=0..190:190 prefill chunk 98/190 (51.6%) chunk=18.00 t/s avg=18.66 t/s 5.253s
0824 02:44:57 ds4-server: chat ctx=0..190:190 prefill chunk 99/190 (52.1%) chunk=18.79 t/s avg=18.66 t/s 5.306s
0824 02:44:57 ds4-server: chat ctx=0..190:190 prefill chunk 100/190 (52.6%) chunk=18.81 t/s avg=18.66 t/s 5.359s
0824 02:44:57 ds4-server: chat ctx=0..190:190 prefill chunk 101/190 (53.2%) chunk=18.17 t/s avg=18.65 t/s 5.414s
0824 02:44:57 ds4-server: chat ctx=0..190:190 prefill chunk 102/190 (53.7%) chunk=19.13 t/s avg=18.66 t/s 5.467s
0824 02:44:57 ds4-server: chat ctx=0..190:190 prefill chunk 103/190 (54.2%) chunk=18.04 t/s avg=18.65 t/s 5.522s
0824 02:44:57 ds4-server: chat ctx=0..190:190 prefill chunk 104/190 (54.7%) chunk=18.32 t/s avg=18.65 t/s 5.577s
0824 02:44:57 ds4-server: chat ctx=0..190:190 prefill chunk 105/190 (55.3%) chunk=18.80 t/s avg=18.65 t/s 5.630s
0824 02:44:57 ds4-server: chat ctx=0..190:190 prefill chunk 106/190 (55.8%) chunk=17.84 t/s avg=18.64 t/s 5.686s
0824 02:44:57 ds4-server: chat ctx=0..190:190 prefill chunk 107/190 (56.3%) chunk=18.44 t/s avg=18.64 t/s 5.740s
0824 02:44:57 ds4-server: chat ctx=0..190:190 prefill chunk 108/190 (56.8%) chunk=18.45 t/s avg=18.64 t/s 5.794s
0824 02:44:57 ds4-server: chat ctx=0..190:190 prefill chunk 109/190 (57.4%) chunk=17.53 t/s avg=18.63 t/s 5.852s
0824 02:44:57 ds4-server: chat ctx=0..190:190 prefill chunk 110/190 (57.9%) chunk=17.79 t/s avg=18.62 t/s 5.908s
0824 02:44:57 ds4-server: chat ctx=0..190:190 prefill chunk 111/190 (58.4%) chunk=17.81 t/s avg=18.61 t/s 5.964s
0824 02:44:58 ds4-server: chat ctx=0..190:190 prefill chunk 112/190 (58.9%) chunk=17.76 t/s avg=18.60 t/s 6.020s
0824 02:44:58 ds4-server: chat ctx=0..190:190 prefill chunk 113/190 (59.5%) chunk=17.95 t/s avg=18.60 t/s 6.076s
0824 02:44:58 ds4-server: chat ctx=0..190:190 prefill chunk 114/190 (60.0%) chunk=18.32 t/s avg=18.60 t/s 6.130s
0824 02:44:58 ds4-server: chat ctx=0..190:190 prefill chunk 115/190 (60.5%) chunk=17.55 t/s avg=18.59 t/s 6.187s
0824 02:44:58 ds4-server: chat ctx=0..190:190 prefill chunk 116/190 (61.1%) chunk=17.76 t/s avg=18.58 t/s 6.244s
0824 02:44:58 ds4-server: chat ctx=0..190:190 prefill chunk 117/190 (61.6%) chunk=18.19 t/s avg=18.58 t/s 6.299s
0824 02:44:58 ds4-server: chat ctx=0..190:190 prefill chunk 118/190 (62.1%) chunk=18.24 t/s avg=18.57 t/s 6.354s
0824 02:44:58 ds4-server: chat ctx=0..190:190 prefill chunk 119/190 (62.6%) chunk=18.18 t/s avg=18.57 t/s 6.409s
0824 02:44:58 ds4-server: chat ctx=0..190:190 prefill chunk 120/190 (63.2%) chunk=19.16 t/s avg=18.57 t/s 6.461s
0824 02:44:58 ds4-server: chat ctx=0..190:190 prefill chunk 121/190 (63.7%) chunk=18.06 t/s avg=18.57 t/s 6.516s
0824 02:44:58 ds4-server: chat ctx=0..190:190 prefill chunk 122/190 (64.2%) chunk=19.23 t/s avg=18.57 t/s 6.568s
0824 02:44:58 ds4-server: chat ctx=0..190:190 prefill chunk 123/190 (64.7%) chunk=18.57 t/s avg=18.57 t/s 6.622s
0824 02:44:58 ds4-server: chat ctx=0..190:190 prefill chunk 124/190 (65.3%) chunk=18.16 t/s avg=18.57 t/s 6.677s
0824 02:44:58 ds4-server: chat ctx=0..190:190 prefill chunk 125/190 (65.8%) chunk=18.33 t/s avg=18.57 t/s 6.732s
0824 02:44:58 ds4-server: chat ctx=0..190:190 prefill chunk 126/190 (66.3%) chunk=18.06 t/s avg=18.56 t/s 6.787s
0824 02:44:58 ds4-server: chat ctx=0..190:190 prefill chunk 127/190 (66.8%) chunk=18.24 t/s avg=18.56 t/s 6.842s
0824 02:44:58 ds4-server: chat ctx=0..190:190 prefill chunk 128/190 (67.4%) chunk=18.59 t/s avg=18.56 t/s 6.896s
0824 02:44:58 ds4-server: chat ctx=0..190:190 prefill chunk 129/190 (67.9%) chunk=17.68 t/s avg=18.56 t/s 6.952s
0824 02:44:59 ds4-server: chat ctx=0..190:190 prefill chunk 130/190 (68.4%) chunk=18.10 t/s avg=18.55 t/s 7.007s
0824 02:44:59 ds4-server: chat ctx=0..190:190 prefill chunk 131/190 (68.9%) chunk=18.18 t/s avg=18.55 t/s 7.062s
0824 02:44:59 ds4-server: chat ctx=0..190:190 prefill chunk 132/190 (69.5%) chunk=17.65 t/s avg=18.54 t/s 7.119s
0824 02:44:59 ds4-server: chat ctx=0..190:190 prefill chunk 133/190 (70.0%) chunk=18.46 t/s avg=18.54 t/s 7.173s
0824 02:44:59 ds4-server: chat ctx=0..190:190 prefill chunk 134/190 (70.5%) chunk=18.04 t/s avg=18.54 t/s 7.229s
0824 02:44:59 ds4-server: chat ctx=0..190:190 prefill chunk 135/190 (71.1%) chunk=17.52 t/s avg=18.53 t/s 7.286s
0824 02:44:59 ds4-server: chat ctx=0..190:190 prefill chunk 136/190 (71.6%) chunk=17.69 t/s avg=18.52 t/s 7.342s
0824 02:44:59 ds4-server: chat ctx=0..190:190 prefill chunk 137/190 (72.1%) chunk=18.33 t/s avg=18.52 t/s 7.397s
0824 02:44:59 ds4-server: chat ctx=0..190:190 prefill chunk 138/190 (72.6%) chunk=17.93 t/s avg=18.52 t/s 7.453s
0824 02:44:59 ds4-server: chat ctx=0..190:190 prefill chunk 139/190 (73.2%) chunk=18.07 t/s avg=18.51 t/s 7.508s
0824 02:44:59 ds4-server: chat ctx=0..190:190 prefill chunk 140/190 (73.7%) chunk=18.30 t/s avg=18.51 t/s 7.563s
0824 02:44:59 ds4-server: chat ctx=0..190:190 prefill chunk 141/190 (74.2%) chunk=17.47 t/s avg=18.50 t/s 7.620s
0824 02:44:59 ds4-server: chat ctx=0..190:190 prefill chunk 142/190 (74.7%) chunk=17.48 t/s avg=18.50 t/s 7.677s
0824 02:44:59 ds4-server: chat ctx=0..190:190 prefill chunk 143/190 (75.3%) chunk=18.30 t/s avg=18.50 t/s 7.732s
0824 02:44:59 ds4-server: chat ctx=0..190:190 prefill chunk 144/190 (75.8%) chunk=17.90 t/s avg=18.49 t/s 7.788s
0824 02:44:59 ds4-server: chat ctx=0..190:190 prefill chunk 145/190 (76.3%) chunk=18.20 t/s avg=18.49 t/s 7.843s
0824 02:44:59 ds4-server: chat ctx=0..190:190 prefill chunk 146/190 (76.8%) chunk=18.07 t/s avg=18.49 t/s 7.898s
0824 02:44:59 ds4-server: chat ctx=0..190:190 prefill chunk 147/190 (77.4%) chunk=17.63 t/s avg=18.48 t/s 7.955s
0824 02:45:00 ds4-server: chat ctx=0..190:190 prefill chunk 148/190 (77.9%) chunk=17.88 t/s avg=18.48 t/s 8.011s
0824 02:45:00 ds4-server: chat ctx=0..190:190 prefill chunk 149/190 (78.4%) chunk=17.57 t/s avg=18.47 t/s 8.067s
0824 02:45:00 ds4-server: chat ctx=0..190:190 prefill chunk 150/190 (78.9%) chunk=18.15 t/s avg=18.47 t/s 8.123s
0824 02:45:00 ds4-server: chat ctx=0..190:190 prefill chunk 151/190 (79.5%) chunk=18.36 t/s avg=18.47 t/s 8.177s
0824 02:45:00 ds4-server: chat ctx=0..190:190 prefill chunk 152/190 (80.0%) chunk=17.97 t/s avg=18.46 t/s 8.233s
0824 02:45:00 ds4-server: chat ctx=0..190:190 prefill chunk 153/190 (80.5%) chunk=17.67 t/s avg=18.46 t/s 8.289s
0824 02:45:00 ds4-server: chat ctx=0..190:190 prefill chunk 154/190 (81.1%) chunk=18.18 t/s avg=18.46 t/s 8.344s
0824 02:45:00 ds4-server: chat ctx=0..190:190 prefill chunk 155/190 (81.6%) chunk=16.93 t/s avg=18.44 t/s 8.403s
0824 02:45:00 ds4-server: chat ctx=0..190:190 prefill chunk 156/190 (82.1%) chunk=17.72 t/s avg=18.44 t/s 8.460s
0824 02:45:00 ds4-server: chat ctx=0..190:190 prefill chunk 157/190 (82.6%) chunk=17.74 t/s avg=18.44 t/s 8.516s
0824 02:45:00 ds4-server: chat ctx=0..190:190 prefill chunk 158/190 (83.2%) chunk=17.93 t/s avg=18.43 t/s 8.572s
0824 02:45:00 ds4-server: chat ctx=0..190:190 prefill chunk 159/190 (83.7%) chunk=17.63 t/s avg=18.43 t/s 8.629s
0824 02:45:00 ds4-server: chat ctx=0..190:190 prefill chunk 160/190 (84.2%) chunk=17.56 t/s avg=18.42 t/s 8.686s
0824 02:45:00 ds4-server: chat ctx=0..190:190 prefill chunk 161/190 (84.7%) chunk=17.52 t/s avg=18.42 t/s 8.743s
0824 02:45:00 ds4-server: chat ctx=0..190:190 prefill chunk 162/190 (85.3%) chunk=17.85 t/s avg=18.41 t/s 8.799s
0824 02:45:00 ds4-server: chat ctx=0..190:190 prefill chunk 163/190 (85.8%) chunk=18.01 t/s avg=18.41 t/s 8.854s
0824 02:45:00 ds4-server: chat ctx=0..190:190 prefill chunk 164/190 (86.3%) chunk=17.80 t/s avg=18.41 t/s 8.910s
0824 02:45:00 ds4-server: chat ctx=0..190:190 prefill chunk 165/190 (86.8%) chunk=17.92 t/s avg=18.40 t/s 8.966s
0824 02:45:01 ds4-server: chat ctx=0..190:190 prefill chunk 166/190 (87.4%) chunk=17.77 t/s avg=18.40 t/s 9.023s
0824 02:45:01 ds4-server: chat ctx=0..190:190 prefill chunk 167/190 (87.9%) chunk=17.03 t/s avg=18.39 t/s 9.081s
0824 02:45:01 ds4-server: chat ctx=0..190:190 prefill chunk 168/190 (88.4%) chunk=17.39 t/s avg=18.38 t/s 9.139s
0824 02:45:01 ds4-server: chat ctx=0..190:190 prefill chunk 169/190 (88.9%) chunk=17.95 t/s avg=18.38 t/s 9.194s
0824 02:45:01 ds4-server: chat ctx=0..190:190 prefill chunk 170/190 (89.5%) chunk=17.77 t/s avg=18.38 t/s 9.251s
0824 02:45:01 ds4-server: chat ctx=0..190:190 prefill chunk 171/190 (90.0%) chunk=17.11 t/s avg=18.37 t/s 9.309s
0824 02:45:01 ds4-server: chat ctx=0..190:190 prefill chunk 172/190 (90.5%) chunk=18.83 t/s avg=18.37 t/s 9.362s
0824 02:45:01 ds4-server: chat ctx=0..190:190 prefill chunk 173/190 (91.1%) chunk=17.13 t/s avg=18.36 t/s 9.421s
0824 02:45:01 ds4-server: chat ctx=0..190:190 prefill chunk 174/190 (91.6%) chunk=17.00 t/s avg=18.36 t/s 9.479s
0824 02:45:01 ds4-server: chat ctx=0..190:190 prefill chunk 175/190 (92.1%) chunk=17.39 t/s avg=18.35 t/s 9.537s
0824 02:45:01 ds4-server: chat ctx=0..190:190 prefill chunk 176/190 (92.6%) chunk=18.49 t/s avg=18.35 t/s 9.591s
0824 02:45:01 ds4-server: chat ctx=0..190:190 prefill chunk 177/190 (93.2%) chunk=17.18 t/s avg=18.34 t/s 9.649s
0824 02:45:01 ds4-server: chat ctx=0..190:190 prefill chunk 178/190 (93.7%) chunk=18.51 t/s avg=18.34 t/s 9.703s
0824 02:45:01 ds4-server: chat ctx=0..190:190 prefill chunk 179/190 (94.2%) chunk=17.23 t/s avg=18.34 t/s 9.761s
0824 02:45:01 ds4-server: chat ctx=0..190:190 prefill chunk 180/190 (94.7%) chunk=17.55 t/s avg=18.33 t/s 9.818s
0824 02:45:01 ds4-server: chat ctx=0..190:190 prefill chunk 181/190 (95.3%) chunk=18.07 t/s avg=18.33 t/s 9.874s
0824 02:45:01 ds4-server: chat ctx=0..190:190 prefill chunk 182/190 (95.8%) chunk=18.46 t/s avg=18.33 t/s 9.928s
0824 02:45:01 ds4-server: chat ctx=0..190:190 prefill chunk 183/190 (96.3%) chunk=17.43 t/s avg=18.33 t/s 9.985s
0824 02:45:02 ds4-server: chat ctx=0..190:190 prefill chunk 184/190 (96.8%) chunk=18.32 t/s avg=18.33 t/s 10.040s
0824 02:45:02 ds4-server: chat ctx=0..190:190 prefill chunk 185/190 (97.4%) chunk=17.80 t/s avg=18.32 t/s 10.096s
ds4: qwen35moe experts/token avg over 128 tokens: 0:15.5 1:15.1 2:15.6 3:16.6 4:16.0 5:15.3 6:15.6 7:16.2 8:16.7 9:16.3 10:14.9 11:14.1 12:15.7 13:14.8 14:13.9 15:15.6 16:15.7 17:15.1 18:15.8 19:15.6 20:15.9 21:15.7 22:15.0 23:15.3 24:16.7 25:15.9 26:16.0 27:16.8 28:16.5 29:16.6 30:17.9 31:17.8 32:16.4 33:17.8 34:17.1 35:19.2 36:19.2 37:19.1 38:19.6 39:19.1 | mean 16.3
0824 02:45:02 ds4-server: chat ctx=0..190:190 prefill chunk 186/190 (97.9%) chunk=17.74 t/s avg=18.32 t/s 10.152s
0824 02:45:02 ds4-server: chat ctx=0..190:190 prefill chunk 187/190 (98.4%) chunk=19.52 t/s avg=18.33 t/s 10.204s
0824 02:45:02 ds4-server: chat ctx=0..190:190 prefill chunk 188/190 (98.9%) chunk=18.11 t/s avg=18.33 t/s 10.259s
0824 02:45:02 ds4-server: chat ctx=0..190:190 prefill chunk 189/190 (99.5%) chunk=19.08 t/s avg=18.33 t/s 10.311s
0824 02:45:02 ds4-server: chat ctx=0..190:190 prefill chunk 190/190 (100.0%) chunk=19.90 t/s avg=18.34 t/s 10.361s
0824 02:45:02 ds4-server: chat ctx=0..190:190 prompt done 10.361s
0824 02:45:05 ds4-server: chat ctx=190..240:50 gen=50 THINKING decoding chunk=18.36 t/s avg=18.36 t/s 2.724s
0824 02:45:07 ds4-server: chat ctx=240..290:50 gen=100 THINKING decoding chunk=17.75 t/s avg=18.05 t/s 5.540s
ds4: qwen35moe experts/token avg over 128 tokens: 0:14.1 1:14.1 2:14.4 3:15.6 4:15.6 5:15.1 6:15.1 7:15.6 8:16.7 9:16.0 10:14.1 11:14.5 12:15.8 13:15.0 14:15.2 15:15.4 16:15.6 17:15.9 18:15.5 19:15.6 20:16.7 21:16.9 22:15.1 23:15.3 24:16.3 25:15.7 26:16.8 27:16.8 28:15.8 29:16.2 30:15.6 31:16.8 32:16.2 33:16.3 34:15.7 35:17.5 36:18.0 37:18.9 38:19.0 39:18.2 | mean 16.0
0824 02:45:10 ds4-server: chat ctx=290..340:50 gen=150 THINKING decoding chunk=17.84 t/s avg=17.98 t/s 8.343s
0824 02:45:13 ds4-server: chat ctx=340..390:50 gen=200 THINKING decoding chunk=17.36 t/s avg=17.82 t/s 11.224s
0824 02:45:16 ds4-server: chat ctx=390..440:50 gen=250 THINKING decoding chunk=17.19 t/s avg=17.69 t/s 14.133s
ds4: qwen35moe experts/token avg over 128 tokens: 0:15.3 1:16.1 2:16.4 3:17.1 4:17.4 5:16.7 6:16.9 7:18.0 8:18.4 9:17.3 10:15.9 11:15.7 12:17.2 13:16.3 14:16.6 15:17.3 16:17.0 17:16.7 18:17.0 19:16.6 20:17.4 21:17.4 22:16.4 23:16.3 24:17.1 25:16.1 26:17.3 27:17.3 28:17.0 29:16.5 30:17.2 31:17.5 32:16.7 33:17.6 34:16.9 35:18.5 36:19.0 37:19.1 38:19.4 39:19.1 | mean 17.1
0824 02:45:19 ds4-server: chat ctx=440..490:50 gen=300 THINKING decoding chunk=17.35 t/s avg=17.63 t/s 17.014s
0824 02:45:22 ds4-server: chat ctx=490..540:50 gen=350 THINKING decoding chunk=17.34 t/s avg=17.59 t/s 19.899s
ds4: qwen35moe experts/token avg over 128 tokens: 0:14.8 1:15.4 2:15.7 3:16.6 4:16.3 5:16.5 6:16.4 7:17.4 8:17.7 9:17.2 10:15.7 11:15.4 12:16.7 13:16.6 14:16.7 15:16.5 16:16.7 17:16.2 18:16.5 19:15.9 20:16.6 21:17.0 22:15.5 23:15.9 24:16.2 25:16.0 26:16.5 27:16.0 28:16.2 29:15.7 30:15.7 31:16.4 32:16.0 33:16.3 34:15.6 35:17.6 36:17.6 37:18.2 38:18.6 39:17.1 | mean 16.4
0824 02:45:25 ds4-server: chat ctx=540..590:50 gen=400 THINKING decoding chunk=17.46 t/s avg=17.57 t/s 22.762s
0824 02:45:28 ds4-server: chat ctx=590..640:50 gen=450 THINKING decoding chunk=17.03 t/s avg=17.51 t/s 25.698s
0824 02:45:31 ds4-server: chat ctx=640..690:50 gen=500 THINKING decoding chunk=16.80 t/s avg=17.44 t/s 28.674s
ds4: qwen35moe experts/token avg over 128 tokens: 0:15.1 1:15.5 2:15.7 3:16.7 4:17.3 5:16.3 6:16.4 7:18.0 8:18.4 9:17.8 10:15.6 11:15.6 12:17.6 13:17.8 14:17.5 15:17.1 16:17.2 17:16.9 18:16.4 19:16.4 20:18.2 21:17.5 22:15.5 23:15.5 24:17.1 25:16.1 26:17.1 27:17.0 28:15.9 29:15.5 30:16.1 31:16.8 32:15.7 33:16.7 34:16.5 35:18.3 36:18.8 37:18.8 38:19.1 39:18.1 | mean 16.9
0824 02:45:33 ds4-server: chat ctx=690..740:50 gen=550 THINKING decoding chunk=16.98 t/s avg=17.39 t/s 31.619s
0824 02:45:36 ds4-server: chat ctx=740..790:50 gen=600 THINKING decoding chunk=16.90 t/s avg=17.35 t/s 34.578s
ds4: qwen35moe experts/token avg over 128 tokens: 0:14.6 1:15.6 2:15.3 3:16.4 4:16.1 5:15.8 6:15.9 7:16.8 8:17.0 9:17.0 10:15.1 11:14.8 12:15.9 13:15.5 14:15.8 15:16.0 16:15.8 17:15.8 18:15.3 19:16.0 20:16.5 21:16.7 22:15.0 23:15.5 24:15.9 25:15.4 26:15.7 27:15.9 28:15.6 29:15.6 30:16.0 31:16.2 32:16.0 33:15.3 34:15.9 35:17.6 36:17.6 37:17.9 38:19.0 39:17.5 | mean 16.1
0824 02:45:39 ds4-server: chat ctx=790..840:50 gen=650 THINKING decoding chunk=17.24 t/s avg=17.34 t/s 37.478s
0824 02:45:42 ds4-server: chat ctx=840..890:50 gen=700 THINKING decoding chunk=16.64 t/s avg=17.29 t/s 40.483s
0824 02:45:45 ds4-server: chat ctx=890..940:50 gen=750 THINKING decoding chunk=16.80 t/s avg=17.26 t/s 43.459s
ds4: qwen35moe experts/token avg over 128 tokens: 0:14.5 1:16.2 2:15.2 3:16.9 4:16.9 5:16.3 6:16.9 7:17.3 8:18.3 9:17.3 10:15.7 11:15.4 12:17.2 13:16.7 14:16.5 15:17.0 16:16.6 17:16.5 18:16.3 19:15.9 20:17.2 21:16.8 22:15.7 23:16.0 24:16.4 25:16.2 26:16.2 27:16.8 28:15.9 29:16.0 30:15.7 31:16.9 32:15.6 33:15.3 34:15.2 35:17.5 36:17.3 37:17.9 38:18.8 39:17.1 | mean 16.5
0824 02:45:48 ds4-server: chat ctx=940..990:50 gen=800 THINKING decoding chunk=16.26 t/s avg=17.19 t/s 46.534s
0824 02:45:52 ds4-server: chat ctx=990..1040:50 gen=850 THINKING decoding chunk=16.00 t/s avg=17.12 t/s 49.659s
ds4: qwen35moe experts/token avg over 128 tokens: 0:14.8 1:15.6 2:16.5 3:17.2 4:17.3 5:17.1 6:17.3 7:18.5 8:18.5 9:18.3 10:16.6 11:16.6 12:18.1 13:18.2 14:18.4 15:18.2 16:18.0 17:17.7 18:17.0 19:17.6 20:18.5 21:17.9 22:15.9 23:15.8 24:17.5 25:17.5 26:17.8 27:17.0 28:16.9 29:15.6 30:16.2 31:17.3 32:15.9 33:16.3 34:16.0 35:17.8 36:18.8 37:19.0 38:19.2 39:18.5 | mean 17.3
0824 02:45:55 ds4-server: chat ctx=1040..1090:50 gen=900 decoding chunk=16.47 t/s avg=17.08 t/s 52.695s
0824 02:45:58 ds4-server: chat ctx=1090..1140:50 gen=950 decoding chunk=16.15 t/s avg=17.03 t/s 55.791s
0824 02:46:01 ds4-server: chat ctx=1140..1190:50 gen=1000 decoding chunk=15.94 t/s avg=16.97 t/s 58.928s
ds4: qwen35moe experts/token avg over 128 tokens: 0:15.1 1:16.3 2:16.4 3:17.8 4:17.6 5:17.5 6:17.2 7:18.6 8:18.5 9:18.6 10:15.7 11:15.9 12:18.4 13:17.5 14:18.1 15:18.2 16:17.1 17:16.7 18:16.5 19:16.4 20:18.7 21:18.3 22:15.6 23:15.9 24:17.4 25:16.7 26:17.6 27:17.2 28:16.4 29:16.2 30:15.9 31:17.3 32:15.5 33:16.8 34:16.2 35:17.6 36:18.4 37:19.1 38:19.0 39:18.5 | mean 17.2
0824 02:46:04 ds4-server: chat ctx=1190..1240:50 gen=1050 decoding chunk=15.89 t/s avg=16.92 t/s 62.074s
0824 02:46:07 ds4-server: chat ctx=1240..1290:50 gen=1100 decoding chunk=15.72 t/s avg=16.86 t/s 65.254s
0824 02:46:08 ds4-server: chat ctx=1290..1302:12 gen=1112 decoding chunk=16.01 t/s avg=16.85 t/s 66.004s
0824 02:46:08 ds4-server: thinking live checkpoint remembered ctx=0..190:190 live=1302 visible=1391
0824 02:46:08 ds4-server: chat ctx=0..190:190 gen=1112 finish=stop 76.366s
0824 02:46:08 ds4-server: live kv cache miss live=1302 prompt=169 common=52 reason=token-mismatch
0824 02:46:08 ds4-server: chat ctx=0..169:169 prompt start
0824 02:46:08 ds4-server: chat ctx=0..169:169 prefill chunk 1/169 (0.6%) chunk=0.00 t/s avg=19.26 t/s 0.052s
0824 02:46:08 ds4-server: chat ctx=0..169:169 prefill chunk 2/169 (1.2%) chunk=19.54 t/s avg=19.40 t/s 0.103s
0824 02:46:08 ds4-server: chat ctx=0..169:169 prefill chunk 3/169 (1.8%) chunk=19.61 t/s avg=19.47 t/s 0.154s
0824 02:46:08 ds4-server: chat ctx=0..169:169 prefill chunk 4/169 (2.4%) chunk=18.94 t/s avg=19.33 t/s 0.207s
0824 02:46:08 ds4-server: chat ctx=0..169:169 prefill chunk 5/169 (3.0%) chunk=19.59 t/s avg=19.38 t/s 0.258s
0824 02:46:08 ds4-server: chat ctx=0..169:169 prefill chunk 6/169 (3.6%) chunk=19.08 t/s avg=19.33 t/s 0.310s
0824 02:46:08 ds4-server: chat ctx=0..169:169 prefill chunk 7/169 (4.1%) chunk=19.87 t/s avg=19.41 t/s 0.361s
0824 02:46:08 ds4-server: chat ctx=0..169:169 prefill chunk 8/169 (4.7%) chunk=18.56 t/s avg=19.30 t/s 0.415s
0824 02:46:08 ds4-server: chat ctx=0..169:169 prefill chunk 9/169 (5.3%) chunk=20.11 t/s avg=19.38 t/s 0.464s
0824 02:46:08 ds4-server: chat ctx=0..169:169 prefill chunk 10/169 (5.9%) chunk=19.41 t/s avg=19.39 t/s 0.516s
0824 02:46:08 ds4-server: chat ctx=0..169:169 prefill chunk 11/169 (6.5%) chunk=19.54 t/s avg=19.40 t/s 0.567s
0824 02:46:08 ds4-server: chat ctx=0..169:169 prefill chunk 12/169 (7.1%) chunk=18.88 t/s avg=19.36 t/s 0.620s
0824 02:46:09 ds4-server: chat ctx=0..169:169 prefill chunk 13/169 (7.7%) chunk=18.57 t/s avg=19.29 t/s 0.674s
0824 02:46:09 ds4-server: chat ctx=0..169:169 prefill chunk 14/169 (8.3%) chunk=18.93 t/s avg=19.27 t/s 0.727s
0824 02:46:09 ds4-server: chat ctx=0..169:169 prefill chunk 15/169 (8.9%) chunk=18.31 t/s avg=19.20 t/s 0.781s
0824 02:46:09 ds4-server: chat ctx=0..169:169 prefill chunk 16/169 (9.5%) chunk=19.27 t/s avg=19.20 t/s 0.833s
0824 02:46:09 ds4-server: chat ctx=0..169:169 prefill chunk 17/169 (10.1%) chunk=18.54 t/s avg=19.16 t/s 0.887s
0824 02:46:09 ds4-server: chat ctx=0..169:169 prefill chunk 18/169 (10.7%) chunk=18.66 t/s avg=19.14 t/s 0.941s
0824 02:46:09 ds4-server: chat ctx=0..169:169 prefill chunk 19/169 (11.2%) chunk=18.69 t/s avg=19.11 t/s 0.994s
0824 02:46:09 ds4-server: chat ctx=0..169:169 prefill chunk 20/169 (11.8%) chunk=18.08 t/s avg=19.06 t/s 1.049s
0824 02:46:09 ds4-server: chat ctx=0..169:169 prefill chunk 21/169 (12.4%) chunk=19.08 t/s avg=19.06 t/s 1.102s
0824 02:46:09 ds4-server: chat ctx=0..169:169 prefill chunk 22/169 (13.0%) chunk=19.10 t/s avg=19.06 t/s 1.154s
0824 02:46:09 ds4-server: chat ctx=0..169:169 prefill chunk 23/169 (13.6%) chunk=18.94 t/s avg=19.05 t/s 1.207s
0824 02:46:09 ds4-server: chat ctx=0..169:169 prefill chunk 24/169 (14.2%) chunk=19.40 t/s avg=19.07 t/s 1.259s
0824 02:46:09 ds4-server: chat ctx=0..169:169 prefill chunk 25/169 (14.8%) chunk=18.74 t/s avg=19.06 t/s 1.312s
0824 02:46:09 ds4-server: chat ctx=0..169:169 prefill chunk 26/169 (15.4%) chunk=19.63 t/s avg=19.08 t/s 1.363s
0824 02:46:09 ds4-server: chat ctx=0..169:169 prefill chunk 27/169 (16.0%) chunk=18.73 t/s avg=19.06 t/s 1.416s
0824 02:46:09 ds4-server: chat ctx=0..169:169 prefill chunk 28/169 (16.6%) chunk=19.54 t/s avg=19.08 t/s 1.467s
0824 02:46:09 ds4-server: chat ctx=0..169:169 prefill chunk 29/169 (17.2%) chunk=18.42 t/s avg=19.06 t/s 1.522s
0824 02:46:09 ds4-server: chat ctx=0..169:169 prefill chunk 30/169 (17.8%) chunk=18.36 t/s avg=19.03 t/s 1.576s
0824 02:46:09 ds4-server: chat ctx=0..169:169 prefill chunk 31/169 (18.3%) chunk=18.87 t/s avg=19.03 t/s 1.629s
0824 02:46:10 ds4-server: chat ctx=0..169:169 prefill chunk 32/169 (18.9%) chunk=18.40 t/s avg=19.01 t/s 1.684s
0824 02:46:10 ds4-server: chat ctx=0..169:169 prefill chunk 33/169 (19.5%) chunk=18.93 t/s avg=19.01 t/s 1.736s
0824 02:46:10 ds4-server: chat ctx=0..169:169 prefill chunk 34/169 (20.1%) chunk=18.80 t/s avg=19.00 t/s 1.790s
0824 02:46:10 ds4-server: chat ctx=0..169:169 prefill chunk 35/169 (20.7%) chunk=17.90 t/s avg=18.97 t/s 1.845s
ds4: qwen35moe experts/token avg over 128 tokens: 0:14.6 1:15.7 2:16.1 3:16.2 4:16.7 5:16.6 6:16.4 7:17.7 8:17.8 9:17.3 10:16.3 11:15.9 12:17.4 13:17.5 14:17.5 15:17.3 16:17.2 17:17.1 18:16.9 19:17.1 20:17.5 21:17.4 22:16.1 23:15.9 24:17.3 25:16.6 26:16.9 27:16.8 28:16.6 29:15.5 30:16.1 31:17.1 32:15.8 33:16.3 34:15.8 35:18.0 36:18.7 37:19.1 38:19.0 39:18.7 | mean 16.9
0824 02:46:10 ds4-server: chat ctx=0..169:169 prefill chunk 36/169 (21.3%) chunk=19.03 t/s avg=18.97 t/s 1.898s
0824 02:46:10 ds4-server: chat ctx=0..169:169 prefill chunk 37/169 (21.9%) chunk=17.60 t/s avg=18.93 t/s 1.955s
0824 02:46:10 ds4-server: chat ctx=0..169:169 prefill chunk 38/169 (22.5%) chunk=17.51 t/s avg=18.89 t/s 2.012s
0824 02:46:10 ds4-server: chat ctx=0..169:169 prefill chunk 39/169 (23.1%) chunk=18.51 t/s avg=18.88 t/s 2.066s
0824 02:46:10 ds4-server: chat ctx=0..169:169 prefill chunk 40/169 (23.7%) chunk=18.59 t/s avg=18.87 t/s 2.120s
0824 02:46:10 ds4-server: chat ctx=0..169:169 prefill chunk 41/169 (24.3%) chunk=18.24 t/s avg=18.85 t/s 2.175s
0824 02:46:10 ds4-server: chat ctx=0..169:169 prefill chunk 42/169 (24.9%) chunk=18.73 t/s avg=18.85 t/s 2.228s
0824 02:46:10 ds4-server: chat ctx=0..169:169 prefill chunk 43/169 (25.4%) chunk=18.86 t/s avg=18.85 t/s 2.281s
0824 02:46:10 ds4-server: chat ctx=0..169:169 prefill chunk 44/169 (26.0%) chunk=19.16 t/s avg=18.86 t/s 2.333s
0824 02:46:10 ds4-server: chat ctx=0..169:169 prefill chunk 45/169 (26.6%) chunk=18.31 t/s avg=18.85 t/s 2.388s
0824 02:46:10 ds4-server: chat ctx=0..169:169 prefill chunk 46/169 (27.2%) chunk=17.96 t/s avg=18.83 t/s 2.443s
0824 02:46:10 ds4-server: chat ctx=0..169:169 prefill chunk 47/169 (27.8%) chunk=18.69 t/s avg=18.82 t/s 2.497s
0824 02:46:10 ds4-server: chat ctx=0..169:169 prefill chunk 48/169 (28.4%) chunk=18.52 t/s avg=18.82 t/s 2.551s
0824 02:46:10 ds4-server: chat ctx=0..169:169 prefill chunk 49/169 (29.0%) chunk=18.09 t/s avg=18.80 t/s 2.606s
0824 02:46:11 ds4-server: chat ctx=0..169:169 prefill chunk 50/169 (29.6%) chunk=18.86 t/s avg=18.80 t/s 2.659s
0824 02:46:11 ds4-server: chat ctx=0..169:169 prefill chunk 51/169 (30.2%) chunk=18.00 t/s avg=18.79 t/s 2.715s
0824 02:46:11 ds4-server: chat ctx=0..169:169 prefill chunk 52/169 (30.8%) chunk=18.46 t/s avg=18.78 t/s 2.769s
0824 02:46:11 ds4-server: chat ctx=0..169:169 prefill chunk 53/169 (31.4%) chunk=18.80 t/s avg=18.78 t/s 2.822s
0824 02:46:11 ds4-server: chat ctx=0..169:169 prefill chunk 54/169 (32.0%) chunk=18.64 t/s avg=18.78 t/s 2.876s
0824 02:46:11 ds4-server: chat ctx=0..169:169 prefill chunk 55/169 (32.5%) chunk=19.33 t/s avg=18.79 t/s 2.928s
0824 02:46:11 ds4-server: chat ctx=0..169:169 prefill chunk 56/169 (33.1%) chunk=18.77 t/s avg=18.79 t/s 2.981s
0824 02:46:11 ds4-server: chat ctx=0..169:169 prefill chunk 57/169 (33.7%) chunk=18.25 t/s avg=18.78 t/s 3.036s
0824 02:46:11 ds4-server: chat ctx=0..169:169 prefill chunk 58/169 (34.3%) chunk=19.04 t/s avg=18.78 t/s 3.088s
0824 02:46:11 ds4-server: chat ctx=0..169:169 prefill chunk 59/169 (34.9%) chunk=19.07 t/s avg=18.79 t/s 3.141s
0824 02:46:11 ds4-server: chat ctx=0..169:169 prefill chunk 60/169 (35.5%) chunk=19.79 t/s avg=18.80 t/s 3.191s
0824 02:46:11 ds4-server: chat ctx=0..169:169 prefill chunk 61/169 (36.1%) chunk=19.35 t/s avg=18.81 t/s 3.243s
0824 02:46:11 ds4-server: chat ctx=0..169:169 prefill chunk 62/169 (36.7%) chunk=19.65 t/s avg=18.82 t/s 3.294s
0824 02:46:11 ds4-server: chat ctx=0..169:169 prefill chunk 63/169 (37.3%) chunk=19.23 t/s avg=18.83 t/s 3.346s
0824 02:46:11 ds4-server: chat ctx=0..169:169 prefill chunk 64/169 (37.9%) chunk=19.99 t/s avg=18.85 t/s 3.396s
0824 02:46:11 ds4-server: chat ctx=0..169:169 prefill chunk 65/169 (38.5%) chunk=18.70 t/s avg=18.84 t/s 3.449s
0824 02:46:11 ds4-server: chat ctx=0..169:169 prefill chunk 66/169 (39.1%) chunk=18.77 t/s avg=18.84 t/s 3.503s
0824 02:46:11 ds4-server: chat ctx=0..169:169 prefill chunk 67/169 (39.6%) chunk=19.31 t/s avg=18.85 t/s 3.554s
0824 02:46:11 ds4-server: chat ctx=0..169:169 prefill chunk 68/169 (40.2%) chunk=18.18 t/s avg=18.84 t/s 3.609s
0824 02:46:12 ds4-server: chat ctx=0..169:169 prefill chunk 69/169 (40.8%) chunk=18.83 t/s avg=18.84 t/s 3.662s
0824 02:46:12 ds4-server: chat ctx=0..169:169 prefill chunk 70/169 (41.4%) chunk=17.98 t/s avg=18.83 t/s 3.718s
0824 02:46:12 ds4-server: chat ctx=0..169:169 prefill chunk 71/169 (42.0%) chunk=19.30 t/s avg=18.83 t/s 3.770s
0824 02:46:12 ds4-server: chat ctx=0..169:169 prefill chunk 72/169 (42.6%) chunk=18.97 t/s avg=18.84 t/s 3.823s
0824 02:46:12 ds4-server: chat ctx=0..169:169 prefill chunk 73/169 (43.2%) chunk=18.91 t/s avg=18.84 t/s 3.875s
0824 02:46:12 ds4-server: chat ctx=0..169:169 prefill chunk 74/169 (43.8%) chunk=19.40 t/s avg=18.84 t/s 3.927s
0824 02:46:12 ds4-server: chat ctx=0..169:169 prefill chunk 75/169 (44.4%) chunk=18.18 t/s avg=18.83 t/s 3.982s
0824 02:46:12 ds4-server: chat ctx=0..169:169 prefill chunk 76/169 (45.0%) chunk=18.93 t/s avg=18.84 t/s 4.035s
0824 02:46:12 ds4-server: chat ctx=0..169:169 prefill chunk 77/169 (45.6%) chunk=18.68 t/s avg=18.83 t/s 4.088s
0824 02:46:12 ds4-server: chat ctx=0..169:169 prefill chunk 78/169 (46.2%) chunk=18.34 t/s avg=18.83 t/s 4.143s
0824 02:46:12 ds4-server: chat ctx=0..169:169 prefill chunk 79/169 (46.7%) chunk=18.92 t/s avg=18.83 t/s 4.196s
0824 02:46:12 ds4-server: chat ctx=0..169:169 prefill chunk 80/169 (47.3%) chunk=18.23 t/s avg=18.82 t/s 4.251s
0824 02:46:12 ds4-server: chat ctx=0..169:169 prefill chunk 81/169 (47.9%) chunk=19.19 t/s avg=18.83 t/s 4.303s
0824 02:46:12 ds4-server: chat ctx=0..169:169 prefill chunk 82/169 (48.5%) chunk=18.65 t/s avg=18.82 t/s 4.356s
0824 02:46:12 ds4-server: chat ctx=0..169:169 prefill chunk 83/169 (49.1%) chunk=18.39 t/s avg=18.82 t/s 4.411s
0824 02:46:12 ds4-server: chat ctx=0..169:169 prefill chunk 84/169 (49.7%) chunk=18.75 t/s avg=18.82 t/s 4.464s
0824 02:46:12 ds4-server: chat ctx=0..169:169 prefill chunk 85/169 (50.3%) chunk=18.36 t/s avg=18.81 t/s 4.519s
0824 02:46:12 ds4-server: chat ctx=0..169:169 prefill chunk 86/169 (50.9%) chunk=18.07 t/s avg=18.80 t/s 4.574s
0824 02:46:12 ds4-server: chat ctx=0..169:169 prefill chunk 87/169 (51.5%) chunk=19.17 t/s avg=18.81 t/s 4.626s
0824 02:46:13 ds4-server: chat ctx=0..169:169 prefill chunk 88/169 (52.1%) chunk=18.49 t/s avg=18.80 t/s 4.680s
0824 02:46:13 ds4-server: chat ctx=0..169:169 prefill chunk 89/169 (52.7%) chunk=18.76 t/s avg=18.80 t/s 4.733s
0824 02:46:13 ds4-server: chat ctx=0..169:169 prefill chunk 90/169 (53.3%) chunk=18.50 t/s avg=18.80 t/s 4.787s
0824 02:46:13 ds4-server: chat ctx=0..169:169 prefill chunk 91/169 (53.8%) chunk=17.75 t/s avg=18.79 t/s 4.844s
0824 02:46:13 ds4-server: chat ctx=0..169:169 prefill chunk 92/169 (54.4%) chunk=19.09 t/s avg=18.79 t/s 4.896s
0824 02:46:13 ds4-server: chat ctx=0..169:169 prefill chunk 93/169 (55.0%) chunk=18.72 t/s avg=18.79 t/s 4.950s
0824 02:46:13 ds4-server: chat ctx=0..169:169 prefill chunk 94/169 (55.6%) chunk=18.46 t/s avg=18.79 t/s 5.004s
0824 02:46:13 ds4-server: chat ctx=0..169:169 prefill chunk 95/169 (56.2%) chunk=19.03 t/s avg=18.79 t/s 5.056s
0824 02:46:13 ds4-server: chat ctx=0..169:169 prefill chunk 96/169 (56.8%) chunk=18.37 t/s avg=18.78 t/s 5.111s
0824 02:46:13 ds4-server: chat ctx=0..169:169 prefill chunk 97/169 (57.4%) chunk=19.35 t/s avg=18.79 t/s 5.162s
0824 02:46:13 ds4-server: chat ctx=0..169:169 prefill chunk 98/169 (58.0%) chunk=18.80 t/s avg=18.79 t/s 5.216s
0824 02:46:13 ds4-server: chat ctx=0..169:169 prefill chunk 99/169 (58.6%) chunk=19.44 t/s avg=18.80 t/s 5.267s
0824 02:46:13 ds4-server: chat ctx=0..169:169 prefill chunk 100/169 (59.2%) chunk=18.48 t/s avg=18.79 t/s 5.321s
0824 02:46:13 ds4-server: chat ctx=0..169:169 prefill chunk 101/169 (59.8%) chunk=17.75 t/s avg=18.78 t/s 5.378s
0824 02:46:13 ds4-server: chat ctx=0..169:169 prefill chunk 102/169 (60.4%) chunk=19.52 t/s avg=18.79 t/s 5.429s
0824 02:46:13 ds4-server: chat ctx=0..169:169 prefill chunk 103/169 (60.9%) chunk=18.74 t/s avg=18.79 t/s 5.482s
0824 02:46:13 ds4-server: chat ctx=0..169:169 prefill chunk 104/169 (61.5%) chunk=18.45 t/s avg=18.78 t/s 5.536s
0824 02:46:13 ds4-server: chat ctx=0..169:169 prefill chunk 105/169 (62.1%) chunk=18.09 t/s avg=18.78 t/s 5.592s
0824 02:46:14 ds4-server: chat ctx=0..169:169 prefill chunk 106/169 (62.7%) chunk=17.81 t/s avg=18.77 t/s 5.648s
0824 02:46:14 ds4-server: chat ctx=0..169:169 prefill chunk 107/169 (63.3%) chunk=18.19 t/s avg=18.76 t/s 5.703s
0824 02:46:14 ds4-server: chat ctx=0..169:169 prefill chunk 108/169 (63.9%) chunk=18.26 t/s avg=18.76 t/s 5.757s
0824 02:46:14 ds4-server: chat ctx=0..169:169 prefill chunk 109/169 (64.5%) chunk=17.82 t/s avg=18.75 t/s 5.814s
0824 02:46:14 ds4-server: chat ctx=0..169:169 prefill chunk 110/169 (65.1%) chunk=18.51 t/s avg=18.75 t/s 5.868s
0824 02:46:14 ds4-server: chat ctx=0..169:169 prefill chunk 111/169 (65.7%) chunk=17.93 t/s avg=18.74 t/s 5.923s
0824 02:46:14 ds4-server: chat ctx=0..169:169 prefill chunk 112/169 (66.3%) chunk=18.20 t/s avg=18.73 t/s 5.978s
0824 02:46:14 ds4-server: chat ctx=0..169:169 prefill chunk 113/169 (66.9%) chunk=18.57 t/s avg=18.73 t/s 6.032s
0824 02:46:14 ds4-server: chat ctx=0..169:169 prefill chunk 114/169 (67.5%) chunk=17.95 t/s avg=18.73 t/s 6.088s
0824 02:46:14 ds4-server: chat ctx=0..169:169 prefill chunk 115/169 (68.0%) chunk=17.89 t/s avg=18.72 t/s 6.144s
0824 02:46:14 ds4-server: chat ctx=0..169:169 prefill chunk 116/169 (68.6%) chunk=18.51 t/s avg=18.72 t/s 6.198s
0824 02:46:14 ds4-server: chat ctx=0..169:169 prefill chunk 117/169 (69.2%) chunk=17.72 t/s avg=18.71 t/s 6.254s
0824 02:46:14 ds4-server: chat ctx=0..169:169 prefill chunk 118/169 (69.8%) chunk=17.70 t/s avg=18.70 t/s 6.311s
0824 02:46:14 ds4-server: chat ctx=0..169:169 prefill chunk 119/169 (70.4%) chunk=18.41 t/s avg=18.70 t/s 6.365s
0824 02:46:14 ds4-server: chat ctx=0..169:169 prefill chunk 120/169 (71.0%) chunk=17.70 t/s avg=18.69 t/s 6.422s
0824 02:46:14 ds4-server: chat ctx=0..169:169 prefill chunk 121/169 (71.6%) chunk=17.86 t/s avg=18.68 t/s 6.478s
0824 02:46:14 ds4-server: chat ctx=0..169:169 prefill chunk 122/169 (72.2%) chunk=18.08 t/s avg=18.67 t/s 6.533s
0824 02:46:14 ds4-server: chat ctx=0..169:169 prefill chunk 123/169 (72.8%) chunk=18.09 t/s avg=18.67 t/s 6.588s
0824 02:46:15 ds4-server: chat ctx=0..169:169 prefill chunk 124/169 (73.4%) chunk=17.33 t/s avg=18.66 t/s 6.646s
0824 02:46:15 ds4-server: chat ctx=0..169:169 prefill chunk 125/169 (74.0%) chunk=17.51 t/s avg=18.65 t/s 6.703s
0824 02:46:15 ds4-server: chat ctx=0..169:169 prefill chunk 126/169 (74.6%) chunk=18.12 t/s avg=18.64 t/s 6.758s
0824 02:46:15 ds4-server: chat ctx=0..169:169 prefill chunk 127/169 (75.1%) chunk=17.29 t/s avg=18.63 t/s 6.816s
0824 02:46:15 ds4-server: chat ctx=0..169:169 prefill chunk 128/169 (75.7%) chunk=17.62 t/s avg=18.62 t/s 6.873s
0824 02:46:15 ds4-server: chat ctx=0..169:169 prefill chunk 129/169 (76.3%) chunk=18.14 t/s avg=18.62 t/s 6.928s
0824 02:46:15 ds4-server: chat ctx=0..169:169 prefill chunk 130/169 (76.9%) chunk=17.89 t/s avg=18.61 t/s 6.984s
0824 02:46:15 ds4-server: chat ctx=0..169:169 prefill chunk 131/169 (77.5%) chunk=16.99 t/s avg=18.60 t/s 7.043s
0824 02:46:15 ds4-server: chat ctx=0..169:169 prefill chunk 132/169 (78.1%) chunk=17.87 t/s avg=18.60 t/s 7.099s
0824 02:46:15 ds4-server: chat ctx=0..169:169 prefill chunk 133/169 (78.7%) chunk=17.41 t/s avg=18.59 t/s 7.156s
0824 02:46:15 ds4-server: chat ctx=0..169:169 prefill chunk 134/169 (79.3%) chunk=17.52 t/s avg=18.58 t/s 7.213s
0824 02:46:15 ds4-server: chat ctx=0..169:169 prefill chunk 135/169 (79.9%) chunk=17.86 t/s avg=18.57 t/s 7.269s
0824 02:46:15 ds4-server: chat ctx=0..169:169 prefill chunk 136/169 (80.5%) chunk=17.87 t/s avg=18.57 t/s 7.325s
0824 02:46:15 ds4-server: chat ctx=0..169:169 prefill chunk 137/169 (81.1%) chunk=18.07 t/s avg=18.56 t/s 7.380s
0824 02:46:15 ds4-server: chat ctx=0..169:169 prefill chunk 138/169 (81.7%) chunk=17.02 t/s avg=18.55 t/s 7.439s
0824 02:46:15 ds4-server: chat ctx=0..169:169 prefill chunk 139/169 (82.2%) chunk=17.51 t/s avg=18.54 t/s 7.496s
0824 02:46:15 ds4-server: chat ctx=0..169:169 prefill chunk 140/169 (82.8%) chunk=17.46 t/s avg=18.53 t/s 7.554s
0824 02:46:15 ds4-server: chat ctx=0..169:169 prefill chunk 141/169 (83.4%) chunk=17.15 t/s avg=18.52 t/s 7.612s
0824 02:46:16 ds4-server: chat ctx=0..169:169 prefill chunk 142/169 (84.0%) chunk=18.16 t/s avg=18.52 t/s 7.667s
0824 02:46:16 ds4-server: chat ctx=0..169:169 prefill chunk 143/169 (84.6%) chunk=17.58 t/s avg=18.51 t/s 7.724s
0824 02:46:16 ds4-server: chat ctx=0..169:169 prefill chunk 144/169 (85.2%) chunk=18.00 t/s avg=18.51 t/s 7.779s
0824 02:46:16 ds4-server: chat ctx=0..169:169 prefill chunk 145/169 (85.8%) chunk=18.33 t/s avg=18.51 t/s 7.834s
0824 02:46:16 ds4-server: chat ctx=0..169:169 prefill chunk 146/169 (86.4%) chunk=17.25 t/s avg=18.50 t/s 7.892s
0824 02:46:16 ds4-server: chat ctx=0..169:169 prefill chunk 147/169 (87.0%) chunk=17.10 t/s avg=18.49 t/s 7.950s
0824 02:46:16 ds4-server: chat ctx=0..169:169 prefill chunk 148/169 (87.6%) chunk=17.46 t/s avg=18.48 t/s 8.008s
0824 02:46:16 ds4-server: chat ctx=0..169:169 prefill chunk 149/169 (88.2%) chunk=17.84 t/s avg=18.48 t/s 8.064s
0824 02:46:16 ds4-server: chat ctx=0..169:169 prefill chunk 150/169 (88.8%) chunk=18.09 t/s avg=18.48 t/s 8.119s
0824 02:46:16 ds4-server: chat ctx=0..169:169 prefill chunk 151/169 (89.3%) chunk=17.18 t/s avg=18.47 t/s 8.177s
0824 02:46:16 ds4-server: chat ctx=0..169:169 prefill chunk 152/169 (89.9%) chunk=17.61 t/s avg=18.46 t/s 8.234s
0824 02:46:16 ds4-server: chat ctx=0..169:169 prefill chunk 153/169 (90.5%) chunk=17.38 t/s avg=18.45 t/s 8.291s
0824 02:46:16 ds4-server: chat ctx=0..169:169 prefill chunk 154/169 (91.1%) chunk=17.31 t/s avg=18.44 t/s 8.349s
0824 02:46:16 ds4-server: chat ctx=0..169:169 prefill chunk 155/169 (91.7%) chunk=17.54 t/s avg=18.44 t/s 8.406s
0824 02:46:16 ds4-server: chat ctx=0..169:169 prefill chunk 156/169 (92.3%) chunk=18.76 t/s avg=18.44 t/s 8.460s
0824 02:46:16 ds4-server: chat ctx=0..169:169 prefill chunk 157/169 (92.9%) chunk=17.72 t/s avg=18.44 t/s 8.516s
0824 02:46:16 ds4-server: chat ctx=0..169:169 prefill chunk 158/169 (93.5%) chunk=16.91 t/s avg=18.43 t/s 8.575s
0824 02:46:17 ds4-server: chat ctx=0..169:169 prefill chunk 159/169 (94.1%) chunk=17.89 t/s avg=18.42 t/s 8.631s
0824 02:46:17 ds4-server: chat ctx=0..169:169 prefill chunk 160/169 (94.7%) chunk=17.59 t/s avg=18.42 t/s 8.688s
0824 02:46:17 ds4-server: chat ctx=0..169:169 prefill chunk 161/169 (95.3%) chunk=17.58 t/s avg=18.41 t/s 8.745s
0824 02:46:17 ds4-server: chat ctx=0..169:169 prefill chunk 162/169 (95.9%) chunk=18.13 t/s avg=18.41 t/s 8.800s
0824 02:46:17 ds4-server: chat ctx=0..169:169 prefill chunk 163/169 (96.4%) chunk=18.71 t/s avg=18.41 t/s 8.853s
ds4: qwen35moe experts/token avg over 128 tokens: 0:14.4 1:14.2 2:14.7 3:16.0 4:15.6 5:15.8 6:16.2 7:16.7 8:17.9 9:16.6 10:14.7 11:14.7 12:14.8 13:15.0 14:15.0 15:15.6 16:15.5 17:14.9 18:15.9 19:15.3 20:16.8 21:15.6 22:15.1 23:15.4 24:15.0 25:15.3 26:14.9 27:15.7 28:15.8 29:16.2 30:16.3 31:16.7 32:17.1 33:17.9 34:17.5 35:18.7 36:19.3 37:19.4 38:19.6 39:19.3 | mean 16.2
0824 02:46:17 ds4-server: chat ctx=0..169:169 prefill chunk 164/169 (97.0%) chunk=17.80 t/s avg=18.41 t/s 8.910s
0824 02:46:17 ds4-server: chat ctx=0..169:169 prefill chunk 165/169 (97.6%) chunk=18.67 t/s avg=18.41 t/s 8.963s
0824 02:46:17 ds4-server: chat ctx=0..169:169 prefill chunk 166/169 (98.2%) chunk=19.00 t/s avg=18.41 t/s 9.016s
0824 02:46:17 ds4-server: chat ctx=0..169:169 prefill chunk 167/169 (98.8%) chunk=17.73 t/s avg=18.41 t/s 9.072s
0824 02:46:17 ds4-server: chat ctx=0..169:169 prefill chunk 168/169 (99.4%) chunk=19.72 t/s avg=18.42 t/s 9.123s
0824 02:46:17 ds4-server: chat ctx=0..169:169 prefill chunk 169/169 (100.0%) chunk=19.19 t/s avg=18.42 t/s 9.175s
0824 02:46:17 ds4-server: chat ctx=0..169:169 prompt done 9.175s
0824 02:46:20 ds4-server: chat ctx=169..219:50 gen=50 THINKING decoding chunk=18.27 t/s avg=18.27 t/s 2.737s
0824 02:46:23 ds4-server: chat ctx=219..269:50 gen=100 THINKING decoding chunk=17.64 t/s avg=17.95 t/s 5.571s
ds4: qwen35moe experts/token avg over 128 tokens: 0:14.2 1:14.9 2:15.0 3:16.3 4:15.3 5:16.0 6:15.6 7:16.0 8:16.9 9:16.7 10:14.8 11:14.7 12:15.8 13:15.3 14:15.3 15:15.7 16:15.7 17:15.2 18:15.5 19:14.8 20:16.9 21:15.4 22:15.6 23:15.3 24:16.6 25:16.1 26:15.5 27:16.8 28:15.8 29:16.6 30:16.6 31:16.6 32:16.8 33:17.0 34:16.4 35:17.4 36:17.7 37:18.6 38:19.3 39:18.4 | mean 16.1
0824 02:46:25 ds4-server: chat ctx=269..319:50 gen=150 THINKING decoding chunk=17.77 t/s avg=17.89 t/s 8.384s
0824 02:46:28 ds4-server: chat ctx=319..369:50 gen=200 THINKING decoding chunk=17.70 t/s avg=17.84 t/s 11.209s
0824 02:46:31 ds4-server: chat ctx=369..419:50 gen=250 THINKING decoding chunk=17.28 t/s avg=17.73 t/s 14.102s
ds4: qwen35moe experts/token avg over 128 tokens: 0:14.4 1:15.9 2:16.1 3:17.6 4:16.9 5:16.7 6:16.6 7:17.4 8:18.4 9:17.5 10:16.3 11:15.5 12:16.4 13:16.6 14:16.4 15:16.3 16:16.9 17:16.3 18:15.9 19:15.4 20:18.0 21:16.7 22:15.9 23:16.0 24:17.3 25:16.9 26:16.3 27:16.5 28:16.7 29:17.4 30:17.2 31:17.7 32:16.9 33:17.6 34:16.8 35:17.9 36:18.7 37:18.9 38:19.2 39:18.6 | mean 16.9
0824 02:46:34 ds4-server: chat ctx=419..469:50 gen=300 THINKING decoding chunk=17.07 t/s avg=17.61 t/s 17.031s
0824 02:46:37 ds4-server: chat ctx=469..519:50 gen=350 THINKING decoding chunk=16.96 t/s avg=17.52 t/s 19.980s
ds4: qwen35moe experts/token avg over 128 tokens: 0:14.4 1:16.4 2:16.5 3:17.4 4:17.5 5:16.9 6:17.6 7:17.9 8:17.9 9:17.6 10:17.1 11:16.0 12:17.0 13:17.2 14:17.1 15:16.7 16:17.2 17:16.9 18:16.6 19:17.0 20:18.1 21:17.5 22:16.2 23:16.0 24:17.0 25:17.0 26:17.2 27:16.7 28:17.4 29:17.5 30:17.7 31:18.2 32:17.7 33:18.4 34:17.8 35:18.8 36:19.0 37:19.8 38:19.7 39:19.1 | mean 17.4
0824 02:46:40 ds4-server: chat ctx=519..569:50 gen=400 THINKING decoding chunk=17.28 t/s avg=17.49 t/s 22.873s
0824 02:46:43 ds4-server: chat ctx=569..619:50 gen=450 THINKING decoding chunk=17.14 t/s avg=17.45 t/s 25.790s
0824 02:46:46 ds4-server: chat ctx=619..669:50 gen=500 THINKING decoding chunk=17.09 t/s avg=17.41 t/s 28.715s
ds4: qwen35moe experts/token avg over 128 tokens: 0:13.8 1:16.3 2:15.9 3:17.1 4:16.8 5:16.9 6:16.4 7:17.5 8:17.5 9:17.5 10:15.7 11:15.5 12:16.5 13:15.9 14:15.3 15:16.7 16:16.2 17:15.9 18:14.9 19:15.6 20:16.9 21:15.5 22:15.2 23:15.9 24:16.8 25:15.8 26:15.6 27:16.8 28:16.0 29:16.8 30:16.7 31:17.4 32:16.6 33:17.6 34:17.0 35:18.1 36:18.5 37:19.0 38:19.6 39:18.9 | mean 16.6
0824 02:46:49 ds4-server: chat ctx=669..719:50 gen=550 THINKING decoding chunk=16.76 t/s avg=17.35 t/s 31.698s
0824 02:46:52 ds4-server: chat ctx=719..769:50 gen=600 THINKING decoding chunk=16.48 t/s avg=17.27 t/s 34.732s
ds4: qwen35moe experts/token avg over 128 tokens: 0:14.4 1:16.5 2:16.6 3:17.5 4:17.1 5:16.8 6:16.9 7:17.3 8:18.0 9:17.8 10:16.3 11:16.4 12:17.5 13:16.4 14:17.2 15:17.9 16:17.3 17:17.4 18:16.4 19:16.6 20:17.9 21:18.3 22:16.6 23:16.8 24:17.9 25:16.6 26:17.6 27:17.4 28:17.4 29:17.6 30:17.0 31:17.9 32:17.6 33:17.7 34:17.5 35:18.8 36:18.9 37:19.6 38:19.8 39:19.6 | mean 17.4
0824 02:46:55 ds4-server: chat ctx=769..819:50 gen=650 THINKING decoding chunk=16.52 t/s avg=17.21 t/s 37.759s
0824 02:46:58 ds4-server: chat ctx=819..869:50 gen=700 THINKING decoding chunk=16.57 t/s avg=17.17 t/s 40.776s
0824 02:47:01 ds4-server: chat ctx=869..919:50 gen=750 THINKING decoding chunk=16.16 t/s avg=17.10 t/s 43.870s
ds4: qwen35moe experts/token avg over 128 tokens: 0:13.9 1:16.4 2:16.8 3:17.4 4:17.1 5:17.2 6:17.4 7:18.5 8:18.3 9:17.8 10:17.0 11:16.4 12:16.9 13:17.1 14:18.1 15:17.2 16:17.8 17:17.2 18:17.0 19:17.7 20:17.9 21:18.2 22:17.3 23:17.8 24:17.0 25:17.4 26:18.2 27:16.9 28:17.7 29:17.4 30:17.9 31:18.7 32:17.6 33:18.0 34:17.9 35:18.9 36:18.8 37:19.5 38:19.8 39:19.3 | mean 17.6
0824 02:47:04 ds4-server: chat ctx=919..969:50 gen=800 THINKING decoding chunk=16.41 t/s avg=17.05 t/s 46.918s
0824 02:47:07 ds4-server: chat ctx=969..1019:50 gen=850 THINKING decoding chunk=16.28 t/s avg=17.00 t/s 49.989s
ds4: qwen35moe experts/token avg over 128 tokens: 0:14.0 1:16.4 2:16.5 3:17.3 4:17.0 5:17.5 6:17.0 7:17.9 8:18.6 9:18.2 10:17.1 11:16.4 12:17.3 13:17.3 14:17.4 15:17.2 16:17.6 17:17.5 18:16.0 19:16.8 20:18.5 21:17.7 22:16.6 23:16.9 24:17.2 25:16.7 26:17.0 27:16.5 28:17.1 29:17.2 30:17.3 31:18.1 32:17.3 33:17.2 34:16.9 35:17.9 36:18.2 37:18.8 38:19.3 39:18.5 | mean 17.3
0824 02:47:10 ds4-server: chat ctx=1019..1069:50 gen=900 THINKING decoding chunk=16.01 t/s avg=16.95 t/s 53.113s
0824 02:47:13 ds4-server: chat ctx=1069..1119:50 gen=950 THINKING decoding chunk=16.60 t/s avg=16.93 t/s 56.125s
0824 02:47:16 ds4-server: chat ctx=1119..1169:50 gen=1000 THINKING decoding chunk=16.52 t/s avg=16.91 t/s 59.151s
ds4: qwen35moe experts/token avg over 128 tokens: 0:14.1 1:15.8 2:15.6 3:16.1 4:15.6 5:16.1 6:15.6 7:17.0 8:17.1 9:16.8 10:14.8 11:14.3 12:15.7 13:15.2 14:15.9 15:15.7 16:16.1 17:16.1 18:15.2 19:15.7 20:16.2 21:16.2 22:15.0 23:14.9 24:15.5 25:15.8 26:15.2 27:15.3 28:16.1 29:15.6 30:15.7 31:16.3 32:15.7 33:15.3 34:14.6 35:16.8 36:16.8 37:17.7 38:18.8 39:17.2 | mean 15.9
0824 02:47:19 ds4-server: chat ctx=1169..1219:50 gen=1050 THINKING decoding chunk=16.54 t/s avg=16.89 t/s 62.175s
0824 02:47:22 ds4-server: chat ctx=1219..1269:50 gen=1100 THINKING decoding chunk=16.22 t/s avg=16.86 t/s 65.257s
ds4: qwen35moe experts/token avg over 128 tokens: 0:13.8 1:16.4 2:15.6 3:16.8 4:17.1 5:16.1 6:16.3 7:17.5 8:17.6 9:17.0 10:15.0 11:15.0 12:16.4 13:16.0 14:15.5 15:16.5 16:16.2 17:15.5 18:15.4 19:15.9 20:16.9 21:16.7 22:15.5 23:15.0 24:15.4 25:15.5 26:15.7 27:15.4 28:15.5 29:15.9 30:15.3 31:16.0 32:15.0 33:14.7 34:14.8 35:16.7 36:16.5 37:17.3 38:18.7 39:16.6 | mean 16.0
0824 02:47:25 ds4-server: chat ctx=1269..1319:50 gen=1150 THINKING decoding chunk=16.26 t/s avg=16.83 t/s 68.331s
0824 02:47:29 ds4-server: chat ctx=1319..1369:50 gen=1200 THINKING decoding chunk=16.00 t/s avg=16.79 t/s 71.456s
0824 02:47:32 ds4-server: chat ctx=1369..1419:50 gen=1250 THINKING decoding chunk=15.65 t/s avg=16.74 t/s 74.651s
ds4: qwen35moe experts/token avg over 128 tokens: 0:14.6 1:16.6 2:15.9 3:17.8 4:16.8 5:17.3 6:17.1 7:18.2 8:18.7 9:17.7 10:16.3 11:16.5 12:17.3 13:16.4 14:17.5 15:17.1 16:17.1 17:16.9 18:16.8 19:17.1 20:17.9 21:17.5 22:16.3 23:16.2 24:17.2 25:16.7 26:17.5 27:16.4 28:17.1 29:17.1 30:17.0 31:17.6 32:16.1 33:16.5 34:16.5 35:18.3 36:18.4 37:18.7 38:19.4 39:18.3 | mean 17.2
0824 02:47:35 ds4-server: chat ctx=1419..1469:50 gen=1300 THINKING decoding chunk=15.44 t/s avg=16.69 t/s 77.889s
0824 02:47:38 ds4-server: chat ctx=1469..1519:50 gen=1350 decoding chunk=15.68 t/s avg=16.65 t/s 81.077s
0824 02:47:41 ds4-server: chat ctx=1519..1569:50 gen=1400 decoding chunk=15.45 t/s avg=16.60 t/s 84.314s
ds4: qwen35moe experts/token avg over 128 tokens: 0:14.0 1:16.3 2:16.3 3:17.4 4:17.2 5:17.2 6:17.5 7:18.1 8:18.2 9:18.0 10:16.5 11:16.5 12:17.1 13:17.2 14:17.5 15:17.3 16:17.7 17:17.3 18:16.5 19:17.2 20:18.3 21:17.4 22:16.8 23:16.5 24:18.0 25:17.1 26:17.5 27:17.2 28:16.9 29:17.0 30:17.2 31:17.6 32:16.9 33:16.8 34:16.6 35:17.9 36:18.0 37:18.8 38:19.5 39:18.5 | mean 17.3
0824 02:47:45 ds4-server: chat ctx=1569..1619:50 gen=1450 decoding chunk=15.20 t/s avg=16.55 t/s 87.603s
0824 02:47:48 ds4-server: chat ctx=1619..1669:50 gen=1500 decoding chunk=15.07 t/s avg=16.50 t/s 90.921s
ds4: qwen35moe experts/token avg over 128 tokens: 0:14.7 1:17.2 2:17.1 3:17.7 4:17.6 5:18.1 6:18.1 7:18.7 8:18.8 9:18.5 10:17.5 11:17.1 12:18.1 13:17.8 14:18.3 15:17.8 16:18.0 17:17.9 18:17.2 19:17.1 20:18.6 21:18.5 22:16.6 23:17.0 24:18.4 25:17.4 26:17.5 27:17.6 28:17.9 29:17.7 30:17.7 31:18.9 32:17.7 33:17.8 34:17.6 35:18.8 36:18.8 37:19.3 38:19.5 39:19.1 | mean 17.9
0824 02:47:51 ds4-server: chat ctx=1669..1719:50 gen=1550 decoding chunk=15.20 t/s avg=16.45 t/s 94.210s
0824 02:47:55 ds4-server: chat ctx=1719..1769:50 gen=1600 decoding chunk=15.15 t/s avg=16.41 t/s 97.510s
0824 02:47:58 ds4-server: chat ctx=1769..1819:50 gen=1650 decoding chunk=15.02 t/s avg=16.36 t/s 100.838s
ds4: qwen35moe experts/token avg over 128 tokens: 0:14.0 1:16.5 2:16.4 3:17.6 4:17.4 5:17.6 6:17.3 7:18.0 8:18.3 9:17.9 10:16.5 11:16.4 12:17.5 13:17.7 14:18.2 15:18.0 16:17.9 17:17.8 18:17.3 19:17.4 20:18.9 21:18.6 22:16.8 23:17.1 24:18.5 25:17.5 26:17.6 27:17.8 28:17.8 29:18.2 30:17.8 31:18.3 32:17.6 33:17.9 34:17.6 35:18.5 36:19.1 37:19.7 38:19.8 39:19.6 | mean 17.8
0824 02:48:01 ds4-server: chat ctx=1819..1869:50 gen=1700 decoding chunk=14.99 t/s avg=16.32 t/s 104.173s
0824 02:48:05 ds4-server: chat ctx=1869..1919:50 gen=1750 decoding chunk=14.74 t/s avg=16.27 t/s 107.564s
ds4: qwen35moe experts/token avg over 128 tokens: 0:14.1 1:16.6 2:16.6 3:17.5 4:17.2 5:17.6 6:17.3 7:18.4 8:18.7 9:17.9 10:17.0 11:16.6 12:17.9 13:17.3 14:18.2 15:18.3 16:18.6 17:18.1 18:17.4 19:17.9 20:18.9 21:18.6 22:17.5 23:17.5 24:18.2 25:18.1 26:18.2 27:17.7 28:17.6 29:18.0 30:17.2 31:18.4 32:17.9 33:17.6 34:17.6 35:18.9 36:19.4 37:19.6 38:19.7 39:19.4 | mean 17.9
0824 02:48:08 ds4-server: chat ctx=1919..1969:50 gen=1800 decoding chunk=14.83 t/s avg=16.23 t/s 110.936s
0824 02:48:08 ds4-server: chat ctx=1969..1971:2 gen=1802 decoding chunk=14.70 t/s avg=16.22 t/s 111.072s
0824 02:48:08 ds4-server: thinking live checkpoint remembered ctx=0..169:169 live=1971 visible=2005
0824 02:48:08 ds4-server: chat ctx=0..169:169 gen=1802 finish=stop 120.247s
0824 02:48:08 ds4-server: live kv cache miss live=1971 prompt=207 common=52 reason=token-mismatch
0824 02:48:08 ds4-server: chat ctx=0..207:207 prompt start
0824 02:48:08 ds4-server: chat ctx=0..207:207 prefill chunk 1/207 (0.5%) chunk=0.00 t/s avg=19.20 t/s 0.052s
0824 02:48:08 ds4-server: chat ctx=0..207:207 prefill chunk 2/207 (1.0%) chunk=19.50 t/s avg=19.35 t/s 0.103s
0824 02:48:08 ds4-server: chat ctx=0..207:207 prefill chunk 3/207 (1.4%) chunk=19.17 t/s avg=19.29 t/s 0.156s
0824 02:48:08 ds4-server: chat ctx=0..207:207 prefill chunk 4/207 (1.9%) chunk=19.94 t/s avg=19.45 t/s 0.206s
0824 02:48:08 ds4-server: chat ctx=0..207:207 prefill chunk 5/207 (2.4%) chunk=18.80 t/s avg=19.31 t/s 0.259s
0824 02:48:08 ds4-server: chat ctx=0..207:207 prefill chunk 6/207 (2.9%) chunk=19.83 t/s avg=19.40 t/s 0.309s
0824 02:48:08 ds4-server: chat ctx=0..207:207 prefill chunk 7/207 (3.4%) chunk=19.01 t/s avg=19.34 t/s 0.362s
0824 02:48:09 ds4-server: chat ctx=0..207:207 prefill chunk 8/207 (3.9%) chunk=19.31 t/s avg=19.34 t/s 0.414s
0824 02:48:09 ds4-server: chat ctx=0..207:207 prefill chunk 9/207 (4.3%) chunk=19.18 t/s avg=19.32 t/s 0.466s
0824 02:48:09 ds4-server: chat ctx=0..207:207 prefill chunk 10/207 (4.8%) chunk=19.63 t/s avg=19.35 t/s 0.517s
0824 02:48:09 ds4-server: chat ctx=0..207:207 prefill chunk 11/207 (5.3%) chunk=18.95 t/s avg=19.31 t/s 0.570s
0824 02:48:09 ds4-server: chat ctx=0..207:207 prefill chunk 12/207 (5.8%) chunk=18.62 t/s avg=19.25 t/s 0.623s
0824 02:48:09 ds4-server: chat ctx=0..207:207 prefill chunk 13/207 (6.3%) chunk=19.13 t/s avg=19.24 t/s 0.676s
0824 02:48:09 ds4-server: chat ctx=0..207:207 prefill chunk 14/207 (6.8%) chunk=18.33 t/s avg=19.18 t/s 0.730s
0824 02:48:09 ds4-server: chat ctx=0..207:207 prefill chunk 15/207 (7.2%) chunk=19.00 t/s avg=19.16 t/s 0.783s
0824 02:48:09 ds4-server: chat ctx=0..207:207 prefill chunk 16/207 (7.7%) chunk=18.61 t/s avg=19.13 t/s 0.836s
0824 02:48:09 ds4-server: chat ctx=0..207:207 prefill chunk 17/207 (8.2%) chunk=18.58 t/s avg=19.10 t/s 0.890s
0824 02:48:09 ds4-server: chat ctx=0..207:207 prefill chunk 18/207 (8.7%) chunk=19.35 t/s avg=19.11 t/s 0.942s
0824 02:48:09 ds4-server: chat ctx=0..207:207 prefill chunk 19/207 (9.2%) chunk=18.14 t/s avg=19.06 t/s 0.997s
0824 02:48:09 ds4-server: chat ctx=0..207:207 prefill chunk 20/207 (9.7%) chunk=18.24 t/s avg=19.01 t/s 1.052s
0824 02:48:09 ds4-server: chat ctx=0..207:207 prefill chunk 21/207 (10.1%) chunk=18.95 t/s avg=19.01 t/s 1.105s
0824 02:48:09 ds4-server: chat ctx=0..207:207 prefill chunk 22/207 (10.6%) chunk=18.87 t/s avg=19.00 t/s 1.158s
0824 02:48:09 ds4-server: chat ctx=0..207:207 prefill chunk 23/207 (11.1%) chunk=19.71 t/s avg=19.03 t/s 1.208s
0824 02:48:09 ds4-server: chat ctx=0..207:207 prefill chunk 24/207 (11.6%) chunk=18.59 t/s avg=19.02 t/s 1.262s
0824 02:48:09 ds4-server: chat ctx=0..207:207 prefill chunk 25/207 (12.1%) chunk=19.53 t/s avg=19.04 t/s 1.313s
0824 02:48:09 ds4-server: chat ctx=0..207:207 prefill chunk 26/207 (12.6%) chunk=18.82 t/s avg=19.03 t/s 1.366s
0824 02:48:10 ds4-server: chat ctx=0..207:207 prefill chunk 27/207 (13.0%) chunk=18.58 t/s avg=19.01 t/s 1.420s
0824 02:48:10 ds4-server: chat ctx=0..207:207 prefill chunk 28/207 (13.5%) chunk=19.46 t/s avg=19.03 t/s 1.472s
0824 02:48:10 ds4-server: chat ctx=0..207:207 prefill chunk 29/207 (14.0%) chunk=18.10 t/s avg=18.99 t/s 1.527s
0824 02:48:10 ds4-server: chat ctx=0..207:207 prefill chunk 30/207 (14.5%) chunk=19.10 t/s avg=19.00 t/s 1.579s
0824 02:48:10 ds4-server: chat ctx=0..207:207 prefill chunk 31/207 (15.0%) chunk=18.24 t/s avg=18.97 t/s 1.634s
0824 02:48:10 ds4-server: chat ctx=0..207:207 prefill chunk 32/207 (15.5%) chunk=18.21 t/s avg=18.95 t/s 1.689s
0824 02:48:10 ds4-server: chat ctx=0..207:207 prefill chunk 33/207 (15.9%) chunk=19.19 t/s avg=18.95 t/s 1.741s
0824 02:48:10 ds4-server: chat ctx=0..207:207 prefill chunk 34/207 (16.4%) chunk=18.22 t/s avg=18.93 t/s 1.796s
0824 02:48:10 ds4-server: chat ctx=0..207:207 prefill chunk 35/207 (16.9%) chunk=18.65 t/s avg=18.92 t/s 1.850s
0824 02:48:10 ds4-server: chat ctx=0..207:207 prefill chunk 36/207 (17.4%) chunk=18.37 t/s avg=18.91 t/s 1.904s
0824 02:48:10 ds4-server: chat ctx=0..207:207 prefill chunk 37/207 (17.9%) chunk=17.45 t/s avg=18.86 t/s 1.961s
0824 02:48:10 ds4-server: chat ctx=0..207:207 prefill chunk 38/207 (18.4%) chunk=17.63 t/s avg=18.83 t/s 2.018s
0824 02:48:10 ds4-server: chat ctx=0..207:207 prefill chunk 39/207 (18.8%) chunk=18.13 t/s avg=18.81 t/s 2.073s
0824 02:48:10 ds4-server: chat ctx=0..207:207 prefill chunk 40/207 (19.3%) chunk=18.10 t/s avg=18.79 t/s 2.129s
0824 02:48:10 ds4-server: chat ctx=0..207:207 prefill chunk 41/207 (19.8%) chunk=18.70 t/s avg=18.79 t/s 2.182s
0824 02:48:10 ds4-server: chat ctx=0..207:207 prefill chunk 42/207 (20.3%) chunk=18.47 t/s avg=18.78 t/s 2.236s
0824 02:48:10 ds4-server: chat ctx=0..207:207 prefill chunk 43/207 (20.8%) chunk=18.76 t/s avg=18.78 t/s 2.289s
0824 02:48:10 ds4-server: chat ctx=0..207:207 prefill chunk 44/207 (21.3%) chunk=19.31 t/s avg=18.79 t/s 2.341s
0824 02:48:11 ds4-server: chat ctx=0..207:207 prefill chunk 45/207 (21.7%) chunk=18.29 t/s avg=18.78 t/s 2.396s
0824 02:48:11 ds4-server: chat ctx=0..207:207 prefill chunk 46/207 (22.2%) chunk=18.92 t/s avg=18.78 t/s 2.449s
0824 02:48:11 ds4-server: chat ctx=0..207:207 prefill chunk 47/207 (22.7%) chunk=18.05 t/s avg=18.77 t/s 2.504s
0824 02:48:11 ds4-server: chat ctx=0..207:207 prefill chunk 48/207 (23.2%) chunk=18.07 t/s avg=18.75 t/s 2.560s
0824 02:48:11 ds4-server: chat ctx=0..207:207 prefill chunk 49/207 (23.7%) chunk=18.65 t/s avg=18.75 t/s 2.613s
0824 02:48:11 ds4-server: chat ctx=0..207:207 prefill chunk 50/207 (24.2%) chunk=18.35 t/s avg=18.74 t/s 2.668s
0824 02:48:11 ds4-server: chat ctx=0..207:207 prefill chunk 51/207 (24.6%) chunk=18.09 t/s avg=18.73 t/s 2.723s
0824 02:48:11 ds4-server: chat ctx=0..207:207 prefill chunk 52/207 (25.1%) chunk=18.35 t/s avg=18.72 t/s 2.777s
0824 02:48:11 ds4-server: chat ctx=0..207:207 prefill chunk 53/207 (25.6%) chunk=18.01 t/s avg=18.71 t/s 2.833s
0824 02:48:11 ds4-server: chat ctx=0..207:207 prefill chunk 54/207 (26.1%) chunk=19.15 t/s avg=18.72 t/s 2.885s
0824 02:48:11 ds4-server: chat ctx=0..207:207 prefill chunk 55/207 (26.6%) chunk=19.09 t/s avg=18.72 t/s 2.938s
0824 02:48:11 ds4-server: chat ctx=0..207:207 prefill chunk 56/207 (27.1%) chunk=18.78 t/s avg=18.72 t/s 2.991s
0824 02:48:11 ds4-server: chat ctx=0..207:207 prefill chunk 57/207 (27.5%) chunk=18.99 t/s avg=18.73 t/s 3.043s
0824 02:48:11 ds4-server: chat ctx=0..207:207 prefill chunk 58/207 (28.0%) chunk=18.19 t/s avg=18.72 t/s 3.098s
0824 02:48:11 ds4-server: chat ctx=0..207:207 prefill chunk 59/207 (28.5%) chunk=18.82 t/s avg=18.72 t/s 3.152s
0824 02:48:11 ds4-server: chat ctx=0..207:207 prefill chunk 60/207 (29.0%) chunk=19.13 t/s avg=18.73 t/s 3.204s
0824 02:48:11 ds4-server: chat ctx=0..207:207 prefill chunk 61/207 (29.5%) chunk=19.37 t/s avg=18.74 t/s 3.255s
0824 02:48:11 ds4-server: chat ctx=0..207:207 prefill chunk 62/207 (30.0%) chunk=20.22 t/s avg=18.76 t/s 3.305s
0824 02:48:11 ds4-server: chat ctx=0..207:207 prefill chunk 63/207 (30.4%) chunk=19.17 t/s avg=18.77 t/s 3.357s
0824 02:48:12 ds4-server: chat ctx=0..207:207 prefill chunk 64/207 (30.9%) chunk=20.04 t/s avg=18.79 t/s 3.407s
0824 02:48:12 ds4-server: chat ctx=0..207:207 prefill chunk 65/207 (31.4%) chunk=19.21 t/s avg=18.79 t/s 3.459s
0824 02:48:12 ds4-server: chat ctx=0..207:207 prefill chunk 66/207 (31.9%) chunk=19.41 t/s avg=18.80 t/s 3.511s
0824 02:48:12 ds4-server: chat ctx=0..207:207 prefill chunk 67/207 (32.4%) chunk=18.77 t/s avg=18.80 t/s 3.564s
0824 02:48:12 ds4-server: chat ctx=0..207:207 prefill chunk 68/207 (32.9%) chunk=19.60 t/s avg=18.81 t/s 3.615s
0824 02:48:12 ds4-server: chat ctx=0..207:207 prefill chunk 69/207 (33.3%) chunk=18.25 t/s avg=18.80 t/s 3.670s
0824 02:48:12 ds4-server: chat ctx=0..207:207 prefill chunk 70/207 (33.8%) chunk=18.57 t/s avg=18.80 t/s 3.723s
0824 02:48:12 ds4-server: chat ctx=0..207:207 prefill chunk 71/207 (34.3%) chunk=18.24 t/s avg=18.79 t/s 3.778s
0824 02:48:12 ds4-server: chat ctx=0..207:207 prefill chunk 72/207 (34.8%) chunk=18.39 t/s avg=18.79 t/s 3.833s
0824 02:48:12 ds4-server: chat ctx=0..207:207 prefill chunk 73/207 (35.3%) chunk=18.29 t/s avg=18.78 t/s 3.887s
0824 02:48:12 ds4-server: chat ctx=0..207:207 prefill chunk 74/207 (35.7%) chunk=19.36 t/s avg=18.79 t/s 3.939s
0824 02:48:12 ds4-server: chat ctx=0..207:207 prefill chunk 75/207 (36.2%) chunk=18.26 t/s avg=18.78 t/s 3.994s
0824 02:48:12 ds4-server: chat ctx=0..207:207 prefill chunk 76/207 (36.7%) chunk=19.23 t/s avg=18.79 t/s 4.046s
0824 02:48:12 ds4-server: chat ctx=0..207:207 prefill chunk 77/207 (37.2%) chunk=18.52 t/s avg=18.78 t/s 4.100s
0824 02:48:12 ds4-server: chat ctx=0..207:207 prefill chunk 78/207 (37.7%) chunk=18.94 t/s avg=18.78 t/s 4.153s
0824 02:48:12 ds4-server: chat ctx=0..207:207 prefill chunk 79/207 (38.2%) chunk=18.47 t/s avg=18.78 t/s 4.207s
0824 02:48:12 ds4-server: chat ctx=0..207:207 prefill chunk 80/207 (38.6%) chunk=18.34 t/s avg=18.77 t/s 4.261s
0824 02:48:12 ds4-server: chat ctx=0..207:207 prefill chunk 81/207 (39.1%) chunk=19.00 t/s avg=18.78 t/s 4.314s
0824 02:48:12 ds4-server: chat ctx=0..207:207 prefill chunk 82/207 (39.6%) chunk=18.42 t/s avg=18.77 t/s 4.368s
0824 02:48:13 ds4-server: chat ctx=0..207:207 prefill chunk 83/207 (40.1%) chunk=18.20 t/s avg=18.77 t/s 4.423s
0824 02:48:13 ds4-server: chat ctx=0..207:207 prefill chunk 84/207 (40.6%) chunk=18.31 t/s avg=18.76 t/s 4.478s
0824 02:48:13 ds4-server: chat ctx=0..207:207 prefill chunk 85/207 (41.1%) chunk=17.86 t/s avg=18.75 t/s 4.534s
0824 02:48:13 ds4-server: chat ctx=0..207:207 prefill chunk 86/207 (41.5%) chunk=18.19 t/s avg=18.74 t/s 4.589s
0824 02:48:13 ds4-server: chat ctx=0..207:207 prefill chunk 87/207 (42.0%) chunk=18.65 t/s avg=18.74 t/s 4.642s
0824 02:48:13 ds4-server: chat ctx=0..207:207 prefill chunk 88/207 (42.5%) chunk=18.57 t/s avg=18.74 t/s 4.696s
0824 02:48:13 ds4-server: chat ctx=0..207:207 prefill chunk 89/207 (43.0%) chunk=19.46 t/s avg=18.75 t/s 4.748s
0824 02:48:13 ds4-server: chat ctx=0..207:207 prefill chunk 90/207 (43.5%) chunk=18.77 t/s avg=18.75 t/s 4.801s
0824 02:48:13 ds4-server: chat ctx=0..207:207 prefill chunk 91/207 (44.0%) chunk=18.33 t/s avg=18.74 t/s 4.855s
0824 02:48:13 ds4-server: chat ctx=0..207:207 prefill chunk 92/207 (44.4%) chunk=19.10 t/s avg=18.75 t/s 4.908s
0824 02:48:13 ds4-server: chat ctx=0..207:207 prefill chunk 93/207 (44.9%) chunk=18.33 t/s avg=18.74 t/s 4.962s
0824 02:48:13 ds4-server: chat ctx=0..207:207 prefill chunk 94/207 (45.4%) chunk=19.17 t/s avg=18.75 t/s 5.015s
0824 02:48:13 ds4-server: chat ctx=0..207:207 prefill chunk 95/207 (45.9%) chunk=18.71 t/s avg=18.75 t/s 5.068s
0824 02:48:13 ds4-server: chat ctx=0..207:207 prefill chunk 96/207 (46.4%) chunk=18.45 t/s avg=18.74 t/s 5.122s
0824 02:48:13 ds4-server: chat ctx=0..207:207 prefill chunk 97/207 (46.9%) chunk=18.63 t/s avg=18.74 t/s 5.176s
0824 02:48:13 ds4-server: chat ctx=0..207:207 prefill chunk 98/207 (47.3%) chunk=18.89 t/s avg=18.74 t/s 5.229s
0824 02:48:13 ds4-server: chat ctx=0..207:207 prefill chunk 99/207 (47.8%) chunk=19.00 t/s avg=18.74 t/s 5.281s
0824 02:48:13 ds4-server: chat ctx=0..207:207 prefill chunk 100/207 (48.3%) chunk=18.03 t/s avg=18.74 t/s 5.337s
0824 02:48:14 ds4-server: chat ctx=0..207:207 prefill chunk 101/207 (48.8%) chunk=17.76 t/s avg=18.73 t/s 5.393s
0824 02:48:14 ds4-server: chat ctx=0..207:207 prefill chunk 102/207 (49.3%) chunk=18.69 t/s avg=18.73 t/s 5.447s
0824 02:48:14 ds4-server: chat ctx=0..207:207 prefill chunk 103/207 (49.8%) chunk=17.94 t/s avg=18.72 t/s 5.502s
0824 02:48:14 ds4-server: chat ctx=0..207:207 prefill chunk 104/207 (50.2%) chunk=17.92 t/s avg=18.71 t/s 5.558s
0824 02:48:14 ds4-server: chat ctx=0..207:207 prefill chunk 105/207 (50.7%) chunk=18.57 t/s avg=18.71 t/s 5.612s
0824 02:48:14 ds4-server: chat ctx=0..207:207 prefill chunk 106/207 (51.2%) chunk=17.77 t/s avg=18.70 t/s 5.668s
0824 02:48:14 ds4-server: chat ctx=0..207:207 prefill chunk 107/207 (51.7%) chunk=17.86 t/s avg=18.69 t/s 5.724s
0824 02:48:14 ds4-server: chat ctx=0..207:207 prefill chunk 108/207 (52.2%) chunk=19.12 t/s avg=18.70 t/s 5.777s
0824 02:48:14 ds4-server: chat ctx=0..207:207 prefill chunk 109/207 (52.7%) chunk=17.69 t/s avg=18.69 t/s 5.833s
0824 02:48:14 ds4-server: chat ctx=0..207:207 prefill chunk 110/207 (53.1%) chunk=18.02 t/s avg=18.68 t/s 5.889s
0824 02:48:14 ds4-server: chat ctx=0..207:207 prefill chunk 111/207 (53.6%) chunk=18.39 t/s avg=18.68 t/s 5.943s
0824 02:48:14 ds4-server: chat ctx=0..207:207 prefill chunk 112/207 (54.1%) chunk=18.73 t/s avg=18.68 t/s 5.996s
ds4: qwen35moe experts/token avg over 128 tokens: 0:14.1 1:14.5 2:14.1 3:15.6 4:15.0 5:15.0 6:14.6 7:15.8 8:16.1 9:15.4 10:14.1 11:14.3 12:15.4 13:15.2 14:15.0 15:15.4 16:14.9 17:14.8 18:14.4 19:14.4 20:15.9 21:15.5 22:14.3 23:15.1 24:15.0 25:14.8 26:14.9 27:15.2 28:15.1 29:15.2 30:15.0 31:16.2 32:15.9 33:16.5 34:16.6 35:18.3 36:18.5 37:18.9 38:19.2 39:18.8 | mean 15.6
0824 02:48:14 ds4-server: chat ctx=0..207:207 prefill chunk 113/207 (54.6%) chunk=18.98 t/s avg=18.68 t/s 6.049s
0824 02:48:14 ds4-server: chat ctx=0..207:207 prefill chunk 114/207 (55.1%) chunk=18.19 t/s avg=18.68 t/s 6.104s
0824 02:48:14 ds4-server: chat ctx=0..207:207 prefill chunk 115/207 (55.6%) chunk=17.37 t/s avg=18.66 t/s 6.162s
0824 02:48:14 ds4-server: chat ctx=0..207:207 prefill chunk 116/207 (56.0%) chunk=17.60 t/s avg=18.65 t/s 6.218s
0824 02:48:14 ds4-server: chat ctx=0..207:207 prefill chunk 117/207 (56.5%) chunk=17.94 t/s avg=18.65 t/s 6.274s
0824 02:48:14 ds4-server: chat ctx=0..207:207 prefill chunk 118/207 (57.0%) chunk=17.16 t/s avg=18.63 t/s 6.333s
0824 02:48:15 ds4-server: chat ctx=0..207:207 prefill chunk 119/207 (57.5%) chunk=17.46 t/s avg=18.62 t/s 6.390s
0824 02:48:15 ds4-server: chat ctx=0..207:207 prefill chunk 120/207 (58.0%) chunk=17.87 t/s avg=18.62 t/s 6.446s
0824 02:48:15 ds4-server: chat ctx=0..207:207 prefill chunk 121/207 (58.5%) chunk=18.39 t/s avg=18.62 t/s 6.500s
0824 02:48:15 ds4-server: chat ctx=0..207:207 prefill chunk 122/207 (58.9%) chunk=17.67 t/s avg=18.61 t/s 6.557s
0824 02:48:15 ds4-server: chat ctx=0..207:207 prefill chunk 123/207 (59.4%) chunk=17.85 t/s avg=18.60 t/s 6.613s
0824 02:48:15 ds4-server: chat ctx=0..207:207 prefill chunk 124/207 (59.9%) chunk=18.30 t/s avg=18.60 t/s 6.667s
0824 02:48:15 ds4-server: chat ctx=0..207:207 prefill chunk 125/207 (60.4%) chunk=17.01 t/s avg=18.58 t/s 6.726s
0824 02:48:15 ds4-server: chat ctx=0..207:207 prefill chunk 126/207 (60.9%) chunk=17.81 t/s avg=18.58 t/s 6.782s
0824 02:48:15 ds4-server: chat ctx=0..207:207 prefill chunk 127/207 (61.4%) chunk=17.75 t/s avg=18.57 t/s 6.839s
0824 02:48:15 ds4-server: chat ctx=0..207:207 prefill chunk 128/207 (61.8%) chunk=17.83 t/s avg=18.56 t/s 6.895s
0824 02:48:15 ds4-server: chat ctx=0..207:207 prefill chunk 129/207 (62.3%) chunk=18.26 t/s avg=18.56 t/s 6.950s
0824 02:48:15 ds4-server: chat ctx=0..207:207 prefill chunk 130/207 (62.8%) chunk=17.71 t/s avg=18.56 t/s 7.006s
0824 02:48:15 ds4-server: chat ctx=0..207:207 prefill chunk 131/207 (63.3%) chunk=17.87 t/s avg=18.55 t/s 7.062s
0824 02:48:15 ds4-server: chat ctx=0..207:207 prefill chunk 132/207 (63.8%) chunk=17.90 t/s avg=18.54 t/s 7.118s
0824 02:48:15 ds4-server: chat ctx=0..207:207 prefill chunk 133/207 (64.3%) chunk=18.08 t/s avg=18.54 t/s 7.173s
0824 02:48:15 ds4-server: chat ctx=0..207:207 prefill chunk 134/207 (64.7%) chunk=17.68 t/s avg=18.53 t/s 7.230s
0824 02:48:15 ds4-server: chat ctx=0..207:207 prefill chunk 135/207 (65.2%) chunk=18.74 t/s avg=18.54 t/s 7.283s
0824 02:48:15 ds4-server: chat ctx=0..207:207 prefill chunk 136/207 (65.7%) chunk=17.22 t/s avg=18.53 t/s 7.341s
0824 02:48:16 ds4-server: chat ctx=0..207:207 prefill chunk 137/207 (66.2%) chunk=17.63 t/s avg=18.52 t/s 7.398s
0824 02:48:16 ds4-server: chat ctx=0..207:207 prefill chunk 138/207 (66.7%) chunk=17.80 t/s avg=18.51 t/s 7.454s
0824 02:48:16 ds4-server: chat ctx=0..207:207 prefill chunk 139/207 (67.1%) chunk=18.34 t/s avg=18.51 t/s 7.509s
0824 02:48:16 ds4-server: chat ctx=0..207:207 prefill chunk 140/207 (67.6%) chunk=17.33 t/s avg=18.50 t/s 7.566s
0824 02:48:16 ds4-server: chat ctx=0..207:207 prefill chunk 141/207 (68.1%) chunk=17.84 t/s avg=18.50 t/s 7.622s
0824 02:48:16 ds4-server: chat ctx=0..207:207 prefill chunk 142/207 (68.6%) chunk=17.89 t/s avg=18.49 t/s 7.678s
0824 02:48:16 ds4-server: chat ctx=0..207:207 prefill chunk 143/207 (69.1%) chunk=17.55 t/s avg=18.49 t/s 7.735s
0824 02:48:16 ds4-server: chat ctx=0..207:207 prefill chunk 144/207 (69.6%) chunk=17.61 t/s avg=18.48 t/s 7.792s
0824 02:48:16 ds4-server: chat ctx=0..207:207 prefill chunk 145/207 (70.0%) chunk=18.51 t/s avg=18.48 t/s 7.846s
0824 02:48:16 ds4-server: chat ctx=0..207:207 prefill chunk 146/207 (70.5%) chunk=17.33 t/s avg=18.47 t/s 7.904s
0824 02:48:16 ds4-server: chat ctx=0..207:207 prefill chunk 147/207 (71.0%) chunk=17.18 t/s avg=18.46 t/s 7.962s
0824 02:48:16 ds4-server: chat ctx=0..207:207 prefill chunk 148/207 (71.5%) chunk=17.66 t/s avg=18.46 t/s 8.019s
0824 02:48:16 ds4-server: chat ctx=0..207:207 prefill chunk 149/207 (72.0%) chunk=17.96 t/s avg=18.45 t/s 8.074s
0824 02:48:16 ds4-server: chat ctx=0..207:207 prefill chunk 150/207 (72.5%) chunk=17.44 t/s avg=18.45 t/s 8.132s
0824 02:48:16 ds4-server: chat ctx=0..207:207 prefill chunk 151/207 (72.9%) chunk=18.51 t/s avg=18.45 t/s 8.186s
0824 02:48:16 ds4-server: chat ctx=0..207:207 prefill chunk 152/207 (73.4%) chunk=17.58 t/s avg=18.44 t/s 8.242s
0824 02:48:16 ds4-server: chat ctx=0..207:207 prefill chunk 153/207 (73.9%) chunk=17.09 t/s avg=18.43 t/s 8.301s
0824 02:48:16 ds4-server: chat ctx=0..207:207 prefill chunk 154/207 (74.4%) chunk=17.49 t/s avg=18.43 t/s 8.358s
0824 02:48:17 ds4-server: chat ctx=0..207:207 prefill chunk 155/207 (74.9%) chunk=17.79 t/s avg=18.42 t/s 8.414s
0824 02:48:17 ds4-server: chat ctx=0..207:207 prefill chunk 156/207 (75.4%) chunk=17.35 t/s avg=18.41 t/s 8.472s
0824 02:48:17 ds4-server: chat ctx=0..207:207 prefill chunk 157/207 (75.8%) chunk=17.12 t/s avg=18.40 t/s 8.530s
0824 02:48:17 ds4-server: chat ctx=0..207:207 prefill chunk 158/207 (76.3%) chunk=18.11 t/s avg=18.40 t/s 8.586s
0824 02:48:17 ds4-server: chat ctx=0..207:207 prefill chunk 159/207 (76.8%) chunk=17.74 t/s avg=18.40 t/s 8.642s
0824 02:48:17 ds4-server: chat ctx=0..207:207 prefill chunk 160/207 (77.3%) chunk=17.32 t/s avg=18.39 t/s 8.700s
0824 02:48:17 ds4-server: chat ctx=0..207:207 prefill chunk 161/207 (77.8%) chunk=18.87 t/s avg=18.39 t/s 8.753s
0824 02:48:17 ds4-server: chat ctx=0..207:207 prefill chunk 162/207 (78.3%) chunk=17.27 t/s avg=18.39 t/s 8.811s
0824 02:48:17 ds4-server: chat ctx=0..207:207 prefill chunk 163/207 (78.7%) chunk=16.99 t/s avg=18.38 t/s 8.870s
0824 02:48:17 ds4-server: chat ctx=0..207:207 prefill chunk 164/207 (79.2%) chunk=17.35 t/s avg=18.37 t/s 8.927s
0824 02:48:17 ds4-server: chat ctx=0..207:207 prefill chunk 165/207 (79.7%) chunk=18.25 t/s avg=18.37 t/s 8.982s
0824 02:48:17 ds4-server: chat ctx=0..207:207 prefill chunk 166/207 (80.2%) chunk=17.76 t/s avg=18.37 t/s 9.038s
0824 02:48:17 ds4-server: chat ctx=0..207:207 prefill chunk 167/207 (80.7%) chunk=16.97 t/s avg=18.36 t/s 9.097s
0824 02:48:17 ds4-server: chat ctx=0..207:207 prefill chunk 168/207 (81.2%) chunk=17.91 t/s avg=18.35 t/s 9.153s
0824 02:48:17 ds4-server: chat ctx=0..207:207 prefill chunk 169/207 (81.6%) chunk=17.93 t/s avg=18.35 t/s 9.209s
0824 02:48:17 ds4-server: chat ctx=0..207:207 prefill chunk 170/207 (82.1%) chunk=17.19 t/s avg=18.34 t/s 9.267s
0824 02:48:17 ds4-server: chat ctx=0..207:207 prefill chunk 171/207 (82.6%) chunk=17.07 t/s avg=18.34 t/s 9.326s
0824 02:48:18 ds4-server: chat ctx=0..207:207 prefill chunk 172/207 (83.1%) chunk=18.26 t/s avg=18.34 t/s 9.380s
0824 02:48:18 ds4-server: chat ctx=0..207:207 prefill chunk 173/207 (83.6%) chunk=18.01 t/s avg=18.33 t/s 9.436s
0824 02:48:18 ds4-server: chat ctx=0..207:207 prefill chunk 174/207 (84.1%) chunk=16.94 t/s avg=18.33 t/s 9.495s
0824 02:48:18 ds4-server: chat ctx=0..207:207 prefill chunk 175/207 (84.5%) chunk=16.97 t/s avg=18.32 t/s 9.554s
0824 02:48:18 ds4-server: chat ctx=0..207:207 prefill chunk 176/207 (85.0%) chunk=17.92 t/s avg=18.31 t/s 9.610s
0824 02:48:18 ds4-server: chat ctx=0..207:207 prefill chunk 177/207 (85.5%) chunk=17.08 t/s avg=18.31 t/s 9.668s
0824 02:48:18 ds4-server: chat ctx=0..207:207 prefill chunk 178/207 (86.0%) chunk=17.60 t/s avg=18.30 t/s 9.725s
0824 02:48:18 ds4-server: chat ctx=0..207:207 prefill chunk 179/207 (86.5%) chunk=17.49 t/s avg=18.30 t/s 9.782s
0824 02:48:18 ds4-server: chat ctx=0..207:207 prefill chunk 180/207 (87.0%) chunk=17.20 t/s avg=18.29 t/s 9.840s
0824 02:48:18 ds4-server: chat ctx=0..207:207 prefill chunk 181/207 (87.4%) chunk=17.46 t/s avg=18.29 t/s 9.898s
0824 02:48:18 ds4-server: chat ctx=0..207:207 prefill chunk 182/207 (87.9%) chunk=17.09 t/s avg=18.28 t/s 9.956s
0824 02:48:18 ds4-server: chat ctx=0..207:207 prefill chunk 183/207 (88.4%) chunk=17.39 t/s avg=18.28 t/s 10.014s
0824 02:48:18 ds4-server: chat ctx=0..207:207 prefill chunk 184/207 (88.9%) chunk=17.35 t/s avg=18.27 t/s 10.071s
0824 02:48:18 ds4-server: chat ctx=0..207:207 prefill chunk 185/207 (89.4%) chunk=16.97 t/s avg=18.26 t/s 10.130s
0824 02:48:18 ds4-server: chat ctx=0..207:207 prefill chunk 186/207 (89.9%) chunk=17.43 t/s avg=18.26 t/s 10.188s
0824 02:48:18 ds4-server: chat ctx=0..207:207 prefill chunk 187/207 (90.3%) chunk=18.70 t/s avg=18.26 t/s 10.241s
0824 02:48:18 ds4-server: chat ctx=0..207:207 prefill chunk 188/207 (90.8%) chunk=17.03 t/s avg=18.25 t/s 10.300s
0824 02:48:18 ds4-server: chat ctx=0..207:207 prefill chunk 189/207 (91.3%) chunk=17.16 t/s avg=18.25 t/s 10.358s
0824 02:48:19 ds4-server: chat ctx=0..207:207 prefill chunk 190/207 (91.8%) chunk=17.56 t/s avg=18.24 t/s 10.415s
0824 02:48:19 ds4-server: chat ctx=0..207:207 prefill chunk 191/207 (92.3%) chunk=17.53 t/s avg=18.24 t/s 10.472s
0824 02:48:19 ds4-server: chat ctx=0..207:207 prefill chunk 192/207 (92.8%) chunk=17.14 t/s avg=18.23 t/s 10.530s
0824 02:48:19 ds4-server: chat ctx=0..207:207 prefill chunk 193/207 (93.2%) chunk=18.41 t/s avg=18.23 t/s 10.585s
0824 02:48:19 ds4-server: chat ctx=0..207:207 prefill chunk 194/207 (93.7%) chunk=17.16 t/s avg=18.23 t/s 10.643s
0824 02:48:19 ds4-server: chat ctx=0..207:207 prefill chunk 195/207 (94.2%) chunk=17.54 t/s avg=18.22 t/s 10.700s
0824 02:48:19 ds4-server: chat ctx=0..207:207 prefill chunk 196/207 (94.7%) chunk=17.70 t/s avg=18.22 t/s 10.756s
0824 02:48:19 ds4-server: chat ctx=0..207:207 prefill chunk 197/207 (95.2%) chunk=17.58 t/s avg=18.22 t/s 10.813s
0824 02:48:19 ds4-server: chat ctx=0..207:207 prefill chunk 198/207 (95.7%) chunk=17.33 t/s avg=18.21 t/s 10.871s
0824 02:48:19 ds4-server: chat ctx=0..207:207 prefill chunk 199/207 (96.1%) chunk=17.77 t/s avg=18.21 t/s 10.927s
0824 02:48:19 ds4-server: chat ctx=0..207:207 prefill chunk 200/207 (96.6%) chunk=18.27 t/s avg=18.21 t/s 10.982s
0824 02:48:19 ds4-server: chat ctx=0..207:207 prefill chunk 201/207 (97.1%) chunk=18.38 t/s avg=18.21 t/s 11.036s
0824 02:48:19 ds4-server: chat ctx=0..207:207 prefill chunk 202/207 (97.6%) chunk=17.72 t/s avg=18.21 t/s 11.093s
0824 02:48:19 ds4-server: chat ctx=0..207:207 prefill chunk 203/207 (98.1%) chunk=18.72 t/s avg=18.21 t/s 11.146s
0824 02:48:19 ds4-server: chat ctx=0..207:207 prefill chunk 204/207 (98.6%) chunk=19.21 t/s avg=18.22 t/s 11.198s
0824 02:48:19 ds4-server: chat ctx=0..207:207 prefill chunk 205/207 (99.0%) chunk=17.56 t/s avg=18.21 t/s 11.255s
0824 02:48:19 ds4-server: chat ctx=0..207:207 prefill chunk 206/207 (99.5%) chunk=19.73 t/s avg=18.22 t/s 11.306s
0824 02:48:19 ds4-server: chat ctx=0..207:207 prefill chunk 207/207 (100.0%) chunk=19.42 t/s avg=18.23 t/s 11.357s
0824 02:48:19 ds4-server: chat ctx=0..207:207 prompt done 11.357s
ds4: qwen35moe experts/token avg over 128 tokens: 0:13.6 1:13.8 2:14.9 3:15.9 4:16.4 5:16.1 6:16.0 7:16.7 8:16.5 9:17.5 10:15.6 11:15.6 12:15.8 13:16.0 14:16.0 15:16.7 16:16.8 17:16.0 18:16.1 19:15.9 20:17.0 21:16.8 22:15.5 23:16.3 24:15.9 25:15.2 26:16.1 27:16.5 28:17.3 29:17.3 30:17.2 31:17.8 32:17.5 33:18.2 34:17.5 35:18.7 36:19.0 37:19.5 38:19.7 39:19.3 | mean 16.7
0824 02:48:22 ds4-server: chat ctx=207..257:50 gen=50 THINKING decoding chunk=18.37 t/s avg=18.37 t/s 2.722s
0824 02:48:25 ds4-server: chat ctx=257..307:50 gen=100 THINKING decoding chunk=17.92 t/s avg=18.14 t/s 5.513s
0824 02:48:28 ds4-server: chat ctx=307..357:50 gen=150 THINKING decoding chunk=17.89 t/s avg=18.06 t/s 8.308s
ds4: qwen35moe experts/token avg over 128 tokens: 0:13.8 1:14.6 2:15.6 3:15.9 4:15.4 5:15.9 6:15.1 7:16.3 8:16.4 9:16.6 10:14.7 11:14.8 12:15.5 13:15.4 14:15.7 15:16.4 16:16.0 17:16.4 18:15.7 19:14.3 20:16.6 21:15.6 22:14.8 23:14.9 24:16.1 25:15.4 26:16.5 27:16.1 28:16.0 29:16.2 30:17.1 31:17.0 32:16.4 33:16.0 34:15.7 35:16.9 36:17.9 37:18.8 38:19.5 39:18.4 | mean 16.1
0824 02:48:31 ds4-server: chat ctx=357..407:50 gen=200 THINKING decoding chunk=17.71 t/s avg=17.97 t/s 11.131s
0824 02:48:33 ds4-server: chat ctx=407..457:50 gen=250 THINKING decoding chunk=17.58 t/s avg=17.89 t/s 13.976s
ds4: qwen35moe experts/token avg over 128 tokens: 0:13.8 1:15.5 2:15.9 3:16.7 4:16.5 5:16.5 6:15.9 7:16.5 8:17.1 9:17.4 10:15.1 11:15.3 12:16.2 13:16.1 14:15.4 15:16.7 16:15.9 17:17.0 18:15.6 19:15.6 20:16.7 21:16.9 22:15.9 23:15.6 24:16.2 25:16.0 26:16.4 27:17.0 28:16.7 29:16.9 30:16.5 31:17.5 32:16.3 33:16.3 34:16.5 35:17.3 36:18.3 37:18.3 38:19.3 39:18.5 | mean 16.5
0824 02:48:36 ds4-server: chat ctx=457..507:50 gen=300 THINKING decoding chunk=17.27 t/s avg=17.78 t/s 16.870s
0824 02:48:39 ds4-server: chat ctx=507..557:50 gen=350 THINKING decoding chunk=17.21 t/s avg=17.70 t/s 19.776s
0824 02:48:42 ds4-server: chat ctx=557..607:50 gen=400 THINKING decoding chunk=16.83 t/s avg=17.58 t/s 22.748s
ds4: qwen35moe experts/token avg over 128 tokens: 0:14.1 1:15.5 2:16.4 3:17.3 4:16.9 5:16.7 6:17.1 7:18.1 8:18.2 9:17.6 10:16.8 11:16.3 12:17.1 13:17.5 14:17.1 15:17.2 16:17.7 17:17.2 18:16.3 19:17.3 20:17.8 21:17.9 22:16.3 23:16.7 24:17.4 25:16.9 26:17.8 27:17.3 28:17.7 29:17.5 30:17.5 31:18.3 32:17.3 33:17.6 34:17.3 35:18.9 36:19.0 37:19.4 38:19.7 39:19.3 | mean 17.4
0824 02:48:45 ds4-server: chat ctx=607..657:50 gen=450 THINKING decoding chunk=16.52 t/s avg=17.46 t/s 25.774s
0824 02:48:48 ds4-server: chat ctx=657..707:50 gen=500 THINKING decoding chunk=16.73 t/s avg=17.38 t/s 28.763s
ds4: qwen35moe experts/token avg over 128 tokens: 0:14.2 1:15.6 2:16.5 3:17.8 4:17.1 5:17.7 6:17.6 7:18.4 8:18.7 9:17.9 10:16.8 11:16.4 12:17.3 13:17.5 14:17.7 15:17.7 16:18.2 17:17.5 18:17.4 19:17.6 20:18.4 21:18.3 22:16.8 23:17.1 24:17.3 25:17.3 26:17.0 27:17.8 28:18.0 29:17.6 30:17.8 31:18.3 32:17.9 33:18.2 34:17.8 35:18.4 36:18.8 37:19.4 38:19.5 39:19.1 | mean 17.7
0824 02:48:51 ds4-server: chat ctx=707..757:50 gen=550 THINKING decoding chunk=17.08 t/s avg=17.36 t/s 31.690s
0824 02:48:54 ds4-server: chat ctx=757..807:50 gen=600 THINKING decoding chunk=17.06 t/s avg=17.33 t/s 34.621s
0824 02:48:57 ds4-server: chat ctx=807..857:50 gen=650 THINKING decoding chunk=17.08 t/s avg=17.31 t/s 37.549s
ds4: qwen35moe experts/token avg over 128 tokens: 0:14.4 1:16.1 2:15.7 3:16.9 4:16.3 5:16.7 6:16.6 7:17.6 8:18.2 9:17.6 10:15.7 11:15.1 12:16.6 13:16.7 14:16.2 15:16.7 16:16.4 17:16.9 18:15.8 19:16.2 20:17.0 21:17.2 22:15.6 23:15.6 24:16.3 25:16.1 26:16.3 27:16.7 28:16.7 29:16.5 30:16.5 31:16.8 32:15.6 33:16.1 34:15.7 35:17.0 36:17.1 37:17.9 38:19.1 39:17.7 | mean 16.5
0824 02:49:00 ds4-server: chat ctx=857..907:50 gen=700 THINKING decoding chunk=16.99 t/s avg=17.29 t/s 40.492s
0824 02:49:03 ds4-server: chat ctx=907..957:50 gen=750 THINKING decoding chunk=16.79 t/s avg=17.25 t/s 43.469s
0824 02:49:06 ds4-server: chat ctx=957..1007:50 gen=800 THINKING decoding chunk=16.59 t/s avg=17.21 t/s 46.484s
ds4: qwen35moe experts/token avg over 128 tokens: 0:13.9 1:15.3 2:15.2 3:16.4 4:15.9 5:16.3 6:15.8 7:16.3 8:17.2 9:16.7 10:15.1 11:15.0 12:16.6 13:16.8 14:15.7 15:15.8 16:15.5 17:15.7 18:15.2 19:15.3 20:16.9 21:16.0 22:15.0 23:15.1 24:15.6 25:16.0 26:15.9 27:15.6 28:16.0 29:15.8 30:15.6 31:16.2 32:15.6 33:15.9 34:15.7 35:17.3 36:17.0 37:18.4 38:18.8 39:17.6 | mean 16.0
0824 02:49:09 ds4-server: chat ctx=1007..1057:50 gen=850 THINKING decoding chunk=16.34 t/s avg=17.16 t/s 49.543s
0824 02:49:12 ds4-server: chat ctx=1057..1107:50 gen=900 THINKING decoding chunk=16.19 t/s avg=17.10 t/s 52.631s
ds4: qwen35moe experts/token avg over 128 tokens: 0:14.3 1:15.9 2:16.2 3:17.9 4:17.4 5:17.5 6:16.8 7:17.9 8:18.4 9:17.8 10:16.6 11:16.1 12:17.1 13:17.5 14:17.6 15:17.7 16:17.5 17:17.2 18:16.9 19:17.6 20:18.0 21:17.9 22:16.4 23:16.6 24:17.4 25:17.0 26:17.3 27:17.2 28:17.5 29:17.7 30:17.7 31:18.0 32:17.3 33:17.1 34:17.1 35:18.0 36:18.2 37:19.0 38:19.3 39:18.7 | mean 17.4
0824 02:49:15 ds4-server: chat ctx=1107..1157:50 gen=950 THINKING decoding chunk=15.70 t/s avg=17.02 t/s 55.815s
0824 02:49:18 ds4-server: chat ctx=1157..1207:50 gen=1000 THINKING decoding chunk=15.76 t/s avg=16.95 t/s 58.987s
0824 02:49:22 ds4-server: chat ctx=1207..1257:50 gen=1050 THINKING decoding chunk=16.13 t/s avg=16.91 t/s 62.086s
ds4: qwen35moe experts/token avg over 128 tokens: 0:14.8 1:16.0 2:16.1 3:17.7 4:17.3 5:17.6 6:17.4 7:17.9 8:18.3 9:17.8 10:16.5 11:16.5 12:16.6 13:17.9 14:18.2 15:18.0 16:17.7 17:17.7 18:17.2 19:17.4 20:18.5 21:18.1 22:16.6 23:16.6 24:17.5 25:17.3 26:17.8 27:17.6 28:17.2 29:17.4 30:17.4 31:18.0 32:17.8 33:17.3 34:16.9 35:18.1 36:18.4 37:19.5 38:19.4 39:18.9 | mean 17.5
0824 02:49:25 ds4-server: chat ctx=1257..1307:50 gen=1100 THINKING decoding chunk=15.79 t/s avg=16.86 t/s 65.254s
0824 02:49:28 ds4-server: chat ctx=1307..1357:50 gen=1150 THINKING decoding chunk=15.65 t/s avg=16.80 t/s 68.449s
ds4: qwen35moe experts/token avg over 128 tokens: 0:14.5 1:16.0 2:16.1 3:16.8 4:17.3 5:17.0 6:16.8 7:17.9 8:18.1 9:18.0 10:16.5 11:15.8 12:17.3 13:17.8 14:17.5 15:17.5 16:17.6 17:17.5 18:17.0 19:17.3 20:17.6 21:17.8 22:16.6 23:15.7 24:17.3 25:17.3 26:17.2 27:17.0 28:16.8 29:16.7 30:16.6 31:17.2 32:15.9 33:16.1 34:16.1 35:17.1 36:17.8 37:18.2 38:19.2 39:18.0 | mean 17.1
0824 02:49:31 ds4-server: chat ctx=1357..1407:50 gen=1200 THINKING decoding chunk=16.25 t/s avg=16.78 t/s 71.525s
0824 02:49:34 ds4-server: chat ctx=1407..1457:50 gen=1250 THINKING decoding chunk=15.92 t/s avg=16.74 t/s 74.667s
0824 02:49:37 ds4-server: chat ctx=1457..1507:50 gen=1300 THINKING decoding chunk=15.97 t/s avg=16.71 t/s 77.798s
ds4: qwen35moe experts/token avg over 128 tokens: 0:14.6 1:15.3 2:15.3 3:16.7 4:15.8 5:16.4 6:15.7 7:17.0 8:17.8 9:17.5 10:14.5 11:15.1 12:15.6 13:15.1 14:15.5 15:16.3 16:16.2 17:15.9 18:15.1 19:16.4 20:16.1 21:16.5 22:14.1 23:15.1 24:14.9 25:15.4 26:15.9 27:15.9 28:16.1 29:16.2 30:15.7 31:16.4 32:15.5 33:15.3 34:14.8 35:17.2 36:16.9 37:18.2 38:18.8 39:17.0 | mean 16.0
0824 02:49:40 ds4-server: chat ctx=1507..1557:50 gen=1350 THINKING decoding chunk=15.92 t/s avg=16.68 t/s 80.938s
0824 02:49:44 ds4-server: chat ctx=1557..1607:50 gen=1400 THINKING decoding chunk=15.71 t/s avg=16.64 t/s 84.121s
ds4: qwen35moe experts/token avg over 128 tokens: 0:14.2 1:15.7 2:15.2 3:16.4 4:16.8 5:16.4 6:16.2 7:17.9 8:17.8 9:17.1 10:15.9 11:14.9 12:16.8 13:15.8 14:16.5 15:16.5 16:16.3 17:16.6 18:16.1 19:16.3 20:17.4 21:16.4 22:16.3 23:15.5 24:16.4 25:15.7 26:16.2 27:15.9 28:16.5 29:16.5 30:16.5 31:17.2 32:16.0 33:16.2 34:15.9 35:17.7 36:17.3 37:17.9 38:19.5 39:17.5 | mean 16.5
0824 02:49:47 ds4-server: chat ctx=1607..1657:50 gen=1450 THINKING decoding chunk=15.48 t/s avg=16.60 t/s 87.350s
0824 02:49:50 ds4-server: chat ctx=1657..1707:50 gen=1500 THINKING decoding chunk=15.66 t/s avg=16.57 t/s 90.543s
0824 02:49:53 ds4-server: chat ctx=1707..1757:50 gen=1550 THINKING decoding chunk=15.28 t/s avg=16.52 t/s 93.816s
ds4: qwen35moe experts/token avg over 128 tokens: 0:14.3 1:15.9 2:15.2 3:16.8 4:16.6 5:17.0 6:17.0 7:17.8 8:18.1 9:18.2 10:16.0 11:15.8 12:16.7 13:16.9 14:16.9 15:17.3 16:17.0 17:16.8 18:16.3 19:17.0 20:17.6 21:17.7 22:16.5 23:16.1 24:16.6 25:16.8 26:16.4 27:16.2 28:16.0 29:16.5 30:15.8 31:17.1 32:16.0 33:15.2 34:15.0 35:17.6 36:16.5 37:18.2 38:18.8 39:16.9 | mean 16.7
0824 02:49:57 ds4-server: chat ctx=1757..1807:50 gen=1600 THINKING decoding chunk=15.01 t/s avg=16.47 t/s 97.148s
0824 02:50:00 ds4-server: chat ctx=1807..1857:50 gen=1650 THINKING decoding chunk=15.27 t/s avg=16.43 t/s 100.422s
ds4: qwen35moe experts/token avg over 128 tokens: 0:14.3 1:15.8 2:15.5 3:17.5 4:16.6 5:16.4 6:16.3 7:17.8 8:18.2 9:17.4 10:16.2 11:15.8 12:16.9 13:17.1 14:17.0 15:17.1 16:17.1 17:16.9 18:16.5 19:16.5 20:17.6 21:17.2 22:16.1 23:15.7 24:16.3 25:16.9 26:16.6 27:16.1 28:16.3 29:16.5 30:16.1 31:17.2 32:15.8 33:15.9 34:15.4 35:17.9 36:17.1 37:18.2 38:19.3 39:17.5 | mean 16.7
0824 02:50:03 ds4-server: chat ctx=1857..1907:50 gen=1700 THINKING decoding chunk=15.38 t/s avg=16.40 t/s 103.673s
0824 02:50:06 ds4-server: chat ctx=1907..1957:50 gen=1750 THINKING decoding chunk=15.39 t/s avg=16.37 t/s 106.921s
0824 02:50:10 ds4-server: chat ctx=1957..2007:50 gen=1800 decoding chunk=15.21 t/s avg=16.33 t/s 110.208s
ds4: qwen35moe experts/token avg over 128 tokens: 0:13.6 1:15.8 2:15.2 3:16.8 4:16.1 5:16.2 6:16.2 7:16.9 8:17.4 9:17.5 10:15.4 11:15.4 12:16.8 13:15.8 14:16.2 15:16.6 16:16.5 17:16.7 18:15.7 19:16.8 20:17.3 21:17.2 22:15.6 23:15.7 24:16.0 25:15.8 26:16.2 27:16.1 28:16.3 29:15.9 30:15.5 31:16.5 32:15.7 33:15.4 34:14.8 35:17.3 36:17.1 37:17.9 38:19.2 39:17.4 | mean 16.3
0824 02:50:13 ds4-server: chat ctx=2007..2057:50 gen=1850 decoding chunk=14.81 t/s avg=16.29 t/s 113.585s
0824 02:50:16 ds4-server: chat ctx=2057..2107:50 gen=1900 decoding chunk=14.67 t/s avg=16.24 t/s 116.992s
0824 02:50:20 ds4-server: chat ctx=2107..2157:50 gen=1950 decoding chunk=14.49 t/s avg=16.19 t/s 120.442s
ds4: qwen35moe experts/token avg over 128 tokens: 0:14.1 1:16.1 2:16.7 3:17.7 4:17.4 5:17.4 6:16.9 7:17.6 8:17.9 9:17.6 10:16.8 11:16.3 12:17.7 13:18.0 14:18.2 15:18.4 16:18.0 17:18.1 18:17.6 19:17.4 20:18.4 21:17.7 22:17.4 23:17.1 24:17.8 25:17.6 26:18.3 27:18.2 28:17.6 29:17.8 30:17.5 31:18.4 32:17.6 33:17.4 34:16.8 35:18.3 36:19.0 37:19.3 38:19.7 39:18.9 | mean 17.7
0824 02:50:23 ds4-server: chat ctx=2157..2207:50 gen=2000 decoding chunk=14.64 t/s avg=16.15 t/s 123.857s
0824 02:50:27 ds4-server: chat ctx=2207..2257:50 gen=2050 decoding chunk=14.47 t/s avg=16.10 t/s 127.314s
ds4: qwen35moe experts/token avg over 128 tokens: 0:14.3 1:16.5 2:16.3 3:17.7 4:17.3 5:17.6 6:17.4 7:18.4 8:18.8 9:18.8 10:16.9 11:16.1 12:17.9 13:18.4 14:18.5 15:18.2 16:18.6 17:17.9 18:17.4 19:18.0 20:18.4 21:18.4 22:16.9 23:16.3 24:18.0 25:18.0 26:18.1 27:18.0 28:17.2 29:16.9 30:16.7 31:18.1 32:16.1 33:16.8 34:16.6 35:18.2 36:18.6 37:19.5 38:19.4 39:18.9 | mean 17.7
0824 02:50:29 ds4-server: chat ctx=2257..2294:37 gen=2087 decoding chunk=14.47 t/s avg=16.07 t/s 129.871s
0824 02:50:29 ds4-server: thinking live checkpoint remembered ctx=0..207:207 live=2294 visible=1969
0824 02:50:29 ds4-server: chat ctx=0..207:207 gen=2087 finish=stop 141.229s
0824 02:50:29 ds4-server: live kv cache miss live=2294 prompt=231 common=52 reason=token-mismatch
0824 02:50:29 ds4-server: chat ctx=0..231:231 prompt start
0824 02:50:29 ds4-server: chat ctx=0..231:231 prefill chunk 1/231 (0.4%) chunk=0.00 t/s avg=19.22 t/s 0.052s
0824 02:50:29 ds4-server: chat ctx=0..231:231 prefill chunk 2/231 (0.9%) chunk=19.59 t/s avg=19.41 t/s 0.103s
0824 02:50:30 ds4-server: chat ctx=0..231:231 prefill chunk 3/231 (1.3%) chunk=19.25 t/s avg=19.35 t/s 0.155s
0824 02:50:30 ds4-server: chat ctx=0..231:231 prefill chunk 4/231 (1.7%) chunk=19.90 t/s avg=19.49 t/s 0.205s
0824 02:50:30 ds4-server: chat ctx=0..231:231 prefill chunk 5/231 (2.2%) chunk=18.98 t/s avg=19.38 t/s 0.258s
0824 02:50:30 ds4-server: chat ctx=0..231:231 prefill chunk 6/231 (2.6%) chunk=19.78 t/s avg=19.45 t/s 0.309s
0824 02:50:30 ds4-server: chat ctx=0..231:231 prefill chunk 7/231 (3.0%) chunk=19.04 t/s avg=19.39 t/s 0.361s
0824 02:50:30 ds4-server: chat ctx=0..231:231 prefill chunk 8/231 (3.5%) chunk=19.23 t/s avg=19.37 t/s 0.413s
0824 02:50:30 ds4-server: chat ctx=0..231:231 prefill chunk 9/231 (3.9%) chunk=19.27 t/s avg=19.36 t/s 0.465s
0824 02:50:30 ds4-server: chat ctx=0..231:231 prefill chunk 10/231 (4.3%) chunk=19.71 t/s avg=19.39 t/s 0.516s
0824 02:50:30 ds4-server: chat ctx=0..231:231 prefill chunk 11/231 (4.8%) chunk=18.87 t/s avg=19.34 t/s 0.569s
0824 02:50:30 ds4-server: chat ctx=0..231:231 prefill chunk 12/231 (5.2%) chunk=18.62 t/s avg=19.28 t/s 0.622s
0824 02:50:30 ds4-server: chat ctx=0..231:231 prefill chunk 13/231 (5.6%) chunk=19.13 t/s avg=19.27 t/s 0.675s
0824 02:50:30 ds4-server: chat ctx=0..231:231 prefill chunk 14/231 (6.1%) chunk=18.54 t/s avg=19.22 t/s 0.729s
0824 02:50:30 ds4-server: chat ctx=0..231:231 prefill chunk 15/231 (6.5%) chunk=19.33 t/s avg=19.22 t/s 0.780s
0824 02:50:30 ds4-server: chat ctx=0..231:231 prefill chunk 16/231 (6.9%) chunk=18.44 t/s avg=19.17 t/s 0.835s
0824 02:50:30 ds4-server: chat ctx=0..231:231 prefill chunk 17/231 (7.4%) chunk=18.46 t/s avg=19.13 t/s 0.889s
0824 02:50:30 ds4-server: chat ctx=0..231:231 prefill chunk 18/231 (7.8%) chunk=19.47 t/s avg=19.15 t/s 0.940s
0824 02:50:30 ds4-server: chat ctx=0..231:231 prefill chunk 19/231 (8.2%) chunk=18.28 t/s avg=19.10 t/s 0.995s
0824 02:50:30 ds4-server: chat ctx=0..231:231 prefill chunk 20/231 (8.7%) chunk=18.61 t/s avg=19.07 t/s 1.049s
0824 02:50:30 ds4-server: chat ctx=0..231:231 prefill chunk 21/231 (9.1%) chunk=18.59 t/s avg=19.05 t/s 1.102s
0824 02:50:31 ds4-server: chat ctx=0..231:231 prefill chunk 22/231 (9.5%) chunk=18.87 t/s avg=19.04 t/s 1.155s
0824 02:50:31 ds4-server: chat ctx=0..231:231 prefill chunk 23/231 (10.0%) chunk=19.72 t/s avg=19.07 t/s 1.206s
0824 02:50:31 ds4-server: chat ctx=0..231:231 prefill chunk 24/231 (10.4%) chunk=18.62 t/s avg=19.05 t/s 1.260s
0824 02:50:31 ds4-server: chat ctx=0..231:231 prefill chunk 25/231 (10.8%) chunk=19.38 t/s avg=19.07 t/s 1.311s
0824 02:50:31 ds4-server: chat ctx=0..231:231 prefill chunk 26/231 (11.3%) chunk=18.95 t/s avg=19.06 t/s 1.364s
0824 02:50:31 ds4-server: chat ctx=0..231:231 prefill chunk 27/231 (11.7%) chunk=19.40 t/s avg=19.07 t/s 1.416s
0824 02:50:31 ds4-server: chat ctx=0..231:231 prefill chunk 28/231 (12.1%) chunk=18.82 t/s avg=19.06 t/s 1.469s
0824 02:50:31 ds4-server: chat ctx=0..231:231 prefill chunk 29/231 (12.6%) chunk=18.27 t/s avg=19.04 t/s 1.524s
0824 02:50:31 ds4-server: chat ctx=0..231:231 prefill chunk 30/231 (13.0%) chunk=19.25 t/s avg=19.04 t/s 1.575s
0824 02:50:31 ds4-server: chat ctx=0..231:231 prefill chunk 31/231 (13.4%) chunk=18.12 t/s avg=19.01 t/s 1.631s
0824 02:50:31 ds4-server: chat ctx=0..231:231 prefill chunk 32/231 (13.9%) chunk=19.08 t/s avg=19.01 t/s 1.683s
0824 02:50:31 ds4-server: chat ctx=0..231:231 prefill chunk 33/231 (14.3%) chunk=18.69 t/s avg=19.00 t/s 1.737s
0824 02:50:31 ds4-server: chat ctx=0..231:231 prefill chunk 34/231 (14.7%) chunk=18.27 t/s avg=18.98 t/s 1.791s
0824 02:50:31 ds4-server: chat ctx=0..231:231 prefill chunk 35/231 (15.2%) chunk=18.34 t/s avg=18.96 t/s 1.846s
0824 02:50:31 ds4-server: chat ctx=0..231:231 prefill chunk 36/231 (15.6%) chunk=18.39 t/s avg=18.95 t/s 1.900s
0824 02:50:31 ds4-server: chat ctx=0..231:231 prefill chunk 37/231 (16.0%) chunk=17.66 t/s avg=18.91 t/s 1.957s
0824 02:50:31 ds4-server: chat ctx=0..231:231 prefill chunk 38/231 (16.5%) chunk=18.00 t/s avg=18.88 t/s 2.012s
0824 02:50:31 ds4-server: chat ctx=0..231:231 prefill chunk 39/231 (16.9%) chunk=18.02 t/s avg=18.86 t/s 2.068s
0824 02:50:31 ds4-server: chat ctx=0..231:231 prefill chunk 40/231 (17.3%) chunk=18.40 t/s avg=18.85 t/s 2.122s
0824 02:50:32 ds4-server: chat ctx=0..231:231 prefill chunk 41/231 (17.7%) chunk=18.84 t/s avg=18.85 t/s 2.175s
0824 02:50:32 ds4-server: chat ctx=0..231:231 prefill chunk 42/231 (18.2%) chunk=18.09 t/s avg=18.83 t/s 2.231s
0824 02:50:32 ds4-server: chat ctx=0..231:231 prefill chunk 43/231 (18.6%) chunk=19.29 t/s avg=18.84 t/s 2.282s
0824 02:50:32 ds4-server: chat ctx=0..231:231 prefill chunk 44/231 (19.0%) chunk=18.75 t/s avg=18.84 t/s 2.336s
0824 02:50:32 ds4-server: chat ctx=0..231:231 prefill chunk 45/231 (19.5%) chunk=18.49 t/s avg=18.83 t/s 2.390s
0824 02:50:32 ds4-server: chat ctx=0..231:231 prefill chunk 46/231 (19.9%) chunk=18.38 t/s avg=18.82 t/s 2.444s
0824 02:50:32 ds4-server: chat ctx=0..231:231 prefill chunk 47/231 (20.3%) chunk=18.06 t/s avg=18.80 t/s 2.500s
0824 02:50:32 ds4-server: chat ctx=0..231:231 prefill chunk 48/231 (20.8%) chunk=18.23 t/s avg=18.79 t/s 2.554s
0824 02:50:32 ds4-server: chat ctx=0..231:231 prefill chunk 49/231 (21.2%) chunk=18.63 t/s avg=18.79 t/s 2.608s
0824 02:50:32 ds4-server: chat ctx=0..231:231 prefill chunk 50/231 (21.6%) chunk=17.89 t/s avg=18.77 t/s 2.664s
0824 02:50:32 ds4-server: chat ctx=0..231:231 prefill chunk 51/231 (22.1%) chunk=17.97 t/s avg=18.75 t/s 2.720s
0824 02:50:32 ds4-server: chat ctx=0..231:231 prefill chunk 52/231 (22.5%) chunk=18.83 t/s avg=18.75 t/s 2.773s
0824 02:50:32 ds4-server: chat ctx=0..231:231 prefill chunk 53/231 (22.9%) chunk=18.54 t/s avg=18.75 t/s 2.827s
0824 02:50:32 ds4-server: chat ctx=0..231:231 prefill chunk 54/231 (23.4%) chunk=19.56 t/s avg=18.76 t/s 2.878s
0824 02:50:32 ds4-server: chat ctx=0..231:231 prefill chunk 55/231 (23.8%) chunk=18.63 t/s avg=18.76 t/s 2.932s
0824 02:50:32 ds4-server: chat ctx=0..231:231 prefill chunk 56/231 (24.2%) chunk=18.79 t/s avg=18.76 t/s 2.985s
0824 02:50:32 ds4-server: chat ctx=0..231:231 prefill chunk 57/231 (24.7%) chunk=18.31 t/s avg=18.75 t/s 3.039s
0824 02:50:32 ds4-server: chat ctx=0..231:231 prefill chunk 58/231 (25.1%) chunk=18.77 t/s avg=18.75 t/s 3.093s
0824 02:50:32 ds4-server: chat ctx=0..231:231 prefill chunk 59/231 (25.5%) chunk=19.80 t/s avg=18.77 t/s 3.143s
0824 02:50:33 ds4-server: chat ctx=0..231:231 prefill chunk 60/231 (26.0%) chunk=19.15 t/s avg=18.78 t/s 3.195s
0824 02:50:33 ds4-server: chat ctx=0..231:231 prefill chunk 61/231 (26.4%) chunk=20.07 t/s avg=18.80 t/s 3.245s
0824 02:50:33 ds4-server: chat ctx=0..231:231 prefill chunk 62/231 (26.8%) chunk=19.10 t/s avg=18.80 t/s 3.298s
0824 02:50:33 ds4-server: chat ctx=0..231:231 prefill chunk 63/231 (27.3%) chunk=19.94 t/s avg=18.82 t/s 3.348s
0824 02:50:33 ds4-server: chat ctx=0..231:231 prefill chunk 64/231 (27.7%) chunk=19.71 t/s avg=18.83 t/s 3.398s
0824 02:50:33 ds4-server: chat ctx=0..231:231 prefill chunk 65/231 (28.1%) chunk=18.89 t/s avg=18.83 t/s 3.451s
0824 02:50:33 ds4-server: chat ctx=0..231:231 prefill chunk 66/231 (28.6%) chunk=18.49 t/s avg=18.83 t/s 3.505s
0824 02:50:33 ds4-server: chat ctx=0..231:231 prefill chunk 67/231 (29.0%) chunk=18.06 t/s avg=18.82 t/s 3.561s
0824 02:50:33 ds4-server: chat ctx=0..231:231 prefill chunk 68/231 (29.4%) chunk=19.07 t/s avg=18.82 t/s 3.613s
0824 02:50:33 ds4-server: chat ctx=0..231:231 prefill chunk 69/231 (29.9%) chunk=18.08 t/s avg=18.81 t/s 3.669s
0824 02:50:33 ds4-server: chat ctx=0..231:231 prefill chunk 70/231 (30.3%) chunk=17.96 t/s avg=18.80 t/s 3.724s
0824 02:50:33 ds4-server: chat ctx=0..231:231 prefill chunk 71/231 (30.7%) chunk=18.27 t/s avg=18.79 t/s 3.779s
0824 02:50:33 ds4-server: chat ctx=0..231:231 prefill chunk 72/231 (31.2%) chunk=18.25 t/s avg=18.78 t/s 3.834s
0824 02:50:33 ds4-server: chat ctx=0..231:231 prefill chunk 73/231 (31.6%) chunk=17.76 t/s avg=18.77 t/s 3.890s
0824 02:50:33 ds4-server: chat ctx=0..231:231 prefill chunk 74/231 (32.0%) chunk=18.12 t/s avg=18.76 t/s 3.945s
0824 02:50:33 ds4-server: chat ctx=0..231:231 prefill chunk 75/231 (32.5%) chunk=18.16 t/s avg=18.75 t/s 4.000s
0824 02:50:33 ds4-server: chat ctx=0..231:231 prefill chunk 76/231 (32.9%) chunk=17.43 t/s avg=18.73 t/s 4.058s
0824 02:50:33 ds4-server: chat ctx=0..231:231 prefill chunk 77/231 (33.3%) chunk=18.71 t/s avg=18.73 t/s 4.111s
0824 02:50:34 ds4-server: chat ctx=0..231:231 prefill chunk 78/231 (33.8%) chunk=18.13 t/s avg=18.72 t/s 4.166s
0824 02:50:34 ds4-server: chat ctx=0..231:231 prefill chunk 79/231 (34.2%) chunk=18.49 t/s avg=18.72 t/s 4.220s
0824 02:50:34 ds4-server: chat ctx=0..231:231 prefill chunk 80/231 (34.6%) chunk=18.32 t/s avg=18.71 t/s 4.275s
0824 02:50:34 ds4-server: chat ctx=0..231:231 prefill chunk 81/231 (35.1%) chunk=18.26 t/s avg=18.71 t/s 4.330s
0824 02:50:34 ds4-server: chat ctx=0..231:231 prefill chunk 82/231 (35.5%) chunk=18.93 t/s avg=18.71 t/s 4.383s
0824 02:50:34 ds4-server: chat ctx=0..231:231 prefill chunk 83/231 (35.9%) chunk=17.83 t/s avg=18.70 t/s 4.439s
0824 02:50:34 ds4-server: chat ctx=0..231:231 prefill chunk 84/231 (36.4%) chunk=18.28 t/s avg=18.69 t/s 4.493s
0824 02:50:34 ds4-server: chat ctx=0..231:231 prefill chunk 85/231 (36.8%) chunk=19.60 t/s avg=18.70 t/s 4.544s
0824 02:50:34 ds4-server: chat ctx=0..231:231 prefill chunk 86/231 (37.2%) chunk=18.91 t/s avg=18.71 t/s 4.597s
0824 02:50:34 ds4-server: chat ctx=0..231:231 prefill chunk 87/231 (37.7%) chunk=19.17 t/s avg=18.71 t/s 4.649s
0824 02:50:34 ds4-server: chat ctx=0..231:231 prefill chunk 88/231 (38.1%) chunk=19.14 t/s avg=18.72 t/s 4.702s
0824 02:50:34 ds4-server: chat ctx=0..231:231 prefill chunk 89/231 (38.5%) chunk=18.67 t/s avg=18.72 t/s 4.755s
0824 02:50:34 ds4-server: chat ctx=0..231:231 prefill chunk 90/231 (39.0%) chunk=18.98 t/s avg=18.72 t/s 4.808s
0824 02:50:34 ds4-server: chat ctx=0..231:231 prefill chunk 91/231 (39.4%) chunk=17.49 t/s avg=18.70 t/s 4.865s
0824 02:50:34 ds4-server: chat ctx=0..231:231 prefill chunk 92/231 (39.8%) chunk=18.50 t/s avg=18.70 t/s 4.919s
0824 02:50:34 ds4-server: chat ctx=0..231:231 prefill chunk 93/231 (40.3%) chunk=18.67 t/s avg=18.70 t/s 4.973s
0824 02:50:34 ds4-server: chat ctx=0..231:231 prefill chunk 94/231 (40.7%) chunk=18.07 t/s avg=18.69 t/s 5.028s
0824 02:50:34 ds4-server: chat ctx=0..231:231 prefill chunk 95/231 (41.1%) chunk=19.05 t/s avg=18.70 t/s 5.081s
0824 02:50:34 ds4-server: chat ctx=0..231:231 prefill chunk 96/231 (41.6%) chunk=17.96 t/s avg=18.69 t/s 5.136s
0824 02:50:35 ds4-server: chat ctx=0..231:231 prefill chunk 97/231 (42.0%) chunk=17.94 t/s avg=18.68 t/s 5.192s
0824 02:50:35 ds4-server: chat ctx=0..231:231 prefill chunk 98/231 (42.4%) chunk=18.75 t/s avg=18.68 t/s 5.245s
0824 02:50:35 ds4-server: chat ctx=0..231:231 prefill chunk 99/231 (42.9%) chunk=17.99 t/s avg=18.68 t/s 5.301s
0824 02:50:35 ds4-server: chat ctx=0..231:231 prefill chunk 100/231 (43.3%) chunk=18.26 t/s avg=18.67 t/s 5.356s
0824 02:50:35 ds4-server: chat ctx=0..231:231 prefill chunk 101/231 (43.7%) chunk=18.82 t/s avg=18.67 t/s 5.409s
0824 02:50:35 ds4-server: chat ctx=0..231:231 prefill chunk 102/231 (44.2%) chunk=17.86 t/s avg=18.66 t/s 5.465s
0824 02:50:35 ds4-server: chat ctx=0..231:231 prefill chunk 103/231 (44.6%) chunk=17.89 t/s avg=18.66 t/s 5.521s
0824 02:50:35 ds4-server: chat ctx=0..231:231 prefill chunk 104/231 (45.0%) chunk=18.94 t/s avg=18.66 t/s 5.573s
0824 02:50:35 ds4-server: chat ctx=0..231:231 prefill chunk 105/231 (45.5%) chunk=17.77 t/s avg=18.65 t/s 5.630s
0824 02:50:35 ds4-server: chat ctx=0..231:231 prefill chunk 106/231 (45.9%) chunk=18.67 t/s avg=18.65 t/s 5.683s
0824 02:50:35 ds4-server: chat ctx=0..231:231 prefill chunk 107/231 (46.3%) chunk=17.91 t/s avg=18.64 t/s 5.739s
0824 02:50:35 ds4-server: chat ctx=0..231:231 prefill chunk 108/231 (46.8%) chunk=17.82 t/s avg=18.64 t/s 5.795s
0824 02:50:35 ds4-server: chat ctx=0..231:231 prefill chunk 109/231 (47.2%) chunk=19.02 t/s avg=18.64 t/s 5.848s
0824 02:50:35 ds4-server: chat ctx=0..231:231 prefill chunk 110/231 (47.6%) chunk=17.51 t/s avg=18.63 t/s 5.905s
0824 02:50:35 ds4-server: chat ctx=0..231:231 prefill chunk 111/231 (48.1%) chunk=18.10 t/s avg=18.62 t/s 5.960s
0824 02:50:35 ds4-server: chat ctx=0..231:231 prefill chunk 112/231 (48.5%) chunk=18.54 t/s avg=18.62 t/s 6.014s
0824 02:50:35 ds4-server: chat ctx=0..231:231 prefill chunk 113/231 (48.9%) chunk=18.22 t/s avg=18.62 t/s 6.069s
0824 02:50:35 ds4-server: chat ctx=0..231:231 prefill chunk 114/231 (49.4%) chunk=18.05 t/s avg=18.61 t/s 6.124s
0824 02:50:36 ds4-server: chat ctx=0..231:231 prefill chunk 115/231 (49.8%) chunk=18.19 t/s avg=18.61 t/s 6.179s
0824 02:50:36 ds4-server: chat ctx=0..231:231 prefill chunk 116/231 (50.2%) chunk=17.88 t/s avg=18.60 t/s 6.235s
0824 02:50:36 ds4-server: chat ctx=0..231:231 prefill chunk 117/231 (50.6%) chunk=17.87 t/s avg=18.60 t/s 6.291s
0824 02:50:36 ds4-server: chat ctx=0..231:231 prefill chunk 118/231 (51.1%) chunk=18.33 t/s avg=18.59 t/s 6.346s
0824 02:50:36 ds4-server: chat ctx=0..231:231 prefill chunk 119/231 (51.5%) chunk=17.70 t/s avg=18.59 t/s 6.402s
0824 02:50:36 ds4-server: chat ctx=0..231:231 prefill chunk 120/231 (51.9%) chunk=18.18 t/s avg=18.58 t/s 6.457s
0824 02:50:36 ds4-server: chat ctx=0..231:231 prefill chunk 121/231 (52.4%) chunk=18.84 t/s avg=18.59 t/s 6.510s
0824 02:50:36 ds4-server: chat ctx=0..231:231 prefill chunk 122/231 (52.8%) chunk=18.08 t/s avg=18.58 t/s 6.566s
ds4: qwen35moe experts/token avg over 128 tokens: 0:14.1 1:14.4 2:14.0 3:15.4 4:14.8 5:14.9 6:14.7 7:16.1 8:16.5 9:15.6 10:14.6 11:13.9 12:15.2 13:14.8 14:15.5 15:15.1 16:14.5 17:14.9 18:14.9 19:14.6 20:15.8 21:15.6 22:15.1 23:14.3 24:15.2 25:14.9 26:15.4 27:15.3 28:15.2 29:15.9 30:15.5 31:16.5 32:15.8 33:16.3 34:16.4 35:18.5 36:18.5 37:18.7 38:19.3 39:18.9 | mean 15.6
0824 02:50:36 ds4-server: chat ctx=0..231:231 prefill chunk 123/231 (53.2%) chunk=17.16 t/s avg=18.57 t/s 6.624s
0824 02:50:36 ds4-server: chat ctx=0..231:231 prefill chunk 124/231 (53.7%) chunk=18.15 t/s avg=18.57 t/s 6.679s
0824 02:50:36 ds4-server: chat ctx=0..231:231 prefill chunk 125/231 (54.1%) chunk=18.24 t/s avg=18.56 t/s 6.734s
0824 02:50:36 ds4-server: chat ctx=0..231:231 prefill chunk 126/231 (54.5%) chunk=18.23 t/s avg=18.56 t/s 6.789s
0824 02:50:36 ds4-server: chat ctx=0..231:231 prefill chunk 127/231 (55.0%) chunk=18.44 t/s avg=18.56 t/s 6.843s
0824 02:50:36 ds4-server: chat ctx=0..231:231 prefill chunk 128/231 (55.4%) chunk=17.87 t/s avg=18.55 t/s 6.899s
0824 02:50:36 ds4-server: chat ctx=0..231:231 prefill chunk 129/231 (55.8%) chunk=18.61 t/s avg=18.55 t/s 6.953s
0824 02:50:36 ds4-server: chat ctx=0..231:231 prefill chunk 130/231 (56.3%) chunk=18.24 t/s avg=18.55 t/s 7.008s
0824 02:50:36 ds4-server: chat ctx=0..231:231 prefill chunk 131/231 (56.7%) chunk=17.90 t/s avg=18.55 t/s 7.063s
0824 02:50:36 ds4-server: chat ctx=0..231:231 prefill chunk 132/231 (57.1%) chunk=18.51 t/s avg=18.55 t/s 7.117s
0824 02:50:37 ds4-server: chat ctx=0..231:231 prefill chunk 133/231 (57.6%) chunk=18.48 t/s avg=18.55 t/s 7.172s
0824 02:50:37 ds4-server: chat ctx=0..231:231 prefill chunk 134/231 (58.0%) chunk=18.10 t/s avg=18.54 t/s 7.227s
0824 02:50:37 ds4-server: chat ctx=0..231:231 prefill chunk 135/231 (58.4%) chunk=18.20 t/s avg=18.54 t/s 7.282s
0824 02:50:37 ds4-server: chat ctx=0..231:231 prefill chunk 136/231 (58.9%) chunk=18.04 t/s avg=18.54 t/s 7.337s
0824 02:50:37 ds4-server: chat ctx=0..231:231 prefill chunk 137/231 (59.3%) chunk=18.70 t/s avg=18.54 t/s 7.391s
0824 02:50:37 ds4-server: chat ctx=0..231:231 prefill chunk 138/231 (59.7%) chunk=18.42 t/s avg=18.54 t/s 7.445s
0824 02:50:37 ds4-server: chat ctx=0..231:231 prefill chunk 139/231 (60.2%) chunk=17.31 t/s avg=18.53 t/s 7.503s
0824 02:50:37 ds4-server: chat ctx=0..231:231 prefill chunk 140/231 (60.6%) chunk=17.40 t/s avg=18.52 t/s 7.560s
0824 02:50:37 ds4-server: chat ctx=0..231:231 prefill chunk 141/231 (61.0%) chunk=18.88 t/s avg=18.52 t/s 7.613s
0824 02:50:37 ds4-server: chat ctx=0..231:231 prefill chunk 142/231 (61.5%) chunk=17.67 t/s avg=18.51 t/s 7.670s
0824 02:50:37 ds4-server: chat ctx=0..231:231 prefill chunk 143/231 (61.9%) chunk=17.61 t/s avg=18.51 t/s 7.727s
0824 02:50:37 ds4-server: chat ctx=0..231:231 prefill chunk 144/231 (62.3%) chunk=18.85 t/s avg=18.51 t/s 7.780s
0824 02:50:37 ds4-server: chat ctx=0..231:231 prefill chunk 145/231 (62.8%) chunk=17.50 t/s avg=18.50 t/s 7.837s
0824 02:50:37 ds4-server: chat ctx=0..231:231 prefill chunk 146/231 (63.2%) chunk=17.71 t/s avg=18.50 t/s 7.893s
0824 02:50:37 ds4-server: chat ctx=0..231:231 prefill chunk 147/231 (63.6%) chunk=18.85 t/s avg=18.50 t/s 7.946s
0824 02:50:37 ds4-server: chat ctx=0..231:231 prefill chunk 148/231 (64.1%) chunk=17.95 t/s avg=18.50 t/s 8.002s
0824 02:50:37 ds4-server: chat ctx=0..231:231 prefill chunk 149/231 (64.5%) chunk=17.68 t/s avg=18.49 t/s 8.059s
0824 02:50:37 ds4-server: chat ctx=0..231:231 prefill chunk 150/231 (64.9%) chunk=18.13 t/s avg=18.49 t/s 8.114s
0824 02:50:38 ds4-server: chat ctx=0..231:231 prefill chunk 151/231 (65.4%) chunk=18.37 t/s avg=18.49 t/s 8.168s
0824 02:50:38 ds4-server: chat ctx=0..231:231 prefill chunk 152/231 (65.8%) chunk=18.25 t/s avg=18.48 t/s 8.223s
0824 02:50:38 ds4-server: chat ctx=0..231:231 prefill chunk 153/231 (66.2%) chunk=18.26 t/s avg=18.48 t/s 8.278s
0824 02:50:38 ds4-server: chat ctx=0..231:231 prefill chunk 154/231 (66.7%) chunk=17.23 t/s avg=18.47 t/s 8.336s
0824 02:50:38 ds4-server: chat ctx=0..231:231 prefill chunk 155/231 (67.1%) chunk=17.79 t/s avg=18.47 t/s 8.392s
0824 02:50:38 ds4-server: chat ctx=0..231:231 prefill chunk 156/231 (67.5%) chunk=18.95 t/s avg=18.47 t/s 8.445s
0824 02:50:38 ds4-server: chat ctx=0..231:231 prefill chunk 157/231 (68.0%) chunk=18.00 t/s avg=18.47 t/s 8.500s
0824 02:50:38 ds4-server: chat ctx=0..231:231 prefill chunk 158/231 (68.4%) chunk=18.12 t/s avg=18.47 t/s 8.556s
0824 02:50:38 ds4-server: chat ctx=0..231:231 prefill chunk 159/231 (68.8%) chunk=18.87 t/s avg=18.47 t/s 8.609s
0824 02:50:38 ds4-server: chat ctx=0..231:231 prefill chunk 160/231 (69.3%) chunk=18.38 t/s avg=18.47 t/s 8.663s
0824 02:50:38 ds4-server: chat ctx=0..231:231 prefill chunk 161/231 (69.7%) chunk=18.82 t/s avg=18.47 t/s 8.716s
0824 02:50:38 ds4-server: chat ctx=0..231:231 prefill chunk 162/231 (70.1%) chunk=17.77 t/s avg=18.47 t/s 8.772s
0824 02:50:38 ds4-server: chat ctx=0..231:231 prefill chunk 163/231 (70.6%) chunk=17.63 t/s avg=18.46 t/s 8.829s
0824 02:50:38 ds4-server: chat ctx=0..231:231 prefill chunk 164/231 (71.0%) chunk=18.33 t/s avg=18.46 t/s 8.884s
0824 02:50:38 ds4-server: chat ctx=0..231:231 prefill chunk 165/231 (71.4%) chunk=18.05 t/s avg=18.46 t/s 8.939s
0824 02:50:38 ds4-server: chat ctx=0..231:231 prefill chunk 166/231 (71.9%) chunk=18.40 t/s avg=18.46 t/s 8.993s
0824 02:50:38 ds4-server: chat ctx=0..231:231 prefill chunk 167/231 (72.3%) chunk=18.46 t/s avg=18.46 t/s 9.048s
0824 02:50:38 ds4-server: chat ctx=0..231:231 prefill chunk 168/231 (72.7%) chunk=17.21 t/s avg=18.45 t/s 9.106s
0824 02:50:39 ds4-server: chat ctx=0..231:231 prefill chunk 169/231 (73.2%) chunk=17.24 t/s avg=18.44 t/s 9.164s
0824 02:50:39 ds4-server: chat ctx=0..231:231 prefill chunk 170/231 (73.6%) chunk=18.62 t/s avg=18.44 t/s 9.217s
0824 02:50:39 ds4-server: chat ctx=0..231:231 prefill chunk 171/231 (74.0%) chunk=18.32 t/s avg=18.44 t/s 9.272s
0824 02:50:39 ds4-server: chat ctx=0..231:231 prefill chunk 172/231 (74.5%) chunk=18.14 t/s avg=18.44 t/s 9.327s
0824 02:50:39 ds4-server: chat ctx=0..231:231 prefill chunk 173/231 (74.9%) chunk=18.23 t/s avg=18.44 t/s 9.382s
0824 02:50:39 ds4-server: chat ctx=0..231:231 prefill chunk 174/231 (75.3%) chunk=18.09 t/s avg=18.44 t/s 9.437s
0824 02:50:39 ds4-server: chat ctx=0..231:231 prefill chunk 175/231 (75.8%) chunk=17.73 t/s avg=18.43 t/s 9.494s
0824 02:50:39 ds4-server: chat ctx=0..231:231 prefill chunk 176/231 (76.2%) chunk=18.28 t/s avg=18.43 t/s 9.548s
0824 02:50:39 ds4-server: chat ctx=0..231:231 prefill chunk 177/231 (76.6%) chunk=17.59 t/s avg=18.43 t/s 9.605s
0824 02:50:39 ds4-server: chat ctx=0..231:231 prefill chunk 178/231 (77.1%) chunk=17.73 t/s avg=18.42 t/s 9.662s
0824 02:50:39 ds4-server: chat ctx=0..231:231 prefill chunk 179/231 (77.5%) chunk=18.17 t/s avg=18.42 t/s 9.717s
0824 02:50:39 ds4-server: chat ctx=0..231:231 prefill chunk 180/231 (77.9%) chunk=17.96 t/s avg=18.42 t/s 9.772s
0824 02:50:39 ds4-server: chat ctx=0..231:231 prefill chunk 181/231 (78.4%) chunk=17.42 t/s avg=18.41 t/s 9.830s
0824 02:50:39 ds4-server: chat ctx=0..231:231 prefill chunk 182/231 (78.8%) chunk=17.96 t/s avg=18.41 t/s 9.885s
0824 02:50:39 ds4-server: chat ctx=0..231:231 prefill chunk 183/231 (79.2%) chunk=18.30 t/s avg=18.41 t/s 9.940s
0824 02:50:39 ds4-server: chat ctx=0..231:231 prefill chunk 184/231 (79.7%) chunk=17.67 t/s avg=18.41 t/s 9.997s
0824 02:50:39 ds4-server: chat ctx=0..231:231 prefill chunk 185/231 (80.1%) chunk=16.97 t/s avg=18.40 t/s 10.056s
0824 02:50:39 ds4-server: chat ctx=0..231:231 prefill chunk 186/231 (80.5%) chunk=17.65 t/s avg=18.39 t/s 10.112s
0824 02:50:40 ds4-server: chat ctx=0..231:231 prefill chunk 187/231 (81.0%) chunk=17.89 t/s avg=18.39 t/s 10.168s
0824 02:50:40 ds4-server: chat ctx=0..231:231 prefill chunk 188/231 (81.4%) chunk=17.05 t/s avg=18.38 t/s 10.227s
0824 02:50:40 ds4-server: chat ctx=0..231:231 prefill chunk 189/231 (81.8%) chunk=18.35 t/s avg=18.38 t/s 10.281s
0824 02:50:40 ds4-server: chat ctx=0..231:231 prefill chunk 190/231 (82.3%) chunk=18.26 t/s avg=18.38 t/s 10.336s
0824 02:50:40 ds4-server: chat ctx=0..231:231 prefill chunk 191/231 (82.7%) chunk=18.15 t/s avg=18.38 t/s 10.391s
0824 02:50:40 ds4-server: chat ctx=0..231:231 prefill chunk 192/231 (83.1%) chunk=18.33 t/s avg=18.38 t/s 10.446s
0824 02:50:40 ds4-server: chat ctx=0..231:231 prefill chunk 193/231 (83.5%) chunk=17.60 t/s avg=18.38 t/s 10.502s
0824 02:50:40 ds4-server: chat ctx=0..231:231 prefill chunk 194/231 (84.0%) chunk=17.62 t/s avg=18.37 t/s 10.559s
0824 02:50:40 ds4-server: chat ctx=0..231:231 prefill chunk 195/231 (84.4%) chunk=18.24 t/s avg=18.37 t/s 10.614s
0824 02:50:40 ds4-server: chat ctx=0..231:231 prefill chunk 196/231 (84.8%) chunk=17.33 t/s avg=18.37 t/s 10.672s
0824 02:50:40 ds4-server: chat ctx=0..231:231 prefill chunk 197/231 (85.3%) chunk=17.82 t/s avg=18.36 t/s 10.728s
0824 02:50:40 ds4-server: chat ctx=0..231:231 prefill chunk 198/231 (85.7%) chunk=18.53 t/s avg=18.36 t/s 10.782s
0824 02:50:40 ds4-server: chat ctx=0..231:231 prefill chunk 199/231 (86.1%) chunk=17.21 t/s avg=18.36 t/s 10.840s
0824 02:50:40 ds4-server: chat ctx=0..231:231 prefill chunk 200/231 (86.6%) chunk=17.16 t/s avg=18.35 t/s 10.898s
0824 02:50:40 ds4-server: chat ctx=0..231:231 prefill chunk 201/231 (87.0%) chunk=17.84 t/s avg=18.35 t/s 10.954s
0824 02:50:40 ds4-server: chat ctx=0..231:231 prefill chunk 202/231 (87.4%) chunk=17.96 t/s avg=18.35 t/s 11.010s
0824 02:50:40 ds4-server: chat ctx=0..231:231 prefill chunk 203/231 (87.9%) chunk=18.37 t/s avg=18.35 t/s 11.064s
0824 02:50:40 ds4-server: chat ctx=0..231:231 prefill chunk 204/231 (88.3%) chunk=17.17 t/s avg=18.34 t/s 11.123s
0824 02:50:41 ds4-server: chat ctx=0..231:231 prefill chunk 205/231 (88.7%) chunk=18.32 t/s avg=18.34 t/s 11.177s
0824 02:50:41 ds4-server: chat ctx=0..231:231 prefill chunk 206/231 (89.2%) chunk=17.94 t/s avg=18.34 t/s 11.233s
0824 02:50:41 ds4-server: chat ctx=0..231:231 prefill chunk 207/231 (89.6%) chunk=17.86 t/s avg=18.34 t/s 11.289s
0824 02:50:41 ds4-server: chat ctx=0..231:231 prefill chunk 208/231 (90.0%) chunk=18.20 t/s avg=18.34 t/s 11.344s
0824 02:50:41 ds4-server: chat ctx=0..231:231 prefill chunk 209/231 (90.5%) chunk=17.88 t/s avg=18.33 t/s 11.400s
0824 02:50:41 ds4-server: chat ctx=0..231:231 prefill chunk 210/231 (90.9%) chunk=17.73 t/s avg=18.33 t/s 11.456s
0824 02:50:41 ds4-server: chat ctx=0..231:231 prefill chunk 211/231 (91.3%) chunk=18.54 t/s avg=18.33 t/s 11.510s
0824 02:50:41 ds4-server: chat ctx=0..231:231 prefill chunk 212/231 (91.8%) chunk=18.04 t/s avg=18.33 t/s 11.566s
0824 02:50:41 ds4-server: chat ctx=0..231:231 prefill chunk 213/231 (92.2%) chunk=17.46 t/s avg=18.33 t/s 11.623s
0824 02:50:41 ds4-server: chat ctx=0..231:231 prefill chunk 214/231 (92.6%) chunk=17.36 t/s avg=18.32 t/s 11.680s
0824 02:50:41 ds4-server: chat ctx=0..231:231 prefill chunk 215/231 (93.1%) chunk=17.43 t/s avg=18.32 t/s 11.738s
0824 02:50:41 ds4-server: chat ctx=0..231:231 prefill chunk 216/231 (93.5%) chunk=17.61 t/s avg=18.31 t/s 11.795s
0824 02:50:41 ds4-server: chat ctx=0..231:231 prefill chunk 217/231 (93.9%) chunk=18.20 t/s avg=18.31 t/s 11.850s
0824 02:50:41 ds4-server: chat ctx=0..231:231 prefill chunk 218/231 (94.4%) chunk=17.28 t/s avg=18.31 t/s 11.907s
0824 02:50:41 ds4-server: chat ctx=0..231:231 prefill chunk 219/231 (94.8%) chunk=17.83 t/s avg=18.31 t/s 11.964s
0824 02:50:41 ds4-server: chat ctx=0..231:231 prefill chunk 220/231 (95.2%) chunk=17.84 t/s avg=18.30 t/s 12.020s
0824 02:50:41 ds4-server: chat ctx=0..231:231 prefill chunk 221/231 (95.7%) chunk=18.39 t/s avg=18.30 t/s 12.074s
0824 02:50:41 ds4-server: chat ctx=0..231:231 prefill chunk 222/231 (96.1%) chunk=17.96 t/s avg=18.30 t/s 12.130s
0824 02:50:42 ds4-server: chat ctx=0..231:231 prefill chunk 223/231 (96.5%) chunk=17.76 t/s avg=18.30 t/s 12.186s
0824 02:50:42 ds4-server: chat ctx=0..231:231 prefill chunk 224/231 (97.0%) chunk=18.73 t/s avg=18.30 t/s 12.239s
0824 02:50:42 ds4-server: chat ctx=0..231:231 prefill chunk 225/231 (97.4%) chunk=18.71 t/s avg=18.30 t/s 12.293s
0824 02:50:42 ds4-server: chat ctx=0..231:231 prefill chunk 226/231 (97.8%) chunk=17.89 t/s avg=18.30 t/s 12.349s
0824 02:50:42 ds4-server: chat ctx=0..231:231 prefill chunk 227/231 (98.3%) chunk=18.23 t/s avg=18.30 t/s 12.403s
0824 02:50:42 ds4-server: chat ctx=0..231:231 prefill chunk 228/231 (98.7%) chunk=18.85 t/s avg=18.30 t/s 12.457s
0824 02:50:42 ds4-server: chat ctx=0..231:231 prefill chunk 229/231 (99.1%) chunk=17.86 t/s avg=18.30 t/s 12.513s
0824 02:50:42 ds4-server: chat ctx=0..231:231 prefill chunk 230/231 (99.6%) chunk=19.13 t/s avg=18.31 t/s 12.565s
0824 02:50:42 ds4-server: chat ctx=0..231:231 prefill chunk 231/231 (100.0%) chunk=19.99 t/s avg=18.31 t/s 12.615s
0824 02:50:42 ds4-server: chat ctx=0..231:231 prompt done 12.615s
ds4: qwen35moe experts/token avg over 128 tokens: 0:14.3 1:14.5 2:14.9 3:16.1 4:15.2 5:14.5 6:15.0 7:16.9 8:17.2 9:16.3 10:15.0 11:14.5 12:15.3 13:14.8 14:15.6 15:16.0 16:15.2 17:15.4 18:15.5 19:16.1 20:16.8 21:15.9 22:15.6 23:15.2 24:16.0 25:14.6 26:16.3 27:16.9 28:16.0 29:17.2 30:17.7 31:17.9 32:17.3 33:18.2 34:17.1 35:19.1 36:19.1 37:19.3 38:19.7 39:19.3 | mean 16.3
0824 02:50:45 ds4-server: chat ctx=231..281:50 gen=50 THINKING decoding chunk=18.05 t/s avg=18.05 t/s 2.770s
0824 02:50:48 ds4-server: chat ctx=281..331:50 gen=100 THINKING decoding chunk=17.87 t/s avg=17.96 t/s 5.569s
ds4: qwen35moe experts/token avg over 128 tokens: 0:14.7 1:15.5 2:15.0 3:16.8 4:16.1 5:16.3 6:15.5 7:16.7 8:16.6 9:17.2 10:15.7 11:14.7 12:16.1 13:15.1 14:16.5 15:16.1 16:16.2 17:15.3 18:15.2 19:16.4 20:17.0 21:17.2 22:16.4 23:14.9 24:16.3 25:15.8 26:17.5 27:16.8 28:17.0 29:16.4 30:16.3 31:16.6 32:15.6 33:15.5 34:16.1 35:18.3 36:18.3 37:17.8 38:19.1 39:18.0 | mean 16.4
0824 02:50:50 ds4-server: chat ctx=331..381:50 gen=150 THINKING decoding chunk=17.56 t/s avg=17.82 t/s 8.416s
0824 02:50:53 ds4-server: chat ctx=381..431:50 gen=200 THINKING decoding chunk=17.65 t/s avg=17.78 t/s 11.250s
0824 02:50:56 ds4-server: chat ctx=431..481:50 gen=250 THINKING decoding chunk=17.58 t/s avg=17.74 t/s 14.094s
ds4: qwen35moe experts/token avg over 128 tokens: 0:14.5 1:16.1 2:15.2 3:16.5 4:16.2 5:16.3 6:15.9 7:17.4 8:17.5 9:16.8 10:15.1 11:14.9 12:15.9 13:15.4 14:15.7 15:15.9 16:15.4 17:15.3 18:15.3 19:15.5 20:17.1 21:16.5 22:14.5 23:14.8 24:15.5 25:15.3 26:16.0 27:16.1 28:15.9 29:15.6 30:16.6 31:16.2 32:14.5 33:15.3 34:15.1 35:17.2 36:17.0 37:17.2 38:19.0 39:17.8 | mean 16.0
0824 02:50:59 ds4-server: chat ctx=481..531:50 gen=300 THINKING decoding chunk=17.75 t/s avg=17.74 t/s 16.911s
0824 02:51:02 ds4-server: chat ctx=531..581:50 gen=350 THINKING decoding chunk=17.46 t/s avg=17.70 t/s 19.775s
0824 02:51:05 ds4-server: chat ctx=581..631:50 gen=400 THINKING decoding chunk=17.30 t/s avg=17.65 t/s 22.666s
ds4: qwen35moe experts/token avg over 128 tokens: 0:14.2 1:15.5 2:15.4 3:16.1 4:15.4 5:15.2 6:16.0 7:16.8 8:17.6 9:16.4 10:14.9 11:14.2 12:16.0 13:15.1 14:15.3 15:16.2 16:15.1 17:15.7 18:16.0 19:15.2 20:15.8 21:16.5 22:15.1 23:15.2 24:15.2 25:14.8 26:16.0 27:16.9 28:15.6 29:16.8 30:16.0 31:17.0 32:15.4 33:16.1 34:15.3 35:17.6 36:16.6 37:17.5 38:18.7 39:18.1 | mean 16.0
0824 02:51:08 ds4-server: chat ctx=631..681:50 gen=450 THINKING decoding chunk=17.00 t/s avg=17.57 t/s 25.607s
0824 02:51:11 ds4-server: chat ctx=681..731:50 gen=500 THINKING decoding chunk=17.10 t/s avg=17.52 t/s 28.532s
ds4: qwen35moe experts/token avg over 128 tokens: 0:14.5 1:16.1 2:16.0 3:16.8 4:16.6 5:16.2 6:16.1 7:17.1 8:17.5 9:17.6 10:15.8 11:15.2 12:16.4 13:15.2 14:16.6 15:16.8 16:15.3 17:16.6 18:16.1 19:16.9 20:17.2 21:17.3 22:15.8 23:16.1 24:16.0 25:15.6 26:16.4 27:17.4 28:16.6 29:17.9 30:17.2 31:18.7 32:17.0 33:17.1 34:17.4 35:18.9 36:17.8 37:18.5 38:19.3 39:18.5 | mean 16.8
0824 02:51:13 ds4-server: chat ctx=731..781:50 gen=550 THINKING decoding chunk=16.90 t/s avg=17.47 t/s 31.490s
0824 02:51:16 ds4-server: chat ctx=781..831:50 gen=600 THINKING decoding chunk=16.96 t/s avg=17.42 t/s 34.437s
0824 02:51:19 ds4-server: chat ctx=831..881:50 gen=650 THINKING decoding chunk=16.81 t/s avg=17.37 t/s 37.412s
ds4: qwen35moe experts/token avg over 128 tokens: 0:14.9 1:15.9 2:15.4 3:16.8 4:16.3 5:16.3 6:16.7 7:17.1 8:17.7 9:17.1 10:15.8 11:15.6 12:16.0 13:15.6 14:15.6 15:16.4 16:15.9 17:15.9 18:15.7 19:15.9 20:17.4 21:17.0 22:14.8 23:15.3 24:15.9 25:15.5 26:16.2 27:16.8 28:15.6 29:16.4 30:16.3 31:16.6 32:15.2 33:15.4 34:15.1 35:16.9 36:17.0 37:17.1 38:18.7 39:17.8 | mean 16.2
0824 02:51:22 ds4-server: chat ctx=881..931:50 gen=700 THINKING decoding chunk=16.77 t/s avg=17.33 t/s 40.393s
0824 02:51:25 ds4-server: chat ctx=931..981:50 gen=750 THINKING decoding chunk=16.53 t/s avg=17.27 t/s 43.418s
ds4: qwen35moe experts/token avg over 128 tokens: 0:14.9 1:15.6 2:16.1 3:16.8 4:16.4 5:16.1 6:15.9 7:17.5 8:17.4 9:17.0 10:16.2 11:15.2 12:16.6 13:16.1 14:16.6 15:17.1 16:15.8 17:16.7 18:15.7 19:16.0 20:16.9 21:17.5 22:15.4 23:15.5 24:16.0 25:15.4 26:16.0 27:16.5 28:15.6 29:16.3 30:16.1 31:16.7 32:15.7 33:15.5 34:15.4 35:17.7 36:16.4 37:16.8 38:18.8 39:18.1 | mean 16.4
0824 02:51:28 ds4-server: chat ctx=981..1031:50 gen=800 THINKING decoding chunk=16.75 t/s avg=17.24 t/s 46.402s
0824 02:51:31 ds4-server: chat ctx=1031..1081:50 gen=850 THINKING decoding chunk=16.49 t/s avg=17.19 t/s 49.433s
0824 02:51:34 ds4-server: chat ctx=1081..1131:50 gen=900 THINKING decoding chunk=16.39 t/s avg=17.15 t/s 52.483s
ds4: qwen35moe experts/token avg over 128 tokens: 0:14.9 1:16.0 2:15.7 3:16.1 4:15.9 5:16.1 6:16.4 7:17.0 8:18.3 9:17.5 10:15.9 11:15.6 12:16.3 13:15.6 14:16.1 15:16.5 16:15.7 17:16.5 18:15.6 19:16.8 20:17.7 21:17.4 22:16.2 23:15.9 24:15.8 25:15.9 26:16.3 27:16.8 28:15.9 29:16.5 30:16.2 31:16.9 32:15.4 33:16.1 34:15.8 35:17.0 36:16.9 37:17.7 38:18.7 39:17.7 | mean 16.4
0824 02:51:38 ds4-server: chat ctx=1131..1181:50 gen=950 THINKING decoding chunk=16.07 t/s avg=17.09 t/s 55.596s
0824 02:51:41 ds4-server: chat ctx=1181..1231:50 gen=1000 THINKING decoding chunk=16.17 t/s avg=17.04 t/s 58.687s
ds4: qwen35moe experts/token avg over 128 tokens: 0:14.8 1:15.6 2:16.0 3:17.0 4:15.9 5:16.3 6:16.5 7:17.5 8:18.2 9:17.1 10:16.1 11:15.5 12:16.7 13:15.8 14:16.6 15:17.4 16:16.1 17:17.0 18:16.4 19:16.4 20:17.8 21:17.7 22:16.0 23:15.9 24:16.1 25:15.8 26:17.0 27:16.6 28:15.6 29:16.7 30:16.4 31:17.2 32:16.2 33:15.9 34:15.9 35:18.0 36:17.4 37:17.5 38:19.0 39:17.9 | mean 16.6
0824 02:51:44 ds4-server: chat ctx=1231..1281:50 gen=1050 THINKING decoding chunk=16.31 t/s avg=17.00 t/s 61.753s
0824 02:51:47 ds4-server: chat ctx=1281..1331:50 gen=1100 THINKING decoding chunk=16.31 t/s avg=16.97 t/s 64.818s
0824 02:51:50 ds4-server: chat ctx=1331..1381:50 gen=1150 THINKING decoding chunk=16.12 t/s avg=16.93 t/s 67.918s
ds4: qwen35moe experts/token avg over 128 tokens: 0:14.9 1:14.8 2:14.7 3:16.0 4:16.4 5:15.8 6:15.9 7:16.5 8:16.7 9:16.7 10:15.4 11:14.9 12:15.6 13:15.2 14:15.9 15:16.1 16:16.0 17:15.2 18:15.5 19:15.9 20:16.7 21:16.5 22:15.6 23:15.1 24:16.0 25:15.8 26:16.4 27:16.3 28:15.9 29:15.8 30:15.8 31:16.8 32:15.5 33:15.0 34:15.1 35:17.5 36:16.8 37:16.9 38:18.5 39:17.1 | mean 16.0
0824 02:51:53 ds4-server: chat ctx=1381..1431:50 gen=1200 THINKING decoding chunk=15.86 t/s avg=16.88 t/s 71.071s
0824 02:51:56 ds4-server: chat ctx=1431..1481:50 gen=1250 THINKING decoding chunk=15.73 t/s avg=16.84 t/s 74.250s
ds4: qwen35moe experts/token avg over 128 tokens: 0:15.4 1:16.4 2:16.0 3:16.9 4:16.9 5:17.2 6:17.0 7:18.1 8:18.5 9:17.8 10:16.6 11:15.8 12:16.9 13:16.7 14:17.6 15:17.6 16:16.6 17:17.2 18:16.5 19:17.5 20:18.0 21:18.0 22:16.4 23:17.0 24:16.5 25:16.5 26:16.8 27:17.3 28:16.5 29:17.4 30:16.9 31:17.9 32:16.2 33:16.7 34:16.4 35:18.3 36:17.6 37:17.9 38:18.9 39:18.1 | mean 17.1
0824 02:51:59 ds4-server: chat ctx=1481..1531:50 gen=1300 THINKING decoding chunk=15.46 t/s avg=16.78 t/s 77.485s
0824 02:52:03 ds4-server: chat ctx=1531..1581:50 gen=1350 THINKING decoding chunk=15.53 t/s avg=16.73 t/s 80.704s
0824 02:52:06 ds4-server: chat ctx=1581..1631:50 gen=1400 THINKING decoding chunk=15.43 t/s avg=16.68 t/s 83.944s
ds4: qwen35moe experts/token avg over 128 tokens: 0:15.4 1:16.3 2:15.9 3:17.1 4:17.0 5:17.0 6:17.2 7:18.3 8:17.9 9:17.9 10:16.6 11:15.6 12:16.9 13:16.5 14:17.0 15:17.0 16:17.1 17:16.1 18:16.2 19:16.6 20:17.1 21:17.1 22:16.3 23:15.9 24:16.9 25:17.0 26:17.5 27:17.2 28:16.6 29:16.6 30:16.7 31:17.5 32:15.9 33:16.5 34:16.4 35:18.1 36:18.4 37:18.3 38:19.2 39:18.4 | mean 17.0
0824 02:52:09 ds4-server: chat ctx=1631..1681:50 gen=1450 THINKING decoding chunk=15.54 t/s avg=16.64 t/s 87.162s
0824 02:52:12 ds4-server: chat ctx=1681..1731:50 gen=1500 THINKING decoding chunk=15.49 t/s avg=16.59 t/s 90.391s
0824 02:52:16 ds4-server: chat ctx=1731..1781:50 gen=1550 THINKING decoding chunk=15.31 t/s avg=16.55 t/s 93.656s
ds4: qwen35moe experts/token avg over 128 tokens: 0:15.5 1:16.0 2:16.3 3:17.5 4:17.5 5:16.8 6:17.3 7:18.0 8:18.6 9:17.3 10:15.8 11:15.3 12:16.9 13:16.3 14:16.0 15:16.4 16:16.1 17:16.6 18:17.0 19:16.2 20:17.7 21:17.4 22:15.7 23:15.5 24:16.4 25:15.7 26:16.3 27:17.1 28:15.2 29:16.6 30:16.4 31:17.0 32:15.6 33:16.0 34:15.5 35:17.5 36:17.1 37:17.9 38:18.7 39:18.2 | mean 16.7
0824 02:52:19 ds4-server: chat ctx=1781..1831:50 gen=1600 THINKING decoding chunk=15.56 t/s avg=16.52 t/s 96.869s
0824 02:52:22 ds4-server: chat ctx=1831..1881:50 gen=1650 THINKING decoding chunk=15.44 t/s avg=16.48 t/s 100.108s
ds4: qwen35moe experts/token avg over 128 tokens: 0:14.6 1:15.3 2:15.1 3:16.0 4:15.7 5:15.8 6:15.7 7:16.7 8:17.2 9:16.7 10:15.0 11:14.6 12:15.6 13:15.3 14:15.1 15:15.4 16:15.2 17:15.5 18:14.8 19:15.3 20:16.5 21:16.4 22:15.1 23:14.9 24:15.5 25:15.1 26:15.0 27:15.4 28:15.7 29:16.0 30:15.4 31:16.5 32:15.9 33:14.8 34:15.0 35:17.4 36:16.4 37:17.2 38:18.7 39:17.3 | mean 15.8
0824 02:52:25 ds4-server: chat ctx=1881..1931:50 gen=1700 THINKING decoding chunk=15.44 t/s avg=16.45 t/s 103.346s
0824 02:52:29 ds4-server: chat ctx=1931..1981:50 gen=1750 THINKING decoding chunk=15.24 t/s avg=16.41 t/s 106.628s
0824 02:52:32 ds4-server: chat ctx=1981..2031:50 gen=1800 THINKING decoding chunk=14.86 t/s avg=16.36 t/s 109.993s
ds4: qwen35moe experts/token avg over 128 tokens: 0:15.0 1:16.0 2:15.6 3:16.8 4:16.6 5:16.4 6:16.9 7:17.8 8:18.7 9:17.5 10:16.3 11:15.7 12:17.2 13:16.3 14:16.7 15:17.0 16:16.6 17:16.4 18:16.5 19:16.6 20:17.4 21:17.1 22:16.3 23:15.6 24:16.0 25:16.0 26:17.0 27:16.4 28:16.2 29:16.7 30:15.9 31:16.8 32:15.3 33:15.1 34:14.5 35:17.4 36:16.6 37:17.2 38:18.6 39:16.9 | mean 16.5
0824 02:52:35 ds4-server: chat ctx=2031..2081:50 gen=1850 THINKING decoding chunk=15.03 t/s avg=16.33 t/s 113.320s
0824 02:52:39 ds4-server: chat ctx=2081..2131:50 gen=1900 THINKING decoding chunk=14.79 t/s avg=16.28 t/s 116.701s
ds4: qwen35moe experts/token avg over 128 tokens: 0:15.5 1:15.8 2:16.1 3:17.7 4:17.7 5:17.3 6:17.4 7:18.0 8:18.3 9:18.2 10:16.7 11:15.9 12:17.7 13:16.4 14:17.2 15:17.3 16:17.0 17:16.9 18:17.3 19:16.9 20:17.8 21:17.7 22:16.0 23:15.8 24:17.1 25:16.5 26:17.1 27:17.6 28:16.3 29:16.6 30:16.8 31:17.4 32:15.3 33:16.1 34:16.0 35:17.4 36:17.9 37:17.8 38:19.0 39:18.3 | mean 17.0
0824 02:52:42 ds4-server: chat ctx=2131..2181:50 gen=1950 THINKING decoding chunk=14.84 t/s avg=16.24 t/s 120.070s
0824 02:52:45 ds4-server: chat ctx=2181..2231:50 gen=2000 THINKING decoding chunk=14.61 t/s avg=16.20 t/s 123.493s
0824 02:52:49 ds4-server: chat ctx=2231..2281:50 gen=2050 THINKING decoding chunk=14.73 t/s avg=16.16 t/s 126.886s
ds4: qwen35moe experts/token avg over 128 tokens: 0:14.8 1:15.8 2:15.6 3:16.9 4:17.2 5:16.7 6:16.8 7:18.0 8:18.0 9:17.6 10:16.6 11:15.9 12:17.6 13:17.2 14:17.8 15:17.8 16:17.2 17:17.0 18:16.8 19:16.7 20:17.8 21:17.7 22:16.8 23:16.2 24:16.6 25:16.8 26:17.7 27:17.2 28:17.0 29:17.1 30:16.8 31:17.5 32:16.2 33:16.2 34:16.0 35:17.7 36:17.9 37:18.4 38:19.3 39:18.3 | mean 17.1
0824 02:52:52 ds4-server: chat ctx=2281..2331:50 gen=2100 THINKING decoding chunk=14.54 t/s avg=16.11 t/s 130.324s
0824 02:52:56 ds4-server: chat ctx=2331..2381:50 gen=2150 THINKING decoding chunk=14.87 t/s avg=16.08 t/s 133.687s
ds4: qwen35moe experts/token avg over 128 tokens: 0:14.8 1:15.9 2:15.0 3:16.7 4:16.4 5:15.9 6:16.1 7:17.3 8:17.7 9:17.2 10:15.3 11:15.0 12:16.4 13:15.9 14:16.1 15:16.2 16:15.8 17:15.9 18:15.2 19:15.7 20:16.9 21:16.4 22:15.7 23:15.0 24:15.6 25:16.0 26:15.6 27:15.1 28:15.7 29:15.8 30:15.3 31:16.2 32:15.1 33:15.0 34:14.8 35:17.3 36:17.1 37:17.1 38:18.9 39:17.2 | mean 16.1
0824 02:52:59 ds4-server: chat ctx=2381..2431:50 gen=2200 THINKING decoding chunk=14.62 t/s avg=16.05 t/s 137.107s
0824 02:53:03 ds4-server: chat ctx=2431..2481:50 gen=2250 THINKING decoding chunk=14.48 t/s avg=16.01 t/s 140.560s
0824 02:53:06 ds4-server: chat ctx=2481..2531:50 gen=2300 THINKING decoding chunk=14.18 t/s avg=15.96 t/s 144.086s
ds4: qwen35moe experts/token avg over 128 tokens: 0:15.4 1:16.0 2:15.9 3:17.7 4:17.4 5:17.4 6:17.4 7:18.3 8:18.4 9:17.8 10:16.5 11:15.9 12:17.6 13:16.9 14:17.7 15:17.5 16:17.5 17:16.4 18:16.4 19:16.8 20:17.9 21:18.0 22:16.9 23:16.4 24:17.2 25:16.9 26:18.1 27:17.4 28:16.9 29:16.9 30:16.7 31:18.0 32:16.1 33:15.9 34:15.9 35:17.9 36:18.2 37:18.3 38:19.2 39:18.1 | mean 17.2
0824 02:53:10 ds4-server: chat ctx=2531..2581:50 gen=2350 THINKING decoding chunk=14.24 t/s avg=15.92 t/s 147.597s
0824 02:53:13 ds4-server: chat ctx=2581..2631:50 gen=2400 THINKING decoding chunk=14.21 t/s avg=15.88 t/s 151.116s
0824 02:53:17 ds4-server: chat ctx=2631..2681:50 gen=2450 decoding chunk=14.35 t/s avg=15.85 t/s 154.599s
ds4: qwen35moe experts/token avg over 128 tokens: 0:14.9 1:16.2 2:15.8 3:17.4 4:17.4 5:16.8 6:17.2 7:18.0 8:18.5 9:17.6 10:16.4 11:16.0 12:17.3 13:16.7 14:16.9 15:17.0 16:16.2 17:17.4 18:16.6 19:16.3 20:17.6 21:17.6 22:16.0 23:15.5 24:16.7 25:16.1 26:16.2 27:16.6 28:15.2 29:16.5 30:16.0 31:16.6 32:14.9 33:15.1 34:15.0 35:17.6 36:17.5 37:17.4 38:18.7 39:17.7 | mean 16.7
0824 02:53:20 ds4-server: chat ctx=2681..2731:50 gen=2500 decoding chunk=13.94 t/s avg=15.80 t/s 158.186s
0824 02:53:24 ds4-server: chat ctx=2731..2781:50 gen=2550 decoding chunk=14.07 t/s avg=15.77 t/s 161.740s
ds4: qwen35moe experts/token avg over 128 tokens: 0:15.2 1:15.8 2:16.0 3:17.9 4:17.3 5:17.0 6:17.3 7:18.1 8:18.5 9:17.9 10:16.2 11:16.1 12:17.4 13:17.1 14:17.3 15:17.9 16:17.2 17:16.9 18:16.7 19:17.2 20:18.6 21:18.4 22:16.4 23:15.8 24:17.5 25:16.8 26:17.5 27:17.8 28:16.8 29:17.1 30:16.9 31:17.4 32:15.3 33:15.9 34:15.9 35:17.8 36:17.4 37:18.0 38:19.0 39:18.2 | mean 17.1
0824 02:53:27 ds4-server: chat ctx=2781..2831:50 gen=2600 decoding chunk=14.01 t/s avg=15.73 t/s 165.310s
0824 02:53:31 ds4-server: chat ctx=2831..2881:50 gen=2650 decoding chunk=14.05 t/s avg=15.69 t/s 168.868s
0824 02:53:34 ds4-server: chat ctx=2881..2931:50 gen=2700 decoding chunk=13.79 t/s avg=15.65 t/s 172.492s
ds4: qwen35moe experts/token avg over 128 tokens: 0:15.4 1:16.2 2:16.4 3:17.3 4:17.0 5:16.9 6:16.8 7:18.2 8:18.4 9:17.5 10:16.6 11:16.0 12:17.6 13:17.1 14:17.3 15:17.0 16:16.7 17:16.7 18:17.1 19:16.7 20:17.4 21:18.3 22:16.3 23:15.9 24:16.4 25:15.9 26:16.9 27:17.5 28:15.9 29:16.4 30:16.3 31:17.0 32:15.6 33:16.5 34:15.6 35:17.8 36:17.2 37:18.0 38:18.5 39:18.1 | mean 16.9
0824 02:53:38 ds4-server: chat ctx=2931..2981:50 gen=2750 decoding chunk=13.65 t/s avg=15.61 t/s 176.154s
0824 02:53:38 ds4-server: chat ctx=2981..2984:3 gen=2753 decoding chunk=13.62 t/s avg=15.61 t/s 176.375s
0824 02:53:38 ds4-server: thinking live checkpoint remembered ctx=0..231:231 live=2984 visible=2418
0824 02:53:38 ds4-server: chat ctx=0..231:231 gen=2753 finish=stop 188.990s
0824 02:53:38 ds4-server: live kv cache miss live=2984 prompt=222 common=52 reason=token-mismatch
0824 02:53:38 ds4-server: chat ctx=0..222:222 prompt start
0824 02:53:38 ds4-server: chat ctx=0..222:222 prefill chunk 1/222 (0.5%) chunk=0.00 t/s avg=19.71 t/s 0.051s
0824 02:53:38 ds4-server: chat ctx=0..222:222 prefill chunk 2/222 (0.9%) chunk=19.20 t/s avg=19.45 t/s 0.103s
0824 02:53:39 ds4-server: chat ctx=0..222:222 prefill chunk 3/222 (1.4%) chunk=19.81 t/s avg=19.57 t/s 0.153s
0824 02:53:39 ds4-server: chat ctx=0..222:222 prefill chunk 4/222 (1.8%) chunk=19.03 t/s avg=19.43 t/s 0.206s
0824 02:53:39 ds4-server: chat ctx=0..222:222 prefill chunk 5/222 (2.3%) chunk=19.06 t/s avg=19.36 t/s 0.258s
0824 02:53:39 ds4-server: chat ctx=0..222:222 prefill chunk 6/222 (2.7%) chunk=19.31 t/s avg=19.35 t/s 0.310s
0824 02:53:39 ds4-server: chat ctx=0..222:222 prefill chunk 7/222 (3.2%) chunk=18.95 t/s avg=19.29 t/s 0.363s
0824 02:53:39 ds4-server: chat ctx=0..222:222 prefill chunk 8/222 (3.6%) chunk=19.02 t/s avg=19.26 t/s 0.415s
0824 02:53:39 ds4-server: chat ctx=0..222:222 prefill chunk 9/222 (4.1%) chunk=19.36 t/s avg=19.27 t/s 0.467s
0824 02:53:39 ds4-server: chat ctx=0..222:222 prefill chunk 10/222 (4.5%) chunk=19.55 t/s avg=19.30 t/s 0.518s
0824 02:53:39 ds4-server: chat ctx=0..222:222 prefill chunk 11/222 (5.0%) chunk=18.73 t/s avg=19.24 t/s 0.572s
0824 02:53:39 ds4-server: chat ctx=0..222:222 prefill chunk 12/222 (5.4%) chunk=19.30 t/s avg=19.25 t/s 0.623s
0824 02:53:39 ds4-server: chat ctx=0..222:222 prefill chunk 13/222 (5.9%) chunk=18.62 t/s avg=19.20 t/s 0.677s
0824 02:53:39 ds4-server: chat ctx=0..222:222 prefill chunk 14/222 (6.3%) chunk=18.31 t/s avg=19.13 t/s 0.732s
0824 02:53:39 ds4-server: chat ctx=0..222:222 prefill chunk 15/222 (6.8%) chunk=18.75 t/s avg=19.10 t/s 0.785s
0824 02:53:39 ds4-server: chat ctx=0..222:222 prefill chunk 16/222 (7.2%) chunk=18.46 t/s avg=19.06 t/s 0.839s
0824 02:53:39 ds4-server: chat ctx=0..222:222 prefill chunk 17/222 (7.7%) chunk=18.79 t/s avg=19.05 t/s 0.893s
0824 02:53:39 ds4-server: chat ctx=0..222:222 prefill chunk 18/222 (8.1%) chunk=18.94 t/s avg=19.04 t/s 0.945s
0824 02:53:39 ds4-server: chat ctx=0..222:222 prefill chunk 19/222 (8.6%) chunk=18.10 t/s avg=18.99 t/s 1.001s
0824 02:53:39 ds4-server: chat ctx=0..222:222 prefill chunk 20/222 (9.0%) chunk=18.31 t/s avg=18.95 t/s 1.055s
0824 02:53:39 ds4-server: chat ctx=0..222:222 prefill chunk 21/222 (9.5%) chunk=18.69 t/s avg=18.94 t/s 1.109s
0824 02:53:40 ds4-server: chat ctx=0..222:222 prefill chunk 22/222 (9.9%) chunk=18.75 t/s avg=18.93 t/s 1.162s
0824 02:53:40 ds4-server: chat ctx=0..222:222 prefill chunk 23/222 (10.4%) chunk=19.73 t/s avg=18.97 t/s 1.213s
0824 02:53:40 ds4-server: chat ctx=0..222:222 prefill chunk 24/222 (10.8%) chunk=18.76 t/s avg=18.96 t/s 1.266s
0824 02:53:40 ds4-server: chat ctx=0..222:222 prefill chunk 25/222 (11.3%) chunk=19.40 t/s avg=18.97 t/s 1.318s
0824 02:53:40 ds4-server: chat ctx=0..222:222 prefill chunk 26/222 (11.7%) chunk=18.99 t/s avg=18.97 t/s 1.370s
0824 02:53:40 ds4-server: chat ctx=0..222:222 prefill chunk 27/222 (12.2%) chunk=19.39 t/s avg=18.99 t/s 1.422s
0824 02:53:40 ds4-server: chat ctx=0..222:222 prefill chunk 28/222 (12.6%) chunk=18.85 t/s avg=18.98 t/s 1.475s
0824 02:53:40 ds4-server: chat ctx=0..222:222 prefill chunk 29/222 (13.1%) chunk=18.24 t/s avg=18.96 t/s 1.530s
0824 02:53:40 ds4-server: chat ctx=0..222:222 prefill chunk 30/222 (13.5%) chunk=19.10 t/s avg=18.96 t/s 1.582s
0824 02:53:40 ds4-server: chat ctx=0..222:222 prefill chunk 31/222 (14.0%) chunk=18.11 t/s avg=18.93 t/s 1.637s
0824 02:53:40 ds4-server: chat ctx=0..222:222 prefill chunk 32/222 (14.4%) chunk=18.80 t/s avg=18.93 t/s 1.690s
0824 02:53:40 ds4-server: chat ctx=0..222:222 prefill chunk 33/222 (14.9%) chunk=18.73 t/s avg=18.92 t/s 1.744s
0824 02:53:40 ds4-server: chat ctx=0..222:222 prefill chunk 34/222 (15.3%) chunk=18.23 t/s avg=18.90 t/s 1.799s
0824 02:53:40 ds4-server: chat ctx=0..222:222 prefill chunk 35/222 (15.8%) chunk=18.62 t/s avg=18.89 t/s 1.852s
0824 02:53:40 ds4-server: chat ctx=0..222:222 prefill chunk 36/222 (16.2%) chunk=18.34 t/s avg=18.88 t/s 1.907s
0824 02:53:40 ds4-server: chat ctx=0..222:222 prefill chunk 37/222 (16.7%) chunk=17.22 t/s avg=18.83 t/s 1.965s
0824 02:53:40 ds4-server: chat ctx=0..222:222 prefill chunk 38/222 (17.1%) chunk=18.36 t/s avg=18.82 t/s 2.019s
0824 02:53:40 ds4-server: chat ctx=0..222:222 prefill chunk 39/222 (17.6%) chunk=18.11 t/s avg=18.80 t/s 2.075s
0824 02:53:40 ds4-server: chat ctx=0..222:222 prefill chunk 40/222 (18.0%) chunk=18.30 t/s avg=18.79 t/s 2.129s
0824 02:53:41 ds4-server: chat ctx=0..222:222 prefill chunk 41/222 (18.5%) chunk=18.74 t/s avg=18.78 t/s 2.183s
0824 02:53:41 ds4-server: chat ctx=0..222:222 prefill chunk 42/222 (18.9%) chunk=18.17 t/s avg=18.77 t/s 2.238s
0824 02:53:41 ds4-server: chat ctx=0..222:222 prefill chunk 43/222 (19.4%) chunk=19.58 t/s avg=18.79 t/s 2.289s
0824 02:53:41 ds4-server: chat ctx=0..222:222 prefill chunk 44/222 (19.8%) chunk=18.69 t/s avg=18.78 t/s 2.342s
0824 02:53:41 ds4-server: chat ctx=0..222:222 prefill chunk 45/222 (20.3%) chunk=18.32 t/s avg=18.77 t/s 2.397s
0824 02:53:41 ds4-server: chat ctx=0..222:222 prefill chunk 46/222 (20.7%) chunk=18.62 t/s avg=18.77 t/s 2.451s
0824 02:53:41 ds4-server: chat ctx=0..222:222 prefill chunk 47/222 (21.2%) chunk=18.13 t/s avg=18.76 t/s 2.506s
0824 02:53:41 ds4-server: chat ctx=0..222:222 prefill chunk 48/222 (21.6%) chunk=18.77 t/s avg=18.76 t/s 2.559s
0824 02:53:41 ds4-server: chat ctx=0..222:222 prefill chunk 49/222 (22.1%) chunk=18.49 t/s avg=18.75 t/s 2.613s
0824 02:53:41 ds4-server: chat ctx=0..222:222 prefill chunk 50/222 (22.5%) chunk=18.19 t/s avg=18.74 t/s 2.668s
0824 02:53:41 ds4-server: chat ctx=0..222:222 prefill chunk 51/222 (23.0%) chunk=18.71 t/s avg=18.74 t/s 2.722s
0824 02:53:41 ds4-server: chat ctx=0..222:222 prefill chunk 52/222 (23.4%) chunk=18.12 t/s avg=18.73 t/s 2.777s
0824 02:53:41 ds4-server: chat ctx=0..222:222 prefill chunk 53/222 (23.9%) chunk=18.31 t/s avg=18.72 t/s 2.831s
0824 02:53:41 ds4-server: chat ctx=0..222:222 prefill chunk 54/222 (24.3%) chunk=19.53 t/s avg=18.73 t/s 2.883s
0824 02:53:41 ds4-server: chat ctx=0..222:222 prefill chunk 55/222 (24.8%) chunk=18.80 t/s avg=18.73 t/s 2.936s
0824 02:53:41 ds4-server: chat ctx=0..222:222 prefill chunk 56/222 (25.2%) chunk=19.37 t/s avg=18.75 t/s 2.987s
0824 02:53:41 ds4-server: chat ctx=0..222:222 prefill chunk 57/222 (25.7%) chunk=18.66 t/s avg=18.74 t/s 3.041s
0824 02:53:41 ds4-server: chat ctx=0..222:222 prefill chunk 58/222 (26.1%) chunk=18.02 t/s avg=18.73 t/s 3.097s
0824 02:53:41 ds4-server: chat ctx=0..222:222 prefill chunk 59/222 (26.6%) chunk=19.26 t/s avg=18.74 t/s 3.148s
0824 02:53:42 ds4-server: chat ctx=0..222:222 prefill chunk 60/222 (27.0%) chunk=18.79 t/s avg=18.74 t/s 3.202s
0824 02:53:42 ds4-server: chat ctx=0..222:222 prefill chunk 61/222 (27.5%) chunk=19.83 t/s avg=18.76 t/s 3.252s
0824 02:53:42 ds4-server: chat ctx=0..222:222 prefill chunk 62/222 (27.9%) chunk=19.37 t/s avg=18.77 t/s 3.304s
0824 02:53:42 ds4-server: chat ctx=0..222:222 prefill chunk 63/222 (28.4%) chunk=19.48 t/s avg=18.78 t/s 3.355s
0824 02:53:42 ds4-server: chat ctx=0..222:222 prefill chunk 64/222 (28.8%) chunk=19.53 t/s avg=18.79 t/s 3.406s
0824 02:53:42 ds4-server: chat ctx=0..222:222 prefill chunk 65/222 (29.3%) chunk=20.28 t/s avg=18.81 t/s 3.456s
0824 02:53:42 ds4-server: chat ctx=0..222:222 prefill chunk 66/222 (29.7%) chunk=18.07 t/s avg=18.80 t/s 3.511s
0824 02:53:42 ds4-server: chat ctx=0..222:222 prefill chunk 67/222 (30.2%) chunk=18.37 t/s avg=18.79 t/s 3.565s
0824 02:53:42 ds4-server: chat ctx=0..222:222 prefill chunk 68/222 (30.6%) chunk=18.53 t/s avg=18.79 t/s 3.619s
0824 02:53:42 ds4-server: chat ctx=0..222:222 prefill chunk 69/222 (31.1%) chunk=18.49 t/s avg=18.78 t/s 3.673s
0824 02:53:42 ds4-server: chat ctx=0..222:222 prefill chunk 70/222 (31.5%) chunk=17.95 t/s avg=18.77 t/s 3.729s
0824 02:53:42 ds4-server: chat ctx=0..222:222 prefill chunk 71/222 (32.0%) chunk=18.71 t/s avg=18.77 t/s 3.783s
0824 02:53:42 ds4-server: chat ctx=0..222:222 prefill chunk 72/222 (32.4%) chunk=18.27 t/s avg=18.76 t/s 3.837s
0824 02:53:42 ds4-server: chat ctx=0..222:222 prefill chunk 73/222 (32.9%) chunk=18.87 t/s avg=18.76 t/s 3.890s
0824 02:53:42 ds4-server: chat ctx=0..222:222 prefill chunk 74/222 (33.3%) chunk=18.37 t/s avg=18.76 t/s 3.945s
0824 02:53:42 ds4-server: chat ctx=0..222:222 prefill chunk 75/222 (33.8%) chunk=18.41 t/s avg=18.75 t/s 3.999s
0824 02:53:42 ds4-server: chat ctx=0..222:222 prefill chunk 76/222 (34.2%) chunk=18.69 t/s avg=18.75 t/s 4.053s
0824 02:53:42 ds4-server: chat ctx=0..222:222 prefill chunk 77/222 (34.7%) chunk=18.46 t/s avg=18.75 t/s 4.107s
0824 02:53:43 ds4-server: chat ctx=0..222:222 prefill chunk 78/222 (35.1%) chunk=18.29 t/s avg=18.74 t/s 4.161s
0824 02:53:43 ds4-server: chat ctx=0..222:222 prefill chunk 79/222 (35.6%) chunk=19.46 t/s avg=18.75 t/s 4.213s
0824 02:53:43 ds4-server: chat ctx=0..222:222 prefill chunk 80/222 (36.0%) chunk=18.59 t/s avg=18.75 t/s 4.267s
0824 02:53:43 ds4-server: chat ctx=0..222:222 prefill chunk 81/222 (36.5%) chunk=18.84 t/s avg=18.75 t/s 4.320s
0824 02:53:43 ds4-server: chat ctx=0..222:222 prefill chunk 82/222 (36.9%) chunk=18.70 t/s avg=18.75 t/s 4.373s
ds4: qwen35moe experts/token avg over 128 tokens: 0:14.4 1:15.0 2:14.8 3:16.3 4:16.0 5:15.7 6:15.4 7:16.5 8:17.0 9:16.3 10:14.6 11:14.8 12:16.2 13:15.7 14:16.3 15:15.9 16:15.6 17:15.5 18:15.4 19:15.2 20:16.7 21:16.3 22:15.3 23:15.1 24:15.4 25:15.0 26:15.6 27:15.6 28:15.2 29:16.1 30:15.6 31:16.9 32:15.9 33:16.3 34:15.8 35:18.4 36:18.3 37:18.4 38:19.2 39:18.6 | mean 16.1
0824 02:53:43 ds4-server: chat ctx=0..222:222 prefill chunk 83/222 (37.4%) chunk=19.14 t/s avg=18.76 t/s 4.425s
0824 02:53:43 ds4-server: chat ctx=0..222:222 prefill chunk 84/222 (37.8%) chunk=18.96 t/s avg=18.76 t/s 4.478s
0824 02:53:43 ds4-server: chat ctx=0..222:222 prefill chunk 85/222 (38.3%) chunk=18.35 t/s avg=18.75 t/s 4.533s
0824 02:53:43 ds4-server: chat ctx=0..222:222 prefill chunk 86/222 (38.7%) chunk=18.77 t/s avg=18.75 t/s 4.586s
0824 02:53:43 ds4-server: chat ctx=0..222:222 prefill chunk 87/222 (39.2%) chunk=18.62 t/s avg=18.75 t/s 4.640s
0824 02:53:43 ds4-server: chat ctx=0..222:222 prefill chunk 88/222 (39.6%) chunk=18.10 t/s avg=18.74 t/s 4.695s
0824 02:53:43 ds4-server: chat ctx=0..222:222 prefill chunk 89/222 (40.1%) chunk=19.11 t/s avg=18.75 t/s 4.747s
0824 02:53:43 ds4-server: chat ctx=0..222:222 prefill chunk 90/222 (40.5%) chunk=18.43 t/s avg=18.74 t/s 4.801s
0824 02:53:43 ds4-server: chat ctx=0..222:222 prefill chunk 91/222 (41.0%) chunk=18.72 t/s avg=18.74 t/s 4.855s
0824 02:53:43 ds4-server: chat ctx=0..222:222 prefill chunk 92/222 (41.4%) chunk=18.55 t/s avg=18.74 t/s 4.909s
0824 02:53:43 ds4-server: chat ctx=0..222:222 prefill chunk 93/222 (41.9%) chunk=18.46 t/s avg=18.74 t/s 4.963s
0824 02:53:43 ds4-server: chat ctx=0..222:222 prefill chunk 94/222 (42.3%) chunk=18.46 t/s avg=18.74 t/s 5.017s
0824 02:53:43 ds4-server: chat ctx=0..222:222 prefill chunk 95/222 (42.8%) chunk=18.01 t/s avg=18.73 t/s 5.073s
0824 02:53:43 ds4-server: chat ctx=0..222:222 prefill chunk 96/222 (43.2%) chunk=18.23 t/s avg=18.72 t/s 5.127s
0824 02:53:44 ds4-server: chat ctx=0..222:222 prefill chunk 97/222 (43.7%) chunk=18.79 t/s avg=18.72 t/s 5.181s
0824 02:53:44 ds4-server: chat ctx=0..222:222 prefill chunk 98/222 (44.1%) chunk=18.56 t/s avg=18.72 t/s 5.235s
0824 02:53:44 ds4-server: chat ctx=0..222:222 prefill chunk 99/222 (44.6%) chunk=19.02 t/s avg=18.72 t/s 5.287s
0824 02:53:44 ds4-server: chat ctx=0..222:222 prefill chunk 100/222 (45.0%) chunk=18.64 t/s avg=18.72 t/s 5.341s
0824 02:53:44 ds4-server: chat ctx=0..222:222 prefill chunk 101/222 (45.5%) chunk=17.92 t/s avg=18.72 t/s 5.397s
0824 02:53:44 ds4-server: chat ctx=0..222:222 prefill chunk 102/222 (45.9%) chunk=18.41 t/s avg=18.71 t/s 5.451s
0824 02:53:44 ds4-server: chat ctx=0..222:222 prefill chunk 103/222 (46.4%) chunk=17.85 t/s avg=18.70 t/s 5.507s
0824 02:53:44 ds4-server: chat ctx=0..222:222 prefill chunk 104/222 (46.8%) chunk=18.27 t/s avg=18.70 t/s 5.562s
0824 02:53:44 ds4-server: chat ctx=0..222:222 prefill chunk 105/222 (47.3%) chunk=18.87 t/s avg=18.70 t/s 5.615s
0824 02:53:44 ds4-server: chat ctx=0..222:222 prefill chunk 106/222 (47.7%) chunk=17.75 t/s avg=18.69 t/s 5.671s
0824 02:53:44 ds4-server: chat ctx=0..222:222 prefill chunk 107/222 (48.2%) chunk=18.24 t/s avg=18.69 t/s 5.726s
0824 02:53:44 ds4-server: chat ctx=0..222:222 prefill chunk 108/222 (48.6%) chunk=18.40 t/s avg=18.68 t/s 5.780s
0824 02:53:44 ds4-server: chat ctx=0..222:222 prefill chunk 109/222 (49.1%) chunk=17.69 t/s avg=18.68 t/s 5.837s
0824 02:53:44 ds4-server: chat ctx=0..222:222 prefill chunk 110/222 (49.5%) chunk=18.52 t/s avg=18.67 t/s 5.891s
0824 02:53:44 ds4-server: chat ctx=0..222:222 prefill chunk 111/222 (50.0%) chunk=17.40 t/s avg=18.66 t/s 5.948s
0824 02:53:44 ds4-server: chat ctx=0..222:222 prefill chunk 112/222 (50.5%) chunk=18.08 t/s avg=18.66 t/s 6.003s
0824 02:53:44 ds4-server: chat ctx=0..222:222 prefill chunk 113/222 (50.9%) chunk=18.32 t/s avg=18.65 t/s 6.058s
0824 02:53:44 ds4-server: chat ctx=0..222:222 prefill chunk 114/222 (51.4%) chunk=18.19 t/s avg=18.65 t/s 6.113s
0824 02:53:45 ds4-server: chat ctx=0..222:222 prefill chunk 115/222 (51.8%) chunk=17.73 t/s avg=18.64 t/s 6.169s
0824 02:53:45 ds4-server: chat ctx=0..222:222 prefill chunk 116/222 (52.3%) chunk=18.91 t/s avg=18.64 t/s 6.222s
0824 02:53:45 ds4-server: chat ctx=0..222:222 prefill chunk 117/222 (52.7%) chunk=17.84 t/s avg=18.64 t/s 6.278s
0824 02:53:45 ds4-server: chat ctx=0..222:222 prefill chunk 118/222 (53.2%) chunk=18.26 t/s avg=18.63 t/s 6.333s
0824 02:53:45 ds4-server: chat ctx=0..222:222 prefill chunk 119/222 (53.6%) chunk=18.71 t/s avg=18.63 t/s 6.387s
0824 02:53:45 ds4-server: chat ctx=0..222:222 prefill chunk 120/222 (54.1%) chunk=18.73 t/s avg=18.63 t/s 6.440s
0824 02:53:45 ds4-server: chat ctx=0..222:222 prefill chunk 121/222 (54.5%) chunk=18.41 t/s avg=18.63 t/s 6.494s
0824 02:53:45 ds4-server: chat ctx=0..222:222 prefill chunk 122/222 (55.0%) chunk=18.71 t/s avg=18.63 t/s 6.548s
0824 02:53:45 ds4-server: chat ctx=0..222:222 prefill chunk 123/222 (55.4%) chunk=17.76 t/s avg=18.63 t/s 6.604s
0824 02:53:45 ds4-server: chat ctx=0..222:222 prefill chunk 124/222 (55.9%) chunk=19.01 t/s avg=18.63 t/s 6.657s
0824 02:53:45 ds4-server: chat ctx=0..222:222 prefill chunk 125/222 (56.3%) chunk=18.21 t/s avg=18.62 t/s 6.712s
0824 02:53:45 ds4-server: chat ctx=0..222:222 prefill chunk 126/222 (56.8%) chunk=17.99 t/s avg=18.62 t/s 6.767s
0824 02:53:45 ds4-server: chat ctx=0..222:222 prefill chunk 127/222 (57.2%) chunk=18.13 t/s avg=18.62 t/s 6.822s
0824 02:53:45 ds4-server: chat ctx=0..222:222 prefill chunk 128/222 (57.7%) chunk=18.40 t/s avg=18.61 t/s 6.877s
0824 02:53:45 ds4-server: chat ctx=0..222:222 prefill chunk 129/222 (58.1%) chunk=18.11 t/s avg=18.61 t/s 6.932s
0824 02:53:45 ds4-server: chat ctx=0..222:222 prefill chunk 130/222 (58.6%) chunk=18.16 t/s avg=18.61 t/s 6.987s
0824 02:53:45 ds4-server: chat ctx=0..222:222 prefill chunk 131/222 (59.0%) chunk=18.35 t/s avg=18.60 t/s 7.041s
0824 02:53:45 ds4-server: chat ctx=0..222:222 prefill chunk 132/222 (59.5%) chunk=17.95 t/s avg=18.60 t/s 7.097s
0824 02:53:45 ds4-server: chat ctx=0..222:222 prefill chunk 133/222 (59.9%) chunk=18.95 t/s avg=18.60 t/s 7.150s
0824 02:53:46 ds4-server: chat ctx=0..222:222 prefill chunk 134/222 (60.4%) chunk=18.02 t/s avg=18.60 t/s 7.205s
0824 02:53:46 ds4-server: chat ctx=0..222:222 prefill chunk 135/222 (60.8%) chunk=17.91 t/s avg=18.59 t/s 7.261s
0824 02:53:46 ds4-server: chat ctx=0..222:222 prefill chunk 136/222 (61.3%) chunk=18.60 t/s avg=18.59 t/s 7.315s
0824 02:53:46 ds4-server: chat ctx=0..222:222 prefill chunk 137/222 (61.7%) chunk=17.81 t/s avg=18.59 t/s 7.371s
0824 02:53:46 ds4-server: chat ctx=0..222:222 prefill chunk 138/222 (62.2%) chunk=19.14 t/s avg=18.59 t/s 7.423s
0824 02:53:46 ds4-server: chat ctx=0..222:222 prefill chunk 139/222 (62.6%) chunk=18.24 t/s avg=18.59 t/s 7.478s
0824 02:53:46 ds4-server: chat ctx=0..222:222 prefill chunk 140/222 (63.1%) chunk=18.06 t/s avg=18.58 t/s 7.534s
0824 02:53:46 ds4-server: chat ctx=0..222:222 prefill chunk 141/222 (63.5%) chunk=19.00 t/s avg=18.59 t/s 7.586s
0824 02:53:46 ds4-server: chat ctx=0..222:222 prefill chunk 142/222 (64.0%) chunk=17.61 t/s avg=18.58 t/s 7.643s
0824 02:53:46 ds4-server: chat ctx=0..222:222 prefill chunk 143/222 (64.4%) chunk=17.30 t/s avg=18.57 t/s 7.701s
0824 02:53:46 ds4-server: chat ctx=0..222:222 prefill chunk 144/222 (64.9%) chunk=18.98 t/s avg=18.57 t/s 7.753s
0824 02:53:46 ds4-server: chat ctx=0..222:222 prefill chunk 145/222 (65.3%) chunk=18.31 t/s avg=18.57 t/s 7.808s
0824 02:53:46 ds4-server: chat ctx=0..222:222 prefill chunk 146/222 (65.8%) chunk=18.25 t/s avg=18.57 t/s 7.863s
0824 02:53:46 ds4-server: chat ctx=0..222:222 prefill chunk 147/222 (66.2%) chunk=18.19 t/s avg=18.57 t/s 7.918s
0824 02:53:46 ds4-server: chat ctx=0..222:222 prefill chunk 148/222 (66.7%) chunk=17.94 t/s avg=18.56 t/s 7.974s
0824 02:53:46 ds4-server: chat ctx=0..222:222 prefill chunk 149/222 (67.1%) chunk=17.86 t/s avg=18.56 t/s 8.030s
0824 02:53:46 ds4-server: chat ctx=0..222:222 prefill chunk 150/222 (67.6%) chunk=18.13 t/s avg=18.55 t/s 8.085s
0824 02:53:46 ds4-server: chat ctx=0..222:222 prefill chunk 151/222 (68.0%) chunk=18.05 t/s avg=18.55 t/s 8.140s
0824 02:53:47 ds4-server: chat ctx=0..222:222 prefill chunk 152/222 (68.5%) chunk=18.38 t/s avg=18.55 t/s 8.194s
0824 02:53:47 ds4-server: chat ctx=0..222:222 prefill chunk 153/222 (68.9%) chunk=17.79 t/s avg=18.54 t/s 8.251s
0824 02:53:47 ds4-server: chat ctx=0..222:222 prefill chunk 154/222 (69.4%) chunk=18.27 t/s avg=18.54 t/s 8.305s
0824 02:53:47 ds4-server: chat ctx=0..222:222 prefill chunk 155/222 (69.8%) chunk=18.02 t/s avg=18.54 t/s 8.361s
0824 02:53:47 ds4-server: chat ctx=0..222:222 prefill chunk 156/222 (70.3%) chunk=17.83 t/s avg=18.53 t/s 8.417s
0824 02:53:47 ds4-server: chat ctx=0..222:222 prefill chunk 157/222 (70.7%) chunk=18.23 t/s avg=18.53 t/s 8.472s
0824 02:53:47 ds4-server: chat ctx=0..222:222 prefill chunk 158/222 (71.2%) chunk=18.15 t/s avg=18.53 t/s 8.527s
0824 02:53:47 ds4-server: chat ctx=0..222:222 prefill chunk 159/222 (71.6%) chunk=18.80 t/s avg=18.53 t/s 8.580s
0824 02:53:47 ds4-server: chat ctx=0..222:222 prefill chunk 160/222 (72.1%) chunk=18.30 t/s avg=18.53 t/s 8.635s
0824 02:53:47 ds4-server: chat ctx=0..222:222 prefill chunk 161/222 (72.5%) chunk=18.98 t/s avg=18.53 t/s 8.688s
0824 02:53:47 ds4-server: chat ctx=0..222:222 prefill chunk 162/222 (73.0%) chunk=18.00 t/s avg=18.53 t/s 8.743s
0824 02:53:47 ds4-server: chat ctx=0..222:222 prefill chunk 163/222 (73.4%) chunk=17.39 t/s avg=18.52 t/s 8.801s
0824 02:53:47 ds4-server: chat ctx=0..222:222 prefill chunk 164/222 (73.9%) chunk=18.57 t/s avg=18.52 t/s 8.854s
0824 02:53:47 ds4-server: chat ctx=0..222:222 prefill chunk 165/222 (74.3%) chunk=17.78 t/s avg=18.52 t/s 8.911s
0824 02:53:47 ds4-server: chat ctx=0..222:222 prefill chunk 166/222 (74.8%) chunk=17.28 t/s avg=18.51 t/s 8.969s
0824 02:53:47 ds4-server: chat ctx=0..222:222 prefill chunk 167/222 (75.2%) chunk=18.41 t/s avg=18.51 t/s 9.023s
0824 02:53:47 ds4-server: chat ctx=0..222:222 prefill chunk 168/222 (75.7%) chunk=17.41 t/s avg=18.50 t/s 9.080s
0824 02:53:47 ds4-server: chat ctx=0..222:222 prefill chunk 169/222 (76.1%) chunk=18.03 t/s avg=18.50 t/s 9.136s
0824 02:53:48 ds4-server: chat ctx=0..222:222 prefill chunk 170/222 (76.6%) chunk=18.54 t/s avg=18.50 t/s 9.190s
0824 02:53:48 ds4-server: chat ctx=0..222:222 prefill chunk 171/222 (77.0%) chunk=18.58 t/s avg=18.50 t/s 9.243s
0824 02:53:48 ds4-server: chat ctx=0..222:222 prefill chunk 172/222 (77.5%) chunk=18.02 t/s avg=18.50 t/s 9.299s
0824 02:53:48 ds4-server: chat ctx=0..222:222 prefill chunk 173/222 (77.9%) chunk=18.49 t/s avg=18.50 t/s 9.353s
0824 02:53:48 ds4-server: chat ctx=0..222:222 prefill chunk 174/222 (78.4%) chunk=17.77 t/s avg=18.49 t/s 9.409s
0824 02:53:48 ds4-server: chat ctx=0..222:222 prefill chunk 175/222 (78.8%) chunk=17.29 t/s avg=18.48 t/s 9.467s
0824 02:53:48 ds4-server: chat ctx=0..222:222 prefill chunk 176/222 (79.3%) chunk=18.46 t/s avg=18.48 t/s 9.521s
0824 02:53:48 ds4-server: chat ctx=0..222:222 prefill chunk 177/222 (79.7%) chunk=17.17 t/s avg=18.48 t/s 9.580s
0824 02:53:48 ds4-server: chat ctx=0..222:222 prefill chunk 178/222 (80.2%) chunk=17.81 t/s avg=18.47 t/s 9.636s
0824 02:53:48 ds4-server: chat ctx=0..222:222 prefill chunk 179/222 (80.6%) chunk=19.22 t/s avg=18.48 t/s 9.688s
0824 02:53:48 ds4-server: chat ctx=0..222:222 prefill chunk 180/222 (81.1%) chunk=18.39 t/s avg=18.48 t/s 9.742s
0824 02:53:48 ds4-server: chat ctx=0..222:222 prefill chunk 181/222 (81.5%) chunk=18.30 t/s avg=18.48 t/s 9.797s
0824 02:53:48 ds4-server: chat ctx=0..222:222 prefill chunk 182/222 (82.0%) chunk=18.34 t/s avg=18.47 t/s 9.851s
0824 02:53:48 ds4-server: chat ctx=0..222:222 prefill chunk 183/222 (82.4%) chunk=17.85 t/s avg=18.47 t/s 9.907s
0824 02:53:48 ds4-server: chat ctx=0..222:222 prefill chunk 184/222 (82.9%) chunk=18.35 t/s avg=18.47 t/s 9.962s
0824 02:53:48 ds4-server: chat ctx=0..222:222 prefill chunk 185/222 (83.3%) chunk=18.36 t/s avg=18.47 t/s 10.016s
0824 02:53:48 ds4-server: chat ctx=0..222:222 prefill chunk 186/222 (83.8%) chunk=18.34 t/s avg=18.47 t/s 10.071s
0824 02:53:48 ds4-server: chat ctx=0..222:222 prefill chunk 187/222 (84.2%) chunk=18.34 t/s avg=18.47 t/s 10.125s
0824 02:53:49 ds4-server: chat ctx=0..222:222 prefill chunk 188/222 (84.7%) chunk=17.93 t/s avg=18.47 t/s 10.181s
0824 02:53:49 ds4-server: chat ctx=0..222:222 prefill chunk 189/222 (85.1%) chunk=18.04 t/s avg=18.46 t/s 10.237s
0824 02:53:49 ds4-server: chat ctx=0..222:222 prefill chunk 190/222 (85.6%) chunk=17.99 t/s avg=18.46 t/s 10.292s
0824 02:53:49 ds4-server: chat ctx=0..222:222 prefill chunk 191/222 (86.0%) chunk=17.63 t/s avg=18.46 t/s 10.349s
0824 02:53:49 ds4-server: chat ctx=0..222:222 prefill chunk 192/222 (86.5%) chunk=18.54 t/s avg=18.46 t/s 10.403s
0824 02:53:49 ds4-server: chat ctx=0..222:222 prefill chunk 193/222 (86.9%) chunk=19.19 t/s avg=18.46 t/s 10.455s
0824 02:53:49 ds4-server: chat ctx=0..222:222 prefill chunk 194/222 (87.4%) chunk=18.02 t/s avg=18.46 t/s 10.510s
0824 02:53:49 ds4-server: chat ctx=0..222:222 prefill chunk 195/222 (87.8%) chunk=17.95 t/s avg=18.46 t/s 10.566s
0824 02:53:49 ds4-server: chat ctx=0..222:222 prefill chunk 196/222 (88.3%) chunk=18.66 t/s avg=18.46 t/s 10.620s
0824 02:53:49 ds4-server: chat ctx=0..222:222 prefill chunk 197/222 (88.7%) chunk=17.74 t/s avg=18.45 t/s 10.676s
0824 02:53:49 ds4-server: chat ctx=0..222:222 prefill chunk 198/222 (89.2%) chunk=17.94 t/s avg=18.45 t/s 10.732s
0824 02:53:49 ds4-server: chat ctx=0..222:222 prefill chunk 199/222 (89.6%) chunk=18.21 t/s avg=18.45 t/s 10.787s
0824 02:53:49 ds4-server: chat ctx=0..222:222 prefill chunk 200/222 (90.1%) chunk=17.97 t/s avg=18.45 t/s 10.842s
0824 02:53:49 ds4-server: chat ctx=0..222:222 prefill chunk 201/222 (90.5%) chunk=18.11 t/s avg=18.44 t/s 10.898s
0824 02:53:49 ds4-server: chat ctx=0..222:222 prefill chunk 202/222 (91.0%) chunk=18.50 t/s avg=18.44 t/s 10.952s
0824 02:53:49 ds4-server: chat ctx=0..222:222 prefill chunk 203/222 (91.4%) chunk=18.16 t/s avg=18.44 t/s 11.007s
0824 02:53:49 ds4-server: chat ctx=0..222:222 prefill chunk 204/222 (91.9%) chunk=17.72 t/s avg=18.44 t/s 11.063s
0824 02:53:49 ds4-server: chat ctx=0..222:222 prefill chunk 205/222 (92.3%) chunk=18.37 t/s avg=18.44 t/s 11.118s
0824 02:53:50 ds4-server: chat ctx=0..222:222 prefill chunk 206/222 (92.8%) chunk=18.37 t/s avg=18.44 t/s 11.172s
0824 02:53:50 ds4-server: chat ctx=0..222:222 prefill chunk 207/222 (93.2%) chunk=17.32 t/s avg=18.43 t/s 11.230s
0824 02:53:50 ds4-server: chat ctx=0..222:222 prefill chunk 208/222 (93.7%) chunk=18.15 t/s avg=18.43 t/s 11.285s
0824 02:53:50 ds4-server: chat ctx=0..222:222 prefill chunk 209/222 (94.1%) chunk=17.77 t/s avg=18.43 t/s 11.341s
0824 02:53:50 ds4-server: chat ctx=0..222:222 prefill chunk 210/222 (94.6%) chunk=18.18 t/s avg=18.43 t/s 11.396s
ds4: qwen35moe experts/token avg over 128 tokens: 0:14.0 1:13.7 2:15.2 3:16.6 4:15.7 5:16.0 6:15.5 7:16.8 8:15.5 9:16.8 10:14.4 11:14.3 12:15.6 13:14.8 14:15.0 15:14.8 16:15.0 17:15.5 18:15.5 19:15.8 20:16.4 21:15.1 22:15.1 23:15.2 24:15.7 25:14.2 26:15.9 27:16.3 28:15.3 29:16.7 30:17.1 31:17.8 32:16.4 33:18.1 34:17.2 35:18.2 36:18.6 37:19.0 38:19.2 39:19.2 | mean 16.1
0824 02:53:50 ds4-server: chat ctx=0..222:222 prefill chunk 211/222 (95.0%) chunk=18.54 t/s avg=18.43 t/s 11.450s
0824 02:53:50 ds4-server: chat ctx=0..222:222 prefill chunk 212/222 (95.5%) chunk=17.80 t/s avg=18.42 t/s 11.506s
0824 02:53:50 ds4-server: chat ctx=0..222:222 prefill chunk 213/222 (95.9%) chunk=18.26 t/s avg=18.42 t/s 11.561s
0824 02:53:50 ds4-server: chat ctx=0..222:222 prefill chunk 214/222 (96.4%) chunk=18.30 t/s avg=18.42 t/s 11.616s
0824 02:53:50 ds4-server: chat ctx=0..222:222 prefill chunk 215/222 (96.8%) chunk=17.59 t/s avg=18.42 t/s 11.673s
0824 02:53:50 ds4-server: chat ctx=0..222:222 prefill chunk 216/222 (97.3%) chunk=18.96 t/s avg=18.42 t/s 11.725s
0824 02:53:50 ds4-server: chat ctx=0..222:222 prefill chunk 217/222 (97.7%) chunk=17.90 t/s avg=18.42 t/s 11.781s
0824 02:53:50 ds4-server: chat ctx=0..222:222 prefill chunk 218/222 (98.2%) chunk=18.25 t/s avg=18.42 t/s 11.836s
0824 02:53:50 ds4-server: chat ctx=0..222:222 prefill chunk 219/222 (98.6%) chunk=19.78 t/s avg=18.42 t/s 11.887s
0824 02:53:50 ds4-server: chat ctx=0..222:222 prefill chunk 220/222 (99.1%) chunk=17.95 t/s avg=18.42 t/s 11.942s
0824 02:53:50 ds4-server: chat ctx=0..222:222 prefill chunk 221/222 (99.5%) chunk=19.35 t/s avg=18.43 t/s 11.994s
0824 02:53:50 ds4-server: chat ctx=0..222:222 prefill chunk 222/222 (100.0%) chunk=19.82 t/s avg=18.43 t/s 12.044s
0824 02:53:50 ds4-server: chat ctx=0..222:222 prompt done 12.044s
0824 02:53:53 ds4-server: chat ctx=222..272:50 gen=50 THINKING decoding chunk=18.27 t/s avg=18.27 t/s 2.736s
0824 02:53:56 ds4-server: chat ctx=272..322:50 gen=100 THINKING decoding chunk=17.79 t/s avg=18.03 t/s 5.547s
ds4: qwen35moe experts/token avg over 128 tokens: 0:14.5 1:14.6 2:15.2 3:16.6 4:15.7 5:15.8 6:14.8 7:16.0 8:16.8 9:16.5 10:14.9 11:14.3 12:15.2 13:14.5 14:15.0 15:15.5 16:15.2 17:15.4 18:14.9 19:15.6 20:16.1 21:15.4 22:15.0 23:14.7 24:15.8 25:14.7 26:15.5 27:15.8 28:15.5 29:16.1 30:16.4 31:17.1 32:16.8 33:17.0 34:15.4 35:18.1 36:18.0 37:17.5 38:19.0 39:18.6 | mean 15.9
0824 02:53:59 ds4-server: chat ctx=322..372:50 gen=150 THINKING decoding chunk=17.74 t/s avg=17.93 t/s 8.365s
0824 02:54:02 ds4-server: chat ctx=372..422:50 gen=200 THINKING decoding chunk=17.90 t/s avg=17.92 t/s 11.158s
ds4: qwen35moe experts/token avg over 128 tokens: 0:14.7 1:15.4 2:15.5 3:17.3 4:16.2 5:16.1 6:15.3 7:17.4 8:17.2 9:17.2 10:14.9 11:14.8 12:15.9 13:14.6 14:16.4 15:15.3 16:15.3 17:15.9 18:15.5 19:16.3 20:16.4 21:16.4 22:14.6 23:15.0 24:15.4 25:14.8 26:15.6 27:15.8 28:15.6 29:16.0 30:15.8 31:17.0 32:15.9 33:16.4 34:15.6 35:17.6 36:16.9 37:16.8 38:18.8 39:18.2 | mean 16.0
0824 02:54:04 ds4-server: chat ctx=422..472:50 gen=250 THINKING decoding chunk=17.61 t/s avg=17.86 t/s 13.997s
0824 02:54:07 ds4-server: chat ctx=472..522:50 gen=300 THINKING decoding chunk=17.83 t/s avg=17.86 t/s 16.802s
0824 02:54:10 ds4-server: chat ctx=522..572:50 gen=350 THINKING decoding chunk=17.39 t/s avg=17.79 t/s 19.677s
ds4: qwen35moe experts/token avg over 128 tokens: 0:14.5 1:15.0 2:15.3 3:17.0 4:16.6 5:16.4 6:15.4 7:16.5 8:17.3 9:17.1 10:15.1 11:14.2 12:15.6 13:14.4 14:16.1 15:15.2 16:14.9 17:15.9 18:15.2 19:15.9 20:16.7 21:16.1 22:15.0 23:14.7 24:14.7 25:14.6 26:15.5 27:15.2 28:14.7 29:15.6 30:15.0 31:17.0 32:15.8 33:15.7 34:14.4 35:16.6 36:16.6 37:16.1 38:17.9 39:17.1 | mean 15.7
0824 02:54:13 ds4-server: chat ctx=572..622:50 gen=400 THINKING decoding chunk=17.35 t/s avg=17.73 t/s 22.559s
0824 02:54:16 ds4-server: chat ctx=622..672:50 gen=450 THINKING decoding chunk=17.32 t/s avg=17.68 t/s 25.446s
0824 02:54:19 ds4-server: chat ctx=672..722:50 gen=500 THINKING decoding chunk=17.17 t/s avg=17.63 t/s 28.358s
ds4: qwen35moe experts/token avg over 128 tokens: 0:14.5 1:15.4 2:15.3 3:17.4 4:16.7 5:16.5 6:15.8 7:16.6 8:17.4 9:17.2 10:14.7 11:14.7 12:15.6 13:15.5 14:16.0 15:16.0 16:15.3 17:16.1 18:15.2 19:15.7 20:16.5 21:16.2 22:14.2 23:14.9 24:15.5 25:14.6 26:16.3 27:16.3 28:15.8 29:15.4 30:15.9 31:16.7 32:16.7 33:16.0 34:16.0 35:17.9 36:17.8 37:17.2 38:19.1 39:18.4 | mean 16.1
0824 02:54:22 ds4-server: chat ctx=722..772:50 gen=550 THINKING decoding chunk=17.18 t/s avg=17.59 t/s 31.268s
0824 02:54:25 ds4-server: chat ctx=772..822:50 gen=600 THINKING decoding chunk=17.07 t/s avg=17.55 t/s 34.197s
ds4: qwen35moe experts/token avg over 128 tokens: 0:15.0 1:15.8 2:15.7 3:17.5 4:16.9 5:16.2 6:15.5 7:16.9 8:16.9 9:17.4 10:15.1 11:14.8 12:16.2 13:14.6 14:15.9 15:15.2 16:15.3 17:15.2 18:15.1 19:15.3 20:16.5 21:15.4 22:14.3 23:14.5 24:16.1 25:14.4 26:15.3 27:15.3 28:15.0 29:15.7 30:15.4 31:16.3 32:15.2 33:14.9 34:14.4 35:17.0 36:16.7 37:16.6 38:18.7 39:17.8 | mean 15.8
0824 02:54:28 ds4-server: chat ctx=822..872:50 gen=650 THINKING decoding chunk=17.07 t/s avg=17.51 t/s 37.127s
0824 02:54:30 ds4-server: chat ctx=872..922:50 gen=700 THINKING decoding chunk=17.09 t/s avg=17.48 t/s 40.053s
0824 02:54:33 ds4-server: chat ctx=922..972:50 gen=750 THINKING decoding chunk=16.79 t/s avg=17.43 t/s 43.031s
ds4: qwen35moe experts/token avg over 128 tokens: 0:14.6 1:15.4 2:14.8 3:16.9 4:16.7 5:16.1 6:15.5 7:16.6 8:17.7 9:16.9 10:15.4 11:14.4 12:16.1 13:15.2 14:16.0 15:15.5 16:15.1 17:15.7 18:14.6 19:15.6 20:16.4 21:16.2 22:14.8 23:15.1 24:15.6 25:15.0 26:15.3 27:15.0 28:15.1 29:15.4 30:15.3 31:16.5 32:15.6 33:14.8 34:14.5 35:16.8 36:16.2 37:16.2 38:18.4 39:17.4 | mean 15.8
0824 02:54:36 ds4-server: chat ctx=972..1022:50 gen=800 THINKING decoding chunk=16.77 t/s avg=17.39 t/s 46.012s
0824 02:54:39 ds4-server: chat ctx=1022..1072:50 gen=850 THINKING decoding chunk=16.51 t/s avg=17.33 t/s 49.041s
ds4: qwen35moe experts/token avg over 128 tokens: 0:14.8 1:15.5 2:15.6 3:17.1 4:16.3 5:16.7 6:16.1 7:17.1 8:17.8 9:17.9 10:15.5 11:14.9 12:16.1 13:15.2 14:16.4 15:15.7 16:15.3 17:16.1 18:15.9 19:16.0 20:16.8 21:15.7 22:15.1 23:14.7 24:15.5 25:14.9 26:15.8 27:15.6 28:14.9 29:15.3 30:15.7 31:15.9 32:15.3 33:15.2 34:14.9 35:17.0 36:17.1 37:16.7 38:18.6 39:18.3 | mean 16.0
0824 02:54:42 ds4-server: chat ctx=1072..1122:50 gen=900 THINKING decoding chunk=16.46 t/s avg=17.28 t/s 52.079s
0824 02:54:46 ds4-server: chat ctx=1122..1172:50 gen=950 THINKING decoding chunk=16.36 t/s avg=17.23 t/s 55.135s
0824 02:54:49 ds4-server: chat ctx=1172..1222:50 gen=1000 THINKING decoding chunk=16.13 t/s avg=17.17 t/s 58.234s
ds4: qwen35moe experts/token avg over 128 tokens: 0:15.0 1:16.1 2:15.7 3:17.1 4:17.0 5:16.3 6:16.2 7:17.5 8:18.2 9:17.7 10:15.8 11:15.0 12:16.8 13:16.6 14:17.1 15:16.8 16:15.9 17:16.3 18:15.9 19:16.4 20:17.0 21:16.8 22:16.0 23:15.4 24:16.2 25:15.5 26:15.7 27:15.9 28:15.7 29:15.6 30:15.7 31:16.5 32:15.1 33:15.7 34:15.2 35:17.5 36:17.3 37:17.3 38:19.0 39:17.8 | mean 16.4
0824 02:54:52 ds4-server: chat ctx=1222..1272:50 gen=1050 THINKING decoding chunk=16.44 t/s avg=17.14 t/s 61.275s
0824 02:54:55 ds4-server: chat ctx=1272..1322:50 gen=1100 THINKING decoding chunk=16.14 t/s avg=17.09 t/s 64.373s
ds4: qwen35moe experts/token avg over 128 tokens: 0:14.8 1:16.2 2:15.4 3:17.1 4:16.8 5:16.2 6:15.9 7:16.8 8:17.1 9:17.2 10:15.3 11:15.1 12:16.3 13:15.5 14:16.0 15:16.1 16:15.5 17:15.9 18:15.2 19:15.5 20:17.0 21:16.1 22:14.8 23:14.8 24:15.0 25:14.6 26:15.4 27:15.5 28:14.6 29:15.4 30:14.9 31:15.9 32:15.1 33:14.4 34:14.1 35:16.8 36:16.7 37:16.2 38:18.6 39:17.1 | mean 15.8
0824 02:54:58 ds4-server: chat ctx=1322..1372:50 gen=1150 decoding chunk=16.28 t/s avg=17.05 t/s 67.445s
0824 02:55:01 ds4-server: chat ctx=1372..1422:50 gen=1200 decoding chunk=16.16 t/s avg=17.01 t/s 70.538s
0824 02:55:04 ds4-server: chat ctx=1422..1472:50 gen=1250 decoding chunk=15.88 t/s avg=16.96 t/s 73.686s
ds4: qwen35moe experts/token avg over 128 tokens: 0:15.1 1:16.0 2:15.8 3:17.6 4:17.0 5:16.3 6:15.7 7:17.0 8:17.5 9:18.0 10:15.6 11:14.7 12:16.2 13:15.0 14:16.8 15:15.8 16:15.0 17:16.0 18:15.1 19:16.2 20:16.6 21:16.1 22:14.8 23:14.6 24:15.8 25:14.5 26:16.6 27:16.0 28:15.4 29:15.1 30:15.6 31:16.5 32:15.1 33:15.4 34:14.8 35:17.5 36:17.0 37:17.1 38:19.0 39:18.3 | mean 16.1
0824 02:55:07 ds4-server: chat ctx=1472..1522:50 gen=1300 decoding chunk=15.82 t/s avg=16.92 t/s 76.847s
0824 02:55:10 ds4-server: chat ctx=1522..1572:50 gen=1350 decoding chunk=15.65 t/s avg=16.87 t/s 80.042s
ds4: qwen35moe experts/token avg over 128 tokens: 0:15.1 1:16.9 2:16.5 3:17.8 4:17.4 5:16.8 6:16.7 7:18.1 8:18.8 9:17.9 10:15.5 11:15.2 12:17.1 13:15.7 14:17.1 15:16.7 16:15.9 17:16.3 18:16.1 19:16.5 20:18.1 21:16.8 22:14.9 23:15.1 24:16.4 25:15.1 26:16.8 27:15.9 28:15.6 29:15.7 30:15.8 31:16.4 32:15.7 33:15.9 34:14.8 35:16.9 36:17.0 37:17.4 38:18.7 39:18.6 | mean 16.5
0824 02:55:14 ds4-server: chat ctx=1572..1622:50 gen=1400 decoding chunk=15.53 t/s avg=16.81 t/s 83.262s
0824 02:55:17 ds4-server: chat ctx=1622..1672:50 gen=1450 decoding chunk=15.43 t/s avg=16.76 t/s 86.502s
0824 02:55:18 ds4-server: chat ctx=1672..1692:20 gen=1470 decoding chunk=15.16 t/s avg=16.74 t/s 87.821s
0824 02:55:18 ds4-server: thinking live checkpoint remembered ctx=0..222:222 live=1692 visible=2393
0824 02:55:18 ds4-server: chat ctx=0..222:222 gen=1470 finish=stop 99.866s
0824 02:55:18 ds4-server: live kv cache miss live=1692 prompt=183 common=65 reason=token-mismatch
0824 02:55:18 ds4-server: chat ctx=0..183:183 prompt start
0824 02:55:18 ds4-server: chat ctx=0..183:183 prefill chunk 1/183 (0.5%) chunk=0.00 t/s avg=19.60 t/s 0.051s
0824 02:55:18 ds4-server: chat ctx=0..183:183 prefill chunk 2/183 (1.1%) chunk=19.22 t/s avg=19.41 t/s 0.103s
0824 02:55:18 ds4-server: chat ctx=0..183:183 prefill chunk 3/183 (1.6%) chunk=19.88 t/s avg=19.56 t/s 0.153s
0824 02:55:18 ds4-server: chat ctx=0..183:183 prefill chunk 4/183 (2.2%) chunk=19.33 t/s avg=19.51 t/s 0.205s
0824 02:55:18 ds4-server: chat ctx=0..183:183 prefill chunk 5/183 (2.7%) chunk=18.93 t/s avg=19.39 t/s 0.258s
0824 02:55:19 ds4-server: chat ctx=0..183:183 prefill chunk 6/183 (3.3%) chunk=19.68 t/s avg=19.43 t/s 0.309s
0824 02:55:19 ds4-server: chat ctx=0..183:183 prefill chunk 7/183 (3.8%) chunk=19.28 t/s avg=19.41 t/s 0.361s
0824 02:55:19 ds4-server: chat ctx=0..183:183 prefill chunk 8/183 (4.4%) chunk=19.04 t/s avg=19.36 t/s 0.413s
0824 02:55:19 ds4-server: chat ctx=0..183:183 prefill chunk 9/183 (4.9%) chunk=19.46 t/s avg=19.38 t/s 0.465s
0824 02:55:19 ds4-server: chat ctx=0..183:183 prefill chunk 10/183 (5.5%) chunk=19.70 t/s avg=19.41 t/s 0.515s
0824 02:55:19 ds4-server: chat ctx=0..183:183 prefill chunk 11/183 (6.0%) chunk=19.08 t/s avg=19.38 t/s 0.568s
0824 02:55:19 ds4-server: chat ctx=0..183:183 prefill chunk 12/183 (6.6%) chunk=19.36 t/s avg=19.38 t/s 0.619s
0824 02:55:19 ds4-server: chat ctx=0..183:183 prefill chunk 13/183 (7.1%) chunk=18.71 t/s avg=19.32 t/s 0.673s
0824 02:55:19 ds4-server: chat ctx=0..183:183 prefill chunk 14/183 (7.7%) chunk=18.53 t/s avg=19.26 t/s 0.727s
0824 02:55:19 ds4-server: chat ctx=0..183:183 prefill chunk 15/183 (8.2%) chunk=19.06 t/s avg=19.25 t/s 0.779s
0824 02:55:19 ds4-server: chat ctx=0..183:183 prefill chunk 16/183 (8.7%) chunk=18.39 t/s avg=19.19 t/s 0.834s
0824 02:55:19 ds4-server: chat ctx=0..183:183 prefill chunk 17/183 (9.3%) chunk=19.10 t/s avg=19.19 t/s 0.886s
0824 02:55:19 ds4-server: chat ctx=0..183:183 prefill chunk 18/183 (9.8%) chunk=18.90 t/s avg=19.17 t/s 0.939s
0824 02:55:19 ds4-server: chat ctx=0..183:183 prefill chunk 19/183 (10.4%) chunk=18.42 t/s avg=19.13 t/s 0.993s
0824 02:55:19 ds4-server: chat ctx=0..183:183 prefill chunk 20/183 (10.9%) chunk=18.25 t/s avg=19.09 t/s 1.048s
0824 02:55:19 ds4-server: chat ctx=0..183:183 prefill chunk 21/183 (11.5%) chunk=18.47 t/s avg=19.05 t/s 1.102s
0824 02:55:19 ds4-server: chat ctx=0..183:183 prefill chunk 22/183 (12.0%) chunk=19.43 t/s avg=19.07 t/s 1.154s
0824 02:55:19 ds4-server: chat ctx=0..183:183 prefill chunk 23/183 (12.6%) chunk=18.90 t/s avg=19.06 t/s 1.206s
0824 02:55:19 ds4-server: chat ctx=0..183:183 prefill chunk 24/183 (13.1%) chunk=18.87 t/s avg=19.06 t/s 1.259s
0824 02:55:20 ds4-server: chat ctx=0..183:183 prefill chunk 25/183 (13.7%) chunk=19.37 t/s avg=19.07 t/s 1.311s
0824 02:55:20 ds4-server: chat ctx=0..183:183 prefill chunk 26/183 (14.2%) chunk=18.66 t/s avg=19.05 t/s 1.365s
0824 02:55:20 ds4-server: chat ctx=0..183:183 prefill chunk 27/183 (14.8%) chunk=19.27 t/s avg=19.06 t/s 1.417s
0824 02:55:20 ds4-server: chat ctx=0..183:183 prefill chunk 28/183 (15.3%) chunk=19.07 t/s avg=19.06 t/s 1.469s
0824 02:55:20 ds4-server: chat ctx=0..183:183 prefill chunk 29/183 (15.8%) chunk=18.73 t/s avg=19.05 t/s 1.522s
0824 02:55:20 ds4-server: chat ctx=0..183:183 prefill chunk 30/183 (16.4%) chunk=18.77 t/s avg=19.04 t/s 1.576s
0824 02:55:20 ds4-server: chat ctx=0..183:183 prefill chunk 31/183 (16.9%) chunk=18.00 t/s avg=19.00 t/s 1.631s
0824 02:55:20 ds4-server: chat ctx=0..183:183 prefill chunk 32/183 (17.5%) chunk=18.98 t/s avg=19.00 t/s 1.684s
0824 02:55:20 ds4-server: chat ctx=0..183:183 prefill chunk 33/183 (18.0%) chunk=18.61 t/s avg=18.99 t/s 1.738s
0824 02:55:20 ds4-server: chat ctx=0..183:183 prefill chunk 34/183 (18.6%) chunk=18.29 t/s avg=18.97 t/s 1.792s
0824 02:55:20 ds4-server: chat ctx=0..183:183 prefill chunk 35/183 (19.1%) chunk=18.54 t/s avg=18.96 t/s 1.846s
0824 02:55:20 ds4-server: chat ctx=0..183:183 prefill chunk 36/183 (19.7%) chunk=18.31 t/s avg=18.94 t/s 1.901s
0824 02:55:20 ds4-server: chat ctx=0..183:183 prefill chunk 37/183 (20.2%) chunk=17.57 t/s avg=18.90 t/s 1.958s
0824 02:55:20 ds4-server: chat ctx=0..183:183 prefill chunk 38/183 (20.8%) chunk=17.92 t/s avg=18.87 t/s 2.014s
0824 02:55:20 ds4-server: chat ctx=0..183:183 prefill chunk 39/183 (21.3%) chunk=18.26 t/s avg=18.86 t/s 2.068s
0824 02:55:20 ds4-server: chat ctx=0..183:183 prefill chunk 40/183 (21.9%) chunk=18.62 t/s avg=18.85 t/s 2.122s
0824 02:55:20 ds4-server: chat ctx=0..183:183 prefill chunk 41/183 (22.4%) chunk=18.45 t/s avg=18.84 t/s 2.176s
0824 02:55:20 ds4-server: chat ctx=0..183:183 prefill chunk 42/183 (23.0%) chunk=18.09 t/s avg=18.82 t/s 2.232s
0824 02:55:21 ds4-server: chat ctx=0..183:183 prefill chunk 43/183 (23.5%) chunk=19.31 t/s avg=18.83 t/s 2.283s
0824 02:55:21 ds4-server: chat ctx=0..183:183 prefill chunk 44/183 (24.0%) chunk=18.66 t/s avg=18.83 t/s 2.337s
0824 02:55:21 ds4-server: chat ctx=0..183:183 prefill chunk 45/183 (24.6%) chunk=18.27 t/s avg=18.82 t/s 2.392s
0824 02:55:21 ds4-server: chat ctx=0..183:183 prefill chunk 46/183 (25.1%) chunk=18.75 t/s avg=18.81 t/s 2.445s
0824 02:55:21 ds4-server: chat ctx=0..183:183 prefill chunk 47/183 (25.7%) chunk=17.84 t/s avg=18.79 t/s 2.501s
0824 02:55:21 ds4-server: chat ctx=0..183:183 prefill chunk 48/183 (26.2%) chunk=18.91 t/s avg=18.79 t/s 2.554s
0824 02:55:21 ds4-server: chat ctx=0..183:183 prefill chunk 49/183 (26.8%) chunk=18.29 t/s avg=18.78 t/s 2.609s
0824 02:55:21 ds4-server: chat ctx=0..183:183 prefill chunk 50/183 (27.3%) chunk=18.20 t/s avg=18.77 t/s 2.664s
0824 02:55:21 ds4-server: chat ctx=0..183:183 prefill chunk 51/183 (27.9%) chunk=18.69 t/s avg=18.77 t/s 2.717s
0824 02:55:21 ds4-server: chat ctx=0..183:183 prefill chunk 52/183 (28.4%) chunk=18.11 t/s avg=18.76 t/s 2.772s
0824 02:55:21 ds4-server: chat ctx=0..183:183 prefill chunk 53/183 (29.0%) chunk=18.26 t/s avg=18.75 t/s 2.827s
0824 02:55:21 ds4-server: chat ctx=0..183:183 prefill chunk 54/183 (29.5%) chunk=19.17 t/s avg=18.76 t/s 2.879s
ds4: qwen35moe experts/token avg over 128 tokens: 0:14.7 1:16.0 2:15.5 3:16.7 4:16.7 5:16.7 6:15.9 7:17.2 8:17.6 9:17.3 10:15.5 11:15.4 12:16.6 13:16.4 14:16.9 15:16.3 16:15.7 17:16.3 18:15.5 19:15.6 20:17.5 21:16.8 22:15.3 23:15.5 24:15.7 25:14.8 26:15.3 27:15.8 28:15.2 29:16.3 30:15.5 31:16.5 32:15.9 33:15.9 34:15.3 35:18.0 36:17.8 37:18.0 38:19.0 39:18.3 | mean 16.3
0824 02:55:21 ds4-server: chat ctx=0..183:183 prefill chunk 55/183 (30.1%) chunk=18.89 t/s avg=18.76 t/s 2.932s
0824 02:55:21 ds4-server: chat ctx=0..183:183 prefill chunk 56/183 (30.6%) chunk=19.29 t/s avg=18.77 t/s 2.984s
0824 02:55:21 ds4-server: chat ctx=0..183:183 prefill chunk 57/183 (31.1%) chunk=18.59 t/s avg=18.76 t/s 3.038s
0824 02:55:21 ds4-server: chat ctx=0..183:183 prefill chunk 58/183 (31.7%) chunk=18.12 t/s avg=18.75 t/s 3.093s
0824 02:55:21 ds4-server: chat ctx=0..183:183 prefill chunk 59/183 (32.2%) chunk=19.54 t/s avg=18.77 t/s 3.144s
0824 02:55:21 ds4-server: chat ctx=0..183:183 prefill chunk 60/183 (32.8%) chunk=18.94 t/s avg=18.77 t/s 3.197s
0824 02:55:21 ds4-server: chat ctx=0..183:183 prefill chunk 61/183 (33.3%) chunk=20.13 t/s avg=18.79 t/s 3.247s
0824 02:55:22 ds4-server: chat ctx=0..183:183 prefill chunk 62/183 (33.9%) chunk=19.19 t/s avg=18.80 t/s 3.299s
0824 02:55:22 ds4-server: chat ctx=0..183:183 prefill chunk 63/183 (34.4%) chunk=19.69 t/s avg=18.81 t/s 3.349s
0824 02:55:22 ds4-server: chat ctx=0..183:183 prefill chunk 64/183 (35.0%) chunk=19.27 t/s avg=18.82 t/s 3.401s
0824 02:55:22 ds4-server: chat ctx=0..183:183 prefill chunk 65/183 (35.5%) chunk=20.05 t/s avg=18.83 t/s 3.451s
0824 02:55:22 ds4-server: chat ctx=0..183:183 prefill chunk 66/183 (36.1%) chunk=18.41 t/s avg=18.83 t/s 3.506s
0824 02:55:22 ds4-server: chat ctx=0..183:183 prefill chunk 67/183 (36.6%) chunk=18.21 t/s avg=18.82 t/s 3.560s
0824 02:55:22 ds4-server: chat ctx=0..183:183 prefill chunk 68/183 (37.2%) chunk=18.61 t/s avg=18.81 t/s 3.614s
0824 02:55:22 ds4-server: chat ctx=0..183:183 prefill chunk 69/183 (37.7%) chunk=18.13 t/s avg=18.80 t/s 3.669s
0824 02:55:22 ds4-server: chat ctx=0..183:183 prefill chunk 70/183 (38.3%) chunk=18.59 t/s avg=18.80 t/s 3.723s
0824 02:55:22 ds4-server: chat ctx=0..183:183 prefill chunk 71/183 (38.8%) chunk=18.24 t/s avg=18.79 t/s 3.778s
0824 02:55:22 ds4-server: chat ctx=0..183:183 prefill chunk 72/183 (39.3%) chunk=18.18 t/s avg=18.78 t/s 3.833s
0824 02:55:22 ds4-server: chat ctx=0..183:183 prefill chunk 73/183 (39.9%) chunk=18.64 t/s avg=18.78 t/s 3.887s
0824 02:55:22 ds4-server: chat ctx=0..183:183 prefill chunk 74/183 (40.4%) chunk=18.73 t/s avg=18.78 t/s 3.940s
0824 02:55:22 ds4-server: chat ctx=0..183:183 prefill chunk 75/183 (41.0%) chunk=18.35 t/s avg=18.78 t/s 3.995s
0824 02:55:22 ds4-server: chat ctx=0..183:183 prefill chunk 76/183 (41.5%) chunk=19.10 t/s avg=18.78 t/s 4.047s
0824 02:55:22 ds4-server: chat ctx=0..183:183 prefill chunk 77/183 (42.1%) chunk=18.41 t/s avg=18.78 t/s 4.101s
0824 02:55:22 ds4-server: chat ctx=0..183:183 prefill chunk 78/183 (42.6%) chunk=18.57 t/s avg=18.77 t/s 4.155s
0824 02:55:22 ds4-server: chat ctx=0..183:183 prefill chunk 79/183 (43.2%) chunk=18.27 t/s avg=18.77 t/s 4.210s
0824 02:55:22 ds4-server: chat ctx=0..183:183 prefill chunk 80/183 (43.7%) chunk=18.31 t/s avg=18.76 t/s 4.264s
0824 02:55:23 ds4-server: chat ctx=0..183:183 prefill chunk 81/183 (44.3%) chunk=18.82 t/s avg=18.76 t/s 4.317s
0824 02:55:23 ds4-server: chat ctx=0..183:183 prefill chunk 82/183 (44.8%) chunk=17.69 t/s avg=18.75 t/s 4.374s
0824 02:55:23 ds4-server: chat ctx=0..183:183 prefill chunk 83/183 (45.4%) chunk=18.60 t/s avg=18.75 t/s 4.428s
0824 02:55:23 ds4-server: chat ctx=0..183:183 prefill chunk 84/183 (45.9%) chunk=18.89 t/s avg=18.75 t/s 4.481s
0824 02:55:23 ds4-server: chat ctx=0..183:183 prefill chunk 85/183 (46.4%) chunk=18.44 t/s avg=18.74 t/s 4.535s
0824 02:55:23 ds4-server: chat ctx=0..183:183 prefill chunk 86/183 (47.0%) chunk=18.28 t/s avg=18.74 t/s 4.590s
0824 02:55:23 ds4-server: chat ctx=0..183:183 prefill chunk 87/183 (47.5%) chunk=18.96 t/s avg=18.74 t/s 4.642s
0824 02:55:23 ds4-server: chat ctx=0..183:183 prefill chunk 88/183 (48.1%) chunk=18.53 t/s avg=18.74 t/s 4.696s
0824 02:55:23 ds4-server: chat ctx=0..183:183 prefill chunk 89/183 (48.6%) chunk=18.83 t/s avg=18.74 t/s 4.750s
0824 02:55:23 ds4-server: chat ctx=0..183:183 prefill chunk 90/183 (49.2%) chunk=18.47 t/s avg=18.74 t/s 4.804s
0824 02:55:23 ds4-server: chat ctx=0..183:183 prefill chunk 91/183 (49.7%) chunk=19.06 t/s avg=18.74 t/s 4.856s
0824 02:55:23 ds4-server: chat ctx=0..183:183 prefill chunk 92/183 (50.3%) chunk=19.13 t/s avg=18.74 t/s 4.908s
0824 02:55:23 ds4-server: chat ctx=0..183:183 prefill chunk 93/183 (50.8%) chunk=17.91 t/s avg=18.73 t/s 4.964s
0824 02:55:23 ds4-server: chat ctx=0..183:183 prefill chunk 94/183 (51.4%) chunk=19.24 t/s avg=18.74 t/s 5.016s
0824 02:55:23 ds4-server: chat ctx=0..183:183 prefill chunk 95/183 (51.9%) chunk=17.81 t/s avg=18.73 t/s 5.072s
0824 02:55:23 ds4-server: chat ctx=0..183:183 prefill chunk 96/183 (52.5%) chunk=18.03 t/s avg=18.72 t/s 5.128s
0824 02:55:23 ds4-server: chat ctx=0..183:183 prefill chunk 97/183 (53.0%) chunk=18.28 t/s avg=18.72 t/s 5.182s
0824 02:55:23 ds4-server: chat ctx=0..183:183 prefill chunk 98/183 (53.6%) chunk=18.04 t/s avg=18.71 t/s 5.238s
0824 02:55:24 ds4-server: chat ctx=0..183:183 prefill chunk 99/183 (54.1%) chunk=18.57 t/s avg=18.71 t/s 5.292s
0824 02:55:24 ds4-server: chat ctx=0..183:183 prefill chunk 100/183 (54.6%) chunk=19.02 t/s avg=18.71 t/s 5.344s
0824 02:55:24 ds4-server: chat ctx=0..183:183 prefill chunk 101/183 (55.2%) chunk=18.51 t/s avg=18.71 t/s 5.398s
0824 02:55:24 ds4-server: chat ctx=0..183:183 prefill chunk 102/183 (55.7%) chunk=18.67 t/s avg=18.71 t/s 5.452s
0824 02:55:24 ds4-server: chat ctx=0..183:183 prefill chunk 103/183 (56.3%) chunk=19.26 t/s avg=18.71 t/s 5.504s
0824 02:55:24 ds4-server: chat ctx=0..183:183 prefill chunk 104/183 (56.8%) chunk=18.88 t/s avg=18.72 t/s 5.557s
0824 02:55:24 ds4-server: chat ctx=0..183:183 prefill chunk 105/183 (57.4%) chunk=18.03 t/s avg=18.71 t/s 5.612s
0824 02:55:24 ds4-server: chat ctx=0..183:183 prefill chunk 106/183 (57.9%) chunk=18.04 t/s avg=18.70 t/s 5.668s
0824 02:55:24 ds4-server: chat ctx=0..183:183 prefill chunk 107/183 (58.5%) chunk=18.97 t/s avg=18.70 t/s 5.720s
0824 02:55:24 ds4-server: chat ctx=0..183:183 prefill chunk 108/183 (59.0%) chunk=17.93 t/s avg=18.70 t/s 5.776s
0824 02:55:24 ds4-server: chat ctx=0..183:183 prefill chunk 109/183 (59.6%) chunk=18.24 t/s avg=18.69 t/s 5.831s
0824 02:55:24 ds4-server: chat ctx=0..183:183 prefill chunk 110/183 (60.1%) chunk=18.43 t/s avg=18.69 t/s 5.885s
0824 02:55:24 ds4-server: chat ctx=0..183:183 prefill chunk 111/183 (60.7%) chunk=18.07 t/s avg=18.68 t/s 5.941s
0824 02:55:24 ds4-server: chat ctx=0..183:183 prefill chunk 112/183 (61.2%) chunk=17.52 t/s avg=18.67 t/s 5.998s
0824 02:55:24 ds4-server: chat ctx=0..183:183 prefill chunk 113/183 (61.7%) chunk=18.63 t/s avg=18.67 t/s 6.051s
0824 02:55:24 ds4-server: chat ctx=0..183:183 prefill chunk 114/183 (62.3%) chunk=18.39 t/s avg=18.67 t/s 6.106s
0824 02:55:24 ds4-server: chat ctx=0..183:183 prefill chunk 115/183 (62.8%) chunk=17.66 t/s avg=18.66 t/s 6.162s
0824 02:55:24 ds4-server: chat ctx=0..183:183 prefill chunk 116/183 (63.4%) chunk=18.78 t/s avg=18.66 t/s 6.216s
0824 02:55:24 ds4-server: chat ctx=0..183:183 prefill chunk 117/183 (63.9%) chunk=18.24 t/s avg=18.66 t/s 6.270s
0824 02:55:25 ds4-server: chat ctx=0..183:183 prefill chunk 118/183 (64.5%) chunk=17.57 t/s avg=18.65 t/s 6.327s
0824 02:55:25 ds4-server: chat ctx=0..183:183 prefill chunk 119/183 (65.0%) chunk=18.00 t/s avg=18.64 t/s 6.383s
0824 02:55:25 ds4-server: chat ctx=0..183:183 prefill chunk 120/183 (65.6%) chunk=17.58 t/s avg=18.63 t/s 6.440s
0824 02:55:25 ds4-server: chat ctx=0..183:183 prefill chunk 121/183 (66.1%) chunk=17.36 t/s avg=18.62 t/s 6.497s
0824 02:55:25 ds4-server: chat ctx=0..183:183 prefill chunk 122/183 (66.7%) chunk=18.82 t/s avg=18.62 t/s 6.551s
0824 02:55:25 ds4-server: chat ctx=0..183:183 prefill chunk 123/183 (67.2%) chunk=18.08 t/s avg=18.62 t/s 6.606s
0824 02:55:25 ds4-server: chat ctx=0..183:183 prefill chunk 124/183 (67.8%) chunk=18.60 t/s avg=18.62 t/s 6.660s
0824 02:55:25 ds4-server: chat ctx=0..183:183 prefill chunk 125/183 (68.3%) chunk=17.90 t/s avg=18.61 t/s 6.716s
0824 02:55:25 ds4-server: chat ctx=0..183:183 prefill chunk 126/183 (68.9%) chunk=17.56 t/s avg=18.60 t/s 6.772s
0824 02:55:25 ds4-server: chat ctx=0..183:183 prefill chunk 127/183 (69.4%) chunk=17.99 t/s avg=18.60 t/s 6.828s
0824 02:55:25 ds4-server: chat ctx=0..183:183 prefill chunk 128/183 (69.9%) chunk=18.10 t/s avg=18.60 t/s 6.883s
0824 02:55:25 ds4-server: chat ctx=0..183:183 prefill chunk 129/183 (70.5%) chunk=17.99 t/s avg=18.59 t/s 6.939s
0824 02:55:25 ds4-server: chat ctx=0..183:183 prefill chunk 130/183 (71.0%) chunk=17.72 t/s avg=18.58 t/s 6.995s
0824 02:55:25 ds4-server: chat ctx=0..183:183 prefill chunk 131/183 (71.6%) chunk=19.13 t/s avg=18.59 t/s 7.048s
0824 02:55:25 ds4-server: chat ctx=0..183:183 prefill chunk 132/183 (72.1%) chunk=17.74 t/s avg=18.58 t/s 7.104s
0824 02:55:25 ds4-server: chat ctx=0..183:183 prefill chunk 133/183 (72.7%) chunk=18.43 t/s avg=18.58 t/s 7.158s
0824 02:55:25 ds4-server: chat ctx=0..183:183 prefill chunk 134/183 (73.2%) chunk=18.58 t/s avg=18.58 t/s 7.212s
0824 02:55:25 ds4-server: chat ctx=0..183:183 prefill chunk 135/183 (73.8%) chunk=17.50 t/s avg=18.57 t/s 7.269s
0824 02:55:26 ds4-server: chat ctx=0..183:183 prefill chunk 136/183 (74.3%) chunk=17.66 t/s avg=18.56 t/s 7.326s
0824 02:55:26 ds4-server: chat ctx=0..183:183 prefill chunk 137/183 (74.9%) chunk=18.94 t/s avg=18.57 t/s 7.379s
0824 02:55:26 ds4-server: chat ctx=0..183:183 prefill chunk 138/183 (75.4%) chunk=17.12 t/s avg=18.56 t/s 7.437s
0824 02:55:26 ds4-server: chat ctx=0..183:183 prefill chunk 139/183 (76.0%) chunk=18.31 t/s avg=18.55 t/s 7.492s
0824 02:55:26 ds4-server: chat ctx=0..183:183 prefill chunk 140/183 (76.5%) chunk=18.54 t/s avg=18.55 t/s 7.546s
0824 02:55:26 ds4-server: chat ctx=0..183:183 prefill chunk 141/183 (77.0%) chunk=17.80 t/s avg=18.55 t/s 7.602s
0824 02:55:26 ds4-server: chat ctx=0..183:183 prefill chunk 142/183 (77.6%) chunk=17.57 t/s avg=18.54 t/s 7.659s
0824 02:55:26 ds4-server: chat ctx=0..183:183 prefill chunk 143/183 (78.1%) chunk=17.58 t/s avg=18.53 t/s 7.716s
0824 02:55:26 ds4-server: chat ctx=0..183:183 prefill chunk 144/183 (78.7%) chunk=17.90 t/s avg=18.53 t/s 7.771s
0824 02:55:26 ds4-server: chat ctx=0..183:183 prefill chunk 145/183 (79.2%) chunk=18.24 t/s avg=18.53 t/s 7.826s
0824 02:55:26 ds4-server: chat ctx=0..183:183 prefill chunk 146/183 (79.8%) chunk=17.86 t/s avg=18.52 t/s 7.882s
0824 02:55:26 ds4-server: chat ctx=0..183:183 prefill chunk 147/183 (80.3%) chunk=18.51 t/s avg=18.52 t/s 7.936s
0824 02:55:26 ds4-server: chat ctx=0..183:183 prefill chunk 148/183 (80.9%) chunk=18.05 t/s avg=18.52 t/s 7.992s
0824 02:55:26 ds4-server: chat ctx=0..183:183 prefill chunk 149/183 (81.4%) chunk=18.22 t/s avg=18.52 t/s 8.047s
0824 02:55:26 ds4-server: chat ctx=0..183:183 prefill chunk 150/183 (82.0%) chunk=17.84 t/s avg=18.51 t/s 8.103s
0824 02:55:26 ds4-server: chat ctx=0..183:183 prefill chunk 151/183 (82.5%) chunk=18.24 t/s avg=18.51 t/s 8.157s
0824 02:55:26 ds4-server: chat ctx=0..183:183 prefill chunk 152/183 (83.1%) chunk=17.97 t/s avg=18.51 t/s 8.213s
0824 02:55:26 ds4-server: chat ctx=0..183:183 prefill chunk 153/183 (83.6%) chunk=17.90 t/s avg=18.50 t/s 8.269s
0824 02:55:27 ds4-server: chat ctx=0..183:183 prefill chunk 154/183 (84.2%) chunk=18.40 t/s avg=18.50 t/s 8.323s
0824 02:55:27 ds4-server: chat ctx=0..183:183 prefill chunk 155/183 (84.7%) chunk=18.79 t/s avg=18.50 t/s 8.377s
0824 02:55:27 ds4-server: chat ctx=0..183:183 prefill chunk 156/183 (85.2%) chunk=17.78 t/s avg=18.50 t/s 8.433s
0824 02:55:27 ds4-server: chat ctx=0..183:183 prefill chunk 157/183 (85.8%) chunk=17.74 t/s avg=18.49 t/s 8.489s
0824 02:55:27 ds4-server: chat ctx=0..183:183 prefill chunk 158/183 (86.3%) chunk=17.68 t/s avg=18.49 t/s 8.546s
0824 02:55:27 ds4-server: chat ctx=0..183:183 prefill chunk 159/183 (86.9%) chunk=17.70 t/s avg=18.48 t/s 8.602s
0824 02:55:27 ds4-server: chat ctx=0..183:183 prefill chunk 160/183 (87.4%) chunk=17.57 t/s avg=18.48 t/s 8.659s
0824 02:55:27 ds4-server: chat ctx=0..183:183 prefill chunk 161/183 (88.0%) chunk=18.70 t/s avg=18.48 t/s 8.713s
0824 02:55:27 ds4-server: chat ctx=0..183:183 prefill chunk 162/183 (88.5%) chunk=17.32 t/s avg=18.47 t/s 8.770s
0824 02:55:27 ds4-server: chat ctx=0..183:183 prefill chunk 163/183 (89.1%) chunk=17.54 t/s avg=18.47 t/s 8.827s
0824 02:55:27 ds4-server: chat ctx=0..183:183 prefill chunk 164/183 (89.6%) chunk=18.25 t/s avg=18.46 t/s 8.882s
0824 02:55:27 ds4-server: chat ctx=0..183:183 prefill chunk 165/183 (90.2%) chunk=17.02 t/s avg=18.45 t/s 8.941s
0824 02:55:27 ds4-server: chat ctx=0..183:183 prefill chunk 166/183 (90.7%) chunk=17.82 t/s avg=18.45 t/s 8.997s
0824 02:55:27 ds4-server: chat ctx=0..183:183 prefill chunk 167/183 (91.3%) chunk=18.00 t/s avg=18.45 t/s 9.053s
0824 02:55:27 ds4-server: chat ctx=0..183:183 prefill chunk 168/183 (91.8%) chunk=17.54 t/s avg=18.44 t/s 9.110s
0824 02:55:27 ds4-server: chat ctx=0..183:183 prefill chunk 169/183 (92.3%) chunk=17.95 t/s avg=18.44 t/s 9.165s
0824 02:55:27 ds4-server: chat ctx=0..183:183 prefill chunk 170/183 (92.9%) chunk=17.63 t/s avg=18.43 t/s 9.222s
0824 02:55:27 ds4-server: chat ctx=0..183:183 prefill chunk 171/183 (93.4%) chunk=18.17 t/s avg=18.43 t/s 9.277s
0824 02:55:28 ds4-server: chat ctx=0..183:183 prefill chunk 172/183 (94.0%) chunk=17.29 t/s avg=18.43 t/s 9.335s
0824 02:55:28 ds4-server: chat ctx=0..183:183 prefill chunk 173/183 (94.5%) chunk=18.30 t/s avg=18.42 t/s 9.390s
0824 02:55:28 ds4-server: chat ctx=0..183:183 prefill chunk 174/183 (95.1%) chunk=17.73 t/s avg=18.42 t/s 9.446s
0824 02:55:28 ds4-server: chat ctx=0..183:183 prefill chunk 175/183 (95.6%) chunk=17.05 t/s avg=18.41 t/s 9.505s
0824 02:55:28 ds4-server: chat ctx=0..183:183 prefill chunk 176/183 (96.2%) chunk=17.95 t/s avg=18.41 t/s 9.560s
0824 02:55:28 ds4-server: chat ctx=0..183:183 prefill chunk 177/183 (96.7%) chunk=19.00 t/s avg=18.41 t/s 9.613s
0824 02:55:28 ds4-server: chat ctx=0..183:183 prefill chunk 178/183 (97.3%) chunk=17.71 t/s avg=18.41 t/s 9.669s
0824 02:55:28 ds4-server: chat ctx=0..183:183 prefill chunk 179/183 (97.8%) chunk=17.98 t/s avg=18.41 t/s 9.725s
0824 02:55:28 ds4-server: chat ctx=0..183:183 prefill chunk 180/183 (98.4%) chunk=19.45 t/s avg=18.41 t/s 9.776s
0824 02:55:28 ds4-server: chat ctx=0..183:183 prefill chunk 181/183 (98.9%) chunk=17.39 t/s avg=18.41 t/s 9.834s
0824 02:55:28 ds4-server: chat ctx=0..183:183 prefill chunk 182/183 (99.5%) chunk=19.78 t/s avg=18.41 t/s 9.884s
ds4: qwen35moe experts/token avg over 128 tokens: 0:14.4 1:13.3 2:14.5 3:16.3 4:15.5 5:15.1 6:15.8 7:15.4 8:16.2 9:16.3 10:15.0 11:14.5 12:15.9 13:14.7 14:15.1 15:16.0 16:15.2 17:14.9 18:15.9 19:15.3 20:16.5 21:16.1 22:15.5 23:15.1 24:16.6 25:15.0 26:15.6 27:16.4 28:16.1 29:16.8 30:16.8 31:16.9 32:16.5 33:17.3 34:17.0 35:18.3 36:18.8 37:18.9 38:19.2 39:19.0 | mean 16.1
0824 02:55:28 ds4-server: chat ctx=0..183:183 prefill chunk 183/183 (100.0%) chunk=19.12 t/s avg=18.42 t/s 9.937s
0824 02:55:28 ds4-server: chat ctx=0..183:183 prompt done 9.937s
0824 02:55:31 ds4-server: chat ctx=183..233:50 gen=50 THINKING decoding chunk=18.18 t/s avg=18.18 t/s 2.750s
0824 02:55:34 ds4-server: chat ctx=233..283:50 gen=100 THINKING decoding chunk=18.09 t/s avg=18.14 t/s 5.513s
ds4: qwen35moe experts/token avg over 128 tokens: 0:14.1 1:14.0 2:14.7 3:16.1 4:15.3 5:15.1 6:15.3 7:15.8 8:16.9 9:16.8 10:14.5 11:13.8 12:15.6 13:15.1 14:15.6 15:15.9 16:15.7 17:16.2 18:15.7 19:15.4 20:16.5 21:16.1 22:15.1 23:14.9 24:16.0 25:15.8 26:16.3 27:16.1 28:15.7 29:15.5 30:17.0 31:17.0 32:16.2 33:15.3 34:16.3 35:17.1 36:16.8 37:18.0 38:18.8 39:17.6 | mean 15.9
0824 02:55:36 ds4-server: chat ctx=283..333:50 gen=150 THINKING decoding chunk=17.86 t/s avg=18.04 t/s 8.313s
0824 02:55:39 ds4-server: chat ctx=333..383:50 gen=200 THINKING decoding chunk=17.80 t/s avg=17.98 t/s 11.123s
0824 02:55:42 ds4-server: chat ctx=383..433:50 gen=250 THINKING decoding chunk=17.55 t/s avg=17.89 t/s 13.972s
ds4: qwen35moe experts/token avg over 128 tokens: 0:14.8 1:15.3 2:15.9 3:17.3 4:16.6 5:16.6 6:15.6 7:16.7 8:17.6 9:16.9 10:15.8 11:14.0 12:16.0 13:15.3 14:16.4 15:16.4 16:15.3 17:16.5 18:15.2 19:16.7 20:17.3 21:16.6 22:15.0 23:14.8 24:15.6 25:15.2 26:16.1 27:16.0 28:15.6 29:16.0 30:17.0 31:18.0 32:16.6 33:16.1 34:16.9 35:16.9 36:17.4 37:18.1 38:19.0 39:17.5 | mean 16.3
0824 02:55:45 ds4-server: chat ctx=433..483:50 gen=300 THINKING decoding chunk=17.58 t/s avg=17.84 t/s 16.817s
0824 02:55:48 ds4-server: chat ctx=483..533:50 gen=350 THINKING decoding chunk=17.23 t/s avg=17.75 t/s 19.719s
ds4: qwen35moe experts/token avg over 128 tokens: 0:15.1 1:15.4 2:15.6 3:16.7 4:16.6 5:16.5 6:16.2 7:17.4 8:17.7 9:17.8 10:15.9 11:15.1 12:16.4 13:15.9 14:16.9 15:16.2 16:15.9 17:16.4 18:16.2 19:16.7 20:17.7 21:17.6 22:15.6 23:15.2 24:15.8 25:16.1 26:16.9 27:16.3 28:15.8 29:17.0 30:17.0 31:17.5 32:16.6 33:16.5 34:16.2 35:18.0 36:16.8 37:18.2 38:18.6 39:17.4 | mean 16.6
0824 02:55:51 ds4-server: chat ctx=533..583:50 gen=400 THINKING decoding chunk=17.16 t/s avg=17.67 t/s 22.633s
0824 02:55:54 ds4-server: chat ctx=583..633:50 gen=450 THINKING decoding chunk=17.21 t/s avg=17.62 t/s 25.538s
0824 02:55:57 ds4-server: chat ctx=633..683:50 gen=500 THINKING decoding chunk=17.20 t/s avg=17.58 t/s 28.445s
ds4: qwen35moe experts/token avg over 128 tokens: 0:15.0 1:15.2 2:15.4 3:17.0 4:17.0 5:16.8 6:16.9 7:17.2 8:17.8 9:17.3 10:15.4 11:14.4 12:16.7 13:15.6 14:16.1 15:17.0 16:15.6 17:16.6 18:15.5 19:16.7 20:17.1 21:16.3 22:15.8 23:15.2 24:15.8 25:16.0 26:16.1 27:16.3 28:16.0 29:15.8 30:16.9 31:17.2 32:16.3 33:16.2 34:16.7 35:16.4 36:16.7 37:17.9 38:18.6 39:17.0 | mean 16.4
0824 02:55:59 ds4-server: chat ctx=683..733:50 gen=550 THINKING decoding chunk=17.28 t/s avg=17.55 t/s 31.339s
0824 02:56:02 ds4-server: chat ctx=733..783:50 gen=600 THINKING decoding chunk=17.10 t/s avg=17.51 t/s 34.263s
ds4: qwen35moe experts/token avg over 128 tokens: 0:15.1 1:15.3 2:14.8 3:16.6 4:16.8 5:16.3 6:16.0 7:17.0 8:17.5 9:17.9 10:16.0 11:14.9 12:16.3 13:15.5 14:16.4 15:16.2 16:16.2 17:16.2 18:16.0 19:16.1 20:16.9 21:16.4 22:15.3 23:15.2 24:16.1 25:15.5 26:15.7 27:16.3 28:16.0 29:16.0 30:16.2 31:16.4 32:15.4 33:15.4 34:15.9 35:16.3 36:16.8 37:17.8 38:18.4 39:16.9 | mean 16.2
0824 02:56:05 ds4-server: chat ctx=783..833:50 gen=650 THINKING decoding chunk=16.84 t/s avg=17.46 t/s 37.232s
0824 02:56:08 ds4-server: chat ctx=833..883:50 gen=700 THINKING decoding chunk=16.75 t/s avg=17.41 t/s 40.216s
0824 02:56:11 ds4-server: chat ctx=883..933:50 gen=750 THINKING decoding chunk=16.61 t/s avg=17.35 t/s 43.226s
ds4: qwen35moe experts/token avg over 128 tokens: 0:15.6 1:15.5 2:15.7 3:17.5 4:16.8 5:17.1 6:16.2 7:17.9 8:18.3 9:18.2 10:16.3 11:14.4 12:16.5 13:15.8 14:17.1 15:17.3 16:15.1 17:17.0 18:15.5 19:17.3 20:17.6 21:17.3 22:15.6 23:14.6 24:15.2 25:15.4 26:16.4 27:16.6 28:16.0 29:16.4 30:16.9 31:17.9 32:16.2 33:15.8 34:16.5 35:16.5 36:16.5 37:17.2 38:18.5 39:16.5 | mean 16.5
0824 02:56:14 ds4-server: chat ctx=933..983:50 gen=800 THINKING decoding chunk=16.40 t/s avg=17.29 t/s 46.274s
0824 02:56:17 ds4-server: chat ctx=983..1033:50 gen=850 THINKING decoding chunk=16.50 t/s avg=17.24 t/s 49.305s
ds4: qwen35moe experts/token avg over 128 tokens: 0:15.4 1:15.7 2:16.3 3:17.5 4:17.3 5:17.4 6:17.2 7:17.6 8:17.9 9:18.1 10:16.7 11:15.2 12:16.9 13:16.2 14:17.9 15:17.5 16:17.1 17:17.3 18:16.4 19:17.9 20:17.6 21:17.6 22:16.4 23:16.1 24:17.1 25:16.9 26:17.1 27:17.0 28:17.0 29:16.8 30:16.9 31:17.2 32:16.4 33:16.5 34:16.4 35:17.5 36:17.3 37:17.9 38:18.5 39:17.7 | mean 17.0
0824 02:56:21 ds4-server: chat ctx=1033..1083:50 gen=900 THINKING decoding chunk=16.13 t/s avg=17.17 t/s 52.405s
0824 02:56:24 ds4-server: chat ctx=1083..1133:50 gen=950 THINKING decoding chunk=15.90 t/s avg=17.10 t/s 55.550s
0824 02:56:27 ds4-server: chat ctx=1133..1183:50 gen=1000 decoding chunk=16.08 t/s avg=17.05 t/s 58.660s
ds4: qwen35moe experts/token avg over 128 tokens: 0:15.2 1:15.9 2:16.1 3:17.3 4:17.4 5:17.1 6:16.6 7:18.2 8:18.7 9:18.2 10:16.9 11:15.8 12:17.1 13:17.2 14:18.3 15:17.1 16:16.4 17:17.9 18:17.1 19:17.3 20:18.5 21:18.0 22:16.3 23:16.4 24:17.2 25:16.7 26:17.3 27:16.4 28:17.0 29:17.3 30:17.2 31:17.6 32:16.9 33:17.2 34:17.2 35:18.3 36:18.4 37:18.9 38:19.2 39:18.3 | mean 17.3
0824 02:56:30 ds4-server: chat ctx=1183..1233:50 gen=1050 decoding chunk=16.22 t/s avg=17.01 t/s 61.743s
0824 02:56:33 ds4-server: chat ctx=1233..1283:50 gen=1100 decoding chunk=15.90 t/s avg=16.95 t/s 64.888s
0824 02:56:36 ds4-server: chat ctx=1283..1333:50 gen=1150 decoding chunk=16.09 t/s avg=16.91 t/s 67.995s
ds4: qwen35moe experts/token avg over 128 tokens: 0:15.5 1:15.1 2:15.8 3:17.0 4:16.8 5:17.1 6:16.5 7:17.6 8:18.3 9:18.5 10:16.8 11:15.9 12:17.3 13:16.0 14:17.4 15:17.5 16:16.3 17:16.3 18:16.8 19:16.6 20:17.8 21:17.2 22:16.0 23:15.6 24:16.4 25:16.3 26:16.3 27:17.0 28:16.0 29:16.8 30:16.5 31:16.0 32:15.3 33:15.1 34:16.7 35:17.1 36:17.7 37:18.1 38:18.8 39:18.2 | mean 16.8
0824 02:56:39 ds4-server: chat ctx=1333..1383:50 gen=1200 decoding chunk=15.87 t/s avg=16.87 t/s 71.146s
0824 02:56:42 ds4-server: chat ctx=1383..1433:50 gen=1250 decoding chunk=15.86 t/s avg=16.82 t/s 74.299s
ds4: qwen35moe experts/token avg over 128 tokens: 0:15.9 1:16.1 2:16.5 3:17.7 4:17.1 5:17.2 6:16.8 7:17.4 8:18.6 9:17.6 10:16.7 11:15.2 12:16.8 13:15.9 14:16.9 15:17.0 16:15.7 17:16.6 18:16.2 19:16.9 20:17.4 21:16.9 22:15.7 23:14.6 24:15.9 25:15.8 26:16.5 27:17.0 28:15.6 29:16.3 30:16.8 31:17.5 32:16.5 33:15.4 34:16.3 35:16.8 36:17.4 37:17.3 38:19.2 39:17.9 | mean 16.7
0824 02:56:46 ds4-server: chat ctx=1433..1483:50 gen=1300 decoding chunk=15.91 t/s avg=16.79 t/s 77.441s
0824 02:56:49 ds4-server: chat ctx=1483..1533:50 gen=1350 decoding chunk=15.64 t/s avg=16.74 t/s 80.639s
0824 02:56:52 ds4-server: chat ctx=1533..1583:50 gen=1400 decoding chunk=15.35 t/s avg=16.69 t/s 83.897s
ds4: qwen35moe experts/token avg over 128 tokens: 0:15.3 1:16.1 2:15.9 3:17.8 4:18.0 5:17.7 6:17.5 7:18.2 8:18.4 9:18.2 10:17.1 11:16.2 12:17.7 13:16.8 14:17.9 15:17.4 16:16.6 17:16.7 18:16.3 19:17.1 20:17.6 21:16.9 22:16.6 23:15.2 24:16.4 25:16.1 26:16.9 27:16.9 28:16.4 29:16.2 30:16.8 31:17.4 32:16.4 33:15.7 34:16.0 35:16.1 36:17.5 37:18.2 38:19.1 39:17.7 | mean 17.0
0824 02:56:55 ds4-server: chat ctx=1583..1628:45 gen=1445 decoding chunk=15.42 t/s avg=16.64 t/s 86.815s
0824 02:56:55 ds4-server: thinking live checkpoint remembered ctx=0..183:183 live=1628 visible=2927
0824 02:56:55 ds4-server: chat ctx=0..183:183 gen=1445 finish=stop 96.752s
0824 02:56:55 ds4-server: live kv cache miss live=1628 prompt=113 common=48 reason=token-mismatch
0824 02:56:55 ds4-server: chat ctx=0..113:113 prompt start
0824 02:56:55 ds4-server: chat ctx=0..113:113 prefill chunk 1/113 (0.9%) chunk=0.00 t/s avg=19.92 t/s 0.050s
0824 02:56:55 ds4-server: chat ctx=0..113:113 prefill chunk 2/113 (1.8%) chunk=19.33 t/s avg=19.62 t/s 0.102s
0824 02:56:55 ds4-server: chat ctx=0..113:113 prefill chunk 3/113 (2.7%) chunk=19.93 t/s avg=19.72 t/s 0.152s
0824 02:56:55 ds4-server: chat ctx=0..113:113 prefill chunk 4/113 (3.5%) chunk=19.21 t/s avg=19.59 t/s 0.204s
0824 02:56:55 ds4-server: chat ctx=0..113:113 prefill chunk 5/113 (4.4%) chunk=19.61 t/s avg=19.60 t/s 0.255s
0824 02:56:55 ds4-server: chat ctx=0..113:113 prefill chunk 6/113 (5.3%) chunk=18.93 t/s avg=19.48 t/s 0.308s
0824 02:56:55 ds4-server: chat ctx=0..113:113 prefill chunk 7/113 (6.2%) chunk=19.98 t/s avg=19.55 t/s 0.358s
0824 02:56:55 ds4-server: chat ctx=0..113:113 prefill chunk 8/113 (7.1%) chunk=18.63 t/s avg=19.43 t/s 0.412s
0824 02:56:55 ds4-server: chat ctx=0..113:113 prefill chunk 9/113 (8.0%) chunk=19.99 t/s avg=19.49 t/s 0.462s
0824 02:56:55 ds4-server: chat ctx=0..113:113 prefill chunk 10/113 (8.8%) chunk=19.29 t/s avg=19.47 t/s 0.514s
0824 02:56:56 ds4-server: chat ctx=0..113:113 prefill chunk 11/113 (9.7%) chunk=19.56 t/s avg=19.48 t/s 0.565s
0824 02:56:56 ds4-server: chat ctx=0..113:113 prefill chunk 12/113 (10.6%) chunk=18.69 t/s avg=19.41 t/s 0.618s
0824 02:56:56 ds4-server: chat ctx=0..113:113 prefill chunk 13/113 (11.5%) chunk=18.69 t/s avg=19.35 t/s 0.672s
0824 02:56:56 ds4-server: chat ctx=0..113:113 prefill chunk 14/113 (12.4%) chunk=19.13 t/s avg=19.34 t/s 0.724s
0824 02:56:56 ds4-server: chat ctx=0..113:113 prefill chunk 15/113 (13.3%) chunk=18.44 t/s avg=19.28 t/s 0.778s
0824 02:56:56 ds4-server: chat ctx=0..113:113 prefill chunk 16/113 (14.2%) chunk=19.18 t/s avg=19.27 t/s 0.830s
0824 02:56:56 ds4-server: chat ctx=0..113:113 prefill chunk 17/113 (15.0%) chunk=18.67 t/s avg=19.23 t/s 0.884s
0824 02:56:56 ds4-server: chat ctx=0..113:113 prefill chunk 18/113 (15.9%) chunk=18.82 t/s avg=19.21 t/s 0.937s
0824 02:56:56 ds4-server: chat ctx=0..113:113 prefill chunk 19/113 (16.8%) chunk=18.95 t/s avg=19.20 t/s 0.990s
0824 02:56:56 ds4-server: chat ctx=0..113:113 prefill chunk 20/113 (17.7%) chunk=17.82 t/s avg=19.12 t/s 1.046s
0824 02:56:56 ds4-server: chat ctx=0..113:113 prefill chunk 21/113 (18.6%) chunk=19.36 t/s avg=19.13 t/s 1.098s
0824 02:56:56 ds4-server: chat ctx=0..113:113 prefill chunk 22/113 (19.5%) chunk=19.13 t/s avg=19.13 t/s 1.150s
0824 02:56:56 ds4-server: chat ctx=0..113:113 prefill chunk 23/113 (20.4%) chunk=19.23 t/s avg=19.14 t/s 1.202s
0824 02:56:56 ds4-server: chat ctx=0..113:113 prefill chunk 24/113 (21.2%) chunk=19.60 t/s avg=19.16 t/s 1.253s
0824 02:56:56 ds4-server: chat ctx=0..113:113 prefill chunk 25/113 (22.1%) chunk=19.11 t/s avg=19.15 t/s 1.305s
0824 02:56:56 ds4-server: chat ctx=0..113:113 prefill chunk 26/113 (23.0%) chunk=19.50 t/s avg=19.17 t/s 1.356s
0824 02:56:56 ds4-server: chat ctx=0..113:113 prefill chunk 27/113 (23.9%) chunk=18.73 t/s avg=19.15 t/s 1.410s
0824 02:56:56 ds4-server: chat ctx=0..113:113 prefill chunk 28/113 (24.8%) chunk=19.70 t/s avg=19.17 t/s 1.461s
0824 02:56:56 ds4-server: chat ctx=0..113:113 prefill chunk 29/113 (25.7%) chunk=18.35 t/s avg=19.14 t/s 1.515s
0824 02:56:57 ds4-server: chat ctx=0..113:113 prefill chunk 30/113 (26.5%) chunk=18.52 t/s avg=19.12 t/s 1.569s
0824 02:56:57 ds4-server: chat ctx=0..113:113 prefill chunk 31/113 (27.4%) chunk=19.00 t/s avg=19.12 t/s 1.622s
0824 02:56:57 ds4-server: chat ctx=0..113:113 prefill chunk 32/113 (28.3%) chunk=18.34 t/s avg=19.09 t/s 1.676s
0824 02:56:57 ds4-server: chat ctx=0..113:113 prefill chunk 33/113 (29.2%) chunk=19.40 t/s avg=19.10 t/s 1.728s
0824 02:56:57 ds4-server: chat ctx=0..113:113 prefill chunk 34/113 (30.1%) chunk=18.62 t/s avg=19.08 t/s 1.782s
0824 02:56:57 ds4-server: chat ctx=0..113:113 prefill chunk 35/113 (31.0%) chunk=18.05 t/s avg=19.05 t/s 1.837s
0824 02:56:57 ds4-server: chat ctx=0..113:113 prefill chunk 36/113 (31.9%) chunk=19.07 t/s avg=19.05 t/s 1.889s
0824 02:56:57 ds4-server: chat ctx=0..113:113 prefill chunk 37/113 (32.7%) chunk=17.53 t/s avg=19.01 t/s 1.946s
0824 02:56:57 ds4-server: chat ctx=0..113:113 prefill chunk 38/113 (33.6%) chunk=17.79 t/s avg=18.98 t/s 2.003s
0824 02:56:57 ds4-server: chat ctx=0..113:113 prefill chunk 39/113 (34.5%) chunk=18.67 t/s avg=18.97 t/s 2.056s
0824 02:56:57 ds4-server: chat ctx=0..113:113 prefill chunk 40/113 (35.4%) chunk=18.23 t/s avg=18.95 t/s 2.111s
0824 02:56:57 ds4-server: chat ctx=0..113:113 prefill chunk 41/113 (36.3%) chunk=18.80 t/s avg=18.94 t/s 2.164s
0824 02:56:57 ds4-server: chat ctx=0..113:113 prefill chunk 42/113 (37.2%) chunk=18.40 t/s avg=18.93 t/s 2.219s
0824 02:56:57 ds4-server: chat ctx=0..113:113 prefill chunk 43/113 (38.1%) chunk=19.01 t/s avg=18.93 t/s 2.271s
0824 02:56:57 ds4-server: chat ctx=0..113:113 prefill chunk 44/113 (38.9%) chunk=19.32 t/s avg=18.94 t/s 2.323s
0824 02:56:57 ds4-server: chat ctx=0..113:113 prefill chunk 45/113 (39.8%) chunk=18.34 t/s avg=18.93 t/s 2.377s
0824 02:56:57 ds4-server: chat ctx=0..113:113 prefill chunk 46/113 (40.7%) chunk=19.04 t/s avg=18.93 t/s 2.430s
0824 02:56:57 ds4-server: chat ctx=0..113:113 prefill chunk 47/113 (41.6%) chunk=18.20 t/s avg=18.91 t/s 2.485s
0824 02:56:58 ds4-server: chat ctx=0..113:113 prefill chunk 48/113 (42.5%) chunk=18.17 t/s avg=18.90 t/s 2.540s
0824 02:56:58 ds4-server: chat ctx=0..113:113 prefill chunk 49/113 (43.4%) chunk=19.87 t/s avg=18.92 t/s 2.590s
0824 02:56:58 ds4-server: chat ctx=0..113:113 prefill chunk 50/113 (44.2%) chunk=18.94 t/s avg=18.92 t/s 2.643s
0824 02:56:58 ds4-server: chat ctx=0..113:113 prefill chunk 51/113 (45.1%) chunk=19.29 t/s avg=18.92 t/s 2.695s
0824 02:56:58 ds4-server: chat ctx=0..113:113 prefill chunk 52/113 (46.0%) chunk=18.81 t/s avg=18.92 t/s 2.748s
0824 02:56:58 ds4-server: chat ctx=0..113:113 prefill chunk 53/113 (46.9%) chunk=18.24 t/s avg=18.91 t/s 2.803s
0824 02:56:58 ds4-server: chat ctx=0..113:113 prefill chunk 54/113 (47.8%) chunk=19.29 t/s avg=18.92 t/s 2.855s
0824 02:56:58 ds4-server: chat ctx=0..113:113 prefill chunk 55/113 (48.7%) chunk=18.98 t/s avg=18.92 t/s 2.907s
0824 02:56:58 ds4-server: chat ctx=0..113:113 prefill chunk 56/113 (49.6%) chunk=20.13 t/s avg=18.94 t/s 2.957s
0824 02:56:58 ds4-server: chat ctx=0..113:113 prefill chunk 57/113 (50.4%) chunk=19.48 t/s avg=18.95 t/s 3.008s
0824 02:56:58 ds4-server: chat ctx=0..113:113 prefill chunk 58/113 (51.3%) chunk=19.77 t/s avg=18.96 t/s 3.059s
0824 02:56:58 ds4-server: chat ctx=0..113:113 prefill chunk 59/113 (52.2%) chunk=19.35 t/s avg=18.97 t/s 3.111s
0824 02:56:58 ds4-server: chat ctx=0..113:113 prefill chunk 60/113 (53.1%) chunk=20.00 t/s avg=18.98 t/s 3.161s
0824 02:56:58 ds4-server: chat ctx=0..113:113 prefill chunk 61/113 (54.0%) chunk=18.58 t/s avg=18.98 t/s 3.214s
0824 02:56:58 ds4-server: chat ctx=0..113:113 prefill chunk 62/113 (54.9%) chunk=18.28 t/s avg=18.96 t/s 3.269s
0824 02:56:58 ds4-server: chat ctx=0..113:113 prefill chunk 63/113 (55.8%) chunk=18.42 t/s avg=18.96 t/s 3.323s
0824 02:56:58 ds4-server: chat ctx=0..113:113 prefill chunk 64/113 (56.6%) chunk=17.86 t/s avg=18.94 t/s 3.379s
0824 02:56:58 ds4-server: chat ctx=0..113:113 prefill chunk 65/113 (57.5%) chunk=18.33 t/s avg=18.93 t/s 3.434s
0824 02:56:58 ds4-server: chat ctx=0..113:113 prefill chunk 66/113 (58.4%) chunk=18.30 t/s avg=18.92 t/s 3.489s
0824 02:56:59 ds4-server: chat ctx=0..113:113 prefill chunk 67/113 (59.3%) chunk=18.38 t/s avg=18.91 t/s 3.543s
0824 02:56:59 ds4-server: chat ctx=0..113:113 prefill chunk 68/113 (60.2%) chunk=19.15 t/s avg=18.91 t/s 3.595s
0824 02:56:59 ds4-server: chat ctx=0..113:113 prefill chunk 69/113 (61.1%) chunk=18.25 t/s avg=18.90 t/s 3.650s
0824 02:56:59 ds4-server: chat ctx=0..113:113 prefill chunk 70/113 (61.9%) chunk=18.51 t/s avg=18.90 t/s 3.704s
0824 02:56:59 ds4-server: chat ctx=0..113:113 prefill chunk 71/113 (62.8%) chunk=18.79 t/s avg=18.90 t/s 3.757s
0824 02:56:59 ds4-server: chat ctx=0..113:113 prefill chunk 72/113 (63.7%) chunk=18.38 t/s avg=18.89 t/s 3.812s
0824 02:56:59 ds4-server: chat ctx=0..113:113 prefill chunk 73/113 (64.6%) chunk=18.92 t/s avg=18.89 t/s 3.865s
0824 02:56:59 ds4-server: chat ctx=0..113:113 prefill chunk 74/113 (65.5%) chunk=18.71 t/s avg=18.89 t/s 3.918s
0824 02:56:59 ds4-server: chat ctx=0..113:113 prefill chunk 75/113 (66.4%) chunk=18.15 t/s avg=18.88 t/s 3.973s
0824 02:56:59 ds4-server: chat ctx=0..113:113 prefill chunk 76/113 (67.3%) chunk=19.51 t/s avg=18.88 t/s 4.024s
0824 02:56:59 ds4-server: chat ctx=0..113:113 prefill chunk 77/113 (68.1%) chunk=18.50 t/s avg=18.88 t/s 4.078s
0824 02:56:59 ds4-server: chat ctx=0..113:113 prefill chunk 78/113 (69.0%) chunk=18.57 t/s avg=18.88 t/s 4.132s
0824 02:56:59 ds4-server: chat ctx=0..113:113 prefill chunk 79/113 (69.9%) chunk=19.47 t/s avg=18.88 t/s 4.184s
0824 02:56:59 ds4-server: chat ctx=0..113:113 prefill chunk 80/113 (70.8%) chunk=18.54 t/s avg=18.88 t/s 4.238s
0824 02:56:59 ds4-server: chat ctx=0..113:113 prefill chunk 81/113 (71.7%) chunk=19.08 t/s avg=18.88 t/s 4.290s
0824 02:56:59 ds4-server: chat ctx=0..113:113 prefill chunk 82/113 (72.6%) chunk=18.41 t/s avg=18.88 t/s 4.344s
0824 02:56:59 ds4-server: chat ctx=0..113:113 prefill chunk 83/113 (73.5%) chunk=18.91 t/s avg=18.88 t/s 4.397s
0824 02:56:59 ds4-server: chat ctx=0..113:113 prefill chunk 84/113 (74.3%) chunk=17.54 t/s avg=18.86 t/s 4.454s
0824 02:56:59 ds4-server: chat ctx=0..113:113 prefill chunk 85/113 (75.2%) chunk=18.01 t/s avg=18.85 t/s 4.510s
0824 02:57:00 ds4-server: chat ctx=0..113:113 prefill chunk 86/113 (76.1%) chunk=17.61 t/s avg=18.83 t/s 4.567s
0824 02:57:00 ds4-server: chat ctx=0..113:113 prefill chunk 87/113 (77.0%) chunk=18.32 t/s avg=18.83 t/s 4.621s
0824 02:57:00 ds4-server: chat ctx=0..113:113 prefill chunk 88/113 (77.9%) chunk=18.31 t/s avg=18.82 t/s 4.676s
0824 02:57:00 ds4-server: chat ctx=0..113:113 prefill chunk 89/113 (78.8%) chunk=18.51 t/s avg=18.82 t/s 4.730s
0824 02:57:00 ds4-server: chat ctx=0..113:113 prefill chunk 90/113 (79.6%) chunk=17.94 t/s avg=18.81 t/s 4.786s
ds4: qwen35moe experts/token avg over 128 tokens: 0:14.4 1:14.7 2:14.8 3:15.8 4:16.1 5:15.5 6:15.4 7:16.1 8:16.4 9:15.9 10:14.6 11:14.8 12:15.7 13:15.2 14:15.4 15:15.5 16:15.5 17:15.1 18:15.2 19:15.4 20:16.6 21:15.5 22:15.0 23:14.9 24:15.2 25:14.9 26:15.2 27:15.8 28:15.4 29:15.5 30:15.5 31:15.9 32:16.0 33:16.4 34:16.1 35:18.2 36:18.1 37:18.6 38:19.1 39:18.2 | mean 15.8
0824 02:57:00 ds4-server: chat ctx=0..113:113 prefill chunk 91/113 (80.5%) chunk=17.42 t/s avg=18.79 t/s 4.843s
0824 02:57:00 ds4-server: chat ctx=0..113:113 prefill chunk 92/113 (81.4%) chunk=18.00 t/s avg=18.78 t/s 4.898s
0824 02:57:00 ds4-server: chat ctx=0..113:113 prefill chunk 93/113 (82.3%) chunk=18.33 t/s avg=18.78 t/s 4.953s
0824 02:57:00 ds4-server: chat ctx=0..113:113 prefill chunk 94/113 (83.2%) chunk=18.43 t/s avg=18.77 t/s 5.007s
0824 02:57:00 ds4-server: chat ctx=0..113:113 prefill chunk 95/113 (84.1%) chunk=17.99 t/s avg=18.76 t/s 5.063s
0824 02:57:00 ds4-server: chat ctx=0..113:113 prefill chunk 96/113 (85.0%) chunk=18.01 t/s avg=18.76 t/s 5.118s
0824 02:57:00 ds4-server: chat ctx=0..113:113 prefill chunk 97/113 (85.8%) chunk=17.20 t/s avg=18.74 t/s 5.177s
0824 02:57:00 ds4-server: chat ctx=0..113:113 prefill chunk 98/113 (86.7%) chunk=18.44 t/s avg=18.74 t/s 5.231s
0824 02:57:00 ds4-server: chat ctx=0..113:113 prefill chunk 99/113 (87.6%) chunk=17.90 t/s avg=18.73 t/s 5.287s
0824 02:57:00 ds4-server: chat ctx=0..113:113 prefill chunk 100/113 (88.5%) chunk=17.81 t/s avg=18.72 t/s 5.343s
0824 02:57:00 ds4-server: chat ctx=0..113:113 prefill chunk 101/113 (89.4%) chunk=18.45 t/s avg=18.71 t/s 5.397s
0824 02:57:00 ds4-server: chat ctx=0..113:113 prefill chunk 102/113 (90.3%) chunk=18.13 t/s avg=18.71 t/s 5.452s
0824 02:57:00 ds4-server: chat ctx=0..113:113 prefill chunk 103/113 (91.2%) chunk=17.73 t/s avg=18.70 t/s 5.509s
0824 02:57:01 ds4-server: chat ctx=0..113:113 prefill chunk 104/113 (92.0%) chunk=18.72 t/s avg=18.70 t/s 5.562s
0824 02:57:01 ds4-server: chat ctx=0..113:113 prefill chunk 105/113 (92.9%) chunk=18.14 t/s avg=18.69 t/s 5.617s
0824 02:57:01 ds4-server: chat ctx=0..113:113 prefill chunk 106/113 (93.8%) chunk=18.08 t/s avg=18.69 t/s 5.672s
0824 02:57:01 ds4-server: chat ctx=0..113:113 prefill chunk 107/113 (94.7%) chunk=19.27 t/s avg=18.69 t/s 5.724s
0824 02:57:01 ds4-server: chat ctx=0..113:113 prefill chunk 108/113 (95.6%) chunk=17.76 t/s avg=18.68 t/s 5.781s
0824 02:57:01 ds4-server: chat ctx=0..113:113 prefill chunk 109/113 (96.5%) chunk=17.53 t/s avg=18.67 t/s 5.838s
0824 02:57:01 ds4-server: chat ctx=0..113:113 prefill chunk 110/113 (97.3%) chunk=19.69 t/s avg=18.68 t/s 5.888s
0824 02:57:01 ds4-server: chat ctx=0..113:113 prefill chunk 111/113 (98.2%) chunk=17.32 t/s avg=18.67 t/s 5.946s
0824 02:57:01 ds4-server: chat ctx=0..113:113 prefill chunk 112/113 (99.1%) chunk=19.97 t/s avg=18.68 t/s 5.996s
0824 02:57:01 ds4-server: chat ctx=0..113:113 prefill chunk 113/113 (100.0%) chunk=19.58 t/s avg=18.69 t/s 6.047s
0824 02:57:01 ds4-server: chat ctx=0..113:113 prompt done 6.047s
0824 02:57:04 ds4-server: chat ctx=113..163:50 gen=50 THINKING decoding chunk=18.31 t/s avg=18.31 t/s 2.730s
0824 02:57:07 ds4-server: chat ctx=163..213:50 gen=100 THINKING decoding chunk=17.89 t/s avg=18.10 t/s 5.525s
ds4: qwen35moe experts/token avg over 128 tokens: 0:14.7 1:14.5 2:14.9 3:16.5 4:16.4 5:16.3 6:16.2 7:16.7 8:16.8 9:16.5 10:14.8 11:14.9 12:16.3 13:15.9 14:16.1 15:16.7 16:16.1 17:16.3 18:15.8 19:16.1 20:17.1 21:16.5 22:15.5 23:15.0 24:15.8 25:16.2 26:16.0 27:17.1 28:15.2 29:16.0 30:16.0 31:17.4 32:16.0 33:15.3 34:15.6 35:17.2 36:17.4 37:18.2 38:19.5 39:17.9 | mean 16.2
0824 02:57:09 ds4-server: chat ctx=213..263:50 gen=150 THINKING decoding chunk=17.51 t/s avg=17.90 t/s 8.381s
0824 02:57:12 ds4-server: chat ctx=263..313:50 gen=200 THINKING decoding chunk=17.47 t/s avg=17.79 t/s 11.243s
ds4: qwen35moe experts/token avg over 128 tokens: 0:15.1 1:15.7 2:15.9 3:17.7 4:17.4 5:17.5 6:17.6 7:18.3 8:18.0 9:18.0 10:16.0 11:16.4 12:17.0 13:17.9 14:16.8 15:17.5 16:17.5 17:17.5 18:17.8 19:17.5 20:18.5 21:18.0 22:17.1 23:16.0 24:17.2 25:18.2 26:18.4 27:18.6 28:17.9 29:17.8 30:18.4 31:18.6 32:17.8 33:17.9 34:17.8 35:18.5 36:19.0 37:19.1 38:19.5 39:19.4 | mean 17.7
0824 02:57:15 ds4-server: chat ctx=313..363:50 gen=250 THINKING decoding chunk=17.28 t/s avg=17.68 t/s 14.138s
0824 02:57:18 ds4-server: chat ctx=363..413:50 gen=300 THINKING decoding chunk=17.36 t/s avg=17.63 t/s 17.017s
0824 02:57:21 ds4-server: chat ctx=413..463:50 gen=350 THINKING decoding chunk=17.10 t/s avg=17.55 t/s 19.941s
ds4: qwen35moe experts/token avg over 128 tokens: 0:15.0 1:16.1 2:15.7 3:17.4 4:17.8 5:17.7 6:17.6 7:18.5 8:18.0 9:18.1 10:16.0 11:16.1 12:16.9 13:17.1 14:17.1 15:17.7 16:17.3 17:17.5 18:16.7 19:16.9 20:18.5 21:17.2 22:17.3 23:16.0 24:16.5 25:17.7 26:18.0 27:18.1 28:17.6 29:17.4 30:17.9 31:18.7 32:17.5 33:16.8 34:17.2 35:17.9 36:18.4 37:18.4 38:19.3 39:18.5 | mean 17.4
0824 02:57:24 ds4-server: chat ctx=463..513:50 gen=400 THINKING decoding chunk=16.81 t/s avg=17.46 t/s 22.916s
0824 02:57:27 ds4-server: chat ctx=513..563:50 gen=450 THINKING decoding chunk=16.97 t/s avg=17.40 t/s 25.862s
ds4: qwen35moe experts/token avg over 128 tokens: 0:14.8 1:16.0 2:16.0 3:17.4 4:16.9 5:17.5 6:17.7 7:18.2 8:18.0 9:18.2 10:16.5 11:16.3 12:17.4 13:17.5 14:17.9 15:17.6 16:16.9 17:17.4 18:17.1 19:17.1 20:18.7 21:17.9 22:16.7 23:16.4 24:17.6 25:17.6 26:17.8 27:17.4 28:17.4 29:17.4 30:17.8 31:18.4 32:17.7 33:17.6 34:17.2 35:18.7 36:18.9 37:19.0 38:19.6 39:18.8 | mean 17.5
0824 02:57:30 ds4-server: chat ctx=563..613:50 gen=500 THINKING decoding chunk=17.13 t/s avg=17.37 t/s 28.781s
0824 02:57:33 ds4-server: chat ctx=613..663:50 gen=550 THINKING decoding chunk=16.91 t/s avg=17.33 t/s 31.737s
0824 02:57:36 ds4-server: chat ctx=663..713:50 gen=600 THINKING decoding chunk=16.24 t/s avg=17.23 t/s 34.815s
ds4: qwen35moe experts/token avg over 128 tokens: 0:15.8 1:16.8 2:15.8 3:18.0 4:18.1 5:18.4 6:17.6 7:18.6 8:18.7 9:18.7 10:16.4 11:16.8 12:17.6 13:18.2 14:17.6 15:18.2 16:17.6 17:17.5 18:16.8 19:17.7 20:18.4 21:18.0 22:17.3 23:16.7 24:17.1 25:18.2 26:17.9 27:17.7 28:17.5 29:17.3 30:18.1 31:18.1 32:17.5 33:17.1 34:17.4 35:18.6 36:18.5 37:18.4 38:19.5 39:18.4 | mean 17.7
0824 02:57:39 ds4-server: chat ctx=713..763:50 gen=650 THINKING decoding chunk=16.46 t/s avg=17.17 t/s 37.853s
0824 02:57:42 ds4-server: chat ctx=763..813:50 gen=700 THINKING decoding chunk=17.01 t/s avg=17.16 t/s 40.794s
ds4: qwen35moe experts/token avg over 128 tokens: 0:15.5 1:16.0 2:15.5 3:17.6 4:17.5 5:17.2 6:17.3 7:18.3 8:18.6 9:18.3 10:16.0 11:16.1 12:17.5 13:17.4 14:16.9 15:17.3 16:16.6 17:16.9 18:16.6 19:16.9 20:17.7 21:17.8 22:16.5 23:15.7 24:16.4 25:17.0 26:17.2 27:17.1 28:16.4 29:16.6 30:16.5 31:17.3 32:16.3 33:15.9 34:15.5 35:17.3 36:17.6 37:17.8 38:19.0 39:17.3 | mean 17.0
0824 02:57:45 ds4-server: chat ctx=813..863:50 gen=750 THINKING decoding chunk=16.54 t/s avg=17.12 t/s 43.817s
0824 02:57:48 ds4-server: chat ctx=863..913:50 gen=800 THINKING decoding chunk=16.14 t/s avg=17.05 t/s 46.914s
0824 02:57:51 ds4-server: chat ctx=913..963:50 gen=850 THINKING decoding chunk=16.03 t/s avg=16.99 t/s 50.033s
ds4: qwen35moe experts/token avg over 128 tokens: 0:15.3 1:16.3 2:16.1 3:18.0 4:18.0 5:18.2 6:18.4 7:19.1 8:19.2 9:18.9 10:16.9 11:17.0 12:17.8 13:18.3 14:18.5 15:18.1 16:18.5 17:18.2 18:18.5 19:18.5 20:18.6 21:18.9 22:17.8 23:17.4 24:18.6 25:18.7 26:19.0 27:18.7 28:18.6 29:18.3 30:19.2 31:19.3 32:18.5 33:18.6 34:18.5 35:19.0 36:19.4 37:19.6 38:19.9 39:19.6 | mean 18.3
0824 02:57:54 ds4-server: chat ctx=963..1013:50 gen=900 THINKING decoding chunk=15.92 t/s avg=16.93 t/s 53.175s
0824 02:57:57 ds4-server: chat ctx=1013..1063:50 gen=950 THINKING decoding chunk=16.25 t/s avg=16.89 t/s 56.252s
0824 02:58:00 ds4-server: chat ctx=1063..1113:50 gen=1000 THINKING decoding chunk=15.78 t/s avg=16.83 t/s 59.421s
ds4: qwen35moe experts/token avg over 128 tokens: 0:15.4 1:16.0 2:16.0 3:17.8 4:17.9 5:18.3 6:18.1 7:19.1 8:18.6 9:18.6 10:17.0 11:16.9 12:18.0 13:18.4 14:18.2 15:18.4 16:17.8 17:17.7 18:17.8 19:17.8 20:18.6 21:18.3 22:17.0 23:16.6 24:17.2 25:18.0 26:18.3 27:18.1 28:17.6 29:17.4 30:18.2 31:18.7 32:17.3 33:17.0 34:17.8 35:18.8 36:18.5 37:19.2 38:19.8 39:18.9 | mean 17.9
0824 02:58:04 ds4-server: chat ctx=1113..1163:50 gen=1050 THINKING decoding chunk=15.68 t/s avg=16.77 t/s 62.610s
0824 02:58:07 ds4-server: chat ctx=1163..1213:50 gen=1100 THINKING decoding chunk=16.53 t/s avg=16.76 t/s 65.634s
ds4: qwen35moe experts/token avg over 128 tokens: 0:14.9 1:15.8 2:15.8 3:17.0 4:17.3 5:16.9 6:17.5 7:17.9 8:17.7 9:17.9 10:16.1 11:16.1 12:16.8 13:17.4 14:17.2 15:16.9 16:17.0 17:16.8 18:16.7 19:17.1 20:17.9 21:17.5 22:16.8 23:16.0 24:16.6 25:17.1 26:16.9 27:16.9 28:16.9 29:16.9 30:16.7 31:17.6 32:16.9 33:16.2 34:16.3 35:17.9 36:18.0 37:18.0 38:19.2 39:17.6 | mean 17.0
0824 02:58:10 ds4-server: chat ctx=1213..1263:50 gen=1150 THINKING decoding chunk=16.00 t/s avg=16.73 t/s 68.759s
0824 02:58:13 ds4-server: chat ctx=1263..1313:50 gen=1200 THINKING decoding chunk=15.85 t/s avg=16.69 t/s 71.914s
0824 02:58:16 ds4-server: chat ctx=1313..1363:50 gen=1250 THINKING decoding chunk=16.20 t/s avg=16.67 t/s 75.000s
ds4: qwen35moe experts/token avg over 128 tokens: 0:15.1 1:15.3 2:15.2 3:17.0 4:16.8 5:16.5 6:16.4 7:17.8 8:17.9 9:17.7 10:15.7 11:15.2 12:16.4 13:17.0 14:16.6 15:16.8 16:15.8 17:16.9 18:16.0 19:16.7 20:17.6 21:17.0 22:15.9 23:15.6 24:16.4 25:16.1 26:16.8 27:17.0 28:16.3 29:16.4 30:16.7 31:17.7 32:16.5 33:16.2 34:15.9 35:18.1 36:17.4 37:17.9 38:19.5 39:17.8 | mean 16.7
0824 02:58:19 ds4-server: chat ctx=1363..1413:50 gen=1300 THINKING decoding chunk=15.82 t/s avg=16.63 t/s 78.161s
0824 02:58:22 ds4-server: chat ctx=1413..1463:50 gen=1350 THINKING decoding chunk=15.83 t/s avg=16.60 t/s 81.319s
ds4: qwen35moe experts/token avg over 128 tokens: 0:14.8 1:15.8 2:15.5 3:17.3 4:17.5 5:17.4 6:17.1 7:18.1 8:18.5 9:17.8 10:16.2 11:16.2 12:17.6 13:17.3 14:17.3 15:17.5 16:17.2 17:17.2 18:17.2 19:17.1 20:18.1 21:17.5 22:16.9 23:16.3 24:16.7 25:17.4 26:17.0 27:16.8 28:17.0 29:17.1 30:16.8 31:17.8 32:17.0 33:16.8 34:16.5 35:18.4 36:17.8 37:18.1 38:19.1 39:17.6 | mean 17.2
0824 02:58:26 ds4-server: chat ctx=1463..1513:50 gen=1400 THINKING decoding chunk=15.13 t/s avg=16.54 t/s 84.625s
0824 02:58:29 ds4-server: chat ctx=1513..1563:50 gen=1450 THINKING decoding chunk=15.20 t/s avg=16.49 t/s 87.914s
0824 02:58:32 ds4-server: chat ctx=1563..1613:50 gen=1500 THINKING decoding chunk=15.11 t/s avg=16.44 t/s 91.223s
ds4: qwen35moe experts/token avg over 128 tokens: 0:15.1 1:16.1 2:16.3 3:18.1 4:17.9 5:18.6 6:18.5 7:18.7 8:19.0 9:18.5 10:17.3 11:17.5 12:18.5 13:18.7 14:19.2 15:18.6 16:18.0 17:18.4 18:17.9 19:18.3 20:19.1 21:18.6 22:17.9 23:17.5 24:18.1 25:18.5 26:18.6 27:18.4 28:18.6 29:18.8 30:18.4 31:19.3 32:18.4 33:18.0 34:18.1 35:19.0 36:19.1 37:19.3 38:19.6 39:18.8 | mean 18.3
0824 02:58:35 ds4-server: chat ctx=1613..1663:50 gen=1550 THINKING decoding chunk=15.50 t/s avg=16.41 t/s 94.450s
0824 02:58:39 ds4-server: chat ctx=1663..1713:50 gen=1600 THINKING decoding chunk=15.31 t/s avg=16.37 t/s 97.716s
ds4: qwen35moe experts/token avg over 128 tokens: 0:14.3 1:15.7 2:15.1 3:17.8 4:17.1 5:16.9 6:17.0 7:17.9 8:17.8 9:17.7 10:16.0 11:15.8 12:17.3 13:16.6 14:17.2 15:16.9 16:16.7 17:16.9 18:16.1 19:16.3 20:17.5 21:17.3 22:16.7 23:16.2 24:16.9 25:16.8 26:16.9 27:16.8 28:16.5 29:16.6 30:16.3 31:17.8 32:16.4 33:16.7 34:16.2 35:17.7 36:18.2 37:18.6 38:19.3 39:17.9 | mean 16.9
0824 02:58:42 ds4-server: chat ctx=1713..1763:50 gen=1650 THINKING decoding chunk=15.38 t/s avg=16.34 t/s 100.966s
0824 02:58:45 ds4-server: chat ctx=1763..1813:50 gen=1700 THINKING decoding chunk=15.01 t/s avg=16.30 t/s 104.297s
0824 02:58:49 ds4-server: chat ctx=1813..1863:50 gen=1750 THINKING decoding chunk=14.68 t/s avg=16.25 t/s 107.702s
ds4: qwen35moe experts/token avg over 128 tokens: 0:15.0 1:16.4 2:16.2 3:18.6 4:18.2 5:18.8 6:18.5 7:19.0 8:19.0 9:18.8 10:16.8 11:17.6 12:18.2 13:18.7 14:18.7 15:18.9 16:18.8 17:18.5 18:18.7 19:18.7 20:19.0 21:18.9 22:18.1 23:17.6 24:18.6 25:18.9 26:19.1 27:19.0 28:18.7 29:18.4 30:18.9 31:19.4 32:18.6 33:18.0 34:18.5 35:18.8 36:19.5 37:19.5 38:19.8 39:19.4 | mean 18.5
0824 02:58:52 ds4-server: chat ctx=1863..1913:50 gen=1800 THINKING decoding chunk=14.64 t/s avg=16.20 t/s 111.117s
0824 02:58:56 ds4-server: chat ctx=1913..1963:50 gen=1850 THINKING decoding chunk=14.78 t/s avg=16.16 t/s 114.500s
ds4: qwen35moe experts/token avg over 128 tokens: 0:14.8 1:16.5 2:16.6 3:18.4 4:18.1 5:18.6 6:18.6 7:18.9 8:18.8 9:18.4 10:16.5 11:17.0 12:18.2 13:18.7 14:19.2 15:19.0 16:18.8 17:18.5 18:18.3 19:18.8 20:19.4 21:19.0 22:17.9 23:17.5 24:18.6 25:18.9 26:19.1 27:18.9 28:18.9 29:18.5 30:18.9 31:19.4 32:18.3 33:18.0 34:18.1 35:19.2 36:19.3 37:19.5 38:19.7 39:19.4 | mean 18.4
0824 02:58:59 ds4-server: chat ctx=1963..2013:50 gen=1900 THINKING decoding chunk=14.46 t/s avg=16.11 t/s 117.958s
0824 02:59:02 ds4-server: chat ctx=2013..2063:50 gen=1950 decoding chunk=14.95 t/s avg=16.08 t/s 121.304s
0824 02:59:06 ds4-server: chat ctx=2063..2113:50 gen=2000 decoding chunk=14.79 t/s avg=16.04 t/s 124.684s
ds4: qwen35moe experts/token avg over 128 tokens: 0:14.4 1:16.2 2:15.7 3:17.4 4:17.3 5:17.4 6:16.9 7:18.7 8:18.5 9:18.2 10:17.0 11:16.0 12:17.6 13:17.2 14:17.6 15:17.8 16:17.0 17:17.3 18:16.4 19:16.7 20:17.6 21:17.8 22:16.9 23:15.8 24:17.1 25:16.9 26:17.5 27:17.3 28:17.1 29:16.6 30:16.7 31:17.8 32:16.5 33:16.0 34:16.0 35:18.0 36:18.8 37:18.8 38:19.4 39:18.0 | mean 17.2
0824 02:59:09 ds4-server: chat ctx=2113..2163:50 gen=2050 decoding chunk=14.52 t/s avg=16.00 t/s 128.127s
0824 02:59:13 ds4-server: chat ctx=2163..2213:50 gen=2100 decoding chunk=14.28 t/s avg=15.95 t/s 131.629s
0824 02:59:16 ds4-server: chat ctx=2213..2263:50 gen=2150 decoding chunk=14.17 t/s avg=15.91 t/s 135.156s
ds4: qwen35moe experts/token avg over 128 tokens: 0:15.0 1:16.6 2:16.7 3:18.7 4:18.5 5:18.6 6:18.7 7:19.2 8:19.3 9:18.6 10:17.0 11:17.4 12:18.5 13:18.8 14:19.3 15:19.0 16:19.0 17:18.9 18:19.0 19:19.0 20:19.4 21:19.6 22:18.5 23:18.1 24:19.1 25:19.2 26:19.4 27:19.1 28:19.2 29:19.0 30:19.2 31:19.3 32:18.9 33:18.8 34:18.8 35:19.1 36:19.5 37:19.7 38:19.7 39:19.6 | mean 18.7
0824 02:59:20 ds4-server: chat ctx=2263..2313:50 gen=2200 decoding chunk=14.09 t/s avg=15.86 t/s 138.705s
0824 02:59:23 ds4-server: chat ctx=2313..2363:50 gen=2250 decoding chunk=14.23 t/s avg=15.82 t/s 142.218s
ds4: qwen35moe experts/token avg over 128 tokens: 0:15.4 1:16.2 2:16.7 3:18.6 4:18.3 5:18.9 6:18.9 7:19.3 8:19.1 9:19.3 10:17.4 11:17.2 12:18.3 13:18.8 14:18.9 15:19.0 16:18.9 17:18.5 18:18.1 19:18.5 20:19.2 21:18.7 22:18.0 23:17.3 24:18.3 25:18.3 26:18.8 27:18.5 28:18.3 29:17.7 30:18.6 31:19.1 32:17.9 33:17.7 34:17.6 35:18.8 36:19.0 37:19.0 38:19.7 39:18.8 | mean 18.3
0824 02:59:27 ds4-server: chat ctx=2363..2413:50 gen=2300 decoding chunk=14.19 t/s avg=15.78 t/s 145.740s
0824 02:59:30 ds4-server: chat ctx=2413..2463:50 gen=2350 decoding chunk=13.88 t/s avg=15.74 t/s 149.342s
0824 02:59:33 ds4-server: chat ctx=2463..2497:34 gen=2384 decoding chunk=14.15 t/s avg=15.71 t/s 151.746s
0824 02:59:33 ds4-server: thinking live checkpoint remembered ctx=0..113:113 live=2497 visible=2047
0824 02:59:33 ds4-server: chat ctx=0..113:113 gen=2384 finish=stop 157.793s
0824 02:59:33 ds4-server: live kv cache miss live=2497 prompt=350 common=48 reason=token-mismatch
0824 02:59:33 ds4-server: chat ctx=0..350:350 prompt start
0824 02:59:33 ds4-server: chat ctx=0..350:350 prefill chunk 1/350 (0.3%) chunk=0.00 t/s avg=18.86 t/s 0.053s
0824 02:59:33 ds4-server: chat ctx=0..350:350 prefill chunk 2/350 (0.6%) chunk=19.49 t/s avg=19.17 t/s 0.104s
0824 02:59:33 ds4-server: chat ctx=0..350:350 prefill chunk 3/350 (0.9%) chunk=19.65 t/s avg=19.32 t/s 0.155s
0824 02:59:33 ds4-server: chat ctx=0..350:350 prefill chunk 4/350 (1.1%) chunk=19.13 t/s avg=19.27 t/s 0.208s
0824 02:59:33 ds4-server: chat ctx=0..350:350 prefill chunk 5/350 (1.4%) chunk=19.66 t/s avg=19.35 t/s 0.258s
0824 02:59:33 ds4-server: chat ctx=0..350:350 prefill chunk 6/350 (1.7%) chunk=18.85 t/s avg=19.27 t/s 0.311s
0824 02:59:33 ds4-server: chat ctx=0..350:350 prefill chunk 7/350 (2.0%) chunk=19.88 t/s avg=19.35 t/s 0.362s
0824 02:59:33 ds4-server: chat ctx=0..350:350 prefill chunk 8/350 (2.3%) chunk=18.54 t/s avg=19.25 t/s 0.416s
0824 02:59:33 ds4-server: chat ctx=0..350:350 prefill chunk 9/350 (2.6%) chunk=19.84 t/s avg=19.31 t/s 0.466s
0824 02:59:33 ds4-server: chat ctx=0..350:350 prefill chunk 10/350 (2.9%) chunk=19.15 t/s avg=19.30 t/s 0.518s
0824 02:59:33 ds4-server: chat ctx=0..350:350 prefill chunk 11/350 (3.1%) chunk=19.18 t/s avg=19.29 t/s 0.570s
0824 02:59:33 ds4-server: chat ctx=0..350:350 prefill chunk 12/350 (3.4%) chunk=18.80 t/s avg=19.24 t/s 0.624s
0824 02:59:33 ds4-server: chat ctx=0..350:350 prefill chunk 13/350 (3.7%) chunk=18.49 t/s avg=19.18 t/s 0.678s
0824 02:59:33 ds4-server: chat ctx=0..350:350 prefill chunk 14/350 (4.0%) chunk=18.88 t/s avg=19.16 t/s 0.731s
0824 02:59:34 ds4-server: chat ctx=0..350:350 prefill chunk 15/350 (4.3%) chunk=18.48 t/s avg=19.11 t/s 0.785s
0824 02:59:34 ds4-server: chat ctx=0..350:350 prefill chunk 16/350 (4.6%) chunk=18.70 t/s avg=19.09 t/s 0.838s
0824 02:59:34 ds4-server: chat ctx=0..350:350 prefill chunk 17/350 (4.9%) chunk=19.01 t/s avg=19.08 t/s 0.891s
0824 02:59:34 ds4-server: chat ctx=0..350:350 prefill chunk 18/350 (5.1%) chunk=18.44 t/s avg=19.05 t/s 0.945s
0824 02:59:34 ds4-server: chat ctx=0..350:350 prefill chunk 19/350 (5.4%) chunk=18.81 t/s avg=19.03 t/s 0.998s
0824 02:59:34 ds4-server: chat ctx=0..350:350 prefill chunk 20/350 (5.7%) chunk=18.05 t/s avg=18.98 t/s 1.054s
0824 02:59:34 ds4-server: chat ctx=0..350:350 prefill chunk 21/350 (6.0%) chunk=18.95 t/s avg=18.98 t/s 1.106s
0824 02:59:34 ds4-server: chat ctx=0..350:350 prefill chunk 22/350 (6.3%) chunk=19.21 t/s avg=18.99 t/s 1.158s
0824 02:59:34 ds4-server: chat ctx=0..350:350 prefill chunk 23/350 (6.6%) chunk=19.19 t/s avg=19.00 t/s 1.210s
0824 02:59:34 ds4-server: chat ctx=0..350:350 prefill chunk 24/350 (6.9%) chunk=19.47 t/s avg=19.02 t/s 1.262s
0824 02:59:34 ds4-server: chat ctx=0..350:350 prefill chunk 25/350 (7.1%) chunk=18.84 t/s avg=19.01 t/s 1.315s
ds4: qwen35moe experts/token avg over 128 tokens: 0:14.7 1:15.7 2:16.0 3:17.6 4:17.6 5:17.4 6:17.7 7:18.3 8:18.0 9:17.9 10:16.6 11:16.4 12:17.8 13:17.9 14:18.0 15:17.8 16:18.0 17:17.6 18:18.1 19:17.8 20:18.4 21:18.1 22:17.4 23:17.3 24:18.2 25:18.1 26:17.8 27:18.0 28:18.0 29:17.9 30:18.0 31:18.4 32:18.2 33:18.1 34:18.2 35:18.8 36:18.8 37:19.2 38:19.5 39:19.0 | mean 17.8
0824 02:59:34 ds4-server: chat ctx=0..350:350 prefill chunk 26/350 (7.4%) chunk=19.36 t/s avg=19.03 t/s 1.367s
0824 02:59:34 ds4-server: chat ctx=0..350:350 prefill chunk 27/350 (7.7%) chunk=18.50 t/s avg=19.01 t/s 1.421s
0824 02:59:34 ds4-server: chat ctx=0..350:350 prefill chunk 28/350 (8.0%) chunk=18.57 t/s avg=18.99 t/s 1.474s
0824 02:59:34 ds4-server: chat ctx=0..350:350 prefill chunk 29/350 (8.3%) chunk=19.04 t/s avg=18.99 t/s 1.527s
0824 02:59:34 ds4-server: chat ctx=0..350:350 prefill chunk 30/350 (8.6%) chunk=18.34 t/s avg=18.97 t/s 1.582s
0824 02:59:34 ds4-server: chat ctx=0..350:350 prefill chunk 31/350 (8.9%) chunk=18.79 t/s avg=18.96 t/s 1.635s
0824 02:59:34 ds4-server: chat ctx=0..350:350 prefill chunk 32/350 (9.1%) chunk=18.26 t/s avg=18.94 t/s 1.689s
0824 02:59:35 ds4-server: chat ctx=0..350:350 prefill chunk 33/350 (9.4%) chunk=18.58 t/s avg=18.93 t/s 1.743s
0824 02:59:35 ds4-server: chat ctx=0..350:350 prefill chunk 34/350 (9.7%) chunk=18.68 t/s avg=18.92 t/s 1.797s
0824 02:59:35 ds4-server: chat ctx=0..350:350 prefill chunk 35/350 (10.0%) chunk=17.99 t/s avg=18.89 t/s 1.852s
0824 02:59:35 ds4-server: chat ctx=0..350:350 prefill chunk 36/350 (10.3%) chunk=18.23 t/s avg=18.87 t/s 1.907s
0824 02:59:35 ds4-server: chat ctx=0..350:350 prefill chunk 37/350 (10.6%) chunk=17.85 t/s avg=18.85 t/s 1.963s
0824 02:59:35 ds4-server: chat ctx=0..350:350 prefill chunk 38/350 (10.9%) chunk=17.82 t/s avg=18.82 t/s 2.019s
0824 02:59:35 ds4-server: chat ctx=0..350:350 prefill chunk 39/350 (11.1%) chunk=17.88 t/s avg=18.79 t/s 2.075s
0824 02:59:35 ds4-server: chat ctx=0..350:350 prefill chunk 40/350 (11.4%) chunk=18.68 t/s avg=18.79 t/s 2.129s
0824 02:59:35 ds4-server: chat ctx=0..350:350 prefill chunk 41/350 (11.7%) chunk=18.40 t/s avg=18.78 t/s 2.183s
0824 02:59:35 ds4-server: chat ctx=0..350:350 prefill chunk 42/350 (12.0%) chunk=19.02 t/s avg=18.78 t/s 2.236s
0824 02:59:35 ds4-server: chat ctx=0..350:350 prefill chunk 43/350 (12.3%) chunk=18.73 t/s avg=18.78 t/s 2.289s
0824 02:59:35 ds4-server: chat ctx=0..350:350 prefill chunk 44/350 (12.6%) chunk=18.86 t/s avg=18.79 t/s 2.342s
0824 02:59:35 ds4-server: chat ctx=0..350:350 prefill chunk 45/350 (12.9%) chunk=18.74 t/s avg=18.78 t/s 2.396s
0824 02:59:35 ds4-server: chat ctx=0..350:350 prefill chunk 46/350 (13.1%) chunk=18.01 t/s avg=18.77 t/s 2.451s
0824 02:59:35 ds4-server: chat ctx=0..350:350 prefill chunk 47/350 (13.4%) chunk=18.11 t/s avg=18.75 t/s 2.506s
0824 02:59:35 ds4-server: chat ctx=0..350:350 prefill chunk 48/350 (13.7%) chunk=18.81 t/s avg=18.75 t/s 2.560s
0824 02:59:35 ds4-server: chat ctx=0..350:350 prefill chunk 49/350 (14.0%) chunk=17.94 t/s avg=18.74 t/s 2.615s
0824 02:59:35 ds4-server: chat ctx=0..350:350 prefill chunk 50/350 (14.3%) chunk=18.77 t/s avg=18.74 t/s 2.669s
0824 02:59:35 ds4-server: chat ctx=0..350:350 prefill chunk 51/350 (14.6%) chunk=17.97 t/s avg=18.72 t/s 2.724s
0824 02:59:36 ds4-server: chat ctx=0..350:350 prefill chunk 52/350 (14.9%) chunk=18.05 t/s avg=18.71 t/s 2.780s
0824 02:59:36 ds4-server: chat ctx=0..350:350 prefill chunk 53/350 (15.1%) chunk=18.76 t/s avg=18.71 t/s 2.833s
0824 02:59:36 ds4-server: chat ctx=0..350:350 prefill chunk 54/350 (15.4%) chunk=18.59 t/s avg=18.71 t/s 2.887s
0824 02:59:36 ds4-server: chat ctx=0..350:350 prefill chunk 55/350 (15.7%) chunk=18.86 t/s avg=18.71 t/s 2.940s
0824 02:59:36 ds4-server: chat ctx=0..350:350 prefill chunk 56/350 (16.0%) chunk=19.20 t/s avg=18.72 t/s 2.992s
0824 02:59:36 ds4-server: chat ctx=0..350:350 prefill chunk 57/350 (16.3%) chunk=18.61 t/s avg=18.72 t/s 3.046s
0824 02:59:36 ds4-server: chat ctx=0..350:350 prefill chunk 58/350 (16.6%) chunk=18.58 t/s avg=18.71 t/s 3.099s
0824 02:59:36 ds4-server: chat ctx=0..350:350 prefill chunk 59/350 (16.9%) chunk=18.63 t/s avg=18.71 t/s 3.153s
0824 02:59:36 ds4-server: chat ctx=0..350:350 prefill chunk 60/350 (17.1%) chunk=19.30 t/s avg=18.72 t/s 3.205s
0824 02:59:36 ds4-server: chat ctx=0..350:350 prefill chunk 61/350 (17.4%) chunk=19.61 t/s avg=18.74 t/s 3.256s
0824 02:59:36 ds4-server: chat ctx=0..350:350 prefill chunk 62/350 (17.7%) chunk=19.45 t/s avg=18.75 t/s 3.307s
0824 02:59:36 ds4-server: chat ctx=0..350:350 prefill chunk 63/350 (18.0%) chunk=19.74 t/s avg=18.76 t/s 3.358s
0824 02:59:36 ds4-server: chat ctx=0..350:350 prefill chunk 64/350 (18.3%) chunk=19.47 t/s avg=18.77 t/s 3.409s
0824 02:59:36 ds4-server: chat ctx=0..350:350 prefill chunk 65/350 (18.6%) chunk=20.21 t/s avg=18.79 t/s 3.459s
0824 02:59:36 ds4-server: chat ctx=0..350:350 prefill chunk 66/350 (18.9%) chunk=18.35 t/s avg=18.79 t/s 3.513s
0824 02:59:36 ds4-server: chat ctx=0..350:350 prefill chunk 67/350 (19.1%) chunk=19.12 t/s avg=18.79 t/s 3.566s
0824 02:59:36 ds4-server: chat ctx=0..350:350 prefill chunk 68/350 (19.4%) chunk=18.76 t/s avg=18.79 t/s 3.619s
0824 02:59:36 ds4-server: chat ctx=0..350:350 prefill chunk 69/350 (19.7%) chunk=18.68 t/s avg=18.79 t/s 3.672s
0824 02:59:36 ds4-server: chat ctx=0..350:350 prefill chunk 70/350 (20.0%) chunk=18.21 t/s avg=18.78 t/s 3.727s
0824 02:59:37 ds4-server: chat ctx=0..350:350 prefill chunk 71/350 (20.3%) chunk=18.04 t/s avg=18.77 t/s 3.783s
0824 02:59:37 ds4-server: chat ctx=0..350:350 prefill chunk 72/350 (20.6%) chunk=19.04 t/s avg=18.77 t/s 3.835s
0824 02:59:37 ds4-server: chat ctx=0..350:350 prefill chunk 73/350 (20.9%) chunk=18.70 t/s avg=18.77 t/s 3.889s
0824 02:59:37 ds4-server: chat ctx=0..350:350 prefill chunk 74/350 (21.1%) chunk=18.61 t/s avg=18.77 t/s 3.942s
0824 02:59:37 ds4-server: chat ctx=0..350:350 prefill chunk 75/350 (21.4%) chunk=18.85 t/s avg=18.77 t/s 3.995s
0824 02:59:37 ds4-server: chat ctx=0..350:350 prefill chunk 76/350 (21.7%) chunk=18.84 t/s avg=18.77 t/s 4.049s
0824 02:59:37 ds4-server: chat ctx=0..350:350 prefill chunk 77/350 (22.0%) chunk=19.30 t/s avg=18.78 t/s 4.100s
0824 02:59:37 ds4-server: chat ctx=0..350:350 prefill chunk 78/350 (22.3%) chunk=18.41 t/s avg=18.77 t/s 4.155s
0824 02:59:37 ds4-server: chat ctx=0..350:350 prefill chunk 79/350 (22.6%) chunk=19.00 t/s avg=18.78 t/s 4.207s
0824 02:59:37 ds4-server: chat ctx=0..350:350 prefill chunk 80/350 (22.9%) chunk=19.06 t/s avg=18.78 t/s 4.260s
0824 02:59:37 ds4-server: chat ctx=0..350:350 prefill chunk 81/350 (23.1%) chunk=18.97 t/s avg=18.78 t/s 4.313s
0824 02:59:37 ds4-server: chat ctx=0..350:350 prefill chunk 82/350 (23.4%) chunk=19.17 t/s avg=18.79 t/s 4.365s
0824 02:59:37 ds4-server: chat ctx=0..350:350 prefill chunk 83/350 (23.7%) chunk=18.68 t/s avg=18.79 t/s 4.418s
0824 02:59:37 ds4-server: chat ctx=0..350:350 prefill chunk 84/350 (24.0%) chunk=18.02 t/s avg=18.78 t/s 4.474s
0824 02:59:37 ds4-server: chat ctx=0..350:350 prefill chunk 85/350 (24.3%) chunk=19.26 t/s avg=18.78 t/s 4.526s
0824 02:59:37 ds4-server: chat ctx=0..350:350 prefill chunk 86/350 (24.6%) chunk=18.38 t/s avg=18.78 t/s 4.580s
0824 02:59:37 ds4-server: chat ctx=0..350:350 prefill chunk 87/350 (24.9%) chunk=19.44 t/s avg=18.78 t/s 4.632s
0824 02:59:37 ds4-server: chat ctx=0..350:350 prefill chunk 88/350 (25.1%) chunk=18.25 t/s avg=18.78 t/s 4.686s
0824 02:59:38 ds4-server: chat ctx=0..350:350 prefill chunk 89/350 (25.4%) chunk=19.49 t/s avg=18.79 t/s 4.738s
0824 02:59:38 ds4-server: chat ctx=0..350:350 prefill chunk 90/350 (25.7%) chunk=18.06 t/s avg=18.78 t/s 4.793s
0824 02:59:38 ds4-server: chat ctx=0..350:350 prefill chunk 91/350 (26.0%) chunk=18.24 t/s avg=18.77 t/s 4.848s
0824 02:59:38 ds4-server: chat ctx=0..350:350 prefill chunk 92/350 (26.3%) chunk=19.02 t/s avg=18.77 t/s 4.900s
0824 02:59:38 ds4-server: chat ctx=0..350:350 prefill chunk 93/350 (26.6%) chunk=18.34 t/s avg=18.77 t/s 4.955s
0824 02:59:38 ds4-server: chat ctx=0..350:350 prefill chunk 94/350 (26.9%) chunk=18.07 t/s avg=18.76 t/s 5.010s
0824 02:59:38 ds4-server: chat ctx=0..350:350 prefill chunk 95/350 (27.1%) chunk=19.57 t/s avg=18.77 t/s 5.061s
0824 02:59:38 ds4-server: chat ctx=0..350:350 prefill chunk 96/350 (27.4%) chunk=18.38 t/s avg=18.77 t/s 5.116s
0824 02:59:38 ds4-server: chat ctx=0..350:350 prefill chunk 97/350 (27.7%) chunk=18.97 t/s avg=18.77 t/s 5.168s
0824 02:59:38 ds4-server: chat ctx=0..350:350 prefill chunk 98/350 (28.0%) chunk=18.57 t/s avg=18.77 t/s 5.222s
0824 02:59:38 ds4-server: chat ctx=0..350:350 prefill chunk 99/350 (28.3%) chunk=18.66 t/s avg=18.76 t/s 5.276s
0824 02:59:38 ds4-server: chat ctx=0..350:350 prefill chunk 100/350 (28.6%) chunk=19.07 t/s avg=18.77 t/s 5.328s
0824 02:59:38 ds4-server: chat ctx=0..350:350 prefill chunk 101/350 (28.9%) chunk=18.07 t/s avg=18.76 t/s 5.384s
0824 02:59:38 ds4-server: chat ctx=0..350:350 prefill chunk 102/350 (29.1%) chunk=19.45 t/s avg=18.77 t/s 5.435s
0824 02:59:38 ds4-server: chat ctx=0..350:350 prefill chunk 103/350 (29.4%) chunk=18.40 t/s avg=18.76 t/s 5.489s
0824 02:59:38 ds4-server: chat ctx=0..350:350 prefill chunk 104/350 (29.7%) chunk=18.51 t/s avg=18.76 t/s 5.543s
0824 02:59:38 ds4-server: chat ctx=0..350:350 prefill chunk 105/350 (30.0%) chunk=19.05 t/s avg=18.76 t/s 5.596s
0824 02:59:38 ds4-server: chat ctx=0..350:350 prefill chunk 106/350 (30.3%) chunk=18.55 t/s avg=18.76 t/s 5.650s
0824 02:59:38 ds4-server: chat ctx=0..350:350 prefill chunk 107/350 (30.6%) chunk=19.15 t/s avg=18.76 t/s 5.702s
0824 02:59:39 ds4-server: chat ctx=0..350:350 prefill chunk 108/350 (30.9%) chunk=18.43 t/s avg=18.76 t/s 5.756s
0824 02:59:39 ds4-server: chat ctx=0..350:350 prefill chunk 109/350 (31.1%) chunk=18.18 t/s avg=18.76 t/s 5.811s
0824 02:59:39 ds4-server: chat ctx=0..350:350 prefill chunk 110/350 (31.4%) chunk=18.95 t/s avg=18.76 t/s 5.864s
0824 02:59:39 ds4-server: chat ctx=0..350:350 prefill chunk 111/350 (31.7%) chunk=18.19 t/s avg=18.75 t/s 5.919s
0824 02:59:39 ds4-server: chat ctx=0..350:350 prefill chunk 112/350 (32.0%) chunk=18.97 t/s avg=18.75 t/s 5.972s
0824 02:59:39 ds4-server: chat ctx=0..350:350 prefill chunk 113/350 (32.3%) chunk=18.88 t/s avg=18.76 t/s 6.025s
0824 02:59:39 ds4-server: chat ctx=0..350:350 prefill chunk 114/350 (32.6%) chunk=18.26 t/s avg=18.75 t/s 6.080s
0824 02:59:39 ds4-server: chat ctx=0..350:350 prefill chunk 115/350 (32.9%) chunk=18.90 t/s avg=18.75 t/s 6.133s
0824 02:59:39 ds4-server: chat ctx=0..350:350 prefill chunk 116/350 (33.1%) chunk=18.16 t/s avg=18.75 t/s 6.188s
0824 02:59:39 ds4-server: chat ctx=0..350:350 prefill chunk 117/350 (33.4%) chunk=18.40 t/s avg=18.74 t/s 6.242s
0824 02:59:39 ds4-server: chat ctx=0..350:350 prefill chunk 118/350 (33.7%) chunk=18.27 t/s avg=18.74 t/s 6.297s
0824 02:59:39 ds4-server: chat ctx=0..350:350 prefill chunk 119/350 (34.0%) chunk=17.91 t/s avg=18.73 t/s 6.352s
0824 02:59:39 ds4-server: chat ctx=0..350:350 prefill chunk 120/350 (34.3%) chunk=18.05 t/s avg=18.73 t/s 6.408s
0824 02:59:39 ds4-server: chat ctx=0..350:350 prefill chunk 121/350 (34.6%) chunk=18.63 t/s avg=18.73 t/s 6.462s
0824 02:59:39 ds4-server: chat ctx=0..350:350 prefill chunk 122/350 (34.9%) chunk=18.10 t/s avg=18.72 t/s 6.517s
0824 02:59:39 ds4-server: chat ctx=0..350:350 prefill chunk 123/350 (35.1%) chunk=19.34 t/s avg=18.73 t/s 6.569s
0824 02:59:39 ds4-server: chat ctx=0..350:350 prefill chunk 124/350 (35.4%) chunk=18.47 t/s avg=18.72 t/s 6.623s
0824 02:59:39 ds4-server: chat ctx=0..350:350 prefill chunk 125/350 (35.7%) chunk=18.45 t/s avg=18.72 t/s 6.677s
0824 02:59:39 ds4-server: chat ctx=0..350:350 prefill chunk 126/350 (36.0%) chunk=18.94 t/s avg=18.72 t/s 6.730s
0824 02:59:40 ds4-server: chat ctx=0..350:350 prefill chunk 127/350 (36.3%) chunk=18.34 t/s avg=18.72 t/s 6.784s
0824 02:59:40 ds4-server: chat ctx=0..350:350 prefill chunk 128/350 (36.6%) chunk=18.79 t/s avg=18.72 t/s 6.837s
0824 02:59:40 ds4-server: chat ctx=0..350:350 prefill chunk 129/350 (36.9%) chunk=18.80 t/s avg=18.72 t/s 6.891s
0824 02:59:40 ds4-server: chat ctx=0..350:350 prefill chunk 130/350 (37.1%) chunk=18.34 t/s avg=18.72 t/s 6.945s
0824 02:59:40 ds4-server: chat ctx=0..350:350 prefill chunk 131/350 (37.4%) chunk=19.25 t/s avg=18.72 t/s 6.997s
0824 02:59:40 ds4-server: chat ctx=0..350:350 prefill chunk 132/350 (37.7%) chunk=18.48 t/s avg=18.72 t/s 7.051s
0824 02:59:40 ds4-server: chat ctx=0..350:350 prefill chunk 133/350 (38.0%) chunk=17.96 t/s avg=18.71 t/s 7.107s
0824 02:59:40 ds4-server: chat ctx=0..350:350 prefill chunk 134/350 (38.3%) chunk=18.84 t/s avg=18.72 t/s 7.160s
0824 02:59:40 ds4-server: chat ctx=0..350:350 prefill chunk 135/350 (38.6%) chunk=17.73 t/s avg=18.71 t/s 7.216s
0824 02:59:40 ds4-server: chat ctx=0..350:350 prefill chunk 136/350 (38.9%) chunk=18.91 t/s avg=18.71 t/s 7.269s
0824 02:59:40 ds4-server: chat ctx=0..350:350 prefill chunk 137/350 (39.1%) chunk=18.26 t/s avg=18.71 t/s 7.324s
0824 02:59:40 ds4-server: chat ctx=0..350:350 prefill chunk 138/350 (39.4%) chunk=17.79 t/s avg=18.70 t/s 7.380s
0824 02:59:40 ds4-server: chat ctx=0..350:350 prefill chunk 139/350 (39.7%) chunk=19.18 t/s avg=18.70 t/s 7.432s
0824 02:59:40 ds4-server: chat ctx=0..350:350 prefill chunk 140/350 (40.0%) chunk=18.05 t/s avg=18.70 t/s 7.488s
0824 02:59:40 ds4-server: chat ctx=0..350:350 prefill chunk 141/350 (40.3%) chunk=18.43 t/s avg=18.70 t/s 7.542s
0824 02:59:40 ds4-server: chat ctx=0..350:350 prefill chunk 142/350 (40.6%) chunk=18.85 t/s avg=18.70 t/s 7.595s
0824 02:59:40 ds4-server: chat ctx=0..350:350 prefill chunk 143/350 (40.9%) chunk=18.15 t/s avg=18.69 t/s 7.650s
0824 02:59:40 ds4-server: chat ctx=0..350:350 prefill chunk 144/350 (41.1%) chunk=18.45 t/s avg=18.69 t/s 7.704s
0824 02:59:41 ds4-server: chat ctx=0..350:350 prefill chunk 145/350 (41.4%) chunk=18.79 t/s avg=18.69 t/s 7.758s
0824 02:59:41 ds4-server: chat ctx=0..350:350 prefill chunk 146/350 (41.7%) chunk=18.17 t/s avg=18.69 t/s 7.813s
0824 02:59:41 ds4-server: chat ctx=0..350:350 prefill chunk 147/350 (42.0%) chunk=18.89 t/s avg=18.69 t/s 7.866s
0824 02:59:41 ds4-server: chat ctx=0..350:350 prefill chunk 148/350 (42.3%) chunk=17.86 t/s avg=18.68 t/s 7.922s
0824 02:59:41 ds4-server: chat ctx=0..350:350 prefill chunk 149/350 (42.6%) chunk=17.85 t/s avg=18.68 t/s 7.978s
0824 02:59:41 ds4-server: chat ctx=0..350:350 prefill chunk 150/350 (42.9%) chunk=18.68 t/s avg=18.68 t/s 8.031s
0824 02:59:41 ds4-server: chat ctx=0..350:350 prefill chunk 151/350 (43.1%) chunk=17.88 t/s avg=18.67 t/s 8.087s
0824 02:59:41 ds4-server: chat ctx=0..350:350 prefill chunk 152/350 (43.4%) chunk=18.04 t/s avg=18.67 t/s 8.142s
0824 02:59:41 ds4-server: chat ctx=0..350:350 prefill chunk 153/350 (43.7%) chunk=18.32 t/s avg=18.67 t/s 8.197s
ds4: qwen35moe experts/token avg over 128 tokens: 0:14.3 1:14.2 2:14.5 3:16.0 4:14.4 5:14.2 6:14.7 7:15.3 8:16.4 9:14.6 10:13.7 11:13.8 12:14.6 13:14.3 14:15.2 15:14.5 16:14.6 17:14.1 18:14.2 19:14.5 20:15.9 21:14.2 22:14.0 23:14.4 24:15.0 25:14.4 26:15.5 27:15.0 28:15.3 29:16.1 30:15.5 31:16.3 32:16.3 33:15.8 34:16.3 35:18.6 36:18.5 37:18.8 38:19.0 39:18.3 | mean 15.4
0824 02:59:41 ds4-server: chat ctx=0..350:350 prefill chunk 154/350 (44.0%) chunk=18.06 t/s avg=18.66 t/s 8.252s
0824 02:59:41 ds4-server: chat ctx=0..350:350 prefill chunk 155/350 (44.3%) chunk=18.28 t/s avg=18.66 t/s 8.307s
0824 02:59:41 ds4-server: chat ctx=0..350:350 prefill chunk 156/350 (44.6%) chunk=18.89 t/s avg=18.66 t/s 8.360s
0824 02:59:41 ds4-server: chat ctx=0..350:350 prefill chunk 157/350 (44.9%) chunk=18.44 t/s avg=18.66 t/s 8.414s
0824 02:59:41 ds4-server: chat ctx=0..350:350 prefill chunk 158/350 (45.1%) chunk=18.72 t/s avg=18.66 t/s 8.468s
0824 02:59:41 ds4-server: chat ctx=0..350:350 prefill chunk 159/350 (45.4%) chunk=18.57 t/s avg=18.66 t/s 8.522s
0824 02:59:41 ds4-server: chat ctx=0..350:350 prefill chunk 160/350 (45.7%) chunk=18.48 t/s avg=18.66 t/s 8.576s
0824 02:59:41 ds4-server: chat ctx=0..350:350 prefill chunk 161/350 (46.0%) chunk=18.52 t/s avg=18.66 t/s 8.630s
0824 02:59:41 ds4-server: chat ctx=0..350:350 prefill chunk 162/350 (46.3%) chunk=18.25 t/s avg=18.65 t/s 8.684s
0824 02:59:42 ds4-server: chat ctx=0..350:350 prefill chunk 163/350 (46.6%) chunk=18.04 t/s avg=18.65 t/s 8.740s
0824 02:59:42 ds4-server: chat ctx=0..350:350 prefill chunk 164/350 (46.9%) chunk=19.42 t/s avg=18.65 t/s 8.791s
0824 02:59:42 ds4-server: chat ctx=0..350:350 prefill chunk 165/350 (47.1%) chunk=18.51 t/s avg=18.65 t/s 8.845s
0824 02:59:42 ds4-server: chat ctx=0..350:350 prefill chunk 166/350 (47.4%) chunk=18.60 t/s avg=18.65 t/s 8.899s
0824 02:59:42 ds4-server: chat ctx=0..350:350 prefill chunk 167/350 (47.7%) chunk=18.82 t/s avg=18.65 t/s 8.952s
0824 02:59:42 ds4-server: chat ctx=0..350:350 prefill chunk 168/350 (48.0%) chunk=18.78 t/s avg=18.66 t/s 9.006s
0824 02:59:42 ds4-server: chat ctx=0..350:350 prefill chunk 169/350 (48.3%) chunk=18.62 t/s avg=18.65 t/s 9.059s
0824 02:59:42 ds4-server: chat ctx=0..350:350 prefill chunk 170/350 (48.6%) chunk=18.40 t/s avg=18.65 t/s 9.114s
0824 02:59:42 ds4-server: chat ctx=0..350:350 prefill chunk 171/350 (48.9%) chunk=18.37 t/s avg=18.65 t/s 9.168s
0824 02:59:42 ds4-server: chat ctx=0..350:350 prefill chunk 172/350 (49.1%) chunk=17.81 t/s avg=18.65 t/s 9.224s
0824 02:59:42 ds4-server: chat ctx=0..350:350 prefill chunk 173/350 (49.4%) chunk=17.69 t/s avg=18.64 t/s 9.281s
0824 02:59:42 ds4-server: chat ctx=0..350:350 prefill chunk 174/350 (49.7%) chunk=18.20 t/s avg=18.64 t/s 9.336s
0824 02:59:42 ds4-server: chat ctx=0..350:350 prefill chunk 175/350 (50.0%) chunk=18.40 t/s avg=18.64 t/s 9.390s
0824 02:59:42 ds4-server: chat ctx=0..350:350 prefill chunk 176/350 (50.3%) chunk=17.98 t/s avg=18.63 t/s 9.446s
0824 02:59:42 ds4-server: chat ctx=0..350:350 prefill chunk 177/350 (50.6%) chunk=18.90 t/s avg=18.63 t/s 9.498s
0824 02:59:42 ds4-server: chat ctx=0..350:350 prefill chunk 178/350 (50.9%) chunk=18.37 t/s avg=18.63 t/s 9.553s
0824 02:59:42 ds4-server: chat ctx=0..350:350 prefill chunk 179/350 (51.1%) chunk=17.93 t/s avg=18.63 t/s 9.609s
0824 02:59:42 ds4-server: chat ctx=0..350:350 prefill chunk 180/350 (51.4%) chunk=18.53 t/s avg=18.63 t/s 9.663s
0824 02:59:42 ds4-server: chat ctx=0..350:350 prefill chunk 181/350 (51.7%) chunk=17.64 t/s avg=18.62 t/s 9.719s
0824 02:59:43 ds4-server: chat ctx=0..350:350 prefill chunk 182/350 (52.0%) chunk=17.78 t/s avg=18.62 t/s 9.776s
0824 02:59:43 ds4-server: chat ctx=0..350:350 prefill chunk 183/350 (52.3%) chunk=18.66 t/s avg=18.62 t/s 9.829s
0824 02:59:43 ds4-server: chat ctx=0..350:350 prefill chunk 184/350 (52.6%) chunk=17.67 t/s avg=18.61 t/s 9.886s
0824 02:59:43 ds4-server: chat ctx=0..350:350 prefill chunk 185/350 (52.9%) chunk=18.01 t/s avg=18.61 t/s 9.941s
0824 02:59:43 ds4-server: chat ctx=0..350:350 prefill chunk 186/350 (53.1%) chunk=18.23 t/s avg=18.61 t/s 9.996s
0824 02:59:43 ds4-server: chat ctx=0..350:350 prefill chunk 187/350 (53.4%) chunk=18.55 t/s avg=18.61 t/s 10.050s
0824 02:59:43 ds4-server: chat ctx=0..350:350 prefill chunk 188/350 (53.7%) chunk=17.79 t/s avg=18.60 t/s 10.106s
0824 02:59:43 ds4-server: chat ctx=0..350:350 prefill chunk 189/350 (54.0%) chunk=17.94 t/s avg=18.60 t/s 10.162s
0824 02:59:43 ds4-server: chat ctx=0..350:350 prefill chunk 190/350 (54.3%) chunk=17.25 t/s avg=18.59 t/s 10.220s
0824 02:59:43 ds4-server: chat ctx=0..350:350 prefill chunk 191/350 (54.6%) chunk=17.68 t/s avg=18.59 t/s 10.277s
0824 02:59:43 ds4-server: chat ctx=0..350:350 prefill chunk 192/350 (54.9%) chunk=18.25 t/s avg=18.58 t/s 10.331s
0824 02:59:43 ds4-server: chat ctx=0..350:350 prefill chunk 193/350 (55.1%) chunk=18.33 t/s avg=18.58 t/s 10.386s
0824 02:59:43 ds4-server: chat ctx=0..350:350 prefill chunk 194/350 (55.4%) chunk=17.55 t/s avg=18.58 t/s 10.443s
0824 02:59:43 ds4-server: chat ctx=0..350:350 prefill chunk 195/350 (55.7%) chunk=18.33 t/s avg=18.58 t/s 10.497s
0824 02:59:43 ds4-server: chat ctx=0..350:350 prefill chunk 196/350 (56.0%) chunk=17.79 t/s avg=18.57 t/s 10.554s
0824 02:59:43 ds4-server: chat ctx=0..350:350 prefill chunk 197/350 (56.3%) chunk=17.90 t/s avg=18.57 t/s 10.610s
0824 02:59:43 ds4-server: chat ctx=0..350:350 prefill chunk 198/350 (56.6%) chunk=18.83 t/s avg=18.57 t/s 10.663s
0824 02:59:43 ds4-server: chat ctx=0..350:350 prefill chunk 199/350 (56.9%) chunk=17.58 t/s avg=18.56 t/s 10.720s
0824 02:59:44 ds4-server: chat ctx=0..350:350 prefill chunk 200/350 (57.1%) chunk=17.23 t/s avg=18.56 t/s 10.778s
0824 02:59:44 ds4-server: chat ctx=0..350:350 prefill chunk 201/350 (57.4%) chunk=18.76 t/s avg=18.56 t/s 10.831s
0824 02:59:44 ds4-server: chat ctx=0..350:350 prefill chunk 202/350 (57.7%) chunk=17.87 t/s avg=18.55 t/s 10.887s
0824 02:59:44 ds4-server: chat ctx=0..350:350 prefill chunk 203/350 (58.0%) chunk=18.36 t/s avg=18.55 t/s 10.941s
0824 02:59:44 ds4-server: chat ctx=0..350:350 prefill chunk 204/350 (58.3%) chunk=18.17 t/s avg=18.55 t/s 10.996s
0824 02:59:44 ds4-server: chat ctx=0..350:350 prefill chunk 205/350 (58.6%) chunk=18.66 t/s avg=18.55 t/s 11.050s
0824 02:59:44 ds4-server: chat ctx=0..350:350 prefill chunk 206/350 (58.9%) chunk=18.16 t/s avg=18.55 t/s 11.105s
0824 02:59:44 ds4-server: chat ctx=0..350:350 prefill chunk 207/350 (59.1%) chunk=17.68 t/s avg=18.55 t/s 11.162s
0824 02:59:44 ds4-server: chat ctx=0..350:350 prefill chunk 208/350 (59.4%) chunk=17.26 t/s avg=18.54 t/s 11.220s
0824 02:59:44 ds4-server: chat ctx=0..350:350 prefill chunk 209/350 (59.7%) chunk=17.68 t/s avg=18.53 t/s 11.276s
0824 02:59:44 ds4-server: chat ctx=0..350:350 prefill chunk 210/350 (60.0%) chunk=18.50 t/s avg=18.53 t/s 11.330s
0824 02:59:44 ds4-server: chat ctx=0..350:350 prefill chunk 211/350 (60.3%) chunk=18.03 t/s avg=18.53 t/s 11.386s
0824 02:59:44 ds4-server: chat ctx=0..350:350 prefill chunk 212/350 (60.6%) chunk=18.24 t/s avg=18.53 t/s 11.440s
0824 02:59:44 ds4-server: chat ctx=0..350:350 prefill chunk 213/350 (60.9%) chunk=18.25 t/s avg=18.53 t/s 11.495s
0824 02:59:44 ds4-server: chat ctx=0..350:350 prefill chunk 214/350 (61.1%) chunk=18.25 t/s avg=18.53 t/s 11.550s
0824 02:59:44 ds4-server: chat ctx=0..350:350 prefill chunk 215/350 (61.4%) chunk=17.53 t/s avg=18.52 t/s 11.607s
0824 02:59:44 ds4-server: chat ctx=0..350:350 prefill chunk 216/350 (61.7%) chunk=18.25 t/s avg=18.52 t/s 11.662s
0824 02:59:44 ds4-server: chat ctx=0..350:350 prefill chunk 217/350 (62.0%) chunk=17.78 t/s avg=18.52 t/s 11.718s
0824 02:59:45 ds4-server: chat ctx=0..350:350 prefill chunk 218/350 (62.3%) chunk=18.00 t/s avg=18.52 t/s 11.774s
0824 02:59:45 ds4-server: chat ctx=0..350:350 prefill chunk 219/350 (62.6%) chunk=18.07 t/s avg=18.51 t/s 11.829s
0824 02:59:45 ds4-server: chat ctx=0..350:350 prefill chunk 220/350 (62.9%) chunk=17.76 t/s avg=18.51 t/s 11.885s
0824 02:59:45 ds4-server: chat ctx=0..350:350 prefill chunk 221/350 (63.1%) chunk=17.40 t/s avg=18.50 t/s 11.943s
0824 02:59:45 ds4-server: chat ctx=0..350:350 prefill chunk 222/350 (63.4%) chunk=18.32 t/s avg=18.50 t/s 11.997s
0824 02:59:45 ds4-server: chat ctx=0..350:350 prefill chunk 223/350 (63.7%) chunk=18.06 t/s avg=18.50 t/s 12.053s
0824 02:59:45 ds4-server: chat ctx=0..350:350 prefill chunk 224/350 (64.0%) chunk=17.63 t/s avg=18.50 t/s 12.109s
0824 02:59:45 ds4-server: chat ctx=0..350:350 prefill chunk 225/350 (64.3%) chunk=18.80 t/s avg=18.50 t/s 12.163s
0824 02:59:45 ds4-server: chat ctx=0..350:350 prefill chunk 226/350 (64.6%) chunk=18.52 t/s avg=18.50 t/s 12.217s
0824 02:59:45 ds4-server: chat ctx=0..350:350 prefill chunk 227/350 (64.9%) chunk=17.28 t/s avg=18.49 t/s 12.275s
0824 02:59:45 ds4-server: chat ctx=0..350:350 prefill chunk 228/350 (65.1%) chunk=17.62 t/s avg=18.49 t/s 12.331s
0824 02:59:45 ds4-server: chat ctx=0..350:350 prefill chunk 229/350 (65.4%) chunk=17.65 t/s avg=18.49 t/s 12.388s
0824 02:59:45 ds4-server: chat ctx=0..350:350 prefill chunk 230/350 (65.7%) chunk=17.75 t/s avg=18.48 t/s 12.444s
0824 02:59:45 ds4-server: chat ctx=0..350:350 prefill chunk 231/350 (66.0%) chunk=18.95 t/s avg=18.48 t/s 12.497s
0824 02:59:45 ds4-server: chat ctx=0..350:350 prefill chunk 232/350 (66.3%) chunk=17.21 t/s avg=18.48 t/s 12.555s
0824 02:59:45 ds4-server: chat ctx=0..350:350 prefill chunk 233/350 (66.6%) chunk=18.22 t/s avg=18.48 t/s 12.610s
0824 02:59:45 ds4-server: chat ctx=0..350:350 prefill chunk 234/350 (66.9%) chunk=18.33 t/s avg=18.48 t/s 12.665s
0824 02:59:45 ds4-server: chat ctx=0..350:350 prefill chunk 235/350 (67.1%) chunk=17.89 t/s avg=18.47 t/s 12.720s
0824 02:59:46 ds4-server: chat ctx=0..350:350 prefill chunk 236/350 (67.4%) chunk=17.62 t/s avg=18.47 t/s 12.777s
0824 02:59:46 ds4-server: chat ctx=0..350:350 prefill chunk 237/350 (67.7%) chunk=18.03 t/s avg=18.47 t/s 12.833s
0824 02:59:46 ds4-server: chat ctx=0..350:350 prefill chunk 238/350 (68.0%) chunk=18.01 t/s avg=18.47 t/s 12.888s
0824 02:59:46 ds4-server: chat ctx=0..350:350 prefill chunk 239/350 (68.3%) chunk=18.26 t/s avg=18.47 t/s 12.943s
0824 02:59:46 ds4-server: chat ctx=0..350:350 prefill chunk 240/350 (68.6%) chunk=17.59 t/s avg=18.46 t/s 13.000s
0824 02:59:46 ds4-server: chat ctx=0..350:350 prefill chunk 241/350 (68.9%) chunk=17.24 t/s avg=18.46 t/s 13.058s
0824 02:59:46 ds4-server: chat ctx=0..350:350 prefill chunk 242/350 (69.1%) chunk=17.83 t/s avg=18.45 t/s 13.114s
0824 02:59:46 ds4-server: chat ctx=0..350:350 prefill chunk 243/350 (69.4%) chunk=17.45 t/s avg=18.45 t/s 13.171s
0824 02:59:46 ds4-server: chat ctx=0..350:350 prefill chunk 244/350 (69.7%) chunk=17.85 t/s avg=18.45 t/s 13.227s
0824 02:59:46 ds4-server: chat ctx=0..350:350 prefill chunk 245/350 (70.0%) chunk=17.08 t/s avg=18.44 t/s 13.286s
0824 02:59:46 ds4-server: chat ctx=0..350:350 prefill chunk 246/350 (70.3%) chunk=17.32 t/s avg=18.44 t/s 13.344s
0824 02:59:46 ds4-server: chat ctx=0..350:350 prefill chunk 247/350 (70.6%) chunk=18.15 t/s avg=18.43 t/s 13.399s
0824 02:59:46 ds4-server: chat ctx=0..350:350 prefill chunk 248/350 (70.9%) chunk=17.98 t/s avg=18.43 t/s 13.454s
0824 02:59:46 ds4-server: chat ctx=0..350:350 prefill chunk 249/350 (71.1%) chunk=18.10 t/s avg=18.43 t/s 13.510s
0824 02:59:46 ds4-server: chat ctx=0..350:350 prefill chunk 250/350 (71.4%) chunk=18.26 t/s avg=18.43 t/s 13.564s
0824 02:59:46 ds4-server: chat ctx=0..350:350 prefill chunk 251/350 (71.7%) chunk=17.42 t/s avg=18.43 t/s 13.622s
0824 02:59:46 ds4-server: chat ctx=0..350:350 prefill chunk 252/350 (72.0%) chunk=17.83 t/s avg=18.42 t/s 13.678s
0824 02:59:47 ds4-server: chat ctx=0..350:350 prefill chunk 253/350 (72.3%) chunk=17.68 t/s avg=18.42 t/s 13.734s
0824 02:59:47 ds4-server: chat ctx=0..350:350 prefill chunk 254/350 (72.6%) chunk=17.84 t/s avg=18.42 t/s 13.790s
0824 02:59:47 ds4-server: chat ctx=0..350:350 prefill chunk 255/350 (72.9%) chunk=18.08 t/s avg=18.42 t/s 13.846s
0824 02:59:47 ds4-server: chat ctx=0..350:350 prefill chunk 256/350 (73.1%) chunk=18.71 t/s avg=18.42 t/s 13.899s
0824 02:59:47 ds4-server: chat ctx=0..350:350 prefill chunk 257/350 (73.4%) chunk=16.94 t/s avg=18.41 t/s 13.958s
0824 02:59:47 ds4-server: chat ctx=0..350:350 prefill chunk 258/350 (73.7%) chunk=16.81 t/s avg=18.41 t/s 14.018s
0824 02:59:47 ds4-server: chat ctx=0..350:350 prefill chunk 259/350 (74.0%) chunk=17.45 t/s avg=18.40 t/s 14.075s
0824 02:59:47 ds4-server: chat ctx=0..350:350 prefill chunk 260/350 (74.3%) chunk=17.19 t/s avg=18.40 t/s 14.133s
0824 02:59:47 ds4-server: chat ctx=0..350:350 prefill chunk 261/350 (74.6%) chunk=17.40 t/s avg=18.39 t/s 14.191s
0824 02:59:47 ds4-server: chat ctx=0..350:350 prefill chunk 262/350 (74.9%) chunk=16.80 t/s avg=18.39 t/s 14.250s
0824 02:59:47 ds4-server: chat ctx=0..350:350 prefill chunk 263/350 (75.1%) chunk=17.09 t/s avg=18.38 t/s 14.309s
0824 02:59:47 ds4-server: chat ctx=0..350:350 prefill chunk 264/350 (75.4%) chunk=17.61 t/s avg=18.38 t/s 14.365s
0824 02:59:47 ds4-server: chat ctx=0..350:350 prefill chunk 265/350 (75.7%) chunk=17.33 t/s avg=18.37 t/s 14.423s
0824 02:59:47 ds4-server: chat ctx=0..350:350 prefill chunk 266/350 (76.0%) chunk=17.83 t/s avg=18.37 t/s 14.479s
0824 02:59:47 ds4-server: chat ctx=0..350:350 prefill chunk 267/350 (76.3%) chunk=18.12 t/s avg=18.37 t/s 14.534s
0824 02:59:47 ds4-server: chat ctx=0..350:350 prefill chunk 268/350 (76.6%) chunk=17.66 t/s avg=18.37 t/s 14.591s
0824 02:59:47 ds4-server: chat ctx=0..350:350 prefill chunk 269/350 (76.9%) chunk=17.68 t/s avg=18.36 t/s 14.648s
0824 02:59:47 ds4-server: chat ctx=0..350:350 prefill chunk 270/350 (77.1%) chunk=17.77 t/s avg=18.36 t/s 14.704s
0824 02:59:48 ds4-server: chat ctx=0..350:350 prefill chunk 271/350 (77.4%) chunk=18.10 t/s avg=18.36 t/s 14.759s
0824 02:59:48 ds4-server: chat ctx=0..350:350 prefill chunk 272/350 (77.7%) chunk=17.21 t/s avg=18.36 t/s 14.817s
0824 02:59:48 ds4-server: chat ctx=0..350:350 prefill chunk 273/350 (78.0%) chunk=17.67 t/s avg=18.35 t/s 14.874s
0824 02:59:48 ds4-server: chat ctx=0..350:350 prefill chunk 274/350 (78.3%) chunk=17.39 t/s avg=18.35 t/s 14.931s
0824 02:59:48 ds4-server: chat ctx=0..350:350 prefill chunk 275/350 (78.6%) chunk=17.74 t/s avg=18.35 t/s 14.988s
0824 02:59:48 ds4-server: chat ctx=0..350:350 prefill chunk 276/350 (78.9%) chunk=18.16 t/s avg=18.35 t/s 15.043s
0824 02:59:48 ds4-server: chat ctx=0..350:350 prefill chunk 277/350 (79.1%) chunk=17.86 t/s avg=18.35 t/s 15.099s
0824 02:59:48 ds4-server: chat ctx=0..350:350 prefill chunk 278/350 (79.4%) chunk=17.14 t/s avg=18.34 t/s 15.157s
0824 02:59:48 ds4-server: chat ctx=0..350:350 prefill chunk 279/350 (79.7%) chunk=17.91 t/s avg=18.34 t/s 15.213s
0824 02:59:48 ds4-server: chat ctx=0..350:350 prefill chunk 280/350 (80.0%) chunk=18.04 t/s avg=18.34 t/s 15.268s
0824 02:59:48 ds4-server: chat ctx=0..350:350 prefill chunk 281/350 (80.3%) chunk=16.96 t/s avg=18.33 t/s 15.327s
ds4: qwen35moe experts/token avg over 128 tokens: 0:15.1 1:15.4 2:15.8 3:17.5 4:15.2 5:15.3 6:15.4 7:16.2 8:16.9 9:15.7 10:15.0 11:15.4 12:16.0 13:16.1 14:14.8 15:15.2 16:15.3 17:14.3 18:16.1 19:15.4 20:15.8 21:15.8 22:15.4 23:15.8 24:16.1 25:15.5 26:16.3 27:16.2 28:17.4 29:16.2 30:17.5 31:17.6 32:17.3 33:16.8 34:17.2 35:18.6 36:18.9 37:19.6 38:19.5 39:19.4 | mean 16.4
0824 02:59:48 ds4-server: chat ctx=0..350:350 prefill chunk 282/350 (80.6%) chunk=17.09 t/s avg=18.33 t/s 15.386s
0824 02:59:48 ds4-server: chat ctx=0..350:350 prefill chunk 283/350 (80.9%) chunk=17.71 t/s avg=18.33 t/s 15.442s
0824 02:59:48 ds4-server: chat ctx=0..350:350 prefill chunk 284/350 (81.1%) chunk=17.82 t/s avg=18.32 t/s 15.498s
0824 02:59:48 ds4-server: chat ctx=0..350:350 prefill chunk 285/350 (81.4%) chunk=17.40 t/s avg=18.32 t/s 15.556s
0824 02:59:48 ds4-server: chat ctx=0..350:350 prefill chunk 286/350 (81.7%) chunk=17.61 t/s avg=18.32 t/s 15.613s
0824 02:59:48 ds4-server: chat ctx=0..350:350 prefill chunk 287/350 (82.0%) chunk=18.63 t/s avg=18.32 t/s 15.666s
0824 02:59:48 ds4-server: chat ctx=0..350:350 prefill chunk 288/350 (82.3%) chunk=17.74 t/s avg=18.32 t/s 15.723s
0824 02:59:49 ds4-server: chat ctx=0..350:350 prefill chunk 289/350 (82.6%) chunk=17.59 t/s avg=18.31 t/s 15.780s
0824 02:59:49 ds4-server: chat ctx=0..350:350 prefill chunk 290/350 (82.9%) chunk=18.63 t/s avg=18.32 t/s 15.833s
0824 02:59:49 ds4-server: chat ctx=0..350:350 prefill chunk 291/350 (83.1%) chunk=17.55 t/s avg=18.31 t/s 15.890s
0824 02:59:49 ds4-server: chat ctx=0..350:350 prefill chunk 292/350 (83.4%) chunk=17.49 t/s avg=18.31 t/s 15.947s
0824 02:59:49 ds4-server: chat ctx=0..350:350 prefill chunk 293/350 (83.7%) chunk=17.85 t/s avg=18.31 t/s 16.003s
0824 02:59:49 ds4-server: chat ctx=0..350:350 prefill chunk 294/350 (84.0%) chunk=18.06 t/s avg=18.31 t/s 16.059s
0824 02:59:49 ds4-server: chat ctx=0..350:350 prefill chunk 295/350 (84.3%) chunk=17.92 t/s avg=18.31 t/s 16.115s
0824 02:59:49 ds4-server: chat ctx=0..350:350 prefill chunk 296/350 (84.6%) chunk=17.49 t/s avg=18.30 t/s 16.172s
0824 02:59:49 ds4-server: chat ctx=0..350:350 prefill chunk 297/350 (84.9%) chunk=18.16 t/s avg=18.30 t/s 16.227s
0824 02:59:49 ds4-server: chat ctx=0..350:350 prefill chunk 298/350 (85.1%) chunk=16.99 t/s avg=18.30 t/s 16.286s
0824 02:59:49 ds4-server: chat ctx=0..350:350 prefill chunk 299/350 (85.4%) chunk=17.50 t/s avg=18.30 t/s 16.343s
0824 02:59:49 ds4-server: chat ctx=0..350:350 prefill chunk 300/350 (85.7%) chunk=17.88 t/s avg=18.29 t/s 16.399s
0824 02:59:49 ds4-server: chat ctx=0..350:350 prefill chunk 301/350 (86.0%) chunk=18.06 t/s avg=18.29 t/s 16.454s
0824 02:59:49 ds4-server: chat ctx=0..350:350 prefill chunk 302/350 (86.3%) chunk=17.78 t/s avg=18.29 t/s 16.510s
0824 02:59:49 ds4-server: chat ctx=0..350:350 prefill chunk 303/350 (86.6%) chunk=17.97 t/s avg=18.29 t/s 16.566s
0824 02:59:49 ds4-server: chat ctx=0..350:350 prefill chunk 304/350 (86.9%) chunk=17.61 t/s avg=18.29 t/s 16.623s
0824 02:59:49 ds4-server: chat ctx=0..350:350 prefill chunk 305/350 (87.1%) chunk=17.50 t/s avg=18.29 t/s 16.680s
0824 02:59:50 ds4-server: chat ctx=0..350:350 prefill chunk 306/350 (87.4%) chunk=18.46 t/s avg=18.29 t/s 16.734s
0824 02:59:50 ds4-server: chat ctx=0..350:350 prefill chunk 307/350 (87.7%) chunk=17.51 t/s avg=18.28 t/s 16.791s
0824 02:59:50 ds4-server: chat ctx=0..350:350 prefill chunk 308/350 (88.0%) chunk=17.14 t/s avg=18.28 t/s 16.850s
0824 02:59:50 ds4-server: chat ctx=0..350:350 prefill chunk 309/350 (88.3%) chunk=17.87 t/s avg=18.28 t/s 16.906s
0824 02:59:50 ds4-server: chat ctx=0..350:350 prefill chunk 310/350 (88.6%) chunk=17.88 t/s avg=18.28 t/s 16.962s
0824 02:59:50 ds4-server: chat ctx=0..350:350 prefill chunk 311/350 (88.9%) chunk=16.76 t/s avg=18.27 t/s 17.021s
0824 02:59:50 ds4-server: chat ctx=0..350:350 prefill chunk 312/350 (89.1%) chunk=16.85 t/s avg=18.27 t/s 17.081s
0824 02:59:50 ds4-server: chat ctx=0..350:350 prefill chunk 313/350 (89.4%) chunk=17.78 t/s avg=18.26 t/s 17.137s
0824 02:59:50 ds4-server: chat ctx=0..350:350 prefill chunk 314/350 (89.7%) chunk=17.37 t/s avg=18.26 t/s 17.194s
0824 02:59:50 ds4-server: chat ctx=0..350:350 prefill chunk 315/350 (90.0%) chunk=16.56 t/s avg=18.26 t/s 17.255s
0824 02:59:50 ds4-server: chat ctx=0..350:350 prefill chunk 316/350 (90.3%) chunk=17.01 t/s avg=18.25 t/s 17.314s
0824 02:59:50 ds4-server: chat ctx=0..350:350 prefill chunk 317/350 (90.6%) chunk=16.66 t/s avg=18.25 t/s 17.374s
0824 02:59:50 ds4-server: chat ctx=0..350:350 prefill chunk 318/350 (90.9%) chunk=18.36 t/s avg=18.25 t/s 17.428s
0824 02:59:50 ds4-server: chat ctx=0..350:350 prefill chunk 319/350 (91.1%) chunk=17.62 t/s avg=18.24 t/s 17.485s
0824 02:59:50 ds4-server: chat ctx=0..350:350 prefill chunk 320/350 (91.4%) chunk=17.93 t/s avg=18.24 t/s 17.541s
0824 02:59:50 ds4-server: chat ctx=0..350:350 prefill chunk 321/350 (91.7%) chunk=18.22 t/s avg=18.24 t/s 17.595s
0824 02:59:50 ds4-server: chat ctx=0..350:350 prefill chunk 322/350 (92.0%) chunk=17.44 t/s avg=18.24 t/s 17.653s
0824 02:59:50 ds4-server: chat ctx=0..350:350 prefill chunk 323/350 (92.3%) chunk=17.18 t/s avg=18.24 t/s 17.711s
0824 02:59:51 ds4-server: chat ctx=0..350:350 prefill chunk 324/350 (92.6%) chunk=18.18 t/s avg=18.24 t/s 17.766s
0824 02:59:51 ds4-server: chat ctx=0..350:350 prefill chunk 325/350 (92.9%) chunk=17.78 t/s avg=18.24 t/s 17.822s
0824 02:59:51 ds4-server: chat ctx=0..350:350 prefill chunk 326/350 (93.1%) chunk=17.62 t/s avg=18.23 t/s 17.879s
0824 02:59:51 ds4-server: chat ctx=0..350:350 prefill chunk 327/350 (93.4%) chunk=17.17 t/s avg=18.23 t/s 17.937s
0824 02:59:51 ds4-server: chat ctx=0..350:350 prefill chunk 328/350 (93.7%) chunk=16.80 t/s avg=18.23 t/s 17.997s
0824 02:59:51 ds4-server: chat ctx=0..350:350 prefill chunk 329/350 (94.0%) chunk=17.38 t/s avg=18.22 t/s 18.054s
0824 02:59:51 ds4-server: chat ctx=0..350:350 prefill chunk 330/350 (94.3%) chunk=16.82 t/s avg=18.22 t/s 18.114s
0824 02:59:51 ds4-server: chat ctx=0..350:350 prefill chunk 331/350 (94.6%) chunk=17.25 t/s avg=18.22 t/s 18.172s
0824 02:59:51 ds4-server: chat ctx=0..350:350 prefill chunk 332/350 (94.9%) chunk=17.18 t/s avg=18.21 t/s 18.230s
0824 02:59:51 ds4-server: chat ctx=0..350:350 prefill chunk 333/350 (95.1%) chunk=17.49 t/s avg=18.21 t/s 18.287s
0824 02:59:51 ds4-server: chat ctx=0..350:350 prefill chunk 334/350 (95.4%) chunk=17.17 t/s avg=18.21 t/s 18.345s
0824 02:59:51 ds4-server: chat ctx=0..350:350 prefill chunk 335/350 (95.7%) chunk=18.12 t/s avg=18.21 t/s 18.401s
0824 02:59:51 ds4-server: chat ctx=0..350:350 prefill chunk 336/350 (96.0%) chunk=17.37 t/s avg=18.20 t/s 18.458s
0824 02:59:51 ds4-server: chat ctx=0..350:350 prefill chunk 337/350 (96.3%) chunk=17.94 t/s avg=18.20 t/s 18.514s
0824 02:59:51 ds4-server: chat ctx=0..350:350 prefill chunk 338/350 (96.6%) chunk=17.35 t/s avg=18.20 t/s 18.571s
0824 02:59:51 ds4-server: chat ctx=0..350:350 prefill chunk 339/350 (96.9%) chunk=17.89 t/s avg=18.20 t/s 18.627s
0824 02:59:51 ds4-server: chat ctx=0..350:350 prefill chunk 340/350 (97.1%) chunk=17.58 t/s avg=18.20 t/s 18.684s
0824 02:59:52 ds4-server: chat ctx=0..350:350 prefill chunk 341/350 (97.4%) chunk=17.50 t/s avg=18.20 t/s 18.741s
0824 02:59:52 ds4-server: chat ctx=0..350:350 prefill chunk 342/350 (97.7%) chunk=17.81 t/s avg=18.19 t/s 18.798s
0824 02:59:52 ds4-server: chat ctx=0..350:350 prefill chunk 343/350 (98.0%) chunk=18.09 t/s avg=18.19 t/s 18.853s
0824 02:59:52 ds4-server: chat ctx=0..350:350 prefill chunk 344/350 (98.3%) chunk=18.65 t/s avg=18.19 t/s 18.906s
0824 02:59:52 ds4-server: chat ctx=0..350:350 prefill chunk 345/350 (98.6%) chunk=18.08 t/s avg=18.19 t/s 18.962s
0824 02:59:52 ds4-server: chat ctx=0..350:350 prefill chunk 346/350 (98.9%) chunk=17.85 t/s avg=18.19 t/s 19.018s
0824 02:59:52 ds4-server: chat ctx=0..350:350 prefill chunk 347/350 (99.1%) chunk=19.40 t/s avg=18.20 t/s 19.069s
0824 02:59:52 ds4-server: chat ctx=0..350:350 prefill chunk 348/350 (99.4%) chunk=17.59 t/s avg=18.19 t/s 19.126s
0824 02:59:52 ds4-server: chat ctx=0..350:350 prefill chunk 349/350 (99.7%) chunk=19.15 t/s avg=18.20 t/s 19.178s
0824 02:59:52 ds4-server: chat ctx=0..350:350 prefill chunk 350/350 (100.0%) chunk=19.52 t/s avg=18.20 t/s 19.230s
0824 02:59:52 ds4-server: chat ctx=0..350:350 prompt done 19.230s
0824 02:59:55 ds4-server: chat ctx=350..400:50 gen=50 THINKING decoding chunk=18.11 t/s avg=18.11 t/s 2.760s
ds4: qwen35moe experts/token avg over 128 tokens: 0:14.5 1:14.8 2:14.7 3:16.7 4:15.2 5:14.6 6:15.3 7:15.2 8:16.4 9:15.7 10:14.1 11:14.9 12:15.4 13:14.6 14:15.5 15:14.8 16:15.3 17:14.5 18:15.9 19:15.9 20:16.7 21:15.6 22:15.1 23:15.4 24:16.0 25:15.7 26:16.3 27:15.7 28:16.6 29:16.2 30:17.2 31:16.9 32:16.9 33:16.2 34:17.0 35:17.8 36:18.0 37:18.9 38:19.1 39:19.0 | mean 16.0
0824 02:59:58 ds4-server: chat ctx=400..450:50 gen=100 THINKING decoding chunk=17.65 t/s avg=17.88 t/s 5.594s
0824 03:00:00 ds4-server: chat ctx=450..500:50 gen=150 THINKING decoding chunk=17.37 t/s avg=17.70 t/s 8.472s
ds4: qwen35moe experts/token avg over 128 tokens: 0:14.2 1:15.3 2:15.4 3:16.0 4:14.7 5:15.7 6:15.3 7:15.7 8:16.5 9:16.4 10:14.9 11:15.1 12:15.6 13:15.2 14:15.4 15:15.8 16:16.2 17:15.6 18:16.0 19:16.2 20:16.7 21:16.8 22:15.4 23:15.7 24:15.9 25:16.4 26:17.0 27:16.0 28:16.9 29:16.2 30:16.1 31:16.8 32:16.7 33:15.7 34:15.8 35:18.0 36:17.1 37:18.5 38:18.9 39:18.4 | mean 16.2
0824 03:00:03 ds4-server: chat ctx=500..550:50 gen=200 THINKING decoding chunk=17.65 t/s avg=17.69 t/s 11.306s
0824 03:00:06 ds4-server: chat ctx=550..600:50 gen=250 THINKING decoding chunk=17.61 t/s avg=17.67 t/s 14.145s
0824 03:00:09 ds4-server: chat ctx=600..650:50 gen=300 THINKING decoding chunk=17.38 t/s avg=17.62 t/s 17.022s
ds4: qwen35moe experts/token avg over 128 tokens: 0:15.1 1:15.9 2:15.8 3:16.3 4:15.1 5:16.0 6:15.4 7:16.0 8:16.2 9:16.6 10:15.7 11:16.2 12:16.0 13:15.4 14:15.8 15:14.9 16:15.6 17:15.3 18:16.0 19:15.6 20:15.2 21:15.5 22:15.1 23:15.4 24:14.9 25:14.7 26:15.5 27:15.0 28:15.8 29:15.5 30:16.1 31:15.9 32:15.9 33:14.6 34:14.4 35:16.8 36:15.9 37:17.6 38:18.2 39:17.0 | mean 15.8
0824 03:00:12 ds4-server: chat ctx=650..700:50 gen=350 THINKING decoding chunk=17.21 t/s avg=17.56 t/s 19.927s
0824 03:00:15 ds4-server: chat ctx=700..750:50 gen=400 THINKING decoding chunk=17.11 t/s avg=17.51 t/s 22.850s
ds4: qwen35moe experts/token avg over 128 tokens: 0:14.8 1:16.3 2:16.0 3:16.9 4:15.8 5:15.8 6:15.5 7:16.8 8:17.4 9:16.9 10:15.0 11:15.3 12:16.1 13:16.0 14:16.6 15:15.6 16:16.1 17:15.6 18:16.4 19:16.1 20:17.5 21:16.0 22:15.1 23:15.3 24:15.2 25:16.3 26:16.6 27:16.3 28:17.0 29:15.8 30:16.6 31:16.8 32:16.4 33:14.9 34:15.4 35:17.2 36:17.1 37:17.7 38:18.4 39:17.7 | mean 16.3
0824 03:00:18 ds4-server: chat ctx=750..800:50 gen=450 THINKING decoding chunk=16.94 t/s avg=17.44 t/s 25.802s
0824 03:00:21 ds4-server: chat ctx=800..850:50 gen=500 THINKING decoding chunk=16.96 t/s avg=17.39 t/s 28.751s
0824 03:00:24 ds4-server: chat ctx=850..900:50 gen=550 THINKING decoding chunk=16.73 t/s avg=17.33 t/s 31.739s
ds4: qwen35moe experts/token avg over 128 tokens: 0:15.1 1:15.7 2:16.4 3:16.7 4:16.1 5:16.6 6:15.9 7:16.8 8:17.0 9:17.5 10:15.7 11:15.0 12:16.2 13:16.2 14:17.6 15:16.4 16:16.2 17:16.3 18:16.1 19:17.0 20:16.7 21:17.0 22:15.2 23:15.6 24:15.4 25:15.9 26:17.0 27:16.3 28:16.6 29:16.0 30:15.8 31:17.4 32:16.1 33:15.0 34:14.7 35:17.6 36:16.6 37:17.8 38:18.4 39:17.9 | mean 16.4
0824 03:00:27 ds4-server: chat ctx=900..950:50 gen=600 THINKING decoding chunk=16.69 t/s avg=17.27 t/s 34.735s
0824 03:00:30 ds4-server: chat ctx=950..1000:50 gen=650 THINKING decoding chunk=16.25 t/s avg=17.19 t/s 37.812s
ds4: qwen35moe experts/token avg over 128 tokens: 0:14.3 1:16.0 2:16.1 3:17.1 4:16.4 5:17.1 6:16.0 7:17.2 8:17.6 9:17.5 10:16.2 11:15.6 12:16.6 13:16.6 14:17.1 15:17.0 16:16.3 17:16.2 18:16.0 19:16.9 20:17.4 21:17.0 22:15.6 23:16.6 24:16.4 25:16.4 26:17.1 27:16.2 28:16.5 29:17.1 30:17.2 31:17.5 32:16.6 33:17.1 34:16.8 35:18.4 36:17.3 37:18.4 38:19.3 39:18.2 | mean 16.8
0824 03:00:33 ds4-server: chat ctx=1000..1050:50 gen=700 THINKING decoding chunk=16.54 t/s avg=17.14 t/s 40.834s
0824 03:00:36 ds4-server: chat ctx=1050..1100:50 gen=750 THINKING decoding chunk=16.53 t/s avg=17.10 t/s 43.858s
0824 03:00:39 ds4-server: chat ctx=1100..1150:50 gen=800 THINKING decoding chunk=16.43 t/s avg=17.06 t/s 46.902s
ds4: qwen35moe experts/token avg over 128 tokens: 0:15.0 1:15.8 2:16.1 3:17.2 4:16.3 5:15.8 6:16.0 7:17.2 8:16.8 9:16.6 10:15.6 11:15.1 12:15.9 13:16.7 14:16.7 15:16.1 16:16.3 17:15.9 18:15.8 19:15.9 20:16.1 21:16.3 22:15.5 23:15.1 24:15.3 25:16.0 26:16.1 27:15.8 28:16.2 29:15.6 30:15.8 31:16.9 32:15.3 33:14.9 34:14.1 35:17.2 36:16.2 37:17.3 38:18.4 39:17.5 | mean 16.1
0824 03:00:42 ds4-server: chat ctx=1150..1200:50 gen=850 THINKING decoding chunk=16.35 t/s avg=17.01 t/s 49.960s
0824 03:00:45 ds4-server: chat ctx=1200..1250:50 gen=900 THINKING decoding chunk=16.11 t/s avg=16.96 t/s 53.064s
0824 03:00:48 ds4-server: chat ctx=1250..1300:50 gen=950 THINKING decoding chunk=16.00 t/s avg=16.91 t/s 56.190s
ds4: qwen35moe experts/token avg over 128 tokens: 0:15.7 1:16.3 2:16.6 3:17.5 4:16.2 5:16.5 6:16.6 7:17.8 8:18.0 9:18.2 10:16.1 11:16.2 12:17.2 13:17.4 14:17.5 15:16.7 16:17.0 17:17.1 18:16.4 19:17.4 20:17.2 21:17.5 22:16.5 23:16.3 24:16.1 25:16.5 26:17.5 27:15.9 28:16.9 29:15.8 30:16.0 31:17.3 32:16.2 33:14.9 34:15.1 35:17.5 36:16.6 37:18.2 38:18.8 39:18.2 | mean 16.8
0824 03:00:51 ds4-server: chat ctx=1300..1350:50 gen=1000 THINKING decoding chunk=15.95 t/s avg=16.86 t/s 59.324s
0824 03:00:54 ds4-server: chat ctx=1350..1400:50 gen=1050 THINKING decoding chunk=15.93 t/s avg=16.81 t/s 62.464s
ds4: qwen35moe experts/token avg over 128 tokens: 0:15.3 1:16.0 2:16.3 3:16.7 4:16.6 5:16.7 6:16.2 7:17.6 8:17.9 9:17.9 10:16.6 11:15.7 12:17.0 13:17.0 14:17.5 15:16.6 16:16.3 17:16.8 18:16.3 19:17.1 20:17.0 21:17.7 22:16.1 23:16.0 24:16.2 25:16.1 26:16.5 27:16.2 28:16.0 29:16.1 30:15.6 31:17.1 32:15.9 33:15.2 34:15.0 35:17.4 36:16.2 37:17.1 38:18.8 39:17.1 | mean 16.6
0824 03:00:58 ds4-server: chat ctx=1400..1450:50 gen=1100 THINKING decoding chunk=15.82 t/s avg=16.76 t/s 65.624s
0824 03:01:01 ds4-server: chat ctx=1450..1500:50 gen=1150 THINKING decoding chunk=15.88 t/s avg=16.72 t/s 68.772s
0824 03:01:04 ds4-server: chat ctx=1500..1550:50 gen=1200 THINKING decoding chunk=15.55 t/s avg=16.67 t/s 71.987s
ds4: qwen35moe experts/token avg over 128 tokens: 0:15.1 1:16.3 2:16.3 3:16.9 4:16.5 5:17.0 6:16.9 7:17.7 8:18.3 9:17.6 10:15.9 11:15.5 12:16.9 13:16.4 14:17.0 15:16.8 16:16.6 17:16.5 18:16.4 19:15.9 20:17.4 21:17.3 22:15.4 23:15.9 24:16.8 25:16.3 26:16.4 27:16.4 28:16.2 29:15.9 30:16.6 31:16.7 32:16.3 33:15.8 34:15.4 35:17.4 36:17.0 37:17.8 38:18.9 39:17.8 | mean 16.6
0824 03:01:07 ds4-server: chat ctx=1550..1600:50 gen=1250 THINKING decoding chunk=15.87 t/s avg=16.64 t/s 75.137s
0824 03:01:10 ds4-server: chat ctx=1600..1650:50 gen=1300 THINKING decoding chunk=15.55 t/s avg=16.59 t/s 78.351s
ds4: qwen35moe experts/token avg over 128 tokens: 0:15.1 1:16.3 2:16.1 3:17.1 4:16.4 5:16.5 6:16.4 7:17.2 8:16.9 9:17.5 10:15.4 11:15.4 12:16.5 13:16.5 14:16.5 15:15.8 16:16.3 17:16.2 18:16.1 19:16.2 20:17.0 21:16.5 22:15.4 23:15.5 24:15.4 25:16.0 26:16.0 27:15.2 28:16.0 29:15.4 30:15.4 31:16.1 32:15.3 33:14.4 34:13.6 35:16.4 36:16.0 37:16.8 38:18.5 39:17.0 | mean 16.1
0824 03:01:14 ds4-server: chat ctx=1650..1700:50 gen=1350 THINKING decoding chunk=15.75 t/s avg=16.56 t/s 81.527s
0824 03:01:17 ds4-server: chat ctx=1700..1750:50 gen=1400 THINKING decoding chunk=15.92 t/s avg=16.54 t/s 84.667s
0824 03:01:20 ds4-server: chat ctx=1750..1800:50 gen=1450 THINKING decoding chunk=15.49 t/s avg=16.50 t/s 87.896s
ds4: qwen35moe experts/token avg over 128 tokens: 0:15.5 1:15.8 2:16.0 3:16.9 4:16.1 5:15.6 6:15.5 7:16.1 8:16.7 9:16.1 10:15.0 11:15.0 12:15.8 13:15.7 14:15.7 15:16.0 16:16.0 17:15.6 18:15.2 19:15.3 20:15.1 21:15.6 22:14.7 23:14.8 24:14.5 25:15.4 26:15.6 27:15.1 28:15.2 29:14.0 30:14.6 31:16.1 32:14.9 33:14.1 34:13.8 35:16.7 36:15.5 37:16.6 38:17.9 39:16.6 | mean 15.6
0824 03:01:23 ds4-server: chat ctx=1800..1850:50 gen=1500 THINKING decoding chunk=15.68 t/s avg=16.47 t/s 91.085s
0824 03:01:26 ds4-server: chat ctx=1850..1900:50 gen=1550 THINKING decoding chunk=15.47 t/s avg=16.43 t/s 94.318s
ds4: qwen35moe experts/token avg over 128 tokens: 0:14.9 1:16.5 2:15.9 3:16.8 4:17.1 5:16.1 6:16.7 7:17.8 8:17.9 9:17.0 10:15.8 11:15.4 12:16.6 13:16.1 14:16.5 15:16.6 16:16.3 17:16.4 18:16.4 19:16.1 20:16.9 21:16.6 22:15.5 23:15.4 24:16.2 25:15.9 26:16.2 27:15.7 28:16.5 29:16.3 30:16.1 31:16.7 32:15.8 33:16.0 34:15.9 35:17.8 36:17.7 37:18.3 38:19.3 39:18.1 | mean 16.6
0824 03:01:30 ds4-server: chat ctx=1900..1950:50 gen=1600 THINKING decoding chunk=15.02 t/s avg=16.39 t/s 97.647s
0824 03:01:33 ds4-server: chat ctx=1950..2000:50 gen=1650 THINKING decoding chunk=15.31 t/s avg=16.35 t/s 100.912s
0824 03:01:36 ds4-server: chat ctx=2000..2050:50 gen=1700 THINKING decoding chunk=15.08 t/s avg=16.31 t/s 104.228s
ds4: qwen35moe experts/token avg over 128 tokens: 0:14.2 1:16.2 2:15.6 3:16.8 4:16.6 5:15.7 6:15.7 7:17.0 8:17.4 9:16.6 10:15.3 11:15.0 12:16.6 13:16.0 14:16.6 15:16.2 16:15.6 17:16.0 18:15.4 19:15.9 20:17.0 21:16.1 22:15.8 23:15.0 24:15.5 25:15.4 26:16.0 27:15.0 28:16.2 29:15.7 30:15.0 31:15.9 32:15.0 33:14.2 34:14.7 35:17.0 36:16.6 37:17.4 38:18.8 39:16.9 | mean 16.0
0824 03:01:40 ds4-server: chat ctx=2050..2100:50 gen=1750 THINKING decoding chunk=15.15 t/s avg=16.27 t/s 107.528s
0824 03:01:43 ds4-server: chat ctx=2100..2150:50 gen=1800 THINKING decoding chunk=14.85 t/s avg=16.23 t/s 110.895s
0824 03:01:46 ds4-server: chat ctx=2150..2200:50 gen=1850 decoding chunk=14.92 t/s avg=16.19 t/s 114.247s
ds4: qwen35moe experts/token avg over 128 tokens: 0:14.9 1:16.1 2:15.5 3:17.0 4:16.1 5:16.6 6:16.1 7:17.4 8:17.9 9:17.5 10:16.2 11:15.3 12:16.5 13:16.5 14:17.2 15:16.8 16:17.0 17:16.9 18:16.5 19:16.8 20:17.7 21:17.1 22:15.6 23:15.2 24:15.7 25:15.8 26:16.3 27:16.2 28:16.8 29:16.3 30:15.4 31:16.5 32:15.7 33:14.6 34:15.0 35:17.2 36:17.4 37:17.7 38:19.0 39:17.4 | mean 16.5
0824 03:01:50 ds4-server: chat ctx=2200..2250:50 gen=1900 decoding chunk=14.75 t/s avg=16.15 t/s 117.637s
0824 03:01:53 ds4-server: chat ctx=2250..2300:50 gen=1950 decoding chunk=14.49 t/s avg=16.10 t/s 121.088s
ds4: qwen35moe experts/token avg over 128 tokens: 0:16.0 1:16.5 2:16.9 3:17.5 4:17.2 5:17.4 6:17.1 7:17.8 8:17.7 9:17.5 10:16.8 11:16.8 12:17.3 13:17.1 14:17.5 15:17.0 16:17.1 17:17.3 18:17.1 19:17.0 20:17.4 21:17.1 22:16.2 23:16.6 24:16.1 25:16.7 26:16.6 27:16.3 28:17.1 29:15.6 30:16.8 31:17.3 32:16.7 33:15.5 34:15.9 35:18.6 36:18.0 37:18.8 38:19.2 39:18.8 | mean 17.1
0824 03:01:57 ds4-server: chat ctx=2300..2350:50 gen=2000 decoding chunk=14.51 t/s avg=16.06 t/s 124.533s
0824 03:02:00 ds4-server: chat ctx=2350..2400:50 gen=2050 decoding chunk=14.43 t/s avg=16.02 t/s 127.998s
0824 03:02:03 ds4-server: chat ctx=2400..2450:50 gen=2100 decoding chunk=14.36 t/s avg=15.97 t/s 131.479s
ds4: qwen35moe experts/token avg over 128 tokens: 0:15.5 1:17.2 2:16.6 3:18.0 4:17.0 5:17.3 6:17.4 7:18.3 8:18.8 9:18.2 10:16.6 11:16.0 12:17.6 13:17.5 14:18.5 15:17.5 16:17.9 17:17.5 18:17.5 19:17.8 20:18.7 21:18.1 22:16.6 23:16.7 24:16.2 25:16.6 26:17.6 27:16.6 28:17.0 29:16.2 30:16.2 31:17.1 32:15.9 33:15.3 34:15.1 35:17.7 36:17.3 37:18.7 38:19.1 39:18.4 | mean 17.2
0824 03:02:07 ds4-server: chat ctx=2450..2500:50 gen=2150 decoding chunk=14.38 t/s avg=15.93 t/s 134.957s
0824 03:02:10 ds4-server: chat ctx=2500..2550:50 gen=2200 decoding chunk=14.21 t/s avg=15.89 t/s 138.476s
ds4: qwen35moe experts/token avg over 128 tokens: 0:15.3 1:16.4 2:16.6 3:18.1 4:17.4 5:17.8 6:17.8 7:18.9 8:18.0 9:18.8 10:17.3 11:16.7 12:17.8 13:16.9 14:17.6 15:17.2 16:16.9 17:17.7 18:17.2 19:18.0 20:17.9 21:18.0 22:16.9 23:16.3 24:17.0 25:16.0 26:16.6 27:16.9 28:16.6 29:16.5 30:15.4 31:16.9 32:16.2 33:15.5 34:15.7 35:17.9 36:16.3 37:17.9 38:19.1 39:18.2 | mean 17.2
0824 03:02:14 ds4-server: chat ctx=2550..2600:50 gen=2250 decoding chunk=14.24 t/s avg=15.85 t/s 141.988s
0824 03:02:17 ds4-server: chat ctx=2600..2644:44 gen=2294 decoding chunk=14.12 t/s avg=15.81 t/s 145.104s
0824 03:02:17 ds4-server: thinking live checkpoint remembered ctx=0..350:350 live=2644 visible=3653
0824 03:02:17 ds4-server: chat ctx=0..350:350 gen=2294 finish=stop 164.334s
0824 03:02:17 ds4-server: live kv cache miss live=2644 prompt=311 common=66 reason=token-mismatch
0824 03:02:17 ds4-server: chat ctx=0..311:311 prompt start
0824 03:02:17 ds4-server: chat ctx=0..311:311 prefill chunk 1/311 (0.3%) chunk=0.00 t/s avg=19.54 t/s 0.051s
0824 03:02:17 ds4-server: chat ctx=0..311:311 prefill chunk 2/311 (0.6%) chunk=19.18 t/s avg=19.36 t/s 0.103s
0824 03:02:17 ds4-server: chat ctx=0..311:311 prefill chunk 3/311 (1.0%) chunk=19.83 t/s avg=19.51 t/s 0.154s
0824 03:02:17 ds4-server: chat ctx=0..311:311 prefill chunk 4/311 (1.3%) chunk=19.05 t/s avg=19.40 t/s 0.206s
0824 03:02:17 ds4-server: chat ctx=0..311:311 prefill chunk 5/311 (1.6%) chunk=19.95 t/s avg=19.50 t/s 0.256s
0824 03:02:17 ds4-server: chat ctx=0..311:311 prefill chunk 6/311 (1.9%) chunk=18.85 t/s avg=19.39 t/s 0.309s
0824 03:02:17 ds4-server: chat ctx=0..311:311 prefill chunk 7/311 (2.3%) chunk=19.63 t/s avg=19.43 t/s 0.360s
0824 03:02:18 ds4-server: chat ctx=0..311:311 prefill chunk 8/311 (2.6%) chunk=18.68 t/s avg=19.33 t/s 0.414s
0824 03:02:18 ds4-server: chat ctx=0..311:311 prefill chunk 9/311 (2.9%) chunk=19.73 t/s avg=19.37 t/s 0.465s
0824 03:02:18 ds4-server: chat ctx=0..311:311 prefill chunk 10/311 (3.2%) chunk=19.40 t/s avg=19.38 t/s 0.516s
0824 03:02:18 ds4-server: chat ctx=0..311:311 prefill chunk 11/311 (3.5%) chunk=18.74 t/s avg=19.32 t/s 0.569s
0824 03:02:18 ds4-server: chat ctx=0..311:311 prefill chunk 12/311 (3.9%) chunk=19.15 t/s avg=19.30 t/s 0.622s
0824 03:02:18 ds4-server: chat ctx=0..311:311 prefill chunk 13/311 (4.2%) chunk=18.43 t/s avg=19.23 t/s 0.676s
0824 03:02:18 ds4-server: chat ctx=0..311:311 prefill chunk 14/311 (4.5%) chunk=18.94 t/s avg=19.21 t/s 0.729s
0824 03:02:18 ds4-server: chat ctx=0..311:311 prefill chunk 15/311 (4.8%) chunk=18.66 t/s avg=19.17 t/s 0.782s
0824 03:02:18 ds4-server: chat ctx=0..311:311 prefill chunk 16/311 (5.1%) chunk=18.53 t/s avg=19.13 t/s 0.836s
0824 03:02:18 ds4-server: chat ctx=0..311:311 prefill chunk 17/311 (5.5%) chunk=19.05 t/s avg=19.13 t/s 0.889s
0824 03:02:18 ds4-server: chat ctx=0..311:311 prefill chunk 18/311 (5.8%) chunk=18.51 t/s avg=19.09 t/s 0.943s
0824 03:02:18 ds4-server: chat ctx=0..311:311 prefill chunk 19/311 (6.1%) chunk=18.96 t/s avg=19.08 t/s 0.996s
0824 03:02:18 ds4-server: chat ctx=0..311:311 prefill chunk 20/311 (6.4%) chunk=18.07 t/s avg=19.03 t/s 1.051s
0824 03:02:18 ds4-server: chat ctx=0..311:311 prefill chunk 21/311 (6.8%) chunk=18.67 t/s avg=19.01 t/s 1.104s
0824 03:02:18 ds4-server: chat ctx=0..311:311 prefill chunk 22/311 (7.1%) chunk=19.33 t/s avg=19.03 t/s 1.156s
0824 03:02:18 ds4-server: chat ctx=0..311:311 prefill chunk 23/311 (7.4%) chunk=18.95 t/s avg=19.02 t/s 1.209s
0824 03:02:18 ds4-server: chat ctx=0..311:311 prefill chunk 24/311 (7.7%) chunk=19.74 t/s avg=19.05 t/s 1.260s
0824 03:02:18 ds4-server: chat ctx=0..311:311 prefill chunk 25/311 (8.0%) chunk=19.01 t/s avg=19.05 t/s 1.312s
0824 03:02:18 ds4-server: chat ctx=0..311:311 prefill chunk 26/311 (8.4%) chunk=19.52 t/s avg=19.07 t/s 1.363s
0824 03:02:19 ds4-server: chat ctx=0..311:311 prefill chunk 27/311 (8.7%) chunk=18.83 t/s avg=19.06 t/s 1.417s
0824 03:02:19 ds4-server: chat ctx=0..311:311 prefill chunk 28/311 (9.0%) chunk=18.67 t/s avg=19.05 t/s 1.470s
0824 03:02:19 ds4-server: chat ctx=0..311:311 prefill chunk 29/311 (9.3%) chunk=18.99 t/s avg=19.04 t/s 1.523s
0824 03:02:19 ds4-server: chat ctx=0..311:311 prefill chunk 30/311 (9.6%) chunk=18.50 t/s avg=19.03 t/s 1.577s
0824 03:02:19 ds4-server: chat ctx=0..311:311 prefill chunk 31/311 (10.0%) chunk=18.89 t/s avg=19.02 t/s 1.630s
0824 03:02:19 ds4-server: chat ctx=0..311:311 prefill chunk 32/311 (10.3%) chunk=18.41 t/s avg=19.00 t/s 1.684s
0824 03:02:19 ds4-server: chat ctx=0..311:311 prefill chunk 33/311 (10.6%) chunk=18.69 t/s avg=18.99 t/s 1.738s
0824 03:02:19 ds4-server: chat ctx=0..311:311 prefill chunk 34/311 (10.9%) chunk=18.82 t/s avg=18.99 t/s 1.791s
0824 03:02:19 ds4-server: chat ctx=0..311:311 prefill chunk 35/311 (11.3%) chunk=18.13 t/s avg=18.96 t/s 1.846s
0824 03:02:19 ds4-server: chat ctx=0..311:311 prefill chunk 36/311 (11.6%) chunk=18.46 t/s avg=18.95 t/s 1.900s
0824 03:02:19 ds4-server: chat ctx=0..311:311 prefill chunk 37/311 (11.9%) chunk=17.86 t/s avg=18.92 t/s 1.956s
0824 03:02:19 ds4-server: chat ctx=0..311:311 prefill chunk 38/311 (12.2%) chunk=17.67 t/s avg=18.88 t/s 2.013s
0824 03:02:19 ds4-server: chat ctx=0..311:311 prefill chunk 39/311 (12.5%) chunk=18.43 t/s avg=18.87 t/s 2.067s
0824 03:02:19 ds4-server: chat ctx=0..311:311 prefill chunk 40/311 (12.9%) chunk=18.61 t/s avg=18.86 t/s 2.121s
0824 03:02:19 ds4-server: chat ctx=0..311:311 prefill chunk 41/311 (13.2%) chunk=17.91 t/s avg=18.84 t/s 2.177s
0824 03:02:19 ds4-server: chat ctx=0..311:311 prefill chunk 42/311 (13.5%) chunk=18.92 t/s avg=18.84 t/s 2.229s
0824 03:02:19 ds4-server: chat ctx=0..311:311 prefill chunk 43/311 (13.8%) chunk=19.04 t/s avg=18.84 t/s 2.282s
0824 03:02:19 ds4-server: chat ctx=0..311:311 prefill chunk 44/311 (14.1%) chunk=19.01 t/s avg=18.85 t/s 2.335s
0824 03:02:19 ds4-server: chat ctx=0..311:311 prefill chunk 45/311 (14.5%) chunk=18.91 t/s avg=18.85 t/s 2.387s
0824 03:02:20 ds4-server: chat ctx=0..311:311 prefill chunk 46/311 (14.8%) chunk=18.16 t/s avg=18.83 t/s 2.442s
0824 03:02:20 ds4-server: chat ctx=0..311:311 prefill chunk 47/311 (15.1%) chunk=18.70 t/s avg=18.83 t/s 2.496s
0824 03:02:20 ds4-server: chat ctx=0..311:311 prefill chunk 48/311 (15.4%) chunk=18.23 t/s avg=18.82 t/s 2.551s
0824 03:02:20 ds4-server: chat ctx=0..311:311 prefill chunk 49/311 (15.8%) chunk=17.84 t/s avg=18.80 t/s 2.607s
0824 03:02:20 ds4-server: chat ctx=0..311:311 prefill chunk 50/311 (16.1%) chunk=18.72 t/s avg=18.80 t/s 2.660s
0824 03:02:20 ds4-server: chat ctx=0..311:311 prefill chunk 51/311 (16.4%) chunk=18.21 t/s avg=18.78 t/s 2.715s
0824 03:02:20 ds4-server: chat ctx=0..311:311 prefill chunk 52/311 (16.7%) chunk=18.21 t/s avg=18.77 t/s 2.770s
0824 03:02:20 ds4-server: chat ctx=0..311:311 prefill chunk 53/311 (17.0%) chunk=18.65 t/s avg=18.77 t/s 2.824s
0824 03:02:20 ds4-server: chat ctx=0..311:311 prefill chunk 54/311 (17.4%) chunk=18.52 t/s avg=18.76 t/s 2.878s
0824 03:02:20 ds4-server: chat ctx=0..311:311 prefill chunk 55/311 (17.7%) chunk=19.60 t/s avg=18.78 t/s 2.929s
0824 03:02:20 ds4-server: chat ctx=0..311:311 prefill chunk 56/311 (18.0%) chunk=18.79 t/s avg=18.78 t/s 2.982s
0824 03:02:20 ds4-server: chat ctx=0..311:311 prefill chunk 57/311 (18.3%) chunk=18.59 t/s avg=18.78 t/s 3.036s
0824 03:02:20 ds4-server: chat ctx=0..311:311 prefill chunk 58/311 (18.6%) chunk=18.50 t/s avg=18.77 t/s 3.090s
0824 03:02:20 ds4-server: chat ctx=0..311:311 prefill chunk 59/311 (19.0%) chunk=18.52 t/s avg=18.77 t/s 3.144s
0824 03:02:20 ds4-server: chat ctx=0..311:311 prefill chunk 60/311 (19.3%) chunk=19.54 t/s avg=18.78 t/s 3.195s
0824 03:02:20 ds4-server: chat ctx=0..311:311 prefill chunk 61/311 (19.6%) chunk=19.35 t/s avg=18.79 t/s 3.247s
0824 03:02:20 ds4-server: chat ctx=0..311:311 prefill chunk 62/311 (19.9%) chunk=20.28 t/s avg=18.81 t/s 3.296s
0824 03:02:20 ds4-server: chat ctx=0..311:311 prefill chunk 63/311 (20.3%) chunk=19.33 t/s avg=18.82 t/s 3.348s
0824 03:02:21 ds4-server: chat ctx=0..311:311 prefill chunk 64/311 (20.6%) chunk=19.91 t/s avg=18.83 t/s 3.398s
0824 03:02:21 ds4-server: chat ctx=0..311:311 prefill chunk 65/311 (20.9%) chunk=19.48 t/s avg=18.84 t/s 3.449s
0824 03:02:21 ds4-server: chat ctx=0..311:311 prefill chunk 66/311 (21.2%) chunk=18.69 t/s avg=18.84 t/s 3.503s
0824 03:02:21 ds4-server: chat ctx=0..311:311 prefill chunk 67/311 (21.5%) chunk=19.40 t/s avg=18.85 t/s 3.554s
0824 03:02:21 ds4-server: chat ctx=0..311:311 prefill chunk 68/311 (21.9%) chunk=18.74 t/s avg=18.85 t/s 3.608s
0824 03:02:21 ds4-server: chat ctx=0..311:311 prefill chunk 69/311 (22.2%) chunk=19.31 t/s avg=18.86 t/s 3.659s
ds4: qwen35moe experts/token avg over 128 tokens: 0:14.8 1:15.7 2:15.4 3:16.4 4:16.1 5:15.9 6:15.7 7:16.9 8:17.0 9:16.6 10:14.9 11:15.2 12:16.5 13:16.2 14:16.5 15:16.2 16:15.7 17:15.8 18:15.7 19:15.7 20:16.6 21:16.5 22:15.3 23:15.2 24:15.6 25:15.6 26:15.9 27:15.5 28:15.4 29:15.2 30:15.0 31:16.5 32:15.8 33:15.6 34:15.7 35:18.1 36:17.4 37:18.3 38:18.6 39:18.3 | mean 16.1
0824 03:02:21 ds4-server: chat ctx=0..311:311 prefill chunk 70/311 (22.5%) chunk=18.89 t/s avg=18.86 t/s 3.712s
0824 03:02:21 ds4-server: chat ctx=0..311:311 prefill chunk 71/311 (22.8%) chunk=19.33 t/s avg=18.86 t/s 3.764s
0824 03:02:21 ds4-server: chat ctx=0..311:311 prefill chunk 72/311 (23.2%) chunk=18.51 t/s avg=18.86 t/s 3.818s
0824 03:02:21 ds4-server: chat ctx=0..311:311 prefill chunk 73/311 (23.5%) chunk=18.69 t/s avg=18.85 t/s 3.872s
0824 03:02:21 ds4-server: chat ctx=0..311:311 prefill chunk 74/311 (23.8%) chunk=19.46 t/s avg=18.86 t/s 3.923s
0824 03:02:21 ds4-server: chat ctx=0..311:311 prefill chunk 75/311 (24.1%) chunk=18.37 t/s avg=18.86 t/s 3.978s
0824 03:02:21 ds4-server: chat ctx=0..311:311 prefill chunk 76/311 (24.4%) chunk=19.04 t/s avg=18.86 t/s 4.030s
0824 03:02:21 ds4-server: chat ctx=0..311:311 prefill chunk 77/311 (24.8%) chunk=18.58 t/s avg=18.85 t/s 4.084s
0824 03:02:21 ds4-server: chat ctx=0..311:311 prefill chunk 78/311 (25.1%) chunk=18.65 t/s avg=18.85 t/s 4.137s
0824 03:02:21 ds4-server: chat ctx=0..311:311 prefill chunk 79/311 (25.4%) chunk=18.98 t/s avg=18.85 t/s 4.190s
0824 03:02:21 ds4-server: chat ctx=0..311:311 prefill chunk 80/311 (25.7%) chunk=18.72 t/s avg=18.85 t/s 4.244s
0824 03:02:21 ds4-server: chat ctx=0..311:311 prefill chunk 81/311 (26.0%) chunk=19.41 t/s avg=18.86 t/s 4.295s
0824 03:02:21 ds4-server: chat ctx=0..311:311 prefill chunk 82/311 (26.4%) chunk=18.18 t/s avg=18.85 t/s 4.350s
0824 03:02:22 ds4-server: chat ctx=0..311:311 prefill chunk 83/311 (26.7%) chunk=18.20 t/s avg=18.84 t/s 4.405s
0824 03:02:22 ds4-server: chat ctx=0..311:311 prefill chunk 84/311 (27.0%) chunk=18.78 t/s avg=18.84 t/s 4.458s
0824 03:02:22 ds4-server: chat ctx=0..311:311 prefill chunk 85/311 (27.3%) chunk=18.56 t/s avg=18.84 t/s 4.512s
0824 03:02:22 ds4-server: chat ctx=0..311:311 prefill chunk 86/311 (27.7%) chunk=19.06 t/s avg=18.84 t/s 4.565s
0824 03:02:22 ds4-server: chat ctx=0..311:311 prefill chunk 87/311 (28.0%) chunk=18.94 t/s avg=18.84 t/s 4.617s
0824 03:02:22 ds4-server: chat ctx=0..311:311 prefill chunk 88/311 (28.3%) chunk=18.78 t/s avg=18.84 t/s 4.671s
0824 03:02:22 ds4-server: chat ctx=0..311:311 prefill chunk 89/311 (28.6%) chunk=19.26 t/s avg=18.85 t/s 4.723s
0824 03:02:22 ds4-server: chat ctx=0..311:311 prefill chunk 90/311 (28.9%) chunk=18.18 t/s avg=18.84 t/s 4.778s
0824 03:02:22 ds4-server: chat ctx=0..311:311 prefill chunk 91/311 (29.3%) chunk=18.92 t/s avg=18.84 t/s 4.831s
0824 03:02:22 ds4-server: chat ctx=0..311:311 prefill chunk 92/311 (29.6%) chunk=18.65 t/s avg=18.84 t/s 4.884s
0824 03:02:22 ds4-server: chat ctx=0..311:311 prefill chunk 93/311 (29.9%) chunk=18.34 t/s avg=18.83 t/s 4.939s
0824 03:02:22 ds4-server: chat ctx=0..311:311 prefill chunk 94/311 (30.2%) chunk=18.83 t/s avg=18.83 t/s 4.992s
0824 03:02:22 ds4-server: chat ctx=0..311:311 prefill chunk 95/311 (30.5%) chunk=18.12 t/s avg=18.82 t/s 5.047s
0824 03:02:22 ds4-server: chat ctx=0..311:311 prefill chunk 96/311 (30.9%) chunk=19.45 t/s avg=18.83 t/s 5.098s
0824 03:02:22 ds4-server: chat ctx=0..311:311 prefill chunk 97/311 (31.2%) chunk=18.43 t/s avg=18.83 t/s 5.153s
0824 03:02:22 ds4-server: chat ctx=0..311:311 prefill chunk 98/311 (31.5%) chunk=18.36 t/s avg=18.82 t/s 5.207s
0824 03:02:22 ds4-server: chat ctx=0..311:311 prefill chunk 99/311 (31.8%) chunk=18.83 t/s avg=18.82 t/s 5.260s
0824 03:02:22 ds4-server: chat ctx=0..311:311 prefill chunk 100/311 (32.2%) chunk=19.05 t/s avg=18.82 t/s 5.313s
0824 03:02:22 ds4-server: chat ctx=0..311:311 prefill chunk 101/311 (32.5%) chunk=18.51 t/s avg=18.82 t/s 5.367s
0824 03:02:23 ds4-server: chat ctx=0..311:311 prefill chunk 102/311 (32.8%) chunk=18.35 t/s avg=18.81 t/s 5.421s
0824 03:02:23 ds4-server: chat ctx=0..311:311 prefill chunk 103/311 (33.1%) chunk=18.25 t/s avg=18.81 t/s 5.476s
0824 03:02:23 ds4-server: chat ctx=0..311:311 prefill chunk 104/311 (33.4%) chunk=18.49 t/s avg=18.81 t/s 5.530s
0824 03:02:23 ds4-server: chat ctx=0..311:311 prefill chunk 105/311 (33.8%) chunk=18.51 t/s avg=18.80 t/s 5.584s
0824 03:02:23 ds4-server: chat ctx=0..311:311 prefill chunk 106/311 (34.1%) chunk=18.25 t/s avg=18.80 t/s 5.639s
0824 03:02:23 ds4-server: chat ctx=0..311:311 prefill chunk 107/311 (34.4%) chunk=18.87 t/s avg=18.80 t/s 5.692s
0824 03:02:23 ds4-server: chat ctx=0..311:311 prefill chunk 108/311 (34.7%) chunk=18.44 t/s avg=18.80 t/s 5.746s
0824 03:02:23 ds4-server: chat ctx=0..311:311 prefill chunk 109/311 (35.0%) chunk=18.39 t/s avg=18.79 t/s 5.801s
0824 03:02:23 ds4-server: chat ctx=0..311:311 prefill chunk 110/311 (35.4%) chunk=18.12 t/s avg=18.79 t/s 5.856s
0824 03:02:23 ds4-server: chat ctx=0..311:311 prefill chunk 111/311 (35.7%) chunk=17.99 t/s avg=18.78 t/s 5.911s
0824 03:02:23 ds4-server: chat ctx=0..311:311 prefill chunk 112/311 (36.0%) chunk=18.94 t/s avg=18.78 t/s 5.964s
0824 03:02:23 ds4-server: chat ctx=0..311:311 prefill chunk 113/311 (36.3%) chunk=18.10 t/s avg=18.77 t/s 6.019s
0824 03:02:23 ds4-server: chat ctx=0..311:311 prefill chunk 114/311 (36.7%) chunk=18.97 t/s avg=18.77 t/s 6.072s
0824 03:02:23 ds4-server: chat ctx=0..311:311 prefill chunk 115/311 (37.0%) chunk=19.22 t/s avg=18.78 t/s 6.124s
0824 03:02:23 ds4-server: chat ctx=0..311:311 prefill chunk 116/311 (37.3%) chunk=18.67 t/s avg=18.78 t/s 6.178s
0824 03:02:23 ds4-server: chat ctx=0..311:311 prefill chunk 117/311 (37.6%) chunk=19.18 t/s avg=18.78 t/s 6.230s
0824 03:02:23 ds4-server: chat ctx=0..311:311 prefill chunk 118/311 (37.9%) chunk=18.67 t/s avg=18.78 t/s 6.283s
0824 03:02:23 ds4-server: chat ctx=0..311:311 prefill chunk 119/311 (38.3%) chunk=18.56 t/s avg=18.78 t/s 6.337s
0824 03:02:23 ds4-server: chat ctx=0..311:311 prefill chunk 120/311 (38.6%) chunk=19.50 t/s avg=18.78 t/s 6.389s
0824 03:02:24 ds4-server: chat ctx=0..311:311 prefill chunk 121/311 (38.9%) chunk=18.53 t/s avg=18.78 t/s 6.443s
0824 03:02:24 ds4-server: chat ctx=0..311:311 prefill chunk 122/311 (39.2%) chunk=19.19 t/s avg=18.78 t/s 6.495s
0824 03:02:24 ds4-server: chat ctx=0..311:311 prefill chunk 123/311 (39.5%) chunk=18.34 t/s avg=18.78 t/s 6.549s
0824 03:02:24 ds4-server: chat ctx=0..311:311 prefill chunk 124/311 (39.9%) chunk=18.64 t/s avg=18.78 t/s 6.603s
0824 03:02:24 ds4-server: chat ctx=0..311:311 prefill chunk 125/311 (40.2%) chunk=18.55 t/s avg=18.78 t/s 6.657s
0824 03:02:24 ds4-server: chat ctx=0..311:311 prefill chunk 126/311 (40.5%) chunk=18.21 t/s avg=18.77 t/s 6.712s
0824 03:02:24 ds4-server: chat ctx=0..311:311 prefill chunk 127/311 (40.8%) chunk=18.52 t/s avg=18.77 t/s 6.766s
0824 03:02:24 ds4-server: chat ctx=0..311:311 prefill chunk 128/311 (41.2%) chunk=18.37 t/s avg=18.77 t/s 6.820s
0824 03:02:24 ds4-server: chat ctx=0..311:311 prefill chunk 129/311 (41.5%) chunk=17.93 t/s avg=18.76 t/s 6.876s
0824 03:02:24 ds4-server: chat ctx=0..311:311 prefill chunk 130/311 (41.8%) chunk=19.15 t/s avg=18.76 t/s 6.928s
0824 03:02:24 ds4-server: chat ctx=0..311:311 prefill chunk 131/311 (42.1%) chunk=18.60 t/s avg=18.76 t/s 6.982s
0824 03:02:24 ds4-server: chat ctx=0..311:311 prefill chunk 132/311 (42.4%) chunk=18.74 t/s avg=18.76 t/s 7.035s
0824 03:02:24 ds4-server: chat ctx=0..311:311 prefill chunk 133/311 (42.8%) chunk=18.09 t/s avg=18.76 t/s 7.090s
0824 03:02:24 ds4-server: chat ctx=0..311:311 prefill chunk 134/311 (43.1%) chunk=17.89 t/s avg=18.75 t/s 7.146s
0824 03:02:24 ds4-server: chat ctx=0..311:311 prefill chunk 135/311 (43.4%) chunk=19.05 t/s avg=18.75 t/s 7.199s
0824 03:02:24 ds4-server: chat ctx=0..311:311 prefill chunk 136/311 (43.7%) chunk=18.59 t/s avg=18.75 t/s 7.253s
0824 03:02:24 ds4-server: chat ctx=0..311:311 prefill chunk 137/311 (44.1%) chunk=19.01 t/s avg=18.75 t/s 7.305s
0824 03:02:24 ds4-server: chat ctx=0..311:311 prefill chunk 138/311 (44.4%) chunk=19.28 t/s avg=18.76 t/s 7.357s
0824 03:02:25 ds4-server: chat ctx=0..311:311 prefill chunk 139/311 (44.7%) chunk=18.48 t/s avg=18.76 t/s 7.411s
0824 03:02:25 ds4-server: chat ctx=0..311:311 prefill chunk 140/311 (45.0%) chunk=19.56 t/s avg=18.76 t/s 7.462s
0824 03:02:25 ds4-server: chat ctx=0..311:311 prefill chunk 141/311 (45.3%) chunk=18.73 t/s avg=18.76 t/s 7.516s
0824 03:02:25 ds4-server: chat ctx=0..311:311 prefill chunk 142/311 (45.7%) chunk=17.93 t/s avg=18.75 t/s 7.571s
0824 03:02:25 ds4-server: chat ctx=0..311:311 prefill chunk 143/311 (46.0%) chunk=18.22 t/s avg=18.75 t/s 7.626s
0824 03:02:25 ds4-server: chat ctx=0..311:311 prefill chunk 144/311 (46.3%) chunk=17.99 t/s avg=18.75 t/s 7.682s
0824 03:02:25 ds4-server: chat ctx=0..311:311 prefill chunk 145/311 (46.6%) chunk=17.72 t/s avg=18.74 t/s 7.738s
0824 03:02:25 ds4-server: chat ctx=0..311:311 prefill chunk 146/311 (46.9%) chunk=18.81 t/s avg=18.74 t/s 7.792s
0824 03:02:25 ds4-server: chat ctx=0..311:311 prefill chunk 147/311 (47.3%) chunk=18.05 t/s avg=18.73 t/s 7.847s
0824 03:02:25 ds4-server: chat ctx=0..311:311 prefill chunk 148/311 (47.6%) chunk=17.63 t/s avg=18.73 t/s 7.904s
0824 03:02:25 ds4-server: chat ctx=0..311:311 prefill chunk 149/311 (47.9%) chunk=18.76 t/s avg=18.73 t/s 7.957s
0824 03:02:25 ds4-server: chat ctx=0..311:311 prefill chunk 150/311 (48.2%) chunk=17.81 t/s avg=18.72 t/s 8.013s
0824 03:02:25 ds4-server: chat ctx=0..311:311 prefill chunk 151/311 (48.6%) chunk=17.38 t/s avg=18.71 t/s 8.071s
0824 03:02:25 ds4-server: chat ctx=0..311:311 prefill chunk 152/311 (48.9%) chunk=19.02 t/s avg=18.71 t/s 8.123s
0824 03:02:25 ds4-server: chat ctx=0..311:311 prefill chunk 153/311 (49.2%) chunk=18.73 t/s avg=18.71 t/s 8.177s
0824 03:02:25 ds4-server: chat ctx=0..311:311 prefill chunk 154/311 (49.5%) chunk=18.89 t/s avg=18.71 t/s 8.230s
0824 03:02:25 ds4-server: chat ctx=0..311:311 prefill chunk 155/311 (49.8%) chunk=18.01 t/s avg=18.71 t/s 8.285s
0824 03:02:25 ds4-server: chat ctx=0..311:311 prefill chunk 156/311 (50.2%) chunk=18.02 t/s avg=18.70 t/s 8.341s
0824 03:02:25 ds4-server: chat ctx=0..311:311 prefill chunk 157/311 (50.5%) chunk=19.03 t/s avg=18.71 t/s 8.393s
0824 03:02:26 ds4-server: chat ctx=0..311:311 prefill chunk 158/311 (50.8%) chunk=18.11 t/s avg=18.70 t/s 8.448s
0824 03:02:26 ds4-server: chat ctx=0..311:311 prefill chunk 159/311 (51.1%) chunk=18.38 t/s avg=18.70 t/s 8.503s
0824 03:02:26 ds4-server: chat ctx=0..311:311 prefill chunk 160/311 (51.4%) chunk=17.94 t/s avg=18.69 t/s 8.559s
0824 03:02:26 ds4-server: chat ctx=0..311:311 prefill chunk 161/311 (51.8%) chunk=17.86 t/s avg=18.69 t/s 8.615s
0824 03:02:26 ds4-server: chat ctx=0..311:311 prefill chunk 162/311 (52.1%) chunk=17.67 t/s avg=18.68 t/s 8.671s
0824 03:02:26 ds4-server: chat ctx=0..311:311 prefill chunk 163/311 (52.4%) chunk=18.93 t/s avg=18.68 t/s 8.724s
0824 03:02:26 ds4-server: chat ctx=0..311:311 prefill chunk 164/311 (52.7%) chunk=18.16 t/s avg=18.68 t/s 8.779s
0824 03:02:26 ds4-server: chat ctx=0..311:311 prefill chunk 165/311 (53.1%) chunk=18.16 t/s avg=18.68 t/s 8.834s
0824 03:02:26 ds4-server: chat ctx=0..311:311 prefill chunk 166/311 (53.4%) chunk=18.68 t/s avg=18.68 t/s 8.888s
0824 03:02:26 ds4-server: chat ctx=0..311:311 prefill chunk 167/311 (53.7%) chunk=18.52 t/s avg=18.68 t/s 8.942s
0824 03:02:26 ds4-server: chat ctx=0..311:311 prefill chunk 168/311 (54.0%) chunk=18.24 t/s avg=18.67 t/s 8.996s
0824 03:02:26 ds4-server: chat ctx=0..311:311 prefill chunk 169/311 (54.3%) chunk=18.01 t/s avg=18.67 t/s 9.052s
0824 03:02:26 ds4-server: chat ctx=0..311:311 prefill chunk 170/311 (54.7%) chunk=18.14 t/s avg=18.67 t/s 9.107s
0824 03:02:26 ds4-server: chat ctx=0..311:311 prefill chunk 171/311 (55.0%) chunk=19.06 t/s avg=18.67 t/s 9.160s
0824 03:02:26 ds4-server: chat ctx=0..311:311 prefill chunk 172/311 (55.3%) chunk=17.94 t/s avg=18.66 t/s 9.215s
0824 03:02:26 ds4-server: chat ctx=0..311:311 prefill chunk 173/311 (55.6%) chunk=18.05 t/s avg=18.66 t/s 9.271s
0824 03:02:26 ds4-server: chat ctx=0..311:311 prefill chunk 174/311 (55.9%) chunk=17.91 t/s avg=18.66 t/s 9.327s
0824 03:02:26 ds4-server: chat ctx=0..311:311 prefill chunk 175/311 (56.3%) chunk=17.86 t/s avg=18.65 t/s 9.382s
0824 03:02:27 ds4-server: chat ctx=0..311:311 prefill chunk 176/311 (56.6%) chunk=18.01 t/s avg=18.65 t/s 9.438s
0824 03:02:27 ds4-server: chat ctx=0..311:311 prefill chunk 177/311 (56.9%) chunk=17.66 t/s avg=18.64 t/s 9.495s
0824 03:02:27 ds4-server: chat ctx=0..311:311 prefill chunk 178/311 (57.2%) chunk=17.82 t/s avg=18.64 t/s 9.551s
0824 03:02:27 ds4-server: chat ctx=0..311:311 prefill chunk 179/311 (57.6%) chunk=18.08 t/s avg=18.63 t/s 9.606s
0824 03:02:27 ds4-server: chat ctx=0..311:311 prefill chunk 180/311 (57.9%) chunk=18.76 t/s avg=18.63 t/s 9.659s
0824 03:02:27 ds4-server: chat ctx=0..311:311 prefill chunk 181/311 (58.2%) chunk=18.44 t/s avg=18.63 t/s 9.714s
0824 03:02:27 ds4-server: chat ctx=0..311:311 prefill chunk 182/311 (58.5%) chunk=18.57 t/s avg=18.63 t/s 9.767s
0824 03:02:27 ds4-server: chat ctx=0..311:311 prefill chunk 183/311 (58.8%) chunk=18.12 t/s avg=18.63 t/s 9.823s
0824 03:02:27 ds4-server: chat ctx=0..311:311 prefill chunk 184/311 (59.2%) chunk=17.93 t/s avg=18.63 t/s 9.878s
0824 03:02:27 ds4-server: chat ctx=0..311:311 prefill chunk 185/311 (59.5%) chunk=18.32 t/s avg=18.62 t/s 9.933s
0824 03:02:27 ds4-server: chat ctx=0..311:311 prefill chunk 186/311 (59.8%) chunk=18.70 t/s avg=18.63 t/s 9.986s
0824 03:02:27 ds4-server: chat ctx=0..311:311 prefill chunk 187/311 (60.1%) chunk=18.16 t/s avg=18.62 t/s 10.042s
0824 03:02:27 ds4-server: chat ctx=0..311:311 prefill chunk 188/311 (60.5%) chunk=18.61 t/s avg=18.62 t/s 10.095s
0824 03:02:27 ds4-server: chat ctx=0..311:311 prefill chunk 189/311 (60.8%) chunk=17.57 t/s avg=18.62 t/s 10.152s
0824 03:02:27 ds4-server: chat ctx=0..311:311 prefill chunk 190/311 (61.1%) chunk=17.93 t/s avg=18.61 t/s 10.208s
0824 03:02:27 ds4-server: chat ctx=0..311:311 prefill chunk 191/311 (61.4%) chunk=18.63 t/s avg=18.61 t/s 10.262s
0824 03:02:27 ds4-server: chat ctx=0..311:311 prefill chunk 192/311 (61.7%) chunk=18.11 t/s avg=18.61 t/s 10.317s
0824 03:02:27 ds4-server: chat ctx=0..311:311 prefill chunk 193/311 (62.1%) chunk=17.51 t/s avg=18.60 t/s 10.374s
0824 03:02:28 ds4-server: chat ctx=0..311:311 prefill chunk 194/311 (62.4%) chunk=18.30 t/s avg=18.60 t/s 10.429s
0824 03:02:28 ds4-server: chat ctx=0..311:311 prefill chunk 195/311 (62.7%) chunk=17.82 t/s avg=18.60 t/s 10.485s
0824 03:02:28 ds4-server: chat ctx=0..311:311 prefill chunk 196/311 (63.0%) chunk=17.48 t/s avg=18.59 t/s 10.542s
0824 03:02:28 ds4-server: chat ctx=0..311:311 prefill chunk 197/311 (63.3%) chunk=18.17 t/s avg=18.59 t/s 10.597s
ds4: qwen35moe experts/token avg over 128 tokens: 0:14.5 1:14.8 2:15.4 3:15.9 4:14.7 5:15.0 6:14.8 7:14.7 8:15.9 9:15.2 10:14.0 11:13.8 12:14.2 13:14.5 14:14.8 15:15.3 16:15.2 17:14.5 18:15.4 19:15.2 20:15.1 21:14.6 22:14.5 23:15.0 24:15.4 25:14.8 26:15.7 27:16.3 28:15.7 29:16.3 30:16.5 31:16.7 32:16.5 33:17.0 34:16.4 35:18.4 36:18.5 37:19.0 38:18.4 39:18.7 | mean 15.7
0824 03:02:28 ds4-server: chat ctx=0..311:311 prefill chunk 198/311 (63.7%) chunk=17.09 t/s avg=18.58 t/s 10.655s
0824 03:02:28 ds4-server: chat ctx=0..311:311 prefill chunk 199/311 (64.0%) chunk=17.54 t/s avg=18.58 t/s 10.712s
0824 03:02:28 ds4-server: chat ctx=0..311:311 prefill chunk 200/311 (64.3%) chunk=18.06 t/s avg=18.57 t/s 10.768s
0824 03:02:28 ds4-server: chat ctx=0..311:311 prefill chunk 201/311 (64.6%) chunk=18.25 t/s avg=18.57 t/s 10.823s
0824 03:02:28 ds4-server: chat ctx=0..311:311 prefill chunk 202/311 (65.0%) chunk=18.07 t/s avg=18.57 t/s 10.878s
0824 03:02:28 ds4-server: chat ctx=0..311:311 prefill chunk 203/311 (65.3%) chunk=18.11 t/s avg=18.57 t/s 10.933s
0824 03:02:28 ds4-server: chat ctx=0..311:311 prefill chunk 204/311 (65.6%) chunk=17.72 t/s avg=18.56 t/s 10.990s
0824 03:02:28 ds4-server: chat ctx=0..311:311 prefill chunk 205/311 (65.9%) chunk=18.00 t/s avg=18.56 t/s 11.045s
0824 03:02:28 ds4-server: chat ctx=0..311:311 prefill chunk 206/311 (66.2%) chunk=18.33 t/s avg=18.56 t/s 11.100s
0824 03:02:28 ds4-server: chat ctx=0..311:311 prefill chunk 207/311 (66.6%) chunk=17.78 t/s avg=18.56 t/s 11.156s
0824 03:02:28 ds4-server: chat ctx=0..311:311 prefill chunk 208/311 (66.9%) chunk=16.94 t/s avg=18.55 t/s 11.215s
0824 03:02:28 ds4-server: chat ctx=0..311:311 prefill chunk 209/311 (67.2%) chunk=17.50 t/s avg=18.54 t/s 11.272s
0824 03:02:28 ds4-server: chat ctx=0..311:311 prefill chunk 210/311 (67.5%) chunk=17.82 t/s avg=18.54 t/s 11.328s
0824 03:02:28 ds4-server: chat ctx=0..311:311 prefill chunk 211/311 (67.8%) chunk=17.31 t/s avg=18.53 t/s 11.386s
0824 03:02:29 ds4-server: chat ctx=0..311:311 prefill chunk 212/311 (68.2%) chunk=17.14 t/s avg=18.52 t/s 11.444s
0824 03:02:29 ds4-server: chat ctx=0..311:311 prefill chunk 213/311 (68.5%) chunk=18.53 t/s avg=18.52 t/s 11.498s
0824 03:02:29 ds4-server: chat ctx=0..311:311 prefill chunk 214/311 (68.8%) chunk=17.77 t/s avg=18.52 t/s 11.555s
0824 03:02:29 ds4-server: chat ctx=0..311:311 prefill chunk 215/311 (69.1%) chunk=16.96 t/s avg=18.51 t/s 11.614s
0824 03:02:29 ds4-server: chat ctx=0..311:311 prefill chunk 216/311 (69.5%) chunk=18.63 t/s avg=18.51 t/s 11.667s
0824 03:02:29 ds4-server: chat ctx=0..311:311 prefill chunk 217/311 (69.8%) chunk=18.08 t/s avg=18.51 t/s 11.723s
0824 03:02:29 ds4-server: chat ctx=0..311:311 prefill chunk 218/311 (70.1%) chunk=18.21 t/s avg=18.51 t/s 11.778s
0824 03:02:29 ds4-server: chat ctx=0..311:311 prefill chunk 219/311 (70.4%) chunk=18.47 t/s avg=18.51 t/s 11.832s
0824 03:02:29 ds4-server: chat ctx=0..311:311 prefill chunk 220/311 (70.7%) chunk=17.76 t/s avg=18.51 t/s 11.888s
0824 03:02:29 ds4-server: chat ctx=0..311:311 prefill chunk 221/311 (71.1%) chunk=17.77 t/s avg=18.50 t/s 11.944s
0824 03:02:29 ds4-server: chat ctx=0..311:311 prefill chunk 222/311 (71.4%) chunk=17.89 t/s avg=18.50 t/s 12.000s
0824 03:02:29 ds4-server: chat ctx=0..311:311 prefill chunk 223/311 (71.7%) chunk=18.26 t/s avg=18.50 t/s 12.055s
0824 03:02:29 ds4-server: chat ctx=0..311:311 prefill chunk 224/311 (72.0%) chunk=17.76 t/s avg=18.50 t/s 12.111s
0824 03:02:29 ds4-server: chat ctx=0..311:311 prefill chunk 225/311 (72.3%) chunk=18.13 t/s avg=18.49 t/s 12.166s
0824 03:02:29 ds4-server: chat ctx=0..311:311 prefill chunk 226/311 (72.7%) chunk=18.22 t/s avg=18.49 t/s 12.221s
0824 03:02:29 ds4-server: chat ctx=0..311:311 prefill chunk 227/311 (73.0%) chunk=17.64 t/s avg=18.49 t/s 12.278s
0824 03:02:29 ds4-server: chat ctx=0..311:311 prefill chunk 228/311 (73.3%) chunk=17.57 t/s avg=18.48 t/s 12.335s
0824 03:02:29 ds4-server: chat ctx=0..311:311 prefill chunk 229/311 (73.6%) chunk=18.44 t/s avg=18.48 t/s 12.389s
0824 03:02:30 ds4-server: chat ctx=0..311:311 prefill chunk 230/311 (74.0%) chunk=17.32 t/s avg=18.48 t/s 12.447s
0824 03:02:30 ds4-server: chat ctx=0..311:311 prefill chunk 231/311 (74.3%) chunk=17.55 t/s avg=18.47 t/s 12.504s
0824 03:02:30 ds4-server: chat ctx=0..311:311 prefill chunk 232/311 (74.6%) chunk=18.51 t/s avg=18.47 t/s 12.558s
0824 03:02:30 ds4-server: chat ctx=0..311:311 prefill chunk 233/311 (74.9%) chunk=17.79 t/s avg=18.47 t/s 12.614s
0824 03:02:30 ds4-server: chat ctx=0..311:311 prefill chunk 234/311 (75.2%) chunk=17.81 t/s avg=18.47 t/s 12.670s
0824 03:02:30 ds4-server: chat ctx=0..311:311 prefill chunk 235/311 (75.6%) chunk=18.64 t/s avg=18.47 t/s 12.724s
0824 03:02:30 ds4-server: chat ctx=0..311:311 prefill chunk 236/311 (75.9%) chunk=18.13 t/s avg=18.47 t/s 12.779s
0824 03:02:30 ds4-server: chat ctx=0..311:311 prefill chunk 237/311 (76.2%) chunk=17.88 t/s avg=18.47 t/s 12.835s
0824 03:02:30 ds4-server: chat ctx=0..311:311 prefill chunk 238/311 (76.5%) chunk=18.04 t/s avg=18.46 t/s 12.890s
0824 03:02:30 ds4-server: chat ctx=0..311:311 prefill chunk 239/311 (76.8%) chunk=17.68 t/s avg=18.46 t/s 12.947s
0824 03:02:30 ds4-server: chat ctx=0..311:311 prefill chunk 240/311 (77.2%) chunk=17.86 t/s avg=18.46 t/s 13.003s
0824 03:02:30 ds4-server: chat ctx=0..311:311 prefill chunk 241/311 (77.5%) chunk=18.59 t/s avg=18.46 t/s 13.057s
0824 03:02:30 ds4-server: chat ctx=0..311:311 prefill chunk 242/311 (77.8%) chunk=17.59 t/s avg=18.45 t/s 13.114s
0824 03:02:30 ds4-server: chat ctx=0..311:311 prefill chunk 243/311 (78.1%) chunk=17.30 t/s avg=18.45 t/s 13.171s
0824 03:02:30 ds4-server: chat ctx=0..311:311 prefill chunk 244/311 (78.5%) chunk=18.10 t/s avg=18.45 t/s 13.227s
0824 03:02:30 ds4-server: chat ctx=0..311:311 prefill chunk 245/311 (78.8%) chunk=17.45 t/s avg=18.44 t/s 13.284s
0824 03:02:30 ds4-server: chat ctx=0..311:311 prefill chunk 246/311 (79.1%) chunk=16.80 t/s avg=18.44 t/s 13.343s
0824 03:02:31 ds4-server: chat ctx=0..311:311 prefill chunk 247/311 (79.4%) chunk=18.45 t/s avg=18.44 t/s 13.398s
0824 03:02:31 ds4-server: chat ctx=0..311:311 prefill chunk 248/311 (79.7%) chunk=17.12 t/s avg=18.43 t/s 13.456s
0824 03:02:31 ds4-server: chat ctx=0..311:311 prefill chunk 249/311 (80.1%) chunk=17.71 t/s avg=18.43 t/s 13.512s
0824 03:02:31 ds4-server: chat ctx=0..311:311 prefill chunk 250/311 (80.4%) chunk=18.05 t/s avg=18.43 t/s 13.568s
0824 03:02:31 ds4-server: chat ctx=0..311:311 prefill chunk 251/311 (80.7%) chunk=18.07 t/s avg=18.42 t/s 13.623s
0824 03:02:31 ds4-server: chat ctx=0..311:311 prefill chunk 252/311 (81.0%) chunk=17.06 t/s avg=18.42 t/s 13.682s
0824 03:02:31 ds4-server: chat ctx=0..311:311 prefill chunk 253/311 (81.4%) chunk=17.65 t/s avg=18.42 t/s 13.739s
0824 03:02:31 ds4-server: chat ctx=0..311:311 prefill chunk 254/311 (81.7%) chunk=18.28 t/s avg=18.41 t/s 13.793s
0824 03:02:31 ds4-server: chat ctx=0..311:311 prefill chunk 255/311 (82.0%) chunk=18.37 t/s avg=18.41 t/s 13.848s
0824 03:02:31 ds4-server: chat ctx=0..311:311 prefill chunk 256/311 (82.3%) chunk=17.85 t/s avg=18.41 t/s 13.904s
0824 03:02:31 ds4-server: chat ctx=0..311:311 prefill chunk 257/311 (82.6%) chunk=18.19 t/s avg=18.41 t/s 13.959s
0824 03:02:31 ds4-server: chat ctx=0..311:311 prefill chunk 258/311 (83.0%) chunk=17.76 t/s avg=18.41 t/s 14.015s
0824 03:02:31 ds4-server: chat ctx=0..311:311 prefill chunk 259/311 (83.3%) chunk=17.70 t/s avg=18.41 t/s 14.071s
0824 03:02:31 ds4-server: chat ctx=0..311:311 prefill chunk 260/311 (83.6%) chunk=17.66 t/s avg=18.40 t/s 14.128s
0824 03:02:31 ds4-server: chat ctx=0..311:311 prefill chunk 261/311 (83.9%) chunk=17.29 t/s avg=18.40 t/s 14.186s
0824 03:02:31 ds4-server: chat ctx=0..311:311 prefill chunk 262/311 (84.2%) chunk=18.33 t/s avg=18.40 t/s 14.240s
0824 03:02:31 ds4-server: chat ctx=0..311:311 prefill chunk 263/311 (84.6%) chunk=17.81 t/s avg=18.40 t/s 14.297s
0824 03:02:31 ds4-server: chat ctx=0..311:311 prefill chunk 264/311 (84.9%) chunk=16.93 t/s avg=18.39 t/s 14.356s
0824 03:02:32 ds4-server: chat ctx=0..311:311 prefill chunk 265/311 (85.2%) chunk=17.68 t/s avg=18.39 t/s 14.412s
0824 03:02:32 ds4-server: chat ctx=0..311:311 prefill chunk 266/311 (85.5%) chunk=17.47 t/s avg=18.38 t/s 14.469s
0824 03:02:32 ds4-server: chat ctx=0..311:311 prefill chunk 267/311 (85.9%) chunk=18.02 t/s avg=18.38 t/s 14.525s
0824 03:02:32 ds4-server: chat ctx=0..311:311 prefill chunk 268/311 (86.2%) chunk=17.53 t/s avg=18.38 t/s 14.582s
0824 03:02:32 ds4-server: chat ctx=0..311:311 prefill chunk 269/311 (86.5%) chunk=17.36 t/s avg=18.37 t/s 14.640s
0824 03:02:32 ds4-server: chat ctx=0..311:311 prefill chunk 270/311 (86.8%) chunk=18.23 t/s avg=18.37 t/s 14.694s
0824 03:02:32 ds4-server: chat ctx=0..311:311 prefill chunk 271/311 (87.1%) chunk=17.64 t/s avg=18.37 t/s 14.751s
0824 03:02:32 ds4-server: chat ctx=0..311:311 prefill chunk 272/311 (87.5%) chunk=17.31 t/s avg=18.37 t/s 14.809s
0824 03:02:32 ds4-server: chat ctx=0..311:311 prefill chunk 273/311 (87.8%) chunk=18.16 t/s avg=18.37 t/s 14.864s
0824 03:02:32 ds4-server: chat ctx=0..311:311 prefill chunk 274/311 (88.1%) chunk=17.47 t/s avg=18.36 t/s 14.921s
0824 03:02:32 ds4-server: chat ctx=0..311:311 prefill chunk 275/311 (88.4%) chunk=17.79 t/s avg=18.36 t/s 14.977s
0824 03:02:32 ds4-server: chat ctx=0..311:311 prefill chunk 276/311 (88.7%) chunk=17.80 t/s avg=18.36 t/s 15.034s
0824 03:02:32 ds4-server: chat ctx=0..311:311 prefill chunk 277/311 (89.1%) chunk=17.02 t/s avg=18.35 t/s 15.092s
0824 03:02:32 ds4-server: chat ctx=0..311:311 prefill chunk 278/311 (89.4%) chunk=17.28 t/s avg=18.35 t/s 15.150s
0824 03:02:32 ds4-server: chat ctx=0..311:311 prefill chunk 279/311 (89.7%) chunk=17.17 t/s avg=18.35 t/s 15.208s
0824 03:02:32 ds4-server: chat ctx=0..311:311 prefill chunk 280/311 (90.0%) chunk=17.28 t/s avg=18.34 t/s 15.266s
0824 03:02:32 ds4-server: chat ctx=0..311:311 prefill chunk 281/311 (90.4%) chunk=18.14 t/s avg=18.34 t/s 15.321s
0824 03:02:32 ds4-server: chat ctx=0..311:311 prefill chunk 282/311 (90.7%) chunk=17.21 t/s avg=18.34 t/s 15.380s
0824 03:02:33 ds4-server: chat ctx=0..311:311 prefill chunk 283/311 (91.0%) chunk=17.58 t/s avg=18.33 t/s 15.436s
0824 03:02:33 ds4-server: chat ctx=0..311:311 prefill chunk 284/311 (91.3%) chunk=18.22 t/s avg=18.33 t/s 15.491s
0824 03:02:33 ds4-server: chat ctx=0..311:311 prefill chunk 285/311 (91.6%) chunk=17.34 t/s avg=18.33 t/s 15.549s
0824 03:02:33 ds4-server: chat ctx=0..311:311 prefill chunk 286/311 (92.0%) chunk=18.02 t/s avg=18.33 t/s 15.605s
0824 03:02:33 ds4-server: chat ctx=0..311:311 prefill chunk 287/311 (92.3%) chunk=17.92 t/s avg=18.33 t/s 15.660s
0824 03:02:33 ds4-server: chat ctx=0..311:311 prefill chunk 288/311 (92.6%) chunk=18.14 t/s avg=18.33 t/s 15.715s
0824 03:02:33 ds4-server: chat ctx=0..311:311 prefill chunk 289/311 (92.9%) chunk=17.84 t/s avg=18.32 t/s 15.771s
0824 03:02:33 ds4-server: chat ctx=0..311:311 prefill chunk 290/311 (93.2%) chunk=18.20 t/s avg=18.32 t/s 15.826s
0824 03:02:33 ds4-server: chat ctx=0..311:311 prefill chunk 291/311 (93.6%) chunk=17.82 t/s avg=18.32 t/s 15.883s
0824 03:02:33 ds4-server: chat ctx=0..311:311 prefill chunk 292/311 (93.9%) chunk=16.90 t/s avg=18.32 t/s 15.942s
0824 03:02:33 ds4-server: chat ctx=0..311:311 prefill chunk 293/311 (94.2%) chunk=18.54 t/s avg=18.32 t/s 15.996s
0824 03:02:33 ds4-server: chat ctx=0..311:311 prefill chunk 294/311 (94.5%) chunk=17.42 t/s avg=18.31 t/s 16.053s
0824 03:02:33 ds4-server: chat ctx=0..311:311 prefill chunk 295/311 (94.9%) chunk=17.33 t/s avg=18.31 t/s 16.111s
0824 03:02:33 ds4-server: chat ctx=0..311:311 prefill chunk 296/311 (95.2%) chunk=17.01 t/s avg=18.31 t/s 16.170s
0824 03:02:33 ds4-server: chat ctx=0..311:311 prefill chunk 297/311 (95.5%) chunk=17.24 t/s avg=18.30 t/s 16.228s
0824 03:02:33 ds4-server: chat ctx=0..311:311 prefill chunk 298/311 (95.8%) chunk=17.26 t/s avg=18.30 t/s 16.286s
0824 03:02:33 ds4-server: chat ctx=0..311:311 prefill chunk 299/311 (96.1%) chunk=17.84 t/s avg=18.30 t/s 16.342s
0824 03:02:34 ds4-server: chat ctx=0..311:311 prefill chunk 300/311 (96.5%) chunk=18.00 t/s avg=18.30 t/s 16.397s
0824 03:02:34 ds4-server: chat ctx=0..311:311 prefill chunk 301/311 (96.8%) chunk=17.46 t/s avg=18.29 t/s 16.454s
0824 03:02:34 ds4-server: chat ctx=0..311:311 prefill chunk 302/311 (97.1%) chunk=17.60 t/s avg=18.29 t/s 16.511s
0824 03:02:34 ds4-server: chat ctx=0..311:311 prefill chunk 303/311 (97.4%) chunk=17.70 t/s avg=18.29 t/s 16.568s
0824 03:02:34 ds4-server: chat ctx=0..311:311 prefill chunk 304/311 (97.7%) chunk=18.29 t/s avg=18.29 t/s 16.622s
0824 03:02:34 ds4-server: chat ctx=0..311:311 prefill chunk 305/311 (98.1%) chunk=18.83 t/s avg=18.29 t/s 16.676s
0824 03:02:34 ds4-server: chat ctx=0..311:311 prefill chunk 306/311 (98.4%) chunk=18.07 t/s avg=18.29 t/s 16.731s
0824 03:02:34 ds4-server: chat ctx=0..311:311 prefill chunk 307/311 (98.7%) chunk=18.02 t/s avg=18.29 t/s 16.786s
0824 03:02:34 ds4-server: chat ctx=0..311:311 prefill chunk 308/311 (99.0%) chunk=18.90 t/s avg=18.29 t/s 16.839s
0824 03:02:34 ds4-server: chat ctx=0..311:311 prefill chunk 309/311 (99.4%) chunk=18.19 t/s avg=18.29 t/s 16.894s
0824 03:02:34 ds4-server: chat ctx=0..311:311 prefill chunk 310/311 (99.7%) chunk=18.93 t/s avg=18.29 t/s 16.947s
0824 03:02:34 ds4-server: chat ctx=0..311:311 prefill chunk 311/311 (100.0%) chunk=19.99 t/s avg=18.30 t/s 16.997s
0824 03:02:34 ds4-server: chat ctx=0..311:311 prompt done 16.997s
ds4: qwen35moe experts/token avg over 128 tokens: 0:15.0 1:15.1 2:16.0 3:16.3 4:15.8 5:15.0 6:15.4 7:16.3 8:17.0 9:16.8 10:15.0 11:14.8 12:14.8 13:15.4 14:15.2 15:16.3 16:15.8 17:15.4 18:16.0 19:15.6 20:16.0 21:15.6 22:15.8 23:15.7 24:15.9 25:15.7 26:15.8 27:17.2 28:17.4 29:17.1 30:17.0 31:17.5 32:17.4 33:17.8 34:16.6 35:18.6 36:18.2 37:18.9 38:19.1 39:18.9 | mean 16.4
0824 03:02:37 ds4-server: chat ctx=311..361:50 gen=50 THINKING decoding chunk=18.05 t/s avg=18.05 t/s 2.770s
0824 03:02:40 ds4-server: chat ctx=361..411:50 gen=100 THINKING decoding chunk=17.54 t/s avg=17.79 t/s 5.621s
ds4: qwen35moe experts/token avg over 128 tokens: 0:14.7 1:15.0 2:15.0 3:15.3 4:15.1 5:15.3 6:15.9 7:16.4 8:17.1 9:16.5 10:14.8 11:14.7 12:15.2 13:15.5 14:16.4 15:16.2 16:16.2 17:16.0 18:16.3 19:16.0 20:16.2 21:16.0 22:15.5 23:15.5 24:16.1 25:16.2 26:16.6 27:17.3 28:16.7 29:15.8 30:16.0 31:16.0 32:15.8 33:15.7 34:15.1 35:17.6 36:16.5 37:18.1 38:18.2 39:18.0 | mean 16.1
0824 03:02:43 ds4-server: chat ctx=411..461:50 gen=150 THINKING decoding chunk=17.79 t/s avg=17.79 t/s 8.432s
0824 03:02:45 ds4-server: chat ctx=461..511:50 gen=200 THINKING decoding chunk=17.70 t/s avg=17.77 t/s 11.257s
0824 03:02:48 ds4-server: chat ctx=511..561:50 gen=250 THINKING decoding chunk=17.42 t/s avg=17.70 t/s 14.126s
ds4: qwen35moe experts/token avg over 128 tokens: 0:14.7 1:16.0 2:15.9 3:16.7 4:15.7 5:16.0 6:15.4 7:17.2 8:17.5 9:15.9 10:15.1 11:14.9 12:15.1 13:15.3 14:16.5 15:16.0 16:15.3 17:16.2 18:15.4 19:16.0 20:16.3 21:15.0 22:15.4 23:15.1 24:14.7 25:15.5 26:15.8 27:15.7 28:14.8 29:15.3 30:14.8 31:15.6 32:14.5 33:15.5 34:14.9 35:16.7 36:16.9 37:17.7 38:18.6 39:18.6 | mean 15.9
0824 03:02:51 ds4-server: chat ctx=561..611:50 gen=300 THINKING decoding chunk=17.26 t/s avg=17.62 t/s 17.023s
0824 03:02:54 ds4-server: chat ctx=611..661:50 gen=350 THINKING decoding chunk=17.18 t/s avg=17.56 t/s 19.933s
ds4: qwen35moe experts/token avg over 128 tokens: 0:14.7 1:15.9 2:16.0 3:17.4 4:16.1 5:16.3 6:16.0 7:16.9 8:18.0 9:17.6 10:15.9 11:15.4 12:16.2 13:15.9 14:16.5 15:17.1 16:15.2 17:16.2 18:15.6 19:17.0 20:17.4 21:16.9 22:15.2 23:15.8 24:16.1 25:16.2 26:16.9 27:16.9 28:16.6 29:16.5 30:16.8 31:17.5 32:17.2 33:17.2 34:16.8 35:18.3 36:17.3 37:18.3 38:18.8 39:17.9 | mean 16.7
0824 03:02:57 ds4-server: chat ctx=661..711:50 gen=400 THINKING decoding chunk=16.99 t/s avg=17.48 t/s 22.877s
0824 03:03:00 ds4-server: chat ctx=711..761:50 gen=450 THINKING decoding chunk=16.58 t/s avg=17.38 t/s 25.893s
0824 03:03:03 ds4-server: chat ctx=761..811:50 gen=500 THINKING decoding chunk=17.09 t/s avg=17.35 t/s 28.819s
ds4: qwen35moe experts/token avg over 128 tokens: 0:15.5 1:16.6 2:16.6 3:17.7 4:16.4 5:16.8 6:16.7 7:16.9 8:17.9 9:17.7 10:15.9 11:15.8 12:15.7 13:15.8 14:16.8 15:17.4 16:15.3 17:16.0 18:16.1 19:16.4 20:17.0 21:16.3 22:15.9 23:15.9 24:15.7 25:15.2 26:16.0 27:16.9 28:16.2 29:16.8 30:17.4 31:17.4 32:17.1 33:16.9 34:16.8 35:18.2 36:17.1 37:18.6 38:19.1 39:18.0 | mean 16.7
0824 03:03:06 ds4-server: chat ctx=811..861:50 gen=550 THINKING decoding chunk=16.81 t/s avg=17.30 t/s 31.793s
0824 03:03:09 ds4-server: chat ctx=861..911:50 gen=600 THINKING decoding chunk=16.54 t/s avg=17.23 t/s 34.815s
0824 03:03:12 ds4-server: chat ctx=911..961:50 gen=650 THINKING decoding chunk=16.54 t/s avg=17.18 t/s 37.838s
ds4: qwen35moe experts/token avg over 128 tokens: 0:14.9 1:17.0 2:16.3 3:17.6 4:17.0 5:16.8 6:17.1 7:16.9 8:17.9 9:17.8 10:16.2 11:16.2 12:16.0 13:15.5 14:16.4 15:17.1 16:16.1 17:16.2 18:16.3 19:16.5 20:16.8 21:17.0 22:16.2 23:16.1 24:16.1 25:15.8 26:16.3 27:17.2 28:16.8 29:17.1 30:16.9 31:17.5 32:17.1 33:17.4 34:16.6 35:18.9 36:17.4 37:18.8 38:19.0 39:18.0 | mean 16.9
0824 03:03:15 ds4-server: chat ctx=961..1011:50 gen=700 THINKING decoding chunk=16.48 t/s avg=17.13 t/s 40.872s
0824 03:03:18 ds4-server: chat ctx=1011..1061:50 gen=750 THINKING decoding chunk=16.48 t/s avg=17.08 t/s 43.906s
ds4: qwen35moe experts/token avg over 128 tokens: 0:14.8 1:16.0 2:15.5 3:16.7 4:16.4 5:16.2 6:15.8 7:17.1 8:17.9 9:17.0 10:15.3 11:15.4 12:16.1 13:16.0 14:16.5 15:16.4 16:16.3 17:16.2 18:15.4 19:16.4 20:16.7 21:16.3 22:15.9 23:16.4 24:16.5 25:16.1 26:16.6 27:16.5 28:16.0 29:16.3 30:16.5 31:16.6 32:16.4 33:16.2 34:16.0 35:17.8 36:17.0 37:18.3 38:18.9 39:17.8 | mean 16.5
0824 03:03:21 ds4-server: chat ctx=1061..1111:50 gen=800 THINKING decoding chunk=16.65 t/s avg=17.05 t/s 46.908s
0824 03:03:24 ds4-server: chat ctx=1111..1161:50 gen=850 THINKING decoding chunk=16.49 t/s avg=17.02 t/s 49.941s
0824 03:03:27 ds4-server: chat ctx=1161..1211:50 gen=900 THINKING decoding chunk=16.23 t/s avg=16.97 t/s 53.021s
ds4: qwen35moe experts/token avg over 128 tokens: 0:14.9 1:16.2 2:16.2 3:16.6 4:15.9 5:16.2 6:15.8 7:16.8 8:17.6 9:16.8 10:15.5 11:15.3 12:15.6 13:16.5 14:16.4 15:16.6 16:15.9 17:16.1 18:15.8 19:16.3 20:16.8 21:16.2 22:15.6 23:14.8 24:15.9 25:15.4 26:15.8 27:16.0 28:15.1 29:15.6 30:15.4 31:15.9 32:15.8 33:15.6 34:14.8 35:17.3 36:15.8 37:17.7 38:18.4 39:17.6 | mean 16.1
0824 03:03:30 ds4-server: chat ctx=1211..1261:50 gen=950 THINKING decoding chunk=16.17 t/s avg=16.93 t/s 56.113s
0824 03:03:33 ds4-server: chat ctx=1261..1311:50 gen=1000 THINKING decoding chunk=16.23 t/s avg=16.89 t/s 59.195s
ds4: qwen35moe experts/token avg over 128 tokens: 0:15.4 1:16.2 2:16.0 3:16.9 4:16.7 5:16.5 6:17.0 7:17.8 8:17.9 9:17.8 10:15.9 11:15.5 12:15.7 13:16.4 14:16.4 15:16.8 16:15.9 17:15.7 18:15.8 19:16.1 20:16.6 21:16.4 22:15.4 23:15.4 24:15.3 25:15.6 26:15.8 27:15.6 28:15.5 29:15.7 30:16.3 31:16.5 32:15.2 33:16.2 34:15.1 35:17.4 36:16.0 37:18.5 38:18.4 39:18.0 | mean 16.3
0824 03:03:36 ds4-server: chat ctx=1311..1361:50 gen=1050 THINKING decoding chunk=16.03 t/s avg=16.85 t/s 62.314s
0824 03:03:40 ds4-server: chat ctx=1361..1411:50 gen=1100 THINKING decoding chunk=15.59 t/s avg=16.79 t/s 65.521s
0824 03:03:43 ds4-server: chat ctx=1411..1461:50 gen=1150 THINKING decoding chunk=16.05 t/s avg=16.75 t/s 68.637s
ds4: qwen35moe experts/token avg over 128 tokens: 0:15.0 1:16.2 2:15.6 3:16.8 4:16.7 5:16.4 6:16.3 7:17.4 8:17.6 9:17.3 10:16.0 11:15.5 12:15.9 13:16.7 14:16.5 15:16.5 16:16.5 17:16.3 18:16.6 19:15.9 20:16.9 21:16.9 22:15.9 23:15.5 24:16.8 25:16.1 26:16.7 27:16.4 28:16.4 29:16.2 30:15.9 31:16.2 32:15.9 33:15.5 34:14.9 35:17.4 36:16.6 37:17.8 38:18.9 39:17.9 | mean 16.5
0824 03:03:46 ds4-server: chat ctx=1461..1511:50 gen=1200 THINKING decoding chunk=15.96 t/s avg=16.72 t/s 71.770s
0824 03:03:49 ds4-server: chat ctx=1511..1561:50 gen=1250 THINKING decoding chunk=15.94 t/s avg=16.69 t/s 74.907s
ds4: qwen35moe experts/token avg over 128 tokens: 0:15.3 1:15.8 2:15.7 3:16.5 4:16.5 5:16.6 6:16.1 7:17.0 8:17.9 9:16.6 10:15.6 11:15.1 12:15.6 13:15.9 14:15.7 15:16.9 16:15.9 17:15.7 18:16.1 19:15.5 20:16.6 21:15.8 22:15.3 23:14.7 24:15.5 25:15.5 26:16.0 27:16.3 28:15.8 29:16.0 30:15.0 31:15.9 32:15.1 33:14.9 34:14.6 35:16.8 36:16.0 37:17.2 38:18.4 39:16.6 | mean 16.0
0824 03:03:52 ds4-server: chat ctx=1561..1611:50 gen=1300 decoding chunk=15.84 t/s avg=16.65 t/s 78.064s
0824 03:03:55 ds4-server: chat ctx=1611..1661:50 gen=1350 decoding chunk=15.55 t/s avg=16.61 t/s 81.280s
0824 03:03:59 ds4-server: chat ctx=1661..1711:50 gen=1400 decoding chunk=15.43 t/s avg=16.56 t/s 84.521s
0824 03:03:59 ds4-server: thinking live checkpoint remembered ctx=0..311:311 live=1711 visible=2212
0824 03:03:59 ds4-server: chat ctx=0..311:311 gen=1400 finish=stop 101.518s
0824 03:03:59 ds4-server: live kv cache miss live=1711 prompt=159 common=65 reason=token-mismatch
0824 03:03:59 ds4-server: chat ctx=0..159:159 prompt start
0824 03:03:59 ds4-server: chat ctx=0..159:159 prefill chunk 1/159 (0.6%) chunk=0.00 t/s avg=18.99 t/s 0.053s
0824 03:03:59 ds4-server: chat ctx=0..159:159 prefill chunk 2/159 (1.3%) chunk=20.15 t/s avg=19.55 t/s 0.102s
0824 03:03:59 ds4-server: chat ctx=0..159:159 prefill chunk 3/159 (1.9%) chunk=19.07 t/s avg=19.39 t/s 0.155s
0824 03:03:59 ds4-server: chat ctx=0..159:159 prefill chunk 4/159 (2.5%) chunk=19.86 t/s avg=19.51 t/s 0.205s
0824 03:03:59 ds4-server: chat ctx=0..159:159 prefill chunk 5/159 (3.1%) chunk=19.08 t/s avg=19.42 t/s 0.257s
0824 03:03:59 ds4-server: chat ctx=0..159:159 prefill chunk 6/159 (3.8%) chunk=19.56 t/s avg=19.44 t/s 0.309s
0824 03:03:59 ds4-server: chat ctx=0..159:159 prefill chunk 7/159 (4.4%) chunk=19.17 t/s avg=19.40 t/s 0.361s
0824 03:03:59 ds4-server: chat ctx=0..159:159 prefill chunk 8/159 (5.0%) chunk=19.13 t/s avg=19.37 t/s 0.413s
0824 03:03:59 ds4-server: chat ctx=0..159:159 prefill chunk 9/159 (5.7%) chunk=19.50 t/s avg=19.38 t/s 0.464s
0824 03:03:59 ds4-server: chat ctx=0..159:159 prefill chunk 10/159 (6.3%) chunk=18.89 t/s avg=19.33 t/s 0.517s
0824 03:03:59 ds4-server: chat ctx=0..159:159 prefill chunk 11/159 (6.9%) chunk=19.43 t/s avg=19.34 t/s 0.569s
0824 03:03:59 ds4-server: chat ctx=0..159:159 prefill chunk 12/159 (7.5%) chunk=18.43 t/s avg=19.26 t/s 0.623s
0824 03:03:59 ds4-server: chat ctx=0..159:159 prefill chunk 13/159 (8.2%) chunk=19.15 t/s avg=19.25 t/s 0.675s
0824 03:03:59 ds4-server: chat ctx=0..159:159 prefill chunk 14/159 (8.8%) chunk=18.51 t/s avg=19.20 t/s 0.729s
0824 03:03:59 ds4-server: chat ctx=0..159:159 prefill chunk 15/159 (9.4%) chunk=18.55 t/s avg=19.15 t/s 0.783s
0824 03:03:59 ds4-server: chat ctx=0..159:159 prefill chunk 16/159 (10.1%) chunk=19.24 t/s avg=19.16 t/s 0.835s
0824 03:04:00 ds4-server: chat ctx=0..159:159 prefill chunk 17/159 (10.7%) chunk=18.51 t/s avg=19.12 t/s 0.889s
0824 03:04:00 ds4-server: chat ctx=0..159:159 prefill chunk 18/159 (11.3%) chunk=19.36 t/s avg=19.13 t/s 0.941s
0824 03:04:00 ds4-server: chat ctx=0..159:159 prefill chunk 19/159 (11.9%) chunk=18.26 t/s avg=19.08 t/s 0.996s
0824 03:04:00 ds4-server: chat ctx=0..159:159 prefill chunk 20/159 (12.6%) chunk=18.18 t/s avg=19.04 t/s 1.051s
0824 03:04:00 ds4-server: chat ctx=0..159:159 prefill chunk 21/159 (13.2%) chunk=19.26 t/s avg=19.05 t/s 1.103s
0824 03:04:00 ds4-server: chat ctx=0..159:159 prefill chunk 22/159 (13.8%) chunk=18.78 t/s avg=19.04 t/s 1.156s
ds4: qwen35moe experts/token avg over 128 tokens: 0:15.0 1:16.1 2:15.8 3:17.3 4:16.8 5:16.2 6:16.0 7:17.1 8:17.2 9:17.3 10:16.1 11:16.0 12:16.0 13:16.6 14:16.6 15:17.0 16:16.5 17:16.3 18:16.6 19:15.8 20:16.8 21:16.0 22:16.0 23:15.4 24:15.1 25:15.5 26:15.3 27:16.1 28:15.8 29:15.7 30:14.9 31:15.6 32:15.0 33:15.5 34:15.3 35:17.7 36:16.3 37:18.5 38:18.8 39:18.0 | mean 16.3
0824 03:04:00 ds4-server: chat ctx=0..159:159 prefill chunk 23/159 (14.5%) chunk=19.62 t/s avg=19.06 t/s 1.207s
0824 03:04:00 ds4-server: chat ctx=0..159:159 prefill chunk 24/159 (15.1%) chunk=18.92 t/s avg=19.05 t/s 1.260s
0824 03:04:00 ds4-server: chat ctx=0..159:159 prefill chunk 25/159 (15.7%) chunk=19.24 t/s avg=19.06 t/s 1.312s
0824 03:04:00 ds4-server: chat ctx=0..159:159 prefill chunk 26/159 (16.4%) chunk=19.20 t/s avg=19.07 t/s 1.364s
0824 03:04:00 ds4-server: chat ctx=0..159:159 prefill chunk 27/159 (17.0%) chunk=18.88 t/s avg=19.06 t/s 1.417s
0824 03:04:00 ds4-server: chat ctx=0..159:159 prefill chunk 28/159 (17.6%) chunk=19.47 t/s avg=19.07 t/s 1.468s
0824 03:04:00 ds4-server: chat ctx=0..159:159 prefill chunk 29/159 (18.2%) chunk=18.14 t/s avg=19.04 t/s 1.523s
0824 03:04:00 ds4-server: chat ctx=0..159:159 prefill chunk 30/159 (18.9%) chunk=19.27 t/s avg=19.05 t/s 1.575s
0824 03:04:00 ds4-server: chat ctx=0..159:159 prefill chunk 31/159 (19.5%) chunk=18.31 t/s avg=19.02 t/s 1.630s
0824 03:04:00 ds4-server: chat ctx=0..159:159 prefill chunk 32/159 (20.1%) chunk=18.37 t/s avg=19.00 t/s 1.684s
0824 03:04:00 ds4-server: chat ctx=0..159:159 prefill chunk 33/159 (20.8%) chunk=19.24 t/s avg=19.01 t/s 1.736s
0824 03:04:00 ds4-server: chat ctx=0..159:159 prefill chunk 34/159 (21.4%) chunk=18.34 t/s avg=18.99 t/s 1.791s
0824 03:04:00 ds4-server: chat ctx=0..159:159 prefill chunk 35/159 (22.0%) chunk=17.84 t/s avg=18.95 t/s 1.847s
0824 03:04:01 ds4-server: chat ctx=0..159:159 prefill chunk 36/159 (22.6%) chunk=18.90 t/s avg=18.95 t/s 1.900s
0824 03:04:01 ds4-server: chat ctx=0..159:159 prefill chunk 37/159 (23.3%) chunk=17.59 t/s avg=18.91 t/s 1.956s
0824 03:04:01 ds4-server: chat ctx=0..159:159 prefill chunk 38/159 (23.9%) chunk=17.97 t/s avg=18.89 t/s 2.012s
0824 03:04:01 ds4-server: chat ctx=0..159:159 prefill chunk 39/159 (24.5%) chunk=18.38 t/s avg=18.87 t/s 2.066s
0824 03:04:01 ds4-server: chat ctx=0..159:159 prefill chunk 40/159 (25.2%) chunk=18.31 t/s avg=18.86 t/s 2.121s
0824 03:04:01 ds4-server: chat ctx=0..159:159 prefill chunk 41/159 (25.8%) chunk=18.71 t/s avg=18.85 t/s 2.175s
0824 03:04:01 ds4-server: chat ctx=0..159:159 prefill chunk 42/159 (26.4%) chunk=18.35 t/s avg=18.84 t/s 2.229s
0824 03:04:01 ds4-server: chat ctx=0..159:159 prefill chunk 43/159 (27.0%) chunk=18.90 t/s avg=18.84 t/s 2.282s
0824 03:04:01 ds4-server: chat ctx=0..159:159 prefill chunk 44/159 (27.7%) chunk=19.27 t/s avg=18.85 t/s 2.334s
0824 03:04:01 ds4-server: chat ctx=0..159:159 prefill chunk 45/159 (28.3%) chunk=18.29 t/s avg=18.84 t/s 2.389s
0824 03:04:01 ds4-server: chat ctx=0..159:159 prefill chunk 46/159 (28.9%) chunk=18.75 t/s avg=18.84 t/s 2.442s
0824 03:04:01 ds4-server: chat ctx=0..159:159 prefill chunk 47/159 (29.6%) chunk=18.24 t/s avg=18.83 t/s 2.497s
0824 03:04:01 ds4-server: chat ctx=0..159:159 prefill chunk 48/159 (30.2%) chunk=18.31 t/s avg=18.81 t/s 2.551s
0824 03:04:01 ds4-server: chat ctx=0..159:159 prefill chunk 49/159 (30.8%) chunk=18.57 t/s avg=18.81 t/s 2.605s
0824 03:04:01 ds4-server: chat ctx=0..159:159 prefill chunk 50/159 (31.4%) chunk=18.19 t/s avg=18.80 t/s 2.660s
0824 03:04:01 ds4-server: chat ctx=0..159:159 prefill chunk 51/159 (32.1%) chunk=18.07 t/s avg=18.78 t/s 2.715s
0824 03:04:01 ds4-server: chat ctx=0..159:159 prefill chunk 52/159 (32.7%) chunk=18.76 t/s avg=18.78 t/s 2.769s
0824 03:04:01 ds4-server: chat ctx=0..159:159 prefill chunk 53/159 (33.3%) chunk=18.25 t/s avg=18.77 t/s 2.824s
0824 03:04:02 ds4-server: chat ctx=0..159:159 prefill chunk 54/159 (34.0%) chunk=19.39 t/s avg=18.78 t/s 2.875s
0824 03:04:02 ds4-server: chat ctx=0..159:159 prefill chunk 55/159 (34.6%) chunk=19.02 t/s avg=18.79 t/s 2.928s
0824 03:04:02 ds4-server: chat ctx=0..159:159 prefill chunk 56/159 (35.2%) chunk=18.96 t/s avg=18.79 t/s 2.980s
0824 03:04:02 ds4-server: chat ctx=0..159:159 prefill chunk 57/159 (35.8%) chunk=18.93 t/s avg=18.79 t/s 3.033s
0824 03:04:02 ds4-server: chat ctx=0..159:159 prefill chunk 58/159 (36.5%) chunk=17.90 t/s avg=18.78 t/s 3.089s
0824 03:04:02 ds4-server: chat ctx=0..159:159 prefill chunk 59/159 (37.1%) chunk=19.15 t/s avg=18.78 t/s 3.141s
0824 03:04:02 ds4-server: chat ctx=0..159:159 prefill chunk 60/159 (37.7%) chunk=19.14 t/s avg=18.79 t/s 3.194s
0824 03:04:02 ds4-server: chat ctx=0..159:159 prefill chunk 61/159 (38.4%) chunk=19.89 t/s avg=18.80 t/s 3.244s
0824 03:04:02 ds4-server: chat ctx=0..159:159 prefill chunk 62/159 (39.0%) chunk=19.36 t/s avg=18.81 t/s 3.296s
0824 03:04:02 ds4-server: chat ctx=0..159:159 prefill chunk 63/159 (39.6%) chunk=18.96 t/s avg=18.82 t/s 3.348s
0824 03:04:02 ds4-server: chat ctx=0..159:159 prefill chunk 64/159 (40.3%) chunk=19.99 t/s avg=18.83 t/s 3.398s
0824 03:04:02 ds4-server: chat ctx=0..159:159 prefill chunk 65/159 (40.9%) chunk=19.43 t/s avg=18.84 t/s 3.450s
0824 03:04:02 ds4-server: chat ctx=0..159:159 prefill chunk 66/159 (41.5%) chunk=19.23 t/s avg=18.85 t/s 3.502s
0824 03:04:02 ds4-server: chat ctx=0..159:159 prefill chunk 67/159 (42.1%) chunk=18.64 t/s avg=18.84 t/s 3.555s
0824 03:04:02 ds4-server: chat ctx=0..159:159 prefill chunk 68/159 (42.8%) chunk=19.04 t/s avg=18.85 t/s 3.608s
0824 03:04:02 ds4-server: chat ctx=0..159:159 prefill chunk 69/159 (43.4%) chunk=19.25 t/s avg=18.85 t/s 3.660s
0824 03:04:02 ds4-server: chat ctx=0..159:159 prefill chunk 70/159 (44.0%) chunk=19.64 t/s avg=18.86 t/s 3.711s
0824 03:04:02 ds4-server: chat ctx=0..159:159 prefill chunk 71/159 (44.7%) chunk=18.50 t/s avg=18.86 t/s 3.765s
0824 03:04:02 ds4-server: chat ctx=0..159:159 prefill chunk 72/159 (45.3%) chunk=19.07 t/s avg=18.86 t/s 3.817s
0824 03:04:02 ds4-server: chat ctx=0..159:159 prefill chunk 73/159 (45.9%) chunk=19.13 t/s avg=18.86 t/s 3.870s
0824 03:04:03 ds4-server: chat ctx=0..159:159 prefill chunk 74/159 (46.5%) chunk=18.86 t/s avg=18.86 t/s 3.923s
0824 03:04:03 ds4-server: chat ctx=0..159:159 prefill chunk 75/159 (47.2%) chunk=19.06 t/s avg=18.87 t/s 3.975s
0824 03:04:03 ds4-server: chat ctx=0..159:159 prefill chunk 76/159 (47.8%) chunk=18.55 t/s avg=18.86 t/s 4.029s
0824 03:04:03 ds4-server: chat ctx=0..159:159 prefill chunk 77/159 (48.4%) chunk=18.29 t/s avg=18.86 t/s 4.084s
0824 03:04:03 ds4-server: chat ctx=0..159:159 prefill chunk 78/159 (49.1%) chunk=19.09 t/s avg=18.86 t/s 4.136s
0824 03:04:03 ds4-server: chat ctx=0..159:159 prefill chunk 79/159 (49.7%) chunk=18.39 t/s avg=18.85 t/s 4.190s
0824 03:04:03 ds4-server: chat ctx=0..159:159 prefill chunk 80/159 (50.3%) chunk=19.03 t/s avg=18.85 t/s 4.243s
0824 03:04:03 ds4-server: chat ctx=0..159:159 prefill chunk 81/159 (50.9%) chunk=18.14 t/s avg=18.85 t/s 4.298s
0824 03:04:03 ds4-server: chat ctx=0..159:159 prefill chunk 82/159 (51.6%) chunk=18.28 t/s avg=18.84 t/s 4.353s
0824 03:04:03 ds4-server: chat ctx=0..159:159 prefill chunk 83/159 (52.2%) chunk=18.67 t/s avg=18.84 t/s 4.406s
0824 03:04:03 ds4-server: chat ctx=0..159:159 prefill chunk 84/159 (52.8%) chunk=17.77 t/s avg=18.82 t/s 4.463s
0824 03:04:03 ds4-server: chat ctx=0..159:159 prefill chunk 85/159 (53.5%) chunk=18.16 t/s avg=18.81 t/s 4.518s
0824 03:04:03 ds4-server: chat ctx=0..159:159 prefill chunk 86/159 (54.1%) chunk=18.88 t/s avg=18.82 t/s 4.571s
0824 03:04:03 ds4-server: chat ctx=0..159:159 prefill chunk 87/159 (54.7%) chunk=18.35 t/s avg=18.81 t/s 4.625s
0824 03:04:03 ds4-server: chat ctx=0..159:159 prefill chunk 88/159 (55.3%) chunk=18.69 t/s avg=18.81 t/s 4.679s
0824 03:04:03 ds4-server: chat ctx=0..159:159 prefill chunk 89/159 (56.0%) chunk=18.50 t/s avg=18.81 t/s 4.733s
0824 03:04:03 ds4-server: chat ctx=0..159:159 prefill chunk 90/159 (56.6%) chunk=17.49 t/s avg=18.79 t/s 4.790s
0824 03:04:03 ds4-server: chat ctx=0..159:159 prefill chunk 91/159 (57.2%) chunk=18.76 t/s avg=18.79 t/s 4.843s
0824 03:04:04 ds4-server: chat ctx=0..159:159 prefill chunk 92/159 (57.9%) chunk=17.43 t/s avg=18.77 t/s 4.901s
0824 03:04:04 ds4-server: chat ctx=0..159:159 prefill chunk 93/159 (58.5%) chunk=18.04 t/s avg=18.76 t/s 4.956s
0824 03:04:04 ds4-server: chat ctx=0..159:159 prefill chunk 94/159 (59.1%) chunk=19.07 t/s avg=18.77 t/s 5.008s
0824 03:04:04 ds4-server: chat ctx=0..159:159 prefill chunk 95/159 (59.7%) chunk=18.40 t/s avg=18.76 t/s 5.063s
0824 03:04:04 ds4-server: chat ctx=0..159:159 prefill chunk 96/159 (60.4%) chunk=18.40 t/s avg=18.76 t/s 5.117s
0824 03:04:04 ds4-server: chat ctx=0..159:159 prefill chunk 97/159 (61.0%) chunk=19.95 t/s avg=18.77 t/s 5.167s
0824 03:04:04 ds4-server: chat ctx=0..159:159 prefill chunk 98/159 (61.6%) chunk=18.59 t/s avg=18.77 t/s 5.221s
0824 03:04:04 ds4-server: chat ctx=0..159:159 prefill chunk 99/159 (62.3%) chunk=18.85 t/s avg=18.77 t/s 5.274s
0824 03:04:04 ds4-server: chat ctx=0..159:159 prefill chunk 100/159 (62.9%) chunk=18.12 t/s avg=18.76 t/s 5.329s
0824 03:04:04 ds4-server: chat ctx=0..159:159 prefill chunk 101/159 (63.5%) chunk=18.21 t/s avg=18.76 t/s 5.384s
0824 03:04:04 ds4-server: chat ctx=0..159:159 prefill chunk 102/159 (64.2%) chunk=18.48 t/s avg=18.76 t/s 5.438s
0824 03:04:04 ds4-server: chat ctx=0..159:159 prefill chunk 103/159 (64.8%) chunk=17.91 t/s avg=18.75 t/s 5.494s
0824 03:04:04 ds4-server: chat ctx=0..159:159 prefill chunk 104/159 (65.4%) chunk=17.82 t/s avg=18.74 t/s 5.550s
0824 03:04:04 ds4-server: chat ctx=0..159:159 prefill chunk 105/159 (66.0%) chunk=18.74 t/s avg=18.74 t/s 5.604s
0824 03:04:04 ds4-server: chat ctx=0..159:159 prefill chunk 106/159 (66.7%) chunk=17.96 t/s avg=18.73 t/s 5.659s
0824 03:04:04 ds4-server: chat ctx=0..159:159 prefill chunk 107/159 (67.3%) chunk=17.83 t/s avg=18.72 t/s 5.715s
0824 03:04:04 ds4-server: chat ctx=0..159:159 prefill chunk 108/159 (67.9%) chunk=18.44 t/s avg=18.72 t/s 5.770s
0824 03:04:04 ds4-server: chat ctx=0..159:159 prefill chunk 109/159 (68.6%) chunk=17.86 t/s avg=18.71 t/s 5.826s
0824 03:04:05 ds4-server: chat ctx=0..159:159 prefill chunk 110/159 (69.2%) chunk=18.38 t/s avg=18.71 t/s 5.880s
0824 03:04:05 ds4-server: chat ctx=0..159:159 prefill chunk 111/159 (69.8%) chunk=18.71 t/s avg=18.71 t/s 5.934s
0824 03:04:05 ds4-server: chat ctx=0..159:159 prefill chunk 112/159 (70.4%) chunk=17.72 t/s avg=18.70 t/s 5.990s
0824 03:04:05 ds4-server: chat ctx=0..159:159 prefill chunk 113/159 (71.1%) chunk=18.36 t/s avg=18.69 t/s 6.044s
0824 03:04:05 ds4-server: chat ctx=0..159:159 prefill chunk 114/159 (71.7%) chunk=17.27 t/s avg=18.68 t/s 6.102s
0824 03:04:05 ds4-server: chat ctx=0..159:159 prefill chunk 115/159 (72.3%) chunk=18.29 t/s avg=18.68 t/s 6.157s
0824 03:04:05 ds4-server: chat ctx=0..159:159 prefill chunk 116/159 (73.0%) chunk=18.91 t/s avg=18.68 t/s 6.210s
0824 03:04:05 ds4-server: chat ctx=0..159:159 prefill chunk 117/159 (73.6%) chunk=17.72 t/s avg=18.67 t/s 6.266s
0824 03:04:05 ds4-server: chat ctx=0..159:159 prefill chunk 118/159 (74.2%) chunk=17.75 t/s avg=18.66 t/s 6.323s
0824 03:04:05 ds4-server: chat ctx=0..159:159 prefill chunk 119/159 (74.8%) chunk=19.00 t/s avg=18.67 t/s 6.375s
0824 03:04:05 ds4-server: chat ctx=0..159:159 prefill chunk 120/159 (75.5%) chunk=17.57 t/s avg=18.66 t/s 6.432s
0824 03:04:05 ds4-server: chat ctx=0..159:159 prefill chunk 121/159 (76.1%) chunk=17.82 t/s avg=18.65 t/s 6.488s
0824 03:04:05 ds4-server: chat ctx=0..159:159 prefill chunk 122/159 (76.7%) chunk=18.85 t/s avg=18.65 t/s 6.541s
0824 03:04:05 ds4-server: chat ctx=0..159:159 prefill chunk 123/159 (77.4%) chunk=18.25 t/s avg=18.65 t/s 6.596s
0824 03:04:05 ds4-server: chat ctx=0..159:159 prefill chunk 124/159 (78.0%) chunk=17.90 t/s avg=18.64 t/s 6.652s
0824 03:04:05 ds4-server: chat ctx=0..159:159 prefill chunk 125/159 (78.6%) chunk=18.53 t/s avg=18.64 t/s 6.706s
0824 03:04:05 ds4-server: chat ctx=0..159:159 prefill chunk 126/159 (79.2%) chunk=17.99 t/s avg=18.63 t/s 6.762s
0824 03:04:05 ds4-server: chat ctx=0..159:159 prefill chunk 127/159 (79.9%) chunk=18.03 t/s avg=18.63 t/s 6.817s
0824 03:04:05 ds4-server: chat ctx=0..159:159 prefill chunk 128/159 (80.5%) chunk=18.62 t/s avg=18.63 t/s 6.871s
0824 03:04:06 ds4-server: chat ctx=0..159:159 prefill chunk 129/159 (81.1%) chunk=18.05 t/s avg=18.63 t/s 6.926s
0824 03:04:06 ds4-server: chat ctx=0..159:159 prefill chunk 130/159 (81.8%) chunk=17.46 t/s avg=18.62 t/s 6.983s
0824 03:04:06 ds4-server: chat ctx=0..159:159 prefill chunk 131/159 (82.4%) chunk=18.17 t/s avg=18.61 t/s 7.038s
0824 03:04:06 ds4-server: chat ctx=0..159:159 prefill chunk 132/159 (83.0%) chunk=17.52 t/s avg=18.60 t/s 7.096s
0824 03:04:06 ds4-server: chat ctx=0..159:159 prefill chunk 133/159 (83.6%) chunk=18.33 t/s avg=18.60 t/s 7.150s
0824 03:04:06 ds4-server: chat ctx=0..159:159 prefill chunk 134/159 (84.3%) chunk=18.39 t/s avg=18.60 t/s 7.204s
0824 03:04:06 ds4-server: chat ctx=0..159:159 prefill chunk 135/159 (84.9%) chunk=17.60 t/s avg=18.59 t/s 7.261s
0824 03:04:06 ds4-server: chat ctx=0..159:159 prefill chunk 136/159 (85.5%) chunk=17.87 t/s avg=18.59 t/s 7.317s
0824 03:04:06 ds4-server: chat ctx=0..159:159 prefill chunk 137/159 (86.2%) chunk=17.54 t/s avg=18.58 t/s 7.374s
0824 03:04:06 ds4-server: chat ctx=0..159:159 prefill chunk 138/159 (86.8%) chunk=17.23 t/s avg=18.57 t/s 7.432s
0824 03:04:06 ds4-server: chat ctx=0..159:159 prefill chunk 139/159 (87.4%) chunk=17.76 t/s avg=18.56 t/s 7.489s
0824 03:04:06 ds4-server: chat ctx=0..159:159 prefill chunk 140/159 (88.1%) chunk=18.08 t/s avg=18.56 t/s 7.544s
0824 03:04:06 ds4-server: chat ctx=0..159:159 prefill chunk 141/159 (88.7%) chunk=18.01 t/s avg=18.55 t/s 7.599s
0824 03:04:06 ds4-server: chat ctx=0..159:159 prefill chunk 142/159 (89.3%) chunk=17.13 t/s avg=18.54 t/s 7.658s
0824 03:04:06 ds4-server: chat ctx=0..159:159 prefill chunk 143/159 (89.9%) chunk=18.16 t/s avg=18.54 t/s 7.713s
0824 03:04:06 ds4-server: chat ctx=0..159:159 prefill chunk 144/159 (90.6%) chunk=18.47 t/s avg=18.54 t/s 7.767s
0824 03:04:06 ds4-server: chat ctx=0..159:159 prefill chunk 145/159 (91.2%) chunk=17.64 t/s avg=18.53 t/s 7.824s
0824 03:04:07 ds4-server: chat ctx=0..159:159 prefill chunk 146/159 (91.8%) chunk=18.45 t/s avg=18.53 t/s 7.878s
0824 03:04:07 ds4-server: chat ctx=0..159:159 prefill chunk 147/159 (92.5%) chunk=17.99 t/s avg=18.53 t/s 7.934s
0824 03:04:07 ds4-server: chat ctx=0..159:159 prefill chunk 148/159 (93.1%) chunk=17.00 t/s avg=18.52 t/s 7.992s
0824 03:04:07 ds4-server: chat ctx=0..159:159 prefill chunk 149/159 (93.7%) chunk=17.71 t/s avg=18.51 t/s 8.049s
0824 03:04:07 ds4-server: chat ctx=0..159:159 prefill chunk 150/159 (94.3%) chunk=18.36 t/s avg=18.51 t/s 8.103s
ds4: qwen35moe experts/token avg over 128 tokens: 0:15.6 1:14.9 2:14.5 3:16.7 4:15.2 5:15.9 6:15.8 7:16.8 8:16.7 9:16.4 10:14.5 11:14.4 12:15.6 13:14.9 14:15.2 15:15.5 16:15.2 17:14.4 18:15.6 19:14.5 20:15.8 21:15.5 22:15.0 23:14.3 24:14.9 25:14.9 26:14.7 27:15.9 28:15.7 29:15.5 30:16.2 31:16.4 32:15.6 33:17.0 34:16.7 35:18.5 36:18.4 37:19.2 38:19.2 39:19.3 | mean 15.9
0824 03:04:07 ds4-server: chat ctx=0..159:159 prefill chunk 151/159 (95.0%) chunk=17.60 t/s avg=18.50 t/s 8.160s
0824 03:04:07 ds4-server: chat ctx=0..159:159 prefill chunk 152/159 (95.6%) chunk=17.77 t/s avg=18.50 t/s 8.216s
0824 03:04:07 ds4-server: chat ctx=0..159:159 prefill chunk 153/159 (96.2%) chunk=19.33 t/s avg=18.50 t/s 8.268s
0824 03:04:07 ds4-server: chat ctx=0..159:159 prefill chunk 154/159 (96.9%) chunk=17.68 t/s avg=18.50 t/s 8.325s
0824 03:04:07 ds4-server: chat ctx=0..159:159 prefill chunk 155/159 (97.5%) chunk=18.35 t/s avg=18.50 t/s 8.379s
0824 03:04:07 ds4-server: chat ctx=0..159:159 prefill chunk 156/159 (98.1%) chunk=19.27 t/s avg=18.50 t/s 8.431s
0824 03:04:07 ds4-server: chat ctx=0..159:159 prefill chunk 157/159 (98.7%) chunk=17.76 t/s avg=18.50 t/s 8.487s
0824 03:04:07 ds4-server: chat ctx=0..159:159 prefill chunk 158/159 (99.4%) chunk=20.03 t/s avg=18.51 t/s 8.537s
0824 03:04:07 ds4-server: chat ctx=0..159:159 prefill chunk 159/159 (100.0%) chunk=19.07 t/s avg=18.51 t/s 8.590s
0824 03:04:07 ds4-server: chat ctx=0..159:159 prompt done 8.590s
0824 03:04:10 ds4-server: chat ctx=159..209:50 gen=50 THINKING decoding chunk=18.28 t/s avg=18.28 t/s 2.736s
0824 03:04:13 ds4-server: chat ctx=209..259:50 gen=100 THINKING decoding chunk=17.97 t/s avg=18.12 t/s 5.518s
ds4: qwen35moe experts/token avg over 128 tokens: 0:14.8 1:15.0 2:14.5 3:16.5 4:15.3 5:16.5 6:15.1 7:16.9 8:16.2 9:16.6 10:15.0 11:14.1 12:15.4 13:15.0 14:15.3 15:16.3 16:16.0 17:16.1 18:15.4 19:14.7 20:15.9 21:16.7 22:15.4 23:15.3 24:15.5 25:15.5 26:16.0 27:16.7 28:15.9 29:16.3 30:16.4 31:16.7 32:15.9 33:15.8 34:15.5 35:17.5 36:18.1 37:18.8 38:19.2 39:17.9 | mean 16.0
0824 03:04:16 ds4-server: chat ctx=259..309:50 gen=150 THINKING decoding chunk=17.68 t/s avg=17.97 t/s 8.346s
0824 03:04:18 ds4-server: chat ctx=309..359:50 gen=200 THINKING decoding chunk=17.54 t/s avg=17.86 t/s 11.196s
ds4: qwen35moe experts/token avg over 128 tokens: 0:15.3 1:15.7 2:15.5 3:16.9 4:16.8 5:17.3 6:16.8 7:17.5 8:17.4 9:17.8 10:16.0 11:15.6 12:16.6 13:16.0 14:16.6 15:16.5 16:16.0 17:16.5 18:16.0 19:15.7 20:16.7 21:17.3 22:15.8 23:15.3 24:15.8 25:15.5 26:16.1 27:16.3 28:16.2 29:16.9 30:16.6 31:17.7 32:17.0 33:16.8 34:16.3 35:17.7 36:17.9 37:19.1 38:19.3 39:18.4 | mean 16.7
0824 03:04:21 ds4-server: chat ctx=359..409:50 gen=250 THINKING decoding chunk=17.60 t/s avg=17.81 t/s 14.037s
0824 03:04:24 ds4-server: chat ctx=409..459:50 gen=300 THINKING decoding chunk=17.35 t/s avg=17.73 t/s 16.919s
0824 03:04:27 ds4-server: chat ctx=459..509:50 gen=350 THINKING decoding chunk=17.27 t/s avg=17.66 t/s 19.813s
ds4: qwen35moe experts/token avg over 128 tokens: 0:15.0 1:15.9 2:15.5 3:16.9 4:16.2 5:16.7 6:16.2 7:17.6 8:17.2 9:17.9 10:15.7 11:15.2 12:17.0 13:16.8 14:17.2 15:16.4 16:16.8 17:16.7 18:16.7 19:16.3 20:16.6 21:17.5 22:15.6 23:15.0 24:16.4 25:16.2 26:16.4 27:16.7 28:16.1 29:16.2 30:16.9 31:17.4 32:16.5 33:15.6 34:15.3 35:17.1 36:17.2 37:18.2 38:18.7 39:17.3 | mean 16.6
0824 03:04:30 ds4-server: chat ctx=509..559:50 gen=400 THINKING decoding chunk=17.60 t/s avg=17.66 t/s 22.654s
0824 03:04:33 ds4-server: chat ctx=559..609:50 gen=450 THINKING decoding chunk=17.09 t/s avg=17.59 t/s 25.580s
0824 03:04:36 ds4-server: chat ctx=609..659:50 gen=500 THINKING decoding chunk=16.80 t/s avg=17.51 t/s 28.556s
ds4: qwen35moe experts/token avg over 128 tokens: 0:14.8 1:15.6 2:15.3 3:17.1 4:16.3 5:17.2 6:16.6 7:17.8 8:17.9 9:17.6 10:16.5 11:15.2 12:16.8 13:17.2 14:17.6 15:17.2 16:17.2 17:17.3 18:16.8 19:16.5 20:16.7 21:17.4 22:16.3 23:15.6 24:16.8 25:16.1 26:16.9 27:17.1 28:16.4 29:16.8 30:16.6 31:17.8 32:16.1 33:15.7 34:16.3 35:17.1 36:17.8 37:18.4 38:18.9 39:18.0 | mean 16.8
0824 03:04:39 ds4-server: chat ctx=659..709:50 gen=550 THINKING decoding chunk=16.86 t/s avg=17.45 t/s 31.522s
0824 03:04:42 ds4-server: chat ctx=709..759:50 gen=600 THINKING decoding chunk=17.10 t/s avg=17.42 t/s 34.446s
ds4: qwen35moe experts/token avg over 128 tokens: 0:15.0 1:15.8 2:15.2 3:17.0 4:16.7 5:16.8 6:16.7 7:17.5 8:17.2 9:17.7 10:16.3 11:15.1 12:17.2 13:16.6 14:16.5 15:16.9 16:16.8 17:16.8 18:16.3 19:16.5 20:16.9 21:17.9 22:15.9 23:15.1 24:16.0 25:17.0 26:16.3 27:16.3 28:16.0 29:16.4 30:15.7 31:16.8 32:15.8 33:15.0 34:15.5 35:17.0 36:17.0 37:18.0 38:18.7 39:17.1 | mean 16.5
0824 03:04:45 ds4-server: chat ctx=759..809:50 gen=650 THINKING decoding chunk=16.90 t/s avg=17.38 t/s 37.405s
0824 03:04:48 ds4-server: chat ctx=809..859:50 gen=700 THINKING decoding chunk=17.03 t/s avg=17.35 t/s 40.341s
0824 03:04:51 ds4-server: chat ctx=859..909:50 gen=750 THINKING decoding chunk=16.91 t/s avg=17.32 t/s 43.297s
ds4: qwen35moe experts/token avg over 128 tokens: 0:15.1 1:16.0 2:15.5 3:17.2 4:16.5 5:16.7 6:16.2 7:16.9 8:16.9 9:17.8 10:15.4 11:14.4 12:16.2 13:15.2 14:16.0 15:15.6 16:15.4 17:16.1 18:15.8 19:15.7 20:17.1 21:16.5 22:15.1 23:14.8 24:14.9 25:14.6 26:15.2 27:15.9 28:15.8 29:15.5 30:15.7 31:16.9 32:15.8 33:15.8 34:15.1 35:16.8 36:16.8 37:17.9 38:18.8 39:17.1 | mean 16.1
0824 03:04:54 ds4-server: chat ctx=909..959:50 gen=800 THINKING decoding chunk=16.45 t/s avg=17.27 t/s 46.336s
0824 03:04:57 ds4-server: chat ctx=959..1009:50 gen=850 THINKING decoding chunk=16.40 t/s avg=17.21 t/s 49.384s
ds4: qwen35moe experts/token avg over 128 tokens: 0:15.1 1:15.9 2:15.6 3:17.7 4:16.7 5:17.1 6:16.9 7:18.0 8:17.6 9:18.0 10:16.1 11:15.3 12:17.0 13:17.1 14:17.6 15:17.5 16:17.2 17:17.4 18:17.0 19:16.9 20:17.4 21:17.8 22:16.2 23:16.1 24:17.1 25:16.9 26:17.2 27:16.9 28:16.9 29:17.2 30:17.0 31:18.2 32:16.7 33:16.1 34:17.1 35:17.7 36:18.3 37:19.1 38:19.5 39:18.1 | mean 17.1
0824 03:05:00 ds4-server: chat ctx=1009..1059:50 gen=900 THINKING decoding chunk=16.09 t/s avg=17.15 t/s 52.491s
0824 03:05:03 ds4-server: chat ctx=1059..1109:50 gen=950 THINKING decoding chunk=16.03 t/s avg=17.08 t/s 55.610s
0824 03:05:06 ds4-server: chat ctx=1109..1159:50 gen=1000 THINKING decoding chunk=16.39 t/s avg=17.05 t/s 58.660s
ds4: qwen35moe experts/token avg over 128 tokens: 0:14.9 1:16.1 2:15.5 3:16.8 4:17.1 5:17.0 6:16.8 7:17.6 8:18.1 9:17.6 10:16.4 11:15.6 12:17.6 13:17.1 14:17.1 15:17.3 16:17.0 17:17.1 18:16.7 19:16.7 20:17.3 21:17.4 22:15.9 23:15.9 24:16.5 25:16.7 26:16.6 27:16.0 28:16.4 29:16.8 30:15.9 31:17.2 32:15.5 33:15.6 34:15.3 35:17.3 36:17.6 37:18.0 38:18.9 39:17.2 | mean 16.8
0824 03:05:09 ds4-server: chat ctx=1159..1209:50 gen=1050 THINKING decoding chunk=16.18 t/s avg=17.00 t/s 61.750s
0824 03:05:12 ds4-server: chat ctx=1209..1259:50 gen=1100 THINKING decoding chunk=16.09 t/s avg=16.96 t/s 64.856s
ds4: qwen35moe experts/token avg over 128 tokens: 0:14.8 1:16.0 2:15.4 3:17.6 4:17.5 5:17.4 6:16.8 7:18.1 8:18.1 9:18.0 10:16.4 11:15.5 12:17.5 13:17.2 14:17.8 15:17.2 16:17.3 17:17.8 18:17.2 19:17.5 20:18.1 21:17.9 22:16.2 23:16.3 24:17.2 25:16.9 26:17.0 27:16.9 28:17.2 29:17.0 30:16.9 31:17.8 32:16.8 33:16.4 34:16.6 35:18.1 36:18.0 37:18.7 38:19.1 39:18.5 | mean 17.2
0824 03:05:15 ds4-server: chat ctx=1259..1309:50 gen=1150 THINKING decoding chunk=15.73 t/s avg=16.90 t/s 68.036s
0824 03:05:18 ds4-server: chat ctx=1309..1359:50 gen=1200 THINKING decoding chunk=15.56 t/s avg=16.84 t/s 71.250s
0824 03:05:22 ds4-server: chat ctx=1359..1409:50 gen=1250 THINKING decoding chunk=15.62 t/s avg=16.79 t/s 74.451s
ds4: qwen35moe experts/token avg over 128 tokens: 0:15.0 1:16.1 2:15.9 3:17.6 4:17.6 5:17.9 6:18.0 7:18.9 8:18.8 9:18.6 10:17.1 11:16.4 12:18.4 13:18.2 14:18.9 15:18.4 16:18.0 17:18.3 18:17.6 19:18.1 20:18.3 21:18.9 22:17.2 23:16.6 24:17.9 25:17.6 26:18.2 27:17.6 28:16.6 29:17.7 30:17.0 31:18.1 32:16.7 33:16.3 34:16.4 35:17.4 36:17.8 37:19.1 38:19.2 39:17.9 | mean 17.7
0824 03:05:25 ds4-server: chat ctx=1409..1459:50 gen=1300 decoding chunk=15.69 t/s avg=16.74 t/s 77.639s
0824 03:05:28 ds4-server: chat ctx=1459..1509:50 gen=1350 decoding chunk=15.32 t/s avg=16.69 t/s 80.903s
ds4: qwen35moe experts/token avg over 128 tokens: 0:14.6 1:16.7 2:16.5 3:18.2 4:17.5 5:18.2 6:17.8 7:18.7 8:18.5 9:18.5 10:17.3 11:16.3 12:18.3 13:18.1 14:18.6 15:18.4 16:18.2 17:18.5 18:18.2 19:18.1 20:18.2 21:18.5 22:17.2 23:17.0 24:18.4 25:18.1 26:18.4 27:17.5 28:18.3 29:18.1 30:17.5 31:18.5 32:17.4 33:16.8 34:17.6 35:18.4 36:18.7 37:19.2 38:19.2 39:18.9 | mean 17.9
0824 03:05:31 ds4-server: chat ctx=1509..1559:50 gen=1400 decoding chunk=15.12 t/s avg=16.63 t/s 84.209s
0824 03:05:35 ds4-server: chat ctx=1559..1609:50 gen=1450 decoding chunk=15.07 t/s avg=16.57 t/s 87.527s
0824 03:05:38 ds4-server: chat ctx=1609..1654:45 gen=1495 decoding chunk=15.30 t/s avg=16.53 t/s 90.468s
0824 03:05:38 ds4-server: thinking live checkpoint remembered ctx=0..159:159 live=1654 visible=1419
0824 03:05:38 ds4-server: chat ctx=0..159:159 gen=1495 finish=stop 99.058s
0824 03:05:38 ds4-server: live kv cache miss live=1654 prompt=239 common=65 reason=token-mismatch
0824 03:05:38 ds4-server: chat ctx=0..239:239 prompt start
0824 03:05:38 ds4-server: chat ctx=0..239:239 prefill chunk 1/239 (0.4%) chunk=0.00 t/s avg=19.03 t/s 0.053s
0824 03:05:38 ds4-server: chat ctx=0..239:239 prefill chunk 2/239 (0.8%) chunk=19.90 t/s avg=19.45 t/s 0.103s
0824 03:05:38 ds4-server: chat ctx=0..239:239 prefill chunk 3/239 (1.3%) chunk=19.29 t/s avg=19.40 t/s 0.155s
0824 03:05:38 ds4-server: chat ctx=0..239:239 prefill chunk 4/239 (1.7%) chunk=19.67 t/s avg=19.47 t/s 0.205s
0824 03:05:38 ds4-server: chat ctx=0..239:239 prefill chunk 5/239 (2.1%) chunk=18.88 t/s avg=19.35 t/s 0.258s
0824 03:05:38 ds4-server: chat ctx=0..239:239 prefill chunk 6/239 (2.5%) chunk=19.59 t/s avg=19.39 t/s 0.309s
0824 03:05:38 ds4-server: chat ctx=0..239:239 prefill chunk 7/239 (2.9%) chunk=18.95 t/s avg=19.32 t/s 0.362s
0824 03:05:38 ds4-server: chat ctx=0..239:239 prefill chunk 8/239 (3.3%) chunk=19.26 t/s avg=19.32 t/s 0.414s
0824 03:05:38 ds4-server: chat ctx=0..239:239 prefill chunk 9/239 (3.8%) chunk=19.31 t/s avg=19.32 t/s 0.466s
0824 03:05:38 ds4-server: chat ctx=0..239:239 prefill chunk 10/239 (4.2%) chunk=19.41 t/s avg=19.33 t/s 0.517s
0824 03:05:38 ds4-server: chat ctx=0..239:239 prefill chunk 11/239 (4.6%) chunk=19.03 t/s avg=19.30 t/s 0.570s
0824 03:05:38 ds4-server: chat ctx=0..239:239 prefill chunk 12/239 (5.0%) chunk=18.44 t/s avg=19.22 t/s 0.624s
0824 03:05:38 ds4-server: chat ctx=0..239:239 prefill chunk 13/239 (5.4%) chunk=19.12 t/s avg=19.22 t/s 0.677s
0824 03:05:38 ds4-server: chat ctx=0..239:239 prefill chunk 14/239 (5.9%) chunk=18.43 t/s avg=19.16 t/s 0.731s
0824 03:05:38 ds4-server: chat ctx=0..239:239 prefill chunk 15/239 (6.3%) chunk=19.02 t/s avg=19.15 t/s 0.783s
0824 03:05:39 ds4-server: chat ctx=0..239:239 prefill chunk 16/239 (6.7%) chunk=18.79 t/s avg=19.13 t/s 0.837s
0824 03:05:39 ds4-server: chat ctx=0..239:239 prefill chunk 17/239 (7.1%) chunk=18.13 t/s avg=19.06 t/s 0.892s
0824 03:05:39 ds4-server: chat ctx=0..239:239 prefill chunk 18/239 (7.5%) chunk=19.33 t/s avg=19.08 t/s 0.943s
0824 03:05:39 ds4-server: chat ctx=0..239:239 prefill chunk 19/239 (7.9%) chunk=18.60 t/s avg=19.05 t/s 0.997s
0824 03:05:39 ds4-server: chat ctx=0..239:239 prefill chunk 20/239 (8.4%) chunk=17.94 t/s avg=18.99 t/s 1.053s
0824 03:05:39 ds4-server: chat ctx=0..239:239 prefill chunk 21/239 (8.8%) chunk=19.14 t/s avg=19.00 t/s 1.105s
0824 03:05:39 ds4-server: chat ctx=0..239:239 prefill chunk 22/239 (9.2%) chunk=18.92 t/s avg=19.00 t/s 1.158s
0824 03:05:39 ds4-server: chat ctx=0..239:239 prefill chunk 23/239 (9.6%) chunk=19.46 t/s avg=19.02 t/s 1.209s
0824 03:05:39 ds4-server: chat ctx=0..239:239 prefill chunk 24/239 (10.0%) chunk=18.90 t/s avg=19.01 t/s 1.262s
0824 03:05:39 ds4-server: chat ctx=0..239:239 prefill chunk 25/239 (10.5%) chunk=19.49 t/s avg=19.03 t/s 1.314s
0824 03:05:39 ds4-server: chat ctx=0..239:239 prefill chunk 26/239 (10.9%) chunk=19.02 t/s avg=19.03 t/s 1.366s
0824 03:05:39 ds4-server: chat ctx=0..239:239 prefill chunk 27/239 (11.3%) chunk=18.65 t/s avg=19.02 t/s 1.420s
0824 03:05:39 ds4-server: chat ctx=0..239:239 prefill chunk 28/239 (11.7%) chunk=19.45 t/s avg=19.03 t/s 1.471s
0824 03:05:39 ds4-server: chat ctx=0..239:239 prefill chunk 29/239 (12.1%) chunk=18.32 t/s avg=19.01 t/s 1.526s
0824 03:05:39 ds4-server: chat ctx=0..239:239 prefill chunk 30/239 (12.6%) chunk=19.14 t/s avg=19.01 t/s 1.578s
0824 03:05:39 ds4-server: chat ctx=0..239:239 prefill chunk 31/239 (13.0%) chunk=18.17 t/s avg=18.98 t/s 1.633s
0824 03:05:39 ds4-server: chat ctx=0..239:239 prefill chunk 32/239 (13.4%) chunk=18.15 t/s avg=18.96 t/s 1.688s
ds4: qwen35moe experts/token avg over 128 tokens: 0:14.4 1:16.0 2:15.5 3:16.8 4:17.2 5:17.1 6:16.6 7:17.8 8:17.9 9:17.7 10:16.5 11:16.4 12:17.4 13:17.6 14:17.7 15:17.4 16:17.3 17:17.6 18:16.8 19:17.3 20:17.8 21:17.9 22:16.9 23:16.5 24:17.0 25:16.8 26:17.6 27:17.0 28:16.3 29:17.2 30:16.4 31:17.6 32:16.4 33:16.5 34:16.6 35:18.0 36:18.1 37:19.0 38:19.2 39:18.3 | mean 17.2
0824 03:05:39 ds4-server: chat ctx=0..239:239 prefill chunk 33/239 (13.8%) chunk=19.15 t/s avg=18.96 t/s 1.740s
0824 03:05:39 ds4-server: chat ctx=0..239:239 prefill chunk 34/239 (14.2%) chunk=18.10 t/s avg=18.93 t/s 1.796s
0824 03:05:40 ds4-server: chat ctx=0..239:239 prefill chunk 35/239 (14.6%) chunk=18.17 t/s avg=18.91 t/s 1.851s
0824 03:05:40 ds4-server: chat ctx=0..239:239 prefill chunk 36/239 (15.1%) chunk=18.67 t/s avg=18.90 t/s 1.904s
0824 03:05:40 ds4-server: chat ctx=0..239:239 prefill chunk 37/239 (15.5%) chunk=17.53 t/s avg=18.87 t/s 1.961s
0824 03:05:40 ds4-server: chat ctx=0..239:239 prefill chunk 38/239 (15.9%) chunk=17.88 t/s avg=18.84 t/s 2.017s
0824 03:05:40 ds4-server: chat ctx=0..239:239 prefill chunk 39/239 (16.3%) chunk=18.37 t/s avg=18.83 t/s 2.072s
0824 03:05:40 ds4-server: chat ctx=0..239:239 prefill chunk 40/239 (16.7%) chunk=18.21 t/s avg=18.81 t/s 2.127s
0824 03:05:40 ds4-server: chat ctx=0..239:239 prefill chunk 41/239 (17.2%) chunk=18.77 t/s avg=18.81 t/s 2.180s
0824 03:05:40 ds4-server: chat ctx=0..239:239 prefill chunk 42/239 (17.6%) chunk=18.33 t/s avg=18.80 t/s 2.234s
0824 03:05:40 ds4-server: chat ctx=0..239:239 prefill chunk 43/239 (18.0%) chunk=18.67 t/s avg=18.79 t/s 2.288s
0824 03:05:40 ds4-server: chat ctx=0..239:239 prefill chunk 44/239 (18.4%) chunk=19.43 t/s avg=18.81 t/s 2.339s
0824 03:05:40 ds4-server: chat ctx=0..239:239 prefill chunk 45/239 (18.8%) chunk=18.16 t/s avg=18.79 t/s 2.394s
0824 03:05:40 ds4-server: chat ctx=0..239:239 prefill chunk 46/239 (19.2%) chunk=18.68 t/s avg=18.79 t/s 2.448s
0824 03:05:40 ds4-server: chat ctx=0..239:239 prefill chunk 47/239 (19.7%) chunk=18.01 t/s avg=18.77 t/s 2.504s
0824 03:05:40 ds4-server: chat ctx=0..239:239 prefill chunk 48/239 (20.1%) chunk=18.30 t/s avg=18.76 t/s 2.558s
0824 03:05:40 ds4-server: chat ctx=0..239:239 prefill chunk 49/239 (20.5%) chunk=18.58 t/s avg=18.76 t/s 2.612s
0824 03:05:40 ds4-server: chat ctx=0..239:239 prefill chunk 50/239 (20.9%) chunk=18.35 t/s avg=18.75 t/s 2.666s
0824 03:05:40 ds4-server: chat ctx=0..239:239 prefill chunk 51/239 (21.3%) chunk=18.17 t/s avg=18.74 t/s 2.722s
0824 03:05:40 ds4-server: chat ctx=0..239:239 prefill chunk 52/239 (21.8%) chunk=18.71 t/s avg=18.74 t/s 2.775s
0824 03:05:41 ds4-server: chat ctx=0..239:239 prefill chunk 53/239 (22.2%) chunk=18.24 t/s avg=18.73 t/s 2.830s
0824 03:05:41 ds4-server: chat ctx=0..239:239 prefill chunk 54/239 (22.6%) chunk=19.44 t/s avg=18.74 t/s 2.881s
0824 03:05:41 ds4-server: chat ctx=0..239:239 prefill chunk 55/239 (23.0%) chunk=18.94 t/s avg=18.75 t/s 2.934s
0824 03:05:41 ds4-server: chat ctx=0..239:239 prefill chunk 56/239 (23.4%) chunk=18.60 t/s avg=18.74 t/s 2.988s
0824 03:05:41 ds4-server: chat ctx=0..239:239 prefill chunk 57/239 (23.8%) chunk=19.10 t/s avg=18.75 t/s 3.040s
0824 03:05:41 ds4-server: chat ctx=0..239:239 prefill chunk 58/239 (24.3%) chunk=17.90 t/s avg=18.73 t/s 3.096s
0824 03:05:41 ds4-server: chat ctx=0..239:239 prefill chunk 59/239 (24.7%) chunk=19.25 t/s avg=18.74 t/s 3.148s
0824 03:05:41 ds4-server: chat ctx=0..239:239 prefill chunk 60/239 (25.1%) chunk=18.91 t/s avg=18.75 t/s 3.201s
0824 03:05:41 ds4-server: chat ctx=0..239:239 prefill chunk 61/239 (25.5%) chunk=19.29 t/s avg=18.75 t/s 3.253s
0824 03:05:41 ds4-server: chat ctx=0..239:239 prefill chunk 62/239 (25.9%) chunk=20.03 t/s avg=18.77 t/s 3.303s
0824 03:05:41 ds4-server: chat ctx=0..239:239 prefill chunk 63/239 (26.4%) chunk=19.34 t/s avg=18.78 t/s 3.354s
0824 03:05:41 ds4-server: chat ctx=0..239:239 prefill chunk 64/239 (26.8%) chunk=20.05 t/s avg=18.80 t/s 3.404s
0824 03:05:41 ds4-server: chat ctx=0..239:239 prefill chunk 65/239 (27.2%) chunk=19.43 t/s avg=18.81 t/s 3.456s
0824 03:05:41 ds4-server: chat ctx=0..239:239 prefill chunk 66/239 (27.6%) chunk=19.02 t/s avg=18.81 t/s 3.508s
0824 03:05:41 ds4-server: chat ctx=0..239:239 prefill chunk 67/239 (28.0%) chunk=18.46 t/s avg=18.81 t/s 3.562s
0824 03:05:41 ds4-server: chat ctx=0..239:239 prefill chunk 68/239 (28.5%) chunk=18.59 t/s avg=18.80 t/s 3.616s
0824 03:05:41 ds4-server: chat ctx=0..239:239 prefill chunk 69/239 (28.9%) chunk=18.70 t/s avg=18.80 t/s 3.670s
0824 03:05:41 ds4-server: chat ctx=0..239:239 prefill chunk 70/239 (29.3%) chunk=18.76 t/s avg=18.80 t/s 3.723s
0824 03:05:41 ds4-server: chat ctx=0..239:239 prefill chunk 71/239 (29.7%) chunk=18.82 t/s avg=18.80 t/s 3.776s
0824 03:05:42 ds4-server: chat ctx=0..239:239 prefill chunk 72/239 (30.1%) chunk=18.22 t/s avg=18.79 t/s 3.831s
0824 03:05:42 ds4-server: chat ctx=0..239:239 prefill chunk 73/239 (30.5%) chunk=18.25 t/s avg=18.79 t/s 3.886s
0824 03:05:42 ds4-server: chat ctx=0..239:239 prefill chunk 74/239 (31.0%) chunk=19.12 t/s avg=18.79 t/s 3.938s
0824 03:05:42 ds4-server: chat ctx=0..239:239 prefill chunk 75/239 (31.4%) chunk=18.28 t/s avg=18.78 t/s 3.993s
0824 03:05:42 ds4-server: chat ctx=0..239:239 prefill chunk 76/239 (31.8%) chunk=19.25 t/s avg=18.79 t/s 4.045s
0824 03:05:42 ds4-server: chat ctx=0..239:239 prefill chunk 77/239 (32.2%) chunk=18.48 t/s avg=18.79 t/s 4.099s
0824 03:05:42 ds4-server: chat ctx=0..239:239 prefill chunk 78/239 (32.6%) chunk=18.52 t/s avg=18.78 t/s 4.153s
0824 03:05:42 ds4-server: chat ctx=0..239:239 prefill chunk 79/239 (33.1%) chunk=18.73 t/s avg=18.78 t/s 4.206s
0824 03:05:42 ds4-server: chat ctx=0..239:239 prefill chunk 80/239 (33.5%) chunk=18.23 t/s avg=18.77 t/s 4.261s
0824 03:05:42 ds4-server: chat ctx=0..239:239 prefill chunk 81/239 (33.9%) chunk=18.57 t/s avg=18.77 t/s 4.315s
0824 03:05:42 ds4-server: chat ctx=0..239:239 prefill chunk 82/239 (34.3%) chunk=18.14 t/s avg=18.76 t/s 4.370s
0824 03:05:42 ds4-server: chat ctx=0..239:239 prefill chunk 83/239 (34.7%) chunk=18.26 t/s avg=18.76 t/s 4.425s
0824 03:05:42 ds4-server: chat ctx=0..239:239 prefill chunk 84/239 (35.1%) chunk=18.75 t/s avg=18.76 t/s 4.478s
0824 03:05:42 ds4-server: chat ctx=0..239:239 prefill chunk 85/239 (35.6%) chunk=18.02 t/s avg=18.75 t/s 4.534s
0824 03:05:42 ds4-server: chat ctx=0..239:239 prefill chunk 86/239 (36.0%) chunk=18.31 t/s avg=18.74 t/s 4.588s
0824 03:05:42 ds4-server: chat ctx=0..239:239 prefill chunk 87/239 (36.4%) chunk=18.94 t/s avg=18.75 t/s 4.641s
0824 03:05:42 ds4-server: chat ctx=0..239:239 prefill chunk 88/239 (36.8%) chunk=18.86 t/s avg=18.75 t/s 4.694s
0824 03:05:42 ds4-server: chat ctx=0..239:239 prefill chunk 89/239 (37.2%) chunk=19.07 t/s avg=18.75 t/s 4.746s
0824 03:05:42 ds4-server: chat ctx=0..239:239 prefill chunk 90/239 (37.7%) chunk=18.51 t/s avg=18.75 t/s 4.800s
0824 03:05:43 ds4-server: chat ctx=0..239:239 prefill chunk 91/239 (38.1%) chunk=18.64 t/s avg=18.75 t/s 4.854s
0824 03:05:43 ds4-server: chat ctx=0..239:239 prefill chunk 92/239 (38.5%) chunk=19.04 t/s avg=18.75 t/s 4.907s
0824 03:05:43 ds4-server: chat ctx=0..239:239 prefill chunk 93/239 (38.9%) chunk=18.32 t/s avg=18.75 t/s 4.961s
0824 03:05:43 ds4-server: chat ctx=0..239:239 prefill chunk 94/239 (39.3%) chunk=19.08 t/s avg=18.75 t/s 5.014s
0824 03:05:43 ds4-server: chat ctx=0..239:239 prefill chunk 95/239 (39.7%) chunk=18.21 t/s avg=18.74 t/s 5.069s
0824 03:05:43 ds4-server: chat ctx=0..239:239 prefill chunk 96/239 (40.2%) chunk=18.44 t/s avg=18.74 t/s 5.123s
0824 03:05:43 ds4-server: chat ctx=0..239:239 prefill chunk 97/239 (40.6%) chunk=18.88 t/s avg=18.74 t/s 5.176s
0824 03:05:43 ds4-server: chat ctx=0..239:239 prefill chunk 98/239 (41.0%) chunk=17.91 t/s avg=18.73 t/s 5.232s
0824 03:05:43 ds4-server: chat ctx=0..239:239 prefill chunk 99/239 (41.4%) chunk=18.01 t/s avg=18.72 t/s 5.287s
0824 03:05:43 ds4-server: chat ctx=0..239:239 prefill chunk 100/239 (41.8%) chunk=18.32 t/s avg=18.72 t/s 5.342s
0824 03:05:43 ds4-server: chat ctx=0..239:239 prefill chunk 101/239 (42.3%) chunk=17.99 t/s avg=18.71 t/s 5.397s
0824 03:05:43 ds4-server: chat ctx=0..239:239 prefill chunk 102/239 (42.7%) chunk=18.75 t/s avg=18.71 t/s 5.451s
0824 03:05:43 ds4-server: chat ctx=0..239:239 prefill chunk 103/239 (43.1%) chunk=18.34 t/s avg=18.71 t/s 5.505s
0824 03:05:43 ds4-server: chat ctx=0..239:239 prefill chunk 104/239 (43.5%) chunk=18.38 t/s avg=18.71 t/s 5.560s
0824 03:05:43 ds4-server: chat ctx=0..239:239 prefill chunk 105/239 (43.9%) chunk=18.98 t/s avg=18.71 t/s 5.612s
0824 03:05:43 ds4-server: chat ctx=0..239:239 prefill chunk 106/239 (44.4%) chunk=18.26 t/s avg=18.70 t/s 5.667s
0824 03:05:43 ds4-server: chat ctx=0..239:239 prefill chunk 107/239 (44.8%) chunk=18.64 t/s avg=18.70 t/s 5.721s
0824 03:05:43 ds4-server: chat ctx=0..239:239 prefill chunk 108/239 (45.2%) chunk=18.64 t/s avg=18.70 t/s 5.774s
0824 03:05:44 ds4-server: chat ctx=0..239:239 prefill chunk 109/239 (45.6%) chunk=18.18 t/s avg=18.70 t/s 5.829s
0824 03:05:44 ds4-server: chat ctx=0..239:239 prefill chunk 110/239 (46.0%) chunk=18.48 t/s avg=18.70 t/s 5.883s
0824 03:05:44 ds4-server: chat ctx=0..239:239 prefill chunk 111/239 (46.4%) chunk=19.24 t/s avg=18.70 t/s 5.935s
0824 03:05:44 ds4-server: chat ctx=0..239:239 prefill chunk 112/239 (46.9%) chunk=18.46 t/s avg=18.70 t/s 5.990s
0824 03:05:44 ds4-server: chat ctx=0..239:239 prefill chunk 113/239 (47.3%) chunk=18.65 t/s avg=18.70 t/s 6.043s
0824 03:05:44 ds4-server: chat ctx=0..239:239 prefill chunk 114/239 (47.7%) chunk=18.14 t/s avg=18.69 t/s 6.098s
0824 03:05:44 ds4-server: chat ctx=0..239:239 prefill chunk 115/239 (48.1%) chunk=18.46 t/s avg=18.69 t/s 6.152s
0824 03:05:44 ds4-server: chat ctx=0..239:239 prefill chunk 116/239 (48.5%) chunk=18.87 t/s avg=18.69 t/s 6.205s
0824 03:05:44 ds4-server: chat ctx=0..239:239 prefill chunk 117/239 (49.0%) chunk=18.35 t/s avg=18.69 t/s 6.260s
0824 03:05:44 ds4-server: chat ctx=0..239:239 prefill chunk 118/239 (49.4%) chunk=18.18 t/s avg=18.69 t/s 6.315s
0824 03:05:44 ds4-server: chat ctx=0..239:239 prefill chunk 119/239 (49.8%) chunk=18.14 t/s avg=18.68 t/s 6.370s
0824 03:05:44 ds4-server: chat ctx=0..239:239 prefill chunk 120/239 (50.2%) chunk=18.04 t/s avg=18.68 t/s 6.426s
0824 03:05:44 ds4-server: chat ctx=0..239:239 prefill chunk 121/239 (50.6%) chunk=18.23 t/s avg=18.67 t/s 6.480s
0824 03:05:44 ds4-server: chat ctx=0..239:239 prefill chunk 122/239 (51.0%) chunk=18.67 t/s avg=18.67 t/s 6.534s
0824 03:05:44 ds4-server: chat ctx=0..239:239 prefill chunk 123/239 (51.5%) chunk=18.41 t/s avg=18.67 t/s 6.588s
0824 03:05:44 ds4-server: chat ctx=0..239:239 prefill chunk 124/239 (51.9%) chunk=18.87 t/s avg=18.67 t/s 6.641s
0824 03:05:44 ds4-server: chat ctx=0..239:239 prefill chunk 125/239 (52.3%) chunk=17.79 t/s avg=18.66 t/s 6.697s
0824 03:05:44 ds4-server: chat ctx=0..239:239 prefill chunk 126/239 (52.7%) chunk=18.42 t/s avg=18.66 t/s 6.752s
0824 03:05:44 ds4-server: chat ctx=0..239:239 prefill chunk 127/239 (53.1%) chunk=18.36 t/s avg=18.66 t/s 6.806s
0824 03:05:45 ds4-server: chat ctx=0..239:239 prefill chunk 128/239 (53.6%) chunk=17.56 t/s avg=18.65 t/s 6.863s
0824 03:05:45 ds4-server: chat ctx=0..239:239 prefill chunk 129/239 (54.0%) chunk=17.90 t/s avg=18.64 t/s 6.919s
0824 03:05:45 ds4-server: chat ctx=0..239:239 prefill chunk 130/239 (54.4%) chunk=18.81 t/s avg=18.65 t/s 6.972s
0824 03:05:45 ds4-server: chat ctx=0..239:239 prefill chunk 131/239 (54.8%) chunk=17.97 t/s avg=18.64 t/s 7.028s
0824 03:05:45 ds4-server: chat ctx=0..239:239 prefill chunk 132/239 (55.2%) chunk=18.04 t/s avg=18.64 t/s 7.083s
0824 03:05:45 ds4-server: chat ctx=0..239:239 prefill chunk 133/239 (55.6%) chunk=18.21 t/s avg=18.63 t/s 7.138s
0824 03:05:45 ds4-server: chat ctx=0..239:239 prefill chunk 134/239 (56.1%) chunk=17.78 t/s avg=18.63 t/s 7.194s
0824 03:05:45 ds4-server: chat ctx=0..239:239 prefill chunk 135/239 (56.5%) chunk=18.55 t/s avg=18.62 t/s 7.248s
0824 03:05:45 ds4-server: chat ctx=0..239:239 prefill chunk 136/239 (56.9%) chunk=17.77 t/s avg=18.62 t/s 7.305s
0824 03:05:45 ds4-server: chat ctx=0..239:239 prefill chunk 137/239 (57.3%) chunk=17.40 t/s avg=18.61 t/s 7.362s
0824 03:05:45 ds4-server: chat ctx=0..239:239 prefill chunk 138/239 (57.7%) chunk=18.29 t/s avg=18.61 t/s 7.417s
0824 03:05:45 ds4-server: chat ctx=0..239:239 prefill chunk 139/239 (58.2%) chunk=17.62 t/s avg=18.60 t/s 7.474s
0824 03:05:45 ds4-server: chat ctx=0..239:239 prefill chunk 140/239 (58.6%) chunk=17.58 t/s avg=18.59 t/s 7.530s
0824 03:05:45 ds4-server: chat ctx=0..239:239 prefill chunk 141/239 (59.0%) chunk=17.70 t/s avg=18.58 t/s 7.587s
0824 03:05:45 ds4-server: chat ctx=0..239:239 prefill chunk 142/239 (59.4%) chunk=18.56 t/s avg=18.58 t/s 7.641s
0824 03:05:45 ds4-server: chat ctx=0..239:239 prefill chunk 143/239 (59.8%) chunk=17.35 t/s avg=18.58 t/s 7.698s
0824 03:05:45 ds4-server: chat ctx=0..239:239 prefill chunk 144/239 (60.3%) chunk=18.08 t/s avg=18.57 t/s 7.754s
0824 03:05:45 ds4-server: chat ctx=0..239:239 prefill chunk 145/239 (60.7%) chunk=18.74 t/s avg=18.57 t/s 7.807s
0824 03:05:46 ds4-server: chat ctx=0..239:239 prefill chunk 146/239 (61.1%) chunk=17.76 t/s avg=18.57 t/s 7.863s
0824 03:05:46 ds4-server: chat ctx=0..239:239 prefill chunk 147/239 (61.5%) chunk=18.44 t/s avg=18.57 t/s 7.918s
0824 03:05:46 ds4-server: chat ctx=0..239:239 prefill chunk 148/239 (61.9%) chunk=17.97 t/s avg=18.56 t/s 7.973s
0824 03:05:46 ds4-server: chat ctx=0..239:239 prefill chunk 149/239 (62.3%) chunk=18.35 t/s avg=18.56 t/s 8.028s
0824 03:05:46 ds4-server: chat ctx=0..239:239 prefill chunk 150/239 (62.8%) chunk=18.98 t/s avg=18.56 t/s 8.080s
0824 03:05:46 ds4-server: chat ctx=0..239:239 prefill chunk 151/239 (63.2%) chunk=17.84 t/s avg=18.56 t/s 8.137s
0824 03:05:46 ds4-server: chat ctx=0..239:239 prefill chunk 152/239 (63.6%) chunk=18.73 t/s avg=18.56 t/s 8.190s
0824 03:05:46 ds4-server: chat ctx=0..239:239 prefill chunk 153/239 (64.0%) chunk=19.27 t/s avg=18.56 t/s 8.242s
0824 03:05:46 ds4-server: chat ctx=0..239:239 prefill chunk 154/239 (64.4%) chunk=18.03 t/s avg=18.56 t/s 8.297s
0824 03:05:46 ds4-server: chat ctx=0..239:239 prefill chunk 155/239 (64.9%) chunk=17.83 t/s avg=18.56 t/s 8.353s
0824 03:05:46 ds4-server: chat ctx=0..239:239 prefill chunk 156/239 (65.3%) chunk=18.05 t/s avg=18.55 t/s 8.409s
0824 03:05:46 ds4-server: chat ctx=0..239:239 prefill chunk 157/239 (65.7%) chunk=17.92 t/s avg=18.55 t/s 8.465s
0824 03:05:46 ds4-server: chat ctx=0..239:239 prefill chunk 158/239 (66.1%) chunk=17.81 t/s avg=18.54 t/s 8.521s
0824 03:05:46 ds4-server: chat ctx=0..239:239 prefill chunk 159/239 (66.5%) chunk=18.74 t/s avg=18.54 t/s 8.574s
0824 03:05:46 ds4-server: chat ctx=0..239:239 prefill chunk 160/239 (66.9%) chunk=17.74 t/s avg=18.54 t/s 8.630s
ds4: qwen35moe experts/token avg over 128 tokens: 0:14.3 1:14.9 2:14.0 3:15.4 4:14.3 5:14.8 6:14.5 7:16.2 8:16.0 9:15.5 10:13.3 11:13.6 12:15.3 13:14.7 14:14.9 15:15.7 16:14.6 17:14.8 18:14.9 19:15.1 20:15.1 21:15.4 22:15.1 23:15.0 24:15.2 25:15.4 26:15.4 27:16.2 28:15.9 29:15.8 30:16.3 31:17.5 32:17.0 33:16.7 34:16.6 35:18.7 36:19.0 37:19.2 38:19.5 39:18.8 | mean 15.8
0824 03:05:46 ds4-server: chat ctx=0..239:239 prefill chunk 161/239 (67.4%) chunk=18.13 t/s avg=18.54 t/s 8.686s
0824 03:05:46 ds4-server: chat ctx=0..239:239 prefill chunk 162/239 (67.8%) chunk=18.09 t/s avg=18.53 t/s 8.741s
0824 03:05:46 ds4-server: chat ctx=0..239:239 prefill chunk 163/239 (68.2%) chunk=17.78 t/s avg=18.53 t/s 8.797s
0824 03:05:47 ds4-server: chat ctx=0..239:239 prefill chunk 164/239 (68.6%) chunk=17.78 t/s avg=18.52 t/s 8.853s
0824 03:05:47 ds4-server: chat ctx=0..239:239 prefill chunk 165/239 (69.0%) chunk=18.00 t/s avg=18.52 t/s 8.909s
0824 03:05:47 ds4-server: chat ctx=0..239:239 prefill chunk 166/239 (69.5%) chunk=17.84 t/s avg=18.52 t/s 8.965s
0824 03:05:47 ds4-server: chat ctx=0..239:239 prefill chunk 167/239 (69.9%) chunk=17.94 t/s avg=18.51 t/s 9.021s
0824 03:05:47 ds4-server: chat ctx=0..239:239 prefill chunk 168/239 (70.3%) chunk=18.05 t/s avg=18.51 t/s 9.076s
0824 03:05:47 ds4-server: chat ctx=0..239:239 prefill chunk 169/239 (70.7%) chunk=18.19 t/s avg=18.51 t/s 9.131s
0824 03:05:47 ds4-server: chat ctx=0..239:239 prefill chunk 170/239 (71.1%) chunk=17.30 t/s avg=18.50 t/s 9.189s
0824 03:05:47 ds4-server: chat ctx=0..239:239 prefill chunk 171/239 (71.5%) chunk=18.23 t/s avg=18.50 t/s 9.244s
0824 03:05:47 ds4-server: chat ctx=0..239:239 prefill chunk 172/239 (72.0%) chunk=17.47 t/s avg=18.49 t/s 9.301s
0824 03:05:47 ds4-server: chat ctx=0..239:239 prefill chunk 173/239 (72.4%) chunk=17.30 t/s avg=18.49 t/s 9.359s
0824 03:05:47 ds4-server: chat ctx=0..239:239 prefill chunk 174/239 (72.8%) chunk=18.07 t/s avg=18.48 t/s 9.414s
0824 03:05:47 ds4-server: chat ctx=0..239:239 prefill chunk 175/239 (73.2%) chunk=17.75 t/s avg=18.48 t/s 9.470s
0824 03:05:47 ds4-server: chat ctx=0..239:239 prefill chunk 176/239 (73.6%) chunk=17.73 t/s avg=18.47 t/s 9.527s
0824 03:05:47 ds4-server: chat ctx=0..239:239 prefill chunk 177/239 (74.1%) chunk=17.59 t/s avg=18.47 t/s 9.584s
0824 03:05:47 ds4-server: chat ctx=0..239:239 prefill chunk 178/239 (74.5%) chunk=17.64 t/s avg=18.46 t/s 9.640s
0824 03:05:47 ds4-server: chat ctx=0..239:239 prefill chunk 179/239 (74.9%) chunk=18.34 t/s avg=18.46 t/s 9.695s
0824 03:05:47 ds4-server: chat ctx=0..239:239 prefill chunk 180/239 (75.3%) chunk=17.91 t/s avg=18.46 t/s 9.751s
0824 03:05:47 ds4-server: chat ctx=0..239:239 prefill chunk 181/239 (75.7%) chunk=18.20 t/s avg=18.46 t/s 9.806s
0824 03:05:48 ds4-server: chat ctx=0..239:239 prefill chunk 182/239 (76.2%) chunk=18.37 t/s avg=18.46 t/s 9.860s
0824 03:05:48 ds4-server: chat ctx=0..239:239 prefill chunk 183/239 (76.6%) chunk=17.37 t/s avg=18.45 t/s 9.918s
0824 03:05:48 ds4-server: chat ctx=0..239:239 prefill chunk 184/239 (77.0%) chunk=18.14 t/s avg=18.45 t/s 9.973s
0824 03:05:48 ds4-server: chat ctx=0..239:239 prefill chunk 185/239 (77.4%) chunk=17.47 t/s avg=18.44 t/s 10.030s
0824 03:05:48 ds4-server: chat ctx=0..239:239 prefill chunk 186/239 (77.8%) chunk=17.50 t/s avg=18.44 t/s 10.087s
0824 03:05:48 ds4-server: chat ctx=0..239:239 prefill chunk 187/239 (78.2%) chunk=18.08 t/s avg=18.44 t/s 10.143s
0824 03:05:48 ds4-server: chat ctx=0..239:239 prefill chunk 188/239 (78.7%) chunk=17.49 t/s avg=18.43 t/s 10.200s
0824 03:05:48 ds4-server: chat ctx=0..239:239 prefill chunk 189/239 (79.1%) chunk=17.68 t/s avg=18.43 t/s 10.256s
0824 03:05:48 ds4-server: chat ctx=0..239:239 prefill chunk 190/239 (79.5%) chunk=18.39 t/s avg=18.43 t/s 10.311s
0824 03:05:48 ds4-server: chat ctx=0..239:239 prefill chunk 191/239 (79.9%) chunk=17.92 t/s avg=18.42 t/s 10.366s
0824 03:05:48 ds4-server: chat ctx=0..239:239 prefill chunk 192/239 (80.3%) chunk=17.88 t/s avg=18.42 t/s 10.422s
0824 03:05:48 ds4-server: chat ctx=0..239:239 prefill chunk 193/239 (80.8%) chunk=18.49 t/s avg=18.42 t/s 10.476s
0824 03:05:48 ds4-server: chat ctx=0..239:239 prefill chunk 194/239 (81.2%) chunk=17.08 t/s avg=18.41 t/s 10.535s
0824 03:05:48 ds4-server: chat ctx=0..239:239 prefill chunk 195/239 (81.6%) chunk=17.45 t/s avg=18.41 t/s 10.592s
0824 03:05:48 ds4-server: chat ctx=0..239:239 prefill chunk 196/239 (82.0%) chunk=18.34 t/s avg=18.41 t/s 10.647s
0824 03:05:48 ds4-server: chat ctx=0..239:239 prefill chunk 197/239 (82.4%) chunk=17.68 t/s avg=18.41 t/s 10.703s
0824 03:05:48 ds4-server: chat ctx=0..239:239 prefill chunk 198/239 (82.8%) chunk=17.86 t/s avg=18.40 t/s 10.759s
0824 03:05:49 ds4-server: chat ctx=0..239:239 prefill chunk 199/239 (83.3%) chunk=18.39 t/s avg=18.40 t/s 10.814s
0824 03:05:49 ds4-server: chat ctx=0..239:239 prefill chunk 200/239 (83.7%) chunk=17.31 t/s avg=18.40 t/s 10.872s
0824 03:05:49 ds4-server: chat ctx=0..239:239 prefill chunk 201/239 (84.1%) chunk=17.29 t/s avg=18.39 t/s 10.929s
0824 03:05:49 ds4-server: chat ctx=0..239:239 prefill chunk 202/239 (84.5%) chunk=17.49 t/s avg=18.39 t/s 10.987s
0824 03:05:49 ds4-server: chat ctx=0..239:239 prefill chunk 203/239 (84.9%) chunk=17.95 t/s avg=18.38 t/s 11.042s
0824 03:05:49 ds4-server: chat ctx=0..239:239 prefill chunk 204/239 (85.4%) chunk=17.51 t/s avg=18.38 t/s 11.099s
0824 03:05:49 ds4-server: chat ctx=0..239:239 prefill chunk 205/239 (85.8%) chunk=17.21 t/s avg=18.37 t/s 11.157s
0824 03:05:49 ds4-server: chat ctx=0..239:239 prefill chunk 206/239 (86.2%) chunk=18.30 t/s avg=18.37 t/s 11.212s
0824 03:05:49 ds4-server: chat ctx=0..239:239 prefill chunk 207/239 (86.6%) chunk=18.25 t/s avg=18.37 t/s 11.267s
0824 03:05:49 ds4-server: chat ctx=0..239:239 prefill chunk 208/239 (87.0%) chunk=17.16 t/s avg=18.37 t/s 11.325s
0824 03:05:49 ds4-server: chat ctx=0..239:239 prefill chunk 209/239 (87.4%) chunk=18.14 t/s avg=18.36 t/s 11.380s
0824 03:05:49 ds4-server: chat ctx=0..239:239 prefill chunk 210/239 (87.9%) chunk=17.66 t/s avg=18.36 t/s 11.437s
0824 03:05:49 ds4-server: chat ctx=0..239:239 prefill chunk 211/239 (88.3%) chunk=18.24 t/s avg=18.36 t/s 11.492s
0824 03:05:49 ds4-server: chat ctx=0..239:239 prefill chunk 212/239 (88.7%) chunk=17.54 t/s avg=18.36 t/s 11.549s
0824 03:05:49 ds4-server: chat ctx=0..239:239 prefill chunk 213/239 (89.1%) chunk=17.24 t/s avg=18.35 t/s 11.607s
0824 03:05:49 ds4-server: chat ctx=0..239:239 prefill chunk 214/239 (89.5%) chunk=17.73 t/s avg=18.35 t/s 11.663s
0824 03:05:49 ds4-server: chat ctx=0..239:239 prefill chunk 215/239 (90.0%) chunk=17.19 t/s avg=18.34 t/s 11.721s
0824 03:05:49 ds4-server: chat ctx=0..239:239 prefill chunk 216/239 (90.4%) chunk=17.58 t/s avg=18.34 t/s 11.778s
0824 03:05:50 ds4-server: chat ctx=0..239:239 prefill chunk 217/239 (90.8%) chunk=17.11 t/s avg=18.33 t/s 11.837s
0824 03:05:50 ds4-server: chat ctx=0..239:239 prefill chunk 218/239 (91.2%) chunk=17.63 t/s avg=18.33 t/s 11.893s
0824 03:05:50 ds4-server: chat ctx=0..239:239 prefill chunk 219/239 (91.6%) chunk=17.79 t/s avg=18.33 t/s 11.950s
0824 03:05:50 ds4-server: chat ctx=0..239:239 prefill chunk 220/239 (92.1%) chunk=17.79 t/s avg=18.32 t/s 12.006s
0824 03:05:50 ds4-server: chat ctx=0..239:239 prefill chunk 221/239 (92.5%) chunk=17.60 t/s avg=18.32 t/s 12.063s
0824 03:05:50 ds4-server: chat ctx=0..239:239 prefill chunk 222/239 (92.9%) chunk=18.27 t/s avg=18.32 t/s 12.117s
0824 03:05:50 ds4-server: chat ctx=0..239:239 prefill chunk 223/239 (93.3%) chunk=17.25 t/s avg=18.32 t/s 12.175s
0824 03:05:50 ds4-server: chat ctx=0..239:239 prefill chunk 224/239 (93.7%) chunk=17.06 t/s avg=18.31 t/s 12.234s
0824 03:05:50 ds4-server: chat ctx=0..239:239 prefill chunk 225/239 (94.1%) chunk=17.33 t/s avg=18.31 t/s 12.292s
0824 03:05:50 ds4-server: chat ctx=0..239:239 prefill chunk 226/239 (94.6%) chunk=17.47 t/s avg=18.30 t/s 12.349s
0824 03:05:50 ds4-server: chat ctx=0..239:239 prefill chunk 227/239 (95.0%) chunk=17.45 t/s avg=18.30 t/s 12.406s
0824 03:05:50 ds4-server: chat ctx=0..239:239 prefill chunk 228/239 (95.4%) chunk=17.35 t/s avg=18.29 t/s 12.464s
0824 03:05:50 ds4-server: chat ctx=0..239:239 prefill chunk 229/239 (95.8%) chunk=17.15 t/s avg=18.29 t/s 12.522s
0824 03:05:50 ds4-server: chat ctx=0..239:239 prefill chunk 230/239 (96.2%) chunk=17.88 t/s avg=18.29 t/s 12.578s
0824 03:05:50 ds4-server: chat ctx=0..239:239 prefill chunk 231/239 (96.7%) chunk=17.30 t/s avg=18.28 t/s 12.636s
0824 03:05:50 ds4-server: chat ctx=0..239:239 prefill chunk 232/239 (97.1%) chunk=17.62 t/s avg=18.28 t/s 12.693s
0824 03:05:50 ds4-server: chat ctx=0..239:239 prefill chunk 233/239 (97.5%) chunk=18.97 t/s avg=18.28 t/s 12.745s
0824 03:05:50 ds4-server: chat ctx=0..239:239 prefill chunk 234/239 (97.9%) chunk=17.57 t/s avg=18.28 t/s 12.802s
0824 03:05:51 ds4-server: chat ctx=0..239:239 prefill chunk 235/239 (98.3%) chunk=17.76 t/s avg=18.28 t/s 12.859s
0824 03:05:51 ds4-server: chat ctx=0..239:239 prefill chunk 236/239 (98.7%) chunk=19.44 t/s avg=18.28 t/s 12.910s
0824 03:05:51 ds4-server: chat ctx=0..239:239 prefill chunk 237/239 (99.2%) chunk=17.92 t/s avg=18.28 t/s 12.966s
0824 03:05:51 ds4-server: chat ctx=0..239:239 prefill chunk 238/239 (99.6%) chunk=19.38 t/s avg=18.28 t/s 13.018s
0824 03:05:51 ds4-server: chat ctx=0..239:239 prefill chunk 239/239 (100.0%) chunk=19.46 t/s avg=18.29 t/s 13.069s
0824 03:05:51 ds4-server: chat ctx=0..239:239 prompt done 13.069s
ds4: qwen35moe experts/token avg over 128 tokens: 0:14.4 1:14.6 2:14.8 3:16.1 4:15.7 5:15.7 6:15.3 7:16.2 8:16.1 9:16.9 10:15.3 11:14.5 12:15.6 13:15.4 14:16.2 15:16.2 16:16.5 17:16.3 18:16.2 19:16.5 20:16.5 21:16.9 22:16.0 23:15.8 24:16.2 25:15.9 26:16.9 27:17.0 28:17.4 29:17.3 30:17.5 31:18.2 32:17.4 33:17.2 34:17.1 35:18.4 36:19.1 37:18.9 38:19.6 39:18.9 | mean 16.6
0824 03:05:54 ds4-server: chat ctx=239..289:50 gen=50 THINKING decoding chunk=17.95 t/s avg=17.95 t/s 2.785s
0824 03:05:56 ds4-server: chat ctx=289..339:50 gen=100 THINKING decoding chunk=17.61 t/s avg=17.78 t/s 5.625s
0824 03:05:59 ds4-server: chat ctx=339..389:50 gen=150 THINKING decoding chunk=17.59 t/s avg=17.71 t/s 8.468s
ds4: qwen35moe experts/token avg over 128 tokens: 0:15.3 1:16.7 2:14.8 3:17.1 4:15.9 5:17.2 6:16.6 7:17.2 8:16.8 9:16.4 10:15.2 11:14.6 12:15.5 13:15.7 14:16.2 15:16.5 16:16.2 17:15.7 18:16.2 19:16.4 20:15.8 21:16.5 22:15.8 23:16.3 24:16.8 25:17.0 26:16.8 27:16.9 28:17.1 29:16.8 30:17.7 31:17.8 32:16.8 33:17.9 34:16.5 35:18.7 36:18.9 37:19.2 38:19.3 39:18.9 | mean 16.7
0824 03:06:02 ds4-server: chat ctx=389..439:50 gen=200 THINKING decoding chunk=17.16 t/s avg=17.57 t/s 11.381s
0824 03:06:05 ds4-server: chat ctx=439..489:50 gen=250 THINKING decoding chunk=16.89 t/s avg=17.43 t/s 14.342s
0824 03:06:08 ds4-server: chat ctx=489..539:50 gen=300 THINKING decoding chunk=16.77 t/s avg=17.32 t/s 17.323s
ds4: qwen35moe experts/token avg over 128 tokens: 0:16.1 1:18.2 2:15.8 3:17.8 4:17.8 5:18.6 6:18.6 7:18.5 8:17.6 9:17.5 10:17.4 11:16.7 12:17.4 13:17.7 14:17.6 15:18.4 16:17.9 17:17.7 18:17.1 19:17.5 20:16.5 21:17.9 22:17.0 23:16.7 24:17.8 25:17.8 26:17.6 27:18.6 28:18.0 29:18.5 30:19.0 31:19.0 32:18.4 33:19.2 34:19.2 35:19.5 36:19.7 37:19.8 38:19.8 39:19.8 | mean 18.0
0824 03:06:11 ds4-server: chat ctx=539..589:50 gen=350 THINKING decoding chunk=16.50 t/s avg=17.20 t/s 20.354s
0824 03:06:14 ds4-server: chat ctx=589..639:50 gen=400 THINKING decoding chunk=16.43 t/s avg=17.10 t/s 23.398s
ds4: qwen35moe experts/token avg over 128 tokens: 0:16.3 1:18.1 2:16.6 3:18.2 4:18.8 5:18.9 6:18.9 7:18.9 8:18.6 9:17.8 10:17.6 11:17.4 12:17.6 13:18.5 14:18.5 15:18.2 16:18.2 17:18.4 18:18.0 19:18.2 20:18.0 21:18.8 22:17.8 23:17.9 24:18.2 25:18.4 26:18.8 27:18.8 28:19.0 29:19.2 30:19.3 31:19.7 32:19.5 33:19.6 34:19.7 35:19.6 36:20.0 37:19.9 38:20.0 39:20.0 | mean 18.6
0824 03:06:17 ds4-server: chat ctx=639..689:50 gen=450 THINKING decoding chunk=16.36 t/s avg=17.01 t/s 26.454s
0824 03:06:20 ds4-server: chat ctx=689..739:50 gen=500 THINKING decoding chunk=16.23 t/s avg=16.93 t/s 29.534s
0824 03:06:23 ds4-server: chat ctx=739..789:50 gen=550 THINKING decoding chunk=16.17 t/s avg=16.86 t/s 32.626s
ds4: qwen35moe experts/token avg over 128 tokens: 0:16.4 1:18.4 2:16.9 3:18.5 4:18.9 5:18.9 6:19.0 7:19.0 8:18.6 9:17.9 10:18.1 11:17.6 12:17.8 13:18.7 14:18.8 15:18.5 16:18.4 17:18.5 18:18.0 19:18.2 20:18.2 21:18.8 22:18.1 23:17.7 24:18.1 25:18.6 26:18.7 27:19.0 28:19.2 29:19.4 30:19.4 31:19.6 32:19.4 33:19.5 34:19.7 35:19.7 36:19.8 37:19.9 38:20.0 39:20.0 | mean 18.7
0824 03:06:26 ds4-server: chat ctx=789..839:50 gen=600 THINKING decoding chunk=16.14 t/s avg=16.80 t/s 35.725s
0824 03:06:30 ds4-server: chat ctx=839..889:50 gen=650 THINKING decoding chunk=16.02 t/s avg=16.73 t/s 38.845s
ds4: qwen35moe experts/token avg over 128 tokens: 0:16.4 1:18.5 2:17.2 3:18.6 4:19.0 5:18.8 6:19.1 7:18.9 8:18.5 9:18.0 10:18.1 11:17.4 12:18.0 13:18.6 14:18.5 15:18.6 16:18.6 17:18.7 18:18.3 19:18.7 20:18.2 21:18.9 22:17.8 23:17.9 24:18.3 25:18.1 26:18.5 27:19.2 28:18.8 29:19.0 30:19.3 31:19.8 32:19.6 33:19.3 34:19.7 35:19.6 36:19.8 37:19.8 38:20.0 39:19.9 | mean 18.7
0824 03:06:33 ds4-server: chat ctx=889..939:50 gen=700 THINKING decoding chunk=16.00 t/s avg=16.68 t/s 41.971s
0824 03:06:36 ds4-server: chat ctx=939..989:50 gen=750 THINKING decoding chunk=15.81 t/s avg=16.62 t/s 45.133s
0824 03:06:39 ds4-server: chat ctx=989..1039:50 gen=800 THINKING decoding chunk=15.75 t/s avg=16.56 t/s 48.309s
ds4: qwen35moe experts/token avg over 128 tokens: 0:16.4 1:18.4 2:17.2 3:18.9 4:19.0 5:19.0 6:19.3 7:19.1 8:19.2 9:18.5 10:18.5 11:17.8 12:18.1 13:18.6 14:18.9 15:18.9 16:18.4 17:18.9 18:18.6 19:18.3 20:18.7 21:19.2 22:18.3 23:17.9 24:18.1 25:18.9 26:19.0 27:19.4 28:19.4 29:19.5 30:19.6 31:19.6 32:19.7 33:19.8 34:19.8 35:19.8 36:19.9 37:20.0 38:20.0 39:20.0 | mean 18.9
0824 03:06:42 ds4-server: chat ctx=1039..1089:50 gen=850 THINKING decoding chunk=15.70 t/s avg=16.51 t/s 51.494s
0824 03:06:45 ds4-server: chat ctx=1089..1139:50 gen=900 THINKING decoding chunk=15.63 t/s avg=16.46 t/s 54.694s
ds4: qwen35moe experts/token avg over 128 tokens: 0:16.5 1:18.5 2:17.3 3:19.0 4:18.9 5:18.9 6:19.2 7:19.0 8:18.8 9:18.1 10:18.3 11:17.1 12:17.9 13:18.4 14:18.4 15:18.7 16:18.4 17:18.8 18:18.5 19:18.6 20:19.0 21:19.1 22:18.0 23:18.1 24:18.4 25:18.6 26:19.2 27:19.0 28:18.9 29:19.4 30:19.4 31:19.7 32:19.6 33:19.6 34:19.6 35:19.8 36:19.7 37:20.0 38:20.0 39:20.0 | mean 18.8
0824 03:06:49 ds4-server: chat ctx=1139..1189:50 gen=950 THINKING decoding chunk=15.56 t/s avg=16.41 t/s 57.908s
0824 03:06:52 ds4-server: chat ctx=1189..1239:50 gen=1000 THINKING decoding chunk=15.35 t/s avg=16.35 t/s 61.165s
0824 03:06:55 ds4-server: chat ctx=1239..1289:50 gen=1050 THINKING decoding chunk=15.41 t/s avg=16.30 t/s 64.409s
ds4: qwen35moe experts/token avg over 128 tokens: 0:16.6 1:18.4 2:17.1 3:19.1 4:19.1 5:19.0 6:19.3 7:19.0 8:19.0 9:18.1 10:18.1 11:17.2 12:17.8 13:18.7 14:18.5 15:18.6 16:18.7 17:18.9 18:18.6 19:18.9 20:18.5 21:19.3 22:18.2 23:18.1 24:18.5 25:18.6 26:18.7 27:19.0 28:19.0 29:19.4 30:19.2 31:19.8 32:19.8 33:19.6 34:19.8 35:19.7 36:19.8 37:19.9 38:20.0 39:20.0 | mean 18.8
0824 03:06:58 ds4-server: chat ctx=1289..1339:50 gen=1100 THINKING decoding chunk=15.36 t/s avg=16.26 t/s 67.664s
0824 03:07:02 ds4-server: chat ctx=1339..1389:50 gen=1150 THINKING decoding chunk=15.20 t/s avg=16.21 t/s 70.954s
0824 03:07:05 ds4-server: chat ctx=1389..1439:50 gen=1200 THINKING decoding chunk=15.37 t/s avg=16.17 t/s 74.207s
ds4: qwen35moe experts/token avg over 128 tokens: 0:16.5 1:18.5 2:17.6 3:19.0 4:18.9 5:18.7 6:19.0 7:18.9 8:18.9 9:17.8 10:18.0 11:17.2 12:17.5 13:18.6 14:18.5 15:18.7 16:18.5 17:18.5 18:18.3 19:18.6 20:18.6 21:18.9 22:18.0 23:18.0 24:18.3 25:18.1 26:18.2 27:18.8 28:18.6 29:19.1 30:19.1 31:19.4 32:19.4 33:19.2 34:19.2 35:19.4 36:19.6 37:19.7 38:19.9 39:19.7 | mean 18.6
0824 03:07:08 ds4-server: chat ctx=1439..1489:50 gen=1250 THINKING decoding chunk=15.47 t/s avg=16.14 t/s 77.439s
0824 03:07:11 ds4-server: chat ctx=1489..1539:50 gen=1300 THINKING decoding chunk=15.48 t/s avg=16.12 t/s 80.670s
ds4: qwen35moe experts/token avg over 128 tokens: 0:16.2 1:16.9 2:15.9 3:17.8 4:17.7 5:17.9 6:17.9 7:18.2 8:18.0 9:18.0 10:17.1 11:16.5 12:16.8 13:18.1 14:17.5 15:17.7 16:17.3 17:17.6 18:17.2 19:17.6 20:17.2 21:18.4 22:17.5 23:17.4 24:17.2 25:18.1 26:18.2 27:18.2 28:17.9 29:18.6 30:18.7 31:18.8 32:18.2 33:18.4 34:18.7 35:19.4 36:19.5 37:19.4 38:19.7 39:19.6 | mean 17.9
0824 03:07:15 ds4-server: chat ctx=1539..1589:50 gen=1350 THINKING decoding chunk=15.06 t/s avg=16.07 t/s 83.991s
0824 03:07:18 ds4-server: chat ctx=1589..1639:50 gen=1400 THINKING decoding chunk=14.99 t/s avg=16.03 t/s 87.327s
0824 03:07:21 ds4-server: chat ctx=1639..1689:50 gen=1450 THINKING decoding chunk=15.15 t/s avg=16.00 t/s 90.627s
ds4: qwen35moe experts/token avg over 128 tokens: 0:15.8 1:18.3 2:16.5 3:18.6 4:18.1 5:18.8 6:18.6 7:19.1 8:18.6 9:18.5 10:17.9 11:16.8 12:17.3 13:18.5 14:18.6 15:18.5 16:17.9 17:18.2 18:18.0 19:18.5 20:18.2 21:19.1 22:17.7 23:17.4 24:17.8 25:17.7 26:18.3 27:18.2 28:17.9 29:18.3 30:18.9 31:19.0 32:18.2 33:19.1 34:18.8 35:19.5 36:19.5 37:19.7 38:19.8 39:19.5 | mean 18.3
0824 03:07:25 ds4-server: chat ctx=1689..1739:50 gen=1500 THINKING decoding chunk=15.31 t/s avg=15.98 t/s 93.893s
0824 03:07:28 ds4-server: chat ctx=1739..1789:50 gen=1550 THINKING decoding chunk=15.47 t/s avg=15.96 t/s 97.125s
ds4: qwen35moe experts/token avg over 128 tokens: 0:14.3 1:15.4 2:15.1 3:16.8 4:17.0 5:16.9 6:16.6 7:17.7 8:17.9 9:18.0 10:16.2 11:15.5 12:16.1 13:16.7 14:16.9 15:16.8 16:17.1 17:16.3 18:16.8 19:17.3 20:17.5 21:17.5 22:16.0 23:16.4 24:16.6 25:16.5 26:16.7 27:17.0 28:17.1 29:17.1 30:17.1 31:18.4 32:16.9 33:16.9 34:17.4 35:18.2 36:18.4 37:18.7 38:19.3 39:18.8 | mean 17.0
0824 03:07:31 ds4-server: chat ctx=1789..1839:50 gen=1600 THINKING decoding chunk=14.91 t/s avg=15.92 t/s 100.478s
0824 03:07:35 ds4-server: chat ctx=1839..1889:50 gen=1650 THINKING decoding chunk=15.19 t/s avg=15.90 t/s 103.769s
0824 03:07:38 ds4-server: chat ctx=1889..1939:50 gen=1700 THINKING decoding chunk=15.36 t/s avg=15.88 t/s 107.024s
ds4: qwen35moe experts/token avg over 128 tokens: 0:13.7 1:16.0 2:15.1 3:16.2 4:16.3 5:15.8 6:16.1 7:17.4 8:17.3 9:18.0 10:15.7 11:15.3 12:16.0 13:16.1 14:16.7 15:16.2 16:16.8 17:16.3 18:16.2 19:17.3 20:17.6 21:17.8 22:15.6 23:15.6 24:16.1 25:16.3 26:17.0 27:16.6 28:16.6 29:16.8 30:16.5 31:17.6 32:16.7 33:16.0 34:16.4 35:17.7 36:17.6 37:18.6 38:19.0 39:17.9 | mean 16.6
0824 03:07:41 ds4-server: chat ctx=1939..1989:50 gen=1750 THINKING decoding chunk=15.21 t/s avg=15.86 t/s 110.312s
0824 03:07:44 ds4-server: chat ctx=1989..2039:50 gen=1800 THINKING decoding chunk=15.07 t/s avg=15.84 t/s 113.631s
ds4: qwen35moe experts/token avg over 128 tokens: 0:14.0 1:15.4 2:15.2 3:16.7 4:16.8 5:16.9 6:16.1 7:17.8 8:17.4 9:17.8 10:15.7 11:15.1 12:16.3 13:17.0 14:17.0 15:16.4 16:16.5 17:16.6 18:15.7 19:16.7 20:17.0 21:17.2 22:16.1 23:15.4 24:16.1 25:16.4 26:16.6 27:16.5 28:16.1 29:16.1 30:15.4 31:17.2 32:16.6 33:15.8 34:16.2 35:18.1 36:17.9 37:18.4 38:19.1 39:17.8 | mean 16.6
0824 03:07:48 ds4-server: chat ctx=2039..2089:50 gen=1850 THINKING decoding chunk=15.01 t/s avg=15.82 t/s 116.962s
0824 03:07:51 ds4-server: chat ctx=2089..2139:50 gen=1900 THINKING decoding chunk=15.30 t/s avg=15.80 t/s 120.230s
0824 03:07:54 ds4-server: chat ctx=2139..2189:50 gen=1950 THINKING decoding chunk=14.53 t/s avg=15.77 t/s 123.672s
ds4: qwen35moe experts/token avg over 128 tokens: 0:15.0 1:16.6 2:15.3 3:16.2 4:16.3 5:16.6 6:15.6 7:17.1 8:16.9 9:16.5 10:15.1 11:14.6 12:16.5 13:15.7 14:16.6 15:16.9 16:15.8 17:16.0 18:16.0 19:16.6 20:16.2 21:16.9 22:15.9 23:15.8 24:16.3 25:16.1 26:16.9 27:16.8 28:16.1 29:16.9 30:16.5 31:17.2 32:16.4 33:16.0 34:16.0 35:17.6 36:17.2 37:17.9 38:18.8 39:17.8 | mean 16.4
0824 03:07:58 ds4-server: chat ctx=2189..2239:50 gen=2000 THINKING decoding chunk=14.77 t/s avg=15.74 t/s 127.056s
0824 03:08:01 ds4-server: chat ctx=2239..2289:50 gen=2050 THINKING decoding chunk=14.49 t/s avg=15.71 t/s 130.506s
ds4: qwen35moe experts/token avg over 128 tokens: 0:15.6 1:17.8 2:15.7 3:17.1 4:16.5 5:17.5 6:16.4 7:18.5 8:17.7 9:16.8 10:15.9 11:15.6 12:16.8 13:16.6 14:17.4 15:17.8 16:16.5 17:16.6 18:16.0 19:16.4 20:14.8 21:16.8 22:16.1 23:15.9 24:15.8 25:16.6 26:17.6 27:17.4 28:16.5 29:17.0 30:17.6 31:17.5 32:16.4 33:17.6 34:16.7 35:18.5 36:18.8 37:18.6 38:19.4 39:18.9 | mean 17.0
0824 03:08:05 ds4-server: chat ctx=2289..2339:50 gen=2100 THINKING decoding chunk=14.67 t/s avg=15.68 t/s 133.915s
0824 03:08:08 ds4-server: chat ctx=2339..2389:50 gen=2150 THINKING decoding chunk=14.19 t/s avg=15.64 t/s 137.438s
0824 03:08:12 ds4-server: chat ctx=2389..2439:50 gen=2200 THINKING decoding chunk=14.25 t/s avg=15.61 t/s 140.945s
ds4: qwen35moe experts/token avg over 128 tokens: 0:16.0 1:17.8 2:16.5 3:18.4 4:17.7 5:18.1 6:17.9 7:18.6 8:18.0 9:17.9 10:17.6 11:16.5 12:17.1 13:18.2 14:17.9 15:17.9 16:17.8 17:18.1 18:17.4 19:18.1 20:17.5 21:18.6 22:16.7 23:17.3 24:17.2 25:17.1 26:18.0 27:17.5 28:17.9 29:18.3 30:18.4 31:18.5 32:17.4 33:18.5 34:18.5 35:19.1 36:19.3 37:19.5 38:19.6 39:19.4 | mean 17.9
0824 03:08:15 ds4-server: chat ctx=2439..2489:50 gen=2250 THINKING decoding chunk=14.25 t/s avg=15.58 t/s 144.454s
0824 03:08:19 ds4-server: chat ctx=2489..2539:50 gen=2300 THINKING decoding chunk=14.16 t/s avg=15.54 t/s 147.986s
0824 03:08:22 ds4-server: chat ctx=2539..2589:50 gen=2350 THINKING decoding chunk=14.23 t/s avg=15.51 t/s 151.499s
ds4: qwen35moe experts/token avg over 128 tokens: 0:15.6 1:17.3 2:15.7 3:17.3 4:17.5 5:18.0 6:17.3 7:18.3 8:17.9 9:17.7 10:16.7 11:16.1 12:16.9 13:17.0 14:17.5 15:17.9 16:16.8 17:16.8 18:16.4 19:17.0 20:16.3 21:17.8 22:16.5 23:15.8 24:16.4 25:17.3 26:17.7 27:17.8 28:17.2 29:16.9 30:17.7 31:18.3 32:17.0 33:17.9 34:17.5 35:18.7 36:18.8 37:18.8 38:19.2 39:18.5 | mean 17.3
0824 03:08:26 ds4-server: chat ctx=2589..2639:50 gen=2400 THINKING decoding chunk=14.12 t/s avg=15.48 t/s 155.039s
0824 03:08:29 ds4-server: chat ctx=2639..2689:50 gen=2450 THINKING decoding chunk=13.89 t/s avg=15.44 t/s 158.639s
ds4: qwen35moe experts/token avg over 128 tokens: 0:15.8 1:17.7 2:16.2 3:17.9 4:18.3 5:18.6 6:17.9 7:18.8 8:18.1 9:18.5 10:17.7 11:16.5 12:17.1 13:17.5 14:18.3 15:17.7 16:17.2 17:17.0 18:16.3 19:18.0 20:16.8 21:18.5 22:16.9 23:16.4 24:16.8 25:17.0 26:18.1 27:17.5 28:17.0 29:17.4 30:17.3 31:18.9 32:18.0 33:17.8 34:17.8 35:19.1 36:19.5 37:19.4 38:19.7 39:19.1 | mean 17.7
0824 03:08:33 ds4-server: chat ctx=2689..2739:50 gen=2500 THINKING decoding chunk=13.84 t/s avg=15.41 t/s 162.251s
0824 03:08:37 ds4-server: chat ctx=2739..2789:50 gen=2550 THINKING decoding chunk=13.84 t/s avg=15.37 t/s 165.863s
0824 03:08:40 ds4-server: chat ctx=2789..2839:50 gen=2600 THINKING decoding chunk=14.08 t/s avg=15.35 t/s 169.415s
ds4: qwen35moe experts/token avg over 128 tokens: 0:14.8 1:16.5 2:15.5 3:17.3 4:17.3 5:17.3 6:17.1 7:18.6 8:17.9 9:18.2 10:17.2 11:16.2 12:17.2 13:17.7 14:17.9 15:17.6 16:17.3 17:16.4 18:16.6 19:17.1 20:17.5 21:18.2 22:17.1 23:16.1 24:16.7 25:16.7 26:17.3 27:17.0 28:16.8 29:16.4 30:16.8 31:17.7 32:17.1 33:16.9 34:16.1 35:18.5 36:17.7 37:18.6 38:19.3 39:18.3 | mean 17.2
0824 03:08:44 ds4-server: chat ctx=2839..2889:50 gen=2650 THINKING decoding chunk=14.11 t/s avg=15.32 t/s 172.958s
0824 03:08:47 ds4-server: chat ctx=2889..2939:50 gen=2700 THINKING decoding chunk=14.08 t/s avg=15.30 t/s 176.509s
ds4: qwen35moe experts/token avg over 128 tokens: 0:13.7 1:15.5 2:15.0 3:16.3 4:15.9 5:16.2 6:16.0 7:17.5 8:17.2 9:17.5 10:15.5 11:15.2 12:16.4 13:16.0 14:16.4 15:16.3 16:15.9 17:15.8 18:15.2 19:16.4 20:17.2 21:16.9 22:15.5 23:15.5 24:15.9 25:16.5 26:16.1 27:16.4 28:16.2 29:16.5 30:15.5 31:17.0 32:16.0 33:15.3 34:15.8 35:16.7 36:16.9 37:17.6 38:18.5 39:17.0 | mean 16.2
0824 03:08:51 ds4-server: chat ctx=2939..2989:50 gen=2750 THINKING decoding chunk=13.94 t/s avg=15.27 t/s 180.095s
0824 03:08:54 ds4-server: chat ctx=2989..3039:50 gen=2800 THINKING decoding chunk=13.87 t/s avg=15.24 t/s 183.701s
0824 03:08:58 ds4-server: chat ctx=3039..3089:50 gen=2850 THINKING decoding chunk=13.61 t/s avg=15.21 t/s 187.375s
ds4: qwen35moe experts/token avg over 128 tokens: 0:14.4 1:15.4 2:15.6 3:17.1 4:17.7 5:17.1 6:17.0 7:18.3 8:18.3 9:18.0 10:16.6 11:15.7 12:16.7 13:17.0 14:17.7 15:17.3 16:17.3 17:16.7 18:16.6 19:17.3 20:18.1 21:18.2 22:16.0 23:15.8 24:16.4 25:16.0 26:16.9 27:17.0 28:16.9 29:17.1 30:17.3 31:17.9 32:17.7 33:17.4 34:17.5 35:18.1 36:18.4 37:18.6 38:19.6 39:18.4 | mean 17.2
0824 03:09:02 ds4-server: chat ctx=3089..3139:50 gen=2900 THINKING decoding chunk=13.40 t/s avg=15.17 t/s 191.107s
0824 03:09:06 ds4-server: chat ctx=3139..3189:50 gen=2950 THINKING decoding chunk=13.65 t/s avg=15.15 t/s 194.770s
ds4: qwen35moe experts/token avg over 128 tokens: 0:14.7 1:16.4 2:15.9 3:16.7 4:17.1 5:17.9 6:17.3 7:18.6 8:18.0 9:17.9 10:17.0 11:16.3 12:16.9 13:17.3 14:17.8 15:17.5 16:17.4 17:17.1 18:17.1 19:17.8 20:17.8 21:18.0 22:16.5 23:16.8 24:17.1 25:17.8 26:17.2 27:17.3 28:17.2 29:16.8 30:17.6 31:18.2 32:17.9 33:17.4 34:17.1 35:18.5 36:18.8 37:18.8 38:19.5 39:18.2 | mean 17.4
0824 03:09:09 ds4-server: chat ctx=3189..3239:50 gen=3000 THINKING decoding chunk=13.35 t/s avg=15.11 t/s 198.515s
0824 03:09:13 ds4-server: chat ctx=3239..3289:50 gen=3050 THINKING decoding chunk=13.18 t/s avg=15.08 t/s 202.307s
0824 03:09:17 ds4-server: chat ctx=3289..3339:50 gen=3100 THINKING decoding chunk=13.20 t/s avg=15.04 t/s 206.094s
ds4: qwen35moe experts/token avg over 128 tokens: 0:15.9 1:18.0 2:16.5 3:17.8 4:18.3 5:18.7 6:18.2 7:19.3 8:18.6 9:18.6 10:17.9 11:16.8 12:17.6 13:18.2 14:18.6 15:18.6 16:18.2 17:18.0 18:17.8 19:18.2 20:17.9 21:18.8 22:18.0 23:17.3 24:18.0 25:17.7 26:18.9 27:18.6 28:17.9 29:17.9 30:18.4 31:19.2 32:18.3 33:18.5 34:18.6 35:19.2 36:19.1 37:19.5 38:19.6 39:19.4 | mean 18.3
0824 03:09:21 ds4-server: chat ctx=3339..3389:50 gen=3150 THINKING decoding chunk=13.09 t/s avg=15.01 t/s 209.913s
0824 03:09:24 ds4-server: chat ctx=3389..3439:50 gen=3200 THINKING decoding chunk=13.15 t/s avg=14.97 t/s 213.714s
ds4: qwen35moe experts/token avg over 128 tokens: 0:15.8 1:17.6 2:16.5 3:18.1 4:18.3 5:18.7 6:18.4 7:19.1 8:19.1 9:18.5 10:17.8 11:16.7 12:17.7 13:18.3 14:18.8 15:18.5 16:17.8 17:17.9 18:17.4 19:18.3 20:18.1 21:18.8 22:17.8 23:16.8 24:17.5 25:17.0 26:18.2 27:17.9 28:17.4 29:17.5 30:17.8 31:18.7 32:18.1 33:18.0 34:17.3 35:18.9 36:19.2 37:19.4 38:19.7 39:19.1 | mean 18.1
0824 03:09:28 ds4-server: chat ctx=3439..3489:50 gen=3250 THINKING decoding chunk=13.03 t/s avg=14.94 t/s 217.553s
0824 03:09:32 ds4-server: chat ctx=3489..3539:50 gen=3300 THINKING decoding chunk=13.10 t/s avg=14.91 t/s 221.371s
0824 03:09:36 ds4-server: chat ctx=3539..3589:50 gen=3350 THINKING decoding chunk=13.23 t/s avg=14.88 t/s 225.151s
ds4: qwen35moe experts/token avg over 128 tokens: 0:13.8 1:15.9 2:15.2 3:16.8 4:16.8 5:17.3 6:17.0 7:18.4 8:18.0 9:18.3 10:16.7 11:15.5 12:17.4 13:17.6 14:18.0 15:17.7 16:17.2 17:16.8 18:16.7 19:17.9 20:18.0 21:18.5 22:16.4 23:16.2 24:17.2 25:16.9 26:17.6 27:17.2 28:17.1 29:17.1 30:17.0 31:18.1 32:16.8 33:16.2 34:16.4 35:18.1 36:17.8 37:18.9 38:19.5 39:18.0 | mean 17.2
0824 03:09:40 ds4-server: chat ctx=3589..3639:50 gen=3400 THINKING decoding chunk=13.22 t/s avg=14.85 t/s 228.932s
0824 03:09:43 ds4-server: chat ctx=3639..3689:50 gen=3450 THINKING decoding chunk=13.23 t/s avg=14.83 t/s 232.712s
0824 03:09:47 ds4-server: chat ctx=3689..3739:50 gen=3500 THINKING decoding chunk=12.94 t/s avg=14.79 t/s 236.576s
ds4: qwen35moe experts/token avg over 128 tokens: 0:14.6 1:16.3 2:15.4 3:17.3 4:16.8 5:16.8 6:16.3 7:18.3 8:17.5 9:17.4 10:16.0 11:15.5 12:16.8 13:16.8 14:16.5 15:16.6 16:16.9 17:16.6 18:16.4 19:16.9 20:17.3 21:17.6 22:16.2 23:15.8 24:16.3 25:16.6 26:15.9 27:16.4 28:16.6 29:16.5 30:16.2 31:17.4 32:16.7 33:16.1 34:16.2 35:18.0 36:17.3 37:18.3 38:19.0 39:17.4 | mean 16.7
0824 03:09:51 ds4-server: chat ctx=3739..3789:50 gen=3550 THINKING decoding chunk=12.58 t/s avg=14.76 t/s 240.552s
0824 03:09:55 ds4-server: chat ctx=3789..3839:50 gen=3600 THINKING decoding chunk=12.53 t/s avg=14.72 t/s 244.542s
ds4: qwen35moe experts/token avg over 128 tokens: 0:15.7 1:17.7 2:16.1 3:18.1 4:18.4 5:18.4 6:18.5 7:18.7 8:18.4 9:18.3 10:17.9 11:17.3 12:17.5 13:18.7 14:18.9 15:18.5 16:18.1 17:18.8 18:18.0 19:18.6 20:18.7 21:18.8 22:17.8 23:17.5 24:17.8 25:18.0 26:18.0 27:18.6 28:18.0 29:18.5 30:18.1 31:18.8 32:18.5 33:18.4 34:18.3 35:19.0 36:19.1 37:19.2 38:19.7 39:19.1 | mean 18.3
0824 03:09:59 ds4-server: chat ctx=3839..3889:50 gen=3650 decoding chunk=12.98 t/s avg=14.69 t/s 248.395s
0824 03:10:03 ds4-server: chat ctx=3889..3939:50 gen=3700 decoding chunk=12.66 t/s avg=14.66 t/s 252.344s
0824 03:10:07 ds4-server: chat ctx=3939..3989:50 gen=3750 decoding chunk=12.62 t/s avg=14.63 t/s 256.305s
ds4: qwen35moe experts/token avg over 128 tokens: 0:14.7 1:16.7 2:16.0 3:17.5 4:16.9 5:17.8 6:16.9 7:18.1 8:17.8 9:17.6 10:16.4 11:16.9 12:17.6 13:17.9 14:18.1 15:18.3 16:17.9 17:17.7 18:17.9 19:18.0 20:17.9 21:17.8 22:17.2 23:17.1 24:18.0 25:17.8 26:17.7 27:18.0 28:17.8 29:17.8 30:18.2 31:18.2 32:17.7 33:18.1 34:18.0 35:18.6 36:19.4 37:19.4 38:19.6 39:18.9 | mean 17.7
0824 03:10:11 ds4-server: chat ctx=3989..4039:50 gen=3800 decoding chunk=12.48 t/s avg=14.60 t/s 260.312s
0824 03:10:15 ds4-server: chat ctx=4039..4089:50 gen=3850 decoding chunk=12.67 t/s avg=14.57 t/s 264.260s
ds4: qwen35moe experts/token avg over 128 tokens: 0:16.1 1:17.5 2:17.1 3:18.6 4:17.1 5:18.0 6:17.4 7:17.6 8:19.1 9:18.4 10:16.0 11:17.3 12:16.5 13:16.7 14:17.6 15:17.5 16:17.9 17:17.9 18:18.0 19:17.9 20:19.1 21:18.5 22:17.2 23:17.3 24:18.2 25:17.6 26:17.5 27:17.7 28:17.0 29:17.8 30:17.9 31:18.1 32:18.0 33:17.4 34:17.6 35:18.1 36:19.2 37:19.4 38:19.7 39:19.9 | mean 17.8
0824 03:10:19 ds4-server: chat ctx=4089..4139:50 gen=3900 decoding chunk=12.31 t/s avg=14.53 t/s 268.320s
0824 03:10:23 ds4-server: chat ctx=4139..4189:50 gen=3950 decoding chunk=12.23 t/s avg=14.50 t/s 272.410s
0824 03:10:27 ds4-server: chat ctx=4189..4239:50 gen=4000 decoding chunk=12.11 t/s avg=14.46 t/s 276.539s
ds4: qwen35moe experts/token avg over 128 tokens: 0:16.5 1:18.8 2:18.6 3:18.6 4:17.9 5:18.8 6:19.2 7:19.5 8:19.6 9:19.2 10:18.6 11:18.0 12:18.2 13:18.6 14:19.2 15:19.2 16:19.5 17:19.8 18:19.7 19:19.7 20:19.6 21:19.9 22:19.0 23:18.7 24:19.3 25:19.2 26:19.5 27:19.5 28:19.2 29:19.7 30:19.8 31:19.8 32:19.9 33:19.7 34:19.9 35:19.8 36:19.9 37:19.9 38:20.0 39:20.0 | mean 19.2
0824 03:10:31 ds4-server: chat ctx=4239..4289:50 gen=4050 decoding chunk=12.04 t/s avg=14.43 t/s 280.691s
0824 03:10:35 ds4-server: chat ctx=4289..4335:46 gen=4096 decoding chunk=12.03 t/s avg=14.40 t/s 284.516s
0824 03:10:35 ds4-server: chat ctx=0..239:239 gen=4096 finish=length 297.585s
0824 03:10:35 ds4-server: live kv cache miss live=4335 prompt=184 common=51 reason=token-mismatch
0824 03:10:35 ds4-server: chat ctx=0..184:184 prompt start
0824 03:10:35 ds4-server: chat ctx=0..184:184 prefill chunk 1/184 (0.5%) chunk=0.00 t/s avg=19.54 t/s 0.051s
0824 03:10:35 ds4-server: chat ctx=0..184:184 prefill chunk 2/184 (1.1%) chunk=19.10 t/s avg=19.32 t/s 0.104s
0824 03:10:35 ds4-server: chat ctx=0..184:184 prefill chunk 3/184 (1.6%) chunk=19.79 t/s avg=19.47 t/s 0.154s
0824 03:10:35 ds4-server: chat ctx=0..184:184 prefill chunk 4/184 (2.2%) chunk=19.01 t/s avg=19.35 t/s 0.207s
0824 03:10:36 ds4-server: chat ctx=0..184:184 prefill chunk 5/184 (2.7%) chunk=19.61 t/s avg=19.41 t/s 0.258s
0824 03:10:36 ds4-server: chat ctx=0..184:184 prefill chunk 6/184 (3.3%) chunk=19.03 t/s avg=19.34 t/s 0.310s
0824 03:10:36 ds4-server: chat ctx=0..184:184 prefill chunk 7/184 (3.8%) chunk=19.89 t/s avg=19.42 t/s 0.360s
0824 03:10:36 ds4-server: chat ctx=0..184:184 prefill chunk 8/184 (4.3%) chunk=18.88 t/s avg=19.35 t/s 0.413s
0824 03:10:36 ds4-server: chat ctx=0..184:184 prefill chunk 9/184 (4.9%) chunk=19.18 t/s avg=19.33 t/s 0.466s
0824 03:10:36 ds4-server: chat ctx=0..184:184 prefill chunk 10/184 (5.4%) chunk=19.68 t/s avg=19.37 t/s 0.516s
0824 03:10:36 ds4-server: chat ctx=0..184:184 prefill chunk 11/184 (6.0%) chunk=18.60 t/s avg=19.29 t/s 0.570s
0824 03:10:36 ds4-server: chat ctx=0..184:184 prefill chunk 12/184 (6.5%) chunk=19.05 t/s avg=19.27 t/s 0.623s
0824 03:10:36 ds4-server: chat ctx=0..184:184 prefill chunk 13/184 (7.1%) chunk=18.65 t/s avg=19.22 t/s 0.676s
0824 03:10:36 ds4-server: chat ctx=0..184:184 prefill chunk 14/184 (7.6%) chunk=18.83 t/s avg=19.19 t/s 0.729s
0824 03:10:36 ds4-server: chat ctx=0..184:184 prefill chunk 15/184 (8.2%) chunk=18.70 t/s avg=19.16 t/s 0.783s
0824 03:10:36 ds4-server: chat ctx=0..184:184 prefill chunk 16/184 (8.7%) chunk=18.27 t/s avg=19.10 t/s 0.838s
0824 03:10:36 ds4-server: chat ctx=0..184:184 prefill chunk 17/184 (9.2%) chunk=19.11 t/s avg=19.10 t/s 0.890s
0824 03:10:36 ds4-server: chat ctx=0..184:184 prefill chunk 18/184 (9.8%) chunk=18.94 t/s avg=19.09 t/s 0.943s
0824 03:10:36 ds4-server: chat ctx=0..184:184 prefill chunk 19/184 (10.3%) chunk=18.68 t/s avg=19.07 t/s 0.996s
0824 03:10:36 ds4-server: chat ctx=0..184:184 prefill chunk 20/184 (10.9%) chunk=18.34 t/s avg=19.03 t/s 1.051s
0824 03:10:36 ds4-server: chat ctx=0..184:184 prefill chunk 21/184 (11.4%) chunk=18.40 t/s avg=19.00 t/s 1.105s
0824 03:10:36 ds4-server: chat ctx=0..184:184 prefill chunk 22/184 (12.0%) chunk=19.38 t/s avg=19.02 t/s 1.157s
0824 03:10:36 ds4-server: chat ctx=0..184:184 prefill chunk 23/184 (12.5%) chunk=18.98 t/s avg=19.02 t/s 1.209s
0824 03:10:37 ds4-server: chat ctx=0..184:184 prefill chunk 24/184 (13.0%) chunk=19.52 t/s avg=19.04 t/s 1.261s
0824 03:10:37 ds4-server: chat ctx=0..184:184 prefill chunk 25/184 (13.6%) chunk=19.03 t/s avg=19.04 t/s 1.313s
0824 03:10:37 ds4-server: chat ctx=0..184:184 prefill chunk 26/184 (14.1%) chunk=18.73 t/s avg=19.03 t/s 1.367s
0824 03:10:37 ds4-server: chat ctx=0..184:184 prefill chunk 27/184 (14.7%) chunk=19.43 t/s avg=19.04 t/s 1.418s
0824 03:10:37 ds4-server: chat ctx=0..184:184 prefill chunk 28/184 (15.2%) chunk=18.56 t/s avg=19.02 t/s 1.472s
0824 03:10:37 ds4-server: chat ctx=0..184:184 prefill chunk 29/184 (15.8%) chunk=18.95 t/s avg=19.02 t/s 1.525s
0824 03:10:37 ds4-server: chat ctx=0..184:184 prefill chunk 30/184 (16.3%) chunk=18.46 t/s avg=19.00 t/s 1.579s
0824 03:10:37 ds4-server: chat ctx=0..184:184 prefill chunk 31/184 (16.8%) chunk=18.27 t/s avg=18.98 t/s 1.634s
0824 03:10:37 ds4-server: chat ctx=0..184:184 prefill chunk 32/184 (17.4%) chunk=18.89 t/s avg=18.97 t/s 1.687s
0824 03:10:37 ds4-server: chat ctx=0..184:184 prefill chunk 33/184 (17.9%) chunk=18.63 t/s avg=18.96 t/s 1.740s
0824 03:10:37 ds4-server: chat ctx=0..184:184 prefill chunk 34/184 (18.5%) chunk=19.16 t/s avg=18.97 t/s 1.792s
0824 03:10:37 ds4-server: chat ctx=0..184:184 prefill chunk 35/184 (19.0%) chunk=17.94 t/s avg=18.94 t/s 1.848s
0824 03:10:37 ds4-server: chat ctx=0..184:184 prefill chunk 36/184 (19.6%) chunk=18.11 t/s avg=18.91 t/s 1.903s
0824 03:10:37 ds4-server: chat ctx=0..184:184 prefill chunk 37/184 (20.1%) chunk=18.16 t/s avg=18.89 t/s 1.958s
0824 03:10:37 ds4-server: chat ctx=0..184:184 prefill chunk 38/184 (20.7%) chunk=17.74 t/s avg=18.86 t/s 2.015s
0824 03:10:37 ds4-server: chat ctx=0..184:184 prefill chunk 39/184 (21.2%) chunk=18.07 t/s avg=18.84 t/s 2.070s
0824 03:10:37 ds4-server: chat ctx=0..184:184 prefill chunk 40/184 (21.7%) chunk=18.82 t/s avg=18.84 t/s 2.123s
0824 03:10:37 ds4-server: chat ctx=0..184:184 prefill chunk 41/184 (22.3%) chunk=18.22 t/s avg=18.82 t/s 2.178s
0824 03:10:38 ds4-server: chat ctx=0..184:184 prefill chunk 42/184 (22.8%) chunk=18.20 t/s avg=18.81 t/s 2.233s
0824 03:10:38 ds4-server: chat ctx=0..184:184 prefill chunk 43/184 (23.4%) chunk=19.47 t/s avg=18.82 t/s 2.284s
0824 03:10:38 ds4-server: chat ctx=0..184:184 prefill chunk 44/184 (23.9%) chunk=18.50 t/s avg=18.82 t/s 2.339s
0824 03:10:38 ds4-server: chat ctx=0..184:184 prefill chunk 45/184 (24.5%) chunk=18.95 t/s avg=18.82 t/s 2.391s
0824 03:10:38 ds4-server: chat ctx=0..184:184 prefill chunk 46/184 (25.0%) chunk=18.12 t/s avg=18.80 t/s 2.446s
0824 03:10:38 ds4-server: chat ctx=0..184:184 prefill chunk 47/184 (25.5%) chunk=17.98 t/s avg=18.78 t/s 2.502s
0824 03:10:38 ds4-server: chat ctx=0..184:184 prefill chunk 48/184 (26.1%) chunk=18.83 t/s avg=18.78 t/s 2.555s
0824 03:10:38 ds4-server: chat ctx=0..184:184 prefill chunk 49/184 (26.6%) chunk=18.13 t/s avg=18.77 t/s 2.610s
ds4: qwen35moe experts/token avg over 128 tokens: 0:15.7 1:17.3 2:16.8 3:17.4 4:17.1 5:17.2 6:17.4 7:18.1 8:18.2 9:17.5 10:16.7 11:16.1 12:17.2 13:17.2 14:17.8 15:17.8 16:17.7 17:17.7 18:17.6 19:17.7 20:18.3 21:17.9 22:17.2 23:16.9 24:17.4 25:17.4 26:17.3 27:17.6 28:17.3 29:17.8 30:17.5 31:18.1 32:18.1 33:18.3 34:18.3 35:19.2 36:19.2 37:19.5 38:19.7 39:19.6 | mean 17.7
0824 03:10:38 ds4-server: chat ctx=0..184:184 prefill chunk 50/184 (27.2%) chunk=18.28 t/s avg=18.76 t/s 2.665s
0824 03:10:38 ds4-server: chat ctx=0..184:184 prefill chunk 51/184 (27.7%) chunk=18.59 t/s avg=18.76 t/s 2.719s
0824 03:10:38 ds4-server: chat ctx=0..184:184 prefill chunk 52/184 (28.3%) chunk=18.52 t/s avg=18.75 t/s 2.773s
0824 03:10:38 ds4-server: chat ctx=0..184:184 prefill chunk 53/184 (28.8%) chunk=19.60 t/s avg=18.77 t/s 2.824s
0824 03:10:38 ds4-server: chat ctx=0..184:184 prefill chunk 54/184 (29.3%) chunk=18.69 t/s avg=18.77 t/s 2.877s
0824 03:10:38 ds4-server: chat ctx=0..184:184 prefill chunk 55/184 (29.9%) chunk=19.15 t/s avg=18.77 t/s 2.930s
0824 03:10:38 ds4-server: chat ctx=0..184:184 prefill chunk 56/184 (30.4%) chunk=18.58 t/s avg=18.77 t/s 2.983s
0824 03:10:38 ds4-server: chat ctx=0..184:184 prefill chunk 57/184 (31.0%) chunk=18.46 t/s avg=18.76 t/s 3.038s
0824 03:10:38 ds4-server: chat ctx=0..184:184 prefill chunk 58/184 (31.5%) chunk=19.61 t/s avg=18.78 t/s 3.089s
0824 03:10:38 ds4-server: chat ctx=0..184:184 prefill chunk 59/184 (32.1%) chunk=19.40 t/s avg=18.79 t/s 3.140s
0824 03:10:38 ds4-server: chat ctx=0..184:184 prefill chunk 60/184 (32.6%) chunk=20.24 t/s avg=18.81 t/s 3.190s
0824 03:10:39 ds4-server: chat ctx=0..184:184 prefill chunk 61/184 (33.2%) chunk=19.22 t/s avg=18.82 t/s 3.242s
0824 03:10:39 ds4-server: chat ctx=0..184:184 prefill chunk 62/184 (33.7%) chunk=19.79 t/s avg=18.83 t/s 3.292s
0824 03:10:39 ds4-server: chat ctx=0..184:184 prefill chunk 63/184 (34.2%) chunk=19.31 t/s avg=18.84 t/s 3.344s
0824 03:10:39 ds4-server: chat ctx=0..184:184 prefill chunk 64/184 (34.8%) chunk=18.37 t/s avg=18.83 t/s 3.398s
0824 03:10:39 ds4-server: chat ctx=0..184:184 prefill chunk 65/184 (35.3%) chunk=19.05 t/s avg=18.84 t/s 3.451s
0824 03:10:39 ds4-server: chat ctx=0..184:184 prefill chunk 66/184 (35.9%) chunk=17.82 t/s avg=18.82 t/s 3.507s
0824 03:10:39 ds4-server: chat ctx=0..184:184 prefill chunk 67/184 (36.4%) chunk=18.28 t/s avg=18.81 t/s 3.562s
0824 03:10:39 ds4-server: chat ctx=0..184:184 prefill chunk 68/184 (37.0%) chunk=18.54 t/s avg=18.81 t/s 3.616s
0824 03:10:39 ds4-server: chat ctx=0..184:184 prefill chunk 69/184 (37.5%) chunk=17.96 t/s avg=18.79 t/s 3.671s
0824 03:10:39 ds4-server: chat ctx=0..184:184 prefill chunk 70/184 (38.0%) chunk=18.50 t/s avg=18.79 t/s 3.725s
0824 03:10:39 ds4-server: chat ctx=0..184:184 prefill chunk 71/184 (38.6%) chunk=18.33 t/s avg=18.78 t/s 3.780s
0824 03:10:39 ds4-server: chat ctx=0..184:184 prefill chunk 72/184 (39.1%) chunk=18.46 t/s avg=18.78 t/s 3.834s
0824 03:10:39 ds4-server: chat ctx=0..184:184 prefill chunk 73/184 (39.7%) chunk=18.62 t/s avg=18.78 t/s 3.888s
0824 03:10:39 ds4-server: chat ctx=0..184:184 prefill chunk 74/184 (40.2%) chunk=18.33 t/s avg=18.77 t/s 3.942s
0824 03:10:39 ds4-server: chat ctx=0..184:184 prefill chunk 75/184 (40.8%) chunk=18.60 t/s avg=18.77 t/s 3.996s
0824 03:10:39 ds4-server: chat ctx=0..184:184 prefill chunk 76/184 (41.3%) chunk=18.91 t/s avg=18.77 t/s 4.049s
0824 03:10:39 ds4-server: chat ctx=0..184:184 prefill chunk 77/184 (41.8%) chunk=18.39 t/s avg=18.77 t/s 4.103s
0824 03:10:39 ds4-server: chat ctx=0..184:184 prefill chunk 78/184 (42.4%) chunk=19.74 t/s avg=18.78 t/s 4.154s
0824 03:10:39 ds4-server: chat ctx=0..184:184 prefill chunk 79/184 (42.9%) chunk=18.27 t/s avg=18.77 t/s 4.209s
0824 03:10:40 ds4-server: chat ctx=0..184:184 prefill chunk 80/184 (43.5%) chunk=19.78 t/s avg=18.78 t/s 4.259s
0824 03:10:40 ds4-server: chat ctx=0..184:184 prefill chunk 81/184 (44.0%) chunk=18.53 t/s avg=18.78 t/s 4.313s
0824 03:10:40 ds4-server: chat ctx=0..184:184 prefill chunk 82/184 (44.6%) chunk=18.57 t/s avg=18.78 t/s 4.367s
0824 03:10:40 ds4-server: chat ctx=0..184:184 prefill chunk 83/184 (45.1%) chunk=18.88 t/s avg=18.78 t/s 4.420s
0824 03:10:40 ds4-server: chat ctx=0..184:184 prefill chunk 84/184 (45.7%) chunk=18.33 t/s avg=18.77 t/s 4.475s
0824 03:10:40 ds4-server: chat ctx=0..184:184 prefill chunk 85/184 (46.2%) chunk=19.04 t/s avg=18.78 t/s 4.527s
0824 03:10:40 ds4-server: chat ctx=0..184:184 prefill chunk 86/184 (46.7%) chunk=18.58 t/s avg=18.77 t/s 4.581s
0824 03:10:40 ds4-server: chat ctx=0..184:184 prefill chunk 87/184 (47.3%) chunk=18.86 t/s avg=18.77 t/s 4.634s
0824 03:10:40 ds4-server: chat ctx=0..184:184 prefill chunk 88/184 (47.8%) chunk=19.12 t/s avg=18.78 t/s 4.686s
0824 03:10:40 ds4-server: chat ctx=0..184:184 prefill chunk 89/184 (48.4%) chunk=18.83 t/s avg=18.78 t/s 4.739s
0824 03:10:40 ds4-server: chat ctx=0..184:184 prefill chunk 90/184 (48.9%) chunk=19.19 t/s avg=18.78 t/s 4.792s
0824 03:10:40 ds4-server: chat ctx=0..184:184 prefill chunk 91/184 (49.5%) chunk=18.80 t/s avg=18.78 t/s 4.845s
0824 03:10:40 ds4-server: chat ctx=0..184:184 prefill chunk 92/184 (50.0%) chunk=18.93 t/s avg=18.78 t/s 4.898s
0824 03:10:40 ds4-server: chat ctx=0..184:184 prefill chunk 93/184 (50.5%) chunk=19.24 t/s avg=18.79 t/s 4.950s
0824 03:10:40 ds4-server: chat ctx=0..184:184 prefill chunk 94/184 (51.1%) chunk=17.93 t/s avg=18.78 t/s 5.005s
0824 03:10:40 ds4-server: chat ctx=0..184:184 prefill chunk 95/184 (51.6%) chunk=18.59 t/s avg=18.78 t/s 5.059s
0824 03:10:40 ds4-server: chat ctx=0..184:184 prefill chunk 96/184 (52.2%) chunk=18.38 t/s avg=18.77 t/s 5.114s
0824 03:10:40 ds4-server: chat ctx=0..184:184 prefill chunk 97/184 (52.7%) chunk=17.69 t/s avg=18.76 t/s 5.170s
0824 03:10:41 ds4-server: chat ctx=0..184:184 prefill chunk 98/184 (53.3%) chunk=18.96 t/s avg=18.76 t/s 5.223s
0824 03:10:41 ds4-server: chat ctx=0..184:184 prefill chunk 99/184 (53.8%) chunk=18.46 t/s avg=18.76 t/s 5.277s
0824 03:10:41 ds4-server: chat ctx=0..184:184 prefill chunk 100/184 (54.3%) chunk=17.74 t/s avg=18.75 t/s 5.333s
0824 03:10:41 ds4-server: chat ctx=0..184:184 prefill chunk 101/184 (54.9%) chunk=19.00 t/s avg=18.75 t/s 5.386s
0824 03:10:41 ds4-server: chat ctx=0..184:184 prefill chunk 102/184 (55.4%) chunk=18.65 t/s avg=18.75 t/s 5.440s
0824 03:10:41 ds4-server: chat ctx=0..184:184 prefill chunk 103/184 (56.0%) chunk=19.23 t/s avg=18.76 t/s 5.492s
0824 03:10:41 ds4-server: chat ctx=0..184:184 prefill chunk 104/184 (56.5%) chunk=18.35 t/s avg=18.75 t/s 5.546s
0824 03:10:41 ds4-server: chat ctx=0..184:184 prefill chunk 105/184 (57.1%) chunk=18.50 t/s avg=18.75 t/s 5.600s
0824 03:10:41 ds4-server: chat ctx=0..184:184 prefill chunk 106/184 (57.6%) chunk=18.90 t/s avg=18.75 t/s 5.653s
0824 03:10:41 ds4-server: chat ctx=0..184:184 prefill chunk 107/184 (58.2%) chunk=17.94 t/s avg=18.74 t/s 5.709s
0824 03:10:41 ds4-server: chat ctx=0..184:184 prefill chunk 108/184 (58.7%) chunk=18.48 t/s avg=18.74 t/s 5.763s
0824 03:10:41 ds4-server: chat ctx=0..184:184 prefill chunk 109/184 (59.2%) chunk=18.34 t/s avg=18.74 t/s 5.817s
0824 03:10:41 ds4-server: chat ctx=0..184:184 prefill chunk 110/184 (59.8%) chunk=18.03 t/s avg=18.73 t/s 5.873s
0824 03:10:41 ds4-server: chat ctx=0..184:184 prefill chunk 111/184 (60.3%) chunk=18.67 t/s avg=18.73 t/s 5.926s
0824 03:10:41 ds4-server: chat ctx=0..184:184 prefill chunk 112/184 (60.9%) chunk=18.54 t/s avg=18.73 t/s 5.980s
0824 03:10:41 ds4-server: chat ctx=0..184:184 prefill chunk 113/184 (61.4%) chunk=18.96 t/s avg=18.73 t/s 6.033s
0824 03:10:41 ds4-server: chat ctx=0..184:184 prefill chunk 114/184 (62.0%) chunk=18.98 t/s avg=18.73 t/s 6.086s
0824 03:10:41 ds4-server: chat ctx=0..184:184 prefill chunk 115/184 (62.5%) chunk=19.02 t/s avg=18.73 t/s 6.138s
0824 03:10:41 ds4-server: chat ctx=0..184:184 prefill chunk 116/184 (63.0%) chunk=19.23 t/s avg=18.74 t/s 6.190s
0824 03:10:42 ds4-server: chat ctx=0..184:184 prefill chunk 117/184 (63.6%) chunk=18.52 t/s avg=18.74 t/s 6.244s
0824 03:10:42 ds4-server: chat ctx=0..184:184 prefill chunk 118/184 (64.1%) chunk=17.89 t/s avg=18.73 t/s 6.300s
0824 03:10:42 ds4-server: chat ctx=0..184:184 prefill chunk 119/184 (64.7%) chunk=19.01 t/s avg=18.73 t/s 6.353s
0824 03:10:42 ds4-server: chat ctx=0..184:184 prefill chunk 120/184 (65.2%) chunk=17.34 t/s avg=18.72 t/s 6.411s
0824 03:10:42 ds4-server: chat ctx=0..184:184 prefill chunk 121/184 (65.8%) chunk=17.87 t/s avg=18.71 t/s 6.466s
0824 03:10:42 ds4-server: chat ctx=0..184:184 prefill chunk 122/184 (66.3%) chunk=19.10 t/s avg=18.71 t/s 6.519s
0824 03:10:42 ds4-server: chat ctx=0..184:184 prefill chunk 123/184 (66.8%) chunk=18.24 t/s avg=18.71 t/s 6.574s
0824 03:10:42 ds4-server: chat ctx=0..184:184 prefill chunk 124/184 (67.4%) chunk=19.10 t/s avg=18.71 t/s 6.626s
0824 03:10:42 ds4-server: chat ctx=0..184:184 prefill chunk 125/184 (67.9%) chunk=18.40 t/s avg=18.71 t/s 6.680s
0824 03:10:42 ds4-server: chat ctx=0..184:184 prefill chunk 126/184 (68.5%) chunk=18.52 t/s avg=18.71 t/s 6.734s
0824 03:10:42 ds4-server: chat ctx=0..184:184 prefill chunk 127/184 (69.0%) chunk=18.77 t/s avg=18.71 t/s 6.788s
0824 03:10:42 ds4-server: chat ctx=0..184:184 prefill chunk 128/184 (69.6%) chunk=18.23 t/s avg=18.71 t/s 6.843s
0824 03:10:42 ds4-server: chat ctx=0..184:184 prefill chunk 129/184 (70.1%) chunk=18.92 t/s avg=18.71 t/s 6.895s
0824 03:10:42 ds4-server: chat ctx=0..184:184 prefill chunk 130/184 (70.7%) chunk=18.22 t/s avg=18.70 t/s 6.950s
0824 03:10:42 ds4-server: chat ctx=0..184:184 prefill chunk 131/184 (71.2%) chunk=18.29 t/s avg=18.70 t/s 7.005s
0824 03:10:42 ds4-server: chat ctx=0..184:184 prefill chunk 132/184 (71.7%) chunk=18.58 t/s avg=18.70 t/s 7.059s
0824 03:10:42 ds4-server: chat ctx=0..184:184 prefill chunk 133/184 (72.3%) chunk=18.79 t/s avg=18.70 t/s 7.112s
0824 03:10:42 ds4-server: chat ctx=0..184:184 prefill chunk 134/184 (72.8%) chunk=18.82 t/s avg=18.70 t/s 7.165s
0824 03:10:42 ds4-server: chat ctx=0..184:184 prefill chunk 135/184 (73.4%) chunk=19.46 t/s avg=18.71 t/s 7.216s
0824 03:10:43 ds4-server: chat ctx=0..184:184 prefill chunk 136/184 (73.9%) chunk=18.55 t/s avg=18.71 t/s 7.270s
0824 03:10:43 ds4-server: chat ctx=0..184:184 prefill chunk 137/184 (74.5%) chunk=19.13 t/s avg=18.71 t/s 7.323s
0824 03:10:43 ds4-server: chat ctx=0..184:184 prefill chunk 138/184 (75.0%) chunk=18.20 t/s avg=18.71 t/s 7.378s
0824 03:10:43 ds4-server: chat ctx=0..184:184 prefill chunk 139/184 (75.5%) chunk=17.97 t/s avg=18.70 t/s 7.433s
0824 03:10:43 ds4-server: chat ctx=0..184:184 prefill chunk 140/184 (76.1%) chunk=18.43 t/s avg=18.70 t/s 7.487s
0824 03:10:43 ds4-server: chat ctx=0..184:184 prefill chunk 141/184 (76.6%) chunk=17.99 t/s avg=18.69 t/s 7.543s
0824 03:10:43 ds4-server: chat ctx=0..184:184 prefill chunk 142/184 (77.2%) chunk=17.59 t/s avg=18.68 t/s 7.600s
0824 03:10:43 ds4-server: chat ctx=0..184:184 prefill chunk 143/184 (77.7%) chunk=17.66 t/s avg=18.68 t/s 7.657s
0824 03:10:43 ds4-server: chat ctx=0..184:184 prefill chunk 144/184 (78.3%) chunk=17.79 t/s avg=18.67 t/s 7.713s
0824 03:10:43 ds4-server: chat ctx=0..184:184 prefill chunk 145/184 (78.8%) chunk=18.45 t/s avg=18.67 t/s 7.767s
0824 03:10:43 ds4-server: chat ctx=0..184:184 prefill chunk 146/184 (79.3%) chunk=19.05 t/s avg=18.67 t/s 7.819s
0824 03:10:43 ds4-server: chat ctx=0..184:184 prefill chunk 147/184 (79.9%) chunk=18.29 t/s avg=18.67 t/s 7.874s
0824 03:10:43 ds4-server: chat ctx=0..184:184 prefill chunk 148/184 (80.4%) chunk=19.17 t/s avg=18.67 t/s 7.926s
0824 03:10:43 ds4-server: chat ctx=0..184:184 prefill chunk 149/184 (81.0%) chunk=18.40 t/s avg=18.67 t/s 7.981s
0824 03:10:43 ds4-server: chat ctx=0..184:184 prefill chunk 150/184 (81.5%) chunk=18.50 t/s avg=18.67 t/s 8.035s
0824 03:10:43 ds4-server: chat ctx=0..184:184 prefill chunk 151/184 (82.1%) chunk=19.23 t/s avg=18.67 t/s 8.087s
0824 03:10:43 ds4-server: chat ctx=0..184:184 prefill chunk 152/184 (82.6%) chunk=18.36 t/s avg=18.67 t/s 8.141s
0824 03:10:43 ds4-server: chat ctx=0..184:184 prefill chunk 153/184 (83.2%) chunk=18.28 t/s avg=18.67 t/s 8.196s
0824 03:10:44 ds4-server: chat ctx=0..184:184 prefill chunk 154/184 (83.7%) chunk=18.22 t/s avg=18.67 t/s 8.251s
0824 03:10:44 ds4-server: chat ctx=0..184:184 prefill chunk 155/184 (84.2%) chunk=17.54 t/s avg=18.66 t/s 8.308s
0824 03:10:44 ds4-server: chat ctx=0..184:184 prefill chunk 156/184 (84.8%) chunk=18.67 t/s avg=18.66 t/s 8.361s
0824 03:10:44 ds4-server: chat ctx=0..184:184 prefill chunk 157/184 (85.3%) chunk=18.05 t/s avg=18.65 t/s 8.417s
0824 03:10:44 ds4-server: chat ctx=0..184:184 prefill chunk 158/184 (85.9%) chunk=18.29 t/s avg=18.65 t/s 8.471s
0824 03:10:44 ds4-server: chat ctx=0..184:184 prefill chunk 159/184 (86.4%) chunk=18.19 t/s avg=18.65 t/s 8.526s
0824 03:10:44 ds4-server: chat ctx=0..184:184 prefill chunk 160/184 (87.0%) chunk=18.10 t/s avg=18.64 t/s 8.582s
0824 03:10:44 ds4-server: chat ctx=0..184:184 prefill chunk 161/184 (87.5%) chunk=17.99 t/s avg=18.64 t/s 8.637s
0824 03:10:44 ds4-server: chat ctx=0..184:184 prefill chunk 162/184 (88.0%) chunk=19.08 t/s avg=18.64 t/s 8.690s
0824 03:10:44 ds4-server: chat ctx=0..184:184 prefill chunk 163/184 (88.6%) chunk=18.55 t/s avg=18.64 t/s 8.743s
0824 03:10:44 ds4-server: chat ctx=0..184:184 prefill chunk 164/184 (89.1%) chunk=19.15 t/s avg=18.65 t/s 8.796s
0824 03:10:44 ds4-server: chat ctx=0..184:184 prefill chunk 165/184 (89.7%) chunk=18.95 t/s avg=18.65 t/s 8.848s
0824 03:10:44 ds4-server: chat ctx=0..184:184 prefill chunk 166/184 (90.2%) chunk=18.43 t/s avg=18.65 t/s 8.903s
0824 03:10:44 ds4-server: chat ctx=0..184:184 prefill chunk 167/184 (90.8%) chunk=19.05 t/s avg=18.65 t/s 8.955s
0824 03:10:44 ds4-server: chat ctx=0..184:184 prefill chunk 168/184 (91.3%) chunk=18.10 t/s avg=18.65 t/s 9.010s
0824 03:10:44 ds4-server: chat ctx=0..184:184 prefill chunk 169/184 (91.8%) chunk=18.02 t/s avg=18.64 t/s 9.066s
0824 03:10:44 ds4-server: chat ctx=0..184:184 prefill chunk 170/184 (92.4%) chunk=17.58 t/s avg=18.63 t/s 9.123s
0824 03:10:44 ds4-server: chat ctx=0..184:184 prefill chunk 171/184 (92.9%) chunk=17.86 t/s avg=18.63 t/s 9.179s
0824 03:10:45 ds4-server: chat ctx=0..184:184 prefill chunk 172/184 (93.5%) chunk=18.46 t/s avg=18.63 t/s 9.233s
0824 03:10:45 ds4-server: chat ctx=0..184:184 prefill chunk 173/184 (94.0%) chunk=18.35 t/s avg=18.63 t/s 9.287s
0824 03:10:45 ds4-server: chat ctx=0..184:184 prefill chunk 174/184 (94.6%) chunk=18.20 t/s avg=18.62 t/s 9.342s
0824 03:10:45 ds4-server: chat ctx=0..184:184 prefill chunk 175/184 (95.1%) chunk=18.30 t/s avg=18.62 t/s 9.397s
0824 03:10:45 ds4-server: chat ctx=0..184:184 prefill chunk 176/184 (95.7%) chunk=18.18 t/s avg=18.62 t/s 9.452s
0824 03:10:45 ds4-server: chat ctx=0..184:184 prefill chunk 177/184 (96.2%) chunk=17.92 t/s avg=18.62 t/s 9.508s
ds4: qwen35moe experts/token avg over 128 tokens: 0:14.7 1:13.6 2:14.7 3:16.2 4:15.4 5:15.1 6:15.0 7:15.3 8:16.5 9:14.2 10:13.8 11:14.0 12:14.5 13:14.9 14:14.4 15:14.2 16:14.9 17:13.6 18:14.5 19:14.2 20:15.5 21:14.2 22:14.5 23:14.5 24:16.0 25:15.1 26:15.1 27:15.0 28:15.3 29:16.1 30:15.8 31:16.5 32:16.0 33:16.1 34:16.5 35:17.4 36:18.2 37:18.4 38:18.7 39:18.4 | mean 15.4
0824 03:10:45 ds4-server: chat ctx=0..184:184 prefill chunk 178/184 (96.7%) chunk=19.48 t/s avg=18.62 t/s 9.559s
0824 03:10:45 ds4-server: chat ctx=0..184:184 prefill chunk 179/184 (97.3%) chunk=17.81 t/s avg=18.62 t/s 9.615s
0824 03:10:45 ds4-server: chat ctx=0..184:184 prefill chunk 180/184 (97.8%) chunk=18.23 t/s avg=18.61 t/s 9.670s
0824 03:10:45 ds4-server: chat ctx=0..184:184 prefill chunk 181/184 (98.4%) chunk=19.93 t/s avg=18.62 t/s 9.720s
0824 03:10:45 ds4-server: chat ctx=0..184:184 prefill chunk 182/184 (98.9%) chunk=17.81 t/s avg=18.62 t/s 9.777s
0824 03:10:45 ds4-server: chat ctx=0..184:184 prefill chunk 183/184 (99.5%) chunk=19.94 t/s avg=18.62 t/s 9.827s
0824 03:10:45 ds4-server: chat ctx=0..184:184 prefill chunk 184/184 (100.0%) chunk=19.34 t/s avg=18.63 t/s 9.878s
0824 03:10:45 ds4-server: chat ctx=0..184:184 prompt done 9.878s
0824 03:10:48 ds4-server: chat ctx=184..234:50 gen=50 THINKING decoding chunk=18.30 t/s avg=18.30 t/s 2.732s
0824 03:10:51 ds4-server: chat ctx=234..284:50 gen=100 THINKING decoding chunk=18.05 t/s avg=18.17 t/s 5.502s
ds4: qwen35moe experts/token avg over 128 tokens: 0:14.4 1:14.0 2:14.4 3:16.0 4:14.8 5:15.2 6:14.8 7:15.5 8:16.7 9:15.6 10:14.2 11:14.1 12:15.6 13:15.3 14:15.0 15:15.2 16:15.6 17:14.5 18:15.6 19:15.3 20:16.5 21:16.0 22:14.9 23:14.5 24:16.7 25:15.5 26:16.4 27:15.8 28:15.9 29:15.9 30:16.7 31:16.9 32:15.7 33:15.5 34:15.5 35:17.0 36:17.7 37:18.4 38:19.4 39:18.3 | mean 15.8
0824 03:10:53 ds4-server: chat ctx=284..334:50 gen=150 THINKING decoding chunk=17.74 t/s avg=18.03 t/s 8.320s
0824 03:10:56 ds4-server: chat ctx=334..384:50 gen=200 THINKING decoding chunk=17.87 t/s avg=17.99 t/s 11.117s
ds4: qwen35moe experts/token avg over 128 tokens: 0:15.4 1:15.8 2:16.0 3:16.9 4:16.6 5:15.9 6:15.9 7:16.4 8:17.9 9:15.7 10:15.5 11:15.0 12:15.3 13:15.8 14:15.9 15:14.5 16:15.8 17:15.7 18:15.0 19:15.1 20:16.1 21:15.5 22:15.0 23:15.1 24:15.6 25:15.4 26:16.1 27:15.4 28:16.1 29:16.5 30:16.2 31:16.8 32:16.2 33:15.6 34:16.0 35:16.5 36:17.8 37:18.3 38:19.0 39:18.1 | mean 16.1
0824 03:10:59 ds4-server: chat ctx=384..434:50 gen=250 THINKING decoding chunk=17.76 t/s avg=17.94 t/s 13.932s
0824 03:11:02 ds4-server: chat ctx=434..484:50 gen=300 THINKING decoding chunk=17.65 t/s avg=17.89 t/s 16.766s
0824 03:11:05 ds4-server: chat ctx=484..534:50 gen=350 THINKING decoding chunk=17.53 t/s avg=17.84 t/s 19.618s
ds4: qwen35moe experts/token avg over 128 tokens: 0:15.0 1:15.3 2:15.1 3:16.6 4:15.4 5:15.7 6:15.6 7:16.9 8:17.3 9:16.1 10:14.8 11:14.7 12:15.5 13:15.5 14:15.7 15:15.2 16:15.7 17:15.4 18:15.3 19:14.6 20:16.3 21:15.4 22:15.5 23:14.9 24:16.3 25:15.7 26:16.0 27:15.5 28:16.1 29:15.7 30:16.0 31:16.3 32:15.3 33:15.2 34:15.2 35:17.0 36:17.2 37:18.4 38:18.8 39:17.6 | mean 15.9
0824 03:11:08 ds4-server: chat ctx=534..584:50 gen=400 THINKING decoding chunk=17.61 t/s avg=17.81 t/s 22.458s
0824 03:11:11 ds4-server: chat ctx=584..634:50 gen=450 THINKING decoding chunk=17.05 t/s avg=17.72 t/s 25.391s
0824 03:11:13 ds4-server: chat ctx=634..684:50 gen=500 THINKING decoding chunk=17.15 t/s avg=17.66 t/s 28.306s
ds4: qwen35moe experts/token avg over 128 tokens: 0:15.0 1:15.2 2:15.4 3:16.4 4:16.2 5:16.9 6:16.3 7:17.4 8:18.0 9:17.3 10:16.3 11:15.1 12:16.4 13:16.3 14:16.9 15:16.4 16:16.0 17:16.5 18:15.9 19:15.6 20:16.9 21:16.8 22:15.8 23:15.1 24:16.4 25:16.4 26:16.2 27:15.8 28:15.8 29:16.1 30:16.3 31:16.6 32:15.7 33:15.8 34:15.4 35:17.4 36:18.0 37:18.3 38:18.9 39:17.5 | mean 16.4
0824 03:11:16 ds4-server: chat ctx=684..734:50 gen=550 THINKING decoding chunk=16.80 t/s avg=17.58 t/s 31.282s
0824 03:11:19 ds4-server: chat ctx=734..784:50 gen=600 THINKING decoding chunk=16.60 t/s avg=17.50 t/s 34.294s
ds4: qwen35moe experts/token avg over 128 tokens: 0:15.0 1:16.6 2:16.9 3:17.8 4:17.3 5:17.5 6:17.1 7:18.7 8:18.7 9:17.5 10:16.7 11:16.5 12:16.8 13:17.0 14:17.2 15:17.1 16:17.0 17:17.5 18:17.4 19:17.2 20:17.9 21:17.6 22:16.9 23:16.1 24:17.7 25:17.1 26:17.8 27:16.1 28:17.0 29:17.0 30:17.4 31:17.5 32:17.4 33:16.6 34:17.1 35:17.8 36:18.5 37:19.0 38:19.3 39:18.6 | mean 17.3
0824 03:11:22 ds4-server: chat ctx=784..834:50 gen=650 THINKING decoding chunk=16.52 t/s avg=17.42 t/s 37.320s
0824 03:11:25 ds4-server: chat ctx=834..884:50 gen=700 THINKING decoding chunk=17.29 t/s avg=17.41 t/s 40.212s
0824 03:11:28 ds4-server: chat ctx=884..934:50 gen=750 THINKING decoding chunk=16.80 t/s avg=17.37 t/s 43.189s
ds4: qwen35moe experts/token avg over 128 tokens: 0:15.2 1:15.2 2:15.5 3:16.7 4:16.5 5:16.1 6:16.2 7:16.4 8:17.8 9:16.4 10:15.5 11:14.6 12:15.7 13:15.6 14:16.0 15:15.4 16:15.8 17:15.7 18:15.5 19:15.7 20:16.8 21:16.6 22:15.0 23:15.0 24:16.1 25:15.4 26:16.4 27:15.4 28:15.6 29:15.4 30:15.4 31:16.0 32:15.7 33:14.4 34:15.1 35:16.6 36:17.1 37:17.2 38:18.0 39:16.7 | mean 15.9
0824 03:11:31 ds4-server: chat ctx=934..984:50 gen=800 THINKING decoding chunk=16.62 t/s avg=17.32 t/s 46.198s
0824 03:11:34 ds4-server: chat ctx=984..1034:50 gen=850 THINKING decoding chunk=16.34 t/s avg=17.26 t/s 49.257s
ds4: qwen35moe experts/token avg over 128 tokens: 0:14.6 1:15.8 2:15.1 3:17.0 4:16.9 5:16.0 6:16.6 7:17.0 8:17.7 9:17.3 10:16.0 11:15.6 12:16.7 13:16.1 14:16.5 15:17.0 16:16.3 17:16.6 18:16.3 19:16.3 20:17.0 21:16.8 22:15.8 23:16.1 24:16.3 25:16.0 26:15.8 27:16.5 28:16.6 29:16.3 30:16.4 31:17.4 32:16.4 33:15.9 34:16.1 35:17.7 36:18.0 37:18.3 38:19.0 39:18.0 | mean 16.6
0824 03:11:37 ds4-server: chat ctx=1034..1084:50 gen=900 THINKING decoding chunk=16.42 t/s avg=17.21 t/s 52.303s
0824 03:11:41 ds4-server: chat ctx=1084..1134:50 gen=950 THINKING decoding chunk=16.27 t/s avg=17.16 t/s 55.377s
0824 03:11:44 ds4-server: chat ctx=1134..1184:50 gen=1000 THINKING decoding chunk=16.30 t/s avg=17.11 t/s 58.445s
ds4: qwen35moe experts/token avg over 128 tokens: 0:14.6 1:15.8 2:15.4 3:17.2 4:16.4 5:16.3 6:16.1 7:17.4 8:18.2 9:17.8 10:16.2 11:15.9 12:17.5 13:17.0 14:17.2 15:17.0 16:16.9 17:17.0 18:16.3 19:16.4 20:17.5 21:17.9 22:16.4 23:15.7 24:16.2 25:16.9 26:16.9 27:16.0 28:16.5 29:16.2 30:16.4 31:17.4 32:15.6 33:15.9 34:15.5 35:17.7 36:18.0 37:18.0 38:18.8 39:17.6 | mean 16.7
0824 03:11:47 ds4-server: chat ctx=1184..1234:50 gen=1050 THINKING decoding chunk=15.80 t/s avg=17.04 t/s 61.610s
0824 03:11:50 ds4-server: chat ctx=1234..1284:50 gen=1100 THINKING decoding chunk=15.70 t/s avg=16.98 t/s 64.795s
ds4: qwen35moe experts/token avg over 128 tokens: 0:15.2 1:16.4 2:16.4 3:17.6 4:16.7 5:17.2 6:17.1 7:18.1 8:18.6 9:17.8 10:17.0 11:16.4 12:17.6 13:17.3 14:17.8 15:17.3 16:17.8 17:17.6 18:17.0 19:17.0 20:18.0 21:17.3 22:16.8 23:16.4 24:17.1 25:16.9 26:16.7 27:16.5 28:16.5 29:16.6 30:16.3 31:17.4 32:16.6 33:16.1 34:16.1 35:17.6 36:18.1 37:18.5 38:19.2 39:17.5 | mean 17.2
0824 03:11:53 ds4-server: chat ctx=1284..1334:50 gen=1150 decoding chunk=16.24 t/s avg=16.94 t/s 67.875s
0824 03:11:56 ds4-server: chat ctx=1334..1384:50 gen=1200 decoding chunk=15.87 t/s avg=16.90 t/s 71.025s
0824 03:11:59 ds4-server: chat ctx=1384..1434:50 gen=1250 decoding chunk=15.89 t/s avg=16.85 t/s 74.171s
ds4: qwen35moe experts/token avg over 128 tokens: 0:14.4 1:15.8 2:15.4 3:17.4 4:15.8 5:16.8 6:16.2 7:17.3 8:17.8 9:16.8 10:16.1 11:15.3 12:16.9 13:16.9 14:16.6 15:16.6 16:17.0 17:16.2 18:16.4 19:16.2 20:17.0 21:16.7 22:16.0 23:15.7 24:16.9 25:16.8 26:16.8 27:15.2 28:16.8 29:16.2 30:16.5 31:16.9 32:15.4 33:15.2 34:15.5 35:16.8 36:17.7 37:18.5 38:19.4 39:18.2 | mean 16.6
0824 03:12:03 ds4-server: chat ctx=1434..1484:50 gen=1300 decoding chunk=15.69 t/s avg=16.80 t/s 77.359s
0824 03:12:06 ds4-server: chat ctx=1484..1534:50 gen=1350 decoding chunk=15.62 t/s avg=16.76 t/s 80.559s
0824 03:12:09 ds4-server: chat ctx=1534..1584:50 gen=1400 decoding chunk=15.58 t/s avg=16.71 t/s 83.768s
ds4: qwen35moe experts/token avg over 128 tokens: 0:15.5 1:16.1 2:16.7 3:17.4 4:17.4 5:17.3 6:17.1 7:18.0 8:18.6 9:16.9 10:16.8 11:16.7 12:17.1 13:17.1 14:17.3 15:16.5 16:17.3 17:16.7 18:16.6 19:16.9 20:17.0 21:17.1 22:16.5 23:16.0 24:17.7 25:16.7 26:17.5 27:16.0 28:17.1 29:16.2 30:17.1 31:16.9 32:16.8 33:15.4 34:16.7 35:17.3 36:18.0 37:18.5 38:19.2 39:18.4 | mean 17.1
0824 03:12:12 ds4-server: chat ctx=1584..1634:50 gen=1450 decoding chunk=15.53 t/s avg=16.67 t/s 86.988s
0824 03:12:15 ds4-server: chat ctx=1634..1682:48 gen=1498 decoding chunk=15.27 t/s avg=16.62 t/s 90.132s
0824 03:12:15 ds4-server: thinking live checkpoint remembered ctx=0..184:184 live=1682 visible=2331
0824 03:12:15 ds4-server: chat ctx=0..184:184 gen=1498 finish=stop 100.010s
0824 03:12:15 ds4-server: live kv cache miss live=1682 prompt=195 common=51 reason=token-mismatch
0824 03:12:15 ds4-server: chat ctx=0..195:195 prompt start
0824 03:12:15 ds4-server: chat ctx=0..195:195 prefill chunk 1/195 (0.5%) chunk=0.00 t/s avg=18.98 t/s 0.053s
0824 03:12:15 ds4-server: chat ctx=0..195:195 prefill chunk 2/195 (1.0%) chunk=19.93 t/s avg=19.44 t/s 0.103s
0824 03:12:15 ds4-server: chat ctx=0..195:195 prefill chunk 3/195 (1.5%) chunk=19.09 t/s avg=19.33 t/s 0.155s
0824 03:12:15 ds4-server: chat ctx=0..195:195 prefill chunk 4/195 (2.1%) chunk=20.11 t/s avg=19.52 t/s 0.205s
0824 03:12:16 ds4-server: chat ctx=0..195:195 prefill chunk 5/195 (2.6%) chunk=18.79 t/s avg=19.37 t/s 0.258s
0824 03:12:16 ds4-server: chat ctx=0..195:195 prefill chunk 6/195 (3.1%) chunk=19.53 t/s avg=19.40 t/s 0.309s
0824 03:12:16 ds4-server: chat ctx=0..195:195 prefill chunk 7/195 (3.6%) chunk=19.26 t/s avg=19.38 t/s 0.361s
0824 03:12:16 ds4-server: chat ctx=0..195:195 prefill chunk 8/195 (4.1%) chunk=18.83 t/s avg=19.31 t/s 0.414s
0824 03:12:16 ds4-server: chat ctx=0..195:195 prefill chunk 9/195 (4.6%) chunk=19.43 t/s avg=19.32 t/s 0.466s
0824 03:12:16 ds4-server: chat ctx=0..195:195 prefill chunk 10/195 (5.1%) chunk=19.19 t/s avg=19.31 t/s 0.518s
0824 03:12:16 ds4-server: chat ctx=0..195:195 prefill chunk 11/195 (5.6%) chunk=19.43 t/s avg=19.32 t/s 0.569s
0824 03:12:16 ds4-server: chat ctx=0..195:195 prefill chunk 12/195 (6.2%) chunk=18.36 t/s avg=19.24 t/s 0.624s
0824 03:12:16 ds4-server: chat ctx=0..195:195 prefill chunk 13/195 (6.7%) chunk=19.27 t/s avg=19.24 t/s 0.676s
0824 03:12:16 ds4-server: chat ctx=0..195:195 prefill chunk 14/195 (7.2%) chunk=18.48 t/s avg=19.18 t/s 0.730s
0824 03:12:16 ds4-server: chat ctx=0..195:195 prefill chunk 15/195 (7.7%) chunk=18.52 t/s avg=19.14 t/s 0.784s
0824 03:12:16 ds4-server: chat ctx=0..195:195 prefill chunk 16/195 (8.2%) chunk=19.22 t/s avg=19.14 t/s 0.836s
0824 03:12:16 ds4-server: chat ctx=0..195:195 prefill chunk 17/195 (8.7%) chunk=18.48 t/s avg=19.10 t/s 0.890s
0824 03:12:16 ds4-server: chat ctx=0..195:195 prefill chunk 18/195 (9.2%) chunk=19.26 t/s avg=19.11 t/s 0.942s
0824 03:12:16 ds4-server: chat ctx=0..195:195 prefill chunk 19/195 (9.7%) chunk=18.33 t/s avg=19.07 t/s 0.996s
0824 03:12:16 ds4-server: chat ctx=0..195:195 prefill chunk 20/195 (10.3%) chunk=17.99 t/s avg=19.01 t/s 1.052s
0824 03:12:16 ds4-server: chat ctx=0..195:195 prefill chunk 21/195 (10.8%) chunk=19.22 t/s avg=19.02 t/s 1.104s
0824 03:12:16 ds4-server: chat ctx=0..195:195 prefill chunk 22/195 (11.3%) chunk=18.71 t/s avg=19.01 t/s 1.158s
0824 03:12:17 ds4-server: chat ctx=0..195:195 prefill chunk 23/195 (11.8%) chunk=19.52 t/s avg=19.03 t/s 1.209s
0824 03:12:17 ds4-server: chat ctx=0..195:195 prefill chunk 24/195 (12.3%) chunk=19.11 t/s avg=19.03 t/s 1.261s
0824 03:12:17 ds4-server: chat ctx=0..195:195 prefill chunk 25/195 (12.8%) chunk=19.50 t/s avg=19.05 t/s 1.312s
0824 03:12:17 ds4-server: chat ctx=0..195:195 prefill chunk 26/195 (13.3%) chunk=18.70 t/s avg=19.04 t/s 1.366s
0824 03:12:17 ds4-server: chat ctx=0..195:195 prefill chunk 27/195 (13.8%) chunk=18.69 t/s avg=19.02 t/s 1.419s
0824 03:12:17 ds4-server: chat ctx=0..195:195 prefill chunk 28/195 (14.4%) chunk=19.42 t/s avg=19.04 t/s 1.471s
0824 03:12:17 ds4-server: chat ctx=0..195:195 prefill chunk 29/195 (14.9%) chunk=18.34 t/s avg=19.01 t/s 1.525s
0824 03:12:17 ds4-server: chat ctx=0..195:195 prefill chunk 30/195 (15.4%) chunk=18.99 t/s avg=19.01 t/s 1.578s
0824 03:12:17 ds4-server: chat ctx=0..195:195 prefill chunk 31/195 (15.9%) chunk=18.30 t/s avg=18.99 t/s 1.633s
ds4: qwen35moe experts/token avg over 128 tokens: 0:15.1 1:15.8 2:15.8 3:16.8 4:16.9 5:16.5 6:16.3 7:17.3 8:17.3 9:16.8 10:15.7 11:15.5 12:16.3 13:16.6 14:16.6 15:16.8 16:16.8 17:16.3 18:16.5 19:15.9 20:17.2 21:16.5 22:15.7 23:15.8 24:17.1 25:16.0 26:16.9 27:16.5 28:16.3 29:16.6 30:16.3 31:16.9 32:15.9 33:15.9 34:16.3 35:17.8 36:17.7 37:18.7 38:19.3 39:18.1 | mean 16.6
0824 03:12:17 ds4-server: chat ctx=0..195:195 prefill chunk 32/195 (16.4%) chunk=18.05 t/s avg=18.96 t/s 1.688s
0824 03:12:17 ds4-server: chat ctx=0..195:195 prefill chunk 33/195 (16.9%) chunk=19.28 t/s avg=18.97 t/s 1.740s
0824 03:12:17 ds4-server: chat ctx=0..195:195 prefill chunk 34/195 (17.4%) chunk=18.57 t/s avg=18.95 t/s 1.794s
0824 03:12:17 ds4-server: chat ctx=0..195:195 prefill chunk 35/195 (17.9%) chunk=18.28 t/s avg=18.93 t/s 1.848s
0824 03:12:17 ds4-server: chat ctx=0..195:195 prefill chunk 36/195 (18.5%) chunk=18.86 t/s avg=18.93 t/s 1.902s
0824 03:12:17 ds4-server: chat ctx=0..195:195 prefill chunk 37/195 (19.0%) chunk=17.49 t/s avg=18.89 t/s 1.959s
0824 03:12:17 ds4-server: chat ctx=0..195:195 prefill chunk 38/195 (19.5%) chunk=17.94 t/s avg=18.86 t/s 2.014s
0824 03:12:17 ds4-server: chat ctx=0..195:195 prefill chunk 39/195 (20.0%) chunk=18.28 t/s avg=18.85 t/s 2.069s
0824 03:12:17 ds4-server: chat ctx=0..195:195 prefill chunk 40/195 (20.5%) chunk=18.03 t/s avg=18.83 t/s 2.125s
0824 03:12:17 ds4-server: chat ctx=0..195:195 prefill chunk 41/195 (21.0%) chunk=18.73 t/s avg=18.82 t/s 2.178s
0824 03:12:18 ds4-server: chat ctx=0..195:195 prefill chunk 42/195 (21.5%) chunk=18.24 t/s avg=18.81 t/s 2.233s
0824 03:12:18 ds4-server: chat ctx=0..195:195 prefill chunk 43/195 (22.1%) chunk=19.01 t/s avg=18.81 t/s 2.285s
0824 03:12:18 ds4-server: chat ctx=0..195:195 prefill chunk 44/195 (22.6%) chunk=19.30 t/s avg=18.83 t/s 2.337s
0824 03:12:18 ds4-server: chat ctx=0..195:195 prefill chunk 45/195 (23.1%) chunk=18.42 t/s avg=18.82 t/s 2.392s
0824 03:12:18 ds4-server: chat ctx=0..195:195 prefill chunk 46/195 (23.6%) chunk=18.90 t/s avg=18.82 t/s 2.444s
0824 03:12:18 ds4-server: chat ctx=0..195:195 prefill chunk 47/195 (24.1%) chunk=18.01 t/s avg=18.80 t/s 2.500s
0824 03:12:18 ds4-server: chat ctx=0..195:195 prefill chunk 48/195 (24.6%) chunk=17.98 t/s avg=18.78 t/s 2.556s
0824 03:12:18 ds4-server: chat ctx=0..195:195 prefill chunk 49/195 (25.1%) chunk=18.59 t/s avg=18.78 t/s 2.609s
0824 03:12:18 ds4-server: chat ctx=0..195:195 prefill chunk 50/195 (25.6%) chunk=18.31 t/s avg=18.77 t/s 2.664s
0824 03:12:18 ds4-server: chat ctx=0..195:195 prefill chunk 51/195 (26.2%) chunk=18.24 t/s avg=18.76 t/s 2.719s
0824 03:12:18 ds4-server: chat ctx=0..195:195 prefill chunk 52/195 (26.7%) chunk=18.46 t/s avg=18.75 t/s 2.773s
0824 03:12:18 ds4-server: chat ctx=0..195:195 prefill chunk 53/195 (27.2%) chunk=17.99 t/s avg=18.74 t/s 2.829s
0824 03:12:18 ds4-server: chat ctx=0..195:195 prefill chunk 54/195 (27.7%) chunk=18.97 t/s avg=18.74 t/s 2.881s
0824 03:12:18 ds4-server: chat ctx=0..195:195 prefill chunk 55/195 (28.2%) chunk=19.23 t/s avg=18.75 t/s 2.933s
0824 03:12:18 ds4-server: chat ctx=0..195:195 prefill chunk 56/195 (28.7%) chunk=18.65 t/s avg=18.75 t/s 2.987s
0824 03:12:18 ds4-server: chat ctx=0..195:195 prefill chunk 57/195 (29.2%) chunk=19.21 t/s avg=18.76 t/s 3.039s
0824 03:12:18 ds4-server: chat ctx=0..195:195 prefill chunk 58/195 (29.7%) chunk=17.95 t/s avg=18.74 t/s 3.095s
0824 03:12:18 ds4-server: chat ctx=0..195:195 prefill chunk 59/195 (30.3%) chunk=18.86 t/s avg=18.74 t/s 3.148s
0824 03:12:18 ds4-server: chat ctx=0..195:195 prefill chunk 60/195 (30.8%) chunk=19.30 t/s avg=18.75 t/s 3.200s
0824 03:12:19 ds4-server: chat ctx=0..195:195 prefill chunk 61/195 (31.3%) chunk=19.28 t/s avg=18.76 t/s 3.251s
0824 03:12:19 ds4-server: chat ctx=0..195:195 prefill chunk 62/195 (31.8%) chunk=20.14 t/s avg=18.78 t/s 3.301s
0824 03:12:19 ds4-server: chat ctx=0..195:195 prefill chunk 63/195 (32.3%) chunk=19.05 t/s avg=18.79 t/s 3.354s
0824 03:12:19 ds4-server: chat ctx=0..195:195 prefill chunk 64/195 (32.8%) chunk=20.07 t/s avg=18.80 t/s 3.403s
0824 03:12:19 ds4-server: chat ctx=0..195:195 prefill chunk 65/195 (33.3%) chunk=19.22 t/s avg=18.81 t/s 3.455s
0824 03:12:19 ds4-server: chat ctx=0..195:195 prefill chunk 66/195 (33.8%) chunk=18.84 t/s avg=18.81 t/s 3.508s
0824 03:12:19 ds4-server: chat ctx=0..195:195 prefill chunk 67/195 (34.4%) chunk=17.90 t/s avg=18.80 t/s 3.564s
0824 03:12:19 ds4-server: chat ctx=0..195:195 prefill chunk 68/195 (34.9%) chunk=18.36 t/s avg=18.79 t/s 3.619s
0824 03:12:19 ds4-server: chat ctx=0..195:195 prefill chunk 69/195 (35.4%) chunk=19.23 t/s avg=18.80 t/s 3.671s
0824 03:12:19 ds4-server: chat ctx=0..195:195 prefill chunk 70/195 (35.9%) chunk=18.04 t/s avg=18.79 t/s 3.726s
0824 03:12:19 ds4-server: chat ctx=0..195:195 prefill chunk 71/195 (36.4%) chunk=19.74 t/s avg=18.80 t/s 3.777s
0824 03:12:19 ds4-server: chat ctx=0..195:195 prefill chunk 72/195 (36.9%) chunk=18.49 t/s avg=18.79 t/s 3.831s
0824 03:12:19 ds4-server: chat ctx=0..195:195 prefill chunk 73/195 (37.4%) chunk=18.01 t/s avg=18.78 t/s 3.887s
0824 03:12:19 ds4-server: chat ctx=0..195:195 prefill chunk 74/195 (37.9%) chunk=19.77 t/s avg=18.80 t/s 3.937s
0824 03:12:19 ds4-server: chat ctx=0..195:195 prefill chunk 75/195 (38.5%) chunk=18.27 t/s avg=18.79 t/s 3.992s
0824 03:12:19 ds4-server: chat ctx=0..195:195 prefill chunk 76/195 (39.0%) chunk=18.99 t/s avg=18.79 t/s 4.044s
0824 03:12:19 ds4-server: chat ctx=0..195:195 prefill chunk 77/195 (39.5%) chunk=18.29 t/s avg=18.78 t/s 4.099s
0824 03:12:19 ds4-server: chat ctx=0..195:195 prefill chunk 78/195 (40.0%) chunk=18.09 t/s avg=18.78 t/s 4.154s
0824 03:12:19 ds4-server: chat ctx=0..195:195 prefill chunk 79/195 (40.5%) chunk=19.51 t/s avg=18.78 t/s 4.206s
0824 03:12:20 ds4-server: chat ctx=0..195:195 prefill chunk 80/195 (41.0%) chunk=18.52 t/s avg=18.78 t/s 4.260s
0824 03:12:20 ds4-server: chat ctx=0..195:195 prefill chunk 81/195 (41.5%) chunk=18.85 t/s avg=18.78 t/s 4.313s
0824 03:12:20 ds4-server: chat ctx=0..195:195 prefill chunk 82/195 (42.1%) chunk=18.45 t/s avg=18.78 t/s 4.367s
0824 03:12:20 ds4-server: chat ctx=0..195:195 prefill chunk 83/195 (42.6%) chunk=17.97 t/s avg=18.77 t/s 4.423s
0824 03:12:20 ds4-server: chat ctx=0..195:195 prefill chunk 84/195 (43.1%) chunk=19.04 t/s avg=18.77 t/s 4.475s
0824 03:12:20 ds4-server: chat ctx=0..195:195 prefill chunk 85/195 (43.6%) chunk=18.02 t/s avg=18.76 t/s 4.531s
0824 03:12:20 ds4-server: chat ctx=0..195:195 prefill chunk 86/195 (44.1%) chunk=18.46 t/s avg=18.76 t/s 4.585s
0824 03:12:20 ds4-server: chat ctx=0..195:195 prefill chunk 87/195 (44.6%) chunk=19.19 t/s avg=18.76 t/s 4.637s
0824 03:12:20 ds4-server: chat ctx=0..195:195 prefill chunk 88/195 (45.1%) chunk=18.53 t/s avg=18.76 t/s 4.691s
0824 03:12:20 ds4-server: chat ctx=0..195:195 prefill chunk 89/195 (45.6%) chunk=18.65 t/s avg=18.76 t/s 4.744s
0824 03:12:20 ds4-server: chat ctx=0..195:195 prefill chunk 90/195 (46.2%) chunk=18.08 t/s avg=18.75 t/s 4.800s
0824 03:12:20 ds4-server: chat ctx=0..195:195 prefill chunk 91/195 (46.7%) chunk=18.29 t/s avg=18.75 t/s 4.854s
0824 03:12:20 ds4-server: chat ctx=0..195:195 prefill chunk 92/195 (47.2%) chunk=18.68 t/s avg=18.75 t/s 4.908s
0824 03:12:20 ds4-server: chat ctx=0..195:195 prefill chunk 93/195 (47.7%) chunk=18.18 t/s avg=18.74 t/s 4.963s
0824 03:12:20 ds4-server: chat ctx=0..195:195 prefill chunk 94/195 (48.2%) chunk=19.20 t/s avg=18.74 t/s 5.015s
0824 03:12:20 ds4-server: chat ctx=0..195:195 prefill chunk 95/195 (48.7%) chunk=18.74 t/s avg=18.74 t/s 5.068s
0824 03:12:20 ds4-server: chat ctx=0..195:195 prefill chunk 96/195 (49.2%) chunk=18.24 t/s avg=18.74 t/s 5.123s
0824 03:12:20 ds4-server: chat ctx=0..195:195 prefill chunk 97/195 (49.7%) chunk=18.39 t/s avg=18.73 t/s 5.178s
0824 03:12:21 ds4-server: chat ctx=0..195:195 prefill chunk 98/195 (50.3%) chunk=18.00 t/s avg=18.73 t/s 5.233s
0824 03:12:21 ds4-server: chat ctx=0..195:195 prefill chunk 99/195 (50.8%) chunk=17.80 t/s avg=18.72 t/s 5.289s
0824 03:12:21 ds4-server: chat ctx=0..195:195 prefill chunk 100/195 (51.3%) chunk=18.48 t/s avg=18.71 t/s 5.343s
0824 03:12:21 ds4-server: chat ctx=0..195:195 prefill chunk 101/195 (51.8%) chunk=17.72 t/s avg=18.70 t/s 5.400s
0824 03:12:21 ds4-server: chat ctx=0..195:195 prefill chunk 102/195 (52.3%) chunk=18.19 t/s avg=18.70 t/s 5.455s
0824 03:12:21 ds4-server: chat ctx=0..195:195 prefill chunk 103/195 (52.8%) chunk=18.62 t/s avg=18.70 t/s 5.509s
0824 03:12:21 ds4-server: chat ctx=0..195:195 prefill chunk 104/195 (53.3%) chunk=18.00 t/s avg=18.69 t/s 5.564s
0824 03:12:21 ds4-server: chat ctx=0..195:195 prefill chunk 105/195 (53.8%) chunk=18.15 t/s avg=18.69 t/s 5.619s
0824 03:12:21 ds4-server: chat ctx=0..195:195 prefill chunk 106/195 (54.4%) chunk=17.67 t/s avg=18.68 t/s 5.676s
0824 03:12:21 ds4-server: chat ctx=0..195:195 prefill chunk 107/195 (54.9%) chunk=17.85 t/s avg=18.67 t/s 5.732s
0824 03:12:21 ds4-server: chat ctx=0..195:195 prefill chunk 108/195 (55.4%) chunk=18.12 t/s avg=18.66 t/s 5.787s
0824 03:12:21 ds4-server: chat ctx=0..195:195 prefill chunk 109/195 (55.9%) chunk=18.00 t/s avg=18.66 t/s 5.843s
0824 03:12:21 ds4-server: chat ctx=0..195:195 prefill chunk 110/195 (56.4%) chunk=17.94 t/s avg=18.65 t/s 5.898s
0824 03:12:21 ds4-server: chat ctx=0..195:195 prefill chunk 111/195 (56.9%) chunk=18.03 t/s avg=18.64 t/s 5.954s
0824 03:12:21 ds4-server: chat ctx=0..195:195 prefill chunk 112/195 (57.4%) chunk=18.74 t/s avg=18.64 t/s 6.007s
0824 03:12:21 ds4-server: chat ctx=0..195:195 prefill chunk 113/195 (57.9%) chunk=17.66 t/s avg=18.64 t/s 6.064s
0824 03:12:21 ds4-server: chat ctx=0..195:195 prefill chunk 114/195 (58.5%) chunk=17.46 t/s avg=18.62 t/s 6.121s
0824 03:12:21 ds4-server: chat ctx=0..195:195 prefill chunk 115/195 (59.0%) chunk=18.83 t/s avg=18.63 t/s 6.174s
0824 03:12:22 ds4-server: chat ctx=0..195:195 prefill chunk 116/195 (59.5%) chunk=17.77 t/s avg=18.62 t/s 6.230s
0824 03:12:22 ds4-server: chat ctx=0..195:195 prefill chunk 117/195 (60.0%) chunk=17.61 t/s avg=18.61 t/s 6.287s
0824 03:12:22 ds4-server: chat ctx=0..195:195 prefill chunk 118/195 (60.5%) chunk=18.86 t/s avg=18.61 t/s 6.340s
0824 03:12:22 ds4-server: chat ctx=0..195:195 prefill chunk 119/195 (61.0%) chunk=18.38 t/s avg=18.61 t/s 6.395s
0824 03:12:22 ds4-server: chat ctx=0..195:195 prefill chunk 120/195 (61.5%) chunk=17.44 t/s avg=18.60 t/s 6.452s
0824 03:12:22 ds4-server: chat ctx=0..195:195 prefill chunk 121/195 (62.1%) chunk=18.08 t/s avg=18.59 t/s 6.507s
0824 03:12:22 ds4-server: chat ctx=0..195:195 prefill chunk 122/195 (62.6%) chunk=18.30 t/s avg=18.59 t/s 6.562s
0824 03:12:22 ds4-server: chat ctx=0..195:195 prefill chunk 123/195 (63.1%) chunk=18.06 t/s avg=18.59 t/s 6.617s
0824 03:12:22 ds4-server: chat ctx=0..195:195 prefill chunk 124/195 (63.6%) chunk=17.71 t/s avg=18.58 t/s 6.674s
0824 03:12:22 ds4-server: chat ctx=0..195:195 prefill chunk 125/195 (64.1%) chunk=17.80 t/s avg=18.57 t/s 6.730s
0824 03:12:22 ds4-server: chat ctx=0..195:195 prefill chunk 126/195 (64.6%) chunk=17.99 t/s avg=18.57 t/s 6.786s
0824 03:12:22 ds4-server: chat ctx=0..195:195 prefill chunk 127/195 (65.1%) chunk=18.07 t/s avg=18.56 t/s 6.841s
0824 03:12:22 ds4-server: chat ctx=0..195:195 prefill chunk 128/195 (65.6%) chunk=17.85 t/s avg=18.56 t/s 6.897s
0824 03:12:22 ds4-server: chat ctx=0..195:195 prefill chunk 129/195 (66.2%) chunk=18.03 t/s avg=18.55 t/s 6.952s
0824 03:12:22 ds4-server: chat ctx=0..195:195 prefill chunk 130/195 (66.7%) chunk=18.60 t/s avg=18.56 t/s 7.006s
0824 03:12:22 ds4-server: chat ctx=0..195:195 prefill chunk 131/195 (67.2%) chunk=18.28 t/s avg=18.55 t/s 7.061s
0824 03:12:22 ds4-server: chat ctx=0..195:195 prefill chunk 132/195 (67.7%) chunk=18.51 t/s avg=18.55 t/s 7.115s
0824 03:12:22 ds4-server: chat ctx=0..195:195 prefill chunk 133/195 (68.2%) chunk=18.18 t/s avg=18.55 t/s 7.170s
0824 03:12:23 ds4-server: chat ctx=0..195:195 prefill chunk 134/195 (68.7%) chunk=18.02 t/s avg=18.55 t/s 7.225s
0824 03:12:23 ds4-server: chat ctx=0..195:195 prefill chunk 135/195 (69.2%) chunk=17.36 t/s avg=18.54 t/s 7.283s
0824 03:12:23 ds4-server: chat ctx=0..195:195 prefill chunk 136/195 (69.7%) chunk=18.26 t/s avg=18.53 t/s 7.338s
0824 03:12:23 ds4-server: chat ctx=0..195:195 prefill chunk 137/195 (70.3%) chunk=18.28 t/s avg=18.53 t/s 7.392s
0824 03:12:23 ds4-server: chat ctx=0..195:195 prefill chunk 138/195 (70.8%) chunk=18.49 t/s avg=18.53 t/s 7.446s
0824 03:12:23 ds4-server: chat ctx=0..195:195 prefill chunk 139/195 (71.3%) chunk=17.31 t/s avg=18.52 t/s 7.504s
0824 03:12:23 ds4-server: chat ctx=0..195:195 prefill chunk 140/195 (71.8%) chunk=17.61 t/s avg=18.52 t/s 7.561s
0824 03:12:23 ds4-server: chat ctx=0..195:195 prefill chunk 141/195 (72.3%) chunk=18.56 t/s avg=18.52 t/s 7.615s
0824 03:12:23 ds4-server: chat ctx=0..195:195 prefill chunk 142/195 (72.8%) chunk=17.47 t/s avg=18.51 t/s 7.672s
0824 03:12:23 ds4-server: chat ctx=0..195:195 prefill chunk 143/195 (73.3%) chunk=17.83 t/s avg=18.50 t/s 7.728s
0824 03:12:23 ds4-server: chat ctx=0..195:195 prefill chunk 144/195 (73.8%) chunk=17.93 t/s avg=18.50 t/s 7.784s
0824 03:12:23 ds4-server: chat ctx=0..195:195 prefill chunk 145/195 (74.4%) chunk=18.30 t/s avg=18.50 t/s 7.839s
0824 03:12:23 ds4-server: chat ctx=0..195:195 prefill chunk 146/195 (74.9%) chunk=17.09 t/s avg=18.49 t/s 7.897s
0824 03:12:23 ds4-server: chat ctx=0..195:195 prefill chunk 147/195 (75.4%) chunk=17.47 t/s avg=18.48 t/s 7.954s
0824 03:12:23 ds4-server: chat ctx=0..195:195 prefill chunk 148/195 (75.9%) chunk=18.03 t/s avg=18.48 t/s 8.010s
0824 03:12:23 ds4-server: chat ctx=0..195:195 prefill chunk 149/195 (76.4%) chunk=17.95 t/s avg=18.47 t/s 8.066s
0824 03:12:23 ds4-server: chat ctx=0..195:195 prefill chunk 150/195 (76.9%) chunk=17.55 t/s avg=18.47 t/s 8.123s
0824 03:12:23 ds4-server: chat ctx=0..195:195 prefill chunk 151/195 (77.4%) chunk=18.01 t/s avg=18.46 t/s 8.178s
0824 03:12:24 ds4-server: chat ctx=0..195:195 prefill chunk 152/195 (77.9%) chunk=17.10 t/s avg=18.45 t/s 8.237s
0824 03:12:24 ds4-server: chat ctx=0..195:195 prefill chunk 153/195 (78.5%) chunk=17.24 t/s avg=18.45 t/s 8.295s
0824 03:12:24 ds4-server: chat ctx=0..195:195 prefill chunk 154/195 (79.0%) chunk=17.33 t/s avg=18.44 t/s 8.352s
0824 03:12:24 ds4-server: chat ctx=0..195:195 prefill chunk 155/195 (79.5%) chunk=18.08 t/s avg=18.44 t/s 8.408s
0824 03:12:24 ds4-server: chat ctx=0..195:195 prefill chunk 156/195 (80.0%) chunk=17.65 t/s avg=18.43 t/s 8.464s
0824 03:12:24 ds4-server: chat ctx=0..195:195 prefill chunk 157/195 (80.5%) chunk=18.19 t/s avg=18.43 t/s 8.519s
0824 03:12:24 ds4-server: chat ctx=0..195:195 prefill chunk 158/195 (81.0%) chunk=17.96 t/s avg=18.43 t/s 8.575s
0824 03:12:24 ds4-server: chat ctx=0..195:195 prefill chunk 159/195 (81.5%) chunk=17.88 t/s avg=18.42 t/s 8.631s
ds4: qwen35moe experts/token avg over 128 tokens: 0:14.2 1:14.3 2:14.8 3:16.2 4:16.0 5:15.3 6:15.1 7:16.6 8:17.3 9:16.3 10:14.8 11:14.3 12:15.5 13:15.2 14:16.1 15:15.3 16:14.8 17:15.2 18:15.6 19:15.0 20:17.0 21:15.8 22:15.3 23:14.7 24:15.0 25:14.7 26:15.7 27:16.2 28:16.1 29:16.5 30:17.0 31:17.4 32:16.8 33:17.2 34:16.4 35:19.0 36:18.9 37:19.2 38:19.4 39:18.3 | mean 16.1
0824 03:12:24 ds4-server: chat ctx=0..195:195 prefill chunk 160/195 (82.1%) chunk=17.90 t/s avg=18.42 t/s 8.687s
0824 03:12:24 ds4-server: chat ctx=0..195:195 prefill chunk 161/195 (82.6%) chunk=17.81 t/s avg=18.42 t/s 8.743s
0824 03:12:24 ds4-server: chat ctx=0..195:195 prefill chunk 162/195 (83.1%) chunk=18.14 t/s avg=18.41 t/s 8.798s
0824 03:12:24 ds4-server: chat ctx=0..195:195 prefill chunk 163/195 (83.6%) chunk=17.32 t/s avg=18.41 t/s 8.856s
0824 03:12:24 ds4-server: chat ctx=0..195:195 prefill chunk 164/195 (84.1%) chunk=17.97 t/s avg=18.40 t/s 8.911s
0824 03:12:24 ds4-server: chat ctx=0..195:195 prefill chunk 165/195 (84.6%) chunk=17.17 t/s avg=18.40 t/s 8.970s
0824 03:12:24 ds4-server: chat ctx=0..195:195 prefill chunk 166/195 (85.1%) chunk=17.94 t/s avg=18.39 t/s 9.025s
0824 03:12:24 ds4-server: chat ctx=0..195:195 prefill chunk 167/195 (85.6%) chunk=18.14 t/s avg=18.39 t/s 9.080s
0824 03:12:24 ds4-server: chat ctx=0..195:195 prefill chunk 168/195 (86.2%) chunk=17.42 t/s avg=18.38 t/s 9.138s
0824 03:12:24 ds4-server: chat ctx=0..195:195 prefill chunk 169/195 (86.7%) chunk=16.90 t/s avg=18.38 t/s 9.197s
0824 03:12:25 ds4-server: chat ctx=0..195:195 prefill chunk 170/195 (87.2%) chunk=17.60 t/s avg=18.37 t/s 9.254s
0824 03:12:25 ds4-server: chat ctx=0..195:195 prefill chunk 171/195 (87.7%) chunk=18.25 t/s avg=18.37 t/s 9.309s
0824 03:12:25 ds4-server: chat ctx=0..195:195 prefill chunk 172/195 (88.2%) chunk=17.10 t/s avg=18.36 t/s 9.367s
0824 03:12:25 ds4-server: chat ctx=0..195:195 prefill chunk 173/195 (88.7%) chunk=17.85 t/s avg=18.36 t/s 9.423s
0824 03:12:25 ds4-server: chat ctx=0..195:195 prefill chunk 174/195 (89.2%) chunk=18.32 t/s avg=18.36 t/s 9.478s
0824 03:12:25 ds4-server: chat ctx=0..195:195 prefill chunk 175/195 (89.7%) chunk=17.95 t/s avg=18.36 t/s 9.533s
0824 03:12:25 ds4-server: chat ctx=0..195:195 prefill chunk 176/195 (90.3%) chunk=17.35 t/s avg=18.35 t/s 9.591s
0824 03:12:25 ds4-server: chat ctx=0..195:195 prefill chunk 177/195 (90.8%) chunk=18.55 t/s avg=18.35 t/s 9.645s
0824 03:12:25 ds4-server: chat ctx=0..195:195 prefill chunk 178/195 (91.3%) chunk=17.86 t/s avg=18.35 t/s 9.701s
0824 03:12:25 ds4-server: chat ctx=0..195:195 prefill chunk 179/195 (91.8%) chunk=16.93 t/s avg=18.34 t/s 9.760s
0824 03:12:25 ds4-server: chat ctx=0..195:195 prefill chunk 180/195 (92.3%) chunk=17.22 t/s avg=18.33 t/s 9.818s
0824 03:12:25 ds4-server: chat ctx=0..195:195 prefill chunk 181/195 (92.8%) chunk=18.50 t/s avg=18.33 t/s 9.872s
0824 03:12:25 ds4-server: chat ctx=0..195:195 prefill chunk 182/195 (93.3%) chunk=17.35 t/s avg=18.33 t/s 9.930s
0824 03:12:25 ds4-server: chat ctx=0..195:195 prefill chunk 183/195 (93.8%) chunk=16.92 t/s avg=18.32 t/s 9.989s
0824 03:12:25 ds4-server: chat ctx=0..195:195 prefill chunk 184/195 (94.4%) chunk=18.54 t/s avg=18.32 t/s 10.043s
0824 03:12:25 ds4-server: chat ctx=0..195:195 prefill chunk 185/195 (94.9%) chunk=17.55 t/s avg=18.32 t/s 10.100s
0824 03:12:25 ds4-server: chat ctx=0..195:195 prefill chunk 186/195 (95.4%) chunk=17.82 t/s avg=18.31 t/s 10.156s
0824 03:12:26 ds4-server: chat ctx=0..195:195 prefill chunk 187/195 (95.9%) chunk=17.71 t/s avg=18.31 t/s 10.212s
0824 03:12:26 ds4-server: chat ctx=0..195:195 prefill chunk 188/195 (96.4%) chunk=18.21 t/s avg=18.31 t/s 10.267s
0824 03:12:26 ds4-server: chat ctx=0..195:195 prefill chunk 189/195 (96.9%) chunk=18.75 t/s avg=18.31 t/s 10.321s
0824 03:12:26 ds4-server: chat ctx=0..195:195 prefill chunk 190/195 (97.4%) chunk=18.06 t/s avg=18.31 t/s 10.376s
0824 03:12:26 ds4-server: chat ctx=0..195:195 prefill chunk 191/195 (97.9%) chunk=17.97 t/s avg=18.31 t/s 10.432s
0824 03:12:26 ds4-server: chat ctx=0..195:195 prefill chunk 192/195 (98.5%) chunk=18.98 t/s avg=18.31 t/s 10.484s
0824 03:12:26 ds4-server: chat ctx=0..195:195 prefill chunk 193/195 (99.0%) chunk=18.32 t/s avg=18.31 t/s 10.539s
0824 03:12:26 ds4-server: chat ctx=0..195:195 prefill chunk 194/195 (99.5%) chunk=19.26 t/s avg=18.32 t/s 10.591s
0824 03:12:26 ds4-server: chat ctx=0..195:195 prefill chunk 195/195 (100.0%) chunk=19.73 t/s avg=18.32 t/s 10.642s
0824 03:12:26 ds4-server: chat ctx=0..195:195 prompt done 10.642s
0824 03:12:29 ds4-server: chat ctx=195..245:50 gen=50 THINKING decoding chunk=18.19 t/s avg=18.19 t/s 2.749s
ds4: qwen35moe experts/token avg over 128 tokens: 0:13.7 1:14.5 2:15.6 3:16.3 4:17.1 5:16.4 6:16.0 7:16.8 8:17.9 9:17.4 10:15.8 11:14.6 12:16.5 13:15.2 14:16.3 15:16.6 16:16.2 17:16.2 18:16.0 19:15.8 20:17.6 21:16.8 22:15.7 23:15.8 24:16.0 25:15.6 26:16.6 27:17.1 28:16.8 29:17.0 30:17.6 31:17.6 32:17.4 33:17.5 34:17.2 35:18.7 36:19.1 37:19.3 38:19.5 39:19.3 | mean 16.7
0824 03:12:32 ds4-server: chat ctx=245..295:50 gen=100 THINKING decoding chunk=17.38 t/s avg=17.77 t/s 5.626s
0824 03:12:34 ds4-server: chat ctx=295..345:50 gen=150 THINKING decoding chunk=17.36 t/s avg=17.63 t/s 8.506s
0824 03:12:37 ds4-server: chat ctx=345..395:50 gen=200 THINKING decoding chunk=17.97 t/s avg=17.72 t/s 11.289s
ds4: qwen35moe experts/token avg over 128 tokens: 0:14.3 1:14.7 2:15.7 3:16.6 4:16.8 5:16.2 6:15.5 7:17.0 8:17.8 9:16.5 10:15.4 11:15.0 12:16.4 13:15.8 14:15.9 15:16.2 16:16.2 17:15.9 18:16.2 19:16.2 20:17.3 21:16.1 22:15.5 23:15.5 24:16.2 25:16.4 26:15.9 27:16.3 28:16.1 29:16.6 30:16.3 31:17.4 32:16.4 33:16.1 34:16.5 35:17.5 36:18.1 37:18.7 38:19.2 39:18.2 | mean 16.4
0824 03:12:40 ds4-server: chat ctx=395..445:50 gen=250 THINKING decoding chunk=17.85 t/s avg=17.74 t/s 14.090s
0824 03:12:43 ds4-server: chat ctx=445..495:50 gen=300 THINKING decoding chunk=17.71 t/s avg=17.74 t/s 16.913s
ds4: qwen35moe experts/token avg over 128 tokens: 0:14.9 1:15.5 2:15.6 3:16.5 4:15.8 5:15.5 6:15.6 7:17.0 8:17.9 9:16.8 10:14.9 11:14.8 12:16.2 13:15.7 14:15.7 15:15.1 16:15.0 17:15.1 18:15.1 19:14.7 20:16.7 21:15.5 22:14.9 23:14.2 24:15.6 25:15.2 26:15.7 27:15.5 28:15.4 29:15.0 30:14.9 31:15.7 32:14.5 33:14.2 34:13.8 35:16.2 36:16.9 37:17.8 38:18.6 39:16.8 | mean 15.7
0824 03:12:46 ds4-server: chat ctx=495..545:50 gen=350 THINKING decoding chunk=17.64 t/s avg=17.72 t/s 19.748s
0824 03:12:49 ds4-server: chat ctx=545..595:50 gen=400 THINKING decoding chunk=17.44 t/s avg=17.69 t/s 22.615s
0824 03:12:51 ds4-server: chat ctx=595..645:50 gen=450 THINKING decoding chunk=17.29 t/s avg=17.64 t/s 25.506s
ds4: qwen35moe experts/token avg over 128 tokens: 0:15.5 1:15.5 2:15.8 3:16.6 4:16.7 5:15.9 6:16.0 7:17.1 8:18.3 9:17.5 10:15.9 11:15.2 12:16.9 13:16.0 14:16.8 15:16.6 16:15.1 17:15.6 18:16.5 19:16.0 20:17.5 21:17.4 22:15.3 23:15.5 24:15.5 25:15.5 26:16.6 27:16.6 28:15.7 29:15.8 30:16.5 31:16.8 32:16.0 33:15.6 34:15.3 35:17.7 36:17.5 37:18.1 38:18.9 39:17.7 | mean 16.4
0824 03:12:54 ds4-server: chat ctx=645..695:50 gen=500 THINKING decoding chunk=16.68 t/s avg=17.54 t/s 28.503s
0824 03:12:57 ds4-server: chat ctx=695..745:50 gen=550 THINKING decoding chunk=16.63 t/s avg=17.45 t/s 31.510s
0824 03:13:00 ds4-server: chat ctx=745..795:50 gen=600 THINKING decoding chunk=17.41 t/s avg=17.45 t/s 34.383s
ds4: qwen35moe experts/token avg over 128 tokens: 0:15.5 1:15.2 2:16.1 3:16.4 4:17.1 5:16.8 6:16.5 7:17.6 8:18.0 9:17.0 10:16.6 11:15.5 12:16.7 13:15.9 14:16.8 15:16.4 16:15.6 17:17.0 18:16.5 19:16.8 20:17.3 21:16.8 22:16.0 23:16.3 24:15.8 25:15.4 26:16.4 27:15.9 28:15.8 29:16.5 30:16.4 31:16.8 32:16.0 33:15.9 34:16.3 35:17.9 36:18.0 37:18.0 38:18.8 39:18.0 | mean 16.6
0824 03:13:03 ds4-server: chat ctx=795..845:50 gen=650 THINKING decoding chunk=17.12 t/s avg=17.42 t/s 37.304s
0824 03:13:06 ds4-server: chat ctx=845..895:50 gen=700 THINKING decoding chunk=17.05 t/s avg=17.40 t/s 40.236s
ds4: qwen35moe experts/token avg over 128 tokens: 0:14.4 1:15.4 2:15.7 3:16.6 4:16.2 5:15.5 6:15.7 7:17.0 8:17.8 9:16.8 10:15.3 11:14.6 12:16.4 13:15.7 14:16.6 15:16.2 16:15.4 17:15.8 18:15.6 19:15.3 20:16.7 21:16.7 22:14.7 23:14.7 24:14.9 25:15.5 26:15.9 27:15.6 28:14.9 29:14.9 30:14.6 31:15.8 32:14.3 33:14.2 34:13.6 35:16.7 36:16.5 37:17.0 38:18.3 39:16.3 | mean 15.7
0824 03:13:09 ds4-server: chat ctx=895..945:50 gen=750 THINKING decoding chunk=16.79 t/s avg=17.36 t/s 43.214s
0824 03:13:12 ds4-server: chat ctx=945..995:50 gen=800 THINKING decoding chunk=16.99 t/s avg=17.33 t/s 46.156s
0824 03:13:15 ds4-server: chat ctx=995..1045:50 gen=850 THINKING decoding chunk=16.63 t/s avg=17.29 t/s 49.163s
ds4: qwen35moe experts/token avg over 128 tokens: 0:15.0 1:15.1 2:15.1 3:16.4 4:15.8 5:15.4 6:15.9 7:16.6 8:18.2 9:16.2 10:15.3 11:14.9 12:16.3 13:16.2 14:16.2 15:15.5 16:15.6 17:16.4 18:16.1 19:15.2 20:17.3 21:16.2 22:15.3 23:14.8 24:15.9 25:15.9 26:15.9 27:15.6 28:15.5 29:15.8 30:15.1 31:16.0 32:14.9 33:14.4 34:14.2 35:17.1 36:17.4 37:18.1 38:19.0 39:17.5 | mean 16.0
0824 03:13:18 ds4-server: chat ctx=1045..1095:50 gen=900 THINKING decoding chunk=16.36 t/s avg=17.23 t/s 52.220s
0824 03:13:21 ds4-server: chat ctx=1095..1145:50 gen=950 THINKING decoding chunk=16.16 t/s avg=17.17 t/s 55.314s
ds4: qwen35moe experts/token avg over 128 tokens: 0:15.2 1:15.5 2:16.2 3:17.3 4:16.8 5:16.5 6:16.6 7:17.6 8:18.7 9:18.1 10:16.8 11:16.1 12:16.8 13:17.2 14:17.5 15:16.8 16:16.2 17:17.1 18:16.8 19:16.3 20:18.2 21:18.1 22:16.1 23:15.8 24:16.3 25:16.5 26:16.9 27:16.2 28:15.9 29:16.6 30:15.8 31:16.9 32:15.4 33:15.0 34:15.4 35:17.1 36:17.2 37:18.4 38:18.8 39:17.6 | mean 16.8
0824 03:13:24 ds4-server: chat ctx=1145..1195:50 gen=1000 THINKING decoding chunk=16.32 t/s avg=17.13 t/s 58.377s
0824 03:13:27 ds4-server: chat ctx=1195..1245:50 gen=1050 THINKING decoding chunk=16.46 t/s avg=17.10 t/s 61.416s
0824 03:13:30 ds4-server: chat ctx=1245..1295:50 gen=1100 THINKING decoding chunk=16.52 t/s avg=17.07 t/s 64.442s
ds4: qwen35moe experts/token avg over 128 tokens: 0:14.8 1:15.0 2:15.0 3:16.5 4:16.2 5:15.2 6:15.7 7:16.1 8:17.0 9:16.9 10:14.8 11:14.4 12:16.3 13:15.4 14:15.8 15:15.7 16:15.3 17:15.2 18:15.5 19:15.4 20:16.5 21:16.4 22:15.2 23:15.0 24:15.5 25:14.8 26:15.2 27:15.3 28:15.0 29:14.9 30:15.0 31:15.4 32:14.8 33:14.5 34:13.8 35:16.6 36:16.3 37:17.2 38:18.2 39:16.6 | mean 15.6
0824 03:13:33 ds4-server: chat ctx=1295..1345:50 gen=1150 THINKING decoding chunk=16.38 t/s avg=17.04 t/s 67.494s
0824 03:13:37 ds4-server: chat ctx=1345..1395:50 gen=1200 THINKING decoding chunk=16.19 t/s avg=17.00 t/s 70.583s
ds4: qwen35moe experts/token avg over 128 tokens: 0:15.2 1:15.0 2:14.8 3:16.9 4:16.2 5:15.3 6:15.8 7:16.3 8:17.5 9:16.2 10:14.9 11:14.3 12:15.7 13:15.6 14:16.3 15:16.1 16:15.3 17:15.7 18:15.7 19:15.1 20:16.5 21:16.1 22:15.3 23:14.8 24:15.8 25:15.8 26:15.5 27:15.6 28:14.8 29:15.0 30:14.8 31:15.9 32:14.7 33:14.1 34:14.2 35:16.6 36:16.4 37:17.2 38:18.8 39:16.5 | mean 15.7
0824 03:13:40 ds4-server: chat ctx=1395..1445:50 gen=1250 THINKING decoding chunk=15.99 t/s avg=16.96 t/s 73.711s
0824 03:13:43 ds4-server: chat ctx=1445..1495:50 gen=1300 THINKING decoding chunk=15.87 t/s avg=16.91 t/s 76.860s
0824 03:13:46 ds4-server: chat ctx=1495..1545:50 gen=1350 THINKING decoding chunk=15.65 t/s avg=16.86 t/s 80.055s
ds4: qwen35moe experts/token avg over 128 tokens: 0:15.5 1:15.3 2:16.2 3:17.4 4:17.0 5:16.3 6:15.9 7:17.9 8:18.9 9:17.6 10:15.9 11:15.6 12:17.9 13:16.6 14:17.5 15:16.2 16:16.0 17:16.7 18:16.4 19:15.6 20:18.1 21:16.8 22:16.2 23:15.6 24:16.4 25:16.1 26:17.0 27:15.7 28:15.7 29:16.1 30:15.4 31:15.8 32:14.9 33:14.6 34:14.4 35:17.1 36:17.4 37:17.8 38:18.8 39:17.3 | mean 16.5
0824 03:13:49 ds4-server: chat ctx=1545..1595:50 gen=1400 THINKING decoding chunk=15.67 t/s avg=16.82 t/s 83.245s
0824 03:13:52 ds4-server: chat ctx=1595..1645:50 gen=1450 THINKING decoding chunk=15.39 t/s avg=16.76 t/s 86.494s
0824 03:13:56 ds4-server: chat ctx=1645..1695:50 gen=1500 THINKING decoding chunk=15.52 t/s avg=16.72 t/s 89.715s
ds4: qwen35moe experts/token avg over 128 tokens: 0:14.9 1:16.2 2:15.5 3:17.4 4:17.1 5:16.5 6:16.6 7:18.2 8:18.6 9:18.0 10:16.1 11:16.2 12:17.2 13:16.8 14:17.3 15:17.5 16:17.0 17:16.9 18:16.5 19:16.7 20:17.9 21:17.6 22:16.5 23:16.2 24:16.6 25:16.2 26:16.9 27:16.6 28:15.8 29:16.6 30:16.2 31:17.4 32:15.9 33:16.1 34:15.9 35:17.7 36:17.6 37:18.2 38:19.1 39:17.7 | mean 16.9
0824 03:13:59 ds4-server: chat ctx=1695..1745:50 gen=1550 THINKING decoding chunk=15.69 t/s avg=16.68 t/s 92.902s
0824 03:14:02 ds4-server: chat ctx=1745..1795:50 gen=1600 decoding chunk=15.57 t/s avg=16.65 t/s 96.114s
ds4: qwen35moe experts/token avg over 128 tokens: 0:14.4 1:14.9 2:15.6 3:16.8 4:16.3 5:16.0 6:15.6 7:16.8 8:17.7 9:16.7 10:15.3 11:14.7 12:16.4 13:15.5 14:16.2 15:16.1 16:15.3 17:15.7 18:15.1 19:15.9 20:16.9 21:16.7 22:15.4 23:14.9 24:15.8 25:15.8 26:16.1 27:16.0 28:15.4 29:15.8 30:15.3 31:16.4 32:14.8 33:14.6 34:14.3 35:16.9 36:17.2 37:17.6 38:18.4 39:17.1 | mean 16.0
0824 03:14:05 ds4-server: chat ctx=1795..1845:50 gen=1650 decoding chunk=15.34 t/s avg=16.60 t/s 99.373s
0824 03:14:09 ds4-server: chat ctx=1845..1895:50 gen=1700 decoding chunk=15.20 t/s avg=16.56 t/s 102.663s
0824 03:14:12 ds4-server: chat ctx=1895..1945:50 gen=1750 decoding chunk=15.01 t/s avg=16.51 t/s 105.994s
ds4: qwen35moe experts/token avg over 128 tokens: 0:16.0 1:15.7 2:16.3 3:17.1 4:16.8 5:16.4 6:16.6 7:17.7 8:18.8 9:17.7 10:16.5 11:16.0 12:18.0 13:16.9 14:17.6 15:16.9 16:16.4 17:16.8 18:16.9 19:16.0 20:18.3 21:17.2 22:16.2 23:16.0 24:17.1 25:17.3 26:17.4 27:16.8 28:16.3 29:16.5 30:16.1 31:16.1 32:15.5 33:15.4 34:14.6 35:18.2 36:18.2 37:18.6 38:19.1 39:17.9 | mean 16.9
0824 03:14:15 ds4-server: chat ctx=1945..1995:50 gen=1800 decoding chunk=14.86 t/s avg=16.46 t/s 109.359s
0824 03:14:19 ds4-server: chat ctx=1995..2045:50 gen=1850 decoding chunk=15.02 t/s avg=16.42 t/s 112.688s
ds4: qwen35moe experts/token avg over 128 tokens: 0:15.3 1:16.4 2:16.6 3:17.3 4:16.8 5:17.2 6:17.2 7:18.5 8:19.0 9:18.4 10:16.7 11:16.2 12:17.4 13:17.1 14:18.1 15:17.3 16:16.8 17:17.6 18:17.4 19:17.4 20:18.5 21:18.2 22:17.2 23:16.5 24:16.6 25:16.7 26:17.0 27:17.1 28:16.4 29:17.0 30:16.1 31:16.9 32:15.8 33:15.7 34:15.4 35:17.4 36:18.0 37:18.3 38:19.1 39:17.8 | mean 17.2
0824 03:14:22 ds4-server: chat ctx=2045..2095:50 gen=1900 decoding chunk=14.78 t/s avg=16.37 t/s 116.071s
0824 03:14:25 ds4-server: chat ctx=2095..2136:41 gen=1941 decoding chunk=14.54 t/s avg=16.33 t/s 118.892s
0824 03:14:25 ds4-server: thinking live checkpoint remembered ctx=0..195:195 live=2136 visible=2794
0824 03:14:25 ds4-server: chat ctx=0..195:195 gen=1941 finish=stop 129.533s
0824 03:14:25 ds4-server: live kv cache miss live=2136 prompt=283 common=51 reason=token-mismatch
0824 03:14:25 ds4-server: chat ctx=0..283:283 prompt start
0824 03:14:25 ds4-server: chat ctx=0..283:283 prefill chunk 1/283 (0.4%) chunk=0.00 t/s avg=19.01 t/s 0.053s
0824 03:14:25 ds4-server: chat ctx=0..283:283 prefill chunk 2/283 (0.7%) chunk=20.09 t/s avg=19.53 t/s 0.102s
0824 03:14:25 ds4-server: chat ctx=0..283:283 prefill chunk 3/283 (1.1%) chunk=19.07 t/s avg=19.38 t/s 0.155s
0824 03:14:25 ds4-server: chat ctx=0..283:283 prefill chunk 4/283 (1.4%) chunk=19.79 t/s avg=19.48 t/s 0.205s
0824 03:14:25 ds4-server: chat ctx=0..283:283 prefill chunk 5/283 (1.8%) chunk=19.15 t/s avg=19.41 t/s 0.258s
0824 03:14:25 ds4-server: chat ctx=0..283:283 prefill chunk 6/283 (2.1%) chunk=19.63 t/s avg=19.45 t/s 0.309s
0824 03:14:25 ds4-server: chat ctx=0..283:283 prefill chunk 7/283 (2.5%) chunk=18.95 t/s avg=19.37 t/s 0.361s
0824 03:14:25 ds4-server: chat ctx=0..283:283 prefill chunk 8/283 (2.8%) chunk=18.78 t/s avg=19.30 t/s 0.415s
0824 03:14:25 ds4-server: chat ctx=0..283:283 prefill chunk 9/283 (3.2%) chunk=19.84 t/s avg=19.36 t/s 0.465s
0824 03:14:25 ds4-server: chat ctx=0..283:283 prefill chunk 10/283 (3.5%) chunk=18.84 t/s avg=19.30 t/s 0.518s
0824 03:14:25 ds4-server: chat ctx=0..283:283 prefill chunk 11/283 (3.9%) chunk=19.35 t/s avg=19.31 t/s 0.570s
0824 03:14:25 ds4-server: chat ctx=0..283:283 prefill chunk 12/283 (4.2%) chunk=18.50 t/s avg=19.24 t/s 0.624s
0824 03:14:26 ds4-server: chat ctx=0..283:283 prefill chunk 13/283 (4.6%) chunk=18.88 t/s avg=19.21 t/s 0.677s
0824 03:14:26 ds4-server: chat ctx=0..283:283 prefill chunk 14/283 (4.9%) chunk=18.64 t/s avg=19.17 t/s 0.730s
0824 03:14:26 ds4-server: chat ctx=0..283:283 prefill chunk 15/283 (5.3%) chunk=18.27 t/s avg=19.11 t/s 0.785s
0824 03:14:26 ds4-server: chat ctx=0..283:283 prefill chunk 16/283 (5.7%) chunk=18.92 t/s avg=19.09 t/s 0.838s
0824 03:14:26 ds4-server: chat ctx=0..283:283 prefill chunk 17/283 (6.0%) chunk=18.50 t/s avg=19.06 t/s 0.892s
0824 03:14:26 ds4-server: chat ctx=0..283:283 prefill chunk 18/283 (6.4%) chunk=18.73 t/s avg=19.04 t/s 0.945s
0824 03:14:26 ds4-server: chat ctx=0..283:283 prefill chunk 19/283 (6.7%) chunk=18.84 t/s avg=19.03 t/s 0.998s
0824 03:14:26 ds4-server: chat ctx=0..283:283 prefill chunk 20/283 (7.1%) chunk=17.93 t/s avg=18.97 t/s 1.054s
0824 03:14:26 ds4-server: chat ctx=0..283:283 prefill chunk 21/283 (7.4%) chunk=19.18 t/s avg=18.98 t/s 1.106s
0824 03:14:26 ds4-server: chat ctx=0..283:283 prefill chunk 22/283 (7.8%) chunk=18.96 t/s avg=18.98 t/s 1.159s
0824 03:14:26 ds4-server: chat ctx=0..283:283 prefill chunk 23/283 (8.1%) chunk=19.43 t/s avg=19.00 t/s 1.211s
0824 03:14:26 ds4-server: chat ctx=0..283:283 prefill chunk 24/283 (8.5%) chunk=19.19 t/s avg=19.01 t/s 1.263s
0824 03:14:26 ds4-server: chat ctx=0..283:283 prefill chunk 25/283 (8.8%) chunk=19.03 t/s avg=19.01 t/s 1.315s
0824 03:14:26 ds4-server: chat ctx=0..283:283 prefill chunk 26/283 (9.2%) chunk=19.56 t/s avg=19.03 t/s 1.366s
0824 03:14:26 ds4-server: chat ctx=0..283:283 prefill chunk 27/283 (9.5%) chunk=18.65 t/s avg=19.01 t/s 1.420s
0824 03:14:26 ds4-server: chat ctx=0..283:283 prefill chunk 28/283 (9.9%) chunk=19.51 t/s avg=19.03 t/s 1.471s
0824 03:14:26 ds4-server: chat ctx=0..283:283 prefill chunk 29/283 (10.2%) chunk=18.74 t/s avg=19.02 t/s 1.525s
0824 03:14:26 ds4-server: chat ctx=0..283:283 prefill chunk 30/283 (10.6%) chunk=18.92 t/s avg=19.02 t/s 1.577s
0824 03:14:26 ds4-server: chat ctx=0..283:283 prefill chunk 31/283 (11.0%) chunk=18.44 t/s avg=19.00 t/s 1.632s
0824 03:14:27 ds4-server: chat ctx=0..283:283 prefill chunk 32/283 (11.3%) chunk=18.25 t/s avg=18.97 t/s 1.687s
0824 03:14:27 ds4-server: chat ctx=0..283:283 prefill chunk 33/283 (11.7%) chunk=19.30 t/s avg=18.98 t/s 1.738s
0824 03:14:27 ds4-server: chat ctx=0..283:283 prefill chunk 34/283 (12.0%) chunk=18.28 t/s avg=18.96 t/s 1.793s
0824 03:14:27 ds4-server: chat ctx=0..283:283 prefill chunk 35/283 (12.4%) chunk=18.17 t/s avg=18.94 t/s 1.848s
0824 03:14:27 ds4-server: chat ctx=0..283:283 prefill chunk 36/283 (12.7%) chunk=18.92 t/s avg=18.94 t/s 1.901s
0824 03:14:27 ds4-server: chat ctx=0..283:283 prefill chunk 37/283 (13.1%) chunk=17.47 t/s avg=18.90 t/s 1.958s
0824 03:14:27 ds4-server: chat ctx=0..283:283 prefill chunk 38/283 (13.4%) chunk=17.76 t/s avg=18.86 t/s 2.014s
0824 03:14:27 ds4-server: chat ctx=0..283:283 prefill chunk 39/283 (13.8%) chunk=18.65 t/s avg=18.86 t/s 2.068s
0824 03:14:27 ds4-server: chat ctx=0..283:283 prefill chunk 40/283 (14.1%) chunk=18.12 t/s avg=18.84 t/s 2.123s
0824 03:14:27 ds4-server: chat ctx=0..283:283 prefill chunk 41/283 (14.5%) chunk=18.48 t/s avg=18.83 t/s 2.177s
0824 03:14:27 ds4-server: chat ctx=0..283:283 prefill chunk 42/283 (14.8%) chunk=18.46 t/s avg=18.82 t/s 2.232s
0824 03:14:27 ds4-server: chat ctx=0..283:283 prefill chunk 43/283 (15.2%) chunk=18.67 t/s avg=18.82 t/s 2.285s
0824 03:14:27 ds4-server: chat ctx=0..283:283 prefill chunk 44/283 (15.5%) chunk=19.16 t/s avg=18.83 t/s 2.337s
0824 03:14:27 ds4-server: chat ctx=0..283:283 prefill chunk 45/283 (15.9%) chunk=18.30 t/s avg=18.81 t/s 2.392s
0824 03:14:27 ds4-server: chat ctx=0..283:283 prefill chunk 46/283 (16.3%) chunk=18.17 t/s avg=18.80 t/s 2.447s
0824 03:14:27 ds4-server: chat ctx=0..283:283 prefill chunk 47/283 (16.6%) chunk=18.63 t/s avg=18.80 t/s 2.501s
0824 03:14:27 ds4-server: chat ctx=0..283:283 prefill chunk 48/283 (17.0%) chunk=18.18 t/s avg=18.78 t/s 2.556s
0824 03:14:27 ds4-server: chat ctx=0..283:283 prefill chunk 49/283 (17.3%) chunk=18.83 t/s avg=18.78 t/s 2.609s
0824 03:14:27 ds4-server: chat ctx=0..283:283 prefill chunk 50/283 (17.7%) chunk=18.32 t/s avg=18.77 t/s 2.663s
0824 03:14:28 ds4-server: chat ctx=0..283:283 prefill chunk 51/283 (18.0%) chunk=17.93 t/s avg=18.76 t/s 2.719s
0824 03:14:28 ds4-server: chat ctx=0..283:283 prefill chunk 52/283 (18.4%) chunk=19.28 t/s avg=18.77 t/s 2.771s
0824 03:14:28 ds4-server: chat ctx=0..283:283 prefill chunk 53/283 (18.7%) chunk=18.90 t/s avg=18.77 t/s 2.824s
0824 03:14:28 ds4-server: chat ctx=0..283:283 prefill chunk 54/283 (19.1%) chunk=18.82 t/s avg=18.77 t/s 2.877s
0824 03:14:28 ds4-server: chat ctx=0..283:283 prefill chunk 55/283 (19.4%) chunk=19.04 t/s avg=18.77 t/s 2.930s
0824 03:14:28 ds4-server: chat ctx=0..283:283 prefill chunk 56/283 (19.8%) chunk=18.02 t/s avg=18.76 t/s 2.985s
0824 03:14:28 ds4-server: chat ctx=0..283:283 prefill chunk 57/283 (20.1%) chunk=19.22 t/s avg=18.77 t/s 3.037s
0824 03:14:28 ds4-server: chat ctx=0..283:283 prefill chunk 58/283 (20.5%) chunk=19.17 t/s avg=18.77 t/s 3.089s
0824 03:14:28 ds4-server: chat ctx=0..283:283 prefill chunk 59/283 (20.8%) chunk=19.89 t/s avg=18.79 t/s 3.140s
0824 03:14:28 ds4-server: chat ctx=0..283:283 prefill chunk 60/283 (21.2%) chunk=19.60 t/s avg=18.81 t/s 3.191s
0824 03:14:28 ds4-server: chat ctx=0..283:283 prefill chunk 61/283 (21.6%) chunk=19.83 t/s avg=18.82 t/s 3.241s
0824 03:14:28 ds4-server: chat ctx=0..283:283 prefill chunk 62/283 (21.9%) chunk=19.43 t/s avg=18.83 t/s 3.292s
0824 03:14:28 ds4-server: chat ctx=0..283:283 prefill chunk 63/283 (22.3%) chunk=19.55 t/s avg=18.84 t/s 3.344s
0824 03:14:28 ds4-server: chat ctx=0..283:283 prefill chunk 64/283 (22.6%) chunk=18.89 t/s avg=18.84 t/s 3.397s
0824 03:14:28 ds4-server: chat ctx=0..283:283 prefill chunk 65/283 (23.0%) chunk=17.84 t/s avg=18.83 t/s 3.453s
0824 03:14:28 ds4-server: chat ctx=0..283:283 prefill chunk 66/283 (23.3%) chunk=19.19 t/s avg=18.83 t/s 3.505s
0824 03:14:28 ds4-server: chat ctx=0..283:283 prefill chunk 67/283 (23.7%) chunk=17.94 t/s avg=18.82 t/s 3.560s
0824 03:14:28 ds4-server: chat ctx=0..283:283 prefill chunk 68/283 (24.0%) chunk=18.05 t/s avg=18.81 t/s 3.616s
0824 03:14:28 ds4-server: chat ctx=0..283:283 prefill chunk 69/283 (24.4%) chunk=18.68 t/s avg=18.80 t/s 3.669s
0824 03:14:29 ds4-server: chat ctx=0..283:283 prefill chunk 70/283 (24.7%) chunk=18.37 t/s avg=18.80 t/s 3.724s
0824 03:14:29 ds4-server: chat ctx=0..283:283 prefill chunk 71/283 (25.1%) chunk=18.64 t/s avg=18.80 t/s 3.777s
ds4: qwen35moe experts/token avg over 128 tokens: 0:14.8 1:15.5 2:15.0 3:16.1 4:16.0 5:16.1 6:16.0 7:17.0 8:17.2 9:16.9 10:15.4 11:15.4 12:16.2 13:16.1 14:16.5 15:16.2 16:15.6 17:16.2 18:16.1 19:15.5 20:16.8 21:16.5 22:15.8 23:15.4 24:15.9 25:15.4 26:15.7 27:15.9 28:15.4 29:16.4 30:15.5 31:16.7 32:16.0 33:16.0 34:15.9 35:18.1 36:18.2 37:18.7 38:19.1 39:18.4 | mean 16.3
0824 03:14:29 ds4-server: chat ctx=0..283:283 prefill chunk 72/283 (25.4%) chunk=18.48 t/s avg=18.79 t/s 3.832s
0824 03:14:29 ds4-server: chat ctx=0..283:283 prefill chunk 73/283 (25.8%) chunk=18.01 t/s avg=18.78 t/s 3.887s
0824 03:14:29 ds4-server: chat ctx=0..283:283 prefill chunk 74/283 (26.1%) chunk=19.29 t/s avg=18.79 t/s 3.939s
0824 03:14:29 ds4-server: chat ctx=0..283:283 prefill chunk 75/283 (26.5%) chunk=18.24 t/s avg=18.78 t/s 3.994s
0824 03:14:29 ds4-server: chat ctx=0..283:283 prefill chunk 76/283 (26.9%) chunk=18.83 t/s avg=18.78 t/s 4.047s
0824 03:14:29 ds4-server: chat ctx=0..283:283 prefill chunk 77/283 (27.2%) chunk=19.41 t/s avg=18.79 t/s 4.098s
0824 03:14:29 ds4-server: chat ctx=0..283:283 prefill chunk 78/283 (27.6%) chunk=18.62 t/s avg=18.79 t/s 4.152s
0824 03:14:29 ds4-server: chat ctx=0..283:283 prefill chunk 79/283 (27.9%) chunk=19.28 t/s avg=18.79 t/s 4.204s
0824 03:14:29 ds4-server: chat ctx=0..283:283 prefill chunk 80/283 (28.3%) chunk=18.88 t/s avg=18.79 t/s 4.257s
0824 03:14:29 ds4-server: chat ctx=0..283:283 prefill chunk 81/283 (28.6%) chunk=19.13 t/s avg=18.80 t/s 4.309s
0824 03:14:29 ds4-server: chat ctx=0..283:283 prefill chunk 82/283 (29.0%) chunk=19.32 t/s avg=18.80 t/s 4.361s
0824 03:14:29 ds4-server: chat ctx=0..283:283 prefill chunk 83/283 (29.3%) chunk=18.67 t/s avg=18.80 t/s 4.414s
0824 03:14:29 ds4-server: chat ctx=0..283:283 prefill chunk 84/283 (29.7%) chunk=19.04 t/s avg=18.80 t/s 4.467s
0824 03:14:29 ds4-server: chat ctx=0..283:283 prefill chunk 85/283 (30.0%) chunk=18.11 t/s avg=18.80 t/s 4.522s
0824 03:14:29 ds4-server: chat ctx=0..283:283 prefill chunk 86/283 (30.4%) chunk=19.41 t/s avg=18.80 t/s 4.574s
0824 03:14:29 ds4-server: chat ctx=0..283:283 prefill chunk 87/283 (30.7%) chunk=19.04 t/s avg=18.81 t/s 4.626s
0824 03:14:30 ds4-server: chat ctx=0..283:283 prefill chunk 88/283 (31.1%) chunk=18.63 t/s avg=18.80 t/s 4.680s
0824 03:14:30 ds4-server: chat ctx=0..283:283 prefill chunk 89/283 (31.4%) chunk=19.54 t/s avg=18.81 t/s 4.731s
0824 03:14:30 ds4-server: chat ctx=0..283:283 prefill chunk 90/283 (31.8%) chunk=18.18 t/s avg=18.80 t/s 4.786s
0824 03:14:30 ds4-server: chat ctx=0..283:283 prefill chunk 91/283 (32.2%) chunk=18.39 t/s avg=18.80 t/s 4.840s
0824 03:14:30 ds4-server: chat ctx=0..283:283 prefill chunk 92/283 (32.5%) chunk=18.55 t/s avg=18.80 t/s 4.894s
0824 03:14:30 ds4-server: chat ctx=0..283:283 prefill chunk 93/283 (32.9%) chunk=18.24 t/s avg=18.79 t/s 4.949s
0824 03:14:30 ds4-server: chat ctx=0..283:283 prefill chunk 94/283 (33.2%) chunk=18.80 t/s avg=18.79 t/s 5.002s
0824 03:14:30 ds4-server: chat ctx=0..283:283 prefill chunk 95/283 (33.6%) chunk=18.70 t/s avg=18.79 t/s 5.056s
0824 03:14:30 ds4-server: chat ctx=0..283:283 prefill chunk 96/283 (33.9%) chunk=19.02 t/s avg=18.79 t/s 5.108s
0824 03:14:30 ds4-server: chat ctx=0..283:283 prefill chunk 97/283 (34.3%) chunk=18.13 t/s avg=18.79 t/s 5.164s
0824 03:14:30 ds4-server: chat ctx=0..283:283 prefill chunk 98/283 (34.6%) chunk=18.43 t/s avg=18.78 t/s 5.218s
0824 03:14:30 ds4-server: chat ctx=0..283:283 prefill chunk 99/283 (35.0%) chunk=19.69 t/s avg=18.79 t/s 5.269s
0824 03:14:30 ds4-server: chat ctx=0..283:283 prefill chunk 100/283 (35.3%) chunk=18.18 t/s avg=18.78 t/s 5.324s
0824 03:14:30 ds4-server: chat ctx=0..283:283 prefill chunk 101/283 (35.7%) chunk=18.99 t/s avg=18.79 t/s 5.376s
0824 03:14:30 ds4-server: chat ctx=0..283:283 prefill chunk 102/283 (36.0%) chunk=19.14 t/s avg=18.79 t/s 5.429s
0824 03:14:30 ds4-server: chat ctx=0..283:283 prefill chunk 103/283 (36.4%) chunk=18.66 t/s avg=18.79 t/s 5.482s
0824 03:14:30 ds4-server: chat ctx=0..283:283 prefill chunk 104/283 (36.7%) chunk=18.23 t/s avg=18.78 t/s 5.537s
0824 03:14:30 ds4-server: chat ctx=0..283:283 prefill chunk 105/283 (37.1%) chunk=18.01 t/s avg=18.78 t/s 5.593s
0824 03:14:30 ds4-server: chat ctx=0..283:283 prefill chunk 106/283 (37.5%) chunk=18.27 t/s avg=18.77 t/s 5.647s
0824 03:14:31 ds4-server: chat ctx=0..283:283 prefill chunk 107/283 (37.8%) chunk=18.78 t/s avg=18.77 t/s 5.701s
0824 03:14:31 ds4-server: chat ctx=0..283:283 prefill chunk 108/283 (38.2%) chunk=18.31 t/s avg=18.77 t/s 5.755s
0824 03:14:31 ds4-server: chat ctx=0..283:283 prefill chunk 109/283 (38.5%) chunk=18.05 t/s avg=18.76 t/s 5.811s
0824 03:14:31 ds4-server: chat ctx=0..283:283 prefill chunk 110/283 (38.9%) chunk=18.21 t/s avg=18.75 t/s 5.865s
0824 03:14:31 ds4-server: chat ctx=0..283:283 prefill chunk 111/283 (39.2%) chunk=18.25 t/s avg=18.75 t/s 5.920s
0824 03:14:31 ds4-server: chat ctx=0..283:283 prefill chunk 112/283 (39.6%) chunk=18.75 t/s avg=18.75 t/s 5.974s
0824 03:14:31 ds4-server: chat ctx=0..283:283 prefill chunk 113/283 (39.9%) chunk=18.51 t/s avg=18.75 t/s 6.028s
0824 03:14:31 ds4-server: chat ctx=0..283:283 prefill chunk 114/283 (40.3%) chunk=18.04 t/s avg=18.74 t/s 6.083s
0824 03:14:31 ds4-server: chat ctx=0..283:283 prefill chunk 115/283 (40.6%) chunk=18.79 t/s avg=18.74 t/s 6.136s
0824 03:14:31 ds4-server: chat ctx=0..283:283 prefill chunk 116/283 (41.0%) chunk=18.61 t/s avg=18.74 t/s 6.190s
0824 03:14:31 ds4-server: chat ctx=0..283:283 prefill chunk 117/283 (41.3%) chunk=18.31 t/s avg=18.74 t/s 6.245s
0824 03:14:31 ds4-server: chat ctx=0..283:283 prefill chunk 118/283 (41.7%) chunk=18.05 t/s avg=18.73 t/s 6.300s
0824 03:14:31 ds4-server: chat ctx=0..283:283 prefill chunk 119/283 (42.0%) chunk=17.68 t/s avg=18.72 t/s 6.357s
0824 03:14:31 ds4-server: chat ctx=0..283:283 prefill chunk 120/283 (42.4%) chunk=18.37 t/s avg=18.72 t/s 6.411s
0824 03:14:31 ds4-server: chat ctx=0..283:283 prefill chunk 121/283 (42.8%) chunk=18.61 t/s avg=18.72 t/s 6.465s
0824 03:14:31 ds4-server: chat ctx=0..283:283 prefill chunk 122/283 (43.1%) chunk=18.19 t/s avg=18.71 t/s 6.520s
0824 03:14:31 ds4-server: chat ctx=0..283:283 prefill chunk 123/283 (43.5%) chunk=18.65 t/s avg=18.71 t/s 6.573s
0824 03:14:31 ds4-server: chat ctx=0..283:283 prefill chunk 124/283 (43.8%) chunk=18.36 t/s avg=18.71 t/s 6.628s
0824 03:14:32 ds4-server: chat ctx=0..283:283 prefill chunk 125/283 (44.2%) chunk=18.47 t/s avg=18.71 t/s 6.682s
0824 03:14:32 ds4-server: chat ctx=0..283:283 prefill chunk 126/283 (44.5%) chunk=18.12 t/s avg=18.70 t/s 6.737s
0824 03:14:32 ds4-server: chat ctx=0..283:283 prefill chunk 127/283 (44.9%) chunk=18.02 t/s avg=18.70 t/s 6.793s
0824 03:14:32 ds4-server: chat ctx=0..283:283 prefill chunk 128/283 (45.2%) chunk=17.71 t/s avg=18.69 t/s 6.849s
0824 03:14:32 ds4-server: chat ctx=0..283:283 prefill chunk 129/283 (45.6%) chunk=18.25 t/s avg=18.69 t/s 6.904s
0824 03:14:32 ds4-server: chat ctx=0..283:283 prefill chunk 130/283 (45.9%) chunk=17.87 t/s avg=18.68 t/s 6.960s
0824 03:14:32 ds4-server: chat ctx=0..283:283 prefill chunk 131/283 (46.3%) chunk=18.23 t/s avg=18.68 t/s 7.015s
0824 03:14:32 ds4-server: chat ctx=0..283:283 prefill chunk 132/283 (46.6%) chunk=19.08 t/s avg=18.68 t/s 7.067s
0824 03:14:32 ds4-server: chat ctx=0..283:283 prefill chunk 133/283 (47.0%) chunk=17.89 t/s avg=18.67 t/s 7.123s
0824 03:14:32 ds4-server: chat ctx=0..283:283 prefill chunk 134/283 (47.3%) chunk=18.36 t/s avg=18.67 t/s 7.177s
0824 03:14:32 ds4-server: chat ctx=0..283:283 prefill chunk 135/283 (47.7%) chunk=18.60 t/s avg=18.67 t/s 7.231s
0824 03:14:32 ds4-server: chat ctx=0..283:283 prefill chunk 136/283 (48.1%) chunk=18.29 t/s avg=18.67 t/s 7.286s
0824 03:14:32 ds4-server: chat ctx=0..283:283 prefill chunk 137/283 (48.4%) chunk=19.00 t/s avg=18.67 t/s 7.338s
0824 03:14:32 ds4-server: chat ctx=0..283:283 prefill chunk 138/283 (48.8%) chunk=18.31 t/s avg=18.67 t/s 7.393s
0824 03:14:32 ds4-server: chat ctx=0..283:283 prefill chunk 139/283 (49.1%) chunk=17.96 t/s avg=18.66 t/s 7.449s
0824 03:14:32 ds4-server: chat ctx=0..283:283 prefill chunk 140/283 (49.5%) chunk=19.06 t/s avg=18.66 t/s 7.501s
0824 03:14:32 ds4-server: chat ctx=0..283:283 prefill chunk 141/283 (49.8%) chunk=17.92 t/s avg=18.66 t/s 7.557s
0824 03:14:32 ds4-server: chat ctx=0..283:283 prefill chunk 142/283 (50.2%) chunk=18.93 t/s avg=18.66 t/s 7.610s
0824 03:14:32 ds4-server: chat ctx=0..283:283 prefill chunk 143/283 (50.5%) chunk=18.40 t/s avg=18.66 t/s 7.664s
0824 03:14:33 ds4-server: chat ctx=0..283:283 prefill chunk 144/283 (50.9%) chunk=17.79 t/s avg=18.65 t/s 7.720s
0824 03:14:33 ds4-server: chat ctx=0..283:283 prefill chunk 145/283 (51.2%) chunk=18.53 t/s avg=18.65 t/s 7.774s
0824 03:14:33 ds4-server: chat ctx=0..283:283 prefill chunk 146/283 (51.6%) chunk=18.05 t/s avg=18.65 t/s 7.830s
0824 03:14:33 ds4-server: chat ctx=0..283:283 prefill chunk 147/283 (51.9%) chunk=18.36 t/s avg=18.64 t/s 7.884s
0824 03:14:33 ds4-server: chat ctx=0..283:283 prefill chunk 148/283 (52.3%) chunk=18.98 t/s avg=18.65 t/s 7.937s
0824 03:14:33 ds4-server: chat ctx=0..283:283 prefill chunk 149/283 (52.7%) chunk=17.52 t/s avg=18.64 t/s 7.994s
0824 03:14:33 ds4-server: chat ctx=0..283:283 prefill chunk 150/283 (53.0%) chunk=18.14 t/s avg=18.64 t/s 8.049s
0824 03:14:33 ds4-server: chat ctx=0..283:283 prefill chunk 151/283 (53.4%) chunk=17.87 t/s avg=18.63 t/s 8.105s
0824 03:14:33 ds4-server: chat ctx=0..283:283 prefill chunk 152/283 (53.7%) chunk=17.80 t/s avg=18.62 t/s 8.161s
0824 03:14:33 ds4-server: chat ctx=0..283:283 prefill chunk 153/283 (54.1%) chunk=18.14 t/s avg=18.62 t/s 8.216s
0824 03:14:33 ds4-server: chat ctx=0..283:283 prefill chunk 154/283 (54.4%) chunk=18.75 t/s avg=18.62 t/s 8.270s
0824 03:14:33 ds4-server: chat ctx=0..283:283 prefill chunk 155/283 (54.8%) chunk=17.71 t/s avg=18.62 t/s 8.326s
0824 03:14:33 ds4-server: chat ctx=0..283:283 prefill chunk 156/283 (55.1%) chunk=17.03 t/s avg=18.60 t/s 8.385s
0824 03:14:33 ds4-server: chat ctx=0..283:283 prefill chunk 157/283 (55.5%) chunk=18.98 t/s avg=18.61 t/s 8.438s
0824 03:14:33 ds4-server: chat ctx=0..283:283 prefill chunk 158/283 (55.8%) chunk=18.40 t/s avg=18.61 t/s 8.492s
0824 03:14:33 ds4-server: chat ctx=0..283:283 prefill chunk 159/283 (56.2%) chunk=17.86 t/s avg=18.60 t/s 8.548s
0824 03:14:33 ds4-server: chat ctx=0..283:283 prefill chunk 160/283 (56.5%) chunk=18.05 t/s avg=18.60 t/s 8.603s
0824 03:14:33 ds4-server: chat ctx=0..283:283 prefill chunk 161/283 (56.9%) chunk=18.08 t/s avg=18.59 t/s 8.659s
0824 03:14:34 ds4-server: chat ctx=0..283:283 prefill chunk 162/283 (57.2%) chunk=18.39 t/s avg=18.59 t/s 8.713s
0824 03:14:34 ds4-server: chat ctx=0..283:283 prefill chunk 163/283 (57.6%) chunk=17.77 t/s avg=18.59 t/s 8.769s
0824 03:14:34 ds4-server: chat ctx=0..283:283 prefill chunk 164/283 (58.0%) chunk=17.84 t/s avg=18.58 t/s 8.825s
0824 03:14:34 ds4-server: chat ctx=0..283:283 prefill chunk 165/283 (58.3%) chunk=17.87 t/s avg=18.58 t/s 8.881s
0824 03:14:34 ds4-server: chat ctx=0..283:283 prefill chunk 166/283 (58.7%) chunk=19.20 t/s avg=18.58 t/s 8.933s
0824 03:14:34 ds4-server: chat ctx=0..283:283 prefill chunk 167/283 (59.0%) chunk=17.53 t/s avg=18.58 t/s 8.990s
0824 03:14:34 ds4-server: chat ctx=0..283:283 prefill chunk 168/283 (59.4%) chunk=17.55 t/s avg=18.57 t/s 9.047s
0824 03:14:34 ds4-server: chat ctx=0..283:283 prefill chunk 169/283 (59.7%) chunk=17.92 t/s avg=18.56 t/s 9.103s
0824 03:14:34 ds4-server: chat ctx=0..283:283 prefill chunk 170/283 (60.1%) chunk=17.71 t/s avg=18.56 t/s 9.160s
0824 03:14:34 ds4-server: chat ctx=0..283:283 prefill chunk 171/283 (60.4%) chunk=18.51 t/s avg=18.56 t/s 9.214s
0824 03:14:34 ds4-server: chat ctx=0..283:283 prefill chunk 172/283 (60.8%) chunk=18.92 t/s avg=18.56 t/s 9.267s
0824 03:14:34 ds4-server: chat ctx=0..283:283 prefill chunk 173/283 (61.1%) chunk=17.88 t/s avg=18.56 t/s 9.323s
0824 03:14:34 ds4-server: chat ctx=0..283:283 prefill chunk 174/283 (61.5%) chunk=17.57 t/s avg=18.55 t/s 9.379s
0824 03:14:34 ds4-server: chat ctx=0..283:283 prefill chunk 175/283 (61.8%) chunk=18.99 t/s avg=18.55 t/s 9.432s
0824 03:14:34 ds4-server: chat ctx=0..283:283 prefill chunk 176/283 (62.2%) chunk=18.24 t/s avg=18.55 t/s 9.487s
0824 03:14:34 ds4-server: chat ctx=0..283:283 prefill chunk 177/283 (62.5%) chunk=17.51 t/s avg=18.55 t/s 9.544s
0824 03:14:34 ds4-server: chat ctx=0..283:283 prefill chunk 178/283 (62.9%) chunk=17.37 t/s avg=18.54 t/s 9.602s
0824 03:14:34 ds4-server: chat ctx=0..283:283 prefill chunk 179/283 (63.3%) chunk=18.34 t/s avg=18.54 t/s 9.656s
0824 03:14:35 ds4-server: chat ctx=0..283:283 prefill chunk 180/283 (63.6%) chunk=18.14 t/s avg=18.54 t/s 9.711s
0824 03:14:35 ds4-server: chat ctx=0..283:283 prefill chunk 181/283 (64.0%) chunk=18.63 t/s avg=18.54 t/s 9.765s
0824 03:14:35 ds4-server: chat ctx=0..283:283 prefill chunk 182/283 (64.3%) chunk=18.16 t/s avg=18.53 t/s 9.820s
0824 03:14:35 ds4-server: chat ctx=0..283:283 prefill chunk 183/283 (64.7%) chunk=18.55 t/s avg=18.53 t/s 9.874s
0824 03:14:35 ds4-server: chat ctx=0..283:283 prefill chunk 184/283 (65.0%) chunk=17.68 t/s avg=18.53 t/s 9.930s
0824 03:14:35 ds4-server: chat ctx=0..283:283 prefill chunk 185/283 (65.4%) chunk=18.03 t/s avg=18.53 t/s 9.986s
0824 03:14:35 ds4-server: chat ctx=0..283:283 prefill chunk 186/283 (65.7%) chunk=19.01 t/s avg=18.53 t/s 10.038s
0824 03:14:35 ds4-server: chat ctx=0..283:283 prefill chunk 187/283 (66.1%) chunk=18.39 t/s avg=18.53 t/s 10.093s
0824 03:14:35 ds4-server: chat ctx=0..283:283 prefill chunk 188/283 (66.4%) chunk=17.80 t/s avg=18.52 t/s 10.149s
0824 03:14:35 ds4-server: chat ctx=0..283:283 prefill chunk 189/283 (66.8%) chunk=18.37 t/s avg=18.52 t/s 10.203s
0824 03:14:35 ds4-server: chat ctx=0..283:283 prefill chunk 190/283 (67.1%) chunk=17.15 t/s avg=18.52 t/s 10.262s
0824 03:14:35 ds4-server: chat ctx=0..283:283 prefill chunk 191/283 (67.5%) chunk=17.67 t/s avg=18.51 t/s 10.318s
0824 03:14:35 ds4-server: chat ctx=0..283:283 prefill chunk 192/283 (67.8%) chunk=18.47 t/s avg=18.51 t/s 10.373s
0824 03:14:35 ds4-server: chat ctx=0..283:283 prefill chunk 193/283 (68.2%) chunk=18.21 t/s avg=18.51 t/s 10.427s
0824 03:14:35 ds4-server: chat ctx=0..283:283 prefill chunk 194/283 (68.6%) chunk=18.18 t/s avg=18.51 t/s 10.482s
0824 03:14:35 ds4-server: chat ctx=0..283:283 prefill chunk 195/283 (68.9%) chunk=18.82 t/s avg=18.51 t/s 10.536s
0824 03:14:35 ds4-server: chat ctx=0..283:283 prefill chunk 196/283 (69.3%) chunk=17.16 t/s avg=18.50 t/s 10.594s
0824 03:14:35 ds4-server: chat ctx=0..283:283 prefill chunk 197/283 (69.6%) chunk=17.21 t/s avg=18.49 t/s 10.652s
0824 03:14:36 ds4-server: chat ctx=0..283:283 prefill chunk 198/283 (70.0%) chunk=18.53 t/s avg=18.49 t/s 10.706s
0824 03:14:36 ds4-server: chat ctx=0..283:283 prefill chunk 199/283 (70.3%) chunk=17.91 t/s avg=18.49 t/s 10.762s
ds4: qwen35moe experts/token avg over 128 tokens: 0:14.2 1:14.4 2:14.5 3:15.8 4:15.0 5:14.6 6:14.8 7:15.1 8:15.0 9:14.7 10:15.1 11:14.6 12:15.3 13:14.7 14:15.2 15:16.0 16:16.1 17:14.9 18:15.5 19:15.7 20:16.0 21:14.3 22:15.5 23:15.3 24:15.4 25:14.9 26:15.6 27:16.3 28:16.2 29:16.6 30:16.3 31:16.7 32:16.4 33:17.1 34:17.3 35:18.0 36:18.9 37:18.7 38:18.6 39:18.7 | mean 15.8
0824 03:14:36 ds4-server: chat ctx=0..283:283 prefill chunk 200/283 (70.7%) chunk=17.50 t/s avg=18.49 t/s 10.819s
0824 03:14:36 ds4-server: chat ctx=0..283:283 prefill chunk 201/283 (71.0%) chunk=18.97 t/s avg=18.49 t/s 10.872s
0824 03:14:36 ds4-server: chat ctx=0..283:283 prefill chunk 202/283 (71.4%) chunk=18.21 t/s avg=18.49 t/s 10.927s
0824 03:14:36 ds4-server: chat ctx=0..283:283 prefill chunk 203/283 (71.7%) chunk=17.29 t/s avg=18.48 t/s 10.984s
0824 03:14:36 ds4-server: chat ctx=0..283:283 prefill chunk 204/283 (72.1%) chunk=17.83 t/s avg=18.48 t/s 11.040s
0824 03:14:36 ds4-server: chat ctx=0..283:283 prefill chunk 205/283 (72.4%) chunk=17.66 t/s avg=18.47 t/s 11.097s
0824 03:14:36 ds4-server: chat ctx=0..283:283 prefill chunk 206/283 (72.8%) chunk=17.91 t/s avg=18.47 t/s 11.153s
0824 03:14:36 ds4-server: chat ctx=0..283:283 prefill chunk 207/283 (73.1%) chunk=18.25 t/s avg=18.47 t/s 11.208s
0824 03:14:36 ds4-server: chat ctx=0..283:283 prefill chunk 208/283 (73.5%) chunk=17.59 t/s avg=18.46 t/s 11.265s
0824 03:14:36 ds4-server: chat ctx=0..283:283 prefill chunk 209/283 (73.9%) chunk=17.21 t/s avg=18.46 t/s 11.323s
0824 03:14:36 ds4-server: chat ctx=0..283:283 prefill chunk 210/283 (74.2%) chunk=16.95 t/s avg=18.45 t/s 11.382s
0824 03:14:36 ds4-server: chat ctx=0..283:283 prefill chunk 211/283 (74.6%) chunk=17.91 t/s avg=18.45 t/s 11.438s
0824 03:14:36 ds4-server: chat ctx=0..283:283 prefill chunk 212/283 (74.9%) chunk=17.88 t/s avg=18.45 t/s 11.493s
0824 03:14:36 ds4-server: chat ctx=0..283:283 prefill chunk 213/283 (75.3%) chunk=17.85 t/s avg=18.44 t/s 11.549s
0824 03:14:36 ds4-server: chat ctx=0..283:283 prefill chunk 214/283 (75.6%) chunk=17.34 t/s avg=18.44 t/s 11.607s
0824 03:14:36 ds4-server: chat ctx=0..283:283 prefill chunk 215/283 (76.0%) chunk=17.55 t/s avg=18.43 t/s 11.664s
0824 03:14:37 ds4-server: chat ctx=0..283:283 prefill chunk 216/283 (76.3%) chunk=17.52 t/s avg=18.43 t/s 11.721s
0824 03:14:37 ds4-server: chat ctx=0..283:283 prefill chunk 217/283 (76.7%) chunk=17.64 t/s avg=18.42 t/s 11.778s
0824 03:14:37 ds4-server: chat ctx=0..283:283 prefill chunk 218/283 (77.0%) chunk=17.65 t/s avg=18.42 t/s 11.835s
0824 03:14:37 ds4-server: chat ctx=0..283:283 prefill chunk 219/283 (77.4%) chunk=17.62 t/s avg=18.42 t/s 11.891s
0824 03:14:37 ds4-server: chat ctx=0..283:283 prefill chunk 220/283 (77.7%) chunk=16.85 t/s avg=18.41 t/s 11.951s
0824 03:14:37 ds4-server: chat ctx=0..283:283 prefill chunk 221/283 (78.1%) chunk=17.58 t/s avg=18.41 t/s 12.008s
0824 03:14:37 ds4-server: chat ctx=0..283:283 prefill chunk 222/283 (78.4%) chunk=17.37 t/s avg=18.40 t/s 12.065s
0824 03:14:37 ds4-server: chat ctx=0..283:283 prefill chunk 223/283 (78.8%) chunk=17.61 t/s avg=18.40 t/s 12.122s
0824 03:14:37 ds4-server: chat ctx=0..283:283 prefill chunk 224/283 (79.2%) chunk=18.33 t/s avg=18.40 t/s 12.176s
0824 03:14:37 ds4-server: chat ctx=0..283:283 prefill chunk 225/283 (79.5%) chunk=18.25 t/s avg=18.40 t/s 12.231s
0824 03:14:37 ds4-server: chat ctx=0..283:283 prefill chunk 226/283 (79.9%) chunk=17.10 t/s avg=18.39 t/s 12.290s
0824 03:14:37 ds4-server: chat ctx=0..283:283 prefill chunk 227/283 (80.2%) chunk=17.17 t/s avg=18.38 t/s 12.348s
0824 03:14:37 ds4-server: chat ctx=0..283:283 prefill chunk 228/283 (80.6%) chunk=18.02 t/s avg=18.38 t/s 12.403s
0824 03:14:37 ds4-server: chat ctx=0..283:283 prefill chunk 229/283 (80.9%) chunk=18.18 t/s avg=18.38 t/s 12.459s
0824 03:14:37 ds4-server: chat ctx=0..283:283 prefill chunk 230/283 (81.3%) chunk=17.62 t/s avg=18.38 t/s 12.515s
0824 03:14:37 ds4-server: chat ctx=0..283:283 prefill chunk 231/283 (81.6%) chunk=18.82 t/s avg=18.38 t/s 12.568s
0824 03:14:37 ds4-server: chat ctx=0..283:283 prefill chunk 232/283 (82.0%) chunk=17.54 t/s avg=18.38 t/s 12.625s
0824 03:14:38 ds4-server: chat ctx=0..283:283 prefill chunk 233/283 (82.3%) chunk=18.34 t/s avg=18.38 t/s 12.680s
0824 03:14:38 ds4-server: chat ctx=0..283:283 prefill chunk 234/283 (82.7%) chunk=17.30 t/s avg=18.37 t/s 12.738s
0824 03:14:38 ds4-server: chat ctx=0..283:283 prefill chunk 235/283 (83.0%) chunk=18.24 t/s avg=18.37 t/s 12.793s
0824 03:14:38 ds4-server: chat ctx=0..283:283 prefill chunk 236/283 (83.4%) chunk=18.00 t/s avg=18.37 t/s 12.848s
0824 03:14:38 ds4-server: chat ctx=0..283:283 prefill chunk 237/283 (83.7%) chunk=18.83 t/s avg=18.37 t/s 12.901s
0824 03:14:38 ds4-server: chat ctx=0..283:283 prefill chunk 238/283 (84.1%) chunk=17.52 t/s avg=18.37 t/s 12.958s
0824 03:14:38 ds4-server: chat ctx=0..283:283 prefill chunk 239/283 (84.5%) chunk=17.95 t/s avg=18.36 t/s 13.014s
0824 03:14:38 ds4-server: chat ctx=0..283:283 prefill chunk 240/283 (84.8%) chunk=18.56 t/s avg=18.37 t/s 13.068s
0824 03:14:38 ds4-server: chat ctx=0..283:283 prefill chunk 241/283 (85.2%) chunk=17.37 t/s avg=18.36 t/s 13.125s
0824 03:14:38 ds4-server: chat ctx=0..283:283 prefill chunk 242/283 (85.5%) chunk=18.25 t/s avg=18.36 t/s 13.180s
0824 03:14:38 ds4-server: chat ctx=0..283:283 prefill chunk 243/283 (85.9%) chunk=18.31 t/s avg=18.36 t/s 13.235s
0824 03:14:38 ds4-server: chat ctx=0..283:283 prefill chunk 244/283 (86.2%) chunk=17.96 t/s avg=18.36 t/s 13.291s
0824 03:14:38 ds4-server: chat ctx=0..283:283 prefill chunk 245/283 (86.6%) chunk=17.50 t/s avg=18.36 t/s 13.348s
0824 03:14:38 ds4-server: chat ctx=0..283:283 prefill chunk 246/283 (86.9%) chunk=18.30 t/s avg=18.36 t/s 13.402s
0824 03:14:38 ds4-server: chat ctx=0..283:283 prefill chunk 247/283 (87.3%) chunk=17.73 t/s avg=18.35 t/s 13.459s
0824 03:14:38 ds4-server: chat ctx=0..283:283 prefill chunk 248/283 (87.6%) chunk=17.13 t/s avg=18.35 t/s 13.517s
0824 03:14:38 ds4-server: chat ctx=0..283:283 prefill chunk 249/283 (88.0%) chunk=17.70 t/s avg=18.34 t/s 13.574s
0824 03:14:38 ds4-server: chat ctx=0..283:283 prefill chunk 250/283 (88.3%) chunk=18.23 t/s avg=18.34 t/s 13.628s
0824 03:14:39 ds4-server: chat ctx=0..283:283 prefill chunk 251/283 (88.7%) chunk=17.06 t/s avg=18.34 t/s 13.687s
0824 03:14:39 ds4-server: chat ctx=0..283:283 prefill chunk 252/283 (89.0%) chunk=18.45 t/s avg=18.34 t/s 13.741s
0824 03:14:39 ds4-server: chat ctx=0..283:283 prefill chunk 253/283 (89.4%) chunk=17.81 t/s avg=18.34 t/s 13.797s
0824 03:14:39 ds4-server: chat ctx=0..283:283 prefill chunk 254/283 (89.8%) chunk=17.31 t/s avg=18.33 t/s 13.855s
0824 03:14:39 ds4-server: chat ctx=0..283:283 prefill chunk 255/283 (90.1%) chunk=18.70 t/s avg=18.33 t/s 13.909s
0824 03:14:39 ds4-server: chat ctx=0..283:283 prefill chunk 256/283 (90.5%) chunk=17.34 t/s avg=18.33 t/s 13.966s
0824 03:14:39 ds4-server: chat ctx=0..283:283 prefill chunk 257/283 (90.8%) chunk=18.01 t/s avg=18.33 t/s 14.022s
0824 03:14:39 ds4-server: chat ctx=0..283:283 prefill chunk 258/283 (91.2%) chunk=18.23 t/s avg=18.33 t/s 14.077s
0824 03:14:39 ds4-server: chat ctx=0..283:283 prefill chunk 259/283 (91.5%) chunk=17.50 t/s avg=18.32 t/s 14.134s
0824 03:14:39 ds4-server: chat ctx=0..283:283 prefill chunk 260/283 (91.9%) chunk=17.75 t/s avg=18.32 t/s 14.190s
0824 03:14:39 ds4-server: chat ctx=0..283:283 prefill chunk 261/283 (92.2%) chunk=17.34 t/s avg=18.32 t/s 14.248s
0824 03:14:39 ds4-server: chat ctx=0..283:283 prefill chunk 262/283 (92.6%) chunk=17.85 t/s avg=18.32 t/s 14.304s
0824 03:14:39 ds4-server: chat ctx=0..283:283 prefill chunk 263/283 (92.9%) chunk=17.66 t/s avg=18.31 t/s 14.361s
0824 03:14:39 ds4-server: chat ctx=0..283:283 prefill chunk 264/283 (93.3%) chunk=17.97 t/s avg=18.31 t/s 14.416s
0824 03:14:39 ds4-server: chat ctx=0..283:283 prefill chunk 265/283 (93.6%) chunk=17.99 t/s avg=18.31 t/s 14.472s
0824 03:14:39 ds4-server: chat ctx=0..283:283 prefill chunk 266/283 (94.0%) chunk=18.00 t/s avg=18.31 t/s 14.527s
0824 03:14:39 ds4-server: chat ctx=0..283:283 prefill chunk 267/283 (94.3%) chunk=18.13 t/s avg=18.31 t/s 14.582s
0824 03:14:39 ds4-server: chat ctx=0..283:283 prefill chunk 268/283 (94.7%) chunk=18.59 t/s avg=18.31 t/s 14.636s
0824 03:14:40 ds4-server: chat ctx=0..283:283 prefill chunk 269/283 (95.1%) chunk=17.51 t/s avg=18.31 t/s 14.693s
0824 03:14:40 ds4-server: chat ctx=0..283:283 prefill chunk 270/283 (95.4%) chunk=17.89 t/s avg=18.31 t/s 14.749s
0824 03:14:40 ds4-server: chat ctx=0..283:283 prefill chunk 271/283 (95.8%) chunk=18.28 t/s avg=18.31 t/s 14.804s
0824 03:14:40 ds4-server: chat ctx=0..283:283 prefill chunk 272/283 (96.1%) chunk=17.43 t/s avg=18.30 t/s 14.861s
0824 03:14:40 ds4-server: chat ctx=0..283:283 prefill chunk 273/283 (96.5%) chunk=18.14 t/s avg=18.30 t/s 14.916s
0824 03:14:40 ds4-server: chat ctx=0..283:283 prefill chunk 274/283 (96.8%) chunk=17.85 t/s avg=18.30 t/s 14.973s
0824 03:14:40 ds4-server: chat ctx=0..283:283 prefill chunk 275/283 (97.2%) chunk=17.43 t/s avg=18.30 t/s 15.030s
0824 03:14:40 ds4-server: chat ctx=0..283:283 prefill chunk 276/283 (97.5%) chunk=17.66 t/s avg=18.29 t/s 15.087s
0824 03:14:40 ds4-server: chat ctx=0..283:283 prefill chunk 277/283 (97.9%) chunk=19.44 t/s avg=18.30 t/s 15.138s
0824 03:14:40 ds4-server: chat ctx=0..283:283 prefill chunk 278/283 (98.2%) chunk=17.44 t/s avg=18.30 t/s 15.195s
0824 03:14:40 ds4-server: chat ctx=0..283:283 prefill chunk 279/283 (98.6%) chunk=18.27 t/s avg=18.30 t/s 15.250s
0824 03:14:40 ds4-server: chat ctx=0..283:283 prefill chunk 280/283 (98.9%) chunk=19.32 t/s avg=18.30 t/s 15.302s
0824 03:14:40 ds4-server: chat ctx=0..283:283 prefill chunk 281/283 (99.3%) chunk=17.34 t/s avg=18.29 t/s 15.359s
0824 03:14:40 ds4-server: chat ctx=0..283:283 prefill chunk 282/283 (99.6%) chunk=19.24 t/s avg=18.30 t/s 15.411s
0824 03:14:40 ds4-server: chat ctx=0..283:283 prefill chunk 283/283 (100.0%) chunk=19.40 t/s avg=18.30 t/s 15.463s
0824 03:14:40 ds4-server: chat ctx=0..283:283 prompt done 15.463s
ds4: qwen35moe experts/token avg over 128 tokens: 0:14.5 1:14.5 2:14.9 3:15.7 4:15.5 5:15.3 6:15.5 7:15.6 8:16.0 9:15.6 10:15.6 11:14.9 12:15.5 13:15.0 14:15.8 15:16.3 16:16.0 17:14.9 18:15.7 19:15.5 20:16.5 21:15.5 22:15.5 23:15.2 24:16.0 25:15.3 26:15.8 27:16.5 28:16.0 29:15.9 30:16.2 31:16.9 32:16.5 33:16.9 34:16.6 35:18.4 36:18.5 37:18.6 38:19.2 39:18.8 | mean 16.1
0824 03:14:43 ds4-server: chat ctx=283..333:50 gen=50 THINKING decoding chunk=18.13 t/s avg=18.13 t/s 2.758s
0824 03:14:46 ds4-server: chat ctx=333..383:50 gen=100 THINKING decoding chunk=17.97 t/s avg=18.05 t/s 5.541s
0824 03:14:49 ds4-server: chat ctx=383..433:50 gen=150 THINKING decoding chunk=17.89 t/s avg=17.99 t/s 8.336s
ds4: qwen35moe experts/token avg over 128 tokens: 0:14.6 1:14.8 2:15.2 3:16.4 4:15.9 5:15.9 6:15.7 7:15.9 8:15.4 9:15.6 10:15.6 11:15.8 12:15.6 13:14.7 14:16.0 15:16.0 16:16.3 17:14.5 18:15.3 19:15.2 20:15.8 21:14.0 22:15.2 23:14.3 24:14.3 25:14.3 26:14.3 27:14.8 28:14.8 29:15.3 30:15.9 31:16.1 32:16.1 33:16.0 34:16.0 35:17.1 36:17.0 37:16.9 38:17.1 39:17.8 | mean 15.6
0824 03:14:51 ds4-server: chat ctx=433..483:50 gen=200 THINKING decoding chunk=17.80 t/s avg=17.94 t/s 11.145s
0824 03:14:54 ds4-server: chat ctx=483..533:50 gen=250 THINKING decoding chunk=17.58 t/s avg=17.87 t/s 13.989s
0824 03:14:57 ds4-server: chat ctx=533..583:50 gen=300 THINKING decoding chunk=17.41 t/s avg=17.79 t/s 16.862s
ds4: qwen35moe experts/token avg over 128 tokens: 0:15.7 1:15.9 2:16.0 3:17.1 4:16.8 5:16.7 6:16.6 7:16.7 8:16.5 9:16.0 10:16.6 11:15.9 12:16.4 13:15.3 14:15.5 15:16.2 16:16.4 17:14.9 18:15.3 19:15.7 20:16.4 21:14.3 22:15.3 23:15.0 24:14.9 25:14.6 26:14.6 27:15.5 28:15.0 29:14.4 30:15.9 31:15.8 32:15.8 33:16.4 34:16.1 35:17.8 36:17.0 37:17.0 38:17.4 39:17.2 | mean 16.0
0824 03:15:00 ds4-server: chat ctx=583..633:50 gen=350 THINKING decoding chunk=17.08 t/s avg=17.69 t/s 19.790s
0824 03:15:03 ds4-server: chat ctx=633..683:50 gen=400 THINKING decoding chunk=17.20 t/s avg=17.62 t/s 22.697s
ds4: qwen35moe experts/token avg over 128 tokens: 0:15.5 1:15.6 2:15.6 3:16.6 4:16.9 5:16.9 6:16.6 7:16.9 8:17.1 9:16.4 10:16.1 11:15.8 12:16.8 13:16.5 14:16.6 15:17.1 16:16.9 17:16.0 18:16.6 19:16.6 20:17.3 21:16.7 22:16.3 23:16.0 24:15.8 25:15.8 26:15.9 27:15.9 28:15.6 29:16.1 30:15.8 31:16.1 32:16.4 33:16.5 34:16.4 35:18.1 36:17.2 37:17.5 38:17.9 39:17.7 | mean 16.5
0824 03:15:06 ds4-server: chat ctx=683..733:50 gen=450 THINKING decoding chunk=16.96 t/s avg=17.55 t/s 25.645s
0824 03:15:09 ds4-server: chat ctx=733..783:50 gen=500 THINKING decoding chunk=16.57 t/s avg=17.44 t/s 28.662s
0824 03:15:12 ds4-server: chat ctx=783..833:50 gen=550 THINKING decoding chunk=16.79 t/s avg=17.38 t/s 31.641s
ds4: qwen35moe experts/token avg over 128 tokens: 0:15.5 1:15.9 2:15.7 3:17.5 4:16.7 5:17.3 6:17.2 7:17.8 8:17.7 9:17.5 10:16.0 11:16.1 12:16.5 13:16.7 14:17.1 15:17.5 16:16.7 17:17.0 18:16.5 19:16.9 20:17.5 21:17.1 22:15.8 23:16.2 24:15.9 25:15.4 26:16.5 27:16.7 28:16.2 29:17.4 30:17.3 31:17.7 32:17.2 33:17.5 34:17.5 35:18.7 36:19.0 37:18.9 38:19.1 39:18.5 | mean 17.0
0824 03:15:15 ds4-server: chat ctx=833..883:50 gen=600 THINKING decoding chunk=16.42 t/s avg=17.30 t/s 34.686s
0824 03:15:18 ds4-server: chat ctx=883..933:50 gen=650 THINKING decoding chunk=16.20 t/s avg=17.21 t/s 37.773s
ds4: qwen35moe experts/token avg over 128 tokens: 0:15.5 1:15.8 2:15.8 3:17.9 4:17.0 5:17.3 6:17.1 7:17.5 8:17.8 9:17.9 10:16.5 11:15.8 12:17.1 13:17.2 14:18.1 15:17.8 16:17.8 17:17.2 18:16.9 19:17.4 20:18.3 21:17.9 22:16.9 23:16.4 24:16.7 25:17.2 26:16.9 27:17.5 28:16.9 29:17.1 30:17.4 31:17.7 32:17.6 33:18.0 34:18.2 35:19.1 36:18.7 37:18.9 38:19.4 39:18.9 | mean 17.4
0824 03:15:21 ds4-server: chat ctx=933..983:50 gen=700 THINKING decoding chunk=16.47 t/s avg=17.15 t/s 40.809s
0824 03:15:24 ds4-server: chat ctx=983..1033:50 gen=750 THINKING decoding chunk=16.58 t/s avg=17.11 t/s 43.825s
0824 03:15:27 ds4-server: chat ctx=1033..1083:50 gen=800 THINKING decoding chunk=16.28 t/s avg=17.06 t/s 46.896s
ds4: qwen35moe experts/token avg over 128 tokens: 0:15.3 1:15.4 2:15.4 3:16.5 4:16.5 5:16.5 6:16.7 7:17.6 8:18.3 9:17.4 10:16.2 11:15.4 12:16.9 13:16.8 14:17.1 15:16.9 16:16.8 17:16.8 18:15.9 19:16.6 20:17.6 21:18.2 22:15.9 23:15.6 24:16.4 25:16.1 26:16.8 27:16.5 28:16.3 29:16.4 30:16.7 31:17.4 32:15.9 33:16.1 34:15.4 35:17.6 36:17.6 37:18.1 38:19.2 39:17.7 | mean 16.7
0824 03:15:30 ds4-server: chat ctx=1083..1133:50 gen=850 THINKING decoding chunk=16.16 t/s avg=17.00 t/s 49.991s
0824 03:15:33 ds4-server: chat ctx=1133..1183:50 gen=900 THINKING decoding chunk=16.42 t/s avg=16.97 t/s 53.036s
ds4: qwen35moe experts/token avg over 128 tokens: 0:15.2 1:16.1 2:15.4 3:17.5 4:16.9 5:16.7 6:16.5 7:17.2 8:17.2 9:16.9 10:15.9 11:15.7 12:16.7 13:16.6 14:17.1 15:17.4 16:17.2 17:16.6 18:16.6 19:16.0 20:17.3 21:16.8 22:16.0 23:16.0 24:16.7 25:16.4 26:16.6 27:16.9 28:16.0 29:16.2 30:16.4 31:16.3 32:16.1 33:16.1 34:15.9 35:17.2 36:17.9 37:17.5 38:18.5 39:18.1 | mean 16.7
0824 03:15:36 ds4-server: chat ctx=1183..1233:50 gen=950 THINKING decoding chunk=16.18 t/s avg=16.93 t/s 56.125s
0824 03:15:39 ds4-server: chat ctx=1233..1283:50 gen=1000 THINKING decoding chunk=16.25 t/s avg=16.89 t/s 59.202s
0824 03:15:43 ds4-server: chat ctx=1283..1333:50 gen=1050 THINKING decoding chunk=15.59 t/s avg=16.82 t/s 62.410s
ds4: qwen35moe experts/token avg over 128 tokens: 0:15.2 1:16.0 2:15.0 3:17.1 4:16.8 5:16.5 6:16.7 7:17.4 8:17.7 9:17.1 10:15.7 11:15.6 12:16.2 13:16.7 14:16.8 15:16.8 16:16.9 17:16.8 18:16.6 19:17.3 20:17.4 21:17.5 22:16.3 23:16.4 24:16.1 25:16.2 26:16.8 27:16.9 28:16.4 29:16.4 30:16.7 31:17.4 32:16.6 33:16.3 34:16.2 35:18.0 36:17.8 37:18.5 38:19.4 39:18.2 | mean 16.8
0824 03:15:46 ds4-server: chat ctx=1333..1383:50 gen=1100 THINKING decoding chunk=16.24 t/s avg=16.80 t/s 65.489s
0824 03:15:49 ds4-server: chat ctx=1383..1433:50 gen=1150 THINKING decoding chunk=15.73 t/s avg=16.75 t/s 68.668s
ds4: qwen35moe experts/token avg over 128 tokens: 0:15.2 1:16.0 2:15.6 3:17.6 4:17.0 5:16.6 6:16.6 7:18.0 8:16.9 9:17.2 10:16.5 11:15.6 12:17.2 13:16.5 14:17.5 15:17.6 16:17.1 17:17.1 18:16.7 19:16.4 20:18.0 21:16.7 22:16.3 23:15.8 24:16.9 25:16.6 26:16.8 27:17.0 28:16.0 29:15.9 30:16.3 31:16.3 32:15.4 33:15.5 34:15.4 35:17.1 36:17.7 37:17.9 38:18.9 39:18.4 | mean 16.7
0824 03:15:52 ds4-server: chat ctx=1433..1483:50 gen=1200 THINKING decoding chunk=15.61 t/s avg=16.70 t/s 71.872s
0824 03:15:55 ds4-server: chat ctx=1483..1533:50 gen=1250 THINKING decoding chunk=15.38 t/s avg=16.64 t/s 75.123s
0824 03:15:59 ds4-server: chat ctx=1533..1583:50 gen=1300 THINKING decoding chunk=15.71 t/s avg=16.60 t/s 78.305s
ds4: qwen35moe experts/token avg over 128 tokens: 0:15.2 1:16.1 2:16.1 3:17.6 4:17.4 5:17.2 6:17.4 7:18.2 8:18.1 9:17.8 10:17.2 11:16.3 12:17.5 13:17.0 14:17.6 15:17.8 16:17.4 17:16.6 18:17.1 19:17.2 20:17.4 21:17.5 22:16.7 23:16.2 24:16.3 25:16.0 26:17.0 27:16.9 28:16.7 29:16.9 30:16.4 31:17.4 32:16.3 33:15.6 34:15.6 35:17.7 36:17.9 37:18.0 38:18.9 39:18.0 | mean 17.1
0824 03:16:02 ds4-server: chat ctx=1583..1633:50 gen=1350 THINKING decoding chunk=15.75 t/s avg=16.57 t/s 81.479s
0824 03:16:05 ds4-server: chat ctx=1633..1683:50 gen=1400 THINKING decoding chunk=15.81 t/s avg=16.54 t/s 84.643s
0824 03:16:08 ds4-server: chat ctx=1683..1733:50 gen=1450 THINKING decoding chunk=15.11 t/s avg=16.49 t/s 87.953s
ds4: qwen35moe experts/token avg over 128 tokens: 0:14.8 1:15.7 2:15.1 3:16.9 4:17.1 5:16.5 6:16.9 7:17.1 8:17.3 9:17.3 10:15.9 11:15.4 12:16.6 13:16.0 14:16.7 15:16.8 16:16.6 17:16.3 18:16.4 19:16.2 20:16.9 21:17.2 22:16.5 23:15.9 24:16.3 25:16.0 26:16.2 27:16.2 28:16.1 29:15.9 30:15.4 31:16.6 32:16.4 33:15.7 34:16.0 35:18.0 36:17.4 37:17.7 38:18.8 39:17.6 | mean 16.5
0824 03:16:12 ds4-server: chat ctx=1733..1783:50 gen=1500 THINKING decoding chunk=14.97 t/s avg=16.43 t/s 91.293s
0824 03:16:15 ds4-server: chat ctx=1783..1833:50 gen=1550 THINKING decoding chunk=14.86 t/s avg=16.37 t/s 94.656s
ds4: qwen35moe experts/token avg over 128 tokens: 0:15.3 1:17.1 2:15.9 3:17.8 4:17.8 5:18.0 6:18.0 7:18.6 8:18.4 9:17.8 10:16.8 11:17.1 12:17.7 13:18.0 14:18.1 15:18.3 16:17.8 17:18.2 18:17.5 19:18.2 20:18.0 21:18.3 22:16.8 23:16.8 24:16.9 25:16.9 26:17.5 27:17.8 28:17.5 29:17.8 30:17.7 31:18.6 32:17.7 33:17.5 34:17.8 35:18.6 36:18.9 37:19.0 38:19.6 39:18.5 | mean 17.8
0824 03:16:18 ds4-server: chat ctx=1833..1883:50 gen=1600 THINKING decoding chunk=15.22 t/s avg=16.34 t/s 97.942s
0824 03:16:22 ds4-server: chat ctx=1883..1933:50 gen=1650 THINKING decoding chunk=14.90 t/s avg=16.29 t/s 101.298s
0824 03:16:25 ds4-server: chat ctx=1933..1983:50 gen=1700 THINKING decoding chunk=14.88 t/s avg=16.24 t/s 104.658s
ds4: qwen35moe experts/token avg over 128 tokens: 0:15.4 1:16.1 2:16.0 3:17.8 4:17.9 5:17.9 6:17.7 7:18.4 8:18.3 9:18.4 10:17.5 11:16.5 12:18.3 13:17.9 14:18.3 15:18.3 16:18.0 17:18.2 18:18.3 19:17.6 20:18.6 21:18.6 22:17.8 23:16.5 24:17.7 25:17.7 26:18.0 27:17.9 28:17.0 29:17.5 30:17.1 31:17.2 32:16.0 33:16.0 34:16.0 35:17.3 36:18.2 37:17.4 38:18.9 39:18.1 | mean 17.6
0824 03:16:28 ds4-server: chat ctx=1983..2033:50 gen=1750 THINKING decoding chunk=14.86 t/s avg=16.20 t/s 108.023s
0824 03:16:32 ds4-server: chat ctx=2033..2083:50 gen=1800 THINKING decoding chunk=15.13 t/s avg=16.17 t/s 111.327s
ds4: qwen35moe experts/token avg over 128 tokens: 0:15.3 1:16.4 2:15.1 3:17.4 4:17.0 5:17.2 6:16.8 7:17.7 8:18.2 9:17.9 10:16.1 11:15.4 12:17.2 13:16.6 14:17.1 15:17.4 16:16.8 17:17.1 18:16.7 19:16.7 20:17.7 21:17.6 22:15.9 23:16.1 24:16.1 25:16.0 26:16.4 27:16.2 28:16.6 29:16.7 30:16.6 31:17.1 32:16.5 33:16.5 34:16.6 35:18.3 36:18.1 37:18.2 38:19.2 39:17.8 | mean 16.9
0824 03:16:35 ds4-server: chat ctx=2083..2133:50 gen=1850 THINKING decoding chunk=14.74 t/s avg=16.13 t/s 114.718s
0824 03:16:38 ds4-server: chat ctx=2133..2183:50 gen=1900 THINKING decoding chunk=14.91 t/s avg=16.09 t/s 118.072s
0824 03:16:42 ds4-server: chat ctx=2183..2233:50 gen=1950 THINKING decoding chunk=14.51 t/s avg=16.05 t/s 121.518s
ds4: qwen35moe experts/token avg over 128 tokens: 0:15.3 1:15.8 2:16.1 3:17.7 4:17.5 5:17.0 6:17.7 7:18.1 8:17.7 9:17.6 10:16.9 11:16.5 12:17.4 13:17.2 14:17.8 15:18.1 16:17.7 17:17.5 18:17.2 19:17.2 20:18.1 21:17.5 22:16.8 23:16.2 24:17.3 25:17.1 26:17.2 27:17.3 28:17.1 29:16.6 30:16.7 31:16.9 32:15.5 33:16.3 34:15.8 35:17.3 36:18.0 37:17.6 38:18.7 39:18.2 | mean 17.2
0824 03:16:45 ds4-server: chat ctx=2233..2283:50 gen=2000 THINKING decoding chunk=14.40 t/s avg=16.00 t/s 124.990s
0824 03:16:49 ds4-server: chat ctx=2283..2333:50 gen=2050 THINKING decoding chunk=14.24 t/s avg=15.95 t/s 128.502s
ds4: qwen35moe experts/token avg over 128 tokens: 0:15.0 1:15.6 2:15.9 3:17.7 4:17.2 5:17.8 6:17.5 7:18.6 8:18.0 9:17.9 10:17.2 11:16.7 12:17.3 13:17.1 14:18.2 15:18.3 16:18.0 17:17.3 18:17.6 19:17.3 20:18.4 21:18.1 22:17.2 23:16.7 24:17.0 25:17.2 26:17.9 27:17.7 28:16.5 29:17.1 30:17.0 31:18.1 32:16.6 33:16.7 34:16.9 35:17.7 36:18.8 37:18.9 38:19.1 39:19.0 | mean 17.5
0824 03:16:52 ds4-server: chat ctx=2333..2383:50 gen=2100 decoding chunk=14.55 t/s avg=15.92 t/s 131.937s
0824 03:16:56 ds4-server: chat ctx=2383..2433:50 gen=2150 decoding chunk=14.21 t/s avg=15.87 t/s 135.455s
0824 03:16:59 ds4-server: chat ctx=2433..2483:50 gen=2200 decoding chunk=14.24 t/s avg=15.83 t/s 138.967s
ds4: qwen35moe experts/token avg over 128 tokens: 0:15.7 1:15.9 2:16.2 3:18.3 4:17.7 5:18.1 6:18.0 7:18.4 8:18.4 9:18.4 10:17.8 11:16.9 12:18.2 13:18.4 14:18.5 15:18.2 16:18.2 17:18.3 18:17.9 19:17.6 20:18.6 21:18.8 22:17.6 23:16.9 24:18.2 25:17.5 26:17.9 27:18.1 28:17.4 29:17.6 30:17.2 31:17.8 32:16.6 33:16.6 34:17.0 35:18.3 36:18.2 37:18.1 38:18.9 39:18.4 | mean 17.8
0824 03:17:03 ds4-server: chat ctx=2483..2533:50 gen=2250 decoding chunk=14.06 t/s avg=15.79 t/s 142.523s
0824 03:17:06 ds4-server: chat ctx=2533..2583:50 gen=2300 decoding chunk=14.17 t/s avg=15.75 t/s 146.051s
0824 03:17:07 ds4-server: chat ctx=2583..2591:8 gen=2308 decoding chunk=14.10 t/s avg=15.74 t/s 146.618s
0824 03:17:07 ds4-server: thinking live checkpoint remembered ctx=0..283:283 live=2591 visible=2447
0824 03:17:07 ds4-server: chat ctx=0..283:283 gen=2308 finish=stop 162.081s
0824 03:17:07 ds4-server: live kv cache miss live=2591 prompt=313 common=51 reason=token-mismatch
0824 03:17:07 ds4-server: chat ctx=0..313:313 prompt start
0824 03:17:07 ds4-server: chat ctx=0..313:313 prefill chunk 1/313 (0.3%) chunk=0.00 t/s avg=20.10 t/s 0.050s
0824 03:17:07 ds4-server: chat ctx=0..313:313 prefill chunk 2/313 (0.6%) chunk=19.21 t/s avg=19.65 t/s 0.102s
0824 03:17:07 ds4-server: chat ctx=0..313:313 prefill chunk 3/313 (1.0%) chunk=19.79 t/s avg=19.69 t/s 0.152s
0824 03:17:07 ds4-server: chat ctx=0..313:313 prefill chunk 4/313 (1.3%) chunk=19.25 t/s avg=19.58 t/s 0.204s
0824 03:17:07 ds4-server: chat ctx=0..313:313 prefill chunk 5/313 (1.6%) chunk=19.56 t/s avg=19.58 t/s 0.255s
0824 03:17:07 ds4-server: chat ctx=0..313:313 prefill chunk 6/313 (1.9%) chunk=19.21 t/s avg=19.51 t/s 0.307s
0824 03:17:07 ds4-server: chat ctx=0..313:313 prefill chunk 7/313 (2.2%) chunk=19.51 t/s avg=19.51 t/s 0.359s
0824 03:17:07 ds4-server: chat ctx=0..313:313 prefill chunk 8/313 (2.6%) chunk=18.88 t/s avg=19.43 t/s 0.412s
0824 03:17:07 ds4-server: chat ctx=0..313:313 prefill chunk 9/313 (2.9%) chunk=19.19 t/s avg=19.41 t/s 0.464s
0824 03:17:07 ds4-server: chat ctx=0..313:313 prefill chunk 10/313 (3.2%) chunk=19.68 t/s avg=19.43 t/s 0.515s
0824 03:17:07 ds4-server: chat ctx=0..313:313 prefill chunk 11/313 (3.5%) chunk=18.84 t/s avg=19.38 t/s 0.568s
0824 03:17:08 ds4-server: chat ctx=0..313:313 prefill chunk 12/313 (3.8%) chunk=19.13 t/s avg=19.36 t/s 0.620s
0824 03:17:08 ds4-server: chat ctx=0..313:313 prefill chunk 13/313 (4.2%) chunk=18.59 t/s avg=19.30 t/s 0.674s
0824 03:17:08 ds4-server: chat ctx=0..313:313 prefill chunk 14/313 (4.5%) chunk=18.69 t/s avg=19.25 t/s 0.727s
0824 03:17:08 ds4-server: chat ctx=0..313:313 prefill chunk 15/313 (4.8%) chunk=18.76 t/s avg=19.22 t/s 0.781s
0824 03:17:08 ds4-server: chat ctx=0..313:313 prefill chunk 16/313 (5.1%) chunk=18.42 t/s avg=19.16 t/s 0.835s
0824 03:17:08 ds4-server: chat ctx=0..313:313 prefill chunk 17/313 (5.4%) chunk=18.88 t/s avg=19.15 t/s 0.888s
0824 03:17:08 ds4-server: chat ctx=0..313:313 prefill chunk 18/313 (5.8%) chunk=18.81 t/s avg=19.13 t/s 0.941s
0824 03:17:08 ds4-server: chat ctx=0..313:313 prefill chunk 19/313 (6.1%) chunk=18.48 t/s avg=19.09 t/s 0.995s
0824 03:17:08 ds4-server: chat ctx=0..313:313 prefill chunk 20/313 (6.4%) chunk=18.28 t/s avg=19.05 t/s 1.050s
0824 03:17:08 ds4-server: chat ctx=0..313:313 prefill chunk 21/313 (6.7%) chunk=18.54 t/s avg=19.03 t/s 1.104s
0824 03:17:08 ds4-server: chat ctx=0..313:313 prefill chunk 22/313 (7.0%) chunk=19.46 t/s avg=19.05 t/s 1.155s
0824 03:17:08 ds4-server: chat ctx=0..313:313 prefill chunk 23/313 (7.3%) chunk=18.99 t/s avg=19.04 t/s 1.208s
0824 03:17:08 ds4-server: chat ctx=0..313:313 prefill chunk 24/313 (7.7%) chunk=18.79 t/s avg=19.03 t/s 1.261s
0824 03:17:08 ds4-server: chat ctx=0..313:313 prefill chunk 25/313 (8.0%) chunk=19.41 t/s avg=19.05 t/s 1.313s
0824 03:17:08 ds4-server: chat ctx=0..313:313 prefill chunk 26/313 (8.3%) chunk=18.58 t/s avg=19.03 t/s 1.366s
0824 03:17:08 ds4-server: chat ctx=0..313:313 prefill chunk 27/313 (8.6%) chunk=19.19 t/s avg=19.03 t/s 1.418s
0824 03:17:08 ds4-server: chat ctx=0..313:313 prefill chunk 28/313 (8.9%) chunk=18.70 t/s avg=19.02 t/s 1.472s
0824 03:17:08 ds4-server: chat ctx=0..313:313 prefill chunk 29/313 (9.3%) chunk=18.65 t/s avg=19.01 t/s 1.526s
0824 03:17:08 ds4-server: chat ctx=0..313:313 prefill chunk 30/313 (9.6%) chunk=19.06 t/s avg=19.01 t/s 1.578s
0824 03:17:09 ds4-server: chat ctx=0..313:313 prefill chunk 31/313 (9.9%) chunk=18.12 t/s avg=18.98 t/s 1.633s
0824 03:17:09 ds4-server: chat ctx=0..313:313 prefill chunk 32/313 (10.2%) chunk=18.87 t/s avg=18.98 t/s 1.686s
0824 03:17:09 ds4-server: chat ctx=0..313:313 prefill chunk 33/313 (10.5%) chunk=18.64 t/s avg=18.97 t/s 1.740s
0824 03:17:09 ds4-server: chat ctx=0..313:313 prefill chunk 34/313 (10.9%) chunk=18.65 t/s avg=18.96 t/s 1.793s
0824 03:17:09 ds4-server: chat ctx=0..313:313 prefill chunk 35/313 (11.2%) chunk=18.39 t/s avg=18.94 t/s 1.848s
0824 03:17:09 ds4-server: chat ctx=0..313:313 prefill chunk 36/313 (11.5%) chunk=18.08 t/s avg=18.92 t/s 1.903s
0824 03:17:09 ds4-server: chat ctx=0..313:313 prefill chunk 37/313 (11.8%) chunk=17.74 t/s avg=18.88 t/s 1.960s
0824 03:17:09 ds4-server: chat ctx=0..313:313 prefill chunk 38/313 (12.1%) chunk=18.01 t/s avg=18.86 t/s 2.015s
0824 03:17:09 ds4-server: chat ctx=0..313:313 prefill chunk 39/313 (12.5%) chunk=17.92 t/s avg=18.83 t/s 2.071s
0824 03:17:09 ds4-server: chat ctx=0..313:313 prefill chunk 40/313 (12.8%) chunk=18.98 t/s avg=18.84 t/s 2.124s
ds4: qwen35moe experts/token avg over 128 tokens: 0:15.2 1:16.0 2:15.8 3:17.1 4:17.0 5:17.1 6:16.6 7:17.3 8:17.3 9:17.5 10:16.1 11:16.1 12:17.1 13:17.1 14:17.1 15:17.2 16:16.8 17:17.1 18:16.9 19:16.4 20:17.3 21:17.2 22:16.3 23:15.9 24:16.5 25:16.4 26:16.3 27:16.6 28:16.5 29:16.7 30:16.0 31:16.8 32:15.8 33:16.3 34:16.1 35:18.1 36:17.5 37:17.6 38:18.6 39:18.1 | mean 16.8
0824 03:17:09 ds4-server: chat ctx=0..313:313 prefill chunk 41/313 (13.1%) chunk=18.13 t/s avg=18.82 t/s 2.179s
0824 03:17:09 ds4-server: chat ctx=0..313:313 prefill chunk 42/313 (13.4%) chunk=18.02 t/s avg=18.80 t/s 2.234s
0824 03:17:09 ds4-server: chat ctx=0..313:313 prefill chunk 43/313 (13.7%) chunk=19.36 t/s avg=18.81 t/s 2.286s
0824 03:17:09 ds4-server: chat ctx=0..313:313 prefill chunk 44/313 (14.1%) chunk=18.53 t/s avg=18.80 t/s 2.340s
0824 03:17:09 ds4-server: chat ctx=0..313:313 prefill chunk 45/313 (14.4%) chunk=18.30 t/s avg=18.79 t/s 2.394s
0824 03:17:09 ds4-server: chat ctx=0..313:313 prefill chunk 46/313 (14.7%) chunk=18.67 t/s avg=18.79 t/s 2.448s
0824 03:17:09 ds4-server: chat ctx=0..313:313 prefill chunk 47/313 (15.0%) chunk=17.94 t/s avg=18.77 t/s 2.504s
0824 03:17:09 ds4-server: chat ctx=0..313:313 prefill chunk 48/313 (15.3%) chunk=18.89 t/s avg=18.77 t/s 2.557s
0824 03:17:10 ds4-server: chat ctx=0..313:313 prefill chunk 49/313 (15.7%) chunk=18.31 t/s avg=18.76 t/s 2.611s
0824 03:17:10 ds4-server: chat ctx=0..313:313 prefill chunk 50/313 (16.0%) chunk=18.08 t/s avg=18.75 t/s 2.667s
0824 03:17:10 ds4-server: chat ctx=0..313:313 prefill chunk 51/313 (16.3%) chunk=18.61 t/s avg=18.75 t/s 2.720s
0824 03:17:10 ds4-server: chat ctx=0..313:313 prefill chunk 52/313 (16.6%) chunk=18.21 t/s avg=18.74 t/s 2.775s
0824 03:17:10 ds4-server: chat ctx=0..313:313 prefill chunk 53/313 (16.9%) chunk=18.71 t/s avg=18.74 t/s 2.829s
0824 03:17:10 ds4-server: chat ctx=0..313:313 prefill chunk 54/313 (17.3%) chunk=19.62 t/s avg=18.75 t/s 2.880s
0824 03:17:10 ds4-server: chat ctx=0..313:313 prefill chunk 55/313 (17.6%) chunk=18.65 t/s avg=18.75 t/s 2.933s
0824 03:17:10 ds4-server: chat ctx=0..313:313 prefill chunk 56/313 (17.9%) chunk=19.15 t/s avg=18.76 t/s 2.986s
0824 03:17:10 ds4-server: chat ctx=0..313:313 prefill chunk 57/313 (18.2%) chunk=18.25 t/s avg=18.75 t/s 3.040s
0824 03:17:10 ds4-server: chat ctx=0..313:313 prefill chunk 58/313 (18.5%) chunk=19.05 t/s avg=18.75 t/s 3.093s
0824 03:17:10 ds4-server: chat ctx=0..313:313 prefill chunk 59/313 (18.8%) chunk=19.45 t/s avg=18.76 t/s 3.144s
0824 03:17:10 ds4-server: chat ctx=0..313:313 prefill chunk 60/313 (19.2%) chunk=19.34 t/s avg=18.77 t/s 3.196s
0824 03:17:10 ds4-server: chat ctx=0..313:313 prefill chunk 61/313 (19.5%) chunk=20.09 t/s avg=18.79 t/s 3.246s
0824 03:17:10 ds4-server: chat ctx=0..313:313 prefill chunk 62/313 (19.8%) chunk=18.97 t/s avg=18.80 t/s 3.298s
0824 03:17:10 ds4-server: chat ctx=0..313:313 prefill chunk 63/313 (20.1%) chunk=19.96 t/s avg=18.81 t/s 3.349s
0824 03:17:10 ds4-server: chat ctx=0..313:313 prefill chunk 64/313 (20.4%) chunk=19.45 t/s avg=18.82 t/s 3.400s
0824 03:17:10 ds4-server: chat ctx=0..313:313 prefill chunk 65/313 (20.8%) chunk=19.30 t/s avg=18.83 t/s 3.452s
0824 03:17:10 ds4-server: chat ctx=0..313:313 prefill chunk 66/313 (21.1%) chunk=17.99 t/s avg=18.82 t/s 3.507s
0824 03:17:10 ds4-server: chat ctx=0..313:313 prefill chunk 67/313 (21.4%) chunk=18.03 t/s avg=18.81 t/s 3.563s
0824 03:17:11 ds4-server: chat ctx=0..313:313 prefill chunk 68/313 (21.7%) chunk=18.76 t/s avg=18.80 t/s 3.616s
0824 03:17:11 ds4-server: chat ctx=0..313:313 prefill chunk 69/313 (22.0%) chunk=18.34 t/s avg=18.80 t/s 3.671s
0824 03:17:11 ds4-server: chat ctx=0..313:313 prefill chunk 70/313 (22.4%) chunk=19.17 t/s avg=18.80 t/s 3.723s
0824 03:17:11 ds4-server: chat ctx=0..313:313 prefill chunk 71/313 (22.7%) chunk=18.56 t/s avg=18.80 t/s 3.777s
0824 03:17:11 ds4-server: chat ctx=0..313:313 prefill chunk 72/313 (23.0%) chunk=18.92 t/s avg=18.80 t/s 3.830s
0824 03:17:11 ds4-server: chat ctx=0..313:313 prefill chunk 73/313 (23.3%) chunk=19.07 t/s avg=18.80 t/s 3.882s
0824 03:17:11 ds4-server: chat ctx=0..313:313 prefill chunk 74/313 (23.6%) chunk=17.93 t/s avg=18.79 t/s 3.938s
0824 03:17:11 ds4-server: chat ctx=0..313:313 prefill chunk 75/313 (24.0%) chunk=19.10 t/s avg=18.80 t/s 3.990s
0824 03:17:11 ds4-server: chat ctx=0..313:313 prefill chunk 76/313 (24.3%) chunk=17.83 t/s avg=18.78 t/s 4.046s
0824 03:17:11 ds4-server: chat ctx=0..313:313 prefill chunk 77/313 (24.6%) chunk=18.38 t/s avg=18.78 t/s 4.101s
0824 03:17:11 ds4-server: chat ctx=0..313:313 prefill chunk 78/313 (24.9%) chunk=19.31 t/s avg=18.78 t/s 4.152s
0824 03:17:11 ds4-server: chat ctx=0..313:313 prefill chunk 79/313 (25.2%) chunk=18.90 t/s avg=18.79 t/s 4.205s
0824 03:17:11 ds4-server: chat ctx=0..313:313 prefill chunk 80/313 (25.6%) chunk=18.40 t/s avg=18.78 t/s 4.260s
0824 03:17:11 ds4-server: chat ctx=0..313:313 prefill chunk 81/313 (25.9%) chunk=19.24 t/s avg=18.79 t/s 4.312s
0824 03:17:11 ds4-server: chat ctx=0..313:313 prefill chunk 82/313 (26.2%) chunk=19.00 t/s avg=18.79 t/s 4.364s
0824 03:17:11 ds4-server: chat ctx=0..313:313 prefill chunk 83/313 (26.5%) chunk=19.11 t/s avg=18.79 t/s 4.417s
0824 03:17:11 ds4-server: chat ctx=0..313:313 prefill chunk 84/313 (26.8%) chunk=17.92 t/s avg=18.78 t/s 4.472s
0824 03:17:11 ds4-server: chat ctx=0..313:313 prefill chunk 85/313 (27.2%) chunk=18.55 t/s avg=18.78 t/s 4.526s
0824 03:17:11 ds4-server: chat ctx=0..313:313 prefill chunk 86/313 (27.5%) chunk=18.55 t/s avg=18.78 t/s 4.580s
0824 03:17:12 ds4-server: chat ctx=0..313:313 prefill chunk 87/313 (27.8%) chunk=18.31 t/s avg=18.77 t/s 4.635s
0824 03:17:12 ds4-server: chat ctx=0..313:313 prefill chunk 88/313 (28.1%) chunk=18.57 t/s avg=18.77 t/s 4.689s
0824 03:17:12 ds4-server: chat ctx=0..313:313 prefill chunk 89/313 (28.4%) chunk=18.64 t/s avg=18.77 t/s 4.742s
0824 03:17:12 ds4-server: chat ctx=0..313:313 prefill chunk 90/313 (28.8%) chunk=18.49 t/s avg=18.76 t/s 4.796s
0824 03:17:12 ds4-server: chat ctx=0..313:313 prefill chunk 91/313 (29.1%) chunk=18.92 t/s avg=18.77 t/s 4.849s
0824 03:17:12 ds4-server: chat ctx=0..313:313 prefill chunk 92/313 (29.4%) chunk=18.19 t/s avg=18.76 t/s 4.904s
0824 03:17:12 ds4-server: chat ctx=0..313:313 prefill chunk 93/313 (29.7%) chunk=19.12 t/s avg=18.76 t/s 4.957s
0824 03:17:12 ds4-server: chat ctx=0..313:313 prefill chunk 94/313 (30.0%) chunk=18.20 t/s avg=18.76 t/s 5.011s
0824 03:17:12 ds4-server: chat ctx=0..313:313 prefill chunk 95/313 (30.4%) chunk=17.97 t/s avg=18.75 t/s 5.067s
0824 03:17:12 ds4-server: chat ctx=0..313:313 prefill chunk 96/313 (30.7%) chunk=18.89 t/s avg=18.75 t/s 5.120s
0824 03:17:12 ds4-server: chat ctx=0..313:313 prefill chunk 97/313 (31.0%) chunk=18.17 t/s avg=18.74 t/s 5.175s
0824 03:17:12 ds4-server: chat ctx=0..313:313 prefill chunk 98/313 (31.3%) chunk=18.36 t/s avg=18.74 t/s 5.230s
0824 03:17:12 ds4-server: chat ctx=0..313:313 prefill chunk 99/313 (31.6%) chunk=18.75 t/s avg=18.74 t/s 5.283s
0824 03:17:12 ds4-server: chat ctx=0..313:313 prefill chunk 100/313 (31.9%) chunk=18.28 t/s avg=18.74 t/s 5.338s
0824 03:17:12 ds4-server: chat ctx=0..313:313 prefill chunk 101/313 (32.3%) chunk=19.39 t/s avg=18.74 t/s 5.389s
0824 03:17:12 ds4-server: chat ctx=0..313:313 prefill chunk 102/313 (32.6%) chunk=18.82 t/s avg=18.74 t/s 5.442s
0824 03:17:12 ds4-server: chat ctx=0..313:313 prefill chunk 103/313 (32.9%) chunk=18.32 t/s avg=18.74 t/s 5.497s
0824 03:17:12 ds4-server: chat ctx=0..313:313 prefill chunk 104/313 (33.2%) chunk=19.04 t/s avg=18.74 t/s 5.549s
0824 03:17:13 ds4-server: chat ctx=0..313:313 prefill chunk 105/313 (33.5%) chunk=17.96 t/s avg=18.73 t/s 5.605s
0824 03:17:13 ds4-server: chat ctx=0..313:313 prefill chunk 106/313 (33.9%) chunk=18.81 t/s avg=18.73 t/s 5.658s
0824 03:17:13 ds4-server: chat ctx=0..313:313 prefill chunk 107/313 (34.2%) chunk=18.29 t/s avg=18.73 t/s 5.713s
0824 03:17:13 ds4-server: chat ctx=0..313:313 prefill chunk 108/313 (34.5%) chunk=18.64 t/s avg=18.73 t/s 5.767s
0824 03:17:13 ds4-server: chat ctx=0..313:313 prefill chunk 109/313 (34.8%) chunk=18.96 t/s avg=18.73 t/s 5.819s
0824 03:17:13 ds4-server: chat ctx=0..313:313 prefill chunk 110/313 (35.1%) chunk=18.47 t/s avg=18.73 t/s 5.873s
0824 03:17:13 ds4-server: chat ctx=0..313:313 prefill chunk 111/313 (35.5%) chunk=17.94 t/s avg=18.72 t/s 5.929s
0824 03:17:13 ds4-server: chat ctx=0..313:313 prefill chunk 112/313 (35.8%) chunk=18.95 t/s avg=18.72 t/s 5.982s
0824 03:17:13 ds4-server: chat ctx=0..313:313 prefill chunk 113/313 (36.1%) chunk=18.20 t/s avg=18.72 t/s 6.037s
0824 03:17:13 ds4-server: chat ctx=0..313:313 prefill chunk 114/313 (36.4%) chunk=19.40 t/s avg=18.72 t/s 6.088s
0824 03:17:13 ds4-server: chat ctx=0..313:313 prefill chunk 115/313 (36.7%) chunk=18.24 t/s avg=18.72 t/s 6.143s
0824 03:17:13 ds4-server: chat ctx=0..313:313 prefill chunk 116/313 (37.1%) chunk=18.04 t/s avg=18.71 t/s 6.199s
0824 03:17:13 ds4-server: chat ctx=0..313:313 prefill chunk 117/313 (37.4%) chunk=19.13 t/s avg=18.72 t/s 6.251s
0824 03:17:13 ds4-server: chat ctx=0..313:313 prefill chunk 118/313 (37.7%) chunk=17.73 t/s avg=18.71 t/s 6.307s
0824 03:17:13 ds4-server: chat ctx=0..313:313 prefill chunk 119/313 (38.0%) chunk=18.71 t/s avg=18.71 t/s 6.361s
0824 03:17:13 ds4-server: chat ctx=0..313:313 prefill chunk 120/313 (38.3%) chunk=18.77 t/s avg=18.71 t/s 6.414s
0824 03:17:13 ds4-server: chat ctx=0..313:313 prefill chunk 121/313 (38.7%) chunk=18.11 t/s avg=18.70 t/s 6.469s
0824 03:17:13 ds4-server: chat ctx=0..313:313 prefill chunk 122/313 (39.0%) chunk=18.59 t/s avg=18.70 t/s 6.523s
0824 03:17:13 ds4-server: chat ctx=0..313:313 prefill chunk 123/313 (39.3%) chunk=17.98 t/s avg=18.70 t/s 6.579s
0824 03:17:14 ds4-server: chat ctx=0..313:313 prefill chunk 124/313 (39.6%) chunk=17.96 t/s avg=18.69 t/s 6.634s
0824 03:17:14 ds4-server: chat ctx=0..313:313 prefill chunk 125/313 (39.9%) chunk=18.87 t/s avg=18.69 t/s 6.687s
0824 03:17:14 ds4-server: chat ctx=0..313:313 prefill chunk 126/313 (40.3%) chunk=18.50 t/s avg=18.69 t/s 6.741s
0824 03:17:14 ds4-server: chat ctx=0..313:313 prefill chunk 127/313 (40.6%) chunk=18.46 t/s avg=18.69 t/s 6.796s
0824 03:17:14 ds4-server: chat ctx=0..313:313 prefill chunk 128/313 (40.9%) chunk=18.83 t/s avg=18.69 t/s 6.849s
0824 03:17:14 ds4-server: chat ctx=0..313:313 prefill chunk 129/313 (41.2%) chunk=18.13 t/s avg=18.69 t/s 6.904s
0824 03:17:14 ds4-server: chat ctx=0..313:313 prefill chunk 130/313 (41.5%) chunk=19.22 t/s avg=18.69 t/s 6.956s
0824 03:17:14 ds4-server: chat ctx=0..313:313 prefill chunk 131/313 (41.9%) chunk=18.26 t/s avg=18.69 t/s 7.011s
0824 03:17:14 ds4-server: chat ctx=0..313:313 prefill chunk 132/313 (42.2%) chunk=18.63 t/s avg=18.69 t/s 7.064s
0824 03:17:14 ds4-server: chat ctx=0..313:313 prefill chunk 133/313 (42.5%) chunk=18.47 t/s avg=18.68 t/s 7.119s
0824 03:17:14 ds4-server: chat ctx=0..313:313 prefill chunk 134/313 (42.8%) chunk=18.51 t/s avg=18.68 t/s 7.173s
0824 03:17:14 ds4-server: chat ctx=0..313:313 prefill chunk 135/313 (43.1%) chunk=18.81 t/s avg=18.68 t/s 7.226s
0824 03:17:14 ds4-server: chat ctx=0..313:313 prefill chunk 136/313 (43.5%) chunk=18.65 t/s avg=18.68 t/s 7.279s
0824 03:17:14 ds4-server: chat ctx=0..313:313 prefill chunk 137/313 (43.8%) chunk=18.02 t/s avg=18.68 t/s 7.335s
0824 03:17:14 ds4-server: chat ctx=0..313:313 prefill chunk 138/313 (44.1%) chunk=18.53 t/s avg=18.68 t/s 7.389s
0824 03:17:14 ds4-server: chat ctx=0..313:313 prefill chunk 139/313 (44.4%) chunk=17.89 t/s avg=18.67 t/s 7.445s
0824 03:17:14 ds4-server: chat ctx=0..313:313 prefill chunk 140/313 (44.7%) chunk=18.25 t/s avg=18.67 t/s 7.499s
0824 03:17:14 ds4-server: chat ctx=0..313:313 prefill chunk 141/313 (45.0%) chunk=18.70 t/s avg=18.67 t/s 7.553s
0824 03:17:15 ds4-server: chat ctx=0..313:313 prefill chunk 142/313 (45.4%) chunk=18.19 t/s avg=18.66 t/s 7.608s
0824 03:17:15 ds4-server: chat ctx=0..313:313 prefill chunk 143/313 (45.7%) chunk=18.60 t/s avg=18.66 t/s 7.662s
0824 03:17:15 ds4-server: chat ctx=0..313:313 prefill chunk 144/313 (46.0%) chunk=19.03 t/s avg=18.67 t/s 7.714s
0824 03:17:15 ds4-server: chat ctx=0..313:313 prefill chunk 145/313 (46.3%) chunk=17.62 t/s avg=18.66 t/s 7.771s
0824 03:17:15 ds4-server: chat ctx=0..313:313 prefill chunk 146/313 (46.6%) chunk=19.00 t/s avg=18.66 t/s 7.824s
0824 03:17:15 ds4-server: chat ctx=0..313:313 prefill chunk 147/313 (47.0%) chunk=18.25 t/s avg=18.66 t/s 7.878s
0824 03:17:15 ds4-server: chat ctx=0..313:313 prefill chunk 148/313 (47.3%) chunk=17.92 t/s avg=18.65 t/s 7.934s
0824 03:17:15 ds4-server: chat ctx=0..313:313 prefill chunk 149/313 (47.6%) chunk=19.42 t/s avg=18.66 t/s 7.986s
0824 03:17:15 ds4-server: chat ctx=0..313:313 prefill chunk 150/313 (47.9%) chunk=18.67 t/s avg=18.66 t/s 8.039s
0824 03:17:15 ds4-server: chat ctx=0..313:313 prefill chunk 151/313 (48.2%) chunk=19.00 t/s avg=18.66 t/s 8.092s
0824 03:17:15 ds4-server: chat ctx=0..313:313 prefill chunk 152/313 (48.6%) chunk=19.25 t/s avg=18.66 t/s 8.144s
0824 03:17:15 ds4-server: chat ctx=0..313:313 prefill chunk 153/313 (48.9%) chunk=18.39 t/s avg=18.66 t/s 8.198s
0824 03:17:15 ds4-server: chat ctx=0..313:313 prefill chunk 154/313 (49.2%) chunk=19.06 t/s avg=18.67 t/s 8.251s
0824 03:17:15 ds4-server: chat ctx=0..313:313 prefill chunk 155/313 (49.5%) chunk=18.53 t/s avg=18.66 t/s 8.305s
0824 03:17:15 ds4-server: chat ctx=0..313:313 prefill chunk 156/313 (49.8%) chunk=18.58 t/s avg=18.66 t/s 8.359s
0824 03:17:15 ds4-server: chat ctx=0..313:313 prefill chunk 157/313 (50.2%) chunk=18.45 t/s avg=18.66 t/s 8.413s
0824 03:17:15 ds4-server: chat ctx=0..313:313 prefill chunk 158/313 (50.5%) chunk=18.17 t/s avg=18.66 t/s 8.468s
0824 03:17:15 ds4-server: chat ctx=0..313:313 prefill chunk 159/313 (50.8%) chunk=18.86 t/s avg=18.66 t/s 8.521s
0824 03:17:15 ds4-server: chat ctx=0..313:313 prefill chunk 160/313 (51.1%) chunk=17.66 t/s avg=18.65 t/s 8.577s
0824 03:17:16 ds4-server: chat ctx=0..313:313 prefill chunk 161/313 (51.4%) chunk=18.18 t/s avg=18.65 t/s 8.632s
0824 03:17:16 ds4-server: chat ctx=0..313:313 prefill chunk 162/313 (51.8%) chunk=18.61 t/s avg=18.65 t/s 8.686s
0824 03:17:16 ds4-server: chat ctx=0..313:313 prefill chunk 163/313 (52.1%) chunk=18.03 t/s avg=18.65 t/s 8.742s
0824 03:17:16 ds4-server: chat ctx=0..313:313 prefill chunk 164/313 (52.4%) chunk=18.14 t/s avg=18.64 t/s 8.797s
0824 03:17:16 ds4-server: chat ctx=0..313:313 prefill chunk 165/313 (52.7%) chunk=18.12 t/s avg=18.64 t/s 8.852s
0824 03:17:16 ds4-server: chat ctx=0..313:313 prefill chunk 166/313 (53.0%) chunk=18.11 t/s avg=18.64 t/s 8.907s
0824 03:17:16 ds4-server: chat ctx=0..313:313 prefill chunk 167/313 (53.4%) chunk=18.31 t/s avg=18.63 t/s 8.962s
0824 03:17:16 ds4-server: chat ctx=0..313:313 prefill chunk 168/313 (53.7%) chunk=19.00 t/s avg=18.64 t/s 9.014s
ds4: qwen35moe experts/token avg over 128 tokens: 0:13.8 1:13.9 2:14.3 3:15.6 4:14.0 5:14.3 6:14.3 7:15.2 8:15.7 9:14.4 10:13.3 11:13.2 12:14.3 13:14.1 14:14.7 15:14.9 16:14.7 17:14.6 18:14.5 19:14.6 20:15.9 21:14.3 22:14.0 23:14.5 24:15.5 25:14.7 26:15.8 27:15.3 28:15.1 29:16.3 30:16.2 31:16.9 32:16.7 33:16.6 34:17.2 35:18.8 36:18.7 37:18.6 38:19.2 39:18.5 | mean 15.4
0824 03:17:16 ds4-server: chat ctx=0..313:313 prefill chunk 169/313 (54.0%) chunk=17.91 t/s avg=18.63 t/s 9.070s
0824 03:17:16 ds4-server: chat ctx=0..313:313 prefill chunk 170/313 (54.3%) chunk=18.98 t/s avg=18.63 t/s 9.123s
0824 03:17:16 ds4-server: chat ctx=0..313:313 prefill chunk 171/313 (54.6%) chunk=17.96 t/s avg=18.63 t/s 9.179s
0824 03:17:16 ds4-server: chat ctx=0..313:313 prefill chunk 172/313 (55.0%) chunk=17.93 t/s avg=18.63 t/s 9.234s
0824 03:17:16 ds4-server: chat ctx=0..313:313 prefill chunk 173/313 (55.3%) chunk=18.80 t/s avg=18.63 t/s 9.288s
0824 03:17:16 ds4-server: chat ctx=0..313:313 prefill chunk 174/313 (55.6%) chunk=18.14 t/s avg=18.62 t/s 9.343s
0824 03:17:16 ds4-server: chat ctx=0..313:313 prefill chunk 175/313 (55.9%) chunk=18.15 t/s avg=18.62 t/s 9.398s
0824 03:17:16 ds4-server: chat ctx=0..313:313 prefill chunk 176/313 (56.2%) chunk=18.14 t/s avg=18.62 t/s 9.453s
0824 03:17:16 ds4-server: chat ctx=0..313:313 prefill chunk 177/313 (56.5%) chunk=18.18 t/s avg=18.62 t/s 9.508s
0824 03:17:16 ds4-server: chat ctx=0..313:313 prefill chunk 178/313 (56.9%) chunk=17.89 t/s avg=18.61 t/s 9.564s
0824 03:17:17 ds4-server: chat ctx=0..313:313 prefill chunk 179/313 (57.2%) chunk=18.88 t/s avg=18.61 t/s 9.617s
0824 03:17:17 ds4-server: chat ctx=0..313:313 prefill chunk 180/313 (57.5%) chunk=17.99 t/s avg=18.61 t/s 9.672s
0824 03:17:17 ds4-server: chat ctx=0..313:313 prefill chunk 181/313 (57.8%) chunk=18.04 t/s avg=18.61 t/s 9.728s
0824 03:17:17 ds4-server: chat ctx=0..313:313 prefill chunk 182/313 (58.1%) chunk=18.75 t/s avg=18.61 t/s 9.781s
0824 03:17:17 ds4-server: chat ctx=0..313:313 prefill chunk 183/313 (58.5%) chunk=17.77 t/s avg=18.60 t/s 9.837s
0824 03:17:17 ds4-server: chat ctx=0..313:313 prefill chunk 184/313 (58.8%) chunk=18.21 t/s avg=18.60 t/s 9.892s
0824 03:17:17 ds4-server: chat ctx=0..313:313 prefill chunk 185/313 (59.1%) chunk=17.94 t/s avg=18.60 t/s 9.948s
0824 03:17:17 ds4-server: chat ctx=0..313:313 prefill chunk 186/313 (59.4%) chunk=17.85 t/s avg=18.59 t/s 10.004s
0824 03:17:17 ds4-server: chat ctx=0..313:313 prefill chunk 187/313 (59.7%) chunk=17.99 t/s avg=18.59 t/s 10.060s
0824 03:17:17 ds4-server: chat ctx=0..313:313 prefill chunk 188/313 (60.1%) chunk=19.04 t/s avg=18.59 t/s 10.112s
0824 03:17:17 ds4-server: chat ctx=0..313:313 prefill chunk 189/313 (60.4%) chunk=17.77 t/s avg=18.59 t/s 10.168s
0824 03:17:17 ds4-server: chat ctx=0..313:313 prefill chunk 190/313 (60.7%) chunk=19.01 t/s avg=18.59 t/s 10.221s
0824 03:17:17 ds4-server: chat ctx=0..313:313 prefill chunk 191/313 (61.0%) chunk=17.71 t/s avg=18.58 t/s 10.278s
0824 03:17:17 ds4-server: chat ctx=0..313:313 prefill chunk 192/313 (61.3%) chunk=18.09 t/s avg=18.58 t/s 10.333s
0824 03:17:17 ds4-server: chat ctx=0..313:313 prefill chunk 193/313 (61.7%) chunk=18.64 t/s avg=18.58 t/s 10.386s
0824 03:17:17 ds4-server: chat ctx=0..313:313 prefill chunk 194/313 (62.0%) chunk=17.73 t/s avg=18.58 t/s 10.443s
0824 03:17:17 ds4-server: chat ctx=0..313:313 prefill chunk 195/313 (62.3%) chunk=17.81 t/s avg=18.57 t/s 10.499s
0824 03:17:17 ds4-server: chat ctx=0..313:313 prefill chunk 196/313 (62.6%) chunk=18.63 t/s avg=18.57 t/s 10.553s
0824 03:17:18 ds4-server: chat ctx=0..313:313 prefill chunk 197/313 (62.9%) chunk=17.58 t/s avg=18.57 t/s 10.610s
0824 03:17:18 ds4-server: chat ctx=0..313:313 prefill chunk 198/313 (63.3%) chunk=18.48 t/s avg=18.57 t/s 10.664s
0824 03:17:18 ds4-server: chat ctx=0..313:313 prefill chunk 199/313 (63.6%) chunk=18.49 t/s avg=18.57 t/s 10.718s
0824 03:17:18 ds4-server: chat ctx=0..313:313 prefill chunk 200/313 (63.9%) chunk=18.24 t/s avg=18.57 t/s 10.773s
0824 03:17:18 ds4-server: chat ctx=0..313:313 prefill chunk 201/313 (64.2%) chunk=17.82 t/s avg=18.56 t/s 10.829s
0824 03:17:18 ds4-server: chat ctx=0..313:313 prefill chunk 202/313 (64.5%) chunk=18.67 t/s avg=18.56 t/s 10.882s
0824 03:17:18 ds4-server: chat ctx=0..313:313 prefill chunk 203/313 (64.9%) chunk=18.17 t/s avg=18.56 t/s 10.937s
0824 03:17:18 ds4-server: chat ctx=0..313:313 prefill chunk 204/313 (65.2%) chunk=18.25 t/s avg=18.56 t/s 10.992s
0824 03:17:18 ds4-server: chat ctx=0..313:313 prefill chunk 205/313 (65.5%) chunk=17.97 t/s avg=18.56 t/s 11.048s
0824 03:17:18 ds4-server: chat ctx=0..313:313 prefill chunk 206/313 (65.8%) chunk=17.79 t/s avg=18.55 t/s 11.104s
0824 03:17:18 ds4-server: chat ctx=0..313:313 prefill chunk 207/313 (66.1%) chunk=18.28 t/s avg=18.55 t/s 11.159s
0824 03:17:18 ds4-server: chat ctx=0..313:313 prefill chunk 208/313 (66.5%) chunk=18.39 t/s avg=18.55 t/s 11.213s
0824 03:17:18 ds4-server: chat ctx=0..313:313 prefill chunk 209/313 (66.8%) chunk=18.06 t/s avg=18.55 t/s 11.268s
0824 03:17:18 ds4-server: chat ctx=0..313:313 prefill chunk 210/313 (67.1%) chunk=18.40 t/s avg=18.55 t/s 11.323s
0824 03:17:18 ds4-server: chat ctx=0..313:313 prefill chunk 211/313 (67.4%) chunk=17.92 t/s avg=18.54 t/s 11.379s
0824 03:17:18 ds4-server: chat ctx=0..313:313 prefill chunk 212/313 (67.7%) chunk=18.25 t/s avg=18.54 t/s 11.433s
0824 03:17:18 ds4-server: chat ctx=0..313:313 prefill chunk 213/313 (68.1%) chunk=18.58 t/s avg=18.54 t/s 11.487s
0824 03:17:18 ds4-server: chat ctx=0..313:313 prefill chunk 214/313 (68.4%) chunk=18.05 t/s avg=18.54 t/s 11.543s
0824 03:17:19 ds4-server: chat ctx=0..313:313 prefill chunk 215/313 (68.7%) chunk=17.81 t/s avg=18.54 t/s 11.599s
0824 03:17:19 ds4-server: chat ctx=0..313:313 prefill chunk 216/313 (69.0%) chunk=18.62 t/s avg=18.54 t/s 11.652s
0824 03:17:19 ds4-server: chat ctx=0..313:313 prefill chunk 217/313 (69.3%) chunk=18.33 t/s avg=18.54 t/s 11.707s
0824 03:17:19 ds4-server: chat ctx=0..313:313 prefill chunk 218/313 (69.6%) chunk=18.18 t/s avg=18.53 t/s 11.762s
0824 03:17:19 ds4-server: chat ctx=0..313:313 prefill chunk 219/313 (70.0%) chunk=18.48 t/s avg=18.53 t/s 11.816s
0824 03:17:19 ds4-server: chat ctx=0..313:313 prefill chunk 220/313 (70.3%) chunk=17.93 t/s avg=18.53 t/s 11.872s
0824 03:17:19 ds4-server: chat ctx=0..313:313 prefill chunk 221/313 (70.6%) chunk=17.73 t/s avg=18.53 t/s 11.928s
0824 03:17:19 ds4-server: chat ctx=0..313:313 prefill chunk 222/313 (70.9%) chunk=18.45 t/s avg=18.53 t/s 11.983s
0824 03:17:19 ds4-server: chat ctx=0..313:313 prefill chunk 223/313 (71.2%) chunk=17.82 t/s avg=18.52 t/s 12.039s
0824 03:17:19 ds4-server: chat ctx=0..313:313 prefill chunk 224/313 (71.6%) chunk=17.82 t/s avg=18.52 t/s 12.095s
0824 03:17:19 ds4-server: chat ctx=0..313:313 prefill chunk 225/313 (71.9%) chunk=18.86 t/s avg=18.52 t/s 12.148s
0824 03:17:19 ds4-server: chat ctx=0..313:313 prefill chunk 226/313 (72.2%) chunk=17.65 t/s avg=18.52 t/s 12.204s
0824 03:17:19 ds4-server: chat ctx=0..313:313 prefill chunk 227/313 (72.5%) chunk=17.53 t/s avg=18.51 t/s 12.262s
0824 03:17:19 ds4-server: chat ctx=0..313:313 prefill chunk 228/313 (72.8%) chunk=19.22 t/s avg=18.52 t/s 12.314s
0824 03:17:19 ds4-server: chat ctx=0..313:313 prefill chunk 229/313 (73.2%) chunk=17.41 t/s avg=18.51 t/s 12.371s
0824 03:17:19 ds4-server: chat ctx=0..313:313 prefill chunk 230/313 (73.5%) chunk=18.32 t/s avg=18.51 t/s 12.426s
0824 03:17:19 ds4-server: chat ctx=0..313:313 prefill chunk 231/313 (73.8%) chunk=18.25 t/s avg=18.51 t/s 12.480s
0824 03:17:19 ds4-server: chat ctx=0..313:313 prefill chunk 232/313 (74.1%) chunk=17.84 t/s avg=18.51 t/s 12.536s
0824 03:17:20 ds4-server: chat ctx=0..313:313 prefill chunk 233/313 (74.4%) chunk=18.53 t/s avg=18.51 t/s 12.590s
0824 03:17:20 ds4-server: chat ctx=0..313:313 prefill chunk 234/313 (74.8%) chunk=17.58 t/s avg=18.50 t/s 12.647s
0824 03:17:20 ds4-server: chat ctx=0..313:313 prefill chunk 235/313 (75.1%) chunk=17.59 t/s avg=18.50 t/s 12.704s
0824 03:17:20 ds4-server: chat ctx=0..313:313 prefill chunk 236/313 (75.4%) chunk=18.50 t/s avg=18.50 t/s 12.758s
0824 03:17:20 ds4-server: chat ctx=0..313:313 prefill chunk 237/313 (75.7%) chunk=17.34 t/s avg=18.49 t/s 12.816s
0824 03:17:20 ds4-server: chat ctx=0..313:313 prefill chunk 238/313 (76.0%) chunk=17.79 t/s avg=18.49 t/s 12.872s
0824 03:17:20 ds4-server: chat ctx=0..313:313 prefill chunk 239/313 (76.4%) chunk=17.53 t/s avg=18.49 t/s 12.929s
0824 03:17:20 ds4-server: chat ctx=0..313:313 prefill chunk 240/313 (76.7%) chunk=18.28 t/s avg=18.48 t/s 12.984s
0824 03:17:20 ds4-server: chat ctx=0..313:313 prefill chunk 241/313 (77.0%) chunk=17.74 t/s avg=18.48 t/s 13.040s
0824 03:17:20 ds4-server: chat ctx=0..313:313 prefill chunk 242/313 (77.3%) chunk=18.06 t/s avg=18.48 t/s 13.096s
0824 03:17:20 ds4-server: chat ctx=0..313:313 prefill chunk 243/313 (77.6%) chunk=18.57 t/s avg=18.48 t/s 13.149s
0824 03:17:20 ds4-server: chat ctx=0..313:313 prefill chunk 244/313 (78.0%) chunk=17.05 t/s avg=18.47 t/s 13.208s
0824 03:17:20 ds4-server: chat ctx=0..313:313 prefill chunk 245/313 (78.3%) chunk=17.72 t/s avg=18.47 t/s 13.264s
0824 03:17:20 ds4-server: chat ctx=0..313:313 prefill chunk 246/313 (78.6%) chunk=18.38 t/s avg=18.47 t/s 13.319s
0824 03:17:20 ds4-server: chat ctx=0..313:313 prefill chunk 247/313 (78.9%) chunk=18.27 t/s avg=18.47 t/s 13.374s
0824 03:17:20 ds4-server: chat ctx=0..313:313 prefill chunk 248/313 (79.2%) chunk=17.81 t/s avg=18.47 t/s 13.430s
0824 03:17:20 ds4-server: chat ctx=0..313:313 prefill chunk 249/313 (79.6%) chunk=18.42 t/s avg=18.47 t/s 13.484s
0824 03:17:20 ds4-server: chat ctx=0..313:313 prefill chunk 250/313 (79.9%) chunk=18.14 t/s avg=18.46 t/s 13.539s
0824 03:17:21 ds4-server: chat ctx=0..313:313 prefill chunk 251/313 (80.2%) chunk=17.62 t/s avg=18.46 t/s 13.596s
0824 03:17:21 ds4-server: chat ctx=0..313:313 prefill chunk 252/313 (80.5%) chunk=18.18 t/s avg=18.46 t/s 13.651s
0824 03:17:21 ds4-server: chat ctx=0..313:313 prefill chunk 253/313 (80.8%) chunk=17.87 t/s avg=18.46 t/s 13.707s
0824 03:17:21 ds4-server: chat ctx=0..313:313 prefill chunk 254/313 (81.2%) chunk=17.82 t/s avg=18.46 t/s 13.763s
0824 03:17:21 ds4-server: chat ctx=0..313:313 prefill chunk 255/313 (81.5%) chunk=18.36 t/s avg=18.45 t/s 13.818s
0824 03:17:21 ds4-server: chat ctx=0..313:313 prefill chunk 256/313 (81.8%) chunk=18.26 t/s avg=18.45 t/s 13.872s
0824 03:17:21 ds4-server: chat ctx=0..313:313 prefill chunk 257/313 (82.1%) chunk=17.88 t/s avg=18.45 t/s 13.928s
0824 03:17:21 ds4-server: chat ctx=0..313:313 prefill chunk 258/313 (82.4%) chunk=18.73 t/s avg=18.45 t/s 13.982s
0824 03:17:21 ds4-server: chat ctx=0..313:313 prefill chunk 259/313 (82.7%) chunk=17.73 t/s avg=18.45 t/s 14.038s
0824 03:17:21 ds4-server: chat ctx=0..313:313 prefill chunk 260/313 (83.1%) chunk=17.75 t/s avg=18.45 t/s 14.094s
0824 03:17:21 ds4-server: chat ctx=0..313:313 prefill chunk 261/313 (83.4%) chunk=18.13 t/s avg=18.45 t/s 14.150s
0824 03:17:21 ds4-server: chat ctx=0..313:313 prefill chunk 262/313 (83.7%) chunk=17.63 t/s avg=18.44 t/s 14.206s
0824 03:17:21 ds4-server: chat ctx=0..313:313 prefill chunk 263/313 (84.0%) chunk=18.66 t/s avg=18.44 t/s 14.260s
0824 03:17:21 ds4-server: chat ctx=0..313:313 prefill chunk 264/313 (84.3%) chunk=18.06 t/s avg=18.44 t/s 14.315s
0824 03:17:21 ds4-server: chat ctx=0..313:313 prefill chunk 265/313 (84.7%) chunk=17.56 t/s avg=18.44 t/s 14.372s
0824 03:17:21 ds4-server: chat ctx=0..313:313 prefill chunk 266/313 (85.0%) chunk=17.81 t/s avg=18.44 t/s 14.428s
0824 03:17:21 ds4-server: chat ctx=0..313:313 prefill chunk 267/313 (85.3%) chunk=18.22 t/s avg=18.44 t/s 14.483s
0824 03:17:21 ds4-server: chat ctx=0..313:313 prefill chunk 268/313 (85.6%) chunk=17.83 t/s avg=18.43 t/s 14.539s
0824 03:17:22 ds4-server: chat ctx=0..313:313 prefill chunk 269/313 (85.9%) chunk=18.30 t/s avg=18.43 t/s 14.594s
0824 03:17:22 ds4-server: chat ctx=0..313:313 prefill chunk 270/313 (86.3%) chunk=17.83 t/s avg=18.43 t/s 14.650s
0824 03:17:22 ds4-server: chat ctx=0..313:313 prefill chunk 271/313 (86.6%) chunk=17.69 t/s avg=18.43 t/s 14.707s
0824 03:17:22 ds4-server: chat ctx=0..313:313 prefill chunk 272/313 (86.9%) chunk=17.65 t/s avg=18.42 t/s 14.763s
0824 03:17:22 ds4-server: chat ctx=0..313:313 prefill chunk 273/313 (87.2%) chunk=18.17 t/s avg=18.42 t/s 14.818s
0824 03:17:22 ds4-server: chat ctx=0..313:313 prefill chunk 274/313 (87.5%) chunk=17.77 t/s avg=18.42 t/s 14.874s
0824 03:17:22 ds4-server: chat ctx=0..313:313 prefill chunk 275/313 (87.9%) chunk=17.78 t/s avg=18.42 t/s 14.931s
0824 03:17:22 ds4-server: chat ctx=0..313:313 prefill chunk 276/313 (88.2%) chunk=18.28 t/s avg=18.42 t/s 14.985s
0824 03:17:22 ds4-server: chat ctx=0..313:313 prefill chunk 277/313 (88.5%) chunk=17.93 t/s avg=18.42 t/s 15.041s
0824 03:17:22 ds4-server: chat ctx=0..313:313 prefill chunk 278/313 (88.8%) chunk=17.84 t/s avg=18.41 t/s 15.097s
0824 03:17:22 ds4-server: chat ctx=0..313:313 prefill chunk 279/313 (89.1%) chunk=18.17 t/s avg=18.41 t/s 15.152s
0824 03:17:22 ds4-server: chat ctx=0..313:313 prefill chunk 280/313 (89.5%) chunk=17.55 t/s avg=18.41 t/s 15.209s
0824 03:17:22 ds4-server: chat ctx=0..313:313 prefill chunk 281/313 (89.8%) chunk=17.38 t/s avg=18.41 t/s 15.267s
0824 03:17:22 ds4-server: chat ctx=0..313:313 prefill chunk 282/313 (90.1%) chunk=18.21 t/s avg=18.41 t/s 15.322s
0824 03:17:22 ds4-server: chat ctx=0..313:313 prefill chunk 283/313 (90.4%) chunk=17.75 t/s avg=18.40 t/s 15.378s
0824 03:17:22 ds4-server: chat ctx=0..313:313 prefill chunk 284/313 (90.7%) chunk=17.05 t/s avg=18.40 t/s 15.437s
0824 03:17:22 ds4-server: chat ctx=0..313:313 prefill chunk 285/313 (91.1%) chunk=18.21 t/s avg=18.40 t/s 15.492s
0824 03:17:22 ds4-server: chat ctx=0..313:313 prefill chunk 286/313 (91.4%) chunk=18.85 t/s avg=18.40 t/s 15.545s
0824 03:17:23 ds4-server: chat ctx=0..313:313 prefill chunk 287/313 (91.7%) chunk=18.20 t/s avg=18.40 t/s 15.600s
0824 03:17:23 ds4-server: chat ctx=0..313:313 prefill chunk 288/313 (92.0%) chunk=18.12 t/s avg=18.40 t/s 15.655s
0824 03:17:23 ds4-server: chat ctx=0..313:313 prefill chunk 289/313 (92.3%) chunk=17.59 t/s avg=18.39 t/s 15.712s
0824 03:17:23 ds4-server: chat ctx=0..313:313 prefill chunk 290/313 (92.7%) chunk=17.70 t/s avg=18.39 t/s 15.768s
0824 03:17:23 ds4-server: chat ctx=0..313:313 prefill chunk 291/313 (93.0%) chunk=18.67 t/s avg=18.39 t/s 15.822s
0824 03:17:23 ds4-server: chat ctx=0..313:313 prefill chunk 292/313 (93.3%) chunk=17.77 t/s avg=18.39 t/s 15.878s
0824 03:17:23 ds4-server: chat ctx=0..313:313 prefill chunk 293/313 (93.6%) chunk=17.53 t/s avg=18.39 t/s 15.935s
0824 03:17:23 ds4-server: chat ctx=0..313:313 prefill chunk 294/313 (93.9%) chunk=18.01 t/s avg=18.39 t/s 15.991s
0824 03:17:23 ds4-server: chat ctx=0..313:313 prefill chunk 295/313 (94.2%) chunk=18.01 t/s avg=18.38 t/s 16.046s
0824 03:17:23 ds4-server: chat ctx=0..313:313 prefill chunk 296/313 (94.6%) chunk=17.80 t/s avg=18.38 t/s 16.102s
ds4: qwen35moe experts/token avg over 128 tokens: 0:14.7 1:14.6 2:15.2 3:16.8 4:15.4 5:14.7 6:14.4 7:15.9 8:17.3 9:15.3 10:14.2 11:13.9 12:14.5 13:14.5 14:14.8 15:14.9 16:14.7 17:14.8 18:14.6 19:15.2 20:16.4 21:14.7 22:14.5 23:14.6 24:15.8 25:15.4 26:16.5 27:16.0 28:16.4 29:16.8 30:17.8 31:17.6 32:17.6 33:18.0 34:17.9 35:19.1 36:19.4 37:19.2 38:19.4 39:19.0 | mean 16.1
0824 03:17:23 ds4-server: chat ctx=0..313:313 prefill chunk 297/313 (94.9%) chunk=17.62 t/s avg=18.38 t/s 16.159s
0824 03:17:23 ds4-server: chat ctx=0..313:313 prefill chunk 298/313 (95.2%) chunk=17.96 t/s avg=18.38 t/s 16.215s
0824 03:17:23 ds4-server: chat ctx=0..313:313 prefill chunk 299/313 (95.5%) chunk=17.11 t/s avg=18.37 t/s 16.273s
0824 03:17:23 ds4-server: chat ctx=0..313:313 prefill chunk 300/313 (95.8%) chunk=17.73 t/s avg=18.37 t/s 16.330s
0824 03:17:23 ds4-server: chat ctx=0..313:313 prefill chunk 301/313 (96.2%) chunk=17.43 t/s avg=18.37 t/s 16.387s
0824 03:17:23 ds4-server: chat ctx=0..313:313 prefill chunk 302/313 (96.5%) chunk=17.98 t/s avg=18.37 t/s 16.443s
0824 03:17:23 ds4-server: chat ctx=0..313:313 prefill chunk 303/313 (96.8%) chunk=18.21 t/s avg=18.37 t/s 16.497s
0824 03:17:23 ds4-server: chat ctx=0..313:313 prefill chunk 304/313 (97.1%) chunk=18.47 t/s avg=18.37 t/s 16.552s
0824 03:17:24 ds4-server: chat ctx=0..313:313 prefill chunk 305/313 (97.4%) chunk=17.60 t/s avg=18.36 t/s 16.608s
0824 03:17:24 ds4-server: chat ctx=0..313:313 prefill chunk 306/313 (97.8%) chunk=18.14 t/s avg=18.36 t/s 16.664s
0824 03:17:24 ds4-server: chat ctx=0..313:313 prefill chunk 307/313 (98.1%) chunk=19.14 t/s avg=18.37 t/s 16.716s
0824 03:17:24 ds4-server: chat ctx=0..313:313 prefill chunk 308/313 (98.4%) chunk=17.70 t/s avg=18.36 t/s 16.772s
0824 03:17:24 ds4-server: chat ctx=0..313:313 prefill chunk 309/313 (98.7%) chunk=18.67 t/s avg=18.36 t/s 16.826s
0824 03:17:24 ds4-server: chat ctx=0..313:313 prefill chunk 310/313 (99.0%) chunk=19.53 t/s avg=18.37 t/s 16.877s
0824 03:17:24 ds4-server: chat ctx=0..313:313 prefill chunk 311/313 (99.4%) chunk=17.71 t/s avg=18.37 t/s 16.934s
0824 03:17:24 ds4-server: chat ctx=0..313:313 prefill chunk 312/313 (99.7%) chunk=19.77 t/s avg=18.37 t/s 16.984s
0824 03:17:24 ds4-server: chat ctx=0..313:313 prefill chunk 313/313 (100.0%) chunk=18.69 t/s avg=18.37 t/s 17.038s
0824 03:17:24 ds4-server: chat ctx=0..313:313 prompt done 17.038s
0824 03:17:27 ds4-server: chat ctx=313..363:50 gen=50 THINKING decoding chunk=18.13 t/s avg=18.13 t/s 2.758s
0824 03:17:30 ds4-server: chat ctx=363..413:50 gen=100 THINKING decoding chunk=17.86 t/s avg=17.99 t/s 5.557s
ds4: qwen35moe experts/token avg over 128 tokens: 0:14.4 1:14.3 2:14.9 3:16.4 4:14.7 5:14.5 6:14.4 7:15.2 8:16.3 9:14.9 10:13.6 11:13.7 12:14.6 13:14.5 14:14.9 15:15.3 16:15.3 17:14.9 18:14.8 19:15.2 20:16.6 21:15.2 22:14.8 23:14.6 24:16.1 25:14.8 26:16.1 27:15.9 28:15.8 29:15.7 30:15.6 31:16.1 32:15.7 33:15.4 34:15.2 35:16.9 36:16.9 37:17.4 38:18.8 39:17.9 | mean 15.5
0824 03:17:32 ds4-server: chat ctx=413..463:50 gen=150 THINKING decoding chunk=18.11 t/s avg=18.03 t/s 8.318s
0824 03:17:35 ds4-server: chat ctx=463..513:50 gen=200 THINKING decoding chunk=17.83 t/s avg=17.98 t/s 11.121s
ds4: qwen35moe experts/token avg over 128 tokens: 0:14.9 1:15.3 2:15.3 3:17.0 4:15.8 5:15.0 6:14.8 7:16.0 8:17.4 9:15.8 10:14.3 11:13.6 12:14.9 13:14.4 14:15.0 15:15.1 16:14.9 17:14.9 18:14.6 19:14.8 20:16.6 21:14.8 22:14.6 23:14.0 24:15.4 25:14.3 26:16.4 27:15.5 28:15.3 29:15.1 30:15.2 31:16.1 32:15.5 33:14.1 34:14.2 35:16.5 36:16.0 37:16.4 38:18.0 39:16.6 | mean 15.4
0824 03:17:38 ds4-server: chat ctx=513..563:50 gen=250 THINKING decoding chunk=17.60 t/s avg=17.91 t/s 13.962s
0824 03:17:41 ds4-server: chat ctx=563..613:50 gen=300 THINKING decoding chunk=17.56 t/s avg=17.85 t/s 16.810s
0824 03:17:44 ds4-server: chat ctx=613..663:50 gen=350 THINKING decoding chunk=17.26 t/s avg=17.76 t/s 19.707s
ds4: qwen35moe experts/token avg over 128 tokens: 0:15.1 1:15.3 2:15.1 3:16.9 4:16.6 5:16.1 6:15.2 7:16.3 8:17.3 9:16.4 10:14.8 11:14.2 12:15.2 13:14.8 14:16.0 15:15.7 16:15.1 17:15.5 18:15.1 19:16.1 20:16.5 21:15.7 22:14.7 23:14.8 24:15.2 25:15.1 26:16.4 27:16.1 28:15.6 29:16.4 30:16.0 31:16.9 32:16.3 33:15.2 34:15.6 35:17.4 36:16.9 37:17.1 38:18.2 39:16.9 | mean 15.9
0824 03:17:47 ds4-server: chat ctx=663..713:50 gen=400 THINKING decoding chunk=17.54 t/s avg=17.73 t/s 22.558s
0824 03:17:49 ds4-server: chat ctx=713..763:50 gen=450 THINKING decoding chunk=17.59 t/s avg=17.72 t/s 25.401s
ds4: qwen35moe experts/token avg over 128 tokens: 0:14.6 1:15.2 2:15.0 3:16.8 4:15.9 5:14.9 6:14.6 7:15.7 8:15.9 9:15.1 10:14.4 11:14.0 12:15.5 13:14.5 14:14.6 15:15.1 16:15.0 17:15.2 18:14.5 19:14.4 20:14.6 21:14.9 22:14.6 23:13.8 24:14.9 25:14.4 26:14.8 27:14.8 28:14.9 29:14.7 30:15.1 31:16.1 32:15.1 33:14.5 34:14.5 35:16.5 36:16.2 37:16.4 38:18.3 39:16.9 | mean 15.2
0824 03:17:52 ds4-server: chat ctx=763..813:50 gen=500 THINKING decoding chunk=17.11 t/s avg=17.65 t/s 28.324s
0824 03:17:55 ds4-server: chat ctx=813..863:50 gen=550 THINKING decoding chunk=17.15 t/s avg=17.61 t/s 31.239s
0824 03:17:58 ds4-server: chat ctx=863..913:50 gen=600 THINKING decoding chunk=17.02 t/s avg=17.56 t/s 34.177s
ds4: qwen35moe experts/token avg over 128 tokens: 0:15.0 1:15.3 2:15.2 3:16.6 4:16.4 5:16.2 6:15.5 7:16.2 8:17.4 9:16.3 10:15.1 11:14.7 12:15.8 13:15.8 14:16.0 15:15.9 16:15.4 17:15.5 18:14.9 19:15.8 20:16.2 21:15.6 22:14.8 23:14.8 24:15.2 25:15.4 26:15.8 27:15.7 28:15.5 29:15.2 30:14.7 31:16.2 32:15.5 33:14.2 34:14.0 35:16.6 36:15.5 37:16.3 38:17.9 39:16.6 | mean 15.7
0824 03:18:01 ds4-server: chat ctx=913..963:50 gen=650 THINKING decoding chunk=17.03 t/s avg=17.51 t/s 37.114s
0824 03:18:04 ds4-server: chat ctx=963..1013:50 gen=700 THINKING decoding chunk=16.36 t/s avg=17.43 t/s 40.170s
0824 03:18:07 ds4-server: chat ctx=1013..1063:50 gen=750 THINKING decoding chunk=16.80 t/s avg=17.38 t/s 43.145s
ds4: qwen35moe experts/token avg over 128 tokens: 0:14.7 1:15.7 2:15.0 3:16.3 4:16.1 5:15.9 6:15.6 7:17.1 8:17.7 9:16.1 10:15.2 11:15.2 12:16.5 13:16.1 14:16.7 15:16.2 16:16.2 17:16.0 18:15.5 19:16.4 20:16.5 21:16.2 22:15.3 23:15.5 24:16.1 25:15.4 26:16.5 27:15.8 28:15.8 29:15.5 30:15.5 31:16.2 32:15.4 33:15.4 34:15.1 35:17.3 36:16.5 37:17.2 38:18.4 39:17.4 | mean 16.1
0824 03:18:10 ds4-server: chat ctx=1063..1113:50 gen=800 THINKING decoding chunk=16.60 t/s avg=17.33 t/s 46.157s
0824 03:18:13 ds4-server: chat ctx=1113..1163:50 gen=850 THINKING decoding chunk=16.59 t/s avg=17.29 t/s 49.170s
ds4: qwen35moe experts/token avg over 128 tokens: 0:15.6 1:16.2 2:15.2 3:16.6 4:16.9 5:15.8 6:15.5 7:17.0 8:17.5 9:16.4 10:15.1 11:14.9 12:16.0 13:16.0 14:16.1 15:15.8 16:15.8 17:16.0 18:14.9 19:15.8 20:16.9 21:15.7 22:15.0 23:14.8 24:15.4 25:15.3 26:16.0 27:16.0 28:15.5 29:15.5 30:14.7 31:16.1 32:15.7 33:14.7 34:14.6 35:16.4 36:16.5 37:16.8 38:18.4 39:17.4 | mean 15.9
0824 03:18:16 ds4-server: chat ctx=1163..1213:50 gen=900 THINKING decoding chunk=16.31 t/s avg=17.23 t/s 52.236s
0824 03:18:19 ds4-server: chat ctx=1213..1263:50 gen=950 THINKING decoding chunk=16.36 t/s avg=17.18 t/s 55.293s
0824 03:18:22 ds4-server: chat ctx=1263..1313:50 gen=1000 THINKING decoding chunk=16.02 t/s avg=17.12 t/s 58.414s
ds4: qwen35moe experts/token avg over 128 tokens: 0:15.5 1:16.6 2:15.4 3:17.0 4:17.0 5:16.1 6:16.3 7:17.2 8:17.8 9:17.4 10:15.2 11:14.9 12:16.2 13:15.8 14:17.3 15:16.1 16:16.3 17:16.9 18:15.3 19:16.3 20:17.4 21:15.9 22:15.6 23:15.0 24:16.0 25:15.6 26:16.3 27:15.9 28:15.4 29:16.0 30:15.0 31:16.4 32:15.8 33:14.5 34:14.0 35:16.5 36:16.3 37:16.3 38:18.2 39:17.0 | mean 16.1
0824 03:18:25 ds4-server: chat ctx=1313..1363:50 gen=1050 THINKING decoding chunk=16.21 t/s avg=17.07 t/s 61.498s
0824 03:18:29 ds4-server: chat ctx=1363..1413:50 gen=1100 THINKING decoding chunk=15.98 t/s avg=17.02 t/s 64.626s
ds4: qwen35moe experts/token avg over 128 tokens: 0:14.7 1:16.0 2:14.8 3:16.3 4:16.7 5:16.0 6:16.3 7:17.1 8:17.6 9:17.4 10:15.1 11:15.5 12:16.8 13:16.2 14:16.5 15:16.1 16:16.2 17:16.0 18:15.9 19:15.6 20:16.4 21:16.7 22:15.2 23:15.1 24:15.5 25:15.9 26:15.3 27:15.2 28:15.8 29:15.2 30:15.2 31:16.1 32:15.0 33:14.7 34:14.7 35:16.8 36:16.0 37:17.1 38:18.6 39:16.8 | mean 16.0
0824 03:18:32 ds4-server: chat ctx=1413..1463:50 gen=1150 THINKING decoding chunk=16.17 t/s avg=16.98 t/s 67.719s
0824 03:18:35 ds4-server: chat ctx=1463..1513:50 gen=1200 THINKING decoding chunk=15.90 t/s avg=16.93 t/s 70.863s
0824 03:18:38 ds4-server: chat ctx=1513..1563:50 gen=1250 THINKING decoding chunk=15.78 t/s avg=16.88 t/s 74.031s
ds4: qwen35moe experts/token avg over 128 tokens: 0:15.2 1:15.7 2:15.1 3:16.5 4:17.0 5:16.4 6:16.4 7:17.4 8:17.8 9:16.7 10:15.4 11:14.9 12:16.4 13:15.7 14:16.7 15:16.3 16:16.6 17:16.2 18:15.8 19:16.1 20:16.4 21:16.5 22:15.6 23:15.2 24:15.7 25:15.3 26:15.8 27:15.9 28:15.8 29:15.8 30:15.4 31:16.2 32:15.6 33:15.3 34:15.2 35:17.6 36:17.2 37:17.8 38:18.9 39:17.5 | mean 16.2
0824 03:18:41 ds4-server: chat ctx=1563..1613:50 gen=1300 THINKING decoding chunk=15.89 t/s avg=16.84 t/s 77.178s
0824 03:18:44 ds4-server: chat ctx=1613..1663:50 gen=1350 THINKING decoding chunk=15.70 t/s avg=16.80 t/s 80.362s
ds4: qwen35moe experts/token avg over 128 tokens: 0:15.6 1:16.6 2:16.3 3:17.9 4:17.4 5:15.9 6:15.8 7:17.4 8:18.0 9:16.5 10:15.7 11:15.1 12:16.5 13:15.8 14:16.6 15:16.5 16:16.7 17:16.5 18:15.2 19:16.0 20:17.0 21:15.6 22:15.1 23:14.8 24:16.2 25:15.0 26:15.6 27:16.0 28:15.8 29:15.3 30:14.7 31:15.4 32:15.2 33:14.6 34:14.4 35:16.2 36:16.9 37:17.0 38:18.4 39:17.7 | mean 16.1
0824 03:18:48 ds4-server: chat ctx=1663..1713:50 gen=1400 THINKING decoding chunk=15.46 t/s avg=16.75 t/s 83.595s
0824 03:18:51 ds4-server: chat ctx=1713..1763:50 gen=1450 THINKING decoding chunk=15.47 t/s avg=16.70 t/s 86.826s
0824 03:18:54 ds4-server: chat ctx=1763..1813:50 gen=1500 decoding chunk=15.39 t/s avg=16.65 t/s 90.076s
ds4: qwen35moe experts/token avg over 128 tokens: 0:16.0 1:16.3 2:15.7 3:18.1 4:17.4 5:16.4 6:16.2 7:17.5 8:17.9 9:17.4 10:16.0 11:15.2 12:16.6 13:16.2 14:17.3 15:16.9 16:16.4 17:16.8 18:15.8 19:16.2 20:17.5 21:16.7 22:16.0 23:15.1 24:15.6 25:15.4 26:16.8 27:16.5 28:15.3 29:16.0 30:15.0 31:15.8 32:15.7 33:14.9 34:14.1 35:16.6 36:16.4 37:16.9 38:18.6 39:17.7 | mean 16.4
0824 03:18:57 ds4-server: chat ctx=1813..1863:50 gen=1550 decoding chunk=15.43 t/s avg=16.61 t/s 93.315s
0824 03:19:01 ds4-server: chat ctx=1863..1913:50 gen=1600 decoding chunk=15.36 t/s avg=16.57 t/s 96.571s
ds4: qwen35moe experts/token avg over 128 tokens: 0:16.2 1:16.5 2:16.4 3:18.0 4:17.1 5:16.4 6:16.2 7:17.5 8:18.2 9:16.7 10:16.1 11:15.3 12:16.5 13:16.5 14:17.2 15:16.1 16:17.0 17:16.6 18:14.9 19:15.6 20:18.0 21:15.7 22:15.9 23:15.1 24:16.2 25:15.1 26:16.6 27:16.0 28:15.7 29:15.4 30:14.9 31:15.5 32:15.4 33:15.1 34:14.9 35:16.7 36:17.1 37:16.6 38:18.0 39:17.9 | mean 16.3
0824 03:19:04 ds4-server: chat ctx=1913..1963:50 gen=1650 decoding chunk=15.10 t/s avg=16.52 t/s 99.881s
0824 03:19:07 ds4-server: chat ctx=1963..2013:50 gen=1700 decoding chunk=15.04 t/s avg=16.47 t/s 103.207s
0824 03:19:11 ds4-server: chat ctx=2013..2063:50 gen=1750 decoding chunk=14.90 t/s avg=16.42 t/s 106.562s
ds4: qwen35moe experts/token avg over 128 tokens: 0:16.2 1:16.8 2:16.5 3:18.1 4:17.2 5:17.3 6:17.4 7:17.9 8:18.9 9:17.6 10:17.1 11:16.6 12:17.5 13:17.0 14:17.8 15:17.5 16:17.1 17:17.2 18:15.9 19:17.1 20:18.0 21:16.2 22:16.5 23:15.7 24:16.1 25:15.5 26:16.8 27:17.0 28:15.4 29:16.6 30:15.5 31:16.0 32:16.3 33:15.1 34:15.6 35:16.8 36:17.0 37:17.1 38:18.4 39:17.9 | mean 16.9
0824 03:19:14 ds4-server: chat ctx=2063..2112:49 gen=1799 decoding chunk=14.83 t/s avg=16.37 t/s 109.867s
0824 03:19:14 ds4-server: thinking live checkpoint remembered ctx=0..313:313 live=2112 visible=3081
0824 03:19:14 ds4-server: chat ctx=0..313:313 gen=1799 finish=stop 126.905s
