ds4: qwen35moe routed experts per token: 20 (model default 8; ranks 9..20 get a linear influence decay 99%..50%)
ds4: qwen35moe expert threshold: keep experts while p >= 0.80 x p(rank 10) (experts 5-20 per token)
ds4: Metal device Apple M4 Pro, 48.00 GiB RAM
ds4: Metal 4 tensor API disabled for pre-M5/pre-A19 devices
ds4: drift-patch flags hc_stable=on norm_unify=on kv_raw_f32=off rope_exp2_log2=off math_safe=off tensor_matmul=off
ds4: Metal model views created in 1.065 ms, residency requested in 259.118 ms, warmup 2.892 ms (mapped 30358.12 MiB from offset 10.48 MiB)
ds4: Metal mapped mmaped model as 2 overlapping shared buffers
ds4: metal backend initialized for graph diagnostics
ds4: memory: KV 0.17 GiB (raw 0.17 + compressed 0.00) + buffers 0.00 GiB + resident model 29.65 GiB = 29.81 GiB planned
ds4: memory detail: ctx=32768 prefill_cap=4096 raw_kv_rows=4352 compressed_kv_rows=3 backend=metal
0823 21:01:55 ds4-server: context buffers 170.10 MiB (ctx=32768, backend=metal, prefill_chunk=4096, raw_kv_rows=4352, compressed_kv_rows=3)
0823 21:01:55 ds4-server: listening on http://127.0.0.1:8000
0823 21:02:03 ds4-server: chat ctx=0..108:108 prompt start
0823 21:02:03 ds4-server: chat ctx=0..108:108 prefill chunk 1/108 (0.9%) chunk=0.00 t/s avg=2.09 t/s 0.479s
0823 21:02:03 ds4-server: chat ctx=0..108:108 prefill chunk 2/108 (1.9%) chunk=19.14 t/s avg=3.76 t/s 0.531s
0823 21:02:03 ds4-server: chat ctx=0..108:108 prefill chunk 3/108 (2.8%) chunk=19.81 t/s avg=5.16 t/s 0.582s
0823 21:02:03 ds4-server: chat ctx=0..108:108 prefill chunk 4/108 (3.7%) chunk=19.23 t/s avg=6.31 t/s 0.634s
0823 21:02:03 ds4-server: chat ctx=0..108:108 prefill chunk 5/108 (4.6%) chunk=19.52 t/s avg=7.30 t/s 0.685s
0823 21:02:03 ds4-server: chat ctx=0..108:108 prefill chunk 6/108 (5.6%) chunk=19.50 t/s avg=8.15 t/s 0.736s
0823 21:02:03 ds4-server: chat ctx=0..108:108 prefill chunk 7/108 (6.5%) chunk=19.14 t/s avg=8.88 t/s 0.789s
0823 21:02:04 ds4-server: chat ctx=0..108:108 prefill chunk 8/108 (7.4%) chunk=19.46 t/s avg=9.53 t/s 0.840s
0823 21:02:04 ds4-server: chat ctx=0..108:108 prefill chunk 9/108 (8.3%) chunk=19.25 t/s avg=10.09 t/s 0.892s
0823 21:02:04 ds4-server: chat ctx=0..108:108 prefill chunk 10/108 (9.3%) chunk=19.95 t/s avg=10.62 t/s 0.942s
0823 21:02:04 ds4-server: chat ctx=0..108:108 prefill chunk 11/108 (10.2%) chunk=18.95 t/s avg=11.06 t/s 0.995s
0823 21:02:04 ds4-server: chat ctx=0..108:108 prefill chunk 12/108 (11.1%) chunk=19.47 t/s avg=11.47 t/s 1.046s
0823 21:02:04 ds4-server: chat ctx=0..108:108 prefill chunk 13/108 (12.0%) chunk=18.77 t/s avg=11.83 t/s 1.099s
0823 21:02:04 ds4-server: chat ctx=0..108:108 prefill chunk 14/108 (13.0%) chunk=18.92 t/s avg=12.15 t/s 1.152s
0823 21:02:04 ds4-server: chat ctx=0..108:108 prefill chunk 15/108 (13.9%) chunk=18.74 t/s avg=12.44 t/s 1.206s
0823 21:02:04 ds4-server: chat ctx=0..108:108 prefill chunk 16/108 (14.8%) chunk=18.47 t/s avg=12.70 t/s 1.260s
0823 21:02:04 ds4-server: chat ctx=0..108:108 prefill chunk 17/108 (15.7%) chunk=19.21 t/s avg=12.96 t/s 1.312s
0823 21:02:04 ds4-server: chat ctx=0..108:108 prefill chunk 18/108 (16.7%) chunk=19.21 t/s avg=13.20 t/s 1.364s
0823 21:02:04 ds4-server: chat ctx=0..108:108 prefill chunk 19/108 (17.6%) chunk=19.00 t/s avg=13.41 t/s 1.416s
0823 21:02:04 ds4-server: chat ctx=0..108:108 prefill chunk 20/108 (18.5%) chunk=18.12 t/s avg=13.59 t/s 1.472s
0823 21:02:04 ds4-server: chat ctx=0..108:108 prefill chunk 21/108 (19.4%) chunk=18.32 t/s avg=13.76 t/s 1.526s
0823 21:02:04 ds4-server: chat ctx=0..108:108 prefill chunk 22/108 (20.4%) chunk=19.79 t/s avg=13.95 t/s 1.577s
0823 21:02:04 ds4-server: chat ctx=0..108:108 prefill chunk 23/108 (21.3%) chunk=19.03 t/s avg=14.12 t/s 1.629s
0823 21:02:04 ds4-server: chat ctx=0..108:108 prefill chunk 24/108 (22.2%) chunk=19.61 t/s avg=14.28 t/s 1.680s
0823 21:02:04 ds4-server: chat ctx=0..108:108 prefill chunk 25/108 (23.1%) chunk=19.27 t/s avg=14.43 t/s 1.732s
0823 21:02:04 ds4-server: chat ctx=0..108:108 prefill chunk 26/108 (24.1%) chunk=19.72 t/s avg=14.58 t/s 1.783s
0823 21:02:05 ds4-server: chat ctx=0..108:108 prefill chunk 27/108 (25.0%) chunk=19.03 t/s avg=14.71 t/s 1.835s
0823 21:02:05 ds4-server: chat ctx=0..108:108 prefill chunk 28/108 (25.9%) chunk=18.89 t/s avg=14.83 t/s 1.888s
0823 21:02:05 ds4-server: chat ctx=0..108:108 prefill chunk 29/108 (26.9%) chunk=19.05 t/s avg=14.94 t/s 1.941s
0823 21:02:05 ds4-server: chat ctx=0..108:108 prefill chunk 30/108 (27.8%) chunk=18.74 t/s avg=15.04 t/s 1.994s
0823 21:02:05 ds4-server: chat ctx=0..108:108 prefill chunk 31/108 (28.7%) chunk=18.87 t/s avg=15.14 t/s 2.047s
0823 21:02:05 ds4-server: chat ctx=0..108:108 prefill chunk 32/108 (29.6%) chunk=18.24 t/s avg=15.22 t/s 2.102s
0823 21:02:05 ds4-server: chat ctx=0..108:108 prefill chunk 33/108 (30.6%) chunk=18.70 t/s avg=15.31 t/s 2.156s
0823 21:02:05 ds4-server: chat ctx=0..108:108 prefill chunk 34/108 (31.5%) chunk=19.24 t/s avg=15.40 t/s 2.208s
0823 21:02:05 ds4-server: chat ctx=0..108:108 prefill chunk 35/108 (32.4%) chunk=17.89 t/s avg=15.46 t/s 2.263s
0823 21:02:05 ds4-server: chat ctx=0..108:108 prefill chunk 36/108 (33.3%) chunk=18.98 t/s avg=15.54 t/s 2.316s
0823 21:02:05 ds4-server: chat ctx=0..108:108 prefill chunk 37/108 (34.3%) chunk=17.65 t/s avg=15.59 t/s 2.373s
0823 21:02:05 ds4-server: chat ctx=0..108:108 prefill chunk 38/108 (35.2%) chunk=17.68 t/s avg=15.64 t/s 2.429s
0823 21:02:05 ds4-server: chat ctx=0..108:108 prefill chunk 39/108 (36.1%) chunk=18.86 t/s avg=15.71 t/s 2.482s
0823 21:02:05 ds4-server: chat ctx=0..108:108 prefill chunk 40/108 (37.0%) chunk=18.52 t/s avg=15.77 t/s 2.536s
0823 21:02:05 ds4-server: chat ctx=0..108:108 prefill chunk 41/108 (38.0%) chunk=18.31 t/s avg=15.82 t/s 2.591s
0823 21:02:05 ds4-server: chat ctx=0..108:108 prefill chunk 42/108 (38.9%) chunk=19.15 t/s avg=15.89 t/s 2.643s
0823 21:02:05 ds4-server: chat ctx=0..108:108 prefill chunk 43/108 (39.8%) chunk=18.55 t/s avg=15.94 t/s 2.697s
0823 21:02:05 ds4-server: chat ctx=0..108:108 prefill chunk 44/108 (40.7%) chunk=19.25 t/s avg=16.01 t/s 2.749s
0823 21:02:05 ds4-server: chat ctx=0..108:108 prefill chunk 45/108 (41.7%) chunk=18.59 t/s avg=16.06 t/s 2.803s
0823 21:02:06 ds4-server: chat ctx=0..108:108 prefill chunk 46/108 (42.6%) chunk=17.95 t/s avg=16.09 t/s 2.859s
0823 21:02:06 ds4-server: chat ctx=0..108:108 prefill chunk 47/108 (43.5%) chunk=18.50 t/s avg=16.14 t/s 2.913s
0823 21:02:06 ds4-server: chat ctx=0..108:108 prefill chunk 48/108 (44.4%) chunk=18.78 t/s avg=16.18 t/s 2.966s
0823 21:02:06 ds4-server: chat ctx=0..108:108 prefill chunk 49/108 (45.4%) chunk=19.17 t/s avg=16.24 t/s 3.018s
0823 21:02:06 ds4-server: chat ctx=0..108:108 prefill chunk 50/108 (46.3%) chunk=18.99 t/s avg=16.28 t/s 3.071s
0823 21:02:06 ds4-server: chat ctx=0..108:108 prefill chunk 51/108 (47.2%) chunk=18.92 t/s avg=16.33 t/s 3.123s
0823 21:02:06 ds4-server: chat ctx=0..108:108 prefill chunk 52/108 (48.1%) chunk=19.03 t/s avg=16.37 t/s 3.176s
0823 21:02:06 ds4-server: chat ctx=0..108:108 prefill chunk 53/108 (49.1%) chunk=18.91 t/s avg=16.41 t/s 3.229s
0823 21:02:06 ds4-server: chat ctx=0..108:108 prefill chunk 54/108 (50.0%) chunk=19.77 t/s avg=16.47 t/s 3.280s
0823 21:02:06 ds4-server: chat ctx=0..108:108 prefill chunk 55/108 (50.9%) chunk=19.27 t/s avg=16.51 t/s 3.331s
0823 21:02:06 ds4-server: chat ctx=0..108:108 prefill chunk 56/108 (51.9%) chunk=20.74 t/s avg=16.57 t/s 3.380s
0823 21:02:06 ds4-server: chat ctx=0..108:108 prefill chunk 57/108 (52.8%) chunk=19.01 t/s avg=16.61 t/s 3.432s
0823 21:02:06 ds4-server: chat ctx=0..108:108 prefill chunk 58/108 (53.7%) chunk=19.40 t/s avg=16.65 t/s 3.484s
0823 21:02:06 ds4-server: chat ctx=0..108:108 prefill chunk 59/108 (54.6%) chunk=18.71 t/s avg=16.68 t/s 3.537s
0823 21:02:06 ds4-server: chat ctx=0..108:108 prefill chunk 60/108 (55.6%) chunk=18.62 t/s avg=16.71 t/s 3.591s
0823 21:02:06 ds4-server: chat ctx=0..108:108 prefill chunk 61/108 (56.5%) chunk=19.43 t/s avg=16.75 t/s 3.642s
0823 21:02:06 ds4-server: chat ctx=0..108:108 prefill chunk 62/108 (57.4%) chunk=18.38 t/s avg=16.77 t/s 3.697s
0823 21:02:06 ds4-server: chat ctx=0..108:108 prefill chunk 63/108 (58.3%) chunk=19.57 t/s avg=16.81 t/s 3.748s
0823 21:02:06 ds4-server: chat ctx=0..108:108 prefill chunk 64/108 (59.3%) chunk=19.03 t/s avg=16.84 t/s 3.800s
0823 21:02:07 ds4-server: chat ctx=0..108:108 prefill chunk 65/108 (60.2%) chunk=18.68 t/s avg=16.87 t/s 3.854s
0823 21:02:07 ds4-server: chat ctx=0..108:108 prefill chunk 66/108 (61.1%) chunk=19.45 t/s avg=16.90 t/s 3.905s
0823 21:02:07 ds4-server: chat ctx=0..108:108 prefill chunk 67/108 (62.0%) chunk=18.03 t/s avg=16.92 t/s 3.961s
0823 21:02:07 ds4-server: chat ctx=0..108:108 prefill chunk 68/108 (63.0%) chunk=19.12 t/s avg=16.94 t/s 4.013s
0823 21:02:07 ds4-server: chat ctx=0..108:108 prefill chunk 69/108 (63.9%) chunk=18.98 t/s avg=16.97 t/s 4.066s
0823 21:02:07 ds4-server: chat ctx=0..108:108 prefill chunk 70/108 (64.8%) chunk=18.53 t/s avg=16.99 t/s 4.120s
0823 21:02:07 ds4-server: chat ctx=0..108:108 prefill chunk 71/108 (65.7%) chunk=18.53 t/s avg=17.01 t/s 4.174s
0823 21:02:07 ds4-server: chat ctx=0..108:108 prefill chunk 72/108 (66.7%) chunk=18.41 t/s avg=17.03 t/s 4.228s
0823 21:02:07 ds4-server: chat ctx=0..108:108 prefill chunk 73/108 (67.6%) chunk=19.39 t/s avg=17.06 t/s 4.280s
0823 21:02:07 ds4-server: chat ctx=0..108:108 prefill chunk 74/108 (68.5%) chunk=18.23 t/s avg=17.07 t/s 4.335s
0823 21:02:07 ds4-server: chat ctx=0..108:108 prefill chunk 75/108 (69.4%) chunk=17.89 t/s avg=17.08 t/s 4.390s
0823 21:02:07 ds4-server: chat ctx=0..108:108 prefill chunk 76/108 (70.4%) chunk=18.57 t/s avg=17.10 t/s 4.444s
0823 21:02:07 ds4-server: chat ctx=0..108:108 prefill chunk 77/108 (71.3%) chunk=18.67 t/s avg=17.12 t/s 4.498s
0823 21:02:07 ds4-server: chat ctx=0..108:108 prefill chunk 78/108 (72.2%) chunk=18.56 t/s avg=17.14 t/s 4.552s
0823 21:02:07 ds4-server: chat ctx=0..108:108 prefill chunk 79/108 (73.1%) chunk=18.70 t/s avg=17.15 t/s 4.605s
0823 21:02:07 ds4-server: chat ctx=0..108:108 prefill chunk 80/108 (74.1%) chunk=18.04 t/s avg=17.16 t/s 4.661s
0823 21:02:07 ds4-server: chat ctx=0..108:108 prefill chunk 81/108 (75.0%) chunk=19.01 t/s avg=17.19 t/s 4.713s
0823 21:02:07 ds4-server: chat ctx=0..108:108 prefill chunk 82/108 (75.9%) chunk=18.94 t/s avg=17.20 t/s 4.766s
0823 21:02:08 ds4-server: chat ctx=0..108:108 prefill chunk 83/108 (76.9%) chunk=19.20 t/s avg=17.23 t/s 4.818s
0823 21:02:08 ds4-server: chat ctx=0..108:108 prefill chunk 84/108 (77.8%) chunk=18.71 t/s avg=17.24 t/s 4.872s
0823 21:02:08 ds4-server: chat ctx=0..108:108 prefill chunk 85/108 (78.7%) chunk=18.33 t/s avg=17.25 t/s 4.926s
0823 21:02:08 ds4-server: chat ctx=0..108:108 prefill chunk 86/108 (79.6%) chunk=18.46 t/s avg=17.27 t/s 4.980s
0823 21:02:08 ds4-server: chat ctx=0..108:108 prefill chunk 87/108 (80.6%) chunk=18.18 t/s avg=17.28 t/s 5.035s
0823 21:02:08 ds4-server: chat ctx=0..108:108 prefill chunk 88/108 (81.5%) chunk=17.92 t/s avg=17.28 t/s 5.091s
0823 21:02:08 ds4-server: chat ctx=0..108:108 prefill chunk 89/108 (82.4%) chunk=18.88 t/s avg=17.30 t/s 5.144s
0823 21:02:08 ds4-server: chat ctx=0..108:108 prefill chunk 90/108 (83.3%) chunk=18.00 t/s avg=17.31 t/s 5.200s
0823 21:02:08 ds4-server: chat ctx=0..108:108 prefill chunk 91/108 (84.3%) chunk=18.18 t/s avg=17.32 t/s 5.255s
0823 21:02:08 ds4-server: chat ctx=0..108:108 prefill chunk 92/108 (85.2%) chunk=18.19 t/s avg=17.33 t/s 5.310s
0823 21:02:08 ds4-server: chat ctx=0..108:108 prefill chunk 93/108 (86.1%) chunk=17.21 t/s avg=17.33 t/s 5.368s
0823 21:02:08 ds4-server: chat ctx=0..108:108 prefill chunk 94/108 (87.0%) chunk=18.21 t/s avg=17.33 t/s 5.423s
0823 21:02:08 ds4-server: chat ctx=0..108:108 prefill chunk 95/108 (88.0%) chunk=18.02 t/s avg=17.34 t/s 5.478s
0823 21:02:08 ds4-server: chat ctx=0..108:108 prefill chunk 96/108 (88.9%) chunk=18.08 t/s avg=17.35 t/s 5.533s
0823 21:02:08 ds4-server: chat ctx=0..108:108 prefill chunk 97/108 (89.8%) chunk=17.82 t/s avg=17.35 t/s 5.590s
0823 21:02:08 ds4-server: chat ctx=0..108:108 prefill chunk 98/108 (90.7%) chunk=18.74 t/s avg=17.37 t/s 5.643s
0823 21:02:08 ds4-server: chat ctx=0..108:108 prefill chunk 99/108 (91.7%) chunk=17.49 t/s avg=17.37 t/s 5.700s
0823 21:02:08 ds4-server: chat ctx=0..108:108 prefill chunk 100/108 (92.6%) chunk=17.85 t/s avg=17.37 t/s 5.756s
0823 21:02:08 ds4-server: chat ctx=0..108:108 prefill chunk 101/108 (93.5%) chunk=18.68 t/s avg=17.38 t/s 5.810s
0823 21:02:09 ds4-server: chat ctx=0..108:108 prefill chunk 102/108 (94.4%) chunk=18.19 t/s avg=17.39 t/s 5.865s
0823 21:02:09 ds4-server: chat ctx=0..108:108 prefill chunk 103/108 (95.4%) chunk=18.83 t/s avg=17.41 t/s 5.918s
0823 21:02:09 ds4-server: chat ctx=0..108:108 prefill chunk 104/108 (96.3%) chunk=18.00 t/s avg=17.41 t/s 5.973s
0823 21:02:09 ds4-server: chat ctx=0..108:108 prefill chunk 105/108 (97.2%) chunk=18.77 t/s avg=17.42 t/s 6.027s
0823 21:02:09 ds4-server: chat ctx=0..108:108 prefill chunk 106/108 (98.1%) chunk=18.95 t/s avg=17.44 t/s 6.079s
0823 21:02:09 ds4-server: chat ctx=0..108:108 prefill chunk 107/108 (99.1%) chunk=19.38 t/s avg=17.45 t/s 6.131s
0823 21:02:09 ds4-server: chat ctx=0..108:108 prefill chunk 108/108 (100.0%) chunk=20.12 t/s avg=17.47 t/s 6.181s
0823 21:02:09 ds4-server: chat ctx=0..108:108 prompt done 6.181s
ds4: qwen35moe experts/token avg over 128 tokens: 0:14.0 1:14.3 2:14.4 3:15.1 4:15.0 5:14.6 6:14.7 7:15.2 8:15.6 9:15.6 10:13.7 11:13.9 12:14.8 13:14.6 14:14.3 15:15.1 16:14.4 17:14.9 18:14.8 19:14.4 20:15.7 21:15.1 22:14.6 23:14.6 24:15.4 25:14.9 26:14.9 27:16.1 28:15.2 29:16.1 30:15.4 31:16.2 32:16.0 33:16.7 34:16.1 35:18.0 36:18.4 37:18.9 38:19.2 39:18.6 | mean 15.5
0823 21:02:12 ds4-server: chat ctx=108..158:50 gen=50 THINKING decoding chunk=18.17 t/s avg=18.17 t/s 2.752s
0823 21:02:14 ds4-server: chat ctx=158..208:50 gen=100 THINKING decoding chunk=17.83 t/s avg=18.00 t/s 5.556s
ds4: qwen35moe experts/token avg over 128 tokens: 0:14.0 1:16.6 2:16.0 3:16.8 4:16.5 5:16.6 6:16.5 7:17.0 8:17.0 9:17.4 10:15.9 11:16.0 12:16.0 13:16.5 14:15.3 15:16.2 16:16.3 17:17.0 18:16.2 19:15.9 20:17.3 21:17.9 22:15.7 23:16.1 24:17.1 25:16.8 26:17.0 27:18.0 28:17.6 29:17.9 30:18.0 31:18.2 32:17.6 33:17.9 34:18.1 35:18.9 36:19.4 37:19.4 38:19.5 39:19.3 | mean 17.1
0823 21:02:17 ds4-server: chat ctx=208..258:50 gen=150 THINKING decoding chunk=17.65 t/s avg=17.88 t/s 8.390s
0823 21:02:20 ds4-server: chat ctx=258..308:50 gen=200 THINKING decoding chunk=17.66 t/s avg=17.82 t/s 11.222s
0823 21:02:23 ds4-server: chat ctx=308..358:50 gen=250 THINKING decoding chunk=17.70 t/s avg=17.80 t/s 14.046s
ds4: qwen35moe experts/token avg over 128 tokens: 0:14.1 1:16.2 2:16.1 3:16.7 4:16.2 5:17.0 6:16.4 7:17.5 8:17.3 9:17.5 10:16.4 11:16.1 12:16.8 13:16.1 14:15.8 15:16.4 16:16.5 17:17.1 18:16.6 19:16.2 20:17.2 21:17.3 22:16.6 23:16.0 24:17.8 25:16.8 26:17.5 27:17.5 28:17.3 29:17.9 30:17.8 31:17.8 32:17.3 33:17.8 34:17.2 35:18.5 36:18.7 37:18.6 38:19.2 39:18.6 | mean 17.1
0823 21:02:26 ds4-server: chat ctx=358..408:50 gen=300 THINKING decoding chunk=17.38 t/s avg=17.73 t/s 16.923s
0823 21:02:29 ds4-server: chat ctx=408..458:50 gen=350 THINKING decoding chunk=17.23 t/s avg=17.66 t/s 19.824s
0823 21:02:32 ds4-server: chat ctx=458..508:50 gen=400 THINKING decoding chunk=17.13 t/s avg=17.59 t/s 22.743s
ds4: qwen35moe experts/token avg over 128 tokens: 0:15.1 1:16.8 2:16.3 3:17.3 4:17.4 5:16.8 6:16.5 7:18.4 8:17.9 9:17.9 10:16.6 11:16.2 12:16.4 13:16.2 14:15.7 15:16.8 16:16.5 17:15.9 18:16.7 19:15.9 20:17.2 21:17.7 22:16.0 23:16.4 24:18.1 25:17.2 26:17.5 27:17.6 28:17.1 29:17.1 30:17.7 31:18.2 32:17.9 33:18.2 34:18.4 35:18.9 36:19.3 37:19.1 38:19.6 39:19.1 | mean 17.3
0823 21:02:35 ds4-server: chat ctx=508..558:50 gen=450 THINKING decoding chunk=16.98 t/s avg=17.52 t/s 25.686s
0823 21:02:38 ds4-server: chat ctx=558..608:50 gen=500 THINKING decoding chunk=16.77 t/s avg=17.44 t/s 28.668s
ds4: qwen35moe experts/token avg over 128 tokens: 0:15.3 1:17.2 2:17.0 3:17.3 4:18.3 5:17.7 6:17.9 7:18.4 8:19.1 9:18.5 10:17.3 11:16.8 12:17.2 13:17.6 14:17.5 15:17.6 16:17.4 17:17.0 18:17.7 19:17.3 20:18.2 21:19.1 22:17.1 23:16.6 24:18.2 25:17.6 26:17.9 27:17.8 28:17.6 29:17.6 30:17.9 31:18.5 32:17.6 33:18.5 34:18.0 35:19.0 36:19.4 37:19.7 38:19.5 39:19.2 | mean 17.9
0823 21:02:41 ds4-server: chat ctx=608..658:50 gen=550 THINKING decoding chunk=16.81 t/s avg=17.38 t/s 31.642s
0823 21:02:44 ds4-server: chat ctx=658..708:50 gen=600 THINKING decoding chunk=16.68 t/s avg=17.32 t/s 34.640s
0823 21:02:47 ds4-server: chat ctx=708..758:50 gen=650 THINKING decoding chunk=16.59 t/s avg=17.26 t/s 37.655s
ds4: qwen35moe experts/token avg over 128 tokens: 0:14.6 1:17.0 2:16.6 3:17.6 4:17.6 5:17.1 6:17.4 7:17.5 8:18.2 9:17.8 10:16.3 11:16.6 12:17.2 13:17.2 14:16.8 15:17.2 16:17.7 17:17.3 18:17.4 19:17.6 20:17.6 21:18.1 22:17.3 23:17.0 24:18.2 25:17.8 26:17.9 27:18.0 28:17.8 29:17.9 30:17.7 31:18.4 32:17.8 33:18.4 34:18.0 35:19.1 36:19.3 37:19.2 38:19.8 39:19.2 | mean 17.7
0823 21:02:50 ds4-server: chat ctx=758..808:50 gen=700 THINKING decoding chunk=16.36 t/s avg=17.19 t/s 40.711s
0823 21:02:53 ds4-server: chat ctx=808..858:50 gen=750 THINKING decoding chunk=16.60 t/s avg=17.15 t/s 43.723s
ds4: qwen35moe experts/token avg over 128 tokens: 0:15.0 1:17.1 2:16.4 3:17.7 4:17.2 5:17.3 6:16.8 7:17.6 8:17.2 9:17.1 10:16.2 11:16.6 12:17.1 13:17.0 14:16.6 15:16.6 16:17.6 17:17.2 18:17.1 19:16.7 20:18.0 21:18.8 22:17.1 23:17.6 24:18.2 25:17.5 26:17.6 27:18.0 28:18.0 29:18.3 30:18.3 31:18.3 32:18.4 33:18.8 34:18.4 35:18.8 36:19.3 37:19.4 38:19.6 39:19.3 | mean 17.7
0823 21:02:56 ds4-server: chat ctx=858..908:50 gen=800 THINKING decoding chunk=16.60 t/s avg=17.12 t/s 46.735s
0823 21:02:59 ds4-server: chat ctx=908..958:50 gen=850 THINKING decoding chunk=16.65 t/s avg=17.09 t/s 49.738s
0823 21:03:02 ds4-server: chat ctx=958..1008:50 gen=900 THINKING decoding chunk=16.09 t/s avg=17.03 t/s 52.846s
ds4: qwen35moe experts/token avg over 128 tokens: 0:14.2 1:16.5 2:16.4 3:17.3 4:17.1 5:17.1 6:16.9 7:17.7 8:17.7 9:17.9 10:16.8 11:16.4 12:17.8 13:17.4 14:17.2 15:17.6 16:17.0 17:17.2 18:17.4 19:17.2 20:17.8 21:18.2 22:16.6 23:16.8 24:17.7 25:17.2 26:17.6 27:17.4 28:17.3 29:17.3 30:17.5 31:17.6 32:17.2 33:17.4 34:17.0 35:18.4 36:18.8 37:18.8 38:19.5 39:18.7 | mean 17.4
0823 21:03:05 ds4-server: chat ctx=1008..1058:50 gen=950 THINKING decoding chunk=16.02 t/s avg=16.97 t/s 55.966s
0823 21:03:08 ds4-server: chat ctx=1058..1108:50 gen=1000 THINKING decoding chunk=16.51 t/s avg=16.95 t/s 58.995s
ds4: qwen35moe experts/token avg over 128 tokens: 0:14.7 1:16.9 2:16.2 3:17.3 4:16.9 5:16.9 6:17.0 7:17.8 8:17.5 9:17.5 10:16.3 11:16.0 12:17.3 13:17.0 14:16.5 15:16.8 16:17.1 17:17.3 18:16.8 19:17.3 20:17.2 21:17.8 22:16.0 23:16.1 24:17.2 25:16.3 26:16.5 27:16.8 28:16.7 29:16.6 30:16.8 31:17.6 32:16.9 33:17.3 34:16.7 35:18.0 36:18.1 37:18.2 38:19.0 39:18.2 | mean 17.0
0823 21:03:11 ds4-server: chat ctx=1108..1158:50 gen=1050 THINKING decoding chunk=16.32 t/s avg=16.92 t/s 62.059s
0823 21:03:14 ds4-server: chat ctx=1158..1208:50 gen=1100 THINKING decoding chunk=16.36 t/s avg=16.89 t/s 65.115s
0823 21:03:17 ds4-server: chat ctx=1208..1258:50 gen=1150 THINKING decoding chunk=16.08 t/s avg=16.86 t/s 68.225s
ds4: qwen35moe experts/token avg over 128 tokens: 0:14.6 1:15.9 2:15.4 3:17.1 4:16.8 5:16.5 6:16.4 7:17.5 8:17.6 9:17.8 10:16.1 11:15.7 12:16.0 13:16.0 14:15.5 15:16.5 16:16.3 17:16.5 18:15.8 19:15.5 20:16.5 21:17.4 22:15.2 23:16.1 24:16.1 25:16.4 26:16.1 27:16.2 28:16.1 29:15.9 30:16.7 31:16.5 32:15.6 33:17.0 34:16.0 35:18.0 36:17.7 37:17.9 38:19.1 39:18.2 | mean 16.5
0823 21:03:20 ds4-server: chat ctx=1258..1308:50 gen=1200 THINKING decoding chunk=15.96 t/s avg=16.82 t/s 71.359s
0823 21:03:23 ds4-server: chat ctx=1308..1358:50 gen=1250 THINKING decoding chunk=16.00 t/s avg=16.78 t/s 74.484s
ds4: qwen35moe experts/token avg over 128 tokens: 0:14.4 1:16.4 2:15.9 3:17.3 4:17.3 5:17.0 6:16.8 7:18.1 8:18.1 9:17.7 10:16.2 11:16.1 12:17.8 13:17.4 14:17.2 15:18.1 16:17.4 17:17.7 18:17.5 19:17.3 20:18.3 21:18.2 22:16.8 23:16.7 24:17.9 25:17.2 26:17.4 27:17.6 28:17.5 29:18.2 30:18.0 31:18.2 32:17.5 33:17.7 34:17.4 35:18.5 36:18.8 37:18.8 38:19.2 39:18.7 | mean 17.5
0823 21:03:27 ds4-server: chat ctx=1358..1408:50 gen=1300 THINKING decoding chunk=15.54 t/s avg=16.73 t/s 77.703s
0823 21:03:30 ds4-server: chat ctx=1408..1458:50 gen=1350 THINKING decoding chunk=15.47 t/s avg=16.68 t/s 80.936s
0823 21:03:33 ds4-server: chat ctx=1458..1508:50 gen=1400 THINKING decoding chunk=15.28 t/s avg=16.63 t/s 84.207s
ds4: qwen35moe experts/token avg over 128 tokens: 0:14.5 1:17.2 2:16.9 3:17.3 4:17.4 5:17.6 6:17.1 7:17.9 8:17.9 9:17.9 10:17.1 11:17.6 12:18.5 13:18.6 14:18.8 15:18.3 16:18.4 17:18.5 18:18.8 19:18.7 20:18.7 21:18.6 22:17.9 23:17.5 24:18.9 25:18.4 26:18.9 27:18.8 28:18.8 29:19.0 30:18.5 31:19.1 32:18.7 33:18.7 34:18.8 35:19.3 36:19.8 37:19.5 38:19.7 39:19.4 | mean 18.3
0823 21:03:36 ds4-server: chat ctx=1508..1558:50 gen=1450 THINKING decoding chunk=15.27 t/s avg=16.57 t/s 87.482s
0823 21:03:40 ds4-server: chat ctx=1558..1608:50 gen=1500 THINKING decoding chunk=15.19 t/s avg=16.52 t/s 90.774s
0823 21:03:43 ds4-server: chat ctx=1608..1658:50 gen=1550 THINKING decoding chunk=15.14 t/s avg=16.48 t/s 94.076s
ds4: qwen35moe experts/token avg over 128 tokens: 0:15.7 1:17.2 2:17.1 3:17.8 4:18.1 5:17.9 6:17.7 7:18.4 8:19.1 9:18.8 10:18.0 11:17.6 12:18.1 13:18.6 14:18.5 15:18.9 16:17.9 17:17.7 18:18.7 19:18.4 20:19.3 21:19.3 22:17.5 23:17.3 24:19.0 25:18.6 26:18.5 27:18.6 28:18.1 29:17.8 30:18.3 31:18.8 32:18.3 33:18.9 34:18.1 35:19.1 36:19.5 37:19.4 38:19.8 39:19.5 | mean 18.3
0823 21:03:46 ds4-server: chat ctx=1658..1708:50 gen=1600 THINKING decoding chunk=15.01 t/s avg=16.43 t/s 97.407s
0823 21:03:50 ds4-server: chat ctx=1708..1758:50 gen=1650 THINKING decoding chunk=14.91 t/s avg=16.38 t/s 100.760s
ds4: qwen35moe experts/token avg over 128 tokens: 0:15.2 1:17.6 2:16.7 3:18.2 4:18.1 5:17.9 6:17.6 7:18.4 8:18.5 9:17.6 10:17.2 11:17.1 12:17.9 13:18.2 14:18.8 15:18.6 16:18.7 17:18.7 18:19.1 19:18.9 20:19.3 21:18.9 22:18.0 23:18.0 24:19.2 25:18.4 26:18.9 27:18.6 28:18.8 29:18.5 30:18.5 31:19.2 32:18.9 33:18.9 34:19.0 35:19.4 36:19.5 37:19.5 38:19.9 39:19.5 | mean 18.5
0823 21:03:53 ds4-server: chat ctx=1758..1808:50 gen=1700 THINKING decoding chunk=14.98 t/s avg=16.33 t/s 104.098s
0823 21:03:56 ds4-server: chat ctx=1808..1858:50 gen=1750 THINKING decoding chunk=14.77 t/s avg=16.28 t/s 107.483s
0823 21:04:00 ds4-server: chat ctx=1858..1908:50 gen=1800 THINKING decoding chunk=15.17 t/s avg=16.25 t/s 110.780s
ds4: qwen35moe experts/token avg over 128 tokens: 0:15.1 1:16.9 2:16.6 3:17.1 4:16.9 5:17.4 6:17.0 7:17.5 8:17.6 9:16.9 10:16.6 11:16.6 12:17.1 13:17.4 14:18.5 15:18.4 16:18.3 17:18.0 18:18.2 19:18.1 20:18.5 21:19.0 22:17.2 23:17.7 24:18.0 25:17.9 26:18.4 27:18.0 28:17.8 29:17.8 30:17.9 31:18.2 32:17.9 33:17.8 34:18.0 35:19.0 36:18.8 37:19.1 38:19.5 39:19.0 | mean 17.8
0823 21:04:03 ds4-server: chat ctx=1908..1958:50 gen=1850 THINKING decoding chunk=14.79 t/s avg=16.21 t/s 114.160s
0823 21:04:06 ds4-server: chat ctx=1958..2008:50 gen=1900 THINKING decoding chunk=15.42 t/s avg=16.18 t/s 117.403s
ds4: qwen35moe experts/token avg over 128 tokens: 0:15.0 1:16.6 2:16.0 3:17.0 4:17.0 5:16.8 6:16.9 7:17.8 8:17.4 9:17.0 10:16.5 11:16.1 12:17.1 13:16.6 14:16.2 15:17.0 16:17.3 17:16.8 18:16.6 19:16.5 20:17.4 21:17.7 22:16.2 23:16.1 24:15.8 25:16.6 26:16.6 27:16.6 28:16.5 29:16.5 30:16.6 31:17.0 32:16.6 33:16.3 34:16.3 35:17.8 36:17.9 37:17.9 38:19.0 39:17.8 | mean 16.8
0823 21:04:10 ds4-server: chat ctx=2008..2058:50 gen=1950 THINKING decoding chunk=14.97 t/s avg=16.15 t/s 120.742s
0823 21:04:13 ds4-server: chat ctx=2058..2108:50 gen=2000 THINKING decoding chunk=15.01 t/s avg=16.12 t/s 124.074s
0823 21:04:16 ds4-server: chat ctx=2108..2158:50 gen=2050 THINKING decoding chunk=14.34 t/s avg=16.07 t/s 127.560s
ds4: qwen35moe experts/token avg over 128 tokens: 0:14.8 1:16.6 2:16.0 3:17.4 4:17.0 5:17.6 6:17.6 7:18.2 8:18.4 9:18.0 10:16.8 11:16.9 12:17.8 13:17.5 14:17.8 15:18.0 16:17.8 17:17.8 18:18.1 19:18.0 20:18.3 21:19.0 22:17.1 23:17.5 24:17.9 25:17.3 26:17.7 27:18.0 28:17.4 29:17.9 30:17.4 31:18.1 32:17.8 33:17.7 34:17.3 35:18.8 36:18.7 37:18.5 38:19.3 39:18.7 | mean 17.7
0823 21:04:20 ds4-server: chat ctx=2158..2208:50 gen=2100 THINKING decoding chunk=14.25 t/s avg=16.02 t/s 131.068s
0823 21:04:23 ds4-server: chat ctx=2208..2258:50 gen=2150 THINKING decoding chunk=14.57 t/s avg=15.99 t/s 134.499s
ds4: qwen35moe experts/token avg over 128 tokens: 0:15.1 1:16.7 2:16.3 3:17.4 4:17.1 5:17.0 6:17.3 7:17.9 8:17.9 9:17.5 10:17.0 11:16.1 12:17.7 13:18.0 14:18.3 15:18.2 16:18.1 17:18.2 18:18.4 19:18.1 20:18.6 21:18.8 22:17.8 23:17.5 24:18.3 25:18.1 26:18.1 27:17.9 28:18.2 29:17.7 30:18.1 31:18.5 32:18.1 33:18.4 34:18.0 35:19.1 36:19.4 37:19.3 38:19.7 39:19.4 | mean 17.9
0823 21:04:27 ds4-server: chat ctx=2258..2308:50 gen=2200 THINKING decoding chunk=14.36 t/s avg=15.94 t/s 137.982s
0823 21:04:30 ds4-server: chat ctx=2308..2358:50 gen=2250 THINKING decoding chunk=14.74 t/s avg=15.92 t/s 141.374s
0823 21:04:34 ds4-server: chat ctx=2358..2408:50 gen=2300 THINKING decoding chunk=14.39 t/s avg=15.88 t/s 144.849s
ds4: qwen35moe experts/token avg over 128 tokens: 0:14.8 1:16.3 2:15.5 3:17.2 4:16.6 5:16.6 6:16.6 7:17.2 8:17.8 9:17.4 10:16.5 11:16.1 12:17.6 13:17.2 14:16.7 15:17.5 16:17.1 17:17.4 18:17.0 19:17.0 20:17.4 21:17.9 22:17.0 23:16.2 24:16.9 25:17.0 26:16.9 27:16.8 28:16.9 29:17.3 30:16.5 31:17.6 32:16.6 33:16.9 34:16.3 35:18.1 36:18.1 37:18.4 38:19.1 39:17.9 | mean 17.0
0823 21:04:37 ds4-server: chat ctx=2408..2458:50 gen=2350 THINKING decoding chunk=14.24 t/s avg=15.84 t/s 148.361s
0823 21:04:41 ds4-server: chat ctx=2458..2508:50 gen=2400 THINKING decoding chunk=14.07 t/s avg=15.80 t/s 151.915s
0823 21:04:44 ds4-server: chat ctx=2508..2558:50 gen=2450 THINKING decoding chunk=14.23 t/s avg=15.76 t/s 155.430s
ds4: qwen35moe experts/token avg over 128 tokens: 0:14.3 1:16.4 2:16.4 3:17.1 4:17.3 5:17.3 6:17.1 7:18.3 8:18.0 9:17.7 10:16.7 11:16.7 12:18.3 13:18.3 14:18.5 15:18.8 16:18.2 17:18.6 18:18.2 19:17.8 20:18.9 21:18.7 22:17.2 23:16.3 24:18.4 25:17.9 26:17.9 27:17.5 28:17.9 29:18.4 30:17.8 31:18.1 32:16.9 33:17.5 34:17.4 35:18.4 36:19.1 37:19.4 38:19.2 39:19.0 | mean 17.8
0823 21:04:48 ds4-server: chat ctx=2558..2608:50 gen=2500 THINKING decoding chunk=13.92 t/s avg=15.72 t/s 159.022s
0823 21:04:51 ds4-server: chat ctx=2608..2658:50 gen=2550 THINKING decoding chunk=13.97 t/s avg=15.68 t/s 162.601s
ds4: qwen35moe experts/token avg over 128 tokens: 0:14.2 1:16.8 2:16.9 3:17.5 4:17.4 5:17.6 6:17.1 7:18.3 8:18.2 9:18.0 10:17.4 11:17.2 12:18.9 13:18.4 14:18.7 15:18.8 16:18.3 17:18.8 18:19.2 19:18.8 20:19.0 21:18.4 22:18.2 23:17.6 24:19.2 25:18.9 26:18.4 27:18.5 28:18.5 29:18.4 30:18.3 31:18.8 32:18.0 33:18.1 34:18.1 35:18.7 36:19.1 37:19.5 38:19.5 39:19.4 | mean 18.2
0823 21:04:55 ds4-server: chat ctx=2658..2708:50 gen=2600 THINKING decoding chunk=13.81 t/s avg=15.64 t/s 166.221s
0823 21:04:59 ds4-server: chat ctx=2708..2758:50 gen=2650 THINKING decoding chunk=13.73 t/s avg=15.60 t/s 169.862s
0823 21:05:02 ds4-server: chat ctx=2758..2808:50 gen=2700 THINKING decoding chunk=13.73 t/s avg=15.56 t/s 173.505s
ds4: qwen35moe experts/token avg over 128 tokens: 0:15.1 1:16.9 2:17.1 3:17.4 4:17.9 5:18.0 6:18.0 7:18.8 8:19.2 9:18.7 10:17.9 11:17.7 12:18.2 13:19.0 14:19.0 15:19.1 16:18.4 17:18.4 18:18.7 19:18.5 20:19.6 21:19.6 22:17.7 23:17.6 24:19.1 25:18.6 26:18.7 27:18.7 28:18.4 29:18.2 30:18.4 31:19.1 32:18.2 33:18.5 34:18.6 35:19.0 36:19.4 37:19.7 38:19.6 39:19.6 | mean 18.5
0823 21:05:06 ds4-server: chat ctx=2808..2858:50 gen=2750 THINKING decoding chunk=13.65 t/s avg=15.52 t/s 177.167s
0823 21:05:10 ds4-server: chat ctx=2858..2908:50 gen=2800 THINKING decoding chunk=13.56 t/s avg=15.48 t/s 180.855s
ds4: qwen35moe experts/token avg over 128 tokens: 0:15.3 1:17.5 2:17.0 3:18.1 4:18.2 5:18.3 6:18.0 7:18.5 8:18.4 9:17.8 10:17.5 11:17.5 12:18.0 13:18.7 14:19.0 15:18.8 16:19.1 17:18.6 18:19.1 19:19.2 20:19.4 21:19.3 22:18.6 23:18.5 24:19.4 25:19.1 26:19.2 27:18.8 28:19.0 29:19.2 30:18.7 31:19.3 32:18.8 33:19.1 34:19.2 35:19.6 36:19.8 37:19.9 38:19.8 39:19.6 | mean 18.7
0823 21:05:13 ds4-server: chat ctx=2908..2958:50 gen=2850 THINKING decoding chunk=13.57 t/s avg=15.44 t/s 184.539s
0823 21:05:17 ds4-server: chat ctx=2958..3008:50 gen=2900 THINKING decoding chunk=13.52 t/s avg=15.41 t/s 188.236s
0823 21:05:21 ds4-server: chat ctx=3008..3058:50 gen=2950 THINKING decoding chunk=13.46 t/s avg=15.37 t/s 191.951s
ds4: qwen35moe experts/token avg over 128 tokens: 0:15.1 1:16.8 2:16.4 3:17.4 4:17.4 5:17.3 6:17.3 7:18.0 8:17.7 9:17.2 10:16.6 11:16.8 12:17.8 13:18.0 14:18.7 15:18.3 16:18.2 17:18.0 18:18.5 19:18.3 20:18.7 21:18.5 22:17.3 23:17.9 24:18.5 25:18.2 26:18.8 27:18.3 28:18.3 29:18.1 30:18.2 31:18.6 32:18.4 33:18.5 34:18.2 35:19.4 36:19.6 37:19.6 38:19.9 39:19.3 | mean 18.1
0823 21:05:25 ds4-server: chat ctx=3058..3108:50 gen=3000 decoding chunk=13.52 t/s avg=15.33 t/s 195.648s
0823 21:05:28 ds4-server: chat ctx=3108..3158:50 gen=3050 decoding chunk=13.47 t/s avg=15.30 t/s 199.360s
ds4: qwen35moe experts/token avg over 128 tokens: 0:14.8 1:16.3 2:16.7 3:17.7 4:16.9 5:17.4 6:17.5 7:18.3 8:18.4 9:18.1 10:16.9 11:17.0 12:18.5 13:18.3 14:18.9 15:18.8 16:18.7 17:18.8 18:18.7 19:18.5 20:19.3 21:19.3 22:18.0 23:17.5 24:18.7 25:18.6 26:18.6 27:18.3 28:18.7 29:18.7 30:18.5 31:18.9 32:17.6 33:17.6 34:17.9 35:18.6 36:19.4 37:19.6 38:19.4 39:19.2 | mean 18.2
0823 21:05:32 ds4-server: chat ctx=3158..3208:50 gen=3100 decoding chunk=13.32 t/s avg=15.26 t/s 203.114s
0823 21:05:36 ds4-server: chat ctx=3208..3258:50 gen=3150 decoding chunk=13.27 t/s avg=15.23 t/s 206.882s
0823 21:05:40 ds4-server: chat ctx=3258..3308:50 gen=3200 decoding chunk=13.30 t/s avg=15.19 t/s 210.643s
ds4: qwen35moe experts/token avg over 128 tokens: 0:14.5 1:16.5 2:16.7 3:17.5 4:17.1 5:17.6 6:17.3 7:18.2 8:18.2 9:17.8 10:16.9 11:16.8 12:18.1 13:18.4 14:18.7 15:18.5 16:18.5 17:18.5 18:18.4 19:18.1 20:18.1 21:18.6 22:17.7 23:17.6 24:18.9 25:18.4 26:18.7 27:18.2 28:18.8 29:18.7 30:18.7 31:18.9 32:18.0 33:18.1 34:18.2 35:18.9 36:19.2 37:19.3 38:19.4 39:19.2 | mean 18.1
0823 21:05:43 ds4-server: chat ctx=3308..3358:50 gen=3250 decoding chunk=13.12 t/s avg=15.15 t/s 214.455s
0823 21:05:47 ds4-server: chat ctx=3358..3408:50 gen=3300 decoding chunk=13.03 t/s avg=15.12 t/s 218.293s
ds4: qwen35moe experts/token avg over 128 tokens: 0:15.1 1:17.1 2:17.1 3:18.0 4:18.0 5:17.8 6:17.9 7:18.5 8:18.6 9:18.3 10:17.5 11:17.8 12:18.6 13:19.0 14:18.9 15:19.0 16:18.6 17:18.9 18:19.3 19:19.0 20:19.5 21:19.5 22:18.0 23:18.2 24:19.2 25:18.9 26:19.3 27:19.2 28:18.9 29:18.9 30:18.6 31:19.3 32:18.7 33:18.8 34:18.8 35:19.1 36:19.6 37:19.7 38:19.8 39:19.6 | mean 18.6
0823 21:05:51 ds4-server: chat ctx=3408..3458:50 gen=3350 decoding chunk=13.02 t/s avg=15.08 t/s 222.134s
0823 21:05:55 ds4-server: chat ctx=3458..3508:50 gen=3400 decoding chunk=13.00 t/s avg=15.05 t/s 225.980s
0823 21:05:59 ds4-server: chat ctx=3508..3558:50 gen=3450 decoding chunk=12.84 t/s avg=15.01 t/s 229.874s
ds4: qwen35moe experts/token avg over 128 tokens: 0:15.2 1:17.1 2:17.4 3:17.9 4:18.1 5:18.4 6:18.6 7:18.7 8:19.4 9:18.8 10:17.9 11:17.7 12:18.2 13:18.7 14:19.1 15:19.2 16:18.5 17:18.4 18:18.5 19:19.0 20:19.0 21:19.5 22:17.7 23:17.4 24:19.1 25:18.9 26:18.4 27:18.4 28:18.1 29:18.1 30:18.2 31:18.8 32:18.3 33:18.2 34:17.7 35:19.2 36:19.1 37:19.6 38:19.7 39:19.6 | mean 18.4
0823 21:06:03 ds4-server: chat ctx=3558..3608:50 gen=3500 decoding chunk=12.91 t/s avg=14.97 t/s 233.748s
0823 21:06:07 ds4-server: chat ctx=3608..3658:50 gen=3550 decoding chunk=12.78 t/s avg=14.94 t/s 237.660s
0823 21:06:10 ds4-server: chat ctx=3658..3708:50 gen=3600 decoding chunk=12.95 t/s avg=14.91 t/s 241.521s
ds4: qwen35moe experts/token avg over 128 tokens: 0:14.8 1:16.8 2:17.0 3:17.8 4:17.8 5:17.9 6:17.8 7:18.6 8:18.8 9:17.8 10:17.0 11:17.2 12:17.7 13:18.4 14:19.1 15:19.0 16:18.7 17:18.8 18:18.8 19:18.8 20:19.1 21:19.0 22:18.2 23:18.3 24:19.0 25:18.6 26:19.1 27:18.5 28:18.7 29:18.6 30:18.6 31:18.7 32:18.4 33:18.6 34:18.6 35:19.4 36:19.4 37:19.8 38:19.9 39:19.3 | mean 18.4
0823 21:06:14 ds4-server: chat ctx=3708..3758:50 gen=3650 decoding chunk=12.73 t/s avg=14.87 t/s 245.449s
0823 21:06:18 ds4-server: chat ctx=3758..3808:50 gen=3700 decoding chunk=12.76 t/s avg=14.84 t/s 249.366s
0823 21:06:18 ds4-server: chat ctx=3808..3811:3 gen=3703 decoding chunk=12.88 t/s avg=14.84 t/s 249.599s
0823 21:06:18 ds4-server: thinking live checkpoint remembered ctx=0..108:108 live=3811 visible=2321
0823 21:06:18 ds4-server: chat ctx=0..108:108 gen=3703 finish=stop 255.779s
0823 21:06:18 ds4-server: live kv cache miss live=3811 prompt=123 common=56 reason=token-mismatch
0823 21:06:18 ds4-server: chat ctx=0..123:123 prompt start
0823 21:06:19 ds4-server: chat ctx=0..123:123 prefill chunk 1/123 (0.8%) chunk=0.00 t/s avg=19.63 t/s 0.051s
0823 21:06:19 ds4-server: chat ctx=0..123:123 prefill chunk 2/123 (1.6%) chunk=19.61 t/s avg=19.62 t/s 0.102s
0823 21:06:19 ds4-server: chat ctx=0..123:123 prefill chunk 3/123 (2.4%) chunk=19.86 t/s avg=19.70 t/s 0.152s
0823 21:06:19 ds4-server: chat ctx=0..123:123 prefill chunk 4/123 (3.3%) chunk=19.06 t/s avg=19.54 t/s 0.205s
0823 21:06:19 ds4-server: chat ctx=0..123:123 prefill chunk 5/123 (4.1%) chunk=19.60 t/s avg=19.55 t/s 0.256s
0823 21:06:19 ds4-server: chat ctx=0..123:123 prefill chunk 6/123 (4.9%) chunk=18.84 t/s avg=19.43 t/s 0.309s
0823 21:06:19 ds4-server: chat ctx=0..123:123 prefill chunk 7/123 (5.7%) chunk=19.69 t/s avg=19.46 t/s 0.360s
0823 21:06:19 ds4-server: chat ctx=0..123:123 prefill chunk 8/123 (6.5%) chunk=18.63 t/s avg=19.36 t/s 0.413s
0823 21:06:19 ds4-server: chat ctx=0..123:123 prefill chunk 9/123 (7.3%) chunk=19.86 t/s avg=19.41 t/s 0.464s
0823 21:06:19 ds4-server: chat ctx=0..123:123 prefill chunk 10/123 (8.1%) chunk=19.32 t/s avg=19.40 t/s 0.515s
0823 21:06:19 ds4-server: chat ctx=0..123:123 prefill chunk 11/123 (8.9%) chunk=19.79 t/s avg=19.44 t/s 0.566s
0823 21:06:19 ds4-server: chat ctx=0..123:123 prefill chunk 12/123 (9.8%) chunk=18.73 t/s avg=19.37 t/s 0.619s
0823 21:06:19 ds4-server: chat ctx=0..123:123 prefill chunk 13/123 (10.6%) chunk=18.58 t/s avg=19.31 t/s 0.673s
0823 21:06:19 ds4-server: chat ctx=0..123:123 prefill chunk 14/123 (11.4%) chunk=18.75 t/s avg=19.27 t/s 0.727s
0823 21:06:19 ds4-server: chat ctx=0..123:123 prefill chunk 15/123 (12.2%) chunk=18.57 t/s avg=19.22 t/s 0.780s
0823 21:06:19 ds4-server: chat ctx=0..123:123 prefill chunk 16/123 (13.0%) chunk=18.99 t/s avg=19.21 t/s 0.833s
0823 21:06:19 ds4-server: chat ctx=0..123:123 prefill chunk 17/123 (13.8%) chunk=18.58 t/s avg=19.17 t/s 0.887s
0823 21:06:19 ds4-server: chat ctx=0..123:123 prefill chunk 18/123 (14.6%) chunk=18.72 t/s avg=19.14 t/s 0.940s
0823 21:06:19 ds4-server: chat ctx=0..123:123 prefill chunk 19/123 (15.4%) chunk=18.80 t/s avg=19.12 t/s 0.993s
0823 21:06:20 ds4-server: chat ctx=0..123:123 prefill chunk 20/123 (16.3%) chunk=18.12 t/s avg=19.07 t/s 1.049s
0823 21:06:20 ds4-server: chat ctx=0..123:123 prefill chunk 21/123 (17.1%) chunk=18.95 t/s avg=19.07 t/s 1.101s
0823 21:06:20 ds4-server: chat ctx=0..123:123 prefill chunk 22/123 (17.9%) chunk=19.22 t/s avg=19.07 t/s 1.153s
0823 21:06:20 ds4-server: chat ctx=0..123:123 prefill chunk 23/123 (18.7%) chunk=18.95 t/s avg=19.07 t/s 1.206s
0823 21:06:20 ds4-server: chat ctx=0..123:123 prefill chunk 24/123 (19.5%) chunk=19.29 t/s avg=19.08 t/s 1.258s
0823 21:06:20 ds4-server: chat ctx=0..123:123 prefill chunk 25/123 (20.3%) chunk=18.91 t/s avg=19.07 t/s 1.311s
0823 21:06:20 ds4-server: chat ctx=0..123:123 prefill chunk 26/123 (21.1%) chunk=19.58 t/s avg=19.09 t/s 1.362s
0823 21:06:20 ds4-server: chat ctx=0..123:123 prefill chunk 27/123 (22.0%) chunk=19.12 t/s avg=19.09 t/s 1.414s
0823 21:06:20 ds4-server: chat ctx=0..123:123 prefill chunk 28/123 (22.8%) chunk=19.44 t/s avg=19.10 t/s 1.466s
ds4: qwen35moe experts/token avg over 128 tokens: 0:15.3 1:16.3 2:16.4 3:17.2 4:17.1 5:16.8 6:16.2 7:17.2 8:17.2 9:16.6 10:16.1 11:16.4 12:17.2 13:17.5 14:17.9 15:17.5 16:17.5 17:17.4 18:17.8 19:17.1 20:17.8 21:17.7 22:16.8 23:16.9 24:17.4 25:17.4 26:17.3 27:17.4 28:17.5 29:17.3 30:17.7 31:18.3 32:17.7 33:18.3 34:17.9 35:19.1 36:19.1 37:19.5 38:19.6 39:19.3 | mean 17.5
0823 21:06:20 ds4-server: chat ctx=0..123:123 prefill chunk 29/123 (23.6%) chunk=18.35 t/s avg=19.08 t/s 1.520s
0823 21:06:20 ds4-server: chat ctx=0..123:123 prefill chunk 30/123 (24.4%) chunk=18.57 t/s avg=19.06 t/s 1.574s
0823 21:06:20 ds4-server: chat ctx=0..123:123 prefill chunk 31/123 (25.2%) chunk=18.70 t/s avg=19.05 t/s 1.628s
0823 21:06:20 ds4-server: chat ctx=0..123:123 prefill chunk 32/123 (26.0%) chunk=18.48 t/s avg=19.03 t/s 1.682s
0823 21:06:20 ds4-server: chat ctx=0..123:123 prefill chunk 33/123 (26.8%) chunk=19.17 t/s avg=19.03 t/s 1.734s
0823 21:06:20 ds4-server: chat ctx=0..123:123 prefill chunk 34/123 (27.6%) chunk=18.46 t/s avg=19.02 t/s 1.788s
0823 21:06:20 ds4-server: chat ctx=0..123:123 prefill chunk 35/123 (28.5%) chunk=17.75 t/s avg=18.98 t/s 1.844s
0823 21:06:20 ds4-server: chat ctx=0..123:123 prefill chunk 36/123 (29.3%) chunk=18.86 t/s avg=18.97 t/s 1.897s
0823 21:06:20 ds4-server: chat ctx=0..123:123 prefill chunk 37/123 (30.1%) chunk=17.67 t/s avg=18.94 t/s 1.954s
0823 21:06:20 ds4-server: chat ctx=0..123:123 prefill chunk 38/123 (30.9%) chunk=17.72 t/s avg=18.90 t/s 2.010s
0823 21:06:21 ds4-server: chat ctx=0..123:123 prefill chunk 39/123 (31.7%) chunk=18.46 t/s avg=18.89 t/s 2.065s
0823 21:06:21 ds4-server: chat ctx=0..123:123 prefill chunk 40/123 (32.5%) chunk=18.43 t/s avg=18.88 t/s 2.119s
0823 21:06:21 ds4-server: chat ctx=0..123:123 prefill chunk 41/123 (33.3%) chunk=18.14 t/s avg=18.86 t/s 2.174s
0823 21:06:21 ds4-server: chat ctx=0..123:123 prefill chunk 42/123 (34.1%) chunk=18.80 t/s avg=18.86 t/s 2.227s
0823 21:06:21 ds4-server: chat ctx=0..123:123 prefill chunk 43/123 (35.0%) chunk=18.97 t/s avg=18.86 t/s 2.280s
0823 21:06:21 ds4-server: chat ctx=0..123:123 prefill chunk 44/123 (35.8%) chunk=19.36 t/s avg=18.87 t/s 2.332s
0823 21:06:21 ds4-server: chat ctx=0..123:123 prefill chunk 45/123 (36.6%) chunk=18.38 t/s avg=18.86 t/s 2.386s
0823 21:06:21 ds4-server: chat ctx=0..123:123 prefill chunk 46/123 (37.4%) chunk=17.90 t/s avg=18.84 t/s 2.442s
0823 21:06:21 ds4-server: chat ctx=0..123:123 prefill chunk 47/123 (38.2%) chunk=18.61 t/s avg=18.83 t/s 2.496s
0823 21:06:21 ds4-server: chat ctx=0..123:123 prefill chunk 48/123 (39.0%) chunk=18.78 t/s avg=18.83 t/s 2.549s
0823 21:06:21 ds4-server: chat ctx=0..123:123 prefill chunk 49/123 (39.8%) chunk=18.84 t/s avg=18.83 t/s 2.602s
0823 21:06:21 ds4-server: chat ctx=0..123:123 prefill chunk 50/123 (40.7%) chunk=18.83 t/s avg=18.83 t/s 2.655s
0823 21:06:21 ds4-server: chat ctx=0..123:123 prefill chunk 51/123 (41.5%) chunk=18.60 t/s avg=18.83 t/s 2.709s
0823 21:06:21 ds4-server: chat ctx=0..123:123 prefill chunk 52/123 (42.3%) chunk=18.70 t/s avg=18.83 t/s 2.762s
0823 21:06:21 ds4-server: chat ctx=0..123:123 prefill chunk 53/123 (43.1%) chunk=18.91 t/s avg=18.83 t/s 2.815s
0823 21:06:21 ds4-server: chat ctx=0..123:123 prefill chunk 54/123 (43.9%) chunk=19.79 t/s avg=18.84 t/s 2.866s
0823 21:06:21 ds4-server: chat ctx=0..123:123 prefill chunk 55/123 (44.7%) chunk=19.33 t/s avg=18.85 t/s 2.917s
0823 21:06:21 ds4-server: chat ctx=0..123:123 prefill chunk 56/123 (45.5%) chunk=20.72 t/s avg=18.88 t/s 2.966s
0823 21:06:21 ds4-server: chat ctx=0..123:123 prefill chunk 57/123 (46.3%) chunk=18.85 t/s avg=18.88 t/s 3.019s
0823 21:06:22 ds4-server: chat ctx=0..123:123 prefill chunk 58/123 (47.2%) chunk=18.38 t/s avg=18.87 t/s 3.073s
0823 21:06:22 ds4-server: chat ctx=0..123:123 prefill chunk 59/123 (48.0%) chunk=18.53 t/s avg=18.87 t/s 3.127s
0823 21:06:22 ds4-server: chat ctx=0..123:123 prefill chunk 60/123 (48.8%) chunk=18.44 t/s avg=18.86 t/s 3.181s
0823 21:06:22 ds4-server: chat ctx=0..123:123 prefill chunk 61/123 (49.6%) chunk=18.47 t/s avg=18.85 t/s 3.235s
0823 21:06:22 ds4-server: chat ctx=0..123:123 prefill chunk 62/123 (50.4%) chunk=18.55 t/s avg=18.85 t/s 3.289s
0823 21:06:22 ds4-server: chat ctx=0..123:123 prefill chunk 63/123 (51.2%) chunk=17.62 t/s avg=18.83 t/s 3.346s
0823 21:06:22 ds4-server: chat ctx=0..123:123 prefill chunk 64/123 (52.0%) chunk=19.03 t/s avg=18.83 t/s 3.399s
0823 21:06:22 ds4-server: chat ctx=0..123:123 prefill chunk 65/123 (52.8%) chunk=17.90 t/s avg=18.82 t/s 3.454s
0823 21:06:22 ds4-server: chat ctx=0..123:123 prefill chunk 66/123 (53.7%) chunk=17.68 t/s avg=18.80 t/s 3.511s
0823 21:06:22 ds4-server: chat ctx=0..123:123 prefill chunk 67/123 (54.5%) chunk=18.85 t/s avg=18.80 t/s 3.564s
0823 21:06:22 ds4-server: chat ctx=0..123:123 prefill chunk 68/123 (55.3%) chunk=17.93 t/s avg=18.79 t/s 3.620s
0823 21:06:22 ds4-server: chat ctx=0..123:123 prefill chunk 69/123 (56.1%) chunk=17.28 t/s avg=18.76 t/s 3.678s
0823 21:06:22 ds4-server: chat ctx=0..123:123 prefill chunk 70/123 (56.9%) chunk=18.96 t/s avg=18.76 t/s 3.730s
0823 21:06:22 ds4-server: chat ctx=0..123:123 prefill chunk 71/123 (57.7%) chunk=18.68 t/s avg=18.76 t/s 3.784s
0823 21:06:22 ds4-server: chat ctx=0..123:123 prefill chunk 72/123 (58.5%) chunk=18.43 t/s avg=18.76 t/s 3.838s
0823 21:06:22 ds4-server: chat ctx=0..123:123 prefill chunk 73/123 (59.3%) chunk=18.47 t/s avg=18.75 t/s 3.892s
0823 21:06:22 ds4-server: chat ctx=0..123:123 prefill chunk 74/123 (60.2%) chunk=18.35 t/s avg=18.75 t/s 3.947s
0823 21:06:22 ds4-server: chat ctx=0..123:123 prefill chunk 75/123 (61.0%) chunk=18.90 t/s avg=18.75 t/s 4.000s
0823 21:06:23 ds4-server: chat ctx=0..123:123 prefill chunk 76/123 (61.8%) chunk=18.28 t/s avg=18.74 t/s 4.055s
0823 21:06:23 ds4-server: chat ctx=0..123:123 prefill chunk 77/123 (62.6%) chunk=18.53 t/s avg=18.74 t/s 4.108s
0823 21:06:23 ds4-server: chat ctx=0..123:123 prefill chunk 78/123 (63.4%) chunk=19.61 t/s avg=18.75 t/s 4.159s
0823 21:06:23 ds4-server: chat ctx=0..123:123 prefill chunk 79/123 (64.2%) chunk=18.20 t/s avg=18.75 t/s 4.214s
0823 21:06:23 ds4-server: chat ctx=0..123:123 prefill chunk 80/123 (65.0%) chunk=19.07 t/s avg=18.75 t/s 4.267s
0823 21:06:23 ds4-server: chat ctx=0..123:123 prefill chunk 81/123 (65.9%) chunk=18.74 t/s avg=18.75 t/s 4.320s
0823 21:06:23 ds4-server: chat ctx=0..123:123 prefill chunk 82/123 (66.7%) chunk=18.79 t/s avg=18.75 t/s 4.373s
0823 21:06:23 ds4-server: chat ctx=0..123:123 prefill chunk 83/123 (67.5%) chunk=18.95 t/s avg=18.75 t/s 4.426s
0823 21:06:23 ds4-server: chat ctx=0..123:123 prefill chunk 84/123 (68.3%) chunk=18.69 t/s avg=18.75 t/s 4.480s
0823 21:06:23 ds4-server: chat ctx=0..123:123 prefill chunk 85/123 (69.1%) chunk=19.16 t/s avg=18.76 t/s 4.532s
0823 21:06:23 ds4-server: chat ctx=0..123:123 prefill chunk 86/123 (69.9%) chunk=18.41 t/s avg=18.75 t/s 4.586s
0823 21:06:23 ds4-server: chat ctx=0..123:123 prefill chunk 87/123 (70.7%) chunk=17.89 t/s avg=18.74 t/s 4.642s
0823 21:06:23 ds4-server: chat ctx=0..123:123 prefill chunk 88/123 (71.5%) chunk=18.88 t/s avg=18.74 t/s 4.695s
0823 21:06:23 ds4-server: chat ctx=0..123:123 prefill chunk 89/123 (72.4%) chunk=18.72 t/s avg=18.74 t/s 4.748s
0823 21:06:23 ds4-server: chat ctx=0..123:123 prefill chunk 90/123 (73.2%) chunk=18.30 t/s avg=18.74 t/s 4.803s
0823 21:06:23 ds4-server: chat ctx=0..123:123 prefill chunk 91/123 (74.0%) chunk=18.56 t/s avg=18.74 t/s 4.857s
0823 21:06:23 ds4-server: chat ctx=0..123:123 prefill chunk 92/123 (74.8%) chunk=17.92 t/s avg=18.73 t/s 4.913s
0823 21:06:23 ds4-server: chat ctx=0..123:123 prefill chunk 93/123 (75.6%) chunk=18.97 t/s avg=18.73 t/s 4.966s
0823 21:06:23 ds4-server: chat ctx=0..123:123 prefill chunk 94/123 (76.4%) chunk=19.03 t/s avg=18.73 t/s 5.018s
0823 21:06:24 ds4-server: chat ctx=0..123:123 prefill chunk 95/123 (77.2%) chunk=18.69 t/s avg=18.73 t/s 5.072s
0823 21:06:24 ds4-server: chat ctx=0..123:123 prefill chunk 96/123 (78.0%) chunk=18.28 t/s avg=18.73 t/s 5.126s
0823 21:06:24 ds4-server: chat ctx=0..123:123 prefill chunk 97/123 (78.9%) chunk=18.56 t/s avg=18.73 t/s 5.180s
0823 21:06:24 ds4-server: chat ctx=0..123:123 prefill chunk 98/123 (79.7%) chunk=18.74 t/s avg=18.73 t/s 5.234s
0823 21:06:24 ds4-server: chat ctx=0..123:123 prefill chunk 99/123 (80.5%) chunk=18.03 t/s avg=18.72 t/s 5.289s
0823 21:06:24 ds4-server: chat ctx=0..123:123 prefill chunk 100/123 (81.3%) chunk=17.82 t/s avg=18.71 t/s 5.345s
0823 21:06:24 ds4-server: chat ctx=0..123:123 prefill chunk 101/123 (82.1%) chunk=18.39 t/s avg=18.71 t/s 5.399s
0823 21:06:24 ds4-server: chat ctx=0..123:123 prefill chunk 102/123 (82.9%) chunk=17.87 t/s avg=18.70 t/s 5.455s
0823 21:06:24 ds4-server: chat ctx=0..123:123 prefill chunk 103/123 (83.7%) chunk=17.77 t/s avg=18.69 t/s 5.512s
0823 21:06:24 ds4-server: chat ctx=0..123:123 prefill chunk 104/123 (84.6%) chunk=18.33 t/s avg=18.68 t/s 5.566s
0823 21:06:24 ds4-server: chat ctx=0..123:123 prefill chunk 105/123 (85.4%) chunk=17.53 t/s avg=18.67 t/s 5.623s
0823 21:06:24 ds4-server: chat ctx=0..123:123 prefill chunk 106/123 (86.2%) chunk=17.94 t/s avg=18.67 t/s 5.679s
0823 21:06:24 ds4-server: chat ctx=0..123:123 prefill chunk 107/123 (87.0%) chunk=18.48 t/s avg=18.66 t/s 5.733s
0823 21:06:24 ds4-server: chat ctx=0..123:123 prefill chunk 108/123 (87.8%) chunk=17.45 t/s avg=18.65 t/s 5.790s
0823 21:06:24 ds4-server: chat ctx=0..123:123 prefill chunk 109/123 (88.6%) chunk=18.12 t/s avg=18.65 t/s 5.846s
0823 21:06:24 ds4-server: chat ctx=0..123:123 prefill chunk 110/123 (89.4%) chunk=17.86 t/s avg=18.64 t/s 5.902s
0823 21:06:24 ds4-server: chat ctx=0..123:123 prefill chunk 111/123 (90.2%) chunk=18.44 t/s avg=18.64 t/s 5.956s
0823 21:06:24 ds4-server: chat ctx=0..123:123 prefill chunk 112/123 (91.1%) chunk=17.14 t/s avg=18.62 t/s 6.014s
0823 21:06:25 ds4-server: chat ctx=0..123:123 prefill chunk 113/123 (91.9%) chunk=17.99 t/s avg=18.62 t/s 6.070s
0823 21:06:25 ds4-server: chat ctx=0..123:123 prefill chunk 114/123 (92.7%) chunk=17.55 t/s avg=18.61 t/s 6.127s
0823 21:06:25 ds4-server: chat ctx=0..123:123 prefill chunk 115/123 (93.5%) chunk=17.72 t/s avg=18.60 t/s 6.183s
0823 21:06:25 ds4-server: chat ctx=0..123:123 prefill chunk 116/123 (94.3%) chunk=17.92 t/s avg=18.59 t/s 6.239s
0823 21:06:25 ds4-server: chat ctx=0..123:123 prefill chunk 117/123 (95.1%) chunk=18.68 t/s avg=18.59 t/s 6.293s
0823 21:06:25 ds4-server: chat ctx=0..123:123 prefill chunk 118/123 (95.9%) chunk=18.28 t/s avg=18.59 t/s 6.347s
0823 21:06:25 ds4-server: chat ctx=0..123:123 prefill chunk 119/123 (96.7%) chunk=18.34 t/s avg=18.59 t/s 6.402s
0823 21:06:25 ds4-server: chat ctx=0..123:123 prefill chunk 120/123 (97.6%) chunk=18.85 t/s avg=18.59 t/s 6.455s
0823 21:06:25 ds4-server: chat ctx=0..123:123 prefill chunk 121/123 (98.4%) chunk=17.95 t/s avg=18.59 t/s 6.511s
0823 21:06:25 ds4-server: chat ctx=0..123:123 prefill chunk 122/123 (99.2%) chunk=19.94 t/s avg=18.60 t/s 6.561s
0823 21:06:25 ds4-server: chat ctx=0..123:123 prefill chunk 123/123 (100.0%) chunk=19.35 t/s avg=18.60 t/s 6.612s
0823 21:06:25 ds4-server: chat ctx=0..123:123 prompt done 6.612s
ds4: qwen35moe experts/token avg over 128 tokens: 0:14.0 1:14.8 2:14.7 3:16.1 4:15.3 5:15.1 6:15.4 7:15.9 8:16.3 9:15.6 10:13.7 11:13.6 12:15.9 13:14.7 14:14.3 15:14.8 16:14.8 17:15.5 18:15.2 19:14.9 20:16.5 21:15.7 22:14.2 23:14.9 24:15.7 25:16.0 26:15.7 27:16.5 28:15.7 29:16.6 30:16.3 31:17.3 32:16.4 33:17.0 34:16.6 35:18.5 36:18.8 37:19.0 38:19.3 39:18.6 | mean 15.9
0823 21:06:28 ds4-server: chat ctx=123..173:50 gen=50 THINKING decoding chunk=18.25 t/s avg=18.25 t/s 2.740s
0823 21:06:31 ds4-server: chat ctx=173..223:50 gen=100 THINKING decoding chunk=18.37 t/s avg=18.31 t/s 5.462s
0823 21:06:33 ds4-server: chat ctx=223..273:50 gen=150 THINKING decoding chunk=17.77 t/s avg=18.13 t/s 8.275s
ds4: qwen35moe experts/token avg over 128 tokens: 0:14.6 1:15.3 2:15.1 3:16.4 4:15.9 5:15.6 6:16.3 7:17.0 8:16.2 9:16.6 10:13.8 11:14.4 12:16.4 13:15.6 14:14.3 15:15.2 16:15.4 17:16.4 18:15.6 19:16.2 20:17.2 21:15.8 22:14.5 23:14.7 24:16.4 25:15.8 26:15.7 27:17.2 28:15.6 29:16.7 30:17.0 31:16.2 32:15.8 33:16.9 34:16.7 35:17.4 36:18.0 37:18.4 38:19.0 39:18.0 | mean 16.1
0823 21:06:36 ds4-server: chat ctx=273..323:50 gen=200 THINKING decoding chunk=17.48 t/s avg=17.96 t/s 11.136s
0823 21:06:39 ds4-server: chat ctx=323..373:50 gen=250 THINKING decoding chunk=17.25 t/s avg=17.81 t/s 14.035s
ds4: qwen35moe experts/token avg over 128 tokens: 0:15.0 1:16.6 2:16.7 3:17.4 4:17.2 5:17.8 6:17.6 7:17.7 8:17.8 9:17.5 10:16.3 11:16.5 12:17.4 13:17.9 14:16.2 15:17.1 16:17.1 17:17.5 18:16.9 19:17.8 20:18.1 21:18.3 22:16.5 23:16.2 24:17.8 25:17.2 26:17.7 27:18.4 28:18.0 29:17.9 30:18.4 31:18.4 32:18.2 33:18.9 34:18.6 35:19.4 36:19.6 37:19.5 38:19.6 39:19.5 | mean 17.7
0823 21:06:42 ds4-server: chat ctx=373..423:50 gen=300 THINKING decoding chunk=17.01 t/s avg=17.67 t/s 16.974s
0823 21:06:45 ds4-server: chat ctx=423..473:50 gen=350 THINKING decoding chunk=16.80 t/s avg=17.54 t/s 19.950s
0823 21:06:48 ds4-server: chat ctx=473..523:50 gen=400 THINKING decoding chunk=16.71 t/s avg=17.44 t/s 22.942s
ds4: qwen35moe experts/token avg over 128 tokens: 0:15.4 1:17.1 2:17.3 3:17.9 4:17.7 5:18.1 6:17.7 7:17.4 8:17.8 9:17.5 10:17.2 11:17.3 12:17.7 13:18.1 14:17.4 15:18.2 16:17.9 17:18.1 18:17.9 19:18.0 20:19.1 21:18.7 22:17.5 23:17.1 24:18.7 25:17.7 26:18.2 27:19.0 28:18.6 29:19.0 30:19.4 31:19.5 32:19.2 33:19.7 34:19.8 35:19.8 36:19.9 37:20.0 38:20.0 39:20.0 | mean 18.3
0823 21:06:51 ds4-server: chat ctx=523..573:50 gen=450 THINKING decoding chunk=16.78 t/s avg=17.36 t/s 25.922s
0823 21:06:54 ds4-server: chat ctx=573..623:50 gen=500 THINKING decoding chunk=17.20 t/s avg=17.34 t/s 28.830s
ds4: qwen35moe experts/token avg over 128 tokens: 0:15.2 1:16.4 2:16.2 3:17.4 4:17.2 5:17.0 6:17.1 7:17.7 8:17.4 9:16.9 10:15.5 11:15.5 12:16.8 13:16.5 14:15.1 15:16.6 16:16.3 17:16.8 18:16.2 19:16.5 20:17.4 21:16.7 22:15.3 23:15.8 24:17.2 25:16.1 26:16.9 27:17.9 28:16.9 29:16.4 30:17.3 31:17.3 32:16.4 33:17.8 34:17.2 35:18.1 36:18.7 37:18.8 38:19.3 39:18.5 | mean 16.9
0823 21:06:57 ds4-server: chat ctx=623..673:50 gen=550 THINKING decoding chunk=17.03 t/s avg=17.31 t/s 31.767s
0823 21:07:00 ds4-server: chat ctx=673..723:50 gen=600 THINKING decoding chunk=16.80 t/s avg=17.27 t/s 34.743s
0823 21:07:03 ds4-server: chat ctx=723..773:50 gen=650 THINKING decoding chunk=16.67 t/s avg=17.22 t/s 37.743s
ds4: qwen35moe experts/token avg over 128 tokens: 0:14.8 1:16.2 2:16.4 3:16.7 4:17.1 5:17.1 6:17.0 7:17.8 8:17.9 9:17.9 10:15.8 11:16.0 12:17.2 13:17.0 14:16.7 15:17.4 16:17.1 17:17.3 18:17.3 19:17.5 20:18.0 21:18.4 22:16.3 23:16.2 24:17.6 25:16.9 26:17.5 27:18.1 28:17.8 29:17.5 30:17.8 31:18.2 32:17.7 33:17.8 34:17.7 35:19.1 36:19.3 37:19.1 38:19.7 39:18.9 | mean 17.4
0823 21:07:06 ds4-server: chat ctx=773..823:50 gen=700 THINKING decoding chunk=16.25 t/s avg=17.15 t/s 40.819s
0823 21:07:09 ds4-server: chat ctx=823..873:50 gen=750 THINKING decoding chunk=16.13 t/s avg=17.08 t/s 43.918s
0823 21:07:12 ds4-server: chat ctx=873..923:50 gen=800 THINKING decoding chunk=16.04 t/s avg=17.01 t/s 47.036s
ds4: qwen35moe experts/token avg over 128 tokens: 0:16.0 1:16.9 2:17.5 3:18.1 4:18.0 5:18.5 6:18.2 7:18.1 8:18.2 9:17.9 10:17.8 11:17.6 12:17.6 13:18.5 14:18.4 15:18.7 16:18.6 17:18.7 18:18.2 19:18.5 20:18.9 21:18.9 22:17.7 23:17.1 24:18.4 25:18.1 26:18.0 27:18.2 28:18.6 29:19.2 30:19.1 31:19.6 32:19.6 33:19.5 34:19.6 35:19.7 36:19.7 37:19.8 38:19.9 39:20.0 | mean 18.5
0823 21:07:15 ds4-server: chat ctx=923..973:50 gen=850 THINKING decoding chunk=16.00 t/s avg=16.95 t/s 50.161s
0823 21:07:18 ds4-server: chat ctx=973..1023:50 gen=900 THINKING decoding chunk=16.40 t/s avg=16.91 t/s 53.210s
ds4: qwen35moe experts/token avg over 128 tokens: 0:15.3 1:16.6 2:17.0 3:17.3 4:17.6 5:17.9 6:17.7 7:17.9 8:18.2 9:17.6 10:16.9 11:16.8 12:17.5 13:18.2 14:17.4 15:18.4 16:18.0 17:17.2 18:17.6 19:17.7 20:18.2 21:18.4 22:16.9 23:16.7 24:17.9 25:17.4 26:17.9 27:18.2 28:17.0 29:18.2 30:18.2 31:18.6 32:17.8 33:18.5 34:17.9 35:19.2 36:19.1 37:19.4 38:19.5 39:19.1 | mean 17.8
0823 21:07:21 ds4-server: chat ctx=1023..1073:50 gen=950 THINKING decoding chunk=16.19 t/s avg=16.87 t/s 56.298s
0823 21:07:24 ds4-server: chat ctx=1073..1123:50 gen=1000 THINKING decoding chunk=16.30 t/s avg=16.84 t/s 59.366s
0823 21:07:28 ds4-server: chat ctx=1123..1173:50 gen=1050 THINKING decoding chunk=15.90 t/s avg=16.80 t/s 62.510s
ds4: qwen35moe experts/token avg over 128 tokens: 0:14.7 1:16.2 2:16.1 3:16.6 4:16.8 5:16.7 6:16.8 7:17.9 8:18.1 9:18.1 10:16.2 11:16.3 12:17.4 13:17.3 14:17.1 15:17.2 16:17.3 17:17.0 18:17.2 19:17.2 20:18.3 21:18.0 22:16.4 23:16.8 24:17.4 25:17.1 26:17.6 27:17.8 28:17.7 29:17.2 30:17.7 31:17.4 32:16.8 33:17.7 34:17.1 35:18.9 36:18.4 37:18.5 38:19.1 39:18.7 | mean 17.3
0823 21:07:31 ds4-server: chat ctx=1173..1223:50 gen=1100 THINKING decoding chunk=16.14 t/s avg=16.77 t/s 65.607s
0823 21:07:34 ds4-server: chat ctx=1223..1273:50 gen=1150 THINKING decoding chunk=16.07 t/s avg=16.73 t/s 68.719s
ds4: qwen35moe experts/token avg over 128 tokens: 0:14.7 1:16.1 2:15.9 3:16.9 4:16.8 5:17.4 6:16.6 7:18.3 8:17.5 9:17.4 10:15.6 11:15.1 12:17.4 13:16.9 14:14.9 15:16.0 16:16.0 17:16.4 18:16.3 19:16.1 20:17.2 21:16.6 22:15.2 23:15.4 24:16.7 25:16.5 26:16.6 27:17.4 28:16.5 29:16.8 30:17.0 31:17.0 32:16.5 33:16.6 34:16.5 35:18.5 36:18.7 37:18.3 38:19.0 39:18.0 | mean 16.7
0823 21:07:37 ds4-server: chat ctx=1273..1323:50 gen=1200 THINKING decoding chunk=15.99 t/s avg=16.70 t/s 71.846s
0823 21:07:40 ds4-server: chat ctx=1323..1373:50 gen=1250 THINKING decoding chunk=15.37 t/s avg=16.64 t/s 75.099s
0823 21:07:43 ds4-server: chat ctx=1373..1423:50 gen=1300 THINKING decoding chunk=15.30 t/s avg=16.59 t/s 78.367s
ds4: qwen35moe experts/token avg over 128 tokens: 0:16.7 1:18.5 2:17.8 3:18.6 4:17.9 5:18.4 6:18.2 7:18.1 8:17.8 9:17.8 10:17.3 11:16.7 12:18.0 13:17.7 14:17.9 15:18.9 16:18.1 17:18.4 18:18.1 19:18.3 20:18.8 21:18.7 22:17.6 23:17.7 24:18.6 25:17.6 26:18.3 27:18.6 28:18.1 29:18.5 30:18.9 31:19.1 32:19.0 33:19.0 34:18.9 35:19.5 36:19.6 37:19.4 38:19.8 39:19.7 | mean 18.4
0823 21:07:47 ds4-server: chat ctx=1423..1473:50 gen=1350 THINKING decoding chunk=15.46 t/s avg=16.54 t/s 81.601s
0823 21:07:50 ds4-server: chat ctx=1473..1523:50 gen=1400 THINKING decoding chunk=15.20 t/s avg=16.49 t/s 84.891s
ds4: qwen35moe experts/token avg over 128 tokens: 0:16.2 1:18.0 2:17.8 3:18.3 4:17.9 5:18.2 6:18.3 7:18.4 8:18.3 9:18.1 10:17.2 11:17.1 12:18.8 13:18.4 14:17.6 15:18.2 16:18.2 17:18.4 18:18.4 19:18.7 20:19.1 21:18.7 22:17.7 23:17.2 24:18.4 25:17.9 26:18.4 27:18.6 28:18.4 29:18.5 30:18.7 31:18.9 32:18.3 33:18.6 34:18.7 35:19.1 36:19.4 37:19.2 38:19.6 39:19.4 | mean 18.3
0823 21:07:53 ds4-server: chat ctx=1523..1573:50 gen=1450 THINKING decoding chunk=15.12 t/s avg=16.44 t/s 88.199s
0823 21:07:57 ds4-server: chat ctx=1573..1623:50 gen=1500 THINKING decoding chunk=15.08 t/s avg=16.39 t/s 91.514s
0823 21:08:00 ds4-server: chat ctx=1623..1673:50 gen=1550 THINKING decoding chunk=15.12 t/s avg=16.35 t/s 94.821s
ds4: qwen35moe experts/token avg over 128 tokens: 0:15.9 1:17.4 2:17.7 3:18.0 4:17.8 5:17.8 6:18.0 7:18.4 8:18.4 9:17.6 10:17.4 11:17.2 12:17.7 13:18.1 14:18.0 15:18.3 16:18.5 17:17.9 18:18.3 19:18.6 20:18.8 21:18.5 22:17.6 23:17.6 24:18.4 25:18.0 26:18.4 27:18.6 28:18.0 29:18.3 30:18.5 31:18.9 32:18.2 33:18.1 34:18.0 35:19.5 36:19.3 37:19.4 38:19.6 39:19.2 | mean 18.2
0823 21:08:03 ds4-server: chat ctx=1673..1723:50 gen=1600 THINKING decoding chunk=15.62 t/s avg=16.32 t/s 98.022s
0823 21:08:06 ds4-server: chat ctx=1723..1773:50 gen=1650 THINKING decoding chunk=15.58 t/s avg=16.30 t/s 101.231s
ds4: qwen35moe experts/token avg over 128 tokens: 0:14.3 1:15.0 2:14.7 3:15.8 4:15.4 5:15.6 6:15.5 7:17.0 8:16.5 9:17.0 10:14.9 11:14.9 12:16.0 13:15.8 14:15.2 15:15.8 16:15.6 17:15.9 18:15.7 19:15.6 20:17.4 21:16.6 22:15.0 23:15.0 24:15.6 25:15.7 26:15.8 27:16.2 28:16.0 29:15.7 30:16.1 31:15.9 32:15.3 33:15.5 34:15.9 35:17.7 36:17.6 37:17.6 38:18.2 39:17.0 | mean 15.9
0823 21:08:10 ds4-server: chat ctx=1773..1823:50 gen=1700 THINKING decoding chunk=15.42 t/s avg=16.27 t/s 104.473s
0823 21:08:13 ds4-server: chat ctx=1823..1873:50 gen=1750 THINKING decoding chunk=15.03 t/s avg=16.23 t/s 107.800s
0823 21:08:16 ds4-server: chat ctx=1873..1923:50 gen=1800 THINKING decoding chunk=15.26 t/s avg=16.20 t/s 111.077s
ds4: qwen35moe experts/token avg over 128 tokens: 0:15.3 1:16.9 2:16.6 3:17.5 4:17.2 5:17.1 6:17.3 7:17.9 8:17.2 9:17.5 10:16.5 11:15.7 12:17.4 13:17.4 14:16.4 15:17.9 16:16.6 17:16.8 18:17.1 19:17.1 20:18.0 21:17.9 22:15.9 23:16.2 24:16.8 25:16.3 26:16.8 27:17.7 28:16.1 29:17.2 30:17.2 31:17.1 32:17.0 33:17.3 34:17.1 35:18.7 36:18.8 37:18.8 38:19.2 39:18.4 | mean 17.2
0823 21:08:20 ds4-server: chat ctx=1923..1973:50 gen=1850 THINKING decoding chunk=14.71 t/s avg=16.16 t/s 114.476s
0823 21:08:23 ds4-server: chat ctx=1973..2023:50 gen=1900 THINKING decoding chunk=14.57 t/s avg=16.11 t/s 117.908s
0823 21:08:26 ds4-server: chat ctx=2023..2073:50 gen=1950 THINKING decoding chunk=14.70 t/s avg=16.07 t/s 121.310s
ds4: qwen35moe experts/token avg over 128 tokens: 0:16.1 1:18.2 2:17.4 3:17.8 4:17.9 5:17.6 6:17.5 7:18.1 8:17.5 9:17.5 10:17.0 11:16.8 12:17.9 13:18.4 14:18.2 15:18.5 16:18.2 17:17.9 18:18.1 19:18.6 20:19.2 21:18.9 22:17.4 23:17.4 24:18.3 25:17.7 26:18.3 27:18.5 28:18.1 29:18.5 30:18.9 31:19.0 32:18.7 33:18.9 34:19.0 35:19.2 36:19.3 37:19.5 38:19.6 39:19.3 | mean 18.2
0823 21:08:30 ds4-server: chat ctx=2073..2123:50 gen=2000 THINKING decoding chunk=15.04 t/s avg=16.05 t/s 124.635s
0823 21:08:33 ds4-server: chat ctx=2123..2173:50 gen=2050 THINKING decoding chunk=15.01 t/s avg=16.02 t/s 127.966s
ds4: qwen35moe experts/token avg over 128 tokens: 0:14.5 1:15.5 2:15.6 3:16.9 4:16.2 5:16.1 6:16.2 7:17.2 8:17.5 9:17.7 10:15.5 11:15.4 12:16.6 13:16.1 14:15.9 15:16.3 16:16.4 17:16.8 18:16.3 19:16.2 20:16.9 21:17.2 22:15.5 23:15.6 24:15.7 25:15.2 26:16.1 27:16.5 28:16.4 29:16.1 30:16.5 31:16.7 32:15.7 33:16.0 34:15.8 35:18.4 36:17.8 37:17.8 38:18.8 39:17.3 | mean 16.4
0823 21:08:36 ds4-server: chat ctx=2173..2223:50 gen=2100 THINKING decoding chunk=14.87 t/s avg=15.99 t/s 131.329s
0823 21:08:40 ds4-server: chat ctx=2223..2273:50 gen=2150 THINKING decoding chunk=14.80 t/s avg=15.96 t/s 134.708s
0823 21:08:43 ds4-server: chat ctx=2273..2323:50 gen=2200 THINKING decoding chunk=14.58 t/s avg=15.93 t/s 138.136s
ds4: qwen35moe experts/token avg over 128 tokens: 0:14.4 1:15.4 2:15.2 3:16.0 4:16.2 5:16.3 6:16.2 7:17.4 8:17.2 9:17.2 10:15.4 11:15.6 12:17.1 13:16.7 14:16.6 15:17.0 16:16.7 17:17.3 18:16.6 19:16.8 20:18.0 21:17.6 22:15.7 23:16.0 24:17.1 25:16.7 26:17.2 27:17.2 28:16.8 29:16.4 30:16.5 31:17.0 32:16.2 33:16.3 34:16.6 35:18.1 36:17.8 37:18.4 38:18.7 39:17.9 | mean 16.7
0823 21:08:47 ds4-server: chat ctx=2323..2373:50 gen=2250 THINKING decoding chunk=14.13 t/s avg=15.88 t/s 141.675s
0823 21:08:50 ds4-server: chat ctx=2373..2423:50 gen=2300 THINKING decoding chunk=14.28 t/s avg=15.84 t/s 145.176s
ds4: qwen35moe experts/token avg over 128 tokens: 0:15.4 1:16.5 2:16.9 3:17.4 4:17.4 5:17.7 6:17.7 7:18.5 8:18.3 9:18.1 10:17.4 11:17.0 12:18.2 13:18.3 14:18.5 15:18.8 16:18.7 17:18.3 18:18.5 19:18.8 20:19.1 21:18.8 22:17.7 23:17.8 24:18.8 25:18.4 26:18.8 27:18.7 28:18.3 29:18.1 30:18.4 31:18.5 32:17.9 33:18.2 34:17.9 35:18.9 36:19.5 37:19.7 38:19.6 39:19.5 | mean 18.2
0823 21:08:54 ds4-server: chat ctx=2423..2473:50 gen=2350 THINKING decoding chunk=14.08 t/s avg=15.80 t/s 148.726s
0823 21:08:57 ds4-server: chat ctx=2473..2523:50 gen=2400 THINKING decoding chunk=14.03 t/s avg=15.76 t/s 152.289s
0823 21:09:01 ds4-server: chat ctx=2523..2573:50 gen=2450 THINKING decoding chunk=14.15 t/s avg=15.72 t/s 155.823s
ds4: qwen35moe experts/token avg over 128 tokens: 0:15.4 1:16.9 2:16.8 3:17.9 4:17.9 5:18.2 6:17.8 7:18.7 8:18.6 9:18.2 10:17.5 11:17.5 12:18.2 13:18.4 14:18.3 15:18.4 16:18.3 17:18.2 18:17.8 19:18.4 20:19.0 21:18.7 22:17.6 23:17.4 24:18.1 25:18.0 26:18.1 27:18.4 28:17.6 29:17.7 30:18.2 31:18.8 32:17.8 33:18.1 34:17.8 35:19.0 36:19.4 37:19.3 38:19.6 39:19.1 | mean 18.1
0823 21:09:04 ds4-server: chat ctx=2573..2623:50 gen=2500 THINKING decoding chunk=14.13 t/s avg=15.69 t/s 159.363s
0823 21:09:08 ds4-server: chat ctx=2623..2673:50 gen=2550 THINKING decoding chunk=14.04 t/s avg=15.65 t/s 162.925s
ds4: qwen35moe experts/token avg over 128 tokens: 0:15.2 1:16.3 2:16.3 3:17.8 4:17.1 5:17.3 6:17.6 7:18.2 8:18.2 9:17.8 10:17.0 11:16.7 12:17.3 13:18.0 14:18.0 15:17.9 16:17.3 17:17.8 18:17.7 19:17.9 20:18.8 21:18.7 22:16.9 23:16.7 24:17.1 25:17.3 26:17.6 27:17.8 28:17.1 29:17.9 30:17.3 31:18.5 32:17.6 33:17.6 34:17.4 35:18.9 36:18.8 37:18.5 38:19.4 39:18.4 | mean 17.6
0823 21:09:12 ds4-server: chat ctx=2673..2723:50 gen=2600 THINKING decoding chunk=13.86 t/s avg=15.61 t/s 166.532s
0823 21:09:15 ds4-server: chat ctx=2723..2773:50 gen=2650 decoding chunk=14.13 t/s avg=15.58 t/s 170.071s
0823 21:09:19 ds4-server: chat ctx=2773..2823:50 gen=2700 decoding chunk=13.92 t/s avg=15.55 t/s 173.663s
ds4: qwen35moe experts/token avg over 128 tokens: 0:14.4 1:15.9 2:15.8 3:16.7 4:17.0 5:16.8 6:17.0 7:18.0 8:18.1 9:17.8 10:16.5 11:16.1 12:18.1 13:17.7 14:17.8 15:18.0 16:17.6 17:18.1 18:17.6 19:17.6 20:18.4 21:18.3 22:16.3 23:16.9 24:17.5 25:17.2 26:17.6 27:18.1 28:17.3 29:17.4 30:17.0 31:17.3 32:16.6 33:16.9 34:16.3 35:18.5 36:18.7 37:19.1 38:19.4 39:18.5 | mean 17.4
0823 21:09:22 ds4-server: chat ctx=2823..2873:50 gen=2750 decoding chunk=13.55 t/s avg=15.51 t/s 177.353s
0823 21:09:26 ds4-server: chat ctx=2873..2923:50 gen=2800 decoding chunk=13.48 t/s avg=15.46 t/s 181.063s
ds4: qwen35moe experts/token avg over 128 tokens: 0:15.6 1:17.4 2:18.6 3:18.3 4:18.1 5:18.0 6:17.9 7:18.2 8:18.2 9:17.3 10:17.4 11:17.3 12:17.8 13:18.4 14:18.9 15:19.5 16:19.4 17:19.5 18:19.2 19:19.4 20:19.3 21:19.5 22:18.7 23:18.7 24:19.5 25:19.1 26:19.1 27:19.2 28:19.2 29:19.2 30:19.0 31:19.3 32:19.4 33:19.3 34:19.4 35:19.6 36:19.7 37:19.8 38:19.8 39:19.8 | mean 18.8
0823 21:09:30 ds4-server: chat ctx=2923..2973:50 gen=2850 decoding chunk=13.57 t/s avg=15.43 t/s 184.747s
0823 21:09:34 ds4-server: chat ctx=2973..3023:50 gen=2900 decoding chunk=13.44 t/s avg=15.39 t/s 188.468s
0823 21:09:37 ds4-server: chat ctx=3023..3073:50 gen=2950 decoding chunk=13.62 t/s avg=15.35 t/s 192.139s
ds4: qwen35moe experts/token avg over 128 tokens: 0:14.8 1:16.1 2:16.4 3:17.2 4:17.8 5:17.9 6:17.8 7:18.5 8:18.6 9:18.6 10:17.0 11:17.0 12:18.2 13:18.0 14:18.6 15:19.0 16:18.5 17:17.8 18:18.3 19:18.5 20:19.4 21:18.7 22:17.3 23:17.4 24:18.5 25:18.1 26:18.4 27:18.7 28:17.7 29:17.8 30:17.8 31:18.1 32:17.5 33:17.5 34:17.2 35:19.0 36:19.0 37:19.4 38:19.5 39:19.1 | mean 18.0
0823 21:09:41 ds4-server: chat ctx=3073..3123:50 gen=3000 decoding chunk=13.45 t/s avg=15.32 t/s 195.856s
0823 21:09:45 ds4-server: chat ctx=3123..3173:50 gen=3050 decoding chunk=13.44 t/s avg=15.28 t/s 199.577s
0823 21:09:48 ds4-server: chat ctx=3173..3223:50 gen=3100 decoding chunk=13.29 t/s avg=15.25 t/s 203.339s
ds4: qwen35moe experts/token avg over 128 tokens: 0:14.4 1:16.1 2:15.6 3:17.1 4:17.7 5:18.0 6:17.6 7:19.1 8:19.0 9:18.9 10:17.5 11:17.4 12:18.6 13:18.4 14:18.9 15:18.9 16:18.7 17:18.6 18:18.7 19:18.5 20:19.1 21:19.0 22:17.9 23:17.6 24:18.3 25:18.4 26:18.4 27:18.9 28:18.3 29:17.2 30:17.6 31:18.4 32:17.1 33:18.0 34:17.0 35:18.6 36:19.6 37:19.4 38:19.6 39:18.8 | mean 18.1
0823 21:09:52 ds4-server: chat ctx=3223..3273:50 gen=3150 decoding chunk=13.26 t/s avg=15.21 t/s 207.109s
0823 21:09:54 ds4-server: chat ctx=3273..3293:20 gen=3170 decoding chunk=13.37 t/s avg=15.20 t/s 208.605s
0823 21:09:54 ds4-server: thinking live checkpoint remembered ctx=0..123:123 live=3293 visible=1803
0823 21:09:54 ds4-server: chat ctx=0..123:123 gen=3170 finish=stop 215.218s
0823 21:09:54 ds4-server: live kv cache miss live=3293 prompt=126 common=56 reason=token-mismatch
0823 21:09:54 ds4-server: chat ctx=0..126:126 prompt start
0823 21:09:54 ds4-server: chat ctx=0..126:126 prefill chunk 1/126 (0.8%) chunk=0.00 t/s avg=19.09 t/s 0.052s
0823 21:09:54 ds4-server: chat ctx=0..126:126 prefill chunk 2/126 (1.6%) chunk=20.07 t/s avg=19.57 t/s 0.102s
0823 21:09:54 ds4-server: chat ctx=0..126:126 prefill chunk 3/126 (2.4%) chunk=19.04 t/s avg=19.39 t/s 0.155s
0823 21:09:54 ds4-server: chat ctx=0..126:126 prefill chunk 4/126 (3.2%) chunk=19.86 t/s avg=19.50 t/s 0.205s
0823 21:09:54 ds4-server: chat ctx=0..126:126 prefill chunk 5/126 (4.0%) chunk=19.08 t/s avg=19.42 t/s 0.257s
0823 21:09:54 ds4-server: chat ctx=0..126:126 prefill chunk 6/126 (4.8%) chunk=19.30 t/s avg=19.40 t/s 0.309s
0823 21:09:54 ds4-server: chat ctx=0..126:126 prefill chunk 7/126 (5.6%) chunk=19.51 t/s avg=19.41 t/s 0.361s
0823 21:09:54 ds4-server: chat ctx=0..126:126 prefill chunk 8/126 (6.3%) chunk=18.59 t/s avg=19.31 t/s 0.414s
0823 21:09:54 ds4-server: chat ctx=0..126:126 prefill chunk 9/126 (7.1%) chunk=19.83 t/s avg=19.36 t/s 0.465s
0823 21:09:54 ds4-server: chat ctx=0..126:126 prefill chunk 10/126 (7.9%) chunk=18.93 t/s avg=19.32 t/s 0.518s
0823 21:09:54 ds4-server: chat ctx=0..126:126 prefill chunk 11/126 (8.7%) chunk=19.91 t/s avg=19.37 t/s 0.568s
0823 21:09:54 ds4-server: chat ctx=0..126:126 prefill chunk 12/126 (9.5%) chunk=18.58 t/s avg=19.30 t/s 0.622s
0823 21:09:54 ds4-server: chat ctx=0..126:126 prefill chunk 13/126 (10.3%) chunk=19.12 t/s avg=19.29 t/s 0.674s
0823 21:09:54 ds4-server: chat ctx=0..126:126 prefill chunk 14/126 (11.1%) chunk=18.57 t/s avg=19.24 t/s 0.728s
0823 21:09:54 ds4-server: chat ctx=0..126:126 prefill chunk 15/126 (11.9%) chunk=18.55 t/s avg=19.19 t/s 0.782s
0823 21:09:55 ds4-server: chat ctx=0..126:126 prefill chunk 16/126 (12.7%) chunk=19.18 t/s avg=19.19 t/s 0.834s
0823 21:09:55 ds4-server: chat ctx=0..126:126 prefill chunk 17/126 (13.5%) chunk=18.39 t/s avg=19.14 t/s 0.888s
0823 21:09:55 ds4-server: chat ctx=0..126:126 prefill chunk 18/126 (14.3%) chunk=19.52 t/s avg=19.16 t/s 0.939s
0823 21:09:55 ds4-server: chat ctx=0..126:126 prefill chunk 19/126 (15.1%) chunk=18.56 t/s avg=19.13 t/s 0.993s
0823 21:09:55 ds4-server: chat ctx=0..126:126 prefill chunk 20/126 (15.9%) chunk=17.98 t/s avg=19.07 t/s 1.049s
0823 21:09:55 ds4-server: chat ctx=0..126:126 prefill chunk 21/126 (16.7%) chunk=19.40 t/s avg=19.08 t/s 1.101s
0823 21:09:55 ds4-server: chat ctx=0..126:126 prefill chunk 22/126 (17.5%) chunk=18.81 t/s avg=19.07 t/s 1.154s
0823 21:09:55 ds4-server: chat ctx=0..126:126 prefill chunk 23/126 (18.3%) chunk=19.49 t/s avg=19.09 t/s 1.205s
0823 21:09:55 ds4-server: chat ctx=0..126:126 prefill chunk 24/126 (19.0%) chunk=19.00 t/s avg=19.08 t/s 1.258s
0823 21:09:55 ds4-server: chat ctx=0..126:126 prefill chunk 25/126 (19.8%) chunk=19.13 t/s avg=19.09 t/s 1.310s
0823 21:09:55 ds4-server: chat ctx=0..126:126 prefill chunk 26/126 (20.6%) chunk=19.33 t/s avg=19.09 t/s 1.362s
0823 21:09:55 ds4-server: chat ctx=0..126:126 prefill chunk 27/126 (21.4%) chunk=18.64 t/s avg=19.08 t/s 1.415s
0823 21:09:55 ds4-server: chat ctx=0..126:126 prefill chunk 28/126 (22.2%) chunk=19.42 t/s avg=19.09 t/s 1.467s
0823 21:09:55 ds4-server: chat ctx=0..126:126 prefill chunk 29/126 (23.0%) chunk=18.25 t/s avg=19.06 t/s 1.522s
0823 21:09:55 ds4-server: chat ctx=0..126:126 prefill chunk 30/126 (23.8%) chunk=19.08 t/s avg=19.06 t/s 1.574s
0823 21:09:55 ds4-server: chat ctx=0..126:126 prefill chunk 31/126 (24.6%) chunk=18.48 t/s avg=19.04 t/s 1.628s
0823 21:09:55 ds4-server: chat ctx=0..126:126 prefill chunk 32/126 (25.4%) chunk=18.18 t/s avg=19.01 t/s 1.683s
0823 21:09:55 ds4-server: chat ctx=0..126:126 prefill chunk 33/126 (26.2%) chunk=19.49 t/s avg=19.03 t/s 1.734s
0823 21:09:55 ds4-server: chat ctx=0..126:126 prefill chunk 34/126 (27.0%) chunk=18.36 t/s avg=19.01 t/s 1.789s
0823 21:09:56 ds4-server: chat ctx=0..126:126 prefill chunk 35/126 (27.8%) chunk=18.32 t/s avg=18.99 t/s 1.843s
0823 21:09:56 ds4-server: chat ctx=0..126:126 prefill chunk 36/126 (28.6%) chunk=18.49 t/s avg=18.97 t/s 1.897s
0823 21:09:56 ds4-server: chat ctx=0..126:126 prefill chunk 37/126 (29.4%) chunk=17.40 t/s avg=18.93 t/s 1.955s
0823 21:09:56 ds4-server: chat ctx=0..126:126 prefill chunk 38/126 (30.2%) chunk=17.55 t/s avg=18.89 t/s 2.012s
0823 21:09:56 ds4-server: chat ctx=0..126:126 prefill chunk 39/126 (31.0%) chunk=18.89 t/s avg=18.89 t/s 2.065s
0823 21:09:56 ds4-server: chat ctx=0..126:126 prefill chunk 40/126 (31.7%) chunk=18.23 t/s avg=18.87 t/s 2.120s
0823 21:09:56 ds4-server: chat ctx=0..126:126 prefill chunk 41/126 (32.5%) chunk=18.94 t/s avg=18.87 t/s 2.173s
0823 21:09:56 ds4-server: chat ctx=0..126:126 prefill chunk 42/126 (33.3%) chunk=18.37 t/s avg=18.86 t/s 2.227s
0823 21:09:56 ds4-server: chat ctx=0..126:126 prefill chunk 43/126 (34.1%) chunk=18.92 t/s avg=18.86 t/s 2.280s
0823 21:09:56 ds4-server: chat ctx=0..126:126 prefill chunk 44/126 (34.9%) chunk=19.21 t/s avg=18.87 t/s 2.332s
0823 21:09:56 ds4-server: chat ctx=0..126:126 prefill chunk 45/126 (35.7%) chunk=18.07 t/s avg=18.85 t/s 2.387s
0823 21:09:56 ds4-server: chat ctx=0..126:126 prefill chunk 46/126 (36.5%) chunk=18.69 t/s avg=18.85 t/s 2.441s
0823 21:09:56 ds4-server: chat ctx=0..126:126 prefill chunk 47/126 (37.3%) chunk=18.14 t/s avg=18.83 t/s 2.496s
0823 21:09:56 ds4-server: chat ctx=0..126:126 prefill chunk 48/126 (38.1%) chunk=18.51 t/s avg=18.82 t/s 2.550s
0823 21:09:56 ds4-server: chat ctx=0..126:126 prefill chunk 49/126 (38.9%) chunk=19.55 t/s avg=18.84 t/s 2.601s
0823 21:09:56 ds4-server: chat ctx=0..126:126 prefill chunk 50/126 (39.7%) chunk=18.56 t/s avg=18.83 t/s 2.655s
0823 21:09:56 ds4-server: chat ctx=0..126:126 prefill chunk 51/126 (40.5%) chunk=19.42 t/s avg=18.84 t/s 2.706s
0823 21:09:56 ds4-server: chat ctx=0..126:126 prefill chunk 52/126 (41.3%) chunk=18.12 t/s avg=18.83 t/s 2.762s
0823 21:09:57 ds4-server: chat ctx=0..126:126 prefill chunk 53/126 (42.1%) chunk=18.97 t/s avg=18.83 t/s 2.814s
0823 21:09:57 ds4-server: chat ctx=0..126:126 prefill chunk 54/126 (42.9%) chunk=19.61 t/s avg=18.85 t/s 2.865s
0823 21:09:57 ds4-server: chat ctx=0..126:126 prefill chunk 55/126 (43.7%) chunk=19.29 t/s avg=18.85 t/s 2.917s
0823 21:09:57 ds4-server: chat ctx=0..126:126 prefill chunk 56/126 (44.4%) chunk=20.72 t/s avg=18.88 t/s 2.965s
0823 21:09:57 ds4-server: chat ctx=0..126:126 prefill chunk 57/126 (45.2%) chunk=18.76 t/s avg=18.88 t/s 3.019s
0823 21:09:57 ds4-server: chat ctx=0..126:126 prefill chunk 58/126 (46.0%) chunk=19.32 t/s avg=18.89 t/s 3.070s
0823 21:09:57 ds4-server: chat ctx=0..126:126 prefill chunk 59/126 (46.8%) chunk=18.75 t/s avg=18.89 t/s 3.124s
0823 21:09:57 ds4-server: chat ctx=0..126:126 prefill chunk 60/126 (47.6%) chunk=19.04 t/s avg=18.89 t/s 3.176s
0823 21:09:57 ds4-server: chat ctx=0..126:126 prefill chunk 61/126 (48.4%) chunk=18.40 t/s avg=18.88 t/s 3.231s
0823 21:09:57 ds4-server: chat ctx=0..126:126 prefill chunk 62/126 (49.2%) chunk=18.75 t/s avg=18.88 t/s 3.284s
0823 21:09:57 ds4-server: chat ctx=0..126:126 prefill chunk 63/126 (50.0%) chunk=19.52 t/s avg=18.89 t/s 3.335s
ds4: qwen35moe experts/token avg over 128 tokens: 0:14.1 1:15.5 2:15.1 3:16.4 4:15.9 5:16.2 6:15.7 7:16.9 8:17.0 9:16.5 10:15.4 11:15.8 12:16.2 13:16.1 14:16.9 15:16.6 16:16.1 17:15.9 18:16.1 19:16.1 20:16.8 21:16.6 22:15.6 23:15.7 24:16.0 25:15.8 26:16.0 27:15.9 28:16.0 29:16.2 30:15.7 31:17.0 32:16.4 33:16.7 34:16.4 35:18.5 36:18.7 37:18.9 38:19.4 39:18.9 | mean 16.4
0823 21:09:57 ds4-server: chat ctx=0..126:126 prefill chunk 64/126 (50.8%) chunk=18.75 t/s avg=18.89 t/s 3.389s
0823 21:09:57 ds4-server: chat ctx=0..126:126 prefill chunk 65/126 (51.6%) chunk=19.29 t/s avg=18.89 t/s 3.440s
0823 21:09:57 ds4-server: chat ctx=0..126:126 prefill chunk 66/126 (52.4%) chunk=19.02 t/s avg=18.89 t/s 3.493s
0823 21:09:57 ds4-server: chat ctx=0..126:126 prefill chunk 67/126 (53.2%) chunk=18.39 t/s avg=18.89 t/s 3.547s
0823 21:09:57 ds4-server: chat ctx=0..126:126 prefill chunk 68/126 (54.0%) chunk=19.13 t/s avg=18.89 t/s 3.600s
0823 21:09:57 ds4-server: chat ctx=0..126:126 prefill chunk 69/126 (54.8%) chunk=18.59 t/s avg=18.89 t/s 3.653s
0823 21:09:57 ds4-server: chat ctx=0..126:126 prefill chunk 70/126 (55.6%) chunk=18.94 t/s avg=18.89 t/s 3.706s
0823 21:09:57 ds4-server: chat ctx=0..126:126 prefill chunk 71/126 (56.3%) chunk=18.31 t/s avg=18.88 t/s 3.761s
0823 21:09:58 ds4-server: chat ctx=0..126:126 prefill chunk 72/126 (57.1%) chunk=17.91 t/s avg=18.86 t/s 3.817s
0823 21:09:58 ds4-server: chat ctx=0..126:126 prefill chunk 73/126 (57.9%) chunk=18.53 t/s avg=18.86 t/s 3.871s
0823 21:09:58 ds4-server: chat ctx=0..126:126 prefill chunk 74/126 (58.7%) chunk=18.33 t/s avg=18.85 t/s 3.925s
0823 21:09:58 ds4-server: chat ctx=0..126:126 prefill chunk 75/126 (59.5%) chunk=18.30 t/s avg=18.84 t/s 3.980s
0823 21:09:58 ds4-server: chat ctx=0..126:126 prefill chunk 76/126 (60.3%) chunk=18.38 t/s avg=18.84 t/s 4.034s
0823 21:09:58 ds4-server: chat ctx=0..126:126 prefill chunk 77/126 (61.1%) chunk=18.21 t/s avg=18.83 t/s 4.089s
0823 21:09:58 ds4-server: chat ctx=0..126:126 prefill chunk 78/126 (61.9%) chunk=18.49 t/s avg=18.83 t/s 4.143s
0823 21:09:58 ds4-server: chat ctx=0..126:126 prefill chunk 79/126 (62.7%) chunk=18.57 t/s avg=18.82 t/s 4.197s
0823 21:09:58 ds4-server: chat ctx=0..126:126 prefill chunk 80/126 (63.5%) chunk=18.38 t/s avg=18.82 t/s 4.252s
0823 21:09:58 ds4-server: chat ctx=0..126:126 prefill chunk 81/126 (64.3%) chunk=18.28 t/s avg=18.81 t/s 4.306s
0823 21:09:58 ds4-server: chat ctx=0..126:126 prefill chunk 82/126 (65.1%) chunk=17.84 t/s avg=18.80 t/s 4.362s
0823 21:09:58 ds4-server: chat ctx=0..126:126 prefill chunk 83/126 (65.9%) chunk=18.33 t/s avg=18.79 t/s 4.417s
0823 21:09:58 ds4-server: chat ctx=0..126:126 prefill chunk 84/126 (66.7%) chunk=19.24 t/s avg=18.80 t/s 4.469s
0823 21:09:58 ds4-server: chat ctx=0..126:126 prefill chunk 85/126 (67.5%) chunk=18.34 t/s avg=18.79 t/s 4.523s
0823 21:09:58 ds4-server: chat ctx=0..126:126 prefill chunk 86/126 (68.3%) chunk=17.89 t/s avg=18.78 t/s 4.579s
0823 21:09:58 ds4-server: chat ctx=0..126:126 prefill chunk 87/126 (69.0%) chunk=18.75 t/s avg=18.78 t/s 4.633s
0823 21:09:58 ds4-server: chat ctx=0..126:126 prefill chunk 88/126 (69.8%) chunk=17.32 t/s avg=18.76 t/s 4.690s
0823 21:09:58 ds4-server: chat ctx=0..126:126 prefill chunk 89/126 (70.6%) chunk=17.44 t/s avg=18.75 t/s 4.748s
0823 21:09:58 ds4-server: chat ctx=0..126:126 prefill chunk 90/126 (71.4%) chunk=18.82 t/s avg=18.75 t/s 4.801s
0823 21:09:59 ds4-server: chat ctx=0..126:126 prefill chunk 91/126 (72.2%) chunk=17.89 t/s avg=18.74 t/s 4.857s
0823 21:09:59 ds4-server: chat ctx=0..126:126 prefill chunk 92/126 (73.0%) chunk=18.48 t/s avg=18.73 t/s 4.911s
0823 21:09:59 ds4-server: chat ctx=0..126:126 prefill chunk 93/126 (73.8%) chunk=19.23 t/s avg=18.74 t/s 4.963s
0823 21:09:59 ds4-server: chat ctx=0..126:126 prefill chunk 94/126 (74.6%) chunk=18.55 t/s avg=18.74 t/s 5.017s
0823 21:09:59 ds4-server: chat ctx=0..126:126 prefill chunk 95/126 (75.4%) chunk=19.24 t/s avg=18.74 t/s 5.069s
0823 21:09:59 ds4-server: chat ctx=0..126:126 prefill chunk 96/126 (76.2%) chunk=18.37 t/s avg=18.74 t/s 5.123s
0823 21:09:59 ds4-server: chat ctx=0..126:126 prefill chunk 97/126 (77.0%) chunk=19.36 t/s avg=18.75 t/s 5.175s
0823 21:09:59 ds4-server: chat ctx=0..126:126 prefill chunk 98/126 (77.8%) chunk=18.49 t/s avg=18.74 t/s 5.229s
0823 21:09:59 ds4-server: chat ctx=0..126:126 prefill chunk 99/126 (78.6%) chunk=18.09 t/s avg=18.74 t/s 5.284s
0823 21:09:59 ds4-server: chat ctx=0..126:126 prefill chunk 100/126 (79.4%) chunk=18.47 t/s avg=18.73 t/s 5.338s
0823 21:09:59 ds4-server: chat ctx=0..126:126 prefill chunk 101/126 (80.2%) chunk=17.85 t/s avg=18.72 t/s 5.394s
0823 21:09:59 ds4-server: chat ctx=0..126:126 prefill chunk 102/126 (81.0%) chunk=17.96 t/s avg=18.72 t/s 5.450s
0823 21:09:59 ds4-server: chat ctx=0..126:126 prefill chunk 103/126 (81.7%) chunk=18.09 t/s avg=18.71 t/s 5.505s
0823 21:09:59 ds4-server: chat ctx=0..126:126 prefill chunk 104/126 (82.5%) chunk=17.96 t/s avg=18.70 t/s 5.561s
0823 21:09:59 ds4-server: chat ctx=0..126:126 prefill chunk 105/126 (83.3%) chunk=18.04 t/s avg=18.70 t/s 5.616s
0823 21:09:59 ds4-server: chat ctx=0..126:126 prefill chunk 106/126 (84.1%) chunk=18.45 t/s avg=18.69 t/s 5.670s
0823 21:09:59 ds4-server: chat ctx=0..126:126 prefill chunk 107/126 (84.9%) chunk=17.74 t/s avg=18.68 t/s 5.727s
0823 21:09:59 ds4-server: chat ctx=0..126:126 prefill chunk 108/126 (85.7%) chunk=17.82 t/s avg=18.68 t/s 5.783s
0823 21:10:00 ds4-server: chat ctx=0..126:126 prefill chunk 109/126 (86.5%) chunk=18.00 t/s avg=18.67 t/s 5.839s
0823 21:10:00 ds4-server: chat ctx=0..126:126 prefill chunk 110/126 (87.3%) chunk=17.72 t/s avg=18.66 t/s 5.895s
0823 21:10:00 ds4-server: chat ctx=0..126:126 prefill chunk 111/126 (88.1%) chunk=17.81 t/s avg=18.65 t/s 5.951s
0823 21:10:00 ds4-server: chat ctx=0..126:126 prefill chunk 112/126 (88.9%) chunk=18.71 t/s avg=18.65 t/s 6.005s
0823 21:10:00 ds4-server: chat ctx=0..126:126 prefill chunk 113/126 (89.7%) chunk=18.03 t/s avg=18.65 t/s 6.060s
0823 21:10:00 ds4-server: chat ctx=0..126:126 prefill chunk 114/126 (90.5%) chunk=18.36 t/s avg=18.64 t/s 6.114s
0823 21:10:00 ds4-server: chat ctx=0..126:126 prefill chunk 115/126 (91.3%) chunk=17.53 t/s avg=18.63 t/s 6.172s
0823 21:10:00 ds4-server: chat ctx=0..126:126 prefill chunk 116/126 (92.1%) chunk=17.56 t/s avg=18.62 t/s 6.228s
0823 21:10:00 ds4-server: chat ctx=0..126:126 prefill chunk 117/126 (92.9%) chunk=17.23 t/s avg=18.61 t/s 6.286s
0823 21:10:00 ds4-server: chat ctx=0..126:126 prefill chunk 118/126 (93.7%) chunk=17.73 t/s avg=18.60 t/s 6.343s
0823 21:10:00 ds4-server: chat ctx=0..126:126 prefill chunk 119/126 (94.4%) chunk=18.83 t/s avg=18.61 t/s 6.396s
0823 21:10:00 ds4-server: chat ctx=0..126:126 prefill chunk 120/126 (95.2%) chunk=18.19 t/s avg=18.60 t/s 6.451s
0823 21:10:00 ds4-server: chat ctx=0..126:126 prefill chunk 121/126 (96.0%) chunk=18.27 t/s avg=18.60 t/s 6.506s
0823 21:10:00 ds4-server: chat ctx=0..126:126 prefill chunk 122/126 (96.8%) chunk=17.83 t/s avg=18.59 t/s 6.562s
0823 21:10:00 ds4-server: chat ctx=0..126:126 prefill chunk 123/126 (97.6%) chunk=18.90 t/s avg=18.59 t/s 6.615s
0823 21:10:00 ds4-server: chat ctx=0..126:126 prefill chunk 124/126 (98.4%) chunk=18.67 t/s avg=18.60 t/s 6.668s
0823 21:10:00 ds4-server: chat ctx=0..126:126 prefill chunk 125/126 (99.2%) chunk=19.28 t/s avg=18.60 t/s 6.720s
0823 21:10:00 ds4-server: chat ctx=0..126:126 prefill chunk 126/126 (100.0%) chunk=19.93 t/s avg=18.61 t/s 6.770s
0823 21:10:00 ds4-server: chat ctx=0..126:126 prompt done 6.770s
0823 21:10:03 ds4-server: chat ctx=126..176:50 gen=50 THINKING decoding chunk=18.10 t/s avg=18.10 t/s 2.763s
ds4: qwen35moe experts/token avg over 128 tokens: 0:14.8 1:15.0 2:15.9 3:16.8 4:16.0 5:15.4 6:15.3 7:15.7 8:15.6 9:16.8 10:14.5 11:14.4 12:15.9 13:14.9 14:14.9 15:15.5 16:15.2 17:15.7 18:15.8 19:15.1 20:16.6 21:16.9 22:15.1 23:15.4 24:16.7 25:15.7 26:16.1 27:16.8 28:16.1 29:17.2 30:16.9 31:17.6 32:16.9 33:17.3 34:16.9 35:18.4 36:19.0 37:19.1 38:19.5 39:19.1 | mean 16.3
0823 21:10:06 ds4-server: chat ctx=176..226:50 gen=100 THINKING decoding chunk=17.81 t/s avg=17.95 t/s 5.571s
0823 21:10:09 ds4-server: chat ctx=226..276:50 gen=150 THINKING decoding chunk=17.33 t/s avg=17.74 t/s 8.457s
ds4: qwen35moe experts/token avg over 128 tokens: 0:15.8 1:15.7 2:15.4 3:17.0 4:17.4 5:16.8 6:16.5 7:17.9 8:17.8 9:18.1 10:16.8 11:16.4 12:17.4 13:17.4 14:17.2 15:17.2 16:17.1 17:17.9 18:17.2 19:17.7 20:18.2 21:18.1 22:17.0 23:16.7 24:17.8 25:17.5 26:18.1 27:17.5 28:17.8 29:17.8 30:18.1 31:18.6 32:18.4 33:18.4 34:18.5 35:19.1 36:19.5 37:19.6 38:19.7 39:19.4 | mean 17.7
0823 21:10:12 ds4-server: chat ctx=276..326:50 gen=200 THINKING decoding chunk=17.12 t/s avg=17.58 t/s 11.377s
0823 21:10:15 ds4-server: chat ctx=326..376:50 gen=250 THINKING decoding chunk=17.15 t/s avg=17.49 t/s 14.293s
0823 21:10:18 ds4-server: chat ctx=376..426:50 gen=300 THINKING decoding chunk=16.90 t/s avg=17.39 t/s 17.251s
ds4: qwen35moe experts/token avg over 128 tokens: 0:16.4 1:17.0 2:16.9 3:18.2 4:18.0 5:18.0 6:18.3 7:18.5 8:18.7 9:18.5 10:17.5 11:17.2 12:18.2 13:18.2 14:18.0 15:18.1 16:18.4 17:17.9 18:17.6 19:18.5 20:18.6 21:18.5 22:17.4 23:16.9 24:18.3 25:17.5 26:18.7 27:18.0 28:18.0 29:18.1 30:17.8 31:19.1 32:18.4 33:18.9 34:18.4 35:19.5 36:19.6 37:19.6 38:19.9 39:19.8 | mean 18.2
0823 21:10:21 ds4-server: chat ctx=426..476:50 gen=350 THINKING decoding chunk=16.73 t/s avg=17.29 t/s 20.239s
0823 21:10:24 ds4-server: chat ctx=476..526:50 gen=400 THINKING decoding chunk=16.69 t/s avg=17.22 t/s 23.235s
ds4: qwen35moe experts/token avg over 128 tokens: 0:16.2 1:17.4 2:17.0 3:18.3 4:18.3 5:18.0 6:18.2 7:18.5 8:18.7 9:18.6 10:18.0 11:17.2 12:18.0 13:18.6 14:18.4 15:18.4 16:18.5 17:18.3 18:18.5 19:18.5 20:19.2 21:18.8 22:18.3 23:17.4 24:18.7 25:17.8 26:19.0 27:18.0 28:18.7 29:18.5 30:18.8 31:19.1 32:19.0 33:19.3 34:18.8 35:19.8 36:19.7 37:19.6 38:19.7 39:19.6 | mean 18.5
0823 21:10:27 ds4-server: chat ctx=526..576:50 gen=450 THINKING decoding chunk=16.58 t/s avg=17.14 t/s 26.251s
0823 21:10:30 ds4-server: chat ctx=576..626:50 gen=500 THINKING decoding chunk=16.53 t/s avg=17.08 t/s 29.275s
0823 21:10:33 ds4-server: chat ctx=626..676:50 gen=550 THINKING decoding chunk=16.66 t/s avg=17.04 t/s 32.276s
ds4: qwen35moe experts/token avg over 128 tokens: 0:16.0 1:17.1 2:17.2 3:18.2 4:18.4 5:17.9 6:18.1 7:18.6 8:18.9 9:18.6 10:18.0 11:17.2 12:18.0 13:18.0 14:18.4 15:18.2 16:18.1 17:18.3 18:17.9 19:18.4 20:18.8 21:18.6 22:17.5 23:16.7 24:17.8 25:17.5 26:18.7 27:17.4 28:18.2 29:18.1 30:18.4 31:18.6 32:17.9 33:18.3 34:17.9 35:19.2 36:19.3 37:19.3 38:19.6 39:19.4 | mean 18.2
0823 21:10:36 ds4-server: chat ctx=676..726:50 gen=600 THINKING decoding chunk=16.29 t/s avg=16.97 t/s 35.346s
0823 21:10:39 ds4-server: chat ctx=726..776:50 gen=650 THINKING decoding chunk=16.21 t/s avg=16.91 t/s 38.432s
0823 21:10:42 ds4-server: chat ctx=776..826:50 gen=700 THINKING decoding chunk=16.22 t/s avg=16.86 t/s 41.515s
ds4: qwen35moe experts/token avg over 128 tokens: 0:16.5 1:17.0 2:17.0 3:18.2 4:18.3 5:18.1 6:18.5 7:18.5 8:18.4 9:18.5 10:17.9 11:17.2 12:17.9 13:18.7 14:18.3 15:18.4 16:18.5 17:18.8 18:18.6 19:18.6 20:19.1 21:19.3 22:18.0 23:17.5 24:18.5 25:18.0 26:19.1 27:18.5 28:18.9 29:19.3 30:19.4 31:19.6 32:19.4 33:19.3 34:19.6 35:19.8 36:19.8 37:19.9 38:19.9 39:20.0 | mean 18.6
0823 21:10:45 ds4-server: chat ctx=826..876:50 gen=750 THINKING decoding chunk=16.14 t/s avg=16.81 t/s 44.613s
0823 21:10:48 ds4-server: chat ctx=876..926:50 gen=800 THINKING decoding chunk=15.96 t/s avg=16.76 t/s 47.746s
ds4: qwen35moe experts/token avg over 128 tokens: 0:16.8 1:17.2 2:18.0 3:18.4 4:18.4 5:18.3 6:18.5 7:18.9 8:18.8 9:18.8 10:17.9 11:17.5 12:18.6 13:18.5 14:18.4 15:18.8 16:18.2 17:18.3 18:18.4 19:18.8 20:19.0 21:19.3 22:18.0 23:17.1 24:18.6 25:18.2 26:19.3 27:18.9 28:18.8 29:18.6 30:19.1 31:19.3 32:19.0 33:19.4 34:19.2 35:19.8 36:20.0 37:19.9 38:19.9 39:19.9 | mean 18.7
0823 21:10:51 ds4-server: chat ctx=926..976:50 gen=850 THINKING decoding chunk=15.90 t/s avg=16.70 t/s 50.891s
0823 21:10:54 ds4-server: chat ctx=976..1026:50 gen=900 THINKING decoding chunk=16.13 t/s avg=16.67 t/s 53.990s
0823 21:10:58 ds4-server: chat ctx=1026..1076:50 gen=950 THINKING decoding chunk=15.89 t/s avg=16.63 t/s 57.137s
ds4: qwen35moe experts/token avg over 128 tokens: 0:16.8 1:16.7 2:17.2 3:17.9 4:18.0 5:18.0 6:18.2 7:18.3 8:18.5 9:18.4 10:18.0 11:17.1 12:18.2 13:18.0 14:17.9 15:17.9 16:16.9 17:17.7 18:17.3 19:18.1 20:18.7 21:18.7 22:17.3 23:16.6 24:18.3 25:17.9 26:18.4 27:18.5 28:18.2 29:18.1 30:18.5 31:18.8 32:17.9 33:18.6 34:18.3 35:19.4 36:19.4 37:19.5 38:19.6 39:19.4 | mean 18.1
0823 21:11:01 ds4-server: chat ctx=1076..1126:50 gen=1000 THINKING decoding chunk=15.87 t/s avg=16.59 t/s 60.288s
0823 21:11:04 ds4-server: chat ctx=1126..1176:50 gen=1050 THINKING decoding chunk=16.14 t/s avg=16.57 t/s 63.387s
ds4: qwen35moe experts/token avg over 128 tokens: 0:15.6 1:16.0 2:16.7 3:17.4 4:17.5 5:17.0 6:17.2 7:17.9 8:18.4 9:18.3 10:17.0 11:16.9 12:17.2 13:17.4 14:17.5 15:16.9 16:16.5 17:17.1 18:16.2 19:16.9 20:18.6 21:18.1 22:16.3 23:16.1 24:17.0 25:16.4 26:17.6 27:17.2 28:17.2 29:17.5 30:17.8 31:18.1 32:17.3 33:17.7 34:17.0 35:18.6 36:18.6 37:18.9 38:19.2 39:18.9 | mean 17.4
0823 21:11:07 ds4-server: chat ctx=1176..1226:50 gen=1100 THINKING decoding chunk=15.84 t/s avg=16.53 t/s 66.543s
0823 21:11:10 ds4-server: chat ctx=1226..1276:50 gen=1150 THINKING decoding chunk=15.74 t/s avg=16.49 t/s 69.721s
0823 21:11:13 ds4-server: chat ctx=1276..1326:50 gen=1200 THINKING decoding chunk=15.52 t/s avg=16.45 t/s 72.943s
ds4: qwen35moe experts/token avg over 128 tokens: 0:16.9 1:17.1 2:17.5 3:18.5 4:17.9 5:18.1 6:17.9 7:18.5 8:18.9 9:18.7 10:18.0 11:17.7 12:18.0 13:18.2 14:18.3 15:18.1 16:17.9 17:17.9 18:17.7 19:18.1 20:18.7 21:18.8 22:17.2 23:16.7 24:18.4 25:16.8 26:18.6 27:17.1 28:18.2 29:17.6 30:17.9 31:18.5 32:17.4 33:18.7 34:17.5 35:19.4 36:19.4 37:19.3 38:19.6 39:19.3 | mean 18.1
0823 21:11:17 ds4-server: chat ctx=1326..1376:50 gen=1250 THINKING decoding chunk=15.47 t/s avg=16.41 t/s 76.176s
0823 21:11:20 ds4-server: chat ctx=1376..1426:50 gen=1300 THINKING decoding chunk=15.64 t/s avg=16.38 t/s 79.373s
ds4: qwen35moe experts/token avg over 128 tokens: 0:15.7 1:16.4 2:16.4 3:17.5 4:17.0 5:17.2 6:17.5 7:17.7 8:18.4 9:18.1 10:16.8 11:16.5 12:17.5 13:17.6 14:17.9 15:18.0 16:17.7 17:17.9 18:17.5 19:18.1 20:18.3 21:18.2 22:16.6 23:16.9 24:17.9 25:17.5 26:18.1 27:17.8 28:17.7 29:17.4 30:18.0 31:18.6 32:17.5 33:17.6 34:17.7 35:19.0 36:18.9 37:19.4 38:19.5 39:18.9 | mean 17.7
0823 21:11:23 ds4-server: chat ctx=1426..1476:50 gen=1350 THINKING decoding chunk=15.58 t/s avg=16.35 t/s 82.582s
0823 21:11:26 ds4-server: chat ctx=1476..1526:50 gen=1400 THINKING decoding chunk=15.58 t/s avg=16.32 t/s 85.791s
0823 21:11:30 ds4-server: chat ctx=1526..1576:50 gen=1450 THINKING decoding chunk=15.27 t/s avg=16.28 t/s 89.066s
ds4: qwen35moe experts/token avg over 128 tokens: 0:15.5 1:16.8 2:16.0 3:17.4 4:17.2 5:16.9 6:16.5 7:18.2 8:18.2 9:17.9 10:16.2 11:16.3 12:17.3 13:17.5 14:17.4 15:17.5 16:17.4 17:17.9 18:17.2 19:17.5 20:18.6 21:18.3 22:17.1 23:16.7 24:18.1 25:17.3 26:17.9 27:17.9 28:17.6 29:17.7 30:18.0 31:18.3 32:17.6 33:17.8 34:17.3 35:18.6 36:19.0 37:19.1 38:19.3 39:18.8 | mean 17.6
0823 21:11:33 ds4-server: chat ctx=1576..1626:50 gen=1500 THINKING decoding chunk=15.20 t/s avg=16.24 t/s 92.355s
0823 21:11:36 ds4-server: chat ctx=1626..1676:50 gen=1550 THINKING decoding chunk=15.01 t/s avg=16.20 t/s 95.687s
0823 21:11:39 ds4-server: chat ctx=1676..1726:50 gen=1600 THINKING decoding chunk=15.12 t/s avg=16.16 t/s 98.993s
ds4: qwen35moe experts/token avg over 128 tokens: 0:16.6 1:17.3 2:17.4 3:18.2 4:18.0 5:18.1 6:18.4 7:18.6 8:18.8 9:18.6 10:17.8 11:17.3 12:18.6 13:18.7 14:18.6 15:18.6 16:18.4 17:18.6 18:18.2 19:18.7 20:19.3 21:18.5 22:17.5 23:16.7 24:18.5 25:17.8 26:18.4 27:17.7 28:18.1 29:17.9 30:18.3 31:18.8 32:17.7 33:18.5 34:17.9 35:19.3 36:19.3 37:19.1 38:19.5 39:19.4 | mean 18.3
0823 21:11:43 ds4-server: chat ctx=1726..1776:50 gen=1650 THINKING decoding chunk=14.87 t/s avg=16.12 t/s 102.355s
0823 21:11:46 ds4-server: chat ctx=1776..1826:50 gen=1700 THINKING decoding chunk=14.83 t/s avg=16.08 t/s 105.728s
ds4: qwen35moe experts/token avg over 128 tokens: 0:17.1 1:17.8 2:17.5 3:18.5 4:18.2 5:18.1 6:18.5 7:18.8 8:19.0 9:18.8 10:18.0 11:17.9 12:18.5 13:18.5 14:19.1 15:19.0 16:18.7 17:18.7 18:19.0 19:19.0 20:19.2 21:18.6 22:18.1 23:17.6 24:18.8 25:18.0 26:18.6 27:18.4 28:19.0 29:18.3 30:18.5 31:19.1 32:17.7 33:18.4 34:18.0 35:19.1 36:19.4 37:19.3 38:19.8 39:19.4 | mean 18.6
0823 21:11:50 ds4-server: chat ctx=1826..1876:50 gen=1750 THINKING decoding chunk=14.68 t/s avg=16.04 t/s 109.135s
0823 21:11:53 ds4-server: chat ctx=1876..1926:50 gen=1800 THINKING decoding chunk=14.73 t/s avg=16.00 t/s 112.530s
0823 21:11:56 ds4-server: chat ctx=1926..1976:50 gen=1850 THINKING decoding chunk=14.71 t/s avg=15.96 t/s 115.929s
ds4: qwen35moe experts/token avg over 128 tokens: 0:16.1 1:17.0 2:17.1 3:17.8 4:18.0 5:18.4 6:18.3 7:18.9 8:19.1 9:18.6 10:18.1 11:17.0 12:18.6 13:18.5 14:18.3 15:18.6 16:18.0 17:18.2 18:18.1 19:18.7 20:18.9 21:19.3 22:17.2 23:17.5 24:18.5 25:18.3 26:18.5 27:17.8 28:17.9 29:18.1 30:18.2 31:18.6 32:17.3 33:17.9 34:17.8 35:19.0 36:19.0 37:19.1 38:19.4 39:18.5 | mean 18.2
0823 21:12:00 ds4-server: chat ctx=1976..2026:50 gen=1900 decoding chunk=14.98 t/s avg=15.93 t/s 119.265s
0823 21:12:03 ds4-server: chat ctx=2026..2076:50 gen=1950 decoding chunk=14.61 t/s avg=15.89 t/s 122.687s
ds4: qwen35moe experts/token avg over 128 tokens: 0:15.5 1:16.1 2:15.7 3:17.0 4:17.1 5:16.9 6:16.9 7:18.2 8:18.5 9:18.2 10:17.1 11:16.7 12:17.9 13:17.8 14:18.3 15:18.0 16:17.7 17:18.4 18:17.9 19:18.0 20:18.6 21:18.1 22:17.3 23:17.0 24:18.3 25:18.0 26:18.0 27:18.0 28:17.9 29:17.9 30:18.0 31:18.0 32:17.2 33:18.0 34:17.6 35:18.6 36:19.4 37:19.4 38:19.4 39:19.3 | mean 17.8
0823 21:12:07 ds4-server: chat ctx=2076..2126:50 gen=2000 decoding chunk=14.56 t/s avg=15.86 t/s 126.121s
0823 21:12:10 ds4-server: chat ctx=2126..2176:50 gen=2050 decoding chunk=14.38 t/s avg=15.82 t/s 129.597s
0823 21:12:14 ds4-server: chat ctx=2176..2226:50 gen=2100 decoding chunk=14.19 t/s avg=15.78 t/s 133.119s
ds4: qwen35moe experts/token avg over 128 tokens: 0:16.5 1:16.7 2:17.5 3:17.3 4:18.2 5:18.7 6:18.3 7:18.6 8:18.8 9:18.7 10:18.0 11:17.6 12:18.6 13:19.0 14:19.5 15:19.6 16:19.3 17:19.3 18:18.5 19:19.5 20:19.5 21:19.4 22:18.5 23:17.9 24:18.9 25:18.8 26:19.0 27:18.7 28:18.8 29:18.7 30:18.6 31:19.3 32:18.5 33:19.0 34:19.0 35:19.5 36:19.8 37:19.8 38:19.9 39:19.8 | mean 18.7
0823 21:12:17 ds4-server: chat ctx=2226..2276:50 gen=2150 decoding chunk=14.15 t/s avg=15.73 t/s 136.652s
0823 21:12:21 ds4-server: chat ctx=2276..2326:50 gen=2200 decoding chunk=14.09 t/s avg=15.69 t/s 140.201s
ds4: qwen35moe experts/token avg over 128 tokens: 0:16.8 1:17.4 2:17.9 3:17.9 4:18.6 5:18.7 6:18.8 7:18.8 8:19.0 9:18.5 10:17.9 11:18.3 12:18.8 13:18.9 14:19.7 15:19.8 16:19.6 17:19.8 18:19.5 19:19.8 20:19.5 21:19.7 22:18.9 23:18.7 24:19.3 25:19.1 26:19.6 27:19.4 28:19.7 29:19.1 30:19.5 31:19.8 32:19.5 33:19.7 34:19.4 35:19.8 36:19.9 37:19.8 38:19.9 39:19.9 | mean 19.1
0823 21:12:24 ds4-server: chat ctx=2326..2376:50 gen=2250 decoding chunk=14.02 t/s avg=15.65 t/s 143.768s
0823 21:12:28 ds4-server: chat ctx=2376..2426:50 gen=2300 decoding chunk=13.96 t/s avg=15.61 t/s 147.349s
0823 21:12:31 ds4-server: chat ctx=2426..2476:50 gen=2350 decoding chunk=13.99 t/s avg=15.57 t/s 150.923s
ds4: qwen35moe experts/token avg over 128 tokens: 0:16.8 1:17.1 2:17.7 3:17.9 4:18.5 5:18.8 6:19.0 7:19.0 8:19.2 9:18.6 10:18.2 11:18.2 12:18.8 13:19.4 14:19.6 15:19.8 16:19.4 17:19.4 18:19.3 19:19.4 20:19.8 21:19.7 22:18.9 23:18.7 24:19.3 25:18.9 26:19.5 27:19.3 28:19.6 29:18.9 30:19.4 31:19.4 32:19.1 33:19.4 34:19.3 35:19.8 36:19.9 37:19.8 38:20.0 39:19.8 | mean 19.1
0823 21:12:35 ds4-server: chat ctx=2476..2526:50 gen=2400 decoding chunk=13.79 t/s avg=15.53 t/s 154.549s
0823 21:12:38 ds4-server: chat ctx=2526..2573:47 gen=2447 decoding chunk=13.95 t/s avg=15.50 t/s 157.917s
0823 21:12:38 ds4-server: thinking live checkpoint remembered ctx=0..126:126 live=2573 visible=1426
0823 21:12:38 ds4-server: chat ctx=0..126:126 gen=2447 finish=stop 164.687s
0823 21:12:38 ds4-server: live kv cache miss live=2573 prompt=137 common=56 reason=token-mismatch
0823 21:12:38 ds4-server: chat ctx=0..137:137 prompt start
0823 21:12:38 ds4-server: chat ctx=0..137:137 prefill chunk 1/137 (0.7%) chunk=0.00 t/s avg=19.39 t/s 0.052s
0823 21:12:38 ds4-server: chat ctx=0..137:137 prefill chunk 2/137 (1.5%) chunk=19.46 t/s avg=19.43 t/s 0.103s
0823 21:12:39 ds4-server: chat ctx=0..137:137 prefill chunk 3/137 (2.2%) chunk=19.62 t/s avg=19.49 t/s 0.154s
0823 21:12:39 ds4-server: chat ctx=0..137:137 prefill chunk 4/137 (2.9%) chunk=19.60 t/s avg=19.52 t/s 0.205s
0823 21:12:39 ds4-server: chat ctx=0..137:137 prefill chunk 5/137 (3.6%) chunk=18.77 t/s avg=19.36 t/s 0.258s
0823 21:12:39 ds4-server: chat ctx=0..137:137 prefill chunk 6/137 (4.4%) chunk=19.69 t/s avg=19.42 t/s 0.309s
0823 21:12:39 ds4-server: chat ctx=0..137:137 prefill chunk 7/137 (5.1%) chunk=18.92 t/s avg=19.34 t/s 0.362s
0823 21:12:39 ds4-server: chat ctx=0..137:137 prefill chunk 8/137 (5.8%) chunk=19.44 t/s avg=19.36 t/s 0.413s
0823 21:12:39 ds4-server: chat ctx=0..137:137 prefill chunk 9/137 (6.6%) chunk=19.28 t/s avg=19.35 t/s 0.465s
0823 21:12:39 ds4-server: chat ctx=0..137:137 prefill chunk 10/137 (7.3%) chunk=19.62 t/s avg=19.37 t/s 0.516s
0823 21:12:39 ds4-server: chat ctx=0..137:137 prefill chunk 11/137 (8.0%) chunk=19.05 t/s avg=19.34 t/s 0.569s
0823 21:12:39 ds4-server: chat ctx=0..137:137 prefill chunk 12/137 (8.8%) chunk=18.70 t/s avg=19.29 t/s 0.622s
0823 21:12:39 ds4-server: chat ctx=0..137:137 prefill chunk 13/137 (9.5%) chunk=19.16 t/s avg=19.28 t/s 0.674s
0823 21:12:39 ds4-server: chat ctx=0..137:137 prefill chunk 14/137 (10.2%) chunk=18.29 t/s avg=19.21 t/s 0.729s
0823 21:12:39 ds4-server: chat ctx=0..137:137 prefill chunk 15/137 (10.9%) chunk=18.99 t/s avg=19.19 t/s 0.782s
0823 21:12:39 ds4-server: chat ctx=0..137:137 prefill chunk 16/137 (11.7%) chunk=18.42 t/s avg=19.14 t/s 0.836s
0823 21:12:39 ds4-server: chat ctx=0..137:137 prefill chunk 17/137 (12.4%) chunk=18.55 t/s avg=19.10 t/s 0.890s
0823 21:12:39 ds4-server: chat ctx=0..137:137 prefill chunk 18/137 (13.1%) chunk=19.41 t/s avg=19.12 t/s 0.941s
0823 21:12:39 ds4-server: chat ctx=0..137:137 prefill chunk 19/137 (13.9%) chunk=18.28 t/s avg=19.08 t/s 0.996s
0823 21:12:39 ds4-server: chat ctx=0..137:137 prefill chunk 20/137 (14.6%) chunk=18.56 t/s avg=19.05 t/s 1.050s
0823 21:12:39 ds4-server: chat ctx=0..137:137 prefill chunk 21/137 (15.3%) chunk=18.70 t/s avg=19.03 t/s 1.103s
0823 21:12:40 ds4-server: chat ctx=0..137:137 prefill chunk 22/137 (16.1%) chunk=18.76 t/s avg=19.02 t/s 1.157s
0823 21:12:40 ds4-server: chat ctx=0..137:137 prefill chunk 23/137 (16.8%) chunk=19.79 t/s avg=19.05 t/s 1.207s
0823 21:12:40 ds4-server: chat ctx=0..137:137 prefill chunk 24/137 (17.5%) chunk=18.88 t/s avg=19.04 t/s 1.260s
0823 21:12:40 ds4-server: chat ctx=0..137:137 prefill chunk 25/137 (18.2%) chunk=19.80 t/s avg=19.07 t/s 1.311s
0823 21:12:40 ds4-server: chat ctx=0..137:137 prefill chunk 26/137 (19.0%) chunk=18.77 t/s avg=19.06 t/s 1.364s
0823 21:12:40 ds4-server: chat ctx=0..137:137 prefill chunk 27/137 (19.7%) chunk=19.45 t/s avg=19.08 t/s 1.415s
0823 21:12:40 ds4-server: chat ctx=0..137:137 prefill chunk 28/137 (20.4%) chunk=18.75 t/s avg=19.06 t/s 1.469s
0823 21:12:40 ds4-server: chat ctx=0..137:137 prefill chunk 29/137 (21.2%) chunk=18.34 t/s avg=19.04 t/s 1.523s
0823 21:12:40 ds4-server: chat ctx=0..137:137 prefill chunk 30/137 (21.9%) chunk=19.11 t/s avg=19.04 t/s 1.576s
0823 21:12:40 ds4-server: chat ctx=0..137:137 prefill chunk 31/137 (22.6%) chunk=18.19 t/s avg=19.01 t/s 1.631s
0823 21:12:40 ds4-server: chat ctx=0..137:137 prefill chunk 32/137 (23.4%) chunk=18.83 t/s avg=19.01 t/s 1.684s
0823 21:12:40 ds4-server: chat ctx=0..137:137 prefill chunk 33/137 (24.1%) chunk=18.68 t/s avg=19.00 t/s 1.737s
0823 21:12:40 ds4-server: chat ctx=0..137:137 prefill chunk 34/137 (24.8%) chunk=18.48 t/s avg=18.98 t/s 1.791s
0823 21:12:40 ds4-server: chat ctx=0..137:137 prefill chunk 35/137 (25.5%) chunk=18.49 t/s avg=18.97 t/s 1.845s
0823 21:12:40 ds4-server: chat ctx=0..137:137 prefill chunk 36/137 (26.3%) chunk=18.09 t/s avg=18.94 t/s 1.901s
0823 21:12:40 ds4-server: chat ctx=0..137:137 prefill chunk 37/137 (27.0%) chunk=17.64 t/s avg=18.90 t/s 1.957s
0823 21:12:40 ds4-server: chat ctx=0..137:137 prefill chunk 38/137 (27.7%) chunk=18.10 t/s avg=18.88 t/s 2.013s
0823 21:12:40 ds4-server: chat ctx=0..137:137 prefill chunk 39/137 (28.5%) chunk=17.83 t/s avg=18.85 t/s 2.069s
0823 21:12:41 ds4-server: chat ctx=0..137:137 prefill chunk 40/137 (29.2%) chunk=18.38 t/s avg=18.84 t/s 2.123s
0823 21:12:41 ds4-server: chat ctx=0..137:137 prefill chunk 41/137 (29.9%) chunk=18.81 t/s avg=18.84 t/s 2.176s
0823 21:12:41 ds4-server: chat ctx=0..137:137 prefill chunk 42/137 (30.7%) chunk=18.19 t/s avg=18.82 t/s 2.231s
0823 21:12:41 ds4-server: chat ctx=0..137:137 prefill chunk 43/137 (31.4%) chunk=19.40 t/s avg=18.84 t/s 2.283s
0823 21:12:41 ds4-server: chat ctx=0..137:137 prefill chunk 44/137 (32.1%) chunk=18.77 t/s avg=18.84 t/s 2.336s
0823 21:12:41 ds4-server: chat ctx=0..137:137 prefill chunk 45/137 (32.8%) chunk=18.30 t/s avg=18.82 t/s 2.391s
0823 21:12:41 ds4-server: chat ctx=0..137:137 prefill chunk 46/137 (33.6%) chunk=18.69 t/s avg=18.82 t/s 2.444s
0823 21:12:41 ds4-server: chat ctx=0..137:137 prefill chunk 47/137 (34.3%) chunk=17.83 t/s avg=18.80 t/s 2.500s
0823 21:12:41 ds4-server: chat ctx=0..137:137 prefill chunk 48/137 (35.0%) chunk=19.09 t/s avg=18.80 t/s 2.553s
0823 21:12:41 ds4-server: chat ctx=0..137:137 prefill chunk 49/137 (35.8%) chunk=18.94 t/s avg=18.81 t/s 2.605s
0823 21:12:41 ds4-server: chat ctx=0..137:137 prefill chunk 50/137 (36.5%) chunk=18.35 t/s avg=18.80 t/s 2.660s
ds4: qwen35moe experts/token avg over 128 tokens: 0:15.0 1:15.9 2:16.1 3:16.3 4:16.9 5:16.9 6:16.5 7:17.6 8:17.9 9:17.3 10:16.3 11:16.4 12:17.4 13:17.5 14:17.5 15:17.3 16:17.1 17:17.0 18:17.0 19:17.0 20:17.7 21:17.6 22:16.6 23:16.2 24:16.8 25:16.9 26:16.9 27:17.1 28:17.1 29:16.9 30:16.5 31:17.6 32:17.3 33:17.8 34:17.5 35:18.8 36:18.9 37:19.3 38:19.5 39:19.2 | mean 17.2
0823 21:12:41 ds4-server: chat ctx=0..137:137 prefill chunk 51/137 (37.2%) chunk=19.55 t/s avg=18.81 t/s 2.711s
0823 21:12:41 ds4-server: chat ctx=0..137:137 prefill chunk 52/137 (38.0%) chunk=17.95 t/s avg=18.79 t/s 2.767s
0823 21:12:41 ds4-server: chat ctx=0..137:137 prefill chunk 53/137 (38.7%) chunk=19.44 t/s avg=18.81 t/s 2.818s
0823 21:12:41 ds4-server: chat ctx=0..137:137 prefill chunk 54/137 (39.4%) chunk=18.99 t/s avg=18.81 t/s 2.871s
0823 21:12:41 ds4-server: chat ctx=0..137:137 prefill chunk 55/137 (40.1%) chunk=19.23 t/s avg=18.82 t/s 2.923s
0823 21:12:41 ds4-server: chat ctx=0..137:137 prefill chunk 56/137 (40.9%) chunk=20.58 t/s avg=18.85 t/s 2.971s
0823 21:12:41 ds4-server: chat ctx=0..137:137 prefill chunk 57/137 (41.6%) chunk=19.13 t/s avg=18.85 t/s 3.024s
0823 21:12:41 ds4-server: chat ctx=0..137:137 prefill chunk 58/137 (42.3%) chunk=19.21 t/s avg=18.86 t/s 3.076s
0823 21:12:42 ds4-server: chat ctx=0..137:137 prefill chunk 59/137 (43.1%) chunk=18.58 t/s avg=18.85 t/s 3.130s
0823 21:12:42 ds4-server: chat ctx=0..137:137 prefill chunk 60/137 (43.8%) chunk=19.13 t/s avg=18.86 t/s 3.182s
0823 21:12:42 ds4-server: chat ctx=0..137:137 prefill chunk 61/137 (44.5%) chunk=18.44 t/s avg=18.85 t/s 3.236s
0823 21:12:42 ds4-server: chat ctx=0..137:137 prefill chunk 62/137 (45.3%) chunk=18.27 t/s avg=18.84 t/s 3.291s
0823 21:12:42 ds4-server: chat ctx=0..137:137 prefill chunk 63/137 (46.0%) chunk=19.16 t/s avg=18.85 t/s 3.343s
0823 21:12:42 ds4-server: chat ctx=0..137:137 prefill chunk 64/137 (46.7%) chunk=18.42 t/s avg=18.84 t/s 3.397s
0823 21:12:42 ds4-server: chat ctx=0..137:137 prefill chunk 65/137 (47.4%) chunk=19.18 t/s avg=18.84 t/s 3.449s
0823 21:12:42 ds4-server: chat ctx=0..137:137 prefill chunk 66/137 (48.2%) chunk=18.84 t/s avg=18.84 t/s 3.503s
0823 21:12:42 ds4-server: chat ctx=0..137:137 prefill chunk 67/137 (48.9%) chunk=17.97 t/s avg=18.83 t/s 3.558s
0823 21:12:42 ds4-server: chat ctx=0..137:137 prefill chunk 68/137 (49.6%) chunk=19.23 t/s avg=18.84 t/s 3.610s
0823 21:12:42 ds4-server: chat ctx=0..137:137 prefill chunk 69/137 (50.4%) chunk=18.59 t/s avg=18.83 t/s 3.664s
0823 21:12:42 ds4-server: chat ctx=0..137:137 prefill chunk 70/137 (51.1%) chunk=19.34 t/s avg=18.84 t/s 3.716s
0823 21:12:42 ds4-server: chat ctx=0..137:137 prefill chunk 71/137 (51.8%) chunk=18.86 t/s avg=18.84 t/s 3.769s
0823 21:12:42 ds4-server: chat ctx=0..137:137 prefill chunk 72/137 (52.6%) chunk=18.27 t/s avg=18.83 t/s 3.823s
0823 21:12:42 ds4-server: chat ctx=0..137:137 prefill chunk 73/137 (53.3%) chunk=18.69 t/s avg=18.83 t/s 3.877s
0823 21:12:42 ds4-server: chat ctx=0..137:137 prefill chunk 74/137 (54.0%) chunk=18.12 t/s avg=18.82 t/s 3.932s
0823 21:12:42 ds4-server: chat ctx=0..137:137 prefill chunk 75/137 (54.7%) chunk=18.29 t/s avg=18.81 t/s 3.987s
0823 21:12:42 ds4-server: chat ctx=0..137:137 prefill chunk 76/137 (55.5%) chunk=18.82 t/s avg=18.81 t/s 4.040s
0823 21:12:42 ds4-server: chat ctx=0..137:137 prefill chunk 77/137 (56.2%) chunk=18.38 t/s avg=18.81 t/s 4.094s
0823 21:12:43 ds4-server: chat ctx=0..137:137 prefill chunk 78/137 (56.9%) chunk=18.83 t/s avg=18.81 t/s 4.147s
0823 21:12:43 ds4-server: chat ctx=0..137:137 prefill chunk 79/137 (57.7%) chunk=18.21 t/s avg=18.80 t/s 4.202s
0823 21:12:43 ds4-server: chat ctx=0..137:137 prefill chunk 80/137 (58.4%) chunk=18.09 t/s avg=18.79 t/s 4.258s
0823 21:12:43 ds4-server: chat ctx=0..137:137 prefill chunk 81/137 (59.1%) chunk=18.79 t/s avg=18.79 t/s 4.311s
0823 21:12:43 ds4-server: chat ctx=0..137:137 prefill chunk 82/137 (59.9%) chunk=18.62 t/s avg=18.79 t/s 4.365s
0823 21:12:43 ds4-server: chat ctx=0..137:137 prefill chunk 83/137 (60.6%) chunk=18.12 t/s avg=18.78 t/s 4.420s
0823 21:12:43 ds4-server: chat ctx=0..137:137 prefill chunk 84/137 (61.3%) chunk=18.55 t/s avg=18.78 t/s 4.474s
0823 21:12:43 ds4-server: chat ctx=0..137:137 prefill chunk 85/137 (62.0%) chunk=18.37 t/s avg=18.77 t/s 4.528s
0823 21:12:43 ds4-server: chat ctx=0..137:137 prefill chunk 86/137 (62.8%) chunk=19.06 t/s avg=18.78 t/s 4.581s
0823 21:12:43 ds4-server: chat ctx=0..137:137 prefill chunk 87/137 (63.5%) chunk=17.89 t/s avg=18.76 t/s 4.636s
0823 21:12:43 ds4-server: chat ctx=0..137:137 prefill chunk 88/137 (64.2%) chunk=18.38 t/s avg=18.76 t/s 4.691s
0823 21:12:43 ds4-server: chat ctx=0..137:137 prefill chunk 89/137 (65.0%) chunk=19.25 t/s avg=18.77 t/s 4.743s
0823 21:12:43 ds4-server: chat ctx=0..137:137 prefill chunk 90/137 (65.7%) chunk=17.86 t/s avg=18.75 t/s 4.799s
0823 21:12:43 ds4-server: chat ctx=0..137:137 prefill chunk 91/137 (66.4%) chunk=17.98 t/s avg=18.75 t/s 4.854s
0823 21:12:43 ds4-server: chat ctx=0..137:137 prefill chunk 92/137 (67.2%) chunk=18.66 t/s avg=18.74 t/s 4.908s
0823 21:12:43 ds4-server: chat ctx=0..137:137 prefill chunk 93/137 (67.9%) chunk=18.18 t/s avg=18.74 t/s 4.963s
0823 21:12:43 ds4-server: chat ctx=0..137:137 prefill chunk 94/137 (68.6%) chunk=18.70 t/s avg=18.74 t/s 5.016s
0823 21:12:43 ds4-server: chat ctx=0..137:137 prefill chunk 95/137 (69.3%) chunk=18.34 t/s avg=18.73 t/s 5.071s
0823 21:12:44 ds4-server: chat ctx=0..137:137 prefill chunk 96/137 (70.1%) chunk=18.25 t/s avg=18.73 t/s 5.126s
0823 21:12:44 ds4-server: chat ctx=0..137:137 prefill chunk 97/137 (70.8%) chunk=19.03 t/s avg=18.73 t/s 5.178s
0823 21:12:44 ds4-server: chat ctx=0..137:137 prefill chunk 98/137 (71.5%) chunk=18.03 t/s avg=18.72 t/s 5.234s
0823 21:12:44 ds4-server: chat ctx=0..137:137 prefill chunk 99/137 (72.3%) chunk=17.91 t/s avg=18.72 t/s 5.290s
0823 21:12:44 ds4-server: chat ctx=0..137:137 prefill chunk 100/137 (73.0%) chunk=18.20 t/s avg=18.71 t/s 5.345s
0823 21:12:44 ds4-server: chat ctx=0..137:137 prefill chunk 101/137 (73.7%) chunk=17.81 t/s avg=18.70 t/s 5.401s
0823 21:12:44 ds4-server: chat ctx=0..137:137 prefill chunk 102/137 (74.5%) chunk=18.48 t/s avg=18.70 t/s 5.455s
0823 21:12:44 ds4-server: chat ctx=0..137:137 prefill chunk 103/137 (75.2%) chunk=17.63 t/s avg=18.69 t/s 5.512s
0823 21:12:44 ds4-server: chat ctx=0..137:137 prefill chunk 104/137 (75.9%) chunk=17.80 t/s avg=18.68 t/s 5.568s
0823 21:12:44 ds4-server: chat ctx=0..137:137 prefill chunk 105/137 (76.6%) chunk=17.66 t/s avg=18.67 t/s 5.624s
0823 21:12:44 ds4-server: chat ctx=0..137:137 prefill chunk 106/137 (77.4%) chunk=19.38 t/s avg=18.68 t/s 5.676s
0823 21:12:44 ds4-server: chat ctx=0..137:137 prefill chunk 107/137 (78.1%) chunk=19.00 t/s avg=18.68 t/s 5.729s
0823 21:12:44 ds4-server: chat ctx=0..137:137 prefill chunk 108/137 (78.8%) chunk=19.17 t/s avg=18.68 t/s 5.781s
0823 21:12:44 ds4-server: chat ctx=0..137:137 prefill chunk 109/137 (79.6%) chunk=18.12 t/s avg=18.68 t/s 5.836s
0823 21:12:44 ds4-server: chat ctx=0..137:137 prefill chunk 110/137 (80.3%) chunk=18.32 t/s avg=18.67 t/s 5.891s
0823 21:12:44 ds4-server: chat ctx=0..137:137 prefill chunk 111/137 (81.0%) chunk=18.44 t/s avg=18.67 t/s 5.945s
0823 21:12:44 ds4-server: chat ctx=0..137:137 prefill chunk 112/137 (81.8%) chunk=18.02 t/s avg=18.67 t/s 6.000s
0823 21:12:44 ds4-server: chat ctx=0..137:137 prefill chunk 113/137 (82.5%) chunk=17.99 t/s avg=18.66 t/s 6.056s
0823 21:12:44 ds4-server: chat ctx=0..137:137 prefill chunk 114/137 (83.2%) chunk=18.57 t/s avg=18.66 t/s 6.110s
0823 21:12:45 ds4-server: chat ctx=0..137:137 prefill chunk 115/137 (83.9%) chunk=17.65 t/s avg=18.65 t/s 6.166s
0823 21:12:45 ds4-server: chat ctx=0..137:137 prefill chunk 116/137 (84.7%) chunk=17.80 t/s avg=18.64 t/s 6.222s
0823 21:12:45 ds4-server: chat ctx=0..137:137 prefill chunk 117/137 (85.4%) chunk=18.34 t/s avg=18.64 t/s 6.277s
0823 21:12:45 ds4-server: chat ctx=0..137:137 prefill chunk 118/137 (86.1%) chunk=17.73 t/s avg=18.63 t/s 6.333s
0823 21:12:45 ds4-server: chat ctx=0..137:137 prefill chunk 119/137 (86.9%) chunk=17.74 t/s avg=18.62 t/s 6.390s
0823 21:12:45 ds4-server: chat ctx=0..137:137 prefill chunk 120/137 (87.6%) chunk=18.24 t/s avg=18.62 t/s 6.445s
0823 21:12:45 ds4-server: chat ctx=0..137:137 prefill chunk 121/137 (88.3%) chunk=17.66 t/s avg=18.61 t/s 6.501s
0823 21:12:45 ds4-server: chat ctx=0..137:137 prefill chunk 122/137 (89.1%) chunk=17.29 t/s avg=18.60 t/s 6.559s
0823 21:12:45 ds4-server: chat ctx=0..137:137 prefill chunk 123/137 (89.8%) chunk=17.81 t/s avg=18.59 t/s 6.615s
0823 21:12:45 ds4-server: chat ctx=0..137:137 prefill chunk 124/137 (90.5%) chunk=17.57 t/s avg=18.58 t/s 6.672s
0823 21:12:45 ds4-server: chat ctx=0..137:137 prefill chunk 125/137 (91.2%) chunk=17.77 t/s avg=18.58 t/s 6.728s
0823 21:12:45 ds4-server: chat ctx=0..137:137 prefill chunk 126/137 (92.0%) chunk=18.04 t/s avg=18.57 t/s 6.784s
0823 21:12:45 ds4-server: chat ctx=0..137:137 prefill chunk 127/137 (92.7%) chunk=17.51 t/s avg=18.56 t/s 6.841s
0823 21:12:45 ds4-server: chat ctx=0..137:137 prefill chunk 128/137 (93.4%) chunk=17.26 t/s avg=18.55 t/s 6.899s
0823 21:12:45 ds4-server: chat ctx=0..137:137 prefill chunk 129/137 (94.2%) chunk=17.34 t/s avg=18.54 t/s 6.957s
0823 21:12:45 ds4-server: chat ctx=0..137:137 prefill chunk 130/137 (94.9%) chunk=17.85 t/s avg=18.54 t/s 7.013s
0823 21:12:45 ds4-server: chat ctx=0..137:137 prefill chunk 131/137 (95.6%) chunk=18.21 t/s avg=18.54 t/s 7.068s
0823 21:12:46 ds4-server: chat ctx=0..137:137 prefill chunk 132/137 (96.4%) chunk=17.84 t/s avg=18.53 t/s 7.124s
0823 21:12:46 ds4-server: chat ctx=0..137:137 prefill chunk 133/137 (97.1%) chunk=18.84 t/s avg=18.53 t/s 7.177s
0823 21:12:46 ds4-server: chat ctx=0..137:137 prefill chunk 134/137 (97.8%) chunk=18.86 t/s avg=18.53 t/s 7.230s
0823 21:12:46 ds4-server: chat ctx=0..137:137 prefill chunk 135/137 (98.5%) chunk=18.29 t/s avg=18.53 t/s 7.284s
0823 21:12:46 ds4-server: chat ctx=0..137:137 prefill chunk 136/137 (99.3%) chunk=19.53 t/s avg=18.54 t/s 7.336s
0823 21:12:46 ds4-server: chat ctx=0..137:137 prefill chunk 137/137 (100.0%) chunk=19.76 t/s avg=18.55 t/s 7.386s
0823 21:12:46 ds4-server: chat ctx=0..137:137 prompt done 7.386s
ds4: qwen35moe experts/token avg over 128 tokens: 0:13.7 1:13.6 2:14.2 3:15.9 4:14.9 5:15.5 6:14.9 7:15.0 8:16.4 9:16.4 10:14.1 11:14.1 12:15.1 13:14.4 14:14.4 15:14.9 16:15.1 17:15.1 18:15.4 19:14.7 20:16.8 21:15.9 22:14.6 23:15.5 24:16.1 25:15.8 26:15.6 27:16.6 28:15.8 29:16.5 30:16.7 31:17.1 32:16.8 33:17.5 34:17.4 35:18.4 36:18.5 37:18.9 38:19.5 39:19.0 | mean 15.9
0823 21:12:48 ds4-server: chat ctx=137..187:50 gen=50 THINKING decoding chunk=18.36 t/s avg=18.36 t/s 2.724s
0823 21:12:51 ds4-server: chat ctx=187..237:50 gen=100 THINKING decoding chunk=17.89 t/s avg=18.12 t/s 5.519s
0823 21:12:54 ds4-server: chat ctx=237..287:50 gen=150 THINKING decoding chunk=17.60 t/s avg=17.94 t/s 8.360s
ds4: qwen35moe experts/token avg over 128 tokens: 0:14.1 1:15.8 2:15.5 3:16.3 4:16.4 5:16.6 6:16.5 7:17.1 8:18.3 9:17.6 10:15.4 11:15.6 12:17.1 13:16.4 14:16.2 15:16.8 16:16.6 17:17.4 18:16.1 19:16.4 20:18.7 21:16.9 22:15.1 23:15.9 24:16.9 25:17.5 26:17.0 27:18.0 28:16.5 29:16.7 30:17.0 31:17.1 32:16.3 33:16.8 34:16.3 35:17.4 36:18.1 37:18.9 38:19.6 39:18.9 | mean 16.8
0823 21:12:57 ds4-server: chat ctx=287..337:50 gen=200 THINKING decoding chunk=17.54 t/s avg=17.84 t/s 11.210s
0823 21:13:00 ds4-server: chat ctx=337..387:50 gen=250 THINKING decoding chunk=17.43 t/s avg=17.76 t/s 14.079s
ds4: qwen35moe experts/token avg over 128 tokens: 0:13.9 1:15.3 2:15.7 3:16.6 4:16.4 5:16.4 6:16.0 7:17.5 8:18.0 9:17.2 10:15.5 11:15.2 12:16.5 13:16.3 14:16.2 15:16.5 16:16.3 17:16.8 18:15.7 19:16.6 20:18.2 21:17.1 22:15.2 23:15.6 24:16.8 25:17.0 26:16.8 27:17.0 28:16.4 29:17.2 30:17.0 31:17.9 32:16.8 33:17.0 34:16.4 35:18.3 36:18.1 37:18.6 38:19.6 39:18.8 | mean 16.8
0823 21:13:03 ds4-server: chat ctx=387..437:50 gen=300 THINKING decoding chunk=17.65 t/s avg=17.74 t/s 16.911s
0823 21:13:06 ds4-server: chat ctx=437..487:50 gen=350 THINKING decoding chunk=17.20 t/s avg=17.66 t/s 19.819s
0823 21:13:09 ds4-server: chat ctx=487..537:50 gen=400 THINKING decoding chunk=17.10 t/s avg=17.59 t/s 22.743s
ds4: qwen35moe experts/token avg over 128 tokens: 0:14.6 1:16.5 2:16.3 3:17.0 4:17.4 5:17.3 6:17.0 7:17.8 8:19.2 9:17.9 10:15.8 11:16.2 12:17.8 13:17.0 14:16.5 15:16.8 16:16.4 17:17.0 18:16.8 19:16.9 20:18.2 21:17.5 22:15.9 23:16.4 24:17.4 25:17.4 26:16.4 27:16.5 28:17.0 29:17.7 30:17.3 31:17.3 32:17.5 33:17.8 34:16.6 35:18.3 36:18.8 37:19.4 38:19.5 39:19.1 | mean 17.3
0823 21:13:11 ds4-server: chat ctx=537..587:50 gen=450 THINKING decoding chunk=17.11 t/s avg=17.53 t/s 25.665s
0823 21:13:14 ds4-server: chat ctx=587..637:50 gen=500 THINKING decoding chunk=16.91 t/s avg=17.47 t/s 28.622s
0823 21:13:17 ds4-server: chat ctx=637..687:50 gen=550 THINKING decoding chunk=16.72 t/s avg=17.40 t/s 31.614s
ds4: qwen35moe experts/token avg over 128 tokens: 0:14.4 1:17.1 2:16.7 3:17.3 4:17.6 5:17.6 6:17.5 7:17.9 8:18.9 9:18.0 10:15.9 11:15.7 12:17.2 13:17.3 14:16.1 15:18.1 16:16.5 17:17.3 18:16.7 19:16.7 20:17.6 21:17.8 22:15.5 23:16.4 24:17.4 25:17.1 26:17.2 27:18.1 28:16.9 29:17.5 30:17.4 31:17.6 32:17.1 33:17.3 34:16.2 35:18.5 36:18.8 37:18.8 38:19.6 39:19.3 | mean 17.3
0823 21:13:20 ds4-server: chat ctx=687..737:50 gen=600 THINKING decoding chunk=16.69 t/s avg=17.34 t/s 34.609s
0823 21:13:23 ds4-server: chat ctx=737..787:50 gen=650 THINKING decoding chunk=16.77 t/s avg=17.29 t/s 37.591s
ds4: qwen35moe experts/token avg over 128 tokens: 0:13.7 1:16.2 2:15.8 3:17.1 4:16.9 5:16.7 6:16.5 7:18.1 8:18.8 9:17.6 10:16.5 11:16.2 12:17.4 13:17.1 14:17.4 15:17.4 16:17.6 17:17.5 18:16.2 19:17.2 20:18.1 21:18.0 22:17.0 23:16.4 24:17.5 25:17.2 26:17.4 27:17.0 28:16.5 29:17.2 30:16.6 31:17.3 32:16.6 33:16.8 34:16.3 35:17.7 36:17.4 37:18.6 38:19.2 39:18.4 | mean 17.1
0823 21:13:26 ds4-server: chat ctx=787..837:50 gen=700 THINKING decoding chunk=16.69 t/s avg=17.25 t/s 40.587s
0823 21:13:29 ds4-server: chat ctx=837..887:50 gen=750 THINKING decoding chunk=16.64 t/s avg=17.20 t/s 43.593s
0823 21:13:32 ds4-server: chat ctx=887..937:50 gen=800 THINKING decoding chunk=16.54 t/s avg=17.16 t/s 46.617s
ds4: qwen35moe experts/token avg over 128 tokens: 0:14.0 1:16.5 2:16.4 3:17.5 4:17.4 5:16.4 6:17.0 7:17.5 8:18.7 9:18.0 10:16.2 11:15.6 12:17.4 13:16.9 14:16.4 15:16.6 16:15.9 17:17.1 18:15.9 19:16.9 20:17.9 21:17.5 22:15.7 23:15.2 24:16.9 25:16.4 26:16.2 27:17.1 28:16.1 29:17.4 30:16.8 31:17.4 32:16.5 33:17.0 34:16.2 35:17.7 36:17.2 37:18.1 38:19.4 39:17.9 | mean 16.9
0823 21:13:35 ds4-server: chat ctx=937..987:50 gen=850 THINKING decoding chunk=16.86 t/s avg=17.14 t/s 49.582s
0823 21:13:38 ds4-server: chat ctx=987..1037:50 gen=900 THINKING decoding chunk=16.63 t/s avg=17.11 t/s 52.588s
ds4: qwen35moe experts/token avg over 128 tokens: 0:13.7 1:15.6 2:15.3 3:16.5 4:16.5 5:16.0 6:15.7 7:16.9 8:17.5 9:16.8 10:15.1 11:14.9 12:15.9 13:15.6 14:15.6 15:15.8 16:16.1 17:16.1 18:15.7 19:16.0 20:16.5 21:16.8 22:15.6 23:15.5 24:16.0 25:15.6 26:15.8 27:15.5 28:15.3 29:15.6 30:15.9 31:16.6 32:15.4 33:15.2 34:14.6 35:17.0 36:16.9 37:17.2 38:18.8 39:17.0 | mean 16.0
0823 21:13:41 ds4-server: chat ctx=1037..1087:50 gen=950 THINKING decoding chunk=16.38 t/s avg=17.07 t/s 55.641s
0823 21:13:44 ds4-server: chat ctx=1087..1137:50 gen=1000 THINKING decoding chunk=16.55 t/s avg=17.05 t/s 58.662s
0823 21:13:48 ds4-server: chat ctx=1137..1187:50 gen=1050 THINKING decoding chunk=16.26 t/s avg=17.01 t/s 61.736s
ds4: qwen35moe experts/token avg over 128 tokens: 0:13.8 1:16.4 2:15.6 3:16.8 4:16.9 5:16.8 6:16.5 7:18.0 8:18.0 9:17.4 10:15.9 11:15.7 12:16.1 13:17.0 14:16.5 15:16.6 16:16.7 17:16.1 18:15.8 19:16.3 20:17.4 21:17.2 22:15.9 23:16.1 24:16.1 25:16.1 26:16.2 27:16.1 28:16.3 29:16.1 30:15.9 31:17.2 32:16.2 33:15.8 34:15.6 35:17.5 36:17.3 37:18.1 38:18.9 39:17.7 | mean 16.6
0823 21:13:51 ds4-server: chat ctx=1187..1237:50 gen=1100 THINKING decoding chunk=16.35 t/s avg=16.98 t/s 64.794s
0823 21:13:54 ds4-server: chat ctx=1237..1287:50 gen=1150 THINKING decoding chunk=15.95 t/s avg=16.93 t/s 67.929s
ds4: qwen35moe experts/token avg over 128 tokens: 0:13.8 1:16.1 2:15.6 3:16.6 4:16.5 5:16.1 6:16.0 7:17.3 8:17.4 9:16.6 10:15.6 11:14.9 12:15.8 13:15.5 14:15.9 15:16.0 16:16.1 17:16.3 18:16.1 19:16.0 20:17.0 21:16.7 22:15.6 23:15.6 24:16.5 25:15.6 26:15.7 27:15.4 28:16.1 29:16.1 30:15.8 31:16.6 32:15.3 33:15.2 34:15.4 35:17.1 36:17.5 37:17.0 38:18.8 39:17.4 | mean 16.2
0823 21:13:57 ds4-server: chat ctx=1287..1337:50 gen=1200 THINKING decoding chunk=16.36 t/s avg=16.90 t/s 70.985s
0823 21:14:00 ds4-server: chat ctx=1337..1387:50 gen=1250 THINKING decoding chunk=15.67 t/s avg=16.85 t/s 74.177s
0823 21:14:03 ds4-server: chat ctx=1387..1437:50 gen=1300 decoding chunk=15.99 t/s avg=16.82 t/s 77.304s
ds4: qwen35moe experts/token avg over 128 tokens: 0:14.1 1:16.0 2:15.7 3:16.8 4:16.8 5:16.3 6:16.4 7:17.6 8:18.1 9:17.7 10:16.1 11:15.7 12:17.4 13:16.9 14:17.2 15:16.8 16:17.3 17:16.9 18:16.1 19:16.7 20:18.0 21:17.8 22:16.6 23:16.1 24:16.8 25:16.7 26:17.2 27:16.2 28:17.0 29:17.1 30:16.6 31:17.8 32:16.8 33:16.3 34:16.2 35:17.9 36:18.3 37:18.6 38:19.4 39:18.4 | mean 17.0
0823 21:14:06 ds4-server: chat ctx=1437..1487:50 gen=1350 decoding chunk=15.60 t/s avg=16.77 t/s 80.508s
0823 21:14:09 ds4-server: chat ctx=1487..1537:50 gen=1400 decoding chunk=15.60 t/s avg=16.72 t/s 83.713s
ds4: qwen35moe experts/token avg over 128 tokens: 0:14.3 1:17.3 2:16.6 3:17.6 4:18.0 5:17.1 6:17.3 7:18.5 8:18.9 9:18.6 10:16.1 11:16.7 12:17.8 13:17.4 14:17.4 15:17.6 16:17.2 17:17.5 18:16.6 19:17.1 20:18.9 21:18.2 22:16.1 23:16.0 24:17.5 25:17.4 26:17.3 27:17.4 28:16.6 29:17.7 30:17.2 31:17.6 32:17.1 33:17.4 34:16.5 35:17.8 36:18.5 37:18.9 38:19.1 39:18.9 | mean 17.4
0823 21:14:13 ds4-server: chat ctx=1537..1587:50 gen=1450 decoding chunk=15.32 t/s avg=16.67 t/s 86.976s
0823 21:14:16 ds4-server: chat ctx=1587..1637:50 gen=1500 decoding chunk=15.22 t/s avg=16.62 t/s 90.261s
0823 21:14:19 ds4-server: chat ctx=1637..1687:50 gen=1550 decoding chunk=15.12 t/s avg=16.57 t/s 93.567s
ds4: qwen35moe experts/token avg over 128 tokens: 0:14.4 1:16.2 2:16.5 3:17.8 4:17.8 5:18.0 6:17.8 7:18.4 8:18.8 9:18.4 10:17.1 11:16.9 12:18.5 13:17.9 14:17.7 15:18.5 16:18.3 17:17.9 18:18.0 19:17.9 20:19.1 21:18.6 22:17.0 23:17.3 24:18.2 25:18.1 26:18.3 27:18.2 28:17.5 29:17.6 30:17.1 31:18.3 32:17.4 33:17.4 34:17.5 35:18.4 36:18.9 37:19.4 38:19.6 39:19.1 | mean 17.9
0823 21:14:23 ds4-server: chat ctx=1687..1737:50 gen=1600 decoding chunk=15.31 t/s avg=16.52 t/s 96.832s
0823 21:14:26 ds4-server: chat ctx=1737..1787:50 gen=1650 decoding chunk=15.03 t/s avg=16.47 t/s 100.159s
0823 21:14:29 ds4-server: chat ctx=1787..1837:50 gen=1700 decoding chunk=14.84 t/s avg=16.42 t/s 103.529s
ds4: qwen35moe experts/token avg over 128 tokens: 0:14.4 1:16.8 2:16.8 3:17.6 4:18.3 5:17.9 6:17.4 7:18.0 8:19.0 9:18.2 10:16.4 11:16.5 12:17.8 13:17.8 14:17.2 15:18.3 16:17.9 17:18.3 18:17.8 19:17.6 20:19.0 21:18.5 22:16.9 23:17.1 24:18.2 25:17.7 26:17.8 27:18.0 28:17.1 29:17.9 30:17.5 31:17.5 32:17.6 33:17.8 34:17.4 35:18.4 36:18.6 37:19.4 38:19.6 39:19.2 | mean 17.8
0823 21:14:33 ds4-server: chat ctx=1837..1887:50 gen=1750 decoding chunk=14.86 t/s avg=16.37 t/s 106.893s
0823 21:14:36 ds4-server: chat ctx=1887..1937:50 gen=1800 decoding chunk=14.86 t/s avg=16.33 t/s 110.258s
0823 21:14:36 ds4-server: thinking live checkpoint remembered ctx=0..137:137 live=1937 visible=2105
0823 21:14:36 ds4-server: chat ctx=0..137:137 gen=1800 finish=stop 117.645s
0823 21:14:36 ds4-server: live kv cache miss live=1937 prompt=124 common=59 reason=token-mismatch
0823 21:14:36 ds4-server: chat ctx=0..124:124 prompt start
0823 21:14:36 ds4-server: chat ctx=0..124:124 prefill chunk 1/124 (0.8%) chunk=0.00 t/s avg=19.13 t/s 0.052s
0823 21:14:36 ds4-server: chat ctx=0..124:124 prefill chunk 2/124 (1.6%) chunk=19.99 t/s avg=19.55 t/s 0.102s
0823 21:14:36 ds4-server: chat ctx=0..124:124 prefill chunk 3/124 (2.4%) chunk=19.40 t/s avg=19.50 t/s 0.154s
0823 21:14:36 ds4-server: chat ctx=0..124:124 prefill chunk 4/124 (3.2%) chunk=19.38 t/s avg=19.47 t/s 0.205s
0823 21:14:36 ds4-server: chat ctx=0..124:124 prefill chunk 5/124 (4.0%) chunk=19.37 t/s avg=19.45 t/s 0.257s
0823 21:14:36 ds4-server: chat ctx=0..124:124 prefill chunk 6/124 (4.8%) chunk=18.94 t/s avg=19.36 t/s 0.310s
0823 21:14:36 ds4-server: chat ctx=0..124:124 prefill chunk 7/124 (5.6%) chunk=19.73 t/s avg=19.41 t/s 0.361s
0823 21:14:36 ds4-server: chat ctx=0..124:124 prefill chunk 8/124 (6.5%) chunk=18.51 t/s avg=19.30 t/s 0.415s
0823 21:14:36 ds4-server: chat ctx=0..124:124 prefill chunk 9/124 (7.3%) chunk=19.80 t/s avg=19.35 t/s 0.465s
0823 21:14:37 ds4-server: chat ctx=0..124:124 prefill chunk 10/124 (8.1%) chunk=19.08 t/s avg=19.32 t/s 0.518s
0823 21:14:37 ds4-server: chat ctx=0..124:124 prefill chunk 11/124 (8.9%) chunk=19.44 t/s avg=19.33 t/s 0.569s
0823 21:14:37 ds4-server: chat ctx=0..124:124 prefill chunk 12/124 (9.7%) chunk=18.77 t/s avg=19.29 t/s 0.622s
0823 21:14:37 ds4-server: chat ctx=0..124:124 prefill chunk 13/124 (10.5%) chunk=18.54 t/s avg=19.23 t/s 0.676s
0823 21:14:37 ds4-server: chat ctx=0..124:124 prefill chunk 14/124 (11.3%) chunk=18.97 t/s avg=19.21 t/s 0.729s
0823 21:14:37 ds4-server: chat ctx=0..124:124 prefill chunk 15/124 (12.1%) chunk=18.47 t/s avg=19.16 t/s 0.783s
0823 21:14:37 ds4-server: chat ctx=0..124:124 prefill chunk 16/124 (12.9%) chunk=19.24 t/s avg=19.16 t/s 0.835s
0823 21:14:37 ds4-server: chat ctx=0..124:124 prefill chunk 17/124 (13.7%) chunk=18.52 t/s avg=19.12 t/s 0.889s
0823 21:14:37 ds4-server: chat ctx=0..124:124 prefill chunk 18/124 (14.5%) chunk=18.78 t/s avg=19.10 t/s 0.942s
0823 21:14:37 ds4-server: chat ctx=0..124:124 prefill chunk 19/124 (15.3%) chunk=19.07 t/s avg=19.10 t/s 0.995s
0823 21:14:37 ds4-server: chat ctx=0..124:124 prefill chunk 20/124 (16.1%) chunk=17.80 t/s avg=19.03 t/s 1.051s
0823 21:14:37 ds4-server: chat ctx=0..124:124 prefill chunk 21/124 (16.9%) chunk=19.29 t/s avg=19.04 t/s 1.103s
0823 21:14:37 ds4-server: chat ctx=0..124:124 prefill chunk 22/124 (17.7%) chunk=18.87 t/s avg=19.04 t/s 1.156s
0823 21:14:37 ds4-server: chat ctx=0..124:124 prefill chunk 23/124 (18.5%) chunk=18.96 t/s avg=19.03 t/s 1.208s
0823 21:14:37 ds4-server: chat ctx=0..124:124 prefill chunk 24/124 (19.4%) chunk=19.55 t/s avg=19.05 t/s 1.260s
0823 21:14:37 ds4-server: chat ctx=0..124:124 prefill chunk 25/124 (20.2%) chunk=18.78 t/s avg=19.04 t/s 1.313s
0823 21:14:37 ds4-server: chat ctx=0..124:124 prefill chunk 26/124 (21.0%) chunk=19.57 t/s avg=19.06 t/s 1.364s
0823 21:14:37 ds4-server: chat ctx=0..124:124 prefill chunk 27/124 (21.8%) chunk=18.78 t/s avg=19.05 t/s 1.417s
0823 21:14:38 ds4-server: chat ctx=0..124:124 prefill chunk 28/124 (22.6%) chunk=19.40 t/s avg=19.06 t/s 1.469s
0823 21:14:38 ds4-server: chat ctx=0..124:124 prefill chunk 29/124 (23.4%) chunk=18.52 t/s avg=19.04 t/s 1.523s
0823 21:14:38 ds4-server: chat ctx=0..124:124 prefill chunk 30/124 (24.2%) chunk=18.65 t/s avg=19.03 t/s 1.576s
0823 21:14:38 ds4-server: chat ctx=0..124:124 prefill chunk 31/124 (25.0%) chunk=19.00 t/s avg=19.03 t/s 1.629s
0823 21:14:38 ds4-server: chat ctx=0..124:124 prefill chunk 32/124 (25.8%) chunk=18.11 t/s avg=19.00 t/s 1.684s
0823 21:14:38 ds4-server: chat ctx=0..124:124 prefill chunk 33/124 (26.6%) chunk=19.29 t/s avg=19.01 t/s 1.736s
ds4: qwen35moe experts/token avg over 128 tokens: 0:14.2 1:16.4 2:15.6 3:16.8 4:17.2 5:17.2 6:16.4 7:17.7 8:17.8 9:17.4 10:16.1 11:16.2 12:17.5 13:17.3 14:16.8 15:17.4 16:17.1 17:16.9 18:17.1 19:16.6 20:17.7 21:17.7 22:16.1 23:16.0 24:17.0 25:16.9 26:17.1 27:17.3 28:16.4 29:17.2 30:16.2 31:17.3 32:16.3 33:16.8 34:16.7 35:18.2 36:18.5 37:19.2 38:19.4 39:19.0 | mean 17.1
0823 21:14:38 ds4-server: chat ctx=0..124:124 prefill chunk 34/124 (27.4%) chunk=18.44 t/s avg=18.99 t/s 1.790s
0823 21:14:38 ds4-server: chat ctx=0..124:124 prefill chunk 35/124 (28.2%) chunk=17.77 t/s avg=18.95 t/s 1.847s
0823 21:14:38 ds4-server: chat ctx=0..124:124 prefill chunk 36/124 (29.0%) chunk=18.81 t/s avg=18.95 t/s 1.900s
0823 21:14:38 ds4-server: chat ctx=0..124:124 prefill chunk 37/124 (29.8%) chunk=17.59 t/s avg=18.91 t/s 1.957s
0823 21:14:38 ds4-server: chat ctx=0..124:124 prefill chunk 38/124 (30.6%) chunk=17.41 t/s avg=18.87 t/s 2.014s
0823 21:14:38 ds4-server: chat ctx=0..124:124 prefill chunk 39/124 (31.5%) chunk=18.69 t/s avg=18.86 t/s 2.068s
0823 21:14:38 ds4-server: chat ctx=0..124:124 prefill chunk 40/124 (32.3%) chunk=18.39 t/s avg=18.85 t/s 2.122s
0823 21:14:38 ds4-server: chat ctx=0..124:124 prefill chunk 41/124 (33.1%) chunk=18.48 t/s avg=18.84 t/s 2.176s
0823 21:14:38 ds4-server: chat ctx=0..124:124 prefill chunk 42/124 (33.9%) chunk=18.89 t/s avg=18.84 t/s 2.229s
0823 21:14:38 ds4-server: chat ctx=0..124:124 prefill chunk 43/124 (34.7%) chunk=18.78 t/s avg=18.84 t/s 2.282s
0823 21:14:38 ds4-server: chat ctx=0..124:124 prefill chunk 44/124 (35.5%) chunk=19.21 t/s avg=18.85 t/s 2.334s
0823 21:14:38 ds4-server: chat ctx=0..124:124 prefill chunk 45/124 (36.3%) chunk=18.46 t/s avg=18.84 t/s 2.388s
0823 21:14:38 ds4-server: chat ctx=0..124:124 prefill chunk 46/124 (37.1%) chunk=18.00 t/s avg=18.82 t/s 2.444s
0823 21:14:39 ds4-server: chat ctx=0..124:124 prefill chunk 47/124 (37.9%) chunk=18.48 t/s avg=18.81 t/s 2.498s
0823 21:14:39 ds4-server: chat ctx=0..124:124 prefill chunk 48/124 (38.7%) chunk=18.76 t/s avg=18.81 t/s 2.551s
0823 21:14:39 ds4-server: chat ctx=0..124:124 prefill chunk 49/124 (39.5%) chunk=18.85 t/s avg=18.81 t/s 2.605s
0823 21:14:39 ds4-server: chat ctx=0..124:124 prefill chunk 50/124 (40.3%) chunk=18.75 t/s avg=18.81 t/s 2.658s
0823 21:14:39 ds4-server: chat ctx=0..124:124 prefill chunk 51/124 (41.1%) chunk=18.42 t/s avg=18.80 t/s 2.712s
0823 21:14:39 ds4-server: chat ctx=0..124:124 prefill chunk 52/124 (41.9%) chunk=18.73 t/s avg=18.80 t/s 2.766s
0823 21:14:39 ds4-server: chat ctx=0..124:124 prefill chunk 53/124 (42.7%) chunk=19.03 t/s avg=18.81 t/s 2.818s
0823 21:14:39 ds4-server: chat ctx=0..124:124 prefill chunk 54/124 (43.5%) chunk=19.58 t/s avg=18.82 t/s 2.869s
0823 21:14:39 ds4-server: chat ctx=0..124:124 prefill chunk 55/124 (44.4%) chunk=19.44 t/s avg=18.83 t/s 2.921s
0823 21:14:39 ds4-server: chat ctx=0..124:124 prefill chunk 56/124 (45.2%) chunk=20.59 t/s avg=18.86 t/s 2.969s
0823 21:14:39 ds4-server: chat ctx=0..124:124 prefill chunk 57/124 (46.0%) chunk=19.12 t/s avg=18.86 t/s 3.021s
0823 21:14:39 ds4-server: chat ctx=0..124:124 prefill chunk 58/124 (46.8%) chunk=18.62 t/s avg=18.86 t/s 3.075s
0823 21:14:39 ds4-server: chat ctx=0..124:124 prefill chunk 59/124 (47.6%) chunk=19.17 t/s avg=18.87 t/s 3.127s
0823 21:14:39 ds4-server: chat ctx=0..124:124 prefill chunk 60/124 (48.4%) chunk=18.26 t/s avg=18.86 t/s 3.182s
0823 21:14:39 ds4-server: chat ctx=0..124:124 prefill chunk 61/124 (49.2%) chunk=18.73 t/s avg=18.85 t/s 3.235s
0823 21:14:39 ds4-server: chat ctx=0..124:124 prefill chunk 62/124 (50.0%) chunk=18.98 t/s avg=18.86 t/s 3.288s
0823 21:14:39 ds4-server: chat ctx=0..124:124 prefill chunk 63/124 (50.8%) chunk=18.74 t/s avg=18.85 t/s 3.342s
0823 21:14:39 ds4-server: chat ctx=0..124:124 prefill chunk 64/124 (51.6%) chunk=19.47 t/s avg=18.86 t/s 3.393s
0823 21:14:39 ds4-server: chat ctx=0..124:124 prefill chunk 65/124 (52.4%) chunk=18.67 t/s avg=18.86 t/s 3.446s
0823 21:14:40 ds4-server: chat ctx=0..124:124 prefill chunk 66/124 (53.2%) chunk=19.70 t/s avg=18.87 t/s 3.497s
0823 21:14:40 ds4-server: chat ctx=0..124:124 prefill chunk 67/124 (54.0%) chunk=18.86 t/s avg=18.87 t/s 3.550s
0823 21:14:40 ds4-server: chat ctx=0..124:124 prefill chunk 68/124 (54.8%) chunk=19.81 t/s avg=18.88 t/s 3.601s
0823 21:14:40 ds4-server: chat ctx=0..124:124 prefill chunk 69/124 (55.6%) chunk=19.31 t/s avg=18.89 t/s 3.653s
0823 21:14:40 ds4-server: chat ctx=0..124:124 prefill chunk 70/124 (56.5%) chunk=18.90 t/s avg=18.89 t/s 3.705s
0823 21:14:40 ds4-server: chat ctx=0..124:124 prefill chunk 71/124 (57.3%) chunk=18.78 t/s avg=18.89 t/s 3.759s
0823 21:14:40 ds4-server: chat ctx=0..124:124 prefill chunk 72/124 (58.1%) chunk=18.18 t/s avg=18.88 t/s 3.814s
0823 21:14:40 ds4-server: chat ctx=0..124:124 prefill chunk 73/124 (58.9%) chunk=19.06 t/s avg=18.88 t/s 3.866s
0823 21:14:40 ds4-server: chat ctx=0..124:124 prefill chunk 74/124 (59.7%) chunk=19.15 t/s avg=18.89 t/s 3.918s
0823 21:14:40 ds4-server: chat ctx=0..124:124 prefill chunk 75/124 (60.5%) chunk=18.63 t/s avg=18.88 t/s 3.972s
0823 21:14:40 ds4-server: chat ctx=0..124:124 prefill chunk 76/124 (61.3%) chunk=18.64 t/s avg=18.88 t/s 4.026s
0823 21:14:40 ds4-server: chat ctx=0..124:124 prefill chunk 77/124 (62.1%) chunk=18.41 t/s avg=18.87 t/s 4.080s
0823 21:14:40 ds4-server: chat ctx=0..124:124 prefill chunk 78/124 (62.9%) chunk=19.28 t/s avg=18.88 t/s 4.132s
0823 21:14:40 ds4-server: chat ctx=0..124:124 prefill chunk 79/124 (63.7%) chunk=18.69 t/s avg=18.88 t/s 4.185s
0823 21:14:40 ds4-server: chat ctx=0..124:124 prefill chunk 80/124 (64.5%) chunk=19.12 t/s avg=18.88 t/s 4.238s
0823 21:14:40 ds4-server: chat ctx=0..124:124 prefill chunk 81/124 (65.3%) chunk=18.28 t/s avg=18.87 t/s 4.292s
0823 21:14:40 ds4-server: chat ctx=0..124:124 prefill chunk 82/124 (66.1%) chunk=18.93 t/s avg=18.87 t/s 4.345s
0823 21:14:40 ds4-server: chat ctx=0..124:124 prefill chunk 83/124 (66.9%) chunk=19.18 t/s avg=18.87 t/s 4.397s
0823 21:14:40 ds4-server: chat ctx=0..124:124 prefill chunk 84/124 (67.7%) chunk=18.66 t/s avg=18.87 t/s 4.451s
0823 21:14:41 ds4-server: chat ctx=0..124:124 prefill chunk 85/124 (68.5%) chunk=19.32 t/s avg=18.88 t/s 4.503s
0823 21:14:41 ds4-server: chat ctx=0..124:124 prefill chunk 86/124 (69.4%) chunk=18.93 t/s avg=18.88 t/s 4.556s
0823 21:14:41 ds4-server: chat ctx=0..124:124 prefill chunk 87/124 (70.2%) chunk=18.86 t/s avg=18.88 t/s 4.609s
0823 21:14:41 ds4-server: chat ctx=0..124:124 prefill chunk 88/124 (71.0%) chunk=19.42 t/s avg=18.88 t/s 4.660s
0823 21:14:41 ds4-server: chat ctx=0..124:124 prefill chunk 89/124 (71.8%) chunk=18.76 t/s avg=18.88 t/s 4.713s
0823 21:14:41 ds4-server: chat ctx=0..124:124 prefill chunk 90/124 (72.6%) chunk=18.99 t/s avg=18.88 t/s 4.766s
0823 21:14:41 ds4-server: chat ctx=0..124:124 prefill chunk 91/124 (73.4%) chunk=18.21 t/s avg=18.88 t/s 4.821s
0823 21:14:41 ds4-server: chat ctx=0..124:124 prefill chunk 92/124 (74.2%) chunk=18.63 t/s avg=18.87 t/s 4.875s
0823 21:14:41 ds4-server: chat ctx=0..124:124 prefill chunk 93/124 (75.0%) chunk=19.24 t/s avg=18.88 t/s 4.927s
0823 21:14:41 ds4-server: chat ctx=0..124:124 prefill chunk 94/124 (75.8%) chunk=19.15 t/s avg=18.88 t/s 4.979s
0823 21:14:41 ds4-server: chat ctx=0..124:124 prefill chunk 95/124 (76.6%) chunk=19.44 t/s avg=18.89 t/s 5.030s
0823 21:14:41 ds4-server: chat ctx=0..124:124 prefill chunk 96/124 (77.4%) chunk=18.61 t/s avg=18.88 t/s 5.084s
0823 21:14:41 ds4-server: chat ctx=0..124:124 prefill chunk 97/124 (78.2%) chunk=18.41 t/s avg=18.88 t/s 5.138s
0823 21:14:41 ds4-server: chat ctx=0..124:124 prefill chunk 98/124 (79.0%) chunk=18.35 t/s avg=18.87 t/s 5.193s
0823 21:14:41 ds4-server: chat ctx=0..124:124 prefill chunk 99/124 (79.8%) chunk=17.96 t/s avg=18.86 t/s 5.248s
0823 21:14:41 ds4-server: chat ctx=0..124:124 prefill chunk 100/124 (80.6%) chunk=18.61 t/s avg=18.86 t/s 5.302s
0823 21:14:41 ds4-server: chat ctx=0..124:124 prefill chunk 101/124 (81.5%) chunk=18.23 t/s avg=18.85 t/s 5.357s
0823 21:14:41 ds4-server: chat ctx=0..124:124 prefill chunk 102/124 (82.3%) chunk=17.94 t/s avg=18.84 t/s 5.413s
0823 21:14:42 ds4-server: chat ctx=0..124:124 prefill chunk 103/124 (83.1%) chunk=18.06 t/s avg=18.84 t/s 5.468s
0823 21:14:42 ds4-server: chat ctx=0..124:124 prefill chunk 104/124 (83.9%) chunk=17.61 t/s avg=18.82 t/s 5.525s
0823 21:14:42 ds4-server: chat ctx=0..124:124 prefill chunk 105/124 (84.7%) chunk=18.01 t/s avg=18.82 t/s 5.581s
0823 21:14:42 ds4-server: chat ctx=0..124:124 prefill chunk 106/124 (85.5%) chunk=18.04 t/s avg=18.81 t/s 5.636s
0823 21:14:42 ds4-server: chat ctx=0..124:124 prefill chunk 107/124 (86.3%) chunk=17.78 t/s avg=18.80 t/s 5.692s
0823 21:14:42 ds4-server: chat ctx=0..124:124 prefill chunk 108/124 (87.1%) chunk=18.52 t/s avg=18.80 t/s 5.746s
0823 21:14:42 ds4-server: chat ctx=0..124:124 prefill chunk 109/124 (87.9%) chunk=18.15 t/s avg=18.79 t/s 5.801s
0823 21:14:42 ds4-server: chat ctx=0..124:124 prefill chunk 110/124 (88.7%) chunk=17.48 t/s avg=18.78 t/s 5.858s
0823 21:14:42 ds4-server: chat ctx=0..124:124 prefill chunk 111/124 (89.5%) chunk=17.81 t/s avg=18.77 t/s 5.915s
0823 21:14:42 ds4-server: chat ctx=0..124:124 prefill chunk 112/124 (90.3%) chunk=18.24 t/s avg=18.76 t/s 5.969s
0823 21:14:42 ds4-server: chat ctx=0..124:124 prefill chunk 113/124 (91.1%) chunk=17.79 t/s avg=18.75 t/s 6.026s
0823 21:14:42 ds4-server: chat ctx=0..124:124 prefill chunk 114/124 (91.9%) chunk=18.22 t/s avg=18.75 t/s 6.081s
0823 21:14:42 ds4-server: chat ctx=0..124:124 prefill chunk 115/124 (92.7%) chunk=18.32 t/s avg=18.74 t/s 6.135s
0823 21:14:42 ds4-server: chat ctx=0..124:124 prefill chunk 116/124 (93.5%) chunk=17.45 t/s avg=18.73 t/s 6.192s
0823 21:14:42 ds4-server: chat ctx=0..124:124 prefill chunk 117/124 (94.4%) chunk=17.51 t/s avg=18.72 t/s 6.250s
0823 21:14:42 ds4-server: chat ctx=0..124:124 prefill chunk 118/124 (95.2%) chunk=18.99 t/s avg=18.72 t/s 6.302s
0823 21:14:42 ds4-server: chat ctx=0..124:124 prefill chunk 119/124 (96.0%) chunk=18.24 t/s avg=18.72 t/s 6.357s
0823 21:14:42 ds4-server: chat ctx=0..124:124 prefill chunk 120/124 (96.8%) chunk=18.18 t/s avg=18.71 t/s 6.412s
0823 21:14:42 ds4-server: chat ctx=0..124:124 prefill chunk 121/124 (97.6%) chunk=19.90 t/s avg=18.72 t/s 6.462s
0823 21:14:43 ds4-server: chat ctx=0..124:124 prefill chunk 122/124 (98.4%) chunk=17.82 t/s avg=18.72 t/s 6.518s
0823 21:14:43 ds4-server: chat ctx=0..124:124 prefill chunk 123/124 (99.2%) chunk=20.15 t/s avg=18.73 t/s 6.568s
0823 21:14:43 ds4-server: chat ctx=0..124:124 prefill chunk 124/124 (100.0%) chunk=19.46 t/s avg=18.73 t/s 6.619s
0823 21:14:43 ds4-server: chat ctx=0..124:124 prompt done 6.619s
ds4: qwen35moe experts/token avg over 128 tokens: 0:13.5 1:13.7 2:13.9 3:15.6 4:14.8 5:15.3 6:14.6 7:15.2 8:16.1 9:15.1 10:13.7 11:13.6 12:14.4 13:14.3 14:14.4 15:14.1 16:15.2 17:14.4 18:15.0 19:14.0 20:15.1 21:15.4 22:14.3 23:14.1 24:15.1 25:15.1 26:14.9 27:15.2 28:15.4 29:15.5 30:15.7 31:15.8 32:15.9 33:16.6 34:16.0 35:17.6 36:18.1 37:18.5 38:19.1 39:18.7 | mean 15.3
0823 21:14:45 ds4-server: chat ctx=124..174:50 gen=50 THINKING decoding chunk=18.63 t/s avg=18.63 t/s 2.684s
0823 21:14:48 ds4-server: chat ctx=174..224:50 gen=100 THINKING decoding chunk=18.30 t/s avg=18.46 t/s 5.416s
0823 21:14:51 ds4-server: chat ctx=224..274:50 gen=150 THINKING decoding chunk=18.04 t/s avg=18.32 t/s 8.188s
ds4: qwen35moe experts/token avg over 128 tokens: 0:13.8 1:15.0 2:14.9 3:15.8 4:15.1 5:16.2 6:15.6 7:16.2 8:16.5 9:16.3 10:14.6 11:14.4 12:15.3 13:15.9 14:15.3 15:15.2 16:16.1 17:15.6 18:15.1 19:14.7 20:17.3 21:15.4 22:15.0 23:14.6 24:16.1 25:16.5 26:15.8 27:15.2 28:16.0 29:15.2 30:15.8 31:15.5 32:15.1 33:15.3 34:15.1 35:16.7 36:17.2 37:17.8 38:18.8 39:17.9 | mean 15.7
0823 21:14:54 ds4-server: chat ctx=274..324:50 gen=200 THINKING decoding chunk=18.07 t/s avg=18.26 t/s 10.954s
0823 21:14:56 ds4-server: chat ctx=324..374:50 gen=250 THINKING decoding chunk=18.16 t/s avg=18.24 t/s 13.707s
ds4: qwen35moe experts/token avg over 128 tokens: 0:13.6 1:15.3 2:14.9 3:16.6 4:15.5 5:16.3 6:15.2 7:15.9 8:17.4 9:16.5 10:14.4 11:14.0 12:15.5 13:15.1 14:15.0 15:15.3 16:15.6 17:15.5 18:14.7 19:15.0 20:16.8 21:16.6 22:14.8 23:14.4 24:15.2 25:16.1 26:15.8 27:15.3 28:15.7 29:15.1 30:14.9 31:16.2 32:14.6 33:15.1 34:14.2 35:16.5 36:15.2 37:16.8 38:18.4 39:17.4 | mean 15.6
0823 21:14:59 ds4-server: chat ctx=374..424:50 gen=300 THINKING decoding chunk=17.97 t/s avg=18.19 t/s 16.490s
0823 21:15:02 ds4-server: chat ctx=424..474:50 gen=350 THINKING decoding chunk=17.86 t/s avg=18.14 t/s 19.289s
0823 21:15:05 ds4-server: chat ctx=474..524:50 gen=400 THINKING decoding chunk=17.67 t/s avg=18.08 t/s 22.119s
ds4: qwen35moe experts/token avg over 128 tokens: 0:13.9 1:14.8 2:15.0 3:16.3 4:15.7 5:15.9 6:15.4 7:16.1 8:16.2 9:16.3 10:14.3 11:14.0 12:15.5 13:15.4 14:15.5 15:15.2 16:15.5 17:15.3 18:15.1 19:15.5 20:16.3 21:17.0 22:14.8 23:14.7 24:15.9 25:15.4 26:16.2 27:15.9 28:16.2 29:15.7 30:15.5 31:16.9 32:15.0 33:15.5 34:15.3 35:17.2 36:16.6 37:17.5 38:18.9 39:17.4 | mean 15.8
0823 21:15:08 ds4-server: chat ctx=524..574:50 gen=450 THINKING decoding chunk=17.69 t/s avg=18.04 t/s 24.945s
0823 21:15:10 ds4-server: chat ctx=574..624:50 gen=500 THINKING decoding chunk=17.37 t/s avg=17.97 t/s 27.824s
ds4: qwen35moe experts/token avg over 128 tokens: 0:14.6 1:15.9 2:15.4 3:16.5 4:16.0 5:16.5 6:16.2 7:17.0 8:17.4 9:16.4 10:15.0 11:14.7 12:15.8 13:16.4 14:15.9 15:15.8 16:15.7 17:15.2 18:14.6 19:15.1 20:16.0 21:16.0 22:14.1 23:14.1 24:15.3 25:15.8 26:15.6 27:15.3 28:15.3 29:15.2 30:16.4 31:16.7 32:15.0 33:15.5 34:15.1 35:17.0 36:16.9 37:18.2 38:18.6 39:18.5 | mean 15.9
0823 21:15:13 ds4-server: chat ctx=624..674:50 gen=550 THINKING decoding chunk=17.21 t/s avg=17.90 t/s 30.728s
0823 21:15:16 ds4-server: chat ctx=674..724:50 gen=600 THINKING decoding chunk=16.73 t/s avg=17.80 t/s 33.717s
0823 21:15:19 ds4-server: chat ctx=724..774:50 gen=650 THINKING decoding chunk=16.73 t/s avg=17.71 t/s 36.706s
ds4: qwen35moe experts/token avg over 128 tokens: 0:14.6 1:15.8 2:16.1 3:17.0 4:16.4 5:17.5 6:16.8 7:18.0 8:18.4 9:17.7 10:16.9 11:16.2 12:16.9 13:17.1 14:17.1 15:16.8 16:17.5 17:17.0 18:16.3 19:16.8 20:17.6 21:17.9 22:16.5 23:16.2 24:17.3 25:16.9 26:17.3 27:16.7 28:16.8 29:16.5 30:16.9 31:17.9 32:16.2 33:16.9 34:16.6 35:17.9 36:18.6 37:19.1 38:19.4 39:18.6 | mean 17.1
0823 21:15:22 ds4-server: chat ctx=774..824:50 gen=700 THINKING decoding chunk=16.83 t/s avg=17.64 t/s 39.676s
0823 21:15:25 ds4-server: chat ctx=824..874:50 gen=750 THINKING decoding chunk=16.78 t/s avg=17.58 t/s 42.656s
0823 21:15:28 ds4-server: chat ctx=874..924:50 gen=800 THINKING decoding chunk=16.71 t/s avg=17.53 t/s 45.648s
ds4: qwen35moe experts/token avg over 128 tokens: 0:14.5 1:15.6 2:15.8 3:16.9 4:16.9 5:17.1 6:17.3 7:18.0 8:18.3 9:17.9 10:15.7 11:15.4 12:16.8 13:17.3 14:16.9 15:16.7 16:16.7 17:16.8 18:15.5 19:16.9 20:17.7 21:17.4 22:15.2 23:16.1 24:16.3 25:16.6 26:16.4 27:15.9 28:16.2 29:16.2 30:16.1 31:16.7 32:16.3 33:15.8 34:15.4 35:17.8 36:17.5 37:17.9 38:18.9 39:17.6 | mean 16.7
0823 21:15:31 ds4-server: chat ctx=924..974:50 gen=850 THINKING decoding chunk=16.63 t/s avg=17.47 t/s 48.654s
0823 21:15:34 ds4-server: chat ctx=974..1024:50 gen=900 THINKING decoding chunk=16.64 t/s avg=17.42 t/s 51.659s
ds4: qwen35moe experts/token avg over 128 tokens: 0:14.7 1:16.2 2:15.8 3:16.8 4:16.5 5:17.3 6:16.9 7:17.0 8:17.8 9:17.3 10:16.3 11:15.9 12:15.5 13:16.4 14:16.0 15:16.1 16:16.3 17:15.7 18:15.2 19:16.4 20:16.6 21:17.1 22:15.5 23:15.1 24:15.4 25:15.7 26:15.7 27:16.0 28:16.1 29:16.0 30:15.8 31:17.3 32:15.9 33:15.6 34:15.3 35:17.0 36:17.3 37:17.6 38:18.7 39:17.3 | mean 16.3
0823 21:15:37 ds4-server: chat ctx=1024..1074:50 gen=950 THINKING decoding chunk=16.51 t/s avg=17.37 t/s 54.686s
0823 21:15:40 ds4-server: chat ctx=1074..1124:50 gen=1000 THINKING decoding chunk=16.19 t/s avg=17.31 t/s 57.774s
0823 21:15:43 ds4-server: chat ctx=1124..1174:50 gen=1050 THINKING decoding chunk=16.59 t/s avg=17.27 t/s 60.788s
ds4: qwen35moe experts/token avg over 128 tokens: 0:13.9 1:14.9 2:15.3 3:16.6 4:16.4 5:16.2 6:15.8 7:17.5 8:17.4 9:17.1 10:15.7 11:15.0 12:16.7 13:16.1 14:16.0 15:15.8 16:16.6 17:16.1 18:16.0 19:16.4 20:17.1 21:16.7 22:16.1 23:15.1 24:16.5 25:16.4 26:16.6 27:15.8 28:16.3 29:16.2 30:15.8 31:16.5 32:15.7 33:15.4 34:15.1 35:17.3 36:17.0 37:17.6 38:18.6 39:17.5 | mean 16.3
0823 21:15:46 ds4-server: chat ctx=1174..1224:50 gen=1100 THINKING decoding chunk=16.53 t/s avg=17.24 t/s 63.814s
0823 21:15:50 ds4-server: chat ctx=1224..1274:50 gen=1150 THINKING decoding chunk=16.07 t/s avg=17.18 t/s 66.925s
ds4: qwen35moe experts/token avg over 128 tokens: 0:14.9 1:15.3 2:15.9 3:16.7 4:16.9 5:16.5 6:16.5 7:17.5 8:18.0 9:17.4 10:15.9 11:15.3 12:16.7 13:17.0 14:17.0 15:17.0 16:16.6 17:16.2 18:16.0 19:16.6 20:17.1 21:17.6 22:15.4 23:15.7 24:16.3 25:16.4 26:16.3 27:15.7 28:16.1 29:15.8 30:15.9 31:16.4 32:15.6 33:15.6 34:15.4 35:17.5 36:17.3 37:18.1 38:19.0 39:17.6 | mean 16.5
0823 21:15:53 ds4-server: chat ctx=1274..1324:50 gen=1200 THINKING decoding chunk=15.86 t/s avg=17.12 t/s 70.077s
0823 21:15:56 ds4-server: chat ctx=1324..1374:50 gen=1250 THINKING decoding chunk=16.11 t/s avg=17.08 t/s 73.181s
0823 21:15:59 ds4-server: chat ctx=1374..1424:50 gen=1300 THINKING decoding chunk=16.23 t/s avg=17.05 t/s 76.262s
ds4: qwen35moe experts/token avg over 128 tokens: 0:14.5 1:15.7 2:14.7 3:16.7 4:17.1 5:16.4 6:16.4 7:17.3 8:17.3 9:17.0 10:15.4 11:15.0 12:15.9 13:16.1 14:16.1 15:16.6 16:16.1 17:15.9 18:15.4 19:15.7 20:17.5 21:16.6 22:15.7 23:15.0 24:16.1 25:16.4 26:15.9 27:15.7 28:15.9 29:15.8 30:15.4 31:16.6 32:15.5 33:15.3 34:15.0 35:17.4 36:17.0 37:17.2 38:19.0 39:17.4 | mean 16.2
0823 21:16:02 ds4-server: chat ctx=1424..1474:50 gen=1350 THINKING decoding chunk=15.72 t/s avg=16.99 t/s 79.443s
0823 21:16:05 ds4-server: chat ctx=1474..1524:50 gen=1400 THINKING decoding chunk=15.37 t/s avg=16.93 t/s 82.695s
ds4: qwen35moe experts/token avg over 128 tokens: 0:14.6 1:15.9 2:15.7 3:17.2 4:17.0 5:16.8 6:17.1 7:18.2 8:18.5 9:17.9 10:16.4 11:15.9 12:17.0 13:17.2 14:17.3 15:17.5 16:17.3 17:17.6 18:16.1 19:17.0 20:17.6 21:17.4 22:16.2 23:16.0 24:16.6 25:16.5 26:16.8 27:15.7 28:16.5 29:16.8 30:16.2 31:17.3 32:15.8 33:15.7 34:15.9 35:18.0 36:17.6 37:18.2 38:19.0 39:17.6 | mean 16.9
0823 21:16:08 ds4-server: chat ctx=1524..1574:50 gen=1450 THINKING decoding chunk=15.99 t/s avg=16.90 t/s 85.823s
0823 21:16:12 ds4-server: chat ctx=1574..1624:50 gen=1500 THINKING decoding chunk=15.81 t/s avg=16.86 t/s 88.985s
0823 21:16:15 ds4-server: chat ctx=1624..1674:50 gen=1550 decoding chunk=15.67 t/s avg=16.82 t/s 92.175s
ds4: qwen35moe experts/token avg over 128 tokens: 0:14.2 1:15.2 2:15.0 3:16.5 4:16.7 5:15.8 6:15.5 7:17.3 8:17.8 9:17.2 10:15.8 11:14.9 12:16.8 13:15.7 14:15.6 15:15.7 16:15.8 17:15.9 18:15.5 19:15.6 20:16.6 21:16.9 22:15.9 23:15.0 24:15.7 25:15.9 26:15.8 27:15.4 28:15.9 29:15.4 30:15.4 31:16.6 32:15.4 33:15.2 34:15.1 35:17.0 36:17.3 37:17.7 38:19.3 39:17.6 | mean 16.1
0823 21:16:18 ds4-server: chat ctx=1674..1724:50 gen=1600 decoding chunk=15.46 t/s avg=16.77 t/s 95.410s
0823 21:16:21 ds4-server: chat ctx=1724..1774:50 gen=1650 decoding chunk=15.38 t/s avg=16.72 t/s 98.661s
0823 21:16:25 ds4-server: chat ctx=1774..1824:50 gen=1700 decoding chunk=15.32 t/s avg=16.68 t/s 101.925s
ds4: qwen35moe experts/token avg over 128 tokens: 0:14.4 1:15.8 2:15.7 3:17.7 4:16.8 5:17.4 6:17.0 7:17.7 8:18.3 9:17.6 10:16.2 11:15.4 12:17.4 13:17.0 14:17.4 15:16.5 16:17.4 17:17.3 18:16.1 19:16.3 20:18.7 21:17.1 22:15.9 23:15.4 24:16.4 25:16.9 26:17.3 27:16.5 28:16.3 29:15.9 30:16.1 31:16.4 32:16.1 33:16.2 34:16.0 35:16.9 36:17.7 37:18.2 38:18.8 39:18.2 | mean 16.8
0823 21:16:28 ds4-server: chat ctx=1824..1874:50 gen=1750 decoding chunk=15.14 t/s avg=16.63 t/s 105.228s
0823 21:16:31 ds4-server: chat ctx=1874..1924:50 gen=1800 decoding chunk=15.04 t/s avg=16.58 t/s 108.552s
ds4: qwen35moe experts/token avg over 128 tokens: 0:14.6 1:15.7 2:16.3 3:17.6 4:16.5 5:17.6 6:17.3 7:18.2 8:18.0 9:17.3 10:16.2 11:16.3 12:17.3 13:17.8 14:18.0 15:17.7 16:17.4 17:17.0 18:16.6 19:17.2 20:17.7 21:18.6 22:15.8 23:16.0 24:17.1 25:17.7 26:17.6 27:17.4 28:17.2 29:17.0 30:16.8 31:18.2 32:16.9 33:17.6 34:16.9 35:18.2 36:18.4 37:18.8 38:19.4 39:19.2 | mean 17.3
0823 21:16:35 ds4-server: chat ctx=1924..1974:50 gen=1850 decoding chunk=14.88 t/s avg=16.53 t/s 111.912s
0823 21:16:38 ds4-server: chat ctx=1974..2024:50 gen=1900 decoding chunk=14.80 t/s avg=16.48 t/s 115.291s
0823 21:16:41 ds4-server: chat ctx=2024..2074:50 gen=1950 decoding chunk=14.80 t/s avg=16.43 t/s 118.670s
ds4: qwen35moe experts/token avg over 128 tokens: 0:14.8 1:15.9 2:16.4 3:17.3 4:17.0 5:17.4 6:17.6 7:17.8 8:18.7 9:17.8 10:16.8 11:16.3 12:17.8 13:17.9 14:18.5 15:17.9 16:18.2 17:17.1 18:17.5 19:17.7 20:18.9 21:18.2 22:16.3 23:16.4 24:17.9 25:18.2 26:17.8 27:17.6 28:17.5 29:16.9 30:17.8 31:18.0 32:16.9 33:17.5 34:17.0 35:18.2 36:18.4 37:19.4 38:19.2 39:18.7 | mean 17.6
0823 21:16:43 ds4-server: chat ctx=2074..2098:24 gen=1974 decoding chunk=14.74 t/s avg=16.41 t/s 120.299s
0823 21:16:43 ds4-server: thinking live checkpoint remembered ctx=0..124:124 live=2098 visible=2317
0823 21:16:43 ds4-server: chat ctx=0..124:124 gen=1974 finish=stop 126.918s
0823 21:16:43 ds4-server: live kv cache miss live=2098 prompt=137 common=60 reason=token-mismatch
0823 21:16:43 ds4-server: chat ctx=0..137:137 prompt start
0823 21:16:43 ds4-server: chat ctx=0..137:137 prefill chunk 1/137 (0.7%) chunk=0.00 t/s avg=19.08 t/s 0.052s
0823 21:16:43 ds4-server: chat ctx=0..137:137 prefill chunk 2/137 (1.5%) chunk=19.88 t/s avg=19.47 t/s 0.103s
0823 21:16:43 ds4-server: chat ctx=0..137:137 prefill chunk 3/137 (2.2%) chunk=19.20 t/s avg=19.38 t/s 0.155s
0823 21:16:43 ds4-server: chat ctx=0..137:137 prefill chunk 4/137 (2.9%) chunk=19.90 t/s avg=19.51 t/s 0.205s
0823 21:16:43 ds4-server: chat ctx=0..137:137 prefill chunk 5/137 (3.6%) chunk=19.03 t/s avg=19.41 t/s 0.258s
0823 21:16:43 ds4-server: chat ctx=0..137:137 prefill chunk 6/137 (4.4%) chunk=19.69 t/s avg=19.46 t/s 0.308s
0823 21:16:43 ds4-server: chat ctx=0..137:137 prefill chunk 7/137 (5.1%) chunk=19.34 t/s avg=19.44 t/s 0.360s
0823 21:16:43 ds4-server: chat ctx=0..137:137 prefill chunk 8/137 (5.8%) chunk=19.40 t/s avg=19.43 t/s 0.412s
0823 21:16:43 ds4-server: chat ctx=0..137:137 prefill chunk 9/137 (6.6%) chunk=19.31 t/s avg=19.42 t/s 0.463s
0823 21:16:43 ds4-server: chat ctx=0..137:137 prefill chunk 10/137 (7.3%) chunk=19.42 t/s avg=19.42 t/s 0.515s
0823 21:16:44 ds4-server: chat ctx=0..137:137 prefill chunk 11/137 (8.0%) chunk=19.30 t/s avg=19.41 t/s 0.567s
0823 21:16:44 ds4-server: chat ctx=0..137:137 prefill chunk 12/137 (8.8%) chunk=18.67 t/s avg=19.35 t/s 0.620s
0823 21:16:44 ds4-server: chat ctx=0..137:137 prefill chunk 13/137 (9.5%) chunk=19.22 t/s avg=19.34 t/s 0.672s
0823 21:16:44 ds4-server: chat ctx=0..137:137 prefill chunk 14/137 (10.2%) chunk=18.45 t/s avg=19.27 t/s 0.727s
0823 21:16:44 ds4-server: chat ctx=0..137:137 prefill chunk 15/137 (10.9%) chunk=19.07 t/s avg=19.26 t/s 0.779s
0823 21:16:44 ds4-server: chat ctx=0..137:137 prefill chunk 16/137 (11.7%) chunk=18.61 t/s avg=19.21 t/s 0.833s
0823 21:16:44 ds4-server: chat ctx=0..137:137 prefill chunk 17/137 (12.4%) chunk=18.43 t/s avg=19.17 t/s 0.887s
0823 21:16:44 ds4-server: chat ctx=0..137:137 prefill chunk 18/137 (13.1%) chunk=19.49 t/s avg=19.18 t/s 0.938s
0823 21:16:44 ds4-server: chat ctx=0..137:137 prefill chunk 19/137 (13.9%) chunk=18.23 t/s avg=19.13 t/s 0.993s
0823 21:16:44 ds4-server: chat ctx=0..137:137 prefill chunk 20/137 (14.6%) chunk=18.78 t/s avg=19.11 t/s 1.046s
0823 21:16:44 ds4-server: chat ctx=0..137:137 prefill chunk 21/137 (15.3%) chunk=18.77 t/s avg=19.10 t/s 1.100s
0823 21:16:44 ds4-server: chat ctx=0..137:137 prefill chunk 22/137 (16.1%) chunk=18.85 t/s avg=19.09 t/s 1.153s
0823 21:16:44 ds4-server: chat ctx=0..137:137 prefill chunk 23/137 (16.8%) chunk=19.55 t/s avg=19.11 t/s 1.204s
0823 21:16:44 ds4-server: chat ctx=0..137:137 prefill chunk 24/137 (17.5%) chunk=18.71 t/s avg=19.09 t/s 1.257s
0823 21:16:44 ds4-server: chat ctx=0..137:137 prefill chunk 25/137 (18.2%) chunk=19.61 t/s avg=19.11 t/s 1.308s
0823 21:16:44 ds4-server: chat ctx=0..137:137 prefill chunk 26/137 (19.0%) chunk=18.93 t/s avg=19.10 t/s 1.361s
0823 21:16:44 ds4-server: chat ctx=0..137:137 prefill chunk 27/137 (19.7%) chunk=19.33 t/s avg=19.11 t/s 1.413s
0823 21:16:44 ds4-server: chat ctx=0..137:137 prefill chunk 28/137 (20.4%) chunk=18.78 t/s avg=19.10 t/s 1.466s
0823 21:16:44 ds4-server: chat ctx=0..137:137 prefill chunk 29/137 (21.2%) chunk=18.40 t/s avg=19.07 t/s 1.520s
0823 21:16:45 ds4-server: chat ctx=0..137:137 prefill chunk 30/137 (21.9%) chunk=19.16 t/s avg=19.08 t/s 1.573s
0823 21:16:45 ds4-server: chat ctx=0..137:137 prefill chunk 31/137 (22.6%) chunk=18.10 t/s avg=19.04 t/s 1.628s
0823 21:16:45 ds4-server: chat ctx=0..137:137 prefill chunk 32/137 (23.4%) chunk=18.57 t/s avg=19.03 t/s 1.682s
0823 21:16:45 ds4-server: chat ctx=0..137:137 prefill chunk 33/137 (24.1%) chunk=19.22 t/s avg=19.03 t/s 1.734s
0823 21:16:45 ds4-server: chat ctx=0..137:137 prefill chunk 34/137 (24.8%) chunk=18.29 t/s avg=19.01 t/s 1.788s
0823 21:16:45 ds4-server: chat ctx=0..137:137 prefill chunk 35/137 (25.5%) chunk=18.54 t/s avg=19.00 t/s 1.842s
0823 21:16:45 ds4-server: chat ctx=0..137:137 prefill chunk 36/137 (26.3%) chunk=18.44 t/s avg=18.98 t/s 1.897s
0823 21:16:45 ds4-server: chat ctx=0..137:137 prefill chunk 37/137 (27.0%) chunk=17.66 t/s avg=18.94 t/s 1.953s
0823 21:16:45 ds4-server: chat ctx=0..137:137 prefill chunk 38/137 (27.7%) chunk=17.99 t/s avg=18.92 t/s 2.009s
0823 21:16:45 ds4-server: chat ctx=0..137:137 prefill chunk 39/137 (28.5%) chunk=18.17 t/s avg=18.90 t/s 2.064s
0823 21:16:45 ds4-server: chat ctx=0..137:137 prefill chunk 40/137 (29.2%) chunk=18.26 t/s avg=18.88 t/s 2.119s
0823 21:16:45 ds4-server: chat ctx=0..137:137 prefill chunk 41/137 (29.9%) chunk=18.89 t/s avg=18.88 t/s 2.172s
0823 21:16:45 ds4-server: chat ctx=0..137:137 prefill chunk 42/137 (30.7%) chunk=18.38 t/s avg=18.87 t/s 2.226s
0823 21:16:45 ds4-server: chat ctx=0..137:137 prefill chunk 43/137 (31.4%) chunk=19.44 t/s avg=18.88 t/s 2.277s
0823 21:16:45 ds4-server: chat ctx=0..137:137 prefill chunk 44/137 (32.1%) chunk=18.84 t/s avg=18.88 t/s 2.330s
0823 21:16:45 ds4-server: chat ctx=0..137:137 prefill chunk 45/137 (32.8%) chunk=18.30 t/s avg=18.87 t/s 2.385s
0823 21:16:45 ds4-server: chat ctx=0..137:137 prefill chunk 46/137 (33.6%) chunk=18.74 t/s avg=18.86 t/s 2.438s
0823 21:16:45 ds4-server: chat ctx=0..137:137 prefill chunk 47/137 (34.3%) chunk=17.96 t/s avg=18.84 t/s 2.494s
0823 21:16:46 ds4-server: chat ctx=0..137:137 prefill chunk 48/137 (35.0%) chunk=19.32 t/s avg=18.85 t/s 2.546s
0823 21:16:46 ds4-server: chat ctx=0..137:137 prefill chunk 49/137 (35.8%) chunk=18.78 t/s avg=18.85 t/s 2.599s
0823 21:16:46 ds4-server: chat ctx=0..137:137 prefill chunk 50/137 (36.5%) chunk=18.65 t/s avg=18.85 t/s 2.653s
0823 21:16:46 ds4-server: chat ctx=0..137:137 prefill chunk 51/137 (37.2%) chunk=19.29 t/s avg=18.86 t/s 2.705s
0823 21:16:46 ds4-server: chat ctx=0..137:137 prefill chunk 52/137 (38.0%) chunk=18.26 t/s avg=18.85 t/s 2.759s
0823 21:16:46 ds4-server: chat ctx=0..137:137 prefill chunk 53/137 (38.7%) chunk=19.33 t/s avg=18.85 t/s 2.811s
0823 21:16:46 ds4-server: chat ctx=0..137:137 prefill chunk 54/137 (39.4%) chunk=19.08 t/s avg=18.86 t/s 2.863s
0823 21:16:46 ds4-server: chat ctx=0..137:137 prefill chunk 55/137 (40.1%) chunk=19.49 t/s avg=18.87 t/s 2.915s
0823 21:16:46 ds4-server: chat ctx=0..137:137 prefill chunk 56/137 (40.9%) chunk=20.38 t/s avg=18.89 t/s 2.964s
0823 21:16:46 ds4-server: chat ctx=0..137:137 prefill chunk 57/137 (41.6%) chunk=19.25 t/s avg=18.90 t/s 3.016s
0823 21:16:46 ds4-server: chat ctx=0..137:137 prefill chunk 58/137 (42.3%) chunk=18.91 t/s avg=18.90 t/s 3.069s
0823 21:16:46 ds4-server: chat ctx=0..137:137 prefill chunk 59/137 (43.1%) chunk=18.48 t/s avg=18.89 t/s 3.123s
0823 21:16:46 ds4-server: chat ctx=0..137:137 prefill chunk 60/137 (43.8%) chunk=19.26 t/s avg=18.90 t/s 3.175s
0823 21:16:46 ds4-server: chat ctx=0..137:137 prefill chunk 61/137 (44.5%) chunk=18.33 t/s avg=18.89 t/s 3.229s
0823 21:16:46 ds4-server: chat ctx=0..137:137 prefill chunk 62/137 (45.3%) chunk=19.00 t/s avg=18.89 t/s 3.282s
0823 21:16:46 ds4-server: chat ctx=0..137:137 prefill chunk 63/137 (46.0%) chunk=19.02 t/s avg=18.89 t/s 3.334s
0823 21:16:46 ds4-server: chat ctx=0..137:137 prefill chunk 64/137 (46.7%) chunk=18.32 t/s avg=18.88 t/s 3.389s
0823 21:16:46 ds4-server: chat ctx=0..137:137 prefill chunk 65/137 (47.4%) chunk=18.71 t/s avg=18.88 t/s 3.443s
0823 21:16:46 ds4-server: chat ctx=0..137:137 prefill chunk 66/137 (48.2%) chunk=18.62 t/s avg=18.88 t/s 3.496s
0823 21:16:47 ds4-server: chat ctx=0..137:137 prefill chunk 67/137 (48.9%) chunk=18.86 t/s avg=18.88 t/s 3.549s
0823 21:16:47 ds4-server: chat ctx=0..137:137 prefill chunk 68/137 (49.6%) chunk=19.13 t/s avg=18.88 t/s 3.602s
0823 21:16:47 ds4-server: chat ctx=0..137:137 prefill chunk 69/137 (50.4%) chunk=18.20 t/s avg=18.87 t/s 3.656s
0823 21:16:47 ds4-server: chat ctx=0..137:137 prefill chunk 70/137 (51.1%) chunk=18.46 t/s avg=18.86 t/s 3.711s
0823 21:16:47 ds4-server: chat ctx=0..137:137 prefill chunk 71/137 (51.8%) chunk=18.60 t/s avg=18.86 t/s 3.764s
0823 21:16:47 ds4-server: chat ctx=0..137:137 prefill chunk 72/137 (52.6%) chunk=18.42 t/s avg=18.85 t/s 3.819s
0823 21:16:47 ds4-server: chat ctx=0..137:137 prefill chunk 73/137 (53.3%) chunk=19.10 t/s avg=18.86 t/s 3.871s
0823 21:16:47 ds4-server: chat ctx=0..137:137 prefill chunk 74/137 (54.0%) chunk=18.83 t/s avg=18.86 t/s 3.924s
0823 21:16:47 ds4-server: chat ctx=0..137:137 prefill chunk 75/137 (54.7%) chunk=18.68 t/s avg=18.86 t/s 3.978s
0823 21:16:47 ds4-server: chat ctx=0..137:137 prefill chunk 76/137 (55.5%) chunk=18.37 t/s avg=18.85 t/s 4.032s
0823 21:16:47 ds4-server: chat ctx=0..137:137 prefill chunk 77/137 (56.2%) chunk=18.59 t/s avg=18.85 t/s 4.086s
0823 21:16:47 ds4-server: chat ctx=0..137:137 prefill chunk 78/137 (56.9%) chunk=19.28 t/s avg=18.85 t/s 4.138s
0823 21:16:47 ds4-server: chat ctx=0..137:137 prefill chunk 79/137 (57.7%) chunk=17.93 t/s avg=18.84 t/s 4.194s
0823 21:16:47 ds4-server: chat ctx=0..137:137 prefill chunk 80/137 (58.4%) chunk=18.24 t/s avg=18.83 t/s 4.248s
0823 21:16:47 ds4-server: chat ctx=0..137:137 prefill chunk 81/137 (59.1%) chunk=18.40 t/s avg=18.83 t/s 4.303s
0823 21:16:47 ds4-server: chat ctx=0..137:137 prefill chunk 82/137 (59.9%) chunk=18.62 t/s avg=18.82 t/s 4.356s
0823 21:16:47 ds4-server: chat ctx=0..137:137 prefill chunk 83/137 (60.6%) chunk=18.41 t/s avg=18.82 t/s 4.411s
0823 21:16:47 ds4-server: chat ctx=0..137:137 prefill chunk 84/137 (61.3%) chunk=18.30 t/s avg=18.81 t/s 4.465s
0823 21:16:47 ds4-server: chat ctx=0..137:137 prefill chunk 85/137 (62.0%) chunk=18.47 t/s avg=18.81 t/s 4.520s
0823 21:16:48 ds4-server: chat ctx=0..137:137 prefill chunk 86/137 (62.8%) chunk=19.31 t/s avg=18.81 t/s 4.571s
0823 21:16:48 ds4-server: chat ctx=0..137:137 prefill chunk 87/137 (63.5%) chunk=18.07 t/s avg=18.80 t/s 4.627s
0823 21:16:48 ds4-server: chat ctx=0..137:137 prefill chunk 88/137 (64.2%) chunk=18.96 t/s avg=18.81 t/s 4.679s
0823 21:16:48 ds4-server: chat ctx=0..137:137 prefill chunk 89/137 (65.0%) chunk=18.37 t/s avg=18.80 t/s 4.734s
0823 21:16:48 ds4-server: chat ctx=0..137:137 prefill chunk 90/137 (65.7%) chunk=18.20 t/s avg=18.79 t/s 4.789s
0823 21:16:48 ds4-server: chat ctx=0..137:137 prefill chunk 91/137 (66.4%) chunk=19.63 t/s avg=18.80 t/s 4.840s
0823 21:16:48 ds4-server: chat ctx=0..137:137 prefill chunk 92/137 (67.2%) chunk=18.30 t/s avg=18.80 t/s 4.894s
0823 21:16:48 ds4-server: chat ctx=0..137:137 prefill chunk 93/137 (67.9%) chunk=18.79 t/s avg=18.80 t/s 4.948s
0823 21:16:48 ds4-server: chat ctx=0..137:137 prefill chunk 94/137 (68.6%) chunk=18.52 t/s avg=18.79 t/s 5.002s
0823 21:16:48 ds4-server: chat ctx=0..137:137 prefill chunk 95/137 (69.3%) chunk=18.40 t/s avg=18.79 t/s 5.056s
0823 21:16:48 ds4-server: chat ctx=0..137:137 prefill chunk 96/137 (70.1%) chunk=18.55 t/s avg=18.79 t/s 5.110s
0823 21:16:48 ds4-server: chat ctx=0..137:137 prefill chunk 97/137 (70.8%) chunk=18.42 t/s avg=18.78 t/s 5.164s
0823 21:16:48 ds4-server: chat ctx=0..137:137 prefill chunk 98/137 (71.5%) chunk=18.62 t/s avg=18.78 t/s 5.218s
0823 21:16:48 ds4-server: chat ctx=0..137:137 prefill chunk 99/137 (72.3%) chunk=19.22 t/s avg=18.79 t/s 5.270s
0823 21:16:48 ds4-server: chat ctx=0..137:137 prefill chunk 100/137 (73.0%) chunk=18.29 t/s avg=18.78 t/s 5.325s
0823 21:16:48 ds4-server: chat ctx=0..137:137 prefill chunk 101/137 (73.7%) chunk=18.88 t/s avg=18.78 t/s 5.377s
0823 21:16:48 ds4-server: chat ctx=0..137:137 prefill chunk 102/137 (74.5%) chunk=17.92 t/s avg=18.77 t/s 5.433s
0823 21:16:48 ds4-server: chat ctx=0..137:137 prefill chunk 103/137 (75.2%) chunk=16.45 t/s avg=18.75 t/s 5.494s
0823 21:16:49 ds4-server: chat ctx=0..137:137 prefill chunk 104/137 (75.9%) chunk=18.45 t/s avg=18.74 t/s 5.548s
0823 21:16:49 ds4-server: chat ctx=0..137:137 prefill chunk 105/137 (76.6%) chunk=17.93 t/s avg=18.74 t/s 5.604s
0823 21:16:49 ds4-server: chat ctx=0..137:137 prefill chunk 106/137 (77.4%) chunk=18.23 t/s avg=18.73 t/s 5.659s
0823 21:16:49 ds4-server: chat ctx=0..137:137 prefill chunk 107/137 (78.1%) chunk=19.01 t/s avg=18.73 t/s 5.711s
0823 21:16:49 ds4-server: chat ctx=0..137:137 prefill chunk 108/137 (78.8%) chunk=18.34 t/s avg=18.73 t/s 5.766s
0823 21:16:49 ds4-server: chat ctx=0..137:137 prefill chunk 109/137 (79.6%) chunk=18.59 t/s avg=18.73 t/s 5.820s
0823 21:16:49 ds4-server: chat ctx=0..137:137 prefill chunk 110/137 (80.3%) chunk=18.49 t/s avg=18.73 t/s 5.874s
0823 21:16:49 ds4-server: chat ctx=0..137:137 prefill chunk 111/137 (81.0%) chunk=18.01 t/s avg=18.72 t/s 5.929s
ds4: qwen35moe experts/token avg over 128 tokens: 0:14.2 1:14.5 2:14.1 3:15.5 4:15.4 5:15.2 6:14.9 7:15.7 8:16.4 9:15.6 10:14.2 11:14.1 12:15.2 13:14.7 14:15.5 15:15.1 16:14.7 17:14.8 18:15.0 19:14.2 20:16.2 21:15.0 22:14.9 23:14.6 24:14.9 25:14.4 26:15.0 27:15.6 28:15.0 29:15.0 30:15.4 31:15.8 32:15.7 33:16.1 34:16.3 35:17.6 36:18.2 37:18.1 38:18.8 39:18.4 | mean 15.5
0823 21:16:49 ds4-server: chat ctx=0..137:137 prefill chunk 112/137 (81.8%) chunk=17.68 t/s avg=18.71 t/s 5.986s
0823 21:16:49 ds4-server: chat ctx=0..137:137 prefill chunk 113/137 (82.5%) chunk=18.43 t/s avg=18.71 t/s 6.040s
0823 21:16:49 ds4-server: chat ctx=0..137:137 prefill chunk 114/137 (83.2%) chunk=17.48 t/s avg=18.70 t/s 6.097s
0823 21:16:49 ds4-server: chat ctx=0..137:137 prefill chunk 115/137 (83.9%) chunk=18.09 t/s avg=18.69 t/s 6.153s
0823 21:16:49 ds4-server: chat ctx=0..137:137 prefill chunk 116/137 (84.7%) chunk=18.09 t/s avg=18.69 t/s 6.208s
0823 21:16:49 ds4-server: chat ctx=0..137:137 prefill chunk 117/137 (85.4%) chunk=17.45 t/s avg=18.67 t/s 6.265s
0823 21:16:49 ds4-server: chat ctx=0..137:137 prefill chunk 118/137 (86.1%) chunk=17.85 t/s avg=18.67 t/s 6.321s
0823 21:16:49 ds4-server: chat ctx=0..137:137 prefill chunk 119/137 (86.9%) chunk=18.15 t/s avg=18.66 t/s 6.376s
0823 21:16:49 ds4-server: chat ctx=0..137:137 prefill chunk 120/137 (87.6%) chunk=17.52 t/s avg=18.65 t/s 6.434s
0823 21:16:49 ds4-server: chat ctx=0..137:137 prefill chunk 121/137 (88.3%) chunk=17.86 t/s avg=18.65 t/s 6.489s
0823 21:16:50 ds4-server: chat ctx=0..137:137 prefill chunk 122/137 (89.1%) chunk=18.11 t/s avg=18.64 t/s 6.545s
0823 21:16:50 ds4-server: chat ctx=0..137:137 prefill chunk 123/137 (89.8%) chunk=17.19 t/s avg=18.63 t/s 6.603s
0823 21:16:50 ds4-server: chat ctx=0..137:137 prefill chunk 124/137 (90.5%) chunk=17.52 t/s avg=18.62 t/s 6.660s
0823 21:16:50 ds4-server: chat ctx=0..137:137 prefill chunk 125/137 (91.2%) chunk=17.96 t/s avg=18.61 t/s 6.716s
0823 21:16:50 ds4-server: chat ctx=0..137:137 prefill chunk 126/137 (92.0%) chunk=17.99 t/s avg=18.61 t/s 6.771s
0823 21:16:50 ds4-server: chat ctx=0..137:137 prefill chunk 127/137 (92.7%) chunk=17.65 t/s avg=18.60 t/s 6.828s
0823 21:16:50 ds4-server: chat ctx=0..137:137 prefill chunk 128/137 (93.4%) chunk=17.48 t/s avg=18.59 t/s 6.885s
0823 21:16:50 ds4-server: chat ctx=0..137:137 prefill chunk 129/137 (94.2%) chunk=18.33 t/s avg=18.59 t/s 6.940s
0823 21:16:50 ds4-server: chat ctx=0..137:137 prefill chunk 130/137 (94.9%) chunk=17.15 t/s avg=18.58 t/s 6.998s
0823 21:16:50 ds4-server: chat ctx=0..137:137 prefill chunk 131/137 (95.6%) chunk=18.04 t/s avg=18.57 t/s 7.053s
0823 21:16:50 ds4-server: chat ctx=0..137:137 prefill chunk 132/137 (96.4%) chunk=19.06 t/s avg=18.58 t/s 7.106s
0823 21:16:50 ds4-server: chat ctx=0..137:137 prefill chunk 133/137 (97.1%) chunk=18.23 t/s avg=18.57 t/s 7.161s
0823 21:16:50 ds4-server: chat ctx=0..137:137 prefill chunk 134/137 (97.8%) chunk=19.47 t/s avg=18.58 t/s 7.212s
0823 21:16:50 ds4-server: chat ctx=0..137:137 prefill chunk 135/137 (98.5%) chunk=17.88 t/s avg=18.57 t/s 7.268s
0823 21:16:50 ds4-server: chat ctx=0..137:137 prefill chunk 136/137 (99.3%) chunk=19.19 t/s avg=18.58 t/s 7.320s
0823 21:16:50 ds4-server: chat ctx=0..137:137 prefill chunk 137/137 (100.0%) chunk=19.87 t/s avg=18.59 t/s 7.370s
0823 21:16:50 ds4-server: chat ctx=0..137:137 prompt done 7.370s
0823 21:16:53 ds4-server: chat ctx=137..187:50 gen=50 THINKING decoding chunk=18.25 t/s avg=18.25 t/s 2.740s
0823 21:16:56 ds4-server: chat ctx=187..237:50 gen=100 THINKING decoding chunk=18.35 t/s avg=18.30 t/s 5.464s
ds4: qwen35moe experts/token avg over 128 tokens: 0:14.3 1:14.8 2:14.5 3:16.3 4:15.8 5:15.6 6:15.6 7:16.1 8:17.0 9:16.4 10:14.6 11:14.6 12:15.0 13:14.8 14:15.8 15:15.8 16:15.7 17:15.4 18:16.0 19:15.3 20:16.7 21:16.1 22:14.9 23:14.7 24:15.7 25:15.2 26:15.8 27:16.2 28:15.4 29:15.1 30:16.0 31:16.6 32:15.9 33:15.2 34:16.1 35:17.3 36:17.3 37:17.5 38:18.9 39:18.2 | mean 15.8
0823 21:16:59 ds4-server: chat ctx=237..287:50 gen=150 THINKING decoding chunk=18.41 t/s avg=18.34 t/s 8.181s
0823 21:17:01 ds4-server: chat ctx=287..337:50 gen=200 THINKING decoding chunk=18.00 t/s avg=18.25 t/s 10.959s
ds4: qwen35moe experts/token avg over 128 tokens: 0:14.3 1:15.1 2:14.9 3:16.5 4:16.5 5:16.3 6:15.9 7:16.5 8:16.7 9:16.6 10:15.3 11:14.1 12:15.5 13:14.7 14:15.6 15:15.4 16:15.0 17:14.7 18:14.9 19:15.0 20:16.5 21:14.7 22:14.6 23:14.2 24:14.3 25:14.5 26:15.2 27:14.9 28:14.7 29:14.1 30:14.9 31:15.8 32:14.6 33:14.0 34:14.6 35:16.1 36:15.7 37:15.3 38:18.1 39:17.1 | mean 15.3
0823 21:17:04 ds4-server: chat ctx=337..387:50 gen=250 THINKING decoding chunk=18.12 t/s avg=18.22 t/s 13.718s
0823 21:17:07 ds4-server: chat ctx=387..437:50 gen=300 THINKING decoding chunk=17.79 t/s avg=18.15 t/s 16.530s
0823 21:17:10 ds4-server: chat ctx=437..487:50 gen=350 THINKING decoding chunk=17.92 t/s avg=18.12 t/s 19.320s
ds4: qwen35moe experts/token avg over 128 tokens: 0:14.6 1:14.9 2:14.4 3:16.4 4:16.4 5:16.6 6:15.8 7:16.3 8:16.9 9:16.2 10:15.1 11:14.3 12:15.6 13:15.1 14:15.6 15:15.7 16:15.0 17:15.2 18:15.3 19:15.0 20:16.9 21:15.6 22:14.8 23:14.2 24:14.9 25:14.7 26:15.0 27:15.3 28:14.4 29:15.3 30:15.2 31:15.9 32:14.9 33:15.0 34:15.5 35:17.1 36:17.0 37:17.6 38:18.6 39:17.8 | mean 15.7
0823 21:17:13 ds4-server: chat ctx=487..537:50 gen=400 THINKING decoding chunk=17.42 t/s avg=18.03 t/s 22.190s
0823 21:17:15 ds4-server: chat ctx=537..587:50 gen=450 THINKING decoding chunk=17.35 t/s avg=17.95 t/s 25.071s
ds4: qwen35moe experts/token avg over 128 tokens: 0:14.7 1:14.7 2:14.9 3:16.9 4:16.9 5:16.6 6:16.5 7:17.7 8:17.5 9:17.2 10:16.3 11:15.5 12:16.6 13:16.7 14:16.8 15:16.6 16:16.1 17:16.4 18:16.0 19:16.5 20:17.2 21:17.5 22:15.4 23:15.7 24:15.7 25:16.0 26:16.4 27:16.5 28:15.6 29:16.0 30:15.9 31:17.0 32:15.8 33:16.0 34:15.4 35:17.6 36:17.9 37:18.5 38:18.7 39:17.7 | mean 16.5
0823 21:17:18 ds4-server: chat ctx=587..637:50 gen=500 THINKING decoding chunk=17.10 t/s avg=17.86 t/s 27.994s
0823 21:17:21 ds4-server: chat ctx=637..687:50 gen=550 THINKING decoding chunk=16.83 t/s avg=17.76 t/s 30.964s
0823 21:17:24 ds4-server: chat ctx=687..737:50 gen=600 THINKING decoding chunk=17.04 t/s avg=17.70 t/s 33.898s
ds4: qwen35moe experts/token avg over 128 tokens: 0:14.7 1:14.9 2:15.3 3:17.5 4:17.7 5:16.9 6:17.4 7:17.7 8:18.5 9:18.1 10:16.8 11:15.6 12:17.8 13:16.8 14:17.9 15:17.4 16:17.1 17:17.2 18:17.0 19:16.7 20:18.6 21:18.0 22:16.7 23:15.6 24:16.8 25:16.3 26:16.8 27:16.8 28:15.7 29:15.9 30:16.1 31:16.6 32:15.3 33:15.8 34:15.2 35:16.8 36:17.5 37:17.5 38:18.6 39:18.0 | mean 16.8
0823 21:17:27 ds4-server: chat ctx=737..787:50 gen=650 THINKING decoding chunk=16.83 t/s avg=17.63 t/s 36.870s
0823 21:17:30 ds4-server: chat ctx=787..837:50 gen=700 THINKING decoding chunk=16.97 t/s avg=17.58 t/s 39.816s
ds4: qwen35moe experts/token avg over 128 tokens: 0:14.9 1:15.0 2:15.0 3:16.8 4:16.2 5:16.2 6:16.9 7:17.2 8:17.3 9:17.1 10:15.6 11:15.5 12:16.0 13:16.5 14:16.4 15:16.2 16:16.2 17:15.9 18:15.6 19:16.1 20:16.9 21:17.1 22:15.7 23:15.3 24:15.8 25:15.5 26:15.9 27:15.6 28:16.0 29:15.8 30:15.9 31:17.1 32:16.4 33:16.1 34:15.5 35:17.9 36:17.5 37:18.0 38:18.9 39:17.7 | mean 16.3
0823 21:17:33 ds4-server: chat ctx=837..887:50 gen=750 THINKING decoding chunk=16.94 t/s avg=17.54 t/s 42.768s
0823 21:17:36 ds4-server: chat ctx=887..937:50 gen=800 THINKING decoding chunk=16.69 t/s avg=17.48 t/s 45.764s
0823 21:17:39 ds4-server: chat ctx=937..987:50 gen=850 THINKING decoding chunk=16.73 t/s avg=17.44 t/s 48.753s
ds4: qwen35moe experts/token avg over 128 tokens: 0:14.7 1:15.8 2:15.1 3:17.1 4:16.7 5:16.5 6:16.5 7:17.5 8:18.0 9:17.2 10:16.4 11:15.3 12:17.1 13:16.8 14:16.9 15:16.8 16:16.9 17:16.9 18:16.2 19:16.0 20:17.4 21:16.8 22:16.0 23:15.7 24:16.2 25:16.2 26:15.8 27:16.2 28:15.4 29:15.3 30:15.2 31:16.2 32:15.5 33:14.8 34:15.1 35:17.3 36:17.0 37:17.6 38:18.9 39:17.3 | mean 16.4
0823 21:17:42 ds4-server: chat ctx=987..1037:50 gen=900 THINKING decoding chunk=16.30 t/s avg=17.37 t/s 51.820s
0823 21:17:45 ds4-server: chat ctx=1037..1087:50 gen=950 THINKING decoding chunk=16.27 t/s avg=17.31 t/s 54.893s
ds4: qwen35moe experts/token avg over 128 tokens: 0:14.4 1:14.9 2:15.4 3:17.3 4:17.6 5:17.1 6:17.6 7:17.7 8:18.1 9:18.0 10:16.7 11:16.2 12:17.9 13:17.4 14:18.0 15:17.5 16:17.1 17:17.1 18:17.0 19:16.9 20:18.4 21:18.0 22:16.7 23:15.8 24:17.0 25:16.4 26:16.7 27:17.0 28:16.4 29:16.7 30:16.6 31:17.1 32:15.8 33:16.0 34:16.0 35:17.7 36:18.0 37:17.9 38:18.9 39:18.2 | mean 17.0
0823 21:17:48 ds4-server: chat ctx=1087..1137:50 gen=1000 THINKING decoding chunk=16.21 t/s avg=17.25 t/s 57.976s
0823 21:17:51 ds4-server: chat ctx=1137..1187:50 gen=1050 THINKING decoding chunk=16.32 t/s avg=17.20 t/s 61.040s
0823 21:17:54 ds4-server: chat ctx=1187..1237:50 gen=1100 THINKING decoding chunk=16.10 t/s avg=17.15 t/s 64.145s
ds4: qwen35moe experts/token avg over 128 tokens: 0:14.6 1:15.8 2:14.8 3:16.6 4:16.3 5:16.4 6:16.1 7:17.1 8:17.8 9:17.5 10:15.9 11:15.5 12:17.2 13:16.0 14:16.4 15:16.3 16:16.1 17:16.7 18:16.2 19:16.3 20:17.1 21:17.1 22:15.4 23:15.7 24:15.6 25:15.7 26:16.1 27:16.2 28:16.4 29:16.5 30:16.3 31:17.0 32:16.2 33:15.8 34:15.8 35:17.9 36:17.9 37:18.1 38:18.9 39:17.5 | mean 16.5
0823 21:17:58 ds4-server: chat ctx=1237..1287:50 gen=1150 THINKING decoding chunk=16.12 t/s avg=17.10 t/s 67.246s
0823 21:18:01 ds4-server: chat ctx=1287..1337:50 gen=1200 THINKING decoding chunk=15.62 t/s avg=17.03 t/s 70.446s
0823 21:18:04 ds4-server: chat ctx=1337..1387:50 gen=1250 THINKING decoding chunk=15.79 t/s avg=16.98 t/s 73.612s
ds4: qwen35moe experts/token avg over 128 tokens: 0:14.5 1:15.1 2:15.4 3:18.0 4:17.9 5:18.1 6:17.9 7:18.2 8:18.8 9:18.2 10:17.3 11:16.8 12:18.4 13:17.6 14:18.2 15:18.4 16:17.9 17:17.8 18:17.7 19:17.1 20:18.7 21:18.2 22:17.5 23:16.1 24:17.6 25:17.6 26:17.4 27:17.5 28:16.6 29:16.9 30:16.5 31:17.5 32:15.7 33:16.5 34:15.9 35:18.1 36:18.5 37:18.3 38:19.0 39:18.6 | mean 17.5
0823 21:18:07 ds4-server: chat ctx=1387..1437:50 gen=1300 THINKING decoding chunk=15.68 t/s avg=16.93 t/s 76.802s
0823 21:18:10 ds4-server: chat ctx=1437..1487:50 gen=1350 decoding chunk=15.59 t/s avg=16.87 t/s 80.010s
ds4: qwen35moe experts/token avg over 128 tokens: 0:14.3 1:15.8 2:15.3 3:17.8 4:17.4 5:17.9 6:17.7 7:18.4 8:18.4 9:18.2 10:17.1 11:16.9 12:18.1 13:17.4 14:18.3 15:18.2 16:18.0 17:17.9 18:17.7 19:17.9 20:18.8 21:18.7 22:17.5 23:16.7 24:17.8 25:17.2 26:17.9 27:17.8 28:17.4 29:17.7 30:17.1 31:18.2 32:16.6 33:16.6 34:16.8 35:18.5 36:18.9 37:19.0 38:19.4 39:18.7 | mean 17.7
0823 21:18:14 ds4-server: chat ctx=1487..1537:50 gen=1400 decoding chunk=15.17 t/s avg=16.81 t/s 83.304s
0823 21:18:17 ds4-server: chat ctx=1537..1587:50 gen=1450 decoding chunk=15.17 t/s avg=16.74 t/s 86.599s
0823 21:18:20 ds4-server: chat ctx=1587..1637:50 gen=1500 decoding chunk=15.12 t/s avg=16.68 t/s 89.906s
ds4: qwen35moe experts/token avg over 128 tokens: 0:14.8 1:15.6 2:15.8 3:18.0 4:18.1 5:18.0 6:18.2 7:18.3 8:18.7 9:18.3 10:17.7 11:17.5 12:18.2 13:18.0 14:18.5 15:18.9 16:19.0 17:18.7 18:18.7 19:18.6 20:19.2 21:19.2 22:18.2 23:17.8 24:18.9 25:18.2 26:19.1 27:18.7 28:18.2 29:18.8 30:18.6 31:19.2 32:18.0 33:19.2 34:18.9 35:19.8 36:19.7 37:19.8 38:19.6 39:19.6 | mean 18.4
0823 21:18:22 ds4-server: chat ctx=1637..1658:21 gen=1521 decoding chunk=15.08 t/s avg=16.66 t/s 91.299s
0823 21:18:22 ds4-server: thinking live checkpoint remembered ctx=0..137:137 live=1658 visible=1343
0823 21:18:22 ds4-server: chat ctx=0..137:137 gen=1521 finish=stop 98.669s
0823 21:18:22 ds4-server: live kv cache miss live=1658 prompt=142 common=60 reason=token-mismatch
0823 21:18:22 ds4-server: chat ctx=0..142:142 prompt start
0823 21:18:22 ds4-server: chat ctx=0..142:142 prefill chunk 1/142 (0.7%) chunk=0.00 t/s avg=18.77 t/s 0.053s
0823 21:18:22 ds4-server: chat ctx=0..142:142 prefill chunk 2/142 (1.4%) chunk=19.89 t/s avg=19.32 t/s 0.104s
0823 21:18:22 ds4-server: chat ctx=0..142:142 prefill chunk 3/142 (2.1%) chunk=19.18 t/s avg=19.27 t/s 0.156s
0823 21:18:22 ds4-server: chat ctx=0..142:142 prefill chunk 4/142 (2.8%) chunk=19.91 t/s avg=19.43 t/s 0.206s
0823 21:18:22 ds4-server: chat ctx=0..142:142 prefill chunk 5/142 (3.5%) chunk=19.02 t/s avg=19.35 t/s 0.258s
0823 21:18:22 ds4-server: chat ctx=0..142:142 prefill chunk 6/142 (4.2%) chunk=19.29 t/s avg=19.34 t/s 0.310s
0823 21:18:22 ds4-server: chat ctx=0..142:142 prefill chunk 7/142 (4.9%) chunk=19.30 t/s avg=19.33 t/s 0.362s
0823 21:18:22 ds4-server: chat ctx=0..142:142 prefill chunk 8/142 (5.6%) chunk=18.62 t/s avg=19.24 t/s 0.416s
0823 21:18:22 ds4-server: chat ctx=0..142:142 prefill chunk 9/142 (6.3%) chunk=20.15 t/s avg=19.34 t/s 0.465s
0823 21:18:22 ds4-server: chat ctx=0..142:142 prefill chunk 10/142 (7.0%) chunk=19.08 t/s avg=19.31 t/s 0.518s
0823 21:18:22 ds4-server: chat ctx=0..142:142 prefill chunk 11/142 (7.7%) chunk=19.77 t/s avg=19.35 t/s 0.568s
0823 21:18:22 ds4-server: chat ctx=0..142:142 prefill chunk 12/142 (8.5%) chunk=18.37 t/s avg=19.27 t/s 0.623s
0823 21:18:22 ds4-server: chat ctx=0..142:142 prefill chunk 13/142 (9.2%) chunk=19.05 t/s avg=19.25 t/s 0.675s
0823 21:18:22 ds4-server: chat ctx=0..142:142 prefill chunk 14/142 (9.9%) chunk=18.73 t/s avg=19.21 t/s 0.729s
0823 21:18:22 ds4-server: chat ctx=0..142:142 prefill chunk 15/142 (10.6%) chunk=18.34 t/s avg=19.15 t/s 0.783s
0823 21:18:22 ds4-server: chat ctx=0..142:142 prefill chunk 16/142 (11.3%) chunk=19.36 t/s avg=19.16 t/s 0.835s
0823 21:18:23 ds4-server: chat ctx=0..142:142 prefill chunk 17/142 (12.0%) chunk=18.78 t/s avg=19.14 t/s 0.888s
0823 21:18:23 ds4-server: chat ctx=0..142:142 prefill chunk 18/142 (12.7%) chunk=19.59 t/s avg=19.16 t/s 0.939s
0823 21:18:23 ds4-server: chat ctx=0..142:142 prefill chunk 19/142 (13.4%) chunk=18.67 t/s avg=19.14 t/s 0.993s
0823 21:18:23 ds4-server: chat ctx=0..142:142 prefill chunk 20/142 (14.1%) chunk=18.08 t/s avg=19.08 t/s 1.048s
0823 21:18:23 ds4-server: chat ctx=0..142:142 prefill chunk 21/142 (14.8%) chunk=19.21 t/s avg=19.09 t/s 1.100s
0823 21:18:23 ds4-server: chat ctx=0..142:142 prefill chunk 22/142 (15.5%) chunk=18.82 t/s avg=19.08 t/s 1.153s
0823 21:18:23 ds4-server: chat ctx=0..142:142 prefill chunk 23/142 (16.2%) chunk=19.50 t/s avg=19.09 t/s 1.205s
0823 21:18:23 ds4-server: chat ctx=0..142:142 prefill chunk 24/142 (16.9%) chunk=19.01 t/s avg=19.09 t/s 1.257s
0823 21:18:23 ds4-server: chat ctx=0..142:142 prefill chunk 25/142 (17.6%) chunk=19.53 t/s avg=19.11 t/s 1.308s
0823 21:18:23 ds4-server: chat ctx=0..142:142 prefill chunk 26/142 (18.3%) chunk=19.15 t/s avg=19.11 t/s 1.361s
0823 21:18:23 ds4-server: chat ctx=0..142:142 prefill chunk 27/142 (19.0%) chunk=18.79 t/s avg=19.10 t/s 1.414s
0823 21:18:23 ds4-server: chat ctx=0..142:142 prefill chunk 28/142 (19.7%) chunk=19.43 t/s avg=19.11 t/s 1.465s
0823 21:18:23 ds4-server: chat ctx=0..142:142 prefill chunk 29/142 (20.4%) chunk=18.47 t/s avg=19.09 t/s 1.519s
0823 21:18:23 ds4-server: chat ctx=0..142:142 prefill chunk 30/142 (21.1%) chunk=19.05 t/s avg=19.08 t/s 1.572s
0823 21:18:23 ds4-server: chat ctx=0..142:142 prefill chunk 31/142 (21.8%) chunk=18.40 t/s avg=19.06 t/s 1.626s
0823 21:18:23 ds4-server: chat ctx=0..142:142 prefill chunk 32/142 (22.5%) chunk=18.49 t/s avg=19.04 t/s 1.680s
0823 21:18:23 ds4-server: chat ctx=0..142:142 prefill chunk 33/142 (23.2%) chunk=19.25 t/s avg=19.05 t/s 1.732s
0823 21:18:23 ds4-server: chat ctx=0..142:142 prefill chunk 34/142 (23.9%) chunk=18.43 t/s avg=19.03 t/s 1.787s
0823 21:18:23 ds4-server: chat ctx=0..142:142 prefill chunk 35/142 (24.6%) chunk=18.76 t/s avg=19.02 t/s 1.840s
0823 21:18:24 ds4-server: chat ctx=0..142:142 prefill chunk 36/142 (25.4%) chunk=18.43 t/s avg=19.01 t/s 1.894s
0823 21:18:24 ds4-server: chat ctx=0..142:142 prefill chunk 37/142 (26.1%) chunk=17.44 t/s avg=18.96 t/s 1.951s
0823 21:18:24 ds4-server: chat ctx=0..142:142 prefill chunk 38/142 (26.8%) chunk=18.26 t/s avg=18.94 t/s 2.006s
0823 21:18:24 ds4-server: chat ctx=0..142:142 prefill chunk 39/142 (27.5%) chunk=18.30 t/s avg=18.92 t/s 2.061s
0823 21:18:24 ds4-server: chat ctx=0..142:142 prefill chunk 40/142 (28.2%) chunk=18.35 t/s avg=18.91 t/s 2.115s
0823 21:18:24 ds4-server: chat ctx=0..142:142 prefill chunk 41/142 (28.9%) chunk=18.99 t/s avg=18.91 t/s 2.168s
0823 21:18:24 ds4-server: chat ctx=0..142:142 prefill chunk 42/142 (29.6%) chunk=18.12 t/s avg=18.89 t/s 2.223s
0823 21:18:24 ds4-server: chat ctx=0..142:142 prefill chunk 43/142 (30.3%) chunk=19.49 t/s avg=18.90 t/s 2.275s
0823 21:18:24 ds4-server: chat ctx=0..142:142 prefill chunk 44/142 (31.0%) chunk=18.87 t/s avg=18.90 t/s 2.328s
0823 21:18:24 ds4-server: chat ctx=0..142:142 prefill chunk 45/142 (31.7%) chunk=18.25 t/s avg=18.89 t/s 2.382s
0823 21:18:24 ds4-server: chat ctx=0..142:142 prefill chunk 46/142 (32.4%) chunk=18.64 t/s avg=18.88 t/s 2.436s
0823 21:18:24 ds4-server: chat ctx=0..142:142 prefill chunk 47/142 (33.1%) chunk=18.01 t/s avg=18.86 t/s 2.492s
0823 21:18:24 ds4-server: chat ctx=0..142:142 prefill chunk 48/142 (33.8%) chunk=18.98 t/s avg=18.87 t/s 2.544s
0823 21:18:24 ds4-server: chat ctx=0..142:142 prefill chunk 49/142 (34.5%) chunk=18.80 t/s avg=18.86 t/s 2.597s
0823 21:18:24 ds4-server: chat ctx=0..142:142 prefill chunk 50/142 (35.2%) chunk=18.65 t/s avg=18.86 t/s 2.651s
0823 21:18:24 ds4-server: chat ctx=0..142:142 prefill chunk 51/142 (35.9%) chunk=19.48 t/s avg=18.87 t/s 2.702s
0823 21:18:24 ds4-server: chat ctx=0..142:142 prefill chunk 52/142 (36.6%) chunk=18.02 t/s avg=18.86 t/s 2.758s
0823 21:18:24 ds4-server: chat ctx=0..142:142 prefill chunk 53/142 (37.3%) chunk=19.17 t/s avg=18.86 t/s 2.810s
0823 21:18:24 ds4-server: chat ctx=0..142:142 prefill chunk 54/142 (38.0%) chunk=19.37 t/s avg=18.87 t/s 2.862s
0823 21:18:25 ds4-server: chat ctx=0..142:142 prefill chunk 55/142 (38.7%) chunk=19.48 t/s avg=18.88 t/s 2.913s
0823 21:18:25 ds4-server: chat ctx=0..142:142 prefill chunk 56/142 (39.4%) chunk=20.52 t/s avg=18.91 t/s 2.962s
0823 21:18:25 ds4-server: chat ctx=0..142:142 prefill chunk 57/142 (40.1%) chunk=18.93 t/s avg=18.91 t/s 3.015s
0823 21:18:25 ds4-server: chat ctx=0..142:142 prefill chunk 58/142 (40.8%) chunk=19.14 t/s avg=18.91 t/s 3.067s
0823 21:18:25 ds4-server: chat ctx=0..142:142 prefill chunk 59/142 (41.5%) chunk=18.55 t/s avg=18.91 t/s 3.121s
0823 21:18:25 ds4-server: chat ctx=0..142:142 prefill chunk 60/142 (42.3%) chunk=19.16 t/s avg=18.91 t/s 3.173s
0823 21:18:25 ds4-server: chat ctx=0..142:142 prefill chunk 61/142 (43.0%) chunk=18.32 t/s avg=18.90 t/s 3.227s
0823 21:18:25 ds4-server: chat ctx=0..142:142 prefill chunk 62/142 (43.7%) chunk=18.30 t/s avg=18.89 t/s 3.282s
0823 21:18:25 ds4-server: chat ctx=0..142:142 prefill chunk 63/142 (44.4%) chunk=18.97 t/s avg=18.89 t/s 3.335s
0823 21:18:25 ds4-server: chat ctx=0..142:142 prefill chunk 64/142 (45.1%) chunk=18.14 t/s avg=18.88 t/s 3.390s
0823 21:18:25 ds4-server: chat ctx=0..142:142 prefill chunk 65/142 (45.8%) chunk=18.69 t/s avg=18.88 t/s 3.443s
0823 21:18:25 ds4-server: chat ctx=0..142:142 prefill chunk 66/142 (46.5%) chunk=19.01 t/s avg=18.88 t/s 3.496s
0823 21:18:25 ds4-server: chat ctx=0..142:142 prefill chunk 67/142 (47.2%) chunk=18.33 t/s avg=18.87 t/s 3.551s
0823 21:18:25 ds4-server: chat ctx=0..142:142 prefill chunk 68/142 (47.9%) chunk=18.98 t/s avg=18.87 t/s 3.603s
0823 21:18:25 ds4-server: chat ctx=0..142:142 prefill chunk 69/142 (48.6%) chunk=18.23 t/s avg=18.86 t/s 3.658s
0823 21:18:25 ds4-server: chat ctx=0..142:142 prefill chunk 70/142 (49.3%) chunk=19.16 t/s avg=18.87 t/s 3.710s
0823 21:18:25 ds4-server: chat ctx=0..142:142 prefill chunk 71/142 (50.0%) chunk=19.34 t/s avg=18.87 t/s 3.762s
0823 21:18:25 ds4-server: chat ctx=0..142:142 prefill chunk 72/142 (50.7%) chunk=18.99 t/s avg=18.87 t/s 3.815s
0823 21:18:25 ds4-server: chat ctx=0..142:142 prefill chunk 73/142 (51.4%) chunk=19.63 t/s avg=18.88 t/s 3.866s
0823 21:18:26 ds4-server: chat ctx=0..142:142 prefill chunk 74/142 (52.1%) chunk=19.00 t/s avg=18.89 t/s 3.918s
0823 21:18:26 ds4-server: chat ctx=0..142:142 prefill chunk 75/142 (52.8%) chunk=19.45 t/s avg=18.89 t/s 3.970s
0823 21:18:26 ds4-server: chat ctx=0..142:142 prefill chunk 76/142 (53.5%) chunk=18.74 t/s avg=18.89 t/s 4.023s
0823 21:18:26 ds4-server: chat ctx=0..142:142 prefill chunk 77/142 (54.2%) chunk=19.59 t/s avg=18.90 t/s 4.074s
0823 21:18:26 ds4-server: chat ctx=0..142:142 prefill chunk 78/142 (54.9%) chunk=18.42 t/s avg=18.89 t/s 4.128s
0823 21:18:26 ds4-server: chat ctx=0..142:142 prefill chunk 79/142 (55.6%) chunk=18.39 t/s avg=18.89 t/s 4.183s
0823 21:18:26 ds4-server: chat ctx=0..142:142 prefill chunk 80/142 (56.3%) chunk=19.51 t/s avg=18.89 t/s 4.234s
0823 21:18:26 ds4-server: chat ctx=0..142:142 prefill chunk 81/142 (57.0%) chunk=18.66 t/s avg=18.89 t/s 4.288s
0823 21:18:26 ds4-server: chat ctx=0..142:142 prefill chunk 82/142 (57.7%) chunk=19.28 t/s avg=18.90 t/s 4.339s
0823 21:18:26 ds4-server: chat ctx=0..142:142 prefill chunk 83/142 (58.5%) chunk=18.52 t/s avg=18.89 t/s 4.393s
0823 21:18:26 ds4-server: chat ctx=0..142:142 prefill chunk 84/142 (59.2%) chunk=18.62 t/s avg=18.89 t/s 4.447s
0823 21:18:26 ds4-server: chat ctx=0..142:142 prefill chunk 85/142 (59.9%) chunk=18.81 t/s avg=18.89 t/s 4.500s
0823 21:18:26 ds4-server: chat ctx=0..142:142 prefill chunk 86/142 (60.6%) chunk=18.36 t/s avg=18.88 t/s 4.555s
0823 21:18:26 ds4-server: chat ctx=0..142:142 prefill chunk 87/142 (61.3%) chunk=19.49 t/s avg=18.89 t/s 4.606s
0823 21:18:26 ds4-server: chat ctx=0..142:142 prefill chunk 88/142 (62.0%) chunk=18.85 t/s avg=18.89 t/s 4.659s
0823 21:18:26 ds4-server: chat ctx=0..142:142 prefill chunk 89/142 (62.7%) chunk=18.55 t/s avg=18.88 t/s 4.713s
0823 21:18:26 ds4-server: chat ctx=0..142:142 prefill chunk 90/142 (63.4%) chunk=19.24 t/s avg=18.89 t/s 4.765s
0823 21:18:26 ds4-server: chat ctx=0..142:142 prefill chunk 91/142 (64.1%) chunk=18.44 t/s avg=18.88 t/s 4.819s
0823 21:18:26 ds4-server: chat ctx=0..142:142 prefill chunk 92/142 (64.8%) chunk=19.33 t/s avg=18.89 t/s 4.871s
0823 21:18:27 ds4-server: chat ctx=0..142:142 prefill chunk 93/142 (65.5%) chunk=18.36 t/s avg=18.88 t/s 4.925s
0823 21:18:27 ds4-server: chat ctx=0..142:142 prefill chunk 94/142 (66.2%) chunk=18.67 t/s avg=18.88 t/s 4.979s
0823 21:18:27 ds4-server: chat ctx=0..142:142 prefill chunk 95/142 (66.9%) chunk=18.46 t/s avg=18.87 t/s 5.033s
0823 21:18:27 ds4-server: chat ctx=0..142:142 prefill chunk 96/142 (67.6%) chunk=18.40 t/s avg=18.87 t/s 5.088s
0823 21:18:27 ds4-server: chat ctx=0..142:142 prefill chunk 97/142 (68.3%) chunk=18.86 t/s avg=18.87 t/s 5.141s
0823 21:18:27 ds4-server: chat ctx=0..142:142 prefill chunk 98/142 (69.0%) chunk=18.46 t/s avg=18.87 t/s 5.195s
0823 21:18:27 ds4-server: chat ctx=0..142:142 prefill chunk 99/142 (69.7%) chunk=18.53 t/s avg=18.86 t/s 5.249s
0823 21:18:27 ds4-server: chat ctx=0..142:142 prefill chunk 100/142 (70.4%) chunk=19.03 t/s avg=18.86 t/s 5.301s
0823 21:18:27 ds4-server: chat ctx=0..142:142 prefill chunk 101/142 (71.1%) chunk=18.28 t/s avg=18.86 t/s 5.356s
0823 21:18:27 ds4-server: chat ctx=0..142:142 prefill chunk 102/142 (71.8%) chunk=19.30 t/s avg=18.86 t/s 5.408s
0823 21:18:27 ds4-server: chat ctx=0..142:142 prefill chunk 103/142 (72.5%) chunk=18.75 t/s avg=18.86 t/s 5.461s
0823 21:18:27 ds4-server: chat ctx=0..142:142 prefill chunk 104/142 (73.2%) chunk=19.06 t/s avg=18.86 t/s 5.514s
0823 21:18:27 ds4-server: chat ctx=0..142:142 prefill chunk 105/142 (73.9%) chunk=18.92 t/s avg=18.86 t/s 5.566s
0823 21:18:27 ds4-server: chat ctx=0..142:142 prefill chunk 106/142 (74.6%) chunk=18.32 t/s avg=18.86 t/s 5.621s
0823 21:18:27 ds4-server: chat ctx=0..142:142 prefill chunk 107/142 (75.4%) chunk=19.31 t/s avg=18.86 t/s 5.673s
0823 21:18:27 ds4-server: chat ctx=0..142:142 prefill chunk 108/142 (76.1%) chunk=18.69 t/s avg=18.86 t/s 5.726s
0823 21:18:27 ds4-server: chat ctx=0..142:142 prefill chunk 109/142 (76.8%) chunk=18.24 t/s avg=18.85 t/s 5.781s
0823 21:18:27 ds4-server: chat ctx=0..142:142 prefill chunk 110/142 (77.5%) chunk=18.75 t/s avg=18.85 t/s 5.834s
0823 21:18:28 ds4-server: chat ctx=0..142:142 prefill chunk 111/142 (78.2%) chunk=18.60 t/s avg=18.85 t/s 5.888s
0823 21:18:28 ds4-server: chat ctx=0..142:142 prefill chunk 112/142 (78.9%) chunk=19.64 t/s avg=18.86 t/s 5.939s
0823 21:18:28 ds4-server: chat ctx=0..142:142 prefill chunk 113/142 (79.6%) chunk=19.08 t/s avg=18.86 t/s 5.992s
0823 21:18:28 ds4-server: chat ctx=0..142:142 prefill chunk 114/142 (80.3%) chunk=18.86 t/s avg=18.86 t/s 6.045s
0823 21:18:28 ds4-server: chat ctx=0..142:142 prefill chunk 115/142 (81.0%) chunk=18.63 t/s avg=18.86 t/s 6.098s
0823 21:18:28 ds4-server: chat ctx=0..142:142 prefill chunk 116/142 (81.7%) chunk=17.85 t/s avg=18.85 t/s 6.154s
0823 21:18:28 ds4-server: chat ctx=0..142:142 prefill chunk 117/142 (82.4%) chunk=18.62 t/s avg=18.85 t/s 6.208s
ds4: qwen35moe experts/token avg over 128 tokens: 0:13.6 1:14.0 2:14.5 3:15.1 4:14.8 5:15.2 6:14.2 7:15.0 8:16.0 9:14.9 10:14.2 11:13.9 12:15.0 13:14.8 14:14.9 15:15.2 16:14.7 17:14.0 18:14.6 19:14.0 20:15.3 21:15.1 22:14.6 23:14.4 24:14.8 25:14.6 26:14.6 27:15.4 28:14.9 29:15.3 30:15.1 31:16.0 32:15.7 33:16.0 34:16.2 35:18.1 36:17.9 37:18.5 38:18.8 39:18.0 | mean 15.3
0823 21:18:28 ds4-server: chat ctx=0..142:142 prefill chunk 118/142 (83.1%) chunk=17.93 t/s avg=18.84 t/s 6.264s
0823 21:18:28 ds4-server: chat ctx=0..142:142 prefill chunk 119/142 (83.8%) chunk=17.87 t/s avg=18.83 t/s 6.320s
0823 21:18:28 ds4-server: chat ctx=0..142:142 prefill chunk 120/142 (84.5%) chunk=18.52 t/s avg=18.83 t/s 6.374s
0823 21:18:28 ds4-server: chat ctx=0..142:142 prefill chunk 121/142 (85.2%) chunk=17.74 t/s avg=18.82 t/s 6.430s
0823 21:18:28 ds4-server: chat ctx=0..142:142 prefill chunk 122/142 (85.9%) chunk=17.67 t/s avg=18.81 t/s 6.487s
0823 21:18:28 ds4-server: chat ctx=0..142:142 prefill chunk 123/142 (86.6%) chunk=18.34 t/s avg=18.80 t/s 6.541s
0823 21:18:28 ds4-server: chat ctx=0..142:142 prefill chunk 124/142 (87.3%) chunk=17.72 t/s avg=18.79 t/s 6.598s
0823 21:18:28 ds4-server: chat ctx=0..142:142 prefill chunk 125/142 (88.0%) chunk=17.96 t/s avg=18.79 t/s 6.653s
0823 21:18:28 ds4-server: chat ctx=0..142:142 prefill chunk 126/142 (88.7%) chunk=18.34 t/s avg=18.78 t/s 6.708s
0823 21:18:28 ds4-server: chat ctx=0..142:142 prefill chunk 127/142 (89.4%) chunk=17.68 t/s avg=18.77 t/s 6.764s
0823 21:18:28 ds4-server: chat ctx=0..142:142 prefill chunk 128/142 (90.1%) chunk=17.18 t/s avg=18.76 t/s 6.823s
0823 21:18:29 ds4-server: chat ctx=0..142:142 prefill chunk 129/142 (90.8%) chunk=17.56 t/s avg=18.75 t/s 6.879s
0823 21:18:29 ds4-server: chat ctx=0..142:142 prefill chunk 130/142 (91.5%) chunk=18.29 t/s avg=18.75 t/s 6.934s
0823 21:18:29 ds4-server: chat ctx=0..142:142 prefill chunk 131/142 (92.3%) chunk=17.85 t/s avg=18.74 t/s 6.990s
0823 21:18:29 ds4-server: chat ctx=0..142:142 prefill chunk 132/142 (93.0%) chunk=18.24 t/s avg=18.74 t/s 7.045s
0823 21:18:29 ds4-server: chat ctx=0..142:142 prefill chunk 133/142 (93.7%) chunk=17.51 t/s avg=18.73 t/s 7.102s
0823 21:18:29 ds4-server: chat ctx=0..142:142 prefill chunk 134/142 (94.4%) chunk=17.72 t/s avg=18.72 t/s 7.159s
0823 21:18:29 ds4-server: chat ctx=0..142:142 prefill chunk 135/142 (95.1%) chunk=17.42 t/s avg=18.71 t/s 7.216s
0823 21:18:29 ds4-server: chat ctx=0..142:142 prefill chunk 136/142 (95.8%) chunk=18.98 t/s avg=18.71 t/s 7.269s
0823 21:18:29 ds4-server: chat ctx=0..142:142 prefill chunk 137/142 (96.5%) chunk=18.05 t/s avg=18.71 t/s 7.324s
0823 21:18:29 ds4-server: chat ctx=0..142:142 prefill chunk 138/142 (97.2%) chunk=18.54 t/s avg=18.70 t/s 7.378s
0823 21:18:29 ds4-server: chat ctx=0..142:142 prefill chunk 139/142 (97.9%) chunk=19.12 t/s avg=18.71 t/s 7.430s
0823 21:18:29 ds4-server: chat ctx=0..142:142 prefill chunk 140/142 (98.6%) chunk=17.87 t/s avg=18.70 t/s 7.486s
0823 21:18:29 ds4-server: chat ctx=0..142:142 prefill chunk 141/142 (99.3%) chunk=20.07 t/s avg=18.71 t/s 7.536s
0823 21:18:29 ds4-server: chat ctx=0..142:142 prefill chunk 142/142 (100.0%) chunk=19.29 t/s avg=18.71 t/s 7.588s
0823 21:18:29 ds4-server: chat ctx=0..142:142 prompt done 7.588s
0823 21:18:32 ds4-server: chat ctx=142..192:50 gen=50 THINKING decoding chunk=18.45 t/s avg=18.45 t/s 2.709s
0823 21:18:35 ds4-server: chat ctx=192..242:50 gen=100 THINKING decoding chunk=18.51 t/s avg=18.48 t/s 5.411s
ds4: qwen35moe experts/token avg over 128 tokens: 0:13.6 1:14.0 2:14.5 3:15.5 4:14.9 5:15.9 6:15.3 7:15.4 8:16.2 9:15.4 10:14.5 11:14.1 12:15.9 13:15.4 14:14.5 15:15.0 16:14.8 17:14.8 18:15.0 19:14.7 20:15.4 21:16.0 22:14.4 23:14.2 24:15.3 25:15.2 26:15.2 27:16.1 28:15.6 29:15.2 30:15.7 31:16.5 32:15.9 33:16.2 34:15.7 35:17.2 36:16.9 37:18.0 38:18.5 39:18.3 | mean 15.5
0823 21:18:37 ds4-server: chat ctx=242..292:50 gen=150 THINKING decoding chunk=18.30 t/s avg=18.42 t/s 8.144s
0823 21:18:40 ds4-server: chat ctx=292..342:50 gen=200 THINKING decoding chunk=17.87 t/s avg=18.28 t/s 10.941s
ds4: qwen35moe experts/token avg over 128 tokens: 0:14.2 1:14.1 2:14.9 3:16.6 4:15.4 5:15.6 6:15.2 7:15.5 8:16.8 9:16.1 10:14.7 11:14.5 12:16.0 13:15.7 14:15.1 15:16.0 16:15.4 17:15.0 18:14.6 19:14.7 20:16.0 21:16.0 22:15.4 23:14.2 24:15.2 25:15.8 26:15.7 27:15.6 28:15.4 29:15.8 30:15.9 31:17.0 32:15.5 33:15.7 34:15.0 35:16.9 36:16.5 37:17.9 38:18.6 39:17.7 | mean 15.7
0823 21:18:43 ds4-server: chat ctx=342..392:50 gen=250 THINKING decoding chunk=17.96 t/s avg=18.22 t/s 13.725s
0823 21:18:46 ds4-server: chat ctx=392..442:50 gen=300 THINKING decoding chunk=18.08 t/s avg=18.19 t/s 16.491s
0823 21:18:49 ds4-server: chat ctx=442..492:50 gen=350 THINKING decoding chunk=17.75 t/s avg=18.13 t/s 19.307s
ds4: qwen35moe experts/token avg over 128 tokens: 0:14.8 1:14.9 2:15.2 3:16.2 4:15.5 5:15.6 6:15.0 7:15.7 8:16.8 9:16.2 10:14.8 11:14.6 12:16.4 13:16.6 14:15.2 15:15.9 16:15.9 17:15.7 18:15.8 19:15.5 20:15.7 21:15.1 22:16.1 23:14.6 24:15.8 25:15.7 26:15.3 27:15.6 28:15.1 29:14.8 30:15.4 31:16.5 32:15.4 33:15.0 34:14.7 35:16.2 36:15.3 37:17.3 38:18.4 39:16.8 | mean 15.7
0823 21:18:51 ds4-server: chat ctx=492..542:50 gen=400 THINKING decoding chunk=17.44 t/s avg=18.04 t/s 22.174s
0823 21:18:54 ds4-server: chat ctx=542..592:50 gen=450 THINKING decoding chunk=17.22 t/s avg=17.94 t/s 25.078s
ds4: qwen35moe experts/token avg over 128 tokens: 0:14.1 1:14.9 2:15.2 3:16.9 4:16.0 5:16.6 6:16.9 7:17.4 8:17.8 9:17.4 10:16.2 11:15.2 12:17.1 13:16.9 14:16.2 15:16.9 16:16.4 17:16.8 18:16.0 19:16.5 20:17.0 21:17.4 22:15.9 23:15.3 24:16.3 25:16.0 26:16.5 27:16.3 28:15.5 29:15.8 30:15.4 31:16.9 32:16.2 33:15.5 34:15.6 35:17.4 36:16.9 37:17.6 38:18.5 39:17.3 | mean 16.4
0823 21:18:57 ds4-server: chat ctx=592..642:50 gen=500 THINKING decoding chunk=17.27 t/s avg=17.87 t/s 27.973s
0823 21:19:00 ds4-server: chat ctx=642..692:50 gen=550 THINKING decoding chunk=17.19 t/s avg=17.81 t/s 30.882s
0823 21:19:03 ds4-server: chat ctx=692..742:50 gen=600 THINKING decoding chunk=17.17 t/s avg=17.75 t/s 33.794s
ds4: qwen35moe experts/token avg over 128 tokens: 0:14.5 1:14.7 2:15.5 3:17.2 4:16.3 5:16.2 6:16.1 7:16.9 8:17.9 9:17.4 10:15.7 11:14.9 12:16.4 13:16.4 14:15.4 15:16.5 16:15.7 17:16.1 18:15.2 19:15.4 20:16.6 21:16.7 22:15.4 23:15.0 24:15.3 25:15.4 26:15.5 27:16.0 28:15.4 29:15.3 30:15.6 31:16.6 32:15.1 33:15.3 34:14.6 35:15.7 36:16.2 37:17.5 38:18.4 39:17.1 | mean 16.0
0823 21:19:06 ds4-server: chat ctx=742..792:50 gen=650 THINKING decoding chunk=17.33 t/s avg=17.72 t/s 36.679s
0823 21:19:09 ds4-server: chat ctx=792..842:50 gen=700 THINKING decoding chunk=16.77 t/s avg=17.65 t/s 39.660s
ds4: qwen35moe experts/token avg over 128 tokens: 0:14.7 1:14.9 2:15.1 3:17.4 4:16.3 5:17.2 6:16.5 7:17.0 8:17.6 9:17.0 10:16.0 11:15.4 12:17.7 13:16.9 14:16.2 15:16.8 16:16.3 17:16.3 18:15.5 19:15.6 20:16.9 21:16.6 22:15.7 23:14.1 24:16.0 25:16.2 26:15.6 27:16.1 28:15.5 29:15.2 30:15.9 31:16.6 32:15.1 33:15.0 34:14.6 35:16.4 36:15.2 37:17.4 38:17.9 39:17.2 | mean 16.1
0823 21:19:12 ds4-server: chat ctx=842..892:50 gen=750 THINKING decoding chunk=16.91 t/s avg=17.60 t/s 42.617s
0823 21:19:15 ds4-server: chat ctx=892..942:50 gen=800 THINKING decoding chunk=16.51 t/s avg=17.53 t/s 45.647s
0823 21:19:18 ds4-server: chat ctx=942..992:50 gen=850 THINKING decoding chunk=16.76 t/s avg=17.48 t/s 48.631s
ds4: qwen35moe experts/token avg over 128 tokens: 0:14.0 1:15.2 2:15.1 3:16.0 4:16.6 5:15.8 6:15.7 7:17.2 8:17.9 9:17.1 10:15.7 11:15.0 12:16.4 13:16.2 14:16.4 15:16.3 16:16.8 17:15.9 18:15.9 19:16.1 20:17.3 21:17.7 22:15.8 23:15.1 24:16.1 25:16.1 26:16.4 27:15.6 28:15.8 29:16.0 30:15.5 31:16.8 32:15.9 33:15.8 34:15.4 35:17.0 36:17.3 37:17.7 38:19.2 39:17.8 | mean 16.3
0823 21:19:21 ds4-server: chat ctx=992..1042:50 gen=900 THINKING decoding chunk=16.82 t/s avg=17.44 t/s 51.603s
0823 21:19:24 ds4-server: chat ctx=1042..1092:50 gen=950 THINKING decoding chunk=16.66 t/s avg=17.40 t/s 54.604s
ds4: qwen35moe experts/token avg over 128 tokens: 0:14.3 1:14.9 2:15.4 3:16.6 4:16.5 5:16.2 6:15.6 7:17.0 8:17.5 9:17.1 10:15.7 11:14.9 12:16.5 13:16.0 14:15.6 15:16.0 16:15.8 17:16.1 18:15.5 19:15.9 20:16.6 21:17.0 22:15.4 23:14.8 24:15.5 25:15.3 26:15.4 27:15.4 28:14.9 29:15.2 30:15.2 31:16.1 32:15.0 33:14.9 34:14.4 35:16.5 36:16.1 37:17.0 38:18.2 39:16.5 | mean 15.9
0823 21:19:27 ds4-server: chat ctx=1092..1142:50 gen=1000 THINKING decoding chunk=16.55 t/s avg=17.35 t/s 57.624s
0823 21:19:30 ds4-server: chat ctx=1142..1192:50 gen=1050 THINKING decoding chunk=16.69 t/s avg=17.32 t/s 60.620s
0823 21:19:33 ds4-server: chat ctx=1192..1242:50 gen=1100 THINKING decoding chunk=16.42 t/s avg=17.28 t/s 63.666s
ds4: qwen35moe experts/token avg over 128 tokens: 0:14.4 1:14.9 2:15.1 3:16.9 4:16.3 5:15.6 6:15.9 7:16.6 8:17.1 9:16.8 10:15.5 11:14.4 12:16.4 13:16.2 14:15.8 15:15.9 16:15.5 17:15.3 18:15.0 19:15.5 20:15.9 21:16.1 22:14.8 23:14.8 24:15.1 25:15.7 26:15.4 27:15.2 28:15.5 29:15.0 30:15.0 31:15.7 32:14.9 33:14.8 34:14.6 35:16.2 36:16.0 37:17.2 38:18.0 39:16.9 | mean 15.7
0823 21:19:36 ds4-server: chat ctx=1242..1292:50 gen=1150 THINKING decoding chunk=16.29 t/s avg=17.23 t/s 66.735s
0823 21:19:39 ds4-server: chat ctx=1292..1342:50 gen=1200 THINKING decoding chunk=16.04 t/s avg=17.18 t/s 69.852s
0823 21:19:42 ds4-server: chat ctx=1342..1392:50 gen=1250 THINKING decoding chunk=15.95 t/s avg=17.13 t/s 72.987s
ds4: qwen35moe experts/token avg over 128 tokens: 0:14.5 1:14.8 2:15.4 3:17.5 4:16.9 5:16.6 6:16.9 7:17.4 8:18.1 9:17.6 10:16.1 11:15.9 12:17.6 13:17.4 14:17.0 15:17.3 16:16.3 17:16.4 18:15.9 19:15.5 20:17.6 21:16.5 22:16.2 23:14.7 24:16.7 25:16.7 26:16.0 27:17.1 28:16.0 29:15.4 30:16.5 31:17.0 32:14.9 33:15.4 34:15.6 35:17.0 36:16.3 37:18.3 38:18.7 39:18.0 | mean 16.5
0823 21:19:45 ds4-server: chat ctx=1392..1442:50 gen=1300 THINKING decoding chunk=15.77 t/s avg=17.07 t/s 76.157s
0823 21:19:49 ds4-server: chat ctx=1442..1492:50 gen=1350 THINKING decoding chunk=15.77 t/s avg=17.02 t/s 79.328s
ds4: qwen35moe experts/token avg over 128 tokens: 0:14.3 1:15.7 2:15.0 3:17.6 4:16.9 5:16.7 6:16.4 7:17.9 8:18.0 9:17.2 10:16.3 11:15.6 12:17.0 13:17.0 14:17.0 15:17.0 16:16.5 17:16.6 18:16.5 19:16.5 20:17.5 21:16.9 22:15.8 23:15.3 24:16.9 25:16.4 26:16.7 27:16.6 28:16.1 29:16.2 30:16.5 31:17.2 32:16.3 33:16.4 34:16.4 35:18.2 36:17.7 37:18.3 38:19.3 39:18.2 | mean 16.8
0823 21:19:52 ds4-server: chat ctx=1492..1542:50 gen=1400 THINKING decoding chunk=15.94 t/s avg=16.98 t/s 82.465s
0823 21:19:55 ds4-server: chat ctx=1542..1592:50 gen=1450 THINKING decoding chunk=15.72 t/s avg=16.93 t/s 85.645s
0823 21:19:58 ds4-server: chat ctx=1592..1642:50 gen=1500 THINKING decoding chunk=15.59 t/s avg=16.88 t/s 88.853s
ds4: qwen35moe experts/token avg over 128 tokens: 0:14.5 1:15.6 2:15.4 3:17.5 4:17.2 5:16.6 6:16.6 7:17.6 8:18.2 9:17.4 10:16.4 11:15.4 12:17.2 13:16.4 14:16.6 15:17.1 16:16.8 17:16.5 18:15.7 19:15.7 20:17.0 21:17.2 22:16.5 23:15.6 24:16.3 25:16.5 26:16.2 27:16.1 28:15.2 29:15.6 30:15.7 31:16.9 32:15.0 33:15.2 34:15.0 35:16.7 36:16.2 37:17.6 38:18.1 39:17.1 | mean 16.4
0823 21:20:01 ds4-server: chat ctx=1642..1692:50 gen=1550 THINKING decoding chunk=15.49 t/s avg=16.83 t/s 92.080s
0823 21:20:05 ds4-server: chat ctx=1692..1742:50 gen=1600 THINKING decoding chunk=15.38 t/s avg=16.78 t/s 95.331s
ds4: qwen35moe experts/token avg over 128 tokens: 0:14.4 1:14.9 2:15.4 3:17.7 4:17.5 5:17.1 6:17.6 7:17.4 8:18.2 9:17.6 10:16.7 11:16.0 12:18.3 13:17.5 14:17.6 15:17.4 16:17.1 17:16.8 18:16.1 19:16.0 20:17.4 21:17.1 22:16.2 23:15.2 24:17.0 25:16.7 26:16.6 27:17.0 28:16.1 29:15.7 30:16.4 31:17.1 32:15.5 33:15.9 34:15.6 35:16.8 36:16.8 37:18.1 38:18.4 39:18.0 | mean 16.8
0823 21:20:08 ds4-server: chat ctx=1742..1792:50 gen=1650 THINKING decoding chunk=15.28 t/s avg=16.73 t/s 98.602s
0823 21:20:11 ds4-server: chat ctx=1792..1842:50 gen=1700 THINKING decoding chunk=15.19 t/s avg=16.68 t/s 101.895s
0823 21:20:14 ds4-server: chat ctx=1842..1892:50 gen=1750 THINKING decoding chunk=15.53 t/s avg=16.65 t/s 105.114s
ds4: qwen35moe experts/token avg over 128 tokens: 0:14.4 1:15.1 2:15.3 3:17.0 4:17.0 5:16.5 6:16.2 7:17.3 8:18.2 9:17.1 10:16.5 11:15.1 12:17.3 13:16.7 14:17.0 15:17.1 16:16.1 17:16.2 18:16.0 19:15.9 20:17.3 21:17.1 22:16.2 23:15.4 24:16.5 25:16.9 26:16.4 27:16.2 28:16.5 29:16.0 30:15.9 31:16.7 32:15.2 33:15.3 34:15.2 35:17.1 36:16.8 37:17.7 38:18.8 39:17.2 | mean 16.5
0823 21:20:18 ds4-server: chat ctx=1892..1942:50 gen=1800 decoding chunk=15.22 t/s avg=16.61 t/s 108.399s
0823 21:20:21 ds4-server: chat ctx=1942..1992:50 gen=1850 decoding chunk=15.04 t/s avg=16.56 t/s 111.723s
ds4: qwen35moe experts/token avg over 128 tokens: 0:14.4 1:15.6 2:16.2 3:17.8 4:17.6 5:17.8 6:17.7 7:17.2 8:18.4 9:17.6 10:17.4 11:16.2 12:18.8 13:17.7 14:17.6 15:17.8 16:17.3 17:17.3 18:17.0 19:16.6 20:17.8 21:17.4 22:16.6 23:15.8 24:16.9 25:16.9 26:16.6 27:17.2 28:16.3 29:16.2 30:16.4 31:17.6 32:16.3 33:16.2 34:16.1 35:17.1 36:16.8 37:18.8 38:19.1 39:18.2 | mean 17.1
0823 21:20:24 ds4-server: chat ctx=1992..2042:50 gen=1900 decoding chunk=14.86 t/s avg=16.51 t/s 115.088s
0823 21:20:28 ds4-server: chat ctx=2042..2092:50 gen=1950 decoding chunk=14.81 t/s avg=16.46 t/s 118.465s
0823 21:20:31 ds4-server: chat ctx=2092..2142:50 gen=2000 decoding chunk=14.62 t/s avg=16.41 t/s 121.886s
0823 21:20:32 ds4-server: chat ctx=2142..2154:12 gen=2012 decoding chunk=14.64 t/s avg=16.40 t/s 122.705s
0823 21:20:32 ds4-server: thinking live checkpoint remembered ctx=0..142:142 live=2154 visible=1958
0823 21:20:32 ds4-server: chat ctx=0..142:142 gen=2012 finish=stop 130.293s
0823 21:20:32 ds4-server: live kv cache miss live=2154 prompt=134 common=56 reason=token-mismatch
0823 21:20:32 ds4-server: chat ctx=0..134:134 prompt start
0823 21:20:32 ds4-server: chat ctx=0..134:134 prefill chunk 1/134 (0.7%) chunk=0.00 t/s avg=18.85 t/s 0.053s
0823 21:20:32 ds4-server: chat ctx=0..134:134 prefill chunk 2/134 (1.5%) chunk=20.10 t/s avg=19.45 t/s 0.103s
0823 21:20:32 ds4-server: chat ctx=0..134:134 prefill chunk 3/134 (2.2%) chunk=19.19 t/s avg=19.37 t/s 0.155s
0823 21:20:32 ds4-server: chat ctx=0..134:134 prefill chunk 4/134 (3.0%) chunk=20.08 t/s avg=19.54 t/s 0.205s
0823 21:20:32 ds4-server: chat ctx=0..134:134 prefill chunk 5/134 (3.7%) chunk=19.03 t/s avg=19.44 t/s 0.257s
0823 21:20:32 ds4-server: chat ctx=0..134:134 prefill chunk 6/134 (4.5%) chunk=19.70 t/s avg=19.48 t/s 0.308s
0823 21:20:32 ds4-server: chat ctx=0..134:134 prefill chunk 7/134 (5.2%) chunk=19.04 t/s avg=19.42 t/s 0.361s
0823 21:20:32 ds4-server: chat ctx=0..134:134 prefill chunk 8/134 (6.0%) chunk=18.52 t/s avg=19.30 t/s 0.415s
0823 21:20:32 ds4-server: chat ctx=0..134:134 prefill chunk 9/134 (6.7%) chunk=19.84 t/s avg=19.36 t/s 0.465s
0823 21:20:32 ds4-server: chat ctx=0..134:134 prefill chunk 10/134 (7.5%) chunk=19.10 t/s avg=19.33 t/s 0.517s
0823 21:20:32 ds4-server: chat ctx=0..134:134 prefill chunk 11/134 (8.2%) chunk=19.43 t/s avg=19.34 t/s 0.569s
ds4: qwen35moe experts/token avg over 128 tokens: 0:14.5 1:16.0 2:15.6 3:17.3 4:16.9 5:17.3 6:17.4 7:17.6 8:18.2 9:17.9 10:17.3 11:16.2 12:18.1 13:18.0 14:17.9 15:18.1 16:17.3 17:17.5 18:17.2 19:16.6 20:18.0 21:17.7 22:17.2 23:15.2 24:17.4 25:17.7 26:17.2 27:17.7 28:16.8 29:16.6 30:16.8 31:17.3 32:16.2 33:16.0 34:16.1 35:17.7 36:17.1 37:18.5 38:18.9 39:17.8 | mean 17.2
0823 21:20:33 ds4-server: chat ctx=0..134:134 prefill chunk 12/134 (9.0%) chunk=18.54 t/s avg=19.27 t/s 0.623s
0823 21:20:33 ds4-server: chat ctx=0..134:134 prefill chunk 13/134 (9.7%) chunk=19.23 t/s avg=19.27 t/s 0.675s
0823 21:20:33 ds4-server: chat ctx=0..134:134 prefill chunk 14/134 (10.4%) chunk=18.46 t/s avg=19.21 t/s 0.729s
0823 21:20:33 ds4-server: chat ctx=0..134:134 prefill chunk 15/134 (11.2%) chunk=18.49 t/s avg=19.16 t/s 0.783s
0823 21:20:33 ds4-server: chat ctx=0..134:134 prefill chunk 16/134 (11.9%) chunk=19.23 t/s avg=19.16 t/s 0.835s
0823 21:20:33 ds4-server: chat ctx=0..134:134 prefill chunk 17/134 (12.7%) chunk=18.41 t/s avg=19.12 t/s 0.889s
0823 21:20:33 ds4-server: chat ctx=0..134:134 prefill chunk 18/134 (13.4%) chunk=19.33 t/s avg=19.13 t/s 0.941s
0823 21:20:33 ds4-server: chat ctx=0..134:134 prefill chunk 19/134 (14.2%) chunk=18.32 t/s avg=19.09 t/s 0.996s
0823 21:20:33 ds4-server: chat ctx=0..134:134 prefill chunk 20/134 (14.9%) chunk=18.04 t/s avg=19.03 t/s 1.051s
0823 21:20:33 ds4-server: chat ctx=0..134:134 prefill chunk 21/134 (15.7%) chunk=19.13 t/s avg=19.04 t/s 1.103s
0823 21:20:33 ds4-server: chat ctx=0..134:134 prefill chunk 22/134 (16.4%) chunk=18.92 t/s avg=19.03 t/s 1.156s
0823 21:20:33 ds4-server: chat ctx=0..134:134 prefill chunk 23/134 (17.2%) chunk=19.54 t/s avg=19.05 t/s 1.207s
0823 21:20:33 ds4-server: chat ctx=0..134:134 prefill chunk 24/134 (17.9%) chunk=18.96 t/s avg=19.05 t/s 1.260s
0823 21:20:33 ds4-server: chat ctx=0..134:134 prefill chunk 25/134 (18.7%) chunk=19.05 t/s avg=19.05 t/s 1.312s
0823 21:20:33 ds4-server: chat ctx=0..134:134 prefill chunk 26/134 (19.4%) chunk=19.22 t/s avg=19.05 t/s 1.365s
0823 21:20:33 ds4-server: chat ctx=0..134:134 prefill chunk 27/134 (20.1%) chunk=18.71 t/s avg=19.04 t/s 1.418s
0823 21:20:33 ds4-server: chat ctx=0..134:134 prefill chunk 28/134 (20.9%) chunk=19.38 t/s avg=19.05 t/s 1.470s
0823 21:20:33 ds4-server: chat ctx=0..134:134 prefill chunk 29/134 (21.6%) chunk=18.12 t/s avg=19.02 t/s 1.525s
0823 21:20:34 ds4-server: chat ctx=0..134:134 prefill chunk 30/134 (22.4%) chunk=19.13 t/s avg=19.02 t/s 1.577s
0823 21:20:34 ds4-server: chat ctx=0..134:134 prefill chunk 31/134 (23.1%) chunk=18.52 t/s avg=19.01 t/s 1.631s
0823 21:20:34 ds4-server: chat ctx=0..134:134 prefill chunk 32/134 (23.9%) chunk=18.38 t/s avg=18.99 t/s 1.685s
0823 21:20:34 ds4-server: chat ctx=0..134:134 prefill chunk 33/134 (24.6%) chunk=19.28 t/s avg=19.00 t/s 1.737s
0823 21:20:34 ds4-server: chat ctx=0..134:134 prefill chunk 34/134 (25.4%) chunk=18.18 t/s avg=18.97 t/s 1.792s
0823 21:20:34 ds4-server: chat ctx=0..134:134 prefill chunk 35/134 (26.1%) chunk=17.96 t/s avg=18.94 t/s 1.848s
0823 21:20:34 ds4-server: chat ctx=0..134:134 prefill chunk 36/134 (26.9%) chunk=18.84 t/s avg=18.94 t/s 1.901s
0823 21:20:34 ds4-server: chat ctx=0..134:134 prefill chunk 37/134 (27.6%) chunk=17.46 t/s avg=18.89 t/s 1.958s
0823 21:20:34 ds4-server: chat ctx=0..134:134 prefill chunk 38/134 (28.4%) chunk=17.62 t/s avg=18.86 t/s 2.015s
0823 21:20:34 ds4-server: chat ctx=0..134:134 prefill chunk 39/134 (29.1%) chunk=18.77 t/s avg=18.86 t/s 2.068s
0823 21:20:34 ds4-server: chat ctx=0..134:134 prefill chunk 40/134 (29.9%) chunk=18.23 t/s avg=18.84 t/s 2.123s
0823 21:20:34 ds4-server: chat ctx=0..134:134 prefill chunk 41/134 (30.6%) chunk=18.85 t/s avg=18.84 t/s 2.176s
0823 21:20:34 ds4-server: chat ctx=0..134:134 prefill chunk 42/134 (31.3%) chunk=18.41 t/s avg=18.83 t/s 2.231s
0823 21:20:34 ds4-server: chat ctx=0..134:134 prefill chunk 43/134 (32.1%) chunk=18.92 t/s avg=18.83 t/s 2.283s
0823 21:20:34 ds4-server: chat ctx=0..134:134 prefill chunk 44/134 (32.8%) chunk=19.30 t/s avg=18.84 t/s 2.335s
0823 21:20:34 ds4-server: chat ctx=0..134:134 prefill chunk 45/134 (33.6%) chunk=18.17 t/s avg=18.83 t/s 2.390s
0823 21:20:34 ds4-server: chat ctx=0..134:134 prefill chunk 46/134 (34.3%) chunk=18.72 t/s avg=18.82 t/s 2.444s
0823 21:20:34 ds4-server: chat ctx=0..134:134 prefill chunk 47/134 (35.1%) chunk=18.16 t/s avg=18.81 t/s 2.499s
0823 21:20:34 ds4-server: chat ctx=0..134:134 prefill chunk 48/134 (35.8%) chunk=18.88 t/s avg=18.81 t/s 2.552s
0823 21:20:35 ds4-server: chat ctx=0..134:134 prefill chunk 49/134 (36.6%) chunk=19.29 t/s avg=18.82 t/s 2.604s
0823 21:20:35 ds4-server: chat ctx=0..134:134 prefill chunk 50/134 (37.3%) chunk=18.37 t/s avg=18.81 t/s 2.658s
0823 21:20:35 ds4-server: chat ctx=0..134:134 prefill chunk 51/134 (38.1%) chunk=19.15 t/s avg=18.82 t/s 2.710s
0823 21:20:35 ds4-server: chat ctx=0..134:134 prefill chunk 52/134 (38.8%) chunk=18.23 t/s avg=18.81 t/s 2.765s
0823 21:20:35 ds4-server: chat ctx=0..134:134 prefill chunk 53/134 (39.6%) chunk=19.07 t/s avg=18.81 t/s 2.818s
0823 21:20:35 ds4-server: chat ctx=0..134:134 prefill chunk 54/134 (40.3%) chunk=19.47 t/s avg=18.82 t/s 2.869s
0823 21:20:35 ds4-server: chat ctx=0..134:134 prefill chunk 55/134 (41.0%) chunk=19.20 t/s avg=18.83 t/s 2.921s
0823 21:20:35 ds4-server: chat ctx=0..134:134 prefill chunk 56/134 (41.8%) chunk=20.87 t/s avg=18.86 t/s 2.969s
0823 21:20:35 ds4-server: chat ctx=0..134:134 prefill chunk 57/134 (42.5%) chunk=18.68 t/s avg=18.86 t/s 3.022s
0823 21:20:35 ds4-server: chat ctx=0..134:134 prefill chunk 58/134 (43.3%) chunk=18.98 t/s avg=18.86 t/s 3.075s
0823 21:20:35 ds4-server: chat ctx=0..134:134 prefill chunk 59/134 (44.0%) chunk=18.90 t/s avg=18.86 t/s 3.128s
0823 21:20:35 ds4-server: chat ctx=0..134:134 prefill chunk 60/134 (44.8%) chunk=19.51 t/s avg=18.87 t/s 3.179s
0823 21:20:35 ds4-server: chat ctx=0..134:134 prefill chunk 61/134 (45.5%) chunk=19.27 t/s avg=18.88 t/s 3.231s
0823 21:20:35 ds4-server: chat ctx=0..134:134 prefill chunk 62/134 (46.3%) chunk=18.82 t/s avg=18.88 t/s 3.284s
0823 21:20:35 ds4-server: chat ctx=0..134:134 prefill chunk 63/134 (47.0%) chunk=19.53 t/s avg=18.89 t/s 3.336s
0823 21:20:35 ds4-server: chat ctx=0..134:134 prefill chunk 64/134 (47.8%) chunk=18.75 t/s avg=18.89 t/s 3.389s
0823 21:20:35 ds4-server: chat ctx=0..134:134 prefill chunk 65/134 (48.5%) chunk=19.57 t/s avg=18.90 t/s 3.440s
0823 21:20:35 ds4-server: chat ctx=0..134:134 prefill chunk 66/134 (49.3%) chunk=18.94 t/s avg=18.90 t/s 3.493s
0823 21:20:35 ds4-server: chat ctx=0..134:134 prefill chunk 67/134 (50.0%) chunk=19.69 t/s avg=18.91 t/s 3.544s
0823 21:20:36 ds4-server: chat ctx=0..134:134 prefill chunk 68/134 (50.7%) chunk=19.01 t/s avg=18.91 t/s 3.596s
0823 21:20:36 ds4-server: chat ctx=0..134:134 prefill chunk 69/134 (51.5%) chunk=19.07 t/s avg=18.91 t/s 3.649s
0823 21:20:36 ds4-server: chat ctx=0..134:134 prefill chunk 70/134 (52.2%) chunk=19.44 t/s avg=18.92 t/s 3.700s
0823 21:20:36 ds4-server: chat ctx=0..134:134 prefill chunk 71/134 (53.0%) chunk=18.59 t/s avg=18.91 t/s 3.754s
0823 21:20:36 ds4-server: chat ctx=0..134:134 prefill chunk 72/134 (53.7%) chunk=19.38 t/s avg=18.92 t/s 3.805s
0823 21:20:36 ds4-server: chat ctx=0..134:134 prefill chunk 73/134 (54.5%) chunk=18.14 t/s avg=18.91 t/s 3.861s
0823 21:20:36 ds4-server: chat ctx=0..134:134 prefill chunk 74/134 (55.2%) chunk=18.36 t/s avg=18.90 t/s 3.915s
0823 21:20:36 ds4-server: chat ctx=0..134:134 prefill chunk 75/134 (56.0%) chunk=18.85 t/s avg=18.90 t/s 3.968s
0823 21:20:36 ds4-server: chat ctx=0..134:134 prefill chunk 76/134 (56.7%) chunk=18.48 t/s avg=18.89 t/s 4.022s
0823 21:20:36 ds4-server: chat ctx=0..134:134 prefill chunk 77/134 (57.5%) chunk=18.95 t/s avg=18.90 t/s 4.075s
0823 21:20:36 ds4-server: chat ctx=0..134:134 prefill chunk 78/134 (58.2%) chunk=18.60 t/s avg=18.89 t/s 4.129s
0823 21:20:36 ds4-server: chat ctx=0..134:134 prefill chunk 79/134 (59.0%) chunk=18.06 t/s avg=18.88 t/s 4.184s
0823 21:20:36 ds4-server: chat ctx=0..134:134 prefill chunk 80/134 (59.7%) chunk=18.63 t/s avg=18.88 t/s 4.238s
0823 21:20:36 ds4-server: chat ctx=0..134:134 prefill chunk 81/134 (60.4%) chunk=18.35 t/s avg=18.87 t/s 4.292s
0823 21:20:36 ds4-server: chat ctx=0..134:134 prefill chunk 82/134 (61.2%) chunk=18.74 t/s avg=18.87 t/s 4.346s
0823 21:20:36 ds4-server: chat ctx=0..134:134 prefill chunk 83/134 (61.9%) chunk=18.98 t/s avg=18.87 t/s 4.398s
0823 21:20:36 ds4-server: chat ctx=0..134:134 prefill chunk 84/134 (62.7%) chunk=18.73 t/s avg=18.87 t/s 4.452s
0823 21:20:36 ds4-server: chat ctx=0..134:134 prefill chunk 85/134 (63.4%) chunk=18.94 t/s avg=18.87 t/s 4.505s
0823 21:20:36 ds4-server: chat ctx=0..134:134 prefill chunk 86/134 (64.2%) chunk=18.79 t/s avg=18.87 t/s 4.558s
0823 21:20:37 ds4-server: chat ctx=0..134:134 prefill chunk 87/134 (64.9%) chunk=17.92 t/s avg=18.86 t/s 4.614s
0823 21:20:37 ds4-server: chat ctx=0..134:134 prefill chunk 88/134 (65.7%) chunk=19.19 t/s avg=18.86 t/s 4.666s
0823 21:20:37 ds4-server: chat ctx=0..134:134 prefill chunk 89/134 (66.4%) chunk=17.84 t/s avg=18.85 t/s 4.722s
0823 21:20:37 ds4-server: chat ctx=0..134:134 prefill chunk 90/134 (67.2%) chunk=18.82 t/s avg=18.85 t/s 4.775s
0823 21:20:37 ds4-server: chat ctx=0..134:134 prefill chunk 91/134 (67.9%) chunk=18.05 t/s avg=18.84 t/s 4.830s
0823 21:20:37 ds4-server: chat ctx=0..134:134 prefill chunk 92/134 (68.7%) chunk=17.89 t/s avg=18.83 t/s 4.886s
0823 21:20:37 ds4-server: chat ctx=0..134:134 prefill chunk 93/134 (69.4%) chunk=19.41 t/s avg=18.83 t/s 4.938s
0823 21:20:37 ds4-server: chat ctx=0..134:134 prefill chunk 94/134 (70.1%) chunk=18.37 t/s avg=18.83 t/s 4.992s
0823 21:20:37 ds4-server: chat ctx=0..134:134 prefill chunk 95/134 (70.9%) chunk=18.54 t/s avg=18.83 t/s 5.046s
0823 21:20:37 ds4-server: chat ctx=0..134:134 prefill chunk 96/134 (71.6%) chunk=19.32 t/s avg=18.83 t/s 5.098s
0823 21:20:37 ds4-server: chat ctx=0..134:134 prefill chunk 97/134 (72.4%) chunk=18.80 t/s avg=18.83 t/s 5.151s
0823 21:20:37 ds4-server: chat ctx=0..134:134 prefill chunk 98/134 (73.1%) chunk=19.71 t/s avg=18.84 t/s 5.202s
0823 21:20:37 ds4-server: chat ctx=0..134:134 prefill chunk 99/134 (73.9%) chunk=18.93 t/s avg=18.84 t/s 5.255s
0823 21:20:37 ds4-server: chat ctx=0..134:134 prefill chunk 100/134 (74.6%) chunk=19.31 t/s avg=18.85 t/s 5.306s
0823 21:20:37 ds4-server: chat ctx=0..134:134 prefill chunk 101/134 (75.4%) chunk=18.67 t/s avg=18.84 t/s 5.360s
0823 21:20:37 ds4-server: chat ctx=0..134:134 prefill chunk 102/134 (76.1%) chunk=18.17 t/s avg=18.84 t/s 5.415s
0823 21:20:37 ds4-server: chat ctx=0..134:134 prefill chunk 103/134 (76.9%) chunk=18.80 t/s avg=18.84 t/s 5.468s
0823 21:20:37 ds4-server: chat ctx=0..134:134 prefill chunk 104/134 (77.6%) chunk=18.84 t/s avg=18.84 t/s 5.521s
0823 21:20:37 ds4-server: chat ctx=0..134:134 prefill chunk 105/134 (78.4%) chunk=19.54 t/s avg=18.84 t/s 5.572s
0823 21:20:38 ds4-server: chat ctx=0..134:134 prefill chunk 106/134 (79.1%) chunk=18.57 t/s avg=18.84 t/s 5.626s
0823 21:20:38 ds4-server: chat ctx=0..134:134 prefill chunk 107/134 (79.9%) chunk=19.43 t/s avg=18.85 t/s 5.678s
0823 21:20:38 ds4-server: chat ctx=0..134:134 prefill chunk 108/134 (80.6%) chunk=18.02 t/s avg=18.84 t/s 5.733s
0823 21:20:38 ds4-server: chat ctx=0..134:134 prefill chunk 109/134 (81.3%) chunk=18.20 t/s avg=18.83 t/s 5.788s
0823 21:20:38 ds4-server: chat ctx=0..134:134 prefill chunk 110/134 (82.1%) chunk=18.61 t/s avg=18.83 t/s 5.842s
0823 21:20:38 ds4-server: chat ctx=0..134:134 prefill chunk 111/134 (82.8%) chunk=18.02 t/s avg=18.82 t/s 5.897s
0823 21:20:38 ds4-server: chat ctx=0..134:134 prefill chunk 112/134 (83.6%) chunk=18.08 t/s avg=18.81 t/s 5.953s
0823 21:20:38 ds4-server: chat ctx=0..134:134 prefill chunk 113/134 (84.3%) chunk=18.16 t/s avg=18.81 t/s 6.008s
0823 21:20:38 ds4-server: chat ctx=0..134:134 prefill chunk 114/134 (85.1%) chunk=17.55 t/s avg=18.80 t/s 6.065s
0823 21:20:38 ds4-server: chat ctx=0..134:134 prefill chunk 115/134 (85.8%) chunk=18.29 t/s avg=18.79 t/s 6.119s
0823 21:20:38 ds4-server: chat ctx=0..134:134 prefill chunk 116/134 (86.6%) chunk=17.90 t/s avg=18.78 t/s 6.175s
0823 21:20:38 ds4-server: chat ctx=0..134:134 prefill chunk 117/134 (87.3%) chunk=17.80 t/s avg=18.78 t/s 6.231s
0823 21:20:38 ds4-server: chat ctx=0..134:134 prefill chunk 118/134 (88.1%) chunk=18.08 t/s avg=18.77 t/s 6.287s
0823 21:20:38 ds4-server: chat ctx=0..134:134 prefill chunk 119/134 (88.8%) chunk=18.92 t/s avg=18.77 t/s 6.340s
0823 21:20:38 ds4-server: chat ctx=0..134:134 prefill chunk 120/134 (89.6%) chunk=17.97 t/s avg=18.76 t/s 6.395s
0823 21:20:38 ds4-server: chat ctx=0..134:134 prefill chunk 121/134 (90.3%) chunk=18.34 t/s avg=18.76 t/s 6.450s
0823 21:20:38 ds4-server: chat ctx=0..134:134 prefill chunk 122/134 (91.0%) chunk=18.10 t/s avg=18.75 t/s 6.505s
0823 21:20:38 ds4-server: chat ctx=0..134:134 prefill chunk 123/134 (91.8%) chunk=18.27 t/s avg=18.75 t/s 6.560s
0823 21:20:39 ds4-server: chat ctx=0..134:134 prefill chunk 124/134 (92.5%) chunk=17.71 t/s avg=18.74 t/s 6.616s
0823 21:20:39 ds4-server: chat ctx=0..134:134 prefill chunk 125/134 (93.3%) chunk=18.32 t/s avg=18.74 t/s 6.671s
0823 21:20:39 ds4-server: chat ctx=0..134:134 prefill chunk 126/134 (94.0%) chunk=17.51 t/s avg=18.73 t/s 6.728s
0823 21:20:39 ds4-server: chat ctx=0..134:134 prefill chunk 127/134 (94.8%) chunk=17.89 t/s avg=18.72 t/s 6.784s
0823 21:20:39 ds4-server: chat ctx=0..134:134 prefill chunk 128/134 (95.5%) chunk=18.87 t/s avg=18.72 t/s 6.837s
0823 21:20:39 ds4-server: chat ctx=0..134:134 prefill chunk 129/134 (96.3%) chunk=17.58 t/s avg=18.71 t/s 6.894s
0823 21:20:39 ds4-server: chat ctx=0..134:134 prefill chunk 130/134 (97.0%) chunk=18.21 t/s avg=18.71 t/s 6.949s
0823 21:20:39 ds4-server: chat ctx=0..134:134 prefill chunk 131/134 (97.8%) chunk=19.75 t/s avg=18.72 t/s 6.999s
0823 21:20:39 ds4-server: chat ctx=0..134:134 prefill chunk 132/134 (98.5%) chunk=18.21 t/s avg=18.71 t/s 7.054s
0823 21:20:39 ds4-server: chat ctx=0..134:134 prefill chunk 133/134 (99.3%) chunk=20.07 t/s avg=18.72 t/s 7.104s
0823 21:20:39 ds4-server: chat ctx=0..134:134 prefill chunk 134/134 (100.0%) chunk=19.07 t/s avg=18.72 t/s 7.156s
0823 21:20:39 ds4-server: chat ctx=0..134:134 prompt done 7.156s
ds4: qwen35moe experts/token avg over 128 tokens: 0:14.0 1:14.4 2:14.4 3:16.1 4:15.5 5:15.4 6:14.7 7:14.8 8:15.2 9:15.5 10:14.0 11:13.7 12:15.0 13:14.7 14:14.5 15:14.4 16:14.5 17:14.3 18:14.2 19:14.9 20:15.2 21:15.0 22:13.7 23:14.0 24:15.0 25:14.4 26:14.6 27:15.1 28:15.0 29:14.8 30:15.1 31:16.2 32:15.9 33:16.6 34:15.9 35:17.9 36:18.4 37:18.5 38:19.3 39:18.7 | mean 15.3
0823 21:20:42 ds4-server: chat ctx=134..184:50 gen=50 THINKING decoding chunk=18.36 t/s avg=18.36 t/s 2.723s
0823 21:20:45 ds4-server: chat ctx=184..234:50 gen=100 THINKING decoding chunk=17.83 t/s avg=18.09 t/s 5.527s
ds4: qwen35moe experts/token avg over 128 tokens: 0:14.2 1:15.8 2:15.6 3:16.9 4:16.1 5:16.1 6:16.4 7:17.0 8:16.5 9:17.6 10:15.5 11:15.2 12:16.7 13:16.3 14:15.7 15:16.2 16:16.4 17:15.8 18:16.3 19:16.6 20:17.1 21:17.1 22:15.5 23:14.5 24:16.5 25:16.3 26:16.6 27:16.9 28:16.3 29:15.4 30:16.7 31:17.4 32:16.4 33:16.3 34:15.9 35:18.6 36:18.5 37:19.2 38:19.4 39:19.2 | mean 16.6
0823 21:20:47 ds4-server: chat ctx=234..284:50 gen=150 THINKING decoding chunk=17.52 t/s avg=17.90 t/s 8.380s
0823 21:20:50 ds4-server: chat ctx=284..334:50 gen=200 THINKING decoding chunk=17.55 t/s avg=17.81 t/s 11.230s
0823 21:20:53 ds4-server: chat ctx=334..384:50 gen=250 THINKING decoding chunk=17.44 t/s avg=17.73 t/s 14.097s
ds4: qwen35moe experts/token avg over 128 tokens: 0:14.5 1:15.8 2:16.4 3:17.3 4:17.1 5:16.9 6:17.0 7:17.6 8:17.8 9:18.1 10:16.4 11:16.0 12:17.3 13:17.7 14:16.9 15:16.6 16:16.9 17:16.8 18:16.9 19:17.0 20:17.5 21:17.3 22:16.1 23:15.4 24:17.3 25:16.7 26:16.9 27:17.1 28:17.1 29:16.8 30:17.2 31:18.0 32:16.9 33:16.6 34:17.0 35:18.2 36:18.5 37:19.1 38:19.5 39:18.3 | mean 17.1
0823 21:20:56 ds4-server: chat ctx=384..434:50 gen=300 THINKING decoding chunk=17.33 t/s avg=17.67 t/s 16.982s
0823 21:20:59 ds4-server: chat ctx=434..484:50 gen=350 THINKING decoding chunk=17.52 t/s avg=17.65 t/s 19.835s
ds4: qwen35moe experts/token avg over 128 tokens: 0:15.1 1:15.7 2:15.8 3:16.8 4:16.7 5:16.8 6:16.4 7:17.9 8:18.4 9:18.0 10:16.1 11:15.5 12:17.2 13:17.1 14:16.5 15:16.7 16:17.4 17:16.7 18:16.7 19:17.0 20:17.1 21:17.5 22:15.6 23:15.2 24:16.5 25:16.2 26:16.5 27:16.3 28:16.5 29:15.7 30:16.5 31:17.0 32:16.0 33:16.0 34:16.1 35:17.8 36:18.0 37:18.2 38:18.9 39:17.9 | mean 16.7
0823 21:21:02 ds4-server: chat ctx=484..534:50 gen=400 THINKING decoding chunk=17.29 t/s avg=17.60 t/s 22.726s
0823 21:21:05 ds4-server: chat ctx=534..584:50 gen=450 THINKING decoding chunk=17.15 t/s avg=17.55 t/s 25.642s
0823 21:21:08 ds4-server: chat ctx=584..634:50 gen=500 THINKING decoding chunk=16.81 t/s avg=17.47 t/s 28.616s
ds4: qwen35moe experts/token avg over 128 tokens: 0:14.9 1:15.9 2:15.4 3:16.8 4:16.5 5:17.0 6:16.7 7:17.9 8:18.5 9:18.1 10:17.0 11:16.3 12:17.8 13:18.0 14:17.7 15:17.1 16:18.0 17:17.6 18:17.2 19:18.0 20:18.5 21:17.9 22:16.6 23:15.9 24:17.6 25:17.5 26:16.9 27:17.5 28:17.3 29:16.3 30:16.8 31:17.6 32:16.8 33:16.0 34:16.4 35:18.0 36:18.2 37:18.9 38:19.1 39:18.4 | mean 17.3
0823 21:21:11 ds4-server: chat ctx=634..684:50 gen=550 THINKING decoding chunk=16.90 t/s avg=17.42 t/s 31.576s
0823 21:21:14 ds4-server: chat ctx=684..734:50 gen=600 THINKING decoding chunk=16.77 t/s avg=17.36 t/s 34.558s
ds4: qwen35moe experts/token avg over 128 tokens: 0:15.1 1:16.0 2:15.9 3:16.7 4:16.3 5:16.7 6:17.1 7:17.3 8:17.8 9:17.2 10:15.9 11:15.2 12:16.9 13:16.7 14:16.6 15:17.0 16:17.0 17:16.6 18:16.9 19:17.0 20:17.6 21:17.2 22:16.3 23:16.2 24:16.6 25:16.5 26:16.6 27:16.6 28:16.0 29:16.7 30:16.3 31:16.9 32:16.4 33:15.9 34:15.7 35:17.9 36:17.9 37:18.4 38:19.2 39:18.1 | mean 16.8
0823 21:21:17 ds4-server: chat ctx=734..784:50 gen=650 THINKING decoding chunk=17.00 t/s avg=17.33 t/s 37.499s
0823 21:21:19 ds4-server: chat ctx=784..834:50 gen=700 THINKING decoding chunk=17.24 t/s avg=17.33 t/s 40.399s
0823 21:21:22 ds4-server: chat ctx=834..884:50 gen=750 THINKING decoding chunk=16.67 t/s avg=17.28 t/s 43.398s
ds4: qwen35moe experts/token avg over 128 tokens: 0:14.3 1:15.8 2:15.6 3:17.3 4:16.7 5:16.6 6:16.5 7:17.4 8:17.3 9:17.4 10:15.7 11:15.5 12:16.9 13:16.9 14:16.9 15:16.9 16:17.0 17:16.6 18:16.5 19:16.9 20:17.1 21:17.1 22:15.5 23:15.5 24:16.7 25:16.3 26:16.1 27:16.6 28:16.3 29:15.8 30:16.2 31:17.4 32:15.3 33:15.0 34:15.5 35:17.6 36:17.4 37:18.4 38:18.6 39:17.6 | mean 16.6
0823 21:21:26 ds4-server: chat ctx=884..934:50 gen=800 THINKING decoding chunk=16.51 t/s avg=17.23 t/s 46.427s
0823 21:21:29 ds4-server: chat ctx=934..984:50 gen=850 decoding chunk=16.39 t/s avg=17.18 t/s 49.478s
0823 21:21:32 ds4-server: chat ctx=984..1034:50 gen=900 decoding chunk=16.38 t/s avg=17.13 t/s 52.531s
ds4: qwen35moe experts/token avg over 128 tokens: 0:14.4 1:15.5 2:15.1 3:17.3 4:16.9 5:16.9 6:16.2 7:17.9 8:18.4 9:18.2 10:16.5 11:15.2 12:17.7 13:17.6 14:17.4 15:17.0 16:17.4 17:17.1 18:16.8 19:17.0 20:18.2 21:17.8 22:16.2 23:15.7 24:17.3 25:17.4 26:17.0 27:16.9 28:17.2 29:15.6 30:17.0 31:16.9 32:15.8 33:15.4 34:15.4 35:17.6 36:18.0 37:18.9 38:18.9 39:18.8 | mean 17.0
0823 21:21:35 ds4-server: chat ctx=1034..1084:50 gen=950 decoding chunk=15.88 t/s avg=17.06 t/s 55.680s
0823 21:21:38 ds4-server: chat ctx=1084..1134:50 gen=1000 decoding chunk=15.95 t/s avg=17.00 t/s 58.814s
ds4: qwen35moe experts/token avg over 128 tokens: 0:15.1 1:15.9 2:16.3 3:17.5 4:17.4 5:17.8 6:17.7 7:18.4 8:18.5 9:18.1 10:17.4 11:16.7 12:18.1 13:18.4 14:18.8 15:18.2 16:18.8 17:18.4 18:18.0 19:18.6 20:19.2 21:19.0 22:17.8 23:17.3 24:18.3 25:18.6 26:18.3 27:18.5 28:18.2 29:16.8 30:18.2 31:18.5 32:17.9 33:17.5 34:18.0 35:19.3 36:19.2 37:19.6 38:19.4 39:19.4 | mean 18.1
0823 21:21:41 ds4-server: chat ctx=1134..1184:50 gen=1050 decoding chunk=15.76 t/s avg=16.94 t/s 61.986s
0823 21:21:44 ds4-server: chat ctx=1184..1226:42 gen=1092 decoding chunk=15.70 t/s avg=16.89 t/s 64.660s
0823 21:21:44 ds4-server: thinking live checkpoint remembered ctx=0..134:134 live=1226 visible=1430
0823 21:21:44 ds4-server: chat ctx=0..134:134 gen=1092 finish=stop 71.817s
0823 21:21:44 ds4-server: live kv cache miss live=1226 prompt=111 common=57 reason=token-mismatch
0823 21:21:44 ds4-server: chat ctx=0..111:111 prompt start
0823 21:21:44 ds4-server: chat ctx=0..111:111 prefill chunk 1/111 (0.9%) chunk=0.00 t/s avg=20.09 t/s 0.050s
0823 21:21:44 ds4-server: chat ctx=0..111:111 prefill chunk 2/111 (1.8%) chunk=18.90 t/s avg=19.48 t/s 0.103s
0823 21:21:44 ds4-server: chat ctx=0..111:111 prefill chunk 3/111 (2.7%) chunk=20.07 t/s avg=19.67 t/s 0.153s
0823 21:21:44 ds4-server: chat ctx=0..111:111 prefill chunk 4/111 (3.6%) chunk=18.99 t/s avg=19.50 t/s 0.205s
0823 21:21:44 ds4-server: chat ctx=0..111:111 prefill chunk 5/111 (4.5%) chunk=19.83 t/s avg=19.56 t/s 0.256s
0823 21:21:44 ds4-server: chat ctx=0..111:111 prefill chunk 6/111 (5.4%) chunk=19.24 t/s avg=19.51 t/s 0.308s
0823 21:21:44 ds4-server: chat ctx=0..111:111 prefill chunk 7/111 (6.3%) chunk=19.75 t/s avg=19.54 t/s 0.358s
0823 21:21:44 ds4-server: chat ctx=0..111:111 prefill chunk 8/111 (7.2%) chunk=18.79 t/s avg=19.44 t/s 0.411s
0823 21:21:44 ds4-server: chat ctx=0..111:111 prefill chunk 9/111 (8.1%) chunk=19.09 t/s avg=19.41 t/s 0.464s
0823 21:21:44 ds4-server: chat ctx=0..111:111 prefill chunk 10/111 (9.0%) chunk=19.54 t/s avg=19.42 t/s 0.515s
0823 21:21:44 ds4-server: chat ctx=0..111:111 prefill chunk 11/111 (9.9%) chunk=18.73 t/s avg=19.35 t/s 0.568s
0823 21:21:44 ds4-server: chat ctx=0..111:111 prefill chunk 12/111 (10.8%) chunk=19.04 t/s avg=19.33 t/s 0.621s
0823 21:21:44 ds4-server: chat ctx=0..111:111 prefill chunk 13/111 (11.7%) chunk=18.54 t/s avg=19.26 t/s 0.675s
0823 21:21:44 ds4-server: chat ctx=0..111:111 prefill chunk 14/111 (12.6%) chunk=18.77 t/s avg=19.23 t/s 0.728s
0823 21:21:45 ds4-server: chat ctx=0..111:111 prefill chunk 15/111 (13.5%) chunk=18.82 t/s avg=19.20 t/s 0.781s
0823 21:21:45 ds4-server: chat ctx=0..111:111 prefill chunk 16/111 (14.4%) chunk=18.39 t/s avg=19.15 t/s 0.836s
0823 21:21:45 ds4-server: chat ctx=0..111:111 prefill chunk 17/111 (15.3%) chunk=19.02 t/s avg=19.14 t/s 0.888s
0823 21:21:45 ds4-server: chat ctx=0..111:111 prefill chunk 18/111 (16.2%) chunk=18.83 t/s avg=19.12 t/s 0.941s
0823 21:21:45 ds4-server: chat ctx=0..111:111 prefill chunk 19/111 (17.1%) chunk=18.75 t/s avg=19.10 t/s 0.995s
0823 21:21:45 ds4-server: chat ctx=0..111:111 prefill chunk 20/111 (18.0%) chunk=18.39 t/s avg=19.07 t/s 1.049s
0823 21:21:45 ds4-server: chat ctx=0..111:111 prefill chunk 21/111 (18.9%) chunk=18.42 t/s avg=19.03 t/s 1.103s
0823 21:21:45 ds4-server: chat ctx=0..111:111 prefill chunk 22/111 (19.8%) chunk=19.36 t/s avg=19.05 t/s 1.155s
0823 21:21:45 ds4-server: chat ctx=0..111:111 prefill chunk 23/111 (20.7%) chunk=18.87 t/s avg=19.04 t/s 1.208s
0823 21:21:45 ds4-server: chat ctx=0..111:111 prefill chunk 24/111 (21.6%) chunk=19.22 t/s avg=19.05 t/s 1.260s
0823 21:21:45 ds4-server: chat ctx=0..111:111 prefill chunk 25/111 (22.5%) chunk=19.02 t/s avg=19.05 t/s 1.313s
0823 21:21:45 ds4-server: chat ctx=0..111:111 prefill chunk 26/111 (23.4%) chunk=18.88 t/s avg=19.04 t/s 1.366s
0823 21:21:45 ds4-server: chat ctx=0..111:111 prefill chunk 27/111 (24.3%) chunk=19.30 t/s avg=19.05 t/s 1.417s
0823 21:21:45 ds4-server: chat ctx=0..111:111 prefill chunk 28/111 (25.2%) chunk=18.78 t/s avg=19.04 t/s 1.471s
0823 21:21:45 ds4-server: chat ctx=0..111:111 prefill chunk 29/111 (26.1%) chunk=18.90 t/s avg=19.03 t/s 1.524s
0823 21:21:45 ds4-server: chat ctx=0..111:111 prefill chunk 30/111 (27.0%) chunk=18.54 t/s avg=19.02 t/s 1.577s
0823 21:21:45 ds4-server: chat ctx=0..111:111 prefill chunk 31/111 (27.9%) chunk=18.31 t/s avg=18.99 t/s 1.632s
0823 21:21:45 ds4-server: chat ctx=0..111:111 prefill chunk 32/111 (28.8%) chunk=18.84 t/s avg=18.99 t/s 1.685s
0823 21:21:45 ds4-server: chat ctx=0..111:111 prefill chunk 33/111 (29.7%) chunk=18.50 t/s avg=18.97 t/s 1.739s
0823 21:21:46 ds4-server: chat ctx=0..111:111 prefill chunk 34/111 (30.6%) chunk=18.48 t/s avg=18.96 t/s 1.793s
0823 21:21:46 ds4-server: chat ctx=0..111:111 prefill chunk 35/111 (31.5%) chunk=18.20 t/s avg=18.94 t/s 1.848s
0823 21:21:46 ds4-server: chat ctx=0..111:111 prefill chunk 36/111 (32.4%) chunk=18.30 t/s avg=18.92 t/s 1.903s
0823 21:21:46 ds4-server: chat ctx=0..111:111 prefill chunk 37/111 (33.3%) chunk=18.27 t/s avg=18.90 t/s 1.958s
0823 21:21:46 ds4-server: chat ctx=0..111:111 prefill chunk 38/111 (34.2%) chunk=17.61 t/s avg=18.86 t/s 2.014s
0823 21:21:46 ds4-server: chat ctx=0..111:111 prefill chunk 39/111 (35.1%) chunk=18.25 t/s avg=18.85 t/s 2.069s
0823 21:21:46 ds4-server: chat ctx=0..111:111 prefill chunk 40/111 (36.0%) chunk=18.88 t/s avg=18.85 t/s 2.122s
0823 21:21:46 ds4-server: chat ctx=0..111:111 prefill chunk 41/111 (36.9%) chunk=18.28 t/s avg=18.83 t/s 2.177s
0823 21:21:46 ds4-server: chat ctx=0..111:111 prefill chunk 42/111 (37.8%) chunk=18.56 t/s avg=18.83 t/s 2.231s
0823 21:21:46 ds4-server: chat ctx=0..111:111 prefill chunk 43/111 (38.7%) chunk=19.32 t/s avg=18.84 t/s 2.283s
0823 21:21:46 ds4-server: chat ctx=0..111:111 prefill chunk 44/111 (39.6%) chunk=18.58 t/s avg=18.83 t/s 2.336s
0823 21:21:46 ds4-server: chat ctx=0..111:111 prefill chunk 45/111 (40.5%) chunk=18.86 t/s avg=18.83 t/s 2.389s
0823 21:21:46 ds4-server: chat ctx=0..111:111 prefill chunk 46/111 (41.4%) chunk=18.23 t/s avg=18.82 t/s 2.444s
0823 21:21:46 ds4-server: chat ctx=0..111:111 prefill chunk 47/111 (42.3%) chunk=17.89 t/s avg=18.80 t/s 2.500s
0823 21:21:46 ds4-server: chat ctx=0..111:111 prefill chunk 48/111 (43.2%) chunk=19.48 t/s avg=18.81 t/s 2.551s
0823 21:21:46 ds4-server: chat ctx=0..111:111 prefill chunk 49/111 (44.1%) chunk=18.47 t/s avg=18.81 t/s 2.606s
0823 21:21:46 ds4-server: chat ctx=0..111:111 prefill chunk 50/111 (45.0%) chunk=19.05 t/s avg=18.81 t/s 2.658s
0823 21:21:46 ds4-server: chat ctx=0..111:111 prefill chunk 51/111 (45.9%) chunk=18.62 t/s avg=18.81 t/s 2.712s
0823 21:21:47 ds4-server: chat ctx=0..111:111 prefill chunk 52/111 (46.8%) chunk=17.75 t/s avg=18.79 t/s 2.768s
0823 21:21:47 ds4-server: chat ctx=0..111:111 prefill chunk 53/111 (47.7%) chunk=19.53 t/s avg=18.80 t/s 2.819s
0823 21:21:47 ds4-server: chat ctx=0..111:111 prefill chunk 54/111 (48.6%) chunk=18.86 t/s avg=18.80 t/s 2.872s
0823 21:21:47 ds4-server: chat ctx=0..111:111 prefill chunk 55/111 (49.5%) chunk=19.90 t/s avg=18.82 t/s 2.923s
0823 21:21:47 ds4-server: chat ctx=0..111:111 prefill chunk 56/111 (50.5%) chunk=19.79 t/s avg=18.84 t/s 2.973s
0823 21:21:47 ds4-server: chat ctx=0..111:111 prefill chunk 57/111 (51.4%) chunk=19.51 t/s avg=18.85 t/s 3.024s
0823 21:21:47 ds4-server: chat ctx=0..111:111 prefill chunk 58/111 (52.3%) chunk=18.19 t/s avg=18.83 t/s 3.079s
0823 21:21:47 ds4-server: chat ctx=0..111:111 prefill chunk 59/111 (53.2%) chunk=17.96 t/s avg=18.82 t/s 3.135s
0823 21:21:47 ds4-server: chat ctx=0..111:111 prefill chunk 60/111 (54.1%) chunk=18.33 t/s avg=18.81 t/s 3.190s
0823 21:21:47 ds4-server: chat ctx=0..111:111 prefill chunk 61/111 (55.0%) chunk=18.73 t/s avg=18.81 t/s 3.243s
0823 21:21:47 ds4-server: chat ctx=0..111:111 prefill chunk 62/111 (55.9%) chunk=18.74 t/s avg=18.81 t/s 3.296s
0823 21:21:47 ds4-server: chat ctx=0..111:111 prefill chunk 63/111 (56.8%) chunk=19.20 t/s avg=18.81 t/s 3.348s
0823 21:21:47 ds4-server: chat ctx=0..111:111 prefill chunk 64/111 (57.7%) chunk=17.92 t/s avg=18.80 t/s 3.404s
0823 21:21:47 ds4-server: chat ctx=0..111:111 prefill chunk 65/111 (58.6%) chunk=19.47 t/s avg=18.81 t/s 3.456s
ds4: qwen35moe experts/token avg over 128 tokens: 0:14.5 1:15.3 2:15.8 3:16.5 4:16.4 5:16.2 6:16.2 7:17.0 8:17.3 9:16.5 10:15.3 11:15.0 12:16.1 13:16.3 14:16.6 15:16.7 16:16.6 17:16.5 18:16.5 19:16.2 20:17.0 21:16.7 22:16.1 23:15.7 24:16.3 25:16.2 26:16.2 27:16.6 28:16.3 29:16.3 30:16.1 31:17.3 32:16.9 33:17.4 34:16.9 35:18.7 36:18.7 37:19.1 38:19.4 39:19.1 | mean 16.7
0823 21:21:47 ds4-server: chat ctx=0..111:111 prefill chunk 66/111 (59.5%) chunk=18.08 t/s avg=18.80 t/s 3.511s
0823 21:21:47 ds4-server: chat ctx=0..111:111 prefill chunk 67/111 (60.4%) chunk=17.69 t/s avg=18.78 t/s 3.567s
0823 21:21:47 ds4-server: chat ctx=0..111:111 prefill chunk 68/111 (61.3%) chunk=19.14 t/s avg=18.79 t/s 3.620s
0823 21:21:47 ds4-server: chat ctx=0..111:111 prefill chunk 69/111 (62.2%) chunk=17.77 t/s avg=18.77 t/s 3.676s
0823 21:21:47 ds4-server: chat ctx=0..111:111 prefill chunk 70/111 (63.1%) chunk=18.79 t/s avg=18.77 t/s 3.729s
0823 21:21:48 ds4-server: chat ctx=0..111:111 prefill chunk 71/111 (64.0%) chunk=18.53 t/s avg=18.77 t/s 3.783s
0823 21:21:48 ds4-server: chat ctx=0..111:111 prefill chunk 72/111 (64.9%) chunk=18.64 t/s avg=18.77 t/s 3.837s
0823 21:21:48 ds4-server: chat ctx=0..111:111 prefill chunk 73/111 (65.8%) chunk=18.93 t/s avg=18.77 t/s 3.890s
0823 21:21:48 ds4-server: chat ctx=0..111:111 prefill chunk 74/111 (66.7%) chunk=18.59 t/s avg=18.77 t/s 3.943s
0823 21:21:48 ds4-server: chat ctx=0..111:111 prefill chunk 75/111 (67.6%) chunk=18.48 t/s avg=18.76 t/s 3.998s
0823 21:21:48 ds4-server: chat ctx=0..111:111 prefill chunk 76/111 (68.5%) chunk=18.63 t/s avg=18.76 t/s 4.051s
0823 21:21:48 ds4-server: chat ctx=0..111:111 prefill chunk 77/111 (69.4%) chunk=18.11 t/s avg=18.75 t/s 4.106s
0823 21:21:48 ds4-server: chat ctx=0..111:111 prefill chunk 78/111 (70.3%) chunk=18.27 t/s avg=18.74 t/s 4.161s
0823 21:21:48 ds4-server: chat ctx=0..111:111 prefill chunk 79/111 (71.2%) chunk=18.93 t/s avg=18.75 t/s 4.214s
0823 21:21:48 ds4-server: chat ctx=0..111:111 prefill chunk 80/111 (72.1%) chunk=18.69 t/s avg=18.75 t/s 4.267s
0823 21:21:48 ds4-server: chat ctx=0..111:111 prefill chunk 81/111 (73.0%) chunk=18.90 t/s avg=18.75 t/s 4.320s
0823 21:21:48 ds4-server: chat ctx=0..111:111 prefill chunk 82/111 (73.9%) chunk=18.24 t/s avg=18.74 t/s 4.375s
0823 21:21:48 ds4-server: chat ctx=0..111:111 prefill chunk 83/111 (74.8%) chunk=18.08 t/s avg=18.73 t/s 4.430s
0823 21:21:48 ds4-server: chat ctx=0..111:111 prefill chunk 84/111 (75.7%) chunk=18.07 t/s avg=18.73 t/s 4.486s
0823 21:21:48 ds4-server: chat ctx=0..111:111 prefill chunk 85/111 (76.6%) chunk=18.01 t/s avg=18.72 t/s 4.541s
0823 21:21:48 ds4-server: chat ctx=0..111:111 prefill chunk 86/111 (77.5%) chunk=17.73 t/s avg=18.70 t/s 4.598s
0823 21:21:48 ds4-server: chat ctx=0..111:111 prefill chunk 87/111 (78.4%) chunk=18.23 t/s avg=18.70 t/s 4.653s
0823 21:21:48 ds4-server: chat ctx=0..111:111 prefill chunk 88/111 (79.3%) chunk=17.42 t/s avg=18.68 t/s 4.710s
0823 21:21:49 ds4-server: chat ctx=0..111:111 prefill chunk 89/111 (80.2%) chunk=18.24 t/s avg=18.68 t/s 4.765s
0823 21:21:49 ds4-server: chat ctx=0..111:111 prefill chunk 90/111 (81.1%) chunk=17.57 t/s avg=18.67 t/s 4.822s
0823 21:21:49 ds4-server: chat ctx=0..111:111 prefill chunk 91/111 (82.0%) chunk=17.62 t/s avg=18.65 t/s 4.879s
0823 21:21:49 ds4-server: chat ctx=0..111:111 prefill chunk 92/111 (82.9%) chunk=17.49 t/s avg=18.64 t/s 4.936s
0823 21:21:49 ds4-server: chat ctx=0..111:111 prefill chunk 93/111 (83.8%) chunk=18.50 t/s avg=18.64 t/s 4.990s
0823 21:21:49 ds4-server: chat ctx=0..111:111 prefill chunk 94/111 (84.7%) chunk=18.10 t/s avg=18.63 t/s 5.045s
0823 21:21:49 ds4-server: chat ctx=0..111:111 prefill chunk 95/111 (85.6%) chunk=17.35 t/s avg=18.62 t/s 5.103s
0823 21:21:49 ds4-server: chat ctx=0..111:111 prefill chunk 96/111 (86.5%) chunk=18.72 t/s avg=18.62 t/s 5.156s
0823 21:21:49 ds4-server: chat ctx=0..111:111 prefill chunk 97/111 (87.4%) chunk=17.58 t/s avg=18.61 t/s 5.213s
0823 21:21:49 ds4-server: chat ctx=0..111:111 prefill chunk 98/111 (88.3%) chunk=17.23 t/s avg=18.59 t/s 5.271s
0823 21:21:49 ds4-server: chat ctx=0..111:111 prefill chunk 99/111 (89.2%) chunk=18.54 t/s avg=18.59 t/s 5.325s
0823 21:21:49 ds4-server: chat ctx=0..111:111 prefill chunk 100/111 (90.1%) chunk=17.22 t/s avg=18.58 t/s 5.383s
0823 21:21:49 ds4-server: chat ctx=0..111:111 prefill chunk 101/111 (91.0%) chunk=17.87 t/s avg=18.57 t/s 5.439s
0823 21:21:49 ds4-server: chat ctx=0..111:111 prefill chunk 102/111 (91.9%) chunk=17.47 t/s avg=18.56 t/s 5.496s
0823 21:21:49 ds4-server: chat ctx=0..111:111 prefill chunk 103/111 (92.8%) chunk=18.65 t/s avg=18.56 t/s 5.550s
0823 21:21:49 ds4-server: chat ctx=0..111:111 prefill chunk 104/111 (93.7%) chunk=17.58 t/s avg=18.55 t/s 5.607s
0823 21:21:49 ds4-server: chat ctx=0..111:111 prefill chunk 105/111 (94.6%) chunk=19.31 t/s avg=18.56 t/s 5.658s
0823 21:21:49 ds4-server: chat ctx=0..111:111 prefill chunk 106/111 (95.5%) chunk=17.78 t/s avg=18.55 t/s 5.715s
0823 21:21:50 ds4-server: chat ctx=0..111:111 prefill chunk 107/111 (96.4%) chunk=17.18 t/s avg=18.53 t/s 5.773s
0823 21:21:50 ds4-server: chat ctx=0..111:111 prefill chunk 108/111 (97.3%) chunk=19.46 t/s avg=18.54 t/s 5.824s
0823 21:21:50 ds4-server: chat ctx=0..111:111 prefill chunk 109/111 (98.2%) chunk=18.17 t/s avg=18.54 t/s 5.879s
0823 21:21:50 ds4-server: chat ctx=0..111:111 prefill chunk 110/111 (99.1%) chunk=19.32 t/s avg=18.55 t/s 5.931s
0823 21:21:50 ds4-server: chat ctx=0..111:111 prefill chunk 111/111 (100.0%) chunk=19.96 t/s avg=18.56 t/s 5.981s
0823 21:21:50 ds4-server: chat ctx=0..111:111 prompt done 5.981s
0823 21:21:52 ds4-server: chat ctx=111..161:50 gen=50 THINKING decoding chunk=18.18 t/s avg=18.18 t/s 2.750s
ds4: qwen35moe experts/token avg over 128 tokens: 0:14.3 1:14.2 2:15.3 3:16.2 4:16.1 5:15.2 6:15.9 7:16.2 8:17.5 9:16.9 10:15.2 11:14.8 12:16.9 13:15.9 14:15.6 15:15.9 16:15.9 17:16.0 18:15.8 19:16.7 20:17.0 21:16.1 22:15.7 23:15.7 24:17.6 25:16.7 26:16.8 27:16.7 28:17.2 29:16.7 30:17.3 31:18.4 32:17.2 33:16.8 34:16.6 35:18.3 36:19.0 37:19.1 38:19.4 39:18.9 | mean 16.6
0823 21:21:55 ds4-server: chat ctx=161..211:50 gen=100 THINKING decoding chunk=17.77 t/s avg=17.97 t/s 5.564s
0823 21:21:58 ds4-server: chat ctx=211..261:50 gen=150 THINKING decoding chunk=17.51 t/s avg=17.82 t/s 8.419s
0823 21:22:01 ds4-server: chat ctx=261..311:50 gen=200 THINKING decoding chunk=17.21 t/s avg=17.66 t/s 11.325s
ds4: qwen35moe experts/token avg over 128 tokens: 0:14.9 1:16.3 2:16.5 3:17.1 4:17.2 5:16.9 6:17.5 7:18.2 8:19.2 9:18.3 10:17.1 11:16.1 12:17.8 13:17.2 14:17.2 15:17.1 16:17.2 17:17.3 18:17.4 19:17.7 20:17.7 21:17.7 22:16.6 23:16.7 24:18.6 25:17.5 26:17.0 27:16.7 28:18.0 29:16.7 30:17.7 31:18.7 32:17.8 33:17.5 34:17.4 35:18.6 36:19.4 37:19.2 38:19.5 39:19.0 | mean 17.6
0823 21:22:04 ds4-server: chat ctx=311..361:50 gen=250 THINKING decoding chunk=17.30 t/s avg=17.59 t/s 14.215s
0823 21:22:07 ds4-server: chat ctx=361..411:50 gen=300 THINKING decoding chunk=17.38 t/s avg=17.55 t/s 17.092s
ds4: qwen35moe experts/token avg over 128 tokens: 0:14.3 1:15.8 2:15.9 3:16.6 4:17.1 5:16.9 6:16.1 7:17.9 8:18.0 9:17.1 10:16.0 11:15.6 12:17.1 13:16.8 14:16.5 15:17.2 16:17.5 17:16.9 18:16.5 19:16.8 20:17.4 21:17.6 22:16.8 23:16.0 24:17.5 25:16.5 26:17.1 27:16.9 28:17.1 29:16.5 30:17.3 31:18.0 32:17.0 33:16.2 34:16.7 35:18.5 36:18.9 37:18.7 38:19.3 39:18.4 | mean 17.0
0823 21:22:10 ds4-server: chat ctx=411..461:50 gen=350 THINKING decoding chunk=17.44 t/s avg=17.54 t/s 19.960s
0823 21:22:13 ds4-server: chat ctx=461..511:50 gen=400 THINKING decoding chunk=17.00 t/s avg=17.47 t/s 22.902s
0823 21:22:16 ds4-server: chat ctx=511..561:50 gen=450 decoding chunk=17.40 t/s avg=17.46 t/s 25.775s
ds4: qwen35moe experts/token avg over 128 tokens: 0:14.3 1:16.1 2:15.8 3:17.0 4:17.1 5:17.1 6:17.2 7:17.5 8:18.7 9:18.0 10:16.7 11:16.4 12:17.9 13:17.8 14:17.0 15:17.5 16:17.3 17:17.2 18:16.7 19:17.4 20:17.7 21:17.9 22:16.1 23:16.0 24:17.4 25:17.0 26:17.0 27:16.9 28:17.1 29:16.9 30:17.0 31:17.9 32:17.0 33:16.5 34:16.6 35:18.1 36:18.5 37:18.6 38:19.2 39:18.0 | mean 17.2
0823 21:22:18 ds4-server: chat ctx=561..611:50 gen=500 decoding chunk=16.74 t/s avg=17.38 t/s 28.762s
0823 21:22:22 ds4-server: chat ctx=611..661:50 gen=550 decoding chunk=16.39 t/s avg=17.29 t/s 31.812s
ds4: qwen35moe experts/token avg over 128 tokens: 0:14.5 1:17.4 2:17.3 3:18.3 4:18.2 5:18.4 6:18.4 7:18.6 8:19.2 9:18.8 10:17.8 11:17.7 12:18.7 13:18.6 14:18.6 15:18.8 16:18.9 17:18.9 18:18.5 19:18.7 20:19.1 21:18.7 22:17.2 23:17.1 24:18.4 25:18.1 26:18.3 27:17.8 28:18.2 29:17.6 30:18.2 31:18.7 32:18.1 33:17.7 34:18.0 35:18.9 36:19.3 37:18.9 38:19.7 39:18.9 | mean 18.3
0823 21:22:25 ds4-server: chat ctx=661..711:50 gen=600 decoding chunk=16.59 t/s avg=17.23 t/s 34.827s
0823 21:22:27 ds4-server: chat ctx=711..748:37 gen=637 decoding chunk=16.46 t/s avg=17.18 t/s 37.075s
0823 21:22:27 ds4-server: thinking live checkpoint remembered ctx=0..111:111 live=748 visible=974
0823 21:22:27 ds4-server: chat ctx=0..111:111 gen=637 finish=stop 43.056s
0823 21:22:27 ds4-server: live kv cache miss live=748 prompt=100 common=57 reason=token-mismatch
0823 21:22:27 ds4-server: chat ctx=0..100:100 prompt start
0823 21:22:27 ds4-server: chat ctx=0..100:100 prefill chunk 1/100 (1.0%) chunk=0.00 t/s avg=18.89 t/s 0.053s
0823 21:22:27 ds4-server: chat ctx=0..100:100 prefill chunk 2/100 (2.0%) chunk=19.68 t/s avg=19.28 t/s 0.104s
0823 21:22:27 ds4-server: chat ctx=0..100:100 prefill chunk 3/100 (3.0%) chunk=19.69 t/s avg=19.41 t/s 0.155s
0823 21:22:27 ds4-server: chat ctx=0..100:100 prefill chunk 4/100 (4.0%) chunk=19.15 t/s avg=19.34 t/s 0.207s
0823 21:22:27 ds4-server: chat ctx=0..100:100 prefill chunk 5/100 (5.0%) chunk=19.58 t/s avg=19.39 t/s 0.258s
0823 21:22:27 ds4-server: chat ctx=0..100:100 prefill chunk 6/100 (6.0%) chunk=18.74 t/s avg=19.28 t/s 0.311s
0823 21:22:27 ds4-server: chat ctx=0..100:100 prefill chunk 7/100 (7.0%) chunk=19.69 t/s avg=19.34 t/s 0.362s
0823 21:22:27 ds4-server: chat ctx=0..100:100 prefill chunk 8/100 (8.0%) chunk=18.58 t/s avg=19.24 t/s 0.416s
0823 21:22:27 ds4-server: chat ctx=0..100:100 prefill chunk 9/100 (9.0%) chunk=19.97 t/s avg=19.32 t/s 0.466s
0823 21:22:27 ds4-server: chat ctx=0..100:100 prefill chunk 10/100 (10.0%) chunk=19.00 t/s avg=19.28 t/s 0.519s
0823 21:22:27 ds4-server: chat ctx=0..100:100 prefill chunk 11/100 (11.0%) chunk=19.22 t/s avg=19.28 t/s 0.571s
0823 21:22:27 ds4-server: chat ctx=0..100:100 prefill chunk 12/100 (12.0%) chunk=18.94 t/s avg=19.25 t/s 0.623s
0823 21:22:27 ds4-server: chat ctx=0..100:100 prefill chunk 13/100 (13.0%) chunk=18.46 t/s avg=19.19 t/s 0.678s
0823 21:22:28 ds4-server: chat ctx=0..100:100 prefill chunk 14/100 (14.0%) chunk=19.02 t/s avg=19.17 t/s 0.730s
0823 21:22:28 ds4-server: chat ctx=0..100:100 prefill chunk 15/100 (15.0%) chunk=18.58 t/s avg=19.13 t/s 0.784s
0823 21:22:28 ds4-server: chat ctx=0..100:100 prefill chunk 16/100 (16.0%) chunk=18.78 t/s avg=19.11 t/s 0.837s
0823 21:22:28 ds4-server: chat ctx=0..100:100 prefill chunk 17/100 (17.0%) chunk=18.70 t/s avg=19.09 t/s 0.891s
0823 21:22:28 ds4-server: chat ctx=0..100:100 prefill chunk 18/100 (18.0%) chunk=18.62 t/s avg=19.06 t/s 0.944s
0823 21:22:28 ds4-server: chat ctx=0..100:100 prefill chunk 19/100 (19.0%) chunk=18.80 t/s avg=19.05 t/s 0.998s
0823 21:22:28 ds4-server: chat ctx=0..100:100 prefill chunk 20/100 (20.0%) chunk=17.98 t/s avg=18.99 t/s 1.053s
0823 21:22:28 ds4-server: chat ctx=0..100:100 prefill chunk 21/100 (21.0%) chunk=18.58 t/s avg=18.97 t/s 1.107s
0823 21:22:28 ds4-server: chat ctx=0..100:100 prefill chunk 22/100 (22.0%) chunk=19.44 t/s avg=18.99 t/s 1.158s
0823 21:22:28 ds4-server: chat ctx=0..100:100 prefill chunk 23/100 (23.0%) chunk=18.77 t/s avg=18.98 t/s 1.212s
0823 21:22:28 ds4-server: chat ctx=0..100:100 prefill chunk 24/100 (24.0%) chunk=19.68 t/s avg=19.01 t/s 1.263s
0823 21:22:28 ds4-server: chat ctx=0..100:100 prefill chunk 25/100 (25.0%) chunk=19.23 t/s avg=19.02 t/s 1.315s
0823 21:22:28 ds4-server: chat ctx=0..100:100 prefill chunk 26/100 (26.0%) chunk=19.51 t/s avg=19.04 t/s 1.366s
0823 21:22:28 ds4-server: chat ctx=0..100:100 prefill chunk 27/100 (27.0%) chunk=18.82 t/s avg=19.03 t/s 1.419s
0823 21:22:28 ds4-server: chat ctx=0..100:100 prefill chunk 28/100 (28.0%) chunk=19.18 t/s avg=19.03 t/s 1.471s
0823 21:22:28 ds4-server: chat ctx=0..100:100 prefill chunk 29/100 (29.0%) chunk=18.55 t/s avg=19.02 t/s 1.525s
0823 21:22:28 ds4-server: chat ctx=0..100:100 prefill chunk 30/100 (30.0%) chunk=18.35 t/s avg=18.99 t/s 1.580s
0823 21:22:28 ds4-server: chat ctx=0..100:100 prefill chunk 31/100 (31.0%) chunk=18.91 t/s avg=18.99 t/s 1.632s
0823 21:22:28 ds4-server: chat ctx=0..100:100 prefill chunk 32/100 (32.0%) chunk=18.37 t/s avg=18.97 t/s 1.687s
0823 21:22:29 ds4-server: chat ctx=0..100:100 prefill chunk 33/100 (33.0%) chunk=18.53 t/s avg=18.96 t/s 1.741s
0823 21:22:29 ds4-server: chat ctx=0..100:100 prefill chunk 34/100 (34.0%) chunk=18.67 t/s avg=18.95 t/s 1.794s
0823 21:22:29 ds4-server: chat ctx=0..100:100 prefill chunk 35/100 (35.0%) chunk=18.15 t/s avg=18.92 t/s 1.849s
0823 21:22:29 ds4-server: chat ctx=0..100:100 prefill chunk 36/100 (36.0%) chunk=19.07 t/s avg=18.93 t/s 1.902s
0823 21:22:29 ds4-server: chat ctx=0..100:100 prefill chunk 37/100 (37.0%) chunk=17.67 t/s avg=18.89 t/s 1.958s
0823 21:22:29 ds4-server: chat ctx=0..100:100 prefill chunk 38/100 (38.0%) chunk=17.70 t/s avg=18.86 t/s 2.015s
0823 21:22:29 ds4-server: chat ctx=0..100:100 prefill chunk 39/100 (39.0%) chunk=18.16 t/s avg=18.84 t/s 2.070s
0823 21:22:29 ds4-server: chat ctx=0..100:100 prefill chunk 40/100 (40.0%) chunk=18.46 t/s avg=18.83 t/s 2.124s
0823 21:22:29 ds4-server: chat ctx=0..100:100 prefill chunk 41/100 (41.0%) chunk=17.99 t/s avg=18.81 t/s 2.180s
0823 21:22:29 ds4-server: chat ctx=0..100:100 prefill chunk 42/100 (42.0%) chunk=18.79 t/s avg=18.81 t/s 2.233s
0823 21:22:29 ds4-server: chat ctx=0..100:100 prefill chunk 43/100 (43.0%) chunk=18.99 t/s avg=18.81 t/s 2.286s
0823 21:22:29 ds4-server: chat ctx=0..100:100 prefill chunk 44/100 (44.0%) chunk=18.44 t/s avg=18.80 t/s 2.340s
0823 21:22:29 ds4-server: chat ctx=0..100:100 prefill chunk 45/100 (45.0%) chunk=19.03 t/s avg=18.81 t/s 2.392s
0823 21:22:29 ds4-server: chat ctx=0..100:100 prefill chunk 46/100 (46.0%) chunk=17.94 t/s avg=18.79 t/s 2.448s
0823 21:22:29 ds4-server: chat ctx=0..100:100 prefill chunk 47/100 (47.0%) chunk=18.66 t/s avg=18.79 t/s 2.502s
0823 21:22:29 ds4-server: chat ctx=0..100:100 prefill chunk 48/100 (48.0%) chunk=18.75 t/s avg=18.79 t/s 2.555s
0823 21:22:29 ds4-server: chat ctx=0..100:100 prefill chunk 49/100 (49.0%) chunk=18.78 t/s avg=18.79 t/s 2.608s
0823 21:22:29 ds4-server: chat ctx=0..100:100 prefill chunk 50/100 (50.0%) chunk=18.90 t/s avg=18.79 t/s 2.661s
0823 21:22:30 ds4-server: chat ctx=0..100:100 prefill chunk 51/100 (51.0%) chunk=18.99 t/s avg=18.79 t/s 2.714s
0823 21:22:30 ds4-server: chat ctx=0..100:100 prefill chunk 52/100 (52.0%) chunk=18.74 t/s avg=18.79 t/s 2.767s
0823 21:22:30 ds4-server: chat ctx=0..100:100 prefill chunk 53/100 (53.0%) chunk=18.81 t/s avg=18.79 t/s 2.820s
0823 21:22:30 ds4-server: chat ctx=0..100:100 prefill chunk 54/100 (54.0%) chunk=19.03 t/s avg=18.80 t/s 2.873s
0823 21:22:30 ds4-server: chat ctx=0..100:100 prefill chunk 55/100 (55.0%) chunk=20.02 t/s avg=18.82 t/s 2.923s
0823 21:22:30 ds4-server: chat ctx=0..100:100 prefill chunk 56/100 (56.0%) chunk=19.91 t/s avg=18.84 t/s 2.973s
0823 21:22:30 ds4-server: chat ctx=0..100:100 prefill chunk 57/100 (57.0%) chunk=19.46 t/s avg=18.85 t/s 3.025s
0823 21:22:30 ds4-server: chat ctx=0..100:100 prefill chunk 58/100 (58.0%) chunk=17.50 t/s avg=18.82 t/s 3.082s
0823 21:22:30 ds4-server: chat ctx=0..100:100 prefill chunk 59/100 (59.0%) chunk=19.45 t/s avg=18.83 t/s 3.133s
0823 21:22:30 ds4-server: chat ctx=0..100:100 prefill chunk 60/100 (60.0%) chunk=18.92 t/s avg=18.83 t/s 3.186s
0823 21:22:30 ds4-server: chat ctx=0..100:100 prefill chunk 61/100 (61.0%) chunk=19.10 t/s avg=18.84 t/s 3.238s
0823 21:22:30 ds4-server: chat ctx=0..100:100 prefill chunk 62/100 (62.0%) chunk=19.07 t/s avg=18.84 t/s 3.291s
0823 21:22:30 ds4-server: chat ctx=0..100:100 prefill chunk 63/100 (63.0%) chunk=19.12 t/s avg=18.85 t/s 3.343s
0823 21:22:30 ds4-server: chat ctx=0..100:100 prefill chunk 64/100 (64.0%) chunk=18.88 t/s avg=18.85 t/s 3.396s
0823 21:22:30 ds4-server: chat ctx=0..100:100 prefill chunk 65/100 (65.0%) chunk=18.43 t/s avg=18.84 t/s 3.450s
0823 21:22:30 ds4-server: chat ctx=0..100:100 prefill chunk 66/100 (66.0%) chunk=19.18 t/s avg=18.84 t/s 3.502s
0823 21:22:30 ds4-server: chat ctx=0..100:100 prefill chunk 67/100 (67.0%) chunk=18.73 t/s avg=18.84 t/s 3.556s
0823 21:22:30 ds4-server: chat ctx=0..100:100 prefill chunk 68/100 (68.0%) chunk=18.05 t/s avg=18.83 t/s 3.611s
0823 21:22:30 ds4-server: chat ctx=0..100:100 prefill chunk 69/100 (69.0%) chunk=18.97 t/s avg=18.83 t/s 3.664s
0823 21:22:31 ds4-server: chat ctx=0..100:100 prefill chunk 70/100 (70.0%) chunk=18.12 t/s avg=18.82 t/s 3.719s
0823 21:22:31 ds4-server: chat ctx=0..100:100 prefill chunk 71/100 (71.0%) chunk=18.44 t/s avg=18.82 t/s 3.773s
0823 21:22:31 ds4-server: chat ctx=0..100:100 prefill chunk 72/100 (72.0%) chunk=18.59 t/s avg=18.81 t/s 3.827s
0823 21:22:31 ds4-server: chat ctx=0..100:100 prefill chunk 73/100 (73.0%) chunk=18.00 t/s avg=18.80 t/s 3.883s
0823 21:22:31 ds4-server: chat ctx=0..100:100 prefill chunk 74/100 (74.0%) chunk=18.34 t/s avg=18.80 t/s 3.937s
0823 21:22:31 ds4-server: chat ctx=0..100:100 prefill chunk 75/100 (75.0%) chunk=18.69 t/s avg=18.79 t/s 3.991s
0823 21:22:31 ds4-server: chat ctx=0..100:100 prefill chunk 76/100 (76.0%) chunk=18.60 t/s avg=18.79 t/s 4.044s
0823 21:22:31 ds4-server: chat ctx=0..100:100 prefill chunk 77/100 (77.0%) chunk=18.25 t/s avg=18.78 t/s 4.099s
0823 21:22:31 ds4-server: chat ctx=0..100:100 prefill chunk 78/100 (78.0%) chunk=18.22 t/s avg=18.78 t/s 4.154s
0823 21:22:31 ds4-server: chat ctx=0..100:100 prefill chunk 79/100 (79.0%) chunk=18.00 t/s avg=18.77 t/s 4.210s
0823 21:22:31 ds4-server: chat ctx=0..100:100 prefill chunk 80/100 (80.0%) chunk=18.41 t/s avg=18.76 t/s 4.264s
0823 21:22:31 ds4-server: chat ctx=0..100:100 prefill chunk 81/100 (81.0%) chunk=17.91 t/s avg=18.75 t/s 4.320s
0823 21:22:31 ds4-server: chat ctx=0..100:100 prefill chunk 82/100 (82.0%) chunk=18.26 t/s avg=18.74 t/s 4.375s
0823 21:22:31 ds4-server: chat ctx=0..100:100 prefill chunk 83/100 (83.0%) chunk=18.34 t/s avg=18.74 t/s 4.429s
0823 21:22:31 ds4-server: chat ctx=0..100:100 prefill chunk 84/100 (84.0%) chunk=18.11 t/s avg=18.73 t/s 4.484s
0823 21:22:31 ds4-server: chat ctx=0..100:100 prefill chunk 85/100 (85.0%) chunk=17.74 t/s avg=18.72 t/s 4.541s
ds4: qwen35moe experts/token avg over 128 tokens: 0:14.5 1:15.1 2:15.1 3:15.9 4:15.9 5:15.9 6:15.0 7:16.2 8:17.2 9:15.9 10:14.8 11:14.7 12:15.8 13:15.9 14:15.9 15:16.2 16:15.8 17:15.5 18:15.8 19:15.8 20:16.7 21:16.0 22:15.1 23:14.9 24:15.6 25:15.6 26:15.5 27:16.1 28:15.8 29:16.1 30:15.5 31:16.7 32:16.0 33:16.9 34:16.5 35:18.5 36:18.7 37:18.9 38:19.2 39:18.9 | mean 16.2
0823 21:22:31 ds4-server: chat ctx=0..100:100 prefill chunk 86/100 (86.0%) chunk=18.09 t/s avg=18.71 t/s 4.596s
0823 21:22:31 ds4-server: chat ctx=0..100:100 prefill chunk 87/100 (87.0%) chunk=17.57 t/s avg=18.70 t/s 4.653s
0823 21:22:32 ds4-server: chat ctx=0..100:100 prefill chunk 88/100 (88.0%) chunk=18.07 t/s avg=18.69 t/s 4.708s
0823 21:22:32 ds4-server: chat ctx=0..100:100 prefill chunk 89/100 (89.0%) chunk=17.81 t/s avg=18.68 t/s 4.764s
0823 21:22:32 ds4-server: chat ctx=0..100:100 prefill chunk 90/100 (90.0%) chunk=17.93 t/s avg=18.67 t/s 4.820s
0823 21:22:32 ds4-server: chat ctx=0..100:100 prefill chunk 91/100 (91.0%) chunk=18.02 t/s avg=18.66 t/s 4.876s
0823 21:22:32 ds4-server: chat ctx=0..100:100 prefill chunk 92/100 (92.0%) chunk=18.40 t/s avg=18.66 t/s 4.930s
0823 21:22:32 ds4-server: chat ctx=0..100:100 prefill chunk 93/100 (93.0%) chunk=17.80 t/s avg=18.65 t/s 4.986s
0823 21:22:32 ds4-server: chat ctx=0..100:100 prefill chunk 94/100 (94.0%) chunk=18.52 t/s avg=18.65 t/s 5.040s
0823 21:22:32 ds4-server: chat ctx=0..100:100 prefill chunk 95/100 (95.0%) chunk=18.82 t/s avg=18.65 t/s 5.093s
0823 21:22:32 ds4-server: chat ctx=0..100:100 prefill chunk 96/100 (96.0%) chunk=18.73 t/s avg=18.65 t/s 5.147s
0823 21:22:32 ds4-server: chat ctx=0..100:100 prefill chunk 97/100 (97.0%) chunk=19.58 t/s avg=18.66 t/s 5.198s
0823 21:22:32 ds4-server: chat ctx=0..100:100 prefill chunk 98/100 (98.0%) chunk=17.97 t/s avg=18.65 t/s 5.253s
0823 21:22:32 ds4-server: chat ctx=0..100:100 prefill chunk 99/100 (99.0%) chunk=19.78 t/s avg=18.66 t/s 5.304s
0823 21:22:32 ds4-server: chat ctx=0..100:100 prefill chunk 100/100 (100.0%) chunk=19.69 t/s avg=18.67 t/s 5.355s
0823 21:22:32 ds4-server: chat ctx=0..100:100 prompt done 5.355s
0823 21:22:35 ds4-server: chat ctx=100..150:50 gen=50 THINKING decoding chunk=18.33 t/s avg=18.33 t/s 2.727s
0823 21:22:38 ds4-server: chat ctx=150..200:50 gen=100 THINKING decoding chunk=18.16 t/s avg=18.25 t/s 5.481s
ds4: qwen35moe experts/token avg over 128 tokens: 0:14.1 1:14.5 2:14.8 3:15.7 4:15.4 5:15.0 6:15.3 7:16.1 8:16.7 9:16.1 10:14.6 11:14.3 12:15.7 13:15.2 14:15.2 15:15.4 16:16.3 17:15.8 18:15.5 19:15.6 20:16.8 21:16.3 22:14.9 23:14.7 24:15.7 25:15.5 26:15.5 27:16.4 28:16.0 29:16.2 30:16.2 31:16.6 32:16.0 33:16.3 34:16.1 35:18.3 36:18.0 37:18.6 38:19.1 39:18.7 | mean 16.0
0823 21:22:40 ds4-server: chat ctx=200..250:50 gen=150 THINKING decoding chunk=18.11 t/s avg=18.20 t/s 8.242s
0823 21:22:43 ds4-server: chat ctx=250..300:50 gen=200 THINKING decoding chunk=17.77 t/s avg=18.09 t/s 11.056s
ds4: qwen35moe experts/token avg over 128 tokens: 0:14.9 1:15.7 2:15.4 3:16.4 4:17.0 5:15.8 6:16.4 7:17.4 8:18.5 9:17.4 10:15.7 11:15.5 12:16.9 13:16.2 14:16.2 15:16.8 16:16.6 17:16.5 18:16.1 19:16.1 20:17.3 21:16.4 22:14.5 23:15.4 24:15.3 25:15.5 26:16.5 27:16.3 28:16.0 29:16.3 30:15.6 31:17.1 32:15.8 33:15.0 34:16.4 35:18.0 36:17.9 37:18.2 38:18.7 39:18.0 | mean 16.4
0823 21:22:46 ds4-server: chat ctx=300..350:50 gen=250 THINKING decoding chunk=17.71 t/s avg=18.01 t/s 13.880s
0823 21:22:49 ds4-server: chat ctx=350..400:50 gen=300 THINKING decoding chunk=17.58 t/s avg=17.94 t/s 16.723s
0823 21:22:52 ds4-server: chat ctx=400..450:50 gen=350 THINKING decoding chunk=17.65 t/s avg=17.90 t/s 19.556s
ds4: qwen35moe experts/token avg over 128 tokens: 0:14.5 1:15.6 2:14.7 3:16.6 4:16.6 5:15.8 6:15.5 7:16.7 8:17.8 9:16.8 10:14.7 11:15.1 12:15.6 13:16.1 14:15.8 15:16.5 16:15.7 17:16.3 18:15.4 19:16.0 20:16.2 21:16.4 22:14.8 23:15.2 24:16.0 25:15.4 26:15.6 27:15.8 28:15.2 29:16.4 30:15.4 31:16.4 32:16.3 33:14.9 34:15.9 35:18.1 36:17.7 37:17.9 38:18.3 39:17.9 | mean 16.1
0823 21:22:55 ds4-server: chat ctx=450..500:50 gen=400 THINKING decoding chunk=17.79 t/s avg=17.88 t/s 22.368s
0823 21:22:57 ds4-server: chat ctx=500..550:50 gen=450 THINKING decoding chunk=17.25 t/s avg=17.81 t/s 25.266s
ds4: qwen35moe experts/token avg over 128 tokens: 0:14.9 1:16.1 2:15.7 3:17.1 4:16.7 5:16.9 6:16.9 7:17.6 8:18.6 9:17.4 10:16.1 11:15.8 12:16.8 13:17.2 14:16.8 15:16.7 16:16.8 17:16.7 18:16.3 19:17.0 20:17.5 21:17.3 22:15.8 23:15.9 24:16.5 25:16.6 26:16.3 27:16.7 28:16.8 29:17.3 30:15.7 31:17.4 32:16.4 33:16.0 34:16.5 35:18.5 36:18.0 37:18.6 38:19.0 39:18.4 | mean 16.9
0823 21:23:00 ds4-server: chat ctx=550..600:50 gen=500 THINKING decoding chunk=16.93 t/s avg=17.72 t/s 28.219s
0823 21:23:03 ds4-server: chat ctx=600..650:50 gen=550 decoding chunk=17.23 t/s avg=17.67 t/s 31.121s
0823 21:23:06 ds4-server: chat ctx=650..700:50 gen=600 decoding chunk=17.17 t/s avg=17.63 t/s 34.034s
ds4: qwen35moe experts/token avg over 128 tokens: 0:14.7 1:15.8 2:15.7 3:16.6 4:16.3 5:16.0 6:15.7 7:17.1 8:18.0 9:16.9 10:15.2 11:16.1 12:16.8 13:16.5 14:16.4 15:16.3 16:16.5 17:16.5 18:15.6 19:16.4 20:17.1 21:16.8 22:14.8 23:15.5 24:16.0 25:16.0 26:16.2 27:16.5 28:16.2 29:16.1 30:15.5 31:16.8 32:15.0 33:15.3 34:15.5 35:17.6 36:17.5 37:17.9 38:18.7 39:18.2 | mean 16.4
0823 21:23:09 ds4-server: chat ctx=700..750:50 gen=650 decoding chunk=16.72 t/s avg=17.56 t/s 37.024s
0823 21:23:12 ds4-server: chat ctx=750..800:50 gen=700 decoding chunk=16.73 t/s avg=17.49 t/s 40.013s
0823 21:23:15 ds4-server: chat ctx=800..850:50 gen=750 decoding chunk=16.48 t/s avg=17.42 t/s 43.047s
ds4: qwen35moe experts/token avg over 128 tokens: 0:15.5 1:16.1 2:16.4 3:17.8 4:17.3 5:17.3 6:17.0 7:18.4 8:19.1 9:18.2 10:16.5 11:16.4 12:17.7 13:17.6 14:17.8 15:18.1 16:17.4 17:17.6 18:16.8 19:17.7 20:18.4 21:17.9 22:16.2 23:16.8 24:16.6 25:16.3 26:17.6 27:17.4 28:16.5 29:17.0 30:16.5 31:18.0 32:16.4 33:15.9 34:16.8 35:18.4 36:18.5 37:18.7 38:19.4 39:18.3 | mean 17.4
0823 21:23:18 ds4-server: chat ctx=850..900:50 gen=800 decoding chunk=16.45 t/s avg=17.36 t/s 46.087s
0823 21:23:19 ds4-server: chat ctx=900..920:20 gen=820 decoding chunk=16.26 t/s avg=17.33 t/s 47.317s
0823 21:23:19 ds4-server: thinking live checkpoint remembered ctx=0..100:100 live=920 visible=1710
0823 21:23:19 ds4-server: chat ctx=0..100:100 gen=820 finish=stop 52.672s
0823 21:23:19 ds4-server: live kv cache miss live=920 prompt=116 common=56 reason=token-mismatch
0823 21:23:19 ds4-server: chat ctx=0..116:116 prompt start
0823 21:23:20 ds4-server: chat ctx=0..116:116 prefill chunk 1/116 (0.9%) chunk=0.00 t/s avg=19.46 t/s 0.051s
0823 21:23:20 ds4-server: chat ctx=0..116:116 prefill chunk 2/116 (1.7%) chunk=19.17 t/s avg=19.32 t/s 0.104s
0823 21:23:20 ds4-server: chat ctx=0..116:116 prefill chunk 3/116 (2.6%) chunk=19.89 t/s avg=19.50 t/s 0.154s
0823 21:23:20 ds4-server: chat ctx=0..116:116 prefill chunk 4/116 (3.4%) chunk=19.10 t/s avg=19.40 t/s 0.206s
0823 21:23:20 ds4-server: chat ctx=0..116:116 prefill chunk 5/116 (4.3%) chunk=19.12 t/s avg=19.34 t/s 0.258s
0823 21:23:20 ds4-server: chat ctx=0..116:116 prefill chunk 6/116 (5.2%) chunk=19.41 t/s avg=19.36 t/s 0.310s
0823 21:23:20 ds4-server: chat ctx=0..116:116 prefill chunk 7/116 (6.0%) chunk=19.11 t/s avg=19.32 t/s 0.362s
0823 21:23:20 ds4-server: chat ctx=0..116:116 prefill chunk 8/116 (6.9%) chunk=19.21 t/s avg=19.31 t/s 0.414s
0823 21:23:20 ds4-server: chat ctx=0..116:116 prefill chunk 9/116 (7.8%) chunk=19.34 t/s avg=19.31 t/s 0.466s
0823 21:23:20 ds4-server: chat ctx=0..116:116 prefill chunk 10/116 (8.6%) chunk=19.75 t/s avg=19.35 t/s 0.517s
0823 21:23:20 ds4-server: chat ctx=0..116:116 prefill chunk 11/116 (9.5%) chunk=18.72 t/s avg=19.29 t/s 0.570s
0823 21:23:20 ds4-server: chat ctx=0..116:116 prefill chunk 12/116 (10.3%) chunk=19.27 t/s avg=19.29 t/s 0.622s
0823 21:23:20 ds4-server: chat ctx=0..116:116 prefill chunk 13/116 (11.2%) chunk=18.56 t/s avg=19.23 t/s 0.676s
0823 21:23:20 ds4-server: chat ctx=0..116:116 prefill chunk 14/116 (12.1%) chunk=18.21 t/s avg=19.16 t/s 0.731s
0823 21:23:20 ds4-server: chat ctx=0..116:116 prefill chunk 15/116 (12.9%) chunk=19.30 t/s avg=19.17 t/s 0.783s
0823 21:23:20 ds4-server: chat ctx=0..116:116 prefill chunk 16/116 (13.8%) chunk=18.43 t/s avg=19.12 t/s 0.837s
0823 21:23:20 ds4-server: chat ctx=0..116:116 prefill chunk 17/116 (14.7%) chunk=19.20 t/s avg=19.12 t/s 0.889s
0823 21:23:20 ds4-server: chat ctx=0..116:116 prefill chunk 18/116 (15.5%) chunk=18.81 t/s avg=19.11 t/s 0.942s
0823 21:23:20 ds4-server: chat ctx=0..116:116 prefill chunk 19/116 (16.4%) chunk=18.40 t/s avg=19.07 t/s 0.996s
0823 21:23:21 ds4-server: chat ctx=0..116:116 prefill chunk 20/116 (17.2%) chunk=18.74 t/s avg=19.05 t/s 1.050s
0823 21:23:21 ds4-server: chat ctx=0..116:116 prefill chunk 21/116 (18.1%) chunk=18.65 t/s avg=19.03 t/s 1.103s
0823 21:23:21 ds4-server: chat ctx=0..116:116 prefill chunk 22/116 (19.0%) chunk=19.72 t/s avg=19.06 t/s 1.154s
0823 21:23:21 ds4-server: chat ctx=0..116:116 prefill chunk 23/116 (19.8%) chunk=18.84 t/s avg=19.05 t/s 1.207s
0823 21:23:21 ds4-server: chat ctx=0..116:116 prefill chunk 24/116 (20.7%) chunk=18.85 t/s avg=19.04 t/s 1.260s
0823 21:23:21 ds4-server: chat ctx=0..116:116 prefill chunk 25/116 (21.6%) chunk=19.46 t/s avg=19.06 t/s 1.312s
0823 21:23:21 ds4-server: chat ctx=0..116:116 prefill chunk 26/116 (22.4%) chunk=18.63 t/s avg=19.04 t/s 1.365s
0823 21:23:21 ds4-server: chat ctx=0..116:116 prefill chunk 27/116 (23.3%) chunk=19.51 t/s avg=19.06 t/s 1.417s
0823 21:23:21 ds4-server: chat ctx=0..116:116 prefill chunk 28/116 (24.1%) chunk=18.68 t/s avg=19.05 t/s 1.470s
0823 21:23:21 ds4-server: chat ctx=0..116:116 prefill chunk 29/116 (25.0%) chunk=18.98 t/s avg=19.04 t/s 1.523s
0823 21:23:21 ds4-server: chat ctx=0..116:116 prefill chunk 30/116 (25.9%) chunk=18.69 t/s avg=19.03 t/s 1.576s
0823 21:23:21 ds4-server: chat ctx=0..116:116 prefill chunk 31/116 (26.7%) chunk=18.16 t/s avg=19.00 t/s 1.631s
0823 21:23:21 ds4-server: chat ctx=0..116:116 prefill chunk 32/116 (27.6%) chunk=18.92 t/s avg=19.00 t/s 1.684s
0823 21:23:21 ds4-server: chat ctx=0..116:116 prefill chunk 33/116 (28.4%) chunk=18.72 t/s avg=18.99 t/s 1.738s
0823 21:23:21 ds4-server: chat ctx=0..116:116 prefill chunk 34/116 (29.3%) chunk=18.59 t/s avg=18.98 t/s 1.792s
0823 21:23:21 ds4-server: chat ctx=0..116:116 prefill chunk 35/116 (30.2%) chunk=18.29 t/s avg=18.96 t/s 1.846s
0823 21:23:21 ds4-server: chat ctx=0..116:116 prefill chunk 36/116 (31.0%) chunk=18.06 t/s avg=18.93 t/s 1.902s
0823 21:23:21 ds4-server: chat ctx=0..116:116 prefill chunk 37/116 (31.9%) chunk=17.89 t/s avg=18.90 t/s 1.957s
0823 21:23:21 ds4-server: chat ctx=0..116:116 prefill chunk 38/116 (32.8%) chunk=17.84 t/s avg=18.87 t/s 2.014s
0823 21:23:22 ds4-server: chat ctx=0..116:116 prefill chunk 39/116 (33.6%) chunk=17.94 t/s avg=18.85 t/s 2.069s
0823 21:23:22 ds4-server: chat ctx=0..116:116 prefill chunk 40/116 (34.5%) chunk=18.90 t/s avg=18.85 t/s 2.122s
0823 21:23:22 ds4-server: chat ctx=0..116:116 prefill chunk 41/116 (35.3%) chunk=18.12 t/s avg=18.83 t/s 2.177s
0823 21:23:22 ds4-server: chat ctx=0..116:116 prefill chunk 42/116 (36.2%) chunk=18.21 t/s avg=18.82 t/s 2.232s
0823 21:23:22 ds4-server: chat ctx=0..116:116 prefill chunk 43/116 (37.1%) chunk=19.52 t/s avg=18.83 t/s 2.283s
0823 21:23:22 ds4-server: chat ctx=0..116:116 prefill chunk 44/116 (37.9%) chunk=18.89 t/s avg=18.83 t/s 2.336s
0823 21:23:22 ds4-server: chat ctx=0..116:116 prefill chunk 45/116 (38.8%) chunk=18.65 t/s avg=18.83 t/s 2.390s
0823 21:23:22 ds4-server: chat ctx=0..116:116 prefill chunk 46/116 (39.7%) chunk=18.69 t/s avg=18.83 t/s 2.444s
0823 21:23:22 ds4-server: chat ctx=0..116:116 prefill chunk 47/116 (40.5%) chunk=17.91 t/s avg=18.80 t/s 2.499s
0823 21:23:22 ds4-server: chat ctx=0..116:116 prefill chunk 48/116 (41.4%) chunk=19.66 t/s avg=18.82 t/s 2.550s
0823 21:23:22 ds4-server: chat ctx=0..116:116 prefill chunk 49/116 (42.2%) chunk=18.73 t/s avg=18.82 t/s 2.604s
0823 21:23:22 ds4-server: chat ctx=0..116:116 prefill chunk 50/116 (43.1%) chunk=19.11 t/s avg=18.83 t/s 2.656s
0823 21:23:22 ds4-server: chat ctx=0..116:116 prefill chunk 51/116 (44.0%) chunk=18.75 t/s avg=18.82 t/s 2.709s
0823 21:23:22 ds4-server: chat ctx=0..116:116 prefill chunk 52/116 (44.8%) chunk=18.09 t/s avg=18.81 t/s 2.765s
0823 21:23:22 ds4-server: chat ctx=0..116:116 prefill chunk 53/116 (45.7%) chunk=19.62 t/s avg=18.82 t/s 2.816s
0823 21:23:22 ds4-server: chat ctx=0..116:116 prefill chunk 54/116 (46.6%) chunk=18.95 t/s avg=18.83 t/s 2.868s
0823 21:23:22 ds4-server: chat ctx=0..116:116 prefill chunk 55/116 (47.4%) chunk=19.97 t/s avg=18.85 t/s 2.918s
0823 21:23:22 ds4-server: chat ctx=0..116:116 prefill chunk 56/116 (48.3%) chunk=19.98 t/s avg=18.87 t/s 2.968s
0823 21:23:23 ds4-server: chat ctx=0..116:116 prefill chunk 57/116 (49.1%) chunk=19.12 t/s avg=18.87 t/s 3.021s
0823 21:23:23 ds4-server: chat ctx=0..116:116 prefill chunk 58/116 (50.0%) chunk=17.94 t/s avg=18.85 t/s 3.076s
0823 21:23:23 ds4-server: chat ctx=0..116:116 prefill chunk 59/116 (50.9%) chunk=18.06 t/s avg=18.84 t/s 3.132s
0823 21:23:23 ds4-server: chat ctx=0..116:116 prefill chunk 60/116 (51.7%) chunk=19.33 t/s avg=18.85 t/s 3.184s
0823 21:23:23 ds4-server: chat ctx=0..116:116 prefill chunk 61/116 (52.6%) chunk=19.00 t/s avg=18.85 t/s 3.236s
ds4: qwen35moe experts/token avg over 128 tokens: 0:14.5 1:15.7 2:15.3 3:15.9 4:16.5 5:16.2 6:15.6 7:16.8 8:17.2 9:16.9 10:15.0 11:15.3 12:16.4 13:16.2 14:16.2 15:16.6 16:15.6 17:15.7 18:15.6 19:15.9 20:16.5 21:16.5 22:15.2 23:15.2 24:15.9 25:15.4 26:15.9 27:16.3 28:15.3 29:16.2 30:14.8 31:16.6 32:15.8 33:16.3 34:16.4 35:18.2 36:18.2 37:18.9 38:19.2 39:18.7 | mean 16.3
0823 21:23:23 ds4-server: chat ctx=0..116:116 prefill chunk 62/116 (53.4%) chunk=19.11 t/s avg=18.85 t/s 3.289s
0823 21:23:23 ds4-server: chat ctx=0..116:116 prefill chunk 63/116 (54.3%) chunk=19.04 t/s avg=18.86 t/s 3.341s
0823 21:23:23 ds4-server: chat ctx=0..116:116 prefill chunk 64/116 (55.2%) chunk=18.51 t/s avg=18.85 t/s 3.395s
0823 21:23:23 ds4-server: chat ctx=0..116:116 prefill chunk 65/116 (56.0%) chunk=18.99 t/s avg=18.85 t/s 3.448s
0823 21:23:23 ds4-server: chat ctx=0..116:116 prefill chunk 66/116 (56.9%) chunk=18.33 t/s avg=18.84 t/s 3.502s
0823 21:23:23 ds4-server: chat ctx=0..116:116 prefill chunk 67/116 (57.8%) chunk=19.01 t/s avg=18.85 t/s 3.555s
0823 21:23:23 ds4-server: chat ctx=0..116:116 prefill chunk 68/116 (58.6%) chunk=18.74 t/s avg=18.85 t/s 3.608s
0823 21:23:23 ds4-server: chat ctx=0..116:116 prefill chunk 69/116 (59.5%) chunk=18.42 t/s avg=18.84 t/s 3.663s
0823 21:23:23 ds4-server: chat ctx=0..116:116 prefill chunk 70/116 (60.3%) chunk=19.49 t/s avg=18.85 t/s 3.714s
0823 21:23:23 ds4-server: chat ctx=0..116:116 prefill chunk 71/116 (61.2%) chunk=18.39 t/s avg=18.84 t/s 3.768s
0823 21:23:23 ds4-server: chat ctx=0..116:116 prefill chunk 72/116 (62.1%) chunk=19.30 t/s avg=18.85 t/s 3.820s
0823 21:23:23 ds4-server: chat ctx=0..116:116 prefill chunk 73/116 (62.9%) chunk=18.22 t/s avg=18.84 t/s 3.875s
0823 21:23:23 ds4-server: chat ctx=0..116:116 prefill chunk 74/116 (63.8%) chunk=18.23 t/s avg=18.83 t/s 3.930s
0823 21:23:23 ds4-server: chat ctx=0..116:116 prefill chunk 75/116 (64.7%) chunk=18.64 t/s avg=18.83 t/s 3.983s
0823 21:23:24 ds4-server: chat ctx=0..116:116 prefill chunk 76/116 (65.5%) chunk=18.41 t/s avg=18.82 t/s 4.038s
0823 21:23:24 ds4-server: chat ctx=0..116:116 prefill chunk 77/116 (66.4%) chunk=19.50 t/s avg=18.83 t/s 4.089s
0823 21:23:24 ds4-server: chat ctx=0..116:116 prefill chunk 78/116 (67.2%) chunk=18.40 t/s avg=18.83 t/s 4.143s
0823 21:23:24 ds4-server: chat ctx=0..116:116 prefill chunk 79/116 (68.1%) chunk=18.51 t/s avg=18.82 t/s 4.197s
0823 21:23:24 ds4-server: chat ctx=0..116:116 prefill chunk 80/116 (69.0%) chunk=19.48 t/s avg=18.83 t/s 4.249s
0823 21:23:24 ds4-server: chat ctx=0..116:116 prefill chunk 81/116 (69.8%) chunk=18.06 t/s avg=18.82 t/s 4.304s
0823 21:23:24 ds4-server: chat ctx=0..116:116 prefill chunk 82/116 (70.7%) chunk=18.91 t/s avg=18.82 t/s 4.357s
0823 21:23:24 ds4-server: chat ctx=0..116:116 prefill chunk 83/116 (71.6%) chunk=17.76 t/s avg=18.81 t/s 4.413s
0823 21:23:24 ds4-server: chat ctx=0..116:116 prefill chunk 84/116 (72.4%) chunk=18.24 t/s avg=18.80 t/s 4.468s
0823 21:23:24 ds4-server: chat ctx=0..116:116 prefill chunk 85/116 (73.3%) chunk=19.22 t/s avg=18.80 t/s 4.520s
0823 21:23:24 ds4-server: chat ctx=0..116:116 prefill chunk 86/116 (74.1%) chunk=18.98 t/s avg=18.81 t/s 4.573s
0823 21:23:24 ds4-server: chat ctx=0..116:116 prefill chunk 87/116 (75.0%) chunk=18.37 t/s avg=18.80 t/s 4.627s
0823 21:23:24 ds4-server: chat ctx=0..116:116 prefill chunk 88/116 (75.9%) chunk=18.57 t/s avg=18.80 t/s 4.681s
0823 21:23:24 ds4-server: chat ctx=0..116:116 prefill chunk 89/116 (76.7%) chunk=17.90 t/s avg=18.79 t/s 4.737s
0823 21:23:24 ds4-server: chat ctx=0..116:116 prefill chunk 90/116 (77.6%) chunk=18.63 t/s avg=18.79 t/s 4.791s
0823 21:23:24 ds4-server: chat ctx=0..116:116 prefill chunk 91/116 (78.4%) chunk=18.10 t/s avg=18.78 t/s 4.846s
0823 21:23:24 ds4-server: chat ctx=0..116:116 prefill chunk 92/116 (79.3%) chunk=17.74 t/s avg=18.77 t/s 4.902s
0823 21:23:24 ds4-server: chat ctx=0..116:116 prefill chunk 93/116 (80.2%) chunk=19.16 t/s avg=18.77 t/s 4.955s
0823 21:23:24 ds4-server: chat ctx=0..116:116 prefill chunk 94/116 (81.0%) chunk=18.34 t/s avg=18.77 t/s 5.009s
0823 21:23:25 ds4-server: chat ctx=0..116:116 prefill chunk 95/116 (81.9%) chunk=18.12 t/s avg=18.76 t/s 5.064s
0823 21:23:25 ds4-server: chat ctx=0..116:116 prefill chunk 96/116 (82.8%) chunk=18.96 t/s avg=18.76 t/s 5.117s
0823 21:23:25 ds4-server: chat ctx=0..116:116 prefill chunk 97/116 (83.6%) chunk=18.54 t/s avg=18.76 t/s 5.171s
0823 21:23:25 ds4-server: chat ctx=0..116:116 prefill chunk 98/116 (84.5%) chunk=18.72 t/s avg=18.76 t/s 5.224s
0823 21:23:25 ds4-server: chat ctx=0..116:116 prefill chunk 99/116 (85.3%) chunk=18.11 t/s avg=18.75 t/s 5.280s
0823 21:23:25 ds4-server: chat ctx=0..116:116 prefill chunk 100/116 (86.2%) chunk=17.86 t/s avg=18.74 t/s 5.336s
0823 21:23:25 ds4-server: chat ctx=0..116:116 prefill chunk 101/116 (87.1%) chunk=18.17 t/s avg=18.74 t/s 5.391s
0823 21:23:25 ds4-server: chat ctx=0..116:116 prefill chunk 102/116 (87.9%) chunk=18.25 t/s avg=18.73 t/s 5.445s
0823 21:23:25 ds4-server: chat ctx=0..116:116 prefill chunk 103/116 (88.8%) chunk=18.08 t/s avg=18.72 t/s 5.501s
0823 21:23:25 ds4-server: chat ctx=0..116:116 prefill chunk 104/116 (89.7%) chunk=18.37 t/s avg=18.72 t/s 5.555s
0823 21:23:25 ds4-server: chat ctx=0..116:116 prefill chunk 105/116 (90.5%) chunk=18.19 t/s avg=18.72 t/s 5.610s
0823 21:23:25 ds4-server: chat ctx=0..116:116 prefill chunk 106/116 (91.4%) chunk=17.65 t/s avg=18.71 t/s 5.667s
0823 21:23:25 ds4-server: chat ctx=0..116:116 prefill chunk 107/116 (92.2%) chunk=18.44 t/s avg=18.70 t/s 5.721s
0823 21:23:25 ds4-server: chat ctx=0..116:116 prefill chunk 108/116 (93.1%) chunk=18.35 t/s avg=18.70 t/s 5.775s
0823 21:23:25 ds4-server: chat ctx=0..116:116 prefill chunk 109/116 (94.0%) chunk=18.10 t/s avg=18.69 t/s 5.831s
0823 21:23:25 ds4-server: chat ctx=0..116:116 prefill chunk 110/116 (94.8%) chunk=19.12 t/s avg=18.70 t/s 5.883s
0823 21:23:25 ds4-server: chat ctx=0..116:116 prefill chunk 111/116 (95.7%) chunk=18.30 t/s avg=18.69 t/s 5.938s
0823 21:23:25 ds4-server: chat ctx=0..116:116 prefill chunk 112/116 (96.6%) chunk=17.76 t/s avg=18.69 t/s 5.994s
0823 21:23:26 ds4-server: chat ctx=0..116:116 prefill chunk 113/116 (97.4%) chunk=18.89 t/s avg=18.69 t/s 6.047s
0823 21:23:26 ds4-server: chat ctx=0..116:116 prefill chunk 114/116 (98.3%) chunk=17.82 t/s avg=18.68 t/s 6.103s
0823 21:23:26 ds4-server: chat ctx=0..116:116 prefill chunk 115/116 (99.1%) chunk=20.11 t/s avg=18.69 t/s 6.153s
0823 21:23:26 ds4-server: chat ctx=0..116:116 prefill chunk 116/116 (100.0%) chunk=19.07 t/s avg=18.69 t/s 6.205s
0823 21:23:26 ds4-server: chat ctx=0..116:116 prompt done 6.205s
0823 21:23:28 ds4-server: chat ctx=116..166:50 gen=50 THINKING decoding chunk=18.55 t/s avg=18.55 t/s 2.695s
ds4: qwen35moe experts/token avg over 128 tokens: 0:14.5 1:13.9 2:14.9 3:15.0 4:15.8 5:14.6 6:15.2 7:14.9 8:15.4 9:15.6 10:14.0 11:13.8 12:15.0 13:15.5 14:14.4 15:16.0 16:15.0 17:15.1 18:15.4 19:15.8 20:16.3 21:16.6 22:15.0 23:14.2 24:16.0 25:16.5 26:16.1 27:15.8 28:15.5 29:16.0 30:16.5 31:16.9 32:15.6 33:16.3 34:16.3 35:17.7 36:18.0 37:18.1 38:18.9 39:18.2 | mean 15.8
0823 21:23:31 ds4-server: chat ctx=166..216:50 gen=100 THINKING decoding chunk=18.09 t/s avg=18.32 t/s 5.459s
0823 21:23:34 ds4-server: chat ctx=216..266:50 gen=150 THINKING decoding chunk=17.70 t/s avg=18.11 t/s 8.284s
0823 21:23:37 ds4-server: chat ctx=266..316:50 gen=200 THINKING decoding chunk=17.37 t/s avg=17.92 t/s 11.163s
ds4: qwen35moe experts/token avg over 128 tokens: 0:15.0 1:15.4 2:16.2 3:16.3 4:16.6 5:16.6 6:16.9 7:18.0 8:17.8 9:17.8 10:15.8 11:15.6 12:16.8 13:17.1 14:16.4 15:16.8 16:16.6 17:16.8 18:16.5 19:16.8 20:17.9 21:16.8 22:15.9 23:15.7 24:17.1 25:17.5 26:17.1 27:16.9 28:17.5 29:16.8 30:17.3 31:18.3 32:16.6 33:17.4 34:17.5 35:18.3 36:18.5 37:18.4 38:19.3 39:19.1 | mean 17.0
0823 21:23:40 ds4-server: chat ctx=316..366:50 gen=250 THINKING decoding chunk=17.48 t/s avg=17.83 t/s 14.023s
0823 21:23:43 ds4-server: chat ctx=366..416:50 gen=300 THINKING decoding chunk=17.16 t/s avg=17.71 t/s 16.936s
ds4: qwen35moe experts/token avg over 128 tokens: 0:15.4 1:16.1 2:16.1 3:16.7 4:17.5 5:16.7 6:17.6 7:18.4 8:18.7 9:17.9 10:16.4 11:15.8 12:17.1 13:18.3 14:16.8 15:17.2 16:16.4 17:17.1 18:16.7 19:16.6 20:18.4 21:17.8 22:16.0 23:16.0 24:17.7 25:17.6 26:17.6 27:17.0 28:17.5 29:17.0 30:17.0 31:17.8 32:16.4 33:17.4 34:17.2 35:18.2 36:18.8 37:18.6 38:19.2 39:19.0 | mean 17.3
0823 21:23:46 ds4-server: chat ctx=416..466:50 gen=350 THINKING decoding chunk=17.19 t/s avg=17.64 t/s 19.845s
0823 21:23:48 ds4-server: chat ctx=466..516:50 gen=400 THINKING decoding chunk=17.04 t/s avg=17.56 t/s 22.780s
0823 21:23:51 ds4-server: chat ctx=516..566:50 gen=450 THINKING decoding chunk=17.06 t/s avg=17.50 t/s 25.711s
ds4: qwen35moe experts/token avg over 128 tokens: 0:14.7 1:15.8 2:15.9 3:16.8 4:17.2 5:17.1 6:17.1 7:18.5 8:18.7 9:18.2 10:16.2 11:15.9 12:17.4 13:17.7 14:17.2 15:17.4 16:17.2 17:17.3 18:17.0 19:17.7 20:18.6 21:18.6 22:16.5 23:16.2 24:17.8 25:17.9 26:17.5 27:17.8 28:16.9 29:17.4 30:17.5 31:18.6 32:16.7 33:17.2 34:17.0 35:18.3 36:18.6 37:18.8 38:19.4 39:18.3 | mean 17.4
0823 21:23:54 ds4-server: chat ctx=566..616:50 gen=500 THINKING decoding chunk=17.40 t/s avg=17.49 t/s 28.584s
0823 21:23:57 ds4-server: chat ctx=616..666:50 gen=550 THINKING decoding chunk=17.29 t/s avg=17.47 t/s 31.476s
ds4: qwen35moe experts/token avg over 128 tokens: 0:14.6 1:15.1 2:15.5 3:16.1 4:16.9 5:15.9 6:15.8 7:17.1 8:17.7 9:17.6 10:15.6 11:14.5 12:16.5 13:16.6 14:16.6 15:16.4 16:15.5 17:16.5 18:15.4 19:16.8 20:17.4 21:17.1 22:15.6 23:15.1 24:16.2 25:16.6 26:16.4 27:16.0 28:15.8 29:16.6 30:16.0 31:17.5 32:14.5 33:16.4 34:16.2 35:17.0 36:16.8 37:17.3 38:18.0 39:17.6 | mean 16.3
0823 21:24:00 ds4-server: chat ctx=666..716:50 gen=600 THINKING decoding chunk=16.74 t/s avg=17.41 t/s 34.462s
0823 21:24:03 ds4-server: chat ctx=716..766:50 gen=650 THINKING decoding chunk=16.48 t/s avg=17.33 t/s 37.496s
0823 21:24:06 ds4-server: chat ctx=766..816:50 gen=700 THINKING decoding chunk=16.84 t/s avg=17.30 t/s 40.466s
ds4: qwen35moe experts/token avg over 128 tokens: 0:15.0 1:16.3 2:16.0 3:17.1 4:17.3 5:17.9 6:17.3 7:18.1 8:18.9 9:18.1 10:16.6 11:15.9 12:17.3 13:17.7 14:17.1 15:17.2 16:17.0 17:17.4 18:16.8 19:17.8 20:18.6 21:17.8 22:16.2 23:15.6 24:17.3 25:17.8 26:17.1 27:17.2 28:16.6 29:16.9 30:16.6 31:17.9 32:15.8 33:16.5 34:16.3 35:17.7 36:18.0 37:17.9 38:19.0 39:18.0 | mean 17.2
0823 21:24:09 ds4-server: chat ctx=816..866:50 gen=750 decoding chunk=16.85 t/s avg=17.27 t/s 43.434s
0823 21:24:12 ds4-server: chat ctx=866..916:50 gen=800 decoding chunk=16.53 t/s avg=17.22 t/s 46.458s
ds4: qwen35moe experts/token avg over 128 tokens: 0:14.5 1:15.4 2:15.6 3:16.7 4:16.9 5:16.6 6:15.9 7:17.8 8:18.3 9:18.0 10:15.7 11:15.3 12:17.5 13:17.5 14:17.8 15:17.7 16:17.1 17:17.7 18:16.9 19:17.2 20:18.1 21:18.1 22:16.7 23:15.8 24:17.1 25:17.7 26:17.7 27:17.0 28:17.2 29:16.9 30:16.3 31:17.6 32:15.8 33:16.6 34:17.1 35:17.9 36:18.1 37:18.3 38:18.7 39:18.2 | mean 17.1
0823 21:24:15 ds4-server: chat ctx=916..966:50 gen=850 decoding chunk=16.26 t/s avg=17.16 t/s 49.532s
0823 21:24:18 ds4-server: chat ctx=966..1016:50 gen=900 decoding chunk=16.18 t/s avg=17.10 t/s 52.621s
0823 21:24:21 ds4-server: chat ctx=1016..1066:50 gen=950 decoding chunk=15.95 t/s avg=17.04 t/s 55.756s
ds4: qwen35moe experts/token avg over 128 tokens: 0:15.4 1:16.0 2:16.7 3:17.5 4:18.3 5:18.2 6:18.1 7:18.9 8:19.2 9:18.6 10:16.9 11:16.8 12:18.0 13:18.2 14:18.0 15:18.0 16:18.5 17:18.0 18:18.1 19:18.3 20:19.0 21:18.2 22:16.9 23:16.5 24:17.8 25:18.2 26:17.7 27:17.6 28:18.1 29:17.2 30:17.4 31:18.1 32:16.8 33:17.8 34:17.5 35:18.6 36:19.0 37:18.7 38:19.4 39:19.1 | mean 17.9
0823 21:24:25 ds4-server: chat ctx=1066..1116:50 gen=1000 decoding chunk=15.91 t/s avg=16.98 t/s 58.898s
0823 21:24:28 ds4-server: chat ctx=1116..1166:50 gen=1050 decoding chunk=15.94 t/s avg=16.93 t/s 62.034s
0823 21:24:29 ds4-server: chat ctx=1166..1184:18 gen=1068 decoding chunk=15.92 t/s avg=16.91 t/s 63.165s
0823 21:24:29 ds4-server: thinking live checkpoint remembered ctx=0..116:116 live=1184 visible=1709
0823 21:24:29 ds4-server: chat ctx=0..116:116 gen=1068 finish=stop 69.370s
0823 21:24:29 ds4-server: live kv cache miss live=1184 prompt=104 common=56 reason=token-mismatch
0823 21:24:29 ds4-server: chat ctx=0..104:104 prompt start
0823 21:24:29 ds4-server: chat ctx=0..104:104 prefill chunk 1/104 (1.0%) chunk=0.00 t/s avg=19.22 t/s 0.052s
0823 21:24:29 ds4-server: chat ctx=0..104:104 prefill chunk 2/104 (1.9%) chunk=19.72 t/s avg=19.47 t/s 0.103s
0823 21:24:29 ds4-server: chat ctx=0..104:104 prefill chunk 3/104 (2.9%) chunk=19.22 t/s avg=19.38 t/s 0.155s
0823 21:24:29 ds4-server: chat ctx=0..104:104 prefill chunk 4/104 (3.8%) chunk=19.63 t/s avg=19.45 t/s 0.206s
0823 21:24:29 ds4-server: chat ctx=0..104:104 prefill chunk 5/104 (4.8%) chunk=18.78 t/s avg=19.31 t/s 0.259s
0823 21:24:29 ds4-server: chat ctx=0..104:104 prefill chunk 6/104 (5.8%) chunk=20.01 t/s avg=19.42 t/s 0.309s
0823 21:24:29 ds4-server: chat ctx=0..104:104 prefill chunk 7/104 (6.7%) chunk=18.97 t/s avg=19.36 t/s 0.362s
0823 21:24:29 ds4-server: chat ctx=0..104:104 prefill chunk 8/104 (7.7%) chunk=19.24 t/s avg=19.34 t/s 0.414s
0823 21:24:29 ds4-server: chat ctx=0..104:104 prefill chunk 9/104 (8.7%) chunk=19.42 t/s avg=19.35 t/s 0.465s
0823 21:24:29 ds4-server: chat ctx=0..104:104 prefill chunk 10/104 (9.6%) chunk=19.80 t/s avg=19.39 t/s 0.516s
0823 21:24:29 ds4-server: chat ctx=0..104:104 prefill chunk 11/104 (10.6%) chunk=19.10 t/s avg=19.37 t/s 0.568s
0823 21:24:29 ds4-server: chat ctx=0..104:104 prefill chunk 12/104 (11.5%) chunk=18.71 t/s avg=19.31 t/s 0.621s
0823 21:24:30 ds4-server: chat ctx=0..104:104 prefill chunk 13/104 (12.5%) chunk=19.18 t/s avg=19.30 t/s 0.674s
0823 21:24:30 ds4-server: chat ctx=0..104:104 prefill chunk 14/104 (13.5%) chunk=18.45 t/s avg=19.24 t/s 0.728s
0823 21:24:30 ds4-server: chat ctx=0..104:104 prefill chunk 15/104 (14.4%) chunk=18.98 t/s avg=19.22 t/s 0.780s
0823 21:24:30 ds4-server: chat ctx=0..104:104 prefill chunk 16/104 (15.4%) chunk=18.74 t/s avg=19.19 t/s 0.834s
0823 21:24:30 ds4-server: chat ctx=0..104:104 prefill chunk 17/104 (16.3%) chunk=18.67 t/s avg=19.16 t/s 0.887s
0823 21:24:30 ds4-server: chat ctx=0..104:104 prefill chunk 18/104 (17.3%) chunk=19.48 t/s avg=19.18 t/s 0.939s
0823 21:24:30 ds4-server: chat ctx=0..104:104 prefill chunk 19/104 (18.3%) chunk=18.16 t/s avg=19.12 t/s 0.994s
0823 21:24:30 ds4-server: chat ctx=0..104:104 prefill chunk 20/104 (19.2%) chunk=18.67 t/s avg=19.10 t/s 1.047s
0823 21:24:30 ds4-server: chat ctx=0..104:104 prefill chunk 21/104 (20.2%) chunk=18.65 t/s avg=19.07 t/s 1.101s
0823 21:24:30 ds4-server: chat ctx=0..104:104 prefill chunk 22/104 (21.2%) chunk=19.04 t/s avg=19.07 t/s 1.153s
0823 21:24:30 ds4-server: chat ctx=0..104:104 prefill chunk 23/104 (22.1%) chunk=19.75 t/s avg=19.10 t/s 1.204s
0823 21:24:30 ds4-server: chat ctx=0..104:104 prefill chunk 24/104 (23.1%) chunk=19.05 t/s avg=19.10 t/s 1.257s
0823 21:24:30 ds4-server: chat ctx=0..104:104 prefill chunk 25/104 (24.0%) chunk=19.47 t/s avg=19.11 t/s 1.308s
0823 21:24:30 ds4-server: chat ctx=0..104:104 prefill chunk 26/104 (25.0%) chunk=19.09 t/s avg=19.11 t/s 1.360s
0823 21:24:30 ds4-server: chat ctx=0..104:104 prefill chunk 27/104 (26.0%) chunk=19.42 t/s avg=19.12 t/s 1.412s
0823 21:24:30 ds4-server: chat ctx=0..104:104 prefill chunk 28/104 (26.9%) chunk=18.86 t/s avg=19.11 t/s 1.465s
0823 21:24:30 ds4-server: chat ctx=0..104:104 prefill chunk 29/104 (27.9%) chunk=18.73 t/s avg=19.10 t/s 1.518s
ds4: qwen35moe experts/token avg over 128 tokens: 0:15.0 1:15.6 2:15.5 3:16.6 4:17.0 5:17.0 6:16.4 7:17.6 8:17.6 9:17.6 10:16.2 11:16.2 12:17.6 13:17.5 14:17.4 15:17.3 16:17.1 17:17.5 18:16.9 19:17.0 20:18.1 21:17.8 22:16.1 23:16.1 24:17.2 25:17.4 26:16.7 27:17.1 28:16.1 29:16.5 30:16.4 31:17.6 32:15.7 33:16.5 34:16.7 35:17.7 36:17.9 37:18.7 38:19.4 39:18.4 | mean 17.0
0823 21:24:30 ds4-server: chat ctx=0..104:104 prefill chunk 30/104 (28.8%) chunk=18.77 t/s avg=19.09 t/s 1.571s
0823 21:24:30 ds4-server: chat ctx=0..104:104 prefill chunk 31/104 (29.8%) chunk=18.11 t/s avg=19.06 t/s 1.627s
0823 21:24:31 ds4-server: chat ctx=0..104:104 prefill chunk 32/104 (30.8%) chunk=18.86 t/s avg=19.05 t/s 1.680s
0823 21:24:31 ds4-server: chat ctx=0..104:104 prefill chunk 33/104 (31.7%) chunk=18.55 t/s avg=19.04 t/s 1.734s
0823 21:24:31 ds4-server: chat ctx=0..104:104 prefill chunk 34/104 (32.7%) chunk=18.46 t/s avg=19.02 t/s 1.788s
0823 21:24:31 ds4-server: chat ctx=0..104:104 prefill chunk 35/104 (33.7%) chunk=18.69 t/s avg=19.01 t/s 1.841s
0823 21:24:31 ds4-server: chat ctx=0..104:104 prefill chunk 36/104 (34.6%) chunk=18.17 t/s avg=18.98 t/s 1.896s
0823 21:24:31 ds4-server: chat ctx=0..104:104 prefill chunk 37/104 (35.6%) chunk=17.84 t/s avg=18.95 t/s 1.952s
0823 21:24:31 ds4-server: chat ctx=0..104:104 prefill chunk 38/104 (36.5%) chunk=17.72 t/s avg=18.92 t/s 2.009s
0823 21:24:31 ds4-server: chat ctx=0..104:104 prefill chunk 39/104 (37.5%) chunk=17.98 t/s avg=18.89 t/s 2.064s
0823 21:24:31 ds4-server: chat ctx=0..104:104 prefill chunk 40/104 (38.5%) chunk=18.36 t/s avg=18.88 t/s 2.119s
0823 21:24:31 ds4-server: chat ctx=0..104:104 prefill chunk 41/104 (39.4%) chunk=18.85 t/s avg=18.88 t/s 2.172s
0823 21:24:31 ds4-server: chat ctx=0..104:104 prefill chunk 42/104 (40.4%) chunk=18.17 t/s avg=18.86 t/s 2.227s
0823 21:24:31 ds4-server: chat ctx=0..104:104 prefill chunk 43/104 (41.3%) chunk=19.35 t/s avg=18.87 t/s 2.279s
0823 21:24:31 ds4-server: chat ctx=0..104:104 prefill chunk 44/104 (42.3%) chunk=18.78 t/s avg=18.87 t/s 2.332s
0823 21:24:31 ds4-server: chat ctx=0..104:104 prefill chunk 45/104 (43.3%) chunk=18.23 t/s avg=18.85 t/s 2.387s
0823 21:24:31 ds4-server: chat ctx=0..104:104 prefill chunk 46/104 (44.2%) chunk=18.58 t/s avg=18.85 t/s 2.441s
0823 21:24:31 ds4-server: chat ctx=0..104:104 prefill chunk 47/104 (45.2%) chunk=17.89 t/s avg=18.83 t/s 2.496s
0823 21:24:31 ds4-server: chat ctx=0..104:104 prefill chunk 48/104 (46.2%) chunk=19.11 t/s avg=18.83 t/s 2.549s
0823 21:24:31 ds4-server: chat ctx=0..104:104 prefill chunk 49/104 (47.1%) chunk=18.79 t/s avg=18.83 t/s 2.602s
0823 21:24:32 ds4-server: chat ctx=0..104:104 prefill chunk 50/104 (48.1%) chunk=18.65 t/s avg=18.83 t/s 2.656s
0823 21:24:32 ds4-server: chat ctx=0..104:104 prefill chunk 51/104 (49.0%) chunk=19.45 t/s avg=18.84 t/s 2.707s
0823 21:24:32 ds4-server: chat ctx=0..104:104 prefill chunk 52/104 (50.0%) chunk=18.18 t/s avg=18.83 t/s 2.762s
0823 21:24:32 ds4-server: chat ctx=0..104:104 prefill chunk 53/104 (51.0%) chunk=19.45 t/s avg=18.84 t/s 2.813s
0823 21:24:32 ds4-server: chat ctx=0..104:104 prefill chunk 54/104 (51.9%) chunk=18.95 t/s avg=18.84 t/s 2.866s
0823 21:24:32 ds4-server: chat ctx=0..104:104 prefill chunk 55/104 (52.9%) chunk=20.21 t/s avg=18.86 t/s 2.916s
0823 21:24:32 ds4-server: chat ctx=0..104:104 prefill chunk 56/104 (53.8%) chunk=19.97 t/s avg=18.88 t/s 2.966s
0823 21:24:32 ds4-server: chat ctx=0..104:104 prefill chunk 57/104 (54.8%) chunk=18.85 t/s avg=18.88 t/s 3.019s
0823 21:24:32 ds4-server: chat ctx=0..104:104 prefill chunk 58/104 (55.8%) chunk=18.83 t/s avg=18.88 t/s 3.072s
0823 21:24:32 ds4-server: chat ctx=0..104:104 prefill chunk 59/104 (56.7%) chunk=18.43 t/s avg=18.87 t/s 3.126s
0823 21:24:32 ds4-server: chat ctx=0..104:104 prefill chunk 60/104 (57.7%) chunk=19.44 t/s avg=18.88 t/s 3.178s
0823 21:24:32 ds4-server: chat ctx=0..104:104 prefill chunk 61/104 (58.7%) chunk=18.61 t/s avg=18.88 t/s 3.231s
0823 21:24:32 ds4-server: chat ctx=0..104:104 prefill chunk 62/104 (59.6%) chunk=18.62 t/s avg=18.87 t/s 3.285s
0823 21:24:32 ds4-server: chat ctx=0..104:104 prefill chunk 63/104 (60.6%) chunk=19.11 t/s avg=18.88 t/s 3.337s
0823 21:24:32 ds4-server: chat ctx=0..104:104 prefill chunk 64/104 (61.5%) chunk=18.27 t/s avg=18.87 t/s 3.392s
0823 21:24:32 ds4-server: chat ctx=0..104:104 prefill chunk 65/104 (62.5%) chunk=18.85 t/s avg=18.87 t/s 3.445s
0823 21:24:32 ds4-server: chat ctx=0..104:104 prefill chunk 66/104 (63.5%) chunk=18.15 t/s avg=18.86 t/s 3.500s
0823 21:24:32 ds4-server: chat ctx=0..104:104 prefill chunk 67/104 (64.4%) chunk=18.23 t/s avg=18.85 t/s 3.555s
0823 21:24:32 ds4-server: chat ctx=0..104:104 prefill chunk 68/104 (65.4%) chunk=18.74 t/s avg=18.84 t/s 3.608s
0823 21:24:33 ds4-server: chat ctx=0..104:104 prefill chunk 69/104 (66.3%) chunk=17.88 t/s avg=18.83 t/s 3.664s
0823 21:24:33 ds4-server: chat ctx=0..104:104 prefill chunk 70/104 (67.3%) chunk=18.70 t/s avg=18.83 t/s 3.718s
0823 21:24:33 ds4-server: chat ctx=0..104:104 prefill chunk 71/104 (68.3%) chunk=18.03 t/s avg=18.82 t/s 3.773s
0823 21:24:33 ds4-server: chat ctx=0..104:104 prefill chunk 72/104 (69.2%) chunk=18.11 t/s avg=18.81 t/s 3.829s
0823 21:24:33 ds4-server: chat ctx=0..104:104 prefill chunk 73/104 (70.2%) chunk=18.38 t/s avg=18.80 t/s 3.883s
0823 21:24:33 ds4-server: chat ctx=0..104:104 prefill chunk 74/104 (71.2%) chunk=17.64 t/s avg=18.78 t/s 3.940s
0823 21:24:33 ds4-server: chat ctx=0..104:104 prefill chunk 75/104 (72.1%) chunk=18.88 t/s avg=18.78 t/s 3.993s
0823 21:24:33 ds4-server: chat ctx=0..104:104 prefill chunk 76/104 (73.1%) chunk=19.50 t/s avg=18.79 t/s 4.044s
0823 21:24:33 ds4-server: chat ctx=0..104:104 prefill chunk 77/104 (74.0%) chunk=18.04 t/s avg=18.78 t/s 4.099s
0823 21:24:33 ds4-server: chat ctx=0..104:104 prefill chunk 78/104 (75.0%) chunk=17.91 t/s avg=18.77 t/s 4.155s
0823 21:24:33 ds4-server: chat ctx=0..104:104 prefill chunk 79/104 (76.0%) chunk=18.05 t/s avg=18.76 t/s 4.211s
0823 21:24:33 ds4-server: chat ctx=0..104:104 prefill chunk 80/104 (76.9%) chunk=18.03 t/s avg=18.75 t/s 4.266s
0823 21:24:33 ds4-server: chat ctx=0..104:104 prefill chunk 81/104 (77.9%) chunk=17.80 t/s avg=18.74 t/s 4.322s
0823 21:24:33 ds4-server: chat ctx=0..104:104 prefill chunk 82/104 (78.8%) chunk=18.69 t/s avg=18.74 t/s 4.376s
0823 21:24:33 ds4-server: chat ctx=0..104:104 prefill chunk 83/104 (79.8%) chunk=18.02 t/s avg=18.73 t/s 4.431s
0823 21:24:33 ds4-server: chat ctx=0..104:104 prefill chunk 84/104 (80.8%) chunk=17.78 t/s avg=18.72 t/s 4.487s
0823 21:24:33 ds4-server: chat ctx=0..104:104 prefill chunk 85/104 (81.7%) chunk=18.42 t/s avg=18.72 t/s 4.542s
0823 21:24:33 ds4-server: chat ctx=0..104:104 prefill chunk 86/104 (82.7%) chunk=17.63 t/s avg=18.70 t/s 4.598s
0823 21:24:34 ds4-server: chat ctx=0..104:104 prefill chunk 87/104 (83.7%) chunk=17.44 t/s avg=18.69 t/s 4.656s
0823 21:24:34 ds4-server: chat ctx=0..104:104 prefill chunk 88/104 (84.6%) chunk=18.64 t/s avg=18.69 t/s 4.709s
0823 21:24:34 ds4-server: chat ctx=0..104:104 prefill chunk 89/104 (85.6%) chunk=17.87 t/s avg=18.68 t/s 4.765s
0823 21:24:34 ds4-server: chat ctx=0..104:104 prefill chunk 90/104 (86.5%) chunk=17.40 t/s avg=18.66 t/s 4.823s
0823 21:24:34 ds4-server: chat ctx=0..104:104 prefill chunk 91/104 (87.5%) chunk=18.47 t/s avg=18.66 t/s 4.877s
0823 21:24:34 ds4-server: chat ctx=0..104:104 prefill chunk 92/104 (88.5%) chunk=17.48 t/s avg=18.65 t/s 4.934s
0823 21:24:34 ds4-server: chat ctx=0..104:104 prefill chunk 93/104 (89.4%) chunk=18.18 t/s avg=18.64 t/s 4.989s
0823 21:24:34 ds4-server: chat ctx=0..104:104 prefill chunk 94/104 (90.4%) chunk=18.52 t/s avg=18.64 t/s 5.043s
0823 21:24:34 ds4-server: chat ctx=0..104:104 prefill chunk 95/104 (91.3%) chunk=17.78 t/s avg=18.63 t/s 5.099s
0823 21:24:34 ds4-server: chat ctx=0..104:104 prefill chunk 96/104 (92.3%) chunk=17.96 t/s avg=18.62 t/s 5.155s
0823 21:24:34 ds4-server: chat ctx=0..104:104 prefill chunk 97/104 (93.3%) chunk=18.99 t/s avg=18.63 t/s 5.208s
0823 21:24:34 ds4-server: chat ctx=0..104:104 prefill chunk 98/104 (94.2%) chunk=18.72 t/s avg=18.63 t/s 5.261s
0823 21:24:34 ds4-server: chat ctx=0..104:104 prefill chunk 99/104 (95.2%) chunk=18.60 t/s avg=18.63 t/s 5.315s
0823 21:24:34 ds4-server: chat ctx=0..104:104 prefill chunk 100/104 (96.2%) chunk=18.03 t/s avg=18.62 t/s 5.370s
0823 21:24:34 ds4-server: chat ctx=0..104:104 prefill chunk 101/104 (97.1%) chunk=18.84 t/s avg=18.62 t/s 5.424s
0823 21:24:34 ds4-server: chat ctx=0..104:104 prefill chunk 102/104 (98.1%) chunk=18.47 t/s avg=18.62 t/s 5.478s
0823 21:24:34 ds4-server: chat ctx=0..104:104 prefill chunk 103/104 (99.0%) chunk=19.19 t/s avg=18.63 t/s 5.530s
0823 21:24:34 ds4-server: chat ctx=0..104:104 prefill chunk 104/104 (100.0%) chunk=19.85 t/s avg=18.64 t/s 5.580s
0823 21:24:34 ds4-server: chat ctx=0..104:104 prompt done 5.580s
0823 21:24:37 ds4-server: chat ctx=104..154:50 gen=50 THINKING decoding chunk=18.37 t/s avg=18.37 t/s 2.722s
ds4: qwen35moe experts/token avg over 128 tokens: 0:13.5 1:14.2 2:14.5 3:15.9 4:15.3 5:14.9 6:14.7 7:15.5 8:16.7 9:15.9 10:14.6 11:13.9 12:15.6 13:14.7 14:14.7 15:15.0 16:15.6 17:15.6 18:14.6 19:15.2 20:16.1 21:15.4 22:14.8 23:15.2 24:15.6 25:15.8 26:15.5 27:16.3 28:16.0 29:16.0 30:16.3 31:17.0 32:16.4 33:16.9 34:16.9 35:18.2 36:18.6 37:18.8 38:19.5 39:19.0 | mean 15.9
0823 21:24:40 ds4-server: chat ctx=154..204:50 gen=100 THINKING decoding chunk=17.86 t/s avg=18.11 t/s 5.522s
0823 21:24:43 ds4-server: chat ctx=204..254:50 gen=150 THINKING decoding chunk=18.05 t/s avg=18.09 t/s 8.292s
ds4: qwen35moe experts/token avg over 128 tokens: 0:13.9 1:16.0 2:15.5 3:16.6 4:16.0 5:16.3 6:15.3 7:16.1 8:17.6 9:16.4 10:15.2 11:14.6 12:15.6 13:16.1 14:15.5 15:16.0 16:16.2 17:16.4 18:15.9 19:15.2 20:16.7 21:15.7 22:15.3 23:15.0 24:16.3 25:16.4 26:15.6 27:16.5 28:16.6 29:16.9 30:16.5 31:17.4 32:16.5 33:15.6 34:16.2 35:18.2 36:17.6 37:18.1 38:19.3 39:17.9 | mean 16.3
0823 21:24:46 ds4-server: chat ctx=254..304:50 gen=200 THINKING decoding chunk=17.97 t/s avg=18.06 t/s 11.074s
0823 21:24:48 ds4-server: chat ctx=304..354:50 gen=250 THINKING decoding chunk=17.94 t/s avg=18.04 t/s 13.862s
0823 21:24:51 ds4-server: chat ctx=354..404:50 gen=300 THINKING decoding chunk=17.85 t/s avg=18.00 t/s 16.663s
ds4: qwen35moe experts/token avg over 128 tokens: 0:14.4 1:15.6 2:15.7 3:16.4 4:16.3 5:15.9 6:15.5 7:15.7 8:17.4 9:16.3 10:15.0 11:14.1 12:16.1 13:15.9 14:15.0 15:15.5 16:16.1 17:16.1 18:16.1 19:15.7 20:16.4 21:15.6 22:15.5 23:15.0 24:15.7 25:15.9 26:16.2 27:15.7 28:16.4 29:16.4 30:16.5 31:17.1 32:15.4 33:15.1 34:14.8 35:17.4 36:16.4 37:16.9 38:18.5 39:17.1 | mean 16.0
0823 21:24:54 ds4-server: chat ctx=404..454:50 gen=350 THINKING decoding chunk=17.52 t/s avg=17.93 t/s 19.517s
0823 21:24:57 ds4-server: chat ctx=454..504:50 gen=400 THINKING decoding chunk=17.70 t/s avg=17.90 t/s 22.342s
ds4: qwen35moe experts/token avg over 128 tokens: 0:14.5 1:15.4 2:15.1 3:16.7 4:16.4 5:16.2 6:15.5 7:16.6 8:17.6 9:16.5 10:14.5 11:14.5 12:16.1 13:16.2 14:15.6 15:15.8 16:16.0 17:16.5 18:15.3 19:16.0 20:16.8 21:16.5 22:15.9 23:15.1 24:15.9 25:15.8 26:16.7 27:15.8 28:16.1 29:16.4 30:15.7 31:17.2 32:15.7 33:14.7 34:14.3 35:17.4 36:16.3 37:17.2 38:18.8 39:16.8 | mean 16.1
0823 21:25:00 ds4-server: chat ctx=504..554:50 gen=450 THINKING decoding chunk=17.50 t/s avg=17.86 t/s 25.198s
0823 21:25:03 ds4-server: chat ctx=554..604:50 gen=500 THINKING decoding chunk=17.13 t/s avg=17.78 t/s 28.116s
0823 21:25:05 ds4-server: chat ctx=604..654:50 gen=550 THINKING decoding chunk=17.49 t/s avg=17.76 t/s 30.976s
ds4: qwen35moe experts/token avg over 128 tokens: 0:14.6 1:16.1 2:15.6 3:16.8 4:16.3 5:16.3 6:15.9 7:16.8 8:17.6 9:16.6 10:15.2 11:14.9 12:16.5 13:15.9 14:15.5 15:16.3 16:16.1 17:16.8 18:15.7 19:15.9 20:16.8 21:16.4 22:15.4 23:15.6 24:16.0 25:16.2 26:16.8 27:16.2 28:16.5 29:16.8 30:16.2 31:17.4 32:16.2 33:15.7 34:15.7 35:18.1 36:16.8 37:17.9 38:19.0 39:17.5 | mean 16.4
0823 21:25:08 ds4-server: chat ctx=654..704:50 gen=600 THINKING decoding chunk=16.93 t/s avg=17.68 t/s 33.929s
0823 21:25:11 ds4-server: chat ctx=704..754:50 gen=650 THINKING decoding chunk=17.01 t/s avg=17.63 t/s 36.869s
ds4: qwen35moe experts/token avg over 128 tokens: 0:14.4 1:16.0 2:15.9 3:16.8 4:16.9 5:15.9 6:15.8 7:16.0 8:17.7 9:16.6 10:15.2 11:14.5 12:16.2 13:15.8 14:15.8 15:15.7 16:15.7 17:16.3 18:15.5 19:16.8 20:16.6 21:16.5 22:15.6 23:15.4 24:15.9 25:16.7 26:16.5 27:16.0 28:15.9 29:16.4 30:15.7 31:17.3 32:15.5 33:15.1 34:15.1 35:17.3 36:16.5 37:16.9 38:18.5 39:16.7 | mean 16.1
0823 21:25:14 ds4-server: chat ctx=754..804:50 gen=700 THINKING decoding chunk=17.24 t/s avg=17.60 t/s 39.769s
0823 21:25:17 ds4-server: chat ctx=804..854:50 gen=750 THINKING decoding chunk=17.00 t/s avg=17.56 t/s 42.710s
0823 21:25:20 ds4-server: chat ctx=854..904:50 gen=800 THINKING decoding chunk=16.66 t/s avg=17.50 t/s 45.712s
ds4: qwen35moe experts/token avg over 128 tokens: 0:14.4 1:16.1 2:15.6 3:16.7 4:16.8 5:16.1 6:16.0 7:16.8 8:17.9 9:17.3 10:15.2 11:15.2 12:16.6 13:16.7 14:16.1 15:16.4 16:16.3 17:16.5 18:16.2 19:16.7 20:17.2 21:16.9 22:15.9 23:15.7 24:16.1 25:16.3 26:16.2 27:15.7 28:16.1 29:16.1 30:15.9 31:17.4 32:15.6 33:15.5 34:14.9 35:17.8 36:16.3 37:17.5 38:18.8 39:17.0 | mean 16.4
0823 21:25:23 ds4-server: chat ctx=904..954:50 gen=850 THINKING decoding chunk=16.76 t/s avg=17.46 t/s 48.696s
0823 21:25:26 ds4-server: chat ctx=954..1004:50 gen=900 THINKING decoding chunk=16.50 t/s avg=17.40 t/s 51.725s
ds4: qwen35moe experts/token avg over 128 tokens: 0:14.6 1:15.6 2:15.4 3:16.9 4:16.7 5:16.4 6:16.0 7:16.9 8:17.8 9:17.1 10:15.4 11:15.0 12:16.5 13:16.4 14:16.3 15:16.7 16:16.4 17:16.3 18:16.2 19:16.6 20:17.8 21:17.0 22:15.8 23:15.8 24:15.9 25:16.4 26:16.5 27:16.3 28:16.1 29:16.8 30:16.3 31:17.4 32:16.1 33:15.4 34:15.3 35:18.2 36:17.0 37:17.3 38:18.9 39:16.9 | mean 16.5
0823 21:25:29 ds4-server: chat ctx=1004..1054:50 gen=950 THINKING decoding chunk=16.52 t/s avg=17.35 t/s 54.752s
0823 21:25:32 ds4-server: chat ctx=1054..1104:50 gen=1000 THINKING decoding chunk=16.50 t/s avg=17.31 t/s 57.782s
0823 21:25:35 ds4-server: chat ctx=1104..1154:50 gen=1050 THINKING decoding chunk=16.46 t/s avg=17.26 t/s 60.819s
ds4: qwen35moe experts/token avg over 128 tokens: 0:14.4 1:16.2 2:15.8 3:16.8 4:16.9 5:16.2 6:15.6 7:17.3 8:17.3 9:17.5 10:15.4 11:15.0 12:16.5 13:15.9 14:16.7 15:16.5 16:16.0 17:16.8 18:16.3 19:16.6 20:17.1 21:16.4 22:15.3 23:15.9 24:15.8 25:16.0 26:16.2 27:16.2 28:15.8 29:16.2 30:16.3 31:17.1 32:15.7 33:15.3 34:15.2 35:17.9 36:17.5 37:17.9 38:19.2 39:17.4 | mean 16.4
0823 21:25:38 ds4-server: chat ctx=1154..1204:50 gen=1100 THINKING decoding chunk=16.33 t/s avg=17.22 t/s 63.881s
0823 21:25:41 ds4-server: chat ctx=1204..1254:50 gen=1150 THINKING decoding chunk=16.11 t/s avg=17.17 t/s 66.984s
0823 21:25:45 ds4-server: chat ctx=1254..1304:50 gen=1200 THINKING decoding chunk=16.12 t/s avg=17.12 t/s 70.085s
ds4: qwen35moe experts/token avg over 128 tokens: 0:14.7 1:16.0 2:15.8 3:16.4 4:16.9 5:16.3 6:16.2 7:17.2 8:17.7 9:17.4 10:15.5 11:14.9 12:16.5 13:17.0 14:16.1 15:16.6 16:16.8 17:16.3 18:15.9 19:16.1 20:17.7 21:17.5 22:15.8 23:15.9 24:17.2 25:17.3 26:16.6 27:16.7 28:16.4 29:16.5 30:16.1 31:17.8 32:15.6 33:15.6 34:15.4 35:17.5 36:17.0 37:18.0 38:18.9 39:17.2 | mean 16.6
0823 21:25:48 ds4-server: chat ctx=1304..1354:50 gen=1250 THINKING decoding chunk=15.82 t/s avg=17.07 t/s 73.246s
0823 21:25:51 ds4-server: chat ctx=1354..1404:50 gen=1300 THINKING decoding chunk=16.03 t/s avg=17.02 t/s 76.365s
ds4: qwen35moe experts/token avg over 128 tokens: 0:14.6 1:16.3 2:16.0 3:16.7 4:16.7 5:16.3 6:16.7 7:17.7 8:17.6 9:17.4 10:15.2 11:15.8 12:16.6 13:16.5 14:16.4 15:16.2 16:16.8 17:16.6 18:16.3 19:16.5 20:18.0 21:17.3 22:15.8 23:15.9 24:16.2 25:16.5 26:16.5 27:16.4 28:16.1 29:16.4 30:16.4 31:17.1 32:16.0 33:15.5 34:15.0 35:17.9 36:16.9 37:17.5 38:18.9 39:17.5 | mean 16.6
0823 21:25:54 ds4-server: chat ctx=1404..1454:50 gen=1350 THINKING decoding chunk=16.10 t/s avg=16.99 t/s 79.471s
0823 21:25:57 ds4-server: chat ctx=1454..1504:50 gen=1400 THINKING decoding chunk=16.07 t/s avg=16.95 t/s 82.582s
0823 21:26:00 ds4-server: chat ctx=1504..1554:50 gen=1450 THINKING decoding chunk=15.54 t/s avg=16.90 t/s 85.800s
ds4: qwen35moe experts/token avg over 128 tokens: 0:14.0 1:15.8 2:15.5 3:16.6 4:16.5 5:16.2 6:15.8 7:17.1 8:17.4 9:16.4 10:15.2 11:14.8 12:16.2 13:15.8 14:16.0 15:16.1 16:16.2 17:16.2 18:16.2 19:16.5 20:16.8 21:16.8 22:15.1 23:15.4 24:16.0 25:15.9 26:15.8 27:15.6 28:15.6 29:15.5 30:15.9 31:16.2 32:15.5 33:15.5 34:15.1 35:17.2 36:17.2 37:17.4 38:19.0 39:17.6 | mean 16.2
0823 21:26:03 ds4-server: chat ctx=1554..1604:50 gen=1500 THINKING decoding chunk=15.92 t/s avg=16.87 t/s 88.941s
0823 21:26:07 ds4-server: chat ctx=1604..1654:50 gen=1550 THINKING decoding chunk=15.83 t/s avg=16.83 t/s 92.101s
ds4: qwen35moe experts/token avg over 128 tokens: 0:14.3 1:15.4 2:15.1 3:16.6 4:16.3 5:16.1 6:15.9 7:16.3 8:17.1 9:16.5 10:15.5 11:14.6 12:16.3 13:16.1 14:15.6 15:15.9 16:16.0 17:16.5 18:15.6 19:15.8 20:16.9 21:16.4 22:15.1 23:15.2 24:16.1 25:16.0 26:16.1 27:15.9 28:15.8 29:15.7 30:15.1 31:16.7 32:15.4 33:14.7 34:14.4 35:17.2 36:16.1 37:17.0 38:18.3 39:16.7 | mean 16.0
0823 21:26:10 ds4-server: chat ctx=1654..1704:50 gen=1600 THINKING decoding chunk=15.61 t/s avg=16.79 t/s 95.304s
0823 21:26:13 ds4-server: chat ctx=1704..1754:50 gen=1650 THINKING decoding chunk=15.60 t/s avg=16.75 t/s 98.510s
0823 21:26:16 ds4-server: chat ctx=1754..1804:50 gen=1700 THINKING decoding chunk=15.29 t/s avg=16.70 t/s 101.780s
ds4: qwen35moe experts/token avg over 128 tokens: 0:14.3 1:15.4 2:16.1 3:16.7 4:16.9 5:16.6 6:16.0 7:17.5 8:18.2 9:17.4 10:15.4 11:15.2 12:17.0 13:17.2 14:16.5 15:16.7 16:15.9 17:16.6 18:16.5 19:16.8 20:18.3 21:17.1 22:15.5 23:15.9 24:16.8 25:17.5 26:15.9 27:16.3 28:16.1 29:16.2 30:16.5 31:17.3 32:15.6 33:14.8 34:15.0 35:17.6 36:16.8 37:18.0 38:18.6 39:17.0 | mean 16.5
0823 21:26:20 ds4-server: chat ctx=1804..1854:50 gen=1750 THINKING decoding chunk=15.10 t/s avg=16.65 t/s 105.092s
0823 21:26:23 ds4-server: chat ctx=1854..1904:50 gen=1800 THINKING decoding chunk=15.00 t/s avg=16.60 t/s 108.425s
ds4: qwen35moe experts/token avg over 128 tokens: 0:14.6 1:16.2 2:15.9 3:16.6 4:16.9 5:16.2 6:16.8 7:17.5 8:17.8 9:17.1 10:16.1 11:15.7 12:17.0 13:16.9 14:16.5 15:17.2 16:17.0 17:16.8 18:16.6 19:16.5 20:18.0 21:17.2 22:16.3 23:15.9 24:16.6 25:16.2 26:16.9 27:16.1 28:16.2 29:16.6 30:16.1 31:16.9 32:15.9 33:15.3 34:15.4 35:17.3 36:17.8 37:17.7 38:19.0 39:17.4 | mean 16.7
0823 21:26:26 ds4-server: chat ctx=1904..1954:50 gen=1850 THINKING decoding chunk=15.49 t/s avg=16.57 t/s 111.653s
0823 21:26:29 ds4-server: chat ctx=1954..2004:50 gen=1900 THINKING decoding chunk=15.06 t/s avg=16.53 t/s 114.972s
0823 21:26:33 ds4-server: chat ctx=2004..2054:50 gen=1950 THINKING decoding chunk=14.92 t/s avg=16.48 t/s 118.323s
ds4: qwen35moe experts/token avg over 128 tokens: 0:14.6 1:16.2 2:16.0 3:17.9 4:17.5 5:16.8 6:16.7 7:17.8 8:18.4 9:17.6 10:15.8 11:16.2 12:17.0 13:17.3 14:17.5 15:17.9 16:17.1 17:16.7 18:17.0 19:17.1 20:17.8 21:17.6 22:16.4 23:16.4 24:16.9 25:16.6 26:17.2 27:16.6 28:16.6 29:17.0 30:16.2 31:17.7 32:16.8 33:15.8 34:15.9 35:17.9 36:17.3 37:18.0 38:19.1 39:17.7 | mean 17.0
0823 21:26:36 ds4-server: chat ctx=2054..2104:50 gen=2000 THINKING decoding chunk=14.96 t/s avg=16.44 t/s 121.665s
0823 21:26:39 ds4-server: chat ctx=2104..2154:50 gen=2050 THINKING decoding chunk=14.92 t/s avg=16.40 t/s 125.017s
0823 21:26:43 ds4-server: chat ctx=2154..2204:50 gen=2100 THINKING decoding chunk=14.99 t/s avg=16.36 t/s 128.351s
ds4: qwen35moe experts/token avg over 128 tokens: 0:14.4 1:15.6 2:15.0 3:16.7 4:16.6 5:15.7 6:15.9 7:17.3 8:17.9 9:17.3 10:15.5 11:15.1 12:16.4 13:16.1 14:16.3 15:16.3 16:16.2 17:16.2 18:15.4 19:16.0 20:17.3 21:16.5 22:15.5 23:15.5 24:15.8 25:15.9 26:16.5 27:15.9 28:15.8 29:15.6 30:15.4 31:17.1 32:15.4 33:14.7 34:14.9 35:17.6 36:16.8 37:17.3 38:18.6 39:17.3 | mean 16.2
0823 21:26:46 ds4-server: chat ctx=2204..2254:50 gen=2150 THINKING decoding chunk=15.00 t/s avg=16.33 t/s 131.685s
0823 21:26:50 ds4-server: chat ctx=2254..2304:50 gen=2200 THINKING decoding chunk=14.72 t/s avg=16.29 t/s 135.082s
ds4: qwen35moe experts/token avg over 128 tokens: 0:14.1 1:15.2 2:15.4 3:16.8 4:17.1 5:16.1 6:16.0 7:17.1 8:17.8 9:17.0 10:15.6 11:15.2 12:17.1 13:16.2 14:16.2 15:16.3 16:16.1 17:16.2 18:15.6 19:15.7 20:16.7 21:16.1 22:15.4 23:15.0 24:15.6 25:15.4 26:15.8 27:15.2 28:16.1 29:15.6 30:15.2 31:16.6 32:14.8 33:14.7 34:14.9 35:17.0 36:16.8 37:17.4 38:18.9 39:17.0 | mean 16.1
0823 21:26:53 ds4-server: chat ctx=2304..2354:50 gen=2250 decoding chunk=14.66 t/s avg=16.25 t/s 138.493s
0823 21:26:56 ds4-server: chat ctx=2354..2404:50 gen=2300 decoding chunk=14.54 t/s avg=16.21 t/s 141.931s
0823 21:27:00 ds4-server: chat ctx=2404..2454:50 gen=2350 decoding chunk=14.38 t/s avg=16.16 t/s 145.407s
ds4: qwen35moe experts/token avg over 128 tokens: 0:14.5 1:16.0 2:16.1 3:17.6 4:17.7 5:16.7 6:16.8 7:17.6 8:18.9 9:17.6 10:16.2 11:15.5 12:17.8 13:18.1 14:17.6 15:17.7 16:17.5 17:17.1 18:17.0 19:16.6 20:18.8 21:17.9 22:16.6 23:16.3 24:17.4 25:17.6 26:16.9 27:17.1 28:16.4 29:16.5 30:15.9 31:17.4 32:15.8 33:14.9 34:15.8 35:17.8 36:17.1 37:17.9 38:19.0 39:17.7 | mean 17.0
0823 21:27:03 ds4-server: chat ctx=2454..2504:50 gen=2400 decoding chunk=14.21 t/s avg=16.12 t/s 148.927s
0823 21:27:07 ds4-server: chat ctx=2504..2553:49 gen=2449 decoding chunk=14.16 t/s avg=16.07 t/s 152.388s
0823 21:27:07 ds4-server: thinking live checkpoint remembered ctx=0..104:104 live=2553 visible=1485
0823 21:27:07 ds4-server: chat ctx=0..104:104 gen=2449 finish=stop 157.968s
0823 21:27:07 ds4-server: live kv cache miss live=2553 prompt=267 common=56 reason=token-mismatch
0823 21:27:07 ds4-server: chat ctx=0..267:267 prompt start
0823 21:27:07 ds4-server: chat ctx=0..267:267 prefill chunk 1/267 (0.4%) chunk=0.00 t/s avg=18.98 t/s 0.053s
0823 21:27:07 ds4-server: chat ctx=0..267:267 prefill chunk 2/267 (0.7%) chunk=20.27 t/s avg=19.61 t/s 0.102s
0823 21:27:07 ds4-server: chat ctx=0..267:267 prefill chunk 3/267 (1.1%) chunk=19.05 t/s avg=19.42 t/s 0.155s
0823 21:27:07 ds4-server: chat ctx=0..267:267 prefill chunk 4/267 (1.5%) chunk=19.82 t/s avg=19.51 t/s 0.205s
0823 21:27:07 ds4-server: chat ctx=0..267:267 prefill chunk 5/267 (1.9%) chunk=18.94 t/s avg=19.40 t/s 0.258s
0823 21:27:07 ds4-server: chat ctx=0..267:267 prefill chunk 6/267 (2.2%) chunk=19.78 t/s avg=19.46 t/s 0.308s
0823 21:27:07 ds4-server: chat ctx=0..267:267 prefill chunk 7/267 (2.6%) chunk=19.44 t/s avg=19.46 t/s 0.360s
0823 21:27:07 ds4-server: chat ctx=0..267:267 prefill chunk 8/267 (3.0%) chunk=18.91 t/s avg=19.39 t/s 0.413s
0823 21:27:07 ds4-server: chat ctx=0..267:267 prefill chunk 9/267 (3.4%) chunk=19.74 t/s avg=19.43 t/s 0.463s
0823 21:27:07 ds4-server: chat ctx=0..267:267 prefill chunk 10/267 (3.7%) chunk=19.10 t/s avg=19.39 t/s 0.516s
0823 21:27:07 ds4-server: chat ctx=0..267:267 prefill chunk 11/267 (4.1%) chunk=19.53 t/s avg=19.40 t/s 0.567s
0823 21:27:07 ds4-server: chat ctx=0..267:267 prefill chunk 12/267 (4.5%) chunk=18.40 t/s avg=19.32 t/s 0.621s
0823 21:27:07 ds4-server: chat ctx=0..267:267 prefill chunk 13/267 (4.9%) chunk=18.97 t/s avg=19.29 t/s 0.674s
0823 21:27:08 ds4-server: chat ctx=0..267:267 prefill chunk 14/267 (5.2%) chunk=18.34 t/s avg=19.22 t/s 0.728s
0823 21:27:08 ds4-server: chat ctx=0..267:267 prefill chunk 15/267 (5.6%) chunk=18.48 t/s avg=19.17 t/s 0.783s
0823 21:27:08 ds4-server: chat ctx=0..267:267 prefill chunk 16/267 (6.0%) chunk=19.18 t/s avg=19.17 t/s 0.835s
0823 21:27:08 ds4-server: chat ctx=0..267:267 prefill chunk 17/267 (6.4%) chunk=18.46 t/s avg=19.13 t/s 0.889s
0823 21:27:08 ds4-server: chat ctx=0..267:267 prefill chunk 18/267 (6.7%) chunk=19.55 t/s avg=19.15 t/s 0.940s
0823 21:27:08 ds4-server: chat ctx=0..267:267 prefill chunk 19/267 (7.1%) chunk=18.30 t/s avg=19.10 t/s 0.995s
0823 21:27:08 ds4-server: chat ctx=0..267:267 prefill chunk 20/267 (7.5%) chunk=17.95 t/s avg=19.04 t/s 1.050s
0823 21:27:08 ds4-server: chat ctx=0..267:267 prefill chunk 21/267 (7.9%) chunk=19.20 t/s avg=19.05 t/s 1.102s
0823 21:27:08 ds4-server: chat ctx=0..267:267 prefill chunk 22/267 (8.2%) chunk=18.53 t/s avg=19.02 t/s 1.156s
0823 21:27:08 ds4-server: chat ctx=0..267:267 prefill chunk 23/267 (8.6%) chunk=19.57 t/s avg=19.05 t/s 1.208s
0823 21:27:08 ds4-server: chat ctx=0..267:267 prefill chunk 24/267 (9.0%) chunk=18.96 t/s avg=19.04 t/s 1.260s
0823 21:27:08 ds4-server: chat ctx=0..267:267 prefill chunk 25/267 (9.4%) chunk=19.29 t/s avg=19.05 t/s 1.312s
0823 21:27:08 ds4-server: chat ctx=0..267:267 prefill chunk 26/267 (9.7%) chunk=19.17 t/s avg=19.06 t/s 1.364s
0823 21:27:08 ds4-server: chat ctx=0..267:267 prefill chunk 27/267 (10.1%) chunk=19.02 t/s avg=19.06 t/s 1.417s
0823 21:27:08 ds4-server: chat ctx=0..267:267 prefill chunk 28/267 (10.5%) chunk=19.52 t/s avg=19.07 t/s 1.468s
0823 21:27:08 ds4-server: chat ctx=0..267:267 prefill chunk 29/267 (10.9%) chunk=18.28 t/s avg=19.04 t/s 1.523s
0823 21:27:08 ds4-server: chat ctx=0..267:267 prefill chunk 30/267 (11.2%) chunk=19.13 t/s avg=19.05 t/s 1.575s
0823 21:27:08 ds4-server: chat ctx=0..267:267 prefill chunk 31/267 (11.6%) chunk=18.35 t/s avg=19.02 t/s 1.630s
0823 21:27:09 ds4-server: chat ctx=0..267:267 prefill chunk 32/267 (12.0%) chunk=18.40 t/s avg=19.00 t/s 1.684s
0823 21:27:09 ds4-server: chat ctx=0..267:267 prefill chunk 33/267 (12.4%) chunk=19.25 t/s avg=19.01 t/s 1.736s
0823 21:27:09 ds4-server: chat ctx=0..267:267 prefill chunk 34/267 (12.7%) chunk=18.13 t/s avg=18.98 t/s 1.791s
0823 21:27:09 ds4-server: chat ctx=0..267:267 prefill chunk 35/267 (13.1%) chunk=18.22 t/s avg=18.96 t/s 1.846s
0823 21:27:09 ds4-server: chat ctx=0..267:267 prefill chunk 36/267 (13.5%) chunk=18.57 t/s avg=18.95 t/s 1.900s
ds4: qwen35moe experts/token avg over 128 tokens: 0:14.6 1:16.0 2:15.5 3:17.1 4:16.9 5:16.5 6:16.3 7:17.6 8:17.7 9:17.4 10:15.7 11:15.5 12:17.2 13:17.1 14:17.2 15:17.4 16:16.6 17:16.6 18:16.2 19:16.7 20:17.9 21:17.8 22:16.3 23:16.0 24:16.3 25:16.7 26:16.6 27:16.5 28:16.2 29:17.2 30:16.0 31:17.3 32:16.4 33:16.2 34:16.3 35:18.5 36:18.0 37:18.6 38:18.9 39:18.2 | mean 16.8
0823 21:27:09 ds4-server: chat ctx=0..267:267 prefill chunk 37/267 (13.9%) chunk=17.55 t/s avg=18.91 t/s 1.957s
0823 21:27:09 ds4-server: chat ctx=0..267:267 prefill chunk 38/267 (14.2%) chunk=17.95 t/s avg=18.88 t/s 2.012s
0823 21:27:09 ds4-server: chat ctx=0..267:267 prefill chunk 39/267 (14.6%) chunk=18.43 t/s avg=18.87 t/s 2.067s
0823 21:27:09 ds4-server: chat ctx=0..267:267 prefill chunk 40/267 (15.0%) chunk=18.13 t/s avg=18.85 t/s 2.122s
0823 21:27:09 ds4-server: chat ctx=0..267:267 prefill chunk 41/267 (15.4%) chunk=18.83 t/s avg=18.85 t/s 2.175s
0823 21:27:09 ds4-server: chat ctx=0..267:267 prefill chunk 42/267 (15.7%) chunk=18.30 t/s avg=18.84 t/s 2.230s
0823 21:27:09 ds4-server: chat ctx=0..267:267 prefill chunk 43/267 (16.1%) chunk=18.76 t/s avg=18.84 t/s 2.283s
0823 21:27:09 ds4-server: chat ctx=0..267:267 prefill chunk 44/267 (16.5%) chunk=19.08 t/s avg=18.84 t/s 2.335s
0823 21:27:09 ds4-server: chat ctx=0..267:267 prefill chunk 45/267 (16.9%) chunk=18.28 t/s avg=18.83 t/s 2.390s
0823 21:27:09 ds4-server: chat ctx=0..267:267 prefill chunk 46/267 (17.2%) chunk=18.64 t/s avg=18.82 t/s 2.444s
0823 21:27:09 ds4-server: chat ctx=0..267:267 prefill chunk 47/267 (17.6%) chunk=18.28 t/s avg=18.81 t/s 2.498s
0823 21:27:09 ds4-server: chat ctx=0..267:267 prefill chunk 48/267 (18.0%) chunk=18.81 t/s avg=18.81 t/s 2.552s
0823 21:27:09 ds4-server: chat ctx=0..267:267 prefill chunk 49/267 (18.4%) chunk=19.35 t/s avg=18.82 t/s 2.603s
0823 21:27:09 ds4-server: chat ctx=0..267:267 prefill chunk 50/267 (18.7%) chunk=18.44 t/s avg=18.81 t/s 2.657s
0823 21:27:10 ds4-server: chat ctx=0..267:267 prefill chunk 51/267 (19.1%) chunk=19.29 t/s avg=18.82 t/s 2.709s
0823 21:27:10 ds4-server: chat ctx=0..267:267 prefill chunk 52/267 (19.5%) chunk=18.17 t/s avg=18.81 t/s 2.764s
0823 21:27:10 ds4-server: chat ctx=0..267:267 prefill chunk 53/267 (19.9%) chunk=18.78 t/s avg=18.81 t/s 2.818s
0823 21:27:10 ds4-server: chat ctx=0..267:267 prefill chunk 54/267 (20.2%) chunk=19.54 t/s avg=18.82 t/s 2.869s
0823 21:27:10 ds4-server: chat ctx=0..267:267 prefill chunk 55/267 (20.6%) chunk=19.30 t/s avg=18.83 t/s 2.921s
0823 21:27:10 ds4-server: chat ctx=0..267:267 prefill chunk 56/267 (21.0%) chunk=20.82 t/s avg=18.86 t/s 2.969s
0823 21:27:10 ds4-server: chat ctx=0..267:267 prefill chunk 57/267 (21.3%) chunk=18.73 t/s avg=18.86 t/s 3.022s
0823 21:27:10 ds4-server: chat ctx=0..267:267 prefill chunk 58/267 (21.7%) chunk=19.07 t/s avg=18.86 t/s 3.074s
0823 21:27:10 ds4-server: chat ctx=0..267:267 prefill chunk 59/267 (22.1%) chunk=18.67 t/s avg=18.86 t/s 3.128s
0823 21:27:10 ds4-server: chat ctx=0..267:267 prefill chunk 60/267 (22.5%) chunk=19.25 t/s avg=18.87 t/s 3.180s
0823 21:27:10 ds4-server: chat ctx=0..267:267 prefill chunk 61/267 (22.8%) chunk=19.14 t/s avg=18.87 t/s 3.232s
0823 21:27:10 ds4-server: chat ctx=0..267:267 prefill chunk 62/267 (23.2%) chunk=18.53 t/s avg=18.87 t/s 3.286s
0823 21:27:10 ds4-server: chat ctx=0..267:267 prefill chunk 63/267 (23.6%) chunk=19.26 t/s avg=18.87 t/s 3.338s
0823 21:27:10 ds4-server: chat ctx=0..267:267 prefill chunk 64/267 (24.0%) chunk=18.82 t/s avg=18.87 t/s 3.391s
0823 21:27:10 ds4-server: chat ctx=0..267:267 prefill chunk 65/267 (24.3%) chunk=19.56 t/s avg=18.88 t/s 3.442s
0823 21:27:10 ds4-server: chat ctx=0..267:267 prefill chunk 66/267 (24.7%) chunk=18.67 t/s avg=18.88 t/s 3.496s
0823 21:27:10 ds4-server: chat ctx=0..267:267 prefill chunk 67/267 (25.1%) chunk=18.90 t/s avg=18.88 t/s 3.549s
0823 21:27:10 ds4-server: chat ctx=0..267:267 prefill chunk 68/267 (25.5%) chunk=19.06 t/s avg=18.88 t/s 3.601s
0823 21:27:10 ds4-server: chat ctx=0..267:267 prefill chunk 69/267 (25.8%) chunk=18.67 t/s avg=18.88 t/s 3.655s
0823 21:27:11 ds4-server: chat ctx=0..267:267 prefill chunk 70/267 (26.2%) chunk=18.97 t/s avg=18.88 t/s 3.708s
0823 21:27:11 ds4-server: chat ctx=0..267:267 prefill chunk 71/267 (26.6%) chunk=18.52 t/s avg=18.87 t/s 3.762s
0823 21:27:11 ds4-server: chat ctx=0..267:267 prefill chunk 72/267 (27.0%) chunk=18.50 t/s avg=18.87 t/s 3.816s
0823 21:27:11 ds4-server: chat ctx=0..267:267 prefill chunk 73/267 (27.3%) chunk=18.82 t/s avg=18.87 t/s 3.869s
0823 21:27:11 ds4-server: chat ctx=0..267:267 prefill chunk 74/267 (27.7%) chunk=18.37 t/s avg=18.86 t/s 3.923s
0823 21:27:11 ds4-server: chat ctx=0..267:267 prefill chunk 75/267 (28.1%) chunk=19.13 t/s avg=18.87 t/s 3.976s
0823 21:27:11 ds4-server: chat ctx=0..267:267 prefill chunk 76/267 (28.5%) chunk=18.65 t/s avg=18.86 t/s 4.029s
0823 21:27:11 ds4-server: chat ctx=0..267:267 prefill chunk 77/267 (28.8%) chunk=18.33 t/s avg=18.86 t/s 4.084s
0823 21:27:11 ds4-server: chat ctx=0..267:267 prefill chunk 78/267 (29.2%) chunk=19.05 t/s avg=18.86 t/s 4.136s
0823 21:27:11 ds4-server: chat ctx=0..267:267 prefill chunk 79/267 (29.6%) chunk=17.84 t/s avg=18.84 t/s 4.192s
0823 21:27:11 ds4-server: chat ctx=0..267:267 prefill chunk 80/267 (30.0%) chunk=19.27 t/s avg=18.85 t/s 4.244s
0823 21:27:11 ds4-server: chat ctx=0..267:267 prefill chunk 81/267 (30.3%) chunk=18.61 t/s avg=18.85 t/s 4.298s
0823 21:27:11 ds4-server: chat ctx=0..267:267 prefill chunk 82/267 (30.7%) chunk=18.91 t/s avg=18.85 t/s 4.351s
0823 21:27:11 ds4-server: chat ctx=0..267:267 prefill chunk 83/267 (31.1%) chunk=19.49 t/s avg=18.85 t/s 4.402s
0823 21:27:11 ds4-server: chat ctx=0..267:267 prefill chunk 84/267 (31.5%) chunk=18.10 t/s avg=18.85 t/s 4.457s
0823 21:27:11 ds4-server: chat ctx=0..267:267 prefill chunk 85/267 (31.8%) chunk=19.46 t/s avg=18.85 t/s 4.509s
0823 21:27:11 ds4-server: chat ctx=0..267:267 prefill chunk 86/267 (32.2%) chunk=18.26 t/s avg=18.85 t/s 4.563s
0823 21:27:11 ds4-server: chat ctx=0..267:267 prefill chunk 87/267 (32.6%) chunk=18.21 t/s avg=18.84 t/s 4.618s
0823 21:27:11 ds4-server: chat ctx=0..267:267 prefill chunk 88/267 (33.0%) chunk=19.20 t/s avg=18.84 t/s 4.670s
0823 21:27:12 ds4-server: chat ctx=0..267:267 prefill chunk 89/267 (33.3%) chunk=18.65 t/s avg=18.84 t/s 4.724s
0823 21:27:12 ds4-server: chat ctx=0..267:267 prefill chunk 90/267 (33.7%) chunk=19.12 t/s avg=18.84 t/s 4.776s
0823 21:27:12 ds4-server: chat ctx=0..267:267 prefill chunk 91/267 (34.1%) chunk=18.10 t/s avg=18.83 t/s 4.832s
0823 21:27:12 ds4-server: chat ctx=0..267:267 prefill chunk 92/267 (34.5%) chunk=18.37 t/s avg=18.83 t/s 4.886s
0823 21:27:12 ds4-server: chat ctx=0..267:267 prefill chunk 93/267 (34.8%) chunk=18.67 t/s avg=18.83 t/s 4.940s
0823 21:27:12 ds4-server: chat ctx=0..267:267 prefill chunk 94/267 (35.2%) chunk=18.50 t/s avg=18.82 t/s 4.994s
0823 21:27:12 ds4-server: chat ctx=0..267:267 prefill chunk 95/267 (35.6%) chunk=18.88 t/s avg=18.82 t/s 5.047s
0823 21:27:12 ds4-server: chat ctx=0..267:267 prefill chunk 96/267 (36.0%) chunk=18.48 t/s avg=18.82 t/s 5.101s
0823 21:27:12 ds4-server: chat ctx=0..267:267 prefill chunk 97/267 (36.3%) chunk=17.69 t/s avg=18.81 t/s 5.157s
0823 21:27:12 ds4-server: chat ctx=0..267:267 prefill chunk 98/267 (36.7%) chunk=18.98 t/s avg=18.81 t/s 5.210s
0823 21:27:12 ds4-server: chat ctx=0..267:267 prefill chunk 99/267 (37.1%) chunk=18.51 t/s avg=18.81 t/s 5.264s
0823 21:27:12 ds4-server: chat ctx=0..267:267 prefill chunk 100/267 (37.5%) chunk=18.14 t/s avg=18.80 t/s 5.319s
0823 21:27:12 ds4-server: chat ctx=0..267:267 prefill chunk 101/267 (37.8%) chunk=19.37 t/s avg=18.81 t/s 5.371s
0823 21:27:12 ds4-server: chat ctx=0..267:267 prefill chunk 102/267 (38.2%) chunk=18.39 t/s avg=18.80 t/s 5.425s
0823 21:27:12 ds4-server: chat ctx=0..267:267 prefill chunk 103/267 (38.6%) chunk=19.32 t/s avg=18.81 t/s 5.477s
0823 21:27:12 ds4-server: chat ctx=0..267:267 prefill chunk 104/267 (39.0%) chunk=18.34 t/s avg=18.80 t/s 5.532s
0823 21:27:12 ds4-server: chat ctx=0..267:267 prefill chunk 105/267 (39.3%) chunk=18.25 t/s avg=18.80 t/s 5.586s
0823 21:27:12 ds4-server: chat ctx=0..267:267 prefill chunk 106/267 (39.7%) chunk=18.68 t/s avg=18.79 t/s 5.640s
0823 21:27:13 ds4-server: chat ctx=0..267:267 prefill chunk 107/267 (40.1%) chunk=18.59 t/s avg=18.79 t/s 5.694s
0823 21:27:13 ds4-server: chat ctx=0..267:267 prefill chunk 108/267 (40.4%) chunk=18.26 t/s avg=18.79 t/s 5.748s
0823 21:27:13 ds4-server: chat ctx=0..267:267 prefill chunk 109/267 (40.8%) chunk=19.06 t/s avg=18.79 t/s 5.801s
0823 21:27:13 ds4-server: chat ctx=0..267:267 prefill chunk 110/267 (41.2%) chunk=18.25 t/s avg=18.79 t/s 5.856s
0823 21:27:13 ds4-server: chat ctx=0..267:267 prefill chunk 111/267 (41.6%) chunk=18.45 t/s avg=18.78 t/s 5.910s
0823 21:27:13 ds4-server: chat ctx=0..267:267 prefill chunk 112/267 (41.9%) chunk=18.71 t/s avg=18.78 t/s 5.963s
0823 21:27:13 ds4-server: chat ctx=0..267:267 prefill chunk 113/267 (42.3%) chunk=17.74 t/s avg=18.77 t/s 6.020s
0823 21:27:13 ds4-server: chat ctx=0..267:267 prefill chunk 114/267 (42.7%) chunk=18.25 t/s avg=18.77 t/s 6.074s
0823 21:27:13 ds4-server: chat ctx=0..267:267 prefill chunk 115/267 (43.1%) chunk=18.19 t/s avg=18.76 t/s 6.129s
0823 21:27:13 ds4-server: chat ctx=0..267:267 prefill chunk 116/267 (43.4%) chunk=18.08 t/s avg=18.76 t/s 6.185s
0823 21:27:13 ds4-server: chat ctx=0..267:267 prefill chunk 117/267 (43.8%) chunk=18.11 t/s avg=18.75 t/s 6.240s
0823 21:27:13 ds4-server: chat ctx=0..267:267 prefill chunk 118/267 (44.2%) chunk=17.96 t/s avg=18.74 t/s 6.296s
0823 21:27:13 ds4-server: chat ctx=0..267:267 prefill chunk 119/267 (44.6%) chunk=18.33 t/s avg=18.74 t/s 6.350s
0823 21:27:13 ds4-server: chat ctx=0..267:267 prefill chunk 120/267 (44.9%) chunk=18.97 t/s avg=18.74 t/s 6.403s
0823 21:27:13 ds4-server: chat ctx=0..267:267 prefill chunk 121/267 (45.3%) chunk=18.12 t/s avg=18.74 t/s 6.458s
0823 21:27:13 ds4-server: chat ctx=0..267:267 prefill chunk 122/267 (45.7%) chunk=18.78 t/s avg=18.74 t/s 6.511s
0823 21:27:13 ds4-server: chat ctx=0..267:267 prefill chunk 123/267 (46.1%) chunk=18.02 t/s avg=18.73 t/s 6.567s
0823 21:27:13 ds4-server: chat ctx=0..267:267 prefill chunk 124/267 (46.4%) chunk=18.00 t/s avg=18.72 t/s 6.622s
0823 21:27:14 ds4-server: chat ctx=0..267:267 prefill chunk 125/267 (46.8%) chunk=18.79 t/s avg=18.72 t/s 6.676s
0823 21:27:14 ds4-server: chat ctx=0..267:267 prefill chunk 126/267 (47.2%) chunk=18.39 t/s avg=18.72 t/s 6.730s
0823 21:27:14 ds4-server: chat ctx=0..267:267 prefill chunk 127/267 (47.6%) chunk=17.88 t/s avg=18.72 t/s 6.786s
0823 21:27:14 ds4-server: chat ctx=0..267:267 prefill chunk 128/267 (47.9%) chunk=18.27 t/s avg=18.71 t/s 6.841s
0823 21:27:14 ds4-server: chat ctx=0..267:267 prefill chunk 129/267 (48.3%) chunk=17.88 t/s avg=18.71 t/s 6.897s
0823 21:27:14 ds4-server: chat ctx=0..267:267 prefill chunk 130/267 (48.7%) chunk=17.83 t/s avg=18.70 t/s 6.953s
0823 21:27:14 ds4-server: chat ctx=0..267:267 prefill chunk 131/267 (49.1%) chunk=19.06 t/s avg=18.70 t/s 7.005s
0823 21:27:14 ds4-server: chat ctx=0..267:267 prefill chunk 132/267 (49.4%) chunk=18.13 t/s avg=18.70 t/s 7.060s
0823 21:27:14 ds4-server: chat ctx=0..267:267 prefill chunk 133/267 (49.8%) chunk=18.36 t/s avg=18.69 t/s 7.115s
0823 21:27:14 ds4-server: chat ctx=0..267:267 prefill chunk 134/267 (50.2%) chunk=18.50 t/s avg=18.69 t/s 7.169s
0823 21:27:14 ds4-server: chat ctx=0..267:267 prefill chunk 135/267 (50.6%) chunk=18.31 t/s avg=18.69 t/s 7.223s
0823 21:27:14 ds4-server: chat ctx=0..267:267 prefill chunk 136/267 (50.9%) chunk=19.16 t/s avg=18.69 t/s 7.276s
0823 21:27:14 ds4-server: chat ctx=0..267:267 prefill chunk 137/267 (51.3%) chunk=18.21 t/s avg=18.69 t/s 7.330s
0823 21:27:14 ds4-server: chat ctx=0..267:267 prefill chunk 138/267 (51.7%) chunk=18.58 t/s avg=18.69 t/s 7.384s
0823 21:27:14 ds4-server: chat ctx=0..267:267 prefill chunk 139/267 (52.1%) chunk=19.12 t/s avg=18.69 t/s 7.437s
0823 21:27:14 ds4-server: chat ctx=0..267:267 prefill chunk 140/267 (52.4%) chunk=18.86 t/s avg=18.69 t/s 7.490s
0823 21:27:14 ds4-server: chat ctx=0..267:267 prefill chunk 141/267 (52.8%) chunk=19.13 t/s avg=18.70 t/s 7.542s
0823 21:27:14 ds4-server: chat ctx=0..267:267 prefill chunk 142/267 (53.2%) chunk=18.35 t/s avg=18.69 t/s 7.596s
0823 21:27:14 ds4-server: chat ctx=0..267:267 prefill chunk 143/267 (53.6%) chunk=18.93 t/s avg=18.69 t/s 7.649s
0823 21:27:15 ds4-server: chat ctx=0..267:267 prefill chunk 144/267 (53.9%) chunk=19.01 t/s avg=18.70 t/s 7.702s
0823 21:27:15 ds4-server: chat ctx=0..267:267 prefill chunk 145/267 (54.3%) chunk=18.33 t/s avg=18.69 t/s 7.756s
0823 21:27:15 ds4-server: chat ctx=0..267:267 prefill chunk 146/267 (54.7%) chunk=19.00 t/s avg=18.70 t/s 7.809s
0823 21:27:15 ds4-server: chat ctx=0..267:267 prefill chunk 147/267 (55.1%) chunk=18.59 t/s avg=18.70 t/s 7.863s
0823 21:27:15 ds4-server: chat ctx=0..267:267 prefill chunk 148/267 (55.4%) chunk=18.49 t/s avg=18.69 t/s 7.917s
0823 21:27:15 ds4-server: chat ctx=0..267:267 prefill chunk 149/267 (55.8%) chunk=19.00 t/s avg=18.70 t/s 7.970s
0823 21:27:15 ds4-server: chat ctx=0..267:267 prefill chunk 150/267 (56.2%) chunk=18.40 t/s avg=18.69 t/s 8.024s
0823 21:27:15 ds4-server: chat ctx=0..267:267 prefill chunk 151/267 (56.6%) chunk=18.99 t/s avg=18.70 t/s 8.077s
0823 21:27:15 ds4-server: chat ctx=0..267:267 prefill chunk 152/267 (56.9%) chunk=18.43 t/s avg=18.69 t/s 8.131s
0823 21:27:15 ds4-server: chat ctx=0..267:267 prefill chunk 153/267 (57.3%) chunk=18.99 t/s avg=18.70 t/s 8.183s
0823 21:27:15 ds4-server: chat ctx=0..267:267 prefill chunk 154/267 (57.7%) chunk=19.45 t/s avg=18.70 t/s 8.235s
0823 21:27:15 ds4-server: chat ctx=0..267:267 prefill chunk 155/267 (58.1%) chunk=17.77 t/s avg=18.69 t/s 8.291s
0823 21:27:15 ds4-server: chat ctx=0..267:267 prefill chunk 156/267 (58.4%) chunk=17.52 t/s avg=18.69 t/s 8.348s
0823 21:27:15 ds4-server: chat ctx=0..267:267 prefill chunk 157/267 (58.8%) chunk=18.31 t/s avg=18.68 t/s 8.403s
0823 21:27:15 ds4-server: chat ctx=0..267:267 prefill chunk 158/267 (59.2%) chunk=17.84 t/s avg=18.68 t/s 8.459s
0823 21:27:15 ds4-server: chat ctx=0..267:267 prefill chunk 159/267 (59.6%) chunk=17.93 t/s avg=18.67 t/s 8.515s
0823 21:27:15 ds4-server: chat ctx=0..267:267 prefill chunk 160/267 (59.9%) chunk=18.43 t/s avg=18.67 t/s 8.569s
0823 21:27:15 ds4-server: chat ctx=0..267:267 prefill chunk 161/267 (60.3%) chunk=18.00 t/s avg=18.67 t/s 8.624s
0823 21:27:16 ds4-server: chat ctx=0..267:267 prefill chunk 162/267 (60.7%) chunk=17.53 t/s avg=18.66 t/s 8.681s
0823 21:27:16 ds4-server: chat ctx=0..267:267 prefill chunk 163/267 (61.0%) chunk=18.54 t/s avg=18.66 t/s 8.735s
0823 21:27:16 ds4-server: chat ctx=0..267:267 prefill chunk 164/267 (61.4%) chunk=17.78 t/s avg=18.65 t/s 8.792s
ds4: qwen35moe experts/token avg over 128 tokens: 0:14.1 1:14.2 2:14.3 3:16.0 4:14.3 5:14.6 6:14.4 7:14.6 8:14.8 9:15.4 10:13.8 11:13.5 12:14.2 13:14.2 14:15.1 15:14.9 16:14.5 17:14.3 18:14.4 19:14.1 20:14.5 21:14.9 22:14.0 23:14.5 24:15.0 25:14.9 26:15.8 27:15.8 28:15.4 29:15.9 30:16.8 31:17.5 32:17.0 33:17.0 34:17.3 35:18.6 36:19.1 37:19.1 38:19.3 39:18.8 | mean 15.5
0823 21:27:16 ds4-server: chat ctx=0..267:267 prefill chunk 165/267 (61.8%) chunk=17.38 t/s avg=18.65 t/s 8.849s
0823 21:27:16 ds4-server: chat ctx=0..267:267 prefill chunk 166/267 (62.2%) chunk=18.31 t/s avg=18.64 t/s 8.904s
0823 21:27:16 ds4-server: chat ctx=0..267:267 prefill chunk 167/267 (62.5%) chunk=18.00 t/s avg=18.64 t/s 8.959s
0823 21:27:16 ds4-server: chat ctx=0..267:267 prefill chunk 168/267 (62.9%) chunk=18.42 t/s avg=18.64 t/s 9.014s
0823 21:27:16 ds4-server: chat ctx=0..267:267 prefill chunk 169/267 (63.3%) chunk=17.98 t/s avg=18.63 t/s 9.069s
0823 21:27:16 ds4-server: chat ctx=0..267:267 prefill chunk 170/267 (63.7%) chunk=17.74 t/s avg=18.63 t/s 9.126s
0823 21:27:16 ds4-server: chat ctx=0..267:267 prefill chunk 171/267 (64.0%) chunk=17.55 t/s avg=18.62 t/s 9.183s
0823 21:27:16 ds4-server: chat ctx=0..267:267 prefill chunk 172/267 (64.4%) chunk=18.13 t/s avg=18.62 t/s 9.238s
0823 21:27:16 ds4-server: chat ctx=0..267:267 prefill chunk 173/267 (64.8%) chunk=17.50 t/s avg=18.61 t/s 9.295s
0823 21:27:16 ds4-server: chat ctx=0..267:267 prefill chunk 174/267 (65.2%) chunk=17.39 t/s avg=18.60 t/s 9.352s
0823 21:27:16 ds4-server: chat ctx=0..267:267 prefill chunk 175/267 (65.5%) chunk=18.30 t/s avg=18.60 t/s 9.407s
0823 21:27:16 ds4-server: chat ctx=0..267:267 prefill chunk 176/267 (65.9%) chunk=17.98 t/s avg=18.60 t/s 9.463s
0823 21:27:16 ds4-server: chat ctx=0..267:267 prefill chunk 177/267 (66.3%) chunk=17.79 t/s avg=18.59 t/s 9.519s
0823 21:27:16 ds4-server: chat ctx=0..267:267 prefill chunk 178/267 (66.7%) chunk=18.22 t/s avg=18.59 t/s 9.574s
0823 21:27:16 ds4-server: chat ctx=0..267:267 prefill chunk 179/267 (67.0%) chunk=17.96 t/s avg=18.59 t/s 9.630s
0823 21:27:17 ds4-server: chat ctx=0..267:267 prefill chunk 180/267 (67.4%) chunk=17.69 t/s avg=18.58 t/s 9.686s
0823 21:27:17 ds4-server: chat ctx=0..267:267 prefill chunk 181/267 (67.8%) chunk=18.52 t/s avg=18.58 t/s 9.740s
0823 21:27:17 ds4-server: chat ctx=0..267:267 prefill chunk 182/267 (68.2%) chunk=17.96 t/s avg=18.58 t/s 9.796s
0823 21:27:17 ds4-server: chat ctx=0..267:267 prefill chunk 183/267 (68.5%) chunk=17.19 t/s avg=18.57 t/s 9.854s
0823 21:27:17 ds4-server: chat ctx=0..267:267 prefill chunk 184/267 (68.9%) chunk=18.34 t/s avg=18.57 t/s 9.908s
0823 21:27:17 ds4-server: chat ctx=0..267:267 prefill chunk 185/267 (69.3%) chunk=17.33 t/s avg=18.56 t/s 9.966s
0823 21:27:17 ds4-server: chat ctx=0..267:267 prefill chunk 186/267 (69.7%) chunk=17.70 t/s avg=18.56 t/s 10.023s
0823 21:27:17 ds4-server: chat ctx=0..267:267 prefill chunk 187/267 (70.0%) chunk=18.47 t/s avg=18.56 t/s 10.077s
0823 21:27:17 ds4-server: chat ctx=0..267:267 prefill chunk 188/267 (70.4%) chunk=17.50 t/s avg=18.55 t/s 10.134s
0823 21:27:17 ds4-server: chat ctx=0..267:267 prefill chunk 189/267 (70.8%) chunk=17.14 t/s avg=18.54 t/s 10.192s
0823 21:27:17 ds4-server: chat ctx=0..267:267 prefill chunk 190/267 (71.2%) chunk=17.96 t/s avg=18.54 t/s 10.248s
0823 21:27:17 ds4-server: chat ctx=0..267:267 prefill chunk 191/267 (71.5%) chunk=18.10 t/s avg=18.54 t/s 10.303s
0823 21:27:17 ds4-server: chat ctx=0..267:267 prefill chunk 192/267 (71.9%) chunk=17.80 t/s avg=18.53 t/s 10.359s
0823 21:27:17 ds4-server: chat ctx=0..267:267 prefill chunk 193/267 (72.3%) chunk=17.68 t/s avg=18.53 t/s 10.416s
0823 21:27:17 ds4-server: chat ctx=0..267:267 prefill chunk 194/267 (72.7%) chunk=18.58 t/s avg=18.53 t/s 10.470s
0823 21:27:17 ds4-server: chat ctx=0..267:267 prefill chunk 195/267 (73.0%) chunk=17.58 t/s avg=18.52 t/s 10.527s
0823 21:27:17 ds4-server: chat ctx=0..267:267 prefill chunk 196/267 (73.4%) chunk=17.61 t/s avg=18.52 t/s 10.583s
0823 21:27:17 ds4-server: chat ctx=0..267:267 prefill chunk 197/267 (73.8%) chunk=18.24 t/s avg=18.52 t/s 10.638s
0823 21:27:18 ds4-server: chat ctx=0..267:267 prefill chunk 198/267 (74.2%) chunk=17.55 t/s avg=18.51 t/s 10.695s
0823 21:27:18 ds4-server: chat ctx=0..267:267 prefill chunk 199/267 (74.5%) chunk=17.08 t/s avg=18.51 t/s 10.754s
0823 21:27:18 ds4-server: chat ctx=0..267:267 prefill chunk 200/267 (74.9%) chunk=18.30 t/s avg=18.50 t/s 10.808s
0823 21:27:18 ds4-server: chat ctx=0..267:267 prefill chunk 201/267 (75.3%) chunk=17.50 t/s avg=18.50 t/s 10.866s
0823 21:27:18 ds4-server: chat ctx=0..267:267 prefill chunk 202/267 (75.7%) chunk=17.31 t/s avg=18.49 t/s 10.923s
0823 21:27:18 ds4-server: chat ctx=0..267:267 prefill chunk 203/267 (76.0%) chunk=17.11 t/s avg=18.49 t/s 10.982s
0823 21:27:18 ds4-server: chat ctx=0..267:267 prefill chunk 204/267 (76.4%) chunk=18.11 t/s avg=18.48 t/s 11.037s
0823 21:27:18 ds4-server: chat ctx=0..267:267 prefill chunk 205/267 (76.8%) chunk=17.38 t/s avg=18.48 t/s 11.095s
0823 21:27:18 ds4-server: chat ctx=0..267:267 prefill chunk 206/267 (77.2%) chunk=17.52 t/s avg=18.47 t/s 11.152s
0823 21:27:18 ds4-server: chat ctx=0..267:267 prefill chunk 207/267 (77.5%) chunk=18.00 t/s avg=18.47 t/s 11.207s
0823 21:27:18 ds4-server: chat ctx=0..267:267 prefill chunk 208/267 (77.9%) chunk=17.80 t/s avg=18.47 t/s 11.263s
0823 21:27:18 ds4-server: chat ctx=0..267:267 prefill chunk 209/267 (78.3%) chunk=17.31 t/s avg=18.46 t/s 11.321s
0823 21:27:18 ds4-server: chat ctx=0..267:267 prefill chunk 210/267 (78.7%) chunk=18.33 t/s avg=18.46 t/s 11.376s
0823 21:27:18 ds4-server: chat ctx=0..267:267 prefill chunk 211/267 (79.0%) chunk=17.55 t/s avg=18.46 t/s 11.433s
0823 21:27:18 ds4-server: chat ctx=0..267:267 prefill chunk 212/267 (79.4%) chunk=17.41 t/s avg=18.45 t/s 11.490s
0823 21:27:18 ds4-server: chat ctx=0..267:267 prefill chunk 213/267 (79.8%) chunk=17.07 t/s avg=18.44 t/s 11.549s
0823 21:27:18 ds4-server: chat ctx=0..267:267 prefill chunk 214/267 (80.1%) chunk=17.92 t/s avg=18.44 t/s 11.604s
0823 21:27:18 ds4-server: chat ctx=0..267:267 prefill chunk 215/267 (80.5%) chunk=17.22 t/s avg=18.44 t/s 11.663s
0823 21:27:19 ds4-server: chat ctx=0..267:267 prefill chunk 216/267 (80.9%) chunk=17.61 t/s avg=18.43 t/s 11.719s
0823 21:27:19 ds4-server: chat ctx=0..267:267 prefill chunk 217/267 (81.3%) chunk=17.47 t/s avg=18.43 t/s 11.777s
0823 21:27:19 ds4-server: chat ctx=0..267:267 prefill chunk 218/267 (81.6%) chunk=17.42 t/s avg=18.42 t/s 11.834s
0823 21:27:19 ds4-server: chat ctx=0..267:267 prefill chunk 219/267 (82.0%) chunk=17.87 t/s avg=18.42 t/s 11.890s
0823 21:27:19 ds4-server: chat ctx=0..267:267 prefill chunk 220/267 (82.4%) chunk=17.65 t/s avg=18.42 t/s 11.947s
0823 21:27:19 ds4-server: chat ctx=0..267:267 prefill chunk 221/267 (82.8%) chunk=17.67 t/s avg=18.41 t/s 12.003s
0823 21:27:19 ds4-server: chat ctx=0..267:267 prefill chunk 222/267 (83.1%) chunk=17.18 t/s avg=18.41 t/s 12.061s
0823 21:27:19 ds4-server: chat ctx=0..267:267 prefill chunk 223/267 (83.5%) chunk=17.78 t/s avg=18.40 t/s 12.118s
0823 21:27:19 ds4-server: chat ctx=0..267:267 prefill chunk 224/267 (83.9%) chunk=17.44 t/s avg=18.40 t/s 12.175s
0823 21:27:19 ds4-server: chat ctx=0..267:267 prefill chunk 225/267 (84.3%) chunk=17.69 t/s avg=18.40 t/s 12.231s
0823 21:27:19 ds4-server: chat ctx=0..267:267 prefill chunk 226/267 (84.6%) chunk=17.47 t/s avg=18.39 t/s 12.289s
0823 21:27:19 ds4-server: chat ctx=0..267:267 prefill chunk 227/267 (85.0%) chunk=16.71 t/s avg=18.38 t/s 12.348s
0823 21:27:19 ds4-server: chat ctx=0..267:267 prefill chunk 228/267 (85.4%) chunk=17.65 t/s avg=18.38 t/s 12.405s
0823 21:27:19 ds4-server: chat ctx=0..267:267 prefill chunk 229/267 (85.8%) chunk=17.06 t/s avg=18.37 t/s 12.464s
0823 21:27:19 ds4-server: chat ctx=0..267:267 prefill chunk 230/267 (86.1%) chunk=17.12 t/s avg=18.37 t/s 12.522s
0823 21:27:19 ds4-server: chat ctx=0..267:267 prefill chunk 231/267 (86.5%) chunk=17.42 t/s avg=18.36 t/s 12.580s
0823 21:27:19 ds4-server: chat ctx=0..267:267 prefill chunk 232/267 (86.9%) chunk=17.83 t/s avg=18.36 t/s 12.636s
0823 21:27:20 ds4-server: chat ctx=0..267:267 prefill chunk 233/267 (87.3%) chunk=17.06 t/s avg=18.35 t/s 12.694s
0823 21:27:20 ds4-server: chat ctx=0..267:267 prefill chunk 234/267 (87.6%) chunk=17.76 t/s avg=18.35 t/s 12.751s
0823 21:27:20 ds4-server: chat ctx=0..267:267 prefill chunk 235/267 (88.0%) chunk=18.15 t/s avg=18.35 t/s 12.806s
0823 21:27:20 ds4-server: chat ctx=0..267:267 prefill chunk 236/267 (88.4%) chunk=18.15 t/s avg=18.35 t/s 12.861s
0823 21:27:20 ds4-server: chat ctx=0..267:267 prefill chunk 237/267 (88.8%) chunk=17.15 t/s avg=18.34 t/s 12.919s
0823 21:27:20 ds4-server: chat ctx=0..267:267 prefill chunk 238/267 (89.1%) chunk=17.32 t/s avg=18.34 t/s 12.977s
0823 21:27:20 ds4-server: chat ctx=0..267:267 prefill chunk 239/267 (89.5%) chunk=17.50 t/s avg=18.34 t/s 13.034s
0823 21:27:20 ds4-server: chat ctx=0..267:267 prefill chunk 240/267 (89.9%) chunk=17.11 t/s avg=18.33 t/s 13.092s
0823 21:27:20 ds4-server: chat ctx=0..267:267 prefill chunk 241/267 (90.3%) chunk=17.60 t/s avg=18.33 t/s 13.149s
0823 21:27:20 ds4-server: chat ctx=0..267:267 prefill chunk 242/267 (90.6%) chunk=17.60 t/s avg=18.32 t/s 13.206s
0823 21:27:20 ds4-server: chat ctx=0..267:267 prefill chunk 243/267 (91.0%) chunk=17.18 t/s avg=18.32 t/s 13.264s
0823 21:27:20 ds4-server: chat ctx=0..267:267 prefill chunk 244/267 (91.4%) chunk=17.22 t/s avg=18.32 t/s 13.322s
0823 21:27:20 ds4-server: chat ctx=0..267:267 prefill chunk 245/267 (91.8%) chunk=18.48 t/s avg=18.32 t/s 13.376s
0823 21:27:20 ds4-server: chat ctx=0..267:267 prefill chunk 246/267 (92.1%) chunk=17.14 t/s avg=18.31 t/s 13.435s
0823 21:27:20 ds4-server: chat ctx=0..267:267 prefill chunk 247/267 (92.5%) chunk=17.37 t/s avg=18.31 t/s 13.492s
0823 21:27:20 ds4-server: chat ctx=0..267:267 prefill chunk 248/267 (92.9%) chunk=17.17 t/s avg=18.30 t/s 13.551s
0823 21:27:20 ds4-server: chat ctx=0..267:267 prefill chunk 249/267 (93.3%) chunk=18.29 t/s avg=18.30 t/s 13.605s
0823 21:27:20 ds4-server: chat ctx=0..267:267 prefill chunk 250/267 (93.6%) chunk=16.93 t/s avg=18.30 t/s 13.664s
0823 21:27:21 ds4-server: chat ctx=0..267:267 prefill chunk 251/267 (94.0%) chunk=17.43 t/s avg=18.29 t/s 13.722s
0823 21:27:21 ds4-server: chat ctx=0..267:267 prefill chunk 252/267 (94.4%) chunk=17.23 t/s avg=18.29 t/s 13.780s
0823 21:27:21 ds4-server: chat ctx=0..267:267 prefill chunk 253/267 (94.8%) chunk=17.58 t/s avg=18.28 t/s 13.837s
0823 21:27:21 ds4-server: chat ctx=0..267:267 prefill chunk 254/267 (95.1%) chunk=17.33 t/s avg=18.28 t/s 13.894s
0823 21:27:21 ds4-server: chat ctx=0..267:267 prefill chunk 255/267 (95.5%) chunk=17.99 t/s avg=18.28 t/s 13.950s
0823 21:27:21 ds4-server: chat ctx=0..267:267 prefill chunk 256/267 (95.9%) chunk=17.64 t/s avg=18.28 t/s 14.007s
0823 21:27:21 ds4-server: chat ctx=0..267:267 prefill chunk 257/267 (96.3%) chunk=16.77 t/s avg=18.27 t/s 14.066s
0823 21:27:21 ds4-server: chat ctx=0..267:267 prefill chunk 258/267 (96.6%) chunk=16.96 t/s avg=18.27 t/s 14.125s
0823 21:27:21 ds4-server: chat ctx=0..267:267 prefill chunk 259/267 (97.0%) chunk=16.99 t/s avg=18.26 t/s 14.184s
0823 21:27:21 ds4-server: chat ctx=0..267:267 prefill chunk 260/267 (97.4%) chunk=18.47 t/s avg=18.26 t/s 14.238s
0823 21:27:21 ds4-server: chat ctx=0..267:267 prefill chunk 261/267 (97.8%) chunk=18.26 t/s avg=18.26 t/s 14.293s
0823 21:27:21 ds4-server: chat ctx=0..267:267 prefill chunk 262/267 (98.1%) chunk=17.68 t/s avg=18.26 t/s 14.350s
0823 21:27:21 ds4-server: chat ctx=0..267:267 prefill chunk 263/267 (98.5%) chunk=18.23 t/s avg=18.26 t/s 14.404s
0823 21:27:21 ds4-server: chat ctx=0..267:267 prefill chunk 264/267 (98.9%) chunk=18.71 t/s avg=18.26 t/s 14.458s
0823 21:27:21 ds4-server: chat ctx=0..267:267 prefill chunk 265/267 (99.3%) chunk=18.12 t/s avg=18.26 t/s 14.513s
0823 21:27:21 ds4-server: chat ctx=0..267:267 prefill chunk 266/267 (99.6%) chunk=19.30 t/s avg=18.26 t/s 14.565s
0823 21:27:21 ds4-server: chat ctx=0..267:267 prefill chunk 267/267 (100.0%) chunk=19.00 t/s avg=18.27 t/s 14.617s
0823 21:27:21 ds4-server: chat ctx=0..267:267 prompt done 14.617s
ds4: qwen35moe experts/token avg over 128 tokens: 0:14.2 1:15.1 2:15.0 3:16.9 4:15.5 5:15.4 6:15.6 7:15.5 8:16.2 9:16.3 10:14.9 11:14.4 12:15.8 13:15.5 14:16.0 15:16.6 16:15.7 17:15.6 18:15.9 19:16.4 20:16.7 21:17.1 22:15.0 23:15.7 24:16.4 25:16.1 26:16.6 27:16.5 28:16.9 29:17.2 30:17.5 31:17.9 32:18.0 33:18.0 34:17.9 35:18.7 36:18.8 37:19.5 38:19.7 39:19.4 | mean 16.6
0823 21:27:24 ds4-server: chat ctx=267..317:50 gen=50 THINKING decoding chunk=18.28 t/s avg=18.28 t/s 2.735s
0823 21:27:27 ds4-server: chat ctx=317..367:50 gen=100 THINKING decoding chunk=17.36 t/s avg=17.81 t/s 5.615s
0823 21:27:30 ds4-server: chat ctx=367..417:50 gen=150 THINKING decoding chunk=17.62 t/s avg=17.75 t/s 8.453s
ds4: qwen35moe experts/token avg over 128 tokens: 0:14.5 1:16.3 2:16.2 3:17.8 4:16.0 5:16.1 6:15.9 7:15.5 8:16.5 9:16.9 10:14.6 11:14.5 12:15.6 13:15.3 14:16.7 15:16.6 16:16.5 17:15.7 18:16.5 19:15.8 20:17.0 21:17.1 22:15.5 23:16.0 24:16.4 25:16.3 26:17.5 27:17.2 28:17.4 29:17.1 30:17.4 31:17.7 32:17.7 33:17.7 34:17.5 35:18.8 36:18.6 37:19.1 38:19.8 39:19.1 | mean 16.8
0823 21:27:33 ds4-server: chat ctx=417..467:50 gen=200 THINKING decoding chunk=17.73 t/s avg=17.74 t/s 11.274s
0823 21:27:36 ds4-server: chat ctx=467..517:50 gen=250 THINKING decoding chunk=17.15 t/s avg=17.62 t/s 14.190s
ds4: qwen35moe experts/token avg over 128 tokens: 0:13.9 1:16.1 2:16.1 3:17.3 4:16.5 5:16.4 6:16.5 7:16.7 8:17.5 9:17.1 10:15.1 11:15.3 12:16.2 13:16.5 14:16.9 15:17.1 16:16.5 17:15.4 18:16.4 19:16.5 20:17.8 21:17.4 22:15.2 23:15.8 24:16.2 25:16.4 26:16.8 27:16.5 28:16.0 29:16.1 30:16.3 31:17.0 32:15.9 33:16.0 34:16.2 35:17.3 36:16.9 37:18.3 38:19.2 39:18.1 | mean 16.5
0823 21:27:39 ds4-server: chat ctx=517..567:50 gen=300 THINKING decoding chunk=17.35 t/s avg=17.57 t/s 17.071s
0823 21:27:41 ds4-server: chat ctx=567..617:50 gen=350 THINKING decoding chunk=17.04 t/s avg=17.50 t/s 20.005s
0823 21:27:44 ds4-server: chat ctx=617..667:50 gen=400 THINKING decoding chunk=17.02 t/s avg=17.43 t/s 22.943s
ds4: qwen35moe experts/token avg over 128 tokens: 0:14.6 1:16.3 2:16.7 3:17.9 4:17.1 5:17.3 6:16.4 7:18.0 8:18.3 9:17.8 10:15.7 11:15.6 12:16.4 13:16.6 14:17.7 15:17.1 16:16.1 17:16.1 18:17.1 19:17.3 20:17.7 21:17.0 22:15.7 23:15.9 24:16.1 25:16.0 26:17.3 27:16.0 28:16.4 29:16.6 30:17.4 31:17.5 32:16.2 33:16.0 34:16.5 35:17.5 36:17.1 37:18.1 38:19.3 39:18.3 | mean 16.9
0823 21:27:47 ds4-server: chat ctx=667..717:50 gen=450 THINKING decoding chunk=17.19 t/s avg=17.41 t/s 25.852s
0823 21:27:50 ds4-server: chat ctx=717..767:50 gen=500 THINKING decoding chunk=16.53 t/s avg=17.31 t/s 28.877s
ds4: qwen35moe experts/token avg over 128 tokens: 0:14.3 1:17.1 2:16.6 3:17.9 4:17.6 5:17.5 6:17.1 7:17.7 8:17.9 9:17.5 10:15.3 11:15.7 12:16.4 13:16.6 14:16.6 15:17.1 16:16.3 17:16.2 18:16.6 19:16.8 20:17.1 21:16.5 22:15.5 23:15.9 24:16.4 25:15.9 26:17.1 27:16.9 28:16.8 29:16.8 30:17.2 31:17.5 32:16.8 33:17.3 34:16.7 35:17.7 36:17.3 37:18.4 38:19.3 39:18.3 | mean 16.9
0823 21:27:53 ds4-server: chat ctx=767..817:50 gen=550 THINKING decoding chunk=16.84 t/s avg=17.27 t/s 31.846s
0823 21:27:56 ds4-server: chat ctx=817..867:50 gen=600 THINKING decoding chunk=17.10 t/s avg=17.26 t/s 34.770s
0823 21:27:59 ds4-server: chat ctx=867..917:50 gen=650 THINKING decoding chunk=16.64 t/s avg=17.21 t/s 37.775s
ds4: qwen35moe experts/token avg over 128 tokens: 0:14.4 1:16.1 2:15.8 3:17.0 4:17.0 5:16.3 6:16.7 7:17.2 8:17.7 9:16.9 10:15.3 11:15.0 12:16.3 13:16.0 14:16.5 15:16.4 16:15.7 17:15.5 18:16.2 19:16.5 20:16.6 21:16.0 22:14.9 23:15.2 24:15.4 25:15.7 26:16.6 27:15.8 28:15.4 29:15.1 30:16.0 31:16.5 32:15.0 33:14.9 34:14.7 35:16.8 36:15.8 37:16.9 38:19.0 39:17.2 | mean 16.1
0823 21:28:02 ds4-server: chat ctx=917..967:50 gen=700 THINKING decoding chunk=16.57 t/s avg=17.16 t/s 40.792s
0823 21:28:05 ds4-server: chat ctx=967..1017:50 gen=750 THINKING decoding chunk=16.46 t/s avg=17.11 t/s 43.829s
ds4: qwen35moe experts/token avg over 128 tokens: 0:14.7 1:16.8 2:16.4 3:17.5 4:17.5 5:17.3 6:16.8 7:18.0 8:18.7 9:17.7 10:16.1 11:15.6 12:17.0 13:17.2 14:17.3 15:17.4 16:17.2 17:16.7 18:17.1 19:16.8 20:17.8 21:17.6 22:16.0 23:16.4 24:16.2 25:16.5 26:17.3 27:16.8 28:16.2 29:16.4 30:16.5 31:17.2 32:15.9 33:15.6 34:16.5 35:17.4 36:16.7 37:16.9 38:18.9 39:17.4 | mean 16.9
0823 21:28:08 ds4-server: chat ctx=1017..1067:50 gen=800 THINKING decoding chunk=16.35 t/s avg=17.06 t/s 46.888s
0823 21:28:11 ds4-server: chat ctx=1067..1117:50 gen=850 THINKING decoding chunk=16.44 t/s avg=17.02 t/s 49.928s
0823 21:28:15 ds4-server: chat ctx=1117..1167:50 gen=900 THINKING decoding chunk=15.88 t/s avg=16.96 t/s 53.077s
ds4: qwen35moe experts/token avg over 128 tokens: 0:14.2 1:16.4 2:16.6 3:17.2 4:17.0 5:17.3 6:17.1 7:17.8 8:18.7 9:18.0 10:16.2 11:15.9 12:17.6 13:17.3 14:17.7 15:17.9 16:17.5 17:17.0 18:16.9 19:17.2 20:17.6 21:17.2 22:15.9 23:16.8 24:16.9 25:16.6 26:17.5 27:16.7 28:16.4 29:16.6 30:16.8 31:17.6 32:15.8 33:16.1 34:16.0 35:17.6 36:16.9 37:17.8 38:19.0 39:18.0 | mean 17.0
0823 21:28:18 ds4-server: chat ctx=1167..1217:50 gen=950 THINKING decoding chunk=16.27 t/s avg=16.92 t/s 56.151s
0823 21:28:21 ds4-server: chat ctx=1217..1267:50 gen=1000 THINKING decoding chunk=16.45 t/s avg=16.89 t/s 59.190s
ds4: qwen35moe experts/token avg over 128 tokens: 0:14.3 1:16.5 2:16.5 3:17.1 4:17.1 5:16.9 6:16.6 7:17.5 8:18.2 9:17.7 10:15.3 11:15.6 12:16.8 13:16.6 14:17.0 15:16.4 16:16.6 17:16.7 18:16.5 19:16.6 20:17.0 21:16.9 22:15.9 23:15.5 24:16.3 25:16.0 26:16.4 27:16.2 28:16.0 29:15.7 30:16.0 31:16.8 32:16.0 33:15.5 34:15.2 35:17.2 36:16.3 37:17.2 38:18.9 39:17.4 | mean 16.5
0823 21:28:24 ds4-server: chat ctx=1267..1317:50 gen=1050 THINKING decoding chunk=15.74 t/s avg=16.84 t/s 62.367s
0823 21:28:27 ds4-server: chat ctx=1317..1367:50 gen=1100 THINKING decoding chunk=15.87 t/s avg=16.79 t/s 65.517s
0823 21:28:30 ds4-server: chat ctx=1367..1417:50 gen=1150 THINKING decoding chunk=16.16 t/s avg=16.76 t/s 68.611s
ds4: qwen35moe experts/token avg over 128 tokens: 0:14.5 1:16.1 2:16.6 3:17.3 4:17.1 5:17.7 6:17.3 7:17.7 8:17.9 9:17.5 10:16.2 11:16.0 12:16.9 13:16.6 14:17.5 15:17.6 16:16.9 17:16.8 18:16.8 19:17.0 20:17.2 21:17.2 22:16.6 23:16.4 24:16.7 25:16.1 26:17.1 27:16.7 28:16.3 29:16.2 30:15.9 31:17.0 32:16.3 33:16.0 34:16.1 35:17.4 36:17.6 37:17.7 38:19.3 39:18.0 | mean 16.9
0823 21:28:33 ds4-server: chat ctx=1417..1467:50 gen=1200 THINKING decoding chunk=15.36 t/s avg=16.70 t/s 71.867s
0823 21:28:36 ds4-server: chat ctx=1467..1517:50 gen=1250 THINKING decoding chunk=15.98 t/s avg=16.67 t/s 74.995s
0823 21:28:40 ds4-server: chat ctx=1517..1567:50 gen=1300 THINKING decoding chunk=15.77 t/s avg=16.63 t/s 78.166s
ds4: qwen35moe experts/token avg over 128 tokens: 0:14.3 1:16.1 2:16.0 3:16.6 4:17.2 5:16.9 6:16.3 7:17.4 8:18.0 9:17.0 10:15.4 11:15.4 12:16.5 13:16.4 14:16.7 15:16.4 16:16.5 17:16.2 18:16.6 19:16.3 20:16.9 21:17.0 22:15.9 23:15.3 24:16.2 25:15.9 26:16.8 27:16.2 28:16.0 29:16.3 30:15.9 31:16.9 32:15.7 33:15.3 34:15.5 35:17.5 36:16.7 37:18.0 38:19.1 39:18.0 | mean 16.5
0823 21:28:43 ds4-server: chat ctx=1567..1617:50 gen=1350 THINKING decoding chunk=15.56 t/s avg=16.59 t/s 81.380s
0823 21:28:46 ds4-server: chat ctx=1617..1667:50 gen=1400 THINKING decoding chunk=15.58 t/s avg=16.55 t/s 84.588s
ds4: qwen35moe experts/token avg over 128 tokens: 0:14.7 1:15.9 2:16.0 3:16.8 4:17.0 5:16.6 6:16.2 7:17.7 8:18.2 9:17.7 10:15.8 11:15.9 12:16.9 13:16.1 14:17.1 15:16.3 16:16.6 17:16.8 18:16.4 19:16.4 20:16.9 21:16.9 22:15.5 23:15.8 24:16.4 25:16.1 26:16.4 27:16.1 28:16.2 29:16.3 30:16.0 31:17.1 32:15.2 33:15.8 34:15.3 35:17.0 36:17.2 37:17.1 38:19.2 39:17.6 | mean 16.5
0823 21:28:49 ds4-server: chat ctx=1667..1717:50 gen=1450 THINKING decoding chunk=15.64 t/s avg=16.52 t/s 87.785s
0823 21:28:52 ds4-server: chat ctx=1717..1767:50 gen=1500 THINKING decoding chunk=15.46 t/s avg=16.48 t/s 91.019s
0823 21:28:56 ds4-server: chat ctx=1767..1817:50 gen=1550 THINKING decoding chunk=15.18 t/s avg=16.43 t/s 94.312s
ds4: qwen35moe experts/token avg over 128 tokens: 0:14.7 1:16.5 2:16.4 3:17.7 4:17.1 5:17.6 6:17.0 7:17.8 8:18.9 9:17.8 10:16.0 11:15.7 12:17.1 13:17.1 14:17.3 15:17.2 16:16.3 17:16.5 18:16.8 19:16.8 20:17.7 21:17.6 22:16.1 23:15.2 24:16.5 25:16.5 26:16.7 27:16.5 28:16.0 29:16.4 30:15.8 31:17.3 32:15.3 33:15.2 34:16.2 35:17.2 36:16.7 37:17.2 38:18.9 39:17.4 | mean 16.8
0823 21:28:59 ds4-server: chat ctx=1817..1867:50 gen=1600 THINKING decoding chunk=14.97 t/s avg=16.38 t/s 97.651s
0823 21:29:02 ds4-server: chat ctx=1867..1917:50 gen=1650 THINKING decoding chunk=15.09 t/s avg=16.34 t/s 100.965s
ds4: qwen35moe experts/token avg over 128 tokens: 0:14.9 1:16.5 2:16.4 3:17.5 4:17.2 5:17.4 6:17.3 7:18.1 8:18.5 9:17.5 10:16.3 11:16.2 12:17.2 13:16.9 14:17.4 15:17.0 16:16.8 17:17.0 18:16.6 19:17.2 20:17.7 21:17.5 22:16.6 23:16.3 24:16.6 25:16.4 26:16.9 27:16.6 28:16.3 29:16.7 30:15.6 31:16.8 32:15.8 33:15.6 34:15.4 35:16.7 36:16.8 37:17.5 38:19.2 39:17.7 | mean 16.9
0823 21:29:06 ds4-server: chat ctx=1917..1967:50 gen=1700 THINKING decoding chunk=15.39 t/s avg=16.31 t/s 104.215s
0823 21:29:09 ds4-server: chat ctx=1967..2017:50 gen=1750 THINKING decoding chunk=15.19 t/s avg=16.28 t/s 107.507s
0823 21:29:12 ds4-server: chat ctx=2017..2067:50 gen=1800 THINKING decoding chunk=15.13 t/s avg=16.24 t/s 110.811s
ds4: qwen35moe experts/token avg over 128 tokens: 0:14.4 1:15.7 2:15.9 3:17.0 4:17.3 5:16.8 6:16.9 7:17.3 8:18.2 9:18.1 10:15.6 11:15.4 12:16.8 13:16.6 14:16.8 15:16.6 16:16.7 17:16.2 18:15.6 19:16.7 20:16.3 21:17.1 22:14.9 23:15.5 24:15.7 25:15.8 26:16.4 27:15.5 28:15.9 29:15.5 30:15.0 31:16.5 32:15.2 33:14.7 34:14.6 35:16.4 36:15.7 37:17.0 38:19.0 39:17.1 | mean 16.3
0823 21:29:16 ds4-server: chat ctx=2067..2117:50 gen=1850 THINKING decoding chunk=14.81 t/s avg=16.20 t/s 114.188s
0823 21:29:19 ds4-server: chat ctx=2117..2167:50 gen=1900 THINKING decoding chunk=14.62 t/s avg=16.16 t/s 117.608s
ds4: qwen35moe experts/token avg over 128 tokens: 0:14.3 1:15.9 2:15.9 3:17.1 4:16.9 5:17.2 6:17.2 7:18.0 8:18.8 9:17.8 10:16.3 11:16.0 12:17.5 13:17.2 14:17.8 15:17.4 16:17.4 17:17.1 18:17.2 19:17.4 20:17.9 21:17.9 22:16.5 23:16.4 24:17.2 25:16.7 26:17.1 27:16.8 28:16.7 29:16.4 30:16.0 31:17.5 32:16.0 33:15.2 34:16.1 35:17.2 36:16.7 37:17.9 38:19.1 39:18.0 | mean 17.0
0823 21:29:22 ds4-server: chat ctx=2167..2217:50 gen=1950 decoding chunk=14.90 t/s avg=16.12 t/s 120.964s
0823 21:29:26 ds4-server: chat ctx=2217..2267:50 gen=2000 decoding chunk=14.39 t/s avg=16.07 t/s 124.439s
0823 21:29:29 ds4-server: chat ctx=2267..2317:50 gen=2050 decoding chunk=14.29 t/s avg=16.02 t/s 127.938s
ds4: qwen35moe experts/token avg over 128 tokens: 0:14.7 1:16.7 2:16.6 3:18.8 4:17.9 5:18.1 6:17.8 7:17.8 8:18.7 9:18.2 10:16.3 11:16.6 12:17.3 13:17.8 14:18.5 15:18.0 16:18.0 17:17.8 18:17.9 19:18.3 20:18.8 21:18.8 22:17.0 23:17.2 24:18.0 25:18.0 26:18.1 27:18.0 28:18.0 29:18.0 30:18.0 31:18.8 32:18.3 33:18.2 34:18.8 35:18.9 36:18.7 37:18.8 38:19.7 39:19.4 | mean 18.0
0823 21:29:33 ds4-server: chat ctx=2317..2367:50 gen=2100 decoding chunk=14.56 t/s avg=15.99 t/s 131.372s
0823 21:29:36 ds4-server: chat ctx=2367..2417:50 gen=2150 decoding chunk=14.43 t/s avg=15.95 t/s 134.838s
0823 21:29:40 ds4-server: chat ctx=2417..2467:50 gen=2200 decoding chunk=14.36 t/s avg=15.91 t/s 138.321s
ds4: qwen35moe experts/token avg over 128 tokens: 0:15.6 1:17.2 2:17.2 3:18.2 4:17.7 5:18.0 6:17.3 7:18.4 8:19.1 9:18.4 10:16.9 11:16.2 12:18.4 13:18.0 14:17.9 15:18.0 16:17.0 17:17.1 18:17.2 19:17.0 20:17.9 21:17.9 22:16.5 23:16.1 24:16.8 25:16.8 26:17.1 27:16.8 28:15.9 29:16.4 30:15.8 31:17.5 32:15.5 33:15.1 34:15.9 35:17.0 36:16.1 37:16.5 38:18.7 39:17.1 | mean 17.1
0823 21:29:41 ds4-server: chat ctx=2467..2478:11 gen=2211 decoding chunk=14.21 t/s avg=15.90 t/s 139.095s
0823 21:29:41 ds4-server: thinking live checkpoint remembered ctx=0..267:267 live=2478 visible=2918
0823 21:29:41 ds4-server: chat ctx=0..267:267 gen=2211 finish=stop 153.712s
0823 21:29:41 ds4-server: live kv cache miss live=2478 prompt=112 common=56 reason=token-mismatch
0823 21:29:41 ds4-server: chat ctx=0..112:112 prompt start
0823 21:29:41 ds4-server: chat ctx=0..112:112 prefill chunk 1/112 (0.9%) chunk=0.00 t/s avg=19.68 t/s 0.051s
0823 21:29:41 ds4-server: chat ctx=0..112:112 prefill chunk 2/112 (1.8%) chunk=19.00 t/s avg=19.33 t/s 0.103s
0823 21:29:41 ds4-server: chat ctx=0..112:112 prefill chunk 3/112 (2.7%) chunk=20.03 t/s avg=19.56 t/s 0.153s
0823 21:29:41 ds4-server: chat ctx=0..112:112 prefill chunk 4/112 (3.6%) chunk=19.15 t/s avg=19.46 t/s 0.206s
0823 21:29:41 ds4-server: chat ctx=0..112:112 prefill chunk 5/112 (4.5%) chunk=19.79 t/s avg=19.52 t/s 0.256s
0823 21:29:41 ds4-server: chat ctx=0..112:112 prefill chunk 6/112 (5.4%) chunk=18.72 t/s avg=19.38 t/s 0.310s
0823 21:29:41 ds4-server: chat ctx=0..112:112 prefill chunk 7/112 (6.2%) chunk=19.60 t/s avg=19.42 t/s 0.361s
0823 21:29:41 ds4-server: chat ctx=0..112:112 prefill chunk 8/112 (7.1%) chunk=18.73 t/s avg=19.33 t/s 0.414s
0823 21:29:41 ds4-server: chat ctx=0..112:112 prefill chunk 9/112 (8.0%) chunk=19.22 t/s avg=19.31 t/s 0.466s
0823 21:29:41 ds4-server: chat ctx=0..112:112 prefill chunk 10/112 (8.9%) chunk=19.85 t/s avg=19.37 t/s 0.516s
0823 21:29:41 ds4-server: chat ctx=0..112:112 prefill chunk 11/112 (9.8%) chunk=18.74 t/s avg=19.31 t/s 0.570s
0823 21:29:41 ds4-server: chat ctx=0..112:112 prefill chunk 12/112 (10.7%) chunk=19.52 t/s avg=19.33 t/s 0.621s
0823 21:29:41 ds4-server: chat ctx=0..112:112 prefill chunk 13/112 (11.6%) chunk=18.49 t/s avg=19.26 t/s 0.675s
0823 21:29:41 ds4-server: chat ctx=0..112:112 prefill chunk 14/112 (12.5%) chunk=19.02 t/s avg=19.24 t/s 0.728s
0823 21:29:41 ds4-server: chat ctx=0..112:112 prefill chunk 15/112 (13.4%) chunk=18.52 t/s avg=19.19 t/s 0.782s
0823 21:29:41 ds4-server: chat ctx=0..112:112 prefill chunk 16/112 (14.3%) chunk=18.55 t/s avg=19.15 t/s 0.836s
0823 21:29:41 ds4-server: chat ctx=0..112:112 prefill chunk 17/112 (15.2%) chunk=19.23 t/s avg=19.15 t/s 0.888s
0823 21:29:41 ds4-server: chat ctx=0..112:112 prefill chunk 18/112 (16.1%) chunk=18.59 t/s avg=19.12 t/s 0.941s
0823 21:29:42 ds4-server: chat ctx=0..112:112 prefill chunk 19/112 (17.0%) chunk=19.00 t/s avg=19.12 t/s 0.994s
0823 21:29:42 ds4-server: chat ctx=0..112:112 prefill chunk 20/112 (17.9%) chunk=18.01 t/s avg=19.06 t/s 1.049s
0823 21:29:42 ds4-server: chat ctx=0..112:112 prefill chunk 21/112 (18.8%) chunk=18.84 t/s avg=19.05 t/s 1.103s
0823 21:29:42 ds4-server: chat ctx=0..112:112 prefill chunk 22/112 (19.6%) chunk=19.76 t/s avg=19.08 t/s 1.153s
0823 21:29:42 ds4-server: chat ctx=0..112:112 prefill chunk 23/112 (20.5%) chunk=19.07 t/s avg=19.08 t/s 1.206s
0823 21:29:42 ds4-server: chat ctx=0..112:112 prefill chunk 24/112 (21.4%) chunk=19.40 t/s avg=19.09 t/s 1.257s
0823 21:29:42 ds4-server: chat ctx=0..112:112 prefill chunk 25/112 (22.3%) chunk=18.87 t/s avg=19.08 t/s 1.310s
0823 21:29:42 ds4-server: chat ctx=0..112:112 prefill chunk 26/112 (23.2%) chunk=19.20 t/s avg=19.09 t/s 1.362s
0823 21:29:42 ds4-server: chat ctx=0..112:112 prefill chunk 27/112 (24.1%) chunk=19.08 t/s avg=19.09 t/s 1.415s
0823 21:29:42 ds4-server: chat ctx=0..112:112 prefill chunk 28/112 (25.0%) chunk=18.82 t/s avg=19.08 t/s 1.468s
0823 21:29:42 ds4-server: chat ctx=0..112:112 prefill chunk 29/112 (25.9%) chunk=19.07 t/s avg=19.08 t/s 1.520s
0823 21:29:42 ds4-server: chat ctx=0..112:112 prefill chunk 30/112 (26.8%) chunk=18.40 t/s avg=19.05 t/s 1.574s
0823 21:29:42 ds4-server: chat ctx=0..112:112 prefill chunk 31/112 (27.7%) chunk=18.88 t/s avg=19.05 t/s 1.627s
0823 21:29:42 ds4-server: chat ctx=0..112:112 prefill chunk 32/112 (28.6%) chunk=18.45 t/s avg=19.03 t/s 1.682s
0823 21:29:42 ds4-server: chat ctx=0..112:112 prefill chunk 33/112 (29.5%) chunk=18.74 t/s avg=19.02 t/s 1.735s
0823 21:29:42 ds4-server: chat ctx=0..112:112 prefill chunk 34/112 (30.4%) chunk=18.95 t/s avg=19.02 t/s 1.788s
0823 21:29:42 ds4-server: chat ctx=0..112:112 prefill chunk 35/112 (31.2%) chunk=18.09 t/s avg=18.99 t/s 1.843s
0823 21:29:42 ds4-server: chat ctx=0..112:112 prefill chunk 36/112 (32.1%) chunk=18.71 t/s avg=18.98 t/s 1.896s
0823 21:29:42 ds4-server: chat ctx=0..112:112 prefill chunk 37/112 (33.0%) chunk=17.80 t/s avg=18.95 t/s 1.953s
0823 21:29:43 ds4-server: chat ctx=0..112:112 prefill chunk 38/112 (33.9%) chunk=17.54 t/s avg=18.91 t/s 2.010s
0823 21:29:43 ds4-server: chat ctx=0..112:112 prefill chunk 39/112 (34.8%) chunk=18.39 t/s avg=18.90 t/s 2.064s
0823 21:29:43 ds4-server: chat ctx=0..112:112 prefill chunk 40/112 (35.7%) chunk=18.48 t/s avg=18.88 t/s 2.118s
0823 21:29:43 ds4-server: chat ctx=0..112:112 prefill chunk 41/112 (36.6%) chunk=17.90 t/s avg=18.86 t/s 2.174s
0823 21:29:43 ds4-server: chat ctx=0..112:112 prefill chunk 42/112 (37.5%) chunk=18.95 t/s avg=18.86 t/s 2.227s
0823 21:29:43 ds4-server: chat ctx=0..112:112 prefill chunk 43/112 (38.4%) chunk=18.76 t/s avg=18.86 t/s 2.280s
0823 21:29:43 ds4-server: chat ctx=0..112:112 prefill chunk 44/112 (39.3%) chunk=18.61 t/s avg=18.85 t/s 2.334s
0823 21:29:43 ds4-server: chat ctx=0..112:112 prefill chunk 45/112 (40.2%) chunk=18.95 t/s avg=18.86 t/s 2.387s
0823 21:29:43 ds4-server: chat ctx=0..112:112 prefill chunk 46/112 (41.1%) chunk=18.02 t/s avg=18.84 t/s 2.442s
0823 21:29:43 ds4-server: chat ctx=0..112:112 prefill chunk 47/112 (42.0%) chunk=18.37 t/s avg=18.83 t/s 2.497s
0823 21:29:43 ds4-server: chat ctx=0..112:112 prefill chunk 48/112 (42.9%) chunk=18.96 t/s avg=18.83 t/s 2.549s
0823 21:29:43 ds4-server: chat ctx=0..112:112 prefill chunk 49/112 (43.8%) chunk=18.90 t/s avg=18.83 t/s 2.602s
0823 21:29:43 ds4-server: chat ctx=0..112:112 prefill chunk 50/112 (44.6%) chunk=19.19 t/s avg=18.84 t/s 2.654s
0823 21:29:43 ds4-server: chat ctx=0..112:112 prefill chunk 51/112 (45.5%) chunk=18.62 t/s avg=18.83 t/s 2.708s
0823 21:29:43 ds4-server: chat ctx=0..112:112 prefill chunk 52/112 (46.4%) chunk=18.75 t/s avg=18.83 t/s 2.761s
0823 21:29:43 ds4-server: chat ctx=0..112:112 prefill chunk 53/112 (47.3%) chunk=18.80 t/s avg=18.83 t/s 2.814s
0823 21:29:43 ds4-server: chat ctx=0..112:112 prefill chunk 54/112 (48.2%) chunk=19.11 t/s avg=18.84 t/s 2.867s
0823 21:29:43 ds4-server: chat ctx=0..112:112 prefill chunk 55/112 (49.1%) chunk=19.98 t/s avg=18.86 t/s 2.917s
0823 21:29:44 ds4-server: chat ctx=0..112:112 prefill chunk 56/112 (50.0%) chunk=19.98 t/s avg=18.87 t/s 2.967s
0823 21:29:44 ds4-server: chat ctx=0..112:112 prefill chunk 57/112 (50.9%) chunk=19.30 t/s avg=18.88 t/s 3.019s
0823 21:29:44 ds4-server: chat ctx=0..112:112 prefill chunk 58/112 (51.8%) chunk=18.24 t/s avg=18.87 t/s 3.074s
0823 21:29:44 ds4-server: chat ctx=0..112:112 prefill chunk 59/112 (52.7%) chunk=19.06 t/s avg=18.87 t/s 3.126s
0823 21:29:44 ds4-server: chat ctx=0..112:112 prefill chunk 60/112 (53.6%) chunk=18.62 t/s avg=18.87 t/s 3.180s
0823 21:29:44 ds4-server: chat ctx=0..112:112 prefill chunk 61/112 (54.5%) chunk=18.80 t/s avg=18.87 t/s 3.233s
0823 21:29:44 ds4-server: chat ctx=0..112:112 prefill chunk 62/112 (55.4%) chunk=19.17 t/s avg=18.87 t/s 3.285s
0823 21:29:44 ds4-server: chat ctx=0..112:112 prefill chunk 63/112 (56.2%) chunk=18.99 t/s avg=18.88 t/s 3.338s
0823 21:29:44 ds4-server: chat ctx=0..112:112 prefill chunk 64/112 (57.1%) chunk=19.43 t/s avg=18.88 t/s 3.389s
0823 21:29:44 ds4-server: chat ctx=0..112:112 prefill chunk 65/112 (58.0%) chunk=18.77 t/s avg=18.88 t/s 3.442s
0823 21:29:44 ds4-server: chat ctx=0..112:112 prefill chunk 66/112 (58.9%) chunk=19.05 t/s avg=18.88 t/s 3.495s
0823 21:29:44 ds4-server: chat ctx=0..112:112 prefill chunk 67/112 (59.8%) chunk=18.50 t/s avg=18.88 t/s 3.549s
0823 21:29:44 ds4-server: chat ctx=0..112:112 prefill chunk 68/112 (60.7%) chunk=18.23 t/s avg=18.87 t/s 3.604s
0823 21:29:44 ds4-server: chat ctx=0..112:112 prefill chunk 69/112 (61.6%) chunk=19.04 t/s avg=18.87 t/s 3.656s
0823 21:29:44 ds4-server: chat ctx=0..112:112 prefill chunk 70/112 (62.5%) chunk=18.21 t/s avg=18.86 t/s 3.711s
0823 21:29:44 ds4-server: chat ctx=0..112:112 prefill chunk 71/112 (63.4%) chunk=18.96 t/s avg=18.86 t/s 3.764s
0823 21:29:44 ds4-server: chat ctx=0..112:112 prefill chunk 72/112 (64.3%) chunk=18.54 t/s avg=18.86 t/s 3.818s
0823 21:29:44 ds4-server: chat ctx=0..112:112 prefill chunk 73/112 (65.2%) chunk=18.03 t/s avg=18.85 t/s 3.873s
0823 21:29:44 ds4-server: chat ctx=0..112:112 prefill chunk 74/112 (66.1%) chunk=18.91 t/s avg=18.85 t/s 3.926s
0823 21:29:45 ds4-server: chat ctx=0..112:112 prefill chunk 75/112 (67.0%) chunk=17.61 t/s avg=18.83 t/s 3.983s
0823 21:29:45 ds4-server: chat ctx=0..112:112 prefill chunk 76/112 (67.9%) chunk=18.11 t/s avg=18.82 t/s 4.038s
0823 21:29:45 ds4-server: chat ctx=0..112:112 prefill chunk 77/112 (68.8%) chunk=18.93 t/s avg=18.82 t/s 4.091s
0823 21:29:45 ds4-server: chat ctx=0..112:112 prefill chunk 78/112 (69.6%) chunk=18.44 t/s avg=18.82 t/s 4.145s
0823 21:29:45 ds4-server: chat ctx=0..112:112 prefill chunk 79/112 (70.5%) chunk=18.50 t/s avg=18.81 t/s 4.199s
0823 21:29:45 ds4-server: chat ctx=0..112:112 prefill chunk 80/112 (71.4%) chunk=18.97 t/s avg=18.81 t/s 4.252s
0823 21:29:45 ds4-server: chat ctx=0..112:112 prefill chunk 81/112 (72.3%) chunk=17.47 t/s avg=18.80 t/s 4.309s
0823 21:29:45 ds4-server: chat ctx=0..112:112 prefill chunk 82/112 (73.2%) chunk=18.55 t/s avg=18.79 t/s 4.363s
0823 21:29:45 ds4-server: chat ctx=0..112:112 prefill chunk 83/112 (74.1%) chunk=17.77 t/s avg=18.78 t/s 4.420s
0823 21:29:45 ds4-server: chat ctx=0..112:112 prefill chunk 84/112 (75.0%) chunk=18.12 t/s avg=18.77 t/s 4.475s
0823 21:29:45 ds4-server: chat ctx=0..112:112 prefill chunk 85/112 (75.9%) chunk=19.46 t/s avg=18.78 t/s 4.526s
0823 21:29:45 ds4-server: chat ctx=0..112:112 prefill chunk 86/112 (76.8%) chunk=18.91 t/s avg=18.78 t/s 4.579s
0823 21:29:45 ds4-server: chat ctx=0..112:112 prefill chunk 87/112 (77.7%) chunk=19.12 t/s avg=18.79 t/s 4.631s
0823 21:29:45 ds4-server: chat ctx=0..112:112 prefill chunk 88/112 (78.6%) chunk=18.64 t/s avg=18.78 t/s 4.685s
0823 21:29:45 ds4-server: chat ctx=0..112:112 prefill chunk 89/112 (79.5%) chunk=18.27 t/s avg=18.78 t/s 4.740s
0823 21:29:45 ds4-server: chat ctx=0..112:112 prefill chunk 90/112 (80.4%) chunk=18.81 t/s avg=18.78 t/s 4.793s
0823 21:29:45 ds4-server: chat ctx=0..112:112 prefill chunk 91/112 (81.2%) chunk=18.31 t/s avg=18.77 t/s 4.847s
0823 21:29:45 ds4-server: chat ctx=0..112:112 prefill chunk 92/112 (82.1%) chunk=18.12 t/s avg=18.77 t/s 4.903s
0823 21:29:45 ds4-server: chat ctx=0..112:112 prefill chunk 93/112 (83.0%) chunk=18.77 t/s avg=18.77 t/s 4.956s
0823 21:29:46 ds4-server: chat ctx=0..112:112 prefill chunk 94/112 (83.9%) chunk=17.94 t/s avg=18.76 t/s 5.012s
0823 21:29:46 ds4-server: chat ctx=0..112:112 prefill chunk 95/112 (84.8%) chunk=17.85 t/s avg=18.75 t/s 5.068s
0823 21:29:46 ds4-server: chat ctx=0..112:112 prefill chunk 96/112 (85.7%) chunk=18.59 t/s avg=18.74 t/s 5.121s
0823 21:29:46 ds4-server: chat ctx=0..112:112 prefill chunk 97/112 (86.6%) chunk=17.99 t/s avg=18.74 t/s 5.177s
0823 21:29:46 ds4-server: chat ctx=0..112:112 prefill chunk 98/112 (87.5%) chunk=18.03 t/s avg=18.73 t/s 5.232s
0823 21:29:46 ds4-server: chat ctx=0..112:112 prefill chunk 99/112 (88.4%) chunk=18.74 t/s avg=18.73 t/s 5.286s
0823 21:29:46 ds4-server: chat ctx=0..112:112 prefill chunk 100/112 (89.3%) chunk=17.78 t/s avg=18.72 t/s 5.342s
0823 21:29:46 ds4-server: chat ctx=0..112:112 prefill chunk 101/112 (90.2%) chunk=18.35 t/s avg=18.72 t/s 5.397s
0823 21:29:46 ds4-server: chat ctx=0..112:112 prefill chunk 102/112 (91.1%) chunk=17.65 t/s avg=18.70 t/s 5.453s
0823 21:29:46 ds4-server: chat ctx=0..112:112 prefill chunk 103/112 (92.0%) chunk=18.41 t/s avg=18.70 t/s 5.508s
0823 21:29:46 ds4-server: chat ctx=0..112:112 prefill chunk 104/112 (92.9%) chunk=19.22 t/s avg=18.71 t/s 5.560s
0823 21:29:46 ds4-server: chat ctx=0..112:112 prefill chunk 105/112 (93.8%) chunk=18.06 t/s avg=18.70 t/s 5.615s
0823 21:29:46 ds4-server: chat ctx=0..112:112 prefill chunk 106/112 (94.6%) chunk=18.51 t/s avg=18.70 t/s 5.669s
0823 21:29:46 ds4-server: chat ctx=0..112:112 prefill chunk 107/112 (95.5%) chunk=18.75 t/s avg=18.70 t/s 5.722s
0823 21:29:46 ds4-server: chat ctx=0..112:112 prefill chunk 108/112 (96.4%) chunk=18.04 t/s avg=18.69 t/s 5.778s
0823 21:29:46 ds4-server: chat ctx=0..112:112 prefill chunk 109/112 (97.3%) chunk=19.24 t/s avg=18.70 t/s 5.830s
0823 21:29:46 ds4-server: chat ctx=0..112:112 prefill chunk 110/112 (98.2%) chunk=18.43 t/s avg=18.69 t/s 5.884s
0823 21:29:46 ds4-server: chat ctx=0..112:112 prefill chunk 111/112 (99.1%) chunk=19.07 t/s avg=18.70 t/s 5.936s
0823 21:29:47 ds4-server: chat ctx=0..112:112 prefill chunk 112/112 (100.0%) chunk=20.15 t/s avg=18.71 t/s 5.986s
0823 21:29:47 ds4-server: chat ctx=0..112:112 prompt done 5.986s
ds4: qwen35moe experts/token avg over 128 tokens: 0:14.5 1:14.5 2:14.1 3:15.8 4:14.9 5:15.2 6:14.8 7:15.8 8:16.1 9:15.8 10:13.9 11:14.1 12:15.1 13:14.9 14:14.9 15:15.4 16:14.8 17:14.7 18:14.7 19:14.3 20:15.3 21:15.2 22:14.4 23:14.5 24:14.8 25:14.7 26:14.7 27:15.6 28:15.0 29:15.3 30:15.2 31:15.8 32:15.4 33:16.2 34:16.3 35:17.9 36:18.0 37:18.7 38:19.1 39:18.7 | mean 15.5
0823 21:29:49 ds4-server: chat ctx=112..162:50 gen=50 THINKING decoding chunk=18.39 t/s avg=18.39 t/s 2.719s
0823 21:29:52 ds4-server: chat ctx=162..212:50 gen=100 THINKING decoding chunk=17.99 t/s avg=18.19 t/s 5.498s
ds4: qwen35moe experts/token avg over 128 tokens: 0:15.3 1:15.7 2:14.7 3:17.1 4:15.7 5:16.9 6:16.3 7:17.3 8:16.7 9:17.1 10:15.5 11:14.7 12:15.6 13:15.9 14:15.8 15:16.7 16:16.2 17:16.2 18:15.7 19:15.5 20:16.1 21:16.8 22:15.2 23:15.4 24:15.6 25:16.0 26:16.4 27:16.9 28:16.5 29:16.9 30:17.1 31:17.4 32:16.2 33:16.7 34:16.3 35:18.2 36:18.5 37:18.8 38:19.5 39:18.5 | mean 16.5
0823 21:29:55 ds4-server: chat ctx=212..262:50 gen=150 THINKING decoding chunk=17.76 t/s avg=18.04 t/s 8.314s
0823 21:29:58 ds4-server: chat ctx=262..312:50 gen=200 THINKING decoding chunk=17.82 t/s avg=17.99 t/s 11.120s
0823 21:30:01 ds4-server: chat ctx=312..362:50 gen=250 THINKING decoding chunk=17.52 t/s avg=17.89 t/s 13.973s
ds4: qwen35moe experts/token avg over 128 tokens: 0:14.7 1:15.5 2:15.5 3:16.9 4:16.2 5:16.8 6:16.3 7:17.6 8:17.4 9:17.5 10:15.5 11:15.0 12:16.4 13:16.3 14:16.5 15:16.9 16:16.4 17:16.6 18:16.5 19:16.2 20:16.4 21:17.0 22:15.1 23:15.5 24:15.9 25:16.0 26:16.5 27:16.1 28:16.1 29:16.2 30:16.1 31:17.3 32:15.9 33:15.8 34:15.6 35:17.2 36:17.4 37:18.6 38:19.0 39:17.7 | mean 16.4
0823 21:30:03 ds4-server: chat ctx=362..412:50 gen=300 THINKING decoding chunk=17.44 t/s avg=17.81 t/s 16.840s
0823 21:30:06 ds4-server: chat ctx=412..462:50 gen=350 THINKING decoding chunk=17.47 t/s avg=17.76 t/s 19.702s
ds4: qwen35moe experts/token avg over 128 tokens: 0:15.0 1:16.1 2:15.2 3:17.2 4:16.7 5:16.9 6:16.7 7:17.8 8:17.8 9:17.1 10:15.6 11:15.4 12:16.3 13:15.9 14:16.6 15:16.7 16:16.2 17:16.9 18:16.3 19:16.2 20:16.9 21:17.0 22:16.0 23:15.9 24:16.5 25:15.8 26:16.6 27:16.1 28:16.7 29:16.6 30:16.5 31:17.5 32:16.1 33:16.4 34:16.6 35:17.9 36:18.0 37:18.4 38:19.2 39:17.9 | mean 16.7
0823 21:30:09 ds4-server: chat ctx=462..512:50 gen=400 THINKING decoding chunk=17.51 t/s avg=17.73 t/s 22.557s
0823 21:30:12 ds4-server: chat ctx=512..562:50 gen=450 THINKING decoding chunk=17.02 t/s avg=17.65 t/s 25.496s
0823 21:30:15 ds4-server: chat ctx=562..612:50 gen=500 THINKING decoding chunk=17.51 t/s avg=17.64 t/s 28.352s
ds4: qwen35moe experts/token avg over 128 tokens: 0:15.0 1:16.2 2:15.0 3:17.3 4:16.5 5:16.6 6:16.4 7:17.5 8:17.5 9:17.5 10:15.7 11:15.2 12:16.8 13:16.9 14:16.8 15:17.1 16:16.8 17:16.9 18:16.8 19:16.6 20:17.0 21:17.4 22:15.8 23:15.4 24:16.5 25:16.2 26:16.5 27:16.6 28:16.7 29:16.5 30:16.0 31:16.6 32:15.7 33:15.3 34:15.5 35:17.1 36:16.7 37:18.0 38:18.9 39:17.4 | mean 16.6
0823 21:30:18 ds4-server: chat ctx=612..662:50 gen=550 THINKING decoding chunk=17.30 t/s avg=17.60 t/s 31.242s
0823 21:30:21 ds4-server: chat ctx=662..712:50 gen=600 decoding chunk=17.18 t/s avg=17.57 t/s 34.152s
ds4: qwen35moe experts/token avg over 128 tokens: 0:14.4 1:15.8 2:15.3 3:17.3 4:16.5 5:16.3 6:16.3 7:17.3 8:17.5 9:17.2 10:15.4 11:15.1 12:16.9 13:16.5 14:17.1 15:16.8 16:16.9 17:17.4 18:16.6 19:16.3 20:16.7 21:17.3 22:15.6 23:15.8 24:16.1 25:16.5 26:16.5 27:16.3 28:16.2 29:16.7 30:15.7 31:17.0 32:15.8 33:15.2 34:15.3 35:17.3 36:17.8 37:18.6 38:19.0 39:17.9 | mean 16.6
0823 21:30:24 ds4-server: chat ctx=712..762:50 gen=650 decoding chunk=16.67 t/s avg=17.50 t/s 37.152s
0823 21:30:27 ds4-server: chat ctx=762..812:50 gen=700 decoding chunk=16.54 t/s avg=17.42 t/s 40.175s
0823 21:30:30 ds4-server: chat ctx=812..862:50 gen=750 decoding chunk=16.39 t/s avg=17.35 t/s 43.224s
ds4: qwen35moe experts/token avg over 128 tokens: 0:14.9 1:16.5 2:16.7 3:17.7 4:17.4 5:18.4 6:17.2 7:18.6 8:18.7 9:18.5 10:16.9 11:16.4 12:17.7 13:17.8 14:18.5 15:18.3 16:18.0 17:18.1 18:18.0 19:17.5 20:17.6 21:18.6 22:16.8 23:16.9 24:17.6 25:17.4 26:18.4 27:17.8 28:17.0 29:17.6 30:17.3 31:18.2 32:16.7 33:16.8 34:17.2 35:17.8 36:18.5 37:19.3 38:19.5 39:19.0 | mean 17.7
0823 21:30:33 ds4-server: chat ctx=862..912:50 gen=800 decoding chunk=16.30 t/s avg=17.28 t/s 46.292s
0823 21:30:33 ds4-server: chat ctx=912..915:3 gen=803 decoding chunk=16.32 t/s avg=17.28 t/s 46.476s
0823 21:30:33 ds4-server: thinking live checkpoint remembered ctx=0..112:112 live=915 visible=1301
0823 21:30:33 ds4-server: chat ctx=0..112:112 gen=803 finish=stop 52.462s
0823 21:30:33 ds4-server: live kv cache miss live=915 prompt=177 common=56 reason=token-mismatch
0823 21:30:33 ds4-server: chat ctx=0..177:177 prompt start
0823 21:30:33 ds4-server: chat ctx=0..177:177 prefill chunk 1/177 (0.6%) chunk=0.00 t/s avg=19.05 t/s 0.052s
0823 21:30:33 ds4-server: chat ctx=0..177:177 prefill chunk 2/177 (1.1%) chunk=19.20 t/s avg=19.13 t/s 0.105s
0823 21:30:33 ds4-server: chat ctx=0..177:177 prefill chunk 3/177 (1.7%) chunk=19.84 t/s avg=19.36 t/s 0.155s
0823 21:30:33 ds4-server: chat ctx=0..177:177 prefill chunk 4/177 (2.3%) chunk=18.99 t/s avg=19.27 t/s 0.208s
0823 21:30:33 ds4-server: chat ctx=0..177:177 prefill chunk 5/177 (2.8%) chunk=19.37 t/s avg=19.29 t/s 0.259s
0823 21:30:33 ds4-server: chat ctx=0..177:177 prefill chunk 6/177 (3.4%) chunk=18.97 t/s avg=19.23 t/s 0.312s
0823 21:30:33 ds4-server: chat ctx=0..177:177 prefill chunk 7/177 (4.0%) chunk=19.77 t/s avg=19.31 t/s 0.363s
0823 21:30:33 ds4-server: chat ctx=0..177:177 prefill chunk 8/177 (4.5%) chunk=18.69 t/s avg=19.23 t/s 0.416s
0823 21:30:33 ds4-server: chat ctx=0..177:177 prefill chunk 9/177 (5.1%) chunk=19.84 t/s avg=19.29 t/s 0.466s
0823 21:30:34 ds4-server: chat ctx=0..177:177 prefill chunk 10/177 (5.6%) chunk=19.23 t/s avg=19.29 t/s 0.518s
0823 21:30:34 ds4-server: chat ctx=0..177:177 prefill chunk 11/177 (6.2%) chunk=18.89 t/s avg=19.25 t/s 0.571s
0823 21:30:34 ds4-server: chat ctx=0..177:177 prefill chunk 12/177 (6.8%) chunk=19.23 t/s avg=19.25 t/s 0.623s
0823 21:30:34 ds4-server: chat ctx=0..177:177 prefill chunk 13/177 (7.3%) chunk=18.30 t/s avg=19.17 t/s 0.678s
0823 21:30:34 ds4-server: chat ctx=0..177:177 prefill chunk 14/177 (7.9%) chunk=19.08 t/s avg=19.17 t/s 0.730s
0823 21:30:34 ds4-server: chat ctx=0..177:177 prefill chunk 15/177 (8.5%) chunk=18.44 t/s avg=19.12 t/s 0.785s
0823 21:30:34 ds4-server: chat ctx=0..177:177 prefill chunk 16/177 (9.0%) chunk=18.52 t/s avg=19.08 t/s 0.839s
0823 21:30:34 ds4-server: chat ctx=0..177:177 prefill chunk 17/177 (9.6%) chunk=18.96 t/s avg=19.07 t/s 0.891s
0823 21:30:34 ds4-server: chat ctx=0..177:177 prefill chunk 18/177 (10.2%) chunk=18.96 t/s avg=19.06 t/s 0.944s
0823 21:30:34 ds4-server: chat ctx=0..177:177 prefill chunk 19/177 (10.7%) chunk=18.68 t/s avg=19.04 t/s 0.998s
0823 21:30:34 ds4-server: chat ctx=0..177:177 prefill chunk 20/177 (11.3%) chunk=17.97 t/s avg=18.99 t/s 1.053s
0823 21:30:34 ds4-server: chat ctx=0..177:177 prefill chunk 21/177 (11.9%) chunk=18.52 t/s avg=18.96 t/s 1.107s
0823 21:30:34 ds4-server: chat ctx=0..177:177 prefill chunk 22/177 (12.4%) chunk=19.32 t/s avg=18.98 t/s 1.159s
0823 21:30:34 ds4-server: chat ctx=0..177:177 prefill chunk 23/177 (13.0%) chunk=19.12 t/s avg=18.99 t/s 1.211s
0823 21:30:34 ds4-server: chat ctx=0..177:177 prefill chunk 24/177 (13.6%) chunk=19.59 t/s avg=19.01 t/s 1.262s
0823 21:30:34 ds4-server: chat ctx=0..177:177 prefill chunk 25/177 (14.1%) chunk=18.92 t/s avg=19.01 t/s 1.315s
0823 21:30:34 ds4-server: chat ctx=0..177:177 prefill chunk 26/177 (14.7%) chunk=19.33 t/s avg=19.02 t/s 1.367s
0823 21:30:34 ds4-server: chat ctx=0..177:177 prefill chunk 27/177 (15.3%) chunk=18.80 t/s avg=19.01 t/s 1.420s
0823 21:30:34 ds4-server: chat ctx=0..177:177 prefill chunk 28/177 (15.8%) chunk=18.74 t/s avg=19.00 t/s 1.474s
0823 21:30:35 ds4-server: chat ctx=0..177:177 prefill chunk 29/177 (16.4%) chunk=18.61 t/s avg=18.99 t/s 1.527s
0823 21:30:35 ds4-server: chat ctx=0..177:177 prefill chunk 30/177 (16.9%) chunk=18.66 t/s avg=18.98 t/s 1.581s
0823 21:30:35 ds4-server: chat ctx=0..177:177 prefill chunk 31/177 (17.5%) chunk=19.00 t/s avg=18.98 t/s 1.633s
0823 21:30:35 ds4-server: chat ctx=0..177:177 prefill chunk 32/177 (18.1%) chunk=18.45 t/s avg=18.96 t/s 1.688s
0823 21:30:35 ds4-server: chat ctx=0..177:177 prefill chunk 33/177 (18.6%) chunk=18.74 t/s avg=18.95 t/s 1.741s
0823 21:30:35 ds4-server: chat ctx=0..177:177 prefill chunk 34/177 (19.2%) chunk=18.64 t/s avg=18.94 t/s 1.795s
0823 21:30:35 ds4-server: chat ctx=0..177:177 prefill chunk 35/177 (19.8%) chunk=17.99 t/s avg=18.92 t/s 1.850s
0823 21:30:35 ds4-server: chat ctx=0..177:177 prefill chunk 36/177 (20.3%) chunk=18.19 t/s avg=18.90 t/s 1.905s
0823 21:30:35 ds4-server: chat ctx=0..177:177 prefill chunk 37/177 (20.9%) chunk=17.99 t/s avg=18.87 t/s 1.961s
0823 21:30:35 ds4-server: chat ctx=0..177:177 prefill chunk 38/177 (21.5%) chunk=17.77 t/s avg=18.84 t/s 2.017s
0823 21:30:35 ds4-server: chat ctx=0..177:177 prefill chunk 39/177 (22.0%) chunk=18.30 t/s avg=18.82 t/s 2.072s
0823 21:30:35 ds4-server: chat ctx=0..177:177 prefill chunk 40/177 (22.6%) chunk=18.60 t/s avg=18.82 t/s 2.126s
0823 21:30:35 ds4-server: chat ctx=0..177:177 prefill chunk 41/177 (23.2%) chunk=18.28 t/s avg=18.81 t/s 2.180s
0823 21:30:35 ds4-server: chat ctx=0..177:177 prefill chunk 42/177 (23.7%) chunk=18.83 t/s avg=18.81 t/s 2.233s
0823 21:30:35 ds4-server: chat ctx=0..177:177 prefill chunk 43/177 (24.3%) chunk=19.04 t/s avg=18.81 t/s 2.286s
0823 21:30:35 ds4-server: chat ctx=0..177:177 prefill chunk 44/177 (24.9%) chunk=18.41 t/s avg=18.80 t/s 2.340s
0823 21:30:35 ds4-server: chat ctx=0..177:177 prefill chunk 45/177 (25.4%) chunk=18.69 t/s avg=18.80 t/s 2.394s
0823 21:30:35 ds4-server: chat ctx=0..177:177 prefill chunk 46/177 (26.0%) chunk=18.17 t/s avg=18.79 t/s 2.449s
0823 21:30:36 ds4-server: chat ctx=0..177:177 prefill chunk 47/177 (26.6%) chunk=18.32 t/s avg=18.78 t/s 2.503s
0823 21:30:36 ds4-server: chat ctx=0..177:177 prefill chunk 48/177 (27.1%) chunk=18.98 t/s avg=18.78 t/s 2.556s
0823 21:30:36 ds4-server: chat ctx=0..177:177 prefill chunk 49/177 (27.7%) chunk=18.60 t/s avg=18.78 t/s 2.610s
0823 21:30:36 ds4-server: chat ctx=0..177:177 prefill chunk 50/177 (28.2%) chunk=19.09 t/s avg=18.78 t/s 2.662s
0823 21:30:36 ds4-server: chat ctx=0..177:177 prefill chunk 51/177 (28.8%) chunk=18.65 t/s avg=18.78 t/s 2.716s
0823 21:30:36 ds4-server: chat ctx=0..177:177 prefill chunk 52/177 (29.4%) chunk=18.50 t/s avg=18.77 t/s 2.770s
0823 21:30:36 ds4-server: chat ctx=0..177:177 prefill chunk 53/177 (29.9%) chunk=19.35 t/s avg=18.78 t/s 2.821s
0823 21:30:36 ds4-server: chat ctx=0..177:177 prefill chunk 54/177 (30.5%) chunk=19.06 t/s avg=18.79 t/s 2.874s
0823 21:30:36 ds4-server: chat ctx=0..177:177 prefill chunk 55/177 (31.1%) chunk=19.98 t/s avg=18.81 t/s 2.924s
0823 21:30:36 ds4-server: chat ctx=0..177:177 prefill chunk 56/177 (31.6%) chunk=19.95 t/s avg=18.83 t/s 2.974s
0823 21:30:36 ds4-server: chat ctx=0..177:177 prefill chunk 57/177 (32.2%) chunk=19.10 t/s avg=18.83 t/s 3.026s
0823 21:30:36 ds4-server: chat ctx=0..177:177 prefill chunk 58/177 (32.8%) chunk=18.33 t/s avg=18.82 t/s 3.081s
0823 21:30:36 ds4-server: chat ctx=0..177:177 prefill chunk 59/177 (33.3%) chunk=19.19 t/s avg=18.83 t/s 3.133s
0823 21:30:36 ds4-server: chat ctx=0..177:177 prefill chunk 60/177 (33.9%) chunk=18.74 t/s avg=18.83 t/s 3.187s
0823 21:30:36 ds4-server: chat ctx=0..177:177 prefill chunk 61/177 (34.5%) chunk=18.20 t/s avg=18.82 t/s 3.241s
0823 21:30:36 ds4-server: chat ctx=0..177:177 prefill chunk 62/177 (35.0%) chunk=18.87 t/s avg=18.82 t/s 3.294s
0823 21:30:36 ds4-server: chat ctx=0..177:177 prefill chunk 63/177 (35.6%) chunk=18.39 t/s avg=18.81 t/s 3.349s
0823 21:30:36 ds4-server: chat ctx=0..177:177 prefill chunk 64/177 (36.2%) chunk=19.49 t/s avg=18.82 t/s 3.400s
0823 21:30:36 ds4-server: chat ctx=0..177:177 prefill chunk 65/177 (36.7%) chunk=18.35 t/s avg=18.82 t/s 3.455s
0823 21:30:37 ds4-server: chat ctx=0..177:177 prefill chunk 66/177 (37.3%) chunk=18.33 t/s avg=18.81 t/s 3.509s
0823 21:30:37 ds4-server: chat ctx=0..177:177 prefill chunk 67/177 (37.9%) chunk=19.51 t/s avg=18.82 t/s 3.560s
0823 21:30:37 ds4-server: chat ctx=0..177:177 prefill chunk 68/177 (38.4%) chunk=18.69 t/s avg=18.82 t/s 3.614s
0823 21:30:37 ds4-server: chat ctx=0..177:177 prefill chunk 69/177 (39.0%) chunk=19.12 t/s avg=18.82 t/s 3.666s
0823 21:30:37 ds4-server: chat ctx=0..177:177 prefill chunk 70/177 (39.5%) chunk=18.40 t/s avg=18.81 t/s 3.721s
0823 21:30:37 ds4-server: chat ctx=0..177:177 prefill chunk 71/177 (40.1%) chunk=18.61 t/s avg=18.81 t/s 3.774s
0823 21:30:37 ds4-server: chat ctx=0..177:177 prefill chunk 72/177 (40.7%) chunk=18.92 t/s avg=18.81 t/s 3.827s
0823 21:30:37 ds4-server: chat ctx=0..177:177 prefill chunk 73/177 (41.2%) chunk=18.96 t/s avg=18.81 t/s 3.880s
0823 21:30:37 ds4-server: chat ctx=0..177:177 prefill chunk 74/177 (41.8%) chunk=19.20 t/s avg=18.82 t/s 3.932s
0823 21:30:37 ds4-server: chat ctx=0..177:177 prefill chunk 75/177 (42.4%) chunk=18.61 t/s avg=18.82 t/s 3.986s
0823 21:30:37 ds4-server: chat ctx=0..177:177 prefill chunk 76/177 (42.9%) chunk=18.51 t/s avg=18.81 t/s 4.040s
0823 21:30:37 ds4-server: chat ctx=0..177:177 prefill chunk 77/177 (43.5%) chunk=19.18 t/s avg=18.82 t/s 4.092s
0823 21:30:37 ds4-server: chat ctx=0..177:177 prefill chunk 78/177 (44.1%) chunk=18.41 t/s avg=18.81 t/s 4.146s
0823 21:30:37 ds4-server: chat ctx=0..177:177 prefill chunk 79/177 (44.6%) chunk=19.49 t/s avg=18.82 t/s 4.198s
0823 21:30:37 ds4-server: chat ctx=0..177:177 prefill chunk 80/177 (45.2%) chunk=18.58 t/s avg=18.82 t/s 4.251s
0823 21:30:37 ds4-server: chat ctx=0..177:177 prefill chunk 81/177 (45.8%) chunk=17.98 t/s avg=18.81 t/s 4.307s
0823 21:30:37 ds4-server: chat ctx=0..177:177 prefill chunk 82/177 (46.3%) chunk=18.19 t/s avg=18.80 t/s 4.362s
0823 21:30:37 ds4-server: chat ctx=0..177:177 prefill chunk 83/177 (46.9%) chunk=17.96 t/s avg=18.79 t/s 4.418s
0823 21:30:37 ds4-server: chat ctx=0..177:177 prefill chunk 84/177 (47.5%) chunk=18.61 t/s avg=18.79 t/s 4.471s
0823 21:30:38 ds4-server: chat ctx=0..177:177 prefill chunk 85/177 (48.0%) chunk=18.79 t/s avg=18.79 t/s 4.525s
0823 21:30:38 ds4-server: chat ctx=0..177:177 prefill chunk 86/177 (48.6%) chunk=18.25 t/s avg=18.78 t/s 4.579s
0823 21:30:38 ds4-server: chat ctx=0..177:177 prefill chunk 87/177 (49.2%) chunk=18.54 t/s avg=18.78 t/s 4.633s
0823 21:30:38 ds4-server: chat ctx=0..177:177 prefill chunk 88/177 (49.7%) chunk=17.70 t/s avg=18.76 t/s 4.690s
0823 21:30:38 ds4-server: chat ctx=0..177:177 prefill chunk 89/177 (50.3%) chunk=17.48 t/s avg=18.75 t/s 4.747s
0823 21:30:38 ds4-server: chat ctx=0..177:177 prefill chunk 90/177 (50.8%) chunk=18.30 t/s avg=18.74 t/s 4.802s
0823 21:30:38 ds4-server: chat ctx=0..177:177 prefill chunk 91/177 (51.4%) chunk=18.67 t/s avg=18.74 t/s 4.855s
0823 21:30:38 ds4-server: chat ctx=0..177:177 prefill chunk 92/177 (52.0%) chunk=18.62 t/s avg=18.74 t/s 4.909s
0823 21:30:38 ds4-server: chat ctx=0..177:177 prefill chunk 93/177 (52.5%) chunk=18.75 t/s avg=18.74 t/s 4.962s
0823 21:30:38 ds4-server: chat ctx=0..177:177 prefill chunk 94/177 (53.1%) chunk=18.32 t/s avg=18.74 t/s 5.017s
0823 21:30:38 ds4-server: chat ctx=0..177:177 prefill chunk 95/177 (53.7%) chunk=18.05 t/s avg=18.73 t/s 5.072s
0823 21:30:38 ds4-server: chat ctx=0..177:177 prefill chunk 96/177 (54.2%) chunk=18.50 t/s avg=18.73 t/s 5.126s
0823 21:30:38 ds4-server: chat ctx=0..177:177 prefill chunk 97/177 (54.8%) chunk=17.84 t/s avg=18.72 t/s 5.182s
0823 21:30:38 ds4-server: chat ctx=0..177:177 prefill chunk 98/177 (55.4%) chunk=17.62 t/s avg=18.71 t/s 5.239s
0823 21:30:38 ds4-server: chat ctx=0..177:177 prefill chunk 99/177 (55.9%) chunk=18.24 t/s avg=18.70 t/s 5.294s
ds4: qwen35moe experts/token avg over 128 tokens: 0:14.5 1:15.0 2:14.6 3:16.2 4:15.5 5:15.6 6:15.0 7:15.9 8:16.1 9:16.2 10:14.6 11:14.3 12:15.4 13:15.6 14:15.7 15:15.8 16:14.8 17:15.0 18:14.9 19:14.5 20:15.6 21:15.7 22:14.7 23:14.9 24:14.9 25:14.9 26:15.1 27:15.5 28:15.2 29:16.0 30:15.3 31:16.3 32:15.9 33:16.2 34:16.3 35:17.9 36:18.1 37:18.6 38:19.0 39:18.5 | mean 15.7
0823 21:30:38 ds4-server: chat ctx=0..177:177 prefill chunk 100/177 (56.5%) chunk=18.76 t/s avg=18.70 t/s 5.347s
0823 21:30:38 ds4-server: chat ctx=0..177:177 prefill chunk 101/177 (57.1%) chunk=19.17 t/s avg=18.71 t/s 5.399s
0823 21:30:38 ds4-server: chat ctx=0..177:177 prefill chunk 102/177 (57.6%) chunk=18.60 t/s avg=18.70 t/s 5.453s
0823 21:30:39 ds4-server: chat ctx=0..177:177 prefill chunk 103/177 (58.2%) chunk=18.48 t/s avg=18.70 t/s 5.507s
0823 21:30:39 ds4-server: chat ctx=0..177:177 prefill chunk 104/177 (58.8%) chunk=18.76 t/s avg=18.70 t/s 5.561s
0823 21:30:39 ds4-server: chat ctx=0..177:177 prefill chunk 105/177 (59.3%) chunk=18.31 t/s avg=18.70 t/s 5.615s
0823 21:30:39 ds4-server: chat ctx=0..177:177 prefill chunk 106/177 (59.9%) chunk=18.52 t/s avg=18.70 t/s 5.669s
0823 21:30:39 ds4-server: chat ctx=0..177:177 prefill chunk 107/177 (60.5%) chunk=19.07 t/s avg=18.70 t/s 5.722s
0823 21:30:39 ds4-server: chat ctx=0..177:177 prefill chunk 108/177 (61.0%) chunk=18.17 t/s avg=18.70 t/s 5.777s
0823 21:30:39 ds4-server: chat ctx=0..177:177 prefill chunk 109/177 (61.6%) chunk=18.40 t/s avg=18.69 t/s 5.831s
0823 21:30:39 ds4-server: chat ctx=0..177:177 prefill chunk 110/177 (62.1%) chunk=17.75 t/s avg=18.68 t/s 5.887s
0823 21:30:39 ds4-server: chat ctx=0..177:177 prefill chunk 111/177 (62.7%) chunk=18.32 t/s avg=18.68 t/s 5.942s
0823 21:30:39 ds4-server: chat ctx=0..177:177 prefill chunk 112/177 (63.3%) chunk=18.71 t/s avg=18.68 t/s 5.995s
0823 21:30:39 ds4-server: chat ctx=0..177:177 prefill chunk 113/177 (63.8%) chunk=18.22 t/s avg=18.68 t/s 6.050s
0823 21:30:39 ds4-server: chat ctx=0..177:177 prefill chunk 114/177 (64.4%) chunk=18.47 t/s avg=18.67 t/s 6.104s
0823 21:30:39 ds4-server: chat ctx=0..177:177 prefill chunk 115/177 (65.0%) chunk=18.19 t/s avg=18.67 t/s 6.159s
0823 21:30:39 ds4-server: chat ctx=0..177:177 prefill chunk 116/177 (65.5%) chunk=18.06 t/s avg=18.67 t/s 6.215s
0823 21:30:39 ds4-server: chat ctx=0..177:177 prefill chunk 117/177 (66.1%) chunk=18.17 t/s avg=18.66 t/s 6.270s
0823 21:30:39 ds4-server: chat ctx=0..177:177 prefill chunk 118/177 (66.7%) chunk=18.69 t/s avg=18.66 t/s 6.323s
0823 21:30:39 ds4-server: chat ctx=0..177:177 prefill chunk 119/177 (67.2%) chunk=18.31 t/s avg=18.66 t/s 6.378s
0823 21:30:39 ds4-server: chat ctx=0..177:177 prefill chunk 120/177 (67.8%) chunk=18.78 t/s avg=18.66 t/s 6.431s
0823 21:30:39 ds4-server: chat ctx=0..177:177 prefill chunk 121/177 (68.4%) chunk=18.19 t/s avg=18.65 t/s 6.486s
0823 21:30:40 ds4-server: chat ctx=0..177:177 prefill chunk 122/177 (68.9%) chunk=19.08 t/s avg=18.66 t/s 6.539s
0823 21:30:40 ds4-server: chat ctx=0..177:177 prefill chunk 123/177 (69.5%) chunk=19.03 t/s avg=18.66 t/s 6.591s
0823 21:30:40 ds4-server: chat ctx=0..177:177 prefill chunk 124/177 (70.1%) chunk=18.49 t/s avg=18.66 t/s 6.645s
0823 21:30:40 ds4-server: chat ctx=0..177:177 prefill chunk 125/177 (70.6%) chunk=18.49 t/s avg=18.66 t/s 6.699s
0823 21:30:40 ds4-server: chat ctx=0..177:177 prefill chunk 126/177 (71.2%) chunk=17.88 t/s avg=18.65 t/s 6.755s
0823 21:30:40 ds4-server: chat ctx=0..177:177 prefill chunk 127/177 (71.8%) chunk=17.85 t/s avg=18.65 t/s 6.811s
0823 21:30:40 ds4-server: chat ctx=0..177:177 prefill chunk 128/177 (72.3%) chunk=18.98 t/s avg=18.65 t/s 6.864s
0823 21:30:40 ds4-server: chat ctx=0..177:177 prefill chunk 129/177 (72.9%) chunk=17.97 t/s avg=18.64 t/s 6.920s
0823 21:30:40 ds4-server: chat ctx=0..177:177 prefill chunk 130/177 (73.4%) chunk=17.65 t/s avg=18.63 t/s 6.976s
0823 21:30:40 ds4-server: chat ctx=0..177:177 prefill chunk 131/177 (74.0%) chunk=18.73 t/s avg=18.64 t/s 7.030s
0823 21:30:40 ds4-server: chat ctx=0..177:177 prefill chunk 132/177 (74.6%) chunk=17.77 t/s avg=18.63 t/s 7.086s
0823 21:30:40 ds4-server: chat ctx=0..177:177 prefill chunk 133/177 (75.1%) chunk=17.99 t/s avg=18.62 t/s 7.141s
0823 21:30:40 ds4-server: chat ctx=0..177:177 prefill chunk 134/177 (75.7%) chunk=18.91 t/s avg=18.63 t/s 7.194s
0823 21:30:40 ds4-server: chat ctx=0..177:177 prefill chunk 135/177 (76.3%) chunk=18.18 t/s avg=18.62 t/s 7.249s
0823 21:30:40 ds4-server: chat ctx=0..177:177 prefill chunk 136/177 (76.8%) chunk=18.02 t/s avg=18.62 t/s 7.305s
0823 21:30:40 ds4-server: chat ctx=0..177:177 prefill chunk 137/177 (77.4%) chunk=17.96 t/s avg=18.61 t/s 7.361s
0823 21:30:40 ds4-server: chat ctx=0..177:177 prefill chunk 138/177 (78.0%) chunk=17.81 t/s avg=18.61 t/s 7.417s
0823 21:30:40 ds4-server: chat ctx=0..177:177 prefill chunk 139/177 (78.5%) chunk=17.69 t/s avg=18.60 t/s 7.473s
0823 21:30:41 ds4-server: chat ctx=0..177:177 prefill chunk 140/177 (79.1%) chunk=17.81 t/s avg=18.59 t/s 7.529s
0823 21:30:41 ds4-server: chat ctx=0..177:177 prefill chunk 141/177 (79.7%) chunk=17.66 t/s avg=18.59 t/s 7.586s
0823 21:30:41 ds4-server: chat ctx=0..177:177 prefill chunk 142/177 (80.2%) chunk=17.82 t/s avg=18.58 t/s 7.642s
0823 21:30:41 ds4-server: chat ctx=0..177:177 prefill chunk 143/177 (80.8%) chunk=18.26 t/s avg=18.58 t/s 7.697s
0823 21:30:41 ds4-server: chat ctx=0..177:177 prefill chunk 144/177 (81.4%) chunk=17.66 t/s avg=18.57 t/s 7.754s
0823 21:30:41 ds4-server: chat ctx=0..177:177 prefill chunk 145/177 (81.9%) chunk=17.57 t/s avg=18.56 t/s 7.810s
0823 21:30:41 ds4-server: chat ctx=0..177:177 prefill chunk 146/177 (82.5%) chunk=18.56 t/s avg=18.56 t/s 7.864s
0823 21:30:41 ds4-server: chat ctx=0..177:177 prefill chunk 147/177 (83.1%) chunk=17.89 t/s avg=18.56 t/s 7.920s
0823 21:30:41 ds4-server: chat ctx=0..177:177 prefill chunk 148/177 (83.6%) chunk=17.66 t/s avg=18.55 t/s 7.977s
0823 21:30:41 ds4-server: chat ctx=0..177:177 prefill chunk 149/177 (84.2%) chunk=17.96 t/s avg=18.55 t/s 8.033s
0823 21:30:41 ds4-server: chat ctx=0..177:177 prefill chunk 150/177 (84.7%) chunk=17.32 t/s avg=18.54 t/s 8.090s
0823 21:30:41 ds4-server: chat ctx=0..177:177 prefill chunk 151/177 (85.3%) chunk=17.53 t/s avg=18.53 t/s 8.147s
0823 21:30:41 ds4-server: chat ctx=0..177:177 prefill chunk 152/177 (85.9%) chunk=17.60 t/s avg=18.53 t/s 8.204s
0823 21:30:41 ds4-server: chat ctx=0..177:177 prefill chunk 153/177 (86.4%) chunk=17.55 t/s avg=18.52 t/s 8.261s
0823 21:30:41 ds4-server: chat ctx=0..177:177 prefill chunk 154/177 (87.0%) chunk=17.80 t/s avg=18.52 t/s 8.317s
0823 21:30:41 ds4-server: chat ctx=0..177:177 prefill chunk 155/177 (87.6%) chunk=17.73 t/s avg=18.51 t/s 8.374s
0823 21:30:41 ds4-server: chat ctx=0..177:177 prefill chunk 156/177 (88.1%) chunk=17.75 t/s avg=18.51 t/s 8.430s
0823 21:30:41 ds4-server: chat ctx=0..177:177 prefill chunk 157/177 (88.7%) chunk=17.76 t/s avg=18.50 t/s 8.486s
0823 21:30:42 ds4-server: chat ctx=0..177:177 prefill chunk 158/177 (89.3%) chunk=17.94 t/s avg=18.50 t/s 8.542s
0823 21:30:42 ds4-server: chat ctx=0..177:177 prefill chunk 159/177 (89.8%) chunk=18.53 t/s avg=18.50 t/s 8.596s
0823 21:30:42 ds4-server: chat ctx=0..177:177 prefill chunk 160/177 (90.4%) chunk=17.78 t/s avg=18.49 t/s 8.652s
0823 21:30:42 ds4-server: chat ctx=0..177:177 prefill chunk 161/177 (91.0%) chunk=17.09 t/s avg=18.48 t/s 8.711s
0823 21:30:42 ds4-server: chat ctx=0..177:177 prefill chunk 162/177 (91.5%) chunk=17.79 t/s avg=18.48 t/s 8.767s
0823 21:30:42 ds4-server: chat ctx=0..177:177 prefill chunk 163/177 (92.1%) chunk=16.86 t/s avg=18.47 t/s 8.826s
0823 21:30:42 ds4-server: chat ctx=0..177:177 prefill chunk 164/177 (92.7%) chunk=17.36 t/s avg=18.46 t/s 8.884s
0823 21:30:42 ds4-server: chat ctx=0..177:177 prefill chunk 165/177 (93.2%) chunk=18.11 t/s avg=18.46 t/s 8.939s
0823 21:30:42 ds4-server: chat ctx=0..177:177 prefill chunk 166/177 (93.8%) chunk=18.45 t/s avg=18.46 t/s 8.993s
0823 21:30:42 ds4-server: chat ctx=0..177:177 prefill chunk 167/177 (94.4%) chunk=17.50 t/s avg=18.45 t/s 9.050s
0823 21:30:42 ds4-server: chat ctx=0..177:177 prefill chunk 168/177 (94.9%) chunk=17.33 t/s avg=18.45 t/s 9.108s
0823 21:30:42 ds4-server: chat ctx=0..177:177 prefill chunk 169/177 (95.5%) chunk=18.07 t/s avg=18.44 t/s 9.163s
0823 21:30:42 ds4-server: chat ctx=0..177:177 prefill chunk 170/177 (96.0%) chunk=17.79 t/s avg=18.44 t/s 9.220s
0823 21:30:42 ds4-server: chat ctx=0..177:177 prefill chunk 171/177 (96.6%) chunk=17.99 t/s avg=18.44 t/s 9.275s
0823 21:30:42 ds4-server: chat ctx=0..177:177 prefill chunk 172/177 (97.2%) chunk=18.37 t/s avg=18.44 t/s 9.330s
0823 21:30:42 ds4-server: chat ctx=0..177:177 prefill chunk 173/177 (97.7%) chunk=17.85 t/s avg=18.43 t/s 9.386s
0823 21:30:42 ds4-server: chat ctx=0..177:177 prefill chunk 174/177 (98.3%) chunk=19.07 t/s avg=18.44 t/s 9.438s
0823 21:30:42 ds4-server: chat ctx=0..177:177 prefill chunk 175/177 (98.9%) chunk=18.39 t/s avg=18.44 t/s 9.493s
0823 21:30:43 ds4-server: chat ctx=0..177:177 prefill chunk 176/177 (99.4%) chunk=19.41 t/s avg=18.44 t/s 9.544s
0823 21:30:43 ds4-server: chat ctx=0..177:177 prefill chunk 177/177 (100.0%) chunk=19.84 t/s avg=18.45 t/s 9.594s
0823 21:30:43 ds4-server: chat ctx=0..177:177 prompt done 9.595s
0823 21:30:45 ds4-server: chat ctx=177..227:50 gen=50 THINKING decoding chunk=18.26 t/s avg=18.26 t/s 2.738s
ds4: qwen35moe experts/token avg over 128 tokens: 0:13.8 1:14.9 2:14.3 3:15.7 4:15.2 5:15.5 6:14.8 7:15.8 8:16.3 9:16.6 10:14.2 11:14.1 12:15.7 13:14.8 14:15.1 15:16.1 16:16.0 17:15.1 18:15.2 19:15.2 20:15.3 21:16.5 22:15.3 23:15.0 24:15.6 25:16.0 26:15.9 27:17.7 28:16.3 29:16.6 30:17.3 31:17.6 32:16.9 33:16.9 34:16.8 35:17.8 36:18.6 37:19.1 38:19.2 39:19.0 | mean 16.1
0823 21:30:48 ds4-server: chat ctx=227..277:50 gen=100 THINKING decoding chunk=17.82 t/s avg=18.04 t/s 5.544s
0823 21:30:51 ds4-server: chat ctx=277..327:50 gen=150 THINKING decoding chunk=17.51 t/s avg=17.86 t/s 8.399s
ds4: qwen35moe experts/token avg over 128 tokens: 0:14.4 1:15.4 2:15.7 3:17.3 4:16.4 5:16.6 6:17.0 7:17.5 8:17.4 9:17.7 10:15.2 11:15.7 12:16.7 13:16.3 14:17.0 15:17.4 16:17.5 17:16.6 18:15.8 19:16.5 20:16.5 21:17.6 22:16.7 23:15.7 24:16.5 25:16.9 26:16.6 27:17.9 28:17.0 29:17.4 30:16.6 31:18.0 32:16.9 33:17.1 34:16.8 35:18.4 36:18.6 37:19.4 38:19.6 39:18.8 | mean 17.0
0823 21:30:54 ds4-server: chat ctx=327..377:50 gen=200 THINKING decoding chunk=17.53 t/s avg=17.78 t/s 11.251s
0823 21:30:57 ds4-server: chat ctx=377..427:50 gen=250 THINKING decoding chunk=17.22 t/s avg=17.66 t/s 14.155s
0823 21:31:00 ds4-server: chat ctx=427..477:50 gen=300 THINKING decoding chunk=17.22 t/s avg=17.59 t/s 17.059s
ds4: qwen35moe experts/token avg over 128 tokens: 0:14.8 1:16.4 2:16.2 3:17.2 4:17.1 5:17.5 6:17.2 7:17.5 8:17.6 9:17.9 10:15.8 11:15.5 12:16.4 13:15.8 14:16.5 15:16.7 16:16.9 17:15.9 18:16.0 19:16.5 20:17.1 21:17.6 22:16.7 23:16.1 24:16.3 25:16.7 26:17.0 27:17.6 28:17.1 29:17.9 30:17.9 31:18.3 32:17.7 33:17.4 34:18.0 35:18.9 36:18.6 37:19.4 38:19.6 39:19.2 | mean 17.2
0823 21:31:03 ds4-server: chat ctx=477..527:50 gen=350 THINKING decoding chunk=16.93 t/s avg=17.49 t/s 20.012s
0823 21:31:05 ds4-server: chat ctx=527..577:50 gen=400 THINKING decoding chunk=17.36 t/s avg=17.47 t/s 22.893s
ds4: qwen35moe experts/token avg over 128 tokens: 0:14.9 1:16.4 2:15.3 3:16.7 4:17.1 5:17.2 6:16.4 7:18.1 8:18.0 9:18.3 10:16.7 11:16.0 12:17.3 13:17.2 14:17.0 15:17.6 16:17.0 17:16.9 18:16.7 19:17.1 20:17.5 21:18.0 22:16.6 23:16.3 24:16.9 25:16.4 26:16.7 27:17.8 28:16.5 29:16.8 30:16.6 31:17.7 32:16.4 33:15.8 34:16.3 35:18.2 36:17.7 37:18.8 38:19.2 39:18.4 | mean 17.1
0823 21:31:08 ds4-server: chat ctx=577..627:50 gen=450 THINKING decoding chunk=16.98 t/s avg=17.42 t/s 25.837s
0823 21:31:11 ds4-server: chat ctx=627..677:50 gen=500 THINKING decoding chunk=17.32 t/s avg=17.41 t/s 28.724s
0823 21:31:14 ds4-server: chat ctx=677..727:50 gen=550 THINKING decoding chunk=16.66 t/s avg=17.34 t/s 31.724s
ds4: qwen35moe experts/token avg over 128 tokens: 0:14.4 1:15.9 2:15.5 3:17.1 4:16.8 5:17.1 6:16.6 7:17.8 8:18.0 9:17.4 10:16.2 11:15.6 12:17.2 13:16.6 14:16.8 15:17.1 16:17.5 17:16.7 18:16.5 19:17.0 20:17.5 21:17.6 22:16.3 23:15.6 24:17.4 25:16.8 26:16.7 27:17.2 28:16.8 29:16.6 30:16.7 31:17.3 32:16.5 33:15.8 34:16.0 35:17.8 36:17.2 37:18.5 38:19.0 39:18.1 | mean 16.9
0823 21:31:17 ds4-server: chat ctx=727..777:50 gen=600 THINKING decoding chunk=16.46 t/s avg=17.26 t/s 34.762s
0823 21:31:20 ds4-server: chat ctx=777..827:50 gen=650 THINKING decoding chunk=16.73 t/s avg=17.22 t/s 37.751s
ds4: qwen35moe experts/token avg over 128 tokens: 0:14.4 1:16.5 2:15.9 3:17.2 4:17.3 5:17.7 6:17.7 7:18.1 8:18.7 9:18.0 10:16.8 11:16.2 12:17.2 13:17.4 14:17.7 15:17.5 16:18.3 17:16.9 18:16.5 19:17.3 20:17.7 21:18.4 22:16.9 23:16.5 24:17.1 25:17.2 26:16.7 27:17.4 28:17.0 29:17.0 30:16.6 31:18.1 32:16.6 33:16.3 34:16.5 35:18.0 36:17.4 37:18.7 38:19.3 39:18.3 | mean 17.3
0823 21:31:23 ds4-server: chat ctx=827..877:50 gen=700 THINKING decoding chunk=16.47 t/s avg=17.16 t/s 40.787s
0823 21:31:26 ds4-server: chat ctx=877..927:50 gen=750 THINKING decoding chunk=16.96 t/s avg=17.15 t/s 43.735s
0823 21:31:29 ds4-server: chat ctx=927..977:50 gen=800 THINKING decoding chunk=16.59 t/s avg=17.11 t/s 46.748s
ds4: qwen35moe experts/token avg over 128 tokens: 0:14.4 1:15.6 2:15.6 3:16.0 4:16.1 5:16.1 6:16.0 7:17.2 8:17.7 9:17.0 10:15.2 11:15.2 12:16.3 13:16.6 14:16.3 15:16.2 16:16.4 17:15.9 18:16.0 19:16.0 20:17.0 21:16.9 22:15.8 23:15.9 24:16.0 25:16.0 26:16.6 27:15.7 28:15.8 29:16.3 30:15.9 31:16.6 32:15.9 33:14.9 34:15.8 35:17.2 36:16.8 37:17.8 38:18.7 39:17.4 | mean 16.3
0823 21:31:32 ds4-server: chat ctx=977..1027:50 gen=850 THINKING decoding chunk=16.31 t/s avg=17.06 t/s 49.813s
0823 21:31:35 ds4-server: chat ctx=1027..1077:50 gen=900 THINKING decoding chunk=16.26 t/s avg=17.02 t/s 52.889s
ds4: qwen35moe experts/token avg over 128 tokens: 0:15.0 1:16.9 2:15.9 3:17.5 4:17.8 5:18.3 6:17.4 7:18.7 8:18.3 9:18.3 10:17.1 11:16.8 12:17.9 13:17.7 14:17.4 15:18.7 16:17.6 17:17.3 18:16.6 19:17.6 20:17.9 21:17.9 22:17.5 23:16.6 24:17.1 25:17.2 26:16.9 27:18.0 28:16.8 29:16.7 30:16.8 31:17.8 32:17.0 33:17.1 34:17.0 35:18.1 36:18.5 37:18.9 38:19.5 39:18.7 | mean 17.5
0823 21:31:39 ds4-server: chat ctx=1077..1127:50 gen=950 THINKING decoding chunk=16.00 t/s avg=16.96 t/s 56.015s
0823 21:31:42 ds4-server: chat ctx=1127..1177:50 gen=1000 THINKING decoding chunk=16.32 t/s avg=16.93 t/s 59.078s
0823 21:31:45 ds4-server: chat ctx=1177..1227:50 gen=1050 THINKING decoding chunk=16.07 t/s avg=16.88 t/s 62.190s
ds4: qwen35moe experts/token avg over 128 tokens: 0:13.8 1:16.1 2:15.5 3:16.4 4:16.7 5:16.3 6:16.4 7:17.6 8:17.5 9:17.1 10:15.6 11:14.9 12:16.0 13:16.2 14:16.2 15:16.9 16:16.1 17:16.5 18:16.0 19:16.2 20:17.5 21:16.5 22:15.9 23:15.8 24:16.3 25:16.0 26:15.9 27:16.3 28:16.4 29:16.0 30:16.0 31:16.8 32:16.1 33:16.5 34:16.6 35:17.8 36:17.6 37:18.0 38:19.0 39:18.0 | mean 16.5
0823 21:31:48 ds4-server: chat ctx=1227..1277:50 gen=1100 THINKING decoding chunk=16.45 t/s avg=16.86 t/s 65.229s
0823 21:31:51 ds4-server: chat ctx=1277..1327:50 gen=1150 THINKING decoding chunk=16.00 t/s avg=16.82 t/s 68.355s
0823 21:31:54 ds4-server: chat ctx=1327..1377:50 gen=1200 decoding chunk=16.11 t/s avg=16.79 t/s 71.458s
ds4: qwen35moe experts/token avg over 128 tokens: 0:13.9 1:15.2 2:15.5 3:16.3 4:16.6 5:16.5 6:16.2 7:17.9 8:17.6 9:17.3 10:15.8 11:15.2 12:16.6 13:16.9 14:17.2 15:16.0 16:16.9 17:16.7 18:16.2 19:16.4 20:17.0 21:16.9 22:15.9 23:15.2 24:15.7 25:16.0 26:16.5 27:15.9 28:16.0 29:16.4 30:15.6 31:17.1 32:15.5 33:14.8 34:15.6 35:16.8 36:16.9 37:18.3 38:18.7 39:17.3 | mean 16.4
0823 21:31:57 ds4-server: chat ctx=1377..1427:50 gen=1250 decoding chunk=15.64 t/s avg=16.74 t/s 74.654s
0823 21:32:01 ds4-server: chat ctx=1427..1477:50 gen=1300 decoding chunk=15.36 t/s avg=16.69 t/s 77.909s
ds4: qwen35moe experts/token avg over 128 tokens: 0:15.0 1:16.5 2:16.1 3:17.9 4:17.2 5:17.9 6:18.1 7:18.8 8:18.4 9:18.6 10:17.3 11:16.2 12:18.5 13:18.2 14:18.5 15:18.3 16:18.3 17:17.8 18:17.5 19:18.1 20:18.0 21:18.8 22:17.8 23:16.4 24:17.8 25:17.5 26:17.7 27:18.4 28:17.3 29:17.4 30:16.8 31:18.0 32:17.4 33:16.3 34:17.1 35:18.5 36:18.1 37:18.8 38:19.2 39:18.3 | mean 17.7
0823 21:32:04 ds4-server: chat ctx=1477..1527:50 gen=1350 decoding chunk=15.44 t/s avg=16.64 t/s 81.149s
0823 21:32:07 ds4-server: chat ctx=1527..1577:50 gen=1400 decoding chunk=15.34 t/s avg=16.59 t/s 84.408s
0823 21:32:10 ds4-server: chat ctx=1577..1627:50 gen=1450 decoding chunk=15.30 t/s avg=16.54 t/s 87.675s
ds4: qwen35moe experts/token avg over 128 tokens: 0:14.3 1:17.0 2:16.0 3:17.8 4:17.2 5:18.3 6:17.5 7:18.9 8:18.6 9:18.6 10:16.9 11:16.8 12:18.3 13:18.4 14:18.3 15:18.0 16:18.2 17:17.8 18:17.3 19:17.8 20:18.3 21:18.8 22:16.9 23:16.6 24:17.7 25:17.3 26:17.7 27:17.8 28:17.3 29:17.4 30:17.3 31:18.2 32:17.2 33:16.8 34:17.3 35:18.5 36:18.0 37:19.0 38:19.3 39:18.6 | mean 17.7
0823 21:32:14 ds4-server: chat ctx=1627..1677:50 gen=1500 decoding chunk=15.11 t/s avg=16.49 t/s 90.985s
0823 21:32:15 ds4-server: chat ctx=1677..1694:17 gen=1517 decoding chunk=15.31 t/s avg=16.47 t/s 92.095s
0823 21:32:15 ds4-server: thinking live checkpoint remembered ctx=0..177:177 live=1694 visible=2284
0823 21:32:15 ds4-server: chat ctx=0..177:177 gen=1517 finish=stop 101.690s
0823 21:32:15 ds4-server: live kv cache miss live=1694 prompt=172 common=56 reason=token-mismatch
0823 21:32:15 ds4-server: chat ctx=0..172:172 prompt start
0823 21:32:15 ds4-server: chat ctx=0..172:172 prefill chunk 1/172 (0.6%) chunk=0.00 t/s avg=19.31 t/s 0.052s
0823 21:32:15 ds4-server: chat ctx=0..172:172 prefill chunk 2/172 (1.2%) chunk=19.99 t/s avg=19.65 t/s 0.102s
0823 21:32:15 ds4-server: chat ctx=0..172:172 prefill chunk 3/172 (1.7%) chunk=19.27 t/s avg=19.52 t/s 0.154s
0823 21:32:15 ds4-server: chat ctx=0..172:172 prefill chunk 4/172 (2.3%) chunk=19.75 t/s avg=19.58 t/s 0.204s
0823 21:32:15 ds4-server: chat ctx=0..172:172 prefill chunk 5/172 (2.9%) chunk=18.86 t/s avg=19.43 t/s 0.257s
0823 21:32:15 ds4-server: chat ctx=0..172:172 prefill chunk 6/172 (3.5%) chunk=19.04 t/s avg=19.36 t/s 0.310s
0823 21:32:15 ds4-server: chat ctx=0..172:172 prefill chunk 7/172 (4.1%) chunk=19.73 t/s avg=19.41 t/s 0.361s
0823 21:32:15 ds4-server: chat ctx=0..172:172 prefill chunk 8/172 (4.7%) chunk=18.73 t/s avg=19.33 t/s 0.414s
0823 21:32:15 ds4-server: chat ctx=0..172:172 prefill chunk 9/172 (5.2%) chunk=19.73 t/s avg=19.37 t/s 0.465s
0823 21:32:15 ds4-server: chat ctx=0..172:172 prefill chunk 10/172 (5.8%) chunk=19.21 t/s avg=19.35 t/s 0.517s
0823 21:32:15 ds4-server: chat ctx=0..172:172 prefill chunk 11/172 (6.4%) chunk=19.54 t/s avg=19.37 t/s 0.568s
0823 21:32:15 ds4-server: chat ctx=0..172:172 prefill chunk 12/172 (7.0%) chunk=18.85 t/s avg=19.33 t/s 0.621s
0823 21:32:15 ds4-server: chat ctx=0..172:172 prefill chunk 13/172 (7.6%) chunk=19.14 t/s avg=19.31 t/s 0.673s
0823 21:32:15 ds4-server: chat ctx=0..172:172 prefill chunk 14/172 (8.1%) chunk=18.47 t/s avg=19.25 t/s 0.727s
0823 21:32:15 ds4-server: chat ctx=0..172:172 prefill chunk 15/172 (8.7%) chunk=18.27 t/s avg=19.18 t/s 0.782s
0823 21:32:16 ds4-server: chat ctx=0..172:172 prefill chunk 16/172 (9.3%) chunk=19.04 t/s avg=19.17 t/s 0.835s
0823 21:32:16 ds4-server: chat ctx=0..172:172 prefill chunk 17/172 (9.9%) chunk=18.57 t/s avg=19.13 t/s 0.888s
0823 21:32:16 ds4-server: chat ctx=0..172:172 prefill chunk 18/172 (10.5%) chunk=19.26 t/s avg=19.14 t/s 0.940s
0823 21:32:16 ds4-server: chat ctx=0..172:172 prefill chunk 19/172 (11.0%) chunk=18.57 t/s avg=19.11 t/s 0.994s
0823 21:32:16 ds4-server: chat ctx=0..172:172 prefill chunk 20/172 (11.6%) chunk=17.99 t/s avg=19.05 t/s 1.050s
0823 21:32:16 ds4-server: chat ctx=0..172:172 prefill chunk 21/172 (12.2%) chunk=19.19 t/s avg=19.06 t/s 1.102s
0823 21:32:16 ds4-server: chat ctx=0..172:172 prefill chunk 22/172 (12.8%) chunk=18.94 t/s avg=19.05 t/s 1.155s
0823 21:32:16 ds4-server: chat ctx=0..172:172 prefill chunk 23/172 (13.4%) chunk=19.56 t/s avg=19.07 t/s 1.206s
0823 21:32:16 ds4-server: chat ctx=0..172:172 prefill chunk 24/172 (14.0%) chunk=18.98 t/s avg=19.07 t/s 1.259s
0823 21:32:16 ds4-server: chat ctx=0..172:172 prefill chunk 25/172 (14.5%) chunk=18.95 t/s avg=19.07 t/s 1.311s
0823 21:32:16 ds4-server: chat ctx=0..172:172 prefill chunk 26/172 (15.1%) chunk=19.66 t/s avg=19.09 t/s 1.362s
0823 21:32:16 ds4-server: chat ctx=0..172:172 prefill chunk 27/172 (15.7%) chunk=18.42 t/s avg=19.06 t/s 1.416s
0823 21:32:16 ds4-server: chat ctx=0..172:172 prefill chunk 28/172 (16.3%) chunk=19.43 t/s avg=19.08 t/s 1.468s
0823 21:32:16 ds4-server: chat ctx=0..172:172 prefill chunk 29/172 (16.9%) chunk=18.50 t/s avg=19.05 t/s 1.522s
0823 21:32:16 ds4-server: chat ctx=0..172:172 prefill chunk 30/172 (17.4%) chunk=18.92 t/s avg=19.05 t/s 1.575s
0823 21:32:16 ds4-server: chat ctx=0..172:172 prefill chunk 31/172 (18.0%) chunk=18.52 t/s avg=19.03 t/s 1.629s
0823 21:32:16 ds4-server: chat ctx=0..172:172 prefill chunk 32/172 (18.6%) chunk=18.08 t/s avg=19.00 t/s 1.684s
0823 21:32:16 ds4-server: chat ctx=0..172:172 prefill chunk 33/172 (19.2%) chunk=19.37 t/s avg=19.01 t/s 1.736s
0823 21:32:16 ds4-server: chat ctx=0..172:172 prefill chunk 34/172 (19.8%) chunk=18.29 t/s avg=18.99 t/s 1.790s
0823 21:32:17 ds4-server: chat ctx=0..172:172 prefill chunk 35/172 (20.3%) chunk=18.14 t/s avg=18.97 t/s 1.845s
0823 21:32:17 ds4-server: chat ctx=0..172:172 prefill chunk 36/172 (20.9%) chunk=18.78 t/s avg=18.96 t/s 1.899s
0823 21:32:17 ds4-server: chat ctx=0..172:172 prefill chunk 37/172 (21.5%) chunk=17.70 t/s avg=18.92 t/s 1.955s
0823 21:32:17 ds4-server: chat ctx=0..172:172 prefill chunk 38/172 (22.1%) chunk=17.71 t/s avg=18.89 t/s 2.012s
0823 21:32:17 ds4-server: chat ctx=0..172:172 prefill chunk 39/172 (22.7%) chunk=18.51 t/s avg=18.88 t/s 2.066s
0823 21:32:17 ds4-server: chat ctx=0..172:172 prefill chunk 40/172 (23.3%) chunk=18.55 t/s avg=18.87 t/s 2.120s
0823 21:32:17 ds4-server: chat ctx=0..172:172 prefill chunk 41/172 (23.8%) chunk=18.76 t/s avg=18.87 t/s 2.173s
0823 21:32:17 ds4-server: chat ctx=0..172:172 prefill chunk 42/172 (24.4%) chunk=18.33 t/s avg=18.86 t/s 2.227s
0823 21:32:17 ds4-server: chat ctx=0..172:172 prefill chunk 43/172 (25.0%) chunk=18.89 t/s avg=18.86 t/s 2.280s
0823 21:32:17 ds4-server: chat ctx=0..172:172 prefill chunk 44/172 (25.6%) chunk=18.95 t/s avg=18.86 t/s 2.333s
0823 21:32:17 ds4-server: chat ctx=0..172:172 prefill chunk 45/172 (26.2%) chunk=18.33 t/s avg=18.85 t/s 2.388s
0823 21:32:17 ds4-server: chat ctx=0..172:172 prefill chunk 46/172 (26.7%) chunk=18.43 t/s avg=18.84 t/s 2.442s
0823 21:32:17 ds4-server: chat ctx=0..172:172 prefill chunk 47/172 (27.3%) chunk=18.42 t/s avg=18.83 t/s 2.496s
0823 21:32:17 ds4-server: chat ctx=0..172:172 prefill chunk 48/172 (27.9%) chunk=18.54 t/s avg=18.82 t/s 2.550s
0823 21:32:17 ds4-server: chat ctx=0..172:172 prefill chunk 49/172 (28.5%) chunk=19.28 t/s avg=18.83 t/s 2.602s
0823 21:32:17 ds4-server: chat ctx=0..172:172 prefill chunk 50/172 (29.1%) chunk=18.68 t/s avg=18.83 t/s 2.656s
0823 21:32:17 ds4-server: chat ctx=0..172:172 prefill chunk 51/172 (29.7%) chunk=19.01 t/s avg=18.83 t/s 2.708s
0823 21:32:17 ds4-server: chat ctx=0..172:172 prefill chunk 52/172 (30.2%) chunk=18.29 t/s avg=18.82 t/s 2.763s
0823 21:32:18 ds4-server: chat ctx=0..172:172 prefill chunk 53/172 (30.8%) chunk=18.60 t/s avg=18.82 t/s 2.817s
0823 21:32:18 ds4-server: chat ctx=0..172:172 prefill chunk 54/172 (31.4%) chunk=19.50 t/s avg=18.83 t/s 2.868s
0823 21:32:18 ds4-server: chat ctx=0..172:172 prefill chunk 55/172 (32.0%) chunk=19.39 t/s avg=18.84 t/s 2.920s
0823 21:32:18 ds4-server: chat ctx=0..172:172 prefill chunk 56/172 (32.6%) chunk=20.64 t/s avg=18.87 t/s 2.968s
0823 21:32:18 ds4-server: chat ctx=0..172:172 prefill chunk 57/172 (33.1%) chunk=18.53 t/s avg=18.86 t/s 3.022s
0823 21:32:18 ds4-server: chat ctx=0..172:172 prefill chunk 58/172 (33.7%) chunk=19.34 t/s avg=18.87 t/s 3.074s
0823 21:32:18 ds4-server: chat ctx=0..172:172 prefill chunk 59/172 (34.3%) chunk=19.02 t/s avg=18.87 t/s 3.126s
0823 21:32:18 ds4-server: chat ctx=0..172:172 prefill chunk 60/172 (34.9%) chunk=18.51 t/s avg=18.87 t/s 3.180s
0823 21:32:18 ds4-server: chat ctx=0..172:172 prefill chunk 61/172 (35.5%) chunk=19.34 t/s avg=18.87 t/s 3.232s
0823 21:32:18 ds4-server: chat ctx=0..172:172 prefill chunk 62/172 (36.0%) chunk=18.21 t/s avg=18.86 t/s 3.287s
0823 21:32:18 ds4-server: chat ctx=0..172:172 prefill chunk 63/172 (36.6%) chunk=19.06 t/s avg=18.87 t/s 3.339s
0823 21:32:18 ds4-server: chat ctx=0..172:172 prefill chunk 64/172 (37.2%) chunk=18.56 t/s avg=18.86 t/s 3.393s
0823 21:32:18 ds4-server: chat ctx=0..172:172 prefill chunk 65/172 (37.8%) chunk=18.31 t/s avg=18.85 t/s 3.448s
0823 21:32:18 ds4-server: chat ctx=0..172:172 prefill chunk 66/172 (38.4%) chunk=19.11 t/s avg=18.86 t/s 3.500s
0823 21:32:18 ds4-server: chat ctx=0..172:172 prefill chunk 67/172 (39.0%) chunk=18.36 t/s avg=18.85 t/s 3.555s
0823 21:32:18 ds4-server: chat ctx=0..172:172 prefill chunk 68/172 (39.5%) chunk=18.42 t/s avg=18.84 t/s 3.609s
0823 21:32:18 ds4-server: chat ctx=0..172:172 prefill chunk 69/172 (40.1%) chunk=18.90 t/s avg=18.84 t/s 3.662s
ds4: qwen35moe experts/token avg over 128 tokens: 0:14.2 1:15.7 2:15.4 3:16.2 4:16.6 5:16.2 6:15.8 7:16.7 8:17.0 9:16.8 10:15.3 11:15.5 12:16.2 13:16.0 14:16.1 15:16.6 16:15.8 17:15.8 18:16.1 19:15.5 20:16.6 21:16.5 22:15.6 23:15.6 24:16.0 25:15.7 26:15.9 27:16.2 28:15.8 29:16.3 30:16.0 31:16.8 32:16.5 33:17.0 34:16.7 35:18.5 36:18.4 37:18.9 38:19.4 39:18.6 | mean 16.4
0823 21:32:18 ds4-server: chat ctx=0..172:172 prefill chunk 70/172 (40.7%) chunk=18.18 t/s avg=18.83 t/s 3.717s
0823 21:32:18 ds4-server: chat ctx=0..172:172 prefill chunk 71/172 (41.3%) chunk=18.88 t/s avg=18.83 t/s 3.770s
0823 21:32:19 ds4-server: chat ctx=0..172:172 prefill chunk 72/172 (41.9%) chunk=18.56 t/s avg=18.83 t/s 3.824s
0823 21:32:19 ds4-server: chat ctx=0..172:172 prefill chunk 73/172 (42.4%) chunk=18.11 t/s avg=18.82 t/s 3.879s
0823 21:32:19 ds4-server: chat ctx=0..172:172 prefill chunk 74/172 (43.0%) chunk=18.94 t/s avg=18.82 t/s 3.932s
0823 21:32:19 ds4-server: chat ctx=0..172:172 prefill chunk 75/172 (43.6%) chunk=18.46 t/s avg=18.82 t/s 3.986s
0823 21:32:19 ds4-server: chat ctx=0..172:172 prefill chunk 76/172 (44.2%) chunk=18.50 t/s avg=18.81 t/s 4.040s
0823 21:32:19 ds4-server: chat ctx=0..172:172 prefill chunk 77/172 (44.8%) chunk=18.76 t/s avg=18.81 t/s 4.093s
0823 21:32:19 ds4-server: chat ctx=0..172:172 prefill chunk 78/172 (45.3%) chunk=17.88 t/s avg=18.80 t/s 4.149s
0823 21:32:19 ds4-server: chat ctx=0..172:172 prefill chunk 79/172 (45.9%) chunk=19.41 t/s avg=18.81 t/s 4.201s
0823 21:32:19 ds4-server: chat ctx=0..172:172 prefill chunk 80/172 (46.5%) chunk=18.20 t/s avg=18.80 t/s 4.256s
0823 21:32:19 ds4-server: chat ctx=0..172:172 prefill chunk 81/172 (47.1%) chunk=18.77 t/s avg=18.80 t/s 4.309s
0823 21:32:19 ds4-server: chat ctx=0..172:172 prefill chunk 82/172 (47.7%) chunk=18.81 t/s avg=18.80 t/s 4.362s
0823 21:32:19 ds4-server: chat ctx=0..172:172 prefill chunk 83/172 (48.3%) chunk=17.95 t/s avg=18.79 t/s 4.418s
0823 21:32:19 ds4-server: chat ctx=0..172:172 prefill chunk 84/172 (48.8%) chunk=18.78 t/s avg=18.79 t/s 4.471s
0823 21:32:19 ds4-server: chat ctx=0..172:172 prefill chunk 85/172 (49.4%) chunk=17.92 t/s avg=18.78 t/s 4.527s
0823 21:32:19 ds4-server: chat ctx=0..172:172 prefill chunk 86/172 (50.0%) chunk=17.37 t/s avg=18.76 t/s 4.584s
0823 21:32:19 ds4-server: chat ctx=0..172:172 prefill chunk 87/172 (50.6%) chunk=19.05 t/s avg=18.76 t/s 4.637s
0823 21:32:19 ds4-server: chat ctx=0..172:172 prefill chunk 88/172 (51.2%) chunk=18.19 t/s avg=18.76 t/s 4.692s
0823 21:32:19 ds4-server: chat ctx=0..172:172 prefill chunk 89/172 (51.7%) chunk=18.31 t/s avg=18.75 t/s 4.747s
0823 21:32:19 ds4-server: chat ctx=0..172:172 prefill chunk 90/172 (52.3%) chunk=18.84 t/s avg=18.75 t/s 4.800s
0823 21:32:20 ds4-server: chat ctx=0..172:172 prefill chunk 91/172 (52.9%) chunk=18.27 t/s avg=18.75 t/s 4.854s
0823 21:32:20 ds4-server: chat ctx=0..172:172 prefill chunk 92/172 (53.5%) chunk=19.32 t/s avg=18.75 t/s 4.906s
0823 21:32:20 ds4-server: chat ctx=0..172:172 prefill chunk 93/172 (54.1%) chunk=18.82 t/s avg=18.75 t/s 4.959s
0823 21:32:20 ds4-server: chat ctx=0..172:172 prefill chunk 94/172 (54.7%) chunk=18.40 t/s avg=18.75 t/s 5.014s
0823 21:32:20 ds4-server: chat ctx=0..172:172 prefill chunk 95/172 (55.2%) chunk=18.73 t/s avg=18.75 t/s 5.067s
0823 21:32:20 ds4-server: chat ctx=0..172:172 prefill chunk 96/172 (55.8%) chunk=18.49 t/s avg=18.75 t/s 5.121s
0823 21:32:20 ds4-server: chat ctx=0..172:172 prefill chunk 97/172 (56.4%) chunk=18.90 t/s avg=18.75 t/s 5.174s
0823 21:32:20 ds4-server: chat ctx=0..172:172 prefill chunk 98/172 (57.0%) chunk=18.25 t/s avg=18.74 t/s 5.229s
0823 21:32:20 ds4-server: chat ctx=0..172:172 prefill chunk 99/172 (57.6%) chunk=18.30 t/s avg=18.74 t/s 5.283s
0823 21:32:20 ds4-server: chat ctx=0..172:172 prefill chunk 100/172 (58.1%) chunk=18.76 t/s avg=18.74 t/s 5.337s
0823 21:32:20 ds4-server: chat ctx=0..172:172 prefill chunk 101/172 (58.7%) chunk=18.14 t/s avg=18.73 t/s 5.392s
0823 21:32:20 ds4-server: chat ctx=0..172:172 prefill chunk 102/172 (59.3%) chunk=18.29 t/s avg=18.73 t/s 5.447s
0823 21:32:20 ds4-server: chat ctx=0..172:172 prefill chunk 103/172 (59.9%) chunk=18.47 t/s avg=18.73 t/s 5.501s
0823 21:32:20 ds4-server: chat ctx=0..172:172 prefill chunk 104/172 (60.5%) chunk=18.32 t/s avg=18.72 t/s 5.555s
0823 21:32:20 ds4-server: chat ctx=0..172:172 prefill chunk 105/172 (61.0%) chunk=18.43 t/s avg=18.72 t/s 5.609s
0823 21:32:20 ds4-server: chat ctx=0..172:172 prefill chunk 106/172 (61.6%) chunk=18.71 t/s avg=18.72 t/s 5.663s
0823 21:32:20 ds4-server: chat ctx=0..172:172 prefill chunk 107/172 (62.2%) chunk=18.25 t/s avg=18.71 t/s 5.718s
0823 21:32:20 ds4-server: chat ctx=0..172:172 prefill chunk 108/172 (62.8%) chunk=19.70 t/s avg=18.72 t/s 5.769s
0823 21:32:21 ds4-server: chat ctx=0..172:172 prefill chunk 109/172 (63.4%) chunk=18.68 t/s avg=18.72 t/s 5.822s
0823 21:32:21 ds4-server: chat ctx=0..172:172 prefill chunk 110/172 (64.0%) chunk=18.81 t/s avg=18.72 t/s 5.875s
0823 21:32:21 ds4-server: chat ctx=0..172:172 prefill chunk 111/172 (64.5%) chunk=18.57 t/s avg=18.72 t/s 5.929s
0823 21:32:21 ds4-server: chat ctx=0..172:172 prefill chunk 112/172 (65.1%) chunk=18.54 t/s avg=18.72 t/s 5.983s
0823 21:32:21 ds4-server: chat ctx=0..172:172 prefill chunk 113/172 (65.7%) chunk=18.61 t/s avg=18.72 t/s 6.037s
0823 21:32:21 ds4-server: chat ctx=0..172:172 prefill chunk 114/172 (66.3%) chunk=18.69 t/s avg=18.72 t/s 6.090s
0823 21:32:21 ds4-server: chat ctx=0..172:172 prefill chunk 115/172 (66.9%) chunk=18.20 t/s avg=18.71 t/s 6.145s
0823 21:32:21 ds4-server: chat ctx=0..172:172 prefill chunk 116/172 (67.4%) chunk=18.51 t/s avg=18.71 t/s 6.199s
0823 21:32:21 ds4-server: chat ctx=0..172:172 prefill chunk 117/172 (68.0%) chunk=18.14 t/s avg=18.71 t/s 6.254s
0823 21:32:21 ds4-server: chat ctx=0..172:172 prefill chunk 118/172 (68.6%) chunk=18.31 t/s avg=18.70 t/s 6.309s
0823 21:32:21 ds4-server: chat ctx=0..172:172 prefill chunk 119/172 (69.2%) chunk=19.29 t/s avg=18.71 t/s 6.361s
0823 21:32:21 ds4-server: chat ctx=0..172:172 prefill chunk 120/172 (69.8%) chunk=18.86 t/s avg=18.71 t/s 6.414s
0823 21:32:21 ds4-server: chat ctx=0..172:172 prefill chunk 121/172 (70.3%) chunk=18.85 t/s avg=18.71 t/s 6.467s
0823 21:32:21 ds4-server: chat ctx=0..172:172 prefill chunk 122/172 (70.9%) chunk=18.46 t/s avg=18.71 t/s 6.521s
0823 21:32:21 ds4-server: chat ctx=0..172:172 prefill chunk 123/172 (71.5%) chunk=17.65 t/s avg=18.70 t/s 6.578s
0823 21:32:21 ds4-server: chat ctx=0..172:172 prefill chunk 124/172 (72.1%) chunk=18.13 t/s avg=18.69 t/s 6.633s
0823 21:32:21 ds4-server: chat ctx=0..172:172 prefill chunk 125/172 (72.7%) chunk=17.94 t/s avg=18.69 t/s 6.689s
0823 21:32:21 ds4-server: chat ctx=0..172:172 prefill chunk 126/172 (73.3%) chunk=18.54 t/s avg=18.69 t/s 6.743s
0823 21:32:21 ds4-server: chat ctx=0..172:172 prefill chunk 127/172 (73.8%) chunk=18.22 t/s avg=18.68 t/s 6.797s
0823 21:32:22 ds4-server: chat ctx=0..172:172 prefill chunk 128/172 (74.4%) chunk=17.87 t/s avg=18.68 t/s 6.853s
0823 21:32:22 ds4-server: chat ctx=0..172:172 prefill chunk 129/172 (75.0%) chunk=19.07 t/s avg=18.68 t/s 6.906s
0823 21:32:22 ds4-server: chat ctx=0..172:172 prefill chunk 130/172 (75.6%) chunk=18.12 t/s avg=18.68 t/s 6.961s
0823 21:32:22 ds4-server: chat ctx=0..172:172 prefill chunk 131/172 (76.2%) chunk=18.07 t/s avg=18.67 t/s 7.016s
0823 21:32:22 ds4-server: chat ctx=0..172:172 prefill chunk 132/172 (76.7%) chunk=18.07 t/s avg=18.67 t/s 7.072s
0823 21:32:22 ds4-server: chat ctx=0..172:172 prefill chunk 133/172 (77.3%) chunk=18.10 t/s avg=18.66 t/s 7.127s
0823 21:32:22 ds4-server: chat ctx=0..172:172 prefill chunk 134/172 (77.9%) chunk=17.96 t/s avg=18.66 t/s 7.183s
0823 21:32:22 ds4-server: chat ctx=0..172:172 prefill chunk 135/172 (78.5%) chunk=18.06 t/s avg=18.65 t/s 7.238s
0823 21:32:22 ds4-server: chat ctx=0..172:172 prefill chunk 136/172 (79.1%) chunk=17.77 t/s avg=18.64 t/s 7.294s
0823 21:32:22 ds4-server: chat ctx=0..172:172 prefill chunk 137/172 (79.7%) chunk=17.95 t/s avg=18.64 t/s 7.350s
0823 21:32:22 ds4-server: chat ctx=0..172:172 prefill chunk 138/172 (80.2%) chunk=18.22 t/s avg=18.64 t/s 7.405s
0823 21:32:22 ds4-server: chat ctx=0..172:172 prefill chunk 139/172 (80.8%) chunk=17.69 t/s avg=18.63 t/s 7.461s
0823 21:32:22 ds4-server: chat ctx=0..172:172 prefill chunk 140/172 (81.4%) chunk=17.32 t/s avg=18.62 t/s 7.519s
0823 21:32:22 ds4-server: chat ctx=0..172:172 prefill chunk 141/172 (82.0%) chunk=17.83 t/s avg=18.61 t/s 7.575s
0823 21:32:22 ds4-server: chat ctx=0..172:172 prefill chunk 142/172 (82.6%) chunk=17.31 t/s avg=18.60 t/s 7.633s
0823 21:32:22 ds4-server: chat ctx=0..172:172 prefill chunk 143/172 (83.1%) chunk=17.84 t/s avg=18.60 t/s 7.689s
0823 21:32:22 ds4-server: chat ctx=0..172:172 prefill chunk 144/172 (83.7%) chunk=17.53 t/s avg=18.59 t/s 7.746s
0823 21:32:23 ds4-server: chat ctx=0..172:172 prefill chunk 145/172 (84.3%) chunk=18.21 t/s avg=18.59 t/s 7.801s
0823 21:32:23 ds4-server: chat ctx=0..172:172 prefill chunk 146/172 (84.9%) chunk=17.93 t/s avg=18.58 t/s 7.857s
0823 21:32:23 ds4-server: chat ctx=0..172:172 prefill chunk 147/172 (85.5%) chunk=17.66 t/s avg=18.58 t/s 7.913s
0823 21:32:23 ds4-server: chat ctx=0..172:172 prefill chunk 148/172 (86.0%) chunk=17.96 t/s avg=18.57 t/s 7.969s
0823 21:32:23 ds4-server: chat ctx=0..172:172 prefill chunk 149/172 (86.6%) chunk=17.60 t/s avg=18.57 t/s 8.026s
0823 21:32:23 ds4-server: chat ctx=0..172:172 prefill chunk 150/172 (87.2%) chunk=17.33 t/s avg=18.56 t/s 8.084s
0823 21:32:23 ds4-server: chat ctx=0..172:172 prefill chunk 151/172 (87.8%) chunk=18.21 t/s avg=18.55 t/s 8.138s
0823 21:32:23 ds4-server: chat ctx=0..172:172 prefill chunk 152/172 (88.4%) chunk=18.04 t/s avg=18.55 t/s 8.194s
0823 21:32:23 ds4-server: chat ctx=0..172:172 prefill chunk 153/172 (89.0%) chunk=17.28 t/s avg=18.54 t/s 8.252s
0823 21:32:23 ds4-server: chat ctx=0..172:172 prefill chunk 154/172 (89.5%) chunk=17.29 t/s avg=18.53 t/s 8.310s
0823 21:32:23 ds4-server: chat ctx=0..172:172 prefill chunk 155/172 (90.1%) chunk=18.38 t/s avg=18.53 t/s 8.364s
0823 21:32:23 ds4-server: chat ctx=0..172:172 prefill chunk 156/172 (90.7%) chunk=17.99 t/s avg=18.53 t/s 8.420s
0823 21:32:23 ds4-server: chat ctx=0..172:172 prefill chunk 157/172 (91.3%) chunk=17.26 t/s avg=18.52 t/s 8.478s
0823 21:32:23 ds4-server: chat ctx=0..172:172 prefill chunk 158/172 (91.9%) chunk=17.67 t/s avg=18.51 t/s 8.534s
0823 21:32:23 ds4-server: chat ctx=0..172:172 prefill chunk 159/172 (92.4%) chunk=17.22 t/s avg=18.51 t/s 8.592s
0823 21:32:23 ds4-server: chat ctx=0..172:172 prefill chunk 160/172 (93.0%) chunk=16.93 t/s avg=18.49 t/s 8.651s
0823 21:32:23 ds4-server: chat ctx=0..172:172 prefill chunk 161/172 (93.6%) chunk=17.53 t/s avg=18.49 t/s 8.708s
0823 21:32:23 ds4-server: chat ctx=0..172:172 prefill chunk 162/172 (94.2%) chunk=17.38 t/s avg=18.48 t/s 8.766s
0823 21:32:24 ds4-server: chat ctx=0..172:172 prefill chunk 163/172 (94.8%) chunk=17.37 t/s avg=18.47 t/s 8.823s
0823 21:32:24 ds4-server: chat ctx=0..172:172 prefill chunk 164/172 (95.3%) chunk=17.66 t/s avg=18.47 t/s 8.880s
0823 21:32:24 ds4-server: chat ctx=0..172:172 prefill chunk 165/172 (95.9%) chunk=17.69 t/s avg=18.46 t/s 8.937s
0823 21:32:24 ds4-server: chat ctx=0..172:172 prefill chunk 166/172 (96.5%) chunk=18.65 t/s avg=18.46 t/s 8.990s
0823 21:32:24 ds4-server: chat ctx=0..172:172 prefill chunk 167/172 (97.1%) chunk=17.52 t/s avg=18.46 t/s 9.047s
0823 21:32:24 ds4-server: chat ctx=0..172:172 prefill chunk 168/172 (97.7%) chunk=18.24 t/s avg=18.46 t/s 9.102s
0823 21:32:24 ds4-server: chat ctx=0..172:172 prefill chunk 169/172 (98.3%) chunk=18.79 t/s avg=18.46 t/s 9.155s
0823 21:32:24 ds4-server: chat ctx=0..172:172 prefill chunk 170/172 (98.8%) chunk=17.38 t/s avg=18.45 t/s 9.213s
0823 21:32:24 ds4-server: chat ctx=0..172:172 prefill chunk 171/172 (99.4%) chunk=19.98 t/s avg=18.46 t/s 9.263s
0823 21:32:24 ds4-server: chat ctx=0..172:172 prefill chunk 172/172 (100.0%) chunk=19.53 t/s avg=18.47 t/s 9.314s
0823 21:32:24 ds4-server: chat ctx=0..172:172 prompt done 9.314s
ds4: qwen35moe experts/token avg over 128 tokens: 0:14.0 1:14.3 2:14.4 3:15.1 4:15.0 5:15.2 6:15.1 7:16.3 8:15.8 9:16.4 10:14.5 11:14.2 12:14.8 13:14.9 14:15.3 15:16.2 16:15.7 17:15.5 18:15.6 19:16.1 20:15.9 21:15.8 22:14.9 23:15.2 24:16.2 25:15.8 26:15.4 27:16.2 28:16.0 29:15.9 30:16.8 31:17.6 32:16.4 33:16.5 34:16.4 35:17.8 36:18.7 37:18.8 38:19.1 39:18.8 | mean 16.0
0823 21:32:27 ds4-server: chat ctx=172..222:50 gen=50 THINKING decoding chunk=18.36 t/s avg=18.36 t/s 2.724s
0823 21:32:30 ds4-server: chat ctx=222..272:50 gen=100 THINKING decoding chunk=18.00 t/s avg=18.18 t/s 5.501s
0823 21:32:32 ds4-server: chat ctx=272..322:50 gen=150 THINKING decoding chunk=17.76 t/s avg=18.04 t/s 8.316s
ds4: qwen35moe experts/token avg over 128 tokens: 0:14.6 1:15.4 2:15.1 3:15.8 4:15.0 5:15.5 6:15.7 7:16.3 8:16.9 9:16.0 10:15.1 11:14.6 12:16.2 13:16.0 14:15.8 15:16.3 16:16.3 17:15.9 18:16.3 19:16.4 20:16.9 21:16.4 22:16.0 23:15.2 24:17.1 25:16.8 26:16.8 27:16.9 28:17.2 29:16.5 30:16.4 31:17.1 32:16.3 33:15.4 34:15.7 35:17.7 36:17.6 37:19.0 38:19.4 39:18.1 | mean 16.3
0823 21:32:35 ds4-server: chat ctx=322..372:50 gen=200 THINKING decoding chunk=17.68 t/s avg=17.95 t/s 11.145s
0823 21:32:38 ds4-server: chat ctx=372..422:50 gen=250 THINKING decoding chunk=17.52 t/s avg=17.86 t/s 13.998s
ds4: qwen35moe experts/token avg over 128 tokens: 0:15.4 1:16.7 2:15.4 3:17.4 4:16.6 5:17.4 6:16.8 7:17.4 8:17.1 9:16.3 10:16.2 11:15.6 12:16.2 13:16.4 14:16.8 15:16.6 16:16.8 17:16.0 18:16.7 19:17.1 20:16.5 21:16.8 22:16.1 23:16.8 24:16.6 25:16.8 26:16.4 27:17.3 28:17.2 29:15.9 30:17.7 31:17.4 32:16.5 33:17.3 34:17.1 35:18.6 36:18.6 37:19.1 38:19.5 39:19.1 | mean 17.0
0823 21:32:41 ds4-server: chat ctx=422..472:50 gen=300 THINKING decoding chunk=16.97 t/s avg=17.70 t/s 16.945s
0823 21:32:44 ds4-server: chat ctx=472..522:50 gen=350 THINKING decoding chunk=16.84 t/s avg=17.58 t/s 19.914s
0823 21:32:47 ds4-server: chat ctx=522..572:50 gen=400 THINKING decoding chunk=16.90 t/s avg=17.49 t/s 22.873s
ds4: qwen35moe experts/token avg over 128 tokens: 0:15.2 1:17.4 2:16.5 3:17.9 4:17.1 5:17.6 6:18.0 7:18.5 8:18.3 9:18.2 10:17.6 11:17.1 12:17.1 13:17.2 14:17.5 15:18.0 16:17.7 17:17.6 18:16.8 19:17.9 20:17.9 21:18.0 22:17.1 23:16.8 24:17.4 25:18.0 26:18.3 27:17.7 28:18.0 29:17.9 30:17.8 31:19.4 32:18.0 33:18.5 34:18.6 35:19.1 36:19.1 37:19.1 38:19.6 39:19.3 | mean 17.9
0823 21:32:50 ds4-server: chat ctx=572..622:50 gen=450 THINKING decoding chunk=16.41 t/s avg=17.36 t/s 25.920s
0823 21:32:53 ds4-server: chat ctx=622..672:50 gen=500 THINKING decoding chunk=16.45 t/s avg=17.27 t/s 28.960s
ds4: qwen35moe experts/token avg over 128 tokens: 0:15.5 1:17.5 2:17.4 3:18.4 4:17.5 5:18.1 6:18.1 7:18.9 8:18.1 9:18.2 10:17.4 11:17.2 12:17.4 13:17.7 14:17.9 15:17.5 16:18.3 17:18.1 18:17.6 19:18.3 20:18.2 21:18.3 22:17.8 23:17.1 24:17.6 25:17.9 26:18.3 27:18.1 28:18.5 29:18.9 30:19.1 31:19.4 32:18.7 33:19.0 34:19.1 35:19.4 36:19.3 37:19.6 38:19.7 39:19.5 | mean 18.2
0823 21:32:56 ds4-server: chat ctx=672..722:50 gen=550 THINKING decoding chunk=17.00 t/s avg=17.24 t/s 31.900s
0823 21:32:59 ds4-server: chat ctx=722..772:50 gen=600 THINKING decoding chunk=16.97 t/s avg=17.22 t/s 34.847s
0823 21:33:02 ds4-server: chat ctx=772..822:50 gen=650 THINKING decoding chunk=16.62 t/s avg=17.17 t/s 37.856s
ds4: qwen35moe experts/token avg over 128 tokens: 0:14.7 1:16.2 2:15.0 3:17.4 4:16.5 5:16.9 6:16.8 7:18.1 8:17.2 9:17.2 10:16.0 11:15.7 12:17.0 13:16.1 14:16.9 15:17.5 16:17.0 17:16.9 18:16.5 19:17.5 20:17.2 21:17.8 22:16.6 23:16.5 24:16.8 25:17.5 26:17.1 27:17.5 28:17.4 29:16.6 30:17.2 31:18.0 32:17.0 33:16.7 34:16.6 35:18.3 36:18.5 37:18.6 38:19.1 39:18.3 | mean 17.1
0823 21:33:05 ds4-server: chat ctx=822..872:50 gen=700 THINKING decoding chunk=16.20 t/s avg=17.10 t/s 40.941s
0823 21:33:08 ds4-server: chat ctx=872..922:50 gen=750 THINKING decoding chunk=16.08 t/s avg=17.03 t/s 44.050s
ds4: qwen35moe experts/token avg over 128 tokens: 0:15.8 1:17.0 2:16.2 3:17.8 4:17.6 5:17.8 6:18.0 7:18.4 8:18.2 9:17.8 10:17.3 11:17.1 12:16.8 13:17.7 14:17.8 15:18.0 16:17.8 17:17.8 18:17.1 19:18.5 20:17.9 21:18.3 22:17.5 23:17.1 24:17.4 25:17.8 26:18.0 27:18.2 28:17.4 29:18.2 30:18.2 31:19.0 32:18.2 33:18.3 34:18.4 35:19.0 36:19.0 37:19.3 38:19.6 39:19.1 | mean 17.9
0823 21:33:11 ds4-server: chat ctx=922..972:50 gen=800 THINKING decoding chunk=16.41 t/s avg=16.99 t/s 47.098s
0823 21:33:14 ds4-server: chat ctx=972..1022:50 gen=850 THINKING decoding chunk=16.29 t/s avg=16.94 t/s 50.166s
0823 21:33:17 ds4-server: chat ctx=1022..1072:50 gen=900 THINKING decoding chunk=16.53 t/s avg=16.92 t/s 53.191s
ds4: qwen35moe experts/token avg over 128 tokens: 0:14.8 1:16.9 2:15.7 3:16.5 4:16.9 5:17.4 6:16.6 7:17.9 8:17.8 9:16.7 10:16.5 11:16.0 12:17.1 13:16.5 14:16.6 15:17.3 16:16.6 17:16.8 18:15.9 19:17.5 20:16.3 21:17.1 22:16.8 23:16.2 24:17.0 25:17.0 26:17.1 27:17.4 28:16.7 29:16.7 30:16.5 31:17.9 32:16.4 33:16.0 34:16.3 35:18.0 36:17.8 37:18.6 38:19.5 39:18.6 | mean 16.9
0823 21:33:20 ds4-server: chat ctx=1072..1122:50 gen=950 THINKING decoding chunk=16.20 t/s avg=16.88 t/s 56.277s
0823 21:33:23 ds4-server: chat ctx=1122..1172:50 gen=1000 THINKING decoding chunk=16.01 t/s avg=16.83 t/s 59.400s
ds4: qwen35moe experts/token avg over 128 tokens: 0:13.9 1:16.0 2:16.0 3:16.5 4:16.2 5:16.4 6:16.0 7:17.2 8:17.0 9:16.6 10:15.9 11:15.2 12:16.1 13:16.2 14:16.4 15:16.8 16:16.6 17:16.2 18:16.4 19:16.9 20:17.0 21:17.2 22:16.0 23:15.8 24:16.7 25:16.9 26:16.8 27:16.9 28:17.0 29:16.8 30:16.4 31:17.7 32:16.8 33:16.6 34:16.1 35:17.7 36:17.9 37:18.4 38:18.9 39:17.9 | mean 16.7
0823 21:33:26 ds4-server: chat ctx=1172..1222:50 gen=1050 THINKING decoding chunk=16.49 t/s avg=16.82 t/s 62.432s
0823 21:33:30 ds4-server: chat ctx=1222..1272:50 gen=1100 THINKING decoding chunk=16.16 t/s avg=16.79 t/s 65.527s
0823 21:33:33 ds4-server: chat ctx=1272..1322:50 gen=1150 THINKING decoding chunk=15.56 t/s avg=16.73 t/s 68.740s
ds4: qwen35moe experts/token avg over 128 tokens: 0:16.0 1:17.5 2:16.4 3:16.9 4:16.7 5:18.0 6:17.7 7:18.0 8:17.8 9:17.3 10:16.3 11:16.2 12:16.2 13:17.2 14:17.8 15:17.9 16:17.9 17:17.5 18:17.6 19:17.9 20:17.7 21:17.6 22:17.4 23:17.3 24:16.7 25:17.1 26:17.3 27:17.8 28:17.6 29:17.3 30:18.0 31:18.0 32:17.4 33:17.0 34:17.6 35:19.0 36:18.8 37:19.4 38:19.6 39:19.1 | mean 17.6
0823 21:33:36 ds4-server: chat ctx=1322..1372:50 gen=1200 THINKING decoding chunk=15.51 t/s avg=16.67 t/s 71.964s
0823 21:33:39 ds4-server: chat ctx=1372..1422:50 gen=1250 THINKING decoding chunk=15.64 t/s avg=16.63 t/s 75.161s
0823 21:33:42 ds4-server: chat ctx=1422..1472:50 gen=1300 THINKING decoding chunk=15.54 t/s avg=16.59 t/s 78.378s
ds4: qwen35moe experts/token avg over 128 tokens: 0:15.2 1:17.0 2:15.9 3:17.5 4:17.4 5:17.9 6:17.5 7:18.5 8:18.1 9:18.1 10:17.3 11:16.5 12:17.2 13:17.6 14:18.3 15:18.0 16:17.4 17:17.6 18:16.6 19:18.2 20:17.8 21:18.4 22:16.8 23:17.1 24:17.4 25:17.5 26:17.6 27:17.5 28:17.3 29:16.8 30:16.6 31:18.5 32:16.7 33:17.3 34:17.3 35:18.3 36:18.3 37:19.2 38:19.6 39:18.9 | mean 17.6
0823 21:33:45 ds4-server: chat ctx=1472..1522:50 gen=1350 THINKING decoding chunk=16.16 t/s avg=16.57 t/s 81.473s
0823 21:33:49 ds4-server: chat ctx=1522..1572:50 gen=1400 THINKING decoding chunk=15.75 t/s avg=16.54 t/s 84.647s
ds4: qwen35moe experts/token avg over 128 tokens: 0:14.8 1:15.9 2:15.0 3:15.8 4:15.7 5:15.9 6:15.1 7:16.7 8:17.0 9:16.4 10:14.4 11:14.3 12:16.1 13:15.9 14:15.5 15:16.1 16:16.2 17:15.9 18:15.8 19:16.3 20:16.5 21:16.6 22:14.7 23:15.0 24:15.8 25:15.9 26:15.4 27:16.0 28:16.1 29:15.9 30:16.2 31:17.1 32:15.3 33:14.8 34:15.1 35:16.6 36:16.7 37:17.7 38:18.7 39:16.9 | mean 15.9
0823 21:33:52 ds4-server: chat ctx=1572..1622:50 gen=1450 THINKING decoding chunk=15.77 t/s avg=16.51 t/s 87.817s
0823 21:33:55 ds4-server: chat ctx=1622..1672:50 gen=1500 THINKING decoding chunk=15.70 t/s avg=16.48 t/s 91.002s
0823 21:33:58 ds4-server: chat ctx=1672..1722:50 gen=1550 THINKING decoding chunk=15.37 t/s avg=16.44 t/s 94.255s
ds4: qwen35moe experts/token avg over 128 tokens: 0:13.9 1:15.4 2:15.6 3:15.9 4:16.4 5:15.4 6:15.5 7:16.6 8:17.6 9:16.8 10:15.1 11:14.6 12:16.3 13:16.4 14:15.8 15:16.3 16:16.2 17:16.1 18:15.8 19:16.6 20:17.1 21:17.3 22:15.7 23:15.7 24:16.1 25:16.5 26:16.0 27:16.5 28:16.0 29:16.3 30:15.8 31:17.0 32:16.2 33:15.1 34:14.8 35:17.5 36:17.5 37:18.6 38:18.8 39:17.7 | mean 16.3
0823 21:34:02 ds4-server: chat ctx=1722..1772:50 gen=1600 THINKING decoding chunk=15.25 t/s avg=16.40 t/s 97.534s
0823 21:34:05 ds4-server: chat ctx=1772..1822:50 gen=1650 THINKING decoding chunk=14.74 t/s avg=16.35 t/s 100.927s
ds4: qwen35moe experts/token avg over 128 tokens: 0:15.9 1:18.1 2:17.0 3:18.0 4:18.0 5:18.4 6:18.6 7:19.1 8:18.6 9:18.2 10:17.5 11:17.3 12:16.9 13:17.8 14:18.4 15:18.5 16:18.5 17:18.4 18:18.1 19:18.5 20:18.4 21:18.5 22:17.5 23:17.7 24:17.8 25:18.4 26:17.8 27:18.3 28:18.1 29:17.6 30:18.2 31:18.5 32:17.7 33:18.2 34:18.4 35:18.9 36:19.1 37:19.6 38:19.5 39:19.3 | mean 18.2
0823 21:34:08 ds4-server: chat ctx=1822..1872:50 gen=1700 THINKING decoding chunk=14.89 t/s avg=16.30 t/s 104.285s
0823 21:34:12 ds4-server: chat ctx=1872..1922:50 gen=1750 THINKING decoding chunk=14.74 t/s avg=16.25 t/s 107.678s
0823 21:34:15 ds4-server: chat ctx=1922..1972:50 gen=1800 THINKING decoding chunk=15.25 t/s avg=16.22 t/s 110.957s
ds4: qwen35moe experts/token avg over 128 tokens: 0:14.8 1:15.9 2:16.1 3:16.8 4:17.4 5:16.9 6:17.0 7:17.4 8:18.2 9:17.4 10:16.6 11:16.0 12:16.9 13:17.2 14:17.4 15:17.1 16:17.5 17:17.4 18:17.0 19:17.4 20:17.6 21:18.5 22:16.7 23:16.6 24:17.5 25:16.8 26:17.5 27:16.8 28:17.3 29:17.2 30:17.0 31:18.0 32:17.4 33:16.8 34:16.4 35:18.0 36:18.1 37:18.7 38:19.1 39:18.4 | mean 17.2
0823 21:34:18 ds4-server: chat ctx=1972..2022:50 gen=1850 THINKING decoding chunk=15.31 t/s avg=16.20 t/s 114.223s
0823 21:34:22 ds4-server: chat ctx=2022..2072:50 gen=1900 THINKING decoding chunk=15.25 t/s avg=16.17 t/s 117.502s
ds4: qwen35moe experts/token avg over 128 tokens: 0:13.8 1:15.5 2:14.5 3:15.8 4:15.9 5:15.8 6:15.2 7:16.5 8:16.5 9:16.5 10:14.8 11:14.2 12:15.3 13:15.3 14:15.0 15:15.7 16:15.9 17:15.0 18:15.4 19:15.5 20:16.1 21:16.5 22:15.0 23:14.7 24:15.5 25:15.5 26:15.2 27:15.4 28:15.5 29:15.3 30:14.8 31:16.3 32:15.1 33:14.5 34:14.2 35:17.0 36:16.3 37:17.6 38:19.0 39:16.9 | mean 15.6
0823 21:34:25 ds4-server: chat ctx=2072..2122:50 gen=1950 THINKING decoding chunk=15.27 t/s avg=16.15 t/s 120.777s
0823 21:34:28 ds4-server: chat ctx=2122..2172:50 gen=2000 THINKING decoding chunk=15.06 t/s avg=16.12 t/s 124.096s
0823 21:34:32 ds4-server: chat ctx=2172..2222:50 gen=2050 THINKING decoding chunk=14.53 t/s avg=16.07 t/s 127.537s
ds4: qwen35moe experts/token avg over 128 tokens: 0:15.5 1:16.9 2:16.1 3:17.4 4:16.9 5:17.3 6:17.3 7:18.3 8:18.2 9:17.8 10:16.5 11:16.4 12:16.8 13:16.9 14:17.3 15:17.9 16:17.4 17:17.1 18:17.2 19:17.3 20:17.8 21:17.8 22:16.9 23:16.6 24:17.3 25:17.4 26:16.4 27:17.0 28:16.9 29:17.2 30:16.9 31:17.5 32:16.6 33:16.4 34:16.7 35:18.3 36:17.9 37:18.6 38:19.0 39:18.3 | mean 17.2
0823 21:34:35 ds4-server: chat ctx=2222..2272:50 gen=2100 THINKING decoding chunk=14.25 t/s avg=16.03 t/s 131.045s
0823 21:34:39 ds4-server: chat ctx=2272..2322:50 gen=2150 THINKING decoding chunk=14.46 t/s avg=15.98 t/s 134.503s
0823 21:34:42 ds4-server: chat ctx=2322..2372:50 gen=2200 THINKING decoding chunk=14.40 t/s avg=15.94 t/s 137.976s
ds4: qwen35moe experts/token avg over 128 tokens: 0:15.3 1:16.5 2:16.1 3:17.6 4:18.0 5:18.2 6:18.1 7:18.8 8:18.7 9:18.2 10:17.5 11:16.8 12:17.9 13:18.3 14:18.2 15:18.5 16:18.4 17:18.0 18:16.9 19:18.4 20:18.1 21:18.6 22:17.2 23:16.6 24:17.2 25:17.8 26:17.5 27:17.6 28:17.5 29:16.8 30:16.7 31:18.1 32:16.7 33:17.3 34:16.8 35:18.1 36:18.1 37:18.6 38:19.4 39:17.7 | mean 17.7
0823 21:34:45 ds4-server: chat ctx=2372..2422:50 gen=2250 THINKING decoding chunk=14.49 t/s avg=15.91 t/s 141.427s
0823 21:34:49 ds4-server: chat ctx=2422..2472:50 gen=2300 THINKING decoding chunk=14.56 t/s avg=15.88 t/s 144.861s
ds4: qwen35moe experts/token avg over 128 tokens: 0:13.8 1:15.6 2:14.8 3:16.5 4:16.7 5:16.2 6:16.0 7:17.1 8:17.6 9:16.9 10:15.3 11:15.0 12:16.6 13:16.0 14:16.5 15:16.5 16:16.6 17:16.4 18:16.2 19:16.4 20:17.6 21:17.3 22:15.7 23:15.8 24:16.8 25:16.0 26:16.4 27:15.6 28:16.5 29:16.3 30:16.1 31:16.9 32:16.2 33:16.0 34:16.3 35:17.8 36:17.2 37:18.0 38:19.1 39:17.5 | mean 16.4
0823 21:34:52 ds4-server: chat ctx=2472..2522:50 gen=2350 THINKING decoding chunk=14.60 t/s avg=15.85 t/s 148.286s
0823 21:34:56 ds4-server: chat ctx=2522..2572:50 gen=2400 decoding chunk=14.54 t/s avg=15.82 t/s 151.725s
0823 21:34:59 ds4-server: chat ctx=2572..2622:50 gen=2450 decoding chunk=14.26 t/s avg=15.78 t/s 155.232s
ds4: qwen35moe experts/token avg over 128 tokens: 0:14.2 1:16.0 2:14.9 3:16.8 4:16.9 5:16.7 6:16.3 7:17.6 8:18.1 9:17.4 10:15.8 11:15.8 12:17.4 13:16.8 14:17.3 15:17.1 16:17.1 17:16.5 18:16.4 19:16.6 20:17.4 21:17.3 22:16.0 23:15.4 24:16.7 25:16.7 26:17.2 27:16.7 28:16.9 29:16.8 30:16.0 31:18.1 32:15.9 33:16.0 34:16.3 35:17.8 36:18.2 37:18.1 38:19.2 39:18.2 | mean 16.8
0823 21:35:03 ds4-server: chat ctx=2622..2672:50 gen=2500 decoding chunk=14.09 t/s avg=15.74 t/s 158.781s
0823 21:35:06 ds4-server: chat ctx=2672..2722:50 gen=2550 decoding chunk=13.89 t/s avg=15.70 t/s 162.380s
ds4: qwen35moe experts/token avg over 128 tokens: 0:15.2 1:17.4 2:17.3 3:18.2 4:16.9 5:18.5 6:18.1 7:18.6 8:18.9 9:17.8 10:17.2 11:16.8 12:17.0 13:17.6 14:17.9 15:18.4 16:18.2 17:18.1 18:17.8 19:18.3 20:18.3 21:18.2 22:17.5 23:17.4 24:17.8 25:18.4 26:17.8 27:18.0 28:17.7 29:17.6 30:18.1 31:18.4 32:18.2 33:17.9 34:18.3 35:18.9 36:19.3 37:19.3 38:19.7 39:19.8 | mean 18.0
0823 21:35:10 ds4-server: chat ctx=2722..2772:50 gen=2600 decoding chunk=13.69 t/s avg=15.66 t/s 166.034s
0823 21:35:14 ds4-server: chat ctx=2772..2822:50 gen=2650 decoding chunk=13.99 t/s avg=15.62 t/s 169.608s
0823 21:35:17 ds4-server: chat ctx=2822..2872:50 gen=2700 decoding chunk=13.64 t/s avg=15.58 t/s 173.274s
ds4: qwen35moe experts/token avg over 128 tokens: 0:14.7 1:17.1 2:16.9 3:18.4 4:17.5 5:18.2 6:18.2 7:18.7 8:17.9 9:18.6 10:17.6 11:16.8 12:18.0 13:18.1 14:18.2 15:18.6 16:18.3 17:18.1 18:17.0 19:18.5 20:18.3 21:18.6 22:17.2 23:16.9 24:17.8 25:17.9 26:17.9 27:17.8 28:18.0 29:16.9 30:17.0 31:18.8 32:16.9 33:17.0 34:17.3 35:18.3 36:18.6 37:19.1 38:19.6 39:19.0 | mean 17.9
0823 21:35:21 ds4-server: chat ctx=2872..2922:50 gen=2750 decoding chunk=13.57 t/s avg=15.54 t/s 176.960s
0823 21:35:25 ds4-server: chat ctx=2922..2972:50 gen=2800 decoding chunk=13.78 t/s avg=15.50 t/s 180.588s
0823 21:35:27 ds4-server: chat ctx=2972..3011:39 gen=2839 decoding chunk=13.73 t/s avg=15.48 t/s 183.428s
0823 21:35:27 ds4-server: thinking live checkpoint remembered ctx=0..172:172 live=3011 visible=2142
0823 21:35:27 ds4-server: chat ctx=0..172:172 gen=2839 finish=stop 192.743s
0823 21:35:27 ds4-server: live kv cache miss live=3011 prompt=101 common=56 reason=token-mismatch
0823 21:35:27 ds4-server: chat ctx=0..101:101 prompt start
0823 21:35:27 ds4-server: chat ctx=0..101:101 prefill chunk 1/101 (1.0%) chunk=0.00 t/s avg=19.86 t/s 0.050s
0823 21:35:28 ds4-server: chat ctx=0..101:101 prefill chunk 2/101 (2.0%) chunk=19.13 t/s avg=19.49 t/s 0.103s
ds4: qwen35moe experts/token avg over 128 tokens: 0:14.3 1:16.1 2:16.3 3:17.8 4:17.3 5:18.4 6:17.6 7:18.5 8:18.6 9:17.8 10:17.5 11:16.9 12:18.1 13:18.4 14:18.5 15:17.7 16:17.9 17:17.8 18:17.7 19:17.9 20:18.2 21:18.2 22:17.2 23:17.3 24:17.6 25:17.7 26:18.1 27:17.5 28:17.5 29:17.3 30:16.8 31:18.5 32:17.0 33:16.9 34:17.1 35:18.3 36:18.3 37:19.0 38:19.0 39:18.5 | mean 17.7
0823 21:35:28 ds4-server: chat ctx=0..101:101 prefill chunk 3/101 (3.0%) chunk=19.80 t/s avg=19.59 t/s 0.153s
0823 21:35:28 ds4-server: chat ctx=0..101:101 prefill chunk 4/101 (4.0%) chunk=19.42 t/s avg=19.55 t/s 0.205s
0823 21:35:28 ds4-server: chat ctx=0..101:101 prefill chunk 5/101 (5.0%) chunk=19.69 t/s avg=19.58 t/s 0.255s
0823 21:35:28 ds4-server: chat ctx=0..101:101 prefill chunk 6/101 (5.9%) chunk=19.21 t/s avg=19.51 t/s 0.307s
0823 21:35:28 ds4-server: chat ctx=0..101:101 prefill chunk 7/101 (6.9%) chunk=19.65 t/s avg=19.53 t/s 0.358s
0823 21:35:28 ds4-server: chat ctx=0..101:101 prefill chunk 8/101 (7.9%) chunk=19.04 t/s avg=19.47 t/s 0.411s
0823 21:35:28 ds4-server: chat ctx=0..101:101 prefill chunk 9/101 (8.9%) chunk=19.15 t/s avg=19.43 t/s 0.463s
0823 21:35:28 ds4-server: chat ctx=0..101:101 prefill chunk 10/101 (9.9%) chunk=19.87 t/s avg=19.48 t/s 0.513s
0823 21:35:28 ds4-server: chat ctx=0..101:101 prefill chunk 11/101 (10.9%) chunk=18.72 t/s avg=19.41 t/s 0.567s
0823 21:35:28 ds4-server: chat ctx=0..101:101 prefill chunk 12/101 (11.9%) chunk=19.49 t/s avg=19.41 t/s 0.618s
0823 21:35:28 ds4-server: chat ctx=0..101:101 prefill chunk 13/101 (12.9%) chunk=18.45 t/s avg=19.33 t/s 0.672s
0823 21:35:28 ds4-server: chat ctx=0..101:101 prefill chunk 14/101 (13.9%) chunk=18.75 t/s avg=19.29 t/s 0.726s
0823 21:35:28 ds4-server: chat ctx=0..101:101 prefill chunk 15/101 (14.9%) chunk=18.73 t/s avg=19.25 t/s 0.779s
0823 21:35:28 ds4-server: chat ctx=0..101:101 prefill chunk 16/101 (15.8%) chunk=18.61 t/s avg=19.21 t/s 0.833s
0823 21:35:28 ds4-server: chat ctx=0..101:101 prefill chunk 17/101 (16.8%) chunk=19.34 t/s avg=19.22 t/s 0.885s
0823 21:35:28 ds4-server: chat ctx=0..101:101 prefill chunk 18/101 (17.8%) chunk=18.52 t/s avg=19.18 t/s 0.939s
0823 21:35:28 ds4-server: chat ctx=0..101:101 prefill chunk 19/101 (18.8%) chunk=18.65 t/s avg=19.15 t/s 0.992s
0823 21:35:28 ds4-server: chat ctx=0..101:101 prefill chunk 20/101 (19.8%) chunk=18.30 t/s avg=19.11 t/s 1.047s
0823 21:35:29 ds4-server: chat ctx=0..101:101 prefill chunk 21/101 (20.8%) chunk=18.51 t/s avg=19.08 t/s 1.101s
0823 21:35:29 ds4-server: chat ctx=0..101:101 prefill chunk 22/101 (21.8%) chunk=19.79 t/s avg=19.11 t/s 1.151s
0823 21:35:29 ds4-server: chat ctx=0..101:101 prefill chunk 23/101 (22.8%) chunk=18.92 t/s avg=19.10 t/s 1.204s
0823 21:35:29 ds4-server: chat ctx=0..101:101 prefill chunk 24/101 (23.8%) chunk=19.53 t/s avg=19.12 t/s 1.255s
0823 21:35:29 ds4-server: chat ctx=0..101:101 prefill chunk 25/101 (24.8%) chunk=18.89 t/s avg=19.11 t/s 1.308s
0823 21:35:29 ds4-server: chat ctx=0..101:101 prefill chunk 26/101 (25.7%) chunk=19.02 t/s avg=19.10 t/s 1.361s
0823 21:35:29 ds4-server: chat ctx=0..101:101 prefill chunk 27/101 (26.7%) chunk=19.31 t/s avg=19.11 t/s 1.413s
0823 21:35:29 ds4-server: chat ctx=0..101:101 prefill chunk 28/101 (27.7%) chunk=18.68 t/s avg=19.10 t/s 1.466s
0823 21:35:29 ds4-server: chat ctx=0..101:101 prefill chunk 29/101 (28.7%) chunk=18.93 t/s avg=19.09 t/s 1.519s
0823 21:35:29 ds4-server: chat ctx=0..101:101 prefill chunk 30/101 (29.7%) chunk=18.61 t/s avg=19.07 t/s 1.573s
0823 21:35:29 ds4-server: chat ctx=0..101:101 prefill chunk 31/101 (30.7%) chunk=18.20 t/s avg=19.04 t/s 1.628s
0823 21:35:29 ds4-server: chat ctx=0..101:101 prefill chunk 32/101 (31.7%) chunk=18.94 t/s avg=19.04 t/s 1.681s
0823 21:35:29 ds4-server: chat ctx=0..101:101 prefill chunk 33/101 (32.7%) chunk=18.66 t/s avg=19.03 t/s 1.734s
0823 21:35:29 ds4-server: chat ctx=0..101:101 prefill chunk 34/101 (33.7%) chunk=18.82 t/s avg=19.02 t/s 1.787s
0823 21:35:29 ds4-server: chat ctx=0..101:101 prefill chunk 35/101 (34.7%) chunk=18.09 t/s avg=18.99 t/s 1.843s
0823 21:35:29 ds4-server: chat ctx=0..101:101 prefill chunk 36/101 (35.6%) chunk=18.55 t/s avg=18.98 t/s 1.897s
0823 21:35:29 ds4-server: chat ctx=0..101:101 prefill chunk 37/101 (36.6%) chunk=17.79 t/s avg=18.95 t/s 1.953s
0823 21:35:29 ds4-server: chat ctx=0..101:101 prefill chunk 38/101 (37.6%) chunk=17.88 t/s avg=18.92 t/s 2.009s
0823 21:35:30 ds4-server: chat ctx=0..101:101 prefill chunk 39/101 (38.6%) chunk=18.01 t/s avg=18.89 t/s 2.064s
0823 21:35:30 ds4-server: chat ctx=0..101:101 prefill chunk 40/101 (39.6%) chunk=18.84 t/s avg=18.89 t/s 2.117s
0823 21:35:30 ds4-server: chat ctx=0..101:101 prefill chunk 41/101 (40.6%) chunk=18.15 t/s avg=18.87 t/s 2.172s
0823 21:35:30 ds4-server: chat ctx=0..101:101 prefill chunk 42/101 (41.6%) chunk=18.23 t/s avg=18.86 t/s 2.227s
0823 21:35:30 ds4-server: chat ctx=0..101:101 prefill chunk 43/101 (42.6%) chunk=19.38 t/s avg=18.87 t/s 2.279s
0823 21:35:30 ds4-server: chat ctx=0..101:101 prefill chunk 44/101 (43.6%) chunk=18.53 t/s avg=18.86 t/s 2.333s
0823 21:35:30 ds4-server: chat ctx=0..101:101 prefill chunk 45/101 (44.6%) chunk=19.18 t/s avg=18.87 t/s 2.385s
0823 21:35:30 ds4-server: chat ctx=0..101:101 prefill chunk 46/101 (45.5%) chunk=18.26 t/s avg=18.85 t/s 2.440s
0823 21:35:30 ds4-server: chat ctx=0..101:101 prefill chunk 47/101 (46.5%) chunk=18.26 t/s avg=18.84 t/s 2.494s
0823 21:35:30 ds4-server: chat ctx=0..101:101 prefill chunk 48/101 (47.5%) chunk=19.47 t/s avg=18.85 t/s 2.546s
0823 21:35:30 ds4-server: chat ctx=0..101:101 prefill chunk 49/101 (48.5%) chunk=18.66 t/s avg=18.85 t/s 2.599s
0823 21:35:30 ds4-server: chat ctx=0..101:101 prefill chunk 50/101 (49.5%) chunk=19.31 t/s avg=18.86 t/s 2.651s
0823 21:35:30 ds4-server: chat ctx=0..101:101 prefill chunk 51/101 (50.5%) chunk=18.47 t/s avg=18.85 t/s 2.705s
0823 21:35:30 ds4-server: chat ctx=0..101:101 prefill chunk 52/101 (51.5%) chunk=18.21 t/s avg=18.84 t/s 2.760s
0823 21:35:30 ds4-server: chat ctx=0..101:101 prefill chunk 53/101 (52.5%) chunk=19.35 t/s avg=18.85 t/s 2.812s
0823 21:35:30 ds4-server: chat ctx=0..101:101 prefill chunk 54/101 (53.5%) chunk=19.10 t/s avg=18.85 t/s 2.864s
0823 21:35:30 ds4-server: chat ctx=0..101:101 prefill chunk 55/101 (54.5%) chunk=20.06 t/s avg=18.87 t/s 2.914s
0823 21:35:30 ds4-server: chat ctx=0..101:101 prefill chunk 56/101 (55.4%) chunk=20.07 t/s avg=18.89 t/s 2.964s
0823 21:35:30 ds4-server: chat ctx=0..101:101 prefill chunk 57/101 (56.4%) chunk=19.52 t/s avg=18.90 t/s 3.015s
0823 21:35:31 ds4-server: chat ctx=0..101:101 prefill chunk 58/101 (57.4%) chunk=18.43 t/s avg=18.90 t/s 3.069s
0823 21:35:31 ds4-server: chat ctx=0..101:101 prefill chunk 59/101 (58.4%) chunk=19.32 t/s avg=18.90 t/s 3.121s
0823 21:35:31 ds4-server: chat ctx=0..101:101 prefill chunk 60/101 (59.4%) chunk=18.37 t/s avg=18.89 t/s 3.176s
0823 21:35:31 ds4-server: chat ctx=0..101:101 prefill chunk 61/101 (60.4%) chunk=18.84 t/s avg=18.89 t/s 3.229s
0823 21:35:31 ds4-server: chat ctx=0..101:101 prefill chunk 62/101 (61.4%) chunk=19.33 t/s avg=18.90 t/s 3.281s
0823 21:35:31 ds4-server: chat ctx=0..101:101 prefill chunk 63/101 (62.4%) chunk=18.72 t/s avg=18.90 t/s 3.334s
0823 21:35:31 ds4-server: chat ctx=0..101:101 prefill chunk 64/101 (63.4%) chunk=19.29 t/s avg=18.90 t/s 3.386s
0823 21:35:31 ds4-server: chat ctx=0..101:101 prefill chunk 65/101 (64.4%) chunk=18.32 t/s avg=18.89 t/s 3.440s
0823 21:35:31 ds4-server: chat ctx=0..101:101 prefill chunk 66/101 (65.3%) chunk=18.18 t/s avg=18.88 t/s 3.495s
0823 21:35:31 ds4-server: chat ctx=0..101:101 prefill chunk 67/101 (66.3%) chunk=19.57 t/s avg=18.89 t/s 3.546s
0823 21:35:31 ds4-server: chat ctx=0..101:101 prefill chunk 68/101 (67.3%) chunk=18.65 t/s avg=18.89 t/s 3.600s
0823 21:35:31 ds4-server: chat ctx=0..101:101 prefill chunk 69/101 (68.3%) chunk=19.09 t/s avg=18.89 t/s 3.652s
0823 21:35:31 ds4-server: chat ctx=0..101:101 prefill chunk 70/101 (69.3%) chunk=17.96 t/s avg=18.88 t/s 3.708s
0823 21:35:31 ds4-server: chat ctx=0..101:101 prefill chunk 71/101 (70.3%) chunk=18.14 t/s avg=18.87 t/s 3.763s
0823 21:35:31 ds4-server: chat ctx=0..101:101 prefill chunk 72/101 (71.3%) chunk=19.00 t/s avg=18.87 t/s 3.816s
0823 21:35:31 ds4-server: chat ctx=0..101:101 prefill chunk 73/101 (72.3%) chunk=18.09 t/s avg=18.86 t/s 3.871s
0823 21:35:31 ds4-server: chat ctx=0..101:101 prefill chunk 74/101 (73.3%) chunk=18.90 t/s avg=18.86 t/s 3.924s
0823 21:35:31 ds4-server: chat ctx=0..101:101 prefill chunk 75/101 (74.3%) chunk=18.16 t/s avg=18.85 t/s 3.979s
0823 21:35:31 ds4-server: chat ctx=0..101:101 prefill chunk 76/101 (75.2%) chunk=18.30 t/s avg=18.84 t/s 4.034s
0823 21:35:32 ds4-server: chat ctx=0..101:101 prefill chunk 77/101 (76.2%) chunk=18.61 t/s avg=18.84 t/s 4.088s
0823 21:35:32 ds4-server: chat ctx=0..101:101 prefill chunk 78/101 (77.2%) chunk=18.24 t/s avg=18.83 t/s 4.142s
0823 21:35:32 ds4-server: chat ctx=0..101:101 prefill chunk 79/101 (78.2%) chunk=18.07 t/s avg=18.82 t/s 4.198s
0823 21:35:32 ds4-server: chat ctx=0..101:101 prefill chunk 80/101 (79.2%) chunk=18.76 t/s avg=18.82 t/s 4.251s
0823 21:35:32 ds4-server: chat ctx=0..101:101 prefill chunk 81/101 (80.2%) chunk=18.17 t/s avg=18.81 t/s 4.306s
0823 21:35:32 ds4-server: chat ctx=0..101:101 prefill chunk 82/101 (81.2%) chunk=18.08 t/s avg=18.80 t/s 4.361s
0823 21:35:32 ds4-server: chat ctx=0..101:101 prefill chunk 83/101 (82.2%) chunk=18.50 t/s avg=18.80 t/s 4.415s
0823 21:35:32 ds4-server: chat ctx=0..101:101 prefill chunk 84/101 (83.2%) chunk=18.65 t/s avg=18.80 t/s 4.469s
0823 21:35:32 ds4-server: chat ctx=0..101:101 prefill chunk 85/101 (84.2%) chunk=18.98 t/s avg=18.80 t/s 4.522s
0823 21:35:32 ds4-server: chat ctx=0..101:101 prefill chunk 86/101 (85.1%) chunk=18.24 t/s avg=18.79 t/s 4.577s
0823 21:35:32 ds4-server: chat ctx=0..101:101 prefill chunk 87/101 (86.1%) chunk=18.65 t/s avg=18.79 t/s 4.630s
0823 21:35:32 ds4-server: chat ctx=0..101:101 prefill chunk 88/101 (87.1%) chunk=18.62 t/s avg=18.79 t/s 4.684s
0823 21:35:32 ds4-server: chat ctx=0..101:101 prefill chunk 89/101 (88.1%) chunk=17.71 t/s avg=18.77 t/s 4.740s
0823 21:35:32 ds4-server: chat ctx=0..101:101 prefill chunk 90/101 (89.1%) chunk=18.13 t/s avg=18.77 t/s 4.796s
0823 21:35:32 ds4-server: chat ctx=0..101:101 prefill chunk 91/101 (90.1%) chunk=18.64 t/s avg=18.77 t/s 4.849s
0823 21:35:32 ds4-server: chat ctx=0..101:101 prefill chunk 92/101 (91.1%) chunk=17.68 t/s avg=18.75 t/s 4.906s
0823 21:35:32 ds4-server: chat ctx=0..101:101 prefill chunk 93/101 (92.1%) chunk=18.37 t/s avg=18.75 t/s 4.960s
0823 21:35:32 ds4-server: chat ctx=0..101:101 prefill chunk 94/101 (93.1%) chunk=18.86 t/s avg=18.75 t/s 5.013s
0823 21:35:33 ds4-server: chat ctx=0..101:101 prefill chunk 95/101 (94.1%) chunk=18.16 t/s avg=18.74 t/s 5.068s
0823 21:35:33 ds4-server: chat ctx=0..101:101 prefill chunk 96/101 (95.0%) chunk=18.65 t/s avg=18.74 t/s 5.122s
0823 21:35:33 ds4-server: chat ctx=0..101:101 prefill chunk 97/101 (96.0%) chunk=18.04 t/s avg=18.74 t/s 5.177s
0823 21:35:33 ds4-server: chat ctx=0..101:101 prefill chunk 98/101 (97.0%) chunk=18.97 t/s avg=18.74 t/s 5.230s
0823 21:35:33 ds4-server: chat ctx=0..101:101 prefill chunk 99/101 (98.0%) chunk=18.32 t/s avg=18.73 t/s 5.285s
0823 21:35:33 ds4-server: chat ctx=0..101:101 prefill chunk 100/101 (99.0%) chunk=18.98 t/s avg=18.74 t/s 5.337s
0823 21:35:33 ds4-server: chat ctx=0..101:101 prefill chunk 101/101 (100.0%) chunk=19.93 t/s avg=18.75 t/s 5.387s
0823 21:35:33 ds4-server: chat ctx=0..101:101 prompt done 5.387s
ds4: qwen35moe experts/token avg over 128 tokens: 0:13.9 1:14.2 2:14.2 3:15.2 4:14.8 5:14.4 6:13.9 7:15.5 8:15.7 9:15.4 10:14.0 11:13.6 12:14.7 13:14.1 14:14.6 15:15.0 16:14.4 17:14.3 18:14.7 19:14.2 20:15.8 21:15.2 22:14.6 23:14.5 24:15.1 25:14.5 26:14.6 27:15.2 28:14.8 29:15.1 30:15.0 31:15.7 32:15.5 33:16.2 34:16.1 35:17.8 36:18.2 37:18.9 38:19.0 39:18.7 | mean 15.3
0823 21:35:36 ds4-server: chat ctx=101..151:50 gen=50 THINKING decoding chunk=18.45 t/s avg=18.45 t/s 2.710s
0823 21:35:38 ds4-server: chat ctx=151..201:50 gen=100 THINKING decoding chunk=17.96 t/s avg=18.20 t/s 5.494s
0823 21:35:41 ds4-server: chat ctx=201..251:50 gen=150 THINKING decoding chunk=18.33 t/s avg=18.24 t/s 8.222s
ds4: qwen35moe experts/token avg over 128 tokens: 0:14.7 1:16.3 2:15.5 3:16.4 4:16.1 5:16.3 6:15.6 7:16.2 8:16.6 9:16.9 10:15.2 11:14.6 12:15.6 13:15.5 14:15.1 15:15.9 16:15.7 17:15.6 18:15.4 19:14.8 20:15.9 21:15.6 22:15.3 23:15.2 24:16.0 25:15.7 26:15.3 27:16.1 28:16.2 29:16.3 30:16.0 31:16.6 32:16.2 33:17.0 34:16.9 35:18.3 36:18.5 37:18.5 38:19.1 39:18.5 | mean 16.2
0823 21:35:44 ds4-server: chat ctx=251..301:50 gen=200 THINKING decoding chunk=18.18 t/s avg=18.23 t/s 10.972s
0823 21:35:47 ds4-server: chat ctx=301..351:50 gen=250 THINKING decoding chunk=17.80 t/s avg=18.14 t/s 13.781s
ds4: qwen35moe experts/token avg over 128 tokens: 0:15.0 1:16.3 2:16.0 3:17.3 4:16.5 5:16.2 6:15.6 7:16.9 8:17.4 9:17.4 10:15.6 11:15.1 12:16.0 13:15.5 14:15.9 15:16.2 16:15.7 17:15.8 18:15.5 19:15.9 20:15.7 21:15.7 22:15.0 23:14.5 24:15.7 25:15.4 26:16.0 27:16.5 28:15.8 29:15.8 30:15.1 31:16.6 32:15.2 33:16.1 34:16.3 35:17.4 36:17.1 37:17.3 38:18.4 39:17.6 | mean 16.1
0823 21:35:49 ds4-server: chat ctx=351..401:50 gen=300 THINKING decoding chunk=17.70 t/s avg=18.07 t/s 16.605s
0823 21:35:52 ds4-server: chat ctx=401..451:50 gen=350 THINKING decoding chunk=17.42 t/s avg=17.97 t/s 19.475s
0823 21:35:55 ds4-server: chat ctx=451..501:50 gen=400 THINKING decoding chunk=17.73 t/s avg=17.94 t/s 22.295s
ds4: qwen35moe experts/token avg over 128 tokens: 0:15.2 1:16.5 2:16.2 3:17.6 4:17.1 5:17.0 6:16.1 7:17.2 8:17.9 9:17.7 10:16.2 11:15.0 12:16.5 13:16.5 14:16.6 15:17.1 16:16.1 17:16.2 18:15.8 19:16.4 20:16.9 21:16.7 22:15.5 23:15.3 24:16.1 25:16.1 26:16.5 27:16.4 28:15.9 29:16.2 30:15.2 31:17.2 32:15.3 33:15.9 34:16.1 35:17.1 36:16.7 37:17.3 38:18.1 39:17.7 | mean 16.5
0823 21:35:58 ds4-server: chat ctx=501..551:50 gen=450 THINKING decoding chunk=17.44 t/s avg=17.88 t/s 25.161s
0823 21:36:01 ds4-server: chat ctx=551..601:50 gen=500 THINKING decoding chunk=17.34 t/s avg=17.83 t/s 28.044s
ds4: qwen35moe experts/token avg over 128 tokens: 0:14.9 1:15.8 2:15.8 3:16.8 4:16.6 5:16.4 6:16.1 7:17.5 8:17.7 9:17.3 10:16.1 11:15.5 12:16.6 13:15.9 14:16.1 15:16.0 16:16.2 17:15.7 18:15.2 19:15.3 20:16.4 21:16.0 22:15.6 23:15.2 24:15.9 25:16.3 26:16.0 27:16.0 28:15.5 29:15.4 30:14.8 31:16.2 32:15.1 33:15.3 34:15.2 35:17.3 36:16.6 37:17.3 38:18.2 39:17.4 | mean 16.1
0823 21:36:04 ds4-server: chat ctx=601..651:50 gen=550 THINKING decoding chunk=17.13 t/s avg=17.76 t/s 30.962s
0823 21:36:07 ds4-server: chat ctx=651..701:50 gen=600 THINKING decoding chunk=16.89 t/s avg=17.69 t/s 33.923s
0823 21:36:10 ds4-server: chat ctx=701..751:50 gen=650 THINKING decoding chunk=16.73 t/s avg=17.61 t/s 36.912s
ds4: qwen35moe experts/token avg over 128 tokens: 0:15.6 1:16.4 2:16.4 3:18.0 4:17.6 5:17.5 6:17.3 7:18.1 8:18.8 9:18.2 10:17.1 11:16.1 12:17.5 13:17.1 14:17.8 15:17.4 16:16.9 17:17.3 18:16.9 19:17.0 20:17.7 21:17.9 22:16.8 23:16.0 24:17.4 25:16.0 26:16.6 27:16.4 28:15.9 29:17.0 30:15.9 31:17.7 32:15.9 33:16.0 34:16.5 35:18.0 36:17.6 37:18.4 38:18.9 39:18.2 | mean 17.1
0823 21:36:13 ds4-server: chat ctx=751..801:50 gen=700 THINKING decoding chunk=16.86 t/s avg=17.55 t/s 39.878s
0823 21:36:16 ds4-server: chat ctx=801..851:50 gen=750 THINKING decoding chunk=17.11 t/s avg=17.52 t/s 42.800s
ds4: qwen35moe experts/token avg over 128 tokens: 0:14.3 1:16.0 2:15.6 3:16.5 4:16.6 5:16.4 6:15.6 7:17.3 8:17.2 9:17.1 10:15.1 11:15.0 12:16.4 13:16.2 14:15.8 15:16.3 16:16.4 17:16.0 18:15.8 19:15.7 20:16.7 21:16.4 22:15.6 23:15.2 24:16.0 25:15.8 26:16.1 27:15.4 28:15.7 29:15.9 30:14.9 31:16.7 32:15.1 33:14.9 34:14.7 35:16.7 36:16.5 37:17.0 38:18.5 39:17.5 | mean 16.1
0823 21:36:19 ds4-server: chat ctx=851..901:50 gen=800 THINKING decoding chunk=16.92 t/s avg=17.48 t/s 45.755s
0823 21:36:22 ds4-server: chat ctx=901..951:50 gen=850 THINKING decoding chunk=16.93 t/s avg=17.45 t/s 48.708s
0823 21:36:25 ds4-server: chat ctx=951..1001:50 gen=900 THINKING decoding chunk=16.52 t/s avg=17.40 t/s 51.735s
ds4: qwen35moe experts/token avg over 128 tokens: 0:14.9 1:16.2 2:15.5 3:16.4 4:16.9 5:16.0 6:15.9 7:17.1 8:17.9 9:17.3 10:15.9 11:15.2 12:16.8 13:16.6 14:16.2 15:16.8 16:16.6 17:16.4 18:15.9 19:15.8 20:17.4 21:16.8 22:15.6 23:15.5 24:16.1 25:16.4 26:16.2 27:15.8 28:16.4 29:15.9 30:15.9 31:17.2 32:15.6 33:15.4 34:15.4 35:17.3 36:17.2 37:17.7 38:19.2 39:17.5 | mean 16.4
0823 21:36:28 ds4-server: chat ctx=1001..1051:50 gen=950 THINKING decoding chunk=16.14 t/s avg=17.33 t/s 54.833s
0823 21:36:31 ds4-server: chat ctx=1051..1101:50 gen=1000 THINKING decoding chunk=16.66 t/s avg=17.29 t/s 57.835s
0823 21:36:34 ds4-server: chat ctx=1101..1151:50 gen=1050 THINKING decoding chunk=16.38 t/s avg=17.24 t/s 60.887s
ds4: qwen35moe experts/token avg over 128 tokens: 0:15.1 1:16.1 2:15.4 3:17.6 4:16.9 5:17.0 6:16.6 7:17.5 8:17.8 9:17.3 10:16.3 11:15.8 12:17.1 13:16.1 14:16.6 15:17.0 16:16.2 17:16.2 18:16.1 19:15.4 20:17.3 21:16.5 22:16.0 23:16.0 24:16.5 25:16.2 26:16.4 27:16.4 28:16.2 29:15.7 30:15.5 31:16.3 32:15.2 33:16.2 34:16.2 35:17.2 36:17.6 37:18.0 38:19.3 39:17.7 | mean 16.6
0823 21:36:37 ds4-server: chat ctx=1151..1201:50 gen=1100 THINKING decoding chunk=16.11 t/s avg=17.19 t/s 63.990s
0823 21:36:40 ds4-server: chat ctx=1201..1251:50 gen=1150 THINKING decoding chunk=15.81 t/s avg=17.12 t/s 67.153s
ds4: qwen35moe experts/token avg over 128 tokens: 0:16.0 1:16.4 2:16.6 3:18.3 4:18.1 5:18.3 6:18.3 7:18.6 8:19.1 9:18.8 10:17.7 11:16.4 12:18.2 13:18.1 14:18.1 15:18.1 16:17.3 17:17.4 18:17.3 19:17.0 20:17.7 21:17.9 22:16.3 23:16.2 24:17.6 25:16.9 26:17.1 27:17.3 28:16.1 29:17.4 30:16.1 31:17.3 32:16.0 33:16.1 34:16.0 35:17.7 36:17.7 37:17.9 38:19.0 39:18.2 | mean 17.4
0823 21:36:43 ds4-server: chat ctx=1251..1301:50 gen=1200 THINKING decoding chunk=15.97 t/s avg=17.07 t/s 70.284s
0823 21:36:46 ds4-server: chat ctx=1301..1351:50 gen=1250 THINKING decoding chunk=16.23 t/s avg=17.04 t/s 73.365s
0823 21:36:49 ds4-server: chat ctx=1351..1401:50 gen=1300 THINKING decoding chunk=15.85 t/s avg=16.99 t/s 76.520s
ds4: qwen35moe experts/token avg over 128 tokens: 0:14.5 1:16.3 2:15.4 3:17.2 4:16.9 5:16.9 6:16.5 7:17.8 8:17.8 9:17.8 10:15.9 11:15.6 12:16.8 13:16.2 14:16.6 15:16.5 16:16.4 17:16.6 18:16.1 19:16.0 20:17.0 21:16.4 22:15.9 23:14.9 24:15.5 25:15.9 26:16.0 27:15.5 28:16.3 29:15.9 30:15.2 31:16.6 32:14.6 33:14.3 34:14.5 35:16.3 36:16.6 37:16.9 38:18.7 39:17.2 | mean 16.3
0823 21:36:52 ds4-server: chat ctx=1401..1451:50 gen=1350 THINKING decoding chunk=16.06 t/s avg=16.95 t/s 79.633s
0823 21:36:56 ds4-server: chat ctx=1451..1501:50 gen=1400 THINKING decoding chunk=16.10 t/s avg=16.92 t/s 82.739s
ds4: qwen35moe experts/token avg over 128 tokens: 0:14.4 1:16.0 2:15.6 3:17.1 4:16.4 5:16.0 6:16.1 7:17.5 8:17.6 9:17.2 10:15.2 11:15.0 12:16.5 13:15.8 14:16.4 15:16.6 16:15.7 17:16.1 18:15.6 19:16.1 20:16.3 21:16.2 22:16.1 23:15.2 24:15.4 25:15.4 26:15.9 27:15.7 28:15.5 29:15.4 30:14.7 31:16.6 32:14.7 33:13.7 34:14.0 35:16.7 36:15.9 37:17.0 38:18.5 39:17.4 | mean 16.0
0823 21:36:59 ds4-server: chat ctx=1501..1551:50 gen=1450 decoding chunk=15.79 t/s avg=16.88 t/s 85.905s
0823 21:37:02 ds4-server: chat ctx=1551..1601:50 gen=1500 decoding chunk=15.65 t/s avg=16.84 t/s 89.100s
0823 21:37:05 ds4-server: chat ctx=1601..1651:50 gen=1550 decoding chunk=15.43 t/s avg=16.79 t/s 92.340s
ds4: qwen35moe experts/token avg over 128 tokens: 0:14.9 1:16.5 2:16.0 3:17.7 4:17.6 5:17.3 6:16.7 7:17.8 8:18.2 9:17.7 10:16.8 11:16.5 12:17.8 13:16.9 14:16.4 15:17.2 16:16.8 17:16.4 18:16.2 19:15.4 20:17.4 21:16.8 22:16.2 23:15.7 24:17.0 25:17.1 26:16.4 27:16.4 28:15.5 29:15.6 30:15.7 31:16.6 32:15.1 33:16.3 34:16.3 35:17.2 36:18.1 37:18.2 38:18.9 39:17.9 | mean 16.8
0823 21:37:08 ds4-server: chat ctx=1651..1701:50 gen=1600 decoding chunk=15.29 t/s avg=16.73 t/s 95.611s
0823 21:37:12 ds4-server: chat ctx=1701..1751:50 gen=1650 decoding chunk=15.29 t/s avg=16.69 t/s 98.881s
ds4: qwen35moe experts/token avg over 128 tokens: 0:15.7 1:16.8 2:17.0 3:18.2 4:17.9 5:18.0 6:18.0 7:18.3 8:19.0 9:18.7 10:17.6 11:16.6 12:18.3 13:17.7 14:17.8 15:17.6 16:17.1 17:17.4 18:16.8 19:16.8 20:17.4 21:17.4 22:16.5 23:16.0 24:17.3 25:16.6 26:17.0 27:17.3 28:16.6 29:17.4 30:16.1 31:17.7 32:16.0 33:16.8 34:17.1 35:18.1 36:18.1 37:17.8 38:18.9 39:18.5 | mean 17.4
0823 21:37:15 ds4-server: chat ctx=1751..1801:50 gen=1700 decoding chunk=15.13 t/s avg=16.64 t/s 102.186s
0823 21:37:15 ds4-server: chat ctx=1801..1803:2 gen=1702 decoding chunk=14.99 t/s avg=16.63 t/s 102.319s
0823 21:37:15 ds4-server: thinking live checkpoint remembered ctx=0..101:101 live=1803 visible=1758
0823 21:37:15 ds4-server: chat ctx=0..101:101 gen=1702 finish=stop 107.707s
0823 21:37:15 ds4-server: live kv cache miss live=1803 prompt=106 common=56 reason=token-mismatch
0823 21:37:15 ds4-server: chat ctx=0..106:106 prompt start
0823 21:37:15 ds4-server: chat ctx=0..106:106 prefill chunk 1/106 (0.9%) chunk=0.00 t/s avg=19.02 t/s 0.053s
0823 21:37:15 ds4-server: chat ctx=0..106:106 prefill chunk 2/106 (1.9%) chunk=19.90 t/s avg=19.45 t/s 0.103s
0823 21:37:15 ds4-server: chat ctx=0..106:106 prefill chunk 3/106 (2.8%) chunk=19.03 t/s avg=19.31 t/s 0.155s
0823 21:37:15 ds4-server: chat ctx=0..106:106 prefill chunk 4/106 (3.8%) chunk=19.97 t/s avg=19.47 t/s 0.205s
0823 21:37:15 ds4-server: chat ctx=0..106:106 prefill chunk 5/106 (4.7%) chunk=19.17 t/s avg=19.41 t/s 0.258s
0823 21:37:15 ds4-server: chat ctx=0..106:106 prefill chunk 6/106 (5.7%) chunk=19.71 t/s avg=19.46 t/s 0.308s
0823 21:37:16 ds4-server: chat ctx=0..106:106 prefill chunk 7/106 (6.6%) chunk=19.25 t/s avg=19.43 t/s 0.360s
0823 21:37:16 ds4-server: chat ctx=0..106:106 prefill chunk 8/106 (7.5%) chunk=19.24 t/s avg=19.40 t/s 0.412s
0823 21:37:16 ds4-server: chat ctx=0..106:106 prefill chunk 9/106 (8.5%) chunk=19.45 t/s avg=19.41 t/s 0.464s
0823 21:37:16 ds4-server: chat ctx=0..106:106 prefill chunk 10/106 (9.4%) chunk=19.36 t/s avg=19.40 t/s 0.515s
0823 21:37:16 ds4-server: chat ctx=0..106:106 prefill chunk 11/106 (10.4%) chunk=19.32 t/s avg=19.40 t/s 0.567s
0823 21:37:16 ds4-server: chat ctx=0..106:106 prefill chunk 12/106 (11.3%) chunk=18.38 t/s avg=19.31 t/s 0.621s
0823 21:37:16 ds4-server: chat ctx=0..106:106 prefill chunk 13/106 (12.3%) chunk=19.24 t/s avg=19.30 t/s 0.673s
0823 21:37:16 ds4-server: chat ctx=0..106:106 prefill chunk 14/106 (13.2%) chunk=18.27 t/s avg=19.23 t/s 0.728s
0823 21:37:16 ds4-server: chat ctx=0..106:106 prefill chunk 15/106 (14.2%) chunk=18.74 t/s avg=19.19 t/s 0.782s
0823 21:37:16 ds4-server: chat ctx=0..106:106 prefill chunk 16/106 (15.1%) chunk=18.96 t/s avg=19.18 t/s 0.834s
0823 21:37:16 ds4-server: chat ctx=0..106:106 prefill chunk 17/106 (16.0%) chunk=18.46 t/s avg=19.13 t/s 0.888s
0823 21:37:16 ds4-server: chat ctx=0..106:106 prefill chunk 18/106 (17.0%) chunk=19.58 t/s avg=19.16 t/s 0.940s
0823 21:37:16 ds4-server: chat ctx=0..106:106 prefill chunk 19/106 (17.9%) chunk=18.07 t/s avg=19.10 t/s 0.995s
0823 21:37:16 ds4-server: chat ctx=0..106:106 prefill chunk 20/106 (18.9%) chunk=17.98 t/s avg=19.04 t/s 1.050s
0823 21:37:16 ds4-server: chat ctx=0..106:106 prefill chunk 21/106 (19.8%) chunk=19.18 t/s avg=19.05 t/s 1.103s
0823 21:37:16 ds4-server: chat ctx=0..106:106 prefill chunk 22/106 (20.8%) chunk=18.65 t/s avg=19.03 t/s 1.156s
0823 21:37:16 ds4-server: chat ctx=0..106:106 prefill chunk 23/106 (21.7%) chunk=19.68 t/s avg=19.05 t/s 1.207s
0823 21:37:16 ds4-server: chat ctx=0..106:106 prefill chunk 24/106 (22.6%) chunk=18.74 t/s avg=19.04 t/s 1.260s
0823 21:37:16 ds4-server: chat ctx=0..106:106 prefill chunk 25/106 (23.6%) chunk=19.59 t/s avg=19.06 t/s 1.311s
0823 21:37:17 ds4-server: chat ctx=0..106:106 prefill chunk 26/106 (24.5%) chunk=18.87 t/s avg=19.05 t/s 1.364s
0823 21:37:17 ds4-server: chat ctx=0..106:106 prefill chunk 27/106 (25.5%) chunk=18.79 t/s avg=19.04 t/s 1.418s
0823 21:37:17 ds4-server: chat ctx=0..106:106 prefill chunk 28/106 (26.4%) chunk=19.33 t/s avg=19.05 t/s 1.469s
0823 21:37:17 ds4-server: chat ctx=0..106:106 prefill chunk 29/106 (27.4%) chunk=18.36 t/s avg=19.03 t/s 1.524s
0823 21:37:17 ds4-server: chat ctx=0..106:106 prefill chunk 30/106 (28.3%) chunk=19.11 t/s avg=19.03 t/s 1.576s
0823 21:37:17 ds4-server: chat ctx=0..106:106 prefill chunk 31/106 (29.2%) chunk=18.31 t/s avg=19.01 t/s 1.631s
0823 21:37:17 ds4-server: chat ctx=0..106:106 prefill chunk 32/106 (30.2%) chunk=18.41 t/s avg=18.99 t/s 1.685s
0823 21:37:17 ds4-server: chat ctx=0..106:106 prefill chunk 33/106 (31.1%) chunk=19.30 t/s avg=19.00 t/s 1.737s
0823 21:37:17 ds4-server: chat ctx=0..106:106 prefill chunk 34/106 (32.1%) chunk=18.19 t/s avg=18.97 t/s 1.792s
0823 21:37:17 ds4-server: chat ctx=0..106:106 prefill chunk 35/106 (33.0%) chunk=18.53 t/s avg=18.96 t/s 1.846s
0823 21:37:17 ds4-server: chat ctx=0..106:106 prefill chunk 36/106 (34.0%) chunk=18.47 t/s avg=18.95 t/s 1.900s
0823 21:37:17 ds4-server: chat ctx=0..106:106 prefill chunk 37/106 (34.9%) chunk=17.46 t/s avg=18.90 t/s 1.957s
0823 21:37:17 ds4-server: chat ctx=0..106:106 prefill chunk 38/106 (35.8%) chunk=18.07 t/s avg=18.88 t/s 2.013s
0823 21:37:17 ds4-server: chat ctx=0..106:106 prefill chunk 39/106 (36.8%) chunk=18.11 t/s avg=18.86 t/s 2.068s
0823 21:37:17 ds4-server: chat ctx=0..106:106 prefill chunk 40/106 (37.7%) chunk=18.08 t/s avg=18.84 t/s 2.123s
0823 21:37:17 ds4-server: chat ctx=0..106:106 prefill chunk 41/106 (38.7%) chunk=18.75 t/s avg=18.84 t/s 2.177s
0823 21:37:17 ds4-server: chat ctx=0..106:106 prefill chunk 42/106 (39.6%) chunk=18.39 t/s avg=18.83 t/s 2.231s
0823 21:37:17 ds4-server: chat ctx=0..106:106 prefill chunk 43/106 (40.6%) chunk=18.65 t/s avg=18.82 t/s 2.285s
0823 21:37:17 ds4-server: chat ctx=0..106:106 prefill chunk 44/106 (41.5%) chunk=19.23 t/s avg=18.83 t/s 2.337s
0823 21:37:18 ds4-server: chat ctx=0..106:106 prefill chunk 45/106 (42.5%) chunk=18.11 t/s avg=18.81 t/s 2.392s
0823 21:37:18 ds4-server: chat ctx=0..106:106 prefill chunk 46/106 (43.4%) chunk=18.82 t/s avg=18.81 t/s 2.445s
0823 21:37:18 ds4-server: chat ctx=0..106:106 prefill chunk 47/106 (44.3%) chunk=18.04 t/s avg=18.80 t/s 2.500s
0823 21:37:18 ds4-server: chat ctx=0..106:106 prefill chunk 48/106 (45.3%) chunk=18.69 t/s avg=18.79 t/s 2.554s
0823 21:37:18 ds4-server: chat ctx=0..106:106 prefill chunk 49/106 (46.2%) chunk=19.39 t/s avg=18.81 t/s 2.605s
0823 21:37:18 ds4-server: chat ctx=0..106:106 prefill chunk 50/106 (47.2%) chunk=18.55 t/s avg=18.80 t/s 2.659s
0823 21:37:18 ds4-server: chat ctx=0..106:106 prefill chunk 51/106 (48.1%) chunk=19.11 t/s avg=18.81 t/s 2.712s
0823 21:37:18 ds4-server: chat ctx=0..106:106 prefill chunk 52/106 (49.1%) chunk=18.13 t/s avg=18.79 t/s 2.767s
0823 21:37:18 ds4-server: chat ctx=0..106:106 prefill chunk 53/106 (50.0%) chunk=18.99 t/s avg=18.80 t/s 2.820s
0823 21:37:18 ds4-server: chat ctx=0..106:106 prefill chunk 54/106 (50.9%) chunk=19.71 t/s avg=18.81 t/s 2.870s
0823 21:37:18 ds4-server: chat ctx=0..106:106 prefill chunk 55/106 (51.9%) chunk=19.16 t/s avg=18.82 t/s 2.922s
0823 21:37:18 ds4-server: chat ctx=0..106:106 prefill chunk 56/106 (52.8%) chunk=20.73 t/s avg=18.85 t/s 2.971s
0823 21:37:18 ds4-server: chat ctx=0..106:106 prefill chunk 57/106 (53.8%) chunk=18.53 t/s avg=18.84 t/s 3.025s
0823 21:37:18 ds4-server: chat ctx=0..106:106 prefill chunk 58/106 (54.7%) chunk=19.02 t/s avg=18.85 t/s 3.077s
0823 21:37:18 ds4-server: chat ctx=0..106:106 prefill chunk 59/106 (55.7%) chunk=19.13 t/s avg=18.85 t/s 3.130s
0823 21:37:18 ds4-server: chat ctx=0..106:106 prefill chunk 60/106 (56.6%) chunk=19.16 t/s avg=18.86 t/s 3.182s
0823 21:37:18 ds4-server: chat ctx=0..106:106 prefill chunk 61/106 (57.5%) chunk=19.23 t/s avg=18.86 t/s 3.234s
0823 21:37:18 ds4-server: chat ctx=0..106:106 prefill chunk 62/106 (58.5%) chunk=18.69 t/s avg=18.86 t/s 3.287s
0823 21:37:18 ds4-server: chat ctx=0..106:106 prefill chunk 63/106 (59.4%) chunk=19.07 t/s avg=18.86 t/s 3.340s
0823 21:37:19 ds4-server: chat ctx=0..106:106 prefill chunk 64/106 (60.4%) chunk=18.54 t/s avg=18.86 t/s 3.394s
0823 21:37:19 ds4-server: chat ctx=0..106:106 prefill chunk 65/106 (61.3%) chunk=19.17 t/s avg=18.86 t/s 3.446s
0823 21:37:19 ds4-server: chat ctx=0..106:106 prefill chunk 66/106 (62.3%) chunk=18.60 t/s avg=18.86 t/s 3.500s
0823 21:37:19 ds4-server: chat ctx=0..106:106 prefill chunk 67/106 (63.2%) chunk=18.86 t/s avg=18.86 t/s 3.553s
0823 21:37:19 ds4-server: chat ctx=0..106:106 prefill chunk 68/106 (64.2%) chunk=19.19 t/s avg=18.86 t/s 3.605s
0823 21:37:19 ds4-server: chat ctx=0..106:106 prefill chunk 69/106 (65.1%) chunk=18.22 t/s avg=18.85 t/s 3.660s
0823 21:37:19 ds4-server: chat ctx=0..106:106 prefill chunk 70/106 (66.0%) chunk=19.43 t/s avg=18.86 t/s 3.711s
0823 21:37:19 ds4-server: chat ctx=0..106:106 prefill chunk 71/106 (67.0%) chunk=18.37 t/s avg=18.86 t/s 3.766s
0823 21:37:19 ds4-server: chat ctx=0..106:106 prefill chunk 72/106 (67.9%) chunk=18.89 t/s avg=18.86 t/s 3.818s
0823 21:37:19 ds4-server: chat ctx=0..106:106 prefill chunk 73/106 (68.9%) chunk=19.05 t/s avg=18.86 t/s 3.871s
0823 21:37:19 ds4-server: chat ctx=0..106:106 prefill chunk 74/106 (69.8%) chunk=18.45 t/s avg=18.85 t/s 3.925s
0823 21:37:19 ds4-server: chat ctx=0..106:106 prefill chunk 75/106 (70.8%) chunk=19.04 t/s avg=18.86 t/s 3.978s
0823 21:37:19 ds4-server: chat ctx=0..106:106 prefill chunk 76/106 (71.7%) chunk=18.43 t/s avg=18.85 t/s 4.032s
0823 21:37:19 ds4-server: chat ctx=0..106:106 prefill chunk 77/106 (72.6%) chunk=18.06 t/s avg=18.84 t/s 4.087s
0823 21:37:19 ds4-server: chat ctx=0..106:106 prefill chunk 78/106 (73.6%) chunk=18.83 t/s avg=18.84 t/s 4.140s
0823 21:37:19 ds4-server: chat ctx=0..106:106 prefill chunk 79/106 (74.5%) chunk=19.21 t/s avg=18.84 t/s 4.192s
0823 21:37:19 ds4-server: chat ctx=0..106:106 prefill chunk 80/106 (75.5%) chunk=19.45 t/s avg=18.85 t/s 4.244s
0823 21:37:19 ds4-server: chat ctx=0..106:106 prefill chunk 81/106 (76.4%) chunk=18.51 t/s avg=18.85 t/s 4.298s
0823 21:37:20 ds4-server: chat ctx=0..106:106 prefill chunk 82/106 (77.4%) chunk=18.24 t/s avg=18.84 t/s 4.353s
0823 21:37:20 ds4-server: chat ctx=0..106:106 prefill chunk 83/106 (78.3%) chunk=19.06 t/s avg=18.84 t/s 4.405s
0823 21:37:20 ds4-server: chat ctx=0..106:106 prefill chunk 84/106 (79.2%) chunk=17.65 t/s avg=18.83 t/s 4.462s
0823 21:37:20 ds4-server: chat ctx=0..106:106 prefill chunk 85/106 (80.2%) chunk=18.01 t/s avg=18.82 t/s 4.517s
0823 21:37:20 ds4-server: chat ctx=0..106:106 prefill chunk 86/106 (81.1%) chunk=18.99 t/s avg=18.82 t/s 4.570s
0823 21:37:20 ds4-server: chat ctx=0..106:106 prefill chunk 87/106 (82.1%) chunk=18.07 t/s avg=18.81 t/s 4.625s
0823 21:37:20 ds4-server: chat ctx=0..106:106 prefill chunk 88/106 (83.0%) chunk=19.08 t/s avg=18.81 t/s 4.678s
0823 21:37:20 ds4-server: chat ctx=0..106:106 prefill chunk 89/106 (84.0%) chunk=18.52 t/s avg=18.81 t/s 4.732s
0823 21:37:20 ds4-server: chat ctx=0..106:106 prefill chunk 90/106 (84.9%) chunk=17.94 t/s avg=18.80 t/s 4.787s
0823 21:37:20 ds4-server: chat ctx=0..106:106 prefill chunk 91/106 (85.8%) chunk=18.07 t/s avg=18.79 t/s 4.843s
0823 21:37:20 ds4-server: chat ctx=0..106:106 prefill chunk 92/106 (86.8%) chunk=18.45 t/s avg=18.79 t/s 4.897s
0823 21:37:20 ds4-server: chat ctx=0..106:106 prefill chunk 93/106 (87.7%) chunk=17.96 t/s avg=18.78 t/s 4.953s
0823 21:37:20 ds4-server: chat ctx=0..106:106 prefill chunk 94/106 (88.7%) chunk=18.99 t/s avg=18.78 t/s 5.005s
0823 21:37:20 ds4-server: chat ctx=0..106:106 prefill chunk 95/106 (89.6%) chunk=17.84 t/s avg=18.77 t/s 5.061s
0823 21:37:20 ds4-server: chat ctx=0..106:106 prefill chunk 96/106 (90.6%) chunk=18.23 t/s avg=18.76 t/s 5.116s
0823 21:37:20 ds4-server: chat ctx=0..106:106 prefill chunk 97/106 (91.5%) chunk=18.15 t/s avg=18.76 t/s 5.171s
0823 21:37:20 ds4-server: chat ctx=0..106:106 prefill chunk 98/106 (92.5%) chunk=17.97 t/s avg=18.75 t/s 5.227s
0823 21:37:20 ds4-server: chat ctx=0..106:106 prefill chunk 99/106 (93.4%) chunk=18.87 t/s avg=18.75 t/s 5.280s
0823 21:37:20 ds4-server: chat ctx=0..106:106 prefill chunk 100/106 (94.3%) chunk=18.84 t/s avg=18.75 t/s 5.333s
0823 21:37:21 ds4-server: chat ctx=0..106:106 prefill chunk 101/106 (95.3%) chunk=18.63 t/s avg=18.75 t/s 5.387s
0823 21:37:21 ds4-server: chat ctx=0..106:106 prefill chunk 102/106 (96.2%) chunk=18.77 t/s avg=18.75 t/s 5.440s
0823 21:37:21 ds4-server: chat ctx=0..106:106 prefill chunk 103/106 (97.2%) chunk=18.88 t/s avg=18.75 t/s 5.493s
0823 21:37:21 ds4-server: chat ctx=0..106:106 prefill chunk 104/106 (98.1%) chunk=18.88 t/s avg=18.75 t/s 5.546s
0823 21:37:21 ds4-server: chat ctx=0..106:106 prefill chunk 105/106 (99.1%) chunk=19.35 t/s avg=18.76 t/s 5.598s
0823 21:37:21 ds4-server: chat ctx=0..106:106 prefill chunk 106/106 (100.0%) chunk=20.05 t/s avg=18.77 t/s 5.647s
0823 21:37:21 ds4-server: chat ctx=0..106:106 prompt done 5.648s
ds4: qwen35moe experts/token avg over 128 tokens: 0:13.8 1:14.5 2:14.5 3:15.4 4:14.9 5:15.0 6:14.2 7:15.5 8:15.6 9:15.1 10:14.3 11:13.6 12:14.8 13:14.7 14:14.6 15:14.7 16:14.6 17:14.4 18:14.1 19:13.7 20:15.5 21:15.2 22:14.8 23:14.6 24:14.8 25:14.7 26:14.5 27:15.1 28:15.0 29:15.3 30:14.6 31:15.4 32:15.3 33:16.3 34:15.7 35:17.8 36:17.8 37:18.5 38:19.0 39:18.7 | mean 15.3
0823 21:37:24 ds4-server: chat ctx=106..156:50 gen=50 THINKING decoding chunk=18.50 t/s avg=18.50 t/s 2.703s
0823 21:37:26 ds4-server: chat ctx=156..206:50 gen=100 THINKING decoding chunk=17.99 t/s avg=18.24 t/s 5.482s
ds4: qwen35moe experts/token avg over 128 tokens: 0:14.4 1:14.9 2:15.1 3:16.7 4:15.5 5:15.6 6:15.4 7:15.8 8:16.3 9:16.2 10:15.1 11:14.5 12:15.3 13:15.4 14:15.2 15:16.1 16:15.9 17:15.4 18:15.2 19:14.9 20:16.2 21:15.5 22:16.0 23:15.1 24:15.8 25:15.8 26:15.7 27:16.1 28:16.4 29:16.2 30:15.9 31:16.8 32:15.8 33:16.7 34:16.5 35:18.4 36:18.2 37:18.6 38:19.2 39:18.8 | mean 16.1
0823 21:37:29 ds4-server: chat ctx=206..256:50 gen=150 THINKING decoding chunk=18.25 t/s avg=18.25 t/s 8.221s
0823 21:37:32 ds4-server: chat ctx=256..306:50 gen=200 THINKING decoding chunk=18.02 t/s avg=18.19 t/s 10.997s
0823 21:37:35 ds4-server: chat ctx=306..356:50 gen=250 THINKING decoding chunk=17.85 t/s avg=18.12 t/s 13.799s
ds4: qwen35moe experts/token avg over 128 tokens: 0:15.1 1:15.7 2:16.4 3:17.3 4:16.2 5:16.2 6:16.0 7:16.4 8:17.3 9:17.0 10:15.7 11:15.1 12:15.7 13:15.7 14:16.2 15:16.1 16:15.6 17:15.0 18:14.7 19:15.2 20:16.0 21:15.5 22:15.8 23:15.1 24:15.9 25:15.2 26:16.5 27:16.2 28:15.4 29:16.4 30:15.0 31:15.5 32:14.9 33:15.1 34:15.7 35:16.6 36:16.7 37:17.5 38:18.2 39:18.1 | mean 16.0
0823 21:37:37 ds4-server: chat ctx=356..406:50 gen=300 THINKING decoding chunk=17.78 t/s avg=18.06 t/s 16.611s
0823 21:37:40 ds4-server: chat ctx=406..456:50 gen=350 THINKING decoding chunk=17.71 t/s avg=18.01 t/s 19.434s
ds4: qwen35moe experts/token avg over 128 tokens: 0:15.4 1:16.0 2:16.1 3:17.4 4:16.3 5:16.5 6:15.7 7:16.0 8:17.0 9:16.5 10:16.1 11:14.9 12:15.6 13:16.0 14:15.9 15:16.0 16:15.3 17:15.2 18:14.4 19:14.7 20:15.8 21:14.9 22:15.4 23:15.3 24:15.4 25:15.5 26:15.6 27:16.2 28:15.1 29:15.7 30:14.8 31:15.6 32:15.0 33:15.2 34:15.1 35:16.6 36:16.3 37:17.3 38:18.0 39:17.5 | mean 15.8
0823 21:37:43 ds4-server: chat ctx=456..506:50 gen=400 THINKING decoding chunk=17.87 t/s avg=17.99 t/s 22.232s
0823 21:37:46 ds4-server: chat ctx=506..556:50 gen=450 THINKING decoding chunk=17.53 t/s avg=17.94 t/s 25.085s
0823 21:37:49 ds4-server: chat ctx=556..606:50 gen=500 THINKING decoding chunk=17.27 t/s avg=17.87 t/s 27.980s
ds4: qwen35moe experts/token avg over 128 tokens: 0:15.1 1:15.8 2:15.9 3:17.3 4:16.1 5:16.5 6:16.2 7:17.2 8:17.6 9:17.4 10:15.8 11:15.0 12:15.7 13:15.8 14:15.9 15:16.3 16:16.9 17:15.7 18:15.3 19:15.1 20:17.0 21:15.7 22:15.7 23:15.1 24:16.1 25:16.1 26:15.9 27:16.1 28:15.6 29:16.0 30:15.3 31:15.7 32:14.5 33:15.0 34:14.7 35:17.0 36:16.2 37:17.4 38:18.3 39:17.6 | mean 16.1
0823 21:37:52 ds4-server: chat ctx=606..656:50 gen=550 THINKING decoding chunk=17.37 t/s avg=17.82 t/s 30.859s
0823 21:37:55 ds4-server: chat ctx=656..706:50 gen=600 THINKING decoding chunk=16.97 t/s avg=17.75 t/s 33.805s
0823 21:37:58 ds4-server: chat ctx=706..756:50 gen=650 THINKING decoding chunk=17.02 t/s avg=17.69 t/s 36.743s
ds4: qwen35moe experts/token avg over 128 tokens: 0:14.9 1:15.8 2:16.5 3:17.2 4:16.6 5:16.9 6:16.5 7:17.9 8:18.0 9:17.8 10:16.2 11:15.4 12:16.6 13:15.8 14:16.5 15:16.4 16:16.7 17:16.1 18:16.0 19:15.7 20:17.4 21:16.8 22:16.1 23:15.4 24:16.9 25:15.8 26:17.0 27:16.3 28:15.8 29:16.5 30:15.6 31:16.0 32:15.1 33:14.8 34:15.1 35:16.9 36:17.0 37:17.9 38:18.6 39:17.9 | mean 16.5
0823 21:38:01 ds4-server: chat ctx=756..806:50 gen=700 THINKING decoding chunk=16.70 t/s avg=17.62 t/s 39.737s
0823 21:38:03 ds4-server: chat ctx=806..856:50 gen=750 THINKING decoding chunk=17.00 t/s avg=17.57 t/s 42.678s
ds4: qwen35moe experts/token avg over 128 tokens: 0:14.8 1:16.0 2:16.3 3:18.0 4:16.7 5:16.7 6:16.1 7:17.3 8:17.9 9:17.4 10:15.8 11:15.1 12:16.5 13:16.3 14:17.1 15:16.8 16:16.4 17:16.4 18:15.6 19:15.5 20:17.3 21:16.1 22:15.6 23:15.6 24:16.2 25:15.6 26:16.6 27:16.1 28:15.8 29:15.9 30:15.6 31:16.4 32:15.6 33:16.0 34:15.8 35:17.2 36:17.3 37:18.0 38:18.8 39:18.2 | mean 16.5
0823 21:38:06 ds4-server: chat ctx=856..906:50 gen=800 THINKING decoding chunk=16.90 t/s avg=17.53 t/s 45.636s
0823 21:38:09 ds4-server: chat ctx=906..956:50 gen=850 THINKING decoding chunk=16.59 t/s avg=17.47 t/s 48.650s
0823 21:38:12 ds4-server: chat ctx=956..1006:50 gen=900 THINKING decoding chunk=16.84 t/s avg=17.44 t/s 51.618s
ds4: qwen35moe experts/token avg over 128 tokens: 0:14.9 1:16.3 2:16.4 3:17.6 4:17.3 5:16.7 6:16.7 7:17.0 8:17.6 9:17.3 10:16.3 11:15.4 12:16.5 13:16.0 14:16.4 15:16.2 16:16.1 17:16.0 18:15.2 19:15.3 20:16.3 21:16.3 22:16.3 23:15.2 24:16.6 25:14.9 26:16.4 27:15.6 28:15.8 29:16.4 30:14.9 31:15.5 32:14.9 33:15.2 34:14.5 35:16.9 36:16.8 37:17.7 38:18.8 39:18.1 | mean 16.3
0823 21:38:15 ds4-server: chat ctx=1006..1056:50 gen=950 THINKING decoding chunk=16.68 t/s avg=17.39 t/s 54.615s
0823 21:38:18 ds4-server: chat ctx=1056..1106:50 gen=1000 THINKING decoding chunk=16.26 t/s avg=17.33 t/s 57.690s
ds4: qwen35moe experts/token avg over 128 tokens: 0:14.6 1:16.4 2:15.8 3:17.3 4:17.2 5:16.9 6:17.1 7:17.6 8:17.9 9:17.1 10:15.9 11:15.5 12:16.3 13:16.5 14:16.3 15:16.8 16:16.8 17:16.9 18:16.5 19:16.6 20:17.3 21:16.4 22:16.3 23:15.7 24:16.3 25:15.8 26:16.4 27:16.0 28:16.6 29:16.1 30:16.0 31:17.2 32:16.1 33:15.9 34:16.1 35:17.8 36:17.9 37:18.0 38:19.4 39:17.9 | mean 16.7
0823 21:38:22 ds4-server: chat ctx=1106..1156:50 gen=1050 THINKING decoding chunk=16.37 t/s avg=17.29 t/s 60.744s
0823 21:38:25 ds4-server: chat ctx=1156..1206:50 gen=1100 THINKING decoding chunk=16.13 t/s avg=17.23 t/s 63.844s
0823 21:38:28 ds4-server: chat ctx=1206..1256:50 gen=1150 decoding chunk=16.32 t/s avg=17.19 t/s 66.908s
ds4: qwen35moe experts/token avg over 128 tokens: 0:14.4 1:15.6 2:15.8 3:17.2 4:16.7 5:16.7 6:16.0 7:17.1 8:17.9 9:17.0 10:16.3 11:15.5 12:17.2 13:16.7 14:16.7 15:16.2 16:16.9 17:16.9 18:15.8 19:16.0 20:17.2 21:16.4 22:16.2 23:15.4 24:16.1 25:17.0 26:16.7 27:15.7 28:16.6 29:16.0 30:15.3 31:16.5 32:14.8 33:15.2 34:15.2 35:17.5 36:16.6 37:18.0 38:18.6 39:17.9 | mean 16.4
0823 21:38:31 ds4-server: chat ctx=1256..1306:50 gen=1200 decoding chunk=16.35 t/s avg=17.15 t/s 69.966s
0823 21:38:34 ds4-server: chat ctx=1306..1356:50 gen=1250 decoding chunk=15.95 t/s avg=17.10 t/s 73.101s
ds4: qwen35moe experts/token avg over 128 tokens: 0:16.2 1:16.0 2:16.8 3:17.9 4:17.6 5:17.0 6:16.3 7:16.9 8:17.8 9:17.7 10:17.2 11:15.2 12:16.4 13:15.5 14:16.4 15:16.5 16:16.1 17:15.4 18:14.9 19:15.2 20:16.5 21:15.4 22:15.9 23:14.7 24:16.0 25:14.7 26:16.2 27:16.5 28:14.9 29:16.0 30:15.0 31:15.4 32:14.8 33:14.8 34:15.1 35:16.2 36:16.6 37:17.7 38:18.9 39:17.3 | mean 16.2
0823 21:38:37 ds4-server: chat ctx=1356..1406:50 gen=1300 decoding chunk=16.15 t/s avg=17.06 t/s 76.197s
0823 21:38:40 ds4-server: chat ctx=1406..1456:50 gen=1350 decoding chunk=15.96 t/s avg=17.02 t/s 79.330s
0823 21:38:43 ds4-server: chat ctx=1456..1506:50 gen=1400 decoding chunk=15.78 t/s avg=16.97 t/s 82.498s
ds4: qwen35moe experts/token avg over 128 tokens: 0:15.5 1:16.3 2:16.5 3:17.9 4:17.4 5:17.5 6:17.0 7:17.4 8:17.7 9:17.3 10:16.7 11:16.0 12:16.7 13:15.8 14:16.9 15:16.7 16:15.8 17:16.2 18:15.3 19:16.1 20:16.4 21:16.2 22:16.4 23:15.2 24:16.3 25:15.5 26:16.2 27:16.8 28:15.2 29:16.6 30:15.7 31:16.3 32:15.3 33:15.8 34:16.1 35:17.1 36:17.0 37:17.4 38:18.2 39:18.0 | mean 16.5
0823 21:38:46 ds4-server: chat ctx=1506..1550:44 gen=1444 decoding chunk=15.57 t/s avg=16.92 t/s 85.324s
0823 21:38:46 ds4-server: thinking live checkpoint remembered ctx=0..106:106 live=1550 visible=2020
0823 21:38:46 ds4-server: chat ctx=0..106:106 gen=1444 finish=stop 90.972s
0823 21:38:46 ds4-server: live kv cache miss live=1550 prompt=99 common=56 reason=token-mismatch
0823 21:38:46 ds4-server: chat ctx=0..99:99 prompt start
0823 21:38:46 ds4-server: chat ctx=0..99:99 prefill chunk 1/99 (1.0%) chunk=0.00 t/s avg=19.44 t/s 0.051s
0823 21:38:46 ds4-server: chat ctx=0..99:99 prefill chunk 2/99 (2.0%) chunk=19.72 t/s avg=19.58 t/s 0.102s
0823 21:38:46 ds4-server: chat ctx=0..99:99 prefill chunk 3/99 (3.0%) chunk=19.25 t/s avg=19.47 t/s 0.154s
0823 21:38:46 ds4-server: chat ctx=0..99:99 prefill chunk 4/99 (4.0%) chunk=19.75 t/s avg=19.54 t/s 0.205s
0823 21:38:46 ds4-server: chat ctx=0..99:99 prefill chunk 5/99 (5.1%) chunk=18.91 t/s avg=19.41 t/s 0.258s
0823 21:38:46 ds4-server: chat ctx=0..99:99 prefill chunk 6/99 (6.1%) chunk=19.64 t/s avg=19.45 t/s 0.309s
0823 21:38:46 ds4-server: chat ctx=0..99:99 prefill chunk 7/99 (7.1%) chunk=19.11 t/s avg=19.40 t/s 0.361s
0823 21:38:47 ds4-server: chat ctx=0..99:99 prefill chunk 8/99 (8.1%) chunk=18.79 t/s avg=19.32 t/s 0.414s
0823 21:38:47 ds4-server: chat ctx=0..99:99 prefill chunk 9/99 (9.1%) chunk=19.96 t/s avg=19.39 t/s 0.464s
0823 21:38:47 ds4-server: chat ctx=0..99:99 prefill chunk 10/99 (10.1%) chunk=18.98 t/s avg=19.35 t/s 0.517s
0823 21:38:47 ds4-server: chat ctx=0..99:99 prefill chunk 11/99 (11.1%) chunk=19.17 t/s avg=19.33 t/s 0.569s
0823 21:38:47 ds4-server: chat ctx=0..99:99 prefill chunk 12/99 (12.1%) chunk=18.62 t/s avg=19.27 t/s 0.623s
0823 21:38:47 ds4-server: chat ctx=0..99:99 prefill chunk 13/99 (13.1%) chunk=19.03 t/s avg=19.25 t/s 0.675s
0823 21:38:47 ds4-server: chat ctx=0..99:99 prefill chunk 14/99 (14.1%) chunk=18.68 t/s avg=19.21 t/s 0.729s
0823 21:38:47 ds4-server: chat ctx=0..99:99 prefill chunk 15/99 (15.2%) chunk=18.55 t/s avg=19.16 t/s 0.783s
0823 21:38:47 ds4-server: chat ctx=0..99:99 prefill chunk 16/99 (16.2%) chunk=18.99 t/s avg=19.15 t/s 0.835s
0823 21:38:47 ds4-server: chat ctx=0..99:99 prefill chunk 17/99 (17.2%) chunk=18.71 t/s avg=19.13 t/s 0.889s
0823 21:38:47 ds4-server: chat ctx=0..99:99 prefill chunk 18/99 (18.2%) chunk=19.58 t/s avg=19.15 t/s 0.940s
0823 21:38:47 ds4-server: chat ctx=0..99:99 prefill chunk 19/99 (19.2%) chunk=18.31 t/s avg=19.10 t/s 0.995s
0823 21:38:47 ds4-server: chat ctx=0..99:99 prefill chunk 20/99 (20.2%) chunk=17.89 t/s avg=19.04 t/s 1.050s
0823 21:38:47 ds4-server: chat ctx=0..99:99 prefill chunk 21/99 (21.2%) chunk=19.11 t/s avg=19.04 t/s 1.103s
0823 21:38:47 ds4-server: chat ctx=0..99:99 prefill chunk 22/99 (22.2%) chunk=18.79 t/s avg=19.03 t/s 1.156s
0823 21:38:47 ds4-server: chat ctx=0..99:99 prefill chunk 23/99 (23.2%) chunk=19.62 t/s avg=19.06 t/s 1.207s
0823 21:38:47 ds4-server: chat ctx=0..99:99 prefill chunk 24/99 (24.2%) chunk=18.80 t/s avg=19.05 t/s 1.260s
0823 21:38:47 ds4-server: chat ctx=0..99:99 prefill chunk 25/99 (25.3%) chunk=18.78 t/s avg=19.04 t/s 1.313s
0823 21:38:47 ds4-server: chat ctx=0..99:99 prefill chunk 26/99 (26.3%) chunk=19.44 t/s avg=19.05 t/s 1.365s
0823 21:38:48 ds4-server: chat ctx=0..99:99 prefill chunk 27/99 (27.3%) chunk=18.46 t/s avg=19.03 t/s 1.419s
0823 21:38:48 ds4-server: chat ctx=0..99:99 prefill chunk 28/99 (28.3%) chunk=19.40 t/s avg=19.04 t/s 1.471s
0823 21:38:48 ds4-server: chat ctx=0..99:99 prefill chunk 29/99 (29.3%) chunk=18.47 t/s avg=19.02 t/s 1.525s
0823 21:38:48 ds4-server: chat ctx=0..99:99 prefill chunk 30/99 (30.3%) chunk=18.70 t/s avg=19.01 t/s 1.578s
0823 21:38:48 ds4-server: chat ctx=0..99:99 prefill chunk 31/99 (31.3%) chunk=18.55 t/s avg=18.99 t/s 1.632s
0823 21:38:48 ds4-server: chat ctx=0..99:99 prefill chunk 32/99 (32.3%) chunk=18.20 t/s avg=18.97 t/s 1.687s
0823 21:38:48 ds4-server: chat ctx=0..99:99 prefill chunk 33/99 (33.3%) chunk=19.20 t/s avg=18.98 t/s 1.739s
0823 21:38:48 ds4-server: chat ctx=0..99:99 prefill chunk 34/99 (34.3%) chunk=18.56 t/s avg=18.96 t/s 1.793s
0823 21:38:48 ds4-server: chat ctx=0..99:99 prefill chunk 35/99 (35.4%) chunk=18.13 t/s avg=18.94 t/s 1.848s
0823 21:38:48 ds4-server: chat ctx=0..99:99 prefill chunk 36/99 (36.4%) chunk=18.77 t/s avg=18.93 t/s 1.901s
0823 21:38:48 ds4-server: chat ctx=0..99:99 prefill chunk 37/99 (37.4%) chunk=17.66 t/s avg=18.90 t/s 1.958s
0823 21:38:48 ds4-server: chat ctx=0..99:99 prefill chunk 38/99 (38.4%) chunk=17.49 t/s avg=18.86 t/s 2.015s
0823 21:38:48 ds4-server: chat ctx=0..99:99 prefill chunk 39/99 (39.4%) chunk=18.44 t/s avg=18.85 t/s 2.069s
0823 21:38:48 ds4-server: chat ctx=0..99:99 prefill chunk 40/99 (40.4%) chunk=18.08 t/s avg=18.83 t/s 2.125s
0823 21:38:48 ds4-server: chat ctx=0..99:99 prefill chunk 41/99 (41.4%) chunk=18.04 t/s avg=18.81 t/s 2.180s
0823 21:38:48 ds4-server: chat ctx=0..99:99 prefill chunk 42/99 (42.4%) chunk=18.90 t/s avg=18.81 t/s 2.233s
0823 21:38:48 ds4-server: chat ctx=0..99:99 prefill chunk 43/99 (43.4%) chunk=18.71 t/s avg=18.81 t/s 2.287s
0823 21:38:48 ds4-server: chat ctx=0..99:99 prefill chunk 44/99 (44.4%) chunk=19.12 t/s avg=18.81 t/s 2.339s
0823 21:38:49 ds4-server: chat ctx=0..99:99 prefill chunk 45/99 (45.5%) chunk=18.49 t/s avg=18.81 t/s 2.393s
0823 21:38:49 ds4-server: chat ctx=0..99:99 prefill chunk 46/99 (46.5%) chunk=18.12 t/s avg=18.79 t/s 2.448s
0823 21:38:49 ds4-server: chat ctx=0..99:99 prefill chunk 47/99 (47.5%) chunk=18.48 t/s avg=18.78 t/s 2.502s
0823 21:38:49 ds4-server: chat ctx=0..99:99 prefill chunk 48/99 (48.5%) chunk=18.91 t/s avg=18.79 t/s 2.555s
0823 21:38:49 ds4-server: chat ctx=0..99:99 prefill chunk 49/99 (49.5%) chunk=19.40 t/s avg=18.80 t/s 2.607s
0823 21:38:49 ds4-server: chat ctx=0..99:99 prefill chunk 50/99 (50.5%) chunk=18.40 t/s avg=18.79 t/s 2.661s
0823 21:38:49 ds4-server: chat ctx=0..99:99 prefill chunk 51/99 (51.5%) chunk=18.62 t/s avg=18.79 t/s 2.715s
0823 21:38:49 ds4-server: chat ctx=0..99:99 prefill chunk 52/99 (52.5%) chunk=18.43 t/s avg=18.78 t/s 2.769s
0823 21:38:49 ds4-server: chat ctx=0..99:99 prefill chunk 53/99 (53.5%) chunk=18.86 t/s avg=18.78 t/s 2.822s
0823 21:38:49 ds4-server: chat ctx=0..99:99 prefill chunk 54/99 (54.5%) chunk=19.67 t/s avg=18.80 t/s 2.873s
0823 21:38:49 ds4-server: chat ctx=0..99:99 prefill chunk 55/99 (55.6%) chunk=19.56 t/s avg=18.81 t/s 2.924s
0823 21:38:49 ds4-server: chat ctx=0..99:99 prefill chunk 56/99 (56.6%) chunk=20.57 t/s avg=18.84 t/s 2.973s
0823 21:38:49 ds4-server: chat ctx=0..99:99 prefill chunk 57/99 (57.6%) chunk=18.62 t/s avg=18.83 t/s 3.026s
0823 21:38:49 ds4-server: chat ctx=0..99:99 prefill chunk 58/99 (58.6%) chunk=18.89 t/s avg=18.84 t/s 3.079s
0823 21:38:49 ds4-server: chat ctx=0..99:99 prefill chunk 59/99 (59.6%) chunk=19.02 t/s avg=18.84 t/s 3.132s
0823 21:38:49 ds4-server: chat ctx=0..99:99 prefill chunk 60/99 (60.6%) chunk=18.05 t/s avg=18.83 t/s 3.187s
0823 21:38:49 ds4-server: chat ctx=0..99:99 prefill chunk 61/99 (61.6%) chunk=19.58 t/s avg=18.84 t/s 3.238s
0823 21:38:49 ds4-server: chat ctx=0..99:99 prefill chunk 62/99 (62.6%) chunk=19.21 t/s avg=18.84 t/s 3.290s
0823 21:38:49 ds4-server: chat ctx=0..99:99 prefill chunk 63/99 (63.6%) chunk=19.46 t/s avg=18.85 t/s 3.342s
0823 21:38:50 ds4-server: chat ctx=0..99:99 prefill chunk 64/99 (64.6%) chunk=18.78 t/s avg=18.85 t/s 3.395s
0823 21:38:50 ds4-server: chat ctx=0..99:99 prefill chunk 65/99 (65.7%) chunk=18.57 t/s avg=18.85 t/s 3.449s
0823 21:38:50 ds4-server: chat ctx=0..99:99 prefill chunk 66/99 (66.7%) chunk=18.87 t/s avg=18.85 t/s 3.502s
0823 21:38:50 ds4-server: chat ctx=0..99:99 prefill chunk 67/99 (67.7%) chunk=17.83 t/s avg=18.83 t/s 3.558s
0823 21:38:50 ds4-server: chat ctx=0..99:99 prefill chunk 68/99 (68.7%) chunk=19.73 t/s avg=18.84 t/s 3.609s
0823 21:38:50 ds4-server: chat ctx=0..99:99 prefill chunk 69/99 (69.7%) chunk=18.25 t/s avg=18.83 t/s 3.663s
0823 21:38:50 ds4-server: chat ctx=0..99:99 prefill chunk 70/99 (70.7%) chunk=18.28 t/s avg=18.83 t/s 3.718s
0823 21:38:50 ds4-server: chat ctx=0..99:99 prefill chunk 71/99 (71.7%) chunk=18.64 t/s avg=18.82 t/s 3.772s
0823 21:38:50 ds4-server: chat ctx=0..99:99 prefill chunk 72/99 (72.7%) chunk=18.37 t/s avg=18.82 t/s 3.826s
0823 21:38:50 ds4-server: chat ctx=0..99:99 prefill chunk 73/99 (73.7%) chunk=19.33 t/s avg=18.82 t/s 3.878s
0823 21:38:50 ds4-server: chat ctx=0..99:99 prefill chunk 74/99 (74.7%) chunk=19.22 t/s avg=18.83 t/s 3.930s
0823 21:38:50 ds4-server: chat ctx=0..99:99 prefill chunk 75/99 (75.8%) chunk=18.60 t/s avg=18.83 t/s 3.984s
0823 21:38:50 ds4-server: chat ctx=0..99:99 prefill chunk 76/99 (76.8%) chunk=18.93 t/s avg=18.83 t/s 4.037s
0823 21:38:50 ds4-server: chat ctx=0..99:99 prefill chunk 77/99 (77.8%) chunk=18.43 t/s avg=18.82 t/s 4.091s
0823 21:38:50 ds4-server: chat ctx=0..99:99 prefill chunk 78/99 (78.8%) chunk=18.37 t/s avg=18.82 t/s 4.145s
0823 21:38:50 ds4-server: chat ctx=0..99:99 prefill chunk 79/99 (79.8%) chunk=18.40 t/s avg=18.81 t/s 4.200s
0823 21:38:50 ds4-server: chat ctx=0..99:99 prefill chunk 80/99 (80.8%) chunk=18.26 t/s avg=18.80 t/s 4.254s
0823 21:38:50 ds4-server: chat ctx=0..99:99 prefill chunk 81/99 (81.8%) chunk=18.92 t/s avg=18.81 t/s 4.307s
0823 21:38:50 ds4-server: chat ctx=0..99:99 prefill chunk 82/99 (82.8%) chunk=18.08 t/s avg=18.80 t/s 4.363s
0823 21:38:51 ds4-server: chat ctx=0..99:99 prefill chunk 83/99 (83.8%) chunk=17.95 t/s avg=18.79 t/s 4.418s
0823 21:38:51 ds4-server: chat ctx=0..99:99 prefill chunk 84/99 (84.8%) chunk=18.09 t/s avg=18.78 t/s 4.474s
0823 21:38:51 ds4-server: chat ctx=0..99:99 prefill chunk 85/99 (85.9%) chunk=17.84 t/s avg=18.77 t/s 4.530s
0823 21:38:51 ds4-server: chat ctx=0..99:99 prefill chunk 86/99 (86.9%) chunk=18.08 t/s avg=18.76 t/s 4.585s
0823 21:38:51 ds4-server: chat ctx=0..99:99 prefill chunk 87/99 (87.9%) chunk=18.69 t/s avg=18.76 t/s 4.638s
0823 21:38:51 ds4-server: chat ctx=0..99:99 prefill chunk 88/99 (88.9%) chunk=17.94 t/s avg=18.75 t/s 4.694s
0823 21:38:51 ds4-server: chat ctx=0..99:99 prefill chunk 89/99 (89.9%) chunk=17.91 t/s avg=18.74 t/s 4.750s
0823 21:38:51 ds4-server: chat ctx=0..99:99 prefill chunk 90/99 (90.9%) chunk=18.60 t/s avg=18.74 t/s 4.804s
0823 21:38:51 ds4-server: chat ctx=0..99:99 prefill chunk 91/99 (91.9%) chunk=18.41 t/s avg=18.73 t/s 4.858s
0823 21:38:51 ds4-server: chat ctx=0..99:99 prefill chunk 92/99 (92.9%) chunk=17.97 t/s avg=18.72 t/s 4.914s
0823 21:38:51 ds4-server: chat ctx=0..99:99 prefill chunk 93/99 (93.9%) chunk=18.66 t/s avg=18.72 t/s 4.967s
0823 21:38:51 ds4-server: chat ctx=0..99:99 prefill chunk 94/99 (94.9%) chunk=18.62 t/s avg=18.72 t/s 5.021s
0823 21:38:51 ds4-server: chat ctx=0..99:99 prefill chunk 95/99 (96.0%) chunk=18.86 t/s avg=18.72 t/s 5.074s
0823 21:38:51 ds4-server: chat ctx=0..99:99 prefill chunk 96/99 (97.0%) chunk=18.68 t/s avg=18.72 t/s 5.128s
0823 21:38:51 ds4-server: chat ctx=0..99:99 prefill chunk 97/99 (98.0%) chunk=17.96 t/s avg=18.71 t/s 5.183s
0823 21:38:51 ds4-server: chat ctx=0..99:99 prefill chunk 98/99 (99.0%) chunk=19.86 t/s avg=18.73 t/s 5.234s
0823 21:38:51 ds4-server: chat ctx=0..99:99 prefill chunk 99/99 (100.0%) chunk=19.47 t/s avg=18.73 t/s 5.285s
0823 21:38:51 ds4-server: chat ctx=0..99:99 prompt done 5.285s
ds4: qwen35moe experts/token avg over 128 tokens: 0:14.1 1:14.6 2:14.5 3:15.7 4:15.3 5:15.5 6:14.8 7:15.4 8:16.1 9:15.4 10:14.5 11:14.5 12:15.1 13:15.0 14:14.8 15:15.5 16:15.0 17:14.9 18:14.9 19:14.5 20:15.5 21:15.3 22:14.7 23:14.5 24:15.2 25:14.8 26:15.2 27:15.5 28:15.1 29:15.3 30:14.7 31:15.6 32:15.6 33:16.3 34:16.2 35:17.8 36:18.0 37:18.4 38:19.2 39:18.7 | mean 15.6
0823 21:38:54 ds4-server: chat ctx=99..149:50 gen=50 THINKING decoding chunk=18.46 t/s avg=18.46 t/s 2.709s
0823 21:38:57 ds4-server: chat ctx=149..199:50 gen=100 THINKING decoding chunk=17.87 t/s avg=18.16 t/s 5.507s
ds4: qwen35moe experts/token avg over 128 tokens: 0:13.9 1:15.4 2:15.5 3:16.6 4:15.7 5:15.9 6:14.7 7:15.7 8:16.8 9:16.4 10:15.2 11:14.6 12:15.7 13:15.3 14:15.6 15:16.1 16:16.3 17:15.8 18:15.4 19:15.7 20:16.6 21:16.1 22:16.2 23:15.5 24:16.3 25:16.1 26:16.3 27:16.4 28:16.2 29:16.4 30:16.6 31:17.0 32:16.3 33:16.3 34:16.3 35:17.4 36:17.9 37:18.5 38:19.3 39:18.8 | mean 16.2
0823 21:39:00 ds4-server: chat ctx=199..249:50 gen=150 THINKING decoding chunk=18.26 t/s avg=18.19 t/s 8.245s
0823 21:39:02 ds4-server: chat ctx=249..299:50 gen=200 THINKING decoding chunk=18.46 t/s avg=18.26 t/s 10.953s
0823 21:39:05 ds4-server: chat ctx=299..349:50 gen=250 THINKING decoding chunk=18.11 t/s avg=18.23 t/s 13.714s
ds4: qwen35moe experts/token avg over 128 tokens: 0:14.7 1:15.3 2:14.7 3:15.6 4:16.0 5:15.5 6:14.7 7:15.1 8:15.5 9:16.1 10:14.3 11:14.2 12:14.7 13:14.9 14:15.2 15:15.3 16:15.5 17:14.8 18:14.6 19:14.6 20:15.1 21:14.6 22:15.0 23:14.4 24:14.7 25:14.5 26:14.7 27:14.7 28:15.5 29:14.4 30:14.1 31:15.4 32:15.6 33:15.1 34:15.4 35:16.4 36:16.5 37:17.8 38:19.1 39:17.2 | mean 15.3
0823 21:39:08 ds4-server: chat ctx=349..399:50 gen=300 THINKING decoding chunk=17.87 t/s avg=18.17 t/s 16.512s
0823 21:39:11 ds4-server: chat ctx=399..449:50 gen=350 THINKING decoding chunk=17.81 t/s avg=18.12 t/s 19.320s
ds4: qwen35moe experts/token avg over 128 tokens: 0:15.3 1:16.2 2:16.4 3:17.7 4:17.0 5:17.3 6:16.0 7:16.6 8:17.1 9:17.5 10:15.5 11:14.8 12:15.7 13:15.7 14:15.3 15:15.7 16:15.5 17:14.6 18:15.2 19:15.4 20:16.3 21:15.1 22:15.5 23:14.6 24:15.5 25:15.2 26:15.7 27:15.6 28:15.7 29:15.8 30:15.0 31:16.2 32:15.5 33:16.1 34:16.1 35:16.7 36:16.8 37:17.4 38:18.8 39:17.9 | mean 16.0
0823 21:39:14 ds4-server: chat ctx=449..499:50 gen=400 THINKING decoding chunk=17.40 t/s avg=18.02 t/s 22.193s
0823 21:39:16 ds4-server: chat ctx=499..549:50 gen=450 THINKING decoding chunk=17.52 t/s avg=17.97 t/s 25.047s
0823 21:39:19 ds4-server: chat ctx=549..599:50 gen=500 THINKING decoding chunk=17.42 t/s avg=17.91 t/s 27.918s
ds4: qwen35moe experts/token avg over 128 tokens: 0:14.4 1:16.2 2:15.7 3:16.6 4:16.5 5:16.6 6:16.2 7:16.5 8:17.1 9:16.6 10:15.5 11:15.0 12:15.9 13:16.0 14:15.5 15:16.2 16:16.5 17:15.2 18:15.6 19:15.1 20:16.1 21:15.9 22:15.9 23:14.8 24:16.5 25:16.2 26:15.7 27:15.5 28:15.5 29:15.5 30:15.3 31:15.8 32:15.2 33:14.6 34:14.9 35:16.7 36:16.7 37:17.1 38:18.3 39:17.6 | mean 16.0
0823 21:39:22 ds4-server: chat ctx=599..649:50 gen=550 THINKING decoding chunk=17.49 t/s avg=17.87 t/s 30.777s
0823 21:39:25 ds4-server: chat ctx=649..699:50 gen=600 THINKING decoding chunk=17.20 t/s avg=17.81 t/s 33.684s
ds4: qwen35moe experts/token avg over 128 tokens: 0:15.5 1:16.4 2:16.5 3:17.3 4:16.5 5:17.5 6:16.4 7:16.7 8:18.0 9:17.2 10:16.2 11:15.9 12:16.8 13:16.9 14:16.0 15:16.1 16:16.6 17:15.4 18:15.1 19:15.6 20:16.6 21:15.9 22:15.5 23:15.1 24:16.3 25:16.0 26:16.1 27:16.0 28:16.2 29:16.5 30:15.1 31:16.2 32:15.6 33:15.9 34:16.1 35:17.2 36:17.6 37:17.9 38:18.4 39:17.5 | mean 16.4
0823 21:39:28 ds4-server: chat ctx=699..749:50 gen=650 THINKING decoding chunk=16.80 t/s avg=17.73 t/s 36.661s
0823 21:39:31 ds4-server: chat ctx=749..799:50 gen=700 THINKING decoding chunk=16.64 t/s avg=17.65 t/s 39.665s
0823 21:39:34 ds4-server: chat ctx=799..849:50 gen=750 THINKING decoding chunk=17.05 t/s avg=17.61 t/s 42.597s
ds4: qwen35moe experts/token avg over 128 tokens: 0:14.5 1:16.3 2:15.2 3:16.8 4:16.9 5:16.3 6:16.2 7:17.5 8:17.6 9:17.2 10:15.1 11:14.9 12:16.1 13:16.4 14:16.5 15:16.3 16:16.5 17:16.8 18:16.3 19:16.3 20:17.2 21:16.9 22:15.7 23:16.6 24:16.9 25:16.2 26:16.4 27:16.0 28:16.6 29:16.7 30:16.4 31:17.2 32:16.5 33:16.3 34:16.4 35:18.1 36:17.5 37:18.5 38:19.1 39:18.3 | mean 16.6
0823 21:39:37 ds4-server: chat ctx=849..899:50 gen=800 THINKING decoding chunk=16.87 t/s avg=17.56 t/s 45.561s
0823 21:39:40 ds4-server: chat ctx=899..949:50 gen=850 THINKING decoding chunk=16.67 t/s avg=17.50 t/s 48.561s
0823 21:39:43 ds4-server: chat ctx=949..999:50 gen=900 THINKING decoding chunk=16.83 t/s avg=17.46 t/s 51.532s
ds4: qwen35moe experts/token avg over 128 tokens: 0:14.2 1:15.9 2:15.3 3:16.7 4:16.2 5:16.1 6:16.3 7:17.3 8:17.5 9:16.7 10:15.2 11:15.1 12:15.9 13:15.8 14:15.5 15:16.2 16:16.1 17:16.3 18:15.9 19:15.4 20:17.0 21:15.8 22:15.9 23:15.5 24:15.6 25:15.5 26:15.7 27:15.4 28:15.8 29:15.7 30:14.8 31:15.8 32:15.0 33:14.6 34:15.4 35:17.3 36:16.9 37:17.3 38:19.1 39:17.7 | mean 16.0
0823 21:39:46 ds4-server: chat ctx=999..1049:50 gen=950 THINKING decoding chunk=16.20 t/s avg=17.39 t/s 54.619s
0823 21:39:49 ds4-server: chat ctx=1049..1099:50 gen=1000 decoding chunk=16.51 t/s avg=17.35 t/s 57.646s
ds4: qwen35moe experts/token avg over 128 tokens: 0:14.7 1:15.7 2:15.6 3:17.4 4:16.8 5:16.9 6:16.5 7:17.3 8:18.0 9:17.6 10:15.3 11:15.4 12:17.1 13:16.4 14:17.0 15:17.0 16:16.8 17:16.8 18:16.4 19:16.4 20:17.0 21:16.9 22:16.2 23:15.5 24:16.6 25:16.6 26:16.6 27:16.0 28:16.5 29:16.3 30:16.2 31:17.1 32:15.7 33:15.9 34:15.7 35:17.5 36:17.4 37:18.6 38:19.0 39:18.4 | mean 16.7
0823 21:39:52 ds4-server: chat ctx=1099..1149:50 gen=1050 decoding chunk=16.41 t/s avg=17.30 t/s 60.693s
0823 21:39:55 ds4-server: chat ctx=1149..1199:50 gen=1100 decoding chunk=16.28 t/s avg=17.25 t/s 63.765s
0823 21:39:58 ds4-server: chat ctx=1199..1249:50 gen=1150 decoding chunk=16.39 t/s avg=17.21 t/s 66.816s
ds4: qwen35moe experts/token avg over 128 tokens: 0:15.0 1:16.4 2:16.5 3:17.9 4:17.1 5:17.5 6:16.9 7:16.9 8:18.3 9:17.4 10:16.7 11:15.9 12:16.8 13:16.0 14:15.7 15:16.2 16:16.2 17:15.4 18:14.8 19:14.9 20:16.0 21:15.7 22:15.4 23:14.5 24:15.6 25:15.5 26:15.7 27:16.3 28:15.7 29:15.6 30:14.9 31:15.7 32:15.0 33:15.5 34:15.6 35:17.4 36:17.5 37:17.5 38:18.7 39:17.6 | mean 16.3
0823 21:40:01 ds4-server: chat ctx=1249..1299:50 gen=1200 decoding chunk=15.95 t/s avg=17.16 t/s 69.950s
0823 21:40:03 ds4-server: chat ctx=1299..1318:19 gen=1219 decoding chunk=16.00 t/s avg=17.14 t/s 71.138s
0823 21:40:03 ds4-server: thinking live checkpoint remembered ctx=0..99:99 live=1318 visible=1593
0823 21:40:03 ds4-server: chat ctx=0..99:99 gen=1219 finish=stop 76.423s
0823 21:40:03 ds4-server: live kv cache miss live=1318 prompt=100 common=56 reason=token-mismatch
0823 21:40:03 ds4-server: chat ctx=0..100:100 prompt start
0823 21:40:03 ds4-server: chat ctx=0..100:100 prefill chunk 1/100 (1.0%) chunk=0.00 t/s avg=19.03 t/s 0.053s
0823 21:40:03 ds4-server: chat ctx=0..100:100 prefill chunk 2/100 (2.0%) chunk=19.81 t/s avg=19.41 t/s 0.103s
0823 21:40:03 ds4-server: chat ctx=0..100:100 prefill chunk 3/100 (3.0%) chunk=19.10 t/s avg=19.31 t/s 0.155s
0823 21:40:03 ds4-server: chat ctx=0..100:100 prefill chunk 4/100 (4.0%) chunk=20.04 t/s avg=19.49 t/s 0.205s
0823 21:40:03 ds4-server: chat ctx=0..100:100 prefill chunk 5/100 (5.0%) chunk=18.85 t/s avg=19.35 t/s 0.258s
0823 21:40:03 ds4-server: chat ctx=0..100:100 prefill chunk 6/100 (6.0%) chunk=19.60 t/s avg=19.39 t/s 0.309s
0823 21:40:03 ds4-server: chat ctx=0..100:100 prefill chunk 7/100 (7.0%) chunk=19.05 t/s avg=19.34 t/s 0.362s
0823 21:40:03 ds4-server: chat ctx=0..100:100 prefill chunk 8/100 (8.0%) chunk=19.40 t/s avg=19.35 t/s 0.413s
0823 21:40:03 ds4-server: chat ctx=0..100:100 prefill chunk 9/100 (9.0%) chunk=19.36 t/s avg=19.35 t/s 0.465s
0823 21:40:03 ds4-server: chat ctx=0..100:100 prefill chunk 10/100 (10.0%) chunk=19.52 t/s avg=19.37 t/s 0.516s
0823 21:40:03 ds4-server: chat ctx=0..100:100 prefill chunk 11/100 (11.0%) chunk=19.33 t/s avg=19.37 t/s 0.568s
0823 21:40:03 ds4-server: chat ctx=0..100:100 prefill chunk 12/100 (12.0%) chunk=18.50 t/s avg=19.29 t/s 0.622s
0823 21:40:03 ds4-server: chat ctx=0..100:100 prefill chunk 13/100 (13.0%) chunk=19.33 t/s avg=19.29 t/s 0.674s
0823 21:40:03 ds4-server: chat ctx=0..100:100 prefill chunk 14/100 (14.0%) chunk=18.39 t/s avg=19.23 t/s 0.728s
0823 21:40:03 ds4-server: chat ctx=0..100:100 prefill chunk 15/100 (15.0%) chunk=18.74 t/s avg=19.19 t/s 0.782s
0823 21:40:03 ds4-server: chat ctx=0..100:100 prefill chunk 16/100 (16.0%) chunk=18.89 t/s avg=19.17 t/s 0.834s
0823 21:40:03 ds4-server: chat ctx=0..100:100 prefill chunk 17/100 (17.0%) chunk=18.40 t/s avg=19.13 t/s 0.889s
0823 21:40:03 ds4-server: chat ctx=0..100:100 prefill chunk 18/100 (18.0%) chunk=19.68 t/s avg=19.16 t/s 0.940s
0823 21:40:04 ds4-server: chat ctx=0..100:100 prefill chunk 19/100 (19.0%) chunk=18.44 t/s avg=19.12 t/s 0.994s
0823 21:40:04 ds4-server: chat ctx=0..100:100 prefill chunk 20/100 (20.0%) chunk=18.33 t/s avg=19.08 t/s 1.048s
0823 21:40:04 ds4-server: chat ctx=0..100:100 prefill chunk 21/100 (21.0%) chunk=18.89 t/s avg=19.07 t/s 1.101s
0823 21:40:04 ds4-server: chat ctx=0..100:100 prefill chunk 22/100 (22.0%) chunk=19.00 t/s avg=19.06 t/s 1.154s
0823 21:40:04 ds4-server: chat ctx=0..100:100 prefill chunk 23/100 (23.0%) chunk=19.68 t/s avg=19.09 t/s 1.205s
0823 21:40:04 ds4-server: chat ctx=0..100:100 prefill chunk 24/100 (24.0%) chunk=18.78 t/s avg=19.08 t/s 1.258s
0823 21:40:04 ds4-server: chat ctx=0..100:100 prefill chunk 25/100 (25.0%) chunk=19.31 t/s avg=19.09 t/s 1.310s
0823 21:40:04 ds4-server: chat ctx=0..100:100 prefill chunk 26/100 (26.0%) chunk=18.92 t/s avg=19.08 t/s 1.363s
0823 21:40:04 ds4-server: chat ctx=0..100:100 prefill chunk 27/100 (27.0%) chunk=19.09 t/s avg=19.08 t/s 1.415s
0823 21:40:04 ds4-server: chat ctx=0..100:100 prefill chunk 28/100 (28.0%) chunk=18.84 t/s avg=19.07 t/s 1.468s
0823 21:40:04 ds4-server: chat ctx=0..100:100 prefill chunk 29/100 (29.0%) chunk=18.12 t/s avg=19.04 t/s 1.523s
0823 21:40:04 ds4-server: chat ctx=0..100:100 prefill chunk 30/100 (30.0%) chunk=19.05 t/s avg=19.04 t/s 1.576s
0823 21:40:04 ds4-server: chat ctx=0..100:100 prefill chunk 31/100 (31.0%) chunk=18.24 t/s avg=19.01 t/s 1.631s
0823 21:40:04 ds4-server: chat ctx=0..100:100 prefill chunk 32/100 (32.0%) chunk=18.23 t/s avg=18.99 t/s 1.685s
0823 21:40:04 ds4-server: chat ctx=0..100:100 prefill chunk 33/100 (33.0%) chunk=19.38 t/s avg=19.00 t/s 1.737s
0823 21:40:04 ds4-server: chat ctx=0..100:100 prefill chunk 34/100 (34.0%) chunk=18.23 t/s avg=18.97 t/s 1.792s
0823 21:40:04 ds4-server: chat ctx=0..100:100 prefill chunk 35/100 (35.0%) chunk=18.50 t/s avg=18.96 t/s 1.846s
0823 21:40:04 ds4-server: chat ctx=0..100:100 prefill chunk 36/100 (36.0%) chunk=18.44 t/s avg=18.94 t/s 1.900s
0823 21:40:05 ds4-server: chat ctx=0..100:100 prefill chunk 37/100 (37.0%) chunk=17.50 t/s avg=18.90 t/s 1.957s
0823 21:40:05 ds4-server: chat ctx=0..100:100 prefill chunk 38/100 (38.0%) chunk=18.18 t/s avg=18.88 t/s 2.012s
0823 21:40:05 ds4-server: chat ctx=0..100:100 prefill chunk 39/100 (39.0%) chunk=18.19 t/s avg=18.86 t/s 2.067s
0823 21:40:05 ds4-server: chat ctx=0..100:100 prefill chunk 40/100 (40.0%) chunk=18.19 t/s avg=18.85 t/s 2.122s
0823 21:40:05 ds4-server: chat ctx=0..100:100 prefill chunk 41/100 (41.0%) chunk=18.66 t/s avg=18.84 t/s 2.176s
0823 21:40:05 ds4-server: chat ctx=0..100:100 prefill chunk 42/100 (42.0%) chunk=18.25 t/s avg=18.83 t/s 2.231s
0823 21:40:05 ds4-server: chat ctx=0..100:100 prefill chunk 43/100 (43.0%) chunk=18.80 t/s avg=18.83 t/s 2.284s
0823 21:40:05 ds4-server: chat ctx=0..100:100 prefill chunk 44/100 (44.0%) chunk=19.16 t/s avg=18.83 t/s 2.336s
0823 21:40:05 ds4-server: chat ctx=0..100:100 prefill chunk 45/100 (45.0%) chunk=18.33 t/s avg=18.82 t/s 2.391s
0823 21:40:05 ds4-server: chat ctx=0..100:100 prefill chunk 46/100 (46.0%) chunk=18.64 t/s avg=18.82 t/s 2.444s
0823 21:40:05 ds4-server: chat ctx=0..100:100 prefill chunk 47/100 (47.0%) chunk=18.22 t/s avg=18.81 t/s 2.499s
0823 21:40:05 ds4-server: chat ctx=0..100:100 prefill chunk 48/100 (48.0%) chunk=18.68 t/s avg=18.80 t/s 2.553s
0823 21:40:05 ds4-server: chat ctx=0..100:100 prefill chunk 49/100 (49.0%) chunk=19.30 t/s avg=18.81 t/s 2.605s
0823 21:40:05 ds4-server: chat ctx=0..100:100 prefill chunk 50/100 (50.0%) chunk=18.45 t/s avg=18.81 t/s 2.659s
0823 21:40:05 ds4-server: chat ctx=0..100:100 prefill chunk 51/100 (51.0%) chunk=19.26 t/s avg=18.81 t/s 2.711s
0823 21:40:05 ds4-server: chat ctx=0..100:100 prefill chunk 52/100 (52.0%) chunk=18.18 t/s avg=18.80 t/s 2.766s
0823 21:40:05 ds4-server: chat ctx=0..100:100 prefill chunk 53/100 (53.0%) chunk=18.73 t/s avg=18.80 t/s 2.819s
0823 21:40:05 ds4-server: chat ctx=0..100:100 prefill chunk 54/100 (54.0%) chunk=19.41 t/s avg=18.81 t/s 2.871s
0823 21:40:05 ds4-server: chat ctx=0..100:100 prefill chunk 55/100 (55.0%) chunk=19.26 t/s avg=18.82 t/s 2.923s
0823 21:40:06 ds4-server: chat ctx=0..100:100 prefill chunk 56/100 (56.0%) chunk=20.73 t/s avg=18.85 t/s 2.971s
0823 21:40:06 ds4-server: chat ctx=0..100:100 prefill chunk 57/100 (57.0%) chunk=18.63 t/s avg=18.85 t/s 3.024s
0823 21:40:06 ds4-server: chat ctx=0..100:100 prefill chunk 58/100 (58.0%) chunk=19.90 t/s avg=18.86 t/s 3.075s
0823 21:40:06 ds4-server: chat ctx=0..100:100 prefill chunk 59/100 (59.0%) chunk=18.51 t/s avg=18.86 t/s 3.129s
0823 21:40:06 ds4-server: chat ctx=0..100:100 prefill chunk 60/100 (60.0%) chunk=19.01 t/s avg=18.86 t/s 3.181s
0823 21:40:06 ds4-server: chat ctx=0..100:100 prefill chunk 61/100 (61.0%) chunk=18.66 t/s avg=18.86 t/s 3.235s
0823 21:40:06 ds4-server: chat ctx=0..100:100 prefill chunk 62/100 (62.0%) chunk=18.31 t/s avg=18.85 t/s 3.290s
0823 21:40:06 ds4-server: chat ctx=0..100:100 prefill chunk 63/100 (63.0%) chunk=19.21 t/s avg=18.85 t/s 3.342s
0823 21:40:06 ds4-server: chat ctx=0..100:100 prefill chunk 64/100 (64.0%) chunk=18.30 t/s avg=18.84 t/s 3.396s
0823 21:40:06 ds4-server: chat ctx=0..100:100 prefill chunk 65/100 (65.0%) chunk=18.46 t/s avg=18.84 t/s 3.450s
0823 21:40:06 ds4-server: chat ctx=0..100:100 prefill chunk 66/100 (66.0%) chunk=18.64 t/s avg=18.84 t/s 3.504s
0823 21:40:06 ds4-server: chat ctx=0..100:100 prefill chunk 67/100 (67.0%) chunk=18.15 t/s avg=18.82 t/s 3.559s
ds4: qwen35moe experts/token avg over 128 tokens: 0:14.9 1:15.1 2:15.4 3:16.7 4:16.1 5:16.2 6:15.4 7:16.4 8:17.1 9:16.6 10:14.9 11:14.8 12:15.9 13:15.6 14:16.0 15:16.4 16:15.5 17:15.5 18:15.6 19:15.4 20:16.7 21:15.8 22:15.2 23:15.4 24:15.6 25:15.4 26:15.3 27:15.5 28:15.2 29:15.7 30:14.6 31:15.9 32:15.4 33:16.1 34:15.8 35:17.1 36:17.3 37:17.8 38:18.8 39:17.8 | mean 16.0
0823 21:40:06 ds4-server: chat ctx=0..100:100 prefill chunk 68/100 (68.0%) chunk=19.25 t/s avg=18.83 t/s 3.611s
0823 21:40:06 ds4-server: chat ctx=0..100:100 prefill chunk 69/100 (69.0%) chunk=18.92 t/s avg=18.83 t/s 3.664s
0823 21:40:06 ds4-server: chat ctx=0..100:100 prefill chunk 70/100 (70.0%) chunk=18.64 t/s avg=18.83 t/s 3.718s
0823 21:40:06 ds4-server: chat ctx=0..100:100 prefill chunk 71/100 (71.0%) chunk=18.95 t/s avg=18.83 t/s 3.770s
0823 21:40:06 ds4-server: chat ctx=0..100:100 prefill chunk 72/100 (72.0%) chunk=18.71 t/s avg=18.83 t/s 3.824s
0823 21:40:06 ds4-server: chat ctx=0..100:100 prefill chunk 73/100 (73.0%) chunk=19.00 t/s avg=18.83 t/s 3.876s
0823 21:40:06 ds4-server: chat ctx=0..100:100 prefill chunk 74/100 (74.0%) chunk=18.22 t/s avg=18.82 t/s 3.931s
0823 21:40:07 ds4-server: chat ctx=0..100:100 prefill chunk 75/100 (75.0%) chunk=18.23 t/s avg=18.81 t/s 3.986s
0823 21:40:07 ds4-server: chat ctx=0..100:100 prefill chunk 76/100 (76.0%) chunk=18.60 t/s avg=18.81 t/s 4.040s
0823 21:40:07 ds4-server: chat ctx=0..100:100 prefill chunk 77/100 (77.0%) chunk=17.95 t/s avg=18.80 t/s 4.096s
0823 21:40:07 ds4-server: chat ctx=0..100:100 prefill chunk 78/100 (78.0%) chunk=18.23 t/s avg=18.79 t/s 4.151s
0823 21:40:07 ds4-server: chat ctx=0..100:100 prefill chunk 79/100 (79.0%) chunk=18.79 t/s avg=18.79 t/s 4.204s
0823 21:40:07 ds4-server: chat ctx=0..100:100 prefill chunk 80/100 (80.0%) chunk=17.76 t/s avg=18.78 t/s 4.260s
0823 21:40:07 ds4-server: chat ctx=0..100:100 prefill chunk 81/100 (81.0%) chunk=18.17 t/s avg=18.77 t/s 4.315s
0823 21:40:07 ds4-server: chat ctx=0..100:100 prefill chunk 82/100 (82.0%) chunk=18.30 t/s avg=18.77 t/s 4.370s
0823 21:40:07 ds4-server: chat ctx=0..100:100 prefill chunk 83/100 (83.0%) chunk=18.37 t/s avg=18.76 t/s 4.424s
0823 21:40:07 ds4-server: chat ctx=0..100:100 prefill chunk 84/100 (84.0%) chunk=19.02 t/s avg=18.76 t/s 4.477s
0823 21:40:07 ds4-server: chat ctx=0..100:100 prefill chunk 85/100 (85.0%) chunk=18.32 t/s avg=18.76 t/s 4.531s
0823 21:40:07 ds4-server: chat ctx=0..100:100 prefill chunk 86/100 (86.0%) chunk=18.05 t/s avg=18.75 t/s 4.587s
0823 21:40:07 ds4-server: chat ctx=0..100:100 prefill chunk 87/100 (87.0%) chunk=18.46 t/s avg=18.75 t/s 4.641s
0823 21:40:07 ds4-server: chat ctx=0..100:100 prefill chunk 88/100 (88.0%) chunk=18.08 t/s avg=18.74 t/s 4.696s
0823 21:40:07 ds4-server: chat ctx=0..100:100 prefill chunk 89/100 (89.0%) chunk=17.67 t/s avg=18.73 t/s 4.753s
0823 21:40:07 ds4-server: chat ctx=0..100:100 prefill chunk 90/100 (90.0%) chunk=18.91 t/s avg=18.73 t/s 4.806s
0823 21:40:07 ds4-server: chat ctx=0..100:100 prefill chunk 91/100 (91.0%) chunk=18.56 t/s avg=18.73 t/s 4.860s
0823 21:40:07 ds4-server: chat ctx=0..100:100 prefill chunk 92/100 (92.0%) chunk=19.20 t/s avg=18.73 t/s 4.912s
0823 21:40:08 ds4-server: chat ctx=0..100:100 prefill chunk 93/100 (93.0%) chunk=18.11 t/s avg=18.72 t/s 4.967s
0823 21:40:08 ds4-server: chat ctx=0..100:100 prefill chunk 94/100 (94.0%) chunk=18.76 t/s avg=18.72 t/s 5.020s
0823 21:40:08 ds4-server: chat ctx=0..100:100 prefill chunk 95/100 (95.0%) chunk=18.84 t/s avg=18.73 t/s 5.073s
0823 21:40:08 ds4-server: chat ctx=0..100:100 prefill chunk 96/100 (96.0%) chunk=17.95 t/s avg=18.72 t/s 5.129s
0823 21:40:08 ds4-server: chat ctx=0..100:100 prefill chunk 97/100 (97.0%) chunk=19.04 t/s avg=18.72 t/s 5.182s
0823 21:40:08 ds4-server: chat ctx=0..100:100 prefill chunk 98/100 (98.0%) chunk=18.20 t/s avg=18.71 t/s 5.237s
0823 21:40:08 ds4-server: chat ctx=0..100:100 prefill chunk 99/100 (99.0%) chunk=18.96 t/s avg=18.72 t/s 5.289s
0823 21:40:08 ds4-server: chat ctx=0..100:100 prefill chunk 100/100 (100.0%) chunk=20.24 t/s avg=18.73 t/s 5.339s
0823 21:40:08 ds4-server: chat ctx=0..100:100 prompt done 5.339s
0823 21:40:11 ds4-server: chat ctx=100..150:50 gen=50 THINKING decoding chunk=18.38 t/s avg=18.38 t/s 2.721s
ds4: qwen35moe experts/token avg over 128 tokens: 0:14.2 1:15.0 2:14.8 3:16.4 4:15.5 5:15.2 6:14.3 7:15.6 8:16.0 9:16.1 10:14.8 11:14.3 12:15.4 13:14.9 14:14.9 15:15.6 16:15.5 17:15.1 18:15.4 19:15.6 20:15.7 21:15.6 22:16.0 23:15.7 24:16.0 25:15.6 26:16.2 27:16.7 28:16.6 29:16.5 30:16.7 31:17.2 32:16.5 33:16.9 34:16.6 35:18.1 36:18.2 37:18.8 38:19.4 39:18.9 | mean 16.1
0823 21:40:13 ds4-server: chat ctx=150..200:50 gen=100 THINKING decoding chunk=17.99 t/s avg=18.18 t/s 5.500s
0823 21:40:16 ds4-server: chat ctx=200..250:50 gen=150 THINKING decoding chunk=18.28 t/s avg=18.21 t/s 8.235s
0823 21:40:19 ds4-server: chat ctx=250..300:50 gen=200 THINKING decoding chunk=18.13 t/s avg=18.19 t/s 10.994s
ds4: qwen35moe experts/token avg over 128 tokens: 0:15.0 1:15.7 2:15.7 3:16.8 4:15.5 5:16.8 6:15.6 7:16.2 8:17.4 9:16.9 10:15.4 11:15.3 12:16.2 13:16.1 14:15.8 15:15.9 16:15.2 17:15.0 18:14.4 19:14.7 20:16.2 21:14.6 22:14.5 23:14.2 24:15.4 25:16.7 26:15.0 27:15.6 28:15.8 29:14.9 30:15.2 31:15.9 32:14.4 33:14.2 34:15.2 35:16.6 36:16.9 37:16.9 38:18.4 39:17.5 | mean 15.7
0823 21:40:22 ds4-server: chat ctx=300..350:50 gen=250 THINKING decoding chunk=17.78 t/s avg=18.11 t/s 13.805s
0823 21:40:25 ds4-server: chat ctx=350..400:50 gen=300 THINKING decoding chunk=17.56 t/s avg=18.01 t/s 16.653s
0823 21:40:27 ds4-server: chat ctx=400..450:50 gen=350 THINKING decoding chunk=17.54 t/s avg=17.95 t/s 19.504s
ds4: qwen35moe experts/token avg over 128 tokens: 0:14.8 1:16.4 2:16.1 3:17.5 4:16.8 5:16.7 6:16.4 7:17.3 8:17.8 9:17.3 10:15.8 11:15.5 12:17.1 13:16.4 14:16.6 15:17.2 16:15.8 17:15.9 18:16.0 19:16.6 20:16.0 21:15.9 22:15.5 23:15.9 24:16.1 25:15.6 26:16.6 27:16.6 28:15.9 29:17.0 30:16.1 31:17.5 32:15.8 33:16.0 34:15.5 35:16.8 36:17.5 37:18.1 38:19.3 39:18.1 | mean 16.5
0823 21:40:30 ds4-server: chat ctx=450..500:50 gen=400 THINKING decoding chunk=17.29 t/s avg=17.86 t/s 22.395s
0823 21:40:33 ds4-server: chat ctx=500..550:50 gen=450 THINKING decoding chunk=17.38 t/s avg=17.81 t/s 25.273s
ds4: qwen35moe experts/token avg over 128 tokens: 0:15.0 1:16.3 2:16.3 3:17.0 4:16.6 5:17.1 6:16.8 7:17.7 8:18.5 9:17.4 10:15.7 11:16.0 12:17.2 13:16.6 14:16.6 15:17.3 16:16.6 17:16.7 18:16.3 19:16.0 20:17.3 21:16.7 22:15.7 23:15.8 24:16.6 25:16.9 26:17.3 27:16.5 28:16.5 29:17.4 30:16.3 31:17.5 32:15.5 33:15.8 34:16.0 35:17.5 36:17.3 37:17.7 38:19.0 39:18.1 | mean 16.8
0823 21:40:36 ds4-server: chat ctx=550..600:50 gen=500 THINKING decoding chunk=17.05 t/s avg=17.73 t/s 28.205s
0823 21:40:39 ds4-server: chat ctx=600..650:50 gen=550 THINKING decoding chunk=17.30 t/s avg=17.69 t/s 31.095s
0823 21:40:42 ds4-server: chat ctx=650..700:50 gen=600 THINKING decoding chunk=17.14 t/s avg=17.64 t/s 34.012s
ds4: qwen35moe experts/token avg over 128 tokens: 0:15.3 1:16.2 2:16.2 3:17.3 4:16.5 5:16.8 6:16.6 7:17.3 8:17.7 9:17.2 10:15.9 11:15.8 12:17.0 13:16.3 14:16.8 15:16.8 16:16.2 17:15.8 18:15.8 19:15.4 20:16.6 21:16.0 22:15.5 23:14.8 24:16.2 25:16.6 26:16.3 27:16.4 28:16.3 29:16.0 30:15.8 31:16.0 32:14.6 33:14.4 34:14.2 35:17.0 36:16.6 37:17.1 38:18.8 39:17.8 | mean 16.3
0823 21:40:45 ds4-server: chat ctx=700..750:50 gen=650 THINKING decoding chunk=16.88 t/s avg=17.58 t/s 36.974s
0823 21:40:48 ds4-server: chat ctx=750..800:50 gen=700 THINKING decoding chunk=16.75 t/s avg=17.52 t/s 39.958s
ds4: qwen35moe experts/token avg over 128 tokens: 0:14.6 1:16.2 2:15.9 3:17.9 4:17.0 5:17.3 6:16.9 7:18.2 8:18.7 9:18.1 10:15.8 11:16.3 12:17.7 13:16.6 14:17.3 15:17.0 16:16.8 17:17.0 18:16.3 19:16.2 20:17.4 21:17.1 22:16.2 23:15.7 24:17.2 25:16.5 26:17.1 27:16.6 28:16.6 29:16.5 30:16.4 31:17.1 32:15.7 33:16.0 34:15.2 35:18.0 36:17.5 37:18.2 38:19.1 39:18.1 | mean 16.9
0823 21:40:51 ds4-server: chat ctx=800..850:50 gen=750 THINKING decoding chunk=16.75 t/s avg=17.46 t/s 42.944s
0823 21:40:54 ds4-server: chat ctx=850..900:50 gen=800 THINKING decoding chunk=17.10 t/s avg=17.44 t/s 45.868s
0823 21:40:57 ds4-server: chat ctx=900..950:50 gen=850 THINKING decoding chunk=16.98 t/s avg=17.41 t/s 48.812s
ds4: qwen35moe experts/token avg over 128 tokens: 0:14.7 1:15.8 2:15.7 3:16.3 4:16.0 5:16.1 6:15.6 7:16.4 8:17.3 9:16.7 10:15.1 11:14.6 12:15.8 13:15.1 14:15.8 15:15.4 16:15.8 17:15.3 18:15.3 19:15.0 20:16.4 21:15.6 22:15.5 23:14.9 24:15.2 25:15.5 26:15.3 27:15.0 28:15.6 29:15.0 30:14.7 31:15.6 32:14.5 33:14.2 34:14.0 35:16.0 36:15.2 37:16.4 38:18.1 39:16.9 | mean 15.6
0823 21:41:00 ds4-server: chat ctx=950..1000:50 gen=900 THINKING decoding chunk=16.79 t/s avg=17.38 t/s 51.790s
0823 21:41:03 ds4-server: chat ctx=1000..1050:50 gen=950 THINKING decoding chunk=16.81 t/s avg=17.35 t/s 54.765s
ds4: qwen35moe experts/token avg over 128 tokens: 0:14.5 1:16.2 2:15.4 3:16.4 4:16.5 5:16.2 6:16.4 7:17.2 8:18.0 9:17.2 10:15.3 11:15.5 12:16.6 13:16.4 14:16.6 15:16.7 16:16.5 17:16.2 18:16.3 19:15.6 20:16.7 21:16.2 22:15.6 23:15.3 24:16.0 25:15.8 26:16.4 27:15.3 28:16.0 29:15.7 30:15.5 31:16.1 32:14.4 33:14.5 34:14.6 35:16.6 36:16.4 37:16.5 38:18.6 39:17.4 | mean 16.1
0823 21:41:06 ds4-server: chat ctx=1050..1100:50 gen=1000 THINKING decoding chunk=16.36 t/s avg=17.29 t/s 57.821s
0823 21:41:09 ds4-server: chat ctx=1100..1150:50 gen=1050 decoding chunk=16.46 t/s avg=17.25 t/s 60.858s
0823 21:41:12 ds4-server: chat ctx=1150..1200:50 gen=1100 decoding chunk=16.23 t/s avg=17.20 t/s 63.939s
ds4: qwen35moe experts/token avg over 128 tokens: 0:14.4 1:16.2 2:15.6 3:17.3 4:16.6 5:17.0 6:16.6 7:17.9 8:18.1 9:17.4 10:16.1 11:15.9 12:17.4 13:16.9 14:16.6 15:17.1 16:16.0 17:16.2 18:15.8 19:15.6 20:16.8 21:15.9 22:15.6 23:15.2 24:15.9 25:16.5 26:16.2 27:16.4 28:16.1 29:16.5 30:15.1 31:16.5 32:14.7 33:14.5 34:14.9 35:16.8 36:16.4 37:17.3 38:18.9 39:17.6 | mean 16.4
0823 21:41:15 ds4-server: chat ctx=1200..1250:50 gen=1150 decoding chunk=16.09 t/s avg=17.15 t/s 67.047s
0823 21:41:18 ds4-server: chat ctx=1250..1300:50 gen=1200 decoding chunk=15.88 t/s avg=17.09 t/s 70.197s
0823 21:41:19 ds4-server: chat ctx=1300..1307:7 gen=1207 decoding chunk=15.89 t/s avg=17.09 t/s 70.637s
0823 21:41:19 ds4-server: thinking live checkpoint remembered ctx=0..100:100 live=1307 visible=1246
0823 21:41:19 ds4-server: chat ctx=0..100:100 gen=1207 finish=stop 75.976s
0823 21:41:19 ds4-server: live kv cache miss live=1307 prompt=175 common=56 reason=token-mismatch
0823 21:41:19 ds4-server: chat ctx=0..175:175 prompt start
0823 21:41:19 ds4-server: chat ctx=0..175:175 prefill chunk 1/175 (0.6%) chunk=0.00 t/s avg=19.27 t/s 0.052s
0823 21:41:19 ds4-server: chat ctx=0..175:175 prefill chunk 2/175 (1.1%) chunk=20.00 t/s avg=19.63 t/s 0.102s
0823 21:41:19 ds4-server: chat ctx=0..175:175 prefill chunk 3/175 (1.7%) chunk=19.54 t/s avg=19.60 t/s 0.153s
0823 21:41:19 ds4-server: chat ctx=0..175:175 prefill chunk 4/175 (2.3%) chunk=19.40 t/s avg=19.55 t/s 0.205s
0823 21:41:19 ds4-server: chat ctx=0..175:175 prefill chunk 5/175 (2.9%) chunk=19.46 t/s avg=19.53 t/s 0.256s
0823 21:41:19 ds4-server: chat ctx=0..175:175 prefill chunk 6/175 (3.4%) chunk=19.08 t/s avg=19.46 t/s 0.308s
0823 21:41:19 ds4-server: chat ctx=0..175:175 prefill chunk 7/175 (4.0%) chunk=19.66 t/s avg=19.48 t/s 0.359s
0823 21:41:19 ds4-server: chat ctx=0..175:175 prefill chunk 8/175 (4.6%) chunk=18.63 t/s avg=19.37 t/s 0.413s
0823 21:41:19 ds4-server: chat ctx=0..175:175 prefill chunk 9/175 (5.1%) chunk=20.17 t/s avg=19.46 t/s 0.463s
0823 21:41:19 ds4-server: chat ctx=0..175:175 prefill chunk 10/175 (5.7%) chunk=19.14 t/s avg=19.43 t/s 0.515s
0823 21:41:19 ds4-server: chat ctx=0..175:175 prefill chunk 11/175 (6.3%) chunk=19.38 t/s avg=19.42 t/s 0.566s
0823 21:41:19 ds4-server: chat ctx=0..175:175 prefill chunk 12/175 (6.9%) chunk=18.48 t/s avg=19.34 t/s 0.620s
0823 21:41:19 ds4-server: chat ctx=0..175:175 prefill chunk 13/175 (7.4%) chunk=18.75 t/s avg=19.29 t/s 0.674s
0823 21:41:19 ds4-server: chat ctx=0..175:175 prefill chunk 14/175 (8.0%) chunk=19.14 t/s avg=19.28 t/s 0.726s
0823 21:41:19 ds4-server: chat ctx=0..175:175 prefill chunk 15/175 (8.6%) chunk=18.33 t/s avg=19.22 t/s 0.781s
0823 21:41:19 ds4-server: chat ctx=0..175:175 prefill chunk 16/175 (9.1%) chunk=19.12 t/s avg=19.21 t/s 0.833s
0823 21:41:19 ds4-server: chat ctx=0..175:175 prefill chunk 17/175 (9.7%) chunk=18.58 t/s avg=19.17 t/s 0.887s
0823 21:41:19 ds4-server: chat ctx=0..175:175 prefill chunk 18/175 (10.3%) chunk=18.80 t/s avg=19.15 t/s 0.940s
0823 21:41:20 ds4-server: chat ctx=0..175:175 prefill chunk 19/175 (10.9%) chunk=18.79 t/s avg=19.13 t/s 0.993s
0823 21:41:20 ds4-server: chat ctx=0..175:175 prefill chunk 20/175 (11.4%) chunk=17.91 t/s avg=19.07 t/s 1.049s
0823 21:41:20 ds4-server: chat ctx=0..175:175 prefill chunk 21/175 (12.0%) chunk=19.04 t/s avg=19.07 t/s 1.101s
0823 21:41:20 ds4-server: chat ctx=0..175:175 prefill chunk 22/175 (12.6%) chunk=19.23 t/s avg=19.07 t/s 1.153s
0823 21:41:20 ds4-server: chat ctx=0..175:175 prefill chunk 23/175 (13.1%) chunk=18.89 t/s avg=19.06 t/s 1.206s
0823 21:41:20 ds4-server: chat ctx=0..175:175 prefill chunk 24/175 (13.7%) chunk=19.41 t/s avg=19.08 t/s 1.258s
0823 21:41:20 ds4-server: chat ctx=0..175:175 prefill chunk 25/175 (14.3%) chunk=18.56 t/s avg=19.06 t/s 1.312s
0823 21:41:20 ds4-server: chat ctx=0..175:175 prefill chunk 26/175 (14.9%) chunk=19.63 t/s avg=19.08 t/s 1.363s
0823 21:41:20 ds4-server: chat ctx=0..175:175 prefill chunk 27/175 (15.4%) chunk=18.49 t/s avg=19.06 t/s 1.417s
0823 21:41:20 ds4-server: chat ctx=0..175:175 prefill chunk 28/175 (16.0%) chunk=19.12 t/s avg=19.06 t/s 1.469s
0823 21:41:20 ds4-server: chat ctx=0..175:175 prefill chunk 29/175 (16.6%) chunk=18.78 t/s avg=19.05 t/s 1.522s
0823 21:41:20 ds4-server: chat ctx=0..175:175 prefill chunk 30/175 (17.1%) chunk=18.50 t/s avg=19.03 t/s 1.576s
0823 21:41:20 ds4-server: chat ctx=0..175:175 prefill chunk 31/175 (17.7%) chunk=19.22 t/s avg=19.04 t/s 1.628s
0823 21:41:20 ds4-server: chat ctx=0..175:175 prefill chunk 32/175 (18.3%) chunk=18.19 t/s avg=19.01 t/s 1.683s
0823 21:41:20 ds4-server: chat ctx=0..175:175 prefill chunk 33/175 (18.9%) chunk=18.88 t/s avg=19.00 t/s 1.736s
0823 21:41:20 ds4-server: chat ctx=0..175:175 prefill chunk 34/175 (19.4%) chunk=18.46 t/s avg=18.99 t/s 1.791s
0823 21:41:20 ds4-server: chat ctx=0..175:175 prefill chunk 35/175 (20.0%) chunk=17.94 t/s avg=18.96 t/s 1.846s
0823 21:41:20 ds4-server: chat ctx=0..175:175 prefill chunk 36/175 (20.6%) chunk=18.82 t/s avg=18.95 t/s 1.899s
0823 21:41:20 ds4-server: chat ctx=0..175:175 prefill chunk 37/175 (21.1%) chunk=17.83 t/s avg=18.92 t/s 1.956s
0823 21:41:21 ds4-server: chat ctx=0..175:175 prefill chunk 38/175 (21.7%) chunk=17.54 t/s avg=18.88 t/s 2.013s
0823 21:41:21 ds4-server: chat ctx=0..175:175 prefill chunk 39/175 (22.3%) chunk=18.73 t/s avg=18.88 t/s 2.066s
0823 21:41:21 ds4-server: chat ctx=0..175:175 prefill chunk 40/175 (22.9%) chunk=18.24 t/s avg=18.86 t/s 2.121s
ds4: qwen35moe experts/token avg over 128 tokens: 0:15.0 1:15.9 2:15.8 3:17.3 4:16.9 5:17.0 6:16.5 7:17.5 8:17.6 9:17.2 10:16.3 11:16.4 12:17.4 13:16.8 14:17.0 15:17.3 16:16.2 17:16.7 18:15.8 19:15.4 20:16.6 21:15.9 22:16.0 23:15.3 24:16.3 25:15.7 26:16.2 27:16.4 28:15.6 29:16.3 30:15.6 31:16.8 32:15.6 33:15.7 34:15.3 35:17.5 36:17.6 37:18.1 38:19.2 39:18.4 | mean 16.6
0823 21:41:21 ds4-server: chat ctx=0..175:175 prefill chunk 41/175 (23.4%) chunk=18.17 t/s avg=18.84 t/s 2.176s
0823 21:41:21 ds4-server: chat ctx=0..175:175 prefill chunk 42/175 (24.0%) chunk=19.09 t/s avg=18.85 t/s 2.228s
0823 21:41:21 ds4-server: chat ctx=0..175:175 prefill chunk 43/175 (24.6%) chunk=18.71 t/s avg=18.85 t/s 2.282s
0823 21:41:21 ds4-server: chat ctx=0..175:175 prefill chunk 44/175 (25.1%) chunk=19.34 t/s avg=18.86 t/s 2.333s
0823 21:41:21 ds4-server: chat ctx=0..175:175 prefill chunk 45/175 (25.7%) chunk=18.34 t/s avg=18.85 t/s 2.388s
0823 21:41:21 ds4-server: chat ctx=0..175:175 prefill chunk 46/175 (26.3%) chunk=18.35 t/s avg=18.83 t/s 2.442s
0823 21:41:21 ds4-server: chat ctx=0..175:175 prefill chunk 47/175 (26.9%) chunk=18.37 t/s avg=18.82 t/s 2.497s
0823 21:41:21 ds4-server: chat ctx=0..175:175 prefill chunk 48/175 (27.4%) chunk=18.80 t/s avg=18.82 t/s 2.550s
0823 21:41:21 ds4-server: chat ctx=0..175:175 prefill chunk 49/175 (28.0%) chunk=19.48 t/s avg=18.84 t/s 2.601s
0823 21:41:21 ds4-server: chat ctx=0..175:175 prefill chunk 50/175 (28.6%) chunk=18.73 t/s avg=18.83 t/s 2.655s
0823 21:41:21 ds4-server: chat ctx=0..175:175 prefill chunk 51/175 (29.1%) chunk=18.77 t/s avg=18.83 t/s 2.708s
0823 21:41:21 ds4-server: chat ctx=0..175:175 prefill chunk 52/175 (29.7%) chunk=18.59 t/s avg=18.83 t/s 2.762s
0823 21:41:21 ds4-server: chat ctx=0..175:175 prefill chunk 53/175 (30.3%) chunk=18.73 t/s avg=18.83 t/s 2.815s
0823 21:41:21 ds4-server: chat ctx=0..175:175 prefill chunk 54/175 (30.9%) chunk=19.49 t/s avg=18.84 t/s 2.866s
0823 21:41:21 ds4-server: chat ctx=0..175:175 prefill chunk 55/175 (31.4%) chunk=19.25 t/s avg=18.85 t/s 2.918s
0823 21:41:22 ds4-server: chat ctx=0..175:175 prefill chunk 56/175 (32.0%) chunk=20.68 t/s avg=18.88 t/s 2.967s
0823 21:41:22 ds4-server: chat ctx=0..175:175 prefill chunk 57/175 (32.6%) chunk=18.38 t/s avg=18.87 t/s 3.021s
0823 21:41:22 ds4-server: chat ctx=0..175:175 prefill chunk 58/175 (33.1%) chunk=18.16 t/s avg=18.85 t/s 3.076s
0823 21:41:22 ds4-server: chat ctx=0..175:175 prefill chunk 59/175 (33.7%) chunk=19.08 t/s avg=18.86 t/s 3.129s
0823 21:41:22 ds4-server: chat ctx=0..175:175 prefill chunk 60/175 (34.3%) chunk=17.92 t/s avg=18.84 t/s 3.184s
0823 21:41:22 ds4-server: chat ctx=0..175:175 prefill chunk 61/175 (34.9%) chunk=18.17 t/s avg=18.83 t/s 3.240s
0823 21:41:22 ds4-server: chat ctx=0..175:175 prefill chunk 62/175 (35.4%) chunk=18.66 t/s avg=18.83 t/s 3.293s
0823 21:41:22 ds4-server: chat ctx=0..175:175 prefill chunk 63/175 (36.0%) chunk=18.15 t/s avg=18.82 t/s 3.348s
0823 21:41:22 ds4-server: chat ctx=0..175:175 prefill chunk 64/175 (36.6%) chunk=18.36 t/s avg=18.81 t/s 3.403s
0823 21:41:22 ds4-server: chat ctx=0..175:175 prefill chunk 65/175 (37.1%) chunk=18.59 t/s avg=18.81 t/s 3.456s
0823 21:41:22 ds4-server: chat ctx=0..175:175 prefill chunk 66/175 (37.7%) chunk=18.66 t/s avg=18.80 t/s 3.510s
0823 21:41:22 ds4-server: chat ctx=0..175:175 prefill chunk 67/175 (38.3%) chunk=19.25 t/s avg=18.81 t/s 3.562s
0823 21:41:22 ds4-server: chat ctx=0..175:175 prefill chunk 68/175 (38.9%) chunk=17.94 t/s avg=18.80 t/s 3.618s
0823 21:41:22 ds4-server: chat ctx=0..175:175 prefill chunk 69/175 (39.4%) chunk=18.03 t/s avg=18.78 t/s 3.673s
0823 21:41:22 ds4-server: chat ctx=0..175:175 prefill chunk 70/175 (40.0%) chunk=18.61 t/s avg=18.78 t/s 3.727s
0823 21:41:22 ds4-server: chat ctx=0..175:175 prefill chunk 71/175 (40.6%) chunk=17.88 t/s avg=18.77 t/s 3.783s
0823 21:41:22 ds4-server: chat ctx=0..175:175 prefill chunk 72/175 (41.1%) chunk=18.62 t/s avg=18.77 t/s 3.837s
0823 21:41:22 ds4-server: chat ctx=0..175:175 prefill chunk 73/175 (41.7%) chunk=18.82 t/s avg=18.77 t/s 3.890s
0823 21:41:22 ds4-server: chat ctx=0..175:175 prefill chunk 74/175 (42.3%) chunk=18.62 t/s avg=18.77 t/s 3.943s
0823 21:41:23 ds4-server: chat ctx=0..175:175 prefill chunk 75/175 (42.9%) chunk=19.10 t/s avg=18.77 t/s 3.996s
0823 21:41:23 ds4-server: chat ctx=0..175:175 prefill chunk 76/175 (43.4%) chunk=18.67 t/s avg=18.77 t/s 4.049s
0823 21:41:23 ds4-server: chat ctx=0..175:175 prefill chunk 77/175 (44.0%) chunk=18.88 t/s avg=18.77 t/s 4.102s
0823 21:41:23 ds4-server: chat ctx=0..175:175 prefill chunk 78/175 (44.6%) chunk=18.82 t/s avg=18.77 t/s 4.155s
0823 21:41:23 ds4-server: chat ctx=0..175:175 prefill chunk 79/175 (45.1%) chunk=18.06 t/s avg=18.76 t/s 4.211s
0823 21:41:23 ds4-server: chat ctx=0..175:175 prefill chunk 80/175 (45.7%) chunk=18.04 t/s avg=18.75 t/s 4.266s
0823 21:41:23 ds4-server: chat ctx=0..175:175 prefill chunk 81/175 (46.3%) chunk=18.39 t/s avg=18.75 t/s 4.321s
0823 21:41:23 ds4-server: chat ctx=0..175:175 prefill chunk 82/175 (46.9%) chunk=18.33 t/s avg=18.74 t/s 4.375s
0823 21:41:23 ds4-server: chat ctx=0..175:175 prefill chunk 83/175 (47.4%) chunk=19.17 t/s avg=18.75 t/s 4.427s
0823 21:41:23 ds4-server: chat ctx=0..175:175 prefill chunk 84/175 (48.0%) chunk=18.08 t/s avg=18.74 t/s 4.483s
0823 21:41:23 ds4-server: chat ctx=0..175:175 prefill chunk 85/175 (48.6%) chunk=19.21 t/s avg=18.74 t/s 4.535s
0823 21:41:23 ds4-server: chat ctx=0..175:175 prefill chunk 86/175 (49.1%) chunk=19.05 t/s avg=18.75 t/s 4.587s
0823 21:41:23 ds4-server: chat ctx=0..175:175 prefill chunk 87/175 (49.7%) chunk=18.91 t/s avg=18.75 t/s 4.640s
0823 21:41:23 ds4-server: chat ctx=0..175:175 prefill chunk 88/175 (50.3%) chunk=19.41 t/s avg=18.76 t/s 4.692s
0823 21:41:23 ds4-server: chat ctx=0..175:175 prefill chunk 89/175 (50.9%) chunk=18.51 t/s avg=18.75 t/s 4.746s
0823 21:41:23 ds4-server: chat ctx=0..175:175 prefill chunk 90/175 (51.4%) chunk=19.49 t/s avg=18.76 t/s 4.797s
0823 21:41:23 ds4-server: chat ctx=0..175:175 prefill chunk 91/175 (52.0%) chunk=18.66 t/s avg=18.76 t/s 4.851s
0823 21:41:23 ds4-server: chat ctx=0..175:175 prefill chunk 92/175 (52.6%) chunk=19.03 t/s avg=18.76 t/s 4.903s
0823 21:41:23 ds4-server: chat ctx=0..175:175 prefill chunk 93/175 (53.1%) chunk=19.05 t/s avg=18.77 t/s 4.956s
0823 21:41:24 ds4-server: chat ctx=0..175:175 prefill chunk 94/175 (53.7%) chunk=17.86 t/s avg=18.76 t/s 5.012s
0823 21:41:24 ds4-server: chat ctx=0..175:175 prefill chunk 95/175 (54.3%) chunk=18.50 t/s avg=18.75 t/s 5.066s
0823 21:41:24 ds4-server: chat ctx=0..175:175 prefill chunk 96/175 (54.9%) chunk=18.30 t/s avg=18.75 t/s 5.120s
0823 21:41:24 ds4-server: chat ctx=0..175:175 prefill chunk 97/175 (55.4%) chunk=18.38 t/s avg=18.74 t/s 5.175s
0823 21:41:24 ds4-server: chat ctx=0..175:175 prefill chunk 98/175 (56.0%) chunk=18.67 t/s avg=18.74 t/s 5.228s
0823 21:41:24 ds4-server: chat ctx=0..175:175 prefill chunk 99/175 (56.6%) chunk=18.26 t/s avg=18.74 t/s 5.283s
0823 21:41:24 ds4-server: chat ctx=0..175:175 prefill chunk 100/175 (57.1%) chunk=18.69 t/s avg=18.74 t/s 5.337s
0823 21:41:24 ds4-server: chat ctx=0..175:175 prefill chunk 101/175 (57.7%) chunk=18.88 t/s avg=18.74 t/s 5.390s
0823 21:41:24 ds4-server: chat ctx=0..175:175 prefill chunk 102/175 (58.3%) chunk=17.90 t/s avg=18.73 t/s 5.445s
0823 21:41:24 ds4-server: chat ctx=0..175:175 prefill chunk 103/175 (58.9%) chunk=17.91 t/s avg=18.72 t/s 5.501s
0823 21:41:24 ds4-server: chat ctx=0..175:175 prefill chunk 104/175 (59.4%) chunk=17.53 t/s avg=18.71 t/s 5.558s
0823 21:41:24 ds4-server: chat ctx=0..175:175 prefill chunk 105/175 (60.0%) chunk=17.66 t/s avg=18.70 t/s 5.615s
0823 21:41:24 ds4-server: chat ctx=0..175:175 prefill chunk 106/175 (60.6%) chunk=18.19 t/s avg=18.70 t/s 5.670s
0823 21:41:24 ds4-server: chat ctx=0..175:175 prefill chunk 107/175 (61.1%) chunk=18.11 t/s avg=18.69 t/s 5.725s
0823 21:41:24 ds4-server: chat ctx=0..175:175 prefill chunk 108/175 (61.7%) chunk=18.32 t/s avg=18.69 t/s 5.780s
0823 21:41:24 ds4-server: chat ctx=0..175:175 prefill chunk 109/175 (62.3%) chunk=18.49 t/s avg=18.68 t/s 5.834s
0823 21:41:24 ds4-server: chat ctx=0..175:175 prefill chunk 110/175 (62.9%) chunk=17.97 t/s avg=18.68 t/s 5.889s
0823 21:41:24 ds4-server: chat ctx=0..175:175 prefill chunk 111/175 (63.4%) chunk=18.00 t/s avg=18.67 t/s 5.945s
0823 21:41:25 ds4-server: chat ctx=0..175:175 prefill chunk 112/175 (64.0%) chunk=18.52 t/s avg=18.67 t/s 5.999s
0823 21:41:25 ds4-server: chat ctx=0..175:175 prefill chunk 113/175 (64.6%) chunk=17.60 t/s avg=18.66 t/s 6.056s
0823 21:41:25 ds4-server: chat ctx=0..175:175 prefill chunk 114/175 (65.1%) chunk=17.98 t/s avg=18.65 t/s 6.111s
0823 21:41:25 ds4-server: chat ctx=0..175:175 prefill chunk 115/175 (65.7%) chunk=18.56 t/s avg=18.65 t/s 6.165s
0823 21:41:25 ds4-server: chat ctx=0..175:175 prefill chunk 116/175 (66.3%) chunk=17.64 t/s avg=18.64 t/s 6.222s
0823 21:41:25 ds4-server: chat ctx=0..175:175 prefill chunk 117/175 (66.9%) chunk=17.85 t/s avg=18.64 t/s 6.278s
0823 21:41:25 ds4-server: chat ctx=0..175:175 prefill chunk 118/175 (67.4%) chunk=18.44 t/s avg=18.64 t/s 6.332s
0823 21:41:25 ds4-server: chat ctx=0..175:175 prefill chunk 119/175 (68.0%) chunk=17.98 t/s avg=18.63 t/s 6.388s
0823 21:41:25 ds4-server: chat ctx=0..175:175 prefill chunk 120/175 (68.6%) chunk=17.61 t/s avg=18.62 t/s 6.445s
0823 21:41:25 ds4-server: chat ctx=0..175:175 prefill chunk 121/175 (69.1%) chunk=18.34 t/s avg=18.62 t/s 6.499s
0823 21:41:25 ds4-server: chat ctx=0..175:175 prefill chunk 122/175 (69.7%) chunk=18.18 t/s avg=18.61 t/s 6.554s
0823 21:41:25 ds4-server: chat ctx=0..175:175 prefill chunk 123/175 (70.3%) chunk=17.59 t/s avg=18.61 t/s 6.611s
0823 21:41:25 ds4-server: chat ctx=0..175:175 prefill chunk 124/175 (70.9%) chunk=18.51 t/s avg=18.60 t/s 6.665s
0823 21:41:25 ds4-server: chat ctx=0..175:175 prefill chunk 125/175 (71.4%) chunk=18.17 t/s avg=18.60 t/s 6.720s
0823 21:41:25 ds4-server: chat ctx=0..175:175 prefill chunk 126/175 (72.0%) chunk=17.98 t/s avg=18.60 t/s 6.776s
0823 21:41:25 ds4-server: chat ctx=0..175:175 prefill chunk 127/175 (72.6%) chunk=18.78 t/s avg=18.60 t/s 6.829s
0823 21:41:25 ds4-server: chat ctx=0..175:175 prefill chunk 128/175 (73.1%) chunk=17.55 t/s avg=18.59 t/s 6.886s
0823 21:41:25 ds4-server: chat ctx=0..175:175 prefill chunk 129/175 (73.7%) chunk=17.00 t/s avg=18.58 t/s 6.945s
0823 21:41:26 ds4-server: chat ctx=0..175:175 prefill chunk 130/175 (74.3%) chunk=18.19 t/s avg=18.57 t/s 7.000s
0823 21:41:26 ds4-server: chat ctx=0..175:175 prefill chunk 131/175 (74.9%) chunk=17.31 t/s avg=18.56 t/s 7.057s
0823 21:41:26 ds4-server: chat ctx=0..175:175 prefill chunk 132/175 (75.4%) chunk=18.02 t/s avg=18.56 t/s 7.113s
0823 21:41:26 ds4-server: chat ctx=0..175:175 prefill chunk 133/175 (76.0%) chunk=18.44 t/s avg=18.56 t/s 7.167s
0823 21:41:26 ds4-server: chat ctx=0..175:175 prefill chunk 134/175 (76.6%) chunk=17.36 t/s avg=18.55 t/s 7.225s
0823 21:41:26 ds4-server: chat ctx=0..175:175 prefill chunk 135/175 (77.1%) chunk=17.33 t/s avg=18.54 t/s 7.282s
0823 21:41:26 ds4-server: chat ctx=0..175:175 prefill chunk 136/175 (77.7%) chunk=17.35 t/s avg=18.53 t/s 7.340s
0823 21:41:26 ds4-server: chat ctx=0..175:175 prefill chunk 137/175 (78.3%) chunk=17.74 t/s avg=18.52 t/s 7.396s
0823 21:41:26 ds4-server: chat ctx=0..175:175 prefill chunk 138/175 (78.9%) chunk=18.13 t/s avg=18.52 t/s 7.452s
0823 21:41:26 ds4-server: chat ctx=0..175:175 prefill chunk 139/175 (79.4%) chunk=17.83 t/s avg=18.51 t/s 7.508s
0823 21:41:26 ds4-server: chat ctx=0..175:175 prefill chunk 140/175 (80.0%) chunk=18.45 t/s avg=18.51 t/s 7.562s
0823 21:41:26 ds4-server: chat ctx=0..175:175 prefill chunk 141/175 (80.6%) chunk=17.78 t/s avg=18.51 t/s 7.618s
0823 21:41:26 ds4-server: chat ctx=0..175:175 prefill chunk 142/175 (81.1%) chunk=17.75 t/s avg=18.50 t/s 7.674s
0823 21:41:26 ds4-server: chat ctx=0..175:175 prefill chunk 143/175 (81.7%) chunk=18.67 t/s avg=18.50 t/s 7.728s
0823 21:41:26 ds4-server: chat ctx=0..175:175 prefill chunk 144/175 (82.3%) chunk=17.74 t/s avg=18.50 t/s 7.784s
0823 21:41:26 ds4-server: chat ctx=0..175:175 prefill chunk 145/175 (82.9%) chunk=18.36 t/s avg=18.50 t/s 7.839s
0823 21:41:26 ds4-server: chat ctx=0..175:175 prefill chunk 146/175 (83.4%) chunk=17.59 t/s avg=18.49 t/s 7.896s
0823 21:41:26 ds4-server: chat ctx=0..175:175 prefill chunk 147/175 (84.0%) chunk=17.95 t/s avg=18.49 t/s 7.951s
0823 21:41:27 ds4-server: chat ctx=0..175:175 prefill chunk 148/175 (84.6%) chunk=17.43 t/s avg=18.48 t/s 8.009s
0823 21:41:27 ds4-server: chat ctx=0..175:175 prefill chunk 149/175 (85.1%) chunk=17.85 t/s avg=18.48 t/s 8.065s
0823 21:41:27 ds4-server: chat ctx=0..175:175 prefill chunk 150/175 (85.7%) chunk=18.03 t/s avg=18.47 t/s 8.120s
0823 21:41:27 ds4-server: chat ctx=0..175:175 prefill chunk 151/175 (86.3%) chunk=17.36 t/s avg=18.46 t/s 8.178s
0823 21:41:27 ds4-server: chat ctx=0..175:175 prefill chunk 152/175 (86.9%) chunk=18.34 t/s avg=18.46 t/s 8.232s
0823 21:41:27 ds4-server: chat ctx=0..175:175 prefill chunk 153/175 (87.4%) chunk=18.04 t/s avg=18.46 t/s 8.288s
0823 21:41:27 ds4-server: chat ctx=0..175:175 prefill chunk 154/175 (88.0%) chunk=17.64 t/s avg=18.46 t/s 8.345s
0823 21:41:27 ds4-server: chat ctx=0..175:175 prefill chunk 155/175 (88.6%) chunk=18.36 t/s avg=18.45 t/s 8.399s
0823 21:41:27 ds4-server: chat ctx=0..175:175 prefill chunk 156/175 (89.1%) chunk=17.50 t/s avg=18.45 t/s 8.456s
0823 21:41:27 ds4-server: chat ctx=0..175:175 prefill chunk 157/175 (89.7%) chunk=17.59 t/s avg=18.44 t/s 8.513s
0823 21:41:27 ds4-server: chat ctx=0..175:175 prefill chunk 158/175 (90.3%) chunk=17.71 t/s avg=18.44 t/s 8.569s
0823 21:41:27 ds4-server: chat ctx=0..175:175 prefill chunk 159/175 (90.9%) chunk=17.98 t/s avg=18.43 t/s 8.625s
0823 21:41:27 ds4-server: chat ctx=0..175:175 prefill chunk 160/175 (91.4%) chunk=17.26 t/s avg=18.43 t/s 8.683s
0823 21:41:27 ds4-server: chat ctx=0..175:175 prefill chunk 161/175 (92.0%) chunk=17.34 t/s avg=18.42 t/s 8.741s
0823 21:41:27 ds4-server: chat ctx=0..175:175 prefill chunk 162/175 (92.6%) chunk=18.14 t/s avg=18.42 t/s 8.796s
0823 21:41:27 ds4-server: chat ctx=0..175:175 prefill chunk 163/175 (93.1%) chunk=17.56 t/s avg=18.41 t/s 8.853s
0823 21:41:27 ds4-server: chat ctx=0..175:175 prefill chunk 164/175 (93.7%) chunk=18.28 t/s avg=18.41 t/s 8.907s
0823 21:41:27 ds4-server: chat ctx=0..175:175 prefill chunk 165/175 (94.3%) chunk=18.42 t/s avg=18.41 t/s 8.962s
0823 21:41:28 ds4-server: chat ctx=0..175:175 prefill chunk 166/175 (94.9%) chunk=18.02 t/s avg=18.41 t/s 9.017s
0823 21:41:28 ds4-server: chat ctx=0..175:175 prefill chunk 167/175 (95.4%) chunk=18.26 t/s avg=18.41 t/s 9.072s
0823 21:41:28 ds4-server: chat ctx=0..175:175 prefill chunk 168/175 (96.0%) chunk=18.45 t/s avg=18.41 t/s 9.126s
ds4: qwen35moe experts/token avg over 128 tokens: 0:13.8 1:13.9 2:14.6 3:16.6 4:15.6 5:15.6 6:15.4 7:16.3 8:17.5 9:16.0 10:15.0 11:14.5 12:14.4 13:14.6 14:15.9 15:15.4 16:14.6 17:14.9 18:15.4 19:15.8 20:16.6 21:15.7 22:15.2 23:15.5 24:15.6 25:15.8 26:16.3 27:17.1 28:16.3 29:16.1 30:17.2 31:18.0 32:16.9 33:17.2 34:17.8 35:18.8 36:19.4 37:19.5 38:19.6 39:18.8 | mean 16.2
0823 21:41:28 ds4-server: chat ctx=0..175:175 prefill chunk 169/175 (96.6%) chunk=18.30 t/s avg=18.41 t/s 9.181s
0823 21:41:28 ds4-server: chat ctx=0..175:175 prefill chunk 170/175 (97.1%) chunk=18.11 t/s avg=18.41 t/s 9.236s
0823 21:41:28 ds4-server: chat ctx=0..175:175 prefill chunk 171/175 (97.7%) chunk=18.03 t/s avg=18.40 t/s 9.292s
0823 21:41:28 ds4-server: chat ctx=0..175:175 prefill chunk 172/175 (98.3%) chunk=18.51 t/s avg=18.40 t/s 9.346s
0823 21:41:28 ds4-server: chat ctx=0..175:175 prefill chunk 173/175 (98.9%) chunk=18.35 t/s avg=18.40 t/s 9.400s
0823 21:41:28 ds4-server: chat ctx=0..175:175 prefill chunk 174/175 (99.4%) chunk=19.17 t/s avg=18.41 t/s 9.452s
0823 21:41:28 ds4-server: chat ctx=0..175:175 prefill chunk 175/175 (100.0%) chunk=20.11 t/s avg=18.42 t/s 9.502s
0823 21:41:28 ds4-server: chat ctx=0..175:175 prompt done 9.502s
0823 21:41:31 ds4-server: chat ctx=175..225:50 gen=50 THINKING decoding chunk=18.10 t/s avg=18.10 t/s 2.762s
0823 21:41:34 ds4-server: chat ctx=225..275:50 gen=100 THINKING decoding chunk=18.19 t/s avg=18.15 t/s 5.511s
ds4: qwen35moe experts/token avg over 128 tokens: 0:14.2 1:14.8 2:14.6 3:16.1 4:16.3 5:15.6 6:15.2 7:15.5 8:17.1 9:16.0 10:14.6 11:14.1 12:15.3 13:15.0 14:16.2 15:15.3 16:15.5 17:15.7 18:14.9 19:15.5 20:17.2 21:16.6 22:14.9 23:15.2 24:15.8 25:15.3 26:16.5 27:16.4 28:15.9 29:15.9 30:16.5 31:17.0 32:16.5 33:16.5 34:16.5 35:18.4 36:17.7 37:18.9 38:19.3 39:18.9 | mean 16.1
0823 21:41:36 ds4-server: chat ctx=275..325:50 gen=150 THINKING decoding chunk=17.80 t/s avg=18.03 t/s 8.319s
0823 21:41:39 ds4-server: chat ctx=325..375:50 gen=200 THINKING decoding chunk=17.86 t/s avg=17.99 t/s 11.119s
ds4: qwen35moe experts/token avg over 128 tokens: 0:14.9 1:15.5 2:15.4 3:17.0 4:16.2 5:16.1 6:15.7 7:16.5 8:17.3 9:17.0 10:14.6 11:15.0 12:15.7 13:15.4 14:16.7 15:16.2 16:15.4 17:14.9 18:15.7 19:16.8 20:17.8 21:16.4 22:15.1 23:14.7 24:15.4 25:14.9 26:16.8 27:16.7 28:15.7 29:16.4 30:16.3 31:17.5 32:16.0 33:16.3 34:16.1 35:17.9 36:16.8 37:18.6 38:19.0 39:18.5 | mean 16.3
0823 21:41:42 ds4-server: chat ctx=375..425:50 gen=250 THINKING decoding chunk=17.52 t/s avg=17.89 t/s 13.973s
0823 21:41:45 ds4-server: chat ctx=425..475:50 gen=300 THINKING decoding chunk=17.74 t/s avg=17.87 t/s 16.791s
0823 21:41:48 ds4-server: chat ctx=475..525:50 gen=350 THINKING decoding chunk=17.87 t/s avg=17.87 t/s 19.590s
ds4: qwen35moe experts/token avg over 128 tokens: 0:14.7 1:15.0 2:15.2 3:16.5 4:16.1 5:15.7 6:16.2 7:16.2 8:16.6 9:16.4 10:14.8 11:14.6 12:15.1 13:15.4 14:15.7 15:15.0 16:15.0 17:15.4 18:14.8 19:15.5 20:16.7 21:15.3 22:13.6 23:14.2 24:14.9 25:14.6 26:15.4 27:14.6 28:15.3 29:14.6 30:15.9 31:15.9 32:15.3 33:15.4 34:16.0 35:17.8 36:17.7 37:18.7 38:19.2 39:17.9 | mean 15.7
0823 21:41:50 ds4-server: chat ctx=525..575:50 gen=400 THINKING decoding chunk=17.44 t/s avg=17.81 t/s 22.456s
0823 21:41:53 ds4-server: chat ctx=575..625:50 gen=450 THINKING decoding chunk=17.41 t/s avg=17.77 t/s 25.329s
0823 21:41:56 ds4-server: chat ctx=625..675:50 gen=500 THINKING decoding chunk=17.09 t/s avg=17.70 t/s 28.255s
ds4: qwen35moe experts/token avg over 128 tokens: 0:14.7 1:15.4 2:15.4 3:16.8 4:16.6 5:16.1 6:16.4 7:17.1 8:17.7 9:17.5 10:15.3 11:14.5 12:15.9 13:15.8 14:16.5 15:15.7 16:15.6 17:15.9 18:14.9 19:16.1 20:17.5 21:16.7 22:14.9 23:14.6 24:15.6 25:15.7 26:16.5 27:15.6 28:16.0 29:15.7 30:16.1 31:16.6 32:14.5 33:15.5 34:15.8 35:17.5 36:17.4 37:18.8 38:19.2 39:18.3 | mean 16.2
0823 21:41:59 ds4-server: chat ctx=675..725:50 gen=550 THINKING decoding chunk=16.87 t/s avg=17.62 t/s 31.218s
0823 21:42:02 ds4-server: chat ctx=725..775:50 gen=600 THINKING decoding chunk=16.92 t/s avg=17.56 t/s 34.174s
ds4: qwen35moe experts/token avg over 128 tokens: 0:14.8 1:15.3 2:15.2 3:16.4 4:16.4 5:16.1 6:15.9 7:16.9 8:17.8 9:17.4 10:15.6 11:15.2 12:16.0 13:16.1 14:16.9 15:16.3 16:15.8 17:16.7 18:15.5 19:16.3 20:17.2 21:17.0 22:15.7 23:15.0 24:15.2 25:15.4 26:16.1 27:16.2 28:15.6 29:16.0 30:16.5 31:17.1 32:15.3 33:15.3 34:15.5 35:17.6 36:17.1 37:18.5 38:18.8 39:17.5 | mean 16.3
0823 21:42:05 ds4-server: chat ctx=775..825:50 gen=650 THINKING decoding chunk=17.36 t/s avg=17.54 t/s 37.055s
0823 21:42:08 ds4-server: chat ctx=825..875:50 gen=700 THINKING decoding chunk=17.01 t/s avg=17.50 t/s 39.994s
0823 21:42:11 ds4-server: chat ctx=875..925:50 gen=750 THINKING decoding chunk=16.82 t/s avg=17.46 t/s 42.967s
ds4: qwen35moe experts/token avg over 128 tokens: 0:14.1 1:15.4 2:15.2 3:16.4 4:15.9 5:16.0 6:16.5 7:17.0 8:17.4 9:16.7 10:15.3 11:15.1 12:16.2 13:16.0 14:16.2 15:15.8 16:15.8 17:15.9 18:15.3 19:15.8 20:16.7 21:16.7 22:15.3 23:14.8 24:15.8 25:15.5 26:15.7 27:15.5 28:14.8 29:15.5 30:15.2 31:16.6 32:15.1 33:14.7 34:15.1 35:17.2 36:16.4 37:17.5 38:18.7 39:16.9 | mean 15.9
0823 21:42:14 ds4-server: chat ctx=925..975:50 gen=800 THINKING decoding chunk=16.93 t/s avg=17.42 t/s 45.921s
0823 21:42:17 ds4-server: chat ctx=975..1025:50 gen=850 THINKING decoding chunk=16.71 t/s avg=17.38 t/s 48.913s
ds4: qwen35moe experts/token avg over 128 tokens: 0:14.8 1:15.6 2:15.4 3:17.0 4:16.6 5:16.1 6:15.9 7:16.4 8:17.0 9:16.9 10:15.0 11:14.4 12:15.7 13:15.5 14:15.8 15:15.3 16:15.5 17:15.8 18:14.6 19:15.5 20:17.5 21:16.0 22:14.7 23:14.2 24:15.4 25:15.2 26:15.9 27:15.3 28:15.7 29:15.1 30:15.2 31:16.7 32:14.4 33:14.9 34:15.7 35:17.4 36:17.3 37:18.6 38:19.1 39:18.0 | mean 15.9
0823 21:42:20 ds4-server: chat ctx=1025..1075:50 gen=900 THINKING decoding chunk=16.60 t/s avg=17.33 t/s 51.925s
0823 21:42:23 ds4-server: chat ctx=1075..1125:50 gen=950 THINKING decoding chunk=16.19 t/s avg=17.27 t/s 55.014s
0823 21:42:26 ds4-server: chat ctx=1125..1175:50 gen=1000 THINKING decoding chunk=16.11 t/s avg=17.21 t/s 58.117s
ds4: qwen35moe experts/token avg over 128 tokens: 0:15.0 1:16.3 2:16.1 3:17.5 4:17.4 5:16.9 6:16.5 7:17.8 8:18.6 9:18.0 10:15.8 11:15.6 12:16.7 13:16.7 14:18.0 15:16.8 16:16.9 17:16.6 18:16.1 19:17.2 20:18.5 21:17.8 22:15.7 23:15.9 24:16.5 25:16.5 26:17.6 27:17.1 28:16.1 29:16.1 30:17.1 31:17.3 32:15.6 33:15.8 34:16.3 35:18.3 36:17.6 37:18.8 38:19.2 39:18.2 | mean 17.0
0823 21:42:29 ds4-server: chat ctx=1175..1225:50 gen=1050 THINKING decoding chunk=16.13 t/s avg=17.15 t/s 61.217s
0823 21:42:32 ds4-server: chat ctx=1225..1275:50 gen=1100 THINKING decoding chunk=15.93 t/s avg=17.09 t/s 64.356s
ds4: qwen35moe experts/token avg over 128 tokens: 0:14.8 1:15.8 2:15.6 3:17.1 4:16.7 5:16.6 6:16.2 7:17.3 8:17.5 9:17.9 10:16.2 11:15.7 12:17.1 13:16.8 14:17.7 15:16.7 16:15.9 17:16.4 18:16.4 19:17.0 20:17.8 21:17.3 22:16.3 23:15.7 24:16.4 25:16.0 26:17.3 27:16.5 28:15.6 29:16.9 30:16.7 31:17.5 32:15.7 33:15.8 34:16.2 35:17.4 36:17.5 37:18.8 38:19.4 39:18.2 | mean 16.8
0823 21:42:35 ds4-server: chat ctx=1275..1325:50 gen=1150 decoding chunk=16.18 t/s avg=17.05 t/s 67.447s
0823 21:42:39 ds4-server: chat ctx=1325..1375:50 gen=1200 decoding chunk=16.02 t/s avg=17.00 t/s 70.568s
0823 21:42:42 ds4-server: chat ctx=1375..1425:50 gen=1250 decoding chunk=15.77 t/s avg=16.95 t/s 73.739s
ds4: qwen35moe experts/token avg over 128 tokens: 0:15.6 1:16.5 2:15.9 3:18.0 4:17.0 5:16.7 6:17.5 7:18.0 8:18.0 9:17.6 10:16.6 11:15.5 12:16.6 13:16.3 14:17.5 15:16.4 16:16.3 17:16.4 18:15.7 19:16.5 20:18.2 21:17.0 22:15.8 23:15.7 24:16.7 25:16.1 26:17.1 27:17.2 28:16.1 29:16.3 30:16.6 31:17.8 32:15.3 33:15.5 34:16.2 35:17.8 36:17.4 37:18.9 38:19.1 39:18.5 | mean 16.9
0823 21:42:45 ds4-server: chat ctx=1425..1475:50 gen=1300 decoding chunk=15.69 t/s avg=16.90 t/s 76.925s
0823 21:42:48 ds4-server: chat ctx=1475..1525:50 gen=1350 decoding chunk=15.53 t/s avg=16.84 t/s 80.145s
0823 21:42:51 ds4-server: chat ctx=1525..1568:43 gen=1393 decoding chunk=15.52 t/s avg=16.80 t/s 82.914s
0823 21:42:51 ds4-server: thinking live checkpoint remembered ctx=0..175:175 live=1568 visible=2184
0823 21:42:51 ds4-server: chat ctx=0..175:175 gen=1393 finish=stop 92.417s
0823 21:42:51 ds4-server: live kv cache miss live=1568 prompt=172 common=56 reason=token-mismatch
0823 21:42:51 ds4-server: chat ctx=0..172:172 prompt start
0823 21:42:51 ds4-server: chat ctx=0..172:172 prefill chunk 1/172 (0.6%) chunk=0.00 t/s avg=19.70 t/s 0.051s
0823 21:42:51 ds4-server: chat ctx=0..172:172 prefill chunk 2/172 (1.2%) chunk=19.16 t/s avg=19.43 t/s 0.103s
0823 21:42:51 ds4-server: chat ctx=0..172:172 prefill chunk 3/172 (1.7%) chunk=19.81 t/s avg=19.55 t/s 0.153s
0823 21:42:51 ds4-server: chat ctx=0..172:172 prefill chunk 4/172 (2.3%) chunk=19.55 t/s avg=19.55 t/s 0.205s
0823 21:42:51 ds4-server: chat ctx=0..172:172 prefill chunk 5/172 (2.9%) chunk=19.02 t/s avg=19.44 t/s 0.257s
0823 21:42:51 ds4-server: chat ctx=0..172:172 prefill chunk 6/172 (3.5%) chunk=19.60 t/s avg=19.47 t/s 0.308s
0823 21:42:51 ds4-server: chat ctx=0..172:172 prefill chunk 7/172 (4.1%) chunk=19.10 t/s avg=19.42 t/s 0.361s
0823 21:42:51 ds4-server: chat ctx=0..172:172 prefill chunk 8/172 (4.7%) chunk=19.20 t/s avg=19.39 t/s 0.413s
ds4: qwen35moe experts/token avg over 128 tokens: 0:15.4 1:16.4 2:16.0 3:17.8 4:17.2 5:16.5 6:16.9 7:17.9 8:17.8 9:18.2 10:16.4 11:16.1 12:17.1 13:17.0 14:18.1 15:17.6 16:16.4 17:16.7 18:16.3 19:17.4 20:18.4 21:17.8 22:16.4 23:15.8 24:16.6 25:16.5 26:16.9 27:17.1 28:16.1 29:16.3 30:16.8 31:17.5 32:15.5 33:15.7 34:15.9 35:17.5 36:17.1 37:18.1 38:18.8 39:17.8 | mean 16.9
0823 21:42:51 ds4-server: chat ctx=0..172:172 prefill chunk 9/172 (5.2%) chunk=19.55 t/s avg=19.41 t/s 0.464s
0823 21:42:51 ds4-server: chat ctx=0..172:172 prefill chunk 10/172 (5.8%) chunk=19.59 t/s avg=19.42 t/s 0.515s
0823 21:42:52 ds4-server: chat ctx=0..172:172 prefill chunk 11/172 (6.4%) chunk=18.91 t/s avg=19.38 t/s 0.568s
0823 21:42:52 ds4-server: chat ctx=0..172:172 prefill chunk 12/172 (7.0%) chunk=19.07 t/s avg=19.35 t/s 0.620s
0823 21:42:52 ds4-server: chat ctx=0..172:172 prefill chunk 13/172 (7.6%) chunk=18.83 t/s avg=19.31 t/s 0.673s
0823 21:42:52 ds4-server: chat ctx=0..172:172 prefill chunk 14/172 (8.1%) chunk=18.27 t/s avg=19.23 t/s 0.728s
0823 21:42:52 ds4-server: chat ctx=0..172:172 prefill chunk 15/172 (8.7%) chunk=19.07 t/s avg=19.22 t/s 0.780s
0823 21:42:52 ds4-server: chat ctx=0..172:172 prefill chunk 16/172 (9.3%) chunk=18.67 t/s avg=19.18 t/s 0.834s
0823 21:42:52 ds4-server: chat ctx=0..172:172 prefill chunk 17/172 (9.9%) chunk=18.82 t/s avg=19.16 t/s 0.887s
0823 21:42:52 ds4-server: chat ctx=0..172:172 prefill chunk 18/172 (10.5%) chunk=19.25 t/s avg=19.17 t/s 0.939s
0823 21:42:52 ds4-server: chat ctx=0..172:172 prefill chunk 19/172 (11.0%) chunk=18.33 t/s avg=19.12 t/s 0.994s
0823 21:42:52 ds4-server: chat ctx=0..172:172 prefill chunk 20/172 (11.6%) chunk=18.78 t/s avg=19.10 t/s 1.047s
0823 21:42:52 ds4-server: chat ctx=0..172:172 prefill chunk 21/172 (12.2%) chunk=18.57 t/s avg=19.08 t/s 1.101s
0823 21:42:52 ds4-server: chat ctx=0..172:172 prefill chunk 22/172 (12.8%) chunk=19.45 t/s avg=19.09 t/s 1.152s
0823 21:42:52 ds4-server: chat ctx=0..172:172 prefill chunk 23/172 (13.4%) chunk=19.11 t/s avg=19.09 t/s 1.205s
0823 21:42:52 ds4-server: chat ctx=0..172:172 prefill chunk 24/172 (14.0%) chunk=18.88 t/s avg=19.09 t/s 1.257s
0823 21:42:52 ds4-server: chat ctx=0..172:172 prefill chunk 25/172 (14.5%) chunk=19.58 t/s avg=19.11 t/s 1.309s
0823 21:42:52 ds4-server: chat ctx=0..172:172 prefill chunk 26/172 (15.1%) chunk=18.69 t/s avg=19.09 t/s 1.362s
0823 21:42:52 ds4-server: chat ctx=0..172:172 prefill chunk 27/172 (15.7%) chunk=19.25 t/s avg=19.09 t/s 1.414s
0823 21:42:52 ds4-server: chat ctx=0..172:172 prefill chunk 28/172 (16.3%) chunk=18.79 t/s avg=19.08 t/s 1.467s
0823 21:42:52 ds4-server: chat ctx=0..172:172 prefill chunk 29/172 (16.9%) chunk=19.05 t/s avg=19.08 t/s 1.520s
0823 21:42:53 ds4-server: chat ctx=0..172:172 prefill chunk 30/172 (17.4%) chunk=18.92 t/s avg=19.08 t/s 1.573s
0823 21:42:53 ds4-server: chat ctx=0..172:172 prefill chunk 31/172 (18.0%) chunk=17.94 t/s avg=19.04 t/s 1.628s
0823 21:42:53 ds4-server: chat ctx=0..172:172 prefill chunk 32/172 (18.6%) chunk=18.81 t/s avg=19.03 t/s 1.681s
0823 21:42:53 ds4-server: chat ctx=0..172:172 prefill chunk 33/172 (19.2%) chunk=18.86 t/s avg=19.03 t/s 1.735s
0823 21:42:53 ds4-server: chat ctx=0..172:172 prefill chunk 34/172 (19.8%) chunk=18.29 t/s avg=19.00 t/s 1.789s
0823 21:42:53 ds4-server: chat ctx=0..172:172 prefill chunk 35/172 (20.3%) chunk=18.42 t/s avg=18.99 t/s 1.843s
0823 21:42:53 ds4-server: chat ctx=0..172:172 prefill chunk 36/172 (20.9%) chunk=18.46 t/s avg=18.97 t/s 1.898s
0823 21:42:53 ds4-server: chat ctx=0..172:172 prefill chunk 37/172 (21.5%) chunk=18.22 t/s avg=18.95 t/s 1.953s
0823 21:42:53 ds4-server: chat ctx=0..172:172 prefill chunk 38/172 (22.1%) chunk=17.47 t/s avg=18.91 t/s 2.010s
0823 21:42:53 ds4-server: chat ctx=0..172:172 prefill chunk 39/172 (22.7%) chunk=18.22 t/s avg=18.89 t/s 2.065s
0823 21:42:53 ds4-server: chat ctx=0..172:172 prefill chunk 40/172 (23.3%) chunk=18.89 t/s avg=18.89 t/s 2.118s
0823 21:42:53 ds4-server: chat ctx=0..172:172 prefill chunk 41/172 (23.8%) chunk=18.38 t/s avg=18.88 t/s 2.172s
0823 21:42:53 ds4-server: chat ctx=0..172:172 prefill chunk 42/172 (24.4%) chunk=18.34 t/s avg=18.86 t/s 2.227s
0823 21:42:53 ds4-server: chat ctx=0..172:172 prefill chunk 43/172 (25.0%) chunk=19.26 t/s avg=18.87 t/s 2.278s
0823 21:42:53 ds4-server: chat ctx=0..172:172 prefill chunk 44/172 (25.6%) chunk=18.92 t/s avg=18.87 t/s 2.331s
0823 21:42:53 ds4-server: chat ctx=0..172:172 prefill chunk 45/172 (26.2%) chunk=18.93 t/s avg=18.87 t/s 2.384s
0823 21:42:53 ds4-server: chat ctx=0..172:172 prefill chunk 46/172 (26.7%) chunk=18.16 t/s avg=18.86 t/s 2.439s
0823 21:42:53 ds4-server: chat ctx=0..172:172 prefill chunk 47/172 (27.3%) chunk=17.94 t/s avg=18.84 t/s 2.495s
0823 21:42:54 ds4-server: chat ctx=0..172:172 prefill chunk 48/172 (27.9%) chunk=19.31 t/s avg=18.85 t/s 2.547s
0823 21:42:54 ds4-server: chat ctx=0..172:172 prefill chunk 49/172 (28.5%) chunk=18.86 t/s avg=18.85 t/s 2.600s
0823 21:42:54 ds4-server: chat ctx=0..172:172 prefill chunk 50/172 (29.1%) chunk=19.17 t/s avg=18.85 t/s 2.652s
0823 21:42:54 ds4-server: chat ctx=0..172:172 prefill chunk 51/172 (29.7%) chunk=18.86 t/s avg=18.85 t/s 2.705s
0823 21:42:54 ds4-server: chat ctx=0..172:172 prefill chunk 52/172 (30.2%) chunk=18.25 t/s avg=18.84 t/s 2.760s
0823 21:42:54 ds4-server: chat ctx=0..172:172 prefill chunk 53/172 (30.8%) chunk=19.11 t/s avg=18.85 t/s 2.812s
0823 21:42:54 ds4-server: chat ctx=0..172:172 prefill chunk 54/172 (31.4%) chunk=19.11 t/s avg=18.85 t/s 2.864s
0823 21:42:54 ds4-server: chat ctx=0..172:172 prefill chunk 55/172 (32.0%) chunk=20.05 t/s avg=18.87 t/s 2.914s
0823 21:42:54 ds4-server: chat ctx=0..172:172 prefill chunk 56/172 (32.6%) chunk=20.10 t/s avg=18.89 t/s 2.964s
0823 21:42:54 ds4-server: chat ctx=0..172:172 prefill chunk 57/172 (33.1%) chunk=19.33 t/s avg=18.90 t/s 3.016s
0823 21:42:54 ds4-server: chat ctx=0..172:172 prefill chunk 58/172 (33.7%) chunk=18.02 t/s avg=18.88 t/s 3.071s
0823 21:42:54 ds4-server: chat ctx=0..172:172 prefill chunk 59/172 (34.3%) chunk=18.13 t/s avg=18.87 t/s 3.126s
0823 21:42:54 ds4-server: chat ctx=0..172:172 prefill chunk 60/172 (34.9%) chunk=18.83 t/s avg=18.87 t/s 3.179s
0823 21:42:54 ds4-server: chat ctx=0..172:172 prefill chunk 61/172 (35.5%) chunk=18.16 t/s avg=18.86 t/s 3.235s
0823 21:42:54 ds4-server: chat ctx=0..172:172 prefill chunk 62/172 (36.0%) chunk=17.96 t/s avg=18.84 t/s 3.290s
0823 21:42:54 ds4-server: chat ctx=0..172:172 prefill chunk 63/172 (36.6%) chunk=18.25 t/s avg=18.83 t/s 3.345s
0823 21:42:54 ds4-server: chat ctx=0..172:172 prefill chunk 64/172 (37.2%) chunk=18.07 t/s avg=18.82 t/s 3.400s
0823 21:42:54 ds4-server: chat ctx=0..172:172 prefill chunk 65/172 (37.8%) chunk=19.55 t/s avg=18.83 t/s 3.452s
0823 21:42:54 ds4-server: chat ctx=0..172:172 prefill chunk 66/172 (38.4%) chunk=18.86 t/s avg=18.83 t/s 3.505s
0823 21:42:55 ds4-server: chat ctx=0..172:172 prefill chunk 67/172 (39.0%) chunk=18.41 t/s avg=18.83 t/s 3.559s
0823 21:42:55 ds4-server: chat ctx=0..172:172 prefill chunk 68/172 (39.5%) chunk=19.17 t/s avg=18.83 t/s 3.611s
0823 21:42:55 ds4-server: chat ctx=0..172:172 prefill chunk 69/172 (40.1%) chunk=18.20 t/s avg=18.82 t/s 3.666s
0823 21:42:55 ds4-server: chat ctx=0..172:172 prefill chunk 70/172 (40.7%) chunk=19.12 t/s avg=18.83 t/s 3.718s
0823 21:42:55 ds4-server: chat ctx=0..172:172 prefill chunk 71/172 (41.3%) chunk=18.62 t/s avg=18.82 t/s 3.772s
0823 21:42:55 ds4-server: chat ctx=0..172:172 prefill chunk 72/172 (41.9%) chunk=18.98 t/s avg=18.83 t/s 3.825s
0823 21:42:55 ds4-server: chat ctx=0..172:172 prefill chunk 73/172 (42.4%) chunk=19.44 t/s avg=18.83 t/s 3.876s
0823 21:42:55 ds4-server: chat ctx=0..172:172 prefill chunk 74/172 (43.0%) chunk=18.47 t/s avg=18.83 t/s 3.930s
0823 21:42:55 ds4-server: chat ctx=0..172:172 prefill chunk 75/172 (43.6%) chunk=18.46 t/s avg=18.82 t/s 3.984s
0823 21:42:55 ds4-server: chat ctx=0..172:172 prefill chunk 76/172 (44.2%) chunk=18.25 t/s avg=18.82 t/s 4.039s
0823 21:42:55 ds4-server: chat ctx=0..172:172 prefill chunk 77/172 (44.8%) chunk=18.73 t/s avg=18.81 t/s 4.093s
0823 21:42:55 ds4-server: chat ctx=0..172:172 prefill chunk 78/172 (45.3%) chunk=18.90 t/s avg=18.82 t/s 4.146s
0823 21:42:55 ds4-server: chat ctx=0..172:172 prefill chunk 79/172 (45.9%) chunk=19.10 t/s avg=18.82 t/s 4.198s
0823 21:42:55 ds4-server: chat ctx=0..172:172 prefill chunk 80/172 (46.5%) chunk=19.01 t/s avg=18.82 t/s 4.250s
0823 21:42:55 ds4-server: chat ctx=0..172:172 prefill chunk 81/172 (47.1%) chunk=18.61 t/s avg=18.82 t/s 4.304s
0823 21:42:55 ds4-server: chat ctx=0..172:172 prefill chunk 82/172 (47.7%) chunk=18.51 t/s avg=18.81 t/s 4.358s
0823 21:42:55 ds4-server: chat ctx=0..172:172 prefill chunk 83/172 (48.3%) chunk=18.80 t/s avg=18.81 t/s 4.411s
0823 21:42:55 ds4-server: chat ctx=0..172:172 prefill chunk 84/172 (48.8%) chunk=19.22 t/s avg=18.82 t/s 4.463s
0823 21:42:55 ds4-server: chat ctx=0..172:172 prefill chunk 85/172 (49.4%) chunk=19.09 t/s avg=18.82 t/s 4.516s
0823 21:42:56 ds4-server: chat ctx=0..172:172 prefill chunk 86/172 (50.0%) chunk=18.36 t/s avg=18.82 t/s 4.570s
0823 21:42:56 ds4-server: chat ctx=0..172:172 prefill chunk 87/172 (50.6%) chunk=17.84 t/s avg=18.81 t/s 4.626s
0823 21:42:56 ds4-server: chat ctx=0..172:172 prefill chunk 88/172 (51.2%) chunk=18.99 t/s avg=18.81 t/s 4.679s
0823 21:42:56 ds4-server: chat ctx=0..172:172 prefill chunk 89/172 (51.7%) chunk=17.69 t/s avg=18.79 t/s 4.736s
0823 21:42:56 ds4-server: chat ctx=0..172:172 prefill chunk 90/172 (52.3%) chunk=18.25 t/s avg=18.79 t/s 4.790s
0823 21:42:56 ds4-server: chat ctx=0..172:172 prefill chunk 91/172 (52.9%) chunk=19.22 t/s avg=18.79 t/s 4.842s
0823 21:42:56 ds4-server: chat ctx=0..172:172 prefill chunk 92/172 (53.5%) chunk=18.67 t/s avg=18.79 t/s 4.896s
0823 21:42:56 ds4-server: chat ctx=0..172:172 prefill chunk 93/172 (54.1%) chunk=18.84 t/s avg=18.79 t/s 4.949s
0823 21:42:56 ds4-server: chat ctx=0..172:172 prefill chunk 94/172 (54.7%) chunk=18.20 t/s avg=18.79 t/s 5.004s
0823 21:42:56 ds4-server: chat ctx=0..172:172 prefill chunk 95/172 (55.2%) chunk=17.61 t/s avg=18.77 t/s 5.061s
0823 21:42:56 ds4-server: chat ctx=0..172:172 prefill chunk 96/172 (55.8%) chunk=19.26 t/s avg=18.78 t/s 5.113s
0823 21:42:56 ds4-server: chat ctx=0..172:172 prefill chunk 97/172 (56.4%) chunk=17.79 t/s avg=18.77 t/s 5.169s
0823 21:42:56 ds4-server: chat ctx=0..172:172 prefill chunk 98/172 (57.0%) chunk=17.84 t/s avg=18.76 t/s 5.225s
0823 21:42:56 ds4-server: chat ctx=0..172:172 prefill chunk 99/172 (57.6%) chunk=18.44 t/s avg=18.75 t/s 5.279s
0823 21:42:56 ds4-server: chat ctx=0..172:172 prefill chunk 100/172 (58.1%) chunk=17.38 t/s avg=18.74 t/s 5.337s
0823 21:42:56 ds4-server: chat ctx=0..172:172 prefill chunk 101/172 (58.7%) chunk=18.85 t/s avg=18.74 t/s 5.390s
0823 21:42:56 ds4-server: chat ctx=0..172:172 prefill chunk 102/172 (59.3%) chunk=18.62 t/s avg=18.74 t/s 5.443s
0823 21:42:56 ds4-server: chat ctx=0..172:172 prefill chunk 103/172 (59.9%) chunk=17.98 t/s avg=18.73 t/s 5.499s
0823 21:42:57 ds4-server: chat ctx=0..172:172 prefill chunk 104/172 (60.5%) chunk=18.92 t/s avg=18.73 t/s 5.552s
0823 21:42:57 ds4-server: chat ctx=0..172:172 prefill chunk 105/172 (61.0%) chunk=18.36 t/s avg=18.73 t/s 5.606s
0823 21:42:57 ds4-server: chat ctx=0..172:172 prefill chunk 106/172 (61.6%) chunk=17.93 t/s avg=18.72 t/s 5.662s
0823 21:42:57 ds4-server: chat ctx=0..172:172 prefill chunk 107/172 (62.2%) chunk=18.56 t/s avg=18.72 t/s 5.716s
0823 21:42:57 ds4-server: chat ctx=0..172:172 prefill chunk 108/172 (62.8%) chunk=18.10 t/s avg=18.71 t/s 5.771s
0823 21:42:57 ds4-server: chat ctx=0..172:172 prefill chunk 109/172 (63.4%) chunk=18.21 t/s avg=18.71 t/s 5.826s
0823 21:42:57 ds4-server: chat ctx=0..172:172 prefill chunk 110/172 (64.0%) chunk=18.36 t/s avg=18.71 t/s 5.881s
0823 21:42:57 ds4-server: chat ctx=0..172:172 prefill chunk 111/172 (64.5%) chunk=18.02 t/s avg=18.70 t/s 5.936s
0823 21:42:57 ds4-server: chat ctx=0..172:172 prefill chunk 112/172 (65.1%) chunk=17.83 t/s avg=18.69 t/s 5.992s
0823 21:42:57 ds4-server: chat ctx=0..172:172 prefill chunk 113/172 (65.7%) chunk=18.43 t/s avg=18.69 t/s 6.047s
0823 21:42:57 ds4-server: chat ctx=0..172:172 prefill chunk 114/172 (66.3%) chunk=18.20 t/s avg=18.68 t/s 6.101s
0823 21:42:57 ds4-server: chat ctx=0..172:172 prefill chunk 115/172 (66.9%) chunk=18.07 t/s avg=18.68 t/s 6.157s
0823 21:42:57 ds4-server: chat ctx=0..172:172 prefill chunk 116/172 (67.4%) chunk=18.01 t/s avg=18.67 t/s 6.212s
0823 21:42:57 ds4-server: chat ctx=0..172:172 prefill chunk 117/172 (68.0%) chunk=18.19 t/s avg=18.67 t/s 6.267s
0823 21:42:57 ds4-server: chat ctx=0..172:172 prefill chunk 118/172 (68.6%) chunk=17.63 t/s avg=18.66 t/s 6.324s
0823 21:42:57 ds4-server: chat ctx=0..172:172 prefill chunk 119/172 (69.2%) chunk=18.80 t/s avg=18.66 t/s 6.377s
0823 21:42:57 ds4-server: chat ctx=0..172:172 prefill chunk 120/172 (69.8%) chunk=18.37 t/s avg=18.66 t/s 6.432s
0823 21:42:57 ds4-server: chat ctx=0..172:172 prefill chunk 121/172 (70.3%) chunk=17.92 t/s avg=18.65 t/s 6.487s
0823 21:42:57 ds4-server: chat ctx=0..172:172 prefill chunk 122/172 (70.9%) chunk=18.16 t/s avg=18.65 t/s 6.543s
0823 21:42:58 ds4-server: chat ctx=0..172:172 prefill chunk 123/172 (71.5%) chunk=17.86 t/s avg=18.64 t/s 6.598s
0823 21:42:58 ds4-server: chat ctx=0..172:172 prefill chunk 124/172 (72.1%) chunk=18.20 t/s avg=18.64 t/s 6.653s
0823 21:42:58 ds4-server: chat ctx=0..172:172 prefill chunk 125/172 (72.7%) chunk=17.76 t/s avg=18.63 t/s 6.710s
0823 21:42:58 ds4-server: chat ctx=0..172:172 prefill chunk 126/172 (73.3%) chunk=17.83 t/s avg=18.62 t/s 6.766s
0823 21:42:58 ds4-server: chat ctx=0..172:172 prefill chunk 127/172 (73.8%) chunk=17.83 t/s avg=18.62 t/s 6.822s
0823 21:42:58 ds4-server: chat ctx=0..172:172 prefill chunk 128/172 (74.4%) chunk=18.48 t/s avg=18.62 t/s 6.876s
0823 21:42:58 ds4-server: chat ctx=0..172:172 prefill chunk 129/172 (75.0%) chunk=17.63 t/s avg=18.61 t/s 6.933s
0823 21:42:58 ds4-server: chat ctx=0..172:172 prefill chunk 130/172 (75.6%) chunk=18.31 t/s avg=18.61 t/s 6.987s
0823 21:42:58 ds4-server: chat ctx=0..172:172 prefill chunk 131/172 (76.2%) chunk=18.36 t/s avg=18.60 t/s 7.042s
0823 21:42:58 ds4-server: chat ctx=0..172:172 prefill chunk 132/172 (76.7%) chunk=17.79 t/s avg=18.60 t/s 7.098s
0823 21:42:58 ds4-server: chat ctx=0..172:172 prefill chunk 133/172 (77.3%) chunk=17.77 t/s avg=18.59 t/s 7.154s
0823 21:42:58 ds4-server: chat ctx=0..172:172 prefill chunk 134/172 (77.9%) chunk=18.40 t/s avg=18.59 t/s 7.209s
0823 21:42:58 ds4-server: chat ctx=0..172:172 prefill chunk 135/172 (78.5%) chunk=17.68 t/s avg=18.58 t/s 7.265s
0823 21:42:58 ds4-server: chat ctx=0..172:172 prefill chunk 136/172 (79.1%) chunk=19.18 t/s avg=18.59 t/s 7.317s
ds4: qwen35moe experts/token avg over 128 tokens: 0:14.1 1:14.2 2:13.9 3:15.6 4:14.4 5:15.4 6:14.4 7:15.5 8:16.3 9:15.8 10:13.9 11:13.8 12:15.0 13:14.9 14:15.2 15:15.4 16:15.2 17:15.1 18:14.9 19:14.4 20:16.4 21:15.6 22:14.7 23:14.6 24:15.5 25:14.9 26:15.7 27:16.2 28:15.1 29:16.0 30:15.4 31:16.9 32:16.6 33:16.6 34:16.8 35:18.0 36:18.6 37:19.2 38:19.2 39:18.5 | mean 15.7
0823 21:42:58 ds4-server: chat ctx=0..172:172 prefill chunk 137/172 (79.7%) chunk=18.36 t/s avg=18.58 t/s 7.372s
0823 21:42:58 ds4-server: chat ctx=0..172:172 prefill chunk 138/172 (80.2%) chunk=18.11 t/s avg=18.58 t/s 7.427s
0823 21:42:58 ds4-server: chat ctx=0..172:172 prefill chunk 139/172 (80.8%) chunk=18.71 t/s avg=18.58 t/s 7.480s
0823 21:42:58 ds4-server: chat ctx=0..172:172 prefill chunk 140/172 (81.4%) chunk=18.78 t/s avg=18.58 t/s 7.534s
0823 21:42:59 ds4-server: chat ctx=0..172:172 prefill chunk 141/172 (82.0%) chunk=19.37 t/s avg=18.59 t/s 7.585s
0823 21:42:59 ds4-server: chat ctx=0..172:172 prefill chunk 142/172 (82.6%) chunk=18.41 t/s avg=18.59 t/s 7.640s
0823 21:42:59 ds4-server: chat ctx=0..172:172 prefill chunk 143/172 (83.1%) chunk=18.24 t/s avg=18.58 t/s 7.695s
0823 21:42:59 ds4-server: chat ctx=0..172:172 prefill chunk 144/172 (83.7%) chunk=18.47 t/s avg=18.58 t/s 7.749s
0823 21:42:59 ds4-server: chat ctx=0..172:172 prefill chunk 145/172 (84.3%) chunk=17.81 t/s avg=18.58 t/s 7.805s
0823 21:42:59 ds4-server: chat ctx=0..172:172 prefill chunk 146/172 (84.9%) chunk=18.25 t/s avg=18.58 t/s 7.860s
0823 21:42:59 ds4-server: chat ctx=0..172:172 prefill chunk 147/172 (85.5%) chunk=18.79 t/s avg=18.58 t/s 7.913s
0823 21:42:59 ds4-server: chat ctx=0..172:172 prefill chunk 148/172 (86.0%) chunk=18.49 t/s avg=18.58 t/s 7.967s
0823 21:42:59 ds4-server: chat ctx=0..172:172 prefill chunk 149/172 (86.6%) chunk=17.73 t/s avg=18.57 t/s 8.023s
0823 21:42:59 ds4-server: chat ctx=0..172:172 prefill chunk 150/172 (87.2%) chunk=19.01 t/s avg=18.57 t/s 8.076s
0823 21:42:59 ds4-server: chat ctx=0..172:172 prefill chunk 151/172 (87.8%) chunk=17.28 t/s avg=18.56 t/s 8.134s
0823 21:42:59 ds4-server: chat ctx=0..172:172 prefill chunk 152/172 (88.4%) chunk=17.58 t/s avg=18.56 t/s 8.191s
0823 21:42:59 ds4-server: chat ctx=0..172:172 prefill chunk 153/172 (89.0%) chunk=18.22 t/s avg=18.56 t/s 8.246s
0823 21:42:59 ds4-server: chat ctx=0..172:172 prefill chunk 154/172 (89.5%) chunk=17.73 t/s avg=18.55 t/s 8.302s
0823 21:42:59 ds4-server: chat ctx=0..172:172 prefill chunk 155/172 (90.1%) chunk=17.97 t/s avg=18.55 t/s 8.358s
0823 21:42:59 ds4-server: chat ctx=0..172:172 prefill chunk 156/172 (90.7%) chunk=18.83 t/s avg=18.55 t/s 8.411s
0823 21:42:59 ds4-server: chat ctx=0..172:172 prefill chunk 157/172 (91.3%) chunk=18.09 t/s avg=18.54 t/s 8.466s
0823 21:42:59 ds4-server: chat ctx=0..172:172 prefill chunk 158/172 (91.9%) chunk=19.35 t/s avg=18.55 t/s 8.518s
0823 21:43:00 ds4-server: chat ctx=0..172:172 prefill chunk 159/172 (92.4%) chunk=18.01 t/s avg=18.55 t/s 8.573s
0823 21:43:00 ds4-server: chat ctx=0..172:172 prefill chunk 160/172 (93.0%) chunk=17.62 t/s avg=18.54 t/s 8.630s
0823 21:43:00 ds4-server: chat ctx=0..172:172 prefill chunk 161/172 (93.6%) chunk=18.23 t/s avg=18.54 t/s 8.685s
0823 21:43:00 ds4-server: chat ctx=0..172:172 prefill chunk 162/172 (94.2%) chunk=17.85 t/s avg=18.53 t/s 8.741s
0823 21:43:00 ds4-server: chat ctx=0..172:172 prefill chunk 163/172 (94.8%) chunk=17.65 t/s avg=18.53 t/s 8.798s
0823 21:43:00 ds4-server: chat ctx=0..172:172 prefill chunk 164/172 (95.3%) chunk=17.55 t/s avg=18.52 t/s 8.855s
0823 21:43:00 ds4-server: chat ctx=0..172:172 prefill chunk 165/172 (95.9%) chunk=18.51 t/s avg=18.52 t/s 8.909s
0823 21:43:00 ds4-server: chat ctx=0..172:172 prefill chunk 166/172 (96.5%) chunk=18.90 t/s avg=18.52 t/s 8.961s
0823 21:43:00 ds4-server: chat ctx=0..172:172 prefill chunk 167/172 (97.1%) chunk=18.11 t/s avg=18.52 t/s 9.017s
0823 21:43:00 ds4-server: chat ctx=0..172:172 prefill chunk 168/172 (97.7%) chunk=18.72 t/s avg=18.52 t/s 9.070s
0823 21:43:00 ds4-server: chat ctx=0..172:172 prefill chunk 169/172 (98.3%) chunk=18.84 t/s avg=18.52 t/s 9.123s
0823 21:43:00 ds4-server: chat ctx=0..172:172 prefill chunk 170/172 (98.8%) chunk=18.20 t/s avg=18.52 t/s 9.178s
0823 21:43:00 ds4-server: chat ctx=0..172:172 prefill chunk 171/172 (99.4%) chunk=19.27 t/s avg=18.53 t/s 9.230s
0823 21:43:00 ds4-server: chat ctx=0..172:172 prefill chunk 172/172 (100.0%) chunk=19.94 t/s avg=18.53 t/s 9.280s
0823 21:43:00 ds4-server: chat ctx=0..172:172 prompt done 9.280s
0823 21:43:03 ds4-server: chat ctx=172..222:50 gen=50 THINKING decoding chunk=18.40 t/s avg=18.40 t/s 2.718s
ds4: qwen35moe experts/token avg over 128 tokens: 0:13.8 1:14.5 2:14.4 3:16.3 4:14.7 5:15.1 6:14.2 7:15.3 8:16.3 9:16.3 10:14.1 11:14.0 12:15.0 13:15.1 14:14.8 15:15.6 16:15.7 17:15.4 18:15.1 19:14.8 20:16.9 21:16.3 22:15.4 23:14.8 24:15.6 25:15.1 26:15.7 27:15.6 28:15.2 29:15.9 30:15.8 31:16.2 32:16.1 33:15.5 34:15.4 35:16.5 36:17.6 37:18.3 38:18.6 39:18.2 | mean 15.6
0823 21:43:06 ds4-server: chat ctx=222..272:50 gen=100 THINKING decoding chunk=18.18 t/s avg=18.29 t/s 5.468s
0823 21:43:09 ds4-server: chat ctx=272..322:50 gen=150 THINKING decoding chunk=17.78 t/s avg=18.11 t/s 8.281s
0823 21:43:11 ds4-server: chat ctx=322..372:50 gen=200 THINKING decoding chunk=17.43 t/s avg=17.94 t/s 11.149s
ds4: qwen35moe experts/token avg over 128 tokens: 0:14.2 1:15.3 2:15.5 3:16.6 4:16.2 5:16.5 6:16.2 7:17.0 8:17.0 9:17.2 10:15.8 11:15.2 12:16.5 13:16.9 14:16.3 15:16.6 16:16.4 17:16.6 18:15.7 19:15.6 20:17.0 21:16.9 22:16.1 23:15.3 24:16.2 25:16.8 26:17.0 27:16.7 28:16.3 29:16.9 30:16.8 31:17.9 32:16.9 33:16.8 34:16.6 35:17.5 36:18.0 37:18.8 38:19.4 39:18.6 | mean 16.7
0823 21:43:14 ds4-server: chat ctx=372..422:50 gen=250 THINKING decoding chunk=17.88 t/s avg=17.93 t/s 13.946s
0823 21:43:17 ds4-server: chat ctx=422..472:50 gen=300 THINKING decoding chunk=17.69 t/s avg=17.89 t/s 16.772s
ds4: qwen35moe experts/token avg over 128 tokens: 0:14.6 1:15.2 2:15.9 3:17.1 4:15.7 5:16.3 6:15.6 7:16.4 8:17.6 9:16.9 10:14.9 11:14.6 12:15.4 13:16.3 14:15.9 15:15.9 16:15.8 17:16.1 18:15.1 19:14.5 20:16.8 21:16.0 22:14.9 23:14.7 24:15.1 25:15.1 26:15.7 27:15.1 28:15.1 29:16.1 30:15.1 31:16.2 32:15.2 33:14.9 34:14.6 35:15.3 36:16.3 37:17.3 38:18.5 39:17.7 | mean 15.8
0823 21:43:20 ds4-server: chat ctx=472..522:50 gen=350 THINKING decoding chunk=17.62 t/s avg=17.85 t/s 19.609s
0823 21:43:23 ds4-server: chat ctx=522..572:50 gen=400 THINKING decoding chunk=17.57 t/s avg=17.81 t/s 22.454s
0823 21:43:26 ds4-server: chat ctx=572..622:50 gen=450 THINKING decoding chunk=17.31 t/s avg=17.76 t/s 25.343s
ds4: qwen35moe experts/token avg over 128 tokens: 0:14.5 1:15.3 2:15.0 3:16.5 4:15.9 5:16.3 6:16.3 7:16.9 8:17.7 9:16.9 10:15.7 11:15.5 12:16.5 13:17.2 14:16.4 15:16.8 16:16.6 17:16.5 18:16.1 19:15.9 20:17.4 21:16.7 22:15.9 23:15.1 24:16.5 25:16.3 26:16.4 27:16.0 28:16.4 29:15.6 30:15.6 31:16.4 32:15.7 33:15.6 34:15.5 35:16.5 36:17.1 37:17.4 38:18.5 39:17.9 | mean 16.3
0823 21:43:29 ds4-server: chat ctx=622..672:50 gen=500 THINKING decoding chunk=17.04 t/s avg=17.68 t/s 28.277s
0823 21:43:32 ds4-server: chat ctx=672..722:50 gen=550 THINKING decoding chunk=16.73 t/s avg=17.59 t/s 31.265s
0823 21:43:34 ds4-server: chat ctx=722..772:50 gen=600 THINKING decoding chunk=17.13 t/s avg=17.55 t/s 34.184s
ds4: qwen35moe experts/token avg over 128 tokens: 0:14.2 1:15.9 2:15.1 3:17.2 4:15.9 5:16.3 6:16.5 7:17.5 8:18.0 9:18.1 10:16.1 11:15.5 12:17.0 13:17.1 14:17.0 15:17.2 16:16.9 17:17.3 18:16.7 19:16.4 20:17.6 21:17.5 22:15.8 23:15.2 24:15.9 25:16.3 26:16.3 27:16.1 28:15.8 29:16.3 30:15.4 31:16.9 32:16.1 33:15.6 34:15.8 35:16.5 36:16.6 37:18.0 38:18.7 39:17.7 | mean 16.5
0823 21:43:37 ds4-server: chat ctx=772..822:50 gen=650 THINKING decoding chunk=16.79 t/s avg=17.49 t/s 37.162s
0823 21:43:40 ds4-server: chat ctx=822..872:50 gen=700 THINKING decoding chunk=16.76 t/s avg=17.44 t/s 40.145s
ds4: qwen35moe experts/token avg over 128 tokens: 0:14.6 1:15.1 2:15.6 3:17.2 4:16.7 5:16.9 6:16.0 7:17.6 8:18.4 9:17.5 10:16.4 11:15.3 12:17.4 13:17.9 14:17.2 15:17.3 16:17.2 17:17.2 18:16.7 19:16.7 20:17.8 21:17.4 22:16.5 23:15.6 24:16.1 25:16.6 26:16.7 27:16.3 28:16.1 29:16.3 30:15.6 31:16.7 32:16.2 33:15.9 34:15.4 35:16.3 36:16.7 37:18.2 38:18.3 39:17.9 | mean 16.7
0823 21:43:43 ds4-server: chat ctx=872..922:50 gen=750 THINKING decoding chunk=16.67 t/s avg=17.38 t/s 43.144s
0823 21:43:46 ds4-server: chat ctx=922..972:50 gen=800 THINKING decoding chunk=16.94 t/s avg=17.36 t/s 46.095s
0823 21:43:49 ds4-server: chat ctx=972..1022:50 gen=850 THINKING decoding chunk=16.79 t/s avg=17.32 t/s 49.073s
ds4: qwen35moe experts/token avg over 128 tokens: 0:14.6 1:15.4 2:15.5 3:16.6 4:15.9 5:15.8 6:15.7 7:16.3 8:17.0 9:16.7 10:15.6 11:15.1 12:16.3 13:16.4 14:15.8 15:16.4 16:15.8 17:15.5 18:15.2 19:15.3 20:16.6 21:16.7 22:15.2 23:14.5 24:15.5 25:15.6 26:15.8 27:15.5 28:14.7 29:15.3 30:14.6 31:15.5 32:15.2 33:14.4 34:14.5 35:16.0 36:15.8 37:17.0 38:18.3 39:17.2 | mean 15.8
0823 21:43:52 ds4-server: chat ctx=1022..1072:50 gen=900 THINKING decoding chunk=16.95 t/s avg=17.30 t/s 52.023s
0823 21:43:55 ds4-server: chat ctx=1072..1122:50 gen=950 THINKING decoding chunk=16.02 t/s avg=17.23 t/s 55.145s
ds4: qwen35moe experts/token avg over 128 tokens: 0:14.5 1:15.1 2:14.7 3:17.0 4:16.5 5:17.1 6:16.6 7:17.0 8:17.5 9:17.2 10:15.9 11:15.5 12:17.0 13:17.1 14:17.7 15:18.0 16:16.9 17:17.2 18:17.0 19:16.8 20:18.0 21:17.9 22:16.8 23:16.4 24:17.4 25:17.0 26:17.0 27:17.2 28:17.3 29:17.0 30:17.2 31:17.7 32:17.5 33:17.5 34:17.6 35:18.5 36:18.8 37:18.9 38:19.6 39:18.9 | mean 17.2
0823 21:43:59 ds4-server: chat ctx=1122..1172:50 gen=1000 THINKING decoding chunk=15.77 t/s avg=17.15 t/s 58.316s
0823 21:44:02 ds4-server: chat ctx=1172..1222:50 gen=1050 THINKING decoding chunk=16.01 t/s avg=17.09 t/s 61.439s
0823 21:44:05 ds4-server: chat ctx=1222..1272:50 gen=1100 THINKING decoding chunk=16.48 t/s avg=17.06 t/s 64.472s
ds4: qwen35moe experts/token avg over 128 tokens: 0:14.6 1:15.6 2:15.0 3:17.2 4:16.1 5:16.3 6:16.5 7:17.5 8:18.1 9:17.6 10:16.1 11:15.7 12:17.0 13:16.9 14:16.8 15:17.0 16:16.4 17:17.0 18:16.3 19:16.1 20:17.6 21:17.5 22:16.3 23:15.4 24:16.3 25:16.0 26:16.2 27:16.7 28:16.3 29:16.1 30:15.8 31:16.5 32:15.9 33:15.8 34:15.1 35:17.4 36:17.3 37:17.9 38:18.4 39:17.4 | mean 16.5
0823 21:44:08 ds4-server: chat ctx=1272..1322:50 gen=1150 THINKING decoding chunk=16.05 t/s avg=17.02 t/s 67.587s
0823 21:44:11 ds4-server: chat ctx=1322..1372:50 gen=1200 THINKING decoding chunk=15.83 t/s avg=16.96 t/s 70.746s
ds4: qwen35moe experts/token avg over 128 tokens: 0:14.6 1:15.7 2:16.2 3:17.4 4:16.8 5:17.4 6:17.1 7:18.0 8:18.5 9:18.1 10:16.7 11:16.0 12:17.8 13:18.2 14:17.9 15:18.0 16:18.0 17:18.0 18:16.8 19:17.1 20:18.3 21:17.9 22:16.9 23:16.2 24:17.0 25:17.5 26:17.5 27:17.2 28:16.5 29:17.4 30:15.5 31:17.7 32:15.9 33:15.4 34:15.4 35:16.6 36:17.4 37:18.4 38:19.1 39:18.1 | mean 17.2
0823 21:44:14 ds4-server: chat ctx=1372..1422:50 gen=1250 THINKING decoding chunk=15.69 t/s avg=16.91 t/s 73.933s
0823 21:44:17 ds4-server: chat ctx=1422..1472:50 gen=1300 THINKING decoding chunk=15.79 t/s avg=16.86 t/s 77.100s
0823 21:44:20 ds4-server: chat ctx=1472..1522:50 gen=1350 THINKING decoding chunk=15.92 t/s avg=16.82 t/s 80.240s
ds4: qwen35moe experts/token avg over 128 tokens: 0:14.4 1:16.3 2:15.5 3:17.5 4:16.5 5:16.5 6:16.8 7:17.3 8:18.5 9:17.2 10:16.6 11:15.4 12:18.0 13:17.1 14:16.9 15:16.6 16:16.4 17:16.5 18:16.0 19:15.8 20:17.3 21:17.2 22:15.7 23:15.3 24:16.1 25:16.1 26:16.5 27:15.9 28:16.2 29:16.2 30:15.4 31:16.7 32:15.5 33:15.1 34:15.1 35:16.9 36:16.9 37:17.8 38:19.0 39:17.5 | mean 16.5
0823 21:44:24 ds4-server: chat ctx=1522..1572:50 gen=1400 THINKING decoding chunk=15.63 t/s avg=16.78 t/s 83.438s
0823 21:44:27 ds4-server: chat ctx=1572..1622:50 gen=1450 THINKING decoding chunk=15.57 t/s avg=16.73 t/s 86.650s
0823 21:44:30 ds4-server: chat ctx=1622..1672:50 gen=1500 THINKING decoding chunk=15.22 t/s avg=16.68 t/s 89.935s
ds4: qwen35moe experts/token avg over 128 tokens: 0:14.5 1:15.5 2:16.0 3:17.8 4:16.8 5:17.7 6:17.0 7:17.9 8:18.4 9:18.4 10:16.5 11:16.3 12:17.9 13:18.3 14:18.5 15:17.8 16:17.7 17:17.8 18:17.5 19:17.3 20:18.4 21:17.9 22:17.1 23:16.0 24:17.3 25:17.5 26:17.2 27:16.9 28:17.0 29:17.1 30:16.0 31:17.4 32:16.2 33:15.6 34:15.1 35:16.9 36:17.6 37:18.5 38:19.4 39:18.2 | mean 17.2
0823 21:44:33 ds4-server: chat ctx=1672..1722:50 gen=1550 THINKING decoding chunk=15.52 t/s avg=16.64 t/s 93.156s
0823 21:44:37 ds4-server: chat ctx=1722..1772:50 gen=1600 THINKING decoding chunk=15.22 t/s avg=16.59 t/s 96.442s
ds4: qwen35moe experts/token avg over 128 tokens: 0:14.3 1:15.6 2:14.5 3:17.3 4:16.3 5:16.0 6:15.9 7:17.3 8:17.6 9:17.4 10:15.9 11:15.6 12:16.6 13:16.1 14:16.9 15:16.6 16:16.3 17:16.8 18:16.0 19:16.3 20:17.0 21:16.7 22:15.7 23:15.6 24:16.1 25:16.1 26:16.3 27:15.7 28:16.1 29:16.1 30:16.0 31:17.1 32:16.1 33:16.3 34:16.2 35:17.6 36:17.9 37:18.6 38:19.4 39:18.3 | mean 16.5
0823 21:44:40 ds4-server: chat ctx=1772..1822:50 gen=1650 decoding chunk=15.45 t/s avg=16.55 t/s 99.679s
0823 21:44:43 ds4-server: chat ctx=1822..1872:50 gen=1700 decoding chunk=15.14 t/s avg=16.51 t/s 102.981s
0823 21:44:47 ds4-server: chat ctx=1872..1922:50 gen=1750 decoding chunk=15.00 t/s avg=16.46 t/s 106.315s
ds4: qwen35moe experts/token avg over 128 tokens: 0:14.8 1:15.9 2:16.5 3:17.6 4:16.8 5:17.9 6:17.2 7:17.9 8:18.5 9:18.1 10:16.5 11:15.6 12:17.6 13:17.6 14:18.3 15:18.2 16:17.9 17:17.9 18:17.7 19:17.4 20:18.7 21:18.4 22:17.4 23:16.0 24:17.2 25:17.0 26:18.0 27:17.5 28:17.0 29:17.0 30:15.7 31:17.6 32:17.0 33:15.8 34:15.8 35:17.3 36:17.5 37:18.9 38:19.4 39:18.3 | mean 17.3
0823 21:44:50 ds4-server: chat ctx=1922..1972:50 gen=1800 decoding chunk=14.96 t/s avg=16.41 t/s 109.658s
0823 21:44:53 ds4-server: chat ctx=1972..2022:50 gen=1850 decoding chunk=14.89 t/s avg=16.37 t/s 113.015s
ds4: qwen35moe experts/token avg over 128 tokens: 0:15.0 1:16.3 2:16.6 3:17.8 4:16.9 5:17.7 6:17.4 7:18.4 8:18.3 9:17.7 10:17.0 11:16.4 12:18.1 13:18.3 14:18.5 15:18.1 16:17.5 17:17.8 18:16.9 19:17.1 20:18.1 21:17.8 22:17.2 23:16.0 24:17.6 25:17.5 26:17.2 27:16.9 28:16.5 29:17.0 30:16.0 31:17.1 32:16.8 33:15.9 34:15.6 35:17.2 36:17.7 37:18.1 38:19.3 39:18.0 | mean 17.3
0823 21:44:57 ds4-server: chat ctx=2022..2072:50 gen=1900 decoding chunk=14.86 t/s avg=16.33 t/s 116.380s
0823 21:44:59 ds4-server: chat ctx=2072..2105:33 gen=1933 decoding chunk=14.86 t/s avg=16.30 t/s 118.601s
0823 21:44:59 ds4-server: thinking live checkpoint remembered ctx=0..172:172 live=2105 visible=2265
0823 21:44:59 ds4-server: chat ctx=0..172:172 gen=1933 finish=stop 127.882s
0823 21:44:59 ds4-server: live kv cache miss live=2105 prompt=150 common=56 reason=token-mismatch
0823 21:44:59 ds4-server: chat ctx=0..150:150 prompt start
0823 21:44:59 ds4-server: chat ctx=0..150:150 prefill chunk 1/150 (0.7%) chunk=0.00 t/s avg=20.09 t/s 0.050s
0823 21:44:59 ds4-server: chat ctx=0..150:150 prefill chunk 2/150 (1.3%) chunk=19.48 t/s avg=19.78 t/s 0.101s
0823 21:44:59 ds4-server: chat ctx=0..150:150 prefill chunk 3/150 (2.0%) chunk=19.83 t/s avg=19.80 t/s 0.152s
0823 21:44:59 ds4-server: chat ctx=0..150:150 prefill chunk 4/150 (2.7%) chunk=19.24 t/s avg=19.66 t/s 0.204s
0823 21:44:59 ds4-server: chat ctx=0..150:150 prefill chunk 5/150 (3.3%) chunk=19.74 t/s avg=19.67 t/s 0.254s
0823 21:44:59 ds4-server: chat ctx=0..150:150 prefill chunk 6/150 (4.0%) chunk=18.86 t/s avg=19.53 t/s 0.307s
0823 21:44:59 ds4-server: chat ctx=0..150:150 prefill chunk 7/150 (4.7%) chunk=19.97 t/s avg=19.59 t/s 0.357s
0823 21:44:59 ds4-server: chat ctx=0..150:150 prefill chunk 8/150 (5.3%) chunk=18.46 t/s avg=19.45 t/s 0.411s
0823 21:44:59 ds4-server: chat ctx=0..150:150 prefill chunk 9/150 (6.0%) chunk=20.00 t/s avg=19.51 t/s 0.461s
0823 21:44:59 ds4-server: chat ctx=0..150:150 prefill chunk 10/150 (6.7%) chunk=19.39 t/s avg=19.49 t/s 0.513s
0823 21:44:59 ds4-server: chat ctx=0..150:150 prefill chunk 11/150 (7.3%) chunk=19.23 t/s avg=19.47 t/s 0.565s
0823 21:44:59 ds4-server: chat ctx=0..150:150 prefill chunk 12/150 (8.0%) chunk=18.99 t/s avg=19.43 t/s 0.618s
0823 21:45:00 ds4-server: chat ctx=0..150:150 prefill chunk 13/150 (8.7%) chunk=18.80 t/s avg=19.38 t/s 0.671s
0823 21:45:00 ds4-server: chat ctx=0..150:150 prefill chunk 14/150 (9.3%) chunk=18.96 t/s avg=19.35 t/s 0.724s
0823 21:45:00 ds4-server: chat ctx=0..150:150 prefill chunk 15/150 (10.0%) chunk=18.44 t/s avg=19.29 t/s 0.778s
0823 21:45:00 ds4-server: chat ctx=0..150:150 prefill chunk 16/150 (10.7%) chunk=19.23 t/s avg=19.28 t/s 0.830s
0823 21:45:00 ds4-server: chat ctx=0..150:150 prefill chunk 17/150 (11.3%) chunk=18.56 t/s avg=19.24 t/s 0.884s
0823 21:45:00 ds4-server: chat ctx=0..150:150 prefill chunk 18/150 (12.0%) chunk=18.97 t/s avg=19.22 t/s 0.936s
0823 21:45:00 ds4-server: chat ctx=0..150:150 prefill chunk 19/150 (12.7%) chunk=18.89 t/s avg=19.21 t/s 0.989s
0823 21:45:00 ds4-server: chat ctx=0..150:150 prefill chunk 20/150 (13.3%) chunk=18.29 t/s avg=19.16 t/s 1.044s
0823 21:45:00 ds4-server: chat ctx=0..150:150 prefill chunk 21/150 (14.0%) chunk=19.26 t/s avg=19.16 t/s 1.096s
0823 21:45:00 ds4-server: chat ctx=0..150:150 prefill chunk 22/150 (14.7%) chunk=19.34 t/s avg=19.17 t/s 1.148s
0823 21:45:00 ds4-server: chat ctx=0..150:150 prefill chunk 23/150 (15.3%) chunk=19.37 t/s avg=19.18 t/s 1.199s
0823 21:45:00 ds4-server: chat ctx=0..150:150 prefill chunk 24/150 (16.0%) chunk=19.35 t/s avg=19.19 t/s 1.251s
0823 21:45:00 ds4-server: chat ctx=0..150:150 prefill chunk 25/150 (16.7%) chunk=19.06 t/s avg=19.18 t/s 1.303s
0823 21:45:00 ds4-server: chat ctx=0..150:150 prefill chunk 26/150 (17.3%) chunk=19.41 t/s avg=19.19 t/s 1.355s
0823 21:45:00 ds4-server: chat ctx=0..150:150 prefill chunk 27/150 (18.0%) chunk=18.68 t/s avg=19.17 t/s 1.408s
0823 21:45:00 ds4-server: chat ctx=0..150:150 prefill chunk 28/150 (18.7%) chunk=19.41 t/s avg=19.18 t/s 1.460s
0823 21:45:00 ds4-server: chat ctx=0..150:150 prefill chunk 29/150 (19.3%) chunk=18.50 t/s avg=19.15 t/s 1.514s
0823 21:45:00 ds4-server: chat ctx=0..150:150 prefill chunk 30/150 (20.0%) chunk=18.69 t/s avg=19.14 t/s 1.567s
0823 21:45:00 ds4-server: chat ctx=0..150:150 prefill chunk 31/150 (20.7%) chunk=19.03 t/s avg=19.14 t/s 1.620s
0823 21:45:01 ds4-server: chat ctx=0..150:150 prefill chunk 32/150 (21.3%) chunk=18.22 t/s avg=19.11 t/s 1.675s
0823 21:45:01 ds4-server: chat ctx=0..150:150 prefill chunk 33/150 (22.0%) chunk=19.31 t/s avg=19.11 t/s 1.727s
0823 21:45:01 ds4-server: chat ctx=0..150:150 prefill chunk 34/150 (22.7%) chunk=18.49 t/s avg=19.09 t/s 1.781s
0823 21:45:01 ds4-server: chat ctx=0..150:150 prefill chunk 35/150 (23.3%) chunk=17.99 t/s avg=19.06 t/s 1.836s
0823 21:45:01 ds4-server: chat ctx=0..150:150 prefill chunk 36/150 (24.0%) chunk=18.97 t/s avg=19.06 t/s 1.889s
0823 21:45:01 ds4-server: chat ctx=0..150:150 prefill chunk 37/150 (24.7%) chunk=17.62 t/s avg=19.01 t/s 1.946s
0823 21:45:01 ds4-server: chat ctx=0..150:150 prefill chunk 38/150 (25.3%) chunk=17.81 t/s avg=18.98 t/s 2.002s
0823 21:45:01 ds4-server: chat ctx=0..150:150 prefill chunk 39/150 (26.0%) chunk=18.72 t/s avg=18.97 t/s 2.055s
0823 21:45:01 ds4-server: chat ctx=0..150:150 prefill chunk 40/150 (26.7%) chunk=18.35 t/s avg=18.96 t/s 2.110s
0823 21:45:01 ds4-server: chat ctx=0..150:150 prefill chunk 41/150 (27.3%) chunk=18.96 t/s avg=18.96 t/s 2.163s
0823 21:45:01 ds4-server: chat ctx=0..150:150 prefill chunk 42/150 (28.0%) chunk=18.49 t/s avg=18.95 t/s 2.217s
0823 21:45:01 ds4-server: chat ctx=0..150:150 prefill chunk 43/150 (28.7%) chunk=18.84 t/s avg=18.94 t/s 2.270s
0823 21:45:01 ds4-server: chat ctx=0..150:150 prefill chunk 44/150 (29.3%) chunk=19.39 t/s avg=18.95 t/s 2.321s
0823 21:45:01 ds4-server: chat ctx=0..150:150 prefill chunk 45/150 (30.0%) chunk=18.34 t/s avg=18.94 t/s 2.376s
0823 21:45:01 ds4-server: chat ctx=0..150:150 prefill chunk 46/150 (30.7%) chunk=18.76 t/s avg=18.94 t/s 2.429s
0823 21:45:01 ds4-server: chat ctx=0..150:150 prefill chunk 47/150 (31.3%) chunk=18.15 t/s avg=18.92 t/s 2.484s
0823 21:45:01 ds4-server: chat ctx=0..150:150 prefill chunk 48/150 (32.0%) chunk=18.91 t/s avg=18.92 t/s 2.537s
0823 21:45:01 ds4-server: chat ctx=0..150:150 prefill chunk 49/150 (32.7%) chunk=19.48 t/s avg=18.93 t/s 2.589s
0823 21:45:01 ds4-server: chat ctx=0..150:150 prefill chunk 50/150 (33.3%) chunk=18.61 t/s avg=18.92 t/s 2.642s
0823 21:45:02 ds4-server: chat ctx=0..150:150 prefill chunk 51/150 (34.0%) chunk=19.39 t/s avg=18.93 t/s 2.694s
0823 21:45:02 ds4-server: chat ctx=0..150:150 prefill chunk 52/150 (34.7%) chunk=18.14 t/s avg=18.92 t/s 2.749s
0823 21:45:02 ds4-server: chat ctx=0..150:150 prefill chunk 53/150 (35.3%) chunk=18.97 t/s avg=18.92 t/s 2.802s
0823 21:45:02 ds4-server: chat ctx=0..150:150 prefill chunk 54/150 (36.0%) chunk=19.54 t/s avg=18.93 t/s 2.853s
0823 21:45:02 ds4-server: chat ctx=0..150:150 prefill chunk 55/150 (36.7%) chunk=19.58 t/s avg=18.94 t/s 2.904s
0823 21:45:02 ds4-server: chat ctx=0..150:150 prefill chunk 56/150 (37.3%) chunk=20.52 t/s avg=18.97 t/s 2.953s
0823 21:45:02 ds4-server: chat ctx=0..150:150 prefill chunk 57/150 (38.0%) chunk=18.46 t/s avg=18.96 t/s 3.007s
0823 21:45:02 ds4-server: chat ctx=0..150:150 prefill chunk 58/150 (38.7%) chunk=18.93 t/s avg=18.96 t/s 3.060s
0823 21:45:02 ds4-server: chat ctx=0..150:150 prefill chunk 59/150 (39.3%) chunk=18.15 t/s avg=18.94 t/s 3.115s
0823 21:45:02 ds4-server: chat ctx=0..150:150 prefill chunk 60/150 (40.0%) chunk=18.35 t/s avg=18.93 t/s 3.169s
0823 21:45:02 ds4-server: chat ctx=0..150:150 prefill chunk 61/150 (40.7%) chunk=19.02 t/s avg=18.93 t/s 3.222s
0823 21:45:02 ds4-server: chat ctx=0..150:150 prefill chunk 62/150 (41.3%) chunk=18.89 t/s avg=18.93 t/s 3.275s
0823 21:45:02 ds4-server: chat ctx=0..150:150 prefill chunk 63/150 (42.0%) chunk=19.63 t/s avg=18.94 t/s 3.326s
0823 21:45:02 ds4-server: chat ctx=0..150:150 prefill chunk 64/150 (42.7%) chunk=18.53 t/s avg=18.94 t/s 3.380s
0823 21:45:02 ds4-server: chat ctx=0..150:150 prefill chunk 65/150 (43.3%) chunk=18.43 t/s avg=18.93 t/s 3.434s
0823 21:45:02 ds4-server: chat ctx=0..150:150 prefill chunk 66/150 (44.0%) chunk=18.83 t/s avg=18.93 t/s 3.487s
0823 21:45:02 ds4-server: chat ctx=0..150:150 prefill chunk 67/150 (44.7%) chunk=18.58 t/s avg=18.92 t/s 3.541s
0823 21:45:02 ds4-server: chat ctx=0..150:150 prefill chunk 68/150 (45.3%) chunk=18.77 t/s avg=18.92 t/s 3.594s
0823 21:45:02 ds4-server: chat ctx=0..150:150 prefill chunk 69/150 (46.0%) chunk=18.22 t/s avg=18.91 t/s 3.649s
0823 21:45:03 ds4-server: chat ctx=0..150:150 prefill chunk 70/150 (46.7%) chunk=18.67 t/s avg=18.91 t/s 3.703s
0823 21:45:03 ds4-server: chat ctx=0..150:150 prefill chunk 71/150 (47.3%) chunk=19.38 t/s avg=18.91 t/s 3.754s
0823 21:45:03 ds4-server: chat ctx=0..150:150 prefill chunk 72/150 (48.0%) chunk=19.11 t/s avg=18.92 t/s 3.806s
0823 21:45:03 ds4-server: chat ctx=0..150:150 prefill chunk 73/150 (48.7%) chunk=18.90 t/s avg=18.91 t/s 3.859s
0823 21:45:03 ds4-server: chat ctx=0..150:150 prefill chunk 74/150 (49.3%) chunk=18.81 t/s avg=18.91 t/s 3.913s
0823 21:45:03 ds4-server: chat ctx=0..150:150 prefill chunk 75/150 (50.0%) chunk=19.04 t/s avg=18.92 t/s 3.965s
0823 21:45:03 ds4-server: chat ctx=0..150:150 prefill chunk 76/150 (50.7%) chunk=18.95 t/s avg=18.92 t/s 4.018s
0823 21:45:03 ds4-server: chat ctx=0..150:150 prefill chunk 77/150 (51.3%) chunk=18.87 t/s avg=18.91 t/s 4.071s
0823 21:45:03 ds4-server: chat ctx=0..150:150 prefill chunk 78/150 (52.0%) chunk=18.92 t/s avg=18.92 t/s 4.124s
0823 21:45:03 ds4-server: chat ctx=0..150:150 prefill chunk 79/150 (52.7%) chunk=18.40 t/s avg=18.91 t/s 4.178s
ds4: qwen35moe experts/token avg over 128 tokens: 0:14.1 1:14.6 2:14.6 3:15.9 4:15.5 5:15.6 6:15.0 7:15.9 8:16.7 9:16.1 10:15.0 11:14.6 12:15.8 13:15.5 14:15.8 15:15.8 16:15.4 17:15.4 18:15.3 19:14.6 20:16.1 21:16.4 22:14.9 23:14.8 24:15.4 25:15.2 26:15.4 27:15.4 28:15.0 29:15.8 30:14.7 31:16.0 32:15.6 33:15.9 34:15.7 35:17.2 36:17.2 37:18.3 38:19.1 39:18.1 | mean 15.7
0823 21:45:03 ds4-server: chat ctx=0..150:150 prefill chunk 80/150 (53.3%) chunk=19.42 t/s avg=18.91 t/s 4.230s
0823 21:45:03 ds4-server: chat ctx=0..150:150 prefill chunk 81/150 (54.0%) chunk=19.14 t/s avg=18.92 t/s 4.282s
0823 21:45:03 ds4-server: chat ctx=0..150:150 prefill chunk 82/150 (54.7%) chunk=18.28 t/s avg=18.91 t/s 4.336s
0823 21:45:03 ds4-server: chat ctx=0..150:150 prefill chunk 83/150 (55.3%) chunk=19.00 t/s avg=18.91 t/s 4.389s
0823 21:45:03 ds4-server: chat ctx=0..150:150 prefill chunk 84/150 (56.0%) chunk=18.10 t/s avg=18.90 t/s 4.444s
0823 21:45:03 ds4-server: chat ctx=0..150:150 prefill chunk 85/150 (56.7%) chunk=19.56 t/s avg=18.91 t/s 4.495s
0823 21:45:03 ds4-server: chat ctx=0..150:150 prefill chunk 86/150 (57.3%) chunk=18.86 t/s avg=18.91 t/s 4.548s
0823 21:45:03 ds4-server: chat ctx=0..150:150 prefill chunk 87/150 (58.0%) chunk=18.28 t/s avg=18.90 t/s 4.603s
0823 21:45:03 ds4-server: chat ctx=0..150:150 prefill chunk 88/150 (58.7%) chunk=18.02 t/s avg=18.89 t/s 4.659s
0823 21:45:04 ds4-server: chat ctx=0..150:150 prefill chunk 89/150 (59.3%) chunk=17.99 t/s avg=18.88 t/s 4.714s
0823 21:45:04 ds4-server: chat ctx=0..150:150 prefill chunk 90/150 (60.0%) chunk=18.67 t/s avg=18.88 t/s 4.768s
0823 21:45:04 ds4-server: chat ctx=0..150:150 prefill chunk 91/150 (60.7%) chunk=18.61 t/s avg=18.87 t/s 4.822s
0823 21:45:04 ds4-server: chat ctx=0..150:150 prefill chunk 92/150 (61.3%) chunk=18.34 t/s avg=18.87 t/s 4.876s
0823 21:45:04 ds4-server: chat ctx=0..150:150 prefill chunk 93/150 (62.0%) chunk=19.47 t/s avg=18.87 t/s 4.927s
0823 21:45:04 ds4-server: chat ctx=0..150:150 prefill chunk 94/150 (62.7%) chunk=18.50 t/s avg=18.87 t/s 4.981s
0823 21:45:04 ds4-server: chat ctx=0..150:150 prefill chunk 95/150 (63.3%) chunk=18.31 t/s avg=18.86 t/s 5.036s
0823 21:45:04 ds4-server: chat ctx=0..150:150 prefill chunk 96/150 (64.0%) chunk=18.56 t/s avg=18.86 t/s 5.090s
0823 21:45:04 ds4-server: chat ctx=0..150:150 prefill chunk 97/150 (64.7%) chunk=17.92 t/s avg=18.85 t/s 5.146s
0823 21:45:04 ds4-server: chat ctx=0..150:150 prefill chunk 98/150 (65.3%) chunk=18.16 t/s avg=18.84 t/s 5.201s
0823 21:45:04 ds4-server: chat ctx=0..150:150 prefill chunk 99/150 (66.0%) chunk=18.40 t/s avg=18.84 t/s 5.255s
0823 21:45:04 ds4-server: chat ctx=0..150:150 prefill chunk 100/150 (66.7%) chunk=17.70 t/s avg=18.83 t/s 5.312s
0823 21:45:04 ds4-server: chat ctx=0..150:150 prefill chunk 101/150 (67.3%) chunk=18.41 t/s avg=18.82 t/s 5.366s
0823 21:45:04 ds4-server: chat ctx=0..150:150 prefill chunk 102/150 (68.0%) chunk=18.40 t/s avg=18.82 t/s 5.420s
0823 21:45:04 ds4-server: chat ctx=0..150:150 prefill chunk 103/150 (68.7%) chunk=17.73 t/s avg=18.81 t/s 5.477s
0823 21:45:04 ds4-server: chat ctx=0..150:150 prefill chunk 104/150 (69.3%) chunk=18.90 t/s avg=18.81 t/s 5.530s
0823 21:45:04 ds4-server: chat ctx=0..150:150 prefill chunk 105/150 (70.0%) chunk=18.35 t/s avg=18.80 t/s 5.584s
0823 21:45:04 ds4-server: chat ctx=0..150:150 prefill chunk 106/150 (70.7%) chunk=18.15 t/s avg=18.80 t/s 5.639s
0823 21:45:05 ds4-server: chat ctx=0..150:150 prefill chunk 107/150 (71.3%) chunk=18.40 t/s avg=18.79 t/s 5.694s
0823 21:45:05 ds4-server: chat ctx=0..150:150 prefill chunk 108/150 (72.0%) chunk=17.70 t/s avg=18.78 t/s 5.750s
0823 21:45:05 ds4-server: chat ctx=0..150:150 prefill chunk 109/150 (72.7%) chunk=18.18 t/s avg=18.78 t/s 5.805s
0823 21:45:05 ds4-server: chat ctx=0..150:150 prefill chunk 110/150 (73.3%) chunk=19.09 t/s avg=18.78 t/s 5.858s
0823 21:45:05 ds4-server: chat ctx=0..150:150 prefill chunk 111/150 (74.0%) chunk=18.43 t/s avg=18.78 t/s 5.912s
0823 21:45:05 ds4-server: chat ctx=0..150:150 prefill chunk 112/150 (74.7%) chunk=18.45 t/s avg=18.77 t/s 5.966s
0823 21:45:05 ds4-server: chat ctx=0..150:150 prefill chunk 113/150 (75.3%) chunk=18.47 t/s avg=18.77 t/s 6.020s
0823 21:45:05 ds4-server: chat ctx=0..150:150 prefill chunk 114/150 (76.0%) chunk=17.57 t/s avg=18.76 t/s 6.077s
0823 21:45:05 ds4-server: chat ctx=0..150:150 prefill chunk 115/150 (76.7%) chunk=18.31 t/s avg=18.75 t/s 6.132s
0823 21:45:05 ds4-server: chat ctx=0..150:150 prefill chunk 116/150 (77.3%) chunk=18.71 t/s avg=18.75 t/s 6.185s
0823 21:45:05 ds4-server: chat ctx=0..150:150 prefill chunk 117/150 (78.0%) chunk=17.99 t/s avg=18.75 t/s 6.241s
0823 21:45:05 ds4-server: chat ctx=0..150:150 prefill chunk 118/150 (78.7%) chunk=18.02 t/s avg=18.74 t/s 6.296s
0823 21:45:05 ds4-server: chat ctx=0..150:150 prefill chunk 119/150 (79.3%) chunk=18.16 t/s avg=18.74 t/s 6.351s
0823 21:45:05 ds4-server: chat ctx=0..150:150 prefill chunk 120/150 (80.0%) chunk=17.62 t/s avg=18.73 t/s 6.408s
0823 21:45:05 ds4-server: chat ctx=0..150:150 prefill chunk 121/150 (80.7%) chunk=18.55 t/s avg=18.72 t/s 6.462s
0823 21:45:05 ds4-server: chat ctx=0..150:150 prefill chunk 122/150 (81.3%) chunk=17.74 t/s avg=18.72 t/s 6.518s
0823 21:45:05 ds4-server: chat ctx=0..150:150 prefill chunk 123/150 (82.0%) chunk=17.75 t/s avg=18.71 t/s 6.575s
0823 21:45:05 ds4-server: chat ctx=0..150:150 prefill chunk 124/150 (82.7%) chunk=18.21 t/s avg=18.70 t/s 6.630s
0823 21:45:06 ds4-server: chat ctx=0..150:150 prefill chunk 125/150 (83.3%) chunk=17.71 t/s avg=18.70 t/s 6.686s
0823 21:45:06 ds4-server: chat ctx=0..150:150 prefill chunk 126/150 (84.0%) chunk=18.04 t/s avg=18.69 t/s 6.742s
0823 21:45:06 ds4-server: chat ctx=0..150:150 prefill chunk 127/150 (84.7%) chunk=17.56 t/s avg=18.68 t/s 6.799s
0823 21:45:06 ds4-server: chat ctx=0..150:150 prefill chunk 128/150 (85.3%) chunk=17.36 t/s avg=18.67 t/s 6.856s
0823 21:45:06 ds4-server: chat ctx=0..150:150 prefill chunk 129/150 (86.0%) chunk=17.21 t/s avg=18.66 t/s 6.914s
0823 21:45:06 ds4-server: chat ctx=0..150:150 prefill chunk 130/150 (86.7%) chunk=18.76 t/s avg=18.66 t/s 6.968s
0823 21:45:06 ds4-server: chat ctx=0..150:150 prefill chunk 131/150 (87.3%) chunk=17.64 t/s avg=18.65 t/s 7.024s
0823 21:45:06 ds4-server: chat ctx=0..150:150 prefill chunk 132/150 (88.0%) chunk=17.34 t/s avg=18.64 t/s 7.082s
0823 21:45:06 ds4-server: chat ctx=0..150:150 prefill chunk 133/150 (88.7%) chunk=18.13 t/s avg=18.64 t/s 7.137s
0823 21:45:06 ds4-server: chat ctx=0..150:150 prefill chunk 134/150 (89.3%) chunk=18.78 t/s avg=18.64 t/s 7.190s
0823 21:45:06 ds4-server: chat ctx=0..150:150 prefill chunk 135/150 (90.0%) chunk=17.38 t/s avg=18.63 t/s 7.248s
0823 21:45:06 ds4-server: chat ctx=0..150:150 prefill chunk 136/150 (90.7%) chunk=17.57 t/s avg=18.62 t/s 7.305s
0823 21:45:06 ds4-server: chat ctx=0..150:150 prefill chunk 137/150 (91.3%) chunk=17.80 t/s avg=18.61 t/s 7.361s
0823 21:45:06 ds4-server: chat ctx=0..150:150 prefill chunk 138/150 (92.0%) chunk=17.14 t/s avg=18.60 t/s 7.419s
0823 21:45:06 ds4-server: chat ctx=0..150:150 prefill chunk 139/150 (92.7%) chunk=18.04 t/s avg=18.60 t/s 7.475s
0823 21:45:06 ds4-server: chat ctx=0..150:150 prefill chunk 140/150 (93.3%) chunk=18.39 t/s avg=18.59 t/s 7.529s
0823 21:45:06 ds4-server: chat ctx=0..150:150 prefill chunk 141/150 (94.0%) chunk=17.97 t/s avg=18.59 t/s 7.585s
0823 21:45:06 ds4-server: chat ctx=0..150:150 prefill chunk 142/150 (94.7%) chunk=17.86 t/s avg=18.58 t/s 7.641s
0823 21:45:07 ds4-server: chat ctx=0..150:150 prefill chunk 143/150 (95.3%) chunk=18.40 t/s avg=18.58 t/s 7.695s
0823 21:45:07 ds4-server: chat ctx=0..150:150 prefill chunk 144/150 (96.0%) chunk=18.60 t/s avg=18.58 t/s 7.749s
0823 21:45:07 ds4-server: chat ctx=0..150:150 prefill chunk 145/150 (96.7%) chunk=17.42 t/s avg=18.57 t/s 7.806s
0823 21:45:07 ds4-server: chat ctx=0..150:150 prefill chunk 146/150 (97.3%) chunk=18.59 t/s avg=18.57 t/s 7.860s
0823 21:45:07 ds4-server: chat ctx=0..150:150 prefill chunk 147/150 (98.0%) chunk=18.83 t/s avg=18.58 t/s 7.913s
0823 21:45:07 ds4-server: chat ctx=0..150:150 prefill chunk 148/150 (98.7%) chunk=18.08 t/s avg=18.57 t/s 7.969s
0823 21:45:07 ds4-server: chat ctx=0..150:150 prefill chunk 149/150 (99.3%) chunk=19.68 t/s avg=18.58 t/s 8.019s
0823 21:45:07 ds4-server: chat ctx=0..150:150 prefill chunk 150/150 (100.0%) chunk=19.41 t/s avg=18.59 t/s 8.071s
0823 21:45:07 ds4-server: chat ctx=0..150:150 prompt done 8.071s
0823 21:45:10 ds4-server: chat ctx=150..200:50 gen=50 THINKING decoding chunk=18.49 t/s avg=18.49 t/s 2.705s
ds4: qwen35moe experts/token avg over 128 tokens: 0:14.3 1:14.0 2:14.2 3:15.2 4:15.1 5:14.2 6:14.8 7:15.6 8:15.8 9:15.6 10:14.7 11:13.9 12:15.3 13:15.5 14:14.8 15:15.9 16:15.4 17:15.2 18:15.8 19:15.5 20:16.2 21:15.8 22:15.4 23:14.5 24:16.2 25:15.9 26:15.4 27:16.2 28:15.8 29:16.7 30:16.8 31:17.4 32:15.9 33:16.5 34:15.5 35:17.3 36:17.9 37:18.6 38:19.7 39:18.4 | mean 15.8
0823 21:45:12 ds4-server: chat ctx=200..250:50 gen=100 THINKING decoding chunk=18.33 t/s avg=18.41 t/s 5.433s
0823 21:45:15 ds4-server: chat ctx=250..300:50 gen=150 THINKING decoding chunk=18.28 t/s avg=18.36 t/s 8.168s
ds4: qwen35moe experts/token avg over 128 tokens: 0:15.4 1:15.1 2:15.5 3:16.1 4:15.2 5:15.5 6:14.7 7:15.6 8:16.2 9:15.7 10:14.6 11:14.3 12:15.7 13:15.6 14:15.6 15:15.7 16:15.5 17:15.4 18:14.9 19:15.5 20:15.9 21:14.5 22:14.9 23:13.9 24:15.4 25:15.6 26:14.9 27:14.5 28:14.8 29:15.2 30:14.3 31:15.4 32:14.1 33:13.9 34:14.4 35:14.8 36:15.4 37:17.0 38:18.8 39:16.9 | mean 15.3
0823 21:45:18 ds4-server: chat ctx=300..350:50 gen=200 THINKING decoding chunk=18.21 t/s avg=18.33 t/s 10.914s
0823 21:45:21 ds4-server: chat ctx=350..400:50 gen=250 THINKING decoding chunk=17.73 t/s avg=18.20 t/s 13.734s
0823 21:45:24 ds4-server: chat ctx=400..450:50 gen=300 THINKING decoding chunk=17.38 t/s avg=18.06 t/s 16.611s
ds4: qwen35moe experts/token avg over 128 tokens: 0:15.1 1:15.9 2:15.3 3:16.5 4:16.1 5:15.9 6:16.3 7:17.2 8:17.3 9:16.9 10:16.1 11:15.2 12:17.0 13:16.3 14:16.2 15:16.9 16:16.5 17:16.0 18:17.0 19:16.3 20:17.0 21:17.0 22:15.9 23:15.7 24:16.8 25:16.3 26:16.5 27:16.6 28:16.4 29:17.0 30:15.9 31:17.1 32:16.0 33:15.1 34:16.1 35:17.3 36:17.1 37:18.2 38:19.5 39:18.5 | mean 16.5
0823 21:45:26 ds4-server: chat ctx=450..500:50 gen=350 THINKING decoding chunk=17.11 t/s avg=17.92 t/s 19.533s
0823 21:45:29 ds4-server: chat ctx=500..550:50 gen=400 THINKING decoding chunk=17.53 t/s avg=17.87 t/s 22.385s
ds4: qwen35moe experts/token avg over 128 tokens: 0:15.1 1:15.7 2:15.6 3:16.7 4:16.0 5:16.0 6:15.8 7:16.3 8:17.1 9:17.2 10:15.7 11:15.3 12:16.6 13:16.4 14:16.0 15:16.3 16:16.0 17:16.1 18:15.4 19:15.5 20:17.2 21:16.3 22:15.6 23:15.2 24:16.5 25:15.5 26:15.9 27:16.1 28:15.9 29:16.9 30:16.0 31:16.7 32:15.9 33:16.1 34:15.9 35:16.7 36:17.4 37:18.3 38:19.3 39:18.2 | mean 16.3
0823 21:45:32 ds4-server: chat ctx=550..600:50 gen=450 THINKING decoding chunk=17.53 t/s avg=17.83 t/s 25.236s
0823 21:45:35 ds4-server: chat ctx=600..650:50 gen=500 THINKING decoding chunk=17.24 t/s avg=17.77 t/s 28.137s
0823 21:45:38 ds4-server: chat ctx=650..700:50 gen=550 THINKING decoding chunk=17.21 t/s avg=17.72 t/s 31.041s
ds4: qwen35moe experts/token avg over 128 tokens: 0:16.2 1:16.5 2:16.2 3:16.6 4:16.0 5:15.5 6:16.0 7:16.2 8:17.2 9:16.8 10:15.3 11:15.6 12:16.2 13:16.4 14:16.8 15:16.7 16:16.1 17:15.9 18:15.8 19:15.9 20:16.9 21:16.5 22:14.8 23:14.7 24:16.0 25:16.2 26:14.9 27:15.5 28:15.8 29:16.2 30:15.2 31:16.7 32:16.0 33:16.0 34:16.1 35:17.6 36:17.2 37:19.1 38:19.6 39:19.1 | mean 16.4
0823 21:45:41 ds4-server: chat ctx=700..750:50 gen=600 THINKING decoding chunk=17.01 t/s avg=17.66 t/s 33.981s
0823 21:45:44 ds4-server: chat ctx=750..800:50 gen=650 THINKING decoding chunk=17.01 t/s avg=17.60 t/s 36.922s
ds4: qwen35moe experts/token avg over 128 tokens: 0:15.0 1:15.2 2:15.1 3:15.7 4:16.0 5:15.9 6:16.2 7:16.9 8:17.4 9:17.3 10:15.8 11:15.3 12:16.9 13:16.7 14:16.6 15:16.7 16:15.9 17:16.0 18:15.8 19:16.4 20:17.0 21:17.2 22:15.7 23:15.0 24:16.6 25:16.4 26:15.2 27:15.5 28:15.8 29:15.9 30:15.4 31:16.7 32:15.0 33:14.8 34:14.9 35:16.4 36:16.3 37:18.1 38:19.2 39:17.4 | mean 16.2
0823 21:45:47 ds4-server: chat ctx=800..850:50 gen=700 THINKING decoding chunk=17.01 t/s avg=17.56 t/s 39.861s
0823 21:45:50 ds4-server: chat ctx=850..900:50 gen=750 THINKING decoding chunk=16.75 t/s avg=17.50 t/s 42.847s
0823 21:45:53 ds4-server: chat ctx=900..950:50 gen=800 THINKING decoding chunk=16.65 t/s avg=17.45 t/s 45.851s
ds4: qwen35moe experts/token avg over 128 tokens: 0:14.9 1:15.2 2:15.7 3:16.0 4:16.2 5:15.7 6:15.8 7:17.4 8:17.4 9:17.5 10:15.7 11:14.8 12:16.1 13:16.6 14:16.3 15:16.6 16:16.0 17:15.9 18:16.1 19:16.3 20:16.9 21:17.1 22:15.7 23:15.4 24:15.6 25:16.0 26:16.2 27:15.4 28:15.9 29:15.7 30:15.3 31:16.6 32:15.2 33:14.9 34:14.9 35:16.7 36:16.7 37:18.0 38:19.0 39:17.6 | mean 16.2
0823 21:45:56 ds4-server: chat ctx=950..1000:50 gen=850 THINKING decoding chunk=17.08 t/s avg=17.43 t/s 48.779s
0823 21:45:59 ds4-server: chat ctx=1000..1050:50 gen=900 THINKING decoding chunk=16.67 t/s avg=17.38 t/s 51.778s
0823 21:46:02 ds4-server: chat ctx=1050..1100:50 gen=950 THINKING decoding chunk=16.74 t/s avg=17.35 t/s 54.765s
ds4: qwen35moe experts/token avg over 128 tokens: 0:14.5 1:15.2 2:15.2 3:16.4 4:15.7 5:15.2 6:15.8 7:16.4 8:17.2 9:17.5 10:15.1 11:14.9 12:16.0 13:16.3 14:15.6 15:16.1 16:15.7 17:15.7 18:15.3 19:15.8 20:16.0 21:16.5 22:15.0 23:14.9 24:15.4 25:15.5 26:14.5 27:14.4 28:15.2 29:15.0 30:15.1 31:16.3 32:14.7 33:14.3 34:14.6 35:16.4 36:15.3 37:17.2 38:18.6 39:16.9 | mean 15.7
0823 21:46:05 ds4-server: chat ctx=1100..1150:50 gen=1000 THINKING decoding chunk=16.17 t/s avg=17.28 t/s 57.857s
0823 21:46:08 ds4-server: chat ctx=1150..1200:50 gen=1050 THINKING decoding chunk=16.51 t/s avg=17.25 t/s 60.885s
ds4: qwen35moe experts/token avg over 128 tokens: 0:15.1 1:15.4 2:15.2 3:16.7 4:17.0 5:16.0 6:16.6 7:17.2 8:17.8 9:17.3 10:16.1 11:15.8 12:16.8 13:16.9 14:17.1 15:17.5 16:17.0 17:16.9 18:16.6 19:16.1 20:17.4 21:17.4 22:16.0 23:16.1 24:16.2 25:16.3 26:16.0 27:16.6 28:15.8 29:16.2 30:16.2 31:16.9 32:16.1 33:16.0 34:16.1 35:18.0 36:17.3 37:18.3 38:19.1 39:17.9 | mean 16.7
0823 21:46:11 ds4-server: chat ctx=1200..1250:50 gen=1100 THINKING decoding chunk=16.26 t/s avg=17.20 t/s 63.960s
0823 21:46:14 ds4-server: chat ctx=1250..1300:50 gen=1150 THINKING decoding chunk=16.44 t/s avg=17.16 t/s 67.002s
0823 21:46:17 ds4-server: chat ctx=1300..1350:50 gen=1200 THINKING decoding chunk=16.14 t/s avg=17.12 t/s 70.100s
ds4: qwen35moe experts/token avg over 128 tokens: 0:15.1 1:15.5 2:15.2 3:16.8 4:16.1 5:15.3 6:15.9 7:16.5 8:17.4 9:16.9 10:16.1 11:14.9 12:16.5 13:16.0 14:16.1 15:15.7 16:15.6 17:15.9 18:15.4 19:15.6 20:16.0 21:15.6 22:15.3 23:14.6 24:15.8 25:16.0 26:15.2 27:15.3 28:14.8 29:15.3 30:14.8 31:16.0 32:14.2 33:14.1 34:13.6 35:15.6 36:16.1 37:17.1 38:18.9 39:17.4 | mean 15.7
0823 21:46:20 ds4-server: chat ctx=1350..1400:50 gen=1250 THINKING decoding chunk=15.98 t/s avg=17.07 t/s 73.228s
0823 21:46:23 ds4-server: chat ctx=1400..1450:50 gen=1300 THINKING decoding chunk=15.72 t/s avg=17.01 t/s 76.409s
ds4: qwen35moe experts/token avg over 128 tokens: 0:15.0 1:15.2 2:16.0 3:16.9 4:16.8 5:17.1 6:17.0 7:17.7 8:18.4 9:17.8 10:16.5 11:17.0 12:18.1 13:17.8 14:17.8 15:18.5 16:17.3 17:17.2 18:17.4 19:17.3 20:18.2 21:18.5 22:16.7 23:16.2 24:17.2 25:17.6 26:17.2 27:16.9 28:16.1 29:16.1 30:15.8 31:16.3 32:15.1 33:14.4 34:15.1 35:16.8 36:16.9 37:18.6 38:19.5 39:18.1 | mean 17.0
0823 21:46:27 ds4-server: chat ctx=1450..1500:50 gen=1350 THINKING decoding chunk=15.65 t/s avg=16.96 t/s 79.604s
0823 21:46:30 ds4-server: chat ctx=1500..1550:50 gen=1400 THINKING decoding chunk=15.63 t/s avg=16.91 t/s 82.803s
0823 21:46:33 ds4-server: chat ctx=1550..1600:50 gen=1450 THINKING decoding chunk=15.83 t/s avg=16.87 t/s 85.961s
ds4: qwen35moe experts/token avg over 128 tokens: 0:15.6 1:15.6 2:15.6 3:17.1 4:17.1 5:16.9 6:17.2 7:18.0 8:18.4 9:17.9 10:16.5 11:15.8 12:17.5 13:16.7 14:16.9 15:17.0 16:16.2 17:17.4 18:16.6 19:16.8 20:17.0 21:17.3 22:16.1 23:15.5 24:16.5 25:15.8 26:16.5 27:16.2 28:15.6 29:16.5 30:15.1 31:16.1 32:15.5 33:14.7 34:15.0 35:16.6 36:17.4 37:17.8 38:19.2 39:17.6 | mean 16.6
0823 21:46:36 ds4-server: chat ctx=1600..1650:50 gen=1500 THINKING decoding chunk=15.48 t/s avg=16.82 t/s 89.191s
0823 21:46:39 ds4-server: chat ctx=1650..1700:50 gen=1550 THINKING decoding chunk=15.45 t/s avg=16.77 t/s 92.426s
ds4: qwen35moe experts/token avg over 128 tokens: 0:15.2 1:15.7 2:15.6 3:17.4 4:17.1 5:16.9 6:17.5 7:17.7 8:18.2 9:17.8 10:16.4 11:16.2 12:18.0 13:17.2 14:17.9 15:17.7 16:16.9 17:17.4 18:16.8 19:17.0 20:17.6 21:17.7 22:16.6 23:15.9 24:17.7 25:17.5 26:17.6 27:17.0 28:16.0 29:16.5 30:15.9 31:16.7 32:15.2 33:15.3 34:15.3 35:16.8 36:16.4 37:17.8 38:19.2 39:17.8 | mean 16.9
0823 21:46:43 ds4-server: chat ctx=1700..1750:50 gen=1600 THINKING decoding chunk=15.24 t/s avg=16.72 t/s 95.708s
0823 21:46:46 ds4-server: chat ctx=1750..1800:50 gen=1650 decoding chunk=15.19 t/s avg=16.67 t/s 99.000s
0823 21:46:49 ds4-server: chat ctx=1800..1850:50 gen=1700 decoding chunk=15.26 t/s avg=16.62 t/s 102.276s
ds4: qwen35moe experts/token avg over 128 tokens: 0:15.5 1:15.1 2:16.2 3:17.5 4:16.9 5:16.4 6:16.9 7:17.7 8:17.9 9:17.8 10:16.9 11:16.1 12:17.9 13:17.6 14:17.8 15:17.3 16:17.2 17:17.7 18:17.3 19:17.3 20:17.8 21:18.2 22:16.9 23:15.8 24:17.2 25:17.5 26:17.4 27:16.9 28:16.4 29:16.8 30:15.7 31:16.9 32:15.9 33:15.0 34:15.1 35:17.2 36:17.2 37:18.0 38:19.4 39:18.0 | mean 17.0
0823 21:46:52 ds4-server: chat ctx=1850..1900:50 gen=1750 decoding chunk=15.17 t/s avg=16.58 t/s 105.572s
0823 21:46:56 ds4-server: chat ctx=1900..1950:50 gen=1800 decoding chunk=15.12 t/s avg=16.53 t/s 108.879s
ds4: qwen35moe experts/token avg over 128 tokens: 0:15.6 1:15.8 2:16.1 3:16.9 4:17.1 5:17.1 6:16.9 7:17.9 8:18.3 9:18.1 10:16.9 11:15.9 12:17.6 13:17.7 14:18.2 15:17.7 16:17.2 17:17.3 18:16.5 19:17.4 20:17.5 21:17.9 22:16.9 23:16.5 24:17.4 25:17.5 26:17.7 27:16.8 28:17.1 29:16.6 30:16.2 31:17.0 32:15.7 33:15.9 34:15.5 35:16.7 36:16.7 37:18.0 38:19.2 39:17.8 | mean 17.1
0823 21:46:59 ds4-server: chat ctx=1950..2000:50 gen=1850 decoding chunk=14.92 t/s avg=16.48 t/s 112.231s
0823 21:47:03 ds4-server: chat ctx=2000..2050:50 gen=1900 decoding chunk=14.85 t/s avg=16.44 t/s 115.597s
0823 21:47:06 ds4-server: chat ctx=2050..2100:50 gen=1950 decoding chunk=14.84 t/s avg=16.39 t/s 118.965s
ds4: qwen35moe experts/token avg over 128 tokens: 0:15.5 1:15.9 2:16.0 3:17.4 4:17.0 5:17.5 6:17.4 7:18.4 8:18.5 9:18.8 10:16.9 11:16.3 12:18.1 13:18.1 14:18.0 15:18.5 16:18.1 17:18.0 18:17.7 19:17.6 20:18.5 21:18.7 22:17.2 23:16.2 24:17.3 25:17.7 26:17.7 27:16.8 28:16.6 29:16.9 30:16.2 31:17.6 32:15.4 33:14.9 34:15.6 35:16.6 36:16.8 37:17.9 38:19.2 39:17.4 | mean 17.3
0823 21:47:09 ds4-server: chat ctx=2100..2150:50 gen=2000 decoding chunk=14.72 t/s avg=16.34 t/s 122.362s
0823 21:47:11 ds4-server: chat ctx=2150..2173:23 gen=2023 decoding chunk=14.89 t/s avg=16.33 t/s 123.907s
0823 21:47:11 ds4-server: thinking live checkpoint remembered ctx=0..150:150 live=2173 visible=2530
0823 21:47:11 ds4-server: chat ctx=0..150:150 gen=2023 finish=stop 131.978s
0823 21:47:11 ds4-server: live kv cache miss live=2173 prompt=163 common=56 reason=token-mismatch
0823 21:47:11 ds4-server: chat ctx=0..163:163 prompt start
0823 21:47:11 ds4-server: chat ctx=0..163:163 prefill chunk 1/163 (0.6%) chunk=0.00 t/s avg=19.20 t/s 0.052s
0823 21:47:11 ds4-server: chat ctx=0..163:163 prefill chunk 2/163 (1.2%) chunk=19.68 t/s avg=19.44 t/s 0.103s
0823 21:47:11 ds4-server: chat ctx=0..163:163 prefill chunk 3/163 (1.8%) chunk=19.14 t/s avg=19.34 t/s 0.155s
0823 21:47:11 ds4-server: chat ctx=0..163:163 prefill chunk 4/163 (2.5%) chunk=20.21 t/s avg=19.55 t/s 0.205s
0823 21:47:11 ds4-server: chat ctx=0..163:163 prefill chunk 5/163 (3.1%) chunk=19.14 t/s avg=19.47 t/s 0.257s
0823 21:47:11 ds4-server: chat ctx=0..163:163 prefill chunk 6/163 (3.7%) chunk=19.51 t/s avg=19.47 t/s 0.308s
0823 21:47:11 ds4-server: chat ctx=0..163:163 prefill chunk 7/163 (4.3%) chunk=18.97 t/s avg=19.40 t/s 0.361s
0823 21:47:11 ds4-server: chat ctx=0..163:163 prefill chunk 8/163 (4.9%) chunk=19.09 t/s avg=19.36 t/s 0.413s
0823 21:47:11 ds4-server: chat ctx=0..163:163 prefill chunk 9/163 (5.5%) chunk=19.51 t/s avg=19.38 t/s 0.464s
0823 21:47:11 ds4-server: chat ctx=0..163:163 prefill chunk 10/163 (6.1%) chunk=19.70 t/s avg=19.41 t/s 0.515s
0823 21:47:11 ds4-server: chat ctx=0..163:163 prefill chunk 11/163 (6.7%) chunk=19.06 t/s avg=19.38 t/s 0.568s
0823 21:47:11 ds4-server: chat ctx=0..163:163 prefill chunk 12/163 (7.4%) chunk=18.55 t/s avg=19.30 t/s 0.622s
0823 21:47:11 ds4-server: chat ctx=0..163:163 prefill chunk 13/163 (8.0%) chunk=19.21 t/s avg=19.30 t/s 0.674s
0823 21:47:12 ds4-server: chat ctx=0..163:163 prefill chunk 14/163 (8.6%) chunk=18.23 t/s avg=19.22 t/s 0.729s
0823 21:47:12 ds4-server: chat ctx=0..163:163 prefill chunk 15/163 (9.2%) chunk=18.94 t/s avg=19.20 t/s 0.781s
0823 21:47:12 ds4-server: chat ctx=0..163:163 prefill chunk 16/163 (9.8%) chunk=18.57 t/s avg=19.16 t/s 0.835s
0823 21:47:12 ds4-server: chat ctx=0..163:163 prefill chunk 17/163 (10.4%) chunk=18.53 t/s avg=19.12 t/s 0.889s
0823 21:47:12 ds4-server: chat ctx=0..163:163 prefill chunk 18/163 (11.0%) chunk=19.42 t/s avg=19.14 t/s 0.941s
0823 21:47:12 ds4-server: chat ctx=0..163:163 prefill chunk 19/163 (11.7%) chunk=18.38 t/s avg=19.10 t/s 0.995s
0823 21:47:12 ds4-server: chat ctx=0..163:163 prefill chunk 20/163 (12.3%) chunk=18.50 t/s avg=19.06 t/s 1.049s
0823 21:47:12 ds4-server: chat ctx=0..163:163 prefill chunk 21/163 (12.9%) chunk=18.53 t/s avg=19.04 t/s 1.103s
0823 21:47:12 ds4-server: chat ctx=0..163:163 prefill chunk 22/163 (13.5%) chunk=18.80 t/s avg=19.03 t/s 1.156s
0823 21:47:12 ds4-server: chat ctx=0..163:163 prefill chunk 23/163 (14.1%) chunk=19.63 t/s avg=19.05 t/s 1.207s
0823 21:47:12 ds4-server: chat ctx=0..163:163 prefill chunk 24/163 (14.7%) chunk=18.55 t/s avg=19.03 t/s 1.261s
0823 21:47:12 ds4-server: chat ctx=0..163:163 prefill chunk 25/163 (15.3%) chunk=19.44 t/s avg=19.05 t/s 1.313s
0823 21:47:12 ds4-server: chat ctx=0..163:163 prefill chunk 26/163 (16.0%) chunk=19.09 t/s avg=19.05 t/s 1.365s
0823 21:47:12 ds4-server: chat ctx=0..163:163 prefill chunk 27/163 (16.6%) chunk=18.91 t/s avg=19.04 t/s 1.418s
0823 21:47:12 ds4-server: chat ctx=0..163:163 prefill chunk 28/163 (17.2%) chunk=19.23 t/s avg=19.05 t/s 1.470s
0823 21:47:12 ds4-server: chat ctx=0..163:163 prefill chunk 29/163 (17.8%) chunk=18.25 t/s avg=19.02 t/s 1.525s
0823 21:47:12 ds4-server: chat ctx=0..163:163 prefill chunk 30/163 (18.4%) chunk=19.25 t/s avg=19.03 t/s 1.577s
0823 21:47:12 ds4-server: chat ctx=0..163:163 prefill chunk 31/163 (19.0%) chunk=18.19 t/s avg=19.00 t/s 1.632s
0823 21:47:13 ds4-server: chat ctx=0..163:163 prefill chunk 32/163 (19.6%) chunk=18.79 t/s avg=18.99 t/s 1.685s
0823 21:47:13 ds4-server: chat ctx=0..163:163 prefill chunk 33/163 (20.2%) chunk=18.89 t/s avg=18.99 t/s 1.738s
0823 21:47:13 ds4-server: chat ctx=0..163:163 prefill chunk 34/163 (20.9%) chunk=18.24 t/s avg=18.97 t/s 1.793s
0823 21:47:13 ds4-server: chat ctx=0..163:163 prefill chunk 35/163 (21.5%) chunk=18.54 t/s avg=18.96 t/s 1.846s
0823 21:47:13 ds4-server: chat ctx=0..163:163 prefill chunk 36/163 (22.1%) chunk=18.45 t/s avg=18.94 t/s 1.901s
0823 21:47:13 ds4-server: chat ctx=0..163:163 prefill chunk 37/163 (22.7%) chunk=17.48 t/s avg=18.90 t/s 1.958s
0823 21:47:13 ds4-server: chat ctx=0..163:163 prefill chunk 38/163 (23.3%) chunk=18.03 t/s avg=18.87 t/s 2.013s
0823 21:47:13 ds4-server: chat ctx=0..163:163 prefill chunk 39/163 (23.9%) chunk=18.11 t/s avg=18.85 t/s 2.069s
0823 21:47:13 ds4-server: chat ctx=0..163:163 prefill chunk 40/163 (24.5%) chunk=18.35 t/s avg=18.84 t/s 2.123s
0823 21:47:13 ds4-server: chat ctx=0..163:163 prefill chunk 41/163 (25.2%) chunk=18.80 t/s avg=18.84 t/s 2.176s
0823 21:47:13 ds4-server: chat ctx=0..163:163 prefill chunk 42/163 (25.8%) chunk=18.11 t/s avg=18.82 t/s 2.231s
0823 21:47:13 ds4-server: chat ctx=0..163:163 prefill chunk 43/163 (26.4%) chunk=19.41 t/s avg=18.84 t/s 2.283s
0823 21:47:13 ds4-server: chat ctx=0..163:163 prefill chunk 44/163 (27.0%) chunk=18.97 t/s avg=18.84 t/s 2.336s
0823 21:47:13 ds4-server: chat ctx=0..163:163 prefill chunk 45/163 (27.6%) chunk=18.27 t/s avg=18.83 t/s 2.390s
0823 21:47:13 ds4-server: chat ctx=0..163:163 prefill chunk 46/163 (28.2%) chunk=18.77 t/s avg=18.82 t/s 2.444s
0823 21:47:13 ds4-server: chat ctx=0..163:163 prefill chunk 47/163 (28.8%) chunk=17.98 t/s avg=18.81 t/s 2.499s
0823 21:47:13 ds4-server: chat ctx=0..163:163 prefill chunk 48/163 (29.4%) chunk=18.94 t/s avg=18.81 t/s 2.552s
0823 21:47:13 ds4-server: chat ctx=0..163:163 prefill chunk 49/163 (30.1%) chunk=18.86 t/s avg=18.81 t/s 2.605s
0823 21:47:13 ds4-server: chat ctx=0..163:163 prefill chunk 50/163 (30.7%) chunk=18.44 t/s avg=18.80 t/s 2.659s
0823 21:47:14 ds4-server: chat ctx=0..163:163 prefill chunk 51/163 (31.3%) chunk=19.24 t/s avg=18.81 t/s 2.711s
0823 21:47:14 ds4-server: chat ctx=0..163:163 prefill chunk 52/163 (31.9%) chunk=18.18 t/s avg=18.80 t/s 2.766s
0823 21:47:14 ds4-server: chat ctx=0..163:163 prefill chunk 53/163 (32.5%) chunk=18.71 t/s avg=18.80 t/s 2.820s
0823 21:47:14 ds4-server: chat ctx=0..163:163 prefill chunk 54/163 (33.1%) chunk=19.58 t/s avg=18.81 t/s 2.871s
0823 21:47:14 ds4-server: chat ctx=0..163:163 prefill chunk 55/163 (33.7%) chunk=19.35 t/s avg=18.82 t/s 2.922s
0823 21:47:14 ds4-server: chat ctx=0..163:163 prefill chunk 56/163 (34.4%) chunk=20.53 t/s avg=18.85 t/s 2.971s
0823 21:47:14 ds4-server: chat ctx=0..163:163 prefill chunk 57/163 (35.0%) chunk=18.38 t/s avg=18.84 t/s 3.026s
0823 21:47:14 ds4-server: chat ctx=0..163:163 prefill chunk 58/163 (35.6%) chunk=18.94 t/s avg=18.84 t/s 3.078s
0823 21:47:14 ds4-server: chat ctx=0..163:163 prefill chunk 59/163 (36.2%) chunk=18.14 t/s avg=18.83 t/s 3.134s
0823 21:47:14 ds4-server: chat ctx=0..163:163 prefill chunk 60/163 (36.8%) chunk=18.08 t/s avg=18.82 t/s 3.189s
0823 21:47:14 ds4-server: chat ctx=0..163:163 prefill chunk 61/163 (37.4%) chunk=19.03 t/s avg=18.82 t/s 3.241s
0823 21:47:14 ds4-server: chat ctx=0..163:163 prefill chunk 62/163 (38.0%) chunk=17.97 t/s avg=18.80 t/s 3.297s
0823 21:47:14 ds4-server: chat ctx=0..163:163 prefill chunk 63/163 (38.7%) chunk=18.91 t/s avg=18.81 t/s 3.350s
0823 21:47:14 ds4-server: chat ctx=0..163:163 prefill chunk 64/163 (39.3%) chunk=18.55 t/s avg=18.80 t/s 3.404s
0823 21:47:14 ds4-server: chat ctx=0..163:163 prefill chunk 65/163 (39.9%) chunk=18.08 t/s avg=18.79 t/s 3.459s
0823 21:47:14 ds4-server: chat ctx=0..163:163 prefill chunk 66/163 (40.5%) chunk=18.57 t/s avg=18.79 t/s 3.513s
0823 21:47:14 ds4-server: chat ctx=0..163:163 prefill chunk 67/163 (41.1%) chunk=18.93 t/s avg=18.79 t/s 3.566s
0823 21:47:14 ds4-server: chat ctx=0..163:163 prefill chunk 68/163 (41.7%) chunk=19.03 t/s avg=18.79 t/s 3.618s
0823 21:47:14 ds4-server: chat ctx=0..163:163 prefill chunk 69/163 (42.3%) chunk=18.74 t/s avg=18.79 t/s 3.672s
0823 21:47:15 ds4-server: chat ctx=0..163:163 prefill chunk 70/163 (42.9%) chunk=19.13 t/s avg=18.80 t/s 3.724s
0823 21:47:15 ds4-server: chat ctx=0..163:163 prefill chunk 71/163 (43.6%) chunk=19.45 t/s avg=18.81 t/s 3.775s
0823 21:47:15 ds4-server: chat ctx=0..163:163 prefill chunk 72/163 (44.2%) chunk=18.90 t/s avg=18.81 t/s 3.828s
0823 21:47:15 ds4-server: chat ctx=0..163:163 prefill chunk 73/163 (44.8%) chunk=18.71 t/s avg=18.81 t/s 3.882s
0823 21:47:15 ds4-server: chat ctx=0..163:163 prefill chunk 74/163 (45.4%) chunk=18.70 t/s avg=18.80 t/s 3.935s
0823 21:47:15 ds4-server: chat ctx=0..163:163 prefill chunk 75/163 (46.0%) chunk=18.96 t/s avg=18.81 t/s 3.988s
0823 21:47:15 ds4-server: chat ctx=0..163:163 prefill chunk 76/163 (46.6%) chunk=19.32 t/s avg=18.81 t/s 4.040s
0823 21:47:15 ds4-server: chat ctx=0..163:163 prefill chunk 77/163 (47.2%) chunk=18.49 t/s avg=18.81 t/s 4.094s
0823 21:47:15 ds4-server: chat ctx=0..163:163 prefill chunk 78/163 (47.9%) chunk=18.95 t/s avg=18.81 t/s 4.147s
0823 21:47:15 ds4-server: chat ctx=0..163:163 prefill chunk 79/163 (48.5%) chunk=19.06 t/s avg=18.81 t/s 4.199s
0823 21:47:15 ds4-server: chat ctx=0..163:163 prefill chunk 80/163 (49.1%) chunk=19.15 t/s avg=18.82 t/s 4.251s
0823 21:47:15 ds4-server: chat ctx=0..163:163 prefill chunk 81/163 (49.7%) chunk=19.07 t/s avg=18.82 t/s 4.304s
0823 21:47:15 ds4-server: chat ctx=0..163:163 prefill chunk 82/163 (50.3%) chunk=18.79 t/s avg=18.82 t/s 4.357s
ds4: qwen35moe experts/token avg over 128 tokens: 0:14.2 1:14.9 2:14.9 3:15.5 4:16.1 5:15.3 6:15.1 7:16.3 8:16.6 9:16.1 10:14.9 11:14.8 12:15.9 13:15.6 14:15.8 15:15.9 16:14.9 17:15.2 18:15.2 19:15.2 20:16.2 21:15.9 22:15.4 23:14.7 24:15.2 25:15.4 26:15.2 27:15.4 28:15.1 29:15.7 30:14.6 31:16.2 32:15.3 33:16.0 34:15.9 35:17.7 36:17.3 37:18.2 38:19.0 39:17.9 | mean 15.8
0823 21:47:15 ds4-server: chat ctx=0..163:163 prefill chunk 83/163 (50.9%) chunk=19.09 t/s avg=18.82 t/s 4.409s
0823 21:47:15 ds4-server: chat ctx=0..163:163 prefill chunk 84/163 (51.5%) chunk=18.74 t/s avg=18.82 t/s 4.463s
0823 21:47:15 ds4-server: chat ctx=0..163:163 prefill chunk 85/163 (52.1%) chunk=19.29 t/s avg=18.83 t/s 4.514s
0823 21:47:15 ds4-server: chat ctx=0..163:163 prefill chunk 86/163 (52.8%) chunk=18.52 t/s avg=18.82 t/s 4.568s
0823 21:47:15 ds4-server: chat ctx=0..163:163 prefill chunk 87/163 (53.4%) chunk=18.12 t/s avg=18.82 t/s 4.624s
0823 21:47:16 ds4-server: chat ctx=0..163:163 prefill chunk 88/163 (54.0%) chunk=17.83 t/s avg=18.80 t/s 4.680s
0823 21:47:16 ds4-server: chat ctx=0..163:163 prefill chunk 89/163 (54.6%) chunk=18.30 t/s avg=18.80 t/s 4.734s
0823 21:47:16 ds4-server: chat ctx=0..163:163 prefill chunk 90/163 (55.2%) chunk=18.60 t/s avg=18.80 t/s 4.788s
0823 21:47:16 ds4-server: chat ctx=0..163:163 prefill chunk 91/163 (55.8%) chunk=18.91 t/s avg=18.80 t/s 4.841s
0823 21:47:16 ds4-server: chat ctx=0..163:163 prefill chunk 92/163 (56.4%) chunk=18.27 t/s avg=18.79 t/s 4.896s
0823 21:47:16 ds4-server: chat ctx=0..163:163 prefill chunk 93/163 (57.1%) chunk=18.74 t/s avg=18.79 t/s 4.949s
0823 21:47:16 ds4-server: chat ctx=0..163:163 prefill chunk 94/163 (57.7%) chunk=18.96 t/s avg=18.79 t/s 5.002s
0823 21:47:16 ds4-server: chat ctx=0..163:163 prefill chunk 95/163 (58.3%) chunk=18.59 t/s avg=18.79 t/s 5.056s
0823 21:47:16 ds4-server: chat ctx=0..163:163 prefill chunk 96/163 (58.9%) chunk=19.15 t/s avg=18.79 t/s 5.108s
0823 21:47:16 ds4-server: chat ctx=0..163:163 prefill chunk 97/163 (59.5%) chunk=18.45 t/s avg=18.79 t/s 5.162s
0823 21:47:16 ds4-server: chat ctx=0..163:163 prefill chunk 98/163 (60.1%) chunk=19.30 t/s avg=18.80 t/s 5.214s
0823 21:47:16 ds4-server: chat ctx=0..163:163 prefill chunk 99/163 (60.7%) chunk=17.93 t/s avg=18.79 t/s 5.270s
0823 21:47:16 ds4-server: chat ctx=0..163:163 prefill chunk 100/163 (61.3%) chunk=17.95 t/s avg=18.78 t/s 5.325s
0823 21:47:16 ds4-server: chat ctx=0..163:163 prefill chunk 101/163 (62.0%) chunk=19.28 t/s avg=18.78 t/s 5.377s
0823 21:47:16 ds4-server: chat ctx=0..163:163 prefill chunk 102/163 (62.6%) chunk=17.95 t/s avg=18.77 t/s 5.433s
0823 21:47:16 ds4-server: chat ctx=0..163:163 prefill chunk 103/163 (63.2%) chunk=18.49 t/s avg=18.77 t/s 5.487s
0823 21:47:16 ds4-server: chat ctx=0..163:163 prefill chunk 104/163 (63.8%) chunk=18.32 t/s avg=18.77 t/s 5.542s
0823 21:47:16 ds4-server: chat ctx=0..163:163 prefill chunk 105/163 (64.4%) chunk=18.36 t/s avg=18.76 t/s 5.596s
0823 21:47:16 ds4-server: chat ctx=0..163:163 prefill chunk 106/163 (65.0%) chunk=18.71 t/s avg=18.76 t/s 5.650s
0823 21:47:17 ds4-server: chat ctx=0..163:163 prefill chunk 107/163 (65.6%) chunk=18.85 t/s avg=18.76 t/s 5.703s
0823 21:47:17 ds4-server: chat ctx=0..163:163 prefill chunk 108/163 (66.3%) chunk=18.75 t/s avg=18.76 t/s 5.756s
0823 21:47:17 ds4-server: chat ctx=0..163:163 prefill chunk 109/163 (66.9%) chunk=19.18 t/s avg=18.77 t/s 5.808s
0823 21:47:17 ds4-server: chat ctx=0..163:163 prefill chunk 110/163 (67.5%) chunk=18.47 t/s avg=18.76 t/s 5.862s
0823 21:47:17 ds4-server: chat ctx=0..163:163 prefill chunk 111/163 (68.1%) chunk=19.07 t/s avg=18.77 t/s 5.915s
0823 21:47:17 ds4-server: chat ctx=0..163:163 prefill chunk 112/163 (68.7%) chunk=18.38 t/s avg=18.76 t/s 5.969s
0823 21:47:17 ds4-server: chat ctx=0..163:163 prefill chunk 113/163 (69.3%) chunk=18.47 t/s avg=18.76 t/s 6.023s
0823 21:47:17 ds4-server: chat ctx=0..163:163 prefill chunk 114/163 (69.9%) chunk=18.75 t/s avg=18.76 t/s 6.077s
0823 21:47:17 ds4-server: chat ctx=0..163:163 prefill chunk 115/163 (70.6%) chunk=17.72 t/s avg=18.75 t/s 6.133s
0823 21:47:17 ds4-server: chat ctx=0..163:163 prefill chunk 116/163 (71.2%) chunk=18.16 t/s avg=18.75 t/s 6.188s
0823 21:47:17 ds4-server: chat ctx=0..163:163 prefill chunk 117/163 (71.8%) chunk=18.60 t/s avg=18.74 t/s 6.242s
0823 21:47:17 ds4-server: chat ctx=0..163:163 prefill chunk 118/163 (72.4%) chunk=18.04 t/s avg=18.74 t/s 6.297s
0823 21:47:17 ds4-server: chat ctx=0..163:163 prefill chunk 119/163 (73.0%) chunk=18.01 t/s avg=18.73 t/s 6.353s
0823 21:47:17 ds4-server: chat ctx=0..163:163 prefill chunk 120/163 (73.6%) chunk=18.85 t/s avg=18.73 t/s 6.406s
0823 21:47:17 ds4-server: chat ctx=0..163:163 prefill chunk 121/163 (74.2%) chunk=18.63 t/s avg=18.73 t/s 6.459s
0823 21:47:17 ds4-server: chat ctx=0..163:163 prefill chunk 122/163 (74.8%) chunk=19.02 t/s avg=18.73 t/s 6.512s
0823 21:47:17 ds4-server: chat ctx=0..163:163 prefill chunk 123/163 (75.5%) chunk=18.13 t/s avg=18.73 t/s 6.567s
0823 21:47:17 ds4-server: chat ctx=0..163:163 prefill chunk 124/163 (76.1%) chunk=17.88 t/s avg=18.72 t/s 6.623s
0823 21:47:17 ds4-server: chat ctx=0..163:163 prefill chunk 125/163 (76.7%) chunk=19.34 t/s avg=18.73 t/s 6.675s
0823 21:47:18 ds4-server: chat ctx=0..163:163 prefill chunk 126/163 (77.3%) chunk=18.85 t/s avg=18.73 t/s 6.728s
0823 21:47:18 ds4-server: chat ctx=0..163:163 prefill chunk 127/163 (77.9%) chunk=18.85 t/s avg=18.73 t/s 6.781s
0823 21:47:18 ds4-server: chat ctx=0..163:163 prefill chunk 128/163 (78.5%) chunk=18.63 t/s avg=18.73 t/s 6.835s
0823 21:47:18 ds4-server: chat ctx=0..163:163 prefill chunk 129/163 (79.1%) chunk=18.49 t/s avg=18.73 t/s 6.889s
0823 21:47:18 ds4-server: chat ctx=0..163:163 prefill chunk 130/163 (79.8%) chunk=18.92 t/s avg=18.73 t/s 6.942s
0823 21:47:18 ds4-server: chat ctx=0..163:163 prefill chunk 131/163 (80.4%) chunk=18.53 t/s avg=18.73 t/s 6.995s
0823 21:47:18 ds4-server: chat ctx=0..163:163 prefill chunk 132/163 (81.0%) chunk=18.56 t/s avg=18.73 t/s 7.049s
0823 21:47:18 ds4-server: chat ctx=0..163:163 prefill chunk 133/163 (81.6%) chunk=18.36 t/s avg=18.72 t/s 7.104s
0823 21:47:18 ds4-server: chat ctx=0..163:163 prefill chunk 134/163 (82.2%) chunk=18.72 t/s avg=18.72 t/s 7.157s
0823 21:47:18 ds4-server: chat ctx=0..163:163 prefill chunk 135/163 (82.8%) chunk=19.25 t/s avg=18.73 t/s 7.209s
0823 21:47:18 ds4-server: chat ctx=0..163:163 prefill chunk 136/163 (83.4%) chunk=17.71 t/s avg=18.72 t/s 7.266s
0823 21:47:18 ds4-server: chat ctx=0..163:163 prefill chunk 137/163 (84.0%) chunk=18.76 t/s avg=18.72 t/s 7.319s
0823 21:47:18 ds4-server: chat ctx=0..163:163 prefill chunk 138/163 (84.7%) chunk=18.58 t/s avg=18.72 t/s 7.373s
0823 21:47:18 ds4-server: chat ctx=0..163:163 prefill chunk 139/163 (85.3%) chunk=17.81 t/s avg=18.71 t/s 7.429s
0823 21:47:18 ds4-server: chat ctx=0..163:163 prefill chunk 140/163 (85.9%) chunk=18.71 t/s avg=18.71 t/s 7.482s
0823 21:47:18 ds4-server: chat ctx=0..163:163 prefill chunk 141/163 (86.5%) chunk=18.41 t/s avg=18.71 t/s 7.537s
0823 21:47:18 ds4-server: chat ctx=0..163:163 prefill chunk 142/163 (87.1%) chunk=17.64 t/s avg=18.70 t/s 7.593s
0823 21:47:18 ds4-server: chat ctx=0..163:163 prefill chunk 143/163 (87.7%) chunk=18.49 t/s avg=18.70 t/s 7.648s
0823 21:47:19 ds4-server: chat ctx=0..163:163 prefill chunk 144/163 (88.3%) chunk=18.32 t/s avg=18.70 t/s 7.702s
0823 21:47:19 ds4-server: chat ctx=0..163:163 prefill chunk 145/163 (89.0%) chunk=18.67 t/s avg=18.70 t/s 7.756s
0823 21:47:19 ds4-server: chat ctx=0..163:163 prefill chunk 146/163 (89.6%) chunk=18.89 t/s avg=18.70 t/s 7.809s
0823 21:47:19 ds4-server: chat ctx=0..163:163 prefill chunk 147/163 (90.2%) chunk=17.87 t/s avg=18.69 t/s 7.865s
0823 21:47:19 ds4-server: chat ctx=0..163:163 prefill chunk 148/163 (90.8%) chunk=18.12 t/s avg=18.69 t/s 7.920s
0823 21:47:19 ds4-server: chat ctx=0..163:163 prefill chunk 149/163 (91.4%) chunk=19.05 t/s avg=18.69 t/s 7.972s
0823 21:47:19 ds4-server: chat ctx=0..163:163 prefill chunk 150/163 (92.0%) chunk=18.41 t/s avg=18.69 t/s 8.027s
0823 21:47:19 ds4-server: chat ctx=0..163:163 prefill chunk 151/163 (92.6%) chunk=18.62 t/s avg=18.69 t/s 8.080s
0823 21:47:19 ds4-server: chat ctx=0..163:163 prefill chunk 152/163 (93.3%) chunk=18.34 t/s avg=18.69 t/s 8.135s
0823 21:47:19 ds4-server: chat ctx=0..163:163 prefill chunk 153/163 (93.9%) chunk=18.38 t/s avg=18.68 t/s 8.189s
0823 21:47:19 ds4-server: chat ctx=0..163:163 prefill chunk 154/163 (94.5%) chunk=19.02 t/s avg=18.69 t/s 8.242s
0823 21:47:19 ds4-server: chat ctx=0..163:163 prefill chunk 155/163 (95.1%) chunk=18.07 t/s avg=18.68 t/s 8.297s
0823 21:47:19 ds4-server: chat ctx=0..163:163 prefill chunk 156/163 (95.7%) chunk=18.37 t/s avg=18.68 t/s 8.352s
0823 21:47:19 ds4-server: chat ctx=0..163:163 prefill chunk 157/163 (96.3%) chunk=19.13 t/s avg=18.68 t/s 8.404s
0823 21:47:19 ds4-server: chat ctx=0..163:163 prefill chunk 158/163 (96.9%) chunk=18.25 t/s avg=18.68 t/s 8.459s
0823 21:47:19 ds4-server: chat ctx=0..163:163 prefill chunk 159/163 (97.5%) chunk=18.76 t/s avg=18.68 t/s 8.512s
0823 21:47:19 ds4-server: chat ctx=0..163:163 prefill chunk 160/163 (98.2%) chunk=18.33 t/s avg=18.68 t/s 8.566s
0823 21:47:19 ds4-server: chat ctx=0..163:163 prefill chunk 161/163 (98.8%) chunk=18.02 t/s avg=18.67 t/s 8.622s
0823 21:47:19 ds4-server: chat ctx=0..163:163 prefill chunk 162/163 (99.4%) chunk=19.75 t/s avg=18.68 t/s 8.673s
0823 21:47:20 ds4-server: chat ctx=0..163:163 prefill chunk 163/163 (100.0%) chunk=18.93 t/s avg=18.68 t/s 8.725s
0823 21:47:20 ds4-server: chat ctx=0..163:163 prompt done 8.725s
ds4: qwen35moe experts/token avg over 128 tokens: 0:13.9 1:13.5 2:14.5 3:15.6 4:14.4 5:14.7 6:14.7 7:14.7 8:15.6 9:14.9 10:13.8 11:13.3 12:14.1 13:14.5 14:14.7 15:15.7 16:15.0 17:14.2 18:14.4 19:14.9 20:15.3 21:14.8 22:14.9 23:14.4 24:15.1 25:15.4 26:15.4 27:15.6 28:15.9 29:15.6 30:16.3 31:17.6 32:17.0 33:16.8 34:16.2 35:17.9 36:18.6 37:19.1 38:19.3 39:18.2 | mean 15.5
0823 21:47:22 ds4-server: chat ctx=163..213:50 gen=50 THINKING decoding chunk=18.41 t/s avg=18.41 t/s 2.717s
0823 21:47:25 ds4-server: chat ctx=213..263:50 gen=100 THINKING decoding chunk=18.22 t/s avg=18.31 t/s 5.460s
0823 21:47:28 ds4-server: chat ctx=263..313:50 gen=150 THINKING decoding chunk=17.80 t/s avg=18.14 t/s 8.269s
ds4: qwen35moe experts/token avg over 128 tokens: 0:14.5 1:15.1 2:15.3 3:16.2 4:15.1 5:15.4 6:15.8 7:16.4 8:16.6 9:15.8 10:14.3 11:14.2 12:14.5 13:15.9 14:15.0 15:15.8 16:16.2 17:14.7 18:15.0 19:15.6 20:15.9 21:14.8 22:15.0 23:14.8 24:14.9 25:17.0 26:15.6 27:15.5 28:15.9 29:15.6 30:15.8 31:17.5 32:16.6 33:16.2 34:15.6 35:17.5 36:18.0 37:18.5 38:19.3 39:18.4 | mean 15.9
0823 21:47:31 ds4-server: chat ctx=313..363:50 gen=200 THINKING decoding chunk=18.06 t/s avg=18.12 t/s 11.038s
0823 21:47:33 ds4-server: chat ctx=363..413:50 gen=250 THINKING decoding chunk=17.83 t/s avg=18.06 t/s 13.843s
0823 21:47:36 ds4-server: chat ctx=413..463:50 gen=300 THINKING decoding chunk=17.85 t/s avg=18.02 t/s 16.645s
ds4: qwen35moe experts/token avg over 128 tokens: 0:14.3 1:15.3 2:15.4 3:16.9 4:15.9 5:16.1 6:16.3 7:16.6 8:16.9 9:16.7 10:15.2 11:15.1 12:15.5 13:15.6 14:15.1 15:16.2 16:16.2 17:14.4 18:14.8 19:15.5 20:15.1 21:15.4 22:14.4 23:14.1 24:15.1 25:16.0 26:15.2 27:15.2 28:15.3 29:15.5 30:15.1 31:16.3 32:15.4 33:15.3 34:15.4 35:16.8 36:17.8 37:18.0 38:19.4 39:18.3 | mean 15.8
0823 21:47:39 ds4-server: chat ctx=463..513:50 gen=350 THINKING decoding chunk=17.47 t/s avg=17.94 t/s 19.508s
0823 21:47:42 ds4-server: chat ctx=513..563:50 gen=400 THINKING decoding chunk=17.56 t/s avg=17.89 t/s 22.355s
ds4: qwen35moe experts/token avg over 128 tokens: 0:14.3 1:14.5 2:15.0 3:16.4 4:15.3 5:16.0 6:15.8 7:16.0 8:17.5 9:17.0 10:14.7 11:14.5 12:15.7 13:15.9 14:15.3 15:15.8 16:15.8 17:15.9 18:15.2 19:14.9 20:16.6 21:16.3 22:14.5 23:15.0 24:15.0 25:16.1 26:16.0 27:15.8 28:16.2 29:15.8 30:16.0 31:16.4 32:15.2 33:15.3 34:15.8 35:17.2 36:17.8 37:17.8 38:19.1 39:18.5 | mean 16.0
0823 21:47:45 ds4-server: chat ctx=563..613:50 gen=450 THINKING decoding chunk=17.52 t/s avg=17.85 t/s 25.209s
0823 21:47:48 ds4-server: chat ctx=613..663:50 gen=500 THINKING decoding chunk=17.20 t/s avg=17.78 t/s 28.117s
0823 21:47:51 ds4-server: chat ctx=663..713:50 gen=550 decoding chunk=17.09 t/s avg=17.72 t/s 31.042s
ds4: qwen35moe experts/token avg over 128 tokens: 0:14.0 1:15.1 2:14.4 3:16.0 4:16.1 5:16.2 6:15.8 7:17.3 8:17.3 9:16.6 10:15.9 11:15.0 12:16.4 13:16.7 14:16.7 15:16.5 16:16.5 17:15.7 18:15.7 19:16.3 20:16.6 21:17.0 22:15.5 23:15.5 24:16.2 25:16.6 26:16.3 27:16.4 28:16.1 29:15.4 30:15.6 31:16.6 32:15.5 33:15.5 34:15.5 35:17.4 36:17.7 37:18.1 38:19.2 39:17.6 | mean 16.3
0823 21:47:53 ds4-server: chat ctx=713..763:50 gen=600 decoding chunk=17.22 t/s avg=17.67 t/s 33.947s
0823 21:47:56 ds4-server: chat ctx=763..813:50 gen=650 decoding chunk=16.95 t/s avg=17.62 t/s 36.896s
ds4: qwen35moe experts/token avg over 128 tokens: 0:15.0 1:15.4 2:15.9 3:16.5 4:15.9 5:16.5 6:16.5 7:17.2 8:17.9 9:17.2 10:15.8 11:15.1 12:15.8 13:17.3 14:16.9 15:17.2 16:16.7 17:16.9 18:15.8 19:17.1 20:17.2 21:16.0 22:15.6 23:15.2 24:15.6 25:16.4 26:16.2 27:15.8 28:15.8 29:15.5 30:15.1 31:16.8 32:15.1 33:14.7 34:15.0 35:16.4 36:16.4 37:17.6 38:18.5 39:17.7 | mean 16.3
0823 21:47:59 ds4-server: chat ctx=813..863:50 gen=700 decoding chunk=16.90 t/s avg=17.56 t/s 39.854s
0823 21:48:02 ds4-server: chat ctx=863..913:50 gen=750 decoding chunk=16.73 t/s avg=17.51 t/s 42.843s
0823 21:48:05 ds4-server: chat ctx=913..963:50 gen=800 decoding chunk=16.65 t/s avg=17.45 t/s 45.846s
ds4: qwen35moe experts/token avg over 128 tokens: 0:14.3 1:15.8 2:16.1 3:17.3 4:16.8 5:16.9 6:16.9 7:17.4 8:17.3 9:16.9 10:16.2 11:15.9 12:17.1 13:17.3 14:16.5 15:17.0 16:16.7 17:16.4 18:15.6 19:16.5 20:16.1 21:16.9 22:16.0 23:15.1 24:15.8 25:16.6 26:16.1 27:15.8 28:15.8 29:15.7 30:15.9 31:16.9 32:15.7 33:15.4 34:15.0 35:17.2 36:18.0 37:18.4 38:18.9 39:18.2 | mean 16.5
0823 21:48:08 ds4-server: chat ctx=963..1013:50 gen=850 decoding chunk=16.57 t/s avg=17.39 t/s 48.865s
0823 21:48:11 ds4-server: chat ctx=1013..1056:43 gen=893 decoding chunk=16.21 t/s avg=17.33 t/s 51.517s
0823 21:48:11 ds4-server: thinking live checkpoint remembered ctx=0..163:163 live=1056 visible=2536
0823 21:48:11 ds4-server: chat ctx=0..163:163 gen=893 finish=stop 60.243s
0823 21:48:11 ds4-server: live kv cache miss live=1056 prompt=115 common=56 reason=token-mismatch
0823 21:48:11 ds4-server: chat ctx=0..115:115 prompt start
0823 21:48:11 ds4-server: chat ctx=0..115:115 prefill chunk 1/115 (0.9%) chunk=0.00 t/s avg=19.30 t/s 0.052s
0823 21:48:11 ds4-server: chat ctx=0..115:115 prefill chunk 2/115 (1.7%) chunk=20.06 t/s avg=19.67 t/s 0.102s
0823 21:48:11 ds4-server: chat ctx=0..115:115 prefill chunk 3/115 (2.6%) chunk=19.27 t/s avg=19.53 t/s 0.154s
0823 21:48:11 ds4-server: chat ctx=0..115:115 prefill chunk 4/115 (3.5%) chunk=19.88 t/s avg=19.62 t/s 0.204s
0823 21:48:11 ds4-server: chat ctx=0..115:115 prefill chunk 5/115 (4.3%) chunk=19.19 t/s avg=19.53 t/s 0.256s
0823 21:48:11 ds4-server: chat ctx=0..115:115 prefill chunk 6/115 (5.2%) chunk=19.51 t/s avg=19.53 t/s 0.307s
0823 21:48:11 ds4-server: chat ctx=0..115:115 prefill chunk 7/115 (6.1%) chunk=19.58 t/s avg=19.54 t/s 0.358s
0823 21:48:11 ds4-server: chat ctx=0..115:115 prefill chunk 8/115 (7.0%) chunk=18.79 t/s avg=19.44 t/s 0.412s
0823 21:48:12 ds4-server: chat ctx=0..115:115 prefill chunk 9/115 (7.8%) chunk=20.09 t/s avg=19.51 t/s 0.461s
0823 21:48:12 ds4-server: chat ctx=0..115:115 prefill chunk 10/115 (8.7%) chunk=19.10 t/s avg=19.47 t/s 0.514s
0823 21:48:12 ds4-server: chat ctx=0..115:115 prefill chunk 11/115 (9.6%) chunk=19.89 t/s avg=19.50 t/s 0.564s
0823 21:48:12 ds4-server: chat ctx=0..115:115 prefill chunk 12/115 (10.4%) chunk=18.58 t/s avg=19.42 t/s 0.618s
0823 21:48:12 ds4-server: chat ctx=0..115:115 prefill chunk 13/115 (11.3%) chunk=19.29 t/s avg=19.41 t/s 0.670s
0823 21:48:12 ds4-server: chat ctx=0..115:115 prefill chunk 14/115 (12.2%) chunk=18.62 t/s avg=19.35 t/s 0.723s
0823 21:48:12 ds4-server: chat ctx=0..115:115 prefill chunk 15/115 (13.0%) chunk=18.70 t/s avg=19.31 t/s 0.777s
0823 21:48:12 ds4-server: chat ctx=0..115:115 prefill chunk 16/115 (13.9%) chunk=19.20 t/s avg=19.30 t/s 0.829s
0823 21:48:12 ds4-server: chat ctx=0..115:115 prefill chunk 17/115 (14.8%) chunk=18.56 t/s avg=19.26 t/s 0.883s
0823 21:48:12 ds4-server: chat ctx=0..115:115 prefill chunk 18/115 (15.7%) chunk=19.38 t/s avg=19.26 t/s 0.934s
0823 21:48:12 ds4-server: chat ctx=0..115:115 prefill chunk 19/115 (16.5%) chunk=18.48 t/s avg=19.22 t/s 0.989s
0823 21:48:12 ds4-server: chat ctx=0..115:115 prefill chunk 20/115 (17.4%) chunk=18.24 t/s avg=19.17 t/s 1.043s
0823 21:48:12 ds4-server: chat ctx=0..115:115 prefill chunk 21/115 (18.3%) chunk=19.31 t/s avg=19.18 t/s 1.095s
0823 21:48:12 ds4-server: chat ctx=0..115:115 prefill chunk 22/115 (19.1%) chunk=18.80 t/s avg=19.16 t/s 1.148s
0823 21:48:12 ds4-server: chat ctx=0..115:115 prefill chunk 23/115 (20.0%) chunk=19.93 t/s avg=19.19 t/s 1.198s
0823 21:48:12 ds4-server: chat ctx=0..115:115 prefill chunk 24/115 (20.9%) chunk=19.05 t/s avg=19.18 t/s 1.251s
0823 21:48:12 ds4-server: chat ctx=0..115:115 prefill chunk 25/115 (21.7%) chunk=19.58 t/s avg=19.20 t/s 1.302s
0823 21:48:12 ds4-server: chat ctx=0..115:115 prefill chunk 26/115 (22.6%) chunk=18.94 t/s avg=19.19 t/s 1.355s
0823 21:48:12 ds4-server: chat ctx=0..115:115 prefill chunk 27/115 (23.5%) chunk=19.07 t/s avg=19.19 t/s 1.407s
0823 21:48:13 ds4-server: chat ctx=0..115:115 prefill chunk 28/115 (24.3%) chunk=19.11 t/s avg=19.18 t/s 1.460s
0823 21:48:13 ds4-server: chat ctx=0..115:115 prefill chunk 29/115 (25.2%) chunk=18.29 t/s avg=19.15 t/s 1.514s
0823 21:48:13 ds4-server: chat ctx=0..115:115 prefill chunk 30/115 (26.1%) chunk=19.37 t/s avg=19.16 t/s 1.566s
0823 21:48:13 ds4-server: chat ctx=0..115:115 prefill chunk 31/115 (27.0%) chunk=18.36 t/s avg=19.13 t/s 1.620s
0823 21:48:13 ds4-server: chat ctx=0..115:115 prefill chunk 32/115 (27.8%) chunk=18.81 t/s avg=19.12 t/s 1.674s
0823 21:48:13 ds4-server: chat ctx=0..115:115 prefill chunk 33/115 (28.7%) chunk=19.11 t/s avg=19.12 t/s 1.726s
0823 21:48:13 ds4-server: chat ctx=0..115:115 prefill chunk 34/115 (29.6%) chunk=18.20 t/s avg=19.09 t/s 1.781s
0823 21:48:13 ds4-server: chat ctx=0..115:115 prefill chunk 35/115 (30.4%) chunk=18.54 t/s avg=19.08 t/s 1.835s
0823 21:48:13 ds4-server: chat ctx=0..115:115 prefill chunk 36/115 (31.3%) chunk=18.45 t/s avg=19.06 t/s 1.889s
0823 21:48:13 ds4-server: chat ctx=0..115:115 prefill chunk 37/115 (32.2%) chunk=17.71 t/s avg=19.02 t/s 1.945s
0823 21:48:13 ds4-server: chat ctx=0..115:115 prefill chunk 38/115 (33.0%) chunk=18.11 t/s avg=18.99 t/s 2.001s
0823 21:48:13 ds4-server: chat ctx=0..115:115 prefill chunk 39/115 (33.9%) chunk=18.19 t/s avg=18.97 t/s 2.056s
0823 21:48:13 ds4-server: chat ctx=0..115:115 prefill chunk 40/115 (34.8%) chunk=18.28 t/s avg=18.95 t/s 2.110s
0823 21:48:13 ds4-server: chat ctx=0..115:115 prefill chunk 41/115 (35.7%) chunk=18.83 t/s avg=18.95 t/s 2.163s
0823 21:48:13 ds4-server: chat ctx=0..115:115 prefill chunk 42/115 (36.5%) chunk=18.28 t/s avg=18.93 t/s 2.218s
0823 21:48:13 ds4-server: chat ctx=0..115:115 prefill chunk 43/115 (37.4%) chunk=19.61 t/s avg=18.95 t/s 2.269s
0823 21:48:13 ds4-server: chat ctx=0..115:115 prefill chunk 44/115 (38.3%) chunk=18.73 t/s avg=18.95 t/s 2.323s
0823 21:48:13 ds4-server: chat ctx=0..115:115 prefill chunk 45/115 (39.1%) chunk=18.34 t/s avg=18.93 t/s 2.377s
0823 21:48:13 ds4-server: chat ctx=0..115:115 prefill chunk 46/115 (40.0%) chunk=18.76 t/s avg=18.93 t/s 2.430s
0823 21:48:14 ds4-server: chat ctx=0..115:115 prefill chunk 47/115 (40.9%) chunk=18.13 t/s avg=18.91 t/s 2.485s
0823 21:48:14 ds4-server: chat ctx=0..115:115 prefill chunk 48/115 (41.7%) chunk=19.59 t/s avg=18.92 t/s 2.537s
0823 21:48:14 ds4-server: chat ctx=0..115:115 prefill chunk 49/115 (42.6%) chunk=18.73 t/s avg=18.92 t/s 2.590s
0823 21:48:14 ds4-server: chat ctx=0..115:115 prefill chunk 50/115 (43.5%) chunk=18.60 t/s avg=18.91 t/s 2.644s
ds4: qwen35moe experts/token avg over 128 tokens: 0:14.4 1:15.0 2:14.9 3:16.2 4:16.2 5:16.0 6:15.7 7:16.8 8:17.1 9:16.8 10:15.4 11:15.2 12:16.4 13:15.9 14:16.8 15:16.3 16:15.8 17:16.2 18:15.7 19:15.4 20:16.3 21:16.5 22:15.4 23:15.2 24:15.5 25:15.7 26:15.9 27:15.9 28:15.5 29:16.0 30:15.4 31:16.1 32:16.1 33:15.9 34:16.0 35:17.8 36:18.0 37:18.2 38:19.0 39:18.2 | mean 16.2
0823 21:48:14 ds4-server: chat ctx=0..115:115 prefill chunk 51/115 (44.3%) chunk=19.48 t/s avg=18.92 t/s 2.695s
0823 21:48:14 ds4-server: chat ctx=0..115:115 prefill chunk 52/115 (45.2%) chunk=18.36 t/s avg=18.91 t/s 2.749s
0823 21:48:14 ds4-server: chat ctx=0..115:115 prefill chunk 53/115 (46.1%) chunk=19.51 t/s avg=18.92 t/s 2.801s
0823 21:48:14 ds4-server: chat ctx=0..115:115 prefill chunk 54/115 (47.0%) chunk=19.14 t/s avg=18.93 t/s 2.853s
0823 21:48:14 ds4-server: chat ctx=0..115:115 prefill chunk 55/115 (47.8%) chunk=20.10 t/s avg=18.95 t/s 2.903s
0823 21:48:14 ds4-server: chat ctx=0..115:115 prefill chunk 56/115 (48.7%) chunk=20.07 t/s avg=18.97 t/s 2.953s
0823 21:48:14 ds4-server: chat ctx=0..115:115 prefill chunk 57/115 (49.6%) chunk=19.47 t/s avg=18.98 t/s 3.004s
0823 21:48:14 ds4-server: chat ctx=0..115:115 prefill chunk 58/115 (50.4%) chunk=18.23 t/s avg=18.96 t/s 3.059s
0823 21:48:14 ds4-server: chat ctx=0..115:115 prefill chunk 59/115 (51.3%) chunk=18.73 t/s avg=18.96 t/s 3.112s
0823 21:48:14 ds4-server: chat ctx=0..115:115 prefill chunk 60/115 (52.2%) chunk=18.68 t/s avg=18.95 t/s 3.166s
0823 21:48:14 ds4-server: chat ctx=0..115:115 prefill chunk 61/115 (53.0%) chunk=18.07 t/s avg=18.94 t/s 3.221s
0823 21:48:14 ds4-server: chat ctx=0..115:115 prefill chunk 62/115 (53.9%) chunk=19.01 t/s avg=18.94 t/s 3.274s
0823 21:48:14 ds4-server: chat ctx=0..115:115 prefill chunk 63/115 (54.8%) chunk=19.25 t/s avg=18.94 t/s 3.326s
0823 21:48:14 ds4-server: chat ctx=0..115:115 prefill chunk 64/115 (55.7%) chunk=19.21 t/s avg=18.95 t/s 3.378s
0823 21:48:14 ds4-server: chat ctx=0..115:115 prefill chunk 65/115 (56.5%) chunk=19.32 t/s avg=18.95 t/s 3.429s
0823 21:48:15 ds4-server: chat ctx=0..115:115 prefill chunk 66/115 (57.4%) chunk=18.10 t/s avg=18.94 t/s 3.485s
0823 21:48:15 ds4-server: chat ctx=0..115:115 prefill chunk 67/115 (58.3%) chunk=18.38 t/s avg=18.93 t/s 3.539s
0823 21:48:15 ds4-server: chat ctx=0..115:115 prefill chunk 68/115 (59.1%) chunk=18.47 t/s avg=18.92 t/s 3.593s
0823 21:48:15 ds4-server: chat ctx=0..115:115 prefill chunk 69/115 (60.0%) chunk=17.96 t/s avg=18.91 t/s 3.649s
0823 21:48:15 ds4-server: chat ctx=0..115:115 prefill chunk 70/115 (60.9%) chunk=18.73 t/s avg=18.91 t/s 3.702s
0823 21:48:15 ds4-server: chat ctx=0..115:115 prefill chunk 71/115 (61.7%) chunk=18.41 t/s avg=18.90 t/s 3.757s
0823 21:48:15 ds4-server: chat ctx=0..115:115 prefill chunk 72/115 (62.6%) chunk=18.49 t/s avg=18.89 t/s 3.811s
0823 21:48:15 ds4-server: chat ctx=0..115:115 prefill chunk 73/115 (63.5%) chunk=18.87 t/s avg=18.89 t/s 3.864s
0823 21:48:15 ds4-server: chat ctx=0..115:115 prefill chunk 74/115 (64.3%) chunk=18.15 t/s avg=18.88 t/s 3.919s
0823 21:48:15 ds4-server: chat ctx=0..115:115 prefill chunk 75/115 (65.2%) chunk=18.63 t/s avg=18.88 t/s 3.972s
0823 21:48:15 ds4-server: chat ctx=0..115:115 prefill chunk 76/115 (66.1%) chunk=18.22 t/s avg=18.87 t/s 4.027s
0823 21:48:15 ds4-server: chat ctx=0..115:115 prefill chunk 77/115 (67.0%) chunk=18.27 t/s avg=18.86 t/s 4.082s
0823 21:48:15 ds4-server: chat ctx=0..115:115 prefill chunk 78/115 (67.8%) chunk=18.11 t/s avg=18.85 t/s 4.137s
0823 21:48:15 ds4-server: chat ctx=0..115:115 prefill chunk 79/115 (68.7%) chunk=18.17 t/s avg=18.84 t/s 4.192s
0823 21:48:15 ds4-server: chat ctx=0..115:115 prefill chunk 80/115 (69.6%) chunk=18.06 t/s avg=18.83 t/s 4.248s
0823 21:48:15 ds4-server: chat ctx=0..115:115 prefill chunk 81/115 (70.4%) chunk=18.03 t/s avg=18.82 t/s 4.303s
0823 21:48:15 ds4-server: chat ctx=0..115:115 prefill chunk 82/115 (71.3%) chunk=18.04 t/s avg=18.81 t/s 4.359s
0823 21:48:15 ds4-server: chat ctx=0..115:115 prefill chunk 83/115 (72.2%) chunk=17.53 t/s avg=18.80 t/s 4.416s
0823 21:48:16 ds4-server: chat ctx=0..115:115 prefill chunk 84/115 (73.0%) chunk=18.79 t/s avg=18.80 t/s 4.469s
0823 21:48:16 ds4-server: chat ctx=0..115:115 prefill chunk 85/115 (73.9%) chunk=17.38 t/s avg=18.78 t/s 4.526s
0823 21:48:16 ds4-server: chat ctx=0..115:115 prefill chunk 86/115 (74.8%) chunk=17.58 t/s avg=18.76 t/s 4.583s
0823 21:48:16 ds4-server: chat ctx=0..115:115 prefill chunk 87/115 (75.7%) chunk=18.38 t/s avg=18.76 t/s 4.638s
0823 21:48:16 ds4-server: chat ctx=0..115:115 prefill chunk 88/115 (76.5%) chunk=17.94 t/s avg=18.75 t/s 4.693s
0823 21:48:16 ds4-server: chat ctx=0..115:115 prefill chunk 89/115 (77.4%) chunk=17.92 t/s avg=18.74 t/s 4.749s
0823 21:48:16 ds4-server: chat ctx=0..115:115 prefill chunk 90/115 (78.3%) chunk=17.67 t/s avg=18.73 t/s 4.806s
0823 21:48:16 ds4-server: chat ctx=0..115:115 prefill chunk 91/115 (79.1%) chunk=18.12 t/s avg=18.72 t/s 4.861s
0823 21:48:16 ds4-server: chat ctx=0..115:115 prefill chunk 92/115 (80.0%) chunk=17.89 t/s avg=18.71 t/s 4.917s
0823 21:48:16 ds4-server: chat ctx=0..115:115 prefill chunk 93/115 (80.9%) chunk=18.24 t/s avg=18.71 t/s 4.972s
0823 21:48:16 ds4-server: chat ctx=0..115:115 prefill chunk 94/115 (81.7%) chunk=18.50 t/s avg=18.70 t/s 5.026s
0823 21:48:16 ds4-server: chat ctx=0..115:115 prefill chunk 95/115 (82.6%) chunk=18.17 t/s avg=18.70 t/s 5.081s
0823 21:48:16 ds4-server: chat ctx=0..115:115 prefill chunk 96/115 (83.5%) chunk=18.12 t/s avg=18.69 t/s 5.136s
0823 21:48:16 ds4-server: chat ctx=0..115:115 prefill chunk 97/115 (84.3%) chunk=17.70 t/s avg=18.68 t/s 5.193s
0823 21:48:16 ds4-server: chat ctx=0..115:115 prefill chunk 98/115 (85.2%) chunk=17.25 t/s avg=18.66 t/s 5.251s
0823 21:48:16 ds4-server: chat ctx=0..115:115 prefill chunk 99/115 (86.1%) chunk=18.75 t/s avg=18.67 t/s 5.304s
0823 21:48:16 ds4-server: chat ctx=0..115:115 prefill chunk 100/115 (87.0%) chunk=17.66 t/s avg=18.66 t/s 5.360s
0823 21:48:16 ds4-server: chat ctx=0..115:115 prefill chunk 101/115 (87.8%) chunk=17.02 t/s avg=18.64 t/s 5.419s
0823 21:48:17 ds4-server: chat ctx=0..115:115 prefill chunk 102/115 (88.7%) chunk=17.71 t/s avg=18.63 t/s 5.476s
0823 21:48:17 ds4-server: chat ctx=0..115:115 prefill chunk 103/115 (89.6%) chunk=18.27 t/s avg=18.62 t/s 5.530s
0823 21:48:17 ds4-server: chat ctx=0..115:115 prefill chunk 104/115 (90.4%) chunk=18.03 t/s avg=18.62 t/s 5.586s
0823 21:48:17 ds4-server: chat ctx=0..115:115 prefill chunk 105/115 (91.3%) chunk=18.31 t/s avg=18.62 t/s 5.641s
0823 21:48:17 ds4-server: chat ctx=0..115:115 prefill chunk 106/115 (92.2%) chunk=17.90 t/s avg=18.61 t/s 5.696s
0823 21:48:17 ds4-server: chat ctx=0..115:115 prefill chunk 107/115 (93.0%) chunk=17.85 t/s avg=18.60 t/s 5.752s
0823 21:48:17 ds4-server: chat ctx=0..115:115 prefill chunk 108/115 (93.9%) chunk=17.41 t/s avg=18.59 t/s 5.810s
0823 21:48:17 ds4-server: chat ctx=0..115:115 prefill chunk 109/115 (94.8%) chunk=19.36 t/s avg=18.60 t/s 5.862s
0823 21:48:17 ds4-server: chat ctx=0..115:115 prefill chunk 110/115 (95.7%) chunk=17.71 t/s avg=18.59 t/s 5.918s
0823 21:48:17 ds4-server: chat ctx=0..115:115 prefill chunk 111/115 (96.5%) chunk=18.73 t/s avg=18.59 t/s 5.971s
0823 21:48:17 ds4-server: chat ctx=0..115:115 prefill chunk 112/115 (97.4%) chunk=18.77 t/s avg=18.59 t/s 6.025s
0823 21:48:17 ds4-server: chat ctx=0..115:115 prefill chunk 113/115 (98.3%) chunk=18.03 t/s avg=18.59 t/s 6.080s
0823 21:48:17 ds4-server: chat ctx=0..115:115 prefill chunk 114/115 (99.1%) chunk=20.01 t/s avg=18.60 t/s 6.130s
0823 21:48:17 ds4-server: chat ctx=0..115:115 prefill chunk 115/115 (100.0%) chunk=19.18 t/s avg=18.60 t/s 6.182s
0823 21:48:17 ds4-server: chat ctx=0..115:115 prompt done 6.182s
0823 21:48:20 ds4-server: chat ctx=115..165:50 gen=50 THINKING decoding chunk=18.38 t/s avg=18.38 t/s 2.720s
ds4: qwen35moe experts/token avg over 128 tokens: 0:13.7 1:14.3 2:15.2 3:15.4 4:15.0 5:15.3 6:15.3 7:16.2 8:16.8 9:16.0 10:14.7 11:14.5 12:14.9 13:15.1 14:14.8 15:15.5 16:15.4 17:15.0 18:15.4 19:14.9 20:16.3 21:16.5 22:16.0 23:15.0 24:16.2 25:15.8 26:15.6 27:16.5 28:16.1 29:15.8 30:16.9 31:16.6 32:16.2 33:16.5 34:16.6 35:17.8 36:18.7 37:18.5 38:19.2 39:18.4 | mean 16.0
0823 21:48:23 ds4-server: chat ctx=165..215:50 gen=100 THINKING decoding chunk=18.20 t/s avg=18.29 t/s 5.468s
0823 21:48:25 ds4-server: chat ctx=215..265:50 gen=150 THINKING decoding chunk=18.02 t/s avg=18.20 t/s 8.243s
ds4: qwen35moe experts/token avg over 128 tokens: 0:14.5 1:15.5 2:16.4 3:16.3 4:16.1 5:16.0 6:15.7 7:16.9 8:17.4 9:17.1 10:15.4 11:15.2 12:15.6 13:16.0 14:15.4 15:16.1 16:16.4 17:15.3 18:15.6 19:15.2 20:17.2 21:16.8 22:15.0 23:15.6 24:16.0 25:15.6 26:15.8 27:15.2 28:16.2 29:16.2 30:16.5 31:16.2 32:15.5 33:16.7 34:16.4 35:16.5 36:17.4 37:17.8 38:18.4 39:17.8 | mean 16.2
0823 21:48:28 ds4-server: chat ctx=265..315:50 gen=200 THINKING decoding chunk=17.84 t/s avg=18.11 t/s 11.045s
0823 21:48:31 ds4-server: chat ctx=315..365:50 gen=250 THINKING decoding chunk=17.49 t/s avg=17.98 t/s 13.904s
0823 21:48:34 ds4-server: chat ctx=365..415:50 gen=300 THINKING decoding chunk=17.50 t/s avg=17.90 t/s 16.761s
ds4: qwen35moe experts/token avg over 128 tokens: 0:15.2 1:16.0 2:16.7 3:17.7 4:16.7 5:16.8 6:16.1 7:17.6 8:18.1 9:17.8 10:16.4 11:15.8 12:16.3 13:16.5 14:16.1 15:16.6 16:15.7 17:16.3 18:16.2 19:15.8 20:17.4 21:16.9 22:15.8 23:15.7 24:15.7 25:15.7 26:16.1 27:16.8 28:15.8 29:16.6 30:17.0 31:17.0 32:16.6 33:17.2 34:16.7 35:17.1 36:18.1 37:18.0 38:18.1 39:18.4 | mean 16.7
0823 21:48:37 ds4-server: chat ctx=415..465:50 gen=350 THINKING decoding chunk=17.45 t/s avg=17.83 t/s 19.627s
0823 21:48:40 ds4-server: chat ctx=465..515:50 gen=400 THINKING decoding chunk=17.31 t/s avg=17.77 t/s 22.515s
ds4: qwen35moe experts/token avg over 128 tokens: 0:14.8 1:15.4 2:15.7 3:16.6 4:16.5 5:17.0 6:16.4 7:17.4 8:18.0 9:17.4 10:16.0 11:15.6 12:16.7 13:16.8 14:16.2 15:16.7 16:17.1 17:15.8 18:16.4 19:16.8 20:17.4 21:17.0 22:15.9 23:15.8 24:16.4 25:16.0 26:16.2 27:16.2 28:16.1 29:15.8 30:16.3 31:16.7 32:16.9 33:16.8 34:16.3 35:17.1 36:17.6 37:17.5 38:18.8 39:17.6 | mean 16.6
0823 21:48:43 ds4-server: chat ctx=515..565:50 gen=450 THINKING decoding chunk=17.42 t/s avg=17.73 t/s 25.386s
0823 21:48:46 ds4-server: chat ctx=565..615:50 gen=500 THINKING decoding chunk=16.78 t/s avg=17.63 t/s 28.366s
0823 21:48:49 ds4-server: chat ctx=615..665:50 gen=550 THINKING decoding chunk=17.15 t/s avg=17.58 t/s 31.282s
ds4: qwen35moe experts/token avg over 128 tokens: 0:14.6 1:15.8 2:15.9 3:17.4 4:16.8 5:18.1 6:17.4 7:18.2 8:18.5 9:18.0 10:16.6 11:16.5 12:17.2 13:17.5 14:17.3 15:17.4 16:16.8 17:16.9 18:17.0 19:17.1 20:18.4 21:17.9 22:16.4 23:16.5 24:16.9 25:16.9 26:16.9 27:17.0 28:16.9 29:16.9 30:17.2 31:17.7 32:17.0 33:17.1 34:17.1 35:17.8 36:18.3 37:18.0 38:19.0 39:18.4 | mean 17.2
0823 21:48:51 ds4-server: chat ctx=665..715:50 gen=600 THINKING decoding chunk=17.23 t/s avg=17.55 t/s 34.183s
0823 21:48:54 ds4-server: chat ctx=715..765:50 gen=650 THINKING decoding chunk=17.08 t/s avg=17.52 t/s 37.110s
0823 21:48:57 ds4-server: chat ctx=765..815:50 gen=700 THINKING decoding chunk=17.36 t/s avg=17.50 t/s 39.990s
ds4: qwen35moe experts/token avg over 128 tokens: 0:14.9 1:15.7 2:15.9 3:17.0 4:16.3 5:16.9 6:16.7 7:17.8 8:18.0 9:17.5 10:16.4 11:15.8 12:16.6 13:16.6 14:16.2 15:16.4 16:16.2 17:16.6 18:16.3 19:16.3 20:17.4 21:17.1 22:15.4 23:15.2 24:16.2 25:15.8 26:15.7 27:15.9 28:15.5 29:15.7 30:15.2 31:16.5 32:15.4 33:15.8 34:14.9 35:16.4 36:16.8 37:17.1 38:18.1 39:17.8 | mean 16.3
0823 21:49:00 ds4-server: chat ctx=815..865:50 gen=750 THINKING decoding chunk=16.86 t/s avg=17.46 t/s 42.955s
0823 21:49:03 ds4-server: chat ctx=865..915:50 gen=800 THINKING decoding chunk=17.02 t/s avg=17.43 t/s 45.893s
ds4: qwen35moe experts/token avg over 128 tokens: 0:14.7 1:15.6 2:15.2 3:16.8 4:16.5 5:16.5 6:15.9 7:17.2 8:18.2 9:17.0 10:15.5 11:14.7 12:16.1 13:15.9 14:15.4 15:15.7 16:15.9 17:15.3 18:15.1 19:15.7 20:17.1 21:16.4 22:14.7 23:15.1 24:15.4 25:15.4 26:15.6 27:15.6 28:15.2 29:15.1 30:15.4 31:16.8 32:15.3 33:14.8 34:14.9 35:16.5 36:16.8 37:17.2 38:18.2 39:16.9 | mean 15.9
0823 21:49:06 ds4-server: chat ctx=915..965:50 gen=850 THINKING decoding chunk=16.77 t/s avg=17.39 t/s 48.874s
0823 21:49:09 ds4-server: chat ctx=965..1015:50 gen=900 THINKING decoding chunk=16.65 t/s avg=17.35 t/s 51.877s
0823 21:49:12 ds4-server: chat ctx=1015..1065:50 gen=950 THINKING decoding chunk=16.12 t/s avg=17.28 t/s 54.979s
ds4: qwen35moe experts/token avg over 128 tokens: 0:15.4 1:15.8 2:16.0 3:17.3 4:16.7 5:17.4 6:17.0 7:18.6 8:18.7 9:18.2 10:16.7 11:16.5 12:17.5 13:17.1 14:16.8 15:17.3 16:17.0 17:16.6 18:16.4 19:16.5 20:18.6 21:17.5 22:16.1 23:16.0 24:16.8 25:17.4 26:16.9 27:16.6 28:16.1 29:16.8 30:16.5 31:17.0 32:16.6 33:16.8 34:16.5 35:17.3 36:17.9 37:18.3 38:19.0 39:18.2 | mean 17.1
0823 21:49:15 ds4-server: chat ctx=1065..1115:50 gen=1000 THINKING decoding chunk=16.15 t/s avg=17.22 t/s 58.076s
0823 21:49:18 ds4-server: chat ctx=1115..1165:50 gen=1050 THINKING decoding chunk=16.67 t/s avg=17.19 t/s 61.075s
ds4: qwen35moe experts/token avg over 128 tokens: 0:14.4 1:15.6 2:14.8 3:16.8 4:16.3 5:16.1 6:16.1 7:17.0 8:17.7 9:16.9 10:15.4 11:15.1 12:16.9 13:15.5 14:16.0 15:16.3 16:15.8 17:16.4 18:16.1 19:15.7 20:17.1 21:16.7 22:15.9 23:15.0 24:15.5 25:15.7 26:16.1 27:15.5 28:15.7 29:16.4 30:14.8 31:16.1 32:15.2 33:15.3 34:14.6 35:16.9 36:16.7 37:17.1 38:18.6 39:16.9 | mean 16.1
0823 21:49:21 ds4-server: chat ctx=1165..1215:50 gen=1100 THINKING decoding chunk=16.45 t/s avg=17.16 t/s 64.115s
0823 21:49:24 ds4-server: chat ctx=1215..1265:50 gen=1150 THINKING decoding chunk=16.16 t/s avg=17.11 t/s 67.208s
0823 21:49:28 ds4-server: chat ctx=1265..1315:50 gen=1200 THINKING decoding chunk=15.94 t/s avg=17.06 t/s 70.345s
ds4: qwen35moe experts/token avg over 128 tokens: 0:15.4 1:16.7 2:16.6 3:18.1 4:17.5 5:17.2 6:16.8 7:18.0 8:18.4 9:18.3 10:16.6 11:16.3 12:17.4 13:16.7 14:16.4 15:17.0 16:16.4 17:16.2 18:15.7 19:15.9 20:17.6 21:16.6 22:15.5 23:15.6 24:16.7 25:15.8 26:16.2 27:16.3 28:15.5 29:15.9 30:15.8 31:16.5 32:16.4 33:16.7 34:15.5 35:16.6 36:17.6 37:17.5 38:18.4 39:18.2 | mean 16.7
0823 21:49:31 ds4-server: chat ctx=1315..1365:50 gen=1250 THINKING decoding chunk=15.91 t/s avg=17.01 t/s 73.488s
0823 21:49:34 ds4-server: chat ctx=1365..1415:50 gen=1300 THINKING decoding chunk=15.42 t/s avg=16.94 t/s 76.730s
ds4: qwen35moe experts/token avg over 128 tokens: 0:14.8 1:15.6 2:15.7 3:17.9 4:17.2 5:17.1 6:16.6 7:17.4 8:17.9 9:17.3 10:16.6 11:16.2 12:17.4 13:17.3 14:17.4 15:17.7 16:17.4 17:17.4 18:17.0 19:17.1 20:17.9 21:17.7 22:17.0 23:17.1 24:17.1 25:16.7 26:16.8 27:16.8 28:16.9 29:17.2 30:17.1 31:17.8 32:17.1 33:17.2 34:17.4 35:18.7 36:18.7 37:19.0 38:19.4 39:18.5 | mean 17.3
0823 21:49:37 ds4-server: chat ctx=1415..1465:50 gen=1350 THINKING decoding chunk=15.89 t/s avg=16.90 t/s 79.877s
0823 21:49:40 ds4-server: chat ctx=1465..1515:50 gen=1400 THINKING decoding chunk=15.68 t/s avg=16.85 t/s 83.065s
0823 21:49:44 ds4-server: chat ctx=1515..1565:50 gen=1450 THINKING decoding chunk=15.60 t/s avg=16.81 t/s 86.270s
ds4: qwen35moe experts/token avg over 128 tokens: 0:14.9 1:16.3 2:16.7 3:18.1 4:17.3 5:17.9 6:17.0 7:18.5 8:18.6 9:18.6 10:17.0 11:16.2 12:17.7 13:17.3 14:16.5 15:17.4 16:17.0 17:16.7 18:16.5 19:15.8 20:18.2 21:17.3 22:16.3 23:16.2 24:16.9 25:16.5 26:16.6 27:16.5 28:16.1 29:15.9 30:15.6 31:16.7 32:16.2 33:16.6 34:16.0 35:16.6 36:18.1 37:18.2 38:18.9 39:18.1 | mean 17.0
0823 21:49:47 ds4-server: chat ctx=1565..1615:50 gen=1500 decoding chunk=15.56 t/s avg=16.76 t/s 89.483s
0823 21:49:50 ds4-server: chat ctx=1615..1665:50 gen=1550 decoding chunk=15.33 t/s avg=16.71 t/s 92.744s
ds4: qwen35moe experts/token avg over 128 tokens: 0:15.1 1:16.3 2:16.7 3:18.3 4:17.4 5:17.9 6:17.4 7:18.5 8:19.1 9:18.6 10:17.5 11:17.2 12:18.2 13:17.2 14:17.5 15:17.9 16:17.6 17:17.6 18:16.9 19:16.9 20:18.8 21:17.8 22:16.8 23:16.7 24:17.5 25:17.1 26:17.1 27:16.9 28:16.4 29:17.2 30:16.5 31:17.5 32:17.0 33:17.3 34:16.3 35:17.5 36:18.2 37:18.1 38:19.0 39:18.7 | mean 17.5
0823 21:49:53 ds4-server: chat ctx=1665..1715:50 gen=1600 decoding chunk=15.08 t/s avg=16.66 t/s 96.060s
0823 21:49:56 ds4-server: chat ctx=1715..1758:43 gen=1643 decoding chunk=15.09 t/s avg=16.61 t/s 98.909s
0823 21:49:56 ds4-server: thinking live checkpoint remembered ctx=0..115:115 live=1758 visible=1194
0823 21:49:56 ds4-server: chat ctx=0..115:115 gen=1643 finish=stop 105.091s
0823 21:49:56 ds4-server: live kv cache miss live=1758 prompt=96 common=56 reason=token-mismatch
0823 21:49:56 ds4-server: chat ctx=0..96:96 prompt start
0823 21:49:56 ds4-server: chat ctx=0..96:96 prefill chunk 1/96 (1.0%) chunk=0.00 t/s avg=18.63 t/s 0.054s
0823 21:49:56 ds4-server: chat ctx=0..96:96 prefill chunk 2/96 (2.1%) chunk=20.19 t/s avg=19.38 t/s 0.103s
0823 21:49:56 ds4-server: chat ctx=0..96:96 prefill chunk 3/96 (3.1%) chunk=19.05 t/s avg=19.27 t/s 0.156s
0823 21:49:56 ds4-server: chat ctx=0..96:96 prefill chunk 4/96 (4.2%) chunk=19.70 t/s avg=19.37 t/s 0.206s
0823 21:49:56 ds4-server: chat ctx=0..96:96 prefill chunk 5/96 (5.2%) chunk=18.88 t/s avg=19.27 t/s 0.259s
0823 21:49:56 ds4-server: chat ctx=0..96:96 prefill chunk 6/96 (6.2%) chunk=19.43 t/s avg=19.30 t/s 0.311s
0823 21:49:57 ds4-server: chat ctx=0..96:96 prefill chunk 7/96 (7.3%) chunk=19.56 t/s avg=19.33 t/s 0.362s
0823 21:49:57 ds4-server: chat ctx=0..96:96 prefill chunk 8/96 (8.3%) chunk=18.47 t/s avg=19.22 t/s 0.416s
0823 21:49:57 ds4-server: chat ctx=0..96:96 prefill chunk 9/96 (9.4%) chunk=19.74 t/s avg=19.28 t/s 0.467s
0823 21:49:57 ds4-server: chat ctx=0..96:96 prefill chunk 10/96 (10.4%) chunk=18.94 t/s avg=19.24 t/s 0.520s
0823 21:49:57 ds4-server: chat ctx=0..96:96 prefill chunk 11/96 (11.5%) chunk=19.62 t/s avg=19.28 t/s 0.571s
0823 21:49:57 ds4-server: chat ctx=0..96:96 prefill chunk 12/96 (12.5%) chunk=18.61 t/s avg=19.22 t/s 0.624s
0823 21:49:57 ds4-server: chat ctx=0..96:96 prefill chunk 13/96 (13.5%) chunk=18.85 t/s avg=19.19 t/s 0.677s
0823 21:49:57 ds4-server: chat ctx=0..96:96 prefill chunk 14/96 (14.6%) chunk=18.64 t/s avg=19.15 t/s 0.731s
0823 21:49:57 ds4-server: chat ctx=0..96:96 prefill chunk 15/96 (15.6%) chunk=18.23 t/s avg=19.09 t/s 0.786s
0823 21:49:57 ds4-server: chat ctx=0..96:96 prefill chunk 16/96 (16.7%) chunk=18.94 t/s avg=19.08 t/s 0.839s
0823 21:49:57 ds4-server: chat ctx=0..96:96 prefill chunk 17/96 (17.7%) chunk=18.49 t/s avg=19.04 t/s 0.893s
0823 21:49:57 ds4-server: chat ctx=0..96:96 prefill chunk 18/96 (18.8%) chunk=18.77 t/s avg=19.03 t/s 0.946s
0823 21:49:57 ds4-server: chat ctx=0..96:96 prefill chunk 19/96 (19.8%) chunk=18.87 t/s avg=19.02 t/s 0.999s
0823 21:49:57 ds4-server: chat ctx=0..96:96 prefill chunk 20/96 (20.8%) chunk=17.76 t/s avg=18.95 t/s 1.055s
0823 21:49:57 ds4-server: chat ctx=0..96:96 prefill chunk 21/96 (21.9%) chunk=19.22 t/s avg=18.96 t/s 1.107s
0823 21:49:57 ds4-server: chat ctx=0..96:96 prefill chunk 22/96 (22.9%) chunk=18.98 t/s avg=18.96 t/s 1.160s
0823 21:49:57 ds4-server: chat ctx=0..96:96 prefill chunk 23/96 (24.0%) chunk=18.94 t/s avg=18.96 t/s 1.213s
0823 21:49:57 ds4-server: chat ctx=0..96:96 prefill chunk 24/96 (25.0%) chunk=19.51 t/s avg=18.98 t/s 1.264s
0823 21:49:57 ds4-server: chat ctx=0..96:96 prefill chunk 25/96 (26.0%) chunk=18.62 t/s avg=18.97 t/s 1.318s
0823 21:49:58 ds4-server: chat ctx=0..96:96 prefill chunk 26/96 (27.1%) chunk=19.82 t/s avg=19.00 t/s 1.368s
0823 21:49:58 ds4-server: chat ctx=0..96:96 prefill chunk 27/96 (28.1%) chunk=18.81 t/s avg=18.99 t/s 1.422s
0823 21:49:58 ds4-server: chat ctx=0..96:96 prefill chunk 28/96 (29.2%) chunk=19.29 t/s avg=19.00 t/s 1.473s
0823 21:49:58 ds4-server: chat ctx=0..96:96 prefill chunk 29/96 (30.2%) chunk=18.56 t/s avg=18.99 t/s 1.527s
0823 21:49:58 ds4-server: chat ctx=0..96:96 prefill chunk 30/96 (31.2%) chunk=18.49 t/s avg=18.97 t/s 1.581s
0823 21:49:58 ds4-server: chat ctx=0..96:96 prefill chunk 31/96 (32.3%) chunk=18.88 t/s avg=18.97 t/s 1.634s
0823 21:49:58 ds4-server: chat ctx=0..96:96 prefill chunk 32/96 (33.3%) chunk=18.13 t/s avg=18.94 t/s 1.689s
0823 21:49:58 ds4-server: chat ctx=0..96:96 prefill chunk 33/96 (34.4%) chunk=19.18 t/s avg=18.95 t/s 1.742s
0823 21:49:58 ds4-server: chat ctx=0..96:96 prefill chunk 34/96 (35.4%) chunk=18.45 t/s avg=18.93 t/s 1.796s
0823 21:49:58 ds4-server: chat ctx=0..96:96 prefill chunk 35/96 (36.5%) chunk=17.74 t/s avg=18.90 t/s 1.852s
0823 21:49:58 ds4-server: chat ctx=0..96:96 prefill chunk 36/96 (37.5%) chunk=18.78 t/s avg=18.89 t/s 1.905s
0823 21:49:58 ds4-server: chat ctx=0..96:96 prefill chunk 37/96 (38.5%) chunk=17.57 t/s avg=18.86 t/s 1.962s
0823 21:49:58 ds4-server: chat ctx=0..96:96 prefill chunk 38/96 (39.6%) chunk=17.42 t/s avg=18.81 t/s 2.020s
0823 21:49:58 ds4-server: chat ctx=0..96:96 prefill chunk 39/96 (40.6%) chunk=18.38 t/s avg=18.80 t/s 2.074s
0823 21:49:58 ds4-server: chat ctx=0..96:96 prefill chunk 40/96 (41.7%) chunk=18.28 t/s avg=18.79 t/s 2.129s
0823 21:49:58 ds4-server: chat ctx=0..96:96 prefill chunk 41/96 (42.7%) chunk=18.35 t/s avg=18.78 t/s 2.183s
0823 21:49:58 ds4-server: chat ctx=0..96:96 prefill chunk 42/96 (43.8%) chunk=19.14 t/s avg=18.79 t/s 2.236s
0823 21:49:58 ds4-server: chat ctx=0..96:96 prefill chunk 43/96 (44.8%) chunk=18.47 t/s avg=18.78 t/s 2.290s
0823 21:49:59 ds4-server: chat ctx=0..96:96 prefill chunk 44/96 (45.8%) chunk=19.16 t/s avg=18.79 t/s 2.342s
0823 21:49:59 ds4-server: chat ctx=0..96:96 prefill chunk 45/96 (46.9%) chunk=18.60 t/s avg=18.78 t/s 2.396s
0823 21:49:59 ds4-server: chat ctx=0..96:96 prefill chunk 46/96 (47.9%) chunk=17.87 t/s avg=18.76 t/s 2.452s
0823 21:49:59 ds4-server: chat ctx=0..96:96 prefill chunk 47/96 (49.0%) chunk=18.53 t/s avg=18.76 t/s 2.506s
0823 21:49:59 ds4-server: chat ctx=0..96:96 prefill chunk 48/96 (50.0%) chunk=18.86 t/s avg=18.76 t/s 2.559s
0823 21:49:59 ds4-server: chat ctx=0..96:96 prefill chunk 49/96 (51.0%) chunk=18.94 t/s avg=18.76 t/s 2.611s
0823 21:49:59 ds4-server: chat ctx=0..96:96 prefill chunk 50/96 (52.1%) chunk=18.79 t/s avg=18.76 t/s 2.665s
0823 21:49:59 ds4-server: chat ctx=0..96:96 prefill chunk 51/96 (53.1%) chunk=18.50 t/s avg=18.76 t/s 2.719s
0823 21:49:59 ds4-server: chat ctx=0..96:96 prefill chunk 52/96 (54.2%) chunk=18.70 t/s avg=18.76 t/s 2.772s
0823 21:49:59 ds4-server: chat ctx=0..96:96 prefill chunk 53/96 (55.2%) chunk=18.87 t/s avg=18.76 t/s 2.825s
0823 21:49:59 ds4-server: chat ctx=0..96:96 prefill chunk 54/96 (56.2%) chunk=19.77 t/s avg=18.78 t/s 2.876s
0823 21:49:59 ds4-server: chat ctx=0..96:96 prefill chunk 55/96 (57.3%) chunk=19.69 t/s avg=18.79 t/s 2.927s
0823 21:49:59 ds4-server: chat ctx=0..96:96 prefill chunk 56/96 (58.3%) chunk=20.52 t/s avg=18.82 t/s 2.975s
0823 21:49:59 ds4-server: chat ctx=0..96:96 prefill chunk 57/96 (59.4%) chunk=18.97 t/s avg=18.82 t/s 3.028s
0823 21:49:59 ds4-server: chat ctx=0..96:96 prefill chunk 58/96 (60.4%) chunk=18.53 t/s avg=18.82 t/s 3.082s
0823 21:49:59 ds4-server: chat ctx=0..96:96 prefill chunk 59/96 (61.5%) chunk=19.47 t/s avg=18.83 t/s 3.133s
0823 21:49:59 ds4-server: chat ctx=0..96:96 prefill chunk 60/96 (62.5%) chunk=18.30 t/s avg=18.82 t/s 3.188s
0823 21:49:59 ds4-server: chat ctx=0..96:96 prefill chunk 61/96 (63.5%) chunk=19.00 t/s avg=18.82 t/s 3.241s
0823 21:49:59 ds4-server: chat ctx=0..96:96 prefill chunk 62/96 (64.6%) chunk=18.54 t/s avg=18.82 t/s 3.294s
0823 21:50:00 ds4-server: chat ctx=0..96:96 prefill chunk 63/96 (65.6%) chunk=18.32 t/s avg=18.81 t/s 3.349s
0823 21:50:00 ds4-server: chat ctx=0..96:96 prefill chunk 64/96 (66.7%) chunk=18.79 t/s avg=18.81 t/s 3.402s
0823 21:50:00 ds4-server: chat ctx=0..96:96 prefill chunk 65/96 (67.7%) chunk=18.57 t/s avg=18.81 t/s 3.456s
0823 21:50:00 ds4-server: chat ctx=0..96:96 prefill chunk 66/96 (68.8%) chunk=19.24 t/s avg=18.81 t/s 3.508s
0823 21:50:00 ds4-server: chat ctx=0..96:96 prefill chunk 67/96 (69.8%) chunk=18.76 t/s avg=18.81 t/s 3.561s
0823 21:50:00 ds4-server: chat ctx=0..96:96 prefill chunk 68/96 (70.8%) chunk=18.65 t/s avg=18.81 t/s 3.615s
0823 21:50:00 ds4-server: chat ctx=0..96:96 prefill chunk 69/96 (71.9%) chunk=18.72 t/s avg=18.81 t/s 3.668s
0823 21:50:00 ds4-server: chat ctx=0..96:96 prefill chunk 70/96 (72.9%) chunk=17.59 t/s avg=18.79 t/s 3.725s
0823 21:50:00 ds4-server: chat ctx=0..96:96 prefill chunk 71/96 (74.0%) chunk=18.33 t/s avg=18.78 t/s 3.780s
0823 21:50:00 ds4-server: chat ctx=0..96:96 prefill chunk 72/96 (75.0%) chunk=18.20 t/s avg=18.78 t/s 3.835s
0823 21:50:00 ds4-server: chat ctx=0..96:96 prefill chunk 73/96 (76.0%) chunk=18.21 t/s avg=18.77 t/s 3.890s
0823 21:50:00 ds4-server: chat ctx=0..96:96 prefill chunk 74/96 (77.1%) chunk=18.20 t/s avg=18.76 t/s 3.945s
0823 21:50:00 ds4-server: chat ctx=0..96:96 prefill chunk 75/96 (78.1%) chunk=18.07 t/s avg=18.75 t/s 4.000s
0823 21:50:00 ds4-server: chat ctx=0..96:96 prefill chunk 76/96 (79.2%) chunk=17.68 t/s avg=18.74 t/s 4.057s
0823 21:50:00 ds4-server: chat ctx=0..96:96 prefill chunk 77/96 (80.2%) chunk=18.17 t/s avg=18.73 t/s 4.112s
0823 21:50:00 ds4-server: chat ctx=0..96:96 prefill chunk 78/96 (81.2%) chunk=18.11 t/s avg=18.72 t/s 4.167s
0823 21:50:00 ds4-server: chat ctx=0..96:96 prefill chunk 79/96 (82.3%) chunk=18.69 t/s avg=18.72 t/s 4.220s
0823 21:50:00 ds4-server: chat ctx=0..96:96 prefill chunk 80/96 (83.3%) chunk=18.81 t/s avg=18.72 t/s 4.273s
0823 21:50:00 ds4-server: chat ctx=0..96:96 prefill chunk 81/96 (84.4%) chunk=17.96 t/s avg=18.71 t/s 4.329s
0823 21:50:01 ds4-server: chat ctx=0..96:96 prefill chunk 82/96 (85.4%) chunk=17.57 t/s avg=18.70 t/s 4.386s
0823 21:50:01 ds4-server: chat ctx=0..96:96 prefill chunk 83/96 (86.5%) chunk=18.56 t/s avg=18.69 t/s 4.440s
0823 21:50:01 ds4-server: chat ctx=0..96:96 prefill chunk 84/96 (87.5%) chunk=17.74 t/s avg=18.68 t/s 4.496s
ds4: qwen35moe experts/token avg over 128 tokens: 0:14.6 1:14.8 2:15.3 3:16.3 4:16.1 5:16.0 6:15.4 7:16.6 8:17.1 9:16.5 10:15.3 11:14.9 12:16.3 13:16.0 14:16.0 15:16.2 16:15.8 17:16.0 18:15.9 19:15.3 20:16.8 21:16.2 22:15.5 23:15.3 24:15.9 25:15.2 26:15.2 27:16.0 28:15.3 29:15.7 30:15.2 31:16.1 32:16.1 33:16.4 34:16.0 35:17.6 36:18.2 37:18.4 38:18.8 39:18.6 | mean 16.1
0823 21:50:01 ds4-server: chat ctx=0..96:96 prefill chunk 85/96 (88.5%) chunk=18.00 t/s avg=18.67 t/s 4.552s
0823 21:50:01 ds4-server: chat ctx=0..96:96 prefill chunk 86/96 (89.6%) chunk=19.06 t/s avg=18.68 t/s 4.604s
0823 21:50:01 ds4-server: chat ctx=0..96:96 prefill chunk 87/96 (90.6%) chunk=18.46 t/s avg=18.68 t/s 4.658s
0823 21:50:01 ds4-server: chat ctx=0..96:96 prefill chunk 88/96 (91.7%) chunk=17.91 t/s avg=18.67 t/s 4.714s
0823 21:50:01 ds4-server: chat ctx=0..96:96 prefill chunk 89/96 (92.7%) chunk=17.95 t/s avg=18.66 t/s 4.770s
0823 21:50:01 ds4-server: chat ctx=0..96:96 prefill chunk 90/96 (93.8%) chunk=18.47 t/s avg=18.66 t/s 4.824s
0823 21:50:01 ds4-server: chat ctx=0..96:96 prefill chunk 91/96 (94.8%) chunk=18.26 t/s avg=18.65 t/s 4.879s
0823 21:50:01 ds4-server: chat ctx=0..96:96 prefill chunk 92/96 (95.8%) chunk=18.26 t/s avg=18.65 t/s 4.934s
0823 21:50:01 ds4-server: chat ctx=0..96:96 prefill chunk 93/96 (96.9%) chunk=18.59 t/s avg=18.65 t/s 4.987s
0823 21:50:01 ds4-server: chat ctx=0..96:96 prefill chunk 94/96 (97.9%) chunk=18.42 t/s avg=18.64 t/s 5.042s
0823 21:50:01 ds4-server: chat ctx=0..96:96 prefill chunk 95/96 (99.0%) chunk=19.16 t/s avg=18.65 t/s 5.094s
0823 21:50:01 ds4-server: chat ctx=0..96:96 prefill chunk 96/96 (100.0%) chunk=19.72 t/s avg=18.66 t/s 5.145s
0823 21:50:01 ds4-server: chat ctx=0..96:96 prompt done 5.145s
0823 21:50:04 ds4-server: chat ctx=96..146:50 gen=50 THINKING decoding chunk=18.35 t/s avg=18.35 t/s 2.724s
0823 21:50:07 ds4-server: chat ctx=146..196:50 gen=100 THINKING decoding chunk=18.03 t/s avg=18.19 t/s 5.497s
ds4: qwen35moe experts/token avg over 128 tokens: 0:13.9 1:14.6 2:14.9 3:15.5 4:15.2 5:15.4 6:14.9 7:15.8 8:16.1 9:15.8 10:14.7 11:14.4 12:15.7 13:15.2 14:15.7 15:16.1 16:16.1 17:16.0 18:16.2 19:15.5 20:16.2 21:16.3 22:15.6 23:15.4 24:15.9 25:15.7 26:16.2 27:16.2 28:15.9 29:16.1 30:16.4 31:16.7 32:16.2 33:16.4 34:16.4 35:17.6 36:18.4 37:18.5 38:19.0 39:18.6 | mean 16.0
0823 21:50:10 ds4-server: chat ctx=196..246:50 gen=150 THINKING decoding chunk=18.01 t/s avg=18.13 t/s 8.273s
0823 21:50:12 ds4-server: chat ctx=246..296:50 gen=200 THINKING decoding chunk=17.84 t/s avg=18.06 t/s 11.076s
ds4: qwen35moe experts/token avg over 128 tokens: 0:15.1 1:15.1 2:15.8 3:16.6 4:15.9 5:16.5 6:15.9 7:17.0 8:16.7 9:17.5 10:15.7 11:15.8 12:16.2 13:15.6 14:16.0 15:16.2 16:15.5 17:15.7 18:16.3 19:15.4 20:15.9 21:16.7 22:15.6 23:16.3 24:15.8 25:15.3 26:16.6 27:16.2 28:15.8 29:16.0 30:16.2 31:16.9 32:15.9 33:15.6 34:16.0 35:17.7 36:18.3 37:17.1 38:18.8 39:17.9 | mean 16.3
0823 21:50:15 ds4-server: chat ctx=296..346:50 gen=250 THINKING decoding chunk=17.99 t/s avg=18.04 t/s 13.855s
0823 21:50:18 ds4-server: chat ctx=346..396:50 gen=300 THINKING decoding chunk=17.71 t/s avg=17.99 t/s 16.678s
0823 21:50:21 ds4-server: chat ctx=396..446:50 gen=350 THINKING decoding chunk=17.30 t/s avg=17.89 t/s 19.568s
ds4: qwen35moe experts/token avg over 128 tokens: 0:15.2 1:15.6 2:16.5 3:17.1 4:16.9 5:16.5 6:16.1 7:17.4 8:17.2 9:17.6 10:16.1 11:16.2 12:16.6 13:16.2 14:17.0 15:16.9 16:16.8 17:16.3 18:16.6 19:16.0 20:17.2 21:16.6 22:16.1 23:16.6 24:16.6 25:16.4 26:16.6 27:17.0 28:16.3 29:16.5 30:16.2 31:16.4 32:16.3 33:16.3 34:16.8 35:17.1 36:17.8 37:17.1 38:18.7 39:17.7 | mean 16.7
0823 21:50:24 ds4-server: chat ctx=446..496:50 gen=400 THINKING decoding chunk=17.31 t/s avg=17.81 t/s 22.457s
0823 21:50:27 ds4-server: chat ctx=496..546:50 gen=450 THINKING decoding chunk=17.35 t/s avg=17.76 t/s 25.338s
0823 21:50:30 ds4-server: chat ctx=546..596:50 gen=500 THINKING decoding chunk=17.00 t/s avg=17.68 t/s 28.280s
ds4: qwen35moe experts/token avg over 128 tokens: 0:14.8 1:15.8 2:15.6 3:17.1 4:16.9 5:16.9 6:16.2 7:17.7 8:17.8 9:17.4 10:15.9 11:15.4 12:16.7 13:16.2 14:16.9 15:17.0 16:16.8 17:17.2 18:16.9 19:16.3 20:17.3 21:17.0 22:16.2 23:16.4 24:17.3 25:16.1 26:16.6 27:16.9 28:16.7 29:16.7 30:16.6 31:17.4 32:16.5 33:16.8 34:16.2 35:17.6 36:17.4 37:18.1 38:18.8 39:18.1 | mean 16.8
0823 21:50:32 ds4-server: chat ctx=596..646:50 gen=550 THINKING decoding chunk=17.31 t/s avg=17.65 t/s 31.168s
0823 21:50:35 ds4-server: chat ctx=646..696:50 gen=600 THINKING decoding chunk=16.84 t/s avg=17.58 t/s 34.138s
ds4: qwen35moe experts/token avg over 128 tokens: 0:14.9 1:15.4 2:16.3 3:17.2 4:17.4 5:17.5 6:16.4 7:17.8 8:17.9 9:17.5 10:16.5 11:16.2 12:17.3 13:16.6 14:17.1 15:16.8 16:16.6 17:16.9 18:16.8 19:15.5 20:16.9 21:17.1 22:16.1 23:16.1 24:16.3 25:16.9 26:16.5 27:16.5 28:16.2 29:16.1 30:16.0 31:16.4 32:15.7 33:15.9 34:15.6 35:17.1 36:17.6 37:17.2 38:19.0 39:18.0 | mean 16.7
0823 21:50:38 ds4-server: chat ctx=696..746:50 gen=650 THINKING decoding chunk=16.81 t/s avg=17.51 t/s 37.112s
0823 21:50:41 ds4-server: chat ctx=746..796:50 gen=700 THINKING decoding chunk=16.69 t/s avg=17.45 t/s 40.108s
0823 21:50:44 ds4-server: chat ctx=796..846:50 gen=750 THINKING decoding chunk=17.00 t/s avg=17.42 t/s 43.048s
ds4: qwen35moe experts/token avg over 128 tokens: 0:15.2 1:15.6 2:16.1 3:16.6 4:16.9 5:16.5 6:16.3 7:17.5 8:17.8 9:17.4 10:16.5 11:15.9 12:17.1 13:16.5 14:17.1 15:16.9 16:16.5 17:16.3 18:16.7 19:16.0 20:17.6 21:17.3 22:16.0 23:16.4 24:16.6 25:16.0 26:17.1 27:16.4 28:16.2 29:16.7 30:16.5 31:16.7 32:15.9 33:15.8 34:15.2 35:17.7 36:17.6 37:17.7 38:18.6 39:18.1 | mean 16.7
0823 21:50:47 ds4-server: chat ctx=846..896:50 gen=800 THINKING decoding chunk=16.65 t/s avg=17.37 t/s 46.051s
0823 21:50:50 ds4-server: chat ctx=896..946:50 gen=850 THINKING decoding chunk=17.06 t/s avg=17.35 t/s 48.982s
ds4: qwen35moe experts/token avg over 128 tokens: 0:14.3 1:15.7 2:15.3 3:16.9 4:17.2 5:16.2 6:16.2 7:17.1 8:17.3 9:17.1 10:15.5 11:15.0 12:16.8 13:16.0 14:16.0 15:16.5 16:16.5 17:16.4 18:15.9 19:15.6 20:16.9 21:16.7 22:15.5 23:15.5 24:16.1 25:15.4 26:16.1 27:15.1 28:16.0 29:16.2 30:15.7 31:16.4 32:16.1 33:15.1 34:15.2 35:16.9 36:16.6 37:17.3 38:19.1 39:17.6 | mean 16.2
0823 21:50:53 ds4-server: chat ctx=946..996:50 gen=900 THINKING decoding chunk=16.34 t/s avg=17.29 t/s 52.043s
0823 21:50:56 ds4-server: chat ctx=996..1046:50 gen=950 THINKING decoding chunk=16.57 t/s avg=17.25 t/s 55.060s
0823 21:50:59 ds4-server: chat ctx=1046..1096:50 gen=1000 THINKING decoding chunk=16.48 t/s avg=17.21 t/s 58.094s
ds4: qwen35moe experts/token avg over 128 tokens: 0:15.3 1:16.0 2:15.4 3:16.7 4:17.0 5:17.0 6:16.9 7:17.2 8:17.8 9:17.4 10:15.8 11:15.6 12:16.9 13:16.4 14:16.6 15:16.6 16:16.9 17:17.1 18:16.8 19:16.0 20:17.5 21:16.9 22:16.5 23:15.6 24:16.5 25:16.7 26:16.3 27:16.0 28:16.9 29:16.5 30:16.2 31:16.7 32:16.0 33:15.6 34:16.1 35:17.2 36:17.3 37:17.4 38:18.9 39:17.6 | mean 16.6
0823 21:51:02 ds4-server: chat ctx=1096..1146:50 gen=1050 THINKING decoding chunk=16.20 t/s avg=17.16 t/s 61.180s
0823 21:51:06 ds4-server: chat ctx=1146..1196:50 gen=1100 THINKING decoding chunk=16.15 t/s avg=17.11 t/s 64.276s
ds4: qwen35moe experts/token avg over 128 tokens: 0:15.0 1:15.7 2:16.4 3:17.7 4:17.1 5:17.6 6:17.2 7:18.3 8:18.2 9:18.0 10:17.2 11:16.6 12:17.2 13:17.2 14:17.6 15:17.6 16:16.8 17:17.2 18:17.2 19:16.0 20:17.2 21:17.8 22:16.8 23:16.6 24:16.7 25:16.9 26:17.4 27:16.6 28:16.5 29:16.4 30:15.6 31:16.1 32:16.3 33:16.0 34:16.1 35:17.6 36:17.7 37:17.4 38:18.7 39:17.3 | mean 17.0
0823 21:51:09 ds4-server: chat ctx=1196..1246:50 gen=1150 decoding chunk=16.14 t/s avg=17.07 t/s 67.373s
0823 21:51:12 ds4-server: chat ctx=1246..1296:50 gen=1200 decoding chunk=16.05 t/s avg=17.02 t/s 70.489s
0823 21:51:15 ds4-server: chat ctx=1296..1346:50 gen=1250 decoding chunk=15.80 t/s avg=16.97 t/s 73.654s
ds4: qwen35moe experts/token avg over 128 tokens: 0:15.0 1:15.8 2:16.4 3:17.9 4:17.6 5:18.0 6:16.6 7:17.9 8:17.5 9:17.6 10:16.4 11:16.3 12:17.5 13:16.9 14:17.2 15:17.5 16:16.9 17:16.7 18:16.9 19:16.2 20:17.4 21:17.8 22:16.5 23:15.9 24:16.9 25:16.7 26:17.1 27:16.9 28:16.1 29:16.3 30:15.9 31:16.5 32:16.3 33:16.0 34:16.2 35:17.4 36:17.9 37:17.7 38:19.0 39:18.1 | mean 16.9
0823 21:51:18 ds4-server: chat ctx=1346..1396:50 gen=1300 decoding chunk=15.68 t/s avg=16.92 t/s 76.843s
0823 21:51:21 ds4-server: chat ctx=1396..1446:50 gen=1350 decoding chunk=15.70 t/s avg=16.87 t/s 80.028s
ds4: qwen35moe experts/token avg over 128 tokens: 0:15.5 1:16.4 2:17.0 3:17.6 4:17.8 5:18.1 6:17.6 7:18.1 8:18.4 9:18.2 10:17.4 11:16.4 12:18.0 13:17.1 14:18.0 15:17.9 16:17.7 17:17.0 18:17.0 19:16.1 20:17.7 21:17.5 22:17.0 23:16.8 24:17.4 25:16.5 26:17.3 27:17.4 28:16.7 29:15.9 30:16.2 31:16.8 32:16.7 33:16.0 34:15.9 35:17.7 36:18.2 37:17.8 38:19.2 39:18.4 | mean 17.3
0823 21:51:25 ds4-server: chat ctx=1446..1496:50 gen=1400 decoding chunk=15.57 t/s avg=16.82 t/s 83.240s
0823 21:51:25 ds4-server: chat ctx=1496..1505:9 gen=1409 decoding chunk=15.40 t/s avg=16.81 t/s 83.824s
0823 21:51:25 ds4-server: thinking live checkpoint remembered ctx=0..96:96 live=1505 visible=1660
0823 21:51:25 ds4-server: chat ctx=0..96:96 gen=1409 finish=stop 88.969s
0823 21:51:25 ds4-server: live kv cache miss live=1505 prompt=114 common=56 reason=token-mismatch
0823 21:51:25 ds4-server: chat ctx=0..114:114 prompt start
0823 21:51:25 ds4-server: chat ctx=0..114:114 prefill chunk 1/114 (0.9%) chunk=0.00 t/s avg=18.94 t/s 0.053s
0823 21:51:25 ds4-server: chat ctx=0..114:114 prefill chunk 2/114 (1.8%) chunk=19.80 t/s avg=19.36 t/s 0.103s
0823 21:51:25 ds4-server: chat ctx=0..114:114 prefill chunk 3/114 (2.6%) chunk=19.42 t/s avg=19.38 t/s 0.155s
0823 21:51:25 ds4-server: chat ctx=0..114:114 prefill chunk 4/114 (3.5%) chunk=19.10 t/s avg=19.31 t/s 0.207s
0823 21:51:25 ds4-server: chat ctx=0..114:114 prefill chunk 5/114 (4.4%) chunk=19.83 t/s avg=19.41 t/s 0.258s
0823 21:51:25 ds4-server: chat ctx=0..114:114 prefill chunk 6/114 (5.3%) chunk=19.17 t/s avg=19.37 t/s 0.310s
0823 21:51:25 ds4-server: chat ctx=0..114:114 prefill chunk 7/114 (6.1%) chunk=19.97 t/s avg=19.45 t/s 0.360s
0823 21:51:26 ds4-server: chat ctx=0..114:114 prefill chunk 8/114 (7.0%) chunk=18.45 t/s avg=19.32 t/s 0.414s
0823 21:51:26 ds4-server: chat ctx=0..114:114 prefill chunk 9/114 (7.9%) chunk=20.09 t/s avg=19.41 t/s 0.464s
0823 21:51:26 ds4-server: chat ctx=0..114:114 prefill chunk 10/114 (8.8%) chunk=18.85 t/s avg=19.35 t/s 0.517s
0823 21:51:26 ds4-server: chat ctx=0..114:114 prefill chunk 11/114 (9.6%) chunk=19.62 t/s avg=19.37 t/s 0.568s
0823 21:51:26 ds4-server: chat ctx=0..114:114 prefill chunk 12/114 (10.5%) chunk=18.99 t/s avg=19.34 t/s 0.620s
0823 21:51:26 ds4-server: chat ctx=0..114:114 prefill chunk 13/114 (11.4%) chunk=18.54 t/s avg=19.28 t/s 0.674s
0823 21:51:26 ds4-server: chat ctx=0..114:114 prefill chunk 14/114 (12.3%) chunk=19.03 t/s avg=19.26 t/s 0.727s
0823 21:51:26 ds4-server: chat ctx=0..114:114 prefill chunk 15/114 (13.2%) chunk=18.49 t/s avg=19.20 t/s 0.781s
0823 21:51:26 ds4-server: chat ctx=0..114:114 prefill chunk 16/114 (14.0%) chunk=19.03 t/s avg=19.19 t/s 0.834s
0823 21:51:26 ds4-server: chat ctx=0..114:114 prefill chunk 17/114 (14.9%) chunk=18.51 t/s avg=19.15 t/s 0.888s
0823 21:51:26 ds4-server: chat ctx=0..114:114 prefill chunk 18/114 (15.8%) chunk=18.62 t/s avg=19.12 t/s 0.941s
0823 21:51:26 ds4-server: chat ctx=0..114:114 prefill chunk 19/114 (16.7%) chunk=18.84 t/s avg=19.11 t/s 0.994s
0823 21:51:26 ds4-server: chat ctx=0..114:114 prefill chunk 20/114 (17.5%) chunk=17.88 t/s avg=19.04 t/s 1.050s
0823 21:51:26 ds4-server: chat ctx=0..114:114 prefill chunk 21/114 (18.4%) chunk=19.10 t/s avg=19.04 t/s 1.103s
0823 21:51:26 ds4-server: chat ctx=0..114:114 prefill chunk 22/114 (19.3%) chunk=18.95 t/s avg=19.04 t/s 1.155s
0823 21:51:26 ds4-server: chat ctx=0..114:114 prefill chunk 23/114 (20.2%) chunk=18.98 t/s avg=19.04 t/s 1.208s
0823 21:51:26 ds4-server: chat ctx=0..114:114 prefill chunk 24/114 (21.1%) chunk=19.63 t/s avg=19.06 t/s 1.259s
0823 21:51:26 ds4-server: chat ctx=0..114:114 prefill chunk 25/114 (21.9%) chunk=18.66 t/s avg=19.04 t/s 1.313s
0823 21:51:26 ds4-server: chat ctx=0..114:114 prefill chunk 26/114 (22.8%) chunk=19.59 t/s avg=19.06 t/s 1.364s
0823 21:51:27 ds4-server: chat ctx=0..114:114 prefill chunk 27/114 (23.7%) chunk=18.44 t/s avg=19.04 t/s 1.418s
0823 21:51:27 ds4-server: chat ctx=0..114:114 prefill chunk 28/114 (24.6%) chunk=19.52 t/s avg=19.06 t/s 1.469s
0823 21:51:27 ds4-server: chat ctx=0..114:114 prefill chunk 29/114 (25.4%) chunk=18.45 t/s avg=19.04 t/s 1.523s
0823 21:51:27 ds4-server: chat ctx=0..114:114 prefill chunk 30/114 (26.3%) chunk=18.56 t/s avg=19.02 t/s 1.577s
0823 21:51:27 ds4-server: chat ctx=0..114:114 prefill chunk 31/114 (27.2%) chunk=18.90 t/s avg=19.02 t/s 1.630s
0823 21:51:27 ds4-server: chat ctx=0..114:114 prefill chunk 32/114 (28.1%) chunk=18.26 t/s avg=18.99 t/s 1.685s
0823 21:51:27 ds4-server: chat ctx=0..114:114 prefill chunk 33/114 (28.9%) chunk=18.99 t/s avg=18.99 t/s 1.738s
0823 21:51:27 ds4-server: chat ctx=0..114:114 prefill chunk 34/114 (29.8%) chunk=18.67 t/s avg=18.98 t/s 1.791s
0823 21:51:27 ds4-server: chat ctx=0..114:114 prefill chunk 35/114 (30.7%) chunk=17.90 t/s avg=18.95 t/s 1.847s
0823 21:51:27 ds4-server: chat ctx=0..114:114 prefill chunk 36/114 (31.6%) chunk=19.08 t/s avg=18.95 t/s 1.899s
0823 21:51:27 ds4-server: chat ctx=0..114:114 prefill chunk 37/114 (32.5%) chunk=17.66 t/s avg=18.92 t/s 1.956s
0823 21:51:27 ds4-server: chat ctx=0..114:114 prefill chunk 38/114 (33.3%) chunk=17.66 t/s avg=18.88 t/s 2.013s
0823 21:51:27 ds4-server: chat ctx=0..114:114 prefill chunk 39/114 (34.2%) chunk=18.57 t/s avg=18.87 t/s 2.067s
0823 21:51:27 ds4-server: chat ctx=0..114:114 prefill chunk 40/114 (35.1%) chunk=18.17 t/s avg=18.85 t/s 2.122s
0823 21:51:27 ds4-server: chat ctx=0..114:114 prefill chunk 41/114 (36.0%) chunk=18.20 t/s avg=18.84 t/s 2.177s
0823 21:51:27 ds4-server: chat ctx=0..114:114 prefill chunk 42/114 (36.8%) chunk=18.99 t/s avg=18.84 t/s 2.229s
0823 21:51:27 ds4-server: chat ctx=0..114:114 prefill chunk 43/114 (37.7%) chunk=18.72 t/s avg=18.84 t/s 2.283s
0823 21:51:27 ds4-server: chat ctx=0..114:114 prefill chunk 44/114 (38.6%) chunk=19.21 t/s avg=18.85 t/s 2.335s
0823 21:51:28 ds4-server: chat ctx=0..114:114 prefill chunk 45/114 (39.5%) chunk=18.32 t/s avg=18.83 t/s 2.389s
0823 21:51:28 ds4-server: chat ctx=0..114:114 prefill chunk 46/114 (40.4%) chunk=18.22 t/s avg=18.82 t/s 2.444s
0823 21:51:28 ds4-server: chat ctx=0..114:114 prefill chunk 47/114 (41.2%) chunk=18.86 t/s avg=18.82 t/s 2.497s
0823 21:51:28 ds4-server: chat ctx=0..114:114 prefill chunk 48/114 (42.1%) chunk=18.54 t/s avg=18.82 t/s 2.551s
0823 21:51:28 ds4-server: chat ctx=0..114:114 prefill chunk 49/114 (43.0%) chunk=19.31 t/s avg=18.83 t/s 2.603s
0823 21:51:28 ds4-server: chat ctx=0..114:114 prefill chunk 50/114 (43.9%) chunk=18.47 t/s avg=18.82 t/s 2.657s
0823 21:51:28 ds4-server: chat ctx=0..114:114 prefill chunk 51/114 (44.7%) chunk=18.45 t/s avg=18.81 t/s 2.711s
0823 21:51:28 ds4-server: chat ctx=0..114:114 prefill chunk 52/114 (45.6%) chunk=18.50 t/s avg=18.80 t/s 2.765s
0823 21:51:28 ds4-server: chat ctx=0..114:114 prefill chunk 53/114 (46.5%) chunk=18.79 t/s avg=18.80 t/s 2.818s
0823 21:51:28 ds4-server: chat ctx=0..114:114 prefill chunk 54/114 (47.4%) chunk=19.60 t/s avg=18.82 t/s 2.869s
0823 21:51:28 ds4-server: chat ctx=0..114:114 prefill chunk 55/114 (48.2%) chunk=19.38 t/s avg=18.83 t/s 2.921s
0823 21:51:28 ds4-server: chat ctx=0..114:114 prefill chunk 56/114 (49.1%) chunk=20.67 t/s avg=18.86 t/s 2.969s
0823 21:51:28 ds4-server: chat ctx=0..114:114 prefill chunk 57/114 (50.0%) chunk=18.60 t/s avg=18.85 t/s 3.023s
0823 21:51:28 ds4-server: chat ctx=0..114:114 prefill chunk 58/114 (50.9%) chunk=18.68 t/s avg=18.85 t/s 3.077s
0823 21:51:28 ds4-server: chat ctx=0..114:114 prefill chunk 59/114 (51.8%) chunk=19.60 t/s avg=18.86 t/s 3.128s
0823 21:51:28 ds4-server: chat ctx=0..114:114 prefill chunk 60/114 (52.6%) chunk=18.79 t/s avg=18.86 t/s 3.181s
0823 21:51:28 ds4-server: chat ctx=0..114:114 prefill chunk 61/114 (53.5%) chunk=18.92 t/s avg=18.86 t/s 3.234s
0823 21:51:28 ds4-server: chat ctx=0..114:114 prefill chunk 62/114 (54.4%) chunk=18.42 t/s avg=18.86 t/s 3.288s
0823 21:51:28 ds4-server: chat ctx=0..114:114 prefill chunk 63/114 (55.3%) chunk=18.66 t/s avg=18.85 t/s 3.342s
0823 21:51:29 ds4-server: chat ctx=0..114:114 prefill chunk 64/114 (56.1%) chunk=19.35 t/s avg=18.86 t/s 3.393s
0823 21:51:29 ds4-server: chat ctx=0..114:114 prefill chunk 65/114 (57.0%) chunk=18.39 t/s avg=18.85 t/s 3.448s
0823 21:51:29 ds4-server: chat ctx=0..114:114 prefill chunk 66/114 (57.9%) chunk=18.91 t/s avg=18.85 t/s 3.501s
0823 21:51:29 ds4-server: chat ctx=0..114:114 prefill chunk 67/114 (58.8%) chunk=18.84 t/s avg=18.85 t/s 3.554s
0823 21:51:29 ds4-server: chat ctx=0..114:114 prefill chunk 68/114 (59.6%) chunk=18.84 t/s avg=18.85 t/s 3.607s
0823 21:51:29 ds4-server: chat ctx=0..114:114 prefill chunk 69/114 (60.5%) chunk=19.08 t/s avg=18.86 t/s 3.659s
0823 21:51:29 ds4-server: chat ctx=0..114:114 prefill chunk 70/114 (61.4%) chunk=18.65 t/s avg=18.85 t/s 3.713s
0823 21:51:29 ds4-server: chat ctx=0..114:114 prefill chunk 71/114 (62.3%) chunk=19.21 t/s avg=18.86 t/s 3.765s
0823 21:51:29 ds4-server: chat ctx=0..114:114 prefill chunk 72/114 (63.2%) chunk=18.29 t/s avg=18.85 t/s 3.820s
0823 21:51:29 ds4-server: chat ctx=0..114:114 prefill chunk 73/114 (64.0%) chunk=18.45 t/s avg=18.84 t/s 3.874s
0823 21:51:29 ds4-server: chat ctx=0..114:114 prefill chunk 74/114 (64.9%) chunk=19.42 t/s avg=18.85 t/s 3.925s
0823 21:51:29 ds4-server: chat ctx=0..114:114 prefill chunk 75/114 (65.8%) chunk=18.20 t/s avg=18.84 t/s 3.980s
0823 21:51:29 ds4-server: chat ctx=0..114:114 prefill chunk 76/114 (66.7%) chunk=18.77 t/s avg=18.84 t/s 4.034s
0823 21:51:29 ds4-server: chat ctx=0..114:114 prefill chunk 77/114 (67.5%) chunk=18.03 t/s avg=18.83 t/s 4.089s
0823 21:51:29 ds4-server: chat ctx=0..114:114 prefill chunk 78/114 (68.4%) chunk=17.72 t/s avg=18.82 t/s 4.145s
0823 21:51:29 ds4-server: chat ctx=0..114:114 prefill chunk 79/114 (69.3%) chunk=19.17 t/s avg=18.82 t/s 4.198s
0823 21:51:29 ds4-server: chat ctx=0..114:114 prefill chunk 80/114 (70.2%) chunk=18.34 t/s avg=18.81 t/s 4.252s
0823 21:51:29 ds4-server: chat ctx=0..114:114 prefill chunk 81/114 (71.1%) chunk=18.82 t/s avg=18.81 t/s 4.305s
0823 21:51:29 ds4-server: chat ctx=0..114:114 prefill chunk 82/114 (71.9%) chunk=18.27 t/s avg=18.81 t/s 4.360s
0823 21:51:30 ds4-server: chat ctx=0..114:114 prefill chunk 83/114 (72.8%) chunk=18.79 t/s avg=18.81 t/s 4.413s
0823 21:51:30 ds4-server: chat ctx=0..114:114 prefill chunk 84/114 (73.7%) chunk=19.01 t/s avg=18.81 t/s 4.466s
0823 21:51:30 ds4-server: chat ctx=0..114:114 prefill chunk 85/114 (74.6%) chunk=18.28 t/s avg=18.80 t/s 4.521s
0823 21:51:30 ds4-server: chat ctx=0..114:114 prefill chunk 86/114 (75.4%) chunk=18.63 t/s avg=18.80 t/s 4.574s
0823 21:51:30 ds4-server: chat ctx=0..114:114 prefill chunk 87/114 (76.3%) chunk=19.22 t/s avg=18.81 t/s 4.626s
0823 21:51:30 ds4-server: chat ctx=0..114:114 prefill chunk 88/114 (77.2%) chunk=18.52 t/s avg=18.80 t/s 4.680s
0823 21:51:30 ds4-server: chat ctx=0..114:114 prefill chunk 89/114 (78.1%) chunk=18.63 t/s avg=18.80 t/s 4.734s
0823 21:51:30 ds4-server: chat ctx=0..114:114 prefill chunk 90/114 (78.9%) chunk=17.97 t/s avg=18.79 t/s 4.790s
0823 21:51:30 ds4-server: chat ctx=0..114:114 prefill chunk 91/114 (79.8%) chunk=17.67 t/s avg=18.78 t/s 4.846s
0823 21:51:30 ds4-server: chat ctx=0..114:114 prefill chunk 92/114 (80.7%) chunk=18.99 t/s avg=18.78 t/s 4.899s
0823 21:51:30 ds4-server: chat ctx=0..114:114 prefill chunk 93/114 (81.6%) chunk=18.53 t/s avg=18.78 t/s 4.953s
0823 21:51:30 ds4-server: chat ctx=0..114:114 prefill chunk 94/114 (82.5%) chunk=18.42 t/s avg=18.77 t/s 5.007s
0823 21:51:30 ds4-server: chat ctx=0..114:114 prefill chunk 95/114 (83.3%) chunk=18.00 t/s avg=18.77 t/s 5.063s
0823 21:51:30 ds4-server: chat ctx=0..114:114 prefill chunk 96/114 (84.2%) chunk=17.80 t/s avg=18.75 t/s 5.119s
0823 21:51:30 ds4-server: chat ctx=0..114:114 prefill chunk 97/114 (85.1%) chunk=18.69 t/s avg=18.75 t/s 5.172s
0823 21:51:30 ds4-server: chat ctx=0..114:114 prefill chunk 98/114 (86.0%) chunk=18.88 t/s avg=18.76 t/s 5.225s
0823 21:51:30 ds4-server: chat ctx=0..114:114 prefill chunk 99/114 (86.8%) chunk=18.64 t/s avg=18.75 t/s 5.279s
0823 21:51:30 ds4-server: chat ctx=0..114:114 prefill chunk 100/114 (87.7%) chunk=19.32 t/s avg=18.76 t/s 5.331s
0823 21:51:31 ds4-server: chat ctx=0..114:114 prefill chunk 101/114 (88.6%) chunk=18.01 t/s avg=18.75 t/s 5.386s
0823 21:51:31 ds4-server: chat ctx=0..114:114 prefill chunk 102/114 (89.5%) chunk=18.03 t/s avg=18.74 t/s 5.442s
0823 21:51:31 ds4-server: chat ctx=0..114:114 prefill chunk 103/114 (90.4%) chunk=18.57 t/s avg=18.74 t/s 5.495s
0823 21:51:31 ds4-server: chat ctx=0..114:114 prefill chunk 104/114 (91.2%) chunk=17.95 t/s avg=18.73 t/s 5.551s
0823 21:51:31 ds4-server: chat ctx=0..114:114 prefill chunk 105/114 (92.1%) chunk=18.53 t/s avg=18.73 t/s 5.605s
0823 21:51:31 ds4-server: chat ctx=0..114:114 prefill chunk 106/114 (93.0%) chunk=18.60 t/s avg=18.73 t/s 5.659s
0823 21:51:31 ds4-server: chat ctx=0..114:114 prefill chunk 107/114 (93.9%) chunk=18.10 t/s avg=18.73 t/s 5.714s
0823 21:51:31 ds4-server: chat ctx=0..114:114 prefill chunk 108/114 (94.7%) chunk=18.79 t/s avg=18.73 t/s 5.767s
0823 21:51:31 ds4-server: chat ctx=0..114:114 prefill chunk 109/114 (95.6%) chunk=18.40 t/s avg=18.72 t/s 5.822s
0823 21:51:31 ds4-server: chat ctx=0..114:114 prefill chunk 110/114 (96.5%) chunk=18.48 t/s avg=18.72 t/s 5.876s
0823 21:51:31 ds4-server: chat ctx=0..114:114 prefill chunk 111/114 (97.4%) chunk=19.26 t/s avg=18.73 t/s 5.928s
0823 21:51:31 ds4-server: chat ctx=0..114:114 prefill chunk 112/114 (98.2%) chunk=17.87 t/s avg=18.72 t/s 5.984s
0823 21:51:31 ds4-server: chat ctx=0..114:114 prefill chunk 113/114 (99.1%) chunk=19.98 t/s avg=18.73 t/s 6.034s
0823 21:51:31 ds4-server: chat ctx=0..114:114 prefill chunk 114/114 (100.0%) chunk=19.35 t/s avg=18.73 t/s 6.085s
0823 21:51:31 ds4-server: chat ctx=0..114:114 prompt done 6.085s
ds4: qwen35moe experts/token avg over 128 tokens: 0:14.4 1:14.2 2:14.3 3:15.1 4:15.5 5:14.9 6:14.4 7:15.4 8:15.6 9:15.7 10:14.6 11:14.3 12:15.0 13:15.0 14:14.7 15:15.0 16:14.6 17:14.7 18:14.8 19:14.4 20:16.2 21:15.4 22:14.3 23:14.8 24:15.1 25:14.7 26:15.1 27:15.2 28:15.1 29:15.4 30:15.2 31:15.5 32:15.6 33:16.0 34:16.1 35:18.3 36:18.4 37:18.5 38:19.0 39:18.5 | mean 15.5
0823 21:51:34 ds4-server: chat ctx=114..164:50 gen=50 THINKING decoding chunk=18.42 t/s avg=18.42 t/s 2.714s
0823 21:51:37 ds4-server: chat ctx=164..214:50 gen=100 THINKING decoding chunk=18.11 t/s avg=18.27 t/s 5.475s
ds4: qwen35moe experts/token avg over 128 tokens: 0:13.9 1:14.1 2:14.5 3:16.5 4:16.2 5:16.0 6:15.3 7:15.7 8:16.5 9:15.9 10:15.7 11:14.4 12:15.6 13:15.2 14:15.6 15:15.2 16:15.5 17:15.5 18:15.7 19:15.1 20:17.1 21:16.9 22:15.9 23:15.2 24:16.4 25:16.5 26:16.8 27:15.9 28:16.2 29:16.4 30:16.7 31:17.1 32:16.2 33:16.2 34:16.5 35:18.4 36:18.9 37:18.7 38:19.2 39:18.7 | mean 16.2
0823 21:51:39 ds4-server: chat ctx=214..264:50 gen=150 THINKING decoding chunk=17.96 t/s avg=18.16 t/s 8.259s
0823 21:51:42 ds4-server: chat ctx=264..314:50 gen=200 THINKING decoding chunk=17.88 t/s avg=18.09 t/s 11.056s
0823 21:51:45 ds4-server: chat ctx=314..364:50 gen=250 THINKING decoding chunk=17.90 t/s avg=18.05 t/s 13.849s
ds4: qwen35moe experts/token avg over 128 tokens: 0:15.5 1:15.1 2:15.7 3:17.1 4:15.7 5:15.9 6:16.0 7:16.2 8:17.1 9:17.0 10:16.2 11:15.3 12:15.8 13:15.9 14:15.8 15:15.2 16:14.8 17:16.2 18:15.1 19:15.3 20:16.7 21:16.5 22:15.8 23:15.1 24:16.2 25:15.5 26:15.7 27:15.6 28:15.3 29:15.9 30:15.8 31:16.0 32:15.1 33:15.3 34:16.3 35:18.1 36:17.7 37:18.0 38:18.9 39:18.1 | mean 16.1
0823 21:51:48 ds4-server: chat ctx=364..414:50 gen=300 THINKING decoding chunk=17.86 t/s avg=18.02 t/s 16.649s
0823 21:51:51 ds4-server: chat ctx=414..464:50 gen=350 THINKING decoding chunk=17.49 t/s avg=17.94 t/s 19.507s
ds4: qwen35moe experts/token avg over 128 tokens: 0:14.7 1:15.0 2:15.8 3:16.6 4:16.9 5:16.3 6:16.2 7:16.8 8:17.9 9:17.5 10:15.7 11:15.4 12:16.3 13:16.2 14:16.5 15:16.8 16:15.7 17:15.7 18:15.8 19:15.2 20:17.5 21:16.5 22:15.8 23:15.1 24:16.0 25:15.5 26:15.9 27:15.6 28:15.5 29:16.0 30:15.5 31:16.7 32:15.7 33:15.3 34:15.2 35:17.6 36:17.1 37:17.7 38:18.2 39:17.9 | mean 16.2
0823 21:51:54 ds4-server: chat ctx=464..514:50 gen=400 THINKING decoding chunk=17.37 t/s avg=17.87 t/s 22.386s
0823 21:51:56 ds4-server: chat ctx=514..564:50 gen=450 decoding chunk=17.76 t/s avg=17.86 t/s 25.202s
0823 21:51:59 ds4-server: chat ctx=564..614:50 gen=500 decoding chunk=17.36 t/s avg=17.80 t/s 28.082s
ds4: qwen35moe experts/token avg over 128 tokens: 0:15.7 1:16.1 2:15.9 3:16.6 4:16.7 5:16.1 6:16.5 7:16.7 8:17.0 9:17.4 10:16.3 11:15.0 12:16.5 13:16.1 14:16.2 15:15.8 16:15.5 17:16.3 18:15.0 19:14.4 20:16.2 21:16.6 22:15.2 23:15.2 24:15.7 25:15.4 26:16.4 27:15.5 28:15.1 29:15.7 30:15.8 31:15.7 32:14.8 33:14.9 34:15.8 35:17.6 36:17.4 37:17.8 38:18.7 39:17.6 | mean 16.1
0823 21:52:02 ds4-server: chat ctx=614..664:50 gen=550 decoding chunk=17.06 t/s avg=17.73 t/s 31.013s
0823 21:52:05 ds4-server: chat ctx=664..714:50 gen=600 decoding chunk=17.11 t/s avg=17.68 t/s 33.935s
0823 21:52:07 ds4-server: chat ctx=714..738:24 gen=624 decoding chunk=16.59 t/s avg=17.64 t/s 35.382s
0823 21:52:07 ds4-server: thinking live checkpoint remembered ctx=0..114:114 live=738 visible=1556
0823 21:52:07 ds4-server: chat ctx=0..114:114 gen=624 finish=stop 41.467s
0823 21:52:07 ds4-server: live kv cache miss live=738 prompt=121 common=56 reason=token-mismatch
0823 21:52:07 ds4-server: chat ctx=0..121:121 prompt start
0823 21:52:07 ds4-server: chat ctx=0..121:121 prefill chunk 1/121 (0.8%) chunk=0.00 t/s avg=19.79 t/s 0.051s
0823 21:52:07 ds4-server: chat ctx=0..121:121 prefill chunk 2/121 (1.7%) chunk=19.76 t/s avg=19.77 t/s 0.101s
0823 21:52:07 ds4-server: chat ctx=0..121:121 prefill chunk 3/121 (2.5%) chunk=19.85 t/s avg=19.80 t/s 0.152s
0823 21:52:07 ds4-server: chat ctx=0..121:121 prefill chunk 4/121 (3.3%) chunk=19.22 t/s avg=19.65 t/s 0.204s
0823 21:52:07 ds4-server: chat ctx=0..121:121 prefill chunk 5/121 (4.1%) chunk=19.63 t/s avg=19.65 t/s 0.254s
0823 21:52:07 ds4-server: chat ctx=0..121:121 prefill chunk 6/121 (5.0%) chunk=18.76 t/s avg=19.49 t/s 0.308s
0823 21:52:07 ds4-server: chat ctx=0..121:121 prefill chunk 7/121 (5.8%) chunk=20.01 t/s avg=19.57 t/s 0.358s
0823 21:52:07 ds4-server: chat ctx=0..121:121 prefill chunk 8/121 (6.6%) chunk=18.61 t/s avg=19.44 t/s 0.411s
0823 21:52:07 ds4-server: chat ctx=0..121:121 prefill chunk 9/121 (7.4%) chunk=19.80 t/s avg=19.48 t/s 0.462s
0823 21:52:07 ds4-server: chat ctx=0..121:121 prefill chunk 10/121 (8.3%) chunk=19.10 t/s avg=19.44 t/s 0.514s
0823 21:52:07 ds4-server: chat ctx=0..121:121 prefill chunk 11/121 (9.1%) chunk=19.66 t/s avg=19.46 t/s 0.565s
0823 21:52:07 ds4-server: chat ctx=0..121:121 prefill chunk 12/121 (9.9%) chunk=18.86 t/s avg=19.41 t/s 0.618s
0823 21:52:07 ds4-server: chat ctx=0..121:121 prefill chunk 13/121 (10.7%) chunk=18.67 t/s avg=19.35 t/s 0.672s
0823 21:52:07 ds4-server: chat ctx=0..121:121 prefill chunk 14/121 (11.6%) chunk=19.11 t/s avg=19.33 t/s 0.724s
0823 21:52:07 ds4-server: chat ctx=0..121:121 prefill chunk 15/121 (12.4%) chunk=18.31 t/s avg=19.26 t/s 0.779s
0823 21:52:07 ds4-server: chat ctx=0..121:121 prefill chunk 16/121 (13.2%) chunk=19.17 t/s avg=19.26 t/s 0.831s
0823 21:52:07 ds4-server: chat ctx=0..121:121 prefill chunk 17/121 (14.0%) chunk=18.70 t/s avg=19.22 t/s 0.884s
ds4: qwen35moe experts/token avg over 128 tokens: 0:15.3 1:15.7 2:16.0 3:16.6 4:17.1 5:16.6 6:16.3 7:16.8 8:17.1 9:17.6 10:16.1 11:15.8 12:16.8 13:16.6 14:16.2 15:16.3 16:16.0 17:16.0 18:15.9 19:15.2 20:17.4 21:16.6 22:15.4 23:15.7 24:16.1 25:15.4 26:15.5 27:16.4 28:15.5 29:16.2 30:15.3 31:16.5 32:15.5 33:15.1 34:16.1 35:18.4 36:18.1 37:17.6 38:18.7 39:18.4 | mean 16.4
0823 21:52:08 ds4-server: chat ctx=0..121:121 prefill chunk 18/121 (14.9%) chunk=18.64 t/s avg=19.19 t/s 0.938s
0823 21:52:08 ds4-server: chat ctx=0..121:121 prefill chunk 19/121 (15.7%) chunk=19.06 t/s avg=19.18 t/s 0.990s
0823 21:52:08 ds4-server: chat ctx=0..121:121 prefill chunk 20/121 (16.5%) chunk=17.92 t/s avg=19.12 t/s 1.046s
0823 21:52:08 ds4-server: chat ctx=0..121:121 prefill chunk 21/121 (17.4%) chunk=19.23 t/s avg=19.12 t/s 1.098s
0823 21:52:08 ds4-server: chat ctx=0..121:121 prefill chunk 22/121 (18.2%) chunk=19.20 t/s avg=19.12 t/s 1.150s
0823 21:52:08 ds4-server: chat ctx=0..121:121 prefill chunk 23/121 (19.0%) chunk=19.01 t/s avg=19.12 t/s 1.203s
0823 21:52:08 ds4-server: chat ctx=0..121:121 prefill chunk 24/121 (19.8%) chunk=19.45 t/s avg=19.13 t/s 1.254s
0823 21:52:08 ds4-server: chat ctx=0..121:121 prefill chunk 25/121 (20.7%) chunk=18.80 t/s avg=19.12 t/s 1.308s
0823 21:52:08 ds4-server: chat ctx=0..121:121 prefill chunk 26/121 (21.5%) chunk=19.66 t/s avg=19.14 t/s 1.358s
0823 21:52:08 ds4-server: chat ctx=0..121:121 prefill chunk 27/121 (22.3%) chunk=18.83 t/s avg=19.13 t/s 1.412s
0823 21:52:08 ds4-server: chat ctx=0..121:121 prefill chunk 28/121 (23.1%) chunk=19.45 t/s avg=19.14 t/s 1.463s
0823 21:52:08 ds4-server: chat ctx=0..121:121 prefill chunk 29/121 (24.0%) chunk=18.54 t/s avg=19.12 t/s 1.517s
0823 21:52:08 ds4-server: chat ctx=0..121:121 prefill chunk 30/121 (24.8%) chunk=18.56 t/s avg=19.10 t/s 1.571s
0823 21:52:08 ds4-server: chat ctx=0..121:121 prefill chunk 31/121 (25.6%) chunk=18.70 t/s avg=19.09 t/s 1.624s
0823 21:52:08 ds4-server: chat ctx=0..121:121 prefill chunk 32/121 (26.4%) chunk=18.27 t/s avg=19.06 t/s 1.679s
0823 21:52:08 ds4-server: chat ctx=0..121:121 prefill chunk 33/121 (27.3%) chunk=19.16 t/s avg=19.06 t/s 1.731s
0823 21:52:08 ds4-server: chat ctx=0..121:121 prefill chunk 34/121 (28.1%) chunk=18.40 t/s avg=19.04 t/s 1.786s
0823 21:52:08 ds4-server: chat ctx=0..121:121 prefill chunk 35/121 (28.9%) chunk=17.83 t/s avg=19.01 t/s 1.842s
0823 21:52:09 ds4-server: chat ctx=0..121:121 prefill chunk 36/121 (29.8%) chunk=18.86 t/s avg=19.00 t/s 1.895s
0823 21:52:09 ds4-server: chat ctx=0..121:121 prefill chunk 37/121 (30.6%) chunk=17.64 t/s avg=18.96 t/s 1.951s
0823 21:52:09 ds4-server: chat ctx=0..121:121 prefill chunk 38/121 (31.4%) chunk=17.61 t/s avg=18.92 t/s 2.008s
0823 21:52:09 ds4-server: chat ctx=0..121:121 prefill chunk 39/121 (32.2%) chunk=18.55 t/s avg=18.91 t/s 2.062s
0823 21:52:09 ds4-server: chat ctx=0..121:121 prefill chunk 40/121 (33.1%) chunk=18.21 t/s avg=18.90 t/s 2.117s
0823 21:52:09 ds4-server: chat ctx=0..121:121 prefill chunk 41/121 (33.9%) chunk=18.20 t/s avg=18.88 t/s 2.172s
0823 21:52:09 ds4-server: chat ctx=0..121:121 prefill chunk 42/121 (34.7%) chunk=18.97 t/s avg=18.88 t/s 2.225s
0823 21:52:09 ds4-server: chat ctx=0..121:121 prefill chunk 43/121 (35.5%) chunk=18.63 t/s avg=18.87 t/s 2.278s
0823 21:52:09 ds4-server: chat ctx=0..121:121 prefill chunk 44/121 (36.4%) chunk=19.56 t/s avg=18.89 t/s 2.329s
0823 21:52:09 ds4-server: chat ctx=0..121:121 prefill chunk 45/121 (37.2%) chunk=18.37 t/s avg=18.88 t/s 2.384s
0823 21:52:09 ds4-server: chat ctx=0..121:121 prefill chunk 46/121 (38.0%) chunk=18.15 t/s avg=18.86 t/s 2.439s
0823 21:52:09 ds4-server: chat ctx=0..121:121 prefill chunk 47/121 (38.8%) chunk=18.66 t/s avg=18.86 t/s 2.492s
0823 21:52:09 ds4-server: chat ctx=0..121:121 prefill chunk 48/121 (39.7%) chunk=18.73 t/s avg=18.85 t/s 2.546s
0823 21:52:09 ds4-server: chat ctx=0..121:121 prefill chunk 49/121 (40.5%) chunk=19.35 t/s avg=18.86 t/s 2.598s
0823 21:52:09 ds4-server: chat ctx=0..121:121 prefill chunk 50/121 (41.3%) chunk=18.72 t/s avg=18.86 t/s 2.651s
0823 21:52:09 ds4-server: chat ctx=0..121:121 prefill chunk 51/121 (42.1%) chunk=18.85 t/s avg=18.86 t/s 2.704s
0823 21:52:09 ds4-server: chat ctx=0..121:121 prefill chunk 52/121 (43.0%) chunk=18.79 t/s avg=18.86 t/s 2.757s
0823 21:52:09 ds4-server: chat ctx=0..121:121 prefill chunk 53/121 (43.8%) chunk=18.67 t/s avg=18.86 t/s 2.811s
0823 21:52:09 ds4-server: chat ctx=0..121:121 prefill chunk 54/121 (44.6%) chunk=19.50 t/s avg=18.87 t/s 2.862s
0823 21:52:10 ds4-server: chat ctx=0..121:121 prefill chunk 55/121 (45.5%) chunk=19.58 t/s avg=18.88 t/s 2.913s
0823 21:52:10 ds4-server: chat ctx=0..121:121 prefill chunk 56/121 (46.3%) chunk=20.41 t/s avg=18.91 t/s 2.962s
0823 21:52:10 ds4-server: chat ctx=0..121:121 prefill chunk 57/121 (47.1%) chunk=18.61 t/s avg=18.90 t/s 3.016s
0823 21:52:10 ds4-server: chat ctx=0..121:121 prefill chunk 58/121 (47.9%) chunk=18.69 t/s avg=18.90 t/s 3.069s
0823 21:52:10 ds4-server: chat ctx=0..121:121 prefill chunk 59/121 (48.8%) chunk=19.32 t/s avg=18.90 t/s 3.121s
0823 21:52:10 ds4-server: chat ctx=0..121:121 prefill chunk 60/121 (49.6%) chunk=18.44 t/s avg=18.90 t/s 3.175s
0823 21:52:10 ds4-server: chat ctx=0..121:121 prefill chunk 61/121 (50.4%) chunk=18.85 t/s avg=18.89 t/s 3.228s
0823 21:52:10 ds4-server: chat ctx=0..121:121 prefill chunk 62/121 (51.2%) chunk=18.40 t/s avg=18.89 t/s 3.283s
0823 21:52:10 ds4-server: chat ctx=0..121:121 prefill chunk 63/121 (52.1%) chunk=18.68 t/s avg=18.88 t/s 3.336s
0823 21:52:10 ds4-server: chat ctx=0..121:121 prefill chunk 64/121 (52.9%) chunk=18.84 t/s avg=18.88 t/s 3.389s
0823 21:52:10 ds4-server: chat ctx=0..121:121 prefill chunk 65/121 (53.7%) chunk=18.41 t/s avg=18.87 t/s 3.444s
0823 21:52:10 ds4-server: chat ctx=0..121:121 prefill chunk 66/121 (54.5%) chunk=18.82 t/s avg=18.87 t/s 3.497s
0823 21:52:10 ds4-server: chat ctx=0..121:121 prefill chunk 67/121 (55.4%) chunk=18.33 t/s avg=18.87 t/s 3.551s
0823 21:52:10 ds4-server: chat ctx=0..121:121 prefill chunk 68/121 (56.2%) chunk=18.11 t/s avg=18.85 t/s 3.607s
0823 21:52:10 ds4-server: chat ctx=0..121:121 prefill chunk 69/121 (57.0%) chunk=18.35 t/s avg=18.85 t/s 3.661s
0823 21:52:10 ds4-server: chat ctx=0..121:121 prefill chunk 70/121 (57.9%) chunk=17.91 t/s avg=18.83 t/s 3.717s
0823 21:52:10 ds4-server: chat ctx=0..121:121 prefill chunk 71/121 (58.7%) chunk=18.67 t/s avg=18.83 t/s 3.771s
0823 21:52:10 ds4-server: chat ctx=0..121:121 prefill chunk 72/121 (59.5%) chunk=19.09 t/s avg=18.83 t/s 3.823s
0823 21:52:10 ds4-server: chat ctx=0..121:121 prefill chunk 73/121 (60.3%) chunk=18.86 t/s avg=18.83 t/s 3.876s
0823 21:52:11 ds4-server: chat ctx=0..121:121 prefill chunk 74/121 (61.2%) chunk=19.05 t/s avg=18.84 t/s 3.928s
0823 21:52:11 ds4-server: chat ctx=0..121:121 prefill chunk 75/121 (62.0%) chunk=18.21 t/s avg=18.83 t/s 3.983s
0823 21:52:11 ds4-server: chat ctx=0..121:121 prefill chunk 76/121 (62.8%) chunk=18.35 t/s avg=18.82 t/s 4.038s
0823 21:52:11 ds4-server: chat ctx=0..121:121 prefill chunk 77/121 (63.6%) chunk=19.02 t/s avg=18.82 t/s 4.090s
0823 21:52:11 ds4-server: chat ctx=0..121:121 prefill chunk 78/121 (64.5%) chunk=17.70 t/s avg=18.81 t/s 4.147s
0823 21:52:11 ds4-server: chat ctx=0..121:121 prefill chunk 79/121 (65.3%) chunk=19.37 t/s avg=18.82 t/s 4.199s
0823 21:52:11 ds4-server: chat ctx=0..121:121 prefill chunk 80/121 (66.1%) chunk=18.32 t/s avg=18.81 t/s 4.253s
0823 21:52:11 ds4-server: chat ctx=0..121:121 prefill chunk 81/121 (66.9%) chunk=17.78 t/s avg=18.80 t/s 4.309s
0823 21:52:11 ds4-server: chat ctx=0..121:121 prefill chunk 82/121 (67.8%) chunk=18.83 t/s avg=18.80 t/s 4.362s
0823 21:52:11 ds4-server: chat ctx=0..121:121 prefill chunk 83/121 (68.6%) chunk=18.17 t/s avg=18.79 t/s 4.417s
0823 21:52:11 ds4-server: chat ctx=0..121:121 prefill chunk 84/121 (69.4%) chunk=18.11 t/s avg=18.78 t/s 4.473s
0823 21:52:11 ds4-server: chat ctx=0..121:121 prefill chunk 85/121 (70.2%) chunk=19.08 t/s avg=18.78 t/s 4.525s
0823 21:52:11 ds4-server: chat ctx=0..121:121 prefill chunk 86/121 (71.1%) chunk=18.57 t/s avg=18.78 t/s 4.579s
0823 21:52:11 ds4-server: chat ctx=0..121:121 prefill chunk 87/121 (71.9%) chunk=19.03 t/s avg=18.78 t/s 4.632s
0823 21:52:11 ds4-server: chat ctx=0..121:121 prefill chunk 88/121 (72.7%) chunk=18.90 t/s avg=18.79 t/s 4.684s
0823 21:52:11 ds4-server: chat ctx=0..121:121 prefill chunk 89/121 (73.6%) chunk=18.56 t/s avg=18.78 t/s 4.738s
0823 21:52:11 ds4-server: chat ctx=0..121:121 prefill chunk 90/121 (74.4%) chunk=19.06 t/s avg=18.79 t/s 4.791s
0823 21:52:11 ds4-server: chat ctx=0..121:121 prefill chunk 91/121 (75.2%) chunk=18.21 t/s avg=18.78 t/s 4.846s
0823 21:52:12 ds4-server: chat ctx=0..121:121 prefill chunk 92/121 (76.0%) chunk=18.24 t/s avg=18.77 t/s 4.901s
0823 21:52:12 ds4-server: chat ctx=0..121:121 prefill chunk 93/121 (76.9%) chunk=18.58 t/s avg=18.77 t/s 4.954s
0823 21:52:12 ds4-server: chat ctx=0..121:121 prefill chunk 94/121 (77.7%) chunk=18.02 t/s avg=18.76 t/s 5.010s
0823 21:52:12 ds4-server: chat ctx=0..121:121 prefill chunk 95/121 (78.5%) chunk=18.92 t/s avg=18.76 t/s 5.063s
0823 21:52:12 ds4-server: chat ctx=0..121:121 prefill chunk 96/121 (79.3%) chunk=18.08 t/s avg=18.76 t/s 5.118s
0823 21:52:12 ds4-server: chat ctx=0..121:121 prefill chunk 97/121 (80.2%) chunk=18.33 t/s avg=18.75 t/s 5.173s
0823 21:52:12 ds4-server: chat ctx=0..121:121 prefill chunk 98/121 (81.0%) chunk=19.18 t/s avg=18.76 t/s 5.225s
0823 21:52:12 ds4-server: chat ctx=0..121:121 prefill chunk 99/121 (81.8%) chunk=18.23 t/s avg=18.75 t/s 5.280s
0823 21:52:12 ds4-server: chat ctx=0..121:121 prefill chunk 100/121 (82.6%) chunk=18.49 t/s avg=18.75 t/s 5.334s
0823 21:52:12 ds4-server: chat ctx=0..121:121 prefill chunk 101/121 (83.5%) chunk=18.30 t/s avg=18.74 t/s 5.388s
0823 21:52:12 ds4-server: chat ctx=0..121:121 prefill chunk 102/121 (84.3%) chunk=18.21 t/s avg=18.74 t/s 5.443s
0823 21:52:12 ds4-server: chat ctx=0..121:121 prefill chunk 103/121 (85.1%) chunk=18.83 t/s avg=18.74 t/s 5.496s
0823 21:52:12 ds4-server: chat ctx=0..121:121 prefill chunk 104/121 (86.0%) chunk=18.27 t/s avg=18.74 t/s 5.551s
0823 21:52:12 ds4-server: chat ctx=0..121:121 prefill chunk 105/121 (86.8%) chunk=18.30 t/s avg=18.73 t/s 5.606s
0823 21:52:12 ds4-server: chat ctx=0..121:121 prefill chunk 106/121 (87.6%) chunk=18.47 t/s avg=18.73 t/s 5.660s
0823 21:52:12 ds4-server: chat ctx=0..121:121 prefill chunk 107/121 (88.4%) chunk=18.52 t/s avg=18.73 t/s 5.714s
0823 21:52:12 ds4-server: chat ctx=0..121:121 prefill chunk 108/121 (89.3%) chunk=18.59 t/s avg=18.73 t/s 5.768s
0823 21:52:12 ds4-server: chat ctx=0..121:121 prefill chunk 109/121 (90.1%) chunk=18.48 t/s avg=18.72 t/s 5.822s
0823 21:52:12 ds4-server: chat ctx=0..121:121 prefill chunk 110/121 (90.9%) chunk=17.93 t/s avg=18.72 t/s 5.878s
0823 21:52:13 ds4-server: chat ctx=0..121:121 prefill chunk 111/121 (91.7%) chunk=18.70 t/s avg=18.72 t/s 5.931s
0823 21:52:13 ds4-server: chat ctx=0..121:121 prefill chunk 112/121 (92.6%) chunk=18.61 t/s avg=18.71 t/s 5.985s
0823 21:52:13 ds4-server: chat ctx=0..121:121 prefill chunk 113/121 (93.4%) chunk=18.28 t/s avg=18.71 t/s 6.039s
0823 21:52:13 ds4-server: chat ctx=0..121:121 prefill chunk 114/121 (94.2%) chunk=18.25 t/s avg=18.71 t/s 6.094s
0823 21:52:13 ds4-server: chat ctx=0..121:121 prefill chunk 115/121 (95.0%) chunk=18.68 t/s avg=18.71 t/s 6.148s
0823 21:52:13 ds4-server: chat ctx=0..121:121 prefill chunk 116/121 (95.9%) chunk=17.89 t/s avg=18.70 t/s 6.204s
0823 21:52:13 ds4-server: chat ctx=0..121:121 prefill chunk 117/121 (96.7%) chunk=18.78 t/s avg=18.70 t/s 6.257s
0823 21:52:13 ds4-server: chat ctx=0..121:121 prefill chunk 118/121 (97.5%) chunk=18.66 t/s avg=18.70 t/s 6.311s
0823 21:52:13 ds4-server: chat ctx=0..121:121 prefill chunk 119/121 (98.3%) chunk=18.56 t/s avg=18.70 t/s 6.364s
0823 21:52:13 ds4-server: chat ctx=0..121:121 prefill chunk 120/121 (99.2%) chunk=19.20 t/s avg=18.70 t/s 6.416s
0823 21:52:13 ds4-server: chat ctx=0..121:121 prefill chunk 121/121 (100.0%) chunk=19.60 t/s avg=18.71 t/s 6.467s
0823 21:52:13 ds4-server: chat ctx=0..121:121 prompt done 6.468s
ds4: qwen35moe experts/token avg over 128 tokens: 0:14.0 1:14.0 2:14.1 3:15.2 4:14.9 5:14.9 6:14.5 7:15.2 8:16.0 9:15.3 10:14.1 11:13.9 12:15.2 13:14.9 14:15.1 15:15.2 16:14.5 17:14.8 18:15.2 19:15.0 20:16.1 21:15.0 22:14.7 23:14.5 24:15.3 25:15.3 26:15.5 27:15.9 28:15.1 29:15.6 30:15.3 31:16.1 32:16.3 33:16.6 34:16.1 35:18.2 36:18.5 37:19.0 38:19.4 39:18.1 | mean 15.6
0823 21:52:16 ds4-server: chat ctx=121..171:50 gen=50 THINKING decoding chunk=18.34 t/s avg=18.34 t/s 2.727s
0823 21:52:19 ds4-server: chat ctx=171..221:50 gen=100 THINKING decoding chunk=18.05 t/s avg=18.19 t/s 5.497s
0823 21:52:21 ds4-server: chat ctx=221..271:50 gen=150 THINKING decoding chunk=17.79 t/s avg=18.06 t/s 8.307s
ds4: qwen35moe experts/token avg over 128 tokens: 0:14.8 1:15.4 2:15.3 3:15.8 4:15.7 5:15.6 6:15.7 7:16.4 8:16.8 9:16.4 10:15.1 11:15.7 12:16.2 13:15.7 14:16.5 15:16.0 16:14.6 17:15.5 18:16.1 19:16.4 20:17.0 21:16.7 22:15.5 23:15.7 24:16.5 25:16.2 26:16.8 27:16.7 28:15.9 29:16.9 30:17.1 31:17.1 32:16.7 33:17.0 34:17.2 35:18.4 36:18.0 37:18.5 38:19.6 39:18.5 | mean 16.4
0823 21:52:24 ds4-server: chat ctx=271..321:50 gen=200 THINKING decoding chunk=17.86 t/s avg=18.01 t/s 11.106s
0823 21:52:27 ds4-server: chat ctx=321..371:50 gen=250 THINKING decoding chunk=17.68 t/s avg=17.94 t/s 13.934s
ds4: qwen35moe experts/token avg over 128 tokens: 0:14.6 1:15.3 2:15.6 3:16.2 4:16.5 5:16.0 6:16.4 7:16.4 8:16.8 9:16.5 10:14.9 11:15.5 12:16.2 13:16.1 14:16.5 15:16.1 16:15.4 17:15.5 18:15.8 19:16.9 20:17.0 21:16.5 22:15.4 23:15.2 24:16.1 25:15.8 26:16.1 27:16.8 28:15.4 29:16.4 30:16.1 31:16.7 32:16.4 33:16.2 34:16.0 35:17.7 36:17.5 37:18.4 38:19.3 39:17.6 | mean 16.3
0823 21:52:30 ds4-server: chat ctx=371..421:50 gen=300 THINKING decoding chunk=17.88 t/s avg=17.93 t/s 16.730s
0823 21:52:33 ds4-server: chat ctx=421..471:50 gen=350 decoding chunk=17.72 t/s avg=17.90 t/s 19.552s
0823 21:52:35 ds4-server: chat ctx=471..521:50 gen=400 decoding chunk=17.58 t/s avg=17.86 t/s 22.396s
ds4: qwen35moe experts/token avg over 128 tokens: 0:14.3 1:15.3 2:15.8 3:16.8 4:17.1 5:16.2 6:15.8 7:17.2 8:17.1 9:16.8 10:15.4 11:15.2 12:16.3 13:16.1 14:16.0 15:16.2 16:15.2 17:15.9 18:16.1 19:15.8 20:16.9 21:16.3 22:15.4 23:15.4 24:16.5 25:15.4 26:16.2 27:16.3 28:14.8 29:15.9 30:15.6 31:16.7 32:15.3 33:15.1 34:14.8 35:17.0 36:17.0 37:17.5 38:19.0 39:17.2 | mean 16.1
0823 21:52:38 ds4-server: chat ctx=521..571:50 gen=450 decoding chunk=17.05 t/s avg=17.77 t/s 25.329s
0823 21:52:41 ds4-server: chat ctx=571..621:50 gen=500 decoding chunk=17.10 t/s avg=17.70 t/s 28.253s
ds4: qwen35moe experts/token avg over 128 tokens: 0:15.0 1:16.3 2:16.3 3:17.5 4:17.5 5:17.2 6:17.2 7:17.8 8:18.2 9:18.0 10:16.4 11:16.1 12:17.5 13:16.8 14:17.5 15:16.9 16:16.4 17:16.8 18:16.4 19:17.3 20:18.0 21:17.4 22:16.2 23:15.8 24:17.2 25:16.0 26:16.7 27:17.1 28:15.8 29:17.4 30:16.8 31:17.7 32:16.5 33:16.3 34:17.0 35:18.2 36:17.7 37:18.5 38:19.6 39:18.0 | mean 17.1
0823 21:52:44 ds4-server: chat ctx=621..671:50 gen=550 decoding chunk=16.80 t/s avg=17.61 t/s 31.230s
0823 21:52:47 ds4-server: chat ctx=671..715:44 gen=594 decoding chunk=16.89 t/s avg=17.56 t/s 33.835s
0823 21:52:47 ds4-server: thinking live checkpoint remembered ctx=0..121:121 live=715 visible=1861
0823 21:52:47 ds4-server: chat ctx=0..121:121 gen=594 finish=stop 40.303s
0823 21:52:47 ds4-server: live kv cache miss live=715 prompt=107 common=56 reason=token-mismatch
0823 21:52:47 ds4-server: chat ctx=0..107:107 prompt start
0823 21:52:47 ds4-server: chat ctx=0..107:107 prefill chunk 1/107 (0.9%) chunk=0.00 t/s avg=19.73 t/s 0.051s
0823 21:52:47 ds4-server: chat ctx=0..107:107 prefill chunk 2/107 (1.9%) chunk=19.14 t/s avg=19.43 t/s 0.103s
0823 21:52:47 ds4-server: chat ctx=0..107:107 prefill chunk 3/107 (2.8%) chunk=20.06 t/s avg=19.63 t/s 0.153s
0823 21:52:47 ds4-server: chat ctx=0..107:107 prefill chunk 4/107 (3.7%) chunk=18.91 t/s avg=19.45 t/s 0.206s
0823 21:52:47 ds4-server: chat ctx=0..107:107 prefill chunk 5/107 (4.7%) chunk=19.48 t/s avg=19.45 t/s 0.257s
0823 21:52:47 ds4-server: chat ctx=0..107:107 prefill chunk 6/107 (5.6%) chunk=19.12 t/s avg=19.40 t/s 0.309s
0823 21:52:47 ds4-server: chat ctx=0..107:107 prefill chunk 7/107 (6.5%) chunk=19.38 t/s avg=19.40 t/s 0.361s
0823 21:52:47 ds4-server: chat ctx=0..107:107 prefill chunk 8/107 (7.5%) chunk=18.92 t/s avg=19.33 t/s 0.414s
0823 21:52:47 ds4-server: chat ctx=0..107:107 prefill chunk 9/107 (8.4%) chunk=19.37 t/s avg=19.34 t/s 0.465s
0823 21:52:47 ds4-server: chat ctx=0..107:107 prefill chunk 10/107 (9.3%) chunk=19.75 t/s avg=19.38 t/s 0.516s
0823 21:52:47 ds4-server: chat ctx=0..107:107 prefill chunk 11/107 (10.3%) chunk=18.66 t/s avg=19.31 t/s 0.570s
0823 21:52:48 ds4-server: chat ctx=0..107:107 prefill chunk 12/107 (11.2%) chunk=19.08 t/s avg=19.29 t/s 0.622s
0823 21:52:48 ds4-server: chat ctx=0..107:107 prefill chunk 13/107 (12.1%) chunk=18.49 t/s avg=19.23 t/s 0.676s
0823 21:52:48 ds4-server: chat ctx=0..107:107 prefill chunk 14/107 (13.1%) chunk=18.37 t/s avg=19.16 t/s 0.731s
0823 21:52:48 ds4-server: chat ctx=0..107:107 prefill chunk 15/107 (14.0%) chunk=18.93 t/s avg=19.15 t/s 0.783s
0823 21:52:48 ds4-server: chat ctx=0..107:107 prefill chunk 16/107 (15.0%) chunk=18.40 t/s avg=19.10 t/s 0.838s
0823 21:52:48 ds4-server: chat ctx=0..107:107 prefill chunk 17/107 (15.9%) chunk=18.91 t/s avg=19.09 t/s 0.891s
0823 21:52:48 ds4-server: chat ctx=0..107:107 prefill chunk 18/107 (16.8%) chunk=19.06 t/s avg=19.09 t/s 0.943s
0823 21:52:48 ds4-server: chat ctx=0..107:107 prefill chunk 19/107 (17.8%) chunk=18.30 t/s avg=19.04 t/s 0.998s
0823 21:52:48 ds4-server: chat ctx=0..107:107 prefill chunk 20/107 (18.7%) chunk=18.57 t/s avg=19.02 t/s 1.052s
0823 21:52:48 ds4-server: chat ctx=0..107:107 prefill chunk 21/107 (19.6%) chunk=18.62 t/s avg=19.00 t/s 1.105s
0823 21:52:48 ds4-server: chat ctx=0..107:107 prefill chunk 22/107 (20.6%) chunk=19.32 t/s avg=19.01 t/s 1.157s
0823 21:52:48 ds4-server: chat ctx=0..107:107 prefill chunk 23/107 (21.5%) chunk=19.14 t/s avg=19.02 t/s 1.209s
0823 21:52:48 ds4-server: chat ctx=0..107:107 prefill chunk 24/107 (22.4%) chunk=19.20 t/s avg=19.03 t/s 1.261s
0823 21:52:48 ds4-server: chat ctx=0..107:107 prefill chunk 25/107 (23.4%) chunk=19.10 t/s avg=19.03 t/s 1.314s
0823 21:52:48 ds4-server: chat ctx=0..107:107 prefill chunk 26/107 (24.3%) chunk=18.74 t/s avg=19.02 t/s 1.367s
0823 21:52:48 ds4-server: chat ctx=0..107:107 prefill chunk 27/107 (25.2%) chunk=19.43 t/s avg=19.03 t/s 1.419s
0823 21:52:48 ds4-server: chat ctx=0..107:107 prefill chunk 28/107 (26.2%) chunk=18.77 t/s avg=19.02 t/s 1.472s
0823 21:52:48 ds4-server: chat ctx=0..107:107 prefill chunk 29/107 (27.1%) chunk=19.14 t/s avg=19.03 t/s 1.524s
0823 21:52:48 ds4-server: chat ctx=0..107:107 prefill chunk 30/107 (28.0%) chunk=18.60 t/s avg=19.01 t/s 1.578s
0823 21:52:49 ds4-server: chat ctx=0..107:107 prefill chunk 31/107 (29.0%) chunk=18.31 t/s avg=18.99 t/s 1.632s
0823 21:52:49 ds4-server: chat ctx=0..107:107 prefill chunk 32/107 (29.9%) chunk=18.76 t/s avg=18.98 t/s 1.686s
0823 21:52:49 ds4-server: chat ctx=0..107:107 prefill chunk 33/107 (30.8%) chunk=18.53 t/s avg=18.97 t/s 1.740s
0823 21:52:49 ds4-server: chat ctx=0..107:107 prefill chunk 34/107 (31.8%) chunk=18.91 t/s avg=18.97 t/s 1.793s
0823 21:52:49 ds4-server: chat ctx=0..107:107 prefill chunk 35/107 (32.7%) chunk=18.26 t/s avg=18.95 t/s 1.847s
0823 21:52:49 ds4-server: chat ctx=0..107:107 prefill chunk 36/107 (33.6%) chunk=18.30 t/s avg=18.93 t/s 1.902s
0823 21:52:49 ds4-server: chat ctx=0..107:107 prefill chunk 37/107 (34.6%) chunk=18.11 t/s avg=18.90 t/s 1.957s
0823 21:52:49 ds4-server: chat ctx=0..107:107 prefill chunk 38/107 (35.5%) chunk=17.80 t/s avg=18.87 t/s 2.013s
0823 21:52:49 ds4-server: chat ctx=0..107:107 prefill chunk 39/107 (36.4%) chunk=17.86 t/s avg=18.85 t/s 2.069s
0823 21:52:49 ds4-server: chat ctx=0..107:107 prefill chunk 40/107 (37.4%) chunk=18.90 t/s avg=18.85 t/s 2.122s
0823 21:52:49 ds4-server: chat ctx=0..107:107 prefill chunk 41/107 (38.3%) chunk=18.29 t/s avg=18.83 t/s 2.177s
0823 21:52:49 ds4-server: chat ctx=0..107:107 prefill chunk 42/107 (39.3%) chunk=18.34 t/s avg=18.82 t/s 2.232s
0823 21:52:49 ds4-server: chat ctx=0..107:107 prefill chunk 43/107 (40.2%) chunk=19.66 t/s avg=18.84 t/s 2.282s
0823 21:52:49 ds4-server: chat ctx=0..107:107 prefill chunk 44/107 (41.1%) chunk=18.49 t/s avg=18.83 t/s 2.336s
0823 21:52:49 ds4-server: chat ctx=0..107:107 prefill chunk 45/107 (42.1%) chunk=18.87 t/s avg=18.83 t/s 2.389s
0823 21:52:49 ds4-server: chat ctx=0..107:107 prefill chunk 46/107 (43.0%) chunk=18.19 t/s avg=18.82 t/s 2.444s
0823 21:52:49 ds4-server: chat ctx=0..107:107 prefill chunk 47/107 (43.9%) chunk=18.06 t/s avg=18.80 t/s 2.500s
0823 21:52:49 ds4-server: chat ctx=0..107:107 prefill chunk 48/107 (44.9%) chunk=19.41 t/s avg=18.81 t/s 2.551s
0823 21:52:50 ds4-server: chat ctx=0..107:107 prefill chunk 49/107 (45.8%) chunk=18.61 t/s avg=18.81 t/s 2.605s
0823 21:52:50 ds4-server: chat ctx=0..107:107 prefill chunk 50/107 (46.7%) chunk=19.17 t/s avg=18.82 t/s 2.657s
0823 21:52:50 ds4-server: chat ctx=0..107:107 prefill chunk 51/107 (47.7%) chunk=18.73 t/s avg=18.81 t/s 2.711s
0823 21:52:50 ds4-server: chat ctx=0..107:107 prefill chunk 52/107 (48.6%) chunk=18.13 t/s avg=18.80 t/s 2.766s
0823 21:52:50 ds4-server: chat ctx=0..107:107 prefill chunk 53/107 (49.5%) chunk=19.38 t/s avg=18.81 t/s 2.817s
0823 21:52:50 ds4-server: chat ctx=0..107:107 prefill chunk 54/107 (50.5%) chunk=18.90 t/s avg=18.81 t/s 2.870s
0823 21:52:50 ds4-server: chat ctx=0..107:107 prefill chunk 55/107 (51.4%) chunk=20.13 t/s avg=18.84 t/s 2.920s
0823 21:52:50 ds4-server: chat ctx=0..107:107 prefill chunk 56/107 (52.3%) chunk=19.78 t/s avg=18.85 t/s 2.970s
0823 21:52:50 ds4-server: chat ctx=0..107:107 prefill chunk 57/107 (53.3%) chunk=19.00 t/s avg=18.85 t/s 3.023s
0823 21:52:50 ds4-server: chat ctx=0..107:107 prefill chunk 58/107 (54.2%) chunk=18.55 t/s avg=18.85 t/s 3.077s
0823 21:52:50 ds4-server: chat ctx=0..107:107 prefill chunk 59/107 (55.1%) chunk=18.44 t/s avg=18.84 t/s 3.131s
0823 21:52:50 ds4-server: chat ctx=0..107:107 prefill chunk 60/107 (56.1%) chunk=19.25 t/s avg=18.85 t/s 3.183s
0823 21:52:50 ds4-server: chat ctx=0..107:107 prefill chunk 61/107 (57.0%) chunk=18.51 t/s avg=18.84 t/s 3.237s
0823 21:52:50 ds4-server: chat ctx=0..107:107 prefill chunk 62/107 (57.9%) chunk=18.93 t/s avg=18.84 t/s 3.290s
0823 21:52:50 ds4-server: chat ctx=0..107:107 prefill chunk 63/107 (58.9%) chunk=19.03 t/s avg=18.85 t/s 3.343s
0823 21:52:50 ds4-server: chat ctx=0..107:107 prefill chunk 64/107 (59.8%) chunk=19.16 t/s avg=18.85 t/s 3.395s
0823 21:52:50 ds4-server: chat ctx=0..107:107 prefill chunk 65/107 (60.7%) chunk=18.74 t/s avg=18.85 t/s 3.448s
0823 21:52:50 ds4-server: chat ctx=0..107:107 prefill chunk 66/107 (61.7%) chunk=18.78 t/s avg=18.85 t/s 3.501s
0823 21:52:50 ds4-server: chat ctx=0..107:107 prefill chunk 67/107 (62.6%) chunk=19.46 t/s avg=18.86 t/s 3.553s
0823 21:52:51 ds4-server: chat ctx=0..107:107 prefill chunk 68/107 (63.6%) chunk=18.56 t/s avg=18.85 t/s 3.607s
0823 21:52:51 ds4-server: chat ctx=0..107:107 prefill chunk 69/107 (64.5%) chunk=19.24 t/s avg=18.86 t/s 3.659s
0823 21:52:51 ds4-server: chat ctx=0..107:107 prefill chunk 70/107 (65.4%) chunk=18.56 t/s avg=18.86 t/s 3.713s
ds4: qwen35moe experts/token avg over 128 tokens: 0:14.5 1:15.0 2:14.8 3:15.6 4:15.8 5:15.6 6:15.2 7:16.2 8:16.9 9:16.6 10:14.6 11:14.6 12:16.2 13:15.5 14:15.8 15:15.6 16:15.1 17:15.3 18:15.6 19:15.1 20:16.6 21:16.2 22:14.9 23:15.5 24:15.8 25:15.0 26:15.6 27:15.9 28:15.4 29:16.1 30:15.5 31:16.3 32:16.0 33:16.0 34:16.2 35:18.0 36:18.2 37:18.8 38:19.4 39:18.5 | mean 16.0
0823 21:52:51 ds4-server: chat ctx=0..107:107 prefill chunk 71/107 (66.4%) chunk=18.36 t/s avg=18.85 t/s 3.767s
0823 21:52:51 ds4-server: chat ctx=0..107:107 prefill chunk 72/107 (67.3%) chunk=19.24 t/s avg=18.85 t/s 3.819s
0823 21:52:51 ds4-server: chat ctx=0..107:107 prefill chunk 73/107 (68.2%) chunk=18.44 t/s avg=18.85 t/s 3.873s
0823 21:52:51 ds4-server: chat ctx=0..107:107 prefill chunk 74/107 (69.2%) chunk=19.48 t/s avg=18.86 t/s 3.925s
0823 21:52:51 ds4-server: chat ctx=0..107:107 prefill chunk 75/107 (70.1%) chunk=18.57 t/s avg=18.85 t/s 3.978s
0823 21:52:51 ds4-server: chat ctx=0..107:107 prefill chunk 76/107 (71.0%) chunk=18.50 t/s avg=18.85 t/s 4.032s
0823 21:52:51 ds4-server: chat ctx=0..107:107 prefill chunk 77/107 (72.0%) chunk=18.74 t/s avg=18.85 t/s 4.086s
0823 21:52:51 ds4-server: chat ctx=0..107:107 prefill chunk 78/107 (72.9%) chunk=18.62 t/s avg=18.84 t/s 4.140s
0823 21:52:51 ds4-server: chat ctx=0..107:107 prefill chunk 79/107 (73.8%) chunk=19.76 t/s avg=18.85 t/s 4.190s
0823 21:52:51 ds4-server: chat ctx=0..107:107 prefill chunk 80/107 (74.8%) chunk=18.71 t/s avg=18.85 t/s 4.244s
0823 21:52:51 ds4-server: chat ctx=0..107:107 prefill chunk 81/107 (75.7%) chunk=18.37 t/s avg=18.85 t/s 4.298s
0823 21:52:51 ds4-server: chat ctx=0..107:107 prefill chunk 82/107 (76.6%) chunk=19.09 t/s avg=18.85 t/s 4.350s
0823 21:52:51 ds4-server: chat ctx=0..107:107 prefill chunk 83/107 (77.6%) chunk=17.74 t/s avg=18.83 t/s 4.407s
0823 21:52:51 ds4-server: chat ctx=0..107:107 prefill chunk 84/107 (78.5%) chunk=18.23 t/s avg=18.83 t/s 4.462s
0823 21:52:51 ds4-server: chat ctx=0..107:107 prefill chunk 85/107 (79.4%) chunk=18.59 t/s avg=18.82 t/s 4.515s
0823 21:52:51 ds4-server: chat ctx=0..107:107 prefill chunk 86/107 (80.4%) chunk=18.37 t/s avg=18.82 t/s 4.570s
0823 21:52:52 ds4-server: chat ctx=0..107:107 prefill chunk 87/107 (81.3%) chunk=19.15 t/s avg=18.82 t/s 4.622s
0823 21:52:52 ds4-server: chat ctx=0..107:107 prefill chunk 88/107 (82.2%) chunk=17.95 t/s avg=18.81 t/s 4.678s
0823 21:52:52 ds4-server: chat ctx=0..107:107 prefill chunk 89/107 (83.2%) chunk=18.15 t/s avg=18.80 t/s 4.733s
0823 21:52:52 ds4-server: chat ctx=0..107:107 prefill chunk 90/107 (84.1%) chunk=18.38 t/s avg=18.80 t/s 4.787s
0823 21:52:52 ds4-server: chat ctx=0..107:107 prefill chunk 91/107 (85.0%) chunk=18.50 t/s avg=18.80 t/s 4.841s
0823 21:52:52 ds4-server: chat ctx=0..107:107 prefill chunk 92/107 (86.0%) chunk=18.56 t/s avg=18.79 t/s 4.895s
0823 21:52:52 ds4-server: chat ctx=0..107:107 prefill chunk 93/107 (86.9%) chunk=18.41 t/s avg=18.79 t/s 4.950s
0823 21:52:52 ds4-server: chat ctx=0..107:107 prefill chunk 94/107 (87.9%) chunk=17.88 t/s avg=18.78 t/s 5.005s
0823 21:52:52 ds4-server: chat ctx=0..107:107 prefill chunk 95/107 (88.8%) chunk=18.67 t/s avg=18.78 t/s 5.059s
0823 21:52:52 ds4-server: chat ctx=0..107:107 prefill chunk 96/107 (89.7%) chunk=18.45 t/s avg=18.77 t/s 5.113s
0823 21:52:52 ds4-server: chat ctx=0..107:107 prefill chunk 97/107 (90.7%) chunk=18.00 t/s avg=18.77 t/s 5.169s
0823 21:52:52 ds4-server: chat ctx=0..107:107 prefill chunk 98/107 (91.6%) chunk=18.20 t/s avg=18.76 t/s 5.224s
0823 21:52:52 ds4-server: chat ctx=0..107:107 prefill chunk 99/107 (92.5%) chunk=18.57 t/s avg=18.76 t/s 5.278s
0823 21:52:52 ds4-server: chat ctx=0..107:107 prefill chunk 100/107 (93.5%) chunk=18.27 t/s avg=18.75 t/s 5.332s
0823 21:52:52 ds4-server: chat ctx=0..107:107 prefill chunk 101/107 (94.4%) chunk=19.30 t/s avg=18.76 t/s 5.384s
0823 21:52:52 ds4-server: chat ctx=0..107:107 prefill chunk 102/107 (95.3%) chunk=18.50 t/s avg=18.76 t/s 5.438s
0823 21:52:52 ds4-server: chat ctx=0..107:107 prefill chunk 103/107 (96.3%) chunk=19.09 t/s avg=18.76 t/s 5.491s
0823 21:52:52 ds4-server: chat ctx=0..107:107 prefill chunk 104/107 (97.2%) chunk=18.67 t/s avg=18.76 t/s 5.544s
0823 21:52:53 ds4-server: chat ctx=0..107:107 prefill chunk 105/107 (98.1%) chunk=18.62 t/s avg=18.76 t/s 5.598s
0823 21:52:53 ds4-server: chat ctx=0..107:107 prefill chunk 106/107 (99.1%) chunk=19.92 t/s avg=18.77 t/s 5.648s
0823 21:52:53 ds4-server: chat ctx=0..107:107 prefill chunk 107/107 (100.0%) chunk=19.31 t/s avg=18.77 t/s 5.700s
0823 21:52:53 ds4-server: chat ctx=0..107:107 prompt done 5.700s
0823 21:52:55 ds4-server: chat ctx=107..157:50 gen=50 THINKING decoding chunk=18.41 t/s avg=18.41 t/s 2.715s
ds4: qwen35moe experts/token avg over 128 tokens: 0:14.6 1:14.2 2:14.8 3:16.5 4:15.2 5:15.0 6:15.2 7:15.2 8:16.0 9:15.0 10:14.6 11:14.1 12:14.7 13:14.2 14:14.7 15:14.8 16:15.4 17:14.1 18:14.2 19:14.5 20:15.7 21:15.7 22:14.6 23:15.0 24:15.2 25:15.1 26:15.4 27:16.1 28:15.5 29:15.7 30:15.5 31:16.7 32:15.8 33:15.3 34:15.3 35:17.4 36:17.9 37:18.0 38:18.8 39:18.4 | mean 15.5
0823 21:52:58 ds4-server: chat ctx=157..207:50 gen=100 THINKING decoding chunk=18.60 t/s avg=18.51 t/s 5.404s
0823 21:53:01 ds4-server: chat ctx=207..257:50 gen=150 THINKING decoding chunk=18.60 t/s avg=18.54 t/s 8.092s
0823 21:53:03 ds4-server: chat ctx=257..307:50 gen=200 THINKING decoding chunk=18.41 t/s avg=18.50 t/s 10.809s
ds4: qwen35moe experts/token avg over 128 tokens: 0:14.8 1:15.1 2:15.0 3:16.5 4:14.9 5:14.7 6:14.2 7:15.2 8:16.0 9:14.8 10:14.4 11:14.3 12:14.6 13:14.6 14:15.4 15:14.6 16:14.5 17:14.5 18:14.2 19:14.3 20:15.4 21:14.8 22:14.0 23:14.2 24:14.0 25:14.6 26:15.0 27:15.1 28:14.6 29:14.9 30:13.7 31:15.3 32:14.6 33:13.6 34:14.0 35:15.7 36:16.0 37:16.1 38:17.5 39:16.6 | mean 14.9
0823 21:53:06 ds4-server: chat ctx=307..357:50 gen=250 THINKING decoding chunk=18.22 t/s avg=18.45 t/s 13.553s
0823 21:53:09 ds4-server: chat ctx=357..407:50 gen=300 THINKING decoding chunk=17.88 t/s avg=18.35 t/s 16.349s
ds4: qwen35moe experts/token avg over 128 tokens: 0:15.4 1:15.1 2:14.9 3:16.6 4:15.2 5:14.7 6:15.0 7:16.0 8:16.5 9:15.8 10:14.9 11:14.5 12:15.2 13:14.5 14:15.3 15:14.8 16:15.5 17:14.7 18:14.7 19:15.3 20:15.8 21:15.7 22:15.0 23:14.9 24:15.5 25:15.1 26:15.7 27:15.6 28:15.7 29:15.2 30:15.0 31:16.2 32:15.4 33:14.4 34:14.9 35:16.7 36:17.0 37:17.1 38:18.4 39:17.5 | mean 15.5
0823 21:53:12 ds4-server: chat ctx=407..457:50 gen=350 THINKING decoding chunk=17.93 t/s avg=18.29 t/s 19.137s
0823 21:53:15 ds4-server: chat ctx=457..507:50 gen=400 THINKING decoding chunk=17.82 t/s avg=18.23 t/s 21.943s
0823 21:53:17 ds4-server: chat ctx=507..557:50 gen=450 THINKING decoding chunk=17.82 t/s avg=18.18 t/s 24.749s
ds4: qwen35moe experts/token avg over 128 tokens: 0:14.7 1:15.4 2:14.5 3:16.7 4:15.8 5:15.6 6:15.2 7:16.2 8:16.6 9:16.2 10:14.6 11:14.6 12:14.9 13:14.8 14:15.4 15:15.1 16:15.0 17:15.0 18:14.9 19:15.1 20:15.8 21:15.8 22:15.1 23:14.5 24:14.5 25:15.0 26:15.3 27:15.4 28:15.2 29:15.0 30:14.8 31:15.5 32:15.4 33:14.7 34:14.7 35:16.7 36:16.4 37:16.5 38:18.1 39:16.7 | mean 15.4
0823 21:53:20 ds4-server: chat ctx=557..607:50 gen=500 THINKING decoding chunk=17.60 t/s avg=18.12 t/s 27.589s
0823 21:53:23 ds4-server: chat ctx=607..657:50 gen=550 THINKING decoding chunk=17.42 t/s avg=18.06 t/s 30.460s
0823 21:53:26 ds4-server: chat ctx=657..707:50 gen=600 THINKING decoding chunk=17.13 t/s avg=17.98 t/s 33.379s
ds4: qwen35moe experts/token avg over 128 tokens: 0:15.1 1:15.7 2:15.4 3:17.5 4:16.7 5:16.1 6:15.3 7:16.9 8:17.9 9:16.7 10:15.6 11:15.8 12:15.7 13:15.5 14:16.5 15:15.5 16:16.0 17:15.3 18:15.0 19:15.3 20:16.2 21:16.2 22:15.2 23:15.4 24:14.9 25:15.9 26:15.9 27:16.1 28:15.3 29:15.4 30:15.8 31:16.4 32:15.5 33:15.0 34:14.5 35:17.3 36:17.1 37:17.5 38:18.7 39:17.5 | mean 16.0
0823 21:53:29 ds4-server: chat ctx=707..757:50 gen=650 THINKING decoding chunk=17.05 t/s avg=17.90 t/s 36.311s
0823 21:53:32 ds4-server: chat ctx=757..807:50 gen=700 THINKING decoding chunk=17.24 t/s avg=17.85 t/s 39.211s
ds4: qwen35moe experts/token avg over 128 tokens: 0:14.7 1:15.6 2:15.6 3:16.9 4:16.3 5:15.8 6:15.9 7:17.3 8:17.3 9:16.7 10:15.4 11:15.1 12:16.4 13:15.9 14:17.0 15:16.1 16:16.3 17:15.3 18:15.3 19:15.5 20:17.1 21:16.4 22:15.5 23:15.5 24:15.8 25:15.2 26:15.8 27:15.9 28:15.7 29:14.8 30:15.4 31:16.2 32:16.0 33:15.0 34:14.9 35:16.9 36:16.9 37:17.4 38:18.6 39:17.1 | mean 16.1
0823 21:53:35 ds4-server: chat ctx=807..857:50 gen=750 THINKING decoding chunk=16.97 t/s avg=17.79 t/s 42.158s
0823 21:53:38 ds4-server: chat ctx=857..907:50 gen=800 THINKING decoding chunk=16.89 t/s avg=17.73 t/s 45.117s
0823 21:53:41 ds4-server: chat ctx=907..957:50 gen=850 THINKING decoding chunk=16.72 t/s avg=17.67 t/s 48.107s
ds4: qwen35moe experts/token avg over 128 tokens: 0:14.5 1:15.9 2:15.0 3:17.2 4:16.4 5:16.0 6:15.6 7:17.5 8:17.9 9:16.8 10:16.0 11:15.5 12:16.2 13:15.9 14:16.2 15:16.2 16:16.3 17:15.8 18:16.0 19:15.9 20:17.2 21:17.4 22:15.7 23:15.1 24:15.8 25:16.1 26:16.7 27:16.2 28:15.7 29:15.7 30:15.4 31:16.5 32:15.5 33:14.7 34:14.5 35:17.0 36:16.8 37:17.9 38:18.3 39:17.2 | mean 16.2
0823 21:53:44 ds4-server: chat ctx=957..1007:50 gen=900 THINKING decoding chunk=16.59 t/s avg=17.61 t/s 51.121s
0823 21:53:47 ds4-server: chat ctx=1007..1057:50 gen=950 THINKING decoding chunk=16.68 t/s avg=17.55 t/s 54.119s
ds4: qwen35moe experts/token avg over 128 tokens: 0:15.1 1:15.6 2:15.2 3:17.2 4:16.4 5:15.7 6:15.8 7:17.4 8:17.7 9:17.5 10:15.7 11:15.9 12:16.4 13:16.2 14:16.6 15:16.1 16:16.1 17:16.5 18:16.1 19:16.2 20:17.5 21:17.1 22:15.5 23:15.5 24:15.2 25:15.7 26:15.9 27:16.2 28:15.6 29:16.3 30:16.0 31:16.7 32:15.6 33:15.3 34:14.8 35:17.1 36:16.9 37:18.0 38:18.7 39:17.6 | mean 16.3
0823 21:53:50 ds4-server: chat ctx=1057..1107:50 gen=1000 THINKING decoding chunk=16.50 t/s avg=17.50 t/s 57.150s
0823 21:53:53 ds4-server: chat ctx=1107..1157:50 gen=1050 decoding chunk=16.54 t/s avg=17.45 t/s 60.173s
0823 21:53:56 ds4-server: chat ctx=1157..1207:50 gen=1100 decoding chunk=16.45 t/s avg=17.40 t/s 63.213s
ds4: qwen35moe experts/token avg over 128 tokens: 0:13.7 1:15.9 2:14.9 3:17.0 4:16.3 5:15.7 6:15.2 7:16.5 8:17.1 9:16.3 10:15.1 11:14.7 12:16.3 13:15.7 14:16.2 15:16.0 16:16.1 17:15.6 18:15.7 19:15.4 20:17.3 21:16.5 22:15.5 23:14.8 24:15.6 25:15.4 26:15.8 27:16.3 28:15.6 29:15.6 30:14.9 31:16.0 32:15.1 33:14.5 34:14.5 35:17.0 36:17.4 37:17.4 38:18.6 39:17.7 | mean 15.9
0823 21:53:59 ds4-server: chat ctx=1207..1257:50 gen=1150 decoding chunk=16.37 t/s avg=17.35 t/s 66.267s
0823 21:54:02 ds4-server: chat ctx=1257..1307:50 gen=1200 decoding chunk=16.29 t/s avg=17.31 t/s 69.336s
ds4: qwen35moe experts/token avg over 128 tokens: 0:15.1 1:16.6 2:15.8 3:17.7 4:17.1 5:17.1 6:16.2 7:17.9 8:18.3 9:17.3 10:16.2 11:16.1 12:16.7 13:16.1 14:17.3 15:16.2 16:16.1 17:16.0 18:16.4 19:16.0 20:16.9 21:16.7 22:15.9 23:15.8 24:15.5 25:15.9 26:16.2 27:16.0 28:15.6 29:15.8 30:16.0 31:16.1 32:15.3 33:15.3 34:15.0 35:17.6 36:17.1 37:17.1 38:18.8 39:17.9 | mean 16.5
0823 21:54:05 ds4-server: chat ctx=1307..1357:50 gen=1250 decoding chunk=15.91 t/s avg=17.25 t/s 72.479s
0823 21:54:08 ds4-server: chat ctx=1357..1407:50 gen=1300 decoding chunk=15.89 t/s avg=17.19 t/s 75.625s
0823 21:54:09 ds4-server: chat ctx=1407..1421:14 gen=1314 decoding chunk=15.70 t/s avg=17.17 t/s 76.517s
0823 21:54:09 ds4-server: thinking live checkpoint remembered ctx=0..107:107 live=1421 visible=1847
0823 21:54:09 ds4-server: chat ctx=0..107:107 gen=1314 finish=stop 82.217s
0823 21:54:09 ds4-server: live kv cache miss live=1421 prompt=134 common=56 reason=token-mismatch
0823 21:54:09 ds4-server: chat ctx=0..134:134 prompt start
0823 21:54:09 ds4-server: chat ctx=0..134:134 prefill chunk 1/134 (0.7%) chunk=0.00 t/s avg=19.27 t/s 0.052s
0823 21:54:09 ds4-server: chat ctx=0..134:134 prefill chunk 2/134 (1.5%) chunk=19.85 t/s avg=19.55 t/s 0.102s
0823 21:54:09 ds4-server: chat ctx=0..134:134 prefill chunk 3/134 (2.2%) chunk=19.51 t/s avg=19.54 t/s 0.154s
0823 21:54:09 ds4-server: chat ctx=0..134:134 prefill chunk 4/134 (3.0%) chunk=19.61 t/s avg=19.56 t/s 0.205s
0823 21:54:09 ds4-server: chat ctx=0..134:134 prefill chunk 5/134 (3.7%) chunk=19.24 t/s avg=19.49 t/s 0.257s
0823 21:54:09 ds4-server: chat ctx=0..134:134 prefill chunk 6/134 (4.5%) chunk=19.58 t/s avg=19.51 t/s 0.308s
0823 21:54:09 ds4-server: chat ctx=0..134:134 prefill chunk 7/134 (5.2%) chunk=19.52 t/s avg=19.51 t/s 0.359s
0823 21:54:10 ds4-server: chat ctx=0..134:134 prefill chunk 8/134 (6.0%) chunk=18.69 t/s avg=19.40 t/s 0.412s
0823 21:54:10 ds4-server: chat ctx=0..134:134 prefill chunk 9/134 (6.7%) chunk=20.06 t/s avg=19.47 t/s 0.462s
0823 21:54:10 ds4-server: chat ctx=0..134:134 prefill chunk 10/134 (7.5%) chunk=19.00 t/s avg=19.42 t/s 0.515s
0823 21:54:10 ds4-server: chat ctx=0..134:134 prefill chunk 11/134 (8.2%) chunk=19.75 t/s avg=19.45 t/s 0.565s
0823 21:54:10 ds4-server: chat ctx=0..134:134 prefill chunk 12/134 (9.0%) chunk=18.44 t/s avg=19.37 t/s 0.620s
0823 21:54:10 ds4-server: chat ctx=0..134:134 prefill chunk 13/134 (9.7%) chunk=19.33 t/s avg=19.36 t/s 0.671s
0823 21:54:10 ds4-server: chat ctx=0..134:134 prefill chunk 14/134 (10.4%) chunk=18.53 t/s avg=19.30 t/s 0.725s
0823 21:54:10 ds4-server: chat ctx=0..134:134 prefill chunk 15/134 (11.2%) chunk=18.41 t/s avg=19.24 t/s 0.780s
0823 21:54:10 ds4-server: chat ctx=0..134:134 prefill chunk 16/134 (11.9%) chunk=19.23 t/s avg=19.24 t/s 0.832s
0823 21:54:10 ds4-server: chat ctx=0..134:134 prefill chunk 17/134 (12.7%) chunk=18.56 t/s avg=19.20 t/s 0.886s
0823 21:54:10 ds4-server: chat ctx=0..134:134 prefill chunk 18/134 (13.4%) chunk=19.37 t/s avg=19.21 t/s 0.937s
0823 21:54:10 ds4-server: chat ctx=0..134:134 prefill chunk 19/134 (14.2%) chunk=18.42 t/s avg=19.16 t/s 0.991s
0823 21:54:10 ds4-server: chat ctx=0..134:134 prefill chunk 20/134 (14.9%) chunk=18.02 t/s avg=19.10 t/s 1.047s
0823 21:54:10 ds4-server: chat ctx=0..134:134 prefill chunk 21/134 (15.7%) chunk=19.46 t/s avg=19.12 t/s 1.098s
0823 21:54:10 ds4-server: chat ctx=0..134:134 prefill chunk 22/134 (16.4%) chunk=18.69 t/s avg=19.10 t/s 1.152s
0823 21:54:10 ds4-server: chat ctx=0..134:134 prefill chunk 23/134 (17.2%) chunk=19.53 t/s avg=19.12 t/s 1.203s
0823 21:54:10 ds4-server: chat ctx=0..134:134 prefill chunk 24/134 (17.9%) chunk=19.15 t/s avg=19.12 t/s 1.255s
0823 21:54:10 ds4-server: chat ctx=0..134:134 prefill chunk 25/134 (18.7%) chunk=19.46 t/s avg=19.13 t/s 1.307s
0823 21:54:10 ds4-server: chat ctx=0..134:134 prefill chunk 26/134 (19.4%) chunk=19.04 t/s avg=19.13 t/s 1.359s
0823 21:54:11 ds4-server: chat ctx=0..134:134 prefill chunk 27/134 (20.1%) chunk=18.82 t/s avg=19.12 t/s 1.412s
0823 21:54:11 ds4-server: chat ctx=0..134:134 prefill chunk 28/134 (20.9%) chunk=19.46 t/s avg=19.13 t/s 1.464s
0823 21:54:11 ds4-server: chat ctx=0..134:134 prefill chunk 29/134 (21.6%) chunk=18.58 t/s avg=19.11 t/s 1.518s
0823 21:54:11 ds4-server: chat ctx=0..134:134 prefill chunk 30/134 (22.4%) chunk=19.13 t/s avg=19.11 t/s 1.570s
0823 21:54:11 ds4-server: chat ctx=0..134:134 prefill chunk 31/134 (23.1%) chunk=18.19 t/s avg=19.08 t/s 1.625s
0823 21:54:11 ds4-server: chat ctx=0..134:134 prefill chunk 32/134 (23.9%) chunk=18.60 t/s avg=19.06 t/s 1.679s
0823 21:54:11 ds4-server: chat ctx=0..134:134 prefill chunk 33/134 (24.6%) chunk=19.41 t/s avg=19.07 t/s 1.730s
0823 21:54:11 ds4-server: chat ctx=0..134:134 prefill chunk 34/134 (25.4%) chunk=18.40 t/s avg=19.05 t/s 1.784s
0823 21:54:11 ds4-server: chat ctx=0..134:134 prefill chunk 35/134 (26.1%) chunk=18.73 t/s avg=19.04 t/s 1.838s
0823 21:54:11 ds4-server: chat ctx=0..134:134 prefill chunk 36/134 (26.9%) chunk=18.34 t/s avg=19.02 t/s 1.892s
0823 21:54:11 ds4-server: chat ctx=0..134:134 prefill chunk 37/134 (27.6%) chunk=17.63 t/s avg=18.98 t/s 1.949s
0823 21:54:11 ds4-server: chat ctx=0..134:134 prefill chunk 38/134 (28.4%) chunk=18.38 t/s avg=18.97 t/s 2.004s
0823 21:54:11 ds4-server: chat ctx=0..134:134 prefill chunk 39/134 (29.1%) chunk=18.25 t/s avg=18.95 t/s 2.058s
0823 21:54:11 ds4-server: chat ctx=0..134:134 prefill chunk 40/134 (29.9%) chunk=18.53 t/s avg=18.94 t/s 2.112s
0823 21:54:11 ds4-server: chat ctx=0..134:134 prefill chunk 41/134 (30.6%) chunk=18.73 t/s avg=18.93 t/s 2.166s
0823 21:54:11 ds4-server: chat ctx=0..134:134 prefill chunk 42/134 (31.3%) chunk=18.60 t/s avg=18.92 t/s 2.219s
0823 21:54:11 ds4-server: chat ctx=0..134:134 prefill chunk 43/134 (32.1%) chunk=19.39 t/s avg=18.93 t/s 2.271s
0823 21:54:11 ds4-server: chat ctx=0..134:134 prefill chunk 44/134 (32.8%) chunk=18.90 t/s avg=18.93 t/s 2.324s
0823 21:54:12 ds4-server: chat ctx=0..134:134 prefill chunk 45/134 (33.6%) chunk=18.48 t/s avg=18.92 t/s 2.378s
0823 21:54:12 ds4-server: chat ctx=0..134:134 prefill chunk 46/134 (34.3%) chunk=18.89 t/s avg=18.92 t/s 2.431s
0823 21:54:12 ds4-server: chat ctx=0..134:134 prefill chunk 47/134 (35.1%) chunk=18.13 t/s avg=18.90 t/s 2.486s
0823 21:54:12 ds4-server: chat ctx=0..134:134 prefill chunk 48/134 (35.8%) chunk=19.28 t/s avg=18.91 t/s 2.538s
0823 21:54:12 ds4-server: chat ctx=0..134:134 prefill chunk 49/134 (36.6%) chunk=18.78 t/s avg=18.91 t/s 2.591s
0823 21:54:12 ds4-server: chat ctx=0..134:134 prefill chunk 50/134 (37.3%) chunk=18.55 t/s avg=18.90 t/s 2.645s
0823 21:54:12 ds4-server: chat ctx=0..134:134 prefill chunk 51/134 (38.1%) chunk=19.21 t/s avg=18.91 t/s 2.697s
0823 21:54:12 ds4-server: chat ctx=0..134:134 prefill chunk 52/134 (38.8%) chunk=18.20 t/s avg=18.89 t/s 2.752s
0823 21:54:12 ds4-server: chat ctx=0..134:134 prefill chunk 53/134 (39.6%) chunk=19.49 t/s avg=18.91 t/s 2.803s
0823 21:54:12 ds4-server: chat ctx=0..134:134 prefill chunk 54/134 (40.3%) chunk=18.92 t/s avg=18.91 t/s 2.856s
0823 21:54:12 ds4-server: chat ctx=0..134:134 prefill chunk 55/134 (41.0%) chunk=19.98 t/s avg=18.92 t/s 2.906s
0823 21:54:12 ds4-server: chat ctx=0..134:134 prefill chunk 56/134 (41.8%) chunk=20.46 t/s avg=18.95 t/s 2.955s
0823 21:54:12 ds4-server: chat ctx=0..134:134 prefill chunk 57/134 (42.5%) chunk=19.12 t/s avg=18.95 t/s 3.008s
ds4: qwen35moe experts/token avg over 128 tokens: 0:14.4 1:15.3 2:15.3 3:16.6 4:16.2 5:16.1 6:15.1 7:16.9 8:17.3 9:17.0 10:15.2 11:15.1 12:16.5 13:16.0 14:16.6 15:15.9 16:15.8 17:15.9 18:15.7 19:15.1 20:16.8 21:16.3 22:15.5 23:15.2 24:15.8 25:15.5 26:15.7 27:16.2 28:15.3 29:15.4 30:14.9 31:16.2 32:15.2 33:15.5 34:15.8 35:17.9 36:17.8 37:18.0 38:19.1 39:18.6 | mean 16.1
0823 21:54:12 ds4-server: chat ctx=0..134:134 prefill chunk 58/134 (43.3%) chunk=18.49 t/s avg=18.94 t/s 3.062s
0823 21:54:12 ds4-server: chat ctx=0..134:134 prefill chunk 59/134 (44.0%) chunk=18.06 t/s avg=18.93 t/s 3.117s
0823 21:54:12 ds4-server: chat ctx=0..134:134 prefill chunk 60/134 (44.8%) chunk=18.86 t/s avg=18.93 t/s 3.170s
0823 21:54:12 ds4-server: chat ctx=0..134:134 prefill chunk 61/134 (45.5%) chunk=18.06 t/s avg=18.91 t/s 3.225s
0823 21:54:12 ds4-server: chat ctx=0..134:134 prefill chunk 62/134 (46.3%) chunk=18.16 t/s avg=18.90 t/s 3.280s
0823 21:54:12 ds4-server: chat ctx=0..134:134 prefill chunk 63/134 (47.0%) chunk=19.01 t/s avg=18.90 t/s 3.333s
0823 21:54:13 ds4-server: chat ctx=0..134:134 prefill chunk 64/134 (47.8%) chunk=18.18 t/s avg=18.89 t/s 3.388s
0823 21:54:13 ds4-server: chat ctx=0..134:134 prefill chunk 65/134 (48.5%) chunk=18.69 t/s avg=18.89 t/s 3.442s
0823 21:54:13 ds4-server: chat ctx=0..134:134 prefill chunk 66/134 (49.3%) chunk=18.99 t/s avg=18.89 t/s 3.494s
0823 21:54:13 ds4-server: chat ctx=0..134:134 prefill chunk 67/134 (50.0%) chunk=18.29 t/s avg=18.88 t/s 3.549s
0823 21:54:13 ds4-server: chat ctx=0..134:134 prefill chunk 68/134 (50.7%) chunk=19.45 t/s avg=18.89 t/s 3.600s
0823 21:54:13 ds4-server: chat ctx=0..134:134 prefill chunk 69/134 (51.5%) chunk=18.66 t/s avg=18.88 t/s 3.654s
0823 21:54:13 ds4-server: chat ctx=0..134:134 prefill chunk 70/134 (52.2%) chunk=19.58 t/s avg=18.89 t/s 3.705s
0823 21:54:13 ds4-server: chat ctx=0..134:134 prefill chunk 71/134 (53.0%) chunk=18.42 t/s avg=18.89 t/s 3.759s
0823 21:54:13 ds4-server: chat ctx=0..134:134 prefill chunk 72/134 (53.7%) chunk=17.89 t/s avg=18.87 t/s 3.815s
0823 21:54:13 ds4-server: chat ctx=0..134:134 prefill chunk 73/134 (54.5%) chunk=19.45 t/s avg=18.88 t/s 3.867s
0823 21:54:13 ds4-server: chat ctx=0..134:134 prefill chunk 74/134 (55.2%) chunk=18.12 t/s avg=18.87 t/s 3.922s
0823 21:54:13 ds4-server: chat ctx=0..134:134 prefill chunk 75/134 (56.0%) chunk=18.14 t/s avg=18.86 t/s 3.977s
0823 21:54:13 ds4-server: chat ctx=0..134:134 prefill chunk 76/134 (56.7%) chunk=18.73 t/s avg=18.86 t/s 4.030s
0823 21:54:13 ds4-server: chat ctx=0..134:134 prefill chunk 77/134 (57.5%) chunk=17.96 t/s avg=18.85 t/s 4.086s
0823 21:54:13 ds4-server: chat ctx=0..134:134 prefill chunk 78/134 (58.2%) chunk=18.73 t/s avg=18.84 t/s 4.139s
0823 21:54:13 ds4-server: chat ctx=0..134:134 prefill chunk 79/134 (59.0%) chunk=18.15 t/s avg=18.83 t/s 4.194s
0823 21:54:13 ds4-server: chat ctx=0..134:134 prefill chunk 80/134 (59.7%) chunk=19.27 t/s avg=18.84 t/s 4.246s
0823 21:54:13 ds4-server: chat ctx=0..134:134 prefill chunk 81/134 (60.4%) chunk=19.49 t/s avg=18.85 t/s 4.298s
0823 21:54:13 ds4-server: chat ctx=0..134:134 prefill chunk 82/134 (61.2%) chunk=18.70 t/s avg=18.85 t/s 4.351s
0823 21:54:14 ds4-server: chat ctx=0..134:134 prefill chunk 83/134 (61.9%) chunk=18.44 t/s avg=18.84 t/s 4.405s
0823 21:54:14 ds4-server: chat ctx=0..134:134 prefill chunk 84/134 (62.7%) chunk=18.64 t/s avg=18.84 t/s 4.459s
0823 21:54:14 ds4-server: chat ctx=0..134:134 prefill chunk 85/134 (63.4%) chunk=18.65 t/s avg=18.84 t/s 4.513s
0823 21:54:14 ds4-server: chat ctx=0..134:134 prefill chunk 86/134 (64.2%) chunk=18.91 t/s avg=18.84 t/s 4.565s
0823 21:54:14 ds4-server: chat ctx=0..134:134 prefill chunk 87/134 (64.9%) chunk=17.82 t/s avg=18.82 t/s 4.622s
0823 21:54:14 ds4-server: chat ctx=0..134:134 prefill chunk 88/134 (65.7%) chunk=18.92 t/s avg=18.83 t/s 4.674s
0823 21:54:14 ds4-server: chat ctx=0..134:134 prefill chunk 89/134 (66.4%) chunk=18.34 t/s avg=18.82 t/s 4.729s
0823 21:54:14 ds4-server: chat ctx=0..134:134 prefill chunk 90/134 (67.2%) chunk=18.18 t/s avg=18.81 t/s 4.784s
0823 21:54:14 ds4-server: chat ctx=0..134:134 prefill chunk 91/134 (67.9%) chunk=18.20 t/s avg=18.81 t/s 4.839s
0823 21:54:14 ds4-server: chat ctx=0..134:134 prefill chunk 92/134 (68.7%) chunk=18.23 t/s avg=18.80 t/s 4.894s
0823 21:54:14 ds4-server: chat ctx=0..134:134 prefill chunk 93/134 (69.4%) chunk=17.85 t/s avg=18.79 t/s 4.950s
0823 21:54:14 ds4-server: chat ctx=0..134:134 prefill chunk 94/134 (70.1%) chunk=18.57 t/s avg=18.79 t/s 5.004s
0823 21:54:14 ds4-server: chat ctx=0..134:134 prefill chunk 95/134 (70.9%) chunk=18.13 t/s avg=18.78 t/s 5.059s
0823 21:54:14 ds4-server: chat ctx=0..134:134 prefill chunk 96/134 (71.6%) chunk=18.60 t/s avg=18.78 t/s 5.113s
0823 21:54:14 ds4-server: chat ctx=0..134:134 prefill chunk 97/134 (72.4%) chunk=18.88 t/s avg=18.78 t/s 5.166s
0823 21:54:14 ds4-server: chat ctx=0..134:134 prefill chunk 98/134 (73.1%) chunk=18.09 t/s avg=18.77 t/s 5.221s
0823 21:54:14 ds4-server: chat ctx=0..134:134 prefill chunk 99/134 (73.9%) chunk=17.85 t/s avg=18.76 t/s 5.277s
0823 21:54:14 ds4-server: chat ctx=0..134:134 prefill chunk 100/134 (74.6%) chunk=18.72 t/s avg=18.76 t/s 5.330s
0823 21:54:15 ds4-server: chat ctx=0..134:134 prefill chunk 101/134 (75.4%) chunk=18.15 t/s avg=18.75 t/s 5.385s
0823 21:54:15 ds4-server: chat ctx=0..134:134 prefill chunk 102/134 (76.1%) chunk=18.81 t/s avg=18.75 t/s 5.439s
0823 21:54:15 ds4-server: chat ctx=0..134:134 prefill chunk 103/134 (76.9%) chunk=18.46 t/s avg=18.75 t/s 5.493s
0823 21:54:15 ds4-server: chat ctx=0..134:134 prefill chunk 104/134 (77.6%) chunk=17.76 t/s avg=18.74 t/s 5.549s
0823 21:54:15 ds4-server: chat ctx=0..134:134 prefill chunk 105/134 (78.4%) chunk=18.65 t/s avg=18.74 t/s 5.603s
0823 21:54:15 ds4-server: chat ctx=0..134:134 prefill chunk 106/134 (79.1%) chunk=18.13 t/s avg=18.74 t/s 5.658s
0823 21:54:15 ds4-server: chat ctx=0..134:134 prefill chunk 107/134 (79.9%) chunk=18.37 t/s avg=18.73 t/s 5.712s
0823 21:54:15 ds4-server: chat ctx=0..134:134 prefill chunk 108/134 (80.6%) chunk=18.95 t/s avg=18.73 t/s 5.765s
0823 21:54:15 ds4-server: chat ctx=0..134:134 prefill chunk 109/134 (81.3%) chunk=17.87 t/s avg=18.73 t/s 5.821s
0823 21:54:15 ds4-server: chat ctx=0..134:134 prefill chunk 110/134 (82.1%) chunk=17.64 t/s avg=18.71 t/s 5.878s
0823 21:54:15 ds4-server: chat ctx=0..134:134 prefill chunk 111/134 (82.8%) chunk=18.73 t/s avg=18.71 t/s 5.931s
0823 21:54:15 ds4-server: chat ctx=0..134:134 prefill chunk 112/134 (83.6%) chunk=17.94 t/s avg=18.71 t/s 5.987s
0823 21:54:15 ds4-server: chat ctx=0..134:134 prefill chunk 113/134 (84.3%) chunk=18.03 t/s avg=18.70 t/s 6.042s
0823 21:54:15 ds4-server: chat ctx=0..134:134 prefill chunk 114/134 (85.1%) chunk=18.01 t/s avg=18.70 t/s 6.098s
0823 21:54:15 ds4-server: chat ctx=0..134:134 prefill chunk 115/134 (85.8%) chunk=18.23 t/s avg=18.69 t/s 6.153s
0823 21:54:15 ds4-server: chat ctx=0..134:134 prefill chunk 116/134 (86.6%) chunk=17.99 t/s avg=18.68 t/s 6.208s
0823 21:54:15 ds4-server: chat ctx=0..134:134 prefill chunk 117/134 (87.3%) chunk=17.93 t/s avg=18.68 t/s 6.264s
0823 21:54:15 ds4-server: chat ctx=0..134:134 prefill chunk 118/134 (88.1%) chunk=18.20 t/s avg=18.67 t/s 6.319s
0823 21:54:16 ds4-server: chat ctx=0..134:134 prefill chunk 119/134 (88.8%) chunk=19.23 t/s avg=18.68 t/s 6.371s
0823 21:54:16 ds4-server: chat ctx=0..134:134 prefill chunk 120/134 (89.6%) chunk=17.61 t/s avg=18.67 t/s 6.428s
0823 21:54:16 ds4-server: chat ctx=0..134:134 prefill chunk 121/134 (90.3%) chunk=17.69 t/s avg=18.66 t/s 6.484s
0823 21:54:16 ds4-server: chat ctx=0..134:134 prefill chunk 122/134 (91.0%) chunk=17.80 t/s avg=18.65 t/s 6.541s
0823 21:54:16 ds4-server: chat ctx=0..134:134 prefill chunk 123/134 (91.8%) chunk=17.93 t/s avg=18.65 t/s 6.596s
0823 21:54:16 ds4-server: chat ctx=0..134:134 prefill chunk 124/134 (92.5%) chunk=17.29 t/s avg=18.63 t/s 6.654s
0823 21:54:16 ds4-server: chat ctx=0..134:134 prefill chunk 125/134 (93.3%) chunk=17.81 t/s avg=18.63 t/s 6.710s
0823 21:54:16 ds4-server: chat ctx=0..134:134 prefill chunk 126/134 (94.0%) chunk=18.29 t/s avg=18.63 t/s 6.765s
0823 21:54:16 ds4-server: chat ctx=0..134:134 prefill chunk 127/134 (94.8%) chunk=18.02 t/s avg=18.62 t/s 6.820s
0823 21:54:16 ds4-server: chat ctx=0..134:134 prefill chunk 128/134 (95.5%) chunk=19.12 t/s avg=18.62 t/s 6.873s
0823 21:54:16 ds4-server: chat ctx=0..134:134 prefill chunk 129/134 (96.3%) chunk=18.31 t/s avg=18.62 t/s 6.927s
0823 21:54:16 ds4-server: chat ctx=0..134:134 prefill chunk 130/134 (97.0%) chunk=17.63 t/s avg=18.61 t/s 6.984s
0823 21:54:16 ds4-server: chat ctx=0..134:134 prefill chunk 131/134 (97.8%) chunk=19.33 t/s avg=18.62 t/s 7.036s
0823 21:54:16 ds4-server: chat ctx=0..134:134 prefill chunk 132/134 (98.5%) chunk=17.93 t/s avg=18.61 t/s 7.092s
0823 21:54:16 ds4-server: chat ctx=0..134:134 prefill chunk 133/134 (99.3%) chunk=19.17 t/s avg=18.62 t/s 7.144s
0823 21:54:16 ds4-server: chat ctx=0..134:134 prefill chunk 134/134 (100.0%) chunk=19.77 t/s avg=18.63 t/s 7.194s
0823 21:54:16 ds4-server: chat ctx=0..134:134 prompt done 7.194s
0823 21:54:19 ds4-server: chat ctx=134..184:50 gen=50 THINKING decoding chunk=18.35 t/s avg=18.35 t/s 2.726s
ds4: qwen35moe experts/token avg over 128 tokens: 0:14.0 1:13.6 2:14.6 3:15.8 4:15.3 5:15.3 6:14.9 7:15.2 8:15.9 9:15.9 10:14.2 11:14.0 12:15.1 13:15.2 14:14.9 15:15.5 16:15.9 17:14.7 18:15.5 19:15.8 20:16.9 21:16.6 22:15.1 23:14.7 24:16.1 25:15.6 26:16.7 27:15.9 28:16.7 29:16.1 30:16.2 31:16.9 32:16.6 33:16.0 34:16.5 35:18.0 36:17.9 37:18.6 38:18.9 39:18.1 | mean 15.9
0823 21:54:22 ds4-server: chat ctx=184..234:50 gen=100 THINKING decoding chunk=18.25 t/s avg=18.30 t/s 5.466s
0823 21:54:25 ds4-server: chat ctx=234..284:50 gen=150 THINKING decoding chunk=18.03 t/s avg=18.21 t/s 8.239s
ds4: qwen35moe experts/token avg over 128 tokens: 0:14.8 1:14.9 2:15.5 3:15.9 4:15.8 5:16.0 6:15.4 7:16.7 8:16.6 9:16.8 10:14.9 11:14.7 12:15.8 13:15.7 14:15.0 15:15.3 16:16.0 17:15.0 18:14.9 19:15.7 20:16.5 21:16.3 22:14.9 23:14.9 24:15.7 25:16.2 26:15.8 27:15.6 28:16.4 29:15.6 30:15.9 31:16.5 32:15.9 33:15.7 34:16.1 35:17.4 36:17.9 37:18.0 38:18.5 39:18.6 | mean 16.0
0823 21:54:27 ds4-server: chat ctx=284..334:50 gen=200 THINKING decoding chunk=17.99 t/s avg=18.15 t/s 11.018s
0823 21:54:30 ds4-server: chat ctx=334..384:50 gen=250 THINKING decoding chunk=17.83 t/s avg=18.09 t/s 13.822s
0823 21:54:33 ds4-server: chat ctx=384..434:50 gen=300 THINKING decoding chunk=17.45 t/s avg=17.98 t/s 16.688s
ds4: qwen35moe experts/token avg over 128 tokens: 0:14.8 1:15.4 2:15.5 3:16.5 4:15.5 5:16.4 6:15.8 7:17.3 8:17.4 9:17.6 10:15.9 11:15.0 12:15.9 13:16.5 14:16.2 15:16.1 16:17.2 17:15.9 18:16.2 19:16.6 20:17.2 21:17.5 22:16.0 23:15.8 24:15.7 25:16.7 26:16.0 27:16.3 28:16.4 29:16.8 30:16.5 31:17.7 32:16.6 33:16.4 34:16.3 35:17.7 36:17.7 37:17.8 38:18.7 39:18.4 | mean 16.6
0823 21:54:36 ds4-server: chat ctx=434..484:50 gen=350 THINKING decoding chunk=17.24 t/s avg=17.87 t/s 19.588s
0823 21:54:39 ds4-server: chat ctx=484..534:50 gen=400 THINKING decoding chunk=16.95 t/s avg=17.75 t/s 22.537s
ds4: qwen35moe experts/token avg over 128 tokens: 0:15.6 1:16.5 2:16.3 3:17.4 4:16.9 5:17.2 6:17.4 7:17.2 8:17.9 9:18.0 10:16.0 11:15.7 12:17.5 13:17.3 14:17.1 15:17.4 16:16.4 17:16.7 18:16.7 19:17.4 20:18.1 21:18.0 22:15.5 23:16.2 24:17.1 25:17.0 26:17.0 27:16.8 28:16.6 29:17.7 30:17.0 31:18.3 32:17.0 33:17.0 34:17.0 35:18.2 36:17.9 37:18.8 38:19.2 39:18.9 | mean 17.2
0823 21:54:42 ds4-server: chat ctx=534..584:50 gen=450 THINKING decoding chunk=17.24 t/s avg=17.69 t/s 25.437s
0823 21:54:45 ds4-server: chat ctx=584..634:50 gen=500 THINKING decoding chunk=17.34 t/s avg=17.66 t/s 28.320s
0823 21:54:48 ds4-server: chat ctx=634..684:50 gen=550 THINKING decoding chunk=17.19 t/s avg=17.61 t/s 31.229s
ds4: qwen35moe experts/token avg over 128 tokens: 0:15.2 1:16.1 2:15.7 3:17.1 4:17.0 5:16.0 6:16.1 7:17.2 8:18.0 9:17.8 10:15.1 11:14.7 12:16.3 13:16.4 14:16.4 15:16.9 16:16.0 17:15.7 18:15.7 19:16.6 20:17.5 21:17.1 22:14.7 23:15.2 24:15.8 25:15.2 26:16.4 27:15.9 28:15.8 29:16.0 30:15.8 31:16.9 32:14.6 33:14.5 34:14.9 35:16.4 36:16.0 37:17.0 38:18.3 39:17.8 | mean 16.2
0823 21:54:50 ds4-server: chat ctx=684..734:50 gen=600 THINKING decoding chunk=17.18 t/s avg=17.58 t/s 34.138s
0823 21:54:53 ds4-server: chat ctx=734..784:50 gen=650 decoding chunk=16.85 t/s avg=17.52 t/s 37.105s
ds4: qwen35moe experts/token avg over 128 tokens: 0:14.3 1:15.3 2:15.8 3:16.3 4:16.8 5:16.7 6:16.1 7:17.6 8:18.2 9:17.4 10:15.2 11:15.3 12:16.9 13:16.5 14:16.7 15:16.9 16:16.9 17:16.6 18:15.8 19:16.4 20:17.7 21:16.9 22:15.8 23:15.3 24:16.6 25:16.2 26:17.3 27:16.2 28:16.7 29:16.1 30:16.6 31:17.2 32:15.4 33:15.2 34:15.1 35:16.8 36:16.9 37:17.6 38:18.7 39:18.1 | mean 16.5
0823 21:54:56 ds4-server: chat ctx=784..834:50 gen=700 decoding chunk=16.76 t/s avg=17.46 t/s 40.088s
0823 21:54:59 ds4-server: chat ctx=834..884:50 gen=750 decoding chunk=16.75 t/s avg=17.41 t/s 43.073s
0823 21:55:02 ds4-server: chat ctx=884..934:50 gen=800 decoding chunk=16.39 t/s avg=17.34 t/s 46.123s
ds4: qwen35moe experts/token avg over 128 tokens: 0:15.0 1:16.1 2:15.9 3:17.8 4:17.0 5:17.4 6:17.2 7:17.6 8:17.9 9:18.3 10:16.2 11:16.1 12:17.9 13:18.4 14:17.7 15:17.8 16:16.8 17:17.2 18:17.3 19:17.1 20:17.9 21:18.1 22:16.3 23:16.3 24:17.1 25:17.6 26:17.0 27:16.8 28:16.3 29:16.7 30:16.5 31:18.1 32:16.1 33:15.8 34:16.3 35:18.1 36:17.9 37:18.1 38:18.5 39:18.6 | mean 17.2
0823 21:55:06 ds4-server: chat ctx=934..984:50 gen=850 decoding chunk=16.14 t/s avg=17.27 t/s 49.222s
0823 21:55:09 ds4-server: chat ctx=984..1034:50 gen=900 decoding chunk=16.28 t/s avg=17.21 t/s 52.293s
0823 21:55:10 ds4-server: chat ctx=1034..1059:25 gen=925 decoding chunk=16.07 t/s avg=17.18 t/s 53.849s
0823 21:55:10 ds4-server: thinking live checkpoint remembered ctx=0..134:134 live=1059 visible=2058
0823 21:55:10 ds4-server: chat ctx=0..134:134 gen=925 finish=stop 61.044s
0823 21:55:10 ds4-server: live kv cache miss live=1059 prompt=155 common=56 reason=token-mismatch
0823 21:55:10 ds4-server: chat ctx=0..155:155 prompt start
0823 21:55:10 ds4-server: chat ctx=0..155:155 prefill chunk 1/155 (0.6%) chunk=0.00 t/s avg=20.17 t/s 0.050s
0823 21:55:10 ds4-server: chat ctx=0..155:155 prefill chunk 2/155 (1.3%) chunk=19.26 t/s avg=19.70 t/s 0.102s
0823 21:55:10 ds4-server: chat ctx=0..155:155 prefill chunk 3/155 (1.9%) chunk=19.99 t/s avg=19.80 t/s 0.152s
0823 21:55:10 ds4-server: chat ctx=0..155:155 prefill chunk 4/155 (2.6%) chunk=18.94 t/s avg=19.58 t/s 0.204s
0823 21:55:10 ds4-server: chat ctx=0..155:155 prefill chunk 5/155 (3.2%) chunk=19.59 t/s avg=19.58 t/s 0.255s
0823 21:55:10 ds4-server: chat ctx=0..155:155 prefill chunk 6/155 (3.9%) chunk=19.12 t/s avg=19.50 t/s 0.308s
0823 21:55:11 ds4-server: chat ctx=0..155:155 prefill chunk 7/155 (4.5%) chunk=19.79 t/s avg=19.54 t/s 0.358s
0823 21:55:11 ds4-server: chat ctx=0..155:155 prefill chunk 8/155 (5.2%) chunk=18.82 t/s avg=19.45 t/s 0.411s
0823 21:55:11 ds4-server: chat ctx=0..155:155 prefill chunk 9/155 (5.8%) chunk=19.35 t/s avg=19.44 t/s 0.463s
0823 21:55:11 ds4-server: chat ctx=0..155:155 prefill chunk 10/155 (6.5%) chunk=19.73 t/s avg=19.47 t/s 0.514s
0823 21:55:11 ds4-server: chat ctx=0..155:155 prefill chunk 11/155 (7.1%) chunk=18.56 t/s avg=19.38 t/s 0.568s
0823 21:55:11 ds4-server: chat ctx=0..155:155 prefill chunk 12/155 (7.7%) chunk=19.11 t/s avg=19.36 t/s 0.620s
0823 21:55:11 ds4-server: chat ctx=0..155:155 prefill chunk 13/155 (8.4%) chunk=18.65 t/s avg=19.30 t/s 0.674s
0823 21:55:11 ds4-server: chat ctx=0..155:155 prefill chunk 14/155 (9.0%) chunk=18.83 t/s avg=19.27 t/s 0.727s
0823 21:55:11 ds4-server: chat ctx=0..155:155 prefill chunk 15/155 (9.7%) chunk=18.78 t/s avg=19.23 t/s 0.780s
0823 21:55:11 ds4-server: chat ctx=0..155:155 prefill chunk 16/155 (10.3%) chunk=18.60 t/s avg=19.19 t/s 0.834s
0823 21:55:11 ds4-server: chat ctx=0..155:155 prefill chunk 17/155 (11.0%) chunk=19.33 t/s avg=19.20 t/s 0.885s
0823 21:55:11 ds4-server: chat ctx=0..155:155 prefill chunk 18/155 (11.6%) chunk=18.73 t/s avg=19.17 t/s 0.939s
0823 21:55:11 ds4-server: chat ctx=0..155:155 prefill chunk 19/155 (12.3%) chunk=18.95 t/s avg=19.16 t/s 0.992s
0823 21:55:11 ds4-server: chat ctx=0..155:155 prefill chunk 20/155 (12.9%) chunk=18.24 t/s avg=19.11 t/s 1.046s
0823 21:55:11 ds4-server: chat ctx=0..155:155 prefill chunk 21/155 (13.5%) chunk=18.37 t/s avg=19.08 t/s 1.101s
0823 21:55:11 ds4-server: chat ctx=0..155:155 prefill chunk 22/155 (14.2%) chunk=19.72 t/s avg=19.10 t/s 1.152s
ds4: qwen35moe experts/token avg over 128 tokens: 0:15.6 1:15.8 2:15.6 3:17.2 4:17.3 5:17.1 6:16.8 7:17.6 8:17.8 9:17.9 10:16.3 11:16.2 12:17.4 13:17.0 14:17.3 15:17.7 16:17.3 17:17.1 18:16.9 19:16.8 20:18.2 21:17.8 22:15.8 23:16.2 24:16.8 25:16.3 26:16.8 27:16.9 28:16.5 29:16.5 30:16.5 31:17.4 32:15.8 33:15.8 34:15.9 35:17.6 36:17.9 37:18.1 38:19.0 39:18.8 | mean 17.0
0823 21:55:11 ds4-server: chat ctx=0..155:155 prefill chunk 23/155 (14.8%) chunk=18.92 t/s avg=19.10 t/s 1.204s
0823 21:55:11 ds4-server: chat ctx=0..155:155 prefill chunk 24/155 (15.5%) chunk=19.41 t/s avg=19.11 t/s 1.256s
0823 21:55:11 ds4-server: chat ctx=0..155:155 prefill chunk 25/155 (16.1%) chunk=18.97 t/s avg=19.10 t/s 1.309s
0823 21:55:12 ds4-server: chat ctx=0..155:155 prefill chunk 26/155 (16.8%) chunk=18.77 t/s avg=19.09 t/s 1.362s
0823 21:55:12 ds4-server: chat ctx=0..155:155 prefill chunk 27/155 (17.4%) chunk=19.40 t/s avg=19.10 t/s 1.413s
0823 21:55:12 ds4-server: chat ctx=0..155:155 prefill chunk 28/155 (18.1%) chunk=18.83 t/s avg=19.09 t/s 1.467s
0823 21:55:12 ds4-server: chat ctx=0..155:155 prefill chunk 29/155 (18.7%) chunk=19.18 t/s avg=19.10 t/s 1.519s
0823 21:55:12 ds4-server: chat ctx=0..155:155 prefill chunk 30/155 (19.4%) chunk=18.42 t/s avg=19.07 t/s 1.573s
0823 21:55:12 ds4-server: chat ctx=0..155:155 prefill chunk 31/155 (20.0%) chunk=18.67 t/s avg=19.06 t/s 1.627s
0823 21:55:12 ds4-server: chat ctx=0..155:155 prefill chunk 32/155 (20.6%) chunk=18.58 t/s avg=19.04 t/s 1.680s
0823 21:55:12 ds4-server: chat ctx=0..155:155 prefill chunk 33/155 (21.3%) chunk=18.47 t/s avg=19.03 t/s 1.735s
0823 21:55:12 ds4-server: chat ctx=0..155:155 prefill chunk 34/155 (21.9%) chunk=18.91 t/s avg=19.02 t/s 1.787s
0823 21:55:12 ds4-server: chat ctx=0..155:155 prefill chunk 35/155 (22.6%) chunk=18.09 t/s avg=18.99 t/s 1.843s
0823 21:55:12 ds4-server: chat ctx=0..155:155 prefill chunk 36/155 (23.2%) chunk=18.51 t/s avg=18.98 t/s 1.897s
0823 21:55:12 ds4-server: chat ctx=0..155:155 prefill chunk 37/155 (23.9%) chunk=18.15 t/s avg=18.96 t/s 1.952s
0823 21:55:12 ds4-server: chat ctx=0..155:155 prefill chunk 38/155 (24.5%) chunk=17.75 t/s avg=18.92 t/s 2.008s
0823 21:55:12 ds4-server: chat ctx=0..155:155 prefill chunk 39/155 (25.2%) chunk=18.16 t/s avg=18.90 t/s 2.063s
0823 21:55:12 ds4-server: chat ctx=0..155:155 prefill chunk 40/155 (25.8%) chunk=18.89 t/s avg=18.90 t/s 2.116s
0823 21:55:12 ds4-server: chat ctx=0..155:155 prefill chunk 41/155 (26.5%) chunk=18.03 t/s avg=18.88 t/s 2.172s
0823 21:55:12 ds4-server: chat ctx=0..155:155 prefill chunk 42/155 (27.1%) chunk=19.02 t/s avg=18.88 t/s 2.224s
0823 21:55:12 ds4-server: chat ctx=0..155:155 prefill chunk 43/155 (27.7%) chunk=18.81 t/s avg=18.88 t/s 2.277s
0823 21:55:13 ds4-server: chat ctx=0..155:155 prefill chunk 44/155 (28.4%) chunk=18.68 t/s avg=18.88 t/s 2.331s
0823 21:55:13 ds4-server: chat ctx=0..155:155 prefill chunk 45/155 (29.0%) chunk=18.87 t/s avg=18.88 t/s 2.384s
0823 21:55:13 ds4-server: chat ctx=0..155:155 prefill chunk 46/155 (29.7%) chunk=18.21 t/s avg=18.86 t/s 2.439s
0823 21:55:13 ds4-server: chat ctx=0..155:155 prefill chunk 47/155 (30.3%) chunk=18.66 t/s avg=18.86 t/s 2.492s
0823 21:55:13 ds4-server: chat ctx=0..155:155 prefill chunk 48/155 (31.0%) chunk=18.86 t/s avg=18.86 t/s 2.545s
0823 21:55:13 ds4-server: chat ctx=0..155:155 prefill chunk 49/155 (31.6%) chunk=18.80 t/s avg=18.86 t/s 2.599s
0823 21:55:13 ds4-server: chat ctx=0..155:155 prefill chunk 50/155 (32.3%) chunk=19.25 t/s avg=18.86 t/s 2.651s
0823 21:55:13 ds4-server: chat ctx=0..155:155 prefill chunk 51/155 (32.9%) chunk=18.68 t/s avg=18.86 t/s 2.704s
0823 21:55:13 ds4-server: chat ctx=0..155:155 prefill chunk 52/155 (33.5%) chunk=18.76 t/s avg=18.86 t/s 2.757s
0823 21:55:13 ds4-server: chat ctx=0..155:155 prefill chunk 53/155 (34.2%) chunk=18.84 t/s avg=18.86 t/s 2.810s
0823 21:55:13 ds4-server: chat ctx=0..155:155 prefill chunk 54/155 (34.8%) chunk=18.83 t/s avg=18.86 t/s 2.864s
0823 21:55:13 ds4-server: chat ctx=0..155:155 prefill chunk 55/155 (35.5%) chunk=19.89 t/s avg=18.88 t/s 2.914s
0823 21:55:13 ds4-server: chat ctx=0..155:155 prefill chunk 56/155 (36.1%) chunk=19.88 t/s avg=18.89 t/s 2.964s
0823 21:55:13 ds4-server: chat ctx=0..155:155 prefill chunk 57/155 (36.8%) chunk=19.02 t/s avg=18.89 t/s 3.017s
0823 21:55:13 ds4-server: chat ctx=0..155:155 prefill chunk 58/155 (37.4%) chunk=18.11 t/s avg=18.88 t/s 3.072s
0823 21:55:13 ds4-server: chat ctx=0..155:155 prefill chunk 59/155 (38.1%) chunk=18.47 t/s avg=18.87 t/s 3.126s
0823 21:55:13 ds4-server: chat ctx=0..155:155 prefill chunk 60/155 (38.7%) chunk=18.37 t/s avg=18.86 t/s 3.181s
0823 21:55:13 ds4-server: chat ctx=0..155:155 prefill chunk 61/155 (39.4%) chunk=18.39 t/s avg=18.86 t/s 3.235s
0823 21:55:13 ds4-server: chat ctx=0..155:155 prefill chunk 62/155 (40.0%) chunk=18.57 t/s avg=18.85 t/s 3.289s
0823 21:55:14 ds4-server: chat ctx=0..155:155 prefill chunk 63/155 (40.6%) chunk=18.59 t/s avg=18.85 t/s 3.343s
0823 21:55:14 ds4-server: chat ctx=0..155:155 prefill chunk 64/155 (41.3%) chunk=18.40 t/s avg=18.84 t/s 3.397s
0823 21:55:14 ds4-server: chat ctx=0..155:155 prefill chunk 65/155 (41.9%) chunk=19.89 t/s avg=18.86 t/s 3.447s
0823 21:55:14 ds4-server: chat ctx=0..155:155 prefill chunk 66/155 (42.6%) chunk=18.61 t/s avg=18.85 t/s 3.501s
0823 21:55:14 ds4-server: chat ctx=0..155:155 prefill chunk 67/155 (43.2%) chunk=18.92 t/s avg=18.85 t/s 3.554s
0823 21:55:14 ds4-server: chat ctx=0..155:155 prefill chunk 68/155 (43.9%) chunk=17.89 t/s avg=18.84 t/s 3.610s
0823 21:55:14 ds4-server: chat ctx=0..155:155 prefill chunk 69/155 (44.5%) chunk=18.51 t/s avg=18.83 t/s 3.664s
0823 21:55:14 ds4-server: chat ctx=0..155:155 prefill chunk 70/155 (45.2%) chunk=19.08 t/s avg=18.84 t/s 3.716s
0823 21:55:14 ds4-server: chat ctx=0..155:155 prefill chunk 71/155 (45.8%) chunk=18.47 t/s avg=18.83 t/s 3.770s
0823 21:55:14 ds4-server: chat ctx=0..155:155 prefill chunk 72/155 (46.5%) chunk=18.61 t/s avg=18.83 t/s 3.824s
0823 21:55:14 ds4-server: chat ctx=0..155:155 prefill chunk 73/155 (47.1%) chunk=18.62 t/s avg=18.83 t/s 3.878s
0823 21:55:14 ds4-server: chat ctx=0..155:155 prefill chunk 74/155 (47.7%) chunk=18.74 t/s avg=18.82 t/s 3.931s
0823 21:55:14 ds4-server: chat ctx=0..155:155 prefill chunk 75/155 (48.4%) chunk=18.86 t/s avg=18.82 t/s 3.984s
0823 21:55:14 ds4-server: chat ctx=0..155:155 prefill chunk 76/155 (49.0%) chunk=17.92 t/s avg=18.81 t/s 4.040s
0823 21:55:14 ds4-server: chat ctx=0..155:155 prefill chunk 77/155 (49.7%) chunk=18.43 t/s avg=18.81 t/s 4.094s
0823 21:55:14 ds4-server: chat ctx=0..155:155 prefill chunk 78/155 (50.3%) chunk=18.59 t/s avg=18.80 t/s 4.148s
0823 21:55:14 ds4-server: chat ctx=0..155:155 prefill chunk 79/155 (51.0%) chunk=18.16 t/s avg=18.80 t/s 4.203s
0823 21:55:14 ds4-server: chat ctx=0..155:155 prefill chunk 80/155 (51.6%) chunk=18.83 t/s avg=18.80 t/s 4.256s
0823 21:55:14 ds4-server: chat ctx=0..155:155 prefill chunk 81/155 (52.3%) chunk=17.93 t/s avg=18.79 t/s 4.312s
0823 21:55:15 ds4-server: chat ctx=0..155:155 prefill chunk 82/155 (52.9%) chunk=17.84 t/s avg=18.77 t/s 4.368s
0823 21:55:15 ds4-server: chat ctx=0..155:155 prefill chunk 83/155 (53.5%) chunk=18.52 t/s avg=18.77 t/s 4.422s
0823 21:55:15 ds4-server: chat ctx=0..155:155 prefill chunk 84/155 (54.2%) chunk=18.58 t/s avg=18.77 t/s 4.476s
0823 21:55:15 ds4-server: chat ctx=0..155:155 prefill chunk 85/155 (54.8%) chunk=18.11 t/s avg=18.76 t/s 4.531s
0823 21:55:15 ds4-server: chat ctx=0..155:155 prefill chunk 86/155 (55.5%) chunk=18.84 t/s avg=18.76 t/s 4.584s
0823 21:55:15 ds4-server: chat ctx=0..155:155 prefill chunk 87/155 (56.1%) chunk=17.60 t/s avg=18.75 t/s 4.641s
0823 21:55:15 ds4-server: chat ctx=0..155:155 prefill chunk 88/155 (56.8%) chunk=18.74 t/s avg=18.75 t/s 4.694s
0823 21:55:15 ds4-server: chat ctx=0..155:155 prefill chunk 89/155 (57.4%) chunk=18.76 t/s avg=18.75 t/s 4.748s
0823 21:55:15 ds4-server: chat ctx=0..155:155 prefill chunk 90/155 (58.1%) chunk=18.24 t/s avg=18.74 t/s 4.802s
0823 21:55:15 ds4-server: chat ctx=0..155:155 prefill chunk 91/155 (58.7%) chunk=18.65 t/s avg=18.74 t/s 4.856s
0823 21:55:15 ds4-server: chat ctx=0..155:155 prefill chunk 92/155 (59.4%) chunk=18.63 t/s avg=18.74 t/s 4.910s
0823 21:55:15 ds4-server: chat ctx=0..155:155 prefill chunk 93/155 (60.0%) chunk=18.58 t/s avg=18.74 t/s 4.963s
0823 21:55:15 ds4-server: chat ctx=0..155:155 prefill chunk 94/155 (60.6%) chunk=18.13 t/s avg=18.73 t/s 5.019s
0823 21:55:15 ds4-server: chat ctx=0..155:155 prefill chunk 95/155 (61.3%) chunk=18.25 t/s avg=18.73 t/s 5.073s
0823 21:55:15 ds4-server: chat ctx=0..155:155 prefill chunk 96/155 (61.9%) chunk=18.64 t/s avg=18.72 t/s 5.127s
0823 21:55:15 ds4-server: chat ctx=0..155:155 prefill chunk 97/155 (62.6%) chunk=18.44 t/s avg=18.72 t/s 5.181s
0823 21:55:15 ds4-server: chat ctx=0..155:155 prefill chunk 98/155 (63.2%) chunk=18.50 t/s avg=18.72 t/s 5.235s
0823 21:55:15 ds4-server: chat ctx=0..155:155 prefill chunk 99/155 (63.9%) chunk=18.86 t/s avg=18.72 t/s 5.288s
0823 21:55:16 ds4-server: chat ctx=0..155:155 prefill chunk 100/155 (64.5%) chunk=18.36 t/s avg=18.72 t/s 5.343s
0823 21:55:16 ds4-server: chat ctx=0..155:155 prefill chunk 101/155 (65.2%) chunk=18.52 t/s avg=18.71 t/s 5.397s
0823 21:55:16 ds4-server: chat ctx=0..155:155 prefill chunk 102/155 (65.8%) chunk=18.67 t/s avg=18.71 t/s 5.450s
0823 21:55:16 ds4-server: chat ctx=0..155:155 prefill chunk 103/155 (66.5%) chunk=18.29 t/s avg=18.71 t/s 5.505s
0823 21:55:16 ds4-server: chat ctx=0..155:155 prefill chunk 104/155 (67.1%) chunk=17.66 t/s avg=18.70 t/s 5.562s
0823 21:55:16 ds4-server: chat ctx=0..155:155 prefill chunk 105/155 (67.7%) chunk=18.81 t/s avg=18.70 t/s 5.615s
0823 21:55:16 ds4-server: chat ctx=0..155:155 prefill chunk 106/155 (68.4%) chunk=18.80 t/s avg=18.70 t/s 5.668s
0823 21:55:16 ds4-server: chat ctx=0..155:155 prefill chunk 107/155 (69.0%) chunk=19.24 t/s avg=18.71 t/s 5.720s
0823 21:55:16 ds4-server: chat ctx=0..155:155 prefill chunk 108/155 (69.7%) chunk=17.95 t/s avg=18.70 t/s 5.776s
0823 21:55:16 ds4-server: chat ctx=0..155:155 prefill chunk 109/155 (70.3%) chunk=18.39 t/s avg=18.70 t/s 5.830s
0823 21:55:16 ds4-server: chat ctx=0..155:155 prefill chunk 110/155 (71.0%) chunk=19.10 t/s avg=18.70 t/s 5.882s
0823 21:55:16 ds4-server: chat ctx=0..155:155 prefill chunk 111/155 (71.6%) chunk=18.82 t/s avg=18.70 t/s 5.936s
0823 21:55:16 ds4-server: chat ctx=0..155:155 prefill chunk 112/155 (72.3%) chunk=18.68 t/s avg=18.70 t/s 5.989s
0823 21:55:16 ds4-server: chat ctx=0..155:155 prefill chunk 113/155 (72.9%) chunk=18.55 t/s avg=18.70 t/s 6.043s
0823 21:55:16 ds4-server: chat ctx=0..155:155 prefill chunk 114/155 (73.5%) chunk=17.88 t/s avg=18.69 t/s 6.099s
0823 21:55:16 ds4-server: chat ctx=0..155:155 prefill chunk 115/155 (74.2%) chunk=18.70 t/s avg=18.69 t/s 6.152s
0823 21:55:16 ds4-server: chat ctx=0..155:155 prefill chunk 116/155 (74.8%) chunk=18.40 t/s avg=18.69 t/s 6.207s
0823 21:55:16 ds4-server: chat ctx=0..155:155 prefill chunk 117/155 (75.5%) chunk=18.01 t/s avg=18.68 t/s 6.262s
0823 21:55:16 ds4-server: chat ctx=0..155:155 prefill chunk 118/155 (76.1%) chunk=18.72 t/s avg=18.68 t/s 6.316s
0823 21:55:17 ds4-server: chat ctx=0..155:155 prefill chunk 119/155 (76.8%) chunk=17.95 t/s avg=18.68 t/s 6.371s
0823 21:55:17 ds4-server: chat ctx=0..155:155 prefill chunk 120/155 (77.4%) chunk=19.04 t/s avg=18.68 t/s 6.424s
0823 21:55:17 ds4-server: chat ctx=0..155:155 prefill chunk 121/155 (78.1%) chunk=18.13 t/s avg=18.68 t/s 6.479s
0823 21:55:17 ds4-server: chat ctx=0..155:155 prefill chunk 122/155 (78.7%) chunk=17.86 t/s avg=18.67 t/s 6.535s
0823 21:55:17 ds4-server: chat ctx=0..155:155 prefill chunk 123/155 (79.4%) chunk=18.49 t/s avg=18.67 t/s 6.589s
0823 21:55:17 ds4-server: chat ctx=0..155:155 prefill chunk 124/155 (80.0%) chunk=18.30 t/s avg=18.66 t/s 6.644s
0823 21:55:17 ds4-server: chat ctx=0..155:155 prefill chunk 125/155 (80.6%) chunk=18.74 t/s avg=18.66 t/s 6.697s
0823 21:55:17 ds4-server: chat ctx=0..155:155 prefill chunk 126/155 (81.3%) chunk=18.98 t/s avg=18.67 t/s 6.750s
0823 21:55:17 ds4-server: chat ctx=0..155:155 prefill chunk 127/155 (81.9%) chunk=18.40 t/s avg=18.66 t/s 6.804s
0823 21:55:17 ds4-server: chat ctx=0..155:155 prefill chunk 128/155 (82.6%) chunk=18.86 t/s avg=18.67 t/s 6.857s
0823 21:55:17 ds4-server: chat ctx=0..155:155 prefill chunk 129/155 (83.2%) chunk=18.09 t/s avg=18.66 t/s 6.913s
0823 21:55:17 ds4-server: chat ctx=0..155:155 prefill chunk 130/155 (83.9%) chunk=18.78 t/s avg=18.66 t/s 6.966s
0823 21:55:17 ds4-server: chat ctx=0..155:155 prefill chunk 131/155 (84.5%) chunk=18.91 t/s avg=18.66 t/s 7.019s
0823 21:55:17 ds4-server: chat ctx=0..155:155 prefill chunk 132/155 (85.2%) chunk=18.15 t/s avg=18.66 t/s 7.074s
0823 21:55:17 ds4-server: chat ctx=0..155:155 prefill chunk 133/155 (85.8%) chunk=17.86 t/s avg=18.65 t/s 7.130s
0823 21:55:17 ds4-server: chat ctx=0..155:155 prefill chunk 134/155 (86.5%) chunk=18.62 t/s avg=18.65 t/s 7.184s
0823 21:55:17 ds4-server: chat ctx=0..155:155 prefill chunk 135/155 (87.1%) chunk=17.51 t/s avg=18.64 t/s 7.241s
0823 21:55:17 ds4-server: chat ctx=0..155:155 prefill chunk 136/155 (87.7%) chunk=17.89 t/s avg=18.64 t/s 7.297s
0823 21:55:18 ds4-server: chat ctx=0..155:155 prefill chunk 137/155 (88.4%) chunk=18.45 t/s avg=18.64 t/s 7.351s
0823 21:55:18 ds4-server: chat ctx=0..155:155 prefill chunk 138/155 (89.0%) chunk=18.30 t/s avg=18.64 t/s 7.405s
0823 21:55:18 ds4-server: chat ctx=0..155:155 prefill chunk 139/155 (89.7%) chunk=17.71 t/s avg=18.63 t/s 7.462s
0823 21:55:18 ds4-server: chat ctx=0..155:155 prefill chunk 140/155 (90.3%) chunk=18.87 t/s avg=18.63 t/s 7.515s
0823 21:55:18 ds4-server: chat ctx=0..155:155 prefill chunk 141/155 (91.0%) chunk=17.72 t/s avg=18.62 t/s 7.571s
0823 21:55:18 ds4-server: chat ctx=0..155:155 prefill chunk 142/155 (91.6%) chunk=18.87 t/s avg=18.62 t/s 7.624s
0823 21:55:18 ds4-server: chat ctx=0..155:155 prefill chunk 143/155 (92.3%) chunk=17.88 t/s avg=18.62 t/s 7.680s
0823 21:55:18 ds4-server: chat ctx=0..155:155 prefill chunk 144/155 (92.9%) chunk=18.30 t/s avg=18.62 t/s 7.735s
0823 21:55:18 ds4-server: chat ctx=0..155:155 prefill chunk 145/155 (93.5%) chunk=19.03 t/s avg=18.62 t/s 7.787s
0823 21:55:18 ds4-server: chat ctx=0..155:155 prefill chunk 146/155 (94.2%) chunk=17.46 t/s avg=18.61 t/s 7.845s
0823 21:55:18 ds4-server: chat ctx=0..155:155 prefill chunk 147/155 (94.8%) chunk=17.80 t/s avg=18.61 t/s 7.901s
0823 21:55:18 ds4-server: chat ctx=0..155:155 prefill chunk 148/155 (95.5%) chunk=18.59 t/s avg=18.61 t/s 7.955s
0823 21:55:18 ds4-server: chat ctx=0..155:155 prefill chunk 149/155 (96.1%) chunk=18.75 t/s avg=18.61 t/s 8.008s
0823 21:55:18 ds4-server: chat ctx=0..155:155 prefill chunk 150/155 (96.8%) chunk=18.04 t/s avg=18.60 t/s 8.063s
ds4: qwen35moe experts/token avg over 128 tokens: 0:14.3 1:14.0 2:14.4 3:16.0 4:15.4 5:15.1 6:14.7 7:15.7 8:16.7 9:16.2 10:14.4 11:14.1 12:14.9 13:14.6 14:15.0 15:15.3 16:14.5 17:14.2 18:14.8 19:13.9 20:16.2 21:15.0 22:14.5 23:14.9 24:15.8 25:15.0 26:15.4 27:15.7 28:15.3 29:16.0 30:16.2 31:16.0 32:16.5 33:17.5 34:17.1 35:18.1 36:18.1 37:19.3 38:19.3 39:18.6 | mean 15.7
0823 21:55:18 ds4-server: chat ctx=0..155:155 prefill chunk 151/155 (97.4%) chunk=18.36 t/s avg=18.60 t/s 8.118s
0823 21:55:18 ds4-server: chat ctx=0..155:155 prefill chunk 152/155 (98.1%) chunk=18.98 t/s avg=18.60 t/s 8.171s
0823 21:55:18 ds4-server: chat ctx=0..155:155 prefill chunk 153/155 (98.7%) chunk=16.47 t/s avg=18.59 t/s 8.231s
0823 21:55:18 ds4-server: chat ctx=0..155:155 prefill chunk 154/155 (99.4%) chunk=19.64 t/s avg=18.59 t/s 8.282s
0823 21:55:19 ds4-server: chat ctx=0..155:155 prefill chunk 155/155 (100.0%) chunk=19.05 t/s avg=18.60 t/s 8.335s
0823 21:55:19 ds4-server: chat ctx=0..155:155 prompt done 8.335s
0823 21:55:21 ds4-server: chat ctx=155..205:50 gen=50 THINKING decoding chunk=18.32 t/s avg=18.32 t/s 2.729s
0823 21:55:24 ds4-server: chat ctx=205..255:50 gen=100 THINKING decoding chunk=17.70 t/s avg=18.00 t/s 5.555s
ds4: qwen35moe experts/token avg over 128 tokens: 0:14.5 1:14.3 2:15.1 3:16.4 4:16.1 5:16.0 6:15.4 7:16.6 8:17.2 9:17.4 10:15.1 11:14.4 12:16.1 13:15.2 14:15.4 15:16.4 16:15.2 17:14.6 18:15.9 19:15.4 20:17.1 21:17.1 22:15.9 23:15.9 24:16.3 25:15.2 26:16.2 27:16.3 28:16.8 29:16.9 30:17.1 31:16.9 32:16.4 33:17.6 34:17.1 35:17.5 36:18.1 37:18.9 38:19.2 39:18.9 | mean 16.4
0823 21:55:27 ds4-server: chat ctx=255..305:50 gen=150 THINKING decoding chunk=17.55 t/s avg=17.85 t/s 8.403s
0823 21:55:30 ds4-server: chat ctx=305..355:50 gen=200 THINKING decoding chunk=17.70 t/s avg=17.81 t/s 11.228s
0823 21:55:33 ds4-server: chat ctx=355..405:50 gen=250 THINKING decoding chunk=17.92 t/s avg=17.84 t/s 14.017s
ds4: qwen35moe experts/token avg over 128 tokens: 0:14.5 1:14.9 2:15.7 3:16.9 4:16.9 5:16.8 6:16.2 7:17.1 8:17.3 9:17.5 10:15.5 11:15.3 12:16.0 13:15.4 14:15.6 15:16.6 16:15.8 17:15.2 18:16.3 19:15.1 20:16.8 21:16.9 22:15.4 23:15.7 24:16.8 25:15.4 26:15.9 27:15.9 28:16.4 29:15.9 30:16.5 31:16.5 32:16.4 33:16.2 34:16.8 35:17.0 36:16.9 37:18.5 38:19.4 39:18.2 | mean 16.4
0823 21:55:35 ds4-server: chat ctx=405..455:50 gen=300 THINKING decoding chunk=17.68 t/s avg=17.81 t/s 16.846s
0823 21:55:38 ds4-server: chat ctx=455..505:50 gen=350 THINKING decoding chunk=17.50 t/s avg=17.76 t/s 19.703s
ds4: qwen35moe experts/token avg over 128 tokens: 0:14.4 1:15.5 2:15.6 3:17.0 4:17.0 5:16.9 6:16.2 7:16.8 8:17.6 9:17.9 10:15.9 11:15.0 12:16.8 13:15.7 14:16.3 15:16.3 16:15.4 17:16.2 18:16.2 19:15.4 20:17.0 21:16.2 22:15.4 23:15.6 24:17.1 25:15.4 26:16.6 27:15.9 28:16.4 29:16.4 30:16.6 31:17.2 32:16.3 33:16.3 34:16.1 35:16.5 36:16.1 37:17.9 38:18.9 39:17.8 | mean 16.4
0823 21:55:41 ds4-server: chat ctx=505..555:50 gen=400 THINKING decoding chunk=17.41 t/s avg=17.72 t/s 22.574s
0823 21:55:44 ds4-server: chat ctx=555..605:50 gen=450 THINKING decoding chunk=17.46 t/s avg=17.69 t/s 25.437s
0823 21:55:47 ds4-server: chat ctx=605..655:50 gen=500 THINKING decoding chunk=17.27 t/s avg=17.65 t/s 28.333s
ds4: qwen35moe experts/token avg over 128 tokens: 0:15.1 1:15.7 2:15.8 3:16.5 4:17.0 5:16.6 6:16.0 7:17.2 8:17.0 9:17.0 10:15.5 11:14.8 12:15.9 13:15.2 14:15.3 15:15.7 16:15.0 17:15.0 18:15.1 19:14.2 20:16.4 21:15.8 22:15.1 23:14.9 24:15.7 25:14.9 26:15.5 27:16.0 28:15.6 29:15.9 30:16.0 31:15.1 32:15.2 33:16.5 34:16.0 35:16.3 36:16.1 37:17.8 38:18.3 39:18.0 | mean 15.9
0823 21:55:50 ds4-server: chat ctx=655..705:50 gen=550 THINKING decoding chunk=17.23 t/s avg=17.61 t/s 31.235s
0823 21:55:53 ds4-server: chat ctx=705..755:50 gen=600 THINKING decoding chunk=17.05 t/s avg=17.56 t/s 34.167s
ds4: qwen35moe experts/token avg over 128 tokens: 0:14.4 1:15.7 2:16.4 3:17.0 4:17.3 5:17.3 6:16.0 7:17.3 8:17.1 9:17.6 10:16.0 11:15.0 12:16.0 13:16.1 14:16.5 15:16.7 16:16.3 17:15.4 18:15.9 19:15.5 20:16.7 21:16.7 22:15.7 23:15.4 24:15.7 25:15.2 26:16.5 27:16.5 28:15.8 29:15.8 30:16.0 31:16.4 32:16.5 33:16.6 34:16.3 35:16.7 36:16.8 37:18.1 38:18.6 39:18.1 | mean 16.4
0823 21:55:56 ds4-server: chat ctx=755..805:50 gen=650 THINKING decoding chunk=16.93 t/s avg=17.51 t/s 37.121s
0823 21:55:59 ds4-server: chat ctx=805..855:50 gen=700 THINKING decoding chunk=16.61 t/s avg=17.44 t/s 40.131s
0823 21:56:02 ds4-server: chat ctx=855..905:50 gen=750 THINKING decoding chunk=16.66 t/s avg=17.39 t/s 43.132s
ds4: qwen35moe experts/token avg over 128 tokens: 0:14.7 1:15.6 2:16.2 3:17.5 4:17.6 5:17.2 6:17.1 7:17.8 8:17.9 9:18.2 10:16.6 11:16.1 12:17.4 13:16.7 14:17.1 15:17.4 16:17.4 17:16.6 18:16.8 19:16.1 20:17.9 21:17.3 22:16.1 23:16.0 24:17.2 25:15.6 26:16.2 27:16.2 28:15.7 29:16.2 30:16.8 31:16.6 32:16.2 33:16.1 34:15.6 35:17.0 36:16.3 37:18.1 38:19.0 39:17.7 | mean 16.8
0823 21:56:05 ds4-server: chat ctx=905..955:50 gen=800 THINKING decoding chunk=16.67 t/s avg=17.34 t/s 46.131s
0823 21:56:08 ds4-server: chat ctx=955..1005:50 gen=850 THINKING decoding chunk=16.37 t/s avg=17.28 t/s 49.186s
ds4: qwen35moe experts/token avg over 128 tokens: 0:14.9 1:16.3 2:15.7 3:17.3 4:17.0 5:17.1 6:16.1 7:17.6 8:17.7 9:16.8 10:16.1 11:15.8 12:16.5 13:16.5 14:16.6 15:17.0 16:16.9 17:17.0 18:17.0 19:16.8 20:17.8 21:17.3 22:16.6 23:16.6 24:16.8 25:16.9 26:17.2 27:16.4 28:16.8 29:16.8 30:16.7 31:17.6 32:17.0 33:17.2 34:16.8 35:18.6 36:18.6 37:18.8 38:19.3 39:18.7 | mean 17.0
0823 21:56:11 ds4-server: chat ctx=1005..1055:50 gen=900 THINKING decoding chunk=16.40 t/s avg=17.23 t/s 52.235s
0823 21:56:14 ds4-server: chat ctx=1055..1105:50 gen=950 THINKING decoding chunk=16.34 t/s avg=17.18 t/s 55.295s
0823 21:56:17 ds4-server: chat ctx=1105..1155:50 gen=1000 THINKING decoding chunk=16.22 t/s avg=17.13 t/s 58.378s
ds4: qwen35moe experts/token avg over 128 tokens: 0:14.5 1:15.8 2:16.4 3:17.0 4:16.7 5:17.6 6:16.6 7:18.1 8:18.2 9:18.4 10:16.6 11:16.0 12:17.8 13:17.0 14:18.0 15:17.1 16:17.3 17:16.8 18:16.6 19:16.6 20:17.8 21:18.1 22:16.5 23:16.0 24:17.1 25:16.0 26:16.2 27:16.5 28:16.7 29:16.8 30:16.7 31:17.1 32:16.6 33:15.9 34:16.3 35:17.0 36:16.1 37:18.1 38:18.9 39:17.3 | mean 16.9
0823 21:56:20 ds4-server: chat ctx=1155..1205:50 gen=1050 THINKING decoding chunk=15.95 t/s avg=17.07 t/s 61.514s
0823 21:56:23 ds4-server: chat ctx=1205..1255:50 gen=1100 THINKING decoding chunk=16.35 t/s avg=17.04 t/s 64.571s
ds4: qwen35moe experts/token avg over 128 tokens: 0:14.8 1:16.2 2:15.6 3:16.9 4:17.2 5:16.6 6:16.7 7:17.2 8:18.2 9:16.9 10:16.0 11:15.1 12:16.5 13:16.6 14:16.2 15:17.1 16:16.4 17:16.1 18:16.1 19:15.8 20:17.3 21:16.7 22:16.1 23:15.8 24:16.3 25:16.2 26:16.5 27:16.1 28:16.2 29:16.2 30:16.0 31:16.8 32:15.9 33:15.6 34:15.5 35:17.4 36:17.1 37:17.6 38:19.1 39:17.8 | mean 16.5
0823 21:56:26 ds4-server: chat ctx=1255..1305:50 gen=1150 THINKING decoding chunk=16.23 t/s avg=17.00 t/s 67.653s
0823 21:56:29 ds4-server: chat ctx=1305..1355:50 gen=1200 THINKING decoding chunk=16.08 t/s avg=16.96 t/s 70.762s
0823 21:56:32 ds4-server: chat ctx=1355..1405:50 gen=1250 THINKING decoding chunk=15.82 t/s avg=16.91 t/s 73.923s
ds4: qwen35moe experts/token avg over 128 tokens: 0:15.3 1:15.5 2:15.8 3:17.4 4:17.8 5:17.3 6:17.3 7:18.0 8:17.9 9:17.7 10:16.6 11:15.6 12:17.0 13:16.3 14:16.6 15:16.5 16:17.0 17:16.5 18:16.2 19:15.6 20:17.3 21:17.3 22:16.9 23:16.0 24:16.7 25:16.2 26:16.3 27:15.9 28:16.4 29:16.2 30:15.8 31:16.1 32:15.3 33:16.0 34:16.5 35:16.4 36:16.1 37:17.6 38:18.5 39:17.5 | mean 16.6
0823 21:56:36 ds4-server: chat ctx=1405..1455:50 gen=1300 THINKING decoding chunk=15.80 t/s avg=16.86 t/s 77.087s
0823 21:56:39 ds4-server: chat ctx=1455..1505:50 gen=1350 THINKING decoding chunk=15.70 t/s avg=16.82 t/s 80.271s
0823 21:56:42 ds4-server: chat ctx=1505..1555:50 gen=1400 THINKING decoding chunk=15.77 t/s avg=16.78 t/s 83.442s
ds4: qwen35moe experts/token avg over 128 tokens: 0:14.5 1:16.1 2:16.3 3:16.6 4:18.0 5:17.3 6:16.6 7:18.0 8:17.9 9:18.1 10:16.6 11:16.2 12:17.1 13:16.4 14:17.1 15:17.2 16:16.8 17:16.7 18:16.5 19:16.1 20:17.2 21:17.1 22:15.9 23:15.8 24:16.4 25:16.0 26:16.7 27:16.5 28:16.3 29:16.2 30:15.3 31:16.5 32:15.6 33:16.1 34:15.7 35:17.1 36:17.0 37:17.8 38:18.8 39:18.0 | mean 16.7
0823 21:56:45 ds4-server: chat ctx=1555..1605:50 gen=1450 THINKING decoding chunk=16.18 t/s avg=16.76 t/s 86.532s
0823 21:56:48 ds4-server: chat ctx=1605..1655:50 gen=1500 THINKING decoding chunk=15.71 t/s avg=16.72 t/s 89.715s
ds4: qwen35moe experts/token avg over 128 tokens: 0:14.1 1:15.4 2:15.5 3:16.7 4:16.9 5:16.2 6:15.7 7:17.2 8:17.6 9:17.0 10:15.5 11:14.7 12:16.3 13:15.8 14:16.5 15:16.3 16:16.2 17:15.5 18:15.5 19:14.9 20:16.7 21:16.3 22:15.4 23:14.6 24:16.3 25:15.5 26:15.9 27:15.2 28:14.9 29:15.2 30:15.1 31:15.8 32:14.8 33:14.4 34:14.4 35:15.8 36:15.2 37:16.9 38:18.4 39:16.8 | mean 15.8
0823 21:56:51 ds4-server: chat ctx=1655..1705:50 gen=1550 THINKING decoding chunk=15.34 t/s avg=16.67 t/s 92.975s
0823 21:56:55 ds4-server: chat ctx=1705..1755:50 gen=1600 THINKING decoding chunk=15.24 t/s avg=16.62 t/s 96.256s
0823 21:56:58 ds4-server: chat ctx=1755..1805:50 gen=1650 THINKING decoding chunk=15.22 t/s avg=16.58 t/s 99.542s
ds4: qwen35moe experts/token avg over 128 tokens: 0:15.5 1:15.6 2:15.8 3:18.0 4:17.9 5:17.6 6:17.8 7:18.4 8:18.4 9:18.2 10:17.1 11:16.4 12:17.2 13:17.5 14:17.5 15:17.2 16:17.0 17:17.1 18:17.2 19:16.6 20:18.0 21:18.3 22:17.1 23:16.4 24:17.5 25:16.8 26:17.3 27:16.8 28:16.5 29:17.1 30:16.6 31:16.3 32:16.1 33:17.3 34:17.4 35:17.1 36:17.0 37:18.6 38:19.0 39:18.6 | mean 17.2
0823 21:57:01 ds4-server: chat ctx=1805..1855:50 gen=1700 THINKING decoding chunk=15.34 t/s avg=16.54 t/s 102.802s
0823 21:57:05 ds4-server: chat ctx=1855..1905:50 gen=1750 THINKING decoding chunk=15.02 t/s avg=16.49 t/s 106.131s
ds4: qwen35moe experts/token avg over 128 tokens: 0:14.6 1:15.7 2:16.0 3:17.8 4:18.0 5:17.7 6:17.2 7:18.2 8:18.6 9:18.2 10:17.1 11:16.0 12:17.7 13:17.6 14:17.8 15:17.6 16:16.9 17:16.9 18:16.5 19:16.1 20:17.7 21:17.4 22:16.8 23:15.5 24:16.9 25:16.4 26:17.2 27:16.8 28:16.1 29:16.5 30:16.0 31:16.5 32:16.3 33:16.5 34:15.7 35:16.4 36:16.8 37:18.2 38:18.8 39:18.1 | mean 17.0
0823 21:57:08 ds4-server: chat ctx=1905..1955:50 gen=1800 THINKING decoding chunk=15.08 t/s avg=16.45 t/s 109.446s
0823 21:57:11 ds4-server: chat ctx=1955..2005:50 gen=1850 decoding chunk=15.37 t/s avg=16.42 t/s 112.700s
0823 21:57:15 ds4-server: chat ctx=2005..2055:50 gen=1900 decoding chunk=14.88 t/s avg=16.37 t/s 116.059s
ds4: qwen35moe experts/token avg over 128 tokens: 0:14.3 1:15.5 2:15.9 3:17.5 4:17.3 5:16.5 6:16.8 7:17.7 8:17.9 9:17.9 10:16.1 11:15.8 12:16.7 13:16.5 14:17.1 15:17.4 16:16.8 17:16.5 18:16.3 19:16.1 20:17.5 21:16.9 22:16.6 23:16.2 24:16.8 25:16.6 26:16.6 27:15.9 28:16.6 29:16.1 30:16.1 31:16.8 32:15.9 33:15.7 34:15.9 35:17.1 36:17.1 37:17.9 38:19.2 39:17.7 | mean 16.7
0823 21:57:18 ds4-server: chat ctx=2055..2105:50 gen=1950 decoding chunk=14.54 t/s avg=16.32 t/s 119.497s
0823 21:57:21 ds4-server: chat ctx=2105..2155:50 gen=2000 decoding chunk=14.78 t/s avg=16.28 t/s 122.880s
ds4: qwen35moe experts/token avg over 128 tokens: 0:15.4 1:15.4 2:16.4 3:18.2 4:17.9 5:17.3 6:17.7 7:18.1 8:18.2 9:18.2 10:16.9 11:16.6 12:17.9 13:17.0 14:17.4 15:17.4 16:17.0 17:16.8 18:17.1 19:16.5 20:17.9 21:17.7 22:17.3 23:16.3 24:17.7 25:17.0 26:17.4 27:17.2 28:17.1 29:17.3 30:16.8 31:16.9 32:16.3 33:17.4 34:17.4 35:17.4 36:17.1 37:18.4 38:18.8 39:18.2 | mean 17.3
0823 21:57:25 ds4-server: chat ctx=2155..2205:50 gen=2050 decoding chunk=14.72 t/s avg=16.23 t/s 126.276s
0823 21:57:28 ds4-server: chat ctx=2205..2255:50 gen=2100 decoding chunk=14.64 t/s avg=16.19 t/s 129.690s
0823 21:57:32 ds4-server: chat ctx=2255..2305:50 gen=2150 decoding chunk=14.47 t/s avg=16.15 t/s 133.146s
ds4: qwen35moe experts/token avg over 128 tokens: 0:15.2 1:16.1 2:16.5 3:17.8 4:18.2 5:18.1 6:17.9 7:18.6 8:18.6 9:18.2 10:17.5 11:16.6 12:17.7 13:17.2 14:17.9 15:18.1 16:17.3 17:17.0 18:17.0 19:16.1 20:17.7 21:17.8 22:17.0 23:16.2 24:17.4 25:16.8 26:17.6 27:16.9 28:16.6 29:16.9 30:16.9 31:16.6 32:16.9 33:17.3 34:17.1 35:17.2 36:17.4 37:18.8 38:18.7 39:18.5 | mean 17.3
0823 21:57:35 ds4-server: chat ctx=2305..2355:50 gen=2200 decoding chunk=14.47 t/s avg=16.11 t/s 136.602s
0823 21:57:37 ds4-server: chat ctx=2355..2380:25 gen=2225 decoding chunk=14.56 t/s avg=16.09 t/s 138.320s
0823 21:57:37 ds4-server: thinking live checkpoint remembered ctx=0..155:155 live=2380 visible=2240
0823 21:57:37 ds4-server: chat ctx=0..155:155 gen=2225 finish=stop 146.655s
0823 21:57:37 ds4-server: live kv cache miss live=2380 prompt=114 common=56 reason=token-mismatch
0823 21:57:37 ds4-server: chat ctx=0..114:114 prompt start
0823 21:57:37 ds4-server: chat ctx=0..114:114 prefill chunk 1/114 (0.9%) chunk=0.00 t/s avg=19.51 t/s 0.051s
0823 21:57:37 ds4-server: chat ctx=0..114:114 prefill chunk 2/114 (1.8%) chunk=19.19 t/s avg=19.35 t/s 0.103s
0823 21:57:37 ds4-server: chat ctx=0..114:114 prefill chunk 3/114 (2.6%) chunk=19.80 t/s avg=19.50 t/s 0.154s
0823 21:57:37 ds4-server: chat ctx=0..114:114 prefill chunk 4/114 (3.5%) chunk=19.09 t/s avg=19.39 t/s 0.206s
0823 21:57:37 ds4-server: chat ctx=0..114:114 prefill chunk 5/114 (4.4%) chunk=19.54 t/s avg=19.42 t/s 0.257s
0823 21:57:37 ds4-server: chat ctx=0..114:114 prefill chunk 6/114 (5.3%) chunk=18.95 t/s avg=19.34 t/s 0.310s
0823 21:57:37 ds4-server: chat ctx=0..114:114 prefill chunk 7/114 (6.1%) chunk=19.87 t/s avg=19.41 t/s 0.361s
0823 21:57:37 ds4-server: chat ctx=0..114:114 prefill chunk 8/114 (7.0%) chunk=18.87 t/s avg=19.35 t/s 0.414s
0823 21:57:37 ds4-server: chat ctx=0..114:114 prefill chunk 9/114 (7.9%) chunk=19.90 t/s avg=19.41 t/s 0.464s
0823 21:57:37 ds4-server: chat ctx=0..114:114 prefill chunk 10/114 (8.8%) chunk=19.19 t/s avg=19.38 t/s 0.516s
0823 21:57:37 ds4-server: chat ctx=0..114:114 prefill chunk 11/114 (9.6%) chunk=19.19 t/s avg=19.37 t/s 0.568s
0823 21:57:37 ds4-server: chat ctx=0..114:114 prefill chunk 12/114 (10.5%) chunk=18.86 t/s avg=19.32 t/s 0.621s
0823 21:57:38 ds4-server: chat ctx=0..114:114 prefill chunk 13/114 (11.4%) chunk=18.35 t/s avg=19.24 t/s 0.676s
0823 21:57:38 ds4-server: chat ctx=0..114:114 prefill chunk 14/114 (12.3%) chunk=19.06 t/s avg=19.23 t/s 0.728s
0823 21:57:38 ds4-server: chat ctx=0..114:114 prefill chunk 15/114 (13.2%) chunk=18.55 t/s avg=19.18 t/s 0.782s
0823 21:57:38 ds4-server: chat ctx=0..114:114 prefill chunk 16/114 (14.0%) chunk=18.79 t/s avg=19.16 t/s 0.835s
0823 21:57:38 ds4-server: chat ctx=0..114:114 prefill chunk 17/114 (14.9%) chunk=19.18 t/s avg=19.16 t/s 0.887s
0823 21:57:38 ds4-server: chat ctx=0..114:114 prefill chunk 18/114 (15.8%) chunk=18.98 t/s avg=19.15 t/s 0.940s
0823 21:57:38 ds4-server: chat ctx=0..114:114 prefill chunk 19/114 (16.7%) chunk=19.10 t/s avg=19.15 t/s 0.992s
0823 21:57:38 ds4-server: chat ctx=0..114:114 prefill chunk 20/114 (17.5%) chunk=17.85 t/s avg=19.08 t/s 1.048s
0823 21:57:38 ds4-server: chat ctx=0..114:114 prefill chunk 21/114 (18.4%) chunk=18.94 t/s avg=19.07 t/s 1.101s
0823 21:57:38 ds4-server: chat ctx=0..114:114 prefill chunk 22/114 (19.3%) chunk=19.08 t/s avg=19.07 t/s 1.154s
0823 21:57:38 ds4-server: chat ctx=0..114:114 prefill chunk 23/114 (20.2%) chunk=18.99 t/s avg=19.07 t/s 1.206s
0823 21:57:38 ds4-server: chat ctx=0..114:114 prefill chunk 24/114 (21.1%) chunk=19.60 t/s avg=19.09 t/s 1.257s
0823 21:57:38 ds4-server: chat ctx=0..114:114 prefill chunk 25/114 (21.9%) chunk=18.75 t/s avg=19.08 t/s 1.311s
0823 21:57:38 ds4-server: chat ctx=0..114:114 prefill chunk 26/114 (22.8%) chunk=19.44 t/s avg=19.09 t/s 1.362s
0823 21:57:38 ds4-server: chat ctx=0..114:114 prefill chunk 27/114 (23.7%) chunk=18.77 t/s avg=19.08 t/s 1.415s
0823 21:57:38 ds4-server: chat ctx=0..114:114 prefill chunk 28/114 (24.6%) chunk=19.17 t/s avg=19.08 t/s 1.467s
0823 21:57:38 ds4-server: chat ctx=0..114:114 prefill chunk 29/114 (25.4%) chunk=18.60 t/s avg=19.06 t/s 1.521s
0823 21:57:38 ds4-server: chat ctx=0..114:114 prefill chunk 30/114 (26.3%) chunk=18.50 t/s avg=19.05 t/s 1.575s
0823 21:57:38 ds4-server: chat ctx=0..114:114 prefill chunk 31/114 (27.2%) chunk=19.01 t/s avg=19.04 t/s 1.628s
0823 21:57:39 ds4-server: chat ctx=0..114:114 prefill chunk 32/114 (28.1%) chunk=18.50 t/s avg=19.03 t/s 1.682s
0823 21:57:39 ds4-server: chat ctx=0..114:114 prefill chunk 33/114 (28.9%) chunk=18.63 t/s avg=19.01 t/s 1.736s
0823 21:57:39 ds4-server: chat ctx=0..114:114 prefill chunk 34/114 (29.8%) chunk=18.87 t/s avg=19.01 t/s 1.789s
0823 21:57:39 ds4-server: chat ctx=0..114:114 prefill chunk 35/114 (30.7%) chunk=18.04 t/s avg=18.98 t/s 1.844s
0823 21:57:39 ds4-server: chat ctx=0..114:114 prefill chunk 36/114 (31.6%) chunk=18.93 t/s avg=18.98 t/s 1.897s
0823 21:57:39 ds4-server: chat ctx=0..114:114 prefill chunk 37/114 (32.5%) chunk=17.75 t/s avg=18.94 t/s 1.953s
0823 21:57:39 ds4-server: chat ctx=0..114:114 prefill chunk 38/114 (33.3%) chunk=17.52 t/s avg=18.90 t/s 2.010s
0823 21:57:39 ds4-server: chat ctx=0..114:114 prefill chunk 39/114 (34.2%) chunk=18.65 t/s avg=18.90 t/s 2.064s
0823 21:57:39 ds4-server: chat ctx=0..114:114 prefill chunk 40/114 (35.1%) chunk=18.47 t/s avg=18.89 t/s 2.118s
0823 21:57:39 ds4-server: chat ctx=0..114:114 prefill chunk 41/114 (36.0%) chunk=18.02 t/s avg=18.86 t/s 2.173s
0823 21:57:39 ds4-server: chat ctx=0..114:114 prefill chunk 42/114 (36.8%) chunk=18.96 t/s avg=18.87 t/s 2.226s
0823 21:57:39 ds4-server: chat ctx=0..114:114 prefill chunk 43/114 (37.7%) chunk=18.74 t/s avg=18.86 t/s 2.280s
0823 21:57:39 ds4-server: chat ctx=0..114:114 prefill chunk 44/114 (38.6%) chunk=19.27 t/s avg=18.87 t/s 2.331s
0823 21:57:39 ds4-server: chat ctx=0..114:114 prefill chunk 45/114 (39.5%) chunk=18.23 t/s avg=18.86 t/s 2.386s
0823 21:57:39 ds4-server: chat ctx=0..114:114 prefill chunk 46/114 (40.4%) chunk=17.94 t/s avg=18.84 t/s 2.442s
0823 21:57:39 ds4-server: chat ctx=0..114:114 prefill chunk 47/114 (41.2%) chunk=18.58 t/s avg=18.83 t/s 2.496s
0823 21:57:39 ds4-server: chat ctx=0..114:114 prefill chunk 48/114 (42.1%) chunk=19.19 t/s avg=18.84 t/s 2.548s
0823 21:57:39 ds4-server: chat ctx=0..114:114 prefill chunk 49/114 (43.0%) chunk=19.45 t/s avg=18.85 t/s 2.599s
0823 21:57:39 ds4-server: chat ctx=0..114:114 prefill chunk 50/114 (43.9%) chunk=18.44 t/s avg=18.84 t/s 2.654s
0823 21:57:40 ds4-server: chat ctx=0..114:114 prefill chunk 51/114 (44.7%) chunk=18.73 t/s avg=18.84 t/s 2.707s
0823 21:57:40 ds4-server: chat ctx=0..114:114 prefill chunk 52/114 (45.6%) chunk=18.88 t/s avg=18.84 t/s 2.760s
0823 21:57:40 ds4-server: chat ctx=0..114:114 prefill chunk 53/114 (46.5%) chunk=18.64 t/s avg=18.84 t/s 2.814s
0823 21:57:40 ds4-server: chat ctx=0..114:114 prefill chunk 54/114 (47.4%) chunk=19.66 t/s avg=18.85 t/s 2.864s
0823 21:57:40 ds4-server: chat ctx=0..114:114 prefill chunk 55/114 (48.2%) chunk=19.37 t/s avg=18.86 t/s 2.916s
0823 21:57:40 ds4-server: chat ctx=0..114:114 prefill chunk 56/114 (49.1%) chunk=20.64 t/s avg=18.89 t/s 2.965s
0823 21:57:40 ds4-server: chat ctx=0..114:114 prefill chunk 57/114 (50.0%) chunk=18.90 t/s avg=18.89 t/s 3.017s
0823 21:57:40 ds4-server: chat ctx=0..114:114 prefill chunk 58/114 (50.9%) chunk=17.90 t/s avg=18.87 t/s 3.073s
0823 21:57:40 ds4-server: chat ctx=0..114:114 prefill chunk 59/114 (51.8%) chunk=18.75 t/s avg=18.87 t/s 3.127s
0823 21:57:40 ds4-server: chat ctx=0..114:114 prefill chunk 60/114 (52.6%) chunk=18.12 t/s avg=18.86 t/s 3.182s
0823 21:57:40 ds4-server: chat ctx=0..114:114 prefill chunk 61/114 (53.5%) chunk=18.05 t/s avg=18.84 t/s 3.237s
0823 21:57:40 ds4-server: chat ctx=0..114:114 prefill chunk 62/114 (54.4%) chunk=19.15 t/s avg=18.85 t/s 3.289s
0823 21:57:40 ds4-server: chat ctx=0..114:114 prefill chunk 63/114 (55.3%) chunk=18.31 t/s avg=18.84 t/s 3.344s
0823 21:57:40 ds4-server: chat ctx=0..114:114 prefill chunk 64/114 (56.1%) chunk=18.84 t/s avg=18.84 t/s 3.397s
0823 21:57:40 ds4-server: chat ctx=0..114:114 prefill chunk 65/114 (57.0%) chunk=19.03 t/s avg=18.84 t/s 3.450s
0823 21:57:40 ds4-server: chat ctx=0..114:114 prefill chunk 66/114 (57.9%) chunk=19.15 t/s avg=18.85 t/s 3.502s
0823 21:57:40 ds4-server: chat ctx=0..114:114 prefill chunk 67/114 (58.8%) chunk=19.46 t/s avg=18.86 t/s 3.553s
0823 21:57:40 ds4-server: chat ctx=0..114:114 prefill chunk 68/114 (59.6%) chunk=18.92 t/s avg=18.86 t/s 3.606s
0823 21:57:40 ds4-server: chat ctx=0..114:114 prefill chunk 69/114 (60.5%) chunk=19.04 t/s avg=18.86 t/s 3.659s
0823 21:57:41 ds4-server: chat ctx=0..114:114 prefill chunk 70/114 (61.4%) chunk=18.60 t/s avg=18.86 t/s 3.712s
0823 21:57:41 ds4-server: chat ctx=0..114:114 prefill chunk 71/114 (62.3%) chunk=18.97 t/s avg=18.86 t/s 3.765s
0823 21:57:41 ds4-server: chat ctx=0..114:114 prefill chunk 72/114 (63.2%) chunk=18.79 t/s avg=18.86 t/s 3.818s
0823 21:57:41 ds4-server: chat ctx=0..114:114 prefill chunk 73/114 (64.0%) chunk=18.14 t/s avg=18.85 t/s 3.873s
0823 21:57:41 ds4-server: chat ctx=0..114:114 prefill chunk 74/114 (64.9%) chunk=19.13 t/s avg=18.85 t/s 3.926s
ds4: qwen35moe experts/token avg over 128 tokens: 0:14.2 1:14.8 2:14.7 3:16.2 4:16.1 5:15.6 6:15.1 7:16.4 8:17.2 9:16.5 10:15.4 11:14.7 12:15.9 13:15.9 14:16.0 15:15.9 16:15.4 17:15.6 18:15.3 19:15.0 20:16.5 21:15.9 22:15.5 23:15.1 24:15.7 25:15.2 26:15.8 27:15.8 28:15.2 29:15.5 30:14.9 31:16.0 32:15.8 33:16.2 34:16.2 35:17.4 36:17.2 37:18.1 38:18.9 39:18.3 | mean 15.9
0823 21:57:41 ds4-server: chat ctx=0..114:114 prefill chunk 75/114 (65.8%) chunk=18.21 t/s avg=18.84 t/s 3.981s
0823 21:57:41 ds4-server: chat ctx=0..114:114 prefill chunk 76/114 (66.7%) chunk=19.03 t/s avg=18.84 t/s 4.033s
0823 21:57:41 ds4-server: chat ctx=0..114:114 prefill chunk 77/114 (67.5%) chunk=18.81 t/s avg=18.84 t/s 4.086s
0823 21:57:41 ds4-server: chat ctx=0..114:114 prefill chunk 78/114 (68.4%) chunk=17.98 t/s avg=18.83 t/s 4.142s
0823 21:57:41 ds4-server: chat ctx=0..114:114 prefill chunk 79/114 (69.3%) chunk=19.03 t/s avg=18.83 t/s 4.195s
0823 21:57:41 ds4-server: chat ctx=0..114:114 prefill chunk 80/114 (70.2%) chunk=18.39 t/s avg=18.83 t/s 4.249s
0823 21:57:41 ds4-server: chat ctx=0..114:114 prefill chunk 81/114 (71.1%) chunk=17.84 t/s avg=18.82 t/s 4.305s
0823 21:57:41 ds4-server: chat ctx=0..114:114 prefill chunk 82/114 (71.9%) chunk=18.52 t/s avg=18.81 t/s 4.359s
0823 21:57:41 ds4-server: chat ctx=0..114:114 prefill chunk 83/114 (72.8%) chunk=18.29 t/s avg=18.81 t/s 4.414s
0823 21:57:41 ds4-server: chat ctx=0..114:114 prefill chunk 84/114 (73.7%) chunk=18.59 t/s avg=18.80 t/s 4.467s
0823 21:57:41 ds4-server: chat ctx=0..114:114 prefill chunk 85/114 (74.6%) chunk=18.66 t/s avg=18.80 t/s 4.521s
0823 21:57:41 ds4-server: chat ctx=0..114:114 prefill chunk 86/114 (75.4%) chunk=17.58 t/s avg=18.79 t/s 4.578s
0823 21:57:41 ds4-server: chat ctx=0..114:114 prefill chunk 87/114 (76.3%) chunk=18.94 t/s avg=18.79 t/s 4.631s
0823 21:57:42 ds4-server: chat ctx=0..114:114 prefill chunk 88/114 (77.2%) chunk=18.86 t/s avg=18.79 t/s 4.684s
0823 21:57:42 ds4-server: chat ctx=0..114:114 prefill chunk 89/114 (78.1%) chunk=18.49 t/s avg=18.79 t/s 4.738s
0823 21:57:42 ds4-server: chat ctx=0..114:114 prefill chunk 90/114 (78.9%) chunk=19.21 t/s avg=18.79 t/s 4.790s
0823 21:57:42 ds4-server: chat ctx=0..114:114 prefill chunk 91/114 (79.8%) chunk=17.96 t/s avg=18.78 t/s 4.846s
0823 21:57:42 ds4-server: chat ctx=0..114:114 prefill chunk 92/114 (80.7%) chunk=18.07 t/s avg=18.77 t/s 4.901s
0823 21:57:42 ds4-server: chat ctx=0..114:114 prefill chunk 93/114 (81.6%) chunk=18.68 t/s avg=18.77 t/s 4.954s
0823 21:57:42 ds4-server: chat ctx=0..114:114 prefill chunk 94/114 (82.5%) chunk=18.10 t/s avg=18.76 t/s 5.010s
0823 21:57:42 ds4-server: chat ctx=0..114:114 prefill chunk 95/114 (83.3%) chunk=19.54 t/s avg=18.77 t/s 5.061s
0823 21:57:42 ds4-server: chat ctx=0..114:114 prefill chunk 96/114 (84.2%) chunk=18.31 t/s avg=18.77 t/s 5.115s
0823 21:57:42 ds4-server: chat ctx=0..114:114 prefill chunk 97/114 (85.1%) chunk=18.71 t/s avg=18.77 t/s 5.169s
0823 21:57:42 ds4-server: chat ctx=0..114:114 prefill chunk 98/114 (86.0%) chunk=18.17 t/s avg=18.76 t/s 5.224s
0823 21:57:42 ds4-server: chat ctx=0..114:114 prefill chunk 99/114 (86.8%) chunk=17.96 t/s avg=18.75 t/s 5.280s
0823 21:57:42 ds4-server: chat ctx=0..114:114 prefill chunk 100/114 (87.7%) chunk=18.19 t/s avg=18.75 t/s 5.335s
0823 21:57:42 ds4-server: chat ctx=0..114:114 prefill chunk 101/114 (88.6%) chunk=18.33 t/s avg=18.74 t/s 5.389s
0823 21:57:42 ds4-server: chat ctx=0..114:114 prefill chunk 102/114 (89.5%) chunk=18.44 t/s avg=18.74 t/s 5.443s
0823 21:57:42 ds4-server: chat ctx=0..114:114 prefill chunk 103/114 (90.4%) chunk=18.89 t/s avg=18.74 t/s 5.496s
0823 21:57:42 ds4-server: chat ctx=0..114:114 prefill chunk 104/114 (91.2%) chunk=18.40 t/s avg=18.74 t/s 5.551s
0823 21:57:42 ds4-server: chat ctx=0..114:114 prefill chunk 105/114 (92.1%) chunk=18.21 t/s avg=18.73 t/s 5.606s
0823 21:57:42 ds4-server: chat ctx=0..114:114 prefill chunk 106/114 (93.0%) chunk=18.74 t/s avg=18.73 t/s 5.659s
0823 21:57:43 ds4-server: chat ctx=0..114:114 prefill chunk 107/114 (93.9%) chunk=18.00 t/s avg=18.72 t/s 5.714s
0823 21:57:43 ds4-server: chat ctx=0..114:114 prefill chunk 108/114 (94.7%) chunk=19.24 t/s avg=18.73 t/s 5.766s
0823 21:57:43 ds4-server: chat ctx=0..114:114 prefill chunk 109/114 (95.6%) chunk=18.02 t/s avg=18.72 t/s 5.822s
0823 21:57:43 ds4-server: chat ctx=0..114:114 prefill chunk 110/114 (96.5%) chunk=18.11 t/s avg=18.72 t/s 5.877s
0823 21:57:43 ds4-server: chat ctx=0..114:114 prefill chunk 111/114 (97.4%) chunk=19.88 t/s avg=18.73 t/s 5.927s
0823 21:57:43 ds4-server: chat ctx=0..114:114 prefill chunk 112/114 (98.2%) chunk=18.11 t/s avg=18.72 t/s 5.983s
0823 21:57:43 ds4-server: chat ctx=0..114:114 prefill chunk 113/114 (99.1%) chunk=19.46 t/s avg=18.73 t/s 6.034s
0823 21:57:43 ds4-server: chat ctx=0..114:114 prefill chunk 114/114 (100.0%) chunk=19.63 t/s avg=18.73 t/s 6.085s
0823 21:57:43 ds4-server: chat ctx=0..114:114 prompt done 6.085s
0823 21:57:46 ds4-server: chat ctx=114..164:50 gen=50 THINKING decoding chunk=18.36 t/s avg=18.36 t/s 2.723s
ds4: qwen35moe experts/token avg over 128 tokens: 0:14.7 1:14.5 2:14.8 3:16.7 4:15.3 5:16.1 6:15.2 7:15.4 8:17.1 9:16.2 10:14.9 11:14.1 12:15.5 13:15.2 14:14.5 15:14.6 16:15.1 17:15.1 18:15.0 19:15.5 20:16.7 21:15.9 22:15.2 23:15.7 24:16.1 25:15.1 26:16.1 27:16.2 28:16.4 29:16.2 30:16.4 31:17.2 32:16.3 33:17.2 34:17.1 35:18.5 36:18.8 37:19.2 38:19.4 39:18.8 | mean 16.1
0823 21:57:48 ds4-server: chat ctx=164..214:50 gen=100 THINKING decoding chunk=18.01 t/s avg=18.18 t/s 5.500s
0823 21:57:51 ds4-server: chat ctx=214..264:50 gen=150 THINKING decoding chunk=18.10 t/s avg=18.15 t/s 8.262s
0823 21:57:54 ds4-server: chat ctx=264..314:50 gen=200 THINKING decoding chunk=17.89 t/s avg=18.09 t/s 11.057s
ds4: qwen35moe experts/token avg over 128 tokens: 0:14.9 1:15.4 2:15.7 3:16.7 4:16.9 5:16.7 6:15.4 7:16.8 8:17.9 9:17.1 10:16.0 11:15.0 12:16.5 13:15.5 14:15.7 15:15.5 16:16.0 17:16.0 18:15.5 19:16.2 20:17.1 21:16.4 22:15.1 23:15.4 24:15.8 25:14.3 26:16.1 27:15.4 28:15.7 29:15.8 30:15.0 31:16.6 32:15.2 33:14.8 34:14.4 35:17.3 36:16.8 37:17.4 38:18.1 39:17.7 | mean 16.0
0823 21:57:57 ds4-server: chat ctx=314..364:50 gen=250 THINKING decoding chunk=17.98 t/s avg=18.07 t/s 13.838s
0823 21:58:00 ds4-server: chat ctx=364..414:50 gen=300 THINKING decoding chunk=17.80 t/s avg=18.02 t/s 16.648s
ds4: qwen35moe experts/token avg over 128 tokens: 0:15.4 1:15.5 2:15.2 3:16.8 4:15.9 5:16.4 6:15.1 7:17.1 8:17.3 9:16.4 10:15.4 11:15.3 12:15.6 13:16.3 14:15.3 15:15.2 16:16.0 17:15.4 18:15.3 19:15.6 20:16.2 21:15.7 22:14.7 23:14.8 24:15.7 25:15.1 26:15.7 27:15.3 28:15.6 29:15.5 30:14.9 31:16.2 32:14.7 33:15.0 34:14.4 35:17.4 36:16.4 37:17.1 38:17.9 39:16.9 | mean 15.8
0823 21:58:02 ds4-server: chat ctx=414..464:50 gen=350 THINKING decoding chunk=17.66 t/s avg=17.97 t/s 19.479s
0823 21:58:05 ds4-server: chat ctx=464..514:50 gen=400 THINKING decoding chunk=17.28 t/s avg=17.88 t/s 22.372s
0823 21:58:08 ds4-server: chat ctx=514..564:50 gen=450 THINKING decoding chunk=17.20 t/s avg=17.80 t/s 25.280s
ds4: qwen35moe experts/token avg over 128 tokens: 0:15.1 1:15.9 2:16.3 3:16.9 4:17.1 5:17.0 6:16.5 7:17.7 8:18.6 9:17.9 10:16.2 11:15.8 12:16.9 13:16.6 14:16.5 15:16.5 16:16.4 17:16.9 18:16.3 19:16.5 20:17.8 21:16.8 22:16.0 23:15.3 24:16.0 25:15.7 26:16.5 27:16.0 28:16.2 29:16.3 30:16.6 31:17.4 32:16.7 33:15.9 34:15.5 35:17.3 36:17.7 37:18.0 38:18.8 39:17.8 | mean 16.7
0823 21:58:11 ds4-server: chat ctx=564..614:50 gen=500 THINKING decoding chunk=17.36 t/s avg=17.76 t/s 28.160s
0823 21:58:14 ds4-server: chat ctx=614..664:50 gen=550 THINKING decoding chunk=17.79 t/s avg=17.76 t/s 30.970s
0823 21:58:17 ds4-server: chat ctx=664..714:50 gen=600 THINKING decoding chunk=17.35 t/s avg=17.72 t/s 33.851s
ds4: qwen35moe experts/token avg over 128 tokens: 0:15.3 1:15.1 2:15.1 3:15.6 4:15.9 5:15.8 6:15.4 7:16.9 8:17.5 9:16.6 10:14.9 11:14.9 12:15.9 13:15.5 14:15.5 15:15.5 16:15.8 17:15.0 18:15.1 19:15.6 20:16.0 21:15.9 22:15.2 23:14.6 24:15.2 25:15.0 26:15.4 27:15.1 28:15.2 29:15.2 30:14.9 31:15.9 32:14.7 33:14.9 34:14.8 35:16.9 36:15.9 37:16.9 38:17.6 39:16.4 | mean 15.6
0823 21:58:20 ds4-server: chat ctx=714..764:50 gen=650 THINKING decoding chunk=17.09 t/s avg=17.67 t/s 36.777s
0823 21:58:23 ds4-server: chat ctx=764..814:50 gen=700 THINKING decoding chunk=16.54 t/s avg=17.59 t/s 39.801s
ds4: qwen35moe experts/token avg over 128 tokens: 0:14.4 1:15.7 2:15.0 3:17.3 4:17.1 5:17.1 6:16.5 7:17.6 8:18.1 9:17.4 10:15.6 11:15.5 12:16.8 13:16.6 14:16.8 15:17.1 16:16.6 17:16.5 18:16.3 19:16.5 20:17.5 21:17.0 22:16.7 23:16.0 24:16.8 25:16.1 26:17.1 27:16.8 28:16.6 29:16.9 30:16.2 31:17.5 32:16.5 33:16.6 34:16.3 35:18.1 36:17.6 37:18.1 38:18.9 39:18.0 | mean 16.8
0823 21:58:26 ds4-server: chat ctx=814..864:50 gen=750 THINKING decoding chunk=16.87 t/s avg=17.54 t/s 42.764s
0823 21:58:29 ds4-server: chat ctx=864..914:50 gen=800 THINKING decoding chunk=16.84 t/s avg=17.49 t/s 45.733s
0823 21:58:32 ds4-server: chat ctx=914..964:50 gen=850 THINKING decoding chunk=16.92 t/s avg=17.46 t/s 48.688s
ds4: qwen35moe experts/token avg over 128 tokens: 0:15.0 1:15.6 2:15.9 3:17.2 4:16.9 5:16.3 6:15.7 7:17.1 8:18.0 9:17.2 10:15.8 11:15.1 12:16.6 13:15.7 14:15.4 15:16.1 16:15.5 17:15.9 18:15.2 19:15.3 20:16.9 21:15.8 22:14.8 23:15.3 24:16.0 25:15.0 26:15.4 27:15.5 28:14.8 29:15.4 30:14.6 31:15.7 32:14.2 33:14.5 34:13.9 35:16.3 36:16.6 37:16.7 38:18.0 39:16.7 | mean 15.8
0823 21:58:35 ds4-server: chat ctx=964..1014:50 gen=900 THINKING decoding chunk=16.93 t/s avg=17.43 t/s 51.642s
0823 21:58:38 ds4-server: chat ctx=1014..1064:50 gen=950 THINKING decoding chunk=16.48 t/s avg=17.38 t/s 54.675s
ds4: qwen35moe experts/token avg over 128 tokens: 0:14.9 1:15.3 2:15.7 3:16.9 4:16.8 5:17.2 6:15.8 7:17.3 8:18.0 9:17.0 10:15.9 11:15.6 12:16.7 13:15.6 14:16.4 15:15.6 16:16.3 17:16.2 18:15.2 19:16.2 20:17.5 21:16.4 22:15.3 23:15.5 24:15.8 25:15.3 26:16.8 27:16.3 28:15.6 29:16.4 30:15.7 31:16.5 32:15.7 33:15.6 34:15.1 35:16.8 36:16.8 37:17.1 38:18.5 39:17.9 | mean 16.3
0823 21:58:41 ds4-server: chat ctx=1064..1114:50 gen=1000 THINKING decoding chunk=16.27 t/s avg=17.32 t/s 57.748s
0823 21:58:44 ds4-server: chat ctx=1114..1164:50 gen=1050 THINKING decoding chunk=16.41 t/s avg=17.27 t/s 60.795s
0823 21:58:47 ds4-server: chat ctx=1164..1214:50 gen=1100 THINKING decoding chunk=16.30 t/s avg=17.22 t/s 63.863s
ds4: qwen35moe experts/token avg over 128 tokens: 0:14.8 1:16.0 2:15.6 3:17.3 4:16.7 5:16.7 6:16.0 7:17.4 8:17.8 9:17.1 10:15.9 11:15.8 12:17.0 13:16.7 14:16.4 15:16.4 16:16.5 17:16.4 18:15.7 19:16.2 20:17.0 21:16.6 22:15.8 23:15.4 24:16.2 25:15.9 26:16.5 27:15.8 28:16.1 29:15.7 30:15.4 31:16.2 32:15.4 33:14.9 34:14.8 35:17.3 36:17.4 37:16.9 38:18.3 39:17.5 | mean 16.3
0823 21:58:50 ds4-server: chat ctx=1214..1264:50 gen=1150 THINKING decoding chunk=16.23 t/s avg=17.18 t/s 66.944s
0823 21:58:53 ds4-server: chat ctx=1264..1314:50 gen=1200 THINKING decoding chunk=16.34 t/s avg=17.14 t/s 70.003s
ds4: qwen35moe experts/token avg over 128 tokens: 0:14.9 1:15.9 2:15.8 3:17.2 4:16.5 5:17.2 6:15.8 7:17.2 8:18.1 9:17.5 10:15.9 11:15.5 12:17.0 13:15.4 14:16.6 15:15.9 16:16.3 17:16.4 18:15.4 19:16.3 20:17.4 21:16.5 22:15.5 23:15.1 24:15.7 25:15.0 26:16.1 27:15.9 28:15.5 29:15.7 30:15.4 31:16.6 32:15.3 33:15.2 34:14.8 35:16.6 36:17.2 37:17.1 38:18.5 39:17.5 | mean 16.2
0823 21:58:56 ds4-server: chat ctx=1314..1364:50 gen=1250 THINKING decoding chunk=16.01 t/s avg=17.09 t/s 73.126s
0823 21:58:59 ds4-server: chat ctx=1364..1414:50 gen=1300 THINKING decoding chunk=15.90 t/s avg=17.04 t/s 76.270s
0823 21:59:02 ds4-server: chat ctx=1414..1464:50 gen=1350 decoding chunk=15.99 t/s avg=17.00 t/s 79.398s
ds4: qwen35moe experts/token avg over 128 tokens: 0:15.4 1:15.9 2:16.0 3:17.7 4:17.1 5:17.5 6:16.6 7:17.6 8:18.4 9:17.5 10:16.5 11:16.0 12:17.4 13:16.8 14:16.9 15:16.4 16:16.5 17:16.6 18:15.8 19:16.3 20:17.8 21:16.4 22:16.3 23:15.9 24:16.9 25:16.1 26:16.8 27:16.3 28:15.8 29:15.6 30:15.7 31:16.7 32:15.3 33:15.6 34:14.5 35:16.9 36:17.0 37:16.9 38:18.2 39:17.6 | mean 16.6
0823 21:59:06 ds4-server: chat ctx=1464..1514:50 gen=1400 decoding chunk=15.71 t/s avg=16.95 t/s 82.581s
0823 21:59:09 ds4-server: chat ctx=1514..1564:50 gen=1450 decoding chunk=15.51 t/s avg=16.90 t/s 85.804s
ds4: qwen35moe experts/token avg over 128 tokens: 0:15.9 1:16.2 2:16.6 3:18.1 4:18.3 5:18.2 6:17.2 7:18.0 8:18.9 9:18.2 10:17.5 11:16.6 12:17.9 13:17.2 14:17.4 15:17.1 16:17.1 17:17.6 18:16.6 19:16.9 20:18.4 21:17.3 22:16.6 23:16.3 24:17.2 25:16.7 26:17.3 27:16.7 28:16.1 29:16.8 30:16.8 31:17.4 32:16.0 33:15.4 34:15.6 35:17.6 36:17.7 37:17.4 38:18.7 39:17.8 | mean 17.2
0823 21:59:12 ds4-server: chat ctx=1564..1614:50 gen=1500 decoding chunk=15.43 t/s avg=16.85 t/s 89.045s
0823 21:59:13 ds4-server: chat ctx=1614..1631:17 gen=1517 decoding chunk=15.63 t/s avg=16.83 t/s 90.132s
0823 21:59:13 ds4-server: thinking live checkpoint remembered ctx=0..114:114 live=1631 visible=1585
0823 21:59:13 ds4-server: chat ctx=0..114:114 gen=1517 finish=stop 96.217s
